AppTimestamp(s),SensorTimestamp(s),PitchX,RollY,YawZ,Quat_x,Quat_y,Quat_z
0.0435,6516.2181,40.230042,8.395441,127.074341,0.091307,0.33767599,0.849581
0.0458,6516.2381,40.551476,7.909926,126.627342,0.097455,0.337944,0.84685302
0.0463,6516.2581,40.405621,7.328452,126.372803,0.101934,0.334638,0.84581298
0.0532,6516.2782,40.097343,6.530366,126.578758,0.106045,0.32978901,0.84657001
0.0862,6516.2982,40.434483,5.993161,127.055382,0.109925,0.330791,0.84690303
0.139,6516.3182,41.177254,5.586023,127.736519,0.113745,0.33542699,0.84698999
0.1428,6516.3382,41.714596,4.823617,128.415527,0.119373,0.33739901,0.84714901
0.1459,6516.3583,41.827358,3.772358,128.438126,0.12748399,0.334629,0.84579402
0.1535,6516.3783,41.637012,2.732369,128.274063,0.134939,0.32944199,0.84454697
0.1754,6516.3983,41.292503,2.24989,128.066986,0.13783599,0.32498601,0.84417701
0.1926,6516.4184,41.023533,2.332832,127.947891,0.136584,0.32316801,0.84457898
0.2338,6516.4384,41.023533,2.770953,127.92099,0.13343,0.32468101,0.84500003
0.2359,6516.4584,41.096809,3.114527,127.940689,0.131108,0.32644701,0.84527099
0.2494,6516.4784,41.128872,3.247937,127.81501,0.13060001,0.32700601,0.84489697
0.2716,6516.4985,41.144146,2.806402,127.539085,0.134694,0.32523999,0.84337199
0.2964,6516.5185,41.118942,1.831174,127.265396,0.142542,0.32124999,0.84128398
0.3132,6516.5385,41.134735,0.882298,127.062775,0.150123,0.31768799,0.83929998
0.3316,6516.5586,41.283649,0.722493,126.925186,0.15222,0.318014,0.83818501
0.3551,6516.5786,41.712582,1.140265,126.944672,0.150684,0.32268,0.83763403
0.3748,6516.5986,42.348431,1.994432,127.104874,0.146318,0.33058199,0.83756697
0.3907,6516.6186,42.857922,2.991655,127.248611,0.14048199,0.33799899,0.83792001
0.4154,6516.6387,42.997276,3.773309,127.209312,0.135396,0.34171301,0.83833897
0.4317,6516.6587,42.99662,4.149424,127.056656,0.13309801,0.34285101,0.83824497
0.4522,6516.6787,43.20261,4.345911,126.894096,0.132917,0.34483701,0.83733898
0.4741,6516.6987,43.72789,4.80763,126.799034,0.131798,0.350122,0.83609802
0.4933,6516.7187,44.403957,5.793831,126.90554,0.12681,0.35851401,0.83571702
0.5129,6516.7387,45.009293,7.121413,127.402618,0.117816,0.36790001,0.83715999
0.5408,6516.7586,45.511829,8.585874,128.144302,0.106571,0.37707901,0.839674
0.5659,6516.7786,46.016918,9.896679,128.997299,0.095993,0.38565499,0.84219098
0.5764,6516.7986,46.484993,10.878085,129.763107,0.087902,0.392667,0.844082
0.5928,6516.8186,46.902588,11.502714,130.699326,0.081593,0.39822599,0.846232
0.6178,6516.8386,47.359737,11.619925,132.129257,0.077371,0.402814,0.84924197
0.6325,6516.8586,47.928562,11.58483,134.000885,0.072995,0.40800601,0.85288
0.6527,6516.8786,48.17886,12.513845,135.892944,0.060125,0.413403,0.857777
0.6768,6516.8986,47.620953,14.153214,137.791443,0.039105,0.41434899,0.86492699
0.6905,6516.9186,46.354012,15.478557,140.058655,0.016843,0.40881899,0.87424499
0.7151,6516.9386,44.618492,15.802999,142.913284,-0.001001,0.396927,0.88538599
0.7396,6516.9586,42.743092,14.839416,146.284378,-0.010295,0.38070899,0.897403
0.7669,6516.9787,41.140324,13.03596,149.693939,-0.011333,0.36472699,0.90827399
0.7874,6516.9987,39.990955,11.020571,152.628555,-0.007145,0.352052,0.91658801
0.8007,6517.0187,39.387871,9.292402,155.122986,-0.002127,0.34443101,0.92226499
0.8139,6517.0387,39.226597,8.03403,157.688965,4.2e-05,0.341286,0.92646003
0.8352,6517.0588,38.835674,6.618059,160.299057,0.003145,0.336321,0.93094802
0.8534,6517.0788,37.670521,4.553656,162.736618,0.011241,0.32458299,0.93691599
0.8795,6517.0988,35.495781,2.671242,164.994278,0.017783,0.30503601,0.944924
0.896,6517.1189,32.269947,1.116663,166.997604,0.022163,0.277161,0.95469302
0.9225,6517.1389,28.963972,-0.250623,168.35408,0.027478,0.24857,0.96317202
0.9386,6517.1589,26.378084,-1.435767,169.225845,0.033564,0.22599401,0.96897697
0.9612,6517.1789,24.809799,-2.409375,169.748154,0.03964,0.21207801,0.97212899
0.979,6517.199,23.771679,-3.076653,169.587631,0.044844,0.202655,0.97367001
0.9959,6517.219,22.816431,-3.829978,168.736649,0.051998,0.193519,0.97431701
1.0195,6517.239,22.320158,-5.070137,167.428604,0.064304,0.18744799,0.97329998
1.0567,6517.2591,22.433018,-6.772542,165.555496,0.081891,0.185353,0.96997201
1.0718,6517.2791,22.87422,-8.1213,163.192062,0.097569,0.185527,0.96513098
1.0889,6517.2991,23.723057,-8.886628,160.532761,0.109374,0.189161,0.95896697
1.0954,6517.3192,25.172039,-9.092602,157.691483,0.11792,0.19815101,0.95117903
1.1124,6517.3392,26.870045,-9.21302,154.490128,0.12731799,0.20863099,0.94144797
1.1367,6517.3593,28.409685,-8.972183,150.823029,0.13499901,0.21765199,0.93046099
1.1566,6517.3794,29.93305,-8.427573,146.718552,0.14176901,0.22644199,0.91768003
1.173,6517.3994,31.640442,-7.508306,142.39711,0.14730801,0.23721699,0.90307599
1.1947,6517.4195,32.985966,-6.353465,138.050491,0.15108199,0.24565899,0.88831103
1.2211,6517.4395,33.738964,-5.519416,133.645233,0.15643799,0.248328,0.87321198
1.2347,6517.4596,33.934025,-5.321979,129.463135,0.164589,0.24466,0.858239
1.2586,6517.4797,33.641899,-4.820345,125.435356,0.168304,0.23851199,0.844401
1.2756,6517.4997,33.015324,-3.181732,121.542503,0.16192199,0.234873,0.83253199
1.3085,6517.5198,32.426861,-1.021411,117.983704,0.151171,0.234896,0.82169098
1.3249,6517.5399,32.517586,1.262418,114.841339,0.141837,0.241602,0.81055802
1.3348,6517.5599,33.374908,4.595262,111.697884,0.12929,0.259002,0.79853302
1.3545,6517.5799,34.55645,9.335941,108.057549,0.110989,0.28522301,0.78442502
1.3768,6517.5999,35.982891,14.40104,103.547455,0.095964,0.31449601,0.76522398
1.399,6517.62,37.696217,18.827772,98.617332,0.090423,0.34257999,0.74236298
1.4208,6517.64,37.367123,19.847454,92.739616,0.099563,0.341043,0.71349901
1.442,6517.66,35.011513,19.101551,86.249352,0.108333,0.31826699,0.67931998
1.4622,6517.6801,31.653395,18.383461,80.320114,0.106641,0.29108301,0.64580399
1.4847,6517.7001,29.41758,17.675112,76.091476,0.106002,0.27164701,0.61973703
1.5063,6517.7201,27.832083,19.178642,74.447701,0.091014,0.27220801,0.61087298
1.5245,6517.7401,24.98946,21.293985,75.347755,0.05805,0.27272201,0.61805701
1.5421,6517.7602,21.803911,23.46603,76.877769,0.020906,0.27152601,0.62782902
1.5622,6517.7802,19.000431,24.960276,78.946915,-0.0111,0.26697201,0.63971901
1.5718,6517.8002,16.841564,25.784779,81.451324,-0.035821,0.26040301,0.65389597
1.5975,6517.8202,15.23447,25.71595,83.895073,-0.051325,0.25043601,0.66787702
1.6208,6517.8403,13.784192,25.239401,85.84024,-0.061951,0.23858,0.67892402
1.6375,6517.8603,12.686177,25.04298,87.09874,-0.07029,0.23048399,0.685835
1.6569,6517.8803,12.487701,25.065262,88.208023,-0.073888,0.22878499,0.69229698
1.6769,6517.9004,13.52159,25.084042,89.060638,-0.069309,0.234318,0.69801599
1.6936,6517.9204,15.393225,25.058767,89.85125,-0.059255,0.244541,0.703731
1.7227,6517.9404,17.785929,24.835421,91.289093,-0.046361,0.256475,0.713135
1.7367,6517.9604,20.442675,24.644972,93.153,-0.033374,0.270282,0.72433102
1.7534,6517.9803,23.352343,24.763615,94.818756,-0.020819,0.28763899,0.73357201
1.7735,6518.0003,26.402323,24.966997,96.3218,-0.008056,0.30649501,0.74111301
1.7958,6518.0203,29.535742,24.737623,98.483589,0.005662,0.32382801,0.75109601
1.8147,6518.0403,32.475166,23.520586,101.870178,0.02058,0.33587199,0.76572901
1.8378,6518.0603,34.510628,21.793692,105.913857,0.031374,0.341252,0.78229499
1.8553,6518.0803,36.094589,19.776249,110.25013,0.040557,0.34374601,0.79887098
1.8732,6518.1003,37.608021,18.498566,114.631516,0.043739,0.34992999,0.81435502
1.8952,6518.1203,39.08604,17.912872,118.777946,0.041991,0.35909599,0.82769197
1.9287,6518.1403,40.440338,17.364649,123.150681,0.038059,0.36790499,0.84062302
1.9408,6518.1603,41.69062,16.052256,128.208633,0.036504,0.37396801,0.85417098
1.9543,6518.1803,42.922264,13.536984,134.288666,0.040043,0.37739801,0.86836702
1.9764,6518.2003,43.880379,9.878903,141.298889,0.047989,0.37768599,0.88258398
1.9948,6518.2203,44.225826,5.437419,148.923584,0.058388,0.37403899,0.89636201
2.0287,6518.2403,44.4487,1.033192,156.733337,0.068092,0.37213299,0.90734398
2.0497,6518.2603,43.762962,-3.1631,164.260727,0.076379,0.365531,0.917458
2.1059,6518.2803,42.191525,-7.046983,170.849426,0.085813,0.35352901,0.92648399
2.1143,6518.3003,40.283218,-10.431098,176.216583,0.096617,0.339912,0.93341398
2.1188,6518.3203,37.936977,-13.816866,-179.153305,0.111364,0.32352,0.93909401
2.1317,6518.3403,35.28904,-17.000191,-175.43335,0.128802,0.30515501,0.943524
2.1364,6518.3604,32.621651,-19.680124,-172.816162,-0.14636201,-0.28644899,-0.94678098
2.1601,6518.3804,30.210596,-22.568087,-170.928848,-0.16811199,-0.26969501,-0.94785202
2.1735,6518.4004,28.502754,-24.980919,-169.50647,-0.186764,-0.25851199,-0.94718897
2.1935,6518.4204,26.991404,-26.404778,-168.717331,-0.19867501,-0.247935,-0.94734102
2.2184,6518.4405,25.578901,-27.241184,-168.783142,-0.207524,-0.23655701,-0.94832098
2.2346,6518.4605,24.150391,-28.323298,-169.405075,-0.219496,-0.22406,-0.94883102
2.2556,6518.4805,22.896652,-29.866699,-170.366135,-0.235572,-0.212312,-0.94795197
2.278,6518.5006,21.817171,-31.370806,-171.770691,-0.25171301,-0.200774,-0.94659698
2.2936,6518.5206,20.807831,-32.595657,-173.676743,-0.26603699,-0.188289,-0.94539303
2.3547,6518.5406,20.193266,-33.583767,-175.980164,0.27836099,0.177706,0.94373
2.3556,6518.5606,20.490519,-34.543213,-178.565552,0.29001901,0.17348599,0.94026899
2.3562,6518.5807,21.51379,-35.421185,178.626648,0.300973,0.174202,0.93511802
2.3721,6518.6007,22.70719,-35.655674,175.541275,0.30723,0.17559201,0.93029898
2.3945,6518.6207,23.977854,-35.429188,172.331329,0.31020501,0.177527,0.92549199
2.4138,6518.6408,25.786102,-35.170509,169.009781,0.31352299,0.183525,0.91850799
2.4346,6518.6608,28.267403,-35.102787,165.554245,0.31938401,0.194203,0.90798903
2.4554,6518.6808,31.476067,-35.1287,161.803741,0.32769999,0.209411,0.89314902
2.476,6518.7008,35.539463,-34.957726,157.552612,0.33721399,0.229862,0.87310702
2.4963,6518.7209,39.868027,-33.935719,152.683212,0.34359401,0.252092,0.85023898
2.5187,6518.7409,44.049614,-32.045967,147.215332,0.34719899,0.27357599,0.82557702
2.5339,6518.7609,48.045082,-29.362936,141.058701,0.34951901,0.29412201,0.79864198
2.562,6518.781,51.320076,-25.319323,133.840332,0.347361,0.31124601,0.771869
2.5776,6518.801,53.418385,-20.17598,125.548637,0.341584,0.321904,0.74603301
2.5926,6518.821,53.744675,-12.999189,115.65712,0.32459399,0.326381,0.72295803
2.6129,6518.841,52.230671,-4.308732,105.476372,0.29318601,0.32964501,0.70410198
2.6367,6518.8611,49.875801,3.673122,96.428711,0.25914201,0.33359301,0.68478
2.6528,6518.8811,47.795513,9.493728,89.219711,0.234274,0.337383,0.66373301
2.6727,6518.9011,45.110332,13.576731,83.655106,0.21101899,0.33535001,0.64534801
2.6963,6518.9211,41.71347,17.737663,79.636963,0.17793401,0.33592001,0.633403
2.723,6518.9411,38.856976,20.90974,77.306816,0.148563,0.337955,0.62639898
2.7523,6518.9611,36.812317,22.855219,76.355011,0.127092,0.33907899,0.62403101
2.7575,6518.9811,34.947681,24.148615,76.212944,0.107912,0.33820599,0.62504798
2.7731,6519.0011,32.717422,25.274319,76.750107,0.085135,0.33518401,0.62955099
2.7956,6519.0211,30.224943,26.306683,77.580055,0.060254,0.33028001,0.63517803
2.8211,6519.0411,27.663839,27.683954,78.490181,0.032807,0.326765,0.64074999
2.8345,6519.0611,25.063185,29.437029,79.93248,0.001529,0.32488599,0.648709
2.8555,6519.0811,22.70075,31.028576,82.297218,-0.029765,0.322258,0.66127801
2.8782,6519.1011,21.141125,32.131294,85.201241,-0.054382,0.31957,0.67677897
2.9074,6519.1211,20.773855,32.601322,87.998314,-0.067296,0.318804,0.69220102
2.9161,6519.1411,21.478863,32.401688,90.575348,-0.068907,0.320021,0.70705301
2.9354,6519.1611,22.89818,32.635155,92.828239,-0.068123,0.32784,0.71978199
2.9546,6519.1811,24.5312,33.610596,94.694397,-0.069992,0.34099701,0.729608
2.9786,6519.201,26.375963,35.157734,96.101273,-0.07331,0.35832399,0.73636699
3.0007,6519.221,28.464741,36.946659,97.051575,-0.075689,0.37812799,0.74042702
3.0252,6519.241,30.658396,38.708748,97.628334,-0.076292,0.398182,0.74247903
3.0447,6519.261,32.758331,40.183758,98.069031,-0.075247,0.416053,0.74388099
3.0661,6519.281,34.767937,41.512901,98.615158,-0.074281,0.432345,0.74566001
3.0845,6519.301,36.935398,42.561016,99.4786,-0.071938,0.44772199,0.74875897
3.0944,6519.321,39.378456,43.118992,100.9189,-0.06733,0.46190599,0.75410497
3.1203,6519.341,42.208183,43.006775,102.875259,-0.058569,0.47512099,0.76098299
3.1405,6519.361,45.308994,41.855991,105.370499,-0.044079,0.48594901,0.76893598
3.1583,6519.381,48.342117,39.880348,108.421227,-0.027287,0.49418899,0.77735102
3.1754,6519.401,51.085926,37.643875,111.976677,-0.013004,0.50113702,0.78572702
3.1937,6519.421,53.627552,35.20377,116.408638,-0.002837,0.507649,0.79490399
3.2139,6519.441,55.913498,31.987577,122.002159,0.005609,0.51214802,0.80527699
3.2369,6519.461,57.625645,27.517099,128.974136,0.013559,0.51222998,0.81743801
3.2573,6519.481,58.606365,22.093288,137.016541,0.020516,0.50818002,0.83073199
3.2776,6519.501,59.721581,16.155746,145.713913,0.028853,0.50697398,0.84110701
3.2971,6519.521,60.189377,10.642391,154.324539,0.032701,0.50461799,0.85026699
3.3194,6519.541,59.669243,5.645194,162.69809,0.032509,0.49766701,0.86023998
3.3404,6519.561,58.36639,0.854698,170.780029,0.032698,0.48653701,0.870507
3.3577,6519.581,56.457623,-3.779827,178.151398,0.036679,0.47220701,0.88021898
3.3756,6519.6009,54.227165,-7.916054,-175.388229,-0.043097,-0.45677301,-0.88852799
3.393,6519.6209,51.327045,-12.291271,-168.975555,-0.054687,-0.437875,-0.89648098
3.4347,6519.6409,47.991821,-16.06015,-163.482651,-0.068454,-0.41683999,-0.903395
3.4394,6519.6609,44.863518,-18.297626,-159.814621,-0.078676,-0.39665401,-0.90908599
3.457,6519.6809,42.085361,-19.974903,-157.470764,-0.089672,-0.378429,-0.91362602
3.4864,6519.7009,39.76194,-21.71722,-156.291656,-0.104774,-0.36324799,-0.917027
3.4954,6519.7209,37.749218,-23.340361,-156.026901,-0.121432,-0.34965399,-0.92005301
3.5135,6519.7409,35.847328,-24.553968,-156.034576,-0.13547701,-0.336164,-0.92303598
3.5368,6519.7609,34.009064,-25.694202,-155.954605,-0.14857399,-0.323163,-0.92543602
3.5525,6519.7809,32.562702,-27.473797,-156.038315,-0.16644301,-0.31371999,-0.92594802
3.5736,6519.8009,31.974152,-29.971535,-156.628586,-0.189539,-0.31088701,-0.92380601
3.5957,6519.8209,32.247463,-32.210911,-157.858292,-0.210301,-0.313021,-0.92057699
3.6227,6519.8409,32.832253,-33.997288,-159.403122,-0.227597,-0.31604499,-0.917319
3.642,6519.8609,33.522583,-34.956364,-161.352814,-0.23921899,-0.318028,-0.91527402
3.6605,6519.8809,34.393452,-35.2887,-163.703064,-0.2467,-0.319942,-0.91386497
3.6771,6519.9009,35.610786,-35.412685,-166.285675,-0.25272,-0.323789,-0.91161197
3.6959,6519.9209,37.2388,-35.723255,-168.889008,0.25988099,0.330603,0.90722603
3.7166,6519.9409,39.267113,-36.398342,-171.44162,0.269526,0.34025499,0.90008098
3.7386,6519.9609,41.749496,-37.327663,-174.085388,0.28119501,0.35256499,0.889929
3.7544,6519.9809,44.422958,-38.017262,-176.972,0.29199299,0.365255,0.87825698
3.7748,6520.0009,47.048,-37.84277,179.482361,0.29902399,0.376219,0.866754
3.7943,6520.0208,49.73069,-36.534748,175.000885,0.30153799,0.38651401,0.85500503
3.8193,6520.0408,52.380733,-34.04298,169.566345,0.299961,0.39638999,0.842722
3.8417,6520.0608,54.768822,-30.316328,163.163666,0.29467499,0.405182,0.83020401
3.8609,6520.0808,56.656662,-25.35466,155.602661,0.28663999,0.41168401,0.81738698
3.8725,6520.1008,57.765366,-19.290632,147.032867,0.275792,0.41499299,0.80479097
3.895,6520.1208,57.874794,-12.542017,137.938507,0.26182699,0.41461599,0.79299802
3.9124,6520.1408,57.213238,-5.363522,128.579208,0.24449401,0.4131,0.78042603
3.9418,6520.1608,56.256088,2.069632,119.300018,0.224428,0.41481701,0.76521403
3.9572,6520.1808,54.861061,8.373181,111.249992,0.205924,0.41579199,0.74959803
3.9785,6520.2008,53.422974,12.5382,105.214516,0.193838,0.414224,0.735268
3.9966,6520.2208,51.678925,15.493798,100.585922,0.18257301,0.40975699,0.72361797
4.0212,6520.2408,49.264587,18.112116,96.86808,0.16603801,0.40288401,0.71515697
4.0411,6520.2608,46.565346,20.138588,94.440468,0.146447,0.39472401,0.71075201
4.0681,6520.2808,43.737602,22.049652,93.086174,0.122642,0.38745999,0.710217
4.0781,6520.3008,40.616955,23.672667,92.645889,0.095463,0.37852901,0.713027
4.1006,6520.3208,36.931248,24.896141,93.092628,0.064298,0.36514199,0.71932501
4.1214,6520.3408,32.853867,25.8402,94.228859,0.030436,0.34791201,0.72804302
4.139,6520.3608,29.012341,26.535826,96.040108,-0.002101,0.32984999,0.738922
4.1564,6520.3808,25.936769,26.807913,98.713112,-0.02922,0.312783,0.75316697
4.1782,6520.4008,23.927378,26.540735,102.205742,-0.048082,0.29802901,0.77091801
4.1943,6520.4207,23.125257,25.848869,105.7575,-0.056822,0.288017,0.78844398
4.2139,6520.4407,23.334328,25.072149,108.791985,-0.057907,0.28425601,0.80283201
4.2359,6520.4607,24.320185,25.300135,111.081932,-0.060225,0.29059801,0.81256598
4.2557,6520.4807,25.750046,26.361813,112.917267,-0.065403,0.303655,0.81919998
4.2737,6520.5007,27.444405,27.698706,114.425369,-0.070769,0.31955001,0.82369697
4.2944,6520.5207,29.493576,29.001902,115.4123,-0.07303,0.33769,0.82548499
4.3619,6520.5407,31.975288,30.359631,115.776596,-0.071909,0.35896099,0.82417899
4.3637,6520.5607,34.818001,31.881975,115.893631,-0.06944,0.38291001,0.82124102
4.368,6520.5807,37.862675,33.42551,116.152588,-0.066566,0.407574,0.81826401
4.3785,6520.6007,40.836731,34.567802,116.973053,-0.063254,0.42952999,0.81705499
4.3926,6520.6207,43.343739,34.754616,118.510185,-0.058372,0.44479099,0.81862998
4.4124,6520.6407,45.697937,34.794876,120.144379,-0.05393,0.45859799,0.82003802
4.436,6520.6607,47.926777,34.919125,122.113434,-0.052428,0.471733,0.82180101
4.4592,6520.6807,49.997185,34.85947,124.8722,-0.054089,0.48304999,0.825131
4.4744,6520.7007,52.00663,33.826317,128.756287,-0.054374,0.49128199,0.83049297
4.4963,6520.7207,53.984486,31.322332,133.676849,-0.049264,0.49640799,0.83702201
4.5123,6520.7407,55.882191,27.672199,139.146118,-0.039194,0.500094,0.84296399
4.5341,6520.7607,57.70734,23.402649,145.030014,-0.027446,0.50408298,0.847431
4.5586,6520.7807,59.158714,18.377869,151.892639,-0.016392,0.50643301,0.85195702
4.5732,6520.8007,60.25898,12.466998,160.01358,-0.005896,0.50771499,0.85619199
4.5937,6520.8206,60.929619,6.26415,168.586655,0.003478,0.50842702,0.85913998
4.6166,6520.8406,60.640038,0.677743,176.456497,0.010505,0.50473797,0.86288202
4.6352,6520.8606,59.84473,-3.832829,-176.782013,-0.014974,-0.499165,-0.86634302
4.6605,6520.8806,58.712807,-6.980654,-171.32254,-0.015891,-0.49194399,-0.86973399
4.6812,6520.9006,57.1679,-9.470983,-166.584854,-0.016305,-0.48201701,-0.87374198
4.721,6520.9206,54.855389,-12.790113,-161.365341,-0.023446,-0.46772999,-0.87873799
4.7261,6520.9406,52.395237,-15.809319,-156.834396,-0.033088,-0.45314601,-0.88284099
4.739,6520.9606,50.145142,-17.685869,-153.705521,-0.04035,-0.43942499,-0.88636202
4.7575,6520.9806,47.865894,-18.95158,-151.736481,-0.048229,-0.42476201,-0.890571
4.7716,6521.0006,45.525936,-20.085958,-150.535431,-0.058631,-0.40935901,-0.89529198
4.7936,6521.0206,43.043278,-21.148029,-149.806549,-0.070896,-0.39263901,-0.90045297
4.8128,6521.0406,40.449821,-22.269876,-149.664566,-0.086151,-0.374796,-0.90607297
4.8328,6521.0606,38.199436,-23.957436,-150.265442,-0.107429,-0.359694,-0.91085303
4.8544,6521.0806,36.706142,-26.358683,-151.08989,-0.13302401,-0.35089201,-0.91280001
4.8726,6521.1006,35.852718,-29.012365,-151.877213,-0.158785,-0.346957,-0.91225201
4.8966,6521.1206,35.612057,-31.146704,-152.85228,-0.17933699,-0.346333,-0.91079301
4.9164,6521.1406,35.767479,-32.919922,-154.049408,-0.19664501,-0.34752801,-0.908912
4.9344,6521.1606,35.993927,-34.823456,-155.10759,-0.214369,-0.34921801,-0.90609199
4.9541,6521.1806,36.233643,-36.787113,-156.044479,-0.232134,-0.35088399,-0.90259498
4.981,6521.2006,36.551155,-38.63324,-157.025116,-0.24887501,-0.352561,-0.89881098
4.9957,6521.2206,37.05957,-40.177444,-158.050735,-0.26289299,-0.35500401,-0.89496899
5.0151,6521.2406,37.877644,-41.772713,-158.955093,-0.276169,-0.35971501,-0.88998097
5.0351,6521.2605,39.021912,-44.066544,-159.269806,-0.29213101,-0.36816299,-0.88202101
5.0553,6521.2805,40.402496,-47.365555,-158.670685,-0.31193,-0.38053599,-0.87027198
5.0737,6521.3005,42.054436,-50.988182,-157.478729,-0.33077899,-0.39609101,-0.85646099
5.0964,6521.3205,44.014408,-53.716915,-156.587814,-0.34233099,-0.412332,-0.84426701
5.1196,6521.3405,46.178486,-55.206528,-156.515289,0.34658501,0.42699701,0.835109
5.1324,6521.3605,48.73579,-55.990143,-157.044525,0.346535,0.44211301,0.82677901
5.1554,6521.3805,51.609039,-56.449512,-158.127228,0.34527501,0.45735601,0.81788898
5.1736,6521.4005,54.656818,-56.908604,-159.679413,0.34544101,0.47196901,0.80740601
5.1944,6521.4205,58.040531,-57.144836,-162.096893,0.34683701,0.48592401,0.79469901
5.2236,6521.4405,61.870247,-56.571899,-165.922256,0.34792799,0.499082,0.779486
5.2369,6521.4605,65.742699,-53.617386,-172.301239,0.34542701,0.50875598,0.76435798
5.2574,6521.4805,68.991821,-46.357277,177.378555,0.336216,0.51307702,0.752343
5.2776,6521.5005,71.371483,-33.548115,161.888214,0.31939599,0.51466298,0.74147397
5.2944,6521.5205,72.439262,-14.530718,140.432999,0.294393,0.51701301,0.72775197
5.3142,6521.5405,71.373993,3.71117,119.557808,0.27074599,0.517048,0.71096599
5.3402,6521.5605,68.954903,16.977451,103.395515,0.25152501,0.51479203,0.69161499
5.3574,6521.5805,65.965645,24.826294,92.674919,0.23661999,0.50910699,0.67343497
5.3782,6521.6005,62.748348,28.741228,86.504181,0.222131,0.49991599,0.66083097
5.4006,6521.6205,58.529671,31.606831,82.773628,0.19582801,0.489227,0.65484101
5.4259,6521.6404,53.222858,34.329514,80.225655,0.15731201,0.47754201,0.65148503
5.4378,6521.6604,48.160473,35.698608,79.296989,0.12048,0.463283,0.65080202
5.4551,6521.6804,43.540195,36.491417,79.08197,0.086525,0.44847199,0.65104902
5.4828,6521.7004,39.140266,37.011879,79.327484,0.053631,0.43296701,0.65215403
5.4944,6521.7204,34.792217,37.241035,80.660202,0.018792,0.41564301,0.65803403
5.5183,6521.7404,31.02298,37.031116,83.326241,-0.013963,0.397172,0.67082697
5.534,6521.7604,28.806334,36.595219,86.431686,-0.036109,0.38332599,0.68660599
5.5527,6521.7804,28.445282,35.854332,89.655251,-0.044555,0.376412,0.703825
5.5753,6521.8004,29.08209,35.779194,92.543938,-0.04971,0.378196,0.71897399
5.5989,6521.8204,29.961195,36.319038,95.469849,-0.057613,0.38425601,0.73346603
5.6184,6521.8404,31.021593,37.150146,98.721703,-0.067823,0.39226601,0.74858099
5.6358,6521.8604,32.560905,37.643196,102.317223,-0.074792,0.40090099,0.76439703
5.6595,6521.8804,34.755199,37.406612,106.04184,-0.074307,0.41007799,0.779742
5.6794,6521.9004,37.314171,36.247921,110.095741,-0.067391,0.41804099,0.79504102
5.6984,6521.9204,39.949726,34.960079,114.030029,-0.059411,0.42700499,0.80781001
5.7309,6521.9404,42.262215,34.041206,117.798538,-0.055728,0.436198,0.81820899
5.7464,6521.9604,44.295189,32.695328,122.401527,-0.054182,0.44259799,0.82995802
5.7618,6521.9804,45.962357,30.061522,128.050171,-0.049489,0.443551,0.84366602
5.7749,6522.0004,47.521175,26.585964,134.043228,-0.040666,0.44316,0.85620397
5.7985,6522.0204,49.252457,22.73304,140.312195,-0.029844,0.44508401,0.86617303
5.8153,6522.0404,50.992916,18.458576,147.283218,-0.01924,0.44845599,0.87430501
5.8331,6522.0604,52.247498,13.050651,155.719864,-0.007753,0.44913399,0.88260198
5.8559,6522.0803,52.632458,6.434646,165.018738,0.007825,0.44540799,0.890553
5.8748,6522.1003,52.283279,-0.696249,173.777725,0.029358,0.439639,0.89622098
5.9011,6522.1203,51.539703,-7.460712,-178.676743,0.053577,0.434484,0.89890599
5.93,6522.1403,50.541531,-12.781667,-172.416489,-0.072382,-0.42997199,-0.89985502
5.9413,6522.1603,48.92923,-16.315823,-167.380386,-0.083325,-0.421653,-0.90200597
5.9557,6522.1803,46.268631,-18.164679,-163.370819,-0.087532,-0.40487599,-0.90748
5.9746,6522.2003,42.84301,-19.157928,-160.114609,-0.090403,-0.381473,-0.91464502
6.0023,6522.2203,39.190254,-20.8125,-157.143753,-0.101435,-0.357032,-0.92022198
6.0231,6522.2403,36.173504,-23.035097,-154.408722,-0.117715,-0.338687,-0.92204303
6.0425,6522.2603,34.020279,-25.213997,-152.153687,-0.13388801,-0.32732099,-0.921143
6.0556,6522.2803,32.120827,-27.334713,-150.559967,-0.151305,-0.31769001,-0.91972202
6.0723,6522.3003,30.452353,-29.521421,-149.388046,-0.17008001,-0.30985001,-0.91762
6.0924,6522.3203,29.345043,-30.820452,-148.762604,-0.18182699,-0.30438101,-0.91629398
6.1259,6522.3403,28.789955,-31.282373,-149.018875,-0.187723,-0.30045,-0.91675502
6.1379,6522.3603,28.833689,-32.029469,-149.641312,-0.195213,-0.300926,-0.91642898
6.156,6522.3803,29.490471,-33.322834,-150.118515,-0.205034,-0.30707899,-0.91395801
6.1747,6522.4003,30.566158,-34.433369,-150.871536,-0.21303099,-0.315485,-0.91142201
6.193,6522.4203,32.016174,-35.903145,-151.599442,-0.22285201,-0.32700801,-0.90733701
6.213,6522.4403,33.760834,-37.784985,-152.237,-0.234881,-0.34104401,-0.90147603
6.2346,6522.4603,35.646763,-39.873238,-153.078842,-0.24871901,-0.35539901,-0.89466101
6.2604,6522.4802,37.787773,-41.928616,-154.325027,-0.26286301,-0.37003499,-0.88714701
6.2797,6522.5002,40.211716,-43.628551,-155.89537,-0.27462399,-0.384969,-0.87927097
6.2968,6522.5202,42.484127,-44.722416,-157.729355,-0.28321099,-0.397239,-0.87236202
6.3543,6522.5402,44.579475,-45.53294,-159.832306,-0.29129401,-0.40702999,-0.86570698
6.357,6522.5602,47.008904,-46.658485,-162.077988,0.301682,0.418311,0.85637897
6.3584,6522.5802,50.107586,-48.063328,-164.515137,0.31345701,0.43293899,0.84307498
6.3724,6522.6002,53.699085,-49.050079,-167.519226,0.32348299,0.44872299,0.82726997
6.3921,6522.6202,57.437862,-48.393738,-171.727646,0.32690501,0.46308199,0.81205702
6.414,6522.6402,60.849785,-44.888809,-177.831696,0.32029799,0.47419399,0.80048901
6.4329,6522.6602,63.780708,-38.19091,173.740891,0.30460501,0.483318,0.79170698
6.4524,6522.6802,66.080353,-28.760721,162.981232,0.28405401,0.49152401,0.78304601
6.4825,6522.7002,67.514969,-17.285845,149.966614,0.26301399,0.49823701,0.77224898
6.5037,6522.7202,68.345535,-4.430166,135.200714,0.24344499,0.50673801,0.75607699
6.5378,6522.7402,68.139984,7.717212,120.919334,0.22707701,0.51376498,0.73762703
6.5474,6522.7602,66.844139,16.334547,109.904297,0.216024,0.51444602,0.72129798
6.559,6522.7802,65.062347,21.226274,102.594917,0.209315,0.509583,0.70863003
6.5723,6522.8002,62.381577,25.633827,96.542915,0.194493,0.50318599,0.69898802
6.599,6522.8202,58.902798,29.811607,91.561188,0.170838,0.49673399,0.69126701
6.618,6522.8402,55.254391,32.856945,88.167847,0.145172,0.489434,0.68542999
6.6471,6522.8602,51.733486,34.935398,85.843414,0.120814,0.48119199,0.68041098
6.656,6522.8802,48.281216,36.067501,84.814156,0.096624,0.470855,0.67866701
6.6712,6522.9001,44.686047,36.642506,84.810646,0.070401,0.45805201,0.68036097
6.6932,6522.9201,40.793301,36.937252,85.646553,0.040625,0.44248,0.68528497
6.7136,6522.9401,36.416435,37.04871,87.304047,0.006048,0.42288199,0.693569
6.734,6522.9601,32.086479,36.867966,89.50486,-0.027767,0.40040201,0.70396602
6.7533,6522.9801,28.279617,36.335068,92.250153,-0.057078,0.37687299,0.716959
6.7812,6523.0001,25.272802,35.883911,95.322769,-0.082017,0.35629299,0.73158503
6.7998,6523.0201,23.256317,35.76123,98.38649,-0.102272,0.34172699,0.74601603
6.8168,6523.0401,22.474976,35.42057,101.323097,-0.113088,0.332715,0.76021397
6.8379,6523.0601,22.897566,35.066151,103.713837,-0.115317,0.331218,0.77194399
6.8579,6523.0801,24.437344,34.989864,105.41497,-0.111443,0.33860099,0.780114
6.8769,6523.1001,26.77836,35.458878,106.513603,-0.10544,0.35396799,0.78470498
6.8959,6523.1201,29.473055,36.292194,107.312584,-0.099355,0.3732,0.78718799
6.9152,6523.1401,32.295891,37.161079,108.128334,-0.0931,0.39307201,0.78920102
6.9352,6523.1601,35.20713,38.009609,108.898911,-0.086287,0.41311699,0.79049301
6.9569,6523.1801,38.139904,38.931446,109.54879,-0.079602,0.433305,0.79072702
6.972,6523.2001,40.550545,39.474674,110.542664,-0.074535,0.44853699,0.79231203
6.9932,6523.2201,42.51717,39.411915,112.159531,-0.070286,0.45861501,0.79628301
7.0233,6523.2401,44.115791,38.608406,114.3396,-0.065297,0.46392801,0.80229801
7.0604,6523.2601,45.59201,37.471478,116.832542,-0.060081,0.467659,0.80890101
7.0681,6523.2801,47.204292,36.319607,119.321289,-0.054316,0.47260001,0.814493
7.0842,6523.3,48.760387,34.914566,122.145493,-0.048683,0.47681499,0.82036698
7.0911,6523.32,50.074444,32.338928,126.141602,-0.040869,0.476661,0.82920903
7.1274,6523.34,51.25539,28.116901,131.253189,-0.026348,0.47255701,0.84002602
7.1386,6523.36,52.282574,22.666082,137.43251,-0.00757,0.466566,0.85159802
7.1522,6523.38,53.007736,17.084164,144.390335,0.008382,0.46081701,0.86285698
7.1711,6523.4,53.422825,11.311942,152.100998,0.02239,0.45534,0.87339598
7.1945,6523.42,53.511314,4.847202,160.36142,0.0395,0.449635,0.882312
7.2158,6523.44,53.649288,-2.474567,169.312302,0.061203,0.44740099,0.887398
7.2328,6523.46,53.256222,-9.116284,177.850845,0.079408,0.44536999,0.89028102
7.2545,6523.48,51.736271,-13.758536,-175.035538,0.088915,0.43742201,0.89474702
7.2745,6523.5,49.252907,-15.932205,-169.562775,-0.087924,-0.42242801,-0.90179199
7.2955,6523.52,45.752117,-17.241558,-165.049194,-0.086927,-0.399048,-0.91077697
7.325,6523.54,42.140045,-18.793217,-161.225082,-0.092459,-0.37478501,-0.91786498
7.3391,6523.56,38.900818,-20.661655,-158.159409,-0.103975,-0.35369501,-0.922158
7.3532,6523.58,35.818043,-23.234552,-155.323898,-0.122829,-0.335195,-0.92375702
7.3771,6523.6,32.959602,-26.36968,-152.668762,-0.147278,-0.32005501,-0.92249799
7.3958,6523.62,30.432734,-29.57583,-150.693527,-0.174087,-0.30782199,-0.91957998
7.413,6523.64,27.876947,-32.593277,-149.668121,-0.20237701,-0.29440001,-0.916798
7.4368,6523.66,25.229563,-35.562637,-149.238724,-0.232182,-0.27955601,-0.91365099
7.4538,6523.68,22.959257,-38.356403,-149.450577,-0.261042,-0.26614699,-0.91013199
7.4727,6523.6999,21.852222,-40.332634,-150.803513,-0.28272599,-0.257494,-0.90839303
7.4989,6523.7199,21.713093,-41.373955,-152.962265,-0.29613599,-0.25242701,-0.90887702
7.5191,6523.7399,22.034836,-42.425713,-155.369171,-0.308992,-0.24981301,-0.90875202
7.5456,6523.7599,22.678127,-43.406952,-157.836411,-0.320712,-0.248963,-0.90796298
7.5591,6523.7799,23.819321,-43.790268,-160.405807,-0.326978,-0.250779,-0.907749
7.5901,6523.7999,25.795807,-43.719635,-163.427155,-0.32929701,-0.25731,-0.90721297
7.6001,6523.8199,28.78319,-43.605049,-166.978912,-0.33126801,-0.27007201,-0.90399998
7.6186,6523.8399,32.633289,-43.572762,-171.033142,0.33471599,0.287925,0.89659703
7.6341,6523.8599,37.072014,-43.378304,-175.551163,0.33866999,0.308772,0.88489401
7.6544,6523.8799,41.517559,-42.653538,179.482803,0.34156299,0.32862499,0.87045699
7.6734,6523.8999,45.369267,-40.973515,173.907043,0.34165999,0.343595,0.85589099
7.692,6523.9199,48.834354,-37.763237,167.373688,0.33589301,0.356359,0.84162599
7.7203,6523.9399,51.37434,-32.923172,159.60141,0.32494,0.36390299,0.82882702
7.7326,6523.9599,52.593063,-26.89814,151.175461,0.309192,0.36541101,0.81884199
7.7529,6523.9799,52.607605,-20.860884,143.281052,0.29130501,0.362506,0.81149697
7.771,6523.9999,52.87191,-15.639171,136.266449,0.277334,0.363951,0.80071998
7.7951,6524.0199,53.421146,-12.137693,130.266983,0.273637,0.365814,0.78594601
7.8117,6524.0399,53.274723,-9.69575,124.472092,0.274948,0.36011899,0.77047497
7.8502,6524.0599,51.403404,-6.609902,118.303864,0.266606,0.34507799,0.75948298
7.8589,6524.0799,47.248119,-2.186917,112.477524,0.237196,0.323378,0.75729901
7.8779,6524.0999,42.678886,1.576907,107.952133,0.20362701,0.301817,0.75619602
7.8944,6524.1198,38.392059,5.026847,104.280983,0.16890199,0.28476301,0.75375199
7.9152,6524.1398,34.166557,7.591077,101.599319,0.136225,0.26714101,0.75141501
7.933,6524.1598,31.072187,8.595215,100.339333,0.115632,0.25135699,0.75066102
7.9514,6524.1798,29.164162,9.124666,99.881241,0.102599,0.24163,0.75126499
7.9756,6524.1998,27.664911,9.840495,100.260643,0.088779,0.23620901,0.75564498
7.9937,6524.2198,26.081554,10.236949,101.653091,0.074585,0.229132,0.76494801
8.0116,6524.2398,24.833153,9.967872,104.430229,0.064189,0.221274,0.78035802
8.0329,6524.2598,24.197531,9.007514,108.787468,0.059228,0.214587,0.80210501
8.0566,6524.2799,24.106768,7.652633,114.394394,0.058023,0.21048801,0.82772601
8.0776,6524.2999,24.444757,4.988793,121.243439,0.066694,0.205173,0.85536098
8.1063,6524.3199,24.964973,1.548802,128.421249,0.082145,0.20033699,0.88030601
8.1219,6524.34,25.58634,-0.309715,134.567429,0.087941,0.203237,0.89929497
8.1337,6524.36,26.53614,-1.117641,140.05806,0.087305,0.21245401,0.91396898
8.1572,6524.38,27.350193,-2.770472,146.401794,0.090795,0.21947201,0.92826098
8.2071,6524.4001,27.37669,-5.589987,153.811295,0.099694,0.21947999,0.94259298
8.2093,6524.4201,26.400251,-8.702295,161.716904,0.109101,0.21306799,0.95568901
8.2145,6524.4401,24.714468,-11.676543,169.237076,0.118893,0.202639,0.96543998
8.2344,6524.4601,22.738583,-15.196224,176.591003,0.13538399,0.191459,0.97056299
8.2545,6524.4802,20.829348,-19.748371,-175.780182,-0.161989,-0.184182,-0.96943998
8.2759,6524.5002,19.306829,-25.013731,-167.886459,-0.195025,-0.185321,-0.96090502
8.294,6524.5202,17.57646,-30.300394,-160.186493,-0.229059,-0.18971001,-0.94655699
8.3134,6524.5402,15.11799,-34.38879,-152.924103,-0.25548601,-0.19077501,-0.92979598
8.3349,6524.5603,11.534511,-37.75705,-146.470001,-0.28081599,-0.183899,-0.91078103
8.3537,6524.5803,6.832932,-40.807396,-141.02507,-0.30944401,-0.168752,-0.888928
8.393,6524.6003,1.776524,-43.640388,-136.397766,-0.33972499,-0.151388,-0.86399299
8.407,6524.6204,-2.90487,-46.565559,-132.187012,-0.37067801,-0.138844,-0.83542901
8.421,6524.6404,-6.987333,-49.487518,-128.116226,-0.39989701,-0.13299599,-0.80400199
8.4362,6524.6604,-10.644117,-52.225609,-124.205025,-0.42628199,-0.131442,-0.77105403
8.4558,6524.6804,-14.268197,-54.635559,-120.732025,-0.45037001,-0.129253,-0.73810297
8.4744,6524.7005,-17.870794,-56.924648,-117.802216,-0.47366199,-0.126252,-0.70540899
8.4947,6524.7205,-21.202467,-59.502316,-115.26178,-0.49748501,-0.12623,-0.67189401
8.5181,6524.7405,-24.018099,-62.408714,-113.020195,-0.520823,-0.131202,-0.63823301
8.5346,6524.7606,-26.381844,-65.195313,-110.9991,-0.54116303,-0.138658,-0.60634798
8.5594,6524.7806,-28.824331,-67.346527,-109.175766,-0.55768901,-0.142355,-0.57694697
8.5812,6524.8006,-31.457117,-69.521576,-107.516403,-0.574287,-0.144832,-0.54641199
8.5993,6524.8206,-34.390896,-72.404732,-106.17514,-0.59441501,-0.148139,-0.51147902
8.6205,6524.8407,-37.242733,-75.810577,-105.451736,-0.61586702,-0.152109,-0.47618899
8.6596,6524.8607,-39.865513,-79.061058,-105.249901,-0.63511902,-0.154265,-0.44448599
8.6741,6524.8807,-42.329601,-82.094452,-105.532005,-0.65232098,-0.153743,-0.41648301
8.6771,6524.9007,-44.895084,-85.194572,-106.096558,-0.66887897,-0.15142301,-0.388336
8.7,6524.9207,-47.415966,-89.031357,-106.612114,-0.686046,-0.15369201,-0.35506001
8.7163,6524.9406,-49.882889,-93.926025,-107.024094,-0.70397401,-0.162725,-0.314237
8.7341,6524.9606,-52.529491,-99.563942,-107.246857,-0.72079003,-0.17606799,-0.26579401
8.7588,6524.9806,-55.26408,-105.416199,-107.231674,-0.73411,-0.191875,-0.213258
8.7735,6525.0006,-57.825985,-111.264809,-107.22731,-0.74358201,-0.208919,-0.161052
8.7966,6525.0206,-60.119381,-117.309944,-107.382591,-0.74995202,-0.227723,-0.109496
8.823,6525.0406,-62.469151,-123.333694,-107.276665,-0.751984,-0.24803001,-0.056186
8.8406,6525.0606,-65.123894,-129.116608,-106.476707,-0.74809998,-0.27026299,0.000814
8.8547,6525.0806,-67.851685,-135.876801,-106.125717,-0.74063802,-0.29456601,0.06173
8.8771,6525.1006,-70.360687,-144.906036,-107.632408,-0.73155302,-0.31988499,0.12543
8.9017,6525.1206,-72.021782,-157.000305,-112.215805,-0.72334599,-0.344715,0.18740501
8.9243,6525.1406,-72.384689,-170.600388,-118.68409,-0.71657199,-0.368512,0.24320699
8.9415,6525.1606,-71.996704,175.396622,-126.624222,-0.711658,-0.38415501,0.29279801
8.9549,6525.1806,-71.132431,161.235016,-134.715668,-0.70420098,-0.396478,0.343312
8.9723,6525.2006,-70.464287,148.916489,-140.885986,-0.68981099,-0.40908101,0.392281
8.9991,6525.2206,-70.115334,138.546371,-144.977493,-0.66894698,-0.424227,0.43792301
9.0388,6525.2406,-70.041176,130.900787,-145.815903,-0.64193702,-0.44683599,0.47864401
9.0447,6525.2606,-69.644928,125.615303,-144.68013,-0.61661899,-0.47016799,0.51155001
9.0608,6525.2806,-68.402283,122.096283,-142.763412,-0.59896302,-0.48890901,0.53643799
9.0832,6525.3006,-66.298325,118.164078,-141.031006,-0.58342999,-0.50445402,0.56202501
9.093,6525.3206,-64.153107,113.735138,-139.311554,-0.56439602,-0.51884198,0.58885098
9.116,6525.3405,-62.499763,110.402473,-136.738312,-0.54344898,-0.53399301,0.61056697
9.1325,6525.3605,-60.912125,108.769218,-132.771881,-0.52385402,-0.55116898,0.62501401
9.1553,6525.3805,-58.734329,108.251282,-127.763466,-0.50755399,-0.56891203,0.63348901
9.1771,6525.4005,-56.40826,108.936646,-122.174957,-0.49499199,-0.58715999,0.63426501
9.193,6525.4205,-54.247318,110.430557,-116.497261,-0.48470899,-0.60583502,0.62880701
9.2126,6525.4405,-52.050777,112.219658,-111.013489,-0.47624201,-0.624075,0.61923498
9.2371,6525.4605,-50.073765,113.659172,-106.087029,0.46682,0.64097899,-0.609097
9.256,6525.4805,-48.623569,113.697517,-102.585747,0.45460799,0.65281099,-0.60443997
9.2742,6525.5006,-48.155197,112.240372,-100.23304,0.435801,0.66055,-0.60772902
9.2969,6525.5206,-48.364994,110.28051,-98.027115,0.411484,0.66769999,-0.61405897
9.3127,6525.5406,-48.457829,108.828285,-95.292198,0.38715899,0.67610699,-0.61700201
9.3402,6525.5607,-47.486618,107.637451,-91.826859,0.36532301,0.68477303,-0.61425602
9.3616,6525.5807,-45.5826,106.525475,-87.984825,0.34645799,0.69246203,-0.60635102
9.3852,6525.6007,-42.904278,105.05365,-84.362282,0.331112,0.696769,-0.595303
9.3956,6525.6207,-39.623646,103.870049,-81.499977,0.32519901,0.69754398,-0.58079302
9.4169,6525.6408,-36.0144,102.743149,-79.761749,0.32828099,0.69385999,-0.565992
9.4344,6525.6608,-32.446854,101.540497,-78.690018,0.33489999,0.68720901,-0.552351
9.4581,6525.6808,-29.36908,100.319466,-77.124725,0.33601999,0.68201703,-0.53851199
9.4779,6525.7009,-26.665085,98.395226,-74.86869,0.32807001,0.67646599,-0.525105
9.4984,6525.7209,-24.192795,95.522476,-72.660515,0.31538799,0.66665,-0.514395
9.5163,6525.741,-21.246716,92.785645,-71.102852,0.31034401,0.65294302,-0.50275099
9.5386,6525.761,-17.59667,90.898659,-69.994179,0.31600699,0.63844699,-0.48691499
9.556,6525.7811,-13.73776,88.938637,-68.860779,0.32284299,0.62191302,-0.469695
9.5808,6525.8012,-9.838756,87.147141,-67.266411,0.32864401,0.60619599,-0.44901201
9.5974,6525.8212,-5.804784,85.875488,-64.602562,0.33221599,0.59485698,-0.41986299
9.618,6525.8413,-1.76792,85.190666,-61.213547,0.33478099,0.58823597,-0.38374901
9.6347,6525.8614,2.215099,84.908188,-57.606178,0.337652,0.58450699,-0.34398201
9.6597,6525.8815,5.933928,84.348267,-53.764149,0.33737901,0.580688,-0.30365101
9.6784,6525.9016,9.011968,83.302322,-49.571384,0.331049,0.57689798,-0.26487601
9.6965,6525.9217,11.929111,82.312775,-44.905643,0.32229599,0.57505399,-0.22279599
9.7167,6525.9418,15.158959,81.929893,-39.849567,0.31510499,0.57702601,-0.173785
9.7346,6525.9619,18.874258,82.45475,-34.759399,0.31188399,0.58361298,-0.118486
9.7568,6525.982,22.755823,82.969383,-29.171169,0.30656201,0.59125602,-0.058473
9.7813,6526.0021,26.376951,82.709854,-22.896851,0.29553801,0.59650302,0.002688
9.7958,6526.0221,29.461988,81.458473,-16.433781,0.28090501,0.59701997,0.059466
9.8213,6526.0422,32.401726,79.896805,-10.21356,0.267928,0.59511298,0.112909
9.8478,6526.0623,35.683704,78.315277,-3.613266,0.25641099,0.59329802,0.17010599
9.8606,6526.0824,39.313614,77.643036,3.65337,0.243127,0.598418,0.23416001
9.8779,6526.1025,42.957802,76.157669,11.417069,0.229711,0.59973699,0.29756701
9.9013,6526.1225,45.640419,72.855751,19.466692,0.21503299,0.59220999,0.35237101
9.9203,6526.1426,47.395744,68.961823,27.373013,0.199239,0.58206397,0.39967
9.9382,6526.1626,49.125568,64.365082,35.703011,0.18638299,0.56894898,0.44671801
9.9625,6526.1827,50.881931,58.656704,45.205837,0.175752,0.55228698,0.49684101
9.9799,6526.2028,52.168312,51.897568,56.120697,0.164021,0.532785,0.54967701
9.9952,6526.2228,52.308842,44.968483,67.631348,0.147346,0.51186597,0.601623
10.0191,6526.2429,50.988842,38.631348,78.688766,0.124846,0.488415,0.65013999
10.0363,6526.263,48.292274,33.413628,88.651627,0.096989,0.46142399,0.69481301
10.0771,6526.283,44.39077,28.82873,97.442284,0.068163,0.42701599,0.73595703
10.0834,6526.3031,39.706642,24.707928,105.568115,0.040393,0.38590401,0.77563202
10.1057,6526.3231,34.783829,21.808973,113.110481,0.01113,0.34440199,0.81305599
10.1266,6526.3431,30.207949,19.91028,119.881584,-0.015904,0.305733,0.84559101
10.1406,6526.3632,26.184181,18.215004,125.747971,-0.035237,0.269355,0.87229103
10.1559,6526.3832,22.487682,16.560001,130.818405,-0.048142,0.23423,0.894238
10.2002,6526.4032,18.709682,15.011242,134.972275,-0.057356,0.19822501,0.91182101
10.2039,6526.4233,15.062744,13.949973,138.408203,-0.066355,0.16436601,0.925578
10.2185,6526.4433,12.216255,12.848998,141.189041,-0.069807,0.136696,0.935902
10.2374,6526.4633,10.755603,11.549771,143.106873,-0.065525,0.120154,0.94263399
10.2568,6526.4833,10.807878,9.310941,144.508774,-0.048349,0.114028,0.94738698
10.2759,6526.5033,11.156619,5.614747,145.774033,-0.018019,0.107135,0.95145899
10.2939,6526.5233,11.397336,0.562471,146.628937,0.023831,0.096517,0.95328897
10.3184,6526.5433,11.931608,-5.316512,147.081223,0.073654,0.086499,0.95143402
10.3354,6526.5633,13.102626,-12.427933,148.264648,0.13444901,0.079699,0.94662303
10.3583,6526.5832,15.059864,-21.048489,151.081741,0.20751099,0.079546,0.93785
10.3816,6526.6032,17.111599,-30.526899,154.921539,0.28527901,0.083582,0.92273098
10.3969,6526.6232,18.366228,-39.895164,158.952957,0.358522,0.085982,0.90240401
10.422,6526.6432,18.284279,-48.419109,163.240707,0.421662,0.084362,0.88135701
10.4433,6526.6632,16.794718,-56.554512,168.101257,0.47946599,0.079341,0.85935998
10.4837,6526.6832,14.28263,-64.671898,173.717484,0.53569198,0.075798,0.83346701
10.487,6526.7032,11.818884,-72.57299,179.9021,0.58874899,0.082487,0.80173099
10.5003,6526.7232,9.552398,-79.929153,-173.865677,0.63575202,0.097974,0.76554698
10.5206,6526.7432,6.735596,-86.509796,-168.650681,-0.67647898,-0.110215,-0.72747099
10.5383,6526.7632,2.784946,-91.797798,-164.458694,-0.70902199,-0.113822,-0.69169003
10.559,6526.7832,-2.315135,-95.94352,-161.003723,-0.73471397,-0.109211,-0.65770602
10.5801,6526.8032,-7.497101,-99.81897,-159.055405,-0.75832802,-0.097352,-0.622823
10.6,6526.8232,-11.032567,-104.467133,-158.043808,-0.783665,-0.092047,-0.58398002
10.6203,6526.8432,-13.30071,-110.446976,-156.904526,-0.81256503,-0.098603,-0.53602803
10.6387,6526.8632,-15.191547,-116.932777,-155.40184,-0.84018999,-0.112421,-0.48251101
10.6616,6526.8832,-17.07979,-123.907104,-153.852127,-0.86595201,-0.129418,-0.42327401
10.696,6526.9032,-19.124701,-130.857086,-152.059799,-0.88695699,-0.149468,-0.36144799
10.7023,6526.9232,-21.446611,-137.181442,-149.804443,-0.900855,-0.172684,-0.301153
10.7242,6526.9432,-24.215975,-142.900406,-147.616135,-0.908795,-0.194405,-0.24326
10.7437,6526.9632,-26.993826,-147.987137,-145.894989,-0.91246402,-0.212566,-0.19055299
10.7573,6526.9831,-29.191916,-152.921753,-144.798279,-0.91462898,-0.228259,-0.141864
10.7769,6527.0031,-30.742643,-157.973694,-144.147507,-0.91610801,-0.243136,-0.095173
10.7987,6527.0231,-31.991119,-163.188599,-144.08638,-0.91705298,-0.254859,-0.049633
10.8198,6527.0431,-33.100342,-168.402237,-144.474823,-0.91698301,-0.263529,-0.005777
10.8368,6527.0631,-34.00367,-173.270859,-144.570282,-0.91460103,-0.27413201,0.035356
10.8586,6527.0831,-34.650616,-178.176529,-143.980774,-0.90920597,-0.290604,0.077614
10.8758,6527.1031,-35.094353,176.653183,-142.781097,-0.90042198,-0.31248,0.122557
10.8964,6527.1231,-35.413719,171.237045,-141.95575,-0.89039898,-0.33155099,0.16764501
10.9245,6527.1431,-35.426331,165.611252,-142.122894,-0.88156402,-0.34277299,0.21080901
10.9409,6527.1631,-34.370647,160.435745,-142.334717,-0.87485802,-0.351421,0.24761701
10.9612,6527.1831,-32.104771,156.05159,-141.295197,-0.86796999,-0.36565399,0.277753
10.9941,6527.2031,-29.789917,151.758911,-139.68779,-0.85819298,-0.38180801,0.30722299
11.0061,6527.2231,-27.848589,147.941269,-137.923996,-0.84684002,-0.396909,0.33317801
11.0217,6527.2431,-26.569702,145.721222,-135.904007,-0.83658499,-0.411879,0.34826499
11.0368,6527.2631,-25.55279,143.882294,-134.120132,-0.82714999,-0.42452201,0.360358
11.0592,6527.2831,-24.275045,142.366165,-132.021805,-0.81788898,-0.43819001,0.36901101
11.0741,6527.3031,-22.8083,141.013077,-129.658463,-0.80825901,-0.45273799,0.37532601
11.1069,6527.3231,-21.492464,139.527481,-127.575066,-0.79853398,-0.46503001,0.38215399
11.1224,6527.3431,-19.748232,137.940002,-125.339706,0.78866702,0.47685701,-0.387564
11.136,6527.3631,-17.443903,136.358047,-122.635162,0.777964,0.48986199,-0.389891
11.1584,6527.383,-15.26448,134.955322,-119.444229,0.76500702,0.50554597,-0.389718
11.1768,6527.403,-13.614944,133.426254,-116.103104,0.74910998,0.52238399,-0.390699
11.1956,6527.423,-12.024051,131.734634,-112.718689,0.73186499,0.53843403,-0.39145899
11.2181,6527.443,-9.965835,130.064819,-109.208046,0.71495903,0.55299503,-0.38839501
11.2374,6527.463,-7.4431,128.644196,-105.830269,0.700486,0.56473798,-0.380216
11.2627,6527.483,-4.607337,126.99234,-102.525635,0.68625897,0.573524,-0.37031901
11.283,6527.503,-1.805957,124.972809,-99.605644,0.67265701,0.57791299,-0.36183399
11.297,6527.523,1.306109,122.913254,-97.267097,0.66283602,0.57642102,-0.35196501
11.3146,6527.543,5.059861,120.916122,-94.626434,0.65364099,0.57327402,-0.33604401
11.3368,6527.563,8.849248,119.351898,-91.111885,0.64169401,0.57480198,-0.31275499
11.3547,6527.583,12.48727,117.659317,-87.312225,0.62788999,0.57651502,-0.28785801
11.3747,6527.603,15.814811,115.540573,-83.882759,0.61458403,0.57419598,-0.26649901
11.3973,6527.623,18.585947,112.719795,-80.650253,0.59988302,0.56849003,-0.25128999
11.4159,6527.643,20.611729,109.445915,-77.349266,0.58258098,0.56249601,-0.241051
11.4383,6527.663,22.659901,106.546936,-73.96067,0.56658798,0.55712301,-0.22692201
11.4595,6527.683,25.620478,104.000954,-70.316269,0.554075,0.54961401,-0.20284501
11.4805,6527.703,28.802401,101.221329,-66.648514,0.54312301,0.53877598,-0.17706101
11.4993,6527.723,31.791977,98.87709,-63.4361,0.53563797,0.52789497,-0.151795
11.526,6527.743,35.011902,96.888138,-60.238445,0.53070903,0.51716697,-0.12275
11.5446,6527.763,38.520245,94.780434,-56.376656,0.52502799,0.506899,-0.08792
11.554,6527.7829,42.888496,93.116348,-52.003284,0.52221799,0.49719599,-0.042
11.578,6527.8029,48.486008,91.769341,-47.046951,0.52335101,0.48614401,0.016963
11.5977,6527.8229,54.676834,90.299126,-41.22147,0.524845,0.47544399,0.084209
11.6171,6527.8429,60.139748,87.126404,-33.838226,0.52092397,0.464928,0.147862
11.638,6527.8629,63.54414,80.502319,-23.633146,0.50583899,0.45537999,0.200139
11.6587,6527.8829,64.860909,70.935242,-11.064721,0.48194799,0.44536099,0.243449
11.6745,6527.9029,65.274216,60.831509,1.7321,0.45859599,0.433314,0.28398699
11.6967,6527.9229,65.430367,50.593132,14.572792,0.43909401,0.41859001,0.325555
11.7173,6527.9429,64.889854,40.200661,27.725628,0.419649,0.40228701,0.36888599
11.7343,6527.9629,63.388912,30.422083,40.573795,0.39813,0.38517901,0.413975
11.7601,6527.9829,61.107677,22.019749,52.242188,0.37562001,0.36735699,0.45932999
11.7806,6528.0029,57.738506,15.410689,62.093307,0.34935799,0.347352,0.50302601
11.8019,6528.0229,53.353863,10.240499,70.005272,0.32054299,0.321825,0.54333001
11.8195,6528.0429,48.326466,6.040236,76.240936,0.29190999,0.290158,0.57941401
11.8363,6528.0629,42.902672,3.364789,81.110664,0.25997299,0.25843799,0.61303997
11.8542,6528.0829,37.226933,1.336537,85.960823,0.225958,0.225674,0.64876801
11.8795,6528.1029,31.099548,-0.250516,90.843651,0.189657,0.18946999,0.68580902
11.9014,6528.1229,24.737177,-0.505585,95.112556,0.147735,0.155157,0.72016799
11.9138,6528.1429,19.098242,-0.281909,98.936859,0.109652,0.12451,0.74924898
11.9356,6528.1629,14.557928,0.172412,102.739609,0.077932,0.099909,0.77501398
11.9539,6528.1829,10.79935,0.888917,106.622185,0.050029,0.080072,0.79874498
11.9777,6528.2029,6.806967,1.397652,110.145897,0.024005,0.055641,0.81878901
12,6528.2228,2.701926,1.713004,112.583839,0.000651,0.027904,0.831747
12.0241,6528.2428,-0.569411,1.499974,113.89846,-0.013681,0.002974,0.83806998
12.0352,6528.2628,-2.368421,0.511713,114.935844,-0.014878,-0.015023,0.842852
12.0673,6528.2828,-2.419314,-1.000104,116.859154,-0.003618,-0.022554,0.85187101
12.0894,6528.3028,-0.831748,-2.303315,120.363441,0.013829,-0.01629,0.86748099
12.1035,6528.3228,1.820368,-4.423319,124.435783,0.041537,-0.003942,0.88366997
12.1211,6528.3428,5.015895,-8.046763,128.268875,0.082117,0.008697,0.89540303
12.135,6528.3628,8.189983,-13.821679,132.504852,0.138404,0.016557,0.90289801
12.1565,6528.3828,10.544591,-20.532448,137.561768,0.198162,0.020056,0.90746999
12.1772,6528.4028,11.59961,-27.161417,142.559265,0.25277999,0.018053,0.90828699
12.1947,6528.4228,12.310724,-33.555721,147.215317,0.304304,0.017493,0.90448201
12.2187,6528.4428,12.703682,-39.038158,152.495712,0.347339,0.022346,0.90110302
12.2357,6528.4628,12.270139,-44.600468,158.851883,0.389025,0.027966,0.89684498
12.2598,6528.4828,11.105894,-50.552357,165.916199,0.4325,0.034741,0.888161
12.2786,6528.5028,9.437951,-56.682434,173.410263,0.47649199,0.045096,0.87345701
12.3187,6528.5228,7.485356,-62.870689,-179.168243,0.520006,0.059471,0.85163301
12.3244,6528.5428,5.360086,-68.447678,-172.400131,-0.55801499,-0.07581,-0.82586902
12.3362,6528.5628,2.925541,-73.382294,-166.195679,-0.590518,-0.092102,-0.797629
12.357,6528.5828,0.353239,-77.318352,-160.070175,-0.61484301,-0.110469,-0.76942402
12.3746,6528.6028,-2.311657,-80.636742,-154.016357,-0.63380098,-0.130445,-0.73985797
12.3989,6528.6227,-5.426715,-83.817574,-148.326859,-0.65148801,-0.14818101,-0.70652902
12.4191,6528.6427,-9.124994,-86.073349,-142.945908,-0.66352099,-0.16103899,-0.67358899
12.4423,6528.6627,-13.15087,-88.02121,-138.303116,-0.67434001,-0.16868199,-0.63938302
12.4616,6528.6827,-16.82617,-90.704575,-134.778976,-0.68922198,-0.17566501,-0.60173202
12.4846,6528.7027,-20.102076,-93.842606,-131.242493,-0.70428199,-0.188291,-0.559937
12.505,6528.7227,-23.087021,-97.510681,-126.905998,-0.71798497,-0.21123099,-0.510589
12.5306,6528.7427,-25.783895,-101.252907,-121.952591,-0.72758001,-0.241833,-0.457046
12.5446,6528.7627,-28.717051,-104.611214,-117.03981,-0.73292702,-0.27098599,-0.40269601
12.5593,6528.7827,-32.830463,-108.080284,-112.959282,-0.73894697,-0.290425,-0.343283
12.5831,6528.8027,-38.061691,-112.571045,-110.521133,-0.74932098,-0.29936701,-0.27662399
12.6029,6528.8227,-43.266758,-118.071274,-109.889214,-0.76143998,-0.30254799,-0.209931
12.6225,6528.8427,-47.62923,-124.512352,-110.727982,-0.77302301,-0.305536,-0.14729799
12.6353,6528.8627,-50.735069,-132.125504,-112.238098,-0.78253102,-0.31608,-0.08607
12.6582,6528.8827,-52.812538,-139.265503,-112.901779,-0.78533,-0.335044,-0.029377
12.6757,6528.9027,-54.390316,-145.034714,-112.437149,-0.78147501,-0.35759699,0.020286
12.6984,6528.9227,-55.385536,-149.889236,-111.58609,-0.77500802,-0.38086599,0.062085
12.7216,6528.9427,-55.463779,-154.717087,-111.202232,-0.77017498,-0.403905,0.096683
12.7388,6528.9627,-54.715641,-160.234573,-111.958519,-0.76933801,-0.42416799,0.126954
12.7598,6528.9827,-53.503124,-167.027634,-114.046959,-0.77198499,-0.44027001,0.15881
12.7884,6529.0027,-51.523594,-174.804306,-116.099297,-0.773812,-0.459382,0.195127
12.8108,6529.0227,-49.376427,179.940323,-116.246506,-0.77144998,-0.48000601,0.220976
12.8232,6529.0426,-47.400768,178.033707,-113.891144,-0.76358801,-0.50514001,0.23237599
12.8499,6529.0626,-46.077133,176.544189,-110.375526,-0.74846298,-0.53480399,0.246098
12.8606,6529.0826,-44.639931,172.43779,-108.232338,-0.73319298,-0.56133801,0.27154601
12.875,6529.1026,-40.885258,167.004364,-108.037422,-0.73015398,-0.57896698,0.28969201
12.8976,6529.1226,-35.611935,163.238861,-107.863312,-0.73513699,-0.59058499,0.29028001
12.9214,6529.1426,-31.306036,161.618073,-106.54155,-0.73606598,-0.603001,0.282552
12.9392,6529.1626,-29.526932,160.551636,-104.085915,-0.72501302,-0.62015498,0.28326601
12.9608,6529.1826,-29.739962,158.049911,-101.872803,-0.70592999,-0.63587201,0.30163401
12.975,6529.2026,-29.05158,154.336426,-100.377632,-0.68936902,-0.64710301,0.32172301
12.9953,6529.2226,-26.054001,152.340775,-98.342239,-0.68059403,-0.65927899,0.319316
13.0172,6529.2426,-21.935316,152.067337,-96.033607,0.67747498,0.671413,-0.299631
13.0461,6529.2626,-17.953863,152.39447,-94.01683,0.67624599,0.68131697,-0.2757
13.0814,6529.2826,-14.51174,151.905212,-92.866859,0.67614901,0.685444,-0.25890601
13.0866,6529.3026,-12.046495,151.569366,-92.374222,0.67780799,0.68599498,-0.24664401
13.1018,6529.3226,-10.298097,151.845612,-91.976997,0.67962003,0.68691599,-0.234708
13.1206,6529.3426,-8.200052,151.128036,-90.950356,0.676171,0.69004798,-0.225834
13.1412,6529.3626,-5.231106,150.218307,-88.820747,0.66720998,0.69784302,-0.21114799
13.1623,6529.3826,-1.46668,149.155228,-86.539459,0.65821999,0.70419103,-0.191248
13.1749,6529.4026,2.890211,146.93103,-85.055962,0.65308201,0.70139599,-0.174492
13.1971,6529.4226,7.352577,145.121445,-84.083488,0.651847,0.69419301,-0.154854
13.2201,6529.4426,11.611993,145.269455,-83.079689,0.65226799,0.69069201,-0.12464
13.2378,6529.4625,15.899801,145.634171,-81.844536,0.650657,0.68817103,-0.091812
13.2559,6529.4825,20.574507,145.615494,-80.453842,0.64734399,0.68356299,-0.057566
13.276,6529.5025,25.491175,144.719391,-78.912056,0.64230299,0.67518699,-0.025497
13.2968,6529.5225,29.642609,142.940323,-76.795479,0.633035,0.66786999,-0.000736
13.3193,6529.5425,33.035881,141.78598,-74.059029,0.61986202,0.66716498,0.025479
13.3521,6529.5625,36.87986,141.437408,-71.167122,0.60599399,0.667458,0.060538
13.3572,6529.5825,41.346844,141.052002,-68.599731,0.59430498,0.66236401,0.099193
13.3757,6529.6025,45.346813,139.676498,-65.061569,0.577806,0.65882701,0.134059
13.3955,6529.6225,48.774452,137.026993,-60.000397,0.55471897,0.65831703,0.165931
13.4208,6529.6425,52.383076,134.097824,-54.217243,0.52972698,0.65708798,0.20234001
13.4413,6529.6625,56.69487,132.378632,-48.910419,0.50782198,0.65358102,0.24834201
13.4609,6529.6825,61.358673,131.195984,-44.172749,0.48981699,0.64647299,0.29695901
13.4819,6529.7025,65.381798,129.925354,-39.303974,0.47170201,0.64122599,0.34106901
13.505,6529.7225,68.466736,127.01059,-32.57542,0.44841599,0.63983899,0.37983501
13.5294,6529.7425,70.727104,121.559677,-22.894417,0.418165,0.64149201,0.416062
13.555,6529.7625,72.500053,113.074455,-10.735333,0.38755101,0.63932002,0.44953901
13.5661,6529.7825,73.504524,102.716827,2.689953,0.35884899,0.63441199,0.478975
13.576,6529.8025,74.312408,92.844627,16.186855,0.33091801,0.63024002,0.51054901
13.6001,6529.8225,74.927727,79.732201,33.438694,0.30076101,0.62158501,0.54867899
13.6246,6529.8425,73.568489,64.766281,52.25251,0.265127,0.60779399,0.585769
13.6421,6529.8624,70.642921,54.53157,65.410271,0.230482,0.59221298,0.61475003
13.6559,6529.8824,67.361389,48.926311,73.046112,0.200564,0.57734197,0.635337
13.6789,6529.9024,64.084251,45.003429,78.507423,0.17427699,0.56135398,0.65275502
13.7021,6529.9224,60.691139,41.201542,83.706955,0.149644,0.54171199,0.67140001
13.7216,6529.9424,57.342972,37.303726,89.162827,0.12682,0.51894701,0.69280201
13.737,6529.9624,54.143452,33.438732,94.883286,0.106105,0.49430999,0.71670997
13.7551,6529.9824,50.540462,29.991751,100.664513,0.083102,0.46677399,0.742899
13.7761,6530.0024,45.772259,27.066769,105.434135,0.0575,0.43143401,0.76779401
13.7997,6530.0224,40.121185,24.921642,108.167465,0.032326,0.39014801,0.78623599
13.8189,6530.0424,34.297028,22.663197,109.726036,0.012848,0.34447899,0.79953301
13.8356,6530.0624,28.778028,20.379177,110.969185,-0.002605,0.29862699,0.81044799
13.8597,6530.0824,23.068396,18.221407,112.4244,-0.019147,0.25036401,0.82165301
13.8852,6530.1024,17.02063,16.300152,114.116966,-0.038004,0.199182,0.83301097
13.9017,6530.1224,10.986958,14.596904,115.930794,-0.056831,0.14757299,0.84344798
13.9233,6530.1424,5.080843,13.103595,117.405365,-0.074527,0.096842,0.85069501
13.9356,6530.1624,-0.114686,11.548484,118.06591,-0.086781,0.050914,0.85306001
13.9554,6530.1824,-4.189077,10.156901,117.988319,-0.094574,0.014365,0.85151303
13.9771,6530.2024,-6.64694,8.856234,117.721504,-0.095862,-0.009613,0.849608
13.9999,6530.2224,-7.564269,7.701947,117.540916,-0.091427,-0.021532,0.849011
14.0168,6530.2424,-7.326593,6.770609,117.637932,-0.083439,-0.024057,0.850344
14.0353,6530.2623,-5.206335,6.295381,118.207108,-0.070356,-0.010748,0.85463703
14.0551,6530.2823,-1.43963,5.897285,119.42923,-0.050744,0.015106,0.86198699
14.0815,6530.3023,3.685441,5.336475,120.886696,-0.024629,0.050893,0.869214
14.0973,6530.3224,9.345432,4.807091,122.227112,0.002721,0.091457,0.87355101
14.1296,6530.3424,14.965628,4.020946,123.446205,0.031023,0.13109601,0.87479502
14.1404,6530.3624,20.7421,2.70974,124.452179,0.063285,0.170076,0.872078
14.1672,6530.3825,27.246759,1.021165,125.012009,0.101051,0.212927,0.86303598
14.1906,6530.4025,34.270535,-1.164262,125.508522,0.143508,0.25748199,0.84817302
14.1976,6530.4225,39.727474,-4.09719,126.996429,0.181611,0.28888401,0.83571702
14.2165,6530.4425,44.47023,-7.498657,130.110229,0.21413299,0.31684601,0.827057
14.2359,6530.4626,48.543724,-11.514438,134.814468,0.24155501,0.34247601,0.82155901
14.259,6530.4826,50.901169,-15.612938,140.287354,0.25996599,0.35878,0.821576
14.2785,6530.5026,51.366451,-19.36969,146.313492,0.268893,0.364963,0.82912302
14.2963,6530.5227,51.262589,-23.554417,153.619827,0.275796,0.37031001,0.83918399
14.3211,6530.5427,51.027588,-29.618139,162.476608,0.29141301,0.376425,0.84555
14.344,6530.5627,49.977528,-37.753677,173.068451,0.31687701,0.381262,0.84780902
14.3624,6530.5827,47.542255,-46.622219,-175.278412,0.346596,0.38478401,0.84631401
14.3816,6530.6028,43.155945,-54.23719,-164.578766,0.37613699,0.38124999,0.842695
14.4175,6530.6228,37.059238,-59.440849,-156.213379,-0.40309799,-0.36694199,-0.83822602
14.4313,6530.6428,30.391146,-62.651066,-149.409866,-0.42488801,-0.348324,-0.83110797
14.4447,6530.6628,24.097208,-64.396835,-143.755432,-0.44032201,-0.32996699,-0.82111198
14.4568,6530.6829,18.027206,-65.579872,-139.09906,-0.455145,-0.31028801,-0.80759603
14.4748,6530.7029,12.350742,-67.304123,-135.374786,-0.47568601,-0.292007,-0.78825402
14.4983,6530.7229,7.940364,-69.168549,-132.229507,-0.49467999,-0.28140101,-0.76688999
14.5174,6530.743,4.351702,-70.012863,-129.611328,-0.50548297,-0.27216801,-0.74990302
14.5367,6530.763,0.892492,-69.82888,-127.758446,-0.51107001,-0.25771299,-0.73819798
14.5571,6530.783,-2.21435,-69.865982,-126.348808,-0.518049,-0.244224,-0.726466
14.577,6530.803,-4.44393,-70.428307,-124.986626,-0.52569503,-0.238024,-0.71377498
14.5978,6530.8231,-5.794882,-71.245674,-124.085091,-0.53307903,-0.236417,-0.703282
14.6176,6530.8432,-6.259843,-72.570549,-124.059113,-0.54254001,-0.238281,-0.69570398
14.6407,6530.8632,-5.206061,-75.064102,-124.365097,-0.55505598,-0.25214201,-0.68773502
14.6755,6530.8833,-2.31493,-78.558731,-124.818634,-0.56823301,-0.279304,-0.67997599
14.6838,6530.9034,1.894551,-82.020134,-125.661301,-0.57801199,-0.310689,-0.67619401
14.701,6530.9234,6.501263,-84.426941,-127.319344,-0.58253199,-0.335278,-0.67958403
14.721,6530.9434,11.036761,-85.859344,-129.728149,-0.58383602,-0.351711,-0.68760198
14.7392,6530.9634,15.660779,-86.964081,-132.518372,-0.58422297,-0.36494601,-0.69573802
14.7793,6530.9835,21.137878,-88.292633,-135.611664,-0.58423197,-0.38049701,-0.70138299
14.7847,6531.0035,28.490894,-89.515572,-139.006927,-0.57807201,-0.40263799,-0.70535201
14.7989,6531.0235,37.426891,-90.479088,-142.60463,0.56460398,0.429584,0.70475203
14.8202,6531.0436,46.173843,-90.591949,-146.783218,0.54770702,0.45121399,0.69976997
14.8372,6531.0636,54.217617,-88.990959,-152.260818,0.52775401,0.46511,0.692985
14.8589,6531.0836,61.47007,-84.952263,-159.979248,0.50607401,0.47209901,0.68429798
14.8847,6531.1036,68.060188,-77.091057,-171.346832,0.481929,0.47540501,0.672629
14.9025,6531.1237,73.079666,-63.079502,171.5168,0.456653,0.47495699,0.65984303
14.9387,6531.1437,74.805023,-44.552952,149.718246,0.437491,0.46391201,0.64943898
14.9455,6531.1637,73.493843,-28.984703,130.855286,0.423237,0.44340301,0.64327002
14.9601,6531.1838,71.299576,-15.720342,115.306854,0.40279001,0.42830801,0.63740599
14.9789,6531.2038,68.667206,-3.944496,101.617836,0.378218,0.418917,0.62735999
15.0016,6531.2238,65.402077,6.440092,88.408928,0.35371801,0.40996799,0.60754001
15.0268,6531.2438,61.466694,15.519917,75.665413,0.328742,0.402248,0.576886
15.0421,6531.2639,57.150791,21.732357,65.705193,0.304804,0.39390001,0.543607
15.0825,6531.2839,53.094707,25.196688,58.717201,0.28449601,0.38390601,0.51298702
15.0988,6531.3039,49.805782,27.339224,53.111851,0.27015799,0.37465799,0.483031
15.1044,6531.324,47.294292,29.107019,47.167473,0.26371199,0.36628699,0.447108
15.1313,6531.344,45.360756,31.422302,39.701916,0.26428601,0.361047,0.39981899
15.1472,6531.364,43.964363,34.40971,31.411036,0.269972,0.36083701,0.34636801
15.1652,6531.384,43.13282,37.364277,23.652821,0.27976799,0.36293501,0.2958
15.1869,6531.4041,42.895424,39.931709,16.314217,0.295104,0.363363,0.24771801
15.2003,6531.4241,43.330677,42.465382,8.697659,0.31761101,0.361698,0.19900601
15.216,6531.4441,43.917408,45.900997,-0.360362,0.345474,0.36056301,0.143126
15.2393,6531.4641,43.698109,51.663841,-11.909028,0.37512299,0.36750099,0.074623
15.2564,6531.4841,42.093472,59.565422,-25.393532,0.40596199,0.38373199,-0.004012
15.2767,6531.504,39.47784,67.957268,-38.926098,0.43933901,0.40266699,-0.0821
15.2996,6531.524,36.267521,75.728645,-51.639034,0.47523499,0.41806,-0.1548
15.3293,6531.544,32.436653,82.738548,-63.472,0.51207203,0.42946899,-0.222049
15.3431,6531.564,27.314991,88.661293,-72.13707,0.53631002,0.44943601,-0.27586699
15.3709,6531.584,20.781229,92.307991,-77.850006,0.54290199,0.47337401,-0.32690701
15.3785,6531.604,13.322255,95.518456,-82.944778,0.54540598,0.49932101,-0.37785199
15.3989,6531.624,5.275468,98.649498,-88.947273,0.55217302,0.51959699,-0.43122801
15.4218,6531.6441,-3.590282,101.62516,-94.79509,0.55683601,0.53897101,-0.481298
15.4529,6531.6641,-12.839883,103.805557,-98.940353,0.549564,0.560633,-0.52320099
15.4705,6531.6841,-21.257813,106.042603,-101.539711,0.53802103,0.58250099,-0.55113602
15.486,6531.7042,-27.581308,109.560112,-103.532799,0.53812802,0.59899199,-0.56046599
15.503,6531.7242,-31.24942,114.125107,-105.512276,0.554793,0.605739,-0.55364799
15.518,6531.7442,-33.530273,118.816536,-108.192482,0.581541,0.60225302,-0.54031301
15.5379,6531.7642,-37.67831,123.388908,-109.995949,0.59472603,0.60338801,-0.53068
15.5574,6531.7843,-44.052769,129.136765,-108.633545,-0.58606303,-0.61914599,0.52091002
15.5772,6531.8043,-49.237457,136.795593,-103.958328,-0.57140797,-0.64144897,0.50223601
15.6005,6531.8243,-50.769775,146.524139,-98.507057,-0.57487297,-0.65824199,0.46507999
15.6218,6531.8444,-48.867062,155.635239,-95.572945,-0.60048199,-0.66259402,0.413959
15.6379,6531.8644,-46.718662,164.126923,-92.844032,-0.62094998,-0.66643798,0.36253199
15.6582,6531.8844,-44.769485,174.11554,-87.832527,-0.62641501,-0.67875201,0.30688599
15.6788,6531.9044,-41.583199,-175.997894,-83.46064,-0.63114899,-0.68900901,0.243019
15.7061,6531.9245,-37.252365,-167.590454,-82.664963,-0.64809102,-0.68459201,0.170782
15.728,6531.9445,-32.741428,-160.295853,-83.298561,-0.66425902,-0.67430902,0.0984
15.7388,6531.9645,-27.906574,-153.026703,-82.191025,-0.66271001,-0.67424297,0.027934
15.7597,6531.9846,-22.060278,-147.256485,-81.060814,-0.652973,-0.68072498,-0.040266
15.7795,6532.0046,-15.432541,-142.571503,-81.210182,-0.64355701,-0.684524,-0.110382
15.7969,6532.0246,-8.941827,-137.995605,-82.724937,-0.63601202,-0.68008697,-0.181499
15.8228,6532.0446,-3.359352,-133.96875,-84.991356,-0.62994403,-0.67060101,-0.24411599
15.8417,6532.0647,1.487536,-130.720047,-86.386986,-0.61814302,-0.66631103,-0.29394099
15.8693,6532.0847,6.01297,-128.672211,-87.300323,-0.60486799,-0.66696799,-0.332737
15.8804,6532.1047,10.64994,-127.52153,-88.494362,-0.59376299,-0.668378,-0.36678901
15.9019,6532.1248,15.163906,-126.826378,-90.212509,-0.58629,-0.667476,-0.39756
15.9203,6532.1448,19.462368,-126.019928,-92.415352,-0.58089101,-0.66317201,-0.427122
15.9385,6532.1648,23.297628,-124.687508,-94.444054,-0.57309002,-0.65796298,-0.45513901
15.9715,6532.1848,26.7981,-122.988594,-96.132172,-0.56203002,-0.65354401,-0.481453
15.9872,6532.2049,30.992926,-122.277611,-97.611343,-0.55012101,-0.65288299,-0.50412101
16.0044,6532.2249,35.93816,-122.531891,-98.518684,-0.535173,-0.65672803,-0.523027
16.0255,6532.2449,40.914719,-122.980598,-99.117332,-0.51838899,-0.66102397,-0.53957802
16.043,6532.265,45.37606,-122.316917,-99.760834,-0.49811599,-0.66305703,-0.55805498
16.0695,6532.285,49.164223,-120.195671,-101.029877,-0.47654,-0.66132301,-0.57919002
16.0795,6532.305,52.615101,-116.247864,-103.796814,0.45461699,0.65389901,0.60474902
16.0994,6532.325,56.60714,-110.403976,-109.277512,0.43302199,0.63908702,0.63509297
16.1188,6532.3451,61.222618,-102.39489,-117.350006,0.407047,0.62127203,0.66700602
16.1412,6532.3651,65.630898,-91.398689,-128.017426,0.37477201,0.60380602,0.69757402
16.1601,6532.3851,68.447334,-76.965919,-141.780136,0.34204501,0.58444899,0.72615999
16.1791,6532.4052,68.743629,-61.040359,-156.730957,0.31247699,0.56088197,0.75424302
16.2002,6532.4252,66.389923,-43.566212,-172.515182,0.27669099,0.52758199,0.78866202
16.2212,6532.4452,61.676243,-29.645498,175.538757,0.238782,0.48663101,0.82431102
16.24,6532.4652,56.032784,-19.772602,167.57019,0.20077901,0.44362101,0.85585999
16.2603,6532.4853,50.283569,-12.838937,162.037949,0.16588099,0.40121999,0.88113803
16.3017,6532.5053,44.799557,-8.05196,158.030914,0.136153,0.36079401,0.90026999
16.3033,6532.5253,39.774216,-5.013517,155.294907,0.112878,0.32317701,0.91453201
16.3224,6532.5454,35.250912,-2.998006,153.456146,0.093755,0.28888199,0.92546499
16.3369,6532.5654,31.30982,-1.879866,152.693436,0.079036,0.25845399,0.93452299
16.3572,6532.5854,28.238874,-2.273195,153.005249,0.075631,0.23266999,0.94168901
16.38,6532.6054,26.35392,-3.555256,152.858215,0.082825,0.21440101,0.94437099
16.3989,6532.6255,25.97768,-5.377689,151.731995,0.099152,0.20655499,0.94129997
16.4185,6532.6455,26.981031,-7.867724,150.288025,0.124153,0.20785099,0.933586
16.4401,6532.6655,29.944498,-11.484608,149.891068,0.160107,0.22312699,0.92150003
16.4577,6532.6856,33.784142,-15.824974,150.694382,0.20024,0.245123,0.90680099
16.4814,6532.7056,37.990707,-21.020714,152.296387,0.244083,0.26943001,0.88842797
16.5025,6532.7256,42.043346,-26.295536,154.04744,0.28534099,0.292721,0.86743999
16.5202,6532.7456,46.367725,-31.463333,155.694992,0.32342401,0.31797701,0.84251398
16.5391,6532.7657,50.183475,-36.695965,156.915298,0.359855,0.33732799,0.81549501
16.559,6532.7857,53.49007,-41.924049,156.842834,0.397322,0.34756401,0.78463101
16.5816,6532.8057,58.53632,-47.825153,156.433472,0.43741399,0.36530799,0.740188
16.6011,6532.8257,64.875229,-53.407494,155.430283,0.472534,0.38750401,0.68540603
16.6214,6532.8457,71.079552,-58.812977,154.654984,0.50089002,0.40639299,0.62898999
16.6397,6532.8657,76.588982,-65.515007,156.246918,0.52282703,0.4226,0.57687902
16.6624,6532.8857,81.115135,-78.936157,165.885727,0.54094601,0.438815,0.53128701
16.6876,6532.9057,83.768288,-112.356506,-164.036392,0.56091398,0.45389,0.48738801
16.7047,6532.9257,83.071449,-161.530838,-118.540604,0.58072299,0.46900001,0.43769199
16.7233,6532.9457,78.377136,166.20372,-90.544144,0.60007501,0.487578,0.37532201
16.7481,6532.9657,71.550407,150.442657,-79.652534,0.61695403,0.50695997,0.30157301
16.7642,6532.9857,64.253746,140.680069,-75.350067,0.629031,0.521864,0.222238
16.7794,6533.0057,56.713871,133.534531,-74.062859,0.63657802,0.53270799,0.139358
16.8014,6533.0257,48.940376,127.566521,-74.311378,0.63902199,0.54026198,0.053318
16.8258,6533.0457,41.289787,121.664833,-75.088951,0.63418001,0.54316998,-0.033815
16.8445,6533.0657,34.141171,116.112167,-75.781494,0.62076497,0.544783,-0.114045
16.8599,6533.0857,27.766422,111.717194,-76.40052,0.60270703,0.548136,-0.18087301
16.8781,6533.1057,22.955694,108.005714,-77.253395,0.58631098,0.54640198,-0.233787
16.8971,6533.1256,20.077085,104.507408,-77.929741,0.57260102,0.538302,-0.27189401
16.9198,6533.1456,18.719307,101.217865,-77.923119,0.55973798,0.528032,-0.29599899
16.9616,6533.1656,18.573259,97.665344,-76.95472,0.54541099,0.51550603,-0.30910301
16.967,6533.1856,19.190111,93.968521,-75.178886,0.52987701,0.501908,-0.31374601
16.985,6533.2057,19.929012,90.728188,-72.785072,0.51369101,0.49203199,-0.31145599
16.998,6533.2257,20.770687,87.723961,-70.328255,0.49878699,0.482333,-0.306326
17.0183,6533.2457,21.760176,85.29541,-68.322624,0.488469,0.47255799,-0.29978099
17.0431,6533.2657,22.856537,83.967537,-66.690002,0.48344001,0.46676099,-0.28977299
17.0583,6533.2858,24.793114,83.508835,-64.551193,0.482721,0.464398,-0.26820099
17.0793,6533.3058,28.339977,83.029045,-61.220531,0.48499101,0.45975399,-0.230033
17.1055,6533.3258,33.547703,82.745842,-56.368687,0.48978499,0.455513,-0.17121901
17.1242,6533.3459,40.11702,81.779732,-49.80587,0.49409899,0.448549,-0.095374
17.1409,6533.3659,47.322575,79.015579,-40.901115,0.49372101,0.43778801,-0.007685
17.1625,6533.386,54.077297,73.932793,-29.393415,0.48721799,0.42594701,0.083874
17.1798,6533.406,59.339378,66.98851,-15.952214,0.47534299,0.41758299,0.16997901
17.2016,6533.4261,62.947296,59.157711,-1.394032,0.45915201,0.415445,0.24868099
17.2277,6533.4462,65.189308,50.463287,13.672285,0.441084,0.414592,0.31871799
17.2444,6533.4662,66.149826,41.418861,29.008411,0.41998899,0.41473201,0.38314599
17.274,6533.4863,66.018562,32.788372,44.204193,0.39516601,0.41593599,0.44515699
17.2979,6533.5064,65.24044,25.102516,58.809521,0.36853299,0.41780099,0.50570399
17.3115,6533.5264,64.443413,17.904419,73.027374,0.344987,0.419202,0.56393099
17.3229,6533.5465,64.040558,10.938034,86.291473,0.329835,0.41990301,0.61404598
17.3428,6533.5665,63.721802,4.307374,99.136055,0.317803,0.42221099,0.65890002
17.3633,6533.5866,63.072277,-2.138989,112.149643,0.30506101,0.42504501,0.70164698
17.3858,6533.6067,61.532711,-9.02615,125.105133,0.29505599,0.42138499,0.74161899
17.4088,6533.6267,59.583611,-15.956138,136.767395,0.29324201,0.41306499,0.77358902
17.4353,6533.6468,58.3876,-22.217686,145.474945,0.30265501,0.40715399,0.790142
17.4488,6533.6668,57.820332,-26.676647,152.233475,0.30892,0.40819901,0.80012
17.4632,6533.6869,56.442905,-29.840561,158.826126,0.30695799,0.407478,0.81455499
17.4892,6533.707,53.703846,-32.256306,165.489258,0.30065,0.39913601,0.83435303
17.5044,6533.727,50.542831,-34.788139,171.657913,0.299247,0.38664401,0.85137397
17.529,6533.7471,48.168732,-38.199471,176.988007,0.30875999,0.37763301,0.85887903
17.5419,6533.7672,46.695446,-41.570099,-178.402817,0.32060999,0.37502301,0.86023998
17.5626,6533.7872,45.017517,-44.021778,-174.571274,0.329036,0.37092,0.86231899
17.5853,6533.8072,42.524872,-45.817947,-171.133133,0.33586401,0.36107999,0.86676502
17.6037,6533.8273,39.576359,-48.281887,-167.275772,0.34822899,0.349677,0.86871099
17.625,6533.8473,36.864105,-52.267185,-163.144577,0.371755,0.342035,0.86292601
17.6489,6533.8673,34.604923,-56.804977,-159.714798,-0.400971,-0.33750001,-0.85161
17.6697,6533.8874,32.285,-60.497433,-157.499191,-0.42773801,-0.32996401,-0.84116602
17.6811,6533.9074,29.573544,-63.795097,-155.96019,-0.454577,-0.31832799,-0.83096403
17.7039,6533.9275,26.41144,-67.525795,-153.857697,-0.48409,-0.307365,-0.81710303
17.7224,6533.9475,22.83115,-71.213188,-151.064102,-0.51239699,-0.29839799,-0.800466
17.7404,6533.9676,19.004045,-74.299599,-148.253708,-0.53691602,-0.289469,-0.78341502
17.7637,6533.9876,15.611507,-78.083466,-145.994293,-0.56592703,-0.28335899,-0.76087099
17.7868,6534.0076,13.29657,-82.775452,-143.830597,-0.59729999,-0.28642499,-0.73215401
17.8055,6534.0277,11.438977,-86.444664,-141.755127,-0.62003201,-0.291839,-0.707421
17.8295,6534.0477,8.805444,-89.233177,-140.360626,-0.64027703,-0.288847,-0.68596202
17.8427,6534.0677,5.718782,-91.5662,-139.262589,-0.65894598,-0.28175899,-0.66540098
17.8619,6534.0877,2.978939,-93.875816,-138.010498,-0.67552203,-0.278247,-0.64405
17.8838,6534.1078,0.891584,-97.307388,-136.770111,-0.69602501,-0.28131399,-0.61628699
17.906,6534.1278,-0.347018,-102.103989,-135.79657,-0.72128099,-0.29085201,-0.58153301
17.9301,6534.1478,-1.167705,-107.926506,-135.410141,-0.75042403,-0.30121401,-0.54116899
17.9606,6534.1679,-2.055059,-114.20813,-135.397125,-0.78042299,-0.30957001,-0.496694
17.9682,6534.1879,-3.157545,-120.770889,-135.670792,-0.80995703,-0.31525201,-0.44843501
17.9896,6534.2079,-4.763702,-127.549232,-136.018082,-0.83795297,-0.31859401,-0.39543599
18.0094,6534.2279,-6.885608,-134.8125,-136.266266,-0.86387199,-0.32183301,-0.33525801
18.0345,6534.248,-8.979873,-142.633987,-136.362045,-0.88606399,-0.327728,-0.26890799
18.0646,6534.268,-10.886353,-150.720016,-136.251099,-0.90275598,-0.336602,-0.199295
18.0916,6534.288,-12.507491,-157.986237,-136.458023,-0.91387898,-0.34259301,-0.136594
18.0946,6534.3081,-13.677167,-164.460373,-137.522766,-0.92278302,-0.34136799,-0.082376
18.1043,6534.3281,-14.67753,-170.508911,-139.063461,-0.92970097,-0.33573401,-0.032358
18.133,6534.3481,-15.508451,-176.168594,-140.985031,-0.93496197,-0.32643899,0.013808
18.1441,6534.3681,-15.769631,178.923538,-143.011444,-0.93893898,-0.31541899,0.052338
18.1604,6534.3882,-15.220048,174.347046,-144.133347,-0.93987697,-0.311039,0.087229
18.1818,6534.4082,-14.533668,169.97847,-143.829727,-0.93592697,-0.31726101,0.121477
18.2012,6534.4282,-14.022544,166.267563,-142.895187,-0.92955202,-0.327362,0.15105
18.2219,6534.4483,-13.296194,163.238083,-142.31395,-0.92455399,-0.33334801,0.174007
18.247,6534.4683,-11.830637,160.667236,-142.085617,-0.92174703,-0.33490899,0.190962
18.2611,6534.4883,-10.057526,159.243835,-141.279694,-0.91921198,-0.339724,0.19788501
18.2826,6534.5083,-8.226412,158.505478,-139.086868,-0.91345698,-0.355014,0.19889601
18.31,6534.5283,-6.159009,157.647385,-136.320419,0.90543503,0.37409499,-0.19926301
18.3444,6534.5483,-4.042498,156.442368,-133.692535,0.89670098,0.39129999,-0.201151
18.3481,6534.5683,-2.058785,154.889618,-131.288406,0.88746297,0.406032,-0.20523299
18.3623,6534.5883,0.313937,153.093414,-129.375946,0.87945598,0.41523701,-0.209176
18.3809,6534.6083,3.622597,151.849304,-128.173782,0.87537599,0.41676,-0.205238
18.3993,6534.6283,6.771038,151.915649,-126.214104,0.87017298,0.425262,-0.19010399
18.4224,6534.6483,9.163682,151.127716,-123.032608,0.85797799,0.44286999,-0.181529
18.4459,6534.6683,10.957692,149.536072,-119.803711,0.84354001,0.459952,-0.180066
18.4625,6534.6883,13.048387,147.937256,-117.650406,0.83323598,0.46744901,-0.178223
18.4905,6534.7084,15.55412,146.149841,-115.717148,0.823569,0.47092801,-0.17536201
18.5073,6534.7284,17.844179,143.732285,-112.801849,0.80869401,0.479323,-0.174541
18.5292,6534.7484,19.545044,143.154495,-109.519844,0.79459101,0.49567699,-0.16144601
18.5495,6534.7684,21.663454,143.107895,-106.635864,0.78272599,0.50889897,-0.142735
18.5736,6534.7885,24.263115,142.98143,-104.440788,0.77362299,0.51523101,-0.123219
18.5884,6534.8085,26.985704,142.596848,-102.540543,0.765329,0.51789498,-0.104957
18.6211,6534.8285,29.241184,142.281631,-100.770805,0.75741398,0.52099597,-0.088641
18.6392,6534.8486,31.226088,142.078629,-98.938644,0.74912399,0.52544999,-0.072433
18.6445,6534.8686,33.161846,142.035004,-96.719986,0.73898399,0.53281498,-0.053682
18.6652,6534.8886,34.619671,141.899567,-93.889534,0.72569799,0.54512399,-0.035689
18.6823,6534.9086,35.558201,142.484787,-90.921593,0.71155,0.562437,-0.01546
18.708,6534.9287,37.746521,144.040726,-88.829201,0.70120299,0.57300401,0.015361
18.73,6534.9487,42.022011,146.737152,-87.459198,0.69245499,0.57540601,0.063559
18.7628,6534.9687,47.850281,150.475281,-86.169823,0.67924899,0.57496297,0.127308
18.7703,6534.9888,54.217777,154.658951,-84.548813,0.658158,0.57536799,0.197624
18.7887,6535.0088,60.179592,158.340378,-82.432236,0.63081503,0.577196,0.2633
18.8021,6535.0288,64.987038,160.416519,-79.087975,0.59963,0.58277202,0.316897
18.8263,6535.0488,68.735779,161.792572,-75.188911,0.56799603,0.59129798,0.36197501
18.8452,6535.0689,72.163788,165.625397,-72.800232,0.535128,0.60165602,0.41030699
18.8688,6535.0889,76.085587,173.404068,-73.517494,0.49893001,0.60868901,0.46578601
18.885,6535.1089,80.477341,-176.371109,-78.046944,0.46451101,0.60562003,0.51681602
18.9086,6535.129,84.2146,-167.884338,-82.143936,0.43136099,0.60265601,0.55411202
18.9272,6535.149,87.101868,-166.372787,-79.977303,0.399845,0.60387599,0.57942098
18.9445,6535.169,89.561203,170.104797,-52.701508,0.36833799,0.60661399,0.60172999
18.9685,6535.189,87.981522,10.662477,111.172562,0.33567801,0.60831398,0.62743002
18.9867,6535.2091,85.272659,3.408681,123.3517,0.30196601,0.60637802,0.65685898
19.0066,6535.2291,82.380981,2.528435,128.00412,0.27368,0.59906298,0.68257803
19.0321,6535.2491,79.726204,6.510396,126.110046,0.25111499,0.59020799,0.699637
19.0586,6535.2691,77.219414,11.421582,121.578827,0.23514999,0.57990497,0.70896
19.0796,6535.2891,74.758606,13.777937,119.015007,0.22369701,0.56771499,0.71673799
19.092,6535.3091,72.574425,13.928628,119.337173,0.212313,0.55641198,0.72683102
19.107,6535.3291,70.726006,12.650608,122.031952,0.20014299,0.54672498,0.73991799
19.1314,6535.3491,69.344818,10.757848,126.096306,0.187984,0.53980702,0.754035
19.1508,6535.3691,68.454247,9.080434,129.820999,0.17848501,0.535559,0.76533097
19.161,6535.3891,67.409203,7.082911,131.20459,0.181979,0.525621,0.77033103
19.1821,6535.4092,66.118088,6.961598,128.799744,0.18938001,0.51303297,0.76874799
19.2035,6535.4292,65.208969,8.674075,124.687424,0.192966,0.50547802,0.76293999
19.2237,6535.4492,64.608963,9.48607,122.733856,0.193873,0.50094903,0.76048899
19.2487,6535.4692,64.243011,9.642003,123.977951,0.185992,0.50119901,0.76605201
19.2653,6535.4893,63.916817,11.334496,126.81781,0.16084699,0.50850701,0.77837598
19.2867,6535.5093,63.48967,14.789282,129.316574,0.124405,0.51840001,0.79115701
19.3031,6535.5293,62.266163,17.991482,130.323746,0.093049,0.51965201,0.801193
19.3259,6535.5494,60.344707,20.442986,130.245865,0.068898,0.51326799,0.80937201
19.351,6535.5694,58.700726,22.569715,130.452194,0.046549,0.50791103,0.816311
19.3677,6535.5894,58.265335,24.679724,131.718674,0.024155,0.51033998,0.82123703
19.4095,6535.6094,58.046043,26.939352,133.119766,0.000811,0.51390302,0.825149
19.4169,6535.6295,57.207703,29.416576,134.837845,-0.02801,0.51315898,0.830755
19.4296,6535.6495,55.883881,32.047073,137.34758,-0.063366,0.50821698,0.83799601
19.4443,6535.6695,54.858765,34.026733,140.344696,-0.094893,0.50247002,0.84413803
19.4615,6535.6896,54.474743,35.209698,142.554596,-0.114656,0.499477,0.84706199
19.4833,6535.7096,54.509697,35.561867,143.78212,-0.122486,0.49885499,0.84805
19.5075,6535.7296,54.482517,34.435642,144.812958,-0.118708,0.49632201,0.850474
19.5281,6535.7497,54.253754,32.12315,145.531647,-0.105363,0.49144599,0.85423303
19.5499,6535.7697,54.266541,29.447926,145.457321,-0.085036,0.48835301,0.85632598
19.5849,6535.7898,54.652115,26.776518,144.111328,-0.058116,0.488233,0.85497099
19.5884,6535.8099,55.29562,24.345604,141.110855,-0.025129,0.48991001,0.84908497
19.6101,6535.8299,55.752338,21.622871,137.237228,0.013036,0.488105,0.84048402
19.6285,6535.85,55.910435,18.804649,133.844757,0.048527,0.48203799,0.83172703
19.6467,6535.87,55.825821,16.50635,131.565979,0.07435,0.47454399,0.82511401
19.674,6535.8901,55.59486,14.551787,130.798035,0.090712,0.46724099,0.82241601
19.6877,6535.9102,55.554737,12.876725,130.974686,0.101866,0.462522,0.82162499
19.706,6535.9302,55.835796,11.149851,131.764221,0.112063,0.46039,0.82125598
19.7253,6535.9503,56.278259,9.479415,132.295227,0.12342,0.459324,0.81949002
19.7459,6535.9704,56.694069,7.527945,132.495941,0.13795,0.456927,0.81635797
19.7637,6535.9904,57.069073,5.119942,133.051956,0.15409701,0.45334899,0.81351697
19.7963,6536.0104,57.296303,2.806274,134.03688,0.167346,0.44963601,0.81226802
19.8156,6536.0304,57.172806,0.611261,134.604538,0.180308,0.44322899,0.81106299
19.8371,6536.0505,56.721718,-2.435973,134.647263,0.200351,0.43099299,0.807872
19.8514,6536.0705,56.236115,-5.464387,134.510635,0.220778,0.41789299,0.80378199
19.8711,6536.0905,55.912727,-8.030663,134.489777,0.237921,0.40732601,0.79985702
19.8891,6536.1106,55.724178,-11.479456,134.998047,0.25964099,0.395767,0.79479003
19.9076,6536.1306,55.635269,-16.325861,136.061325,0.28927401,0.38140699,0.78711402
19.9305,6536.1506,55.644878,-22.50518,137.459671,0.32688099,0.363974,0.77526999
19.9444,6536.1706,55.630894,-31.138382,139.003906,0.37976399,0.337915,0.75419903
19.9637,6536.1907,55.74942,-42.003464,140.286728,0.446235,0.30292001,0.71926701
19.9858,6536.2107,56.66037,-52.627861,140.663727,0.51060098,0.26923299,0.67218
20.0049,6536.2307,58.731628,-61.257057,140.515701,0.56044501,0.247188,0.62145001
20.0253,6536.2508,61.051865,-69.641251,141.556824,0.601726,0.231802,0.57225102
20.0454,6536.2708,62.680695,-80.173592,144.156296,0.64575398,0.209378,0.51866698
20.0659,6536.2908,63.7831,-90.840378,147.690598,0.68405098,0.18792,0.46771699
20.0836,6536.3108,64.964806,-100.361053,152.101532,0.71170199,0.177578,0.424822
20.1127,6536.3309,66.143265,-109.187187,157.572037,0.731457,0.177292,0.38973999
20.1275,6536.3509,66.691383,-117.482643,163.961823,0.74690902,0.182827,0.36368299
20.1448,6536.3709,66.166794,-124.321739,170.971039,0.75866801,0.195803,0.35207301
20.1844,6536.3908,64.28196,-129.142105,177.578857,0.76936197,0.212231,0.353349
20.188,6536.4108,61.281487,-131.983444,-177.19986,0.78064299,0.226503,0.36133
20.2017,6536.4308,57.884174,-133.323181,-172.757095,0.78979403,0.242082,0.37405601
20.2249,6536.4508,54.517651,-133.139374,-169.139542,0.794752,0.25849,0.39165601
20.242,6536.4708,50.11372,-132.12529,-166.312241,0.80159497,0.26927701,0.41106001
20.2633,6536.4908,44.402321,-130.807312,-163.159409,0.80974698,0.278853,0.43151999
20.2839,6536.5108,38.513702,-128.141846,-159.240875,0.80914199,0.294815,0.45947599
20.303,6536.5308,33.007801,-123.331413,-155.863724,0.79708898,0.30829301,0.49728099
20.3214,6536.5508,27.152014,-116.942963,-153.155396,0.777439,0.31172699,0.54087198
20.3451,6536.5708,20.844625,-110.483864,-150.409653,0.75488502,0.306052,0.58006799
20.3647,6536.5908,15.00513,-104.747894,-147.263779,-0.73094302,-0.29776701,-0.60988897
20.3957,6536.6108,10.567438,-99.010643,-144.328018,-0.70252401,-0.28886101,-0.63698798
20.4117,6536.6308,7.659313,-92.917686,-141.969803,-0.66880399,-0.27915001,-0.665604
20.4617,6536.6508,5.863016,-86.76236,-139.481354,-0.63064301,-0.272394,-0.69310701
20.4714,6536.6708,4.341182,-81.24472,-136.844299,-0.59443599,-0.266002,-0.71438599
20.4758,6536.6908,2.782577,-76.265373,-134.064178,-0.56091303,-0.25846499,-0.72986102
20.4951,6536.7108,1.444639,-71.955475,-131.388794,-0.53115797,-0.25108299,-0.74050498
20.505,6536.7308,0.359403,-68.628258,-129.538788,-0.508843,-0.24263901,-0.74791199
20.5275,6536.7508,-0.434556,-65.565163,-128.930466,-0.48993701,-0.230519,-0.75771999
20.5461,6536.7708,-1.210717,-62.683704,-128.974854,-0.47328499,-0.215874,-0.76838797
20.5621,6536.7907,-2.191107,-60.27095,-129.473465,-0.46100301,-0.199269,-0.77788401
20.5839,6536.8107,-3.106858,-58.508423,-129.984222,-0.45270699,-0.185078,-0.78477502
20.6032,6536.8307,-3.775809,-57.203514,-130.576477,-0.44673499,-0.173746,-0.79053903
20.6256,6536.8507,-4.145597,-56.104187,-131.467148,-0.44156101,-0.164047,-0.79702699
20.6501,6536.8707,-4.039602,-54.932617,-132.909927,-0.435058,-0.155463,-0.80641299
20.6652,6536.8907,-3.39976,-53.533314,-134.477509,-0.42535099,-0.14974,-0.81778598
20.6863,6536.9107,-2.258896,-52.182911,-135.993149,-0.41432399,-0.148333,-0.82926702
20.713,6536.9307,-0.850424,-51.334297,-137.554352,-0.40617701,-0.150556,-0.83901
20.7256,6536.9507,0.534718,-51.074879,-138.995911,-0.402316,-0.15493099,-0.845846
20.7471,6536.9707,2.283998,-51.389217,-140.434113,-0.40182599,-0.163617,-0.85069102
20.7675,6536.9907,5.048224,-52.488449,-141.609619,-0.40422201,-0.18255199,-0.85263199
20.7851,6537.0107,8.456949,-53.992573,-142.441345,-0.40744799,-0.207936,-0.85207999
20.8088,6537.0307,11.964071,-54.915565,-144.060928,-0.40768501,-0.229444,-0.854294
20.827,6537.0507,16.037138,-55.805576,-147.293488,-0.40994099,-0.248763,-0.858078
20.8497,6537.0707,20.493332,-57.122292,-152.105103,-0.418942,-0.26503101,-0.85931599
20.8702,6537.0907,25.023802,-58.309341,-158.40097,-0.43172601,-0.274959,-0.85724199
20.8918,6537.1107,29.160637,-58.070541,-165.974075,0.439331,0.27580199,0.85474998
20.9192,6537.1308,31.91857,-55.814056,-173.753525,0.43609199,0.26713601,0.85539699
20.9388,6537.1508,33.051327,-52.317604,179.442062,0.423888,0.25325,0.85987699
20.953,6537.1708,33.08609,-49.604027,173.888504,0.41532701,0.236669,0.86258101
20.9798,6537.1909,32.933289,-48.286953,168.394394,0.41638899,0.217678,0.85889
20.9906,6537.2109,33.145138,-48.310257,161.726532,0.42855999,0.194674,0.84490597
21.0119,6537.2309,33.885414,-48.789436,154.185715,0.44439399,0.17044,0.82229501
21.0276,6537.2509,34.852844,-49.08268,147.017914,0.45731699,0.148728,0.79689801
21.0476,6537.271,35.129665,-49.504272,141.356552,0.46736801,0.12654801,0.77521402
21.0775,6537.291,34.656151,-51.127388,137.302094,0.48147801,0.100287,0.75528198
21.0853,6537.311,34.12307,-54.194897,133.795624,0.50302303,0.069386,0.73036498
21.1076,6537.3311,34.321571,-57.574814,129.234451,0.52655202,0.036389,0.69564801
21.1282,6537.3511,34.986267,-59.357693,123.884071,0.53957802,0.008341,0.66123903
21.151,6537.3711,35.395214,-60.02261,118.567001,0.54410797,-0.017086,0.63154501
21.1669,6537.3911,35.005001,-60.213253,114.399139,0.54305601,-0.040456,0.61177701
21.186,6537.4112,34.164436,-61.022739,111.848915,0.54377401,-0.062296,0.59856302
21.2049,6537.4312,33.470295,-62.382301,109.967293,0.54752898,-0.08285,0.58535397
21.2281,6537.4512,33.189167,-63.565788,107.695221,0.55079299,-0.101751,0.56904399
21.2471,6537.4713,33.506611,-64.688988,104.940292,0.55462402,-0.118953,0.54760998
21.2724,6537.4913,34.381386,-65.889313,102.372726,0.56027597,-0.132378,0.52393597
21.29,6537.5113,35.692837,-66.799164,100.229362,0.56613803,-0.13968299,0.50160003
21.3069,6537.5313,37.320068,-67.804832,98.89679,0.57418197,-0.141793,0.48146701
21.3255,6537.5514,39.277515,-68.933365,98.086098,0.58415902,-0.140122,0.46173599
21.3435,6537.5714,41.392963,-69.803162,97.439995,0.59345901,-0.1353,0.44314399
21.3658,6537.5914,44.032181,-71.863495,98.170815,0.60991198,-0.12692399,0.423199
21.3842,6537.6115,47.936825,-75.368401,100.313652,0.63486499,-0.111045,0.39613
21.4039,6537.6315,52.578693,-80.410896,103.902458,0.664249,-0.090333,0.36300901
21.4287,6537.6515,57.391983,-87.688644,110.698807,0.696751,-0.060593,0.331321
21.4446,6537.6715,61.907551,-98.342361,121.16848,0.73040801,-0.025777,0.29725501
21.4689,6537.6915,64.853714,-110.914665,133.324997,0.75883502,0.003746,0.26447701
21.489,6537.7115,65.689133,-123.607872,145.517349,0.78313202,0.025279,0.237443
21.5074,6537.7315,64.763893,-137.76149,159.267502,0.80963701,0.048067,0.209417
21.5248,6537.7515,61.777527,-153.837189,175.126648,0.84007901,0.080551,0.17279699
21.5468,6537.7715,57.179527,-168.380814,-170.353058,0.866391,0.121721,0.12859701
21.5685,6537.7915,53.202877,-178.75354,-161.015152,0.88104302,0.152254,0.083435
21.5886,6537.8115,49.085281,173.37738,-154.14859,0.89048803,0.17975301,0.041547
21.6073,6537.8315,43.048172,168.432861,-148.239258,0.90032101,0.21769001,0.009716
21.6422,6537.8515,35.384296,166.297043,-144.46167,0.911838,0.25414699,-0.016148
21.6469,6537.8715,27.232157,165.309845,-142.055481,0.92133999,0.28491801,-0.041594
21.6695,6537.8915,19.125509,164.444763,-139.356094,0.92402601,0.31823599,-0.067977
21.6896,6537.9115,11.4399,163.952744,-135.964981,0.91863799,0.35647401,-0.091759
21.7164,6537.9315,4.467395,164.253113,-132.352448,0.90763599,0.39492801,-0.109623
21.7309,6537.9515,-2.37152,165.276276,-128.804382,0.89307702,0.43078801,-0.124401
21.7492,6537.9715,-9.083441,167.509048,-125.859718,-0.878465,-0.45862901,0.132388
21.7674,6537.9915,-14.417836,170.830276,-123.824799,-0.86773098,-0.474453,0.128857
21.7845,6538.0115,-17.934639,175.530518,-121.599754,-0.85863,-0.48683599,0.109608
21.8057,6538.0315,-19.804182,-178.758163,-118.96521,-0.84953803,-0.49860001,0.078122
21.8261,6538.0514,-20.595011,-172.463715,-116.674065,-0.84179699,-0.50534999,0.038596
21.8453,6538.0714,-20.369593,-166.532684,-115.818207,-0.83911902,-0.501719,-0.004481
21.8706,6538.0914,-19.194521,-161.206223,-115.848022,-0.83872902,-0.49351799,-0.049063
21.8904,6538.1114,-17.509077,-157.975128,-115.666237,-0.83671099,-0.49188301,-0.080278
21.9326,6538.1315,-15.14577,-155.489731,-114.938942,-0.83174902,-0.497325,-0.108147
21.9408,6538.1515,-11.735739,-151.511169,-114.283928,-0.82357299,-0.50199002,-0.151847
21.9503,6538.1715,-8.030512,-147.389938,-114.607399,-0.81633598,-0.50064301,-0.19938099
21.9696,6538.1915,-4.569923,-143.394211,-115.260933,-0.80794901,-0.49731299,-0.244766
21.9898,6538.2116,-1.134832,-140.316849,-115.583771,-0.79764003,-0.498485,-0.28220999
22.0039,6538.2316,2.693275,-137.849167,-115.230713,-0.78323901,-0.50677103,-0.31533
22.027,6538.2516,6.865818,-135.449829,-114.640228,-0.76523501,-0.51785898,-0.348396
22.0444,6538.2717,11.086582,-132.863953,-113.991989,-0.74404597,-0.52931798,-0.38197601
22.0659,6538.2917,15.05995,-130.236954,-113.54216,-0.72208703,-0.53895402,-0.414056
22.0871,6538.3117,18.87417,-127.878769,-113.239944,-0.70035702,-0.54771203,-0.44292501
22.1074,6538.3317,22.737347,-125.950508,-112.991615,-0.678783,-0.55676198,-0.46837401
22.1283,6538.3518,26.522675,-124.543213,-112.302612,-0.65608501,-0.56853098,-0.48921499
22.1465,6538.3718,30.145203,-123.291512,-111.319168,-0.63197398,-0.58132601,-0.50774503
22.185,6538.3918,33.192802,-121.722939,-110.480522,-0.60839099,-0.591497,-0.52560401
22.1878,6538.4119,35.980316,-120.005196,-109.843674,-0.58535498,-0.59974599,-0.54286802
22.2065,6538.4319,39.364311,-118.338615,-109.618889,-0.56127697,-0.60701102,-0.56103599
22.2255,6538.4519,43.838604,-117.506248,-109.50927,-0.53600001,-0.61584598,-0.577187
22.2455,6538.4719,49.169994,-117.755997,-109.296707,0.510508,0.625799,0.58941603
22.284,6538.492,54.826523,-118.397911,-109.327339,0.48567,0.63332999,0.59954202
22.2904,6538.512,60.311337,-118.135155,-109.981232,0.45934001,0.63701099,0.61125201
22.3043,6538.532,65.207954,-116.042534,-110.854042,0.426451,0.64046001,0.626719
22.3254,6538.5521,69.409149,-111.920166,-112.919418,0.39171401,0.64203203,0.64423603
22.344,6538.5721,72.92421,-105.324341,-117.475243,0.35953701,0.63994801,0.66216898
22.3734,6538.5921,75.713585,-95.366249,-125.46122,0.32963699,0.634727,0.68038201
22.3922,6538.6121,77.516487,-80.889885,-137.993454,0.301496,0.62608999,0.69957501
22.4102,6538.6322,77.87265,-63.711712,-153.254242,0.27594501,0.61427599,0.71947998
22.4314,6538.6522,76.81488,-48.619095,-166.723831,0.254978,0.59966201,0.73890698
22.4592,6538.6722,74.897415,-37.260345,-176.51915,0.236001,0.58362699,0.75784898
22.4747,6538.6923,72.467682,-28.564894,176.721222,0.215299,0.56688601,0.77718699
22.4907,6538.7123,69.677185,-22.214487,172.399307,0.194924,0.54885501,0.79632199
22.5064,6538.7323,66.552017,-17.733202,169.052933,0.179985,0.527354,0.81421101
22.5249,6538.7523,63.329144,-13.69764,165.040024,0.168484,0.50355202,0.82972097
22.5447,6538.7723,60.323227,-10.454044,160.878494,0.160779,0.48032001,0.841452
22.5712,6538.7923,57.357311,-8.23608,157.92157,0.15349001,0.45773801,0.85226798
22.5845,6538.8123,54.442966,-6.64461,156.465286,0.143582,0.43655601,0.86368603
22.6115,6538.8323,51.81731,-6.252054,156.355728,0.13739499,0.41698399,0.87422001
22.6281,6538.8522,49.788235,-6.03003,156.47226,0.132411,0.401804,0.88229102
22.6441,6538.8722,48.410828,-5.871326,156.575363,0.128861,0.39146399,0.88765502
22.6643,6538.8922,47.613308,-5.903306,156.945755,0.126717,0.385571,0.89111602
22.6859,6538.9122,47.563854,-6.145759,157.501495,0.126665,0.38537201,0.89199698
22.7122,6538.9322,48.296501,-6.144272,157.694824,0.126995,0.39133799,0.88972998
22.7256,6538.9522,48.988918,-5.627632,157.334198,0.125177,0.39725301,0.887182
22.7494,6538.9722,48.87883,-4.662393,156.420761,0.120713,0.397102,0.88701701
22.766,6538.9922,47.958942,-3.991473,155.215454,0.118242,0.38987201,0.88882297
22.7923,6539.0122,46.999172,-3.769867,153.875687,0.119454,0.38139799,0.88988602
22.8146,6539.0322,46.719372,-3.923869,152.586914,0.12443,0.377538,0.88814998
22.8256,6539.0522,47.096603,-4.033797,151.723755,0.128813,0.3793,0.88497001
22.8496,6539.0723,47.700783,-3.770069,151.531769,0.12853099,0.38432699,0.882774
22.8711,6539.0923,48.221409,-3.516267,151.577362,0.127386,0.38893899,0.88133001
22.8898,6539.1123,48.518044,-3.735267,151.563889,0.12966201,0.39076799,0.88001102
22.9116,6539.1323,48.665379,-4.663013,151.303467,0.137935,0.38966599,0.87786102
22.9417,6539.1524,49.005173,-5.931148,150.800964,0.149955,0.38894001,0.87397301
22.952,6539.1724,49.692436,-7.328892,150.527237,0.162754,0.39078,0.868963
22.9738,6539.1924,50.44883,-8.621993,150.616043,0.173558,0.39381799,0.864465
22.9904,6539.2125,50.96125,-9.678221,150.535049,0.18266299,0.39521399,0.86071002
23.0102,6539.2325,51.250069,-10.944185,150.273132,0.193537,0.39404899,0.85692298
23.027,6539.2525,51.579258,-12.144135,150.386139,0.20264401,0.39392099,0.85385102
23.0514,6539.2725,52.218285,-13.261238,151.30542,0.208774,0.39781299,0.85153902
23.065,6539.2926,53.070194,-14.737098,152.841003,0.215561,0.40373099,0.849015
23.0895,6539.3126,54.167725,-17.52269,155.353333,0.22853,0.41067001,0.84487402
23.1151,6539.3326,55.537884,-21.612663,159.270798,0.245526,0.420331,0.83924401
23.1331,6539.3527,56.900505,-26.978968,164.430527,0.26595399,0.43120399,0.83204198
23.1501,6539.3727,58.007736,-33.387299,170.200119,0.28998101,0.44127801,0.82276702
23.1665,6539.3927,58.537365,-40.244164,176.380966,0.31444901,0.449359,0.81336999
23.1844,6539.4127,58.442062,-47.164345,-176.83812,0.33667701,0.45687401,0.80493897
23.2041,6539.4328,57.795818,-53.480419,-170.100693,0.35521501,0.46394801,0.79769802
23.2298,6539.4528,56.610085,-58.947338,-164.14299,0.372114,0.46860799,0.79134399
23.2452,6539.4728,54.845577,-64.365631,-158.767319,0.392869,0.470218,0.78358197
23.2653,6539.4929,52.917702,-69.580887,-154.055649,0.41563699,0.471237,0.773525
23.2918,6539.5129,51.162792,-74.418983,-149.976669,0.43776301,0.47343701,0.76147598
23.312,6539.5329,49.349571,-79.962845,-145.845535,0.46419001,0.47724101,0.744358
23.336,6539.5529,47.352585,-86.854034,-140.805283,0.49528101,0.485908,0.71918201
23.3513,6539.573,45.349045,-94.555084,-134.48851,0.52394003,0.50338203,0.68682599
23.374,6539.593,43.25145,-103.040054,-127.437218,0.55096,0.52783799,0.64639199
23.3876,6539.613,40.570049,-112.452194,-120.533562,-0.58144701,-0.55405003,-0.59571499
23.4091,6539.6331,37.05022,-122.152412,-115.441353,-0.61958897,-0.57312697,-0.53622502
23.435,6539.6531,32.600624,-130.541229,-112.386673,-0.65905398,-0.58261502,-0.47547099
23.4492,6539.6731,27.438768,-137.217041,-110.562462,-0.69422901,-0.58628398,-0.417018
23.4771,6539.6931,22.487211,-143.123672,-109.611717,-0.72483099,-0.58666301,-0.36011299
23.4914,6539.7132,17.60811,-149.521072,-109.169342,-0.75373602,-0.58532,-0.29727101
23.5072,6539.7332,11.762392,-156.606369,-109.271217,-0.782327,-0.58071202,-0.22252899
23.5305,6539.7532,4.675727,-164.266861,-110.283943,-0.808981,-0.57027501,-0.13530999
23.549,6539.7733,-2.895519,-172.574554,-111.850372,-0.82722098,-0.55756497,-0.039493
23.5721,6539.7933,-10.684767,178.22702,-113.441017,-0.83148199,-0.54747802,0.063962
23.5952,6539.8133,-18.015276,169.011307,-115.127991,-0.82171202,-0.53996003,0.163403
23.6113,6539.8333,-23.833685,160.262787,-117.476028,-0.80563903,-0.530505,0.24891999
23.628,6539.8534,-27.719877,151.363174,-120.79538,-0.78867197,-0.51620603,0.32342499
23.649,6539.8734,-30.37561,141.822357,-124.422447,-0.766882,-0.50098503,0.39463601
23.6679,6539.8934,-32.762691,133.343185,-127.252068,-0.73966402,-0.49141201,0.455423
23.6912,6539.9135,-35.304901,127.057457,-129.455399,-0.71365899,-0.48639899,0.499993
23.7075,6539.9335,-38.043827,123.457436,-131.025314,-0.69374299,-0.485605,0.52648598
23.7287,6539.9535,-40.912373,122.974609,-131.291382,-0.68123901,-0.49149501,0.53409302
23.7503,6539.9735,-43.527428,123.689728,-131.083954,-0.67291403,-0.498272,0.53424901
23.7791,6539.9936,-46.085144,124.354057,-131.066803,-0.66508901,-0.50334197,0.53430098
23.7951,6540.0136,-49.374435,124.483414,-131.174774,-0.65175498,-0.50944501,0.53809601
23.814,6540.0336,-53.621071,124.898506,-130.775269,-0.63251603,-0.51922297,0.54185301
23.8347,6540.0537,-57.967403,127.483971,-128.756821,-0.61465102,-0.532529,0.53686303
23.8461,6540.0737,-61.637749,133.166733,-124.398033,-0.602135,-0.547656,0.52117002
23.8684,6540.0937,-64.421165,141.888,-117.264427,-0.592255,-0.56487602,0.49812201
23.889,6540.1137,-65.77108,154.32045,-106.927849,-0.58602601,-0.58437699,0.46509999
23.9075,6540.1338,-64.41468,170.118988,-94.466072,-0.58768302,-0.60609198,0.414056
23.9276,6540.1538,-60.569794,-175.239532,-83.838516,-0.591995,-0.62799102,0.35095999
23.9501,6540.1738,-54.963646,-163.363693,-75.783798,-0.59182203,-0.651748,0.28152001
23.9733,6540.1939,-48.430904,-154.38446,-70.901093,-0.58987498,-0.67171401,0.208556
23.9865,6540.2139,-41.55455,-147.456772,-68.906509,-0.58971399,-0.68384898,0.13259
24.0088,6540.2339,-35.043777,-142.605469,-69.18924,-0.59229898,-0.68876898,0.061196
24.0388,6540.2539,-28.774252,-139.768692,-70.24514,-0.59318501,-0.69477999,-0.000825
24.0613,6540.2739,-22.658861,-138.318588,-71.740158,-0.59357798,-0.70161802,-0.055624
24.0766,6540.2939,-16.748049,-137.125626,-73.888908,-0.596035,-0.70400399,-0.108985
24.0854,6540.3139,-11.087502,-135.646927,-76.188919,-0.59734601,-0.70287001,-0.161385
24.1239,6540.3339,-6.374676,-134.93045,-78.091766,-0.59749401,-0.70280898,-0.20116299
24.1337,6540.3539,-2.021823,-135.472122,-79.179649,-0.594836,-0.708803,-0.22883099
24.1501,6540.3739,2.631213,-136.362122,-79.968803,-0.58985102,-0.71662498,-0.255099
24.1908,6540.3939,7.370794,-136.809143,-80.947784,-0.58429402,-0.72119802,-0.28387201
24.1922,6540.4139,12.402607,-136.027679,-81.785248,-0.57291102,-0.72333401,-0.319372
24.211,6540.4339,18.060997,-134.792953,-81.958771,-0.55236602,-0.72787797,-0.35832301
24.2249,6540.4539,24.689884,-134.697647,-81.7686,-0.52783102,-0.73547697,-0.39541501
24.2484,6540.4739,31.512758,-135.199951,-81.703033,-0.50375098,-0.74074101,-0.429795
24.2677,6540.4938,37.436825,-135.324265,-82.02504,-0.48284101,-0.74106503,-0.460199
24.286,6540.5138,41.74585,-134.591232,-82.527596,-0.46511799,-0.73862302,-0.48492301
24.309,6540.5338,44.78326,-133.001648,-83.079018,-0.448596,-0.73539197,-0.50596201
24.333,6540.5538,47.02578,-131.05162,-83.78492,-0.43424299,-0.73162198,-0.52395999
24.3485,6540.5738,49.534279,-129.253906,-84.87439,-0.42112401,-0.726623,-0.54190803
24.3777,6540.5938,53.52227,-127.075211,-86.420471,-0.40105101,-0.71997303,-0.56621498
24.4005,6540.6138,58.342453,-123.319077,-88.734886,0.37197801,0.711182,0.59652197
24.4087,6540.6338,63.399704,-117.392021,-93.100288,0.33998901,0.698147,0.629695
24.4296,6540.6538,68.018394,-109.809998,-100.332016,0.31483799,0.68139797,0.659123
24.4476,6540.6738,71.801826,-100.560699,-109.719673,0.29382801,0.66504401,0.68290001
24.4686,6540.6938,74.70433,-87.138557,-122.486603,0.26883399,0.648956,0.70609498
24.4941,6540.7138,76.620392,-67.991493,-139.542114,0.23395699,0.63396102,0.730272
24.5093,6540.7338,77.105095,-45.437946,-158.809799,0.191182,0.62060899,0.75331599
24.5309,6540.7538,76.131615,-24.659924,-175.110229,0.14227401,0.60896897,0.77405798
24.5593,6540.7738,73.882317,-8.519577,173.108002,0.095285,0.59468502,0.79291701
24.5661,6540.7938,70.797379,2.437182,165.141861,0.057691,0.57651198,0.809708
24.5869,6540.8138,67.85704,8.564223,160.891724,0.031289,0.55916399,0.82285702
24.6119,6540.8338,65.97287,11.182326,159.727997,0.014909,0.547777,0.83111298
24.6302,6540.8538,65.201195,13.063488,159.76123,-0.000292,0.54379398,0.83472502
24.6456,6540.8738,64.858528,16.242485,160.090744,-0.025671,0.54350102,0.83610398
24.6677,6540.8938,63.764236,19.716755,161.224304,-0.058555,0.53711998,0.84014302
24.6891,6540.9137,62.118629,22.490431,162.834534,-0.089663,0.52528399,0.84579301
24.7083,6540.9337,61.040257,24.975422,163.682327,-0.11402,0.51724398,0.84814101
24.7314,6540.9537,60.965927,27.381903,163.612427,-0.131644,0.51690799,0.84585702
24.7521,6540.9737,61.231007,29.985647,163.848282,0.15132,-0.51833701,-0.84157002
24.7724,6540.9937,61.308884,32.735092,165.761765,0.179923,-0.51546901,-0.83683699
24.8007,6541.0137,61.409733,35.130947,168.841934,0.210931,-0.50972903,-0.83081502
24.8178,6541.0337,61.89135,37.062229,171.384583,0.23518801,-0.506661,-0.82316297
24.8278,6541.0537,62.757103,38.61034,172.747513,0.25060299,-0.50828099,-0.81501198
24.8481,6541.0737,63.481632,39.622505,173.744064,0.26079601,-0.50993198,-0.80863899
24.8721,6541.0937,63.939629,39.847668,175.264847,0.26827499,-0.50929898,-0.80432397
24.8876,6541.1137,64.355141,39.484001,176.554001,0.270702,-0.50961399,-0.8017
24.9152,6541.1337,64.972328,38.781109,176.995483,0.26667601,-0.51379901,-0.80007398
24.9319,6541.1537,65.564476,39.143223,176.623215,0.26648,-0.518242,-0.797158
24.9495,6541.1737,65.604378,38.374733,177.294312,0.26409599,-0.51802599,-0.79783398
24.9726,6541.1937,65.375137,36.098019,178.670593,0.25478801,-0.51647401,-0.80209798
24.9887,6541.2137,65.166832,32.103504,179.450546,0.23050199,-0.51864302,-0.81045997
25.0088,6541.2337,65.012543,26.426577,179.23555,0.189272,-0.52443999,-0.82180601
25.0296,6541.2537,64.726799,20.841625,177.783707,0.142571,-0.52931499,-0.83245403
25.0565,6541.2737,64.415878,17.088594,176.152695,0.107948,-0.53100199,-0.83891302
25.0807,6541.2937,63.925243,12.983478,176.216202,0.078503,-0.528853,-0.844468
25.0926,6541.3136,63.526989,6.99101,178.494659,0.044932,-0.52607101,-0.84899402
25.1134,6541.3336,62.978424,0.356751,-177.444214,0.014303,-0.522147,-0.852485
25.1397,6541.3537,61.418663,-5.912077,-171.887802,-0.008153,-0.51186299,-0.85833597
25.1511,6541.3737,58.610687,-11.442136,-165.860397,-0.026325,-0.49402201,-0.86708802
25.1702,6541.3937,54.97398,-16.702499,-160.329544,-0.048949,-0.47195101,-0.87625903
25.1864,6541.4138,51.179008,-22.220854,-155.286942,-0.079077,-0.45120001,-0.88231599
25.2083,6541.4338,47.421455,-27.321569,-150.75145,-0.110577,-0.43268001,-0.88484001
25.2316,6541.4538,43.334347,-31.093811,-146.844879,-0.13724899,-0.411989,-0.88635898
25.2502,6541.4738,38.541157,-33.674271,-143.450943,-0.16058201,-0.38568801,-0.88791102
25.27,6541.4939,32.576225,-35.656116,-140.401154,-0.18606099,-0.350759,-0.88883698
25.2866,6541.5139,25.983459,-37.514973,-137.907608,-0.215984,-0.311194,-0.88706201
25.3171,6541.5339,19.915003,-39.453743,-136.093155,-0.247494,-0.27525499,-0.881724
25.3349,6541.554,14.575934,-41.024704,-134.86879,-0.27537501,-0.24309701,-0.87496102
25.3488,6541.574,10.17926,-41.784782,-134.571671,-0.295656,-0.21361101,-0.87061101
25.3673,6541.594,6.823961,-42.421432,-134.947495,-0.31234699,-0.189612,-0.86785102
25.3943,6541.614,4.66746,-42.792782,-135.625107,-0.32320699,-0.17276099,-0.86703002
25.4099,6541.6341,3.944004,-43.281193,-136.57486,-0.33058301,-0.166067,-0.86774999
25.4357,6541.6541,4.876942,-44.215523,-138.188248,-0.33719,-0.170996,-0.87041497
25.4497,6541.6741,7.567364,-45.486515,-140.334137,-0.34223101,-0.18812899,-0.87430799
25.4678,6541.6942,11.648801,-46.810127,-142.588058,-0.34443599,-0.214949,-0.87768298
25.4879,6541.7142,16.483688,-47.850048,-144.983246,-0.34333801,-0.245709,-0.880216
25.51,6541.7342,21.73205,-48.062336,-147.776108,-0.33644301,-0.276398,-0.883021
25.5265,6541.7542,26.652678,-47.907051,-151.318604,-0.33057901,-0.301934,-0.884736
25.5492,6541.7743,30.751665,-47.520718,-155.286011,-0.32755801,-0.320191,-0.88489699
25.5813,6541.7943,34.715107,-46.126648,-159.856277,-0.32014301,-0.33564901,-0.88507903
25.5976,6541.8143,38.749081,-43.523273,-165.552841,0.30823401,0.34963301,0.88465101
25.6127,6541.8344,42.256935,-40.438931,-172.037964,0.29812199,0.359813,0.88182902
25.6326,6541.8544,44.564541,-37.464481,-178.280548,0.29174399,0.36350399,0.878039
25.652,6541.8744,45.883163,-34.04842,176.20105,0.28182399,0.36357099,0.87628198
25.666,6541.8944,46.813484,-29.772125,170.414658,0.26701,0.36288401,0.87527901
25.693,6541.9145,47.572193,-25.04155,164.033829,0.251138,0.36236501,0.87249398
25.7056,6541.9345,48.273991,-20.13629,157.827438,0.233977,0.36443299,0.86800301
25.7302,6541.9545,49.080994,-15.42421,152.952179,0.214937,0.37162101,0.86341
25.7523,6541.9745,49.989616,-11.467205,148.632034,0.200829,0.380292,0.85682201
25.7704,6541.9945,50.713684,-8.89067,144.166702,0.197993,0.38471401,0.84703702
25.7973,6542.0145,51.150097,-6.582171,138.953674,0.19959299,0.38547301,0.83468699
25.8123,6542.0345,51.461792,-3.134688,133.567032,0.19372299,0.38912699,0.82290298
25.8337,6542.0545,51.613445,0.6651,128.268372,0.18521699,0.393998,0.81116498
25.8464,6542.0745,51.513542,4.533694,122.78624,0.176624,0.39826301,0.798311
25.8699,6542.0945,51.459488,8.243849,118.130409,0.16704901,0.40469801,0.78675002
25.8888,6542.1145,51.161316,11.397449,114.242615,0.158021,0.40944901,0.77703202
25.9127,6542.1344,50.259235,14.214441,110.178284,0.149312,0.40967801,0.76679099
25.9329,6542.1544,49.299915,16.946266,106.35865,0.140025,0.41048899,0.756455
25.9557,6542.1744,48.756744,19.343655,103.061546,0.133316,0.413771,0.74613798
25.9733,6542.1944,48.301102,21.573715,99.570946,0.12908199,0.41716999,0.73392099
25.9878,6542.2144,47.892036,23.369656,96.3116,0.127262,0.41957501,0.721569
26.0058,6542.2344,47.591129,24.645674,93.622467,0.1274,0.42104599,0.71068603
26.0279,6542.2544,47.351398,25.84726,91.38665,0.12680601,0.423154,0.70151103
26.0472,6542.2744,47.124992,27.017458,89.579552,0.12500399,0.42579401,0.69417399
26.0663,6542.2944,46.882103,27.746777,88.329292,0.123766,0.426882,0.68899798
26.0992,6542.3144,46.909584,27.915178,87.784569,0.124955,0.427266,0.686427
26.112,6542.3344,47.48431,27.829052,88.252914,0.12726399,0.43010199,0.688115
26.1299,6542.3544,48.20911,26.975151,90.030533,0.130164,0.43139601,0.69515097
26.1464,6542.3744,48.742741,25.259819,92.864746,0.13321,0.42902499,0.70621097
26.1707,6542.3944,49.213013,22.882338,95.990685,0.139088,0.423951,0.71745598
26.1871,6542.4144,49.944923,20.111141,99.153297,0.149056,0.419094,0.727301
26.2164,6542.4344,50.943623,17.051702,102.916069,0.160321,0.416058,0.73804897
26.2311,6542.4544,51.924168,13.482456,107.758133,0.171029,0.41339499,0.75152898
26.2587,6542.4744,52.427746,9.040383,112.924904,0.184351,0.406106,0.76470399
26.2722,6542.4944,52.496216,4.88667,116.883362,0.198672,0.39652199,0.773417
26.3179,6542.5144,52.442253,1.25059,119.867615,0.212874,0.38726899,0.77875799
26.3201,6542.5343,52.296986,-2.315056,123.536758,0.224401,0.37961799,0.78649902
26.3277,6542.5543,51.788433,-6.233498,129.059662,0.231684,0.37265,0.80075598
26.3482,6542.5743,50.602154,-10.168355,135.854126,0.234216,0.36438599,0.82028198
26.3663,6542.5943,48.783512,-13.294178,141.893143,0.233555,0.35330999,0.83945501
26.3858,6542.6143,46.809139,-15.702011,146.44902,0.233596,0.34057099,0.85477
26.4086,6542.6343,45.068783,-17.725487,150.605331,0.23372,0.33016801,0.86777902
26.4285,6542.6543,43.302315,-19.386654,155.319397,0.230606,0.321839,0.88173199
26.4538,6542.6743,41.131947,-20.456554,160.161606,0.22331899,0.31189701,0.89687002
26.4754,6542.6943,38.796139,-21.204826,163.594833,0.21834999,0.29835901,0.90892601
26.4896,6542.7143,36.903053,-22.209373,165.117111,0.221386,0.28429899,0.91509497
26.509,6542.7343,35.470894,-23.242117,165.943451,0.226932,0.27265999,0.91842902
26.5314,6542.7543,33.938519,-24.023399,167.151794,0.22974101,0.26140499,0.922849
26.5486,6542.7743,32.41861,-24.553972,168.702911,0.230041,0.251342,0.92788899
26.57,6542.7943,31.463346,-24.919895,170.039307,0.229875,0.245718,0.93124402
26.5917,6542.8143,30.908098,-25.063955,171.051468,0.22879399,0.243009,0.93350297
26.6131,6542.8343,30.797367,-25.383032,171.364395,0.230717,0.242364,0.933483
26.6358,6542.8543,31.315411,-26.282932,171.274979,0.238277,0.245408,0.93028998
26.6569,6542.8743,32.255119,-27.365669,171.197388,0.24728,0.25165901,0.925587
26.6738,6542.8943,33.244717,-28.247847,171.203354,0.25440899,0.25866601,0.92115402
26.702,6542.9143,34.168758,-28.645971,170.737732,0.25868201,0.264626,0.91726899
26.7147,6542.9343,35.163811,-28.74275,169.827789,0.261621,0.27048799,0.91317201
26.7351,6542.9542,35.988281,-28.775692,169.036911,0.263834,0.275287,0.90971202
26.7482,6542.9742,36.457077,-28.971348,168.628006,0.26642299,0.27783501,0.90734398
26.7695,6542.9942,36.724915,-29.399494,168.540054,0.270053,0.279149,0.90544897
26.7893,6543.0142,37.088539,-29.816538,168.37291,0.27379,0.28104499,0.90316403
26.8089,6543.0342,37.671783,-30.08918,168.057434,0.27677301,0.28454399,0.90032798
26.832,6543.0542,38.278812,-30.117285,167.622467,0.278148,0.288304,0.89778101
26.8494,6543.0742,38.877647,-29.942333,166.955124,0.27855101,0.291751,0.89532501
26.8738,6543.0942,39.689156,-29.696754,166.190277,0.278745,0.296776,0.89215302
26.895,6543.1142,40.554447,-29.511284,165.545593,0.279176,0.30241501,0.88877898
26.9122,6543.1342,41.518887,-29.254093,164.835876,0.27931899,0.30880299,0.88504899
26.9328,6543.1542,42.888676,-28.924541,163.855682,0.279861,0.317864,0.87952697
26.9604,6543.1742,44.622223,-28.6126,162.919067,0.28070199,0.32983401,0.87257302
26.9727,6543.1942,46.320778,-27.846947,161.958649,0.27835199,0.34234199,0.86651599
27.0015,6543.2142,48.040672,-26.519394,160.627548,0.27317899,0.35531199,0.86066502
27.0109,6543.2342,49.838825,-25.704468,158.991241,0.27323899,0.36712599,0.85227501
27.0358,6543.2542,51.606113,-25.978765,157.156494,0.282345,0.375669,0.840509
27.0521,6543.2742,53.23864,-26.513975,154.920761,0.29481,0.38120699,0.82711202
27.074,6543.2942,54.228107,-25.742306,152.346054,0.29871899,0.38405001,0.818326
27.0857,6543.3142,54.222031,-23.987551,150.106934,0.293686,0.38297901,0.81681001
27.1125,6543.3342,53.399818,-22.335873,148.58934,0.285896,0.37751499,0.82017499
27.1343,6543.3541,52.623455,-21.172382,147.856796,0.27886599,0.373092,0.82415599
27.1484,6543.3741,52.654213,-20.579334,147.661743,0.27528,0.37452,0.82491702
27.1656,6543.3941,53.573723,-19.72311,147.176727,0.27210999,0.382727,0.82185698
27.187,6543.4141,54.854347,-18.290861,146.275375,0.26692501,0.39429101,0.81739902
27.2101,6543.4341,56.013252,-16.975412,145.393875,0.26254901,0.40465501,0.81309098
27.2272,6543.4541,56.983765,-15.932899,144.512802,0.25999001,0.41283599,0.80884802
27.2504,6543.4741,57.955864,-15.077388,143.64357,0.25887901,0.42050999,0.80413097
27.2667,6543.4941,59.006905,-14.240032,142.623596,0.25876901,0.42834899,0.798522
27.2887,6543.5141,59.913078,-13.464679,141.556747,0.25916901,0.43481699,0.79318899
27.3101,6543.5341,60.347546,-12.896632,140.753311,0.25918201,0.437832,0.79018497
27.3405,6543.5541,60.318562,-12.14917,140.080521,0.25654,0.43834299,0.78998297
27.3528,6543.5741,60.030025,-10.969564,138.931381,0.25216499,0.43726999,0.79039198
27.3768,6543.5941,59.494904,-8.957966,136.801941,0.245131,0.434971,0.79052699
27.3953,6543.6141,58.727299,-7.062648,134.66214,0.238159,0.43092301,0.79102898
27.4092,6543.6341,57.723309,-5.428422,133.064102,0.23005299,0.425758,0.79334003
27.4297,6543.6541,56.534954,-3.611709,131.247528,0.22064599,0.41970199,0.79567301
27.4493,6543.6741,55.440533,-1.362998,129.38092,0.208362,0.415975,0.79783499
27.4784,6543.6941,54.558109,0.688985,128.298706,0.19502901,0.414785,0.80103397
27.4893,6543.7141,53.762226,2.914392,128.224655,0.176938,0.41654199,0.80720103
27.5097,6543.7341,53.018696,4.69453,129.641388,0.156571,0.41918701,0.81693
27.5315,6543.754,52.268349,5.096841,132.230347,0.141672,0.41851801,0.827999
27.548,6543.774,51.264973,4.294973,133.657501,0.13903999,0.41071501,0.83465499
27.567,6543.794,50.372543,4.170017,133.586044,0.13732401,0.403844,0.83725899
27.5875,6543.814,49.922657,5.417994,133.696198,0.12633701,0.404434,0.840491
27.6105,6543.834,49.618694,6.380793,135.05513,0.113457,0.40644699,0.84640598
27.6366,6543.854,48.755508,4.8277,137.011658,0.115406,0.397762,0.85311598
27.649,6543.874,47.586678,3.413084,138.050385,0.118906,0.38629401,0.85829699
27.6703,6543.894,46.309109,2.506126,138.721832,0.11975,0.37497601,0.86326098
27.6897,6543.914,44.611111,1.198787,139.404297,0.12258,0.35931501,0.86905098
27.707,6543.934,42.830719,-0.237902,140.316879,0.12574901,0.342794,0.87543201
27.7332,6543.954,41.612358,0.454224,140.980881,0.115133,0.33604899,0.88158
27.7484,6543.974,40.776882,3.332796,141.163879,0.090066,0.33748999,0.88702703
27.7648,6543.994,39.84309,6.17198,141.52684,0.064311,0.33791801,0.89242297
27.7922,6544.014,38.756252,7.50144,142.791565,0.047142,0.33347699,0.89906299
27.8102,6544.034,38.027653,7.385675,144.440857,0.041292,0.32818601,0.90482199
27.829,6544.054,38.313999,5.979047,145.981384,0.048754,0.327788,0.90707898
27.8564,6544.074,39.446144,4.135641,147.047974,0.063079,0.33304,0.90554702
27.8665,6544.094,40.645046,2.617943,147.532867,0.076497,0.33935899,0.90234703
27.8888,6544.114,41.701801,1.739159,147.527542,0.085891,0.34566799,0.89864498
27.9126,6544.134,42.356819,0.839149,147.199722,0.09545,0.34849301,0.895244
27.9272,6544.154,42.529991,-0.15643,146.428177,0.105959,0.346861,0.89205998
27.9474,6544.174,42.550793,-0.852056,145.375366,0.114589,0.34434199,0.88880301
27.9717,6544.1939,42.411057,-2.258229,145.076767,0.12604199,0.33946699,0.88701499
27.9849,6544.2139,42.373955,-3.791343,145.409042,0.136838,0.335713,0.886204
28.0087,6544.2339,42.676674,-4.900982,145.928757,0.144583,0.335924,0.88520497
28.0281,6544.2539,42.94125,-6.574463,146.314087,0.15695401,0.33428499,0.88313699
28.0442,6544.2739,42.755421,-9.082235,146.326614,0.175815,0.32644001,0.88012302
28.0638,6544.2939,42.399639,-10.920766,145.956558,0.19021,0.318241,0.87736398
28.0893,6544.3139,42.2304,-11.507392,145.477325,0.195666,0.31453601,0.87563801
28.1084,6544.3339,42.224358,-10.378261,144.770706,0.18897,0.31636801,0.87563401
28.1258,6544.3539,42.30925,-7.905807,144.04364,0.17227601,0.322606,0.87728399
28.1479,6544.3739,42.35709,-5.186322,143.548447,0.15294901,0.32960501,0.879659
28.1661,6544.3939,41.778713,-5.015533,143.210358,0.15120099,0.325122,0.88076103
28.1916,6544.4139,40.921082,-5.542227,142.865173,0.154116,0.31655699,0.88172603
28.2098,6544.4339,40.388023,-5.574708,142.281448,0.154642,0.31152901,0.88166702
28.2267,6544.4539,40.341629,-5.855953,141.631271,0.158448,0.30949,0.87959498
28.2454,6544.4739,40.766247,-6.350457,141.2547,0.16433799,0.31084901,0.876553
28.2688,6544.4939,41.451611,-6.406121,141.258255,0.16649801,0.316008,0.87440199
28.2867,6544.5139,42.163036,-5.925337,141.348709,0.164386,0.323015,0.873164
28.3058,6544.5339,42.738495,-5.145196,141.209045,0.16031,0.32947099,0.87208498
28.3284,6544.5539,43.209629,-4.482409,140.79071,0.157699,0.33439401,0.87034601
28.3457,6544.5739,43.952065,-4.053777,140.161896,0.15825,0.340437,0.86680698
28.3663,6544.5938,44.828884,-3.619311,139.502533,0.159291,0.34745699,0.86271697
28.3907,6544.6138,45.403252,-3.256666,139.139221,0.159228,0.35236001,0.86031902
28.4087,6544.6338,45.730434,-2.924136,138.945251,0.158225,0.35553101,0.85915703
28.428,6544.6538,46.076939,-2.749074,138.797577,0.158324,0.35845101,0.85784298
28.4478,6544.6738,46.533119,-2.55053,138.611435,0.15868101,0.362207,0.85608298
28.4668,6544.6938,46.993729,-2.337409,138.366577,0.159144,0.36594799,0.85414797
28.4855,6544.7138,47.414642,-2.480685,138.249649,0.161754,0.368523,0.85220701
28.5092,6544.7338,47.816376,-2.869179,138.280502,0.16565201,0.37044099,0.850393
28.5323,6544.7538,48.111366,-3.058667,138.254974,0.167952,0.37205601,0.84904402
28.5476,6544.7738,48.201576,-2.867555,138.090164,0.167321,0.37304899,0.84853399
28.5698,6544.7938,48.212353,-2.745178,137.951889,0.166895,0.37328699,0.84827
28.5859,6544.8138,48.40313,-3.049074,137.954025,0.16966499,0.37382001,0.84718102
28.6059,6544.8338,48.858986,-3.523002,138.060501,0.174071,0.37598401,0.845218
28.6347,6544.8538,49.340904,-3.699858,138.040176,0.17675801,0.379022,0.84321302
28.652,6544.8738,49.576881,-3.69778,137.980042,0.177586,0.38069001,0.84221399
28.6766,6544.8938,49.615116,-3.728902,138.013123,0.177809,0.380934,0.84212899
28.6994,6544.9138,49.652451,-3.78431,138.146271,0.177875,0.381255,0.84230399
28.7128,6544.9338,49.750698,-3.857611,138.367142,0.177944,0.38211399,0.84249198
28.7295,6544.9538,49.86079,-4.076306,138.605774,0.179051,0.38266599,0.84245998
28.7508,6544.9738,50.133797,-4.427238,138.778442,0.181778,0.38394701,0.84144098
28.7686,6544.9937,50.546028,-4.822513,138.951035,0.185183,0.38613901,0.83983397
28.7925,6545.0137,50.918648,-5.208661,139.1465,0.18832,0.38810599,0.83842403
28.8073,6545.0337,51.166275,-5.428079,139.224075,0.1903,0.38943699,0.83738399
28.8257,6545.0537,51.274517,-5.353539,139.130081,0.190354,0.390302,0.83683801
28.8475,6545.0737,51.193344,-5.108516,138.94519,0.18898401,0.39010599,0.83700299
28.8673,6545.0937,50.999912,-4.81969,138.812393,0.18682,0.38929501,0.83779299
28.8848,6545.1137,50.879436,-4.584436,138.735504,0.18504401,0.388962,0.83838701
28.9051,6545.1337,50.858795,-4.508906,138.771729,0.184314,0.38908699,0.83868903
28.937,6545.1537,50.82386,-4.685523,138.931778,0.184972,0.38857201,0.83899599
28.9577,6545.1737,50.750732,-4.973824,139.122391,0.18624701,0.38749999,0.839347
28.9724,6545.1937,50.656876,-5.211047,139.218811,0.187416,0.38626999,0.83958
28.9957,6545.2137,50.593285,-5.159524,139.119583,0.187208,0.385784,0.83960599
29.0056,6545.2337,50.455608,-4.796396,138.853439,0.185083,0.38538501,0.839917
29.0254,6545.2537,50.236412,-4.323238,138.570068,0.181986,0.38468301,0.84063202
29.0688,6545.2737,49.963322,-3.992081,138.384079,0.17944799,0.38332799,0.84158099
29.0813,6545.2937,49.730656,-3.826305,138.279449,0.17795201,0.38192001,0.84235501
29.0901,6545.3137,49.570957,-3.736739,138.211258,0.17708801,0.380889,0.84285498
29.1122,6545.3337,49.443386,-3.740018,138.255554,0.17661899,0.37999901,0.84342599
29.1409,6545.3538,49.365566,-3.869326,138.403915,0.176869,0.379269,0.843934
29.1485,6545.3738,49.355053,-4.026189,138.584122,0.17739999,0.37900999,0.84425598
29.1705,6545.3938,49.375553,-4.005662,138.645096,0.177102,0.37931699,0.84439403
29.1898,6545.4138,49.352749,-3.74089,138.557053,0.175381,0.37978399,0.84462398
29.2255,6545.4339,49.270374,-3.59584,138.504395,0.174264,0.37951201,0.84498
29.2558,6545.4539,49.228756,-3.549966,138.573914,0.173583,0.37944099,0.845397
29.2589,6545.4739,49.255516,-3.55776,138.718353,0.173234,0.37983701,0.84571099
29.2698,6545.494,49.306408,-3.612866,138.87915,0.173244,0.38029999,0.84591597
29.2915,6545.514,49.332962,-3.525348,138.990219,0.1723,0.380918,0.84627599
29.3142,6545.534,49.321194,-3.374085,139.075302,0.17086799,0.38139299,0.84678799
29.3294,6545.554,49.279995,-3.361088,139.197922,0.17025401,0.38130501,0.84730297
29.3491,6545.5741,49.23539,-3.44962,139.359772,0.170252,0.380959,0.84779
29.3659,6545.5941,49.124924,-3.57892,139.507889,0.170425,0.37998399,0.84840602
29.3902,6545.6141,48.963402,-3.76255,139.599899,0.171055,0.37838799,0.84895802
29.4127,6545.6342,48.879047,-3.839835,139.609238,0.17137501,0.37755001,0.84916198
29.4272,6545.6542,48.883865,-3.706211,139.568726,0.170531,0.37790701,0.84922898
29.4495,6545.6742,48.870441,-3.566044,139.53714,0.169561,0.37815899,0.84939402
29.473,6545.6942,48.840687,-3.418711,139.526855,0.168424,0.37834099,0.84968501
29.4872,6545.7143,48.814625,-3.359029,139.508835,0.167972,0.37828901,0.84981197
29.5069,6545.7343,48.796371,-3.335209,139.411514,0.16806801,0.37807801,0.84963202
29.5284,6545.7543,48.80167,-3.322873,139.288345,0.16839699,0.37797201,0.84928
29.5489,6545.7744,48.820744,-3.224293,139.200256,0.168008,0.378268,0.84910601
29.5713,6545.7944,48.852448,-3.235167,139.228531,0.16808,0.37851501,0.84906203
29.5893,6545.8144,48.898453,-3.368439,139.361115,0.168752,0.37867299,0.84908599
29.6085,6545.8344,48.896622,-3.389989,139.397995,0.16878501,0.37865201,0.84916598
29.629,6545.8545,48.798748,-3.248585,139.261841,0.167926,0.378124,0.84932297
29.6532,6545.8745,48.573788,-3.141842,139.166702,0.16684601,0.376607,0.84998202
29.6658,6545.8945,48.32814,-2.894671,138.986984,0.16494,0.37521699,0.85066599
29.6856,6545.9145,48.164509,-2.694949,138.740753,0.163818,0.37421399,0.85080099
29.71,6545.9345,48.003834,-2.769459,138.722046,0.163994,0.372769,0.85118598
29.7286,6545.9545,47.883041,-3.113543,138.853806,0.165794,0.371059,0.85148102
29.7481,6545.9745,47.890736,-3.435018,139.036362,0.167613,0.370453,0.851515
29.7679,6545.9945,47.954407,-3.613752,139.151688,0.16873901,0.37058401,0.85136902
29.7858,6546.0145,48.015713,-3.626495,139.14447,0.169021,0.37099701,0.85112
29.8057,6546.0345,47.904564,-3.455588,139.032364,0.167816,0.370491,0.85142702
29.8296,6546.0545,47.54491,-3.138304,138.864304,0.16502699,0.36846501,0.85261899
29.8472,6546.0745,47.113045,-2.787933,138.634033,0.16197699,0.36590901,0.85389799
29.8658,6546.0945,46.799805,-2.584539,138.407288,0.160319,0.36382899,0.854563
29.8881,6546.1145,46.695793,-2.556677,138.251968,0.16031501,0.362912,0.854491
29.9068,6546.1345,46.716362,-2.565807,138.22995,0.16051,0.36300901,0.85434598
29.9272,6546.1545,46.690662,-2.607871,138.247375,0.160697,0.362717,0.85442299
29.9485,6546.1745,46.605076,-2.413523,138.151352,0.15931299,0.36250901,0.85469502
29.9657,6546.1945,46.461845,-2.151673,138.05014,0.157278,0.36206099,0.85522902
29.9866,6546.2145,46.355091,-2.086113,137.996735,0.156657,0.36137801,0.85551101
30.0077,6546.2344,46.388573,-2.130232,137.972488,0.157157,0.361467,0.85527003
30.0264,6546.2544,46.442051,-2.218439,137.924866,0.158116,0.36154401,0.85483402
30.0451,6546.2744,46.430836,-2.23045,137.891891,0.158278,0.361379,0.85475701
30.0655,6546.2944,46.369278,-2.255167,137.850586,0.158419,0.360787,0.85480201
30.09,6546.3144,46.238377,-2.141706,137.765213,0.157471,0.360021,0.855133
30.107,6546.3344,46.05843,-2.13629,137.702881,0.157116,0.35859999,0.85553998
30.1284,6546.3544,46.00502,-2.15454,137.627258,0.157337,0.35804099,0.85546398
30.1499,6546.3744,46.059502,-2.183626,137.582153,0.15785,0.358302,0.85511398
30.1664,6546.3944,46.111683,-2.26726,137.649719,0.158411,0.35853899,0.85503
30.1881,6546.4144,46.148251,-2.401017,137.78923,0.15907601,0.35861099,0.85513902
30.2065,6546.4344,46.138214,-2.444255,137.870865,0.159115,0.35852101,0.855353
30.2264,6546.4544,46.115013,-2.470602,137.886627,0.159197,0.358291,0.85543799
30.2493,6546.4744,46.108429,-2.446494,137.815781,0.15922,0.35821399,0.85528398
30.2675,6546.4944,46.083679,-2.420768,137.748627,0.159168,0.35801101,0.85520101
30.2886,6546.5144,46.060902,-2.345018,137.703247,0.15868001,0.35800099,0.85524601
30.3095,6546.5344,46.075794,-2.252181,137.686707,0.158081,0.358365,0.855277
30.3275,6546.5544,46.135448,-2.223443,137.691711,0.15802,0.35890499,0.855138
30.3479,6546.5744,46.190617,-2.242312,137.692368,0.158315,0.359265,0.85493398
30.3697,6546.5944,46.258579,-2.256131,137.684921,0.15863401,0.35972399,0.85467201
30.3869,6546.6144,46.320023,-2.285843,137.676575,0.15905599,0.36008501,0.85440701
30.4065,6546.6343,46.293461,-2.219532,137.634613,0.158618,0.36002401,0.85446101
30.4302,6546.6543,46.140343,-2.175213,137.641907,0.15783,0.359016,0.85504103
30.4464,6546.6743,46.013474,-2.141197,137.669006,0.157131,0.358201,0.85557902
30.4665,6546.6943,45.966228,-2.155289,137.75322,0.156839,0.35791999,0.85596102
30.4887,6546.7143,45.98671,-2.384429,137.914871,0.158104,0.35761899,0.856058
30.5067,6546.7343,46.109772,-2.659447,138.092148,0.15995,0.357981,0.85579801
30.5267,6546.7543,46.204338,-2.933107,138.211258,0.16188499,0.35805401,0.85545599
30.5476,6546.7743,46.184589,-2.901941,138.210403,0.16159999,0.35799599,0.85556197
30.5663,6546.7943,46.025517,-2.771583,138.121353,0.16046099,0.35705701,0.85600197
30.5863,6546.8143,45.92067,-2.695824,138.04483,0.15984,0.35638401,0.85622299
30.6091,6546.8343,45.892811,-2.870128,138.008209,0.16117799,0.35560799,0.85596102
30.628,6546.8543,45.915554,-3.028955,138.014587,0.16240799,0.35531801,0.85568202
30.6463,6546.8743,45.850388,-3.200493,138.072754,0.16332699,0.35440201,0.85582203
30.6709,6546.8943,45.782749,-3.186259,138.040466,0.163132,0.35388801,0.85596699
30.686,6546.9143,45.724781,-3.017995,137.975998,0.16191199,0.35385901,0.85620201
30.709,6546.9343,45.675613,-3.10309,138.004318,0.162323,0.35327601,0.85632497
30.7396,6546.9543,45.71682,-3.221063,138.063873,0.16313601,0.35332099,0.85620099
30.7616,6546.9743,45.733723,-3.325654,138.132141,0.163754,0.35323599,0.85619903
30.7749,6546.9943,45.664295,-3.301372,138.128418,0.16339099,0.352779,0.85644799
30.7915,6547.0143,45.590561,-3.20112,138.043976,0.162696,0.3524,0.85657901
30.8087,6547.0343,45.579109,-3.052248,137.981628,0.161743,0.352667,0.85664201
30.8299,6547.0542,45.593311,-3.135996,138.063736,0.162156,0.352642,0.85672098
30.8479,6547.0742,45.648678,-3.310823,138.21228,0.16316,0.35275301,0.85673302
30.8718,6547.0942,45.716545,-3.362978,138.298004,0.16347399,0.35323301,0.85669202
30.8937,6547.1142,45.78997,-3.280514,138.267532,0.163155,0.35398701,0.85648102
30.9114,6547.1342,45.868965,-3.069699,138.172791,0.162092,0.35507101,0.85624301
30.9254,6547.1542,45.956688,-2.898664,138.154556,0.16111501,0.35621101,0.85614502
30.9488,6547.1742,46.011925,-2.908743,138.257431,0.161024,0.35674199,0.85625398
30.9676,6547.1942,46.056061,-2.968415,138.312805,0.16142,0.35697699,0.85618901
30.9857,6547.2142,46.15757,-2.97378,138.264343,0.161893,0.35765699,0.855708
31.008,6547.2342,46.285522,-2.90597,138.195969,0.161956,0.35872301,0.85518402
31.0457,6547.2542,46.397945,-2.863672,138.17749,0.162011,0.359667,0.85482103
31.0657,6547.2742,46.519032,-2.850312,138.211533,0.162141,0.36066499,0.85454202
31.0722,6547.2942,46.646824,-2.899396,138.243469,0.162761,0.361527,0.85414499
31.093,6547.3142,46.751862,-2.88015,138.220932,0.16298001,0.36234099,0.85375899
31.1274,6547.3342,46.785103,-2.760014,138.161942,0.16236401,0.36285999,0.85364598
31.1358,6547.3542,46.808708,-2.625907,138.113266,0.161585,0.36336201,0.85361499
31.154,6547.3742,46.914852,-2.484534,138.053238,0.161019,0.36448899,0.85328698
31.1666,6547.3942,47.066772,-2.329788,137.946335,0.160633,0.36593199,0.85268801
31.1858,6547.4142,47.188915,-2.121884,137.814041,0.159853,0.36727199,0.85218602
31.208,6547.4342,47.323479,-1.959014,137.720566,0.15932199,0.36862701,0.85169202
31.2247,6547.4541,47.648438,-1.798917,137.680847,0.15918,0.37146899,0.85071802
31.2449,6547.4741,48.296177,-1.514164,137.641083,0.159032,0.37707499,0.848827
31.2703,6547.4941,49.064137,-1.424393,137.687439,0.160386,0.38310701,0.84648401
31.286,6547.5141,49.585453,-1.608432,137.833679,0.162719,0.38664499,0.84485799
31.3079,6547.5341,49.667542,-1.696782,137.793137,0.163737,0.38693899,0.84433103
31.3273,6547.5541,49.306599,-1.104604,137.34671,0.15985601,0.38535899,0.84511
31.3455,6547.5741,48.796257,-0.361468,136.863403,0.154521,0.38309401,0.84644598
31.3666,6547.5941,48.304615,0.224587,136.574387,0.14971,0.380795,0.84801602
31.3944,6547.6141,47.966499,0.290973,136.570526,0.148232,0.378483,0.84920698
31.4138,6547.6341,48.009106,-0.100488,136.74971,0.150667,0.37788099,0.84908301
31.4297,6547.6541,48.424942,-0.639147,136.922913,0.155296,0.37961,0.84749103
31.4517,6547.6741,48.947758,-1.145901,136.978348,0.160366,0.38206699,0.845195
31.4689,6547.6941,49.3549,-1.520908,136.88237,0.164619,0.383836,0.84299099
31.4885,6547.7141,49.640751,-1.778718,136.646179,0.168126,0.384839,0.84093302
31.5078,6547.7341,49.849735,-1.684732,136.231201,0.16943599,0.386049,0.83911002
31.5339,6547.7541,49.94677,-1.415464,135.747284,0.16938099,0.38685799,0.83771598
31.556,6547.7741,49.990093,-0.991346,135.359711,0.16772,0.38789001,0.837017
31.5719,6547.7941,49.965775,-0.714068,135.167831,0.166272,0.38827401,0.83692199
31.5872,6547.8141,49.954773,-0.688626,135.092911,0.166307,0.38816199,0.83676898
31.6063,6547.8341,50.025269,-0.840367,135.079956,0.16767,0.388197,0.83626699
31.6309,6547.8541,50.138523,-1.146827,135.171509,0.169934,0.38822699,0.83570498
31.6466,6547.874,50.24662,-1.501893,135.345322,0.17225499,0.38819599,0.83533102
31.6704,6547.894,50.289112,-1.636873,135.460785,0.17297301,0.388271,0.83533102
31.6892,6547.914,50.32954,-1.726695,135.529999,0.173512,0.388399,0.83526498
31.7083,6547.934,50.516338,-1.770394,135.506378,0.174459,0.389599,0.83447599
31.7254,6547.954,50.778294,-2.033129,135.509888,0.17712601,0.39072299,0.833166
31.7479,6547.974,51.091942,-2.326608,135.480225,0.18027399,0.392077,0.83151102
31.77,6547.994,51.34359,-2.490737,135.351624,0.18263701,0.39321101,0.82996398
31.7875,6548.014,51.482567,-2.411727,135.132324,0.18322399,0.39411801,0.82892197
31.8171,6548.034,51.495163,-2.261164,134.908844,0.182941,0.39431599,0.82843
31.8289,6548.054,51.453724,-2.10137,134.750015,0.18221,0.394254,0.82834202
31.8468,6548.074,51.470886,-1.996916,134.638702,0.181889,0.39452499,0.82810301
31.8673,6548.094,51.51683,-1.905445,134.519638,0.181775,0.39495301,0.82771701
31.8871,6548.114,51.498684,-1.844947,134.404404,0.18168101,0.39482599,0.82752001
31.9081,6548.134,51.444309,-1.781393,134.325211,0.18133201,0.394503,0.82756698
31.9306,6548.154,51.416912,-1.696742,134.293961,0.180746,0.394517,0.82770097
31.9533,6548.174,51.431664,-1.63936,134.338318,0.180223,0.39487201,0.82787699
31.9675,6548.194,51.467445,-1.718058,134.429092,0.180586,0.39503101,0.82790798
31.9894,6548.214,51.518539,-1.856986,134.492676,0.181523,0.395073,0.82770401
32.0071,6548.234,51.531635,-1.946076,134.496872,0.182191,0.39489901,0.82752901
32.0271,6548.254,51.487518,-1.876214,134.458832,0.181686,0.394734,0.82767898
32.0497,6548.2739,51.450108,-1.708054,134.39743,0.180571,0.39488599,0.827887
32.069,6548.2939,51.456646,-1.614526,134.393539,0.179928,0.39521801,0.82799798
32.094,6548.3139,51.522072,-1.642608,134.456131,0.18011101,0.395704,0.82791698
32.1314,6548.3339,51.551884,-1.607072,134.438599,0.180004,0.39600301,0.82781303
32.1335,6548.3539,51.495365,-1.525572,134.358093,0.179524,0.39571801,0.82789201
32.18,6548.3739,51.440792,-1.477078,134.332489,0.179098,0.395432,0.82808101
32.1825,6548.3939,51.420616,-1.406415,134.3741,0.17838299,0.395569,0.82839102
32.1936,6548.4139,51.380169,-1.300177,134.450912,0.177228,0.395722,0.82893598
32.2052,6548.4339,51.349545,-1.313398,134.562897,0.176845,0.395632,0.829368
32.2276,6548.4539,51.355831,-1.43526,134.684845,0.177325,0.395491,0.82953298
32.2469,6548.4739,51.391319,-1.573135,134.796356,0.17804401,0.39549899,0.82953602
32.2674,6548.4939,51.467663,-1.683801,134.901688,0.178708,0.395879,0.82941699
32.288,6548.5139,51.545841,-1.734947,135.019241,0.178903,0.39647499,0.82941997
32.3101,6548.5339,51.570255,-1.710043,135.171051,0.178269,0.39696601,0.829835
32.3327,6548.5539,51.565144,-1.664282,135.240784,0.177681,0.397176,0.83013701
32.3536,6548.5739,51.598991,-1.646234,135.215912,0.177736,0.397439,0.82996899
32.3712,6548.5939,51.699173,-1.707937,135.266693,0.17830101,0.39805999,0.82967103
32.3874,6548.6139,51.776089,-1.76477,135.440948,0.178332,0.39871901,0.82983702
32.409,6548.6339,51.766125,-1.8483,135.653931,0.178167,0.398725,0.830387
32.4294,6548.6539,51.737106,-1.943079,135.812576,0.17821801,0.39847401,0.83082199
32.4475,6548.6739,51.74017,-1.964731,135.828644,0.17832799,0.39845601,0.83082598
32.4693,6548.6938,51.7309,-1.891838,135.815018,0.17782,0.39858699,0.83093101
32.4876,6548.7138,51.737743,-1.872483,135.89447,0.177423,0.39881799,0.83117598
32.5097,6548.7338,51.757172,-1.904703,136.039185,0.177209,0.39908701,0.83149099
32.5319,6548.7538,51.686001,-1.855564,136.133835,0.176318,0.39886001,0.83210498
32.5524,6548.7738,51.52713,-1.610409,136.161438,0.17398299,0.39847401,0.83312798
32.5718,6548.7938,51.332947,-1.453284,136.153717,0.172306,0.39751101,0.834032
32.5995,6548.8139,51.197948,-1.440623,136.159302,0.171804,0.39656901,0.83454603
32.6153,6548.8339,51.08812,-1.374278,136.125595,0.171119,0.395913,0.83493203
32.6281,6548.8539,51.028271,-1.200102,136.084808,0.169817,0.395933,0.83528101
32.6486,6548.8739,50.999207,-0.941899,136.098862,0.16780099,0.39651,0.835805
32.6694,6548.894,51.007641,-0.881386,136.141663,0.167236,0.39681399,0.83599102
32.686,6548.914,51.060421,-0.962902,136.112015,0.16808701,0.39691499,0.83559799
32.712,6548.934,51.025143,-1.007922,136.006119,0.168679,0.39636701,0.83534098
32.7388,6548.954,50.864445,-0.875542,135.835434,0.167833,0.395336,0.83558899
32.7502,6548.9741,50.606819,-0.554851,135.606232,0.16552299,0.394079,0.83626598
32.7685,6548.9941,50.48336,-0.332107,135.401123,0.164235,0.39355001,0.83639801
32.7858,6549.0141,50.450985,-0.250747,135.296967,0.163902,0.39340901,0.83631301
32.8089,6549.0342,50.358875,-0.187859,135.238327,0.163368,0.39284199,0.83654302
32.83,6549.0542,50.258877,0.011335,135.150421,0.16191401,0.39258701,0.83690399
32.8469,6549.0742,50.18298,0.254777,135.024734,0.160337,0.39258999,0.83712697
32.8728,6549.0942,50.120422,0.406965,134.967896,0.15922999,0.39251301,0.83738101
32.8905,6549.1143,50.07312,0.447414,135.1129,0.15829401,0.39249,0.83803499
32.9086,6549.1343,50.092739,0.374297,135.433685,0.15778901,0.39285699,0.83882803
32.9341,6549.1543,50.208084,0.324708,135.688873,0.15762199,0.393904,0.83912599
32.9674,6549.1744,50.29644,0.418533,135.741455,0.15701801,0.39490101,0.83910799
32.9797,6549.1944,50.261848,0.561157,135.762619,0.155797,0.39509901,0.83948398
32.9904,6549.2144,50.197361,0.645073,135.920792,0.15444399,0.395089,0.840285
33.0117,6549.2344,50.18161,0.558249,136.202423,0.154063,0.395098,0.84104902
33.0312,6549.2545,50.273624,0.290058,136.49675,0.155288,0.395385,0.84123302
33.0611,6549.2745,50.428368,0.041753,136.688232,0.156902,0.39605701,0.84091997
33.0825,6549.2945,50.511978,-0.088071,136.788803,0.15775,0.396431,0.84074497
33.0931,6549.3146,50.553997,-0.152684,136.915085,0.15790901,0.396725,0.84087801
33.1157,6549.3346,50.591816,-0.27711,137.080597,0.15835799,0.396871,0.84105402
33.1421,6549.3547,50.613689,-0.413949,137.167023,0.159126,0.39675501,0.841039
33.1516,6549.3747,50.622913,-0.552269,137.209335,0.16002101,0.39648199,0.84093601
33.1718,6549.3948,50.669998,-0.819998,137.314255,0.16175701,0.3962,0.84069997
33.1891,6549.4148,50.760456,-1.11093,137.396225,0.163864,0.39614001,0.84020603
33.2135,6549.4348,50.870544,-1.144004,137.375732,0.164489,0.396824,0.83971298
33.2303,6549.4549,50.929012,-0.994175,137.330963,0.16371199,0.39762399,0.83959198
33.2494,6549.4749,50.913151,-0.870511,137.345291,0.16271099,0.39788601,0.83986503
33.2673,6549.4949,50.916985,-0.969756,137.477295,0.162991,0.39781499,0.840092
33.299,6549.5149,51.067886,-1.295923,137.693054,0.165057,0.39829299,0.839715
33.3116,6549.535,51.266003,-1.624012,137.840744,0.16749901,0.399021,0.83895999
33.3331,6549.555,51.327377,-1.713207,137.887375,0.16816001,0.39928401,0.838745
33.3476,6549.575,51.236992,-1.590358,137.90654,0.166943,0.39899999,0.839302
33.3736,6549.5951,51.107719,-1.423774,137.890137,0.16542,0.39850301,0.83995599
33.3911,6549.6151,51.024635,-1.295284,137.817154,0.1645,0.398155,0.84022599
33.4102,6549.6351,51.034599,-1.218135,137.739517,0.164232,0.398339,0.840078
33.4351,6549.6551,51.13369,-1.200076,137.675247,0.164601,0.399028,0.83956802
33.4589,6549.6752,51.099033,-1.087194,137.623413,0.163857,0.39902401,0.83970302
33.4776,6549.6952,50.961197,-0.898012,137.557007,0.162313,0.39846,0.84026802
33.5006,6549.7152,50.828838,-0.726819,137.450134,0.161054,0.397829,0.84066701
33.5157,6549.7353,50.714668,-0.45316,137.295059,0.15925901,0.397562,0.84100199
33.5299,6549.7553,50.733135,-0.424158,137.230499,0.15932301,0.39769199,0.84079099
33.551,6549.7753,50.907593,-0.596758,137.308029,0.160818,0.39858299,0.84016401
33.5715,6549.7953,50.957218,-0.666735,137.430191,0.161047,0.398918,0.84024298
33.5907,6549.8154,50.732906,-0.562119,137.564468,0.15917601,0.39775699,0.84156197
33.6287,6549.8354,50.541977,-0.453699,137.633575,0.157598,0.39675799,0.84257698
33.6342,6549.8554,50.53479,-0.459723,137.645966,0.157579,0.396705,0.84262902
33.6555,6549.8755,50.719948,-0.62711,137.713348,0.1591,0.39768201,0.84194398
33.6741,6549.8955,51.025261,-0.972259,137.862671,0.161974,0.399151,0.84081399
33.6885,6549.9155,51.335697,-1.377558,138.106216,0.164961,0.40062499,0.83983099
33.7096,6549.9355,51.455269,-1.607062,138.309341,0.166262,0.40114501,0.83965099
33.7312,6549.9555,51.348579,-1.619219,138.434662,0.16562,0.40050599,0.84037101
33.7516,6549.9755,51.257568,-1.531933,138.424927,0.164764,0.400069,0.84079403
33.7698,6549.9955,51.303467,-1.495936,138.352539,0.16487899,0.40040499,0.84047699
33.7947,6550.0155,51.471577,-1.667258,138.349579,0.16660701,0.40115201,0.83961999
33.8097,6550.0355,51.669487,-1.874837,138.42395,0.16840801,0.40212801,0.838817
33.8322,6550.0555,51.819336,-1.859353,138.447144,0.168622,0.40330899,0.83836597
33.8526,6550.0755,51.87672,-1.746971,138.434769,0.168,0.40403199,0.83828902
33.8775,6550.0955,51.876606,-1.728412,138.478378,0.16771001,0.40414801,0.83844
33.8942,6550.1155,51.954216,-1.829716,138.592133,0.16826101,0.40459901,0.83833301
33.916,6550.1355,52.118374,-1.993533,138.729797,0.16941699,0.40554699,0.83788502
33.9328,6550.1555,52.283237,-2.137383,138.876953,0.17039099,0.40657201,0.83748698
33.9495,6550.1755,52.383522,-2.360487,139.043594,0.171698,0.40693101,0.83725601
33.9713,6550.1955,52.340767,-2.40153,139.055695,0.171841,0.406519,0.837385
33.9868,6550.2155,52.301025,-2.280294,139.012009,0.171004,0.40650201,0.83758903
34.015,6550.2355,52.333763,-2.246623,139.003098,0.17087699,0.40682399,0.83749503
34.0322,6550.2555,52.427937,-2.336785,139.052094,0.17161299,0.40733701,0.83715302
34.0512,6550.2755,52.565567,-2.416372,139.061783,0.172526,0.40814099,0.836555
34.07,6550.2955,52.717617,-2.407009,139.008575,0.173052,0.40920499,0.83586001
34.0947,6550.3155,52.827164,-2.292446,138.930099,0.17278901,0.41021401,0.83540797
34.1115,6550.3355,52.892162,-2.205423,138.923126,0.172353,0.41092601,0.83527899
34.1352,6550.3555,52.939579,-2.047651,138.899963,0.171413,0.41168201,0.83527601
34.1543,6550.3756,52.995419,-1.875299,138.846146,0.1705,0.41249499,0.83517599
34.1878,6550.3957,53.105286,-1.687946,138.766342,0.169718,0.41370699,0.83482498
34.1906,6550.4157,53.264107,-1.536765,138.726883,0.16918799,0.41523501,0.834351
34.2118,6550.4358,53.407852,-1.488218,138.728745,0.16921601,0.41642499,0.83389598
34.2286,6550.4558,53.483025,-1.418473,138.705811,0.16899499,0.417135,0.83365703
34.2546,6550.4759,53.486694,-1.303234,138.70784,0.16815899,0.417487,0.83381802
34.2736,6550.496,53.454952,-1.253451,138.766815,0.167496,0.41747999,0.83417302
34.2902,6550.516,53.409382,-1.292459,138.835403,0.16740701,0.41713899,0.83447498
34.3118,6550.5361,53.364647,-1.440277,138.955078,0.167928,0.41657501,0.83475798
34.3333,6550.5562,53.381924,-1.697084,139.111099,0.169278,0.41621801,0.83474898
34.3528,6550.5762,53.461731,-1.93973,139.273666,0.17066699,0.41637,0.834544
34.3735,6550.5963,53.549179,-2.040763,139.386963,0.171222,0.41690001,0.83438098
34.3986,6550.6163,53.586102,-2.070763,139.4487,0.171313,0.41718,0.834369
34.4226,6550.6364,53.567448,-2.140879,139.479874,0.171661,0.41689599,0.83442003
34.4347,6550.6565,53.555752,-2.143887,139.435104,0.17181499,0.41673499,0.83433503
34.4534,6550.6765,53.558868,-2.124252,139.379089,0.171884,0.41672799,0.834198
34.4719,6550.6966,53.549755,-2.117621,139.348755,0.171922,0.41663399,0.834158
34.4918,6550.7166,53.544823,-2.099233,139.311386,0.171911,0.41659299,0.83410001
34.5208,6550.7367,53.556614,-2.104838,139.28743,0.17207,0.416628,0.83398098
34.5402,6550.7568,53.564098,-2.165509,139.291382,0.172517,0.41652,0.83387297
34.5612,6550.7768,53.570724,-2.295574,139.364822,0.173214,0.416318,0.83385599
34.5719,6550.7969,53.555473,-2.43891,139.418213,0.174023,0.41588899,0.83384401
34.5948,6550.817,53.540508,-2.493459,139.435501,0.174318,0.415654,0.83386499
34.6139,6550.837,53.53043,-2.530385,139.454346,0.174492,0.41550601,0.83389902
34.6337,6550.8571,53.513237,-2.577576,139.481491,0.174692,0.41529,0.83396697
34.6518,6550.8771,53.482891,-2.633786,139.626984,0.174495,0.41513199,0.8344
34.6688,6550.8972,53.446312,-2.722539,139.871475,0.174161,0.41499001,0.835078
34.6935,6550.9172,53.445198,-2.792922,140.034439,0.174081,0.41503501,0.83542502
34.7171,6550.9373,53.46183,-2.800243,140.06427,0.174069,0.41518301,0.83543301
34.7394,6550.9573,53.481842,-2.819635,140.030273,0.174385,0.415225,0.835235
34.7543,6550.9773,53.502644,-2.866612,140.043182,0.174734,0.41526899,0.83512002
34.7783,6550.9973,53.480518,-2.869017,140.031235,0.174738,0.41508099,0.83516699
34.7892,6551.0173,53.437885,-2.832267,139.994629,0.174493,0.41481301,0.83528203
34.8139,6551.0373,53.455181,-2.825752,139.946899,0.17466301,0.41488501,0.835096
34.8382,6551.0573,53.498638,-2.887945,139.956024,0.17519499,0.41504699,0.83486301
34.8531,6551.0773,53.534515,-2.985272,140.07341,0.17557099,0.41522199,0.834903
34.8744,6551.0973,53.564617,-3.067266,140.226105,0.17569201,0.415452,0.83508402
34.8959,6551.1174,53.590672,-3.152524,140.404953,0.175731,0.41568401,0.83534598
34.9157,6551.1374,53.595257,-3.263804,140.557129,0.176002,0.415647,0.83557397
34.9437,6551.1574,53.612022,-3.373052,140.659088,0.17647099,0.415629,0.835621
34.9611,6551.1774,53.703136,-3.47662,140.73114,0.177193,0.41612899,0.83531302
34.9736,6551.1975,53.808723,-3.59416,140.827515,0.177963,0.41673601,0.834993
34.9965,6551.2175,53.859245,-3.638834,140.897659,0.178159,0.41709599,0.83492202
35.0129,6551.2375,53.868172,-3.522144,140.866898,0.177443,0.417431,0.83498597
35.0314,6551.2576,53.85891,-3.400498,140.797333,0.176787,0.417586,0.83502001
35.0559,6551.2776,53.841591,-3.370023,140.731628,0.176761,0.41744,0.83495402
35.0718,6551.2976,53.837589,-3.403194,140.695267,0.17712501,0.41726401,0.83481902
35.0977,6551.3176,53.849152,-3.422381,140.717697,0.177212,0.41733199,0.83480603
35.1174,6551.3377,53.8521,-3.453868,140.803879,0.17713501,0.41740099,0.83498102
35.1357,6551.3577,53.820026,-3.554499,140.942398,0.177284,0.417106,0.83532298
35.1516,6551.3777,53.761559,-3.692758,141.057388,0.177729,0.41647699,0.83564401
35.1731,6551.3978,53.6833,-3.831368,141.140198,0.17824601,0.41565201,0.83595097
35.1912,6551.4178,53.609985,-3.919502,141.243607,0.178334,0.41503301,0.83637202
35.2098,6551.4378,53.536068,-3.978713,141.345825,0.178215,0.41448501,0.83683801
35.2332,6551.4578,53.477158,-4.052285,141.475128,0.178141,0.41405201,0.83729601
35.2504,6551.4779,53.438622,-4.2392,141.653061,0.178771,0.41353899,0.837632
35.2743,6551.4979,53.423611,-4.468568,141.785721,0.179933,0.413017,0.83768803
35.2962,6551.5179,53.426453,-4.67733,141.922256,0.18097401,0.412691,0.83771598
35.3125,6551.5379,53.424427,-4.874061,142.102936,0.181757,0.412433,0.83789802
35.3334,6551.558,53.39537,-5.151182,142.307312,0.18298,0.41179901,0.83811599
35.3512,6551.578,53.374924,-5.503544,142.511902,0.18477499,0.41102999,0.83817798
35.3704,6551.598,53.438797,-5.75186,142.682465,0.18612701,0.411116,0.83798802
35.3916,6551.6181,53.602386,-5.848285,142.859894,0.18657,0.41236401,0.83767599
35.4131,6551.6381,53.764,-6.04979,143.121124,0.18746901,0.41345599,0.83741897
35.4342,6551.6581,53.891079,-6.383117,143.414154,0.189132,0.41399899,0.837156
35.4568,6551.6781,54.037552,-6.798491,143.775787,0.191182,0.41459301,0.836851
35.4727,6551.6981,54.30442,-7.306417,144.239944,0.193785,0.416026,0.83617198
35.4914,6551.7181,54.64349,-7.83905,144.746048,0.19654299,0.418024,0.83524698
35.5121,6551.7381,54.952419,-8.420248,145.210953,0.19971199,0.419622,0.83421803
35.5343,6551.7582,55.178181,-8.999043,145.558868,0.2031,0.42041901,0.83319497
35.5559,6551.7782,55.270237,-9.525783,145.776428,0.206311,0.42013201,0.83244503
35.5729,6551.7982,55.25473,-9.95852,145.90802,0.208942,0.41913399,0.83206397
35.594,6551.8182,55.150501,-10.197535,145.932312,0.210389,0.417779,0.83211201
35.6123,6551.8383,54.964138,-10.189795,145.838394,0.210317,0.41623399,0.83263499
35.6315,6551.8583,54.73909,-9.963094,145.622818,0.209015,0.41474801,0.83339399
35.6554,6551.8783,54.531384,-9.733516,145.325241,0.208012,0.41325501,0.83386397
35.6764,6551.8984,54.393082,-9.546823,145.051956,0.207362,0.41221699,0.83403498
35.6929,6551.9184,54.27367,-9.368653,144.806564,0.206706,0.41135201,0.83418298
35.7175,6551.9384,54.096027,-9.281638,144.592514,0.206477,0.40986899,0.83447599
35.7364,6551.9584,53.876347,-9.17712,144.37764,0.20603,0.40811801,0.83495897
35.7575,6551.9785,53.67379,-9.029591,144.171173,0.205267,0.406627,0.83546799
35.7741,6551.9985,53.488392,-8.88984,144.00238,0.204456,0.405314,0.83599001
35.7916,6552.0185,53.305302,-8.841322,143.934296,0.20395499,0.403952,0.83660901
35.8155,6552.0386,53.153889,-8.873892,143.958099,0.203788,0.40277299,0.83720398
35.8427,6552.0586,53.056469,-8.949156,144.027252,0.203889,0.401963,0.83763498
35.8539,6552.0786,53.005089,-8.969751,144.098846,0.20367999,0.40165001,0.83798999
35.8718,6552.0986,52.993473,-9.043097,144.204697,0.203821,0.40155399,0.83818901
35.8928,6552.1187,53.000515,-9.119601,144.243622,0.20425899,0.40147001,0.83813101
35.9116,6552.1387,52.969517,-9.110992,144.178513,0.20435899,0.40114501,0.83809102
35.9331,6552.1587,52.878891,-9.005222,144.089172,0.20370699,0.40059,0.83839101
35.9541,6552.1788,52.765827,-8.921511,144.085266,0.202869,0.39996001,0.83896601
35.978,6552.1988,52.694435,-8.976293,144.194595,0.202738,0.39947,0.83943897
35.9946,6552.2188,52.676441,-9.106646,144.297943,0.20329501,0.39916801,0.83955503
36.0144,6552.2388,52.647655,-9.265463,144.376755,0.204124,0.39866599,0.83959502
36.0314,6552.2589,52.599361,-9.357952,144.45993,0.204412,0.39820299,0.83983999
36.0838,6552.2789,52.531269,-9.375141,144.525162,0.20417,0.39776099,0.84024698
36.0846,6552.2989,52.459724,-9.31296,144.50708,0.203628,0.39735699,0.84058499
36.0928,6552.319,52.415031,-9.151559,144.415573,0.202668,0.39728999,0.84079897
36.1113,6552.339,52.402699,-8.992648,144.329926,0.201773,0.39747199,0.84089702
36.1456,6552.359,52.424225,-8.943805,144.362457,0.20134699,0.39782199,0.84098703
36.1605,6552.3789,52.495777,-9.016396,144.510895,0.20151401,0.39842701,0.84098101
36.2048,6552.3989,52.641441,-8.9856,144.599564,0.20128299,0.39976099,0.84070897
36.21,6552.4189,52.802002,-8.865089,144.597702,0.20073999,0.40128499,0.84029502
36.2178,6552.4389,52.922291,-8.785988,144.567169,0.200518,0.402345,0.83988702
36.2316,6552.4589,53.030251,-8.765257,144.571228,0.20057701,0.403218,0.83951497
36.2526,6552.4789,53.202415,-8.782844,144.676773,0.200692,0.40464801,0.839095
36.2729,6552.4989,53.414463,-8.871037,144.857269,0.20113701,0.40632299,0.83858901
36.2912,6552.5189,53.607075,-9.023432,144.982132,0.20220301,0.40758601,0.83789498
36.3121,6552.5389,53.772854,-9.187016,145.034637,0.203549,0.40849099,0.83709198
36.3342,6552.5589,53.91481,-9.328627,145.067841,0.204752,0.40924099,0.83636701
36.3526,6552.5789,54.038486,-9.387407,145.047287,0.205504,0.40997601,0.83571798
36.3727,6552.5989,54.161285,-9.314265,144.966553,0.20550799,0.410943,0.83515
36.3897,6552.6189,54.276443,-9.264367,144.860672,0.20575801,0.411746,0.834503
36.4096,6552.6389,54.357281,-9.40904,144.733795,0.207431,0.41173801,0.83358502
36.4344,6552.6589,54.447746,-9.520124,144.570618,0.20900901,0.41182199,0.83258802
36.4525,6552.6789,54.679878,-9.415573,144.305374,0.20968001,0.413349,0.83114302
36.4796,6552.6989,54.992626,-9.24038,144.113602,0.209749,0.415797,0.82969701
36.4974,6552.7189,55.378109,-9.163582,144.056686,0.210198,0.41876501,0.82813299
36.5124,6552.7389,55.736485,-9.308474,144.15773,0.211612,0.421222,0.82668698
36.5326,6552.7589,56.003723,-9.564375,144.284561,0.213535,0.42275301,0.82546401
36.5519,6552.7788,56.139,-9.741426,144.292328,0.215055,0.42329499,0.82460099
36.57,6552.7988,56.27206,-9.70734,144.171722,0.215525,0.424146,0.82379502
36.5951,6552.8188,56.459618,-9.471703,144.006851,0.214825,0.42585799,0.82302397
36.6125,6552.8388,56.643024,-9.275242,143.926605,0.21408901,0.427591,0.82242203
36.6333,6552.8588,56.798985,-9.247087,143.950363,0.214118,0.42886299,0.821895
36.654,6552.8788,56.955929,-9.367314,143.997833,0.215123,0.429786,0.82115
36.6767,6552.8988,57.107056,-9.476219,143.97435,0.216299,0.43056399,0.82025498
36.6938,6552.9188,57.242546,-9.453293,143.843536,0.216903,0.43137699,0.81938303
36.7133,6552.9388,57.389797,-9.219333,143.578369,0.21653301,0.43259099,0.818497
36.7364,6552.9588,57.510693,-8.905366,143.292572,0.21562301,0.43379,0.81781298
36.7638,6552.9788,57.644157,-8.647656,143.058167,0.214954,0.43502799,0.81710601
36.7757,6552.9988,57.827488,-8.492556,142.89946,0.21484099,0.43649501,0.81620198
36.7931,6553.0188,58.010956,-8.411698,142.770599,0.215148,0.43781599,0.81523699
36.8219,6553.0388,58.149868,-8.234726,142.584824,0.21489801,0.43896499,0.81448197
36.8341,6553.0588,58.269791,-7.940657,142.360626,0.213928,0.44022399,0.81391799
36.8599,6553.0788,58.362099,-7.63376,142.150192,0.21276,0.44134301,0.81352901
36.8709,6553.0988,58.442173,-7.489811,142.090134,0.212146,0.44220799,0.81329697
36.8902,6553.1188,58.51059,-7.504877,142.158127,0.21214101,0.44279099,0.81316799
36.9123,6553.1388,58.557117,-7.587647,142.246201,0.21249001,0.44306701,0.81305999
36.9353,6553.1588,58.643021,-7.624101,142.27684,0.212818,0.44365001,0.81271499
36.9599,6553.1787,58.715816,-7.614169,142.278305,0.212901,0.44420901,0.81243199
36.9781,6553.1987,58.741497,-7.555185,142.284454,0.212515,0.44456801,0.81244999
36.9959,6553.2187,58.776318,-7.532709,142.304245,0.212355,0.44491899,0.81239903
37.0128,6553.2387,58.868946,-7.558327,142.341751,0.212593,0.44559199,0.81206399
37.0401,6553.2587,58.988426,-7.604019,142.380753,0.213025,0.44640899,0.81158102
37.0692,6553.2787,59.114532,-7.522197,142.345917,0.21285599,0.44748199,0.81110603
37.0907,6553.2987,59.187988,-7.398765,142.274429,0.212422,0.448217,0.81083101
37.0953,6553.3187,59.21965,-7.221624,142.172989,0.21163499,0.44874001,0.81074899
37.125,6553.3387,59.212585,-7.005151,142.054993,0.21055,0.449058,0.81085801
37.147,6553.3588,59.176155,-6.756377,141.929321,0.20920099,0.449238,0.81112701
37.1571,6553.3788,59.13068,-6.489713,141.771011,0.20783199,0.449343,0.81137502
37.1716,6553.3988,59.105789,-6.26271,141.621384,0.206755,0.44950899,0.81148303
37.191,6553.4189,59.089439,-6.062402,141.460388,0.20593099,0.449644,0.81147599
37.2126,6553.4389,59.04105,-5.88334,141.319122,0.20510601,0.44952801,0.81161499
37.2311,6553.4589,58.964905,-5.790906,141.288895,0.204394,0.449175,0.81201601
37.2511,6553.4789,58.854656,-5.78503,141.366714,0.203793,0.44853199,0.81269801
37.2772,6553.499,58.768913,-5.723614,141.447388,0.20284399,0.448221,0.81338298
37.2945,6553.519,58.775284,-5.612039,141.500946,0.201857,0.448663,0.81369901
37.3111,6553.539,58.790997,-5.633767,141.609833,0.201621,0.44891,0.81388903
37.3402,6553.5591,58.808495,-5.778653,141.787292,0.201995,0.44895899,0.81403899
37.3535,6553.5791,58.838398,-5.927473,141.977966,0.202373,0.44911301,0.81416303
37.3887,6553.5991,58.891216,-6.01733,142.156631,0.20242999,0.44957101,0.81426197
37.4001,6553.6191,58.974434,-6.010193,142.301239,0.201998,0.45044899,0.81431198
37.415,6553.6392,59.090645,-5.9659,142.351349,0.201746,0.45149699,0.81403702
37.4441,6553.6592,59.253906,-5.926486,142.323441,0.201941,0.45273599,0.81334603
37.4548,6553.6792,59.403316,-5.971763,142.326462,0.202584,0.453702,0.81264597
37.4776,6553.6993,59.488327,-5.997925,142.348907,0.20287,0.45428801,0.81230003
37.4998,6553.7193,59.529564,-5.941546,142.346695,0.202571,0.454732,0.81221998
37.5165,6553.7393,59.577255,-5.872782,142.334381,0.20223901,0.455237,0.81210798
37.5413,6553.7593,59.648338,-5.841961,142.312286,0.20226701,0.45579401,0.81180298
37.5542,6553.7794,59.720776,-5.843808,142.276321,0.202585,0.456249,0.81139803
37.5746,6553.7995,59.730473,-5.863456,142.312698,0.202601,0.45633101,0.81141901
37.6021,6553.8195,59.680584,-5.93007,142.406326,0.20258901,0.45595899,0.81176102
37.6199,6553.8396,59.633648,-5.990219,142.531281,0.20241401,0.45568201,0.81218302
37.6347,6553.8597,59.611897,-6.086329,142.723267,0.20228399,0.45561001,0.812612
37.6608,6553.8797,59.607189,-6.24081,142.963089,0.202416,0.45559299,0.81299001
37.6728,6553.8998,59.58913,-6.457121,143.197006,0.20298199,0.455309,0.81329697
37.6937,6553.9198,59.569859,-6.710785,143.424225,0.203839,0.45490801,0.81352401
37.7117,6553.9399,59.551041,-6.950818,143.656921,0.20457999,0.45456001,0.81378299
37.7331,6553.9599,59.558613,-7.092756,143.853821,0.204823,0.454597,0.81401002
37.761,6553.9799,59.588219,-7.177744,144.017685,0.20483799,0.45488501,0.81415701
37.7735,6554,59.587299,-7.334222,144.19809,0.20523199,0.45479599,0.81434798
37.792,6554.02,59.572498,-7.557317,144.387726,0.206035,0.45445099,0.814502
37.8222,6554.04,59.576382,-7.757984,144.537842,0.206874,0.45423201,0.814511
37.8328,6554.06,59.59911,-7.860733,144.647095,0.20721699,0.45433,0.81450999
37.8524,6554.0801,59.598557,-7.915712,144.778931,0.207084,0.45442301,0.81475198
37.8758,6554.1001,59.615871,-8.01892,144.904083,0.20735601,0.45451099,0.814812
37.8927,6554.1201,59.702915,-8.160134,144.98558,0.20820899,0.45493099,0.81439197
37.9153,6554.1401,59.774876,-8.31994,145.074554,0.209133,0.45520699,0.81402099
37.9339,6554.1602,59.807663,-8.42445,145.119247,0.20976201,0.45526001,0.81380302
37.9601,6554.1802,59.839451,-8.439085,145.112961,0.209953,0.45544299,0.81362301
37.9752,6554.2002,59.900764,-8.45053,145.09491,0.210226,0.455827,0.81329203
37.9984,6554.2203,59.977615,-8.503175,145.078003,0.21081699,0.45622101,0.81282002
38.0176,6554.2403,60.036694,-8.527241,145.031296,0.211289,0.45650399,0.81239998
38.0402,6554.2603,60.086349,-8.473007,144.965988,0.211262,0.45688501,0.81211698
38.066,6554.2803,60.117924,-8.365252,144.898651,0.210829,0.457268,0.812006
38.0776,6554.3004,60.149174,-8.217741,144.896942,0.209852,0.457872,0.81213701
38.1008,6554.3204,60.197987,-8.126683,144.922974,0.209199,0.45850801,0.81216002
38.1224,6554.3404,60.237732,-8.136686,144.943008,0.209268,0.45880899,0.81202
38.1359,6554.3605,60.277336,-8.160075,144.961441,0.209438,0.45907,0.811854
38.1639,6554.3805,60.335678,-8.113789,144.93277,0.20934001,0.45956001,0.81161302
38.1763,6554.4005,60.371536,-7.968046,144.857651,0.20868,0.460058,0.81152999
38.2081,6554.4204,60.377472,-7.89165,144.841171,0.208217,0.46026599,0.811602
38.2178,6554.4404,60.43977,-7.917813,144.841385,0.208525,0.46065199,0.81128502
38.234,6554.4604,60.54026,-7.956577,144.821609,0.209078,0.461247,0.810727
38.2523,6554.4804,60.566319,-7.967721,144.81131,0.20925,0.46138799,0.81056798
38.2743,6554.5004,60.548878,-7.956038,144.83905,0.209021,0.46134299,0.81073499
38.2944,6554.5204,60.567963,-7.890005,144.827805,0.208637,0.461629,0.810745
38.3174,6554.5404,60.604889,-7.860688,144.802704,0.20860399,0.461927,0.81057298
38.3373,6554.5604,60.637005,-7.868614,144.804382,0.208717,0.462143,0.81042302
38.3539,6554.5804,60.645855,-7.854514,144.829117,0.208535,0.46228799,0.81047398
38.3766,6554.6004,60.64082,-7.792223,144.836685,0.20805401,0.46242401,0.81062901
38.3946,6554.6204,60.624321,-7.712804,144.806763,0.20758,0.46245399,0.81076699
38.4171,6554.6404,60.629101,-7.68734,144.774658,0.20753901,0.462495,0.81071103
38.4428,6554.6604,60.692234,-7.736401,144.769119,0.20803399,0.462818,0.81033301
38.4585,6554.6804,60.774845,-7.782767,144.783768,0.20846701,0.46332401,0.809928
38.4749,6554.7004,60.811741,-7.767382,144.802689,0.20835499,0.46366501,0.80984402
38.492,6554.7204,60.807846,-7.682444,144.748276,0.207967,0.463756,0.80987501
38.5136,6554.7404,60.791344,-7.53615,144.573364,0.207608,0.46369401,0.80976403
38.5421,6554.7604,60.812004,-7.414041,144.414719,0.20742901,0.46386901,0.80948901
38.5624,6554.7804,60.847866,-7.375654,144.337799,0.207542,0.46408799,0.809205
38.5866,6554.8004,60.818901,-7.363136,144.311066,0.20750301,0.463862,0.80928499
38.6029,6554.8203,60.755775,-7.318743,144.246536,0.207322,0.46340299,0.80947298
38.6148,6554.8403,60.705902,-7.235432,144.146255,0.207037,0.46307501,0.809582
38.6338,6554.8603,60.624863,-7.165837,144.027328,0.20685899,0.46245399,0.80975097
38.654,6554.8803,60.480354,-7.157893,143.927963,0.20690501,0.46124899,0.81013298
38.6743,6554.9003,60.320499,-7.22675,143.92009,0.207093,0.45989799,0.81067801
38.699,6554.9203,60.158066,-7.347424,143.944839,0.20751201,0.45845199,0.81122297
38.7144,6554.9403,59.949924,-7.342992,143.824753,0.20752899,0.456736,0.81181198
38.7382,6554.9603,59.698624,-7.189103,143.577423,0.20689701,0.45486701,0.812518
38.7549,6554.9803,59.39027,-6.908184,143.329697,0.20523199,0.45291799,0.81368601
38.7741,6555.0003,58.995403,-6.634628,143.171127,0.20306499,0.45048499,0.81542403
38.7992,6555.0203,58.525227,-6.402406,143.050323,0.200863,0.44746101,0.81748599
38.8216,6555.0403,58.0863,-6.270372,142.932327,0.199417,0.44440299,0.81923097
38.8407,6555.0603,57.789719,-6.235613,142.802078,0.199017,0.44210401,0.82017201
38.8548,6555.0803,57.625446,-6.229465,142.64267,0.199222,0.44064301,0.820436
38.8745,6555.1003,57.550045,-6.075881,142.494537,0.198523,0.44024399,0.82061797
38.8958,6555.1203,57.462036,-5.782521,142.402908,0.196575,0.44022501,0.82124001
38.9209,6555.1403,57.348289,-5.522837,142.32843,0.194741,0.43995801,0.82195002
38.9482,6555.1603,57.206394,-5.391787,142.240707,0.193813,0.43912199,0.82251602
38.9603,6555.1803,57.012707,-5.37148,142.187607,0.193426,0.43767101,0.82319498
38.9827,6555.2003,56.829468,-5.490888,142.216293,0.193754,0.43606099,0.82381099
38.9944,6555.2203,56.758446,-5.690927,142.317535,0.194645,0.43517801,0.82402998
39.0137,6555.2402,56.748295,-5.861431,142.452438,0.195336,0.43487799,0.82414103
39.0377,6555.2602,56.719173,-5.96098,142.507523,0.195777,0.43449301,0.82423598
39.0655,6555.2802,56.624695,-5.949876,142.486526,0.195563,0.43379399,0.82458103
39.0797,6555.3002,56.541672,-5.95149,142.476624,0.19542401,0.433164,0.82488698
39.1037,6555.3202,56.49115,-6.085999,142.591888,0.195843,0.43263,0.82516998
39.1271,6555.3403,56.444031,-6.355848,142.76358,0.197033,0.431858,0.82535601
39.1416,6555.3603,56.338882,-6.645854,142.826721,0.19865,0.43042001,0.82544798
39.1553,6555.3804,56.236618,-6.739573,142.725342,0.199478,0.42923999,0.825427
39.1748,6555.4004,56.100433,-6.57833,142.47612,0.198944,0.42823899,0.82558501
39.1978,6555.4205,55.884853,-6.341029,142.244476,0.19761001,0.426893,0.826235
39.2216,6555.4406,55.718781,-6.143986,142.055008,0.196514,0.425879,0.82672399
39.2368,6555.4606,55.672508,-6.034923,141.942123,0.19604,0.425641,0.82678902
39.2576,6555.4807,55.68401,-6.028316,141.932663,0.196054,0.42572799,0.82672799
39.2759,6555.5007,55.642685,-6.072259,141.941711,0.196242,0.42532,0.82684201
39.2944,6555.5208,55.549255,-6.028888,141.906921,0.195842,0.42469099,0.82719302
39.3169,6555.5409,55.50539,-5.987141,141.912079,0.19542,0.42449,0.82745302
39.335,6555.5609,55.544167,-6.000529,141.958862,0.19543301,0.42481899,0.82740301
39.3564,6555.581,55.621803,-6.097529,142.068146,0.195907,0.42531401,0.82722503
39.3825,6555.6011,55.678867,-6.192319,142.209839,0.196196,0.42572001,0.82721901
39.4013,6555.6211,55.6759,-6.125539,142.281174,0.19544201,0.426,0.82753801
39.4136,6555.6412,55.664021,-5.870301,142.283569,0.193562,0.426604,0.82802498
39.4363,6555.6612,55.680954,-5.529728,142.244537,0.191285,0.42757699,0.82842499
39.4606,6555.6813,55.719543,-5.250217,142.180145,0.189594,0.42850199,0.82856399
39.4736,6555.7014,55.759075,-5.133008,142.080338,0.18921199,0.42894101,0.82833397
39.5034,6555.7214,55.816147,-5.158158,141.9478,0.19002301,0.42907399,0.82770997
39.5291,6555.7415,55.918598,-5.178107,141.760406,0.191109,0.429461,0.826765
39.5384,6555.7616,56.026474,-5.088811,141.575928,0.191411,0.43018499,0.82598698
39.5587,6555.7816,56.061314,-4.910177,141.397858,0.19087499,0.43062699,0.82566398
39.578,6555.8017,55.993931,-4.727452,141.245209,0.189971,0.43037501,0.825822
39.5973,6555.8217,55.894012,-4.679008,141.130341,0.189813,0.42958501,0.82598603
39.6226,6555.8418,55.862923,-4.761742,141.064011,0.19058301,0.42902201,0.825791
39.6388,6555.8619,55.866062,-4.853083,141.009674,0.191452,0.42870501,0.82547802
39.6566,6555.8819,55.805977,-4.948587,140.939087,0.192259,0.42788601,0.82536203
39.6796,6555.902,55.697681,-4.945895,140.806152,0.19247399,0.42687699,0.82542998
39.695,6555.922,55.571392,-4.802242,140.671906,0.191632,0.42612299,0.82579899
39.7254,6555.9421,55.47575,-4.699596,140.630981,0.19081099,0.42563701,0.82623398
39.7545,6555.9621,55.450165,-4.67141,140.601425,0.19065499,0.42547801,0.82630002
39.7629,6555.9821,55.476559,-4.704854,140.549072,0.191155,0.42549199,0.82599598
39.7824,6556.0021,55.493668,-4.775094,140.496017,0.1919,0.42533499,0.82566398
39.7995,6556.0221,55.471451,-4.773564,140.430679,0.192077,0.42506701,0.82557303
39.8181,6556.0421,55.41552,-4.636824,140.324249,0.191349,0.424858,0.82572699
39.8371,6556.062,55.380928,-4.420218,140.198151,0.19017,0.424997,0.825872
39.8577,6556.082,55.361824,-4.301707,140.134903,0.189503,0.42508101,0.82596803
39.8803,6556.102,55.37109,-4.369017,140.172974,0.18987,0.42502499,0.82592601
39.901,6556.122,55.415466,-4.527416,140.27771,0.190733,0.42508399,0.82577997
39.9202,6556.1421,55.429157,-4.666131,140.391327,0.19134501,0.42498901,0.82581002
39.9434,6556.1621,55.363995,-4.714467,140.471542,0.191236,0.424512,0.82620698
39.9698,6556.1821,55.278687,-4.754887,140.528351,0.191108,0.42387,0.82663101
39.982,6556.2021,55.250385,-4.900079,140.636917,0.19168501,0.42344201,0.82679999
40.0027,6556.2222,55.262241,-5.139028,140.784393,0.192893,0.42311701,0.82675898
40.019,6556.2422,55.290985,-5.359346,140.926025,0.194029,0.42295799,0.826666
40.0403,6556.2622,55.326187,-5.546926,141.071915,0.19492801,0.42294699,0.82661098
40.0671,6556.2823,55.339642,-5.734397,141.232727,0.195719,0.42280301,0.82668197
40.0801,6556.3023,55.343727,-5.891262,141.351547,0.196422,0.42260501,0.82672399
40.1052,6556.3223,55.336388,-5.983526,141.383118,0.196954,0.422351,0.82668197
40.1398,6556.3423,55.338276,-6.061157,141.390274,0.197492,0.42216399,0.82656002
40.1431,6556.3624,55.369129,-6.140806,141.415222,0.198047,0.422214,0.82637
40.1625,6556.3824,55.395237,-6.248917,141.4599,0.198723,0.42218599,0.82620198
40.1972,6556.4024,55.390518,-6.410866,141.529312,0.199624,0.421826,0.82612997
40.2053,6556.4225,55.357449,-6.51847,141.554291,0.200231,0.42132899,0.82614303
40.2172,6556.4425,55.273293,-6.520519,141.506424,0.20022599,0.42061999,0.82634097
40.2377,6556.4625,55.178535,-6.474277,141.432419,0.19994301,0.41992101,0.82659203
40.2572,6556.4825,55.134399,-6.443911,141.384048,0.199798,0.41959599,0.82668501
40.2797,6556.5026,55.115875,-6.571829,141.41832,0.200552,0.41916499,0.82663
40.2947,6556.5226,55.11554,-6.769549,141.452896,0.201851,0.41867501,0.82638001
40.3154,6556.5426,55.13995,-6.857051,141.380768,0.202802,0.41848499,0.82592797
40.3389,6556.5627,55.139977,-6.72637,141.221497,0.20244201,0.418567,0.82571602
40.3591,6556.5827,55.090118,-6.507608,141.062286,0.20133001,0.418529,0.82585502
40.377,6556.6027,55.044781,-6.374536,140.971008,0.200597,0.41840699,0.82601202
40.4019,6556.6227,55.061592,-6.372718,140.966248,0.20064101,0.41852799,0.82593501
40.4185,6556.6428,55.088009,-6.428872,140.986038,0.20103601,0.41859999,0.82578802
40.4377,6556.6628,55.072838,-6.406065,140.930649,0.201038,0.418455,0.82573301
40.4595,6556.6828,55.024693,-6.310362,140.800781,0.200708,0.41814101,0.82572699
40.4784,6556.7029,54.985313,-6.193793,140.665085,0.200269,0.417941,0.82570499
40.5072,6556.7229,54.994862,-6.120135,140.596069,0.200013,0.41809699,0.82560301
40.5226,6556.7429,55.023949,-6.130822,140.550003,0.20032801,0.41819999,0.82534099
40.5423,6556.7629,55.038319,-6.132661,140.469666,0.20066901,0.41815999,0.825055
40.5581,6556.7829,55.034832,-6.060771,140.316177,0.200703,0.41806901,0.82476097
40.5788,6556.8029,55.031971,-5.87299,140.044281,0.20033699,0.41810301,0.824332
40.5958,6556.8229,55.024052,-5.747885,139.879471,0.200019,0.41811201,0.82411402
40.6154,6556.8429,55.027573,-5.718113,139.748886,0.20028999,0.41799501,0.82378
40.6382,6556.8629,55.044773,-5.688972,139.628296,0.200563,0.41799301,0.82341999
40.6597,6556.8828,55.029991,-5.571279,139.460983,0.20029099,0.41792801,0.82320601
40.6787,6556.9028,54.964977,-5.398417,139.255356,0.199636,0.41758901,0.82317197
40.7008,6556.9228,54.8964,-5.25077,139.08139,0.199036,0.417209,0.82319599
40.7228,6556.9428,54.840389,-5.188079,138.90976,0.19906799,0.416682,0.82302803
40.7421,6556.9628,54.775593,-5.124181,138.716751,0.199145,0.416058,0.82283199
40.768,6556.9828,54.642616,-5.021441,138.516129,0.19879299,0.41503599,0.82294297
40.7818,6557.0028,54.431599,-4.875681,138.359772,0.19776499,0.41364801,0.82355303
40.8075,6557.0228,54.085041,-4.541103,138.095932,0.19540299,0.411639,0.82468402
40.8225,6557.0428,53.576786,-4.007402,137.725739,0.191534,0.40886301,0.82642502
40.8404,6557.0628,53.044758,-3.56992,137.482346,0.187805,0.40585399,0.82842499
40.857,6557.0828,52.604053,-3.447176,137.465363,0.18577699,0.40296,0.83020699
40.878,6557.1028,52.352283,-3.414472,137.582565,0.184442,0.40139899,0.83153099
40.899,6557.1228,52.295349,-3.40402,137.749664,0.183626,0.40127999,0.83224702
40.9244,6557.1428,52.384453,-3.546435,137.888779,0.184414,0.40174201,0.83209699
40.943,6557.1628,52.559914,-3.829635,138.024902,0.186464,0.40242401,0.83138901
40.9613,6557.1828,52.772064,-4.084979,138.152985,0.18843199,0.40344599,0.83055902
40.9801,6557.2028,53.029686,-4.19873,138.175446,0.189861,0.40504301,0.829476
41.0012,6557.2228,53.279865,-4.139727,138.070816,0.190469,0.40687701,0.82833099
41.0168,6557.2428,53.46579,-4.01695,137.968399,0.190441,0.408427,0.82753801
41.0518,6557.2628,53.644283,-3.941792,137.939926,0.190476,0.40990499,0.82690799
41.074,6557.2827,53.847801,-3.924874,137.956772,0.190836,0.41147,0.826217
41.0786,6557.3027,53.985954,-3.942763,137.973328,0.191273,0.41245499,0.82571203
41.1001,6557.3228,54.03751,-3.959729,137.991165,0.191468,0.41281199,0.82554001
41.1212,6557.3428,54.078617,-4.026127,138.075668,0.191751,0.41306001,0.82551903
41.1369,6557.3628,54.08213,-4.191799,138.235153,0.192379,0.41287199,0.82569098
41.1575,6557.3829,54.092251,-4.342909,138.372437,0.193,0.412738,0.82579702
41.1807,6557.4029,54.100742,-4.428887,138.412659,0.193497,0.41261801,0.825737
41.1963,6557.4229,54.081116,-4.475532,138.357834,0.193979,0.412247,0.82557303
41.2181,6557.4429,54.062843,-4.482974,138.270737,0.194298,0.411944,0.82537699
41.2413,6557.463,54.047649,-4.446322,138.204849,0.194231,0.41182801,0.82530499
41.2581,6557.483,54.02367,-4.404178,138.108078,0.194212,0.411612,0.825185
41.2815,6557.503,53.976982,-4.368777,137.94339,0.194425,0.41109499,0.82494098
41.2991,6557.5231,53.916355,-4.301952,137.715485,0.1946,0.41046101,0.82461601
41.3177,6557.5431,53.878914,-4.194558,137.456055,0.194656,0.41006401,0.824175
41.3411,6557.5631,53.831394,-3.993703,137.206863,0.193975,0.40988901,0.82395798
41.3587,6557.5831,53.733974,-3.69681,136.984756,0.192369,0.409686,0.824166
41.377,6557.6032,53.648731,-3.429211,136.794846,0.190889,0.40954301,0.82436901
41.3974,6557.6232,53.648388,-3.257926,136.679031,0.19007,0.40985799,0.82431
41.4168,6557.6432,53.657684,-3.21938,136.638351,0.189964,0.409973,0.82421798
41.4421,6557.6633,53.636639,-3.220535,136.629669,0.189945,0.40980199,0.824269
41.4598,6557.6833,53.589764,-3.150986,136.618378,0.189355,0.40964901,0.82452601
41.4806,6557.7033,53.533146,-2.956367,136.569901,0.18797,0.40973699,0.82491302
41.4961,6557.7233,53.507965,-2.810512,136.576462,0.18682601,0.40999901,0.82526398
41.5168,6557.7434,53.53183,-2.789749,136.681519,0.18636701,0.41040501,0.82552099
41.5427,6557.7634,53.581615,-2.882344,136.799423,0.18674999,0.410685,0.82553399
41.5595,6557.7834,53.632465,-2.969765,136.842316,0.18736701,0.41086599,0.82532901
41.5762,6557.8035,53.597092,-3.021342,136.844162,0.18763401,0.41045901,0.82538199
41.6,6557.8235,53.532425,-3.000665,136.807266,0.187438,0.409989,0.82554799
41.6181,6557.8435,53.504848,-2.952568,136.726761,0.18730301,0.40979901,0.82549101
41.6413,6557.8635,53.510017,-3.036466,136.666504,0.18813699,0.40948901,0.82515502
41.6595,6557.8836,53.536591,-3.224713,136.665649,0.189569,0.40912101,0.82474297
41.6775,6557.9036,53.54818,-3.433483,136.670197,0.19108699,0.408591,0.82436597
41.6965,6557.9236,53.579826,-3.560223,136.625061,0.192247,0.40836701,0.823901
41.7191,6557.9436,53.588234,-3.625046,136.563095,0.192957,0.40812999,0.82357502
41.7406,6557.9636,53.583595,-3.690029,136.533371,0.193517,0.40785101,0.823394
41.7611,6557.9837,53.601852,-3.748536,136.507172,0.19408099,0.40776399,0.82314801
41.7803,6558.0037,53.619923,-3.764658,136.468033,0.19438601,0.407781,0.82293499
41.7982,6558.0237,53.630226,-3.828161,136.444565,0.19495399,0.40762499,0.82271802
41.8161,6558.0438,53.623272,-3.82858,136.395874,0.19511101,0.40748999,0.82259703
41.8406,6558.0638,53.596325,-3.845176,136.381958,0.195205,0.40722001,0.82262802
41.8567,6558.0838,53.560856,-3.952268,136.389999,0.195847,0.40665299,0.82260197
41.8773,6558.1038,53.487923,-4.185358,136.454895,0.197089,0.40552899,0.82267201
41.8982,6558.1239,53.432133,-4.424861,136.541794,0.198348,0.40454799,0.82273102
41.9167,6558.1439,53.426544,-4.642453,136.633316,0.199572,0.404008,0.82265103
41.9379,6558.1639,53.492657,-4.77354,136.666824,0.20057499,0.40415201,0.82227498
41.9691,6558.184,53.575619,-4.752442,136.630142,0.20077901,0.40475699,0.82188803
41.9836,6558.204,53.590267,-4.647025,136.504501,0.200507,0.40496299,0.82163697
42.0144,6558.224,53.576633,-4.503305,136.308746,0.200131,0.40495801,0.82134497
42.0314,6558.244,53.557613,-4.328142,136.088898,0.1996,0.40496999,0.82105201
42.0476,6558.2641,53.535969,-4.212329,135.944351,0.199221,0.40491399,0.820894
42.0716,6558.2841,53.562332,-4.187913,135.909714,0.199242,0.40511999,0.820732
42.0867,6558.3041,53.616165,-4.269661,136.002853,0.19964799,0.405424,0.82067198
42.0999,6558.3242,53.647697,-4.456676,136.13028,0.200624,0.405305,0.82061601
42.1399,6558.3443,53.714748,-4.624906,136.226227,0.201674,0.405449,0.82036
42.1442,6558.3643,53.808613,-4.726571,136.293884,0.20242,0.40594199,0.820032
42.1631,6558.3844,53.88969,-4.737998,136.302383,0.202694,0.40651199,0.819731
42.184,6558.4044,53.947514,-4.690504,136.245407,0.20271499,0.406977,0.81942201
42.1986,6558.4245,53.979404,-4.648636,136.133804,0.20290001,0.40713799,0.81903601
42.2184,6558.4446,54.013363,-4.654176,135.969772,0.20361599,0.40707701,0.81839597
42.2389,6558.4646,54.044353,-4.650266,135.783356,0.204336,0.406982,0.81771398
42.2601,6558.4847,54.078663,-4.579259,135.606216,0.20455401,0.407134,0.81716502
42.2782,6558.5047,54.116211,-4.398948,135.452209,0.20392101,0.40768701,0.81686997
42.2977,6558.5248,54.131573,-4.282686,135.373352,0.203416,0.40801701,0.81677502
42.3312,6558.5448,54.138248,-4.253948,135.331223,0.20338,0.408079,0.81667101
42.3418,6558.5649,54.171047,-4.302054,135.346146,0.20376199,0.40819401,0.816508
42.3655,6558.5849,54.212677,-4.365892,135.3862,0.204191,0.40836999,0.81636
42.3814,6558.6049,54.193829,-4.368955,135.449905,0.203933,0.408337,0.81662297
42.4032,6558.625,54.178749,-4.371946,135.536911,0.203602,0.40837401,0.81694198
42.4215,6558.645,54.205791,-4.345363,135.537216,0.20348699,0.40865201,0.81688797
42.4428,6558.665,54.229435,-4.324197,135.493881,0.203557,0.408811,0.81670302
42.4602,6558.685,54.255444,-4.362264,135.468384,0.20399199,0.40883699,0.81645799
42.4828,6558.7051,54.299992,-4.359908,135.469238,0.204097,0.409168,0.81629598
42.5016,6558.7251,54.348061,-4.320849,135.464035,0.203972,0.40962699,0.816167
42.5257,6558.7451,54.396301,-4.312429,135.46965,0.204027,0.41001201,0.81601602
42.5496,6558.7652,54.414177,-4.304087,135.452774,0.204078,0.410137,0.815911
42.5617,6558.7852,54.400383,-4.26068,135.38887,0.203959,0.41005701,0.815844
42.5842,6558.8052,54.396446,-4.172702,135.308823,0.20360801,0.41015801,0.815768
42.6015,6558.8252,54.378723,-4.106181,135.283844,0.203174,0.41018999,0.81587702
42.6198,6558.8453,54.338451,-4.077546,135.324768,0.20271,0.41005999,0.81620598
42.6608,6558.8653,54.30159,-4.051194,135.374374,0.202241,0.409962,0.81654501
42.6671,6558.8853,54.294624,-4.124126,135.458252,0.20244101,0.40983599,0.81669998
42.6861,6558.9054,54.328934,-4.252056,135.543808,0.203143,0.40984201,0.816607
42.6999,6558.9253,54.386646,-4.391726,135.606232,0.20407601,0.409942,0.81633103
42.72,6558.9453,54.434929,-4.482666,135.655807,0.20468099,0.41010001,0.81613803
42.7507,6558.9653,54.431908,-4.412416,135.629074,0.20426799,0.41024601,0.81619298
42.7653,6558.9853,54.36211,-4.249805,135.565262,0.203143,0.41012701,0.81655103
42.7816,6559.0053,54.348965,-4.232953,135.575104,0.202951,0.410101,0.816661
42.8015,6559.0253,54.415619,-4.319829,135.620407,0.203594,0.41039699,0.81639302
42.8205,6559.0453,54.477428,-4.410005,135.680023,0.20419499,0.41067401,0.81617999
42.8497,6559.0653,54.494778,-4.503686,135.753799,0.20464601,0.41064399,0.81617302
42.8604,6559.0853,54.486816,-4.540092,135.794617,0.20473699,0.410548,0.81626302
42.8816,6559.1053,54.459557,-4.49506,135.780823,0.20439,0.41046399,0.816405
42.9009,6559.1253,54.427979,-4.447075,135.749435,0.204073,0.410326,0.81651503
42.9255,6559.1453,54.408001,-4.44802,135.717072,0.20413999,0.41012099,0.81648999
42.937,6559.1653,54.408482,-4.420074,135.684448,0.204059,0.41015199,0.81643802
42.9606,6559.1853,54.421505,-4.391149,135.644257,0.204033,0.41026399,0.81631601
42.9808,6559.2053,54.437023,-4.393111,135.630066,0.20414101,0.41034499,0.81620997
43.0007,6559.2253,54.47456,-4.434257,135.543427,0.204849,0.410335,0.81572801
43.0178,6559.2453,54.5173,-4.513083,135.418625,0.20597599,0.41017801,0.81503898
43.043,6559.2653,54.5499,-4.578612,135.264404,0.207085,0.409933,0.81432003
43.0646,6559.2853,54.555336,-4.581957,135.092148,0.20773999,0.40965,0.81375903
43.0796,6559.3053,54.550735,-4.589573,134.93071,0.208358,0.4093,0.81326002
43.1207,6559.3252,54.56665,-4.55907,134.803192,0.20864201,0.40927801,0.81285697
43.1216,6559.3452,54.591404,-4.44657,134.749496,0.208106,0.409711,0.81279898
43.1408,6559.3652,54.590031,-4.381045,134.709625,0.20778,0.40983301,0.81279898
43.1618,6559.3852,54.596527,-4.39244,134.666351,0.20803399,0.40976599,0.81261802
43.1813,6559.4052,54.62944,-4.434938,134.658508,0.20845699,0.40985599,0.81239098
43.1969,6559.4252,54.665424,-4.441336,134.673508,0.208551,0.41012201,0.81229001
43.2221,6559.4452,54.663879,-4.403666,134.687073,0.208231,0.410254,0.812406
43.2458,6559.4652,54.6544,-4.352745,134.692657,0.20782299,0.410355,0.81255198
43.2653,6559.4852,54.673603,-4.348644,134.703674,0.207809,0.41052601,0.81252098
43.2847,6559.5052,54.708862,-4.447452,134.753555,0.20843101,0.41056201,0.81236303
43.3009,6559.5252,54.725277,-4.495773,134.768951,0.208765,0.410557,0.81226099
43.3314,6559.5452,54.686859,-4.419037,134.744095,0.20820101,0.41047499,0.81246901
43.3431,6559.5652,54.621754,-4.343704,134.732056,0.207525,0.41021901,0.81281602
43.3605,6559.5852,54.594513,-4.346339,134.764252,0.207351,0.41007301,0.81301498
43.3822,6559.6052,54.603535,-4.434142,134.826767,0.207776,0.40997699,0.81301701
43.4024,6559.6252,54.616806,-4.502506,134.867706,0.208152,0.40993401,0.81296998
43.4217,6559.6452,54.62355,-4.488837,134.857697,0.20811,0.410007,0.81293797
43.4456,6559.6652,54.603443,-4.36307,134.81459,0.207315,0.41017601,0.81310803
43.4648,6559.6852,54.57605,-4.27182,134.823975,0.20655601,0.41027999,0.81340599
43.4805,6559.7052,54.592201,-4.310029,134.870087,0.206708,0.41036001,0.81342
43.5005,6559.7251,54.622696,-4.402503,134.887589,0.207388,0.41032401,0.813191
43.5251,6559.7451,54.642452,-4.374763,134.836258,0.207431,0.41046,0.81300598
43.5521,6559.7651,54.649445,-4.26121,134.774933,0.206865,0.41075301,0.812994
43.5633,6559.7851,54.604649,-4.139614,134.740479,0.205998,0.410748,0.81327498
43.5817,6559.8051,54.569576,-4.115,134.758774,0.205658,0.410604,0.81351
43.602,6559.8251,54.601753,-4.201593,134.810165,0.20618001,0.41065899,0.81339198
43.6205,6559.8451,54.646492,-4.316603,134.892548,0.206828,0.410772,0.81327099
43.6465,6559.8651,54.649864,-4.300808,134.94873,0.206524,0.410947,0.81346101
43.6613,6559.8851,54.612751,-4.174325,134.953674,0.205503,0.41108099,0.81384498
43.6848,6559.9051,54.568512,-4.112922,134.981384,0.204842,0.41100201,0.81420898
43.6998,6559.9251,54.597801,-4.219819,135.048431,0.20544399,0.41100201,0.81411397
43.7212,6559.9451,54.676285,-4.348797,135.084579,0.206452,0.41123301,0.81369603
43.7393,6559.9651,54.68634,-4.36411,135.084549,0.206589,0.411259,0.81362897
43.7622,6559.9851,54.628963,-4.290102,135.068588,0.20595901,0.41104501,0.813932
43.7837,6560.0051,54.579269,-4.213892,135.052765,0.20533399,0.41089401,0.81420898
43.8,6560.0251,54.555271,-4.221045,135.066452,0.205268,0.410723,0.81432998
43.8209,6560.0451,54.571396,-4.303043,135.10611,0.205754,0.41065699,0.81424397
43.8428,6560.0651,54.614048,-4.337202,135.118912,0.206071,0.410882,0.81405997
43.8631,6560.0851,54.613911,-4.286849,135.072342,0.20588,0.41095299,0.81400698
43.8828,6560.1051,54.579285,-4.17801,134.991714,0.20529801,0.410896,0.81408399
43.9041,6560.1251,54.515186,-4.065528,134.918915,0.204578,0.41065201,0.81430298
43.9163,6560.145,54.481014,-4.054839,134.900452,0.20447101,0.41040599,0.814394
43.9414,6560.165,54.483814,-4.105572,134.906479,0.204818,0.41027901,0.81431198
43.9699,6560.185,54.485245,-4.140932,134.913254,0.20504899,0.41019201,0.814264
43.9821,6560.205,54.47366,-4.180075,134.947433,0.205172,0.41004801,0.81434399
43.9987,6560.225,54.460697,-4.235339,135.007263,0.205314,0.40989,0.81448001
44.0187,6560.245,54.467171,-4.256023,135.031387,0.205393,0.40991601,0.814493
44.0574,6560.265,54.471939,-4.219384,134.798508,0.205979,0.409646,0.81381702
44.0724,6560.285,54.445648,-4.180734,134.619583,0.206269,0.409255,0.81342798
44.0803,6560.305,54.415752,-4.159555,134.480637,0.20652901,0.408856,0.81314403
44.0999,6560.325,54.405628,-4.163358,134.37326,0.20691,0.408577,0.81283897
44.1242,6560.345,54.384201,-4.17651,134.208679,0.207528,0.40808401,0.81237799
44.1396,6560.365,54.351402,-4.142241,134.010681,0.207895,0.40759701,0.811939
44.1901,6560.385,54.32877,-4.132879,133.866364,0.208276,0.40720201,0.811584
44.1923,6560.405,54.303604,-4.116572,133.782578,0.20838501,0.40691999,0.81144297
44.2005,6560.425,54.270397,-4.052664,133.660187,0.20827,0.40666199,0.81129497
44.2174,6560.445,54.252632,-4.014205,133.567947,0.20827299,0.40648901,0.81113797
44.2381,6560.465,54.270538,-4.025745,133.487396,0.208693,0.406434,0.81079298
44.2573,6560.485,54.304287,-4.069045,133.444916,0.209249,0.406461,0.81045097
44.2777,6560.505,54.334198,-4.134248,133.423141,0.209875,0.40642801,0.81014901
44.2997,6560.525,54.350605,-4.194725,133.437714,0.210299,0.40637901,0.81002301
44.3199,6560.545,54.35453,-4.176017,133.445145,0.210152,0.40648001,0.810067
44.3375,6560.5649,54.334454,-4.100728,133.374329,0.209812,0.40644699,0.810054
44.3594,6560.5849,54.299339,-4.074807,133.323975,0.209704,0.40618601,0.810072
44.3764,6560.6049,54.280773,-4.075504,133.325165,0.20964999,0.40605301,0.81014401
44.3955,6560.6249,54.279881,-4.098678,133.334244,0.20977899,0.40598899,0.81013399
44.4223,6560.6449,54.291428,-4.093072,133.348206,0.20972399,0.406115,0.81014597
44.448,6560.6649,54.310871,-4.029452,133.37735,0.20922799,0.40651199,0.81028199
44.4616,6560.6849,54.297176,-3.974317,133.4142,0.208667,0.40665701,0.810552
44.4912,6560.7049,54.260826,-3.986049,133.393921,0.20871501,0.40632099,0.81060302
44.4998,6560.7249,54.2654,-4.015939,133.388809,0.208958,0.40624899,0.81051499
44.5188,6560.7449,54.293606,-4.015918,133.388504,0.209042,0.40645099,0.810408
44.5385,6560.7649,54.305286,-3.98081,133.426529,0.208693,0.406717,0.81054902
44.5582,6560.7849,54.305309,-3.959104,133.44249,0.208483,0.40681499,0.81063998
44.5804,6560.8049,54.304192,-3.943899,133.491531,0.208198,0.40694499,0.81082797
44.604,6560.8249,54.30957,-3.963208,133.536133,0.20819201,0.40700299,0.81091499
44.6189,6560.8449,54.314358,-3.995702,133.574142,0.20830099,0.40700299,0.81095898
44.6445,6560.8649,54.310215,-3.986031,133.633087,0.208011,0.40711099,0.81118
44.6607,6560.8849,54.314224,-3.963835,133.690659,0.207661,0.40731499,0.81138802
44.6866,6560.9049,54.326176,-3.944011,133.643585,0.20772301,0.40737799,0.81123
44.7105,6560.9249,54.327698,-3.866405,133.545731,0.207526,0.40745899,0.81105298
44.7392,6560.9449,54.304855,-3.804089,133.484055,0.20723701,0.40738201,0.811055
44.751,6560.9648,54.261879,-3.783456,133.456055,0.207064,0.40708801,0.81116498
44.761,6560.9848,54.250481,-3.788857,133.455063,0.207072,0.40698799,0.811194
44.7849,6561.0048,54.25948,-3.788473,133.410294,0.20725501,0.40697199,0.811019
44.7979,6561.0248,54.254978,-3.768189,133.306122,0.207468,0.40681601,0.81073999
44.819,6561.0448,54.237026,-3.761851,133.259369,0.207536,0.40662301,0.810669
44.8506,6561.0648,54.229588,-3.764238,133.274841,0.207476,0.40659001,0.81074202
44.8646,6561.0848,54.245102,-3.831266,133.367584,0.20766699,0.40665501,0.81085902
44.884,6561.1048,54.268311,-3.974389,133.471878,0.208378,0.40655401,0.81084502
44.9052,6561.1248,54.241844,-4.158997,133.547943,0.209337,0.405913,0.81085098
44.9233,6561.1448,54.164436,-4.295769,133.591034,0.20992599,0.404998,0.81102997
44.9417,6561.1648,54.130608,-4.329225,133.596695,0.210044,0.40465799,0.81111401
44.9668,6561.1848,54.153694,-4.291054,133.586304,0.209878,0.40492699,0.811064
44.9798,6561.2048,54.158627,-4.259296,133.553375,0.209784,0.40500399,0.81099802
45.0007,6561.2248,54.156185,-4.219114,133.507706,0.209654,0.405031,0.81093502
45.0191,6561.2448,54.179649,-4.158493,133.442001,0.209526,0.405274,0.81074703
45.0489,6561.2648,54.237415,-4.025578,133.36618,0.209024,0.405976,0.81053001
45.071,6561.2848,54.295677,-3.831129,133.292175,0.208083,0.40688199,0.81042802
45.0831,6561.3048,54.356216,-3.550509,133.209106,0.20657299,0.40806299,0.81044298
45.1019,6561.3248,54.408901,-3.196898,133.070023,0.204725,0.40932,0.81043601
45.1255,6561.3448,54.426094,-2.849912,132.90097,0.20292699,0.41025001,0.810449
45.1473,6561.3648,54.464996,-2.482092,132.722519,0.201083,0.41138601,0.81038398
45.1591,6561.3848,54.537846,-2.115325,132.616714,0.199091,0.412891,0.81041503
45.1786,6561.4049,54.598103,-1.825005,132.612732,0.197236,0.41423601,0.81068099
45.2003,6561.4249,54.62466,-1.679505,132.71402,0.195921,0.41506001,0.81115299
45.2198,6561.4449,54.646099,-1.639759,132.840942,0.195245,0.415555,0.81154197
45.2408,6561.465,54.71262,-1.554499,132.89711,0.19464,0.41639301,0.81161702
45.2612,6561.485,54.790588,-1.323299,132.875473,0.19331899,0.41763899,0.81164998
45.2788,6561.505,54.830769,-1.139694,132.899094,0.192055,0.41854,0.81188399
45.3051,6561.525,54.8713,-1.130719,133.030746,0.191634,0.41907701,0.81216002
45.3243,6561.5451,54.934261,-1.152899,133.12532,0.19163699,0.41961399,0.81218398
45.3473,6561.5651,54.988361,-1.082956,133.074265,0.191493,0.42013201,0.81194001
45.3648,6561.5851,54.997417,-0.988848,132.991913,0.191156,0.42035201,0.81180698
45.3855,6561.6052,54.977329,-0.885189,132.922134,0.190616,0.42041701,0.811836
45.4045,6561.6252,54.969368,-0.819026,132.894043,0.190226,0.42052001,0.81188798
45.4218,6561.6452,54.983959,-0.814276,132.953445,0.190019,0.420737,0.81202698
45.4444,6561.6652,55.024746,-0.930512,133.137939,0.19029,0.42097101,0.81225699
45.4613,6561.6853,55.071564,-1.109107,133.384613,0.19079199,0.42116001,0.81255102
45.4986,6561.7053,55.116646,-1.253384,133.595123,0.191177,0.42138699,0.812792
45.5078,6561.7254,55.16003,-1.308549,133.73555,0.191182,0.42175999,0.812971
45.523,6561.7455,55.205551,-1.320825,133.797592,0.191177,0.42214999,0.812971
45.5451,6561.7655,55.251823,-1.336741,133.831787,0.191302,0.42248899,0.81287497
45.5597,6561.7856,55.28521,-1.385781,133.869141,0.19161201,0.422638,0.812783
45.5814,6561.8056,55.310612,-1.416445,133.882202,0.191857,0.42274699,0.81267601
45.5994,6561.8257,55.319603,-1.411301,133.860352,0.191928,0.42278999,0.81258398
45.6206,6561.8458,55.333809,-1.390858,133.820389,0.191973,0.422887,0.812442
45.6441,6561.8658,55.377716,-1.390859,133.776489,0.192266,0.423127,0.812141
45.6606,6561.8859,55.399193,-1.383351,133.752136,0.192367,0.423262,0.81199801
45.681,6561.906,55.386047,-1.351016,133.839157,0.19177701,0.42341399,0.81236899
45.6989,6561.926,55.375828,-1.352883,133.993866,0.19118799,0.423594,0.81287903
45.7196,6561.946,55.401966,-1.430705,134.180435,0.191128,0.42385301,0.81322199
45.7411,6561.9661,55.443378,-1.537796,134.320541,0.19149201,0.42405599,0.81331402
45.7657,6561.9861,55.470875,-1.615057,134.417877,0.191761,0.42418,0.81337702
45.7826,6562.0061,55.472713,-1.627454,134.463928,0.19168399,0.42423201,0.81348997
45.8007,6562.0262,55.453266,-1.622604,134.49353,0.19148301,0.42415699,0.81366199
45.8194,6562.0462,55.436283,-1.672163,134.534607,0.191633,0.42395401,0.81376803
45.8422,6562.0662,55.443008,-1.781616,134.593231,0.192213,0.42376801,0.81373698
45.868,6562.0862,55.49091,-1.838825,134.670853,0.192472,0.42406699,0.81369501
45.8863,6562.1063,55.518326,-1.859481,134.731812,0.19247299,0.42430201,0.81374198
45.8975,6562.1263,55.485519,-1.85952,134.766052,0.192251,0.42412499,0.81397003
45.9238,6562.1463,55.460014,-1.842391,134.757126,0.19208799,0.42398,0.81406802
45.9441,6562.1664,55.485207,-1.891343,134.783661,0.19241101,0.42405599,0.81397098
45.9583,6562.1864,55.514019,-1.984957,134.810303,0.19306099,0.424023,0.81378502
45.9796,6562.2064,55.511742,-2.012903,134.796204,0.193305,0.42389801,0.81370401
46.0029,6562.2264,55.499702,-1.98005,134.777206,0.19310699,0.42388001,0.81374699
46.0216,6562.2465,55.485706,-1.987983,134.818192,0.19297101,0.423825,0.81391102
46.0456,6562.2665,55.487839,-2.073684,134.893661,0.193307,0.42370701,0.81398797
46.068,6562.2865,55.52219,-2.180802,134.99588,0.19378901,0.42380199,0.81398499
46.0797,6562.3065,55.545208,-2.262709,135.104889,0.194034,0.42390299,0.814089
46.1023,6562.3265,55.543156,-2.318106,135.177261,0.19415399,0.42384401,0.81422102
46.125,6562.3465,55.519402,-2.319993,135.181381,0.194084,0.423675,0.81432098
46.1443,6562.3665,55.500809,-2.27056,135.136063,0.193847,0.423614,0.81433898
46.1786,6562.3865,55.495445,-2.229914,135.108124,0.193646,0.42365101,0.81434399
46.18,6562.4065,55.478531,-2.206695,135.097397,0.193472,0.42358199,0.81441498
46.1974,6562.4265,55.467529,-2.201566,135.107346,0.193367,0.423536,0.81449503
46.2193,6562.4465,55.467731,-2.209111,135.143402,0.193288,0.42357501,0.81459099
46.2474,6562.4665,55.44585,-2.231822,135.17688,0.19326299,0.423406,0.81473702
46.2622,6562.4865,55.420326,-2.213818,135.223053,0.192891,0.42335501,0.81500399
46.2823,6562.5065,55.407608,-2.204986,135.285767,0.19256,0.42339599,0.815256
46.3003,6562.5265,55.39682,-2.258751,135.476212,0.19220801,0.42347699,0.81577897
46.3243,6562.5465,55.402569,-2.365594,135.677567,0.192241,0.423536,0.816181
46.3434,6562.5665,55.428658,-2.461223,135.863678,0.19230799,0.42375001,0.816477
46.358,6562.5864,55.433376,-2.533488,136.038193,0.192191,0.423861,0.81685799
46.3776,6562.6064,55.418266,-2.566833,136.19101,0.19182099,0.42390999,0.81731302
46.412,6562.6264,55.389317,-2.557724,136.292938,0.19129799,0.42389899,0.81774098
46.4288,6562.6464,55.365307,-2.54732,136.327515,0.191029,0.423814,0.81795299
46.4414,6562.6664,55.378422,-2.534241,136.318909,0.19100399,0.423933,0.81789899
46.4659,6562.6864,55.405052,-2.511782,136.323517,0.190901,0.42419899,0.81784803
46.4801,6562.7064,55.415127,-2.490475,136.334885,0.190735,0.424353,0.81787902
46.5003,6562.7264,55.403084,-2.472683,136.357956,0.19048899,0.424357,0.81802303
46.5342,6562.7464,55.395077,-2.463752,136.37114,0.190354,0.424348,0.81810701
46.5422,6562.7664,55.404434,-2.429378,136.354858,0.19019499,0.42449,0.81808001
46.5614,6562.7864,55.408127,-2.414593,136.369904,0.190044,0.42458501,0.81813502
46.5852,6562.8064,55.398773,-2.433703,136.395874,0.19005799,0.424505,0.81821501
46.605,6562.8264,55.400715,-2.500716,136.432602,0.19040599,0.424382,0.818205
46.6268,6562.8464,55.429562,-2.580761,136.500854,0.190805,0.424467,0.81816298
46.6466,6562.8664,55.430065,-2.660199,136.540695,0.19122601,0.424303,0.81814599
46.6707,6562.8864,55.374012,-2.761695,136.577057,0.191661,0.42366001,0.818299
46.6849,6562.9064,55.308456,-2.85678,136.631424,0.191958,0.42299801,0.818551
46.7033,6562.9264,55.268299,-3.030024,136.753418,0.192635,0.42240199,0.81877398
46.7206,6562.9464,55.257679,-3.290245,136.921021,0.193848,0.421841,0.81887001
46.7557,6562.9664,55.255707,-3.540774,137.076462,0.195061,0.42135301,0.81891
46.7647,6562.9864,55.235203,-3.724424,137.218262,0.195797,0.42090601,0.81909299
46.7837,6563.0064,55.207527,-3.820015,137.30867,0.19607399,0.42057899,0.81930202
46.8027,6563.0263,55.239826,-3.992185,137.423782,0.196969,0.42050499,0.81922001
46.8251,6563.0463,55.351528,-4.256675,137.56868,0.198625,0.420789,0.81875598
46.8439,6563.0663,55.468281,-4.525016,137.744934,0.200203,0.42115501,0.818353
46.8612,6563.0863,55.535728,-4.730045,137.923386,0.201188,0.42135701,0.81825298
46.8832,6563.1063,55.58115,-4.873495,138.049469,0.201867,0.421489,0.81819201
46.9023,6563.1263,55.60125,-5.015934,138.122925,0.202666,0.42134801,0.81807703
46.9282,6563.1463,55.64159,-5.165531,138.163727,0.203688,0.42127699,0.81777197
46.95,6563.1663,55.705162,-5.304721,138.218918,0.204642,0.42142999,0.81743598
46.965,6563.1863,55.716667,-5.437577,138.320709,0.205245,0.421307,0.817451
46.9835,6563.2063,55.68026,-5.610491,138.447708,0.205919,0.42076501,0.81765503
47.006,6563.2263,55.682804,-5.770254,138.55545,0.20667,0.42051101,0.81767201
47.0219,6563.2463,55.739464,-5.912621,138.646439,0.207495,0.42067301,0.81745601
47.0604,6563.2663,55.785351,-6.069616,138.79335,0.20819101,0.420816,0.81741798
47.0818,6563.2863,55.786613,-6.2675,139.169739,0.208224,0.42093399,0.818147
47.0946,6563.3063,55.783669,-6.499311,139.444809,0.20886201,0.42074299,0.81853199
47.1035,6563.3263,55.800632,-6.73629,139.67128,0.209765,0.42059699,0.818685
47.1271,6563.3463,55.836849,-6.97331,139.903122,0.210695,0.42060599,0.81877202
47.1486,6563.3663,55.864868,-7.177894,140.118332,0.21143401,0.42062101,0.81889999
47.1625,6563.3863,55.881439,-7.335845,140.329803,0.211826,0.420681,0.81914699
47.1814,6563.4063,55.884975,-7.534307,140.557648,0.21241701,0.420562,0.81941599
47.1995,6563.4262,55.906811,-7.739767,140.714355,0.21336199,0.42042899,0.81939203
47.2181,6563.4462,55.960976,-7.840484,140.810486,0.213855,0.420719,0.81926
47.2411,6563.4662,55.965221,-7.924331,140.810272,0.21446501,0.42051101,0.81908602
47.2595,6563.4862,55.928757,-8.004912,140.773071,0.215093,0.419945,0.81897497
47.2848,6563.5062,55.944107,-7.968435,140.660095,0.21528199,0.419949,0.81866002
47.3072,6563.5262,55.99176,-7.795818,140.519897,0.214674,0.42052901,0.81839103
47.321,6563.5462,55.960823,-7.780758,140.482071,0.214633,0.42027399,0.81843603
47.3414,6563.5662,55.904804,-7.85812,140.45549,0.215152,0.41959199,0.81844002
47.37,6563.5862,55.91983,-7.768865,140.287491,0.215165,0.41964301,0.81806499
47.3821,6563.6062,55.917171,-7.484269,139.988937,0.214221,0.41988301,0.81774998
47.4001,6563.6262,55.820797,-7.134563,139.697693,0.212561,0.41964501,0.81794602
47.4225,6563.6462,55.719398,-6.884636,139.5242,0.21116599,0.41930601,0.81831002
47.4407,6563.6662,55.698437,-6.777115,139.426926,0.210703,0.41928399,0.81831098
47.4618,6563.6862,55.723778,-6.704576,139.351807,0.210522,0.41954201,0.81812501
47.4858,6563.7062,55.740604,-6.592824,139.264313,0.210086,0.419828,0.81800997
47.5119,6563.7262,55.741299,-6.441234,139.186432,0.209291,0.42013001,0.81805903
47.5234,6563.7462,55.767132,-6.238074,139.114365,0.208169,0.42077601,0.81811798
47.5542,6563.7662,55.796562,-6.180375,139.081741,0.20795,0.42109901,0.81801099
47.578,6563.7862,55.823616,-6.177799,139.03273,0.208179,0.421215,0.81776601
47.5845,6563.8062,55.883091,-6.072052,138.919037,0.207991,0.421749,0.81739199
47.6036,6563.8261,55.938824,-5.90717,138.770508,0.20750199,0.422364,0.81703901
47.6248,6563.8461,55.971493,-5.718659,138.624176,0.20678,0.42288601,0.81682402
47.6427,6563.8661,56.003933,-5.563764,138.481506,0.206285,0.423316,0.81655902
47.663,6563.8861,56.042965,-5.463749,138.357285,0.206131,0.42366701,0.81622303
47.6804,6563.9061,56.084045,-5.401597,138.271942,0.206109,0.423994,0.81592202
47.7025,6563.9261,56.135693,-5.293676,138.180664,0.20581099,0.42451999,0.81564498
47.7238,6563.9461,56.165749,-5.195246,137.979355,0.205934,0.42466399,0.81511402
47.7538,6563.9661,56.17009,-5.151417,137.75412,0.206468,0.42441899,0.81451398
47.7627,6563.9861,56.164143,-5.139365,137.696045,0.20658199,0.42430601,0.81438899
47.7818,6564.0061,56.152786,-5.091195,137.696854,0.20620701,0.42436799,0.81452203
47.8007,6564.0261,56.126446,-5.013277,137.681046,0.205643,0.42437801,0.81471997
47.8199,6564.0461,56.103329,-4.94246,137.661591,0.20515101,0.42438501,0.81488001
47.8442,6564.0661,56.077541,-4.921871,137.689209,0.204835,0.424308,0.81510001
47.8614,6564.0861,56.042778,-4.9284,137.758286,0.20453499,0.42416,0.81542897
47.882,6564.1061,56.02504,-4.926671,137.846771,0.20414899,0.42419401,0.81576198
47.9018,6564.1261,56.021481,-4.932401,137.857132,0.204142,0.424171,0.815795
47.9215,6564.1462,56.036362,-4.936022,137.813004,0.20437001,0.424189,0.81560099
47.9413,6564.1662,56.051331,-4.935195,137.748734,0.204641,0.42418501,0.815355
47.9643,6564.1862,56.077736,-4.948631,137.737808,0.20484599,0.424317,0.81519502
47.9855,6564.2063,56.109901,-4.987461,137.774292,0.205071,0.424501,0.81510597
48.0016,6564.2263,56.122051,-5.070754,137.786972,0.20564801,0.42436701,0.814946
48.0316,6564.2463,56.149834,-5.166625,137.769669,0.206466,0.42425501,0.81461298
48.0566,6564.2663,56.165638,-5.265924,137.680939,0.207541,0.423917,0.81410903
48.082,6564.2864,56.147327,-5.306568,137.653671,0.207883,0.42361501,0.81402701
48.0858,6564.3064,56.140148,-5.265697,137.637451,0.207634,0.42365399,0.81408203
48.1248,6564.3264,56.147301,-5.198043,137.61879,0.207241,0.42387199,0.81412101
48.1289,6564.3465,56.154156,-5.23058,137.653107,0.20736299,0.423888,0.81413603
48.1496,6564.3666,56.184132,-5.338721,137.743713,0.207874,0.42394999,0.814089
48.1656,6564.3866,56.192719,-5.419309,137.812302,0.208215,0.42389899,0.81411099
48.1812,6564.4067,56.152515,-5.411659,137.816818,0.20804,0.42363799,0.81429797
48.2065,6564.4267,56.133682,-5.368058,137.798004,0.20775101,0.42359599,0.81439602
48.2223,6564.4468,56.154949,-5.351929,137.817596,0.207619,0.42383301,0.814399
48.24,6564.4669,56.174316,-5.380452,137.870804,0.207675,0.42398599,0.81442702
48.2626,6564.4869,56.167454,-5.437795,137.926987,0.207857,0.42386901,0.81451601
48.2825,6564.507,56.14225,-5.497649,137.983658,0.20800801,0.42361301,0.81467402
48.3013,6564.527,56.122581,-5.53601,138.085693,0.207853,0.42354301,0.814982
48.3227,6564.5471,56.107891,-5.540884,138.134674,0.207669,0.423511,0.815175
48.3418,6564.5672,56.094234,-5.508257,138.159805,0.20730899,0.42355299,0.81536198
48.3613,6564.5872,56.0723,-5.50562,138.184692,0.207142,0.42344701,0.81552601
48.3844,6564.6073,56.056458,-5.550663,138.231262,0.20725,0.42328399,0.81564403
48.4051,6564.6274,56.062878,-5.599714,138.253891,0.207532,0.423228,0.81559598
48.4209,6564.6474,56.060993,-5.604158,138.26683,0.20751099,0.42322499,0.815633
48.4454,6564.6675,56.052074,-5.591599,138.283279,0.20733801,0.42322701,0.81573898
48.4647,6564.6875,56.054733,-5.616743,138.306778,0.20743699,0.423215,0.81575203
48.4869,6564.7076,56.070065,-5.669006,138.326859,0.207774,0.42321,0.81565499
48.5028,6564.7276,56.10371,-5.662617,138.28038,0.207986,0.423388,0.81539798
48.5245,6564.7476,56.133678,-5.615351,138.186829,0.20807201,0.423574,0.81509101
48.5442,6564.7677,56.11919,-5.558618,138.088989,0.207993,0.42345801,0.814964
48.571,6564.7877,56.095467,-5.47359,137.969696,0.20776799,0.42332,0.814861
48.5873,6564.8077,56.09214,-5.398418,137.858978,0.207634,0.423316,0.81468499
48.6033,6564.8277,56.083397,-5.405396,137.792618,0.20790599,0.423112,0.814511
48.6256,6564.8478,56.078632,-5.434193,137.714432,0.208387,0.42285001,0.81424701
48.656,6564.8678,56.092865,-5.397775,137.637238,0.20845,0.422921,0.81402802
48.6687,6564.8878,56.094231,-5.31947,137.622665,0.20795099,0.423136,0.81412202
48.6846,6564.9079,56.076221,-5.271774,137.653885,0.20745,0.42320299,0.814372
48.7026,6564.9279,56.072975,-5.287824,137.68602,0.20743699,0.42319,0.81445098
48.7219,6564.9479,56.113022,-5.343432,137.682297,0.20795,0.423309,0.81418103
48.7464,6564.9679,56.148243,-5.406268,137.700104,0.20842201,0.42341101,0.81397998
48.7623,6564.9879,56.154099,-5.394668,137.681366,0.208424,0.42345399,0.81392199
48.7837,6565.0079,56.135719,-5.353259,137.684662,0.20807,0.42344901,0.81408
48.8082,6565.0279,56.128761,-5.392786,137.737366,0.208138,0.42337799,0.81419098
48.829,6565.0479,56.175594,-5.477748,137.789856,0.20866901,0.42356101,0.81400698
48.8457,6565.0678,56.226009,-5.538622,137.811081,0.209153,0.42378601,0.81375802
48.871,6565.0878,56.223568,-5.527699,137.809769,0.20907401,0.42379799,0.813784
48.8869,6565.1078,56.179653,-5.503143,137.838242,0.208681,0.42360401,0.81408697
48.9105,6565.1278,56.195236,-5.502471,137.816986,0.208795,0.42368001,0.81396401
48.933,6565.1478,56.242531,-5.552378,137.805527,0.209314,0.42385399,0.81365198
48.9533,6565.1678,56.279835,-5.63663,137.842102,0.20987301,0.42394301,0.81345701
48.9616,6565.1878,56.301838,-5.660105,137.888138,0.20992599,0.424117,0.81346297
48.9838,6565.2078,56.299183,-5.603728,137.91185,0.20943099,0.424308,0.81364602
49.0052,6565.2278,56.281124,-5.58644,137.926407,0.209208,0.424254,0.813793
49.0319,6565.2478,56.254578,-5.632505,137.87825,0.209645,0.42383799,0.81367201
49.0545,6565.2678,56.218895,-5.602893,137.813263,0.209583,0.42354801,0.813676
49.072,6565.2878,56.169556,-5.509118,137.734955,0.209079,0.423325,0.813811
49.0881,6565.3078,56.092514,-5.428385,137.67099,0.208542,0.42288899,0.81407398
49.1033,6565.3278,56.052071,-5.422047,137.624329,0.208564,0.42253,0.814107
49.129,6565.3478,56.022968,-5.476991,137.590027,0.209005,0.42209399,0.81401998
49.149,6565.3678,55.958942,-5.524889,137.590805,0.209176,0.421489,0.814188
49.1641,6565.3878,55.858898,-5.583238,137.642426,0.209141,0.42068499,0.81462902
49.1849,6565.4078,55.694939,-5.751125,137.753555,0.209503,0.41919899,0.81529897
49.2002,6565.4278,55.576912,-5.886377,137.838577,0.20985,0.41809601,0.815768
49.2225,6565.4478,55.519478,-5.940333,137.856461,0.210021,0.41755101,0.81594801
49.2419,6565.4677,55.463833,-5.95136,137.825439,0.210069,0.41705701,0.81605399
49.2636,6565.4877,55.390324,-5.983044,137.745697,0.21039499,0.41628101,0.81604803
49.2848,6565.5077,55.267662,-5.940117,137.576553,0.21038499,0.415207,0.81610203
49.3016,6565.5277,55.109768,-5.717517,137.322388,0.209307,0.41426,0.816365
49.3208,6565.5477,54.943417,-5.584677,137.13913,0.208584,0.41311499,0.81670398
49.344,6565.5677,54.843842,-5.622286,137.094345,0.20874999,0.41219601,0.81688702
49.3713,6565.5877,54.748993,-5.655245,137.008011,0.20904399,0.41124901,0.81693399
49.3887,6565.6077,54.605698,-5.692076,136.856644,0.20946801,0.40981901,0.816962
49.413,6565.6277,54.498318,-5.737939,136.717056,0.210007,0.40864301,0.81686801
49.4324,6565.6477,54.453568,-5.900291,136.643921,0.21130501,0.40768799,0.81651902
49.4451,6565.6677,54.430725,-6.146472,136.555115,0.213313,0.40660399,0.81587899
49.464,6565.6877,54.375454,-6.270342,136.41629,0.21453901,0.40556201,0.81543398
49.4825,6565.7077,54.265793,-6.153706,136.147141,0.214366,0.40461999,0.81524402
49.5029,6565.7277,54.140381,-5.903409,135.827393,0.21337301,0.40388799,0.81519997
49.5275,6565.7477,54.047108,-5.792693,135.587708,0.213174,0.40310901,0.81501597
49.5432,6565.7677,54.023842,-5.721543,135.369019,0.21337301,0.40275499,0.81455398
49.56,6565.7877,54.020092,-5.613993,135.162796,0.213323,0.40268099,0.81412202
49.5827,6565.8077,53.924183,-5.543054,134.990616,0.213156,0.40188801,0.81407702
49.6085,6565.8277,53.768478,-5.628078,134.903809,0.21362799,0.40032899,0.81423497
49.6251,6565.8477,53.689522,-5.713891,134.838577,0.21424399,0.39936301,0.81416702
49.6447,6565.8677,53.700867,-5.629176,134.719238,0.21409,0.39949101,0.81390399
49.6649,6565.8876,53.649452,-5.448162,134.601685,0.21306901,0.39947301,0.81406301
49.6844,6565.9076,53.538177,-5.263377,134.43985,0.21200401,0.398954,0.81431001
49.7084,6565.9276,53.451134,-5.042434,134.162842,0.21114901,0.398516,0.81416202
49.7247,6565.9476,53.387177,-4.809175,133.849701,0.21039601,0.39822301,0.813829
49.7425,6565.9676,53.312485,-4.685581,133.619583,0.2101,0.39765799,0.813595
49.7653,6565.9876,53.272999,-4.556375,133.491043,0.20951299,0.397553,0.81356502
49.7793,6566.0076,53.197224,-4.492136,133.474991,0.20889001,0.397183,0.81391197
49.808,6566.0276,53.128063,-4.597244,133.531799,0.20923699,0.39644799,0.81415999
49.8274,6566.0476,53.149944,-4.851443,133.604584,0.21085501,0.39592099,0.81384701
49.8418,6566.0676,53.175323,-4.993335,133.65744,0.21175399,0.39574501,0.81366098
49.8618,6566.0876,53.081837,-4.770172,133.657181,0.209897,0.395787,0.81441802
49.8835,6566.1076,52.9268,-4.495616,133.564117,0.207812,0.39537901,0.815193
49.9045,6566.1276,52.923199,-4.623637,133.434097,0.20916,0.39470401,0.81455398
49.9414,6566.1476,53.024128,-4.728787,133.235001,0.21089,0.394728,0.813344
49.9485,6566.1676,53.017708,-4.793184,133.105148,0.211775,0.39423299,0.81282699
49.9624,6566.1876,52.978462,-4.772079,133.033356,0.21175601,0.393886,0.81277698
49.9888,6566.2075,52.97028,-4.764254,132.918472,0.212071,0.39364001,0.81244701
50.0109,6566.2275,52.969463,-4.711514,132.734695,0.21232601,0.393466,0.81194699
50.0221,6566.2475,52.918926,-4.550738,132.500092,0.211841,0.393195,0.81166101
50.0467,6566.2675,52.909649,-4.508177,132.385452,0.211905,0.39305601,0.81139702
50.0638,6566.2875,52.945354,-4.380667,132.325119,0.211317,0.393621,0.81130302
50.0823,6566.3075,52.89856,-4.247777,132.317413,0.210261,0.39370701,0.81169403
50.1149,6566.3275,52.783684,-4.260674,132.380936,0.209787,0.39295399,0.81230003
50.1227,6566.3475,52.720177,-4.430537,132.4953,0.210408,0.39214799,0.81259698
50.1419,6566.3675,52.739353,-4.446904,132.547241,0.21040399,0.39232799,0.81266701
50.1819,6566.3875,52.72604,-4.295461,132.527328,0.20935801,0.392692,0.81292802
50.1832,6566.4075,52.698395,-4.113839,132.486145,0.20812701,0.393013,0.81322497
50.2024,6566.4275,52.702721,-3.996202,132.417175,0.207542,0.39330399,0.81319702
50.2203,6566.4475,52.745361,-3.839031,132.325195,0.206872,0.39396,0.81302398
50.2445,6566.4675,52.780014,-3.61746,132.217865,0.20577499,0.39474201,0.81294501
50.2608,6566.4875,52.79026,-3.464052,132.141541,0.204981,0.39518201,0.81293201
50.2798,6566.5075,52.807621,-3.344557,132.112411,0.20428699,0.39564601,0.81298703
50.3037,6566.5275,52.838673,-3.333893,132.178299,0.204079,0.39602101,0.81310898
50.321,6566.5475,52.873207,-3.40913,132.349335,0.204127,0.39632899,0.813407
50.3403,6566.5675,52.846531,-3.597371,132.618301,0.20445301,0.39600301,0.81404501
50.3686,6566.5875,52.834774,-3.701953,132.893127,0.204211,0.39606899,0.81479299
50.3846,6566.6074,52.834778,-3.683828,133.091217,0.20339701,0.39647999,0.81546497
50.4069,6566.6274,52.799313,-3.678508,133.218979,0.202811,0.39646801,0.81601501
50.428,6566.6474,52.781544,-3.699462,133.234955,0.202852,0.39629999,0.81609499
50.4509,6566.6674,52.7715,-3.624929,133.199707,0.20241299,0.39640501,0.81615001
50.4722,6566.6874,52.694592,-3.675773,133.219727,0.20247599,0.395722,0.816405
50.489,6566.7074,52.619213,-3.833533,133.287323,0.203142,0.39478901,0.81661898
50.5045,6566.7274,52.58186,-4.040195,133.35405,0.204274,0.39397201,0.816603
50.5218,6566.7474,52.589706,-4.112555,133.374649,0.204742,0.39383301,0.81651098
50.5451,6566.7674,52.615318,-4.052649,133.411346,0.204265,0.39427599,0.816643
50.5599,6566.7874,52.639488,-3.91442,133.464569,0.203168,0.39499,0.816971
50.5798,6566.8074,52.676586,-3.745005,133.495895,0.20196199,0.39585701,0.81723499
50.6066,6566.8274,52.728619,-3.553255,133.472794,0.200829,0.396806,0.81730801
50.6246,6566.8474,52.766983,-3.391183,133.384933,0.200092,0.397448,0.81717002
50.6482,6566.8674,52.836609,-3.197867,133.308334,0.19918799,0.39843401,0.81700897
50.6709,6566.8874,52.89465,-3.018883,133.331238,0.198006,0.39946401,0.81717998
50.6814,6566.9074,52.923267,-2.936592,133.453568,0.197078,0.400143,0.81760699
50.7025,6566.9274,52.964527,-2.999048,133.59552,0.19715101,0.40048701,0.81779897
50.7333,6566.9474,53.070213,-3.107767,133.677704,0.197954,0.40104699,0.81748497
50.742,6566.9674,53.169525,-3.150331,133.739243,0.198337,0.40173501,0.81724203
50.7657,6566.9874,53.165142,-3.229669,133.876968,0.19840699,0.401692,0.81755501
50.7845,6567.0074,53.143154,-3.408276,134.098114,0.198842,0.401353,0.81802398
50.799,6567.0273,53.151314,-3.644719,134.338669,0.19971199,0.401086,0.81834
50.8283,6567.0473,53.140751,-3.924102,134.538742,0.200977,0.400482,0.818519
50.8414,6567.0673,53.100952,-4.104867,134.646805,0.201776,0.39981699,0.81868702
50.8627,6567.0873,53.010075,-4.244116,134.739471,0.202187,0.398884,0.81906903
50.88,6567.1073,52.947903,-4.505505,134.925232,0.20323201,0.39794201,0.81941903
50.9021,6567.1273,53.001961,-4.853144,135.164108,0.205042,0.397672,0.81934702
50.9203,6567.1473,53.086456,-5.048463,135.294632,0.206223,0.39791101,0.819089
50.9403,6567.1673,53.130241,-5.035227,135.327255,0.206138,0.39832899,0.81905198
50.9637,6567.1873,53.111649,-4.982568,135.300598,0.20580199,0.39831099,0.81913197
50.9819,6567.2073,53.054142,-5.167362,135.260941,0.20709901,0.39724299,0.81888998
51.0096,6567.2273,53.084145,-5.471288,135.225693,0.20947599,0.39644399,0.818115
51.0413,6567.2473,53.202,-5.561037,135.156143,0.210687,0.39689201,0.81729001
51.0571,6567.2673,53.246197,-5.447816,135.082092,0.21026,0.397434,0.81709898
51.075,6567.2873,53.228828,-5.300655,135.022919,0.20936701,0.397663,0.81724697
51.0874,6567.3073,53.229412,-5.231724,134.952377,0.209122,0.397755,0.81714898
51.1067,6567.3273,53.335968,-5.346354,134.904114,0.210407,0.39807999,0.816387
51.1314,6567.3473,53.463898,-5.459061,134.82843,0.211833,0.398514,0.81545901
51.152,6567.3674,53.549335,-5.348143,134.669342,0.21183901,0.39919001,0.81484002
51.1632,6567.3874,53.606472,-5.073839,134.416534,0.210933,0.40000799,0.81432903
51.1821,6567.4075,53.69315,-4.771923,134.126663,0.21005,0.401063,0.813636
51.2038,6567.4275,53.704742,-4.508471,133.852982,0.209172,0.401485,0.81320298
51.2225,6567.4476,53.631432,-4.36011,133.67749,0.20852,0.40110999,0.813187
51.2457,6567.4677,53.603893,-4.170969,133.474396,0.207808,0.401149,0.81298202
51.2655,6567.4877,53.599453,-3.872028,133.198456,0.206641,0.401577,0.81265402
51.2852,6567.5078,53.477913,-3.778711,132.879532,0.206733,0.400428,0.81224501
51.3043,6567.5279,53.3349,-4.106369,132.788528,0.20894399,0.39817199,0.811885
51.3251,6567.5479,53.377029,-4.442877,132.862259,0.211197,0.397517,0.811351
51.3491,6567.568,53.535969,-4.350488,132.859421,0.211026,0.398956,0.81092203
51.3651,6567.588,53.619621,-4.091114,132.699554,0.209998,0.400107,0.81056798
51.3864,6567.6081,53.624805,-3.91464,132.550232,0.209287,0.40044501,0.810386
51.4033,6567.6282,53.681717,-3.985282,132.535263,0.21001001,0.40059599,0.80999702
51.4228,6567.6482,53.606598,-3.986229,132.463852,0.21004,0.399923,0.81004101
51.4464,6567.6683,53.354752,-3.893211,132.263718,0.209318,0.39805299,0.81048799
51.4678,6567.6883,53.113338,-3.767318,131.983444,0.208664,0.39622101,0.81068599
51.4835,6567.7084,52.988239,-3.686785,131.749924,0.208517,0.39516401,0.81051999
51.505,6567.7285,53.013279,-3.6989,131.582794,0.20925599,0.394999,0.80985302
51.5295,6567.7485,53.117886,-3.517529,131.409317,0.20889699,0.396034,0.80922598
51.5451,6567.7686,53.083206,-3.274687,131.293365,0.20747501,0.39638099,0.80940902
51.5632,6567.7887,52.991341,-3.190715,131.303268,0.206561,0.39602,0.809928
51.5834,6567.8087,52.968468,-3.226628,131.315262,0.20670199,0.39575899,0.809986
51.6052,6567.8288,52.993118,-3.290555,131.20108,0.207625,0.39551601,0.80940199
51.6263,6567.8488,52.927979,-3.049627,130.982635,0.20647299,0.39545801,0.80934602
51.6524,6567.8689,52.725224,-2.794716,130.855606,0.20446999,0.394631,0.810112
51.6715,6567.889,52.560741,-2.699608,130.861496,0.203256,0.393783,0.81089199
51.6873,6567.909,52.493019,-2.822432,130.949173,0.20361,0.39304399,0.81120998
51.7112,6567.9291,52.438747,-2.901356,130.981323,0.203887,0.39245,0.81137103
51.7233,6567.9491,52.336884,-2.852401,130.928528,0.203399,0.39179,0.811647
51.7465,6567.9691,52.214027,-2.762926,130.871094,0.202572,0.39110699,0.81205302
51.7604,6567.9891,52.127617,-2.744088,130.922546,0.201989,0.390641,0.812567
51.7806,6568.0091,52.122799,-2.937508,131.085861,0.20278899,0.39025,0.812787
51.803,6568.0291,52.175671,-3.089209,131.194611,0.20366099,0.39031699,0.81269097
51.8282,6568.0491,52.160221,-2.973643,131.172226,0.202869,0.390551,0.812877
51.8442,6568.0691,52.081936,-2.828925,131.129807,0.20174,0.390396,0.81327099
51.8661,6568.0891,52.075012,-2.846407,131.143356,0.201796,0.39031199,0.81331003
51.8809,6568.1091,52.112598,-2.946463,131.153763,0.20258901,0.39026701,0.813034
51.9006,6568.1291,52.112724,-2.947647,131.11525,0.202729,0.390196,0.81290299
51.9275,6568.1491,52.084217,-2.832974,131.034653,0.20209999,0.39023101,0.81293899
51.9468,6568.1691,52.073341,-2.746359,130.975937,0.20165101,0.39033899,0.81293398
51.9616,6568.1891,52.088463,-2.762493,130.932938,0.20196,0.39031699,0.81270897
51.9859,6568.2091,52.123638,-2.825162,130.862122,0.202757,0.39023501,0.81223601
52.0024,6568.2291,52.136204,-2.722129,130.724655,0.202535,0.39042699,0.81191301
52.0229,6568.249,52.071865,-2.498513,130.564728,0.20129,0.390434,0.81199998
52.0537,6568.269,51.998589,-2.372769,130.492737,0.200409,0.39020601,0.81223798
52.0744,6568.289,52.011234,-2.454301,130.48761,0.20104501,0.39001301,0.81203401
52.0873,6568.309,52.095039,-2.552816,130.486023,0.20201699,0.390279,0.81155801
52.1025,6568.329,52.150253,-2.507207,130.45903,0.20196301,0.39078,0.811351
52.1308,6568.349,52.1241,-2.393352,130.417099,0.201216,0.390901,0.81150401
52.1416,6568.369,52.103256,-2.285331,130.308884,0.200753,0.390926,0.81140298
52.1672,6568.389,52.148991,-2.250963,130.20816,0.201001,0.39119199,0.81096202
52.2009,6568.409,52.217289,-2.290352,130.159103,0.20166799,0.39146,0.81048602
52.2033,6568.429,52.305367,-2.35303,130.162216,0.20238499,0.39188299,0.81007302
52.2228,6568.449,52.367813,-2.350603,130.139267,0.202648,0.39229599,0.80977798
52.2404,6568.469,52.37355,-2.331893,130.026001,0.202922,0.39219999,0.80940801
52.264,6568.489,52.370533,-2.348499,129.891098,0.203491,0.39188299,0.80893302
52.2828,6568.509,52.397179,-2.426618,129.838409,0.204309,0.39171401,0.80852097
52.3005,6568.529,52.451485,-2.480728,129.82753,0.204904,0.39189801,0.80819398
52.3204,6568.549,52.491966,-2.401469,129.767181,0.20468301,0.39234701,0.80798697
52.3518,6568.569,52.518581,-2.35692,129.742798,0.204539,0.39264399,0.80788898
52.3628,6568.589,52.556992,-2.442924,129.773148,0.205166,0.39267999,0.80770099
52.3816,6568.609,52.611408,-2.626412,129.831604,0.20643499,0.39254999,0.80737501
52.4036,6568.629,52.66647,-2.726286,129.867661,0.207193,0.39266801,0.80712003
52.4212,6568.6489,52.655384,-2.618194,129.860596,0.20642,0.39294299,0.80733103
52.4412,6568.6689,52.57719,-2.530165,129.910995,0.205374,0.392775,0.80794001
52.4711,6568.6889,52.574978,-2.625959,130.015244,0.205685,0.39262199,0.80812901
52.4832,6568.7089,52.641468,-2.882059,130.14801,0.20725,0.39246801,0.80787897
52.5035,6568.7289,52.696156,-3.093049,130.299042,0.208395,0.39241901,0.80781001
52.5249,6568.7489,52.66045,-3.11789,130.423279,0.208031,0.392306,0.80831301
52.5436,6568.7689,52.589775,-3.122648,130.551239,0.20740201,0.39201701,0.80899
52.5684,6568.7889,52.580135,-3.233823,130.680038,0.207716,0.39180699,0.80925697
52.5928,6568.8089,52.622883,-3.402813,130.788071,0.208675,0.39174101,0.80915898
52.6005,6568.8289,52.647556,-3.487021,130.88205,0.20902599,0.39180601,0.809232
52.6217,6568.8489,52.645744,-3.44419,130.951538,0.20848,0.39206401,0.80954897
52.6432,6568.8689,52.657852,-3.318775,131.005524,0.20744701,0.39266801,0.80991399
52.6622,6568.8889,52.690048,-3.299202,131.09584,0.2071,0.39312699,0.81013501
52.6815,6568.9089,52.730713,-3.346284,131.144852,0.20739201,0.39335001,0.81006598
52.7029,6568.9289,52.724014,-3.323392,131.112,0.207322,0.39331901,0.810022
52.7208,6568.9489,52.662746,-3.297148,131.101334,0.206981,0.39294899,0.81025499
52.7486,6568.9689,52.633873,-3.290707,131.12027,0.20678,0.39279801,0.81043398
52.7697,6568.9889,52.669811,-3.34078,131.178223,0.207048,0.392993,0.81040698
52.7843,6569.0089,52.69894,-3.415864,131.2686,0.20736,0.39311501,0.810467
52.8046,6569.0289,52.675953,-3.507313,131.372803,0.207578,0.39283401,0.81073201
52.8239,6569.0489,52.65395,-3.532628,131.455002,0.207407,0.39274099,0.81103897
52.8423,6569.0688,52.652836,-3.553872,131.531982,0.20728999,0.392802,0.81125998
52.863,6569.0888,52.666637,-3.649823,131.610779,0.20774201,0.39272499,0.81129801
52.884,6569.1088,52.686478,-3.775549,131.708374,0.208359,0.39262801,0.81132102
52.8998,6569.1288,52.703934,-3.859841,131.794022,0.20871601,0.39263001,0.81138802
52.9247,6569.1488,52.718651,-3.866863,131.847412,0.208628,0.39280999,0.81149799
52.943,6569.1688,52.725822,-3.894357,131.87326,0.208756,0.392818,0.81150699
52.9653,6569.1888,52.739136,-3.940412,131.84407,0.209223,0.392708,0.81127799
52.9878,6569.2088,52.766781,-3.955626,131.773895,0.209656,0.392728,0.81091702
53.0053,6569.2288,52.798653,-3.946666,131.737,0.20981701,0.392919,0.81069499
53.0286,6569.2488,52.812077,-3.89064,131.711609,0.20954899,0.39315501,0.810664
53.0539,6569.2688,52.795063,-3.817672,131.661591,0.209152,0.39318299,0.81069398
53.0869,6569.2888,52.7626,-3.784647,131.586166,0.209077,0.39292201,0.81062198
53.1026,6569.3088,52.747177,-3.784542,131.5271,0.209231,0.39270401,0.81048203
53.108,6569.3288,52.748898,-3.755957,131.469376,0.209232,0.39270601,0.81033599
53.1302,6569.3488,52.722385,-3.708626,131.440857,0.208913,0.39262101,0.81042397
53.1444,6569.3688,52.682564,-3.675327,131.471481,0.20844901,0.39250201,0.81073099
53.1708,6569.3888,52.685547,-3.729355,131.573837,0.20849,0.39252999,0.81096202
53.1879,6569.4088,52.728443,-3.750608,131.651138,0.208508,0.39290801,0.81102401
53.2022,6569.4288,52.769196,-3.770314,131.674469,0.208693,0.39317799,0.81091702
53.2208,6569.4489,52.769592,-3.713209,131.617676,0.20848501,0.39326701,0.81083101
53.2428,6569.4689,52.758167,-3.615717,131.573639,0.207911,0.393428,0.81090403
53.2633,6569.4889,52.778999,-3.562608,131.556656,0.20765799,0.39372301,0.81086802
53.2831,6569.5089,52.839382,-3.598142,131.581741,0.20801,0.39408401,0.81066698
53.3083,6569.529,52.903286,-3.625108,131.589096,0.208373,0.39446601,0.81041002
53.324,6569.549,52.924545,-3.521736,131.518463,0.20795099,0.394833,0.81028599
53.3488,6569.569,52.893021,-3.427895,131.465225,0.20737299,0.394822,0.81039399
53.3706,6569.5891,52.884777,-3.41898,131.477219,0.207243,0.39481401,0.81048
53.3892,6569.6091,52.917667,-3.483229,131.534805,0.207601,0.394941,0.810435
53.4041,6569.6291,52.955616,-3.55845,131.526825,0.208278,0.39494899,0.81013399
53.4229,6569.6491,52.971951,-3.595783,131.555649,0.20849299,0.394995,0.81010199
53.4415,6569.6692,52.955986,-3.591155,131.593369,0.208281,0.39496401,0.81029397
53.4655,6569.6892,52.933197,-3.596458,131.628204,0.20812801,0.39484701,0.81048203
53.4936,6569.7092,52.956326,-3.609183,131.61702,0.20832799,0.39495,0.81033802
53.5049,6569.7293,52.989491,-3.596821,131.572922,0.20849501,0.39514899,0.81009299
53.5248,6569.7493,52.961334,-3.607437,131.52652,0.208643,0.39482701,0.81002301
53.544,6569.7693,52.928692,-3.622269,131.545044,0.208583,0.39457801,0.81017601
53.5635,6569.7893,52.940559,-3.603986,131.575089,0.208387,0.39477801,0.81026602
53.5924,6569.8094,52.925591,-3.577207,131.637009,0.207938,0.39487201,0.810574
53.6083,6569.8294,52.89397,-3.573674,131.705643,0.207579,0.39478099,0.81092298
53.6211,6569.8494,52.90493,-3.560539,131.792923,0.207219,0.39506099,0.81119502
53.6466,6569.8695,52.920422,-3.51591,131.843582,0.20677599,0.39541101,0.81138599
53.6673,6569.8895,52.910595,-3.471988,131.827255,0.20649099,0.39545599,0.81144702
53.694,6569.9095,52.897114,-3.472073,131.84671,0.206383,0.395394,0.81155998
53.7089,6569.9295,52.908245,-3.511845,131.874222,0.206604,0.395392,0.81153899
53.7236,6569.9496,52.948002,-3.529102,131.817291,0.207045,0.395518,0.81117499
53.7453,6569.9696,52.944855,-3.517088,131.769852,0.207114,0.39544901,0.81105202
53.7645,6569.9896,52.907944,-3.484914,131.752594,0.20683201,0.39525899,0.81118798
53.7854,6570.0096,52.893787,-3.395991,131.733688,0.20622399,0.395417,0.81133699
53.8207,6570.0296,52.915268,-3.367765,131.729218,0.20610601,0.39565599,0.81129497
53.8391,6570.0496,52.946552,-3.382094,131.716766,0.206347,0.39581099,0.81111401
53.8535,6570.0696,52.946461,-3.370896,131.686813,0.20637099,0.39579299,0.81103599
53.8692,6570.0896,52.909935,-3.303533,131.639648,0.205944,0.39566901,0.81113398
53.8834,6570.1096,52.907021,-3.264454,131.60788,0.205768,0.39572001,0.81111002
53.9033,6570.1296,52.952995,-3.254674,131.622742,0.20579,0.396108,0.81101
53.9212,6570.1496,52.982014,-3.259766,131.658569,0.20579199,0.396364,0.81101298
53.9403,6570.1696,52.99015,-3.269595,131.681641,0.205807,0.396431,0.81104201
53.9633,6570.1896,52.983986,-3.3106,131.704514,0.205999,0.39629301,0.81106597
53.9821,6570.2096,52.989021,-3.324601,131.731308,0.206021,0.39633101,0.81111097
54.0025,6570.2296,53.000252,-3.303345,131.736282,0.205888,0.39649099,0.81112403
54.0296,6570.2496,52.998028,-3.283924,131.745117,0.205713,0.39655501,0.81119603
54.0577,6570.2696,52.999187,-3.304114,131.721283,0.205942,0.39645401,0.811077
54.0738,6570.2895,53.007858,-3.339118,131.667084,0.206404,0.396303,0.81080401
54.0868,6570.3095,53.012909,-3.353632,131.609924,0.20671999,0.39618799,0.81057101
54.102,6570.3295,53.017033,-3.33289,131.584183,0.20667499,0.39624,0.81050801
54.1311,6570.3495,53.024475,-3.28111,131.521988,0.20654701,0.39635199,0.81036901
54.146,6570.3695,53.033539,-3.225695,131.483047,0.20631801,0.39653,0.81030703
54.1609,6570.3895,53.040356,-3.194938,131.431534,0.20630001,0.396588,0.81016701
54.1822,6570.4095,53.045681,-3.181848,131.42691,0.20624,0.39666101,0.81015599
54.2313,6570.4295,53.052471,-3.174989,131.40657,0.206283,0.396696,0.810076
54.235,6570.4495,53.064194,-3.162166,131.39035,0.206285,0.39679301,0.81000298
54.2518,6570.4695,53.083763,-3.134943,131.321518,0.20639201,0.39689901,0.809753
54.266,6570.4895,53.083881,-3.14415,131.275726,0.206616,0.39678699,0.80958402
54.2983,6570.5095,53.075329,-3.151882,131.266495,0.20667601,0.39668301,0.80957103
54.3028,6570.5295,53.061066,-3.178611,131.336227,0.206579,0.39661801,0.80980599
54.3225,6570.5495,53.0676,-3.1838,131.387344,0.206459,0.39673999,0.80994201
54.3416,6570.5695,53.074799,-3.153683,131.464859,0.206,0.39703101,0.81022602
54.3612,6570.5895,53.041718,-3.168233,131.569702,0.20563699,0.396934,0.81066698
54.386,6570.6095,53.012516,-3.178907,131.648529,0.205349,0.39683101,0.811014
54.4011,6570.6295,53.009064,-3.143167,131.674576,0.20499501,0.39697099,0.811176
54.422,6570.6495,53.015072,-3.057637,131.676636,0.204401,0.39729899,0.81131399
54.4444,6570.6695,53.006531,-2.988652,131.659943,0.203944,0.39743501,0.81141299
54.4609,6570.6895,53.016148,-2.981259,131.653732,0.203943,0.397517,0.81137103
54.4806,6570.7095,53.034092,-2.991887,131.632965,0.204146,0.39757401,0.81121802
54.5078,6570.7295,53.035229,-3.007806,131.671936,0.204127,0.39759901,0.81131399
54.5218,6570.7494,53.029644,-2.978196,131.669907,0.203907,0.39765301,0.81138003
54.5421,6570.7694,53.009552,-2.933175,131.65979,0.20356099,0.39763901,0.81150001
54.568,6570.7894,52.994152,-2.922724,131.697037,0.20331,0.39762899,0.81169701
54.5856,6570.8094,52.967396,-2.90905,131.704819,0.20310301,0.39749601,0.81184399
54.6019,6570.8294,52.900524,-2.760383,131.685944,0.20190699,0.39747199,0.81228697
54.6231,6570.8494,52.801987,-2.574503,131.646133,0.20042001,0.397306,0.81283897
54.6575,6570.8694,52.719444,-2.450509,131.627197,0.199348,0.39708799,0.81329101
54.6699,6570.8894,52.688896,-2.396021,131.607758,0.19893301,0.39701399,0.81343198
54.6885,6570.9094,52.689293,-2.323113,131.567902,0.19855499,0.39718601,0.81342697
54.702,6570.9294,52.657036,-2.248812,131.533356,0.198046,0.39713901,0.81355798
54.7228,6570.9494,52.625004,-2.187304,131.524277,0.19754,0.39709601,0.81374902
54.7435,6570.9694,52.645779,-2.189017,131.569138,0.19746201,0.39731601,0.81381899
54.7614,6570.9894,52.696411,-2.246802,131.634369,0.197805,0.39760199,0.81375098
54.7883,6571.0094,52.754005,-2.23282,131.64473,0.19785,0.39807901,0.81360102
54.8085,6571.0294,52.771088,-2.144875,131.592468,0.19746099,0.39839801,0.81352103
54.8214,6571.0494,52.797375,-2.104045,131.522461,0.197497,0.39860001,0.81326699
54.8414,6571.0694,52.87537,-2.111304,131.477859,0.19794901,0.399057,0.812828
54.8632,6571.0894,52.925934,-2.073217,131.435699,0.19798499,0.39947,0.81257403
54.8812,6571.1093,52.930035,-1.975434,131.368179,0.19754,0.399703,0.81250697
54.9013,6571.1293,52.931053,-1.896116,131.262955,0.197348,0.39978901,0.81229502
54.9259,6571.1493,52.937969,-1.90006,131.161972,0.19775,0.399652,0.81193101
54.9415,6571.1693,52.959892,-1.941578,131.083023,0.19838899,0.399535,0.81152099
54.9644,6571.1894,52.978737,-1.939431,131.029816,0.19861899,0.39958501,0.81128103
54.9858,6571.2094,52.986755,-1.876436,130.978668,0.198377,0.39976099,0.81119299
55.0018,6571.2294,52.961479,-1.767568,130.912659,0.19775601,0.39982599,0.81125402
55.0251,6571.2494,52.937443,-1.754866,130.843689,0.19783001,0.39957699,0.81113499
55.0657,6571.2695,52.968822,-1.791375,130.784241,0.198396,0.39957699,0.810763
55.0792,6571.2895,52.982693,-1.759244,130.749512,0.19833399,0.39972299,0.81065297
55.0933,6571.3095,52.953239,-1.718278,130.740372,0.197982,0.39963201,0.81080002
55.1036,6571.3296,52.942158,-1.67333,130.748489,0.19760001,0.39971599,0.81094402
55.1361,6571.3496,52.972454,-1.683918,130.760223,0.197731,0.39991701,0.81085598
55.1467,6571.3696,53.008385,-1.706882,130.729172,0.198117,0.40004301,0.81058502
55.1636,6571.3896,52.990578,-1.695383,130.682312,0.19814201,0.399874,0.81051302
55.1812,6571.4097,52.942245,-1.680305,130.635681,0.198043,0.399499,0.81055802
55.2013,6571.4297,52.943237,-1.636152,130.591232,0.197889,0.399575,0.81048399
55.2246,6571.4497,52.968681,-1.614027,130.564926,0.197906,0.399784,0.81034398
55.2419,6571.4698,53.004494,-1.621937,130.473282,0.198397,0.399854,0.80989802
55.2625,6571.4898,53.013916,-1.649042,130.364319,0.198999,0.39964199,0.80945498
55.2902,6571.5098,52.980373,-1.633268,130.21315,0.199306,0.399194,0.80909801
55.3099,6571.5298,52.961727,-1.591702,130.095764,0.199361,0.398996,0.80884498
55.3227,6571.5499,52.993847,-1.562252,130.090439,0.199276,0.399313,0.80876398
55.3514,6571.5699,53.043194,-1.586139,130.15683,0.19937301,0.39969999,0.80876702
55.3635,6571.5899,53.070965,-1.627473,130.202942,0.19959401,0.39983901,0.80874997
55.3834,6571.61,53.074673,-1.615448,130.249405,0.199359,0.399986,0.80891299
55.4084,6571.63,53.077099,-1.633848,130.314026,0.19927099,0.40005499,0.80908698
55.4233,6571.65,53.106216,-1.662765,130.397125,0.199279,0.40031001,0.80920899
55.4446,6571.67,53.128788,-1.661913,130.387894,0.199378,0.40045699,0.80909902
55.4889,6571.6901,53.158512,-1.672729,130.347885,0.19969,0.400563,0.80883998
55.4972,6571.7101,53.189716,-1.672127,130.319977,0.199884,0.400738,0.80863601
55.5087,6571.7301,53.202419,-1.658894,130.265244,0.200023,0.40077701,0.80843103
55.5328,6571.7502,53.218559,-1.693776,130.239578,0.20041101,0.40073001,0.808227
55.5507,6571.7702,53.235168,-1.761597,130.246399,0.200919,0.40063399,0.80807102
55.5617,6571.7902,53.232227,-1.807349,130.249588,0.201221,0.400466,0.80801201
55.587,6571.8102,53.238972,-1.809261,130.29715,0.20108999,0.40059099,0.80814302
55.6082,6571.8302,53.256062,-1.830955,130.333206,0.20117199,0.40070301,0.808164
55.6229,6571.8502,53.275654,-1.902146,130.358109,0.20164999,0.40064901,0.80805099
55.6484,6571.8702,53.304321,-1.995833,130.401489,0.202251,0.400617,0.80792701
55.6747,6571.8902,53.338417,-2.053859,130.389297,0.202812,0.40064499,0.80765998
55.689,6571.9102,53.385365,-2.068084,130.396103,0.20303901,0.40094301,0.80748802
55.7057,6571.9301,53.42902,-2.085729,130.434464,0.203169,0.40126199,0.80742699
55.7322,6571.9501,53.445457,-2.123263,130.439041,0.20347001,0.40126199,0.80731601
55.7486,6571.9701,53.462826,-2.170686,130.454086,0.203807,0.401254,0.80721903
55.7643,6571.9901,53.491413,-2.20445,130.498123,0.203982,0.40142301,0.80720198
55.793,6572.0101,53.50816,-2.215535,130.524811,0.20401999,0.401553,0.80721003
55.8075,6572.0301,53.511513,-2.218296,130.59874,0.20379101,0.40169901,0.80743903
55.8246,6572.0501,53.525909,-2.250473,130.705017,0.20369101,0.40188301,0.80768299
55.8472,6572.0701,53.569984,-2.286687,130.828156,0.20365401,0.40229601,0.80786598
55.8652,6572.0901,53.607605,-2.308459,130.916046,0.203618,0.40264699,0.80798203
55.8905,6572.1101,53.599499,-2.322054,131.031662,0.203282,0.40274999,0.80836898
55.9033,6572.1301,53.601765,-2.369571,131.125931,0.203293,0.40277699,0.80858701
55.9218,6572.1501,53.646183,-2.436669,131.224945,0.203558,0.40304801,0.80863202
55.9569,6572.1701,53.679371,-2.452902,131.289902,0.203548,0.40334699,0.80869502
55.9625,6572.1901,53.677181,-2.466183,131.422516,0.203168,0.403523,0.80911499
55.9872,6572.2101,53.676666,-2.502472,131.610382,0.20276099,0.40373299,0.809668
56.011,6572.2301,53.695438,-2.594586,131.751511,0.20297299,0.40381601,0.80989701
56.025,6572.2501,53.730434,-2.720063,131.836395,0.203669,0.40380701,0.80982298
56.0472,6572.2701,53.772903,-2.840866,131.910355,0.204393,0.40384901,0.80969203
56.0622,6572.2901,53.782249,-2.899307,131.973862,0.204611,0.40383801,0.80976099
56.0824,6572.3101,53.725979,-2.907118,132.008255,0.204372,0.40347201,0.81006598
56.1169,6572.33,53.702919,-2.959882,132.023926,0.20461901,0.40316299,0.81010801
56.1251,6572.35,53.780159,-3.006588,131.993607,0.205293,0.40350899,0.809641
56.1436,6572.37,53.854141,-2.959055,131.939575,0.205375,0.40409601,0.809277
56.1623,6572.39,53.833748,-2.912611,131.930832,0.205015,0.40408599,0.809407
56.1843,6572.41,53.871513,-2.913265,131.970993,0.20499399,0.40442601,0.80939698
56.2055,6572.43,53.975338,-2.979414,132.034943,0.20555399,0.405067,0.80910301
56.2223,6572.45,54.048512,-3.064759,132.087433,0.206195,0.405406,0.80884999
56.2547,6572.47,54.054684,-3.013099,132.11377,0.20575599,0.40566501,0.80900598
56.2642,6572.49,54.033237,-2.969806,132.15239,0.205248,0.40572199,0.80928802
56.2884,6572.51,54.068874,-3.032314,132.227875,0.205531,0.405909,0.80928898
56.3082,6572.53,54.152737,-3.164382,132.337906,0.206329,0.40627801,0.80909699
56.3279,6572.55,54.198532,-3.246284,132.441437,0.206679,0.40652701,0.80911398
56.3543,6572.57,54.190605,-3.278774,132.498779,0.206681,0.40646899,0.80927002
56.3652,6572.59,54.180431,-3.2537,132.493759,0.20649099,0.406468,0.80933702
56.3817,6572.61,54.222721,-3.267898,132.508163,0.206668,0.40675101,0.80919999
56.4015,6572.63,54.305614,-3.342896,132.562973,0.20725299,0.40720099,0.80893201
56.423,6572.65,54.360062,-3.370123,132.61821,0.207413,0.40760201,0.80885798
56.447,6572.67,54.389633,-3.349531,132.656052,0.207222,0.40794799,0.80890697
56.467,6572.69,54.41098,-3.341644,132.67807,0.20715199,0.408167,0.80891103
56.485,6572.71,54.434284,-3.335333,132.693954,0.207121,0.408382,0.808887
56.5033,6572.73,54.477085,-3.365147,132.874207,0.206817,0.40891799,0.80925202
56.5274,6572.7499,54.54414,-3.339815,133.020477,0.20631599,0.40974301,0.80951399
56.5508,6572.7699,54.54818,-3.332093,133.204819,0.205614,0.410128,0.81010097
56.5646,6572.7899,54.544403,-3.429848,133.373886,0.205689,0.41009301,0.81047797
56.5825,6572.8099,54.587463,-3.548639,133.475693,0.206292,0.410207,0.810426
56.6045,6572.8299,54.632187,-3.647557,133.570389,0.206784,0.41038501,0.81037903
56.6229,6572.85,54.662273,-3.630292,133.644394,0.206485,0.41078901,0.81053102
56.6434,6572.87,54.66597,-3.520989,133.69281,0.205549,0.411248,0.81086701
56.6651,6572.89,54.649971,-3.486289,133.745041,0.20506901,0.411336,0.81115502
56.6904,6572.9101,54.644718,-3.55538,133.775299,0.20543399,0.41113499,0.81114602
56.7064,6572.9301,54.633877,-3.673021,133.794815,0.206165,0.410721,0.811037
56.7293,6572.9502,54.606777,-3.684997,133.81871,0.206085,0.41053101,0.811194
56.7466,6572.9703,54.596558,-3.677938,133.889938,0.20575,0.41060799,0.81146997
56.7723,6572.9903,54.593918,-3.723629,133.993469,0.205695,0.410631,0.81172401
56.7866,6573.0104,54.582058,-3.835485,134.106812,0.206047,0.41039699,0.81192499
56.8056,6573.0304,54.556187,-3.928635,134.195953,0.206313,0.410079,0.81213498
56.8286,6573.0505,54.52142,-3.932693,134.232101,0.206112,0.409881,0.81237298
56.8489,6573.0706,54.525478,-3.89212,134.246643,0.20578399,0.41006401,0.81247598
56.8633,6573.0906,54.550125,-3.818279,134.280899,0.205209,0.41053399,0.81262302
56.8834,6573.1107,54.558613,-3.857689,134.369064,0.20519701,0.41062999,0.812796
56.9128,6573.1308,54.584011,-3.953125,134.485733,0.205529,0.410723,0.81289399
56.9266,6573.1508,54.627949,-4.035489,134.594788,0.20584799,0.410979,0.81291902
56.9478,6573.1709,54.648388,-4.061409,134.669617,0.20582201,0.41117901,0.81302899
56.9671,6573.1909,54.641979,-4.084054,134.733551,0.205735,0.41117701,0.81321198
56.9836,6573.211,54.647388,-4.147268,134.873734,0.205696,0.41127101,0.81351399
57.0084,6573.2311,54.675213,-4.232079,135.018021,0.20585901,0.411468,0.813703
57.0374,6573.2511,54.680725,-4.288339,135.154221,0.20578501,0.411578,0.81400299
57.0695,6573.2712,54.66016,-4.262686,135.187332,0.20542599,0.41156799,0.81423002
57.0847,6573.2912,54.625824,-4.294035,135.277084,0.20523,0.41138399,0.81458199
57.1012,6573.3113,54.622978,-4.313774,135.33287,0.205162,0.411403,0.81472898
57.1075,6573.3314,54.629944,-4.386113,135.404434,0.205439,0.411358,0.814794
57.1338,6573.3514,54.657581,-4.391264,135.467606,0.20532601,0.41165501,0.81487399
57.1477,6573.3715,54.632347,-4.348817,135.471405,0.20494001,0.41161001,0.81505799
57.1655,6573.3916,54.606758,-4.401716,135.556885,0.20493799,0.41141501,0.81532401
57.1859,6573.4116,54.631416,-4.473178,135.672958,0.205098,0.41158301,0.81545699
57.2067,6573.4317,54.644131,-4.464415,135.745087,0.20481201,0.41183001,0.81564599
57.2243,6573.4517,54.623722,-4.44063,135.814926,0.204335,0.41187999,0.81598002
57.2433,6573.4717,54.618908,-4.45733,135.886902,0.204182,0.41192201,0.81618899
57.2669,6573.4918,54.618431,-4.523101,135.977615,0.20432299,0.41187999,0.81634998
57.2844,6573.5118,54.599953,-4.591741,136.075897,0.204408,0.41171199,0.816598
57.3043,6573.5318,54.570362,-4.65533,136.252701,0.204145,0.41161901,0.81713599
57.3469,6573.5518,54.549255,-4.65725,136.444504,0.203412,0.41180101,0.81779498
57.3521,6573.5717,54.542946,-4.623936,136.535187,0.202831,0.41201699,0.81815201
57.3672,6573.5917,54.553307,-4.640162,136.632797,0.20262399,0.41221601,0.81837797
57.3853,6573.6117,54.567307,-4.692949,136.73201,0.202682,0.412334,0.81853002
57.4028,6573.6317,54.574177,-4.74626,136.858536,0.202626,0.41244799,0.81878901
57.4257,6573.6517,54.577042,-4.756092,136.984634,0.20225,0.412662,0.819139
57.4459,6573.6717,54.582016,-4.738584,137.109314,0.201689,0.41297001,0.81952399
57.4655,6573.6917,54.59951,-4.686352,137.181503,0.201102,0.41338,0.81976402
57.502,6573.7117,54.607719,-4.675521,137.290268,0.200654,0.41366199,0.82007599
57.5097,6573.7317,54.609295,-4.727094,137.388977,0.200671,0.41369301,0.82027298
57.5299,6573.7517,54.628345,-4.752922,137.459457,0.200652,0.41387901,0.82036299
57.5473,6573.7718,54.626369,-4.749212,137.49855,0.200479,0.41394401,0.82049298
57.5719,6573.7918,54.616516,-4.811665,137.568619,0.200647,0.41381001,0.820629
57.5908,6573.8118,54.634102,-4.99658,137.71228,0.201499,0.413643,0.82066202
57.6043,6573.8319,54.681835,-5.289629,137.936081,0.202915,0.41352001,0.82062203
57.6267,6573.8519,54.731476,-5.63752,138.11232,0.204899,0.413169,0.82033098
57.6445,6573.8719,54.798264,-6.037407,138.29364,0.207279,0.41280299,0.81988698
57.6651,6573.8919,54.881126,-6.345648,138.446823,0.209143,0.41277701,0.81945598
57.6881,6573.912,54.930027,-6.471141,138.557022,0.209767,0.41296601,0.81936002
57.7098,6573.932,54.923351,-6.359682,138.580627,0.208868,0.413288,0.81966001
57.7276,6573.952,54.865101,-6.107676,138.516418,0.207149,0.41348699,0.82015598
57.7608,6573.972,54.778069,-5.883447,138.45047,0.20556,0.41339099,0.820705
57.7756,6573.9921,54.673637,-5.796413,138.445648,0.204687,0.412875,0.82125199
57.7975,6574.0121,54.586071,-5.82069,138.517105,0.20438001,0.41229099,0.82175797
57.8093,6574.0321,54.522354,-5.883347,138.668991,0.20412099,0.41191199,0.82233799
57.8317,6574.0522,54.456863,-5.949777,138.847046,0.20379201,0.41155499,0.82299399
57.8485,6574.0722,54.416721,-6.055129,139.03717,0.203765,0.41129199,0.82351601
57.871,6574.0922,54.41386,-6.245946,139.270859,0.204291,0.41113201,0.82386702
57.8869,6574.1122,54.448975,-6.460625,139.516617,0.20503999,0.41120699,0.82405901
57.9059,6574.1323,54.50425,-6.534309,139.666458,0.20516799,0.41166899,0.82414401
57.9331,6574.1523,54.54158,-6.427891,139.704651,0.204357,0.41231799,0.82429898
57.9506,6574.1723,54.544441,-6.28335,139.688843,0.203381,0.412727,0.82449901
57.9732,6574.1924,54.52087,-6.229493,139.698944,0.20289899,0.41272601,0.82471597
57.9892,6574.2124,54.50436,-6.21039,139.701675,0.202711,0.41266501,0.824821
58.0107,6574.2324,54.516495,-6.184133,139.711624,0.202516,0.41284701,0.82484901
58.0286,6574.2524,54.52454,-6.156971,139.773865,0.202116,0.41309401,0.82504398
58.0554,6574.2725,54.492607,-6.158284,139.890945,0.201625,0.41306099,0.82550198
58.0703,6574.2925,54.427124,-6.246491,140.059784,0.201492,0.41262501,0.826083
58.0947,6574.3125,54.413151,-6.420179,140.279617,0.201919,0.412415,0.82645702
58.1185,6574.3326,54.448788,-6.62658,140.5354,0.202573,0.412543,0.82668
58.1287,6574.3526,54.484718,-6.796479,140.763031,0.20306499,0.41273001,0.82688302
58.1483,6574.3725,54.459759,-6.85822,140.887817,0.20300201,0.41259301,0.827223
58.1867,6574.3925,54.409592,-6.913182,140.979843,0.202949,0.412231,0.82758099
58.1881,6574.4125,54.396172,-6.96972,141.023682,0.203168,0.41205099,0.82765597
58.2046,6574.4325,54.384758,-7.003049,141.017242,0.20340499,0.411861,0.82762402
58.226,6574.4525,54.315063,-7.047728,141.006271,0.203603,0.411201,0.82778603
58.2449,6574.4725,54.219196,-7.129158,141.018707,0.20392101,0.410285,0.82805097
58.268,6574.4925,54.154922,-7.181664,141.048691,0.204042,0.409715,0.82829303
58.2887,6574.5125,54.151352,-7.185366,141.098846,0.203881,0.40976799,0.82844102
58.3051,6574.5325,54.210369,-7.234875,141.19252,0.204042,0.41023201,0.82838601
58.3255,6574.5525,54.270359,-7.233447,141.264481,0.203914,0.410808,0.82835603
58.3481,6574.5725,54.246197,-7.104854,141.222351,0.203079,0.41091499,0.82856101
58.3696,6574.5925,54.146088,-6.89817,141.047943,0.201974,0.410447,0.82882702
58.3921,6574.6125,54.029408,-6.744245,140.848953,0.201296,0.409668,0.828991
58.4158,6574.6325,53.967995,-6.649653,140.698135,0.201004,0.40921599,0.82897002
58.427,6574.6525,53.933334,-6.579294,140.602005,0.200755,0.40899101,0.82895499
58.4473,6574.6725,53.837376,-6.449588,140.557281,0.199745,0.408571,0.82942599
58.4691,6574.6925,53.709435,-6.427023,140.562271,0.199255,0.40769801,0.82997298
58.4869,6574.7125,53.63818,-6.51375,140.582596,0.19963901,0.40696099,0.830154
58.5072,6574.7325,53.627419,-6.629001,140.591599,0.200416,0.406571,0.830019
58.5354,6574.7525,53.623886,-6.657891,140.557144,0.200739,0.40640199,0.82988501
58.5575,6574.7725,53.59977,-6.574637,140.495331,0.200297,0.40635201,0.82994801
58.5752,6574.7924,53.578808,-6.514111,140.400269,0.20014501,0.406203,0.82986403
58.5894,6574.8124,53.618027,-6.507926,140.239914,0.200764,0.40623,0.82926702
58.6095,6574.8324,53.675922,-6.411856,139.971588,0.201162,0.40646201,0.82844502
58.628,6574.8524,53.688091,-6.184292,139.642227,0.200716,0.40662801,0.827851
58.6553,6574.8724,53.688686,-5.878503,139.341599,0.19957601,0.40698999,0.82751501
58.6737,6574.8924,53.700558,-5.613781,139.092438,0.19858,0.40741101,0.82720798
58.6907,6574.9124,53.70908,-5.45411,138.896271,0.198147,0.40759701,0.82688302
58.7115,6574.9324,53.712444,-5.373915,138.729248,0.198171,0.40756699,0.82652199
58.732,6574.9524,53.707977,-5.243369,138.563965,0.197806,0.40762901,0.82628298
58.7512,6574.9724,53.690529,-5.077743,138.384491,0.19720501,0.40767601,0.82611001
58.7724,6574.9924,53.674713,-4.937965,138.212845,0.196767,0.40767401,0.82590801
58.7922,6575.0124,53.65015,-4.851802,138.083405,0.19654199,0.407525,0.82576901
58.8071,6575.0324,53.641117,-4.778716,137.970795,0.196392,0.40748101,0.82559699
58.8302,6575.0524,53.6325,-4.713516,137.862961,0.196283,0.40742499,0.82542402
58.8574,6575.0724,53.594967,-4.641465,137.796432,0.19590101,0.407249,0.82549298
58.8761,6575.0924,53.507244,-4.606997,137.781448,0.195473,0.406683,0.82583898
58.8908,6575.1124,53.419971,-4.622721,137.738953,0.19550499,0.40592501,0.82601601
58.9112,6575.1324,53.377426,-4.673793,137.713776,0.195849,0.40542001,0.82601398
58.9261,6575.1524,53.390106,-4.693879,137.65654,0.19622999,0.40535501,0.82576299
58.9516,6575.1724,53.396713,-4.568297,137.534943,0.19577301,0.405568,0.82559198
58.9686,6575.1924,53.355335,-4.414617,137.399261,0.195035,0.40549001,0.825607
58.9874,6575.2123,53.345329,-4.35412,137.263382,0.195053,0.40536499,0.82534403
59.0089,6575.2323,53.349014,-4.359595,137.122665,0.1956,0.40513599,0.82490098
59.0312,6575.2523,53.348938,-4.274495,136.989532,0.19545799,0.40516299,0.82464802
59.0694,6575.2723,53.288845,-4.229001,136.933746,0.195164,0.40476501,0.82478398
59.086,6575.2923,53.204372,-4.365046,136.992828,0.195705,0.40384099,0.82504499
59.1012,6575.3123,53.125771,-4.564023,137.088699,0.196587,0.402834,0.82528597
59.1079,6575.3323,53.043533,-4.731758,137.142441,0.197384,0.401822,0.82546598
59.1324,6575.3524,52.974674,-4.845669,137.18811,0.197859,0.40105399,0.825665
59.1531,6575.3724,52.957253,-4.926013,137.268143,0.198111,0.40082401,0.825831
59.1734,6575.3924,52.964596,-5.041604,137.374146,0.19859301,0.40071499,0.825921
59.1888,6575.4125,53.00095,-5.195414,137.443817,0.19955499,0.40064201,0.82572597
59.205,6575.4325,53.039749,-5.31125,137.407501,0.20062,0.40051499,0.82527
59.2256,6575.4525,53.041328,-5.291723,137.278305,0.20093501,0.400359,0.82490999
59.2479,6575.4725,53.000462,-5.16748,137.12114,0.20048,0.400159,0.82480699
59.2663,6575.4926,52.984734,-5.02984,136.959641,0.200011,0.400177,0.824619
59.2865,6575.5126,52.969105,-4.908089,136.789413,0.199687,0.400134,0.82437497
59.3206,6575.5326,52.952198,-4.833606,136.646561,0.199604,0.39998701,0.82413501
59.3429,6575.5527,52.918568,-4.752065,136.558182,0.19923399,0.39983499,0.82413399
59.3576,6575.5727,52.841583,-4.661234,136.527924,0.198475,0.39949599,0.82448602
59.3695,6575.5927,52.786812,-4.549973,136.530167,0.19751599,0.39943701,0.824889
59.3914,6575.6127,52.774837,-4.483706,136.551392,0.196932,0.39958701,0.82511199
59.4084,6575.6328,52.761387,-4.453423,136.58522,0.196559,0.399638,0.82531703
59.431,6575.6528,52.750984,-4.404969,136.606262,0.196108,0.39974499,0.82550198
59.4487,6575.6728,52.770397,-4.321949,136.602051,0.19557799,0.40013099,0.82555902
59.4689,6575.6929,52.80225,-4.202513,136.550354,0.194986,0.400637,0.82548797
59.4921,6575.7129,52.828487,-4.049982,136.448532,0.194316,0.401117,0.825342
59.5073,6575.7329,52.863441,-3.91026,136.308014,0.19389901,0.401557,0.82502401
59.5271,6575.7529,52.92038,-3.723979,136.144928,0.193289,0.402262,0.824633
59.5541,6575.773,52.95628,-3.515982,135.991852,0.192431,0.402897,0.824386
59.5803,6575.793,52.976265,-3.371416,135.877701,0.19184899,0.40329,0.82420802
59.6004,6575.813,53.023254,-3.262916,135.81514,0.191422,0.40385699,0.82402599
59.6179,6575.8331,53.070751,-3.212974,135.830002,0.191145,0.40437901,0.82397902
59.6509,6575.8531,53.083099,-3.211132,135.8815,0.19098499,0.40456,0.82409298
59.6547,6575.8731,53.066658,-3.228062,135.921799,0.190918,0.40445599,0.82424802
59.6757,6575.8931,53.022346,-3.20818,135.891663,0.19075599,0.40414399,0.82435298
59.6932,6575.9132,52.965302,-3.230227,135.804535,0.19106001,0.40351701,0.82426202
59.7076,6575.9332,52.888409,-3.229335,135.70343,0.191191,0.40279099,0.82424003
59.7281,6575.9532,52.761131,-3.312428,135.616074,0.191733,0.40146601,0.82430202
59.7471,6575.9732,52.664211,-3.379431,135.511948,0.192303,0.400381,0.82422698
59.7723,6575.9932,52.577148,-3.402873,135.460098,0.192404,0.39958799,0.82434797
59.7967,6576.0132,52.467739,-3.420708,135.465164,0.192202,0.398745,0.82473397
59.8114,6576.0331,52.383831,-3.43551,135.472549,0.19204301,0.398101,0.82503802
59.841,6576.0531,52.323483,-3.453075,135.493591,0.19192401,0.39764199,0.82529402
59.8529,6576.0731,52.28392,-3.504069,135.533447,0.19204,0.397264,0.82547498
59.8714,6576.0931,52.261013,-3.597723,135.608047,0.19239099,0.396934,0.82563102
59.8867,6576.1131,52.253754,-3.6804,135.702209,0.19264001,0.396786,0.82580698
59.9072,6576.1331,52.214382,-3.684998,135.725464,0.192481,0.396523,0.826015
59.9293,6576.1531,52.15004,-3.621578,135.625397,0.192187,0.39607999,0.82604897
59.9512,6576.1731,52.06139,-3.579107,135.514206,0.192012,0.39537701,0.82610101
59.9709,6576.1931,52.014748,-3.641231,135.457794,0.19252101,0.39475101,0.82599199
59.9885,6576.2131,51.996147,-3.705592,135.403717,0.19311801,0.39432499,0.82578498
60.0081,6576.2331,51.942406,-3.697484,135.316101,0.193207,0.39381,0.82572299
60.0336,6576.2531,51.835945,-3.698496,135.196808,0.19331799,0.392829,0.825737
60.0566,6576.2731,51.760273,-3.710508,135.110901,0.193481,0.39209399,0.82572401
60.0743,6576.2931,51.741341,-3.747883,135.081589,0.19379599,0.39179,0.825638
60.1018,6576.3131,51.785759,-3.794327,135.088181,0.194236,0.39198101,0.82541901
60.1069,6576.3331,51.804546,-3.795209,135.074265,0.194344,0.39209199,0.825306
60.1316,6576.3531,51.781258,-3.706242,134.996262,0.193903,0.39206699,0.82529801
60.1468,6576.3731,51.759171,-3.59256,134.894669,0.193368,0.392088,0.82525402
60.1885,6576.3931,51.748165,-3.588726,134.82695,0.19354001,0.39190599,0.82508802
60.1899,6576.4131,51.714142,-3.499965,134.700882,0.193233,0.39172301,0.82496601
60.2076,6576.433,51.482685,-3.211233,134.523941,0.19108,0.390643,0.825728
60.2247,6576.453,51.160229,-2.885203,134.37114,0.188297,0.389063,0.82693702
60.2449,6576.473,50.971458,-2.807562,134.241592,0.18761501,0.38771799,0.827326
60.2673,6576.493,50.925098,-2.770967,133.963333,0.188153,0.38703999,0.826671
60.2854,6576.513,50.653461,-2.553996,133.503708,0.187317,0.38499701,0.82652199
60.3095,6576.5331,50.093605,-2.108178,133.04747,0.183911,0.38161099,0.82772702
60.3315,6576.5531,49.780926,-1.474774,132.824783,0.179102,0.381017,0.82908702
60.354,6576.5731,49.639866,-0.911161,132.805237,0.17464399,0.381767,0.83037299
60.3697,6576.5931,49.40366,-0.738038,132.932266,0.172223,0.38079399,0.831837
60.3927,6576.6132,49.14069,-0.75503,133.101105,0.17096099,0.37907699,0.83323199
60.4109,6576.6332,48.919453,-0.605062,133.176971,0.168925,0.378052,0.83443499
60.4301,6576.6532,48.798306,-0.411356,133.287704,0.166768,0.37794399,0.83547199
60.4558,6576.6733,48.709511,-0.560335,133.535934,0.166759,0.377186,0.83633399
60.4703,6576.6933,48.630108,-0.925307,133.855591,0.168127,0.37592301,0.837071
60.4897,6576.7133,48.660522,-1.303892,134.070129,0.170283,0.37527299,0.83708501
60.5106,6576.7333,48.808914,-1.4192,134.072952,0.17157,0.37600401,0.83642399
60.5334,6576.7534,48.942272,-1.400205,133.972458,0.17217,0.37689,0.83568901
60.5502,6576.7734,48.996807,-1.550398,134.019531,0.17327701,0.37688899,0.83542597
60.5712,6576.7934,48.944298,-1.870003,134.228638,0.174761,0.37581599,0.83577597
60.5885,6576.8135,48.785007,-2.097262,134.399521,0.17537799,0.37419301,0.83650398
60.6101,6576.8335,48.669453,-2.1885,134.447235,0.17554,0.37312999,0.83690399
60.6275,6576.8535,48.733944,-2.258203,134.471893,0.176163,0.37342301,0.83665699
60.649,6576.8735,48.902283,-2.209024,134.465027,0.176333,0.374805,0.83614099
60.6715,6576.8936,49.021351,-2.210087,134.403702,0.1769,0.37558201,0.83554298
60.6886,6576.9136,49.17625,-2.265511,134.198288,0.178445,0.37622601,0.83428401
60.7175,6576.9336,49.299362,-2.284335,133.920609,0.179867,0.37663499,0.83295703
60.7337,6576.9537,49.423065,-2.357071,133.670517,0.181594,0.37691501,0.83162498
60.7551,6576.9737,49.516102,-2.339506,133.330185,0.182871,0.37711,0.83024698
60.7684,6576.9937,49.66032,-2.323772,133.015945,0.184236,0.37771001,0.82876801
60.7888,6577.0137,49.996731,-2.252951,132.760254,0.18561099,0.379976,0.82690197
60.8102,6577.0338,50.525322,-2.043612,132.637451,0.18615299,0.38429299,0.825019
60.8314,6577.0538,51.150673,-1.75461,132.432831,0.18671399,0.38942,0.82265198
60.8495,6577.0738,51.609642,-1.383936,132.096069,0.186645,0.393379,0.82055998
60.8725,6577.0939,52.012459,-1.305102,131.837875,0.188241,0.39610699,0.81843603
60.8918,6577.1139,52.379627,-1.460411,131.756348,0.190791,0.39810199,0.81661397
60.9091,6577.1339,52.6381,-1.572417,131.779663,0.192322,0.399629,0.81558102
60.9308,6577.1539,52.870842,-1.646699,131.882767,0.193221,0.40122801,0.81495601
60.9512,6577.1739,53.111511,-1.628254,132.091934,0.19310801,0.40336201,0.81479597
60.9671,6577.1939,53.304146,-1.667027,132.284943,0.19330201,0.40494201,0.81465298
60.9892,6577.2139,53.448689,-1.897837,132.366592,0.19510099,0.40537399,0.813999
61.0103,6577.2339,53.579174,-1.980705,132.396194,0.195987,0.406093,0.81347603
61.0307,6577.2538,53.694759,-1.999628,132.483871,0.19616599,0.40700901,0.81330198
61.0503,6577.2738,53.907135,-2.020138,132.457718,0.19705699,0.40841699,0.81240398
61.0701,6577.2938,54.204098,-1.796569,132.275467,0.19703899,0.41093799,0.811113
61.0877,6577.3138,54.393295,-1.379011,132.170746,0.19504599,0.41343999,0.81079602
61.1296,6577.3338,54.437981,-1.120424,132.20993,0.193213,0.414648,0.811194
61.1366,6577.3538,54.370296,-0.903171,132.238617,0.19136,0.41490501,0.81189799
61.1484,6577.3738,54.228638,-0.722212,132.25563,0.189574,0.41449901,0.81277198
61.168,6577.3938,54.17524,-0.681002,132.29245,0.18898199,0.41431001,0.81315202
61.1867,6577.4138,54.232918,-0.609978,132.351501,0.188444,0.415043,0.81324399
61.2057,6577.4338,54.235458,-0.545817,132.359726,0.187967,0.41527599,0.81336701
61.2369,6577.4538,54.109367,-0.477577,132.312958,0.18725801,0.414518,0.81379098
61.2458,6577.4738,53.833378,-0.37565,132.259872,0.18586101,0.41278899,0.81479198
61.2726,6577.4938,53.603508,-0.183228,132.218826,0.183917,0.41169399,0.81580299
61.2934,6577.5138,53.629673,0.015973,132.120239,0.182936,0.412352,0.81571603
61.3079,6577.5338,53.652565,0.247168,131.951416,0.181971,0.41297701,0.81546801
61.3259,6577.5538,53.646732,0.475739,131.824936,0.18078201,0.41345799,0.81545103
61.3495,6577.5738,53.892784,0.881351,131.716202,0.179078,0.41631401,0.81486303
61.3652,6577.5938,54.709751,1.503162,131.276703,0.178912,0.42335701,0.81151003
61.3867,6577.6138,55.052666,1.708723,131.039352,0.179453,0.426043,0.80984402
61.4074,6577.6338,54.929714,1.818309,131.077789,0.17813399,0.42558599,0.81058002
61.4257,6577.6537,54.435253,1.696014,131.19986,0.176936,0.421913,0.81255502
61.4473,6577.6737,53.787582,1.315131,131.389206,0.176842,0.41643101,0.81488001
61.4693,6577.6937,53.445774,1.229998,131.402344,0.176291,0.413762,0.81600398
61.485,6577.7137,53.103966,0.878716,131.497604,0.17734399,0.41036901,0.81697297
61.5068,6577.7337,52.701721,0.507049,131.719681,0.177908,0.40666801,0.81852198
61.5291,6577.7537,52.461769,0.458287,131.868851,0.17695799,0.40503201,0.81976402
61.545,6577.7737,52.478092,0.569393,131.919296,0.176037,0.405579,0.82003802
61.5645,6577.7937,52.659657,0.632536,131.945602,0.176074,0.40711501,0.81958097
61.5873,6577.8137,52.791172,0.631279,132.012192,0.176267,0.40815201,0.81932598
61.6085,6577.8337,52.693348,0.483361,132.030212,0.176948,0.40701401,0.81950003
61.6271,6577.8537,52.510441,0.295209,132.031372,0.177706,0.40511301,0.819857
61.6546,6577.8737,52.377022,0.326873,131.994354,0.177184,0.404203,0.82025701
61.6669,6577.8937,52.344528,0.396505,131.979263,0.176635,0.40416801,0.82043099
61.6841,6577.9137,52.371685,0.371105,132.059616,0.17662001,0.40440601,0.82055098
61.7088,6577.9337,52.302967,0.364407,132.148026,0.176137,0.40402901,0.82106203
61.7249,6577.9537,52.248623,0.465767,132.314804,0.174649,0.40421599,0.82193398
61.745,6577.9737,52.236137,0.464492,132.549622,0.17378999,0.404479,0.82271498
61.7713,6577.9937,52.176525,0.218468,132.74292,0.174687,0.40357399,0.823156
61.7869,6578.0137,52.181023,-0.169934,133.032166,0.176474,0.40283301,0.82345098
61.8048,6578.0337,52.221085,-0.607313,133.407532,0.178423,0.40233701,0.82380402
61.8267,6578.0537,52.140171,-0.963108,133.805832,0.17933799,0.40126801,0.82477498
61.8442,6578.0736,51.999104,-1.096717,134.215179,0.178441,0.400473,0.82633501
61.8655,6578.0936,51.91243,-1.063717,134.583496,0.17665499,0.40051699,0.82782602
61.8915,6578.1136,51.885181,-1.169946,134.89978,0.176236,0.400482,0.82872498
61.9057,6578.1336,52.006546,-1.28962,135.119034,0.17669401,0.40133801,0.82877398
61.927,6578.1536,52.280285,-1.238898,135.211533,0.17681,0.403622,0.82815301
61.9536,6578.1736,52.438461,-0.982103,135.206131,0.17544,0.405536,0.82796401
61.9716,6578.1936,52.306221,-0.655462,135.205032,0.172691,0.405559,0.82893002
61.9935,6578.2136,52.016987,-0.511247,135.211136,0.17076699,0.40390301,0.83019501
62.0082,6578.2336,51.795544,-0.594055,135.099945,0.17109901,0.40188,0.830522
62.027,6578.2536,51.700859,-0.70112,134.850311,0.17246599,0.40049401,0.82994097
62.0666,6578.2736,51.663868,-0.721232,134.623077,0.17329399,0.399822,0.82934898
62.082,6578.2936,51.65731,-0.635331,134.459351,0.173224,0.39978901,0.82900202
62.0993,6578.3136,51.639225,-0.527363,134.34906,0.172773,0.399822,0.82889098
62.1109,6578.3336,51.658913,-0.562862,134.259506,0.173402,0.39972001,0.82849401
62.1387,6578.3536,51.793579,-0.731057,134.156036,0.175387,0.40002099,0.82744497
62.1538,6578.3737,52.024277,-0.860806,134.021133,0.177495,0.40108201,0.82601303
62.1871,6578.3937,52.425682,-0.747545,133.788818,0.178717,0.40397,0.82404298
62.1885,6578.4137,52.827866,-0.511315,133.49884,0.179277,0.40714401,0.82207698
62.2053,6578.4338,53.179707,-0.236952,133.180771,0.179529,0.410023,0.82025701
62.2255,6578.4538,53.509151,-0.013087,132.847305,0.18014801,0.41255301,0.81838602
62.2478,6578.4738,53.745792,0.142967,132.503784,0.181014,0.41418701,0.816706
62.266,6578.4938,53.908958,0.314974,132.146103,0.18159799,0.41532201,0.81526703
62.2953,6578.5139,54.014591,0.683177,131.710709,0.180897,0.41654301,0.81409699
62.3114,6578.5339,54.097103,1.188687,131.263794,0.17920101,0.418024,0.81318098
62.3275,6578.5539,54.16938,1.55676,130.923721,0.178068,0.41917199,0.81241697
62.3466,6578.574,54.263012,1.700168,130.632462,0.178426,0.41983399,0.81137902
62.3681,6578.594,54.535275,1.705351,130.398834,0.18014599,0.421397,0.809668
62.386,6578.614,54.994484,1.791468,130.30545,0.181402,0.424743,0.80785501
62.4063,6578.634,55.353024,1.89677,130.380875,0.181565,0.42770499,0.80696601
62.4534,6578.6541,55.567867,1.883895,130.697083,0.18118,0.42966601,0.80716699
62.4639,6578.6741,55.851559,1.664032,131.291702,0.181418,0.43189901,0.80765003
62.4742,6578.6941,56.299202,1.239903,132.059433,0.182936,0.434939,0.807702
62.4892,6578.7142,56.641319,0.933261,132.680954,0.183806,0.43739399,0.807836
62.5066,6578.7342,56.738625,0.937784,133.045364,0.18268301,0.438674,0.80858397
62.5257,6578.7542,56.757328,0.997927,133.333542,0.18121199,0.43944401,0.809479
62.5537,6578.7742,56.952637,0.804329,133.778351,0.181468,0.440943,0.80976403
62.5781,6578.7943,57.347107,0.42003,134.369797,0.183088,0.44352299,0.80939901
62.589,6578.8143,57.771954,-0.019919,135.076645,0.18470401,0.446363,0.80912399
62.6114,6578.8343,58.138672,-0.540512,135.890854,0.186257,0.44876301,0.80920601
62.6266,6578.8544,58.519409,-1.092342,136.655701,0.18821999,0.45112801,0.80898601
62.6467,6578.8744,58.95512,-1.681829,137.275146,0.191128,0.45357201,0.80801803
62.6713,6578.8944,59.377651,-2.27238,137.732162,0.194608,0.45567599,0.80659598
62.6975,6578.9144,59.733864,-2.689499,137.959381,0.197575,0.457421,0.80506003
62.7131,6578.9344,59.970779,-2.878963,137.958908,0.199526,0.45856899,0.80375201
62.7383,6578.9544,60.064877,-2.823695,137.688858,0.20046601,0.45892,0.80269802
62.7508,6578.9744,60.027725,-2.727686,137.328735,0.20113701,0.458298,0.80199897
62.7681,6578.9944,59.918922,-2.815538,137.102982,0.202364,0.45688,0.80164897
62.7917,6579.0144,59.772659,-3.1305,136.992981,0.204615,0.45474499,0.80137599
62.809,6579.0344,59.482048,-3.403524,136.768341,0.20663799,0.45149201,0.801431
62.8309,6579.0544,59.045059,-3.545565,136.533646,0.20738199,0.44755301,0.80227703
62.8635,6579.0744,58.711849,-3.667564,136.507462,0.207443,0.44477901,0.80333602
62.8725,6579.0944,58.538078,-3.793321,136.663208,0.20725501,0.44345501,0.80427098
62.8882,6579.1144,58.402412,-4.092133,136.95694,0.207857,0.442141,0.80514401
62.9105,6579.1344,58.257088,-4.600239,137.270874,0.209837,0.440184,0.80572897
62.933,6579.1544,58.039288,-5.083077,137.437943,0.212026,0.43751299,0.806216
62.9522,6579.1744,57.726185,-5.371707,137.43605,0.213254,0.43441099,0.80694503
62.9812,6579.1944,57.398621,-5.531912,137.312683,0.214,0.43135101,0.80760503
62.993,6579.2144,57.170643,-5.719229,137.178482,0.215232,0.42890099,0.80777198
63.013,6579.2344,57.053516,-6.057731,137.139297,0.21746001,0.42696899,0.80748701
63.0339,6579.2544,57.06673,-6.523008,137.234268,0.22041801,0.42584699,0.80682999
63.0598,6579.2744,57.187706,-7.061327,137.494583,0.223548,0.425603,0.80608201
63.0783,6579.2943,57.397713,-7.615579,137.890076,0.226502,0.426229,0.80532902
63.0921,6579.3143,57.695435,-8.165128,138.355316,0.22936,0.427661,0.80440801
63.1239,6579.3343,58.141682,-8.732624,138.925751,0.23227499,0.430347,0.80311698
63.1271,6579.3543,58.695221,-9.419017,139.554962,0.23599701,0.43360499,0.80125898
63.15,6579.3743,59.293274,-9.9575,139.995087,0.239437,0.43725801,0.79890102
63.1677,6579.3943,59.758949,-10.109389,139.994751,0.241532,0.44017401,0.79658699
63.1871,6579.4143,59.944481,-10.004836,139.759933,0.24212199,0.44132301,0.79531902
63.2098,6579.4343,59.939754,-10.098057,139.628479,0.243264,0.440736,0.79475302
63.2354,6579.4543,60.041882,-10.573469,139.817947,0.246058,0.44046801,0.793859
63.2504,6579.4743,60.321758,-11.500552,140.337799,0.251082,0.44086799,0.79217201
63.274,6579.4943,60.696041,-12.578808,140.920502,0.25706401,0.44166899,0.78986502
63.2899,6579.5143,61.092773,-13.368025,141.315781,0.26177001,0.44309101,0.78749198
63.3094,6579.5343,61.407532,-13.788364,141.560394,0.26432699,0.44467899,0.78584701
63.3344,6579.5543,61.557838,-14.024397,141.707397,0.26566499,0.44540501,0.78506202
63.355,6579.5743,61.600368,-13.96128,141.732193,0.26521799,0.44595599,0.78509003
63.3688,6579.5943,61.688786,-13.346797,141.41391,0.26242101,0.44767299,0.78516901
63.3897,6579.6143,61.844692,-12.176207,140.655441,0.25768799,0.45052701,0.78488898
63.4109,6579.6343,61.94511,-10.565669,139.581924,0.25110501,0.45362499,0.78484303
63.4292,6579.6543,61.966793,-8.676731,138.414459,0.24285001,0.456862,0.78535801
63.4525,6579.6743,62.09605,-6.660722,137.096741,0.234624,0.46101701,0.78508103
63.4699,6579.6942,62.536201,-3.956652,135.155365,0.225137,0.468263,0.78281999
63.4954,6579.7142,62.8736,-1.275431,133.243378,0.21565799,0.474944,0.78081799
63.5178,6579.7342,62.875572,0.916896,131.748825,0.206949,0.47878999,0.780361
63.5293,6579.7542,62.490032,2.334635,130.638168,0.200719,0.47849,0.78110498
63.549,6579.7742,61.670315,2.709646,130.068024,0.19788,0.473115,0.78330898
63.5708,6579.7942,60.646336,2.179649,130.059875,0.198209,0.46453401,0.78641897
63.6046,6579.8142,59.817829,1.395571,130.324921,0.19984899,0.45690301,0.789132
63.6312,6579.8342,59.445393,0.990987,130.611282,0.200304,0.453583,0.79077703
63.6373,6579.8542,59.349693,1.107382,130.69722,0.198854,0.453439,0.79162198
63.6529,6579.8742,59.248482,1.537589,130.414963,0.19667301,0.45360199,0.791875
63.6691,6579.8942,59.045406,2.156045,129.776901,0.194261,0.45306301,0.79171002
63.6917,6579.9142,58.855759,2.79647,129.005112,0.192256,0.452492,0.79107201
63.7088,6579.9342,58.767624,3.490066,128.349564,0.18976,0.45300999,0.79047197
63.7281,6579.9542,58.710339,4.061241,127.903923,0.18738601,0.453715,0.79020101
63.7529,6579.9742,58.670414,4.327031,127.671989,0.186333,0.45391801,0.79004002
63.7708,6579.9942,58.715878,4.319174,127.532661,0.187098,0.453973,0.78941101
63.7867,6580.0142,58.861843,4.212532,127.436523,0.18872499,0.454456,0.78838497
63.8112,6580.0342,59.024689,4.072925,127.442055,0.19023301,0.45511299,0.78756499
63.8259,6580.0542,59.159695,3.962144,127.422623,0.191543,0.45563301,0.78681302
63.8455,6580.0742,59.328865,3.965218,127.199654,0.193001,0.45640701,0.78546399
63.8674,6580.0942,59.560394,3.994327,126.882401,0.19487999,0.45751801,0.78361601
63.8918,6580.1142,59.889725,3.904131,126.618599,0.19771101,0.458978,0.781362
63.9113,6580.1341,60.169724,3.653052,126.506569,0.200857,0.459833,0.77950001
63.927,6580.1541,60.437733,3.548897,126.435623,0.202793,0.46115601,0.77806401
63.9496,6580.1741,60.692474,3.228899,126.763214,0.204537,0.46239099,0.77759099
63.9686,6580.1941,60.88908,2.777796,127.273666,0.20621701,0.463153,0.77768302
63.992,6580.2141,60.948746,2.283916,127.766052,0.207784,0.462843,0.778153
64.012,6580.2341,60.804356,2.027468,127.992783,0.208124,0.461456,0.77898401
64.0384,6580.2541,60.414921,1.945577,127.92984,0.20761999,0.45845401,0.78015
64.0538,6580.2741,59.8451,1.935656,127.6679,0.2068,0.454101,0.78148502
64.073,6580.2941,59.473129,2.166422,127.064926,0.20633399,0.451262,0.781344
64.0881,6580.3141,59.479149,2.361109,126.509064,0.20721699,0.45094499,0.77982903
64.109,6580.3341,59.863644,2.351893,126.198799,0.209847,0.45293099,0.77731502
64.1436,6580.3541,60.499821,2.171242,126.082626,0.213755,0.45636901,0.77415502
64.1556,6580.3741,61.175896,1.916346,126.01857,0.21808399,0.459907,0.77083898
64.1719,6580.3941,61.817966,1.798306,125.88372,0.22164901,0.463521,0.76764601
64.2024,6580.4141,62.303459,1.786538,125.733238,0.224022,0.466405,0.76520199
64.2123,6580.4341,62.587837,1.746033,125.618546,0.22574601,0.467924,0.76360899
64.2264,6580.4541,62.713009,1.565583,125.559715,0.227622,0.46802801,0.76255703
64.247,6580.4741,62.726093,1.109964,125.594139,0.23055699,0.46665299,0.76170897
64.2657,6580.4941,62.713196,0.516949,125.634972,0.234286,0.46464801,0.76069599
64.2911,6580.514,62.783756,0.068944,125.598,0.237648,0.46351901,0.759363
64.3057,6580.534,62.943314,-0.198523,125.558182,0.240123,0.463581,0.75802398
64.3264,6580.554,63.016693,-0.348911,125.476479,0.241697,0.46338099,0.75713098
64.3549,6580.574,63.004326,-0.440631,125.359612,0.242733,0.46273801,0.75658703
64.3712,6580.594,62.981998,-0.739713,125.330856,0.244747,0.461501,0.755943
64.3932,6580.614,63.006992,-1.185822,125.350151,0.247695,0.46016899,0.75494897
64.4289,6580.634,63.083965,-1.559079,125.373917,0.25031599,0.45943901,0.753905
64.4401,6580.654,63.222771,-1.784597,125.373566,0.25226501,0.45957801,0.75283802
64.4611,6580.674,63.402817,-1.923178,125.405342,0.253649,0.460361,0.75190002
64.4746,6580.694,63.612461,-2.134772,125.51754,0.255283,0.461265,0.75095201
64.492,6580.714,63.874229,-2.432423,125.685356,0.25742099,0.46234399,0.74977797
64.5116,6580.734,64.143272,-2.756663,125.855148,0.25973701,0.463388,0.74850702
64.5353,6580.754,64.446899,-3.017408,126.085197,0.26149401,0.46502399,0.747428
64.5459,6580.774,64.792953,-3.228485,126.377594,0.262795,0.46726,0.74648303
64.566,6580.794,65.166992,-3.604263,126.83564,0.264559,0.46950701,0.74558699
64.5918,6580.814,65.573441,-4.384895,127.490417,0.26821399,0.47106701,0.74424601
64.6113,6580.834,65.955437,-5.40785,128.147095,0.27330899,0.47168499,0.74238598
64.6336,6580.854,66.317024,-6.193811,128.570602,0.27772099,0.47244799,0.74032903
64.6511,6580.874,66.692131,-6.539914,128.787781,0.28015101,0.47430801,0.73854297
64.6796,6580.8941,67.05423,-6.749809,129.006821,0.281638,0.47655299,0.73713601
64.705,6580.9141,67.361618,-7.161189,129.4021,0.28351101,0.47819099,0.73606002
64.7199,6580.9341,67.593719,-7.805721,129.970718,0.28592199,0.47898901,0.73530799
64.7278,6580.9541,67.669533,-8.503882,130.608643,0.28794301,0.47875401,0.735349
64.7504,6580.9742,67.512062,-8.885275,130.898026,0.28876299,0.477146,0.73608702
64.7717,6580.9942,67.18811,-8.656317,130.580399,0.28774199,0.47493199,0.73709399
64.7926,6581.0142,66.840485,-7.833201,129.817841,0.284646,0.473463,0.73817098
64.8098,6581.0343,66.650543,-6.761173,129.053711,0.280357,0.47393101,0.73909003
64.8344,6581.0543,66.671082,-5.841516,128.598175,0.276371,0.47607201,0.73969102
64.8521,6581.0743,66.700577,-5.404187,128.481628,0.27411899,0.47746301,0.74021697
64.8716,6581.0943,66.575554,-5.274807,128.628342,0.27230099,0.47741601,0.74157602
64.8914,6581.1144,66.310722,-5.010334,128.889648,0.26871401,0.47715199,0.74425298
64.9095,6581.1344,66.019676,-4.587859,129.066315,0.264366,0.47702399,0.74711198
64.939,6581.1544,65.753441,-4.453121,129.266388,0.26186299,0.47614801,0.74925703
64.9678,6581.1745,65.506332,-4.81621,129.439056,0.26279101,0.473685,0.75008398
64.9713,6581.1945,65.313454,-5.215838,129.42894,0.26488,0.471039,0.74997801
64.9895,6581.2145,65.169724,-5.003391,128.968384,0.26495501,0.469717,0.74956203
65.0117,6581.2345,64.983063,-4.161363,128.202927,0.26201999,0.46953201,0.74974102
65.0295,6581.2546,64.752441,-3.150867,127.463867,0.257718,0.469724,0.75053298
65.0576,6581.2746,64.557014,-2.432834,126.966805,0.25443,0.46973801,0.75129098
65.0799,6581.2946,64.405373,-2.153091,126.654388,0.253387,0.468986,0.75149399
65.0937,6581.3147,64.310753,-2.273677,126.485252,0.25456199,0.467574,0.75105
65.111,6581.3347,64.285942,-2.38047,126.335472,0.25579199,0.46671,0.75040603
65.1401,6581.3548,64.247597,-2.12209,126.076706,0.25502899,0.466764,0.75025702
65.1548,6581.3748,64.119591,-1.823219,125.811905,0.25372899,0.46635401,0.75054801
65.1699,6581.3949,63.931683,-1.925236,125.692772,0.25426,0.464495,0.750696
65.1922,6581.415,63.784836,-2.377365,125.687393,0.256758,0.46194601,0.75028199
65.2121,6581.435,63.771473,-2.756702,125.625717,0.259444,0.46040201,0.749268
65.2276,6581.4551,63.875286,-2.801583,125.444756,0.26080599,0.46052301,0.748101
65.2494,6581.4751,63.928215,-2.678056,125.210312,0.26111701,0.46077201,0.74734098
65.2767,6581.4951,63.895683,-2.617713,124.977859,0.26155001,0.460237,0.74680001
65.2918,6581.5151,63.868546,-2.813802,124.855667,0.26322699,0.45908901,0.74603301
65.3103,6581.5352,63.889565,-3.314438,124.870552,0.26649401,0.45749199,0.74484098
65.3282,6581.5552,63.946507,-3.910738,125.0252,0.26993799,0.45611501,0.74375498
65.3538,6581.5752,63.987331,-4.304883,125.217674,0.27186301,0.45544001,0.74333501
65.3736,6581.5953,63.868046,-4.515447,125.358986,0.272282,0.45423201,0.74384302
65.3934,6581.6153,63.539494,-4.72488,125.514442,0.27196699,0.451666,0.745287
65.4149,6581.6353,63.086979,-5.002376,125.613541,0.271927,0.44788399,0.746889
65.4324,6581.6553,62.663834,-5.1151,125.535606,0.271602,0.44445801,0.74811703
65.4505,6581.6754,62.39637,-4.76108,125.093208,0.270134,0.44288999,0.748478
65.473,6581.6954,62.255257,-4.03968,124.301216,0.26801699,0.44269601,0.74789
65.493,6581.7154,62.165703,-3.258271,123.423172,0.26600999,0.44289899,0.74687999
65.51,6581.7355,62.20348,-2.708628,122.66301,0.26550201,0.4434,0.74521601
65.5337,6581.7555,62.459213,-2.501413,122.085541,0.26729101,0.44450799,0.742535
65.5618,6581.7755,62.856869,-2.491746,121.694557,0.27015299,0.44623601,0.739501
65.5814,6581.7955,63.134045,-2.661438,121.445084,0.27320001,0.44682699,0.73704499
65.5912,6581.8156,63.201721,-2.858114,121.131218,0.27592599,0.44578099,0.73512501
65.6122,6581.8356,63.117382,-2.788374,120.53054,0.27750999,0.44404399,0.73337299
65.6292,6581.8556,62.916897,-2.474603,119.722992,0.27790001,0.44197699,0.73187202
65.6503,6581.8757,62.71035,-2.021746,118.890251,0.277455,0.44036099,0.73059797
65.6744,6581.8957,62.55653,-1.610482,118.165237,0.27704099,0.439208,0.72939497
65.6897,6581.9157,62.415604,-1.450557,117.621513,0.277569,0.43761101,0.72821498
65.7101,6581.9357,62.304657,-1.628894,117.26445,0.27963701,0.43533099,0.72681302
65.7307,6581.9557,62.247421,-2.015629,117.047447,0.28268999,0.43290201,0.72522998
65.7533,6581.9757,62.286926,-2.257067,116.876724,0.28501201,0.43177301,0.72379798
65.7813,6581.9957,62.374374,-2.33072,116.818138,0.286033,0.43189299,0.72303802
65.7977,6582.0158,62.425171,-2.471901,116.862694,0.28694999,0.43176699,0.72266299
65.8137,6582.0358,62.452171,-2.650891,116.905609,0.28802001,0.43133301,0.72227901
65.8318,6582.0558,62.450306,-2.751748,116.755966,0.289211,0.43054101,0.721434
65.8546,6582.0758,62.372005,-2.607358,116.323051,0.28962699,0.429526,0.72036898
65.8707,6582.0959,62.264999,-2.367478,115.793098,0.28968999,0.42847201,0.71925497
65.8917,6582.1159,62.176735,-2.157746,115.509544,0.28908899,0.42804399,0.718979
65.9131,6582.1359,62.149693,-1.96488,115.390968,0.28821599,0.42835501,0.71908897
65.9322,6582.156,62.372417,-1.977088,115.461617,0.28890201,0.42989901,0.71847999
65.9572,6582.176,62.616959,-2.216939,115.648109,0.29065999,0.43095401,0.71767402
65.9766,6582.196,62.969463,-2.423536,115.877136,0.292458,0.43294299,0.71668798
65.999,6582.216,63.331863,-2.610215,116.248863,0.293612,0.43544799,0.71626902
66.0122,6582.2361,63.584614,-2.904706,116.673729,0.294799,0.43697,0.71620297
66.0333,6582.2561,63.85096,-3.315269,117.018135,0.29705399,0.43792099,0.71544302
66.055,6582.2761,64.121475,-3.873285,117.47506,0.299797,0.438622,0.714706
66.0698,6582.2962,64.182663,-4.389089,117.878281,0.30169699,0.43802601,0.714701
66.0952,6582.3162,63.843552,-4.698111,118.372849,0.300506,0.43592,0.717242
66.1128,6582.3362,63.213692,-4.911944,119.024216,0.297104,0.43269601,0.72184098
66.1297,6582.3562,62.534081,-5.108091,119.579803,0.29381701,0.428927,0.72629702
66.1516,6582.3763,61.956467,-5.154637,119.631905,0.29185101,0.42509201,0.72873002
66.1682,6582.3963,61.622105,-4.871593,119.0467,0.29100901,0.42252901,0.72848701
66.1947,6582.4163,61.572582,-4.375318,118.315552,0.290371,0.42232299,0.72703803
66.2119,6582.4364,61.780502,-3.9149,117.902328,0.28975099,0.42446601,0.72572899
66.2305,6582.4564,62.093494,-3.664783,117.940689,0.28919199,0.427589,0.72526997
66.2486,6582.4764,62.296242,-3.620589,118.239029,0.28854999,0.42983001,0.72575599
66.2931,6582.4964,62.298542,-3.659093,118.472847,0.287925,0.43028101,0.72657299
66.297,6582.5165,62.22086,-3.699816,118.602478,0.28740999,0.42994201,0.727292
66.3152,6582.5365,62.156387,-3.595268,118.633186,0.28639299,0.43001199,0.72793198
66.3691,6582.5565,61.914768,-3.405679,118.563354,0.284556,0.42901301,0.729092
66.3755,6582.5766,61.266636,-3.318612,118.399986,0.282199,0.42473599,0.73122299
66.3798,6582.5965,60.377995,-3.318038,118.17469,0.27969301,0.41838899,0.73379803
66.392,6582.6165,59.467319,-3.176575,117.633781,0.27729201,0.411686,0.73547602
66.4081,6582.6365,58.614254,-2.604718,116.727997,0.27355599,0.40624899,0.73639798
66.4282,6582.6565,57.890148,-1.293827,115.536636,0.26646399,0.40409601,0.73727
66.4528,6582.6765,57.285915,0.324601,114.354927,0.257736,0.40417001,0.73824698
66.4727,6582.6965,56.756821,1.832087,113.249229,0.249689,0.404598,0.73881602
66.4884,6582.7165,56.229359,2.697089,112.120453,0.24580801,0.40243301,0.73772299
66.5141,6582.7365,55.631153,2.878381,111.081055,0.245629,0.39719501,0.73565698
66.5417,6582.7565,55.047161,2.980288,110.076195,0.24581601,0.39180601,0.733419
66.5565,6582.7765,54.687294,3.242215,109.182327,0.24554899,0.38878,0.73121101
66.5699,6582.7965,54.615799,3.570795,108.418114,0.245717,0.388147,0.72876501
66.5885,6582.8165,54.726826,3.82179,107.868446,0.246503,0.388769,0.72651899
66.6122,6582.8365,54.841381,3.83743,107.666977,0.247623,0.389112,0.72530103
66.6331,6582.8565,54.926723,3.627361,107.688164,0.24927901,0.38874701,0.72467601
66.6605,6582.8765,54.973476,3.069691,107.783997,0.25269699,0.38675401,0.723737
66.6778,6582.8965,54.906193,2.126073,107.859589,0.25808501,0.38227201,0.72218502
66.6921,6582.9165,54.645851,1.337203,107.841057,0.26191401,0.377049,0.721138
66.7114,6582.9365,54.298519,0.267828,108.195381,0.26589701,0.370839,0.721394
66.7322,6582.9565,54.180431,-1.050352,108.80426,0.271705,0.36552501,0.72145498
66.7588,6582.9765,54.280807,-2.05939,109.122795,0.27748901,0.36232901,0.72015703
66.7703,6582.9964,54.26675,-2.571342,109.130875,0.28061599,0.35992101,0.71899402
66.791,6583.0164,54.00362,-2.633382,108.931496,0.280462,0.35747001,0.71880603
66.82,6583.0364,53.485172,-2.515834,108.512535,0.27871099,0.35368401,0.71887702
66.8312,6583.0564,52.824841,-2.514151,107.767487,0.27800301,0.34767601,0.71757197
66.8527,6583.0764,52.353458,-2.778898,106.745659,0.28057399,0.34094501,0.71363097
66.8729,6583.0964,52.133785,-3.048711,105.78669,0.28406599,0.335904,0.709086
66.8939,6583.1164,52.190342,-3.250763,105.017624,0.28782201,0.33336499,0.70468599
66.914,6583.1364,52.53788,-3.418636,104.499756,0.29198799,0.33341599,0.70063299
66.9309,6583.1564,52.901314,-3.585255,104.246452,0.29545,0.33422399,0.69780302
66.9556,6583.1764,53.205097,-3.918946,104.214333,0.298998,0.33440199,0.69579899
66.9742,6583.1964,53.440708,-4.427907,104.290291,0.302964,0.33357999,0.69406497
66.995,6583.2164,53.528084,-5.131823,104.407394,0.307289,0.33098501,0.69247699
67.0156,6583.2364,53.576321,-5.847485,104.445549,0.311721,0.32787099,0.69057101
67.0407,6583.2564,53.661423,-6.226272,104.216896,0.31504399,0.32591099,0.68812102
67.0663,6583.2764,53.734535,-6.298831,103.671623,0.31736401,0.32450399,0.68497097
67.0904,6583.2964,53.721184,-5.984894,102.918076,0.317561,0.323899,0.68212599
67.095,6583.3164,53.600807,-5.423632,102.121712,0.31590801,0.323771,0.68007803
67.1193,6583.3364,53.430939,-4.907224,101.493103,0.313811,0.32360399,0.67887998
67.1329,6583.3564,53.320549,-4.580463,101.06871,0.312543,0.323423,0.67798001
67.155,6583.3764,53.282139,-4.488116,100.781868,0.31262001,0.32287499,0.676898
67.1717,6583.3963,53.197952,-4.392587,100.575081,0.31222901,0.32228401,0.67637497
67.191,6583.4163,53.077808,-4.143526,100.363495,0.31076801,0.322249,0.676355
67.2114,6583.4363,53.029133,-3.864722,100.131912,0.30953601,0.32275,0.676081
67.2313,6583.4563,53.08062,-3.703011,99.967133,0.30930001,0.32344401,0.67551303
67.2524,6583.4763,53.141533,-3.798081,99.889107,0.31038001,0.32311499,0.67466497
67.2694,6583.4963,53.313171,-4.001082,99.927048,0.31231099,0.32321799,0.673765
67.2896,6583.5163,53.47617,-4.238833,100.029182,0.314219,0.32326901,0.67311901
67.3073,6583.5363,53.603783,-4.6738,100.203705,0.31690401,0.32229799,0.672405
67.3326,6583.5563,53.654861,-5.10687,100.382385,0.31919101,0.320889,0.67195201
67.3507,6583.5763,53.840187,-5.309152,100.478844,0.32100299,0.321253,0.67127699
67.3748,6583.5963,54.308689,-5.209652,100.46817,0.322712,0.32458201,0.66996801
67.3904,6583.6163,54.907387,-5.008653,100.415123,0.32457501,0.32908899,0.668293
67.4164,6583.6363,55.356403,-4.814569,100.324615,0.32586801,0.33253399,0.666897
67.4343,6583.6563,55.581207,-4.765086,100.118744,0.32726201,0.333554,0.66524601
67.4476,6583.6763,55.8218,-4.601555,99.645523,0.328857,0.33447701,0.662507
67.4702,6583.6963,56.171474,-4.20599,99.053474,0.33001,0.33688101,0.65946501
67.4878,6583.7163,56.423073,-3.835464,98.594742,0.33046499,0.338947,0.65735698
67.5078,6583.7363,56.434795,-3.541664,98.369759,0.32950401,0.339872,0.657013
67.5301,6583.7563,56.116558,-3.324099,98.191132,0.32721299,0.33859801,0.65775901
67.556,6583.7763,55.579006,-3.299407,97.941261,0.32513699,0.33484399,0.65828103
67.576,6583.7962,55.015659,-3.29111,97.540825,0.32343799,0.330432,0.65803403
67.6012,6583.8162,54.585045,-3.190907,97.138748,0.32185099,0.32728401,0.65758598
67.6101,6583.8362,54.385834,-2.730007,96.762566,0.31927201,0.32746699,0.657534
67.6306,6583.8562,54.404144,-1.991794,96.351776,0.31630901,0.330293,0.65737802
67.6527,6583.8762,54.45797,-1.287082,96.052498,0.313409,0.33346501,0.65758699
67.6733,6583.8962,54.465851,-0.930041,95.983543,0.31160101,0.335186,0.65817702
67.6906,6583.9162,54.463387,-0.834939,96.078751,0.310763,0.335926,0.658939
67.7102,6583.9362,54.536125,-0.869002,96.243103,0.31085199,0.33661601,0.65948302
67.7335,6583.9562,54.713421,-1.171102,96.442673,0.31291601,0.33661699,0.65916097
67.7539,6583.9762,54.823265,-1.756476,96.621567,0.31631899,0.33470601,0.65814698
67.7733,6583.9962,54.71909,-2.401526,96.697243,0.31927001,0.33095101,0.65707397
67.798,6584.0162,54.558746,-2.936529,96.639679,0.32168499,0.327057,0.65577602
67.8078,6584.0362,54.463917,-3.041135,96.486633,0.32223701,0.32552299,0.65497601
67.8364,6584.0562,54.342461,-2.778194,96.213142,0.32089201,0.32542601,0.65465498
67.8631,6584.0762,54.115356,-2.428626,95.88855,0.318652,0.32503399,0.65462101
67.8694,6584.0962,53.912182,-1.988154,95.515472,0.31614599,0.325142,0.65449101
67.8895,6584.1162,53.864597,-1.645339,95.366913,0.314363,0.326267,0.65479302
67.9101,6584.1362,53.898727,-1.506454,95.370636,0.31373599,0.32720801,0.65509099
67.934,6584.1562,54.007214,-1.493292,95.428474,0.31405899,0.32806301,0.65510702
67.9571,6584.1762,54.184727,-1.56073,95.496605,0.31516999,0.32892299,0.65474701
67.9738,6584.1962,54.297897,-1.338271,95.346672,0.31491801,0.33033499,0.65422899
68,6584.2161,54.070038,-0.978221,95.250893,0.31195101,0.330654,0.65539098
68.014,6584.2361,53.781414,-0.951964,95.40078,0.30986401,0.32953301,0.65710801
68.0327,6584.2561,54.040791,-1.167423,95.412277,0.31241599,0.32992899,0.65581203
68.0475,6584.2761,54.407177,-1.878376,95.390648,0.31843799,0.32824299,0.65263802
68.0691,6584.2961,54.734711,-2.602802,95.438324,0.32410899,0.326451,0.64985597
68.0887,6584.3161,55.048084,-2.829224,95.629692,0.326455,0.32761601,0.64925098
68.1086,6584.3361,55.265633,-2.985009,95.885094,0.32771799,0.32878801,0.64946997
68.131,6584.3561,55.408283,-3.315285,96.185043,0.32945499,0.32874399,0.64964801
68.1494,6584.3761,55.616863,-3.913541,96.505363,0.33298099,0.32775101,0.64893299
68.1707,6584.3961,55.914288,-4.68097,96.546455,0.33869201,0.325587,0.64593703
68.1894,6584.4161,55.816616,-5.233603,96.463577,0.34154901,0.321861,0.64418
68.2088,6584.4361,55.241108,-5.248648,96.353523,0.33906201,0.31807399,0.645432
68.2291,6584.4561,54.64949,-4.913737,96.168831,0.33470801,0.315826,0.64734602
68.2515,6584.4761,54.410217,-4.488982,95.852501,0.33196801,0.31575501,0.64766401
68.2679,6584.4961,54.383381,-4.354021,95.546883,0.331911,0.315431,0.646514
68.2964,6584.5161,54.281738,-4.584086,95.288734,0.33339599,0.31286001,0.64478898
68.309,6584.5361,53.952408,-4.812083,94.97303,0.333848,0.30879599,0.64346802
68.3383,6584.5561,53.515591,-4.865285,94.512779,0.33313099,0.30462101,0.642196
68.3521,6584.5761,53.249378,-4.895511,94.071724,0.33308899,0.301624,0.64054197
68.3692,6584.5961,53.428616,-4.856686,93.839142,0.334416,0.30219901,0.63883698
68.3929,6584.616,53.848122,-4.680359,93.726563,0.335913,0.30525801,0.63744301
68.4078,6584.636,54.134411,-4.567864,93.617699,0.33706701,0.30720401,0.63629401
68.4305,6584.656,54.191803,-4.381991,93.481689,0.33669901,0.308144,0.63592398
68.4471,6584.676,54.140289,-4.211619,93.410614,0.33567601,0.30856401,0.63619697
68.4674,6584.696,54.09914,-4.156138,93.447029,0.33505499,0.30873501,0.636684
68.4893,6584.716,54.06493,-4.168879,93.583755,0.33457899,0.308869,0.63749403
68.5076,6584.736,53.9841,-4.109859,93.720261,0.33346099,0.30912101,0.63865501
68.529,6584.756,53.815674,-3.968194,93.89695,0.33131599,0.30942801,0.64054
68.5516,6584.776,53.55513,-3.89376,93.996216,0.329274,0.30861101,0.64208901
68.5693,6584.796,53.301292,-3.702793,94.040894,0.326758,0.30830199,0.64365
68.5874,6584.816,53.119007,-3.381654,94.051308,0.323971,0.309012,0.64516902
68.6129,6584.836,53.022133,-3.027799,94.026993,0.32153499,0.310294,0.64632499
68.637,6584.856,52.983181,-2.659459,93.948746,0.319464,0.311838,0.64704901
68.6605,6584.876,52.930984,-2.343688,93.86042,0.317646,0.312994,0.647605
68.6882,6584.896,52.854015,-2.170998,93.844406,0.31630701,0.31343701,0.64822298
68.6938,6584.916,52.865444,-2.20796,93.977257,0.31621301,0.31367099,0.648803
68.7188,6584.936,53.057411,-2.35989,94.265732,0.31729299,0.31475899,0.64936697
68.7314,6584.956,53.314991,-2.447544,94.629471,0.31813699,0.31678799,0.65030599
68.7515,6584.976,53.551025,-2.517195,95.203659,0.31816801,0.319379,0.65246499
68.773,6584.996,53.796581,-2.498617,95.84095,0.31754601,0.32267499,0.65514803
68.794,6585.016,54.096634,-2.556349,96.475922,0.317619,0.32588401,0.65741003
68.8117,6585.0359,54.525543,-2.897989,97.165337,0.319792,0.32853499,0.65873098
68.8366,6585.0559,55.059937,-3.464264,97.849869,0.32376301,0.33066899,0.65900499
68.8645,6585.0759,55.591324,-3.907152,98.448486,0.32721299,0.333231,0.659123
68.8701,6585.0959,56.004532,-3.928093,98.854744,0.32817799,0.336739,0.65979701
68.8905,6585.1159,56.236172,-3.808537,99.143623,0.32776999,0.33955199,0.66085202
68.9109,6585.1359,56.427845,-3.453249,99.42942,0.325802,0.34331101,0.66268498
68.9295,6585.1559,56.712582,-2.747583,99.595276,0.32260299,0.349033,0.66458201
68.9493,6585.1759,56.835838,-1.996264,99.442093,0.31931499,0.35310701,0.66551399
68.9741,6585.1959,56.498398,-1.671052,99.205704,0.31649199,0.35209501,0.66632098
68.9887,6585.2159,55.948257,-1.805146,99.213814,0.31452999,0.34819499,0.66775697
69.0154,6585.2359,55.685905,-1.6984,99.335541,0.31224,0.347514,0.66949898
69.0309,6585.2559,55.833511,-0.919792,99.528931,0.30782199,0.35282099,0.67210901
69.0561,6585.2759,56.054024,-0.001663,99.923515,0.302288,0.35974601,0.67582399
69.0683,6585.2959,55.999443,0.68766,100.574646,0.29587901,0.36452201,0.68100399
69.112,6585.3159,55.676971,1.134151,101.509766,0.288638,0.367172,0.68770802
69.1175,6585.3359,55.228821,1.207124,102.527649,0.28274301,0.367383,0.69419599
69.1308,6585.3559,54.833019,0.853604,103.521141,0.27979699,0.36574,0.69931698
69.1549,6585.3759,54.69109,0.304051,104.397812,0.279686,0.36440101,0.702591
69.17,6585.3959,54.685764,0.056532,105.21891,0.278568,0.365199,0.70588398
69.1881,6585.4159,54.621159,0.02588,106.011421,0.275924,0.36657399,0.70972902
69.2113,6585.4358,54.489296,0.195251,106.740158,0.27192199,0.36828399,0.71394002
69.2359,6585.4558,54.345192,0.393223,107.349823,0.26805601,0.36973399,0.71767497
69.2527,6585.4758,54.242592,0.640783,107.882874,0.26430601,0.37146199,0.72101402
69.2747,6585.4958,54.247406,0.652686,108.484802,0.26229799,0.37292901,0.72375703
69.2904,6585.5158,54.32299,0.35734,109.073288,0.26259199,0.373422,0.72548997
69.309,6585.5358,54.387302,-0.033512,109.643143,0.26350099,0.37338501,0.72693902
69.3359,6585.5558,54.455761,-0.380076,110.102272,0.26451001,0.37333101,0.72796601
69.358,6585.5758,54.601913,-0.566149,110.398071,0.265374,0.374118,0.72837001
69.3825,6585.5958,54.741764,-0.553051,110.556625,0.26538801,0.37543601,0.72864002
69.4183,6585.6158,54.719318,-0.509038,110.662918,0.26466101,0.37573299,0.72928703
69.4241,6585.6358,54.672714,-0.671172,110.818497,0.264979,0.37507799,0.72975498
69.4363,6585.6558,54.776615,-0.875453,110.988068,0.266179,0.37523401,0.729684
69.4582,6585.6758,55.004795,-0.958078,111.183716,0.267057,0.37678501,0.72959
69.4721,6585.6958,55.176765,-1.109234,111.330536,0.268282,0.377565,0.729303
69.4979,6585.7158,55.24929,-1.482087,111.437859,0.270614,0.37664399,0.728652
69.5128,6585.7358,55.421001,-1.918687,111.624687,0.27351299,0.37627,0.72785097
69.5328,6585.7558,55.672726,-2.314538,112.00943,0.27583599,0.37707499,0.727723
69.5487,6585.7758,55.759998,-2.820682,112.584854,0.27752799,0.37681499,0.72871298
69.5713,6585.7958,55.532402,-3.129854,113.102943,0.27684599,0.375245,0.73101902
69.5884,6585.8158,54.843613,-3.014519,113.207542,0.27289701,0.371512,0.73415202
69.6098,6585.8358,53.784142,-2.701395,112.869064,0.267526,0.365163,0.73704499
69.6373,6585.8557,52.837425,-2.339584,112.286064,0.26301,0.35922,0.73848999
69.654,6585.8757,52.505013,-1.805674,111.671097,0.26006001,0.358015,0.73807597
69.6925,6585.8957,52.8578,-1.148272,111.218826,0.258791,0.362203,0.73640501
69.6935,6585.9157,53.418262,-0.760053,111.065224,0.25924599,0.36719701,0.73477602
69.7145,6585.9357,53.805458,-0.753783,111.240623,0.26033801,0.370116,0.73429799
69.7273,6585.9557,54.025707,-0.929937,111.702042,0.26093301,0.37180901,0.73520201
69.7537,6585.9757,54.176071,-1.211587,112.308479,0.26142001,0.372931,0.73671299
69.7707,6585.9957,54.314865,-1.643009,112.948524,0.26270401,0.37341899,0.73804301
69.7941,6586.0157,54.426258,-2.140149,113.398285,0.26491201,0.37302801,0.73846698
69.8115,6586.0357,54.554214,-2.575746,113.661598,0.26739699,0.372594,0.73815399
69.8291,6586.0557,54.666653,-2.919803,113.800926,0.269627,0.37217101,0.73756099
69.8499,6586.0757,54.664677,-3.188379,114.048065,0.27054599,0.371582,0.73800099
69.879,6586.0957,54.597862,-3.384197,114.383331,0.27044699,0.37109101,0.73921502
69.8953,6586.1157,54.585011,-3.431228,114.66452,0.26978701,0.37146699,0.74035603
69.9116,6586.1357,54.640057,-3.46126,114.910538,0.269407,0.37228099,0.74114501
69.9315,6586.1557,54.762142,-3.557369,115.166351,0.269692,0.37327799,0.74158198
69.9522,6586.1757,54.844105,-3.672965,115.386971,0.27005199,0.37384799,0.74195898
69.9683,6586.1957,54.929169,-3.946373,115.76825,0.27092001,0.374152,0.74262899
69.9902,6586.2157,55.003151,-4.229179,116.13784,0.27184099,0.37432399,0.74325699
70.0109,6586.2357,55.148899,-4.468494,116.419975,0.273047,0.374955,0.74335498
70.0289,6586.2556,55.378353,-4.656141,116.615211,0.27452499,0.37616101,0.74290001
70.0526,6586.2756,55.645863,-4.714632,116.843697,0.275197,0.37824401,0.74274802
70.0744,6586.2956,55.83345,-4.659286,117.147545,0.27456099,0.38045299,0.74346501
70.0891,6586.3156,55.967293,-4.57077,117.527885,0.27323699,0.382622,0.74476397
70.1123,6586.3356,56.168434,-4.416228,117.84462,0.27194399,0.385353,0.7457
70.1296,6586.3556,56.372746,-4.106219,117.923164,0.27044499,0.38817099,0.74600601
70.1503,6586.3756,56.673275,-3.790472,117.817924,0.269903,0.391213,0.74521601
70.173,6586.3956,57.009109,-3.383829,117.567421,0.26941499,0.39451,0.74391598
70.1905,6586.4156,57.308067,-2.801811,117.204445,0.26805601,0.39800599,0.74270302
70.2121,6586.4356,57.468327,-2.101083,116.775093,0.26564199,0.400915,0.74199897
70.2356,6586.4556,57.44693,-1.618497,116.446449,0.26358399,0.40198401,0.74185097
70.2507,6586.4756,57.326534,-1.573264,116.29583,0.26333901,0.40103599,0.74177498
70.2706,6586.4956,57.2645,-1.878568,116.283859,0.265109,0.399353,0.74124599
70.29,6586.5156,57.359596,-2.189754,116.34417,0.26728901,0.39883801,0.740426
70.3076,6586.5356,57.622425,-2.145816,116.406204,0.267831,0.40088201,0.73982602
70.3285,6586.5556,57.86153,-1.551524,116.415955,0.264907,0.40489399,0.74037498
70.3486,6586.5756,57.78191,-0.789358,116.416351,0.259657,0.407471,0.74241
70.369,6586.5956,57.358017,-0.293606,116.522141,0.254363,0.40695199,0.74547201
70.3892,6586.6156,56.884838,-0.212587,116.836609,0.25082099,0.40488201,0.74860299
70.4203,6586.6356,56.635773,-0.453133,117.42469,0.24932601,0.40356699,0.75132298
70.436,6586.6555,56.580433,-0.95815,118.178833,0.24977,0.40282899,0.75343001
70.4544,6586.6755,56.563721,-1.539304,118.867996,0.25110999,0.40191999,0.75495303
70.4756,6586.6955,56.465851,-1.910024,119.334976,0.25154299,0.40082899,0.756338
70.4902,6586.7155,56.34087,-1.990339,119.603844,0.25065699,0.400267,0.75767398
70.5096,6586.7355,56.280857,-1.903327,119.816742,0.249109,0.40067101,0.75891697
70.5349,6586.7555,56.3512,-1.8618,120.105545,0.248089,0.40193099,0.75988001
70.5622,6586.7755,56.542606,-1.999633,120.497681,0.248346,0.403528,0.76040798
70.5784,6586.7955,56.759865,-2.373803,120.924988,0.25013301,0.404468,0.76045001
70.594,6586.8155,56.983078,-2.77989,121.219116,0.25261199,0.40505001,0.759866
70.6123,6586.8355,57.203583,-3.046491,121.289261,0.25493899,0.405662,0.75872397
70.6368,6586.8555,57.407539,-3.145836,121.138039,0.25687799,0.406313,0.757155
70.6532,6586.8755,57.549652,-3.174798,120.81044,0.25875199,0.406418,0.75528902
70.6731,6586.8955,57.641838,-3.326092,120.477211,0.26126799,0.40569201,0.75330299
70.689,6586.9155,57.676426,-3.561314,120.094559,0.264292,0.40412501,0.751136
70.7114,6586.9355,57.656296,-3.766432,119.746826,0.26678401,0.402376,0.74936599
70.731,6586.9555,57.678738,-3.952004,119.477509,0.26902401,0.40116,0.74778003
70.7475,6586.9755,57.68187,-4.016281,119.206932,0.270401,0.40028799,0.746539
70.7746,6586.9955,57.46608,-3.991895,118.902992,0.27049199,0.398231,0.74619001
70.8028,6587.0155,56.984871,-4.083048,118.648643,0.27015001,0.39405701,0.74674702
70.8109,6587.0355,56.393665,-4.367655,118.455032,0.27042601,0.38850001,0.74748099
70.83,6587.0555,55.901443,-4.697526,118.397224,0.270904,0.383724,0.74827802
70.8473,6587.0755,55.486542,-4.711757,118.428993,0.26931301,0.38095799,0.74989301
70.8728,6587.0954,54.84642,-4.372964,118.472115,0.264505,0.37814099,0.75318003
70.8911,6587.1154,53.902969,-4.024507,118.49369,0.258513,0.37325701,0.75743097
70.9096,6587.1354,52.944481,-3.767898,118.329376,0.253631,0.36746299,0.76068801
70.9344,6587.1554,52.256783,-3.571012,117.967979,0.25078401,0.36282301,0.76199901
70.9572,6587.1754,52.044651,-3.358651,117.585251,0.249744,0.36143199,0.76159799
70.9722,6587.1954,52.265808,-3.029831,117.298851,0.249346,0.36366901,0.760373
70.9922,6587.2154,52.650684,-2.58871,117.093712,0.248614,0.36764801,0.75917298
71.0092,6587.2354,52.946316,-2.244576,116.986031,0.247868,0.37082601,0.75846797
71.0297,6587.2554,53.03706,-2.172319,117.094917,0.247401,0.371968,0.75876701
71.067,6587.2754,53.034931,-2.262373,117.247406,0.247494,0.37191099,0.75920999
71.0793,6587.2954,53.053936,-2.359264,117.280327,0.248105,0.37170899,0.75907201
71.0965,6587.3154,53.073483,-2.427313,117.138321,0.24909399,0.37125099,0.75827003
71.1297,6587.3354,53.043709,-2.506903,116.911461,0.25023499,0.37022701,0.75725698
71.1396,6587.3554,53.043327,-2.65565,116.740021,0.25176901,0.36922899,0.75621903
71.1529,6587.3754,53.113167,-2.910011,116.596924,0.25418699,0.36831799,0.754821
71.1687,6587.3954,53.297211,-3.241914,116.457809,0.25755599,0.367847,0.75286502
71.1915,6587.4154,53.495083,-3.522844,116.245461,0.260874,0.36750701,0.75065303
71.209,6587.4354,53.615913,-3.610085,115.905838,0.263019,0.36716801,0.74860001
71.2276,6587.4554,53.68063,-3.543624,115.430519,0.26436901,0.36678699,0.74651003
71.2586,6587.4754,53.714706,-3.404116,114.83786,0.26549599,0.36623999,0.74418098
71.2664,6587.4953,53.732506,-3.16805,114.178413,0.26614499,0.36584401,0.74182898
71.2956,6587.5153,53.751022,-2.945986,113.573135,0.266718,0.36552101,0.73965901
71.3093,6587.5353,53.739464,-2.924155,113.09964,0.26803699,0.36443499,0.73768502
71.3428,6587.5553,53.700985,-3.152931,112.813736,0.270253,0.362508,0.73602498
71.3512,6587.5753,53.773098,-3.423732,112.728821,0.27256301,0.36158699,0.73476398
71.3721,6587.5953,53.947239,-3.462484,112.769661,0.273415,0.36265299,0.73425603
71.3901,6587.6153,54.141117,-3.341728,112.909981,0.27300999,0.364786,0.734496
71.41,6587.6353,54.38821,-3.402575,113.20253,0.2735,0.366833,0.73478103
71.4359,6587.6553,54.671322,-3.768166,113.568565,0.275846,0.36796999,0.73451799
71.4573,6587.6753,54.937138,-4.316023,113.803986,0.27969301,0.367899,0.73328203
71.4667,6587.6953,55.014332,-4.694088,113.861191,0.28224301,0.3669,0.73233098
71.4921,6587.7153,55.01722,-4.816425,113.94857,0.28275701,0.36660099,0.7324
71.5142,6587.7353,55.085014,-4.581403,114.016693,0.28131199,0.36823699,0.73303401
71.5277,6587.7553,55.07201,-4.061049,113.968498,0.278083,0.37029201,0.73414099
71.5541,6587.7753,54.742939,-3.574472,113.738983,0.274351,0.36969,0.73547399
71.5724,6587.7953,54.203091,-3.37787,113.195862,0.27259001,0.36571401,0.73544902
71.596,6587.8153,53.831516,-3.347599,112.487907,0.27308199,0.36173099,0.73368299
71.6122,6587.8353,53.866196,-3.103381,111.920097,0.27346,0.36168501,0.73163199
71.6285,6587.8553,54.185532,-2.651523,111.744232,0.272499,0.365345,0.73084497
71.6497,6587.8753,54.480469,-2.367032,112.093369,0.27082399,0.36934099,0.73206002
71.6803,6587.8953,54.581112,-2.495097,112.711807,0.270073,0.37089199,0.73412597
71.6909,6587.9152,54.473717,-2.75094,113.367851,0.26914099,0.37062201,0.73674899
71.7132,6587.9352,54.286747,-2.947874,114.086945,0.267308,0.37022799,0.74004197
71.7368,6587.9552,54.029682,-3.258324,114.757744,0.266096,0.36876199,0.74308902
71.7475,6587.9752,53.736996,-3.890376,115.329475,0.26717699,0.365448,0.74507898
71.7674,6587.9952,53.653904,-4.735451,115.808975,0.270816,0.362409,0.74543399
71.7903,6588.0152,53.785793,-5.327652,116.038193,0.27446699,0.36130601,0.74453998
71.8092,6588.0352,53.858871,-5.378357,116.041962,0.27507401,0.36158699,0.74417597
71.8289,6588.0552,53.914063,-5.062257,115.941658,0.27355701,0.36306599,0.74430901
71.8564,6588.0752,53.993164,-4.750892,115.777512,0.27237099,0.36453199,0.74407101
71.8727,6588.0952,54.201546,-4.585716,115.622192,0.272627,0.366256,0.74306601
71.8895,6588.1152,54.565495,-4.531423,115.426743,0.27435899,0.36844,0.74107403
71.9132,6588.1352,54.968643,-4.433864,115.119957,0.27633601,0.37079099,0.73856503
71.9264,6588.1552,55.174603,-4.230319,114.642197,0.27740499,0.371869,0.73627502
71.9467,6588.1752,55.15173,-3.859932,113.998344,0.277024,0.37175801,0.73447597
71.969,6588.1952,55.095867,-3.356077,113.221596,0.276088,0.371705,0.732517
71.986,6588.2152,55.157787,-2.88538,112.442673,0.27587199,0.37228799,0.73003203
72.0063,6588.2352,55.353146,-2.615059,111.825172,0.27698901,0.37325001,0.72729403
72.0286,6588.2552,55.593452,-2.596581,111.443962,0.27913901,0.373954,0.72482502
72.0594,6588.2752,55.681156,-2.693528,111.165649,0.28103399,0.37340799,0.72305101
72.0856,6588.2952,55.541111,-2.839893,110.883171,0.28227401,0.37116301,0.721919
72.0972,6588.3152,55.375454,-3.091282,110.642128,0.28392199,0.36838001,0.720792
72.1103,6588.3352,55.377842,-3.527171,110.697739,0.28649399,0.36657801,0.71994799
72.1299,6588.3552,55.488285,-4.076587,110.939163,0.28964499,0.365426,0.71926701
72.1515,6588.3753,55.499268,-4.524996,111.154327,0.291821,0.36402699,0.71905798
72.17,6588.3953,55.203121,-4.683698,111.139198,0.291612,0.361361,0.71962702
72.1886,6588.4153,54.630566,-4.682346,110.777496,0.29030401,0.356745,0.71999502
72.2145,6588.4354,54.039459,-4.652076,110.191025,0.28939101,0.35157701,0.71943998
72.2326,6588.4554,53.691425,-4.609995,109.577225,0.28949201,0.347974,0.71791297
72.2495,6588.4754,53.776405,-4.555853,109.109573,0.29094401,0.34758699,0.71559799
72.2707,6588.4954,54.133236,-4.42885,108.810196,0.292629,0.34970301,0.71332002
72.2897,6588.5155,54.43198,-4.417532,108.579163,0.294579,0.35107499,0.71125698
72.3087,6588.5355,54.552303,-4.59021,108.35611,0.29686201,0.350463,0.70936102
72.3335,6588.5555,54.621696,-4.793049,108.178017,0.29896599,0.34949401,0.70776403
72.3548,6588.5756,54.726151,-4.90279,107.955193,0.30078301,0.349062,0.706074
72.3734,6588.5956,54.803246,-4.870975,107.557541,0.30213901,0.348656,0.704023
72.3936,6588.6156,54.80888,-4.724905,106.928391,0.30318001,0.34772,0.70141602
72.4131,6588.6356,54.78223,-4.422862,106.084335,0.30377299,0.34675401,0.69828898
72.4308,6588.6557,54.767067,-4.023379,105.102638,0.304243,0.345972,0.69468802
72.4603,6588.6757,54.788177,-3.629763,104.112442,0.304948,0.345377,0.69086999
72.4695,6588.6957,54.878159,-3.311283,103.222954,0.306135,0.34511399,0.68708098
72.4917,6588.7158,54.994991,-2.999209,102.384491,0.30734801,0.345119,0.68341202
72.5129,6588.7358,55.142162,-2.841683,101.655884,0.30930901,0.344832,0.67975199
72.5333,6588.7558,55.267643,-2.942573,101.148491,0.31203499,0.34371299,0.67654598
72.5608,6588.7758,55.286217,-3.044646,100.832382,0.31367299,0.34245199,0.67462701
72.5726,6588.7959,55.189346,-2.948663,100.498039,0.313636,0.34143499,0.673527
72.5934,6588.8159,55.134468,-2.826635,100.015381,0.31408799,0.34039801,0.67160797
72.611,6588.8359,55.189697,-2.814155,99.47625,0.31588501,0.33930999,0.66873699
72.6356,6588.856,55.171646,-2.857794,99.016602,0.317408,0.33770999,0.66633701
72.6599,6588.876,54.975243,-2.987348,98.809792,0.31779599,0.33530799,0.66554898
72.6754,6588.896,54.754036,-3.289369,98.936584,0.318086,0.33279601,0.66606599
72.693,6588.916,54.635666,-3.572895,99.262009,0.31820801,0.33154199,0.66732299
72.7109,6588.936,54.662983,-3.685426,99.62294,0.31795299,0.332133,0.66876602
72.7288,6588.956,54.8606,-3.653359,99.933258,0.31783,0.334344,0.66979599
72.7572,6588.976,55.1768,-3.668711,100.175339,0.31875101,0.33683899,0.669954
72.7827,6588.996,55.477554,-3.838803,100.366325,0.32064101,0.338321,0.66946101
72.7916,6589.016,55.716503,-3.917683,100.501221,0.32185701,0.33974001,0.66913301
72.8129,6589.036,55.898205,-3.797347,100.605827,0.32171899,0.34173101,0.669397
72.833,6589.056,55.978233,-3.602597,100.625084,0.32090899,0.343245,0.66977501
72.85,6589.076,55.893791,-3.162662,100.553345,0.31814301,0.344744,0.67092001
72.8693,6589.096,55.691559,-2.599659,100.522469,0.313954,0.346266,0.67297798
72.8876,6589.116,55.342575,-2.253648,100.51799,0.310233,0.345893,0.67502499
72.9071,6589.1359,54.920399,-2.369817,100.609795,0.30858201,0.34302601,0.67652398
72.9325,6589.1559,54.647041,-2.711143,100.743431,0.30886701,0.340029,0.677149
72.9524,6589.1759,54.673336,-2.826749,100.96154,0.30903101,0.340197,0.67784601
72.9692,6589.1959,54.883564,-2.508116,101.338783,0.30703601,0.344071,0.67991
72.9915,6589.2159,55.03223,-2.198647,101.923218,0.30414799,0.34806299,0.68315202
73.0189,6589.2359,55.017147,-2.193064,102.598839,0.301985,0.34978601,0.68653703
73.0416,6589.2559,54.923225,-2.458322,103.400795,0.30068299,0.35002601,0.69006002
73.0646,6589.2759,54.935993,-2.939485,104.333992,0.300796,0.35022101,0.69327903
73.0914,6589.2959,54.983128,-3.427332,105.216408,0.301274,0.35048401,0.696087
73.0981,6589.3159,54.926502,-3.885622,105.938858,0.30159599,0.34983999,0.69852602
73.1113,6589.3359,54.799225,-4.30934,106.512497,0.30185801,0.348533,0.70057201
73.1332,6589.3559,54.708069,-4.53847,106.962852,0.30148199,0.348057,0.70241499
73.1599,6589.3759,54.615524,-4.365817,107.256035,0.29911599,0.34905601,0.70456803
73.1721,6589.3959,54.485836,-3.97175,107.442345,0.29554,0.35057399,0.70690697
73.1906,6589.416,54.378933,-3.670003,107.607574,0.29269099,0.35173699,0.70881701
73.2127,6589.436,54.407856,-3.690199,107.859581,0.292171,0.352469,0.70984697
73.2315,6589.456,54.579552,-3.958225,108.163101,0.293661,0.35308501,0.709997
73.2573,6589.4761,54.747429,-4.379331,108.545273,0.295834,0.35317799,0.71011901
73.2738,6589.4961,54.859192,-4.937778,108.942848,0.29855999,0.35233101,0.71013099
73.2943,6589.5161,54.941227,-5.36926,109.24559,0.30066001,0.351648,0.71012098
73.3093,6589.5361,54.9925,-5.523589,109.49054,0.30108601,0.351906,0.71066999
73.3346,6589.5562,55.014896,-5.531691,109.681381,0.30064601,0.352514,0.71145099
73.3536,6589.5762,55.026321,-5.658467,109.909058,0.300782,0.35260099,0.71212697
73.3718,6589.5962,55.219166,-6.015931,110.224609,0.30285299,0.35303301,0.71195501
73.3908,6589.6163,55.500633,-6.390934,110.452644,0.305668,0.35373601,0.71100301
73.4181,6589.6363,55.621094,-6.663384,110.549507,0.307565,0.35352501,0.71028602
73.4369,6589.6563,55.650558,-7.006509,110.695442,0.309365,0.35253599,0.709925
73.4569,6589.6763,55.72612,-7.490552,110.94194,0.31191999,0.351475,0.70946902
73.4783,6589.6964,55.739811,-7.786345,111.119789,0.313263,0.350694,0.709427
73.5033,6589.7165,55.738895,-7.752868,111.144257,0.31297699,0.35090801,0.70963401
73.52,6589.7365,55.768955,-7.527419,111.083527,0.31189099,0.35196999,0.70986098
73.5422,6589.7566,55.627964,-7.375217,111.073463,0.310395,0.35172299,0.71074098
73.5636,6589.7767,55.370872,-7.413471,111.04454,0.30965501,0.34979799,0.71143699
73.5749,6589.7967,55.098953,-7.552529,110.857773,0.30995601,0.346885,0.71118599
73.595,6589.8168,54.86842,-7.638007,110.629021,0.310215,0.344372,0.71073002
73.6097,6589.8368,54.763557,-7.401283,110.317924,0.30924201,0.34394401,0.710307
73.6311,6589.8569,54.763054,-6.784022,109.934479,0.306568,0.34577,0.71019101
73.6536,6589.877,55.014267,-6.250298,109.673813,0.30512199,0.34916899,0.70951903
73.6741,6589.897,55.506653,-6.346773,109.692055,0.307762,0.35194299,0.70759797
73.6919,6589.9171,55.913277,-6.768112,109.776169,0.31182599,0.35283801,0.70539099
73.7133,6589.9372,56.704117,-6.675875,109.661293,0.31495601,0.35802701,0.70224899
73.7303,6589.9572,57.51907,-6.761589,109.653442,0.31893399,0.362822,0.698991
73.7516,6589.9772,57.895233,-6.777669,109.528091,0.321008,0.36479801,0.69697899
73.7734,6589.9973,57.822552,-6.669908,109.130577,0.321311,0.36371699,0.69571698
73.7915,6590.0173,57.404034,-6.585235,108.661072,0.32050499,0.36013699,0.69531399
73.8127,6590.0373,57.134628,-6.363253,108.040466,0.319949,0.35773101,0.69401801
73.832,6590.0574,56.884583,-6.336733,107.680725,0.31982699,0.35527,0.69330603
73.8556,6590.0774,56.43153,-6.485155,107.59478,0.319024,0.351464,0.69411403
73.8709,6590.0974,56.093342,-6.557532,107.60656,0.317956,0.349011,0.69517702
73.8935,6590.1174,56.093578,-6.61801,107.585808,0.318387,0.34866899,0.69490999
73.9121,6590.1375,56.338017,-6.686955,107.426971,0.32035199,0.34944901,0.69309199
73.9327,6590.1575,56.504192,-6.699959,107.213371,0.32180601,0.34983999,0.69144702
73.9529,6590.1775,56.379547,-6.675245,107.145828,0.32131901,0.34898001,0.69164199
73.9704,6590.1976,56.059792,-6.684415,107.195389,0.31982699,0.34705299,0.69299299
73.9921,6590.2176,55.773804,-6.771292,107.336174,0.31867799,0.34521899,0.69443798
74.0125,6590.2376,55.62104,-6.913591,107.508598,0.31835601,0.344051,0.69540501
74.0309,6590.2576,55.55899,-7.186166,107.795563,0.31888101,0.34315899,0.69623101
74.0536,6590.2777,55.476997,-7.489042,108.180641,0.319217,0.34227201,0.69750601
74.0729,6590.2977,55.317013,-7.704349,108.500511,0.31888801,0.34111801,0.69899303
74.1057,6590.3177,55.227577,-7.890525,108.881287,0.31851,0.34072399,0.70059299
74.1338,6590.3377,55.186596,-8.241138,109.373085,0.31902099,0.34017801,0.702079
74.139,6590.3577,55.186016,-8.690678,110.00708,0.319895,0.339836,0.703798
74.1876,6590.3778,55.233013,-9.225053,110.791489,0.32104999,0.339845,0.705787
74.1884,6590.3978,55.187035,-9.738818,111.610497,0.321605,0.339463,0.70830703
74.1942,6590.4178,55.106441,-10.047125,112.304863,0.32113299,0.339461,0.71093601
74.2113,6590.4379,55.094013,-10.105105,112.765259,0.32007799,0.34040201,0.71292597
74.2306,6590.4579,55.068653,-10.168182,113.069504,0.31946599,0.34079501,0.71423101
74.2528,6590.4779,54.959347,-10.226497,113.27655,0.31878299,0.34038201,0.71541703
74.2719,6590.4979,54.702488,-10.168053,113.42643,0.31696099,0.33935699,0.717215
74.2915,6590.518,54.174438,-9.971552,113.469383,0.313517,0.33685201,0.71990299
74.3161,6590.538,53.403587,-9.775017,113.323845,0.30964199,0.33220899,0.72259402
74.3321,6590.558,52.631287,-9.578754,112.89534,0.30653501,0.32679799,0.723948
74.3542,6590.5781,52.106956,-9.110105,112.280113,0.303186,0.323818,0.72422898
74.3789,6590.5981,51.879936,-8.074814,111.697388,0.297351,0.32555699,0.72504699
74.3945,6590.6181,51.789886,-6.565511,111.224556,0.28876299,0.330713,0.72703499
74.4119,6590.6381,51.5257,-5.216927,110.987343,0.27974701,0.33458799,0.73017699
74.4337,6590.6582,50.96973,-4.393548,111.075386,0.271826,0.33491901,0.73439401
74.4608,6590.6782,50.381817,-4.049497,111.503143,0.265818,0.333621,0.73905998
74.48,6590.6982,49.934086,-3.843801,111.987289,0.261143,0.332708,0.743168
74.4951,6590.7183,49.491653,-3.718931,112.216545,0.25775701,0.33085701,0.745897
74.5132,6590.7383,49.092411,-3.745786,112.265541,0.25606599,0.328192,0.74732101
74.5324,6590.7583,48.83073,-3.631225,112.256088,0.25421301,0.326947,0.74835598
74.5632,6590.7783,48.652481,-3.373235,112.196823,0.25192299,0.32679501,0.74921501
74.5791,6590.7984,48.506783,-3.116518,112.158806,0.249718,0.32690299,0.75005698
74.5898,6590.8184,48.363453,-2.894678,112.209579,0.247495,0.327061,0.75120997
74.6145,6590.8384,48.303223,-2.744578,112.322151,0.24592599,0.32757899,0.752226
74.6319,6590.8585,48.370823,-2.701051,112.431427,0.24562199,0.32846001,0.75260299
74.6638,6590.8785,48.536575,-2.733624,112.418373,0.246595,0.32938901,0.75196397
74.6792,6590.8985,48.698196,-2.808988,112.254181,0.248265,0.32977101,0.75056303
74.693,6590.9185,48.813805,-2.924478,111.996872,0.250265,0.329458,0.74879301
74.7113,6590.9385,48.889332,-3.059931,111.635399,0.25251701,0.32855201,0.74662399
74.7323,6590.9585,48.93697,-3.085948,111.197037,0.25415099,0.32778001,0.74442202
74.7506,6590.9785,48.951553,-3.094692,110.746849,0.25555801,0.32683501,0.74229598
74.7753,6590.9985,48.928963,-3.293994,110.337059,0.25791201,0.32484999,0.74003202
74.7929,6591.0185,48.848804,-3.711737,109.927795,0.26140201,0.32145801,0.737436
74.8107,6591.0385,48.711269,-4.19846,109.514076,0.26506701,0.31733,0.73481101
74.8391,6591.0585,48.522388,-4.722621,109.071648,0.26879099,0.31259,0.73209202
74.8642,6591.0785,48.288502,-5.166308,108.634079,0.27175301,0.30791599,0.729693
74.8789,6591.0985,47.975861,-5.469253,108.235901,0.27332899,0.30346999,0.72803497
74.8914,6591.1185,47.541958,-5.735428,107.904976,0.273918,0.29855299,0.72714299
74.9164,6591.1385,46.976025,-5.728826,107.455643,0.27245101,0.293807,0.72670799
74.9344,6591.1585,46.182919,-5.405428,106.821892,0.268347,0.28870499,0.72675502
74.9512,6591.1784,45.220287,-5.022696,106.024452,0.26339501,0.28246099,0.726529
74.9718,6591.1984,44.570229,-4.550102,105.078682,0.25962001,0.278433,0.72474802
74.9907,6591.2184,44.471222,-4.051871,104.234695,0.25804701,0.278393,0.72190499
75.0098,6591.2384,44.721485,-3.825445,103.67189,0.25921601,0.27987701,0.71887302
75.0354,6591.2584,45.005695,-4.077481,103.391945,0.26287001,0.27977899,0.71608502
75.0626,6591.2784,45.18124,-4.673752,103.323051,0.26761699,0.27770501,0.71385998
75.0821,6591.2984,45.336422,-5.302064,103.254272,0.272448,0.275327,0.711586
75.0986,6591.3184,45.475262,-5.82585,103.035004,0.27689499,0.27300501,0.70880699
75.1237,6591.3384,45.501568,-6.280557,102.599258,0.28086099,0.26977,0.70537901
75.1382,6591.3584,45.429302,-6.568771,101.981384,0.28372201,0.26629201,0.70167297
75.1558,6591.3784,45.282898,-6.614337,101.338608,0.28476501,0.263529,0.69862401
75.176,6591.3984,45.163498,-6.521542,100.766022,0.28492001,0.26183799,0.69618601
75.1914,6591.4184,45.139606,-6.357446,100.239952,0.28500599,0.26124701,0.69388002
75.2114,6591.4384,45.143005,-6.069241,99.72197,0.284462,0.26151201,0.69183499
75.2296,6591.4584,45.127003,-5.813802,99.25045,0.28391701,0.26160499,0.68999898
75.2532,6591.4784,45.137058,-5.799879,98.841309,0.28481701,0.26072699,0.68781501
75.275,6591.4984,45.240707,-6.138812,98.480606,0.288194,0.25864699,0.68473703
75.3064,6591.5184,45.346619,-6.468283,98.076385,0.29160899,0.256502,0.68142098
75.3297,6591.5384,45.358849,-6.551103,97.576324,0.29327899,0.254852,0.67846102
75.3394,6591.5584,45.524002,-6.570893,97.15097,0.295194,0.25466999,0.67562401
75.3542,6591.5783,45.91489,-6.746064,96.871399,0.298868,0.255389,0.67253
75.3721,6591.5983,46.406181,-7.065784,96.682159,0.30370101,0.256152,0.66924101
75.3938,6591.6183,46.958748,-7.493019,96.53653,0.30936399,0.2568,0.66568899
75.4132,6591.6383,47.29311,-7.764197,96.32782,0.313124,0.25678599,0.66281998
75.4352,6591.6583,47.60318,-7.778499,96.029671,0.31547201,0.25777799,0.66022003
75.459,6591.6783,47.840889,-7.580621,95.65625,0.316403,0.25928101,0.65800101
75.4696,6591.6983,48.014511,-7.320728,95.238731,0.31676,0.26061201,0.65589797
75.4938,6591.7183,48.132488,-7.153849,94.775612,0.31747499,0.26096499,0.65344602
75.5122,6591.7383,48.147625,-7.076912,94.286682,0.31822801,0.26012701,0.65089703
75.533,6591.7583,47.996235,-6.867739,93.761444,0.31743401,0.258935,0.64898801
75.5543,6591.7783,47.598572,-6.47004,93.086166,0.314592,0.256942,0.64744401
75.5767,6591.7983,46.996113,-6.239923,92.266342,0.31188101,0.252442,0.64514798
75.5934,6591.8183,46.563438,-6.065489,91.3993,0.31044701,0.24854,0.641886
75.6104,6591.8383,46.546795,-5.749993,90.62886,0.31026301,0.24816599,0.63836598
75.636,6591.8583,46.850723,-5.170697,90.095169,0.309885,0.251818,0.63603401
75.6504,6591.8783,47.123692,-4.553324,89.87928,0.30845299,0.256363,0.63572001
75.6732,6591.8983,47.131691,-4.069154,89.774338,0.30604601,0.25891301,0.63639301
75.6984,6591.9183,46.913139,-3.764064,89.742859,0.30320099,0.259332,0.63760197
75.721,6591.9383,46.779713,-3.602884,89.744766,0.30155301,0.2595,0.63838899
75.7338,6591.9583,46.824871,-3.581019,89.621643,0.301963,0.25955999,0.63761997
75.7612,6591.9783,46.975124,-3.889518,89.422928,0.30496699,0.25811499,0.63526303
75.7733,6591.9982,47.218208,-4.213255,89.153297,0.308725,0.25691101,0.632195
75.793,6592.0182,47.474358,-4.239222,88.878311,0.31092101,0.25747499,0.62985098
75.8154,6592.0382,47.724258,-4.151786,88.62915,0.31240499,0.25872099,0.62797803
75.8336,6592.0582,47.962494,-4.08488,88.367531,0.31397,0.25974101,0.62600702
75.8664,6592.0782,48.198647,-3.889853,88.022133,0.31502199,0.261255,0.62390602
75.8793,6592.0982,48.414978,-3.599768,87.599548,0.315635,0.26299101,0.62167102
75.8909,6592.1182,48.573711,-3.334516,87.154648,0.31612301,0.264195,0.61939001
75.9182,6592.1382,48.621243,-3.20049,86.720276,0.316672,0.26404199,0.61709797
75.9355,6592.1582,48.661163,-3.252046,86.347717,0.31803399,0.26292801,0.61466801
75.9573,6592.1782,48.826786,-3.396224,85.967773,0.32062501,0.26193401,0.61159903
75.9775,6592.1982,49.162624,-3.510205,85.615128,0.323966,0.26211199,0.608316
75.9933,6592.2182,49.51054,-3.512391,85.263481,0.326783,0.26300001,0.60531402
76.0205,6592.2382,49.753468,-3.328285,84.968834,0.327889,0.264566,0.60345602
76.0369,6592.2582,49.903263,-3.326526,84.83918,0.329043,0.265017,0.60229802
76.0603,6592.2782,49.870934,-3.627783,84.714523,0.33072501,0.26269999,0.600779
76.0816,6592.2983,49.785572,-4.175821,84.609283,0.333341,0.25868201,0.598795
76.1026,6592.3183,49.806175,-4.730022,84.529152,0.33653,0.255263,0.59664297
76.1279,6592.3384,49.804417,-5.012825,84.454262,0.338157,0.25334799,0.59536898
76.1334,6592.3584,49.705963,-4.911545,84.29924,0.33740699,0.25296101,0.59500998
76.1581,6592.3785,49.347164,-4.493174,83.980225,0.33386499,0.25258401,0.59529299
76.1823,6592.3986,48.512432,-4.221997,83.39817,0.32886899,0.248024,0.59478098
76.1964,6592.4186,47.537457,-4.296167,82.635948,0.32514599,0.24015599,0.59246498
76.2112,6592.4387,47.012173,-4.442474,81.958359,0.32418999,0.234529,0.58924401
76.2342,6592.4587,47.154213,-4.44634,81.536736,0.32591799,0.23406699,0.58629
76.2546,6592.4788,47.619923,-4.485671,81.568665,0.32882801,0.236394,0.58519799
76.2751,6592.4989,47.90942,-4.9019,81.989334,0.33180401,0.236601,0.58583301
76.2987,6592.5189,48.092487,-5.505162,82.543648,0.33482799,0.235512,0.58698499
76.3114,6592.539,48.347248,-6.167914,83.119362,0.338534,0.23454601,0.58786398
76.3342,6592.559,48.653633,-6.959937,83.646164,0.34329799,0.232972,0.58787102
76.3558,6592.5791,48.920547,-7.75022,83.978325,0.34821099,0.230648,0.58675599
76.3764,6592.5992,49.118973,-8.283654,84.087486,0.351854,0.22884101,0.585226
76.4034,6592.6192,49.242432,-8.393027,84.007851,0.353275,0.22861201,0.58405501
76.4197,6592.6393,49.355808,-8.186034,83.832314,0.353219,0.229947,0.58330601
76.432,6592.6594,49.550259,-7.913575,83.645172,0.353322,0.23208401,0.58245897
76.4613,6592.6794,49.838711,-7.725609,83.547943,0.35421601,0.234495,0.581631
76.481,6592.6995,50.157112,-7.734898,83.544632,0.35609099,0.23616099,0.58067501
76.4938,6592.7195,50.417549,-7.904807,83.582359,0.35835999,0.23666801,0.57962698
76.5145,6592.7396,50.474178,-7.995249,83.526657,0.35925499,0.23625501,0.57884401
76.5396,6592.7597,50.337284,-7.973582,83.370361,0.358686,0.235153,0.57836002
76.5605,6592.7797,50.126591,-7.907666,83.125374,0.357649,0.233643,0.57768399
76.581,6592.7998,49.893681,-7.812046,82.797302,0.35649601,0.23194,0.57665002
76.5969,6592.8198,49.665127,-7.767935,82.495377,0.35556501,0.230037,0.57559198
76.6142,6592.8399,49.487049,-7.848119,82.35025,0.35522801,0.228136,0.57495701
76.6329,6592.8599,49.45784,-7.899364,82.45488,0.35510799,0.227989,0.57551998
76.6566,6592.88,49.522182,-7.850884,82.709846,0.354727,0.229423,0.57704598
76.675,6592.9,49.662575,-7.762468,82.9645,0.35457799,0.23151,0.578475
76.6977,6592.92,49.916996,-7.689469,83.125031,0.35534599,0.23383,0.57895702
76.7171,6592.94,50.299461,-7.594604,83.235382,0.35683399,0.236821,0.578834
76.7344,6592.96,50.772167,-7.571052,83.449715,0.35897201,0.24019501,0.57885098
76.755,6592.98,51.175392,-7.775292,83.810493,0.36153901,0.242287,0.57921702
76.7757,6593,51.345844,-7.902489,84.086334,0.36256301,0.243321,0.57997501
76.7951,6593.02,51.281601,-7.766488,84.162941,0.361348,0.244029,0.58105201
76.8112,6593.04,51.131248,-7.426707,83.995888,0.35912901,0.24472401,0.58155501
76.8344,6593.06,51.019291,-6.883061,83.496284,0.35680401,0.245823,0.58057302
76.8533,6593.08,51.010952,-5.96098,82.761147,0.35367799,0.249053,0.579027
76.8712,6593.1,51.069771,-4.695036,82.036118,0.34922001,0.25478101,0.57837301
76.8949,6593.12,51.064598,-3.428741,81.54348,0.34390199,0.26090699,0.579243
76.9153,6593.14,50.892479,-2.559753,81.378937,0.33886299,0.264761,0.58128798
76.933,6593.16,50.672573,-2.121345,81.542381,0.334952,0.266738,0.58412498
76.9557,6593.18,50.599186,-1.815968,81.988953,0.331911,0.26948899,0.58788198
76.9755,6593.2,50.558937,-1.682624,82.550507,0.32966101,0.27169701,0.59172702
76.9957,6593.2199,50.342106,-1.902406,83.071167,0.328291,0.27074,0.59475201
77.0151,6593.2399,50.11113,-2.305161,83.434219,0.32817701,0.26815999,0.59635198
77.0372,6593.2599,50.04694,-2.439676,83.658142,0.327979,0.26765901,0.59746403
77.0656,6593.2799,50.106827,-2.226939,83.871605,0.32671699,0.269851,0.59918398
77.0811,6593.2999,50.18549,-1.839236,84.134956,0.32451999,0.27331299,0.601641
77.1118,6593.32,50.274899,-1.605767,84.468704,0.32301199,0.27610999,0.604038
77.1195,6593.34,50.491375,-1.741274,84.825089,0.32412201,0.27748001,0.60518903
77.1368,6593.36,50.829906,-2.251031,85.192329,0.327878,0.277358,0.60500199
77.1566,6593.3801,51.189373,-2.972889,85.687386,0.332551,0.27651,0.60485101
77.1735,6593.4001,51.574074,-3.694338,86.287498,0.33709601,0.27615499,0.60518199
77.1949,6593.4202,51.892368,-4.16839,86.682701,0.34043801,0.27631199,0.60518301
77.2132,6593.4403,51.947063,-4.336556,86.775894,0.34140801,0.275915,0.60506803
77.2331,6593.4603,51.798172,-4.363833,86.690552,0.34092301,0.274685,0.60491401
77.2552,6593.4804,51.641251,-4.395857,86.692329,0.34020799,0.273642,0.60527301
77.2739,6593.5004,51.52726,-4.426614,86.820801,0.339425,0.27321801,0.60624999
77.2976,6593.5205,51.418854,-4.572354,87.04081,0.339066,0.27242601,0.60740203
77.3159,6593.5406,51.254539,-4.931047,87.298943,0.33943999,0.270201,0.60830402
77.3383,6593.5606,50.992416,-5.491356,87.606346,0.340238,0.266404,0.60917503
77.3567,6593.5807,50.714058,-5.908254,87.978943,0.34005299,0.26353601,0.61089998
77.3747,6593.6008,50.357109,-6.090278,88.483009,0.337899,0.26196301,0.61431199
77.3935,6593.6208,49.759178,-6.205307,89.084656,0.33385801,0.259675,0.61917597
77.4153,6593.6409,48.831226,-6.516902,89.643517,0.329202,0.25419199,0.62416202
77.4491,6593.6609,47.856747,-6.970894,89.891312,0.32579601,0.246666,0.62707299
77.4653,6593.681,47.309052,-7.207939,89.799362,0.324283,0.241864,0.62741798
77.4857,6593.7011,47.332417,-7.126197,89.743515,0.32408199,0.24231599,0.62725902
77.5017,6593.7211,47.670849,-6.855559,90.002182,0.323906,0.246573,0.62856799
77.5136,6593.7412,48.06287,-6.789269,90.439407,0.324738,0.250462,0.63016498
77.5372,6593.7613,48.405228,-7.053503,90.860435,0.32712999,0.25213,0.630849
77.556,6593.7813,48.689629,-7.345025,91.103554,0.32973599,0.252812,0.63058001
77.5737,6593.8014,48.933529,-7.511556,91.150314,0.331862,0.253416,0.62965202
77.5993,6593.8214,49.079002,-7.585875,90.992241,0.33340201,0.25337899,0.62810397
77.6184,6593.8415,49.130611,-7.482677,90.607918,0.333965,0.253151,0.62605
77.6385,6593.8616,49.115623,-7.164159,90.088226,0.33329499,0.253382,0.62403399
77.6622,6593.8816,49.047756,-6.69557,89.486801,0.33170801,0.25395,0.62212098
77.6752,6593.9017,48.997856,-6.106342,88.823479,0.32971299,0.255162,0.62012398
77.6975,6593.9217,49.016151,-5.511212,88.171059,0.32805699,0.25685,0.61799097
77.717,6593.9417,48.978622,-5.104035,87.609833,0.32691401,0.25740799,0.61598802
77.7363,6593.9618,48.881199,-5.067469,87.25486,0.326965,0.25606301,0.61428499
77.765,6593.9818,48.883987,-5.283855,87.011757,0.32868001,0.25411499,0.61223298
77.7734,6594.0018,48.949066,-5.455739,86.891296,0.33023101,0.253122,0.610852
77.7951,6594.0218,48.950844,-5.543496,86.94471,0.33059099,0.25277001,0.61090797
77.8175,6594.0417,48.865765,-5.620169,87.102974,0.330172,0.25229999,0.61185199
77.8404,6594.0617,48.809605,-5.77855,87.354721,0.33014899,0.25178099,0.613029
77.8616,6594.0817,48.86235,-6.040635,87.701202,0.33108699,0.251542,0.61415601
77.8754,6594.1017,49.144485,-6.308444,88.192978,0.333013,0.25299501,0.61545801
77.8953,6594.1217,49.556347,-6.602408,88.750175,0.33563501,0.25524601,0.61666399
77.9179,6594.1418,49.876247,-6.970926,89.351227,0.33803201,0.25670299,0.61813098
77.9338,6594.1618,50.146374,-7.137393,89.997368,0.33894601,0.25920001,0.620565
77.9595,6594.1818,50.408516,-7.141797,90.678162,0.33883399,0.26269701,0.62366903
77.9767,6594.2018,50.764584,-7.180813,91.412018,0.339257,0.26670501,0.626656
78.0037,6594.2219,51.346832,-7.292156,92.020058,0.34152699,0.271263,0.62798703
78.0245,6594.2419,52.015572,-7.143857,92.287003,0.34359699,0.27678001,0.62787002
78.05,6594.2619,52.468628,-6.647539,92.120735,0.34366599,0.281681,0.627029
78.0825,6594.282,52.639503,-5.859967,91.534393,0.34171501,0.285312,0.62558401
78.0896,6594.302,52.755234,-5.077941,90.711716,0.34013,0.28790501,0.622953
78.1024,6594.322,53.000462,-4.544309,89.943787,0.34049499,0.29000899,0.61949003
78.1193,6594.342,53.406635,-4.276937,89.470413,0.34245801,0.29238099,0.61641502
78.1368,6594.3621,53.871647,-3.911371,89.375458,0.343263,0.296749,0.61559498
78.1611,6594.3821,54.07618,-3.445932,89.457008,0.34165901,0.300742,0.61683798
78.1959,6594.4021,53.986477,-3.014629,89.570236,0.33854699,0.30299401,0.61901599
78.1995,6594.4222,53.88731,-2.664005,89.659599,0.33587301,0.304665,0.62083697
78.2181,6594.4422,53.910671,-2.581756,89.78141,0.33522999,0.30561,0.62168902
78.2336,6594.4622,53.922421,-2.790359,89.93261,0.336023,0.30495599,0.62188601
78.2565,6594.4822,53.7948,-3.1469,90.080696,0.33687299,0.30269301,0.62203902
78.2848,6594.5023,53.644489,-3.239918,90.143089,0.33639899,0.30151799,0.62255597
78.3017,6594.5223,53.58485,-2.839342,90.081085,0.334061,0.30323699,0.62355697
78.3179,6594.5423,53.573635,-1.959436,90.004013,0.329409,0.30784601,0.62570798
78.336,6594.5624,53.445499,-0.947148,90.076073,0.32296899,0.312951,0.629354
78.3546,6594.5824,53.104012,-0.350279,90.238586,0.317361,0.314812,0.63287598
78.3743,6594.6024,52.706558,-0.298236,90.468048,0.31425801,0.31352499,0.635387
78.3959,6594.6224,52.503983,-0.328245,90.753952,0.31253001,0.31301299,0.63744003
78.4161,6594.6425,52.494724,-0.2811,91.062271,0.311373,0.31406,0.63928902
78.437,6594.6625,52.557434,-0.280505,91.392006,0.31080699,0.31531,0.64092398
78.459,6594.6825,52.711922,-0.486726,91.755936,0.3118,0.316039,0.64192098
78.4821,6594.7026,53.028614,-0.741553,92.100838,0.31399,0.317377,0.64221001
78.4947,6594.7226,53.387711,-0.709448,92.367798,0.31500301,0.32030901,0.64272302
78.5196,6594.7426,53.540325,-0.502346,92.558762,0.314125,0.32281399,0.64388698
78.5476,6594.7626,53.501778,-0.525279,92.771713,0.313447,0.32305601,0.64508301
78.5589,6594.7826,53.475525,-0.909376,93.087357,0.31458199,0.321704,0.64580601
78.5781,6594.8026,53.572826,-1.576999,93.576012,0.31749499,0.32001501,0.64630902
78.5967,6594.8226,53.753643,-2.265565,94.254097,0.320443,0.31924701,0.64749199
78.6206,6594.8426,53.827461,-2.595196,94.909004,0.32086799,0.31974599,0.64984399
78.643,6594.8626,53.516029,-2.62851,95.379128,0.31813201,0.31907099,0.65319401
78.6657,6594.8825,52.882145,-2.646461,95.571953,0.314417,0.31580999,0.65607798
78.6761,6594.9025,52.240273,-2.98058,95.497314,0.313205,0.310067,0.65668398
78.7038,6594.9225,51.930183,-3.371383,95.337601,0.31426099,0.305718,0.65568298
78.7272,6594.9425,51.959908,-3.618624,95.300812,0.315927,0.30446401,0.65471703
78.7385,6594.9625,52.107407,-3.726095,95.425262,0.316975,0.305098,0.65464598
78.7586,6594.9825,52.13023,-3.941137,95.610153,0.31783,0.30459201,0.65497297
78.7759,6595.0025,52.141136,-4.244904,95.837708,0.31901899,0.30366099,0.65531498
78.7959,6595.0225,52.251587,-4.48212,96.14402,0.320131,0.3039,0.65595502
78.8192,6595.0425,52.359447,-4.743083,96.504906,0.321219,0.30415699,0.65681899
78.8476,6595.0625,52.384396,-4.99022,96.80278,0.321973,0.303826,0.65763402
78.8613,6595.0825,52.256729,-5.136866,96.938622,0.32180899,0.30266601,0.65834099
78.8807,6595.1025,52.104706,-5.120204,97.006401,0.32076499,0.30203599,0.65921998
78.8946,6595.1225,52.059387,-4.958429,97.069778,0.319437,0.302802,0.66014898
78.9136,6595.1425,52.092873,-4.775373,97.202301,0.31819999,0.304342,0.66125798
78.9383,6595.1625,52.124596,-4.650927,97.457825,0.31696099,0.30589899,0.662857
78.9587,6595.1825,52.124081,-4.644492,97.784752,0.31604701,0.306833,0.66460103
78.9803,6595.2025,52.043419,-4.676885,98.069908,0.31506601,0.30696201,0.66626197
79.0018,6595.2225,51.959976,-4.639605,98.368568,0.31363001,0.30747399,0.66819
79.0177,6595.2426,51.968727,-4.383537,98.650902,0.311418,0.309636,0.67033798
79.0338,6595.2626,52.02533,-4.051578,99.0158,0.30876401,0.31269401,0.672961
79.0728,6595.2826,52.124275,-4.047664,99.539566,0.30779901,0.31472301,0.67537701
79.0813,6595.3026,52.327515,-4.457301,100.174965,0.30947101,0.315561,0.676911
79.0966,6595.3227,52.644321,-4.894609,100.812065,0.31184399,0.31698501,0.67798501
79.1213,6595.3427,53.005741,-5.02693,101.379395,0.31279701,0.32007501,0.679353
79.1388,6595.3627,53.192173,-4.947639,101.852577,0.31189299,0.322914,0.68136001
79.1557,6595.3828,53.271526,-4.929124,102.230453,0.31109399,0.324523,0.68305498
79.1771,6595.4028,53.434406,-5.039785,102.602295,0.311472,0.32598501,0.68408698
79.1946,6595.4228,53.731861,-5.040781,102.960442,0.31185901,0.32879499,0.68489498
79.2189,6595.4428,54.071255,-4.698251,103.239601,0.310599,0.33335501,0.68609101
79.2367,6595.4629,54.249218,-4.138404,103.372826,0.30768901,0.33757901,0.68767202
79.2682,6595.4829,54.263,-3.590742,103.394684,0.30439901,0.340415,0.689197
79.291,6595.5029,54.252068,-3.198787,103.406799,0.301952,0.34230199,0.69032902
79.3018,6595.523,54.223236,-3.02975,103.461922,0.300632,0.343097,0.69113702
79.3151,6595.543,54.06292,-3.147521,103.549011,0.30032501,0.34176001,0.69177502
79.3391,6595.563,53.93169,-3.59269,103.661545,0.30205899,0.33906499,0.69158298
79.3568,6595.583,54.152309,-3.880785,103.804733,0.304409,0.339398,0.69080001
79.3749,6595.6031,54.557743,-3.652694,104.039986,0.30422899,0.343647,0.69121897
79.395,6595.6231,54.678722,-3.138942,104.334839,0.3008,0.34766799,0.69360799
79.4294,6595.6431,54.407425,-2.813105,104.781219,0.29620099,0.34872299,0.69750202
79.445,6595.6632,54.048641,-2.829381,105.35849,0.29287899,0.347895,0.701406
79.4635,6595.6832,53.953228,-3.002934,106.037514,0.29144099,0.34820101,0.70451802
79.4858,6595.7033,54.024464,-3.437389,106.692001,0.29245201,0.348254,0.70628297
79.5072,6595.7234,53.945271,-3.98068,107.162117,0.29402,0.346387,0.70738
79.5166,6595.7434,53.705856,-4.40756,107.465988,0.29466701,0.34362999,0.70852101
79.5455,6595.7635,53.52166,-4.653161,107.645706,0.29482499,0.341759,0.70935601
79.5642,6595.7836,53.415527,-4.826485,107.777954,0.29503101,0.34060299,0.70989102
79.581,6595.8037,53.346401,-4.811253,107.895271,0.29427999,0.34053501,0.71071601
79.5984,6595.8237,53.316284,-4.636185,108.051559,0.29259399,0.34156701,0.71200198
79.622,6595.8438,53.251404,-4.42011,108.166298,0.29061899,0.34246001,0.71330798
79.6452,6595.8638,53.126743,-4.209917,108.21022,0.28862301,0.34275901,0.71446103
79.6696,6595.8839,52.953465,-3.971894,108.192665,0.28641701,0.34272099,0.71555102
79.6864,6595.904,52.819038,-3.748747,108.298317,0.284105,0.34316799,0.71704501
79.7049,6595.924,52.81506,-3.606105,108.623024,0.28221899,0.34461099,0.71892601
79.7196,6595.9441,52.941307,-3.559413,109.00473,0.28133601,0.34657699,0.720397
79.7384,6595.9641,53.162945,-3.539425,109.340469,0.28117201,0.34891799,0.72126299
79.7602,6595.9842,53.316376,-3.586972,109.662498,0.28116399,0.35047799,0.72211599
79.7855,6596.0043,53.328815,-3.707121,109.951141,0.281093,0.35071501,0.72310299
79.8071,6596.0243,53.233288,-3.812365,110.147896,0.28073901,0.350099,0.72406501
79.8198,6596.0444,53.127914,-3.913333,110.327393,0.28037101,0.34939501,0.72499102
79.8397,6596.0645,53.132977,-4.03853,110.622032,0.280287,0.34957799,0.72601098
79.8607,6596.0845,53.288666,-4.257736,111.125458,0.28080899,0.35082799,0.72723401
79.8815,6596.1046,53.389324,-4.783037,111.8545,0.282343,0.350905,0.72889102
79.9012,6596.1246,53.160652,-5.393434,112.666077,0.282796,0.348665,0.73181403
79.9194,6596.1447,52.529091,-5.809176,113.213127,0.28118101,0.34397799,0.73541099
79.9396,6596.1648,51.733982,-6.082625,113.31617,0.27934101,0.33772099,0.73792398
79.9616,6596.1848,51.137199,-6.236054,113.093498,0.278503,0.33251199,0.73857301
79.9805,6596.2049,50.914772,-6.380615,112.789391,0.279385,0.32963499,0.73759699
80.0011,6596.2249,50.812664,-6.430208,112.511742,0.28007299,0.32805201,0.73655897
80.0191,6596.245,50.752068,-6.516948,112.382195,0.28074601,0.32693699,0.73596001
80.0414,6596.265,50.734226,-6.67491,112.347885,0.28178301,0.326013,0.73547602
80.0596,6596.2851,50.756596,-6.789454,112.302811,0.28274,0.325528,0.73491299
80.0836,6596.3051,50.789165,-6.73013,112.254761,0.28263301,0.32589799,0.73473001
80.1267,6596.3251,50.75193,-6.655839,112.20237,0.28214899,0.32585999,0.73479903
80.1275,6596.3452,50.672333,-6.675564,112.194038,0.281964,0.32521999,0.73497897
80.1504,6596.3652,50.600838,-6.740655,112.2062,0.28204599,0.324476,0.73511398
80.1632,6596.3852,50.587875,-6.753266,112.213364,0.28205201,0.32435,0.73515898
80.1975,6596.4052,50.661259,-6.729536,112.228073,0.28216699,0.324983,0.735039
80.1991,6596.4252,50.765228,-6.68656,112.323288,0.282058,0.32610601,0.73523098
80.2172,6596.4452,50.864849,-6.78301,112.576897,0.282372,0.32695499,0.73581398
80.2367,6596.4652,50.950172,-7.102186,112.921295,0.283795,0.32692501,0.73630202
80.2601,6596.4851,51.003387,-7.53184,113.257225,0.28581899,0.326168,0.73657602
80.2791,6596.5051,51.050999,-7.858647,113.498177,0.28742999,0.325611,0.73668599
80.2958,6596.5251,51.127975,-8.057494,113.659943,0.28856301,0.32563499,0.73665297
80.3187,6596.5451,51.253609,-8.202269,113.81591,0.289561,0.32621899,0.73655802
80.3415,6596.5651,51.475262,-8.290324,113.991318,0.29052401,0.327757,0.73635602
80.3619,6596.5851,51.77951,-8.421163,114.232933,0.291897,0.32982901,0.73604703
80.3795,6596.6051,52.084053,-8.597176,114.490387,0.29350299,0.33174801,0.73567897
80.3995,6596.6251,52.372818,-8.846844,114.734032,0.295546,0.33320299,0.735102
80.4164,6596.6451,52.645943,-9.111651,114.950951,0.29769,0.334425,0.73440701
80.4472,6596.6651,52.919796,-9.328857,115.153069,0.299564,0.335832,0.73375398
80.4628,6596.6851,53.211178,-9.387496,115.314812,0.30059999,0.33795899,0.73326302
80.4782,6596.7051,53.419079,-9.206388,115.451546,0.299844,0.34051999,0.73358601
80.4994,6596.7251,53.435848,-8.847562,115.435722,0.297658,0.34217399,0.73439097
80.5175,6596.7451,53.351429,-8.474571,115.312164,0.295306,0.34292999,0.73511702
80.54,6596.7651,53.243534,-8.28804,115.215179,0.29397601,0.34277701,0.73555797
80.5593,6596.7851,53.045483,-8.301755,115.022476,0.293859,0.340891,0.73538297
80.576,6596.8051,52.841705,-8.467045,114.63295,0.295266,0.33778799,0.73395902
80.5971,6596.8251,52.857864,-8.327682,114.13588,0.295903,0.33723599,0.73204303
80.6205,6596.8451,53.081017,-7.657888,113.643669,0.29398099,0.34045801,0.73077101
80.6402,6596.8651,53.217411,-6.685626,113.260872,0.28947899,0.344744,0.73105103
80.6606,6596.8851,53.06197,-5.746153,113.010902,0.283593,0.347289,0.73282498
80.6804,6596.9051,52.72427,-5.057425,112.921005,0.27805001,0.347911,0.735273
80.7015,6596.925,52.538635,-4.607587,112.985046,0.274189,0.348842,0.73727399
80.7236,6596.945,52.516041,-4.520223,113.061546,0.27329901,0.349264,0.73789901
80.7442,6596.965,52.302685,-5.055173,113.122787,0.275666,0.34562001,0.73761398
80.768,6596.985,52.047207,-5.54013,113.090469,0.27781901,0.341683,0.737167
80.7838,6597.005,51.799454,-5.574048,112.868881,0.27766201,0.33934999,0.73693198
80.8027,6597.025,51.530094,-5.175858,112.601349,0.27476099,0.338709,0.73759598
80.8293,6597.045,51.262955,-4.583739,112.432571,0.27031499,0.339201,0.73913503
80.8419,6597.065,51.059666,-4.223674,112.357445,0.26734799,0.33929899,0.74031198
80.8599,6597.085,50.880104,-4.266896,112.382286,0.26678801,0.33797401,0.74091202
80.8803,6597.105,50.695789,-4.515587,112.561096,0.267086,0.33605,0.741741
80.907,6597.125,50.577641,-4.692293,112.832718,0.26693401,0.33510399,0.74293703
80.9227,6597.145,50.592728,-4.734116,113.133392,0.26638901,0.33571699,0.74413699
80.945,6597.165,50.710987,-4.682058,113.30188,0.266054,0.337129,0.74462098
80.9595,6597.185,50.716789,-4.426535,113.347397,0.264283,0.338411,0.74539602
80.9856,6597.205,50.552395,-4.486824,113.375694,0.26390001,0.33711201,0.74592298
80.9976,6597.225,50.458008,-4.981343,113.46122,0.266471,0.33447599,0.74546999
81.0198,6597.245,50.550957,-5.448605,113.622429,0.26942801,0.33339,0.744789
81.04,6597.265,50.688271,-5.952621,113.888657,0.272499,0.33269101,0.74432701
81.0664,6597.285,50.779816,-6.48344,114.155678,0.27554899,0.33157799,0.74394
81.0828,6597.3049,50.854702,-7.100543,114.38163,0.27920699,0.32987899,0.74319899
81.0987,6597.3249,50.99519,-7.64506,114.518105,0.282913,0.328733,0.74199098
81.1155,6597.3449,51.044086,-8.092551,114.53849,0.285947,0.327115,0.740803
81.1361,6597.3649,50.83823,-8.48033,114.554352,0.287581,0.32402799,0.74061501
81.1649,6597.3849,50.36697,-8.806306,114.617577,0.28762001,0.31953201,0.74170703
81.1777,6597.4049,49.726875,-9.249304,114.615601,0.28792599,0.31318599,0.74278301
81.198,6597.4249,49.191689,-9.740672,114.399902,0.289543,0.306775,0.742396
81.2214,6597.4449,48.870754,-9.981397,113.986794,0.29090399,0.30244601,0.74099398
81.2482,6597.4649,48.762966,-9.813038,113.421745,0.29086599,0.30105099,0.73919302
81.2704,6597.4849,48.866837,-9.460556,112.860474,0.290499,0.30195799,0.73714697
81.2874,6597.5049,49.187458,-9.140551,112.461014,0.290829,0.304591,0.73503101
81.2985,6597.5249,49.575142,-9.155253,112.20768,0.29321101,0.306485,0.73251098
81.323,6597.5449,49.980339,-9.533754,112.024887,0.29779899,0.306972,0.72930801
81.3508,6597.5649,50.449718,-9.843952,111.870071,0.302131,0.308265,0.72616303
81.3641,6597.5849,50.812435,-9.988216,111.749893,0.304869,0.309699,0.72396398
81.3815,6597.6049,50.95208,-10.196501,111.687614,0.30692899,0.30949101,0.72263098
81.4024,6597.6249,50.940815,-10.430854,111.431541,0.309048,0.30762801,0.72083902
81.4249,6597.6449,50.914383,-10.418206,111.006699,0.30999699,0.306364,0.71896303
81.4377,6597.6649,51.019348,-10.174931,110.49456,0.31028199,0.30682799,0.71683103
81.4635,6597.6849,51.181778,-9.760472,110.073311,0.309508,0.308734,0.71538699
81.4838,6597.7049,51.25071,-9.413455,109.780754,0.30842501,0.31005201,0.714692
81.5121,6597.7248,51.314369,-9.126772,109.485504,0.30770999,0.31104401,0.71383601
81.5221,6597.7448,51.525814,-8.915358,109.303841,0.30779499,0.31295401,0.71280998
81.5469,6597.7648,51.755791,-8.848577,109.219215,0.308599,0.31455299,0.71179402
81.5603,6597.7848,51.788609,-8.810271,109.151489,0.30868801,0.31476799,0.71146101
81.5806,6597.8048,51.688152,-8.720405,109.059578,0.30794999,0.314293,0.71160901
81.6003,6597.8248,51.54911,-8.442452,108.98365,0.30583099,0.31450799,0.71246701
81.6217,6597.8448,51.32576,-7.895134,108.985634,0.301449,0.31566599,0.71468598
81.6429,6597.8648,51.085503,-7.256202,108.991463,0.29639399,0.31715399,0.71718901
81.6596,6597.8848,51.001106,-6.91686,108.986465,0.29391301,0.318203,0.71832103
81.6789,6597.9048,51.053799,-7.060038,109.018539,0.29495201,0.317949,0.71793002
81.7014,6597.9248,51.144451,-7.428617,109.121277,0.297371,0.317056,0.71716201
81.7201,6597.9448,51.155357,-7.445593,109.237167,0.29720399,0.31734699,0.717632
81.7427,6597.9648,51.136486,-7.374038,109.354645,0.29634801,0.31786701,0.71843803
81.7735,6597.9848,51.277199,-7.259957,109.429672,0.29603499,0.31952301,0.718615
81.7859,6598.0048,51.585423,-6.920315,109.423492,0.295261,0.323127,0.71842498
81.8011,6598.0248,52.04068,-6.51841,109.337524,0.29496601,0.32776901,0.71752
81.8193,6598.0448,52.814606,-6.026626,108.690361,0.29714301,0.333435,0.71312398
81.8392,6598.0648,53.143818,-5.747429,107.970406,0.29896,0.33500299,0.70933098
81.8586,6598.0848,52.927052,-5.394216,107.478729,0.29724601,0.33401299,0.70864302
81.8793,6598.1048,52.445244,-5.330501,107.05275,0.29592499,0.33013201,0.70837802
81.9037,6598.1248,51.921597,-5.584753,106.744728,0.29601201,0.32476401,0.70796901
81.917,6598.1447,51.589653,-5.72753,106.562927,0.29590201,0.32147899,0.707811
81.9454,6598.1647,51.513847,-5.749631,106.301025,0.29642701,0.32021001,0.70673102
81.9604,6598.1847,51.166718,-5.698824,106.177628,0.294873,0.317918,0.70739198
81.9773,6598.2047,50.553955,-5.66315,106.190987,0.29181001,0.314201,0.709526
82,6598.2247,50.053417,-5.607374,106.320831,0.28881299,0.31158799,0.71190101
82.0177,6598.2447,49.786354,-5.843025,106.675278,0.288095,0.30961099,0.71388602
82.0405,6598.2647,49.607681,-6.539209,107.088631,0.29051101,0.30610901,0.71471202
82.0666,6598.2847,49.384979,-7.389922,107.342133,0.294139,0.301164,0.71449399
82.0794,6598.3047,49.143543,-8.171024,107.346436,0.29791,0.29578301,0.71328002
82.1074,6598.3247,48.919987,-8.637945,107.127846,0.30037099,0.29145899,0.71171498
82.132,6598.3447,48.655029,-8.821568,106.851028,0.30102,0.288095,0.71072799
82.1412,6598.3647,48.343513,-8.944799,106.526871,0.30118799,0.28459901,0.709804
82.1579,6598.3847,48.044701,-8.945862,106.039917,0.30103999,0.28136501,0.70833403
82.1912,6598.4047,47.74432,-8.838081,105.476143,0.300376,0.27847201,0.70674598
82.2,6598.4247,47.417755,-8.903213,104.884369,0.30069599,0.274472,0.70461798
82.2166,6598.4447,47.068752,-9.116678,104.273247,0.30183101,0.269519,0.70204097
82.2386,6598.4647,46.6707,-9.524835,103.769142,0.303633,0.26351899,0.699619
82.2592,6598.4847,46.104618,-10.079511,103.359596,0.30527499,0.25590301,0.69778901
82.2775,6598.5047,45.465382,-10.702426,103.005653,0.30681601,0.247577,0.696262
82.3015,6598.5247,44.900909,-11.573969,102.744965,0.30997899,0.23864301,0.69429499
82.3167,6598.5446,44.534363,-12.458027,102.317657,0.314455,0.230425,0.69076198
82.3369,6598.5646,44.216892,-12.980948,101.54821,0.31760499,0.223456,0.68619698
82.3623,6598.5846,43.695816,-13.320244,100.448341,0.31922001,0.215211,0.680924
82.3775,6598.6046,42.973942,-13.695014,99.104553,0.32036299,0.204785,0.67472601
82.4005,6598.6246,42.282318,-14.245743,97.716492,0.32255599,0.193427,0.66755301
82.4206,6598.6446,41.824257,-14.857491,96.267616,0.32616001,0.18297599,0.65901202
82.4377,6598.6646,41.566071,-15.276031,94.637566,0.32976401,0.174293,0.64923197
82.4607,6598.6846,41.223091,-15.494813,92.842865,0.33186299,0.165714,0.63915497
82.4789,6598.7046,40.691162,-15.626639,90.970901,0.332385,0.156257,0.62924099
82.5004,6598.7246,39.981895,-15.78183,88.911407,0.33207199,0.14507601,0.61842501
82.5193,6598.7446,39.178913,-15.963501,86.606606,0.33135399,0.132524,0.606022
82.5425,6598.7646,38.444729,-16.264956,84.106644,0.331478,0.119129,0.59153497
82.5682,6598.7846,37.887398,-16.743563,81.60553,0.33310899,0.105636,0.57569999
82.5807,6598.8046,37.539829,-17.196611,79.199234,0.335372,0.093726,0.55966997
82.5996,6598.8246,37.378593,-17.509975,76.878075,0.33770001,0.083954,0.543836
82.6243,6598.8446,37.322044,-17.616219,74.478111,0.33952001,0.075846,0.52756101
82.643,6598.8646,37.186832,-17.44203,72.015915,0.339434,0.069033,0.51166201
82.666,6598.8846,36.91156,-17.14747,69.51712,0.33780101,0.062287,0.49597999
82.6828,6598.9046,36.590195,-17.039543,67.163269,0.33643699,0.054531,0.48062599
82.7014,6598.9246,36.326092,-17.210295,64.939026,0.33635601,0.04552,0.465009
82.727,6598.9446,36.1759,-17.557478,62.836361,0.33747801,0.036143,0.44927701
82.7404,6598.9645,36.015553,-17.973766,60.731232,0.33855999,0.026183,0.43318501
82.7629,6598.9845,35.782589,-18.306086,58.611614,0.33858001,0.016451,0.41725501
82.7848,6599.0045,35.545105,-18.529816,56.578766,0.337937,0.007769,0.40214601
82.8224,6599.0245,35.362835,-18.698742,54.647724,0.33729899,5.3e-05,0.38769001
82.8252,6599.0445,35.270596,-18.942986,52.872124,0.33739701,-0.007387,0.37385201
82.8392,6599.0645,35.271629,-19.287369,51.224953,0.338348,-0.014844,0.360378
82.8612,6599.0845,35.328503,-19.650204,49.621048,0.33961999,-0.022127,0.34696999
82.8835,6599.1045,35.320713,-19.901596,47.937515,0.33993399,-0.029071,0.33336699
82.9025,6599.1245,35.250381,-19.879829,46.17152,0.33886701,-0.034394,0.320012
82.9173,6599.1445,35.190044,-19.787939,44.412441,0.33760601,-0.039091,0.30681399
82.9403,6599.1645,35.151291,-19.743761,42.787884,0.336615,-0.043661,0.29439801
82.9653,6599.1845,35.14875,-19.694302,41.331352,0.33589199,-0.047557,0.28317001
82.9884,6599.2045,35.199829,-19.541658,40.007248,0.33534199,-0.050071,0.273119
83.006,6599.2245,35.266197,-19.260937,38.780899,0.33464399,-0.051236,0.264144
83.022,6599.2445,35.322956,-18.883303,37.641258,0.33370799,-0.051403,0.25612801
83.0544,6599.2645,35.44669,-18.518908,36.595985,0.33338299,-0.051188,0.24865501
83.0744,6599.2845,35.68021,-18.179316,35.656967,0.33403,-0.050541,0.241712
83.088,6599.3045,35.995697,-17.749241,34.808136,0.33519301,-0.048694,0.23558199
83.0991,6599.3245,36.316219,-17.207048,33.94429,0.336207,-0.046009,0.22965901
83.1231,6599.3445,36.569199,-16.518061,33.007076,0.33643901,-0.042576,0.22372299
83.1401,6599.3646,36.793987,-15.743545,32.020939,0.33634299,-0.03869,0.217704
83.1607,6599.3846,37.128159,-15.030872,31.077795,0.337309,-0.034901,0.21165401
83.1785,6599.4046,37.597683,-14.3801,30.245117,0.33955199,-0.030973,0.20609
83.2005,6599.4246,38.091972,-13.725846,29.489031,0.34206799,-0.026775,0.201143
83.2186,6599.4447,38.487656,-13.073207,28.81061,0.34389001,-0.022636,0.19701201
83.2405,6599.4647,38.761181,-12.438904,28.269827,0.34485799,-0.018543,0.19415
83.261,6599.4847,38.970463,-11.879997,27.897434,0.345507,-0.014708,0.192526
83.2796,6599.5048,39.120773,-11.527651,27.624279,0.34606799,-0.01237,0.191173
83.2986,6599.5248,39.264248,-11.336405,27.389627,0.346856,-0.011227,0.189657
83.3234,6599.5448,39.526276,-11.140539,27.154955,0.34857601,-0.009791,0.187985
83.3412,6599.5648,39.938221,-10.981189,26.976475,0.35154599,-0.008158,0.186441
83.3604,6599.5849,40.463284,-10.913462,26.916517,0.35556301,-0.006657,0.185406
83.3822,6599.6049,41.132008,-10.768759,27.033562,0.36058399,-0.003679,0.185818
83.3973,6599.6249,41.853683,-10.541822,27.363924,0.36586899,0.000756,0.188115
83.4248,6599.645,42.434269,-10.490133,27.800402,0.370307,0.003853,0.19089501
83.441,6599.665,42.845097,-10.563009,28.191414,0.373611,0.005465,0.19314601
83.4692,6599.685,43.122688,-10.606759,28.461,0.37582701,0.006629,0.194718
83.4794,6599.705,43.258953,-10.507646,28.530643,0.37671101,0.007951,0.195388
83.5039,6599.7251,43.241909,-10.255181,28.405376,0.376158,0.009496,0.195253
83.5235,6599.7451,43.193146,-9.977038,28.226006,0.37532201,0.010997,0.194819
83.5419,6599.7651,43.240608,-9.608087,28.023653,0.37508601,0.013358,0.19435801
83.5797,6599.7851,43.403313,-9.308458,27.836357,0.37586799,0.015473,0.193627
83.5893,6599.8052,43.670692,-9.12652,27.747404,0.37765399,0.017205,0.19314601
83.607,6599.8252,43.919357,-9.051078,27.734627,0.379462,0.018302,0.192946
83.6296,6599.8453,44.121479,-8.965965,27.83366,0.38087201,0.019744,0.193727
83.6405,6599.8654,44.301708,-8.908731,27.952219,0.382153,0.020985,0.1946
83.6619,6599.8854,44.382748,-8.781363,28.003666,0.38255501,0.022338,0.195317
83.6809,6599.9055,44.471493,-8.574166,28.002298,0.38288999,0.02416,0.195875
83.6996,6599.9255,44.608799,-8.402968,27.948509,0.383674,0.025628,0.19583499
83.7223,6599.9455,44.737755,-8.336209,27.837576,0.38458499,0.026062,0.19500899
83.7425,6599.9656,44.920948,-8.449249,27.770369,0.38621199,0.025344,0.193849
83.7631,6599.9856,45.221172,-8.61929,27.763144,0.388825,0.024634,0.192802
83.7852,6600.0056,45.463299,-8.799506,27.797485,0.390993,0.023862,0.19212
83.8056,6600.0257,45.547436,-9.10217,27.88125,0.392133,0.021956,0.191624
83.8277,6600.0457,45.640144,-9.499425,28.023956,0.39348599,0.019532,0.191248
83.8437,6600.0657,45.878128,-9.948386,28.200125,0.39603901,0.017148,0.19073001
83.8632,6600.0857,46.144005,-10.191674,28.291349,0.39847401,0.016155,0.190199
83.8795,6600.1058,46.134651,-10.009915,28.108105,0.39812699,0.01692,0.18941
83.9001,6600.1258,45.719215,-9.309353,27.549515,0.39386201,0.019567,0.188063
83.9259,6600.1458,45.042213,-8.250411,26.69315,0.38705301,0.023533,0.185875
83.9489,6600.1659,44.386837,-7.187481,25.757936,0.38044399,0.027451,0.18289199
83.9634,6600.1859,43.99778,-6.31188,24.855448,0.37624201,0.030643,0.179097
83.9796,6600.2059,44.002808,-5.677881,24.103989,0.37551099,0.033217,0.17521
83.9996,6600.2259,44.316505,-5.518011,23.642548,0.37787199,0.033542,0.17174
84.0324,6600.246,44.79398,-5.797581,23.494415,0.38208401,0.031697,0.16913
84.0621,6600.266,45.283451,-6.279316,23.626772,0.38659701,0.029216,0.168025
84.0828,6600.286,45.612099,-6.658346,23.774153,0.38968799,0.027323,0.167533
84.0912,6600.3061,45.74081,-6.860628,23.780806,0.39098701,0.025986,0.166747
84.1119,6600.3261,45.725437,-6.959749,23.479877,0.391076,0.024148,0.16405
84.1328,6600.3461,45.708035,-7.021,23.062298,0.39111099,0.022207,0.160561
84.141,6600.3662,45.708736,-7.051747,22.694052,0.39122799,0.020708,0.157543
84.192,6600.3863,45.678741,-6.950356,22.404459,0.39090699,0.020469,0.155632
84.1955,6600.4063,45.691505,-6.897291,22.215256,0.39096901,0.020266,0.154301
84.2039,6600.4264,45.829517,-7.11099,22.206545,0.39233801,0.018786,0.153345
84.2213,6600.4464,46.073437,-7.434088,22.401112,0.394649,0.017329,0.153492
84.2391,6600.4664,46.364399,-7.742116,22.687277,0.397293,0.016405,0.154342
84.2592,6600.4864,46.698608,-7.889056,22.967194,0.400056,0.016826,0.155632
84.2841,6600.5065,46.928391,-7.73224,23.162119,0.40159899,0.019163,0.157434
84.3014,6600.5265,46.931393,-7.449952,23.218248,0.401223,0.021587,0.158861
84.3298,6600.5465,46.914173,-7.297841,23.090551,0.40090299,0.022306,0.158409
84.358,6600.5666,46.926514,-7.332169,22.905989,0.401081,0.021412,0.156821
84.364,6600.5866,46.942966,-7.368072,22.843399,0.40127,0.02094,0.156183
84.384,6600.6066,47.009697,-7.354446,23.003572,0.401741,0.021729,0.15741199
84.4044,6600.6266,47.23703,-7.307469,23.245583,0.40339601,0.023362,0.159208
84.4226,6600.6467,47.564686,-7.379832,23.474497,0.40599301,0.024203,0.160354
84.4433,6600.6667,47.879463,-7.686707,23.647881,0.40882599,0.022996,0.160235
84.4706,6600.6867,48.200989,-8.102467,23.744968,0.41187301,0.020689,0.1591
84.4891,6600.7068,48.535744,-8.118834,23.779642,0.414473,0.021316,0.15888201
84.5015,6600.7268,48.715755,-7.484982,23.618256,0.415014,0.026022,0.159687
84.5207,6600.7468,48.702553,-6.457674,23.225777,0.413578,0.032607,0.16034999
84.542,6600.7668,48.537693,-5.405387,22.65431,0.411008,0.03849,0.159851
84.5602,6600.7869,48.241131,-4.44809,22.003641,0.40760499,0.043162,0.15847901
84.5822,6600.8069,47.885849,-3.748965,21.427547,0.40409699,0.04603,0.156772
84.6003,6600.8269,47.51479,-3.5025,21.021158,0.401023,0.045954,0.15477601
84.6312,6600.847,47.250427,-3.500453,20.68487,0.39908099,0.044386,0.152366
84.6538,6600.867,47.248074,-3.452263,20.422901,0.39910001,0.04385,0.150471
84.669,6600.887,47.520432,-3.108714,20.316433,0.40082699,0.046597,0.150601
84.682,6600.907,47.83765,-2.555497,20.39826,0.40254599,0.051712,0.152925
84.7034,6600.9271,48.015156,-2.073451,20.674885,0.40315399,0.056737,0.156653
84.7309,6600.9471,47.991978,-1.761035,20.980711,0.402385,0.06023,0.16017
84.7484,6600.9671,47.922104,-1.523125,21.250679,0.401357,0.062938,0.163176
84.7666,6600.9871,47.878063,-1.473997,21.389704,0.40086499,0.063743,0.164472
84.7794,6601.007,47.81279,-1.610558,21.385473,0.400552,0.062557,0.164011
84.8036,6601.027,47.756046,-1.686784,21.305061,0.40026,0.061591,0.163157
84.8237,6601.047,47.749138,-1.608323,21.220697,0.40013999,0.061902,0.162774
84.8416,6601.067,47.755299,-1.374134,21.171436,0.39988199,0.063578,0.16320001
84.8654,6601.087,47.710857,-1.068362,21.150219,0.39910901,0.065838,0.164132
84.8922,6601.107,47.652657,-0.769576,21.150253,0.39822301,0.068097,0.165213
84.9051,6601.127,47.630917,-0.430299,21.127064,0.397576,0.070648,0.166224
84.9216,6601.147,47.658943,-0.265972,21.109451,0.39756799,0.071918,0.166637
84.9438,6601.167,47.68219,-0.116476,21.04645,0.39757299,0.072907,0.166646
84.9691,6601.187,47.784916,-0.128028,21.094912,0.39836499,0.073135,0.16691899
84.9925,6601.207,47.930813,-0.231663,21.184095,0.39960301,0.072847,0.167161
85.0084,6601.227,48.069553,-0.477255,21.367586,0.400933,0.071769,0.167647
85.0282,6601.247,48.235794,-0.771866,21.557991,0.402547,0.070379,0.167988
85.0455,6601.267,48.387997,-0.977399,21.675714,0.40396601,0.069416,0.168075
85.0659,6601.287,48.463974,-1.183267,21.737501,0.40482399,0.06814,0.16777501
85.0809,6601.307,48.537178,-1.540651,21.805578,0.40587801,0.065699,0.166987
85.1125,6601.327,48.715504,-1.966843,21.902664,0.40783301,0.06299,0.16609
85.1251,6601.347,48.913464,-2.304953,22.013626,0.40980399,0.061057,0.16558599
85.1479,6601.367,49.003868,-2.580418,22.108517,0.410855,0.05939,0.165263
85.1598,6601.387,48.930168,-2.780337,22.127096,0.41056001,0.057777,0.164756
85.1806,6601.4069,48.60994,-2.84242,21.95591,0.40824199,0.056166,0.163478
85.1984,6601.4269,48.049606,-2.875686,21.567537,0.40410501,0.053638,0.160805
85.2192,6601.4469,47.384689,-3.084551,21.080561,0.39941099,0.049248,0.15681601
85.2401,6601.4669,46.885807,-3.33812,20.639017,0.39602101,0.044947,0.152881
85.2657,6601.4869,46.75106,-3.424283,20.270117,0.395217,0.042788,0.149785
85.2781,6601.5069,46.905281,-3.319619,19.991318,0.39639801,0.042883,0.147815
85.3016,6601.5269,47.090256,-3.226079,19.831593,0.39779201,0.043342,0.146725
85.3226,6601.5469,47.202923,-3.344679,19.872066,0.39881399,0.042713,0.146539
85.3402,6601.5669,47.270557,-3.801328,20.153723,0.39982799,0.040193,0.147112
85.3643,6601.5869,47.33231,-4.509193,20.594246,0.401077,0.036246,0.148056
85.3822,6601.6069,47.400993,-5.193216,20.986523,0.402383,0.03234,0.148683
85.403,6601.6269,47.48045,-5.600365,21.208849,0.40347201,0.030044,0.148922
85.4235,6601.6469,47.510574,-5.653784,21.24036,0.40376899,0.029784,0.14895099
85.4417,6601.6669,47.516659,-5.625062,21.180824,0.40379399,0.02981,0.148577
85.4625,6601.6869,47.598957,-5.672545,21.096144,0.40452,0.029272,0.14765801
85.484,6601.7069,47.732578,-5.86996,21.020018,0.405835,0.027667,0.146222
85.5114,6601.7269,47.793442,-6.187871,20.957397,0.406728,0.025043,0.144538
85.5258,6601.7469,47.683098,-6.458302,20.899693,0.40621901,0.022529,0.143243
85.5442,6601.7669,47.564526,-6.630629,20.918947,0.405505,0.021045,0.142913
85.5623,6601.7869,47.551754,-6.644396,21.002207,0.40540701,0.02121,0.143534
85.5834,6601.8069,47.540333,-6.553802,21.042961,0.40519699,0.022049,0.144188
85.6029,6601.8268,47.447483,-6.451253,20.992687,0.40435299,0.022526,0.144255
85.6212,6601.8468,47.380787,-6.44519,20.937706,0.403835,0.02227,0.143915
85.6444,6601.8668,47.432907,-6.419742,20.969101,0.40420401,0.022667,0.144196
85.6741,6601.8868,47.574329,-6.322847,21.107504,0.405157,0.024152,0.145476
85.685,6601.9068,47.964962,-6.478524,21.414217,0.408335,0.024666,0.146911
85.7019,6601.9268,48.385185,-6.65374,21.698854,0.41176599,0.025018,0.14805099
85.7214,6601.9468,48.820068,-6.921397,21.936863,0.415434,0.024524,0.148454
85.7391,6601.9668,49.208557,-7.136127,22.124208,0.41867799,0.024199,0.148684
85.7699,6601.9868,49.479774,-7.206708,22.260862,0.42083499,0.024622,0.14917099
85.7865,6602.0068,49.737598,-7.082247,22.367914,0.42263699,0.026439,0.150157
85.8039,6602.0268,49.9226,-6.722335,22.343418,0.42359599,0.029477,0.151077
85.8205,6602.0468,49.83844,-6.152138,22.08769,0.42226401,0.032831,0.15128499
85.8403,6602.0668,49.599422,-5.635029,21.763399,0.41983199,0.035269,0.15091801
85.864,6602.0868,49.254875,-5.433931,21.53019,0.416971,0.035416,0.150196
85.8822,6602.1068,48.98291,-5.547978,21.470808,0.41502899,0.03386,0.14960299
85.9022,6602.1268,48.924461,-5.591252,21.548254,0.41460899,0.033705,0.150114
85.9252,6602.1468,48.989716,-5.461609,21.741182,0.414886,0.035526,0.152024
85.9386,6602.1668,49.091537,-5.230299,22.044044,0.415268,0.038602,0.155123
85.962,6602.1868,49.18187,-5.098592,22.491051,0.415631,0.041404,0.158997
85.9796,6602.2068,49.205261,-5.352513,23.073957,0.415957,0.041578,0.162599
86.0024,6602.2268,49.142315,-5.978422,23.790487,0.416116,0.039187,0.165984
86.028,6602.2467,49.073048,-6.635017,24.55628,0.41628999,0.036724,0.16964801
86.0418,6602.2667,49.017132,-7.057939,25.174572,0.41629699,0.03557,0.172995
86.0658,6602.2867,48.90147,-7.327418,25.568819,0.41569701,0.034677,0.17523301
86.0845,6602.3067,48.768169,-7.615007,25.81377,0.41504201,0.033061,0.17627101
86.1056,6602.3267,48.7822,-7.748765,25.885235,0.415335,0.032307,0.17632399
86.1233,6602.3467,48.770294,-7.349992,25.692396,0.41468701,0.034689,0.176283
86.1437,6602.3667,48.573196,-6.709287,25.30447,0.41230899,0.037892,0.175823
86.1836,6602.3867,48.292706,-6.118089,24.941437,0.40936401,0.040662,0.175451
86.1859,6602.4067,48.102943,-5.780049,24.69589,0.407469,0.042068,0.17496
86.2012,6602.4267,48.043652,-5.680641,24.572121,0.40690401,0.042294,0.17441399
86.2185,6602.4467,48.046345,-5.526369,24.463928,0.40673101,0.043121,0.17411301
86.2394,6602.4667,48.034534,-5.385228,24.387432,0.406454,0.043931,0.17402899
86.2617,6602.4867,47.987392,-5.404659,24.367893,0.40612599,0.043623,0.17386
86.2847,6602.5067,48.007767,-5.480258,24.306376,0.40642101,0.042851,0.173088
86.3019,6602.5267,48.12167,-5.250419,24.176786,0.407006,0.044397,0.172764
86.3213,6602.5467,48.201988,-5.031471,24.099987,0.40732899,0.045982,0.17285401
86.3413,6602.5667,48.304478,-4.979345,24.105337,0.40804201,0.046594,0.17297
86.3648,6602.5867,48.48592,-5.068341,24.190611,0.409547,0.046533,0.17312101
86.3811,6602.6067,48.662975,-5.313714,24.335999,0.41122901,0.045463,0.173181
86.4038,6602.6266,48.809471,-5.627488,24.509275,0.41276699,0.04391,0.17323799
86.4221,6602.6466,48.908127,-5.7961,24.691645,0.41371399,0.043438,0.17393699
86.4481,6602.6666,48.954117,-5.940856,24.87923,0.41421801,0.043075,0.174821
86.4647,6602.6866,48.975105,-6.254867,25.190876,0.414745,0.041798,0.17608599
86.4843,6602.7066,49.156876,-6.755305,25.624586,0.41676,0.039833,0.17741901
86.502,6602.7266,49.506985,-7.204146,25.949053,0.42002901,0.038226,0.17785101
86.5229,6602.7466,49.785477,-7.460676,25.893339,0.42257401,0.036589,0.17611
86.5421,6602.7666,49.914604,-7.792387,25.548967,0.42416999,0.033003,0.172043
86.564,6602.7866,50.075775,-8.325015,25.170731,0.42628899,0.027789,0.166916
86.5823,6602.8066,50.361835,-8.655622,24.807352,0.42903101,0.024434,0.16247299
86.6002,6602.8266,50.814182,-8.82195,24.474806,0.43278199,0.02278,0.158647
86.6245,6602.8466,51.494015,-8.960032,24.11722,0.438214,0.02167,0.154414
86.6411,6602.8666,52.098022,-9.096176,23.720648,0.44305399,0.020251,0.14998899
86.6608,6602.8866,52.256393,-8.952891,23.282614,0.44414699,0.019959,0.146947
86.6831,6602.9066,51.941498,-8.397498,22.823072,0.441127,0.021889,0.145969
86.7123,6602.9266,51.581123,-7.966047,22.544867,0.43788499,0.023507,0.14594001
86.7206,6602.9466,51.473312,-8.08495,22.570202,0.437208,0.02249,0.14582001
86.7469,6602.9666,51.503468,-8.459576,22.788223,0.43787399,0.020477,0.146038
86.7739,6602.9866,51.556755,-8.838041,23.048464,0.438719,0.018642,0.146533
86.7904,6603.0066,51.566429,-9.073204,23.28364,0.43905699,0.017742,0.147438
86.8092,6603.0266,51.619061,-9.200362,23.564762,0.439578,0.017936,0.149051
86.8232,6603.0466,51.780018,-9.324566,23.874781,0.44091401,0.018475,0.15074299
86.8409,6603.0665,52.005184,-9.534757,24.233212,0.44284201,0.018672,0.15237699
86.864,6603.0865,52.201336,-9.733594,24.446604,0.44455701,0.018351,0.15296701
86.8832,6603.1065,52.297447,-9.618535,24.372993,0.445142,0.01914,0.152707
86.9012,6603.1265,52.414524,-9.476629,24.274042,0.445856,0.020077,0.152328
86.9234,6603.1465,52.508823,-9.230859,24.105772,0.446273,0.021496,0.15185501
86.9409,6603.1665,52.538017,-9.090199,23.99522,0.446329,0.022204,0.151511
86.9692,6603.1865,52.560013,-9.171334,24.00316,0.446601,0.021653,0.151225
86.9861,6603.2065,52.655098,-9.367962,24.1556,0.44755101,0.020919,0.15149499
87.0041,6603.2265,52.792953,-9.545616,24.442207,0.44877601,0.020944,0.152804
87.0248,6603.2465,52.880676,-9.446342,24.738207,0.449247,0.023039,0.155338
87.0491,6603.2665,52.956951,-9.151834,24.952747,0.44937301,0.026291,0.15802801
87.0735,6603.2865,53.098885,-8.998876,25.192242,0.45017201,0.028686,0.16025899
87.0918,6603.3065,53.437634,-9.124281,25.505325,0.45281601,0.02964,0.161668
87.1034,6603.3265,53.844189,-9.34563,25.69381,0.456128,0.029521,0.16162799
87.1284,6603.3465,54.188934,-9.470745,25.740459,0.45887199,0.029457,0.16096701
87.1467,6603.3665,54.586891,-9.433296,25.842852,0.46176401,0.030968,0.161296
87.164,6603.3865,55.163822,-9.431802,26.193264,0.46595901,0.033586,0.163085
87.1832,6603.4065,56.037445,-9.592138,26.44948,0.47258699,0.035239,0.16301601
87.1994,6603.4265,56.496994,-9.882518,26.799131,0.47628501,0.035464,0.163725
87.221,6603.4465,56.52058,-10.585779,27.183229,0.47735101,0.031817,0.163653
87.2382,6603.4664,56.187092,-11.871338,27.788277,0.47659001,0.023915,0.16342799
87.2593,6603.4864,55.657082,-13.311601,28.302353,0.47466999,0.013972,0.162284
87.2807,6603.5064,55.333138,-14.256982,28.339813,0.47362301,0.006225,0.159266
87.2994,6603.5264,55.161869,-14.419556,27.970646,0.47260901,0.003068,0.15613
87.3193,6603.5464,54.963135,-13.676841,27.428175,0.470162,0.006002,0.155449
87.3434,6603.5664,54.739391,-13.007385,27.212532,0.46761599,0.00969,0.156959
87.3602,6603.5864,54.548779,-13.031474,27.391031,0.46622801,0.009804,0.158558
87.3794,6603.6064,54.426022,-13.611704,27.737732,0.466102,0.006527,0.159054
87.403,6603.6264,54.208481,-14.180882,27.97674,0.46528,0.002669,0.158962
87.4198,6603.6464,53.932919,-14.674518,28.066174,0.463934,-0.001369,0.15816399
87.4392,6603.6664,53.763233,-15.189449,28.087706,0.463393,-0.005602,0.156572
87.4629,6603.6864,53.570976,-15.554624,27.975981,0.462466,-0.009292,0.154622
87.4814,6603.7064,53.256561,-15.641302,27.601011,0.46022999,-0.012208,0.15203001
87.5037,6603.7264,52.905991,-15.425572,27.049377,0.457293,-0.013588,0.149358
87.5194,6603.7464,52.654198,-15.251858,26.498844,0.45513299,-0.015028,0.146314
87.5415,6603.7664,52.471207,-15.313363,26.084843,0.45379099,-0.017556,0.14324
87.5594,6603.7864,52.331829,-15.722645,25.726377,0.45319501,-0.02243,0.13913099
87.5793,6603.8064,52.24601,-16.174349,25.300175,0.45300099,-0.027778,0.134233
87.5977,6603.8264,52.084927,-16.364731,24.717251,0.45186701,-0.0319,0.12930401
87.6235,6603.8464,51.755493,-16.315241,23.904062,0.44911,-0.035429,0.123853
87.6415,6603.8664,51.377377,-16.201105,22.88439,0.44581801,-0.039324,0.11712
87.6634,6603.8863,50.83073,-15.889888,21.610401,0.440927,-0.042945,0.109432
87.6794,6603.9063,50.086475,-15.516816,20.2628,0.43440199,-0.046618,0.101657
87.6999,6603.9263,49.270584,-15.340327,18.879015,0.42741501,-0.051926,0.092862
87.7221,6603.9463,48.401661,-15.386807,17.438042,0.42006201,-0.059113,0.082777
87.7434,6603.9663,47.581718,-15.385904,15.963897,0.41290501,-0.06579,0.07244
87.7725,6603.9863,46.805519,-15.296487,14.503795,0.40592799,-0.071473,0.062377
87.7885,6604.0063,46.075039,-15.282097,13.08892,0.39927801,-0.077359,0.052258
87.8012,6604.0263,45.363247,-15.43251,11.71253,0.39276499,-0.084248,0.041785
87.8256,6604.0463,44.74493,-15.974645,10.432423,0.38705501,-0.093694,0.030585
87.8419,6604.0663,44.343342,-16.754259,9.238064,0.38300899,-0.104411,0.018978
87.8579,6604.0863,44.075874,-17.665024,8.011319,0.37980801,-0.11608,0.00651
87.885,6604.1063,43.85952,-18.694824,6.422333,0.37637201,-0.12978899,-0.009291
87.9044,6604.1263,43.69556,-19.511148,4.387758,0.372513,-0.14312001,-0.027994
87.925,6604.1463,43.578655,-19.91548,1.962156,0.36829901,-0.154284,-0.048519
87.9464,6604.1663,43.375748,-19.828773,-0.753959,0.36297101,-0.16237999,-0.069649
87.9575,6604.1863,43.016636,-19.290215,-3.670857,0.35627601,-0.167375,-0.090774
87.9819,6604.2063,42.66021,-18.606054,-6.622294,0.34966001,-0.171064,-0.111797
88.0049,6604.2263,42.343719,-17.959665,-9.467857,0.34351099,-0.174496,-0.13219599
88.0197,6604.2463,41.943169,-17.448977,-12.080529,0.336896,-0.178075,-0.151107
88.0393,6604.2663,41.561382,-17.201153,-14.388391,0.330531,-0.182648,-0.168409
88.0625,6604.2862,41.285225,-17.139711,-16.409437,0.325133,-0.18776999,-0.184053
88.0837,6604.3062,40.988976,-17.040634,-18.217266,0.31991699,-0.191847,-0.19787
88.1208,6604.3262,40.684849,-16.992363,-19.851223,0.31479099,-0.195719,-0.210437
88.1288,6604.3462,40.427052,-16.917253,-21.429668,0.310139,-0.19916999,-0.22251099
88.1457,6604.3662,40.155392,-16.818075,-22.940784,0.305507,-0.202143,-0.233969
88.1589,6604.3862,39.927711,-16.871597,-24.288418,0.30116799,-0.20585001,-0.244559
88.1872,6604.4062,39.783218,-17.104368,-25.493273,0.297313,-0.210628,-0.25452
88.1982,6604.4262,39.687286,-17.475698,-26.651026,0.293547,-0.216377,-0.26446101
88.2173,6604.4462,39.673359,-17.911421,-27.862682,0.290088,-0.22283,-0.274984
88.2393,6604.4662,39.655205,-18.251785,-29.197292,0.28648001,-0.22879501,-0.28616399
88.2625,6604.4862,39.514359,-18.331808,-30.667347,0.282195,-0.232829,-0.29762599
88.278,6604.5062,39.320286,-18.118731,-32.32682,0.27783301,-0.234907,-0.30976099
88.302,6604.5262,39.156654,-17.776426,-34.051632,0.27393699,-0.23613299,-0.32206699
88.3186,6604.5462,38.992294,-17.369495,-35.739971,0.270322,-0.236711,-0.333911
88.3414,6604.5662,38.805325,-17.016989,-37.361507,0.26654199,-0.237434,-0.34534201
88.3634,6604.5862,38.643581,-16.719383,-38.93581,0.26291701,-0.238456,-0.35652
88.3836,6604.6062,38.574341,-16.364614,-40.465107,0.26030999,-0.239113,-0.367208
88.4155,6604.6262,38.624371,-15.955861,-41.871952,0.25908899,-0.239364,-0.376825
88.4259,6604.6462,38.796291,-15.678961,-43.092392,0.25878599,-0.240501,-0.38530299
88.4443,6604.6662,39.107243,-15.417612,-44.118359,0.259913,-0.24171101,-0.392315
88.461,6604.6861,39.574192,-15.134741,-44.912563,0.26279801,-0.242704,-0.39749601
88.482,6604.7061,40.202579,-14.736429,-45.555096,0.267636,-0.243001,-0.40120801
88.5008,6604.7261,40.854603,-14.177196,-46.173855,0.273265,-0.24219599,-0.40428099
88.5188,6604.7461,41.530411,-13.489758,-46.835499,0.279439,-0.240704,-0.40725401
88.5407,6604.7661,42.269459,-12.768435,-47.498158,0.28621301,-0.239243,-0.41001099
88.5604,6604.7861,43.084358,-12.113858,-48.070309,0.29350299,-0.23835599,-0.412117
88.5792,6604.8061,43.93689,-11.422595,-48.48119,0.30152699,-0.236983,-0.41281399
88.6019,6604.8261,44.68401,-10.637447,-48.783997,0.309306,-0.234396,-0.41242301
88.6233,6604.8461,45.201408,-9.798451,-48.966785,0.315797,-0.230442,-0.41107601
88.6385,6604.8661,45.464703,-9.044431,-49.129307,0.32012701,-0.226285,-0.409944
88.6642,6604.8861,45.555294,-8.478278,-49.349506,0.322391,-0.223115,-0.409863
88.6822,6604.9061,45.552753,-7.92873,-49.63921,0.32377899,-0.219974,-0.41039801
88.7049,6604.9261,45.532959,-7.159222,-49.921215,0.32585299,-0.215178,-0.410263
88.7242,6604.9461,45.591007,-6.33838,-50.139015,0.328812,-0.210081,-0.40942699
88.7412,6604.9661,45.674458,-5.624672,-50.148476,0.33195201,-0.20524,-0.40735
88.763,6604.9861,45.810566,-5.02566,-49.890549,0.33552799,-0.200611,-0.40359601
88.7891,6605.0061,46.095428,-4.608582,-49.329929,0.34005201,-0.196867,-0.39799601
88.8029,6605.0261,46.488213,-4.669333,-48.462387,0.344219,-0.19597,-0.39145401
88.8218,6605.0461,46.94212,-5.308826,-47.388325,0.34725001,-0.198781,-0.38510099
88.8402,6605.0661,47.385124,-6.114552,-46.332195,0.34968999,-0.202755,-0.37943101
88.8684,6605.0861,47.660858,-6.752913,-45.528614,0.35106599,-0.205744,-0.37528101
88.8844,6605.106,47.773098,-7.030935,-45.108406,0.351749,-0.206799,-0.37297601
88.9058,6605.126,47.905865,-6.868673,-45.071648,0.35332999,-0.20588499,-0.372089
88.9218,6605.146,48.076221,-6.47833,-45.158203,0.35570699,-0.203802,-0.37135199
88.942,6605.166,48.236801,-6.178127,-45.182743,0.35782701,-0.202158,-0.370442
88.9694,6605.186,48.405167,-6.079,-45.100594,0.35953999,-0.201664,-0.36937001
88.9851,6605.206,48.583664,-6.194939,-44.961601,0.360735,-0.202581,-0.36855
89.0009,6605.226,48.684238,-6.371197,-44.868546,0.36107901,-0.20385499,-0.368332
89.0237,6605.246,48.757862,-6.427385,-44.743557,0.36166701,-0.204078,-0.367531
89.0439,6605.266,48.899677,-6.382835,-44.645901,0.36303499,-0.20384701,-0.36654499
89.0663,6605.286,49.039074,-6.172413,-44.636566,0.364757,-0.202684,-0.36567399
89.0832,6605.306,49.11237,-5.947961,-44.646366,0.365998,-0.20129301,-0.364957
89.1043,6605.326,49.198967,-5.878969,-44.630352,0.366887,-0.200987,-0.36453399
89.1233,6605.346,49.426807,-5.941405,-44.598091,0.368431,-0.20198201,-0.364272
89.1439,6605.366,49.729759,-6.115949,-44.480976,0.37032399,-0.203724,-0.36368299
89.1637,6605.386,50.038399,-6.355547,-44.304482,0.372161,-0.205751,-0.362876
89.1772,6605.406,50.269581,-6.657852,-44.097351,0.37328699,-0.20790499,-0.36213601
89.2007,6605.426,50.417294,-7.071802,-43.795319,0.373624,-0.210318,-0.36116201
89.2206,6605.446,50.506573,-7.498034,-43.441746,0.37359601,-0.212487,-0.35991499
89.2391,6605.466,50.427715,-7.807991,-43.177292,0.372531,-0.21365599,-0.35908201
89.2635,6605.486,50.084934,-7.953236,-43.082241,0.369708,-0.213487,-0.359157
89.2806,6605.5059,49.507557,-7.972169,-43.159752,0.36521,-0.21233401,-0.36026201
89.3043,6605.5259,48.791481,-8.060452,-43.396606,0.359157,-0.211803,-0.362849
89.3226,6605.5459,48.1367,-8.236991,-43.796917,0.35296601,-0.212556,-0.366835
89.3491,6605.5659,47.776005,-8.137152,-44.359642,0.34955001,-0.21256199,-0.37091199
89.3633,6605.5859,47.737812,-7.738785,-44.971195,0.34942901,-0.21142399,-0.37417501
89.3817,6605.6059,47.83392,-7.356173,-45.404648,0.35059899,-0.210243,-0.37606999
89.3997,6605.6259,47.911152,-7.37617,-45.488647,0.35095301,-0.210867,-0.376672
89.4307,6605.6459,48.07254,-7.776599,-45.248253,0.351282,-0.213493,-0.37601399
89.447,6605.6659,48.350388,-8.26252,-44.896706,0.35241601,-0.21671601,-0.374724
89.4611,6605.6859,48.562206,-8.853146,-44.638439,0.35255399,-0.220783,-0.37450001
89.4833,6605.7059,48.638882,-9.395131,-44.494408,0.351632,-0.22446799,-0.375065
89.5013,6605.7259,48.543064,-9.727566,-44.463863,0.34988901,-0.226515,-0.37593299
89.5212,6605.7459,48.384911,-9.991172,-44.40406,0.34796301,-0.227808,-0.37641701
89.5416,6605.7659,48.349037,-10.360556,-44.260719,0.34676799,-0.229945,-0.376526
89.564,6605.7859,48.400238,-10.850517,-44.083656,0.345898,-0.23308501,-0.37669501
89.5798,6605.8059,48.487938,-11.361027,-43.928612,0.34519199,-0.236532,-0.37706101
89.5999,6605.8259,48.529686,-11.736773,-43.878796,0.34437001,-0.2392,-0.377808
89.6277,6605.8459,48.437572,-11.941981,-43.918331,0.34292099,-0.240556,-0.37876099
89.6421,6605.8659,48.333893,-12.022879,-44.028503,0.34164599,-0.24119601,-0.37985399
89.658,6605.8859,48.271545,-12.084325,-44.151199,0.34071699,-0.24184,-0.38095501
89.6805,6605.9059,48.18594,-12.185906,-44.272484,0.33948201,-0.242706,-0.382177
89.7042,6605.9258,48.135899,-12.332686,-44.386585,0.338375,-0.243967,-0.383459
89.726,6605.9458,48.144035,-12.588672,-44.479481,0.33737901,-0.24610201,-0.384877
89.7433,6605.9658,48.211586,-12.772256,-44.516125,0.33718801,-0.247706,-0.385645
89.7667,6605.9858,48.362602,-12.866385,-44.443241,0.33815801,-0.24856301,-0.38532099
89.78,6606.0058,48.597088,-12.906981,-44.300041,0.340085,-0.249043,-0.38429299
89.8044,6606.0258,48.869778,-12.851834,-44.17424,0.34257999,-0.248982,-0.38308501
89.8168,6606.0458,49.171543,-12.661096,-44.117126,0.34559301,-0.248227,-0.381942
89.8376,6606.0658,49.526573,-12.155439,-44.261253,0.349612,-0.245969,-0.38123801
89.8639,6606.0858,49.817261,-11.366247,-44.643906,0.35358399,-0.242265,-0.38137001
89.8772,6606.1058,49.967331,-10.607188,-45.079651,0.35631099,-0.238593,-0.38202801
89.8987,6606.1258,49.994827,-10.015525,-45.5168,0.35758501,-0.23580299,-0.383286
89.9236,6606.1458,49.863281,-9.578474,-46.017025,0.35705501,-0.233878,-0.38560101
89.9409,6606.1658,49.595978,-9.469728,-46.594585,0.35427201,-0.23413999,-0.38960701
89.9668,6606.1858,49.394791,-9.586926,-47.195778,0.35115501,-0.236249,-0.39442101
89.9816,6606.2058,49.512535,-9.266026,-47.772469,0.35194099,-0.23607901,-0.39743501
90.0002,6606.2258,49.761478,-8.332012,-48.207222,0.35611799,-0.231526,-0.397405
90.0184,6606.2458,49.759331,-7.389561,-48.438461,0.358904,-0.225546,-0.39610901
90.0371,6606.2658,49.491783,-6.838875,-48.422939,0.35888001,-0.22076599,-0.394555
90.0614,6606.2858,49.191784,-6.610466,-48.196209,0.357905,-0.21751399,-0.392542
90.0777,6606.3058,49.045391,-6.481972,-47.916618,0.35780001,-0.215277,-0.39029601
90.1247,6606.3257,48.970753,-6.433327,-47.656651,0.357905,-0.213891,-0.38835999
90.1265,6606.3457,48.83791,-6.556476,-47.430428,0.35693499,-0.213669,-0.38725901
90.1421,6606.3657,48.722065,-6.642312,-47.220974,0.35618401,-0.213287,-0.38613999
90.1784,6606.3857,48.68412,-6.558982,-47.086975,0.35643399,-0.21215799,-0.384956
90.1799,6606.4057,48.684467,-6.357251,-46.977882,0.35731399,-0.21036699,-0.383542
90.198,6606.4257,48.684772,-6.117507,-46.823948,0.35839799,-0.20816,-0.38168401
90.2201,6606.4457,48.678734,-5.939504,-46.574093,0.35939601,-0.206075,-0.37933001
90.2392,6606.4657,48.660503,-5.966626,-46.232513,0.35978499,-0.205145,-0.376966
90.26,6606.4857,48.685211,-6.171113,-45.879539,0.359929,-0.205588,-0.37503001
90.2793,6606.5057,48.771328,-6.351852,-45.628674,0.36042601,-0.206358,-0.37369701
90.3017,6606.5257,48.831738,-6.490559,-45.460545,0.360724,-0.20700701,-0.372857
90.3192,6606.5457,48.842411,-6.62876,-45.342625,0.360567,-0.20766699,-0.372428
90.3387,6606.5657,48.865185,-6.695834,-45.248676,0.360688,-0.207922,-0.37193701
90.3658,6606.5857,48.928108,-6.818727,-45.151428,0.36093199,-0.208685,-0.37156001
90.3818,6606.6057,49.00428,-7.135124,-45.019348,0.36071199,-0.210775,-0.37152901
90.4027,6606.6257,49.06675,-7.533227,-44.936699,0.36003599,-0.21357,-0.37212601
90.4274,6606.6457,49.050255,-7.798635,-44.966396,0.35899499,-0.215535,-0.37318799
90.4436,6606.6657,48.978405,-7.961008,-45.065929,0.35774499,-0.216818,-0.37447801
90.4645,6606.6857,49.017555,-8.095146,-45.155624,0.35742599,-0.21817601,-0.37551001
90.4811,6606.7057,49.054901,-8.240795,-45.189201,0.35716099,-0.219436,-0.376174
90.5006,6606.7256,49.024338,-8.469325,-45.197109,0.356168,-0.22102199,-0.376968
90.5196,6606.7456,48.933651,-8.563625,-45.215473,0.35515001,-0.221506,-0.37746999
90.5396,6606.7656,48.718277,-8.496632,-45.383083,0.35345,-0.220937,-0.37865201
90.5594,6606.7856,48.069248,-8.348219,-45.767952,0.348387,-0.21920601,-0.381522
90.5805,6606.8056,47.238503,-8.315828,-46.31691,0.341277,-0.218233,-0.38609099
90.607,6606.8256,46.681965,-8.235295,-46.893143,0.33631799,-0.21772499,-0.39048901
90.6231,6606.8456,46.747749,-8.044971,-47.381939,0.336528,-0.21798,-0.393406
90.6473,6606.8656,47.169949,-7.865126,-47.679771,0.33970499,-0.21882699,-0.394647
90.6645,6606.8856,47.488518,-8.003407,-47.842331,0.34127,-0.22126301,-0.39593801
90.6806,6606.9056,47.602161,-8.319603,-47.873207,0.34095499,-0.223966,-0.39699799
90.7037,6606.9256,47.631207,-8.457413,-47.91478,0.34061,-0.22516499,-0.39768001
90.7216,6606.9456,47.669907,-8.505154,-48.084682,0.340395,-0.226128,-0.399005
90.7451,6606.9656,47.676231,-8.45315,-48.484501,0.33983299,-0.226962,-0.40170699
90.7654,6606.9856,47.620789,-8.227177,-48.955395,0.339288,-0.22657301,-0.40445399
90.793,6607.0056,47.525257,-7.94284,-49.387119,0.338741,-0.22552501,-0.40678599
90.8094,6607.0256,47.467388,-7.721249,-49.753559,0.33838499,-0.22484601,-0.408802
90.8201,6607.0456,47.505699,-7.615625,-50.005726,0.338548,-0.224958,-0.41024899
90.8405,6607.0656,47.626717,-7.701639,-50.100506,0.33893901,-0.22623301,-0.411057
90.8618,6607.0856,47.771923,-7.933549,-50.082958,0.33920401,-0.22828899,-0.41147399
90.8818,6607.1056,47.888588,-8.208273,-50.057178,0.339122,-0.23053101,-0.411989
90.8998,6607.1256,47.94537,-8.390996,-50.076344,0.33884099,-0.232062,-0.41260999
90.9204,6607.1455,47.952557,-8.424817,-50.161049,0.33860001,-0.232575,-0.413304
90.9416,6607.1655,47.974045,-8.464326,-50.301971,0.338328,-0.233339,-0.414399
90.9687,6607.1855,48.164154,-8.578894,-50.38913,0.33912399,-0.23500501,-0.41517001
90.9842,6607.2055,48.480808,-8.790544,-50.406616,0.34063199,-0.237546,-0.41561401
91.0047,6607.2255,48.869373,-9.026122,-50.266113,0.34290501,-0.24000099,-0.41495001
91.0205,6607.2455,49.301373,-9.221731,-50.023624,0.34585699,-0.24198601,-0.41341501
91.0356,6607.2655,49.733276,-9.350847,-49.74947,0.34911999,-0.243386,-0.41146499
91.0605,6607.2855,50.127441,-9.494119,-49.521507,0.35196301,-0.244892,-0.409926
91.0766,6607.3055,50.488918,-9.700116,-49.389652,0.354141,-0.24702001,-0.409293
91.1237,6607.3255,50.908848,-9.826353,-49.364727,0.35679799,-0.249084,-0.40911299
91.1246,6607.3455,51.231407,-9.520254,-49.561127,0.359806,-0.248523,-0.40921801
91.1426,6607.3655,51.348671,-9.07655,-49.898247,0.36151299,-0.246839,-0.41005901
91.1601,6607.3855,51.238655,-8.47077,-50.4272,0.36175799,-0.24394201,-0.41195601
91.1792,6607.4055,50.985657,-7.889158,-51.107368,0.36059299,-0.241236,-0.415149
91.1976,6607.4255,50.687653,-7.503159,-51.889122,0.35821399,-0.240045,-0.419732
91.2176,6607.4455,50.387318,-7.205718,-52.766197,0.35532001,-0.23972601,-0.42526901
91.2387,6607.4655,50.223274,-6.64048,-53.683163,0.35434499,-0.23809101,-0.43009299
91.2611,6607.4855,50.301991,-5.695969,-54.440083,0.35690001,-0.234157,-0.43230999
91.2806,6607.5055,50.428234,-4.693669,-54.901787,0.36064199,-0.229094,-0.432197
91.2988,6607.5255,50.373623,-3.957263,-55.119129,0.36260101,-0.224481,-0.43145901
91.3181,6607.5454,50.118015,-3.567561,-55.125473,0.36225101,-0.220889,-0.43065
91.3392,6607.5654,49.877022,-3.246871,-55.007423,0.36197799,-0.217426,-0.42917499
91.3633,6607.5854,49.688606,-2.99968,-54.875839,0.361819,-0.214616,-0.42776
91.3833,6607.6054,49.441292,-3.165231,-54.805191,0.35958299,-0.214669,-0.428157
91.4034,6607.6254,49.197559,-3.685238,-54.765179,0.355984,-0.21731301,-0.429858
91.425,6607.6454,49.121071,-4.005056,-54.816891,0.354141,-0.219437,-0.43132001
91.4447,6607.6655,49.142082,-3.885218,-54.9519,0.35448301,-0.219092,-0.431862
91.4657,6607.6855,49.073456,-3.29028,-55.094189,0.35596699,-0.215133,-0.43111101
91.4891,6607.7055,48.99361,-2.678057,-55.2607,0.35739401,-0.21108501,-0.430489
91.5021,6607.7255,48.981716,-2.32322,-55.425976,0.35834,-0.209076,-0.43055499
91.522,6607.7456,49.024052,-2.26595,-55.563625,0.358603,-0.20926,-0.43127301
91.5446,6607.7656,49.068901,-2.276999,-55.672813,0.35867801,-0.209842,-0.43200099
91.5635,6607.7856,49.121414,-2.224764,-55.814922,0.35898501,-0.210114,-0.43274799
91.5857,6607.8057,49.207249,-2.179888,-55.942383,0.359525,-0.21051399,-0.43336201
91.6005,6607.8257,49.341724,-2.183318,-56.111828,0.36014599,-0.21156301,-0.434342
91.6241,6607.8457,49.449196,-2.265825,-56.269852,0.360295,-0.213028,-0.43553099
91.65,6607.8657,49.481255,-2.574589,-56.389751,0.35912001,-0.21566799,-0.43728301
91.6672,6607.8858,49.480045,-2.922819,-56.829746,0.35694101,-0.21945301,-0.44142401
91.6898,6607.9058,49.613369,-3.103989,-57.52758,0.35582399,-0.223369,-0.44659999
91.7013,6607.9258,49.885715,-3.614338,-57.986259,0.354821,-0.22931699,-0.45091
91.7223,6607.9459,50.058571,-4.219409,-57.97625,0.35366201,-0.23407599,-0.45244399
91.7392,6607.9659,49.959007,-4.454057,-57.725811,0.35255301,-0.234543,-0.451603
91.7648,6607.9859,49.743958,-4.634895,-57.414204,0.35097301,-0.234036,-0.450342
91.783,6608.0059,49.483082,-4.80163,-57.279587,0.34876201,-0.233814,-0.45030901
91.7992,6608.026,48.984501,-4.952199,-57.487995,0.34424001,-0.233651,-0.45291999
91.8216,6608.046,48.365738,-5.048694,-57.823521,0.33882099,-0.23303001,-0.45640099
91.8392,6608.066,47.844769,-5.063744,-58.068897,0.33459499,-0.23191699,-0.45887199
91.8627,6608.0861,47.703644,-5.140157,-58.1245,0.33318201,-0.232079,-0.459676
91.8774,6608.1061,48.037617,-5.149534,-58.14772,0.33544901,-0.233458,-0.45939401
91.9042,6608.1261,48.527302,-5.070266,-58.254601,0.33899,-0.235054,-0.459198
91.9265,6608.1461,48.859062,-5.155707,-58.387264,0.34070101,-0.237271,-0.459883
91.9381,6608.1662,48.945843,-5.370961,-58.554817,0.34009501,-0.239566,-0.46154401
91.9634,6608.1862,48.923336,-5.579874,-58.703648,0.33878201,-0.24135,-0.46321201
91.9842,6608.2062,48.891491,-5.788656,-58.836452,0.33743301,-0.243048,-0.46478
91.9984,6608.2263,48.83046,-6.002109,-58.905449,0.33599201,-0.244478,-0.46596399
92.0252,6608.2463,48.768852,-6.172878,-58.922573,0.334829,-0.245462,-0.466667
92.0428,6608.2663,48.774948,-6.234263,-58.942879,0.33457801,-0.24596199,-0.46697599
92.0598,6608.2863,48.850189,-6.215535,-58.922585,0.33522499,-0.24605601,-0.46667799
92.0853,6608.3063,48.95623,-6.367289,-58.82737,0.33555499,-0.247206,-0.466326
92.1034,6608.3263,49.0243,-6.787273,-58.561802,0.33489999,-0.249541,-0.465653
92.1212,6608.3463,49.100563,-7.249665,-58.22406,0.33429801,-0.25198299,-0.46460101
92.14,6608.3663,49.146881,-7.609074,-57.959972,0.33375099,-0.25382999,-0.46379
92.1618,6608.3862,49.163059,-7.918236,-57.749065,0.333083,-0.25538,-0.46323201
92.1858,6608.4062,49.270767,-8.288465,-57.598377,0.33268401,-0.25784999,-0.463146
92.2001,6608.4262,49.547447,-8.661012,-57.512878,0.333325,-0.261123,-0.463305
92.2185,6608.4462,49.897427,-8.88976,-57.526482,0.334838,-0.26395801,-0.46363401
92.2385,6608.4662,50.177219,-8.886106,-57.523472,0.33683199,-0.264916,-0.463258
92.2613,6608.4862,50.3992,-8.722871,-57.473434,0.33917001,-0.264449,-0.462161
92.2782,6608.5062,50.707062,-8.547583,-57.377556,0.34226301,-0.26406601,-0.46060199
92.3012,6608.5262,51.078701,-8.519276,-57.207241,0.345382,-0.26467201,-0.45888999
92.3241,6608.5462,51.436432,-8.60225,-56.971004,0.348111,-0.265771,-0.457086
92.3402,6608.5662,51.743633,-8.474884,-56.809155,0.35115099,-0.26548699,-0.455208
92.3602,6608.5862,51.92622,-7.881063,-56.801109,0.35480401,-0.262086,-0.45308399
92.3822,6608.6062,51.912045,-7.189005,-56.804539,0.357427,-0.257364,-0.45097601
92.4005,6608.6262,51.83287,-6.844104,-56.635952,0.358603,-0.25422001,-0.448865
92.4219,6608.6462,51.742107,-6.912873,-56.326973,0.35838199,-0.25340199,-0.447106
92.4416,6608.6662,51.584999,-7.402211,-55.907921,0.3563,-0.254879,-0.44599199
92.4572,6608.6862,51.387306,-7.929202,-55.547806,0.35365999,-0.256675,-0.44542801
92.4775,6608.7062,51.229435,-7.982758,-55.335407,0.35281101,-0.25584599,-0.44434401
92.5081,6608.7262,51.110966,-7.569534,-55.250652,0.35376,-0.252354,-0.44264099
92.5195,6608.7462,51.019997,-7.041271,-55.071262,0.355542,-0.247866,-0.43989399
92.5397,6608.7662,50.9884,-6.661409,-54.734905,0.35749301,-0.244101,-0.43644199
92.5624,6608.7861,50.946266,-6.506514,-54.270782,0.35876501,-0.241439,-0.432814
92.5923,6608.8061,50.838375,-6.552298,-53.749744,0.35892001,-0.239759,-0.42949599
92.6069,6608.8261,50.770126,-6.921102,-53.128567,0.35835701,-0.240143,-0.42643201
92.6227,6608.8461,50.782257,-7.676991,-52.393936,0.357189,-0.243137,-0.423677
92.6405,6608.8661,50.817951,-8.508402,-51.69873,0.35586599,-0.246867,-0.42139101
92.6616,6608.8861,50.836304,-9.135692,-51.164379,0.35485399,-0.249631,-0.41960001
92.6858,6608.9061,50.866581,-9.378962,-50.881214,0.354801,-0.250541,-0.41835099
92.7087,6608.9261,50.807652,-9.165017,-50.888092,0.35514101,-0.24889,-0.417797
92.7223,6608.9461,50.654301,-8.767729,-51.003029,0.35523301,-0.245998,-0.41752699
92.7475,6608.9661,50.684101,-8.396297,-51.19141,0.356399,-0.244086,-0.417656
92.7603,6608.9861,50.825592,-8.232646,-51.350365,0.35767701,-0.24388701,-0.41809899
92.7856,6609.0061,50.872055,-8.293533,-51.471008,0.35753199,-0.244835,-0.41907799
92.8059,6609.0261,50.815845,-8.294552,-51.597191,0.35685399,-0.245057,-0.42002201
92.8211,6609.0461,50.790607,-8.215799,-51.675819,0.35679299,-0.244673,-0.42035201
92.848,6609.0661,50.892902,-8.210661,-51.681767,0.357535,-0.244982,-0.42026299
92.8605,6609.0861,51.087036,-8.399626,-51.65403,0.35829699,-0.24682599,-0.420443
92.8806,6609.1061,51.213821,-8.627434,-51.687653,0.35829899,-0.248915,-0.42124799
92.9007,6609.1261,51.211414,-8.683617,-51.795181,0.35784101,-0.249633,-0.42217201
92.9225,6609.1461,51.124508,-8.63926,-51.945473,0.35705301,-0.24951801,-0.423172
92.9451,6609.1661,51.09137,-8.782556,-51.977703,0.356215,-0.25050601,-0.42387801
92.9683,6609.1861,51.219536,-9.193802,-51.908722,0.35576501,-0.253546,-0.42453799
92.9856,6609.206,51.379513,-9.670423,-51.796494,0.355398,-0.256998,-0.425071
92.9985,6609.226,51.797905,-9.990963,-51.809212,0.35718501,-0.260557,-0.425717
93.018,6609.246,52.174446,-10.381832,-51.836433,0.35837099,-0.26450199,-0.426734
93.0383,6609.266,52.436028,-10.732199,-51.861393,0.35888201,-0.26779199,-0.427733
93.0575,6609.286,52.471401,-11.23313,-51.96505,0.35701701,-0.27165401,-0.42997199
93.079,6609.306,52.34433,-11.900931,-52.088905,0.353295,-0.276209,-0.433011
93.1023,6609.326,52.349529,-12.589047,-52.336861,0.350117,-0.28167301,-0.43680701
93.1177,6609.346,52.246208,-13.271014,-52.741699,0.34575701,-0.28721601,-0.441719
93.1391,6609.366,51.73645,-13.250834,-53.660954,0.33987501,-0.288252,-0.44833499
93.1615,6609.386,51.193581,-12.763811,-54.931683,0.334728,-0.28697601,-0.45598701
93.1789,6609.406,51.062214,-12.341239,-56.252956,0.33217701,-0.287545,-0.463779
93.2009,6609.426,51.160252,-12.080405,-57.356998,0.331155,-0.289325,-0.470314
93.2216,6609.446,51.145386,-12.007564,-58.288303,0.328991,-0.291471,-0.47632399
93.2387,6609.466,50.937244,-11.998295,-59.157749,0.325351,-0.29316401,-0.482297
93.2593,6609.486,50.692818,-12.083778,-59.999596,0.32111701,-0.29523501,-0.48837799
93.2823,6609.506,50.501572,-12.251529,-60.749393,0.317123,-0.29773799,-0.493999
93.2974,6609.526,50.374065,-12.577816,-61.378883,0.31317601,-0.301144,-0.49916899
93.3181,6609.546,50.221054,-13.223325,-61.891384,0.30792701,-0.30618599,-0.50443602
93.3412,6609.566,49.831871,-14.064003,-62.402916,0.30012,-0.31157601,-0.510414
93.3613,6609.586,49.286396,-14.897892,-63.048923,0.29081801,-0.31662199,-0.51731002
93.3787,6609.6059,48.701447,-15.625132,-63.932323,0.28098699,-0.32132599,-0.52539301
93.4009,6609.6259,48.100201,-16.230581,-64.962013,0.27111399,-0.325409,-0.53402102
93.4188,6609.6459,47.448418,-16.935282,-66.145752,0.25990701,-0.330129,-0.54378903
93.442,6609.6659,46.709095,-17.620882,-67.506165,0.24758101,-0.334573,-0.55455798
93.4597,6609.6859,45.957394,-18.294622,-69.027573,0.234658,-0.33898199,-0.566149
93.4818,6609.7059,45.176899,-18.922663,-70.645729,0.22138201,-0.342897,-0.57808501
93.4983,6609.7259,44.35268,-19.546009,-72.24192,0.20781501,-0.34625301,-0.589719
93.5209,6609.7459,43.575855,-20.353537,-73.804062,0.19363099,-0.35056001,-0.60122597
93.5386,6609.7659,42.910496,-21.256063,-75.430496,0.17938,-0.35570699,-0.61294502
93.5597,6609.7859,42.290878,-22.100231,-77.138611,0.165363,-0.360502,-0.62475997
93.5808,6609.8059,41.687569,-22.921726,-78.961823,0.15109099,-0.36505401,-0.636931
93.607,6609.8259,41.112171,-23.7358,-80.859688,0.136683,-0.36942101,-0.649212
93.6274,6609.8459,40.668915,-24.445044,-82.7957,0.123488,-0.373501,-0.66120398
93.6439,6609.8659,40.318336,-24.91876,-84.831337,0.11183,-0.37650201,-0.67316401
93.6624,6609.8859,39.981598,-25.236443,-87.032204,0.100574,-0.37858501,-0.685601
93.6795,6609.9059,39.666393,-25.474485,-89.342278,0.089533,-0.38015401,-0.698259
93.703,6609.9259,39.481991,-25.62923,-91.748444,0.079457,-0.38176399,-0.710958
93.7181,6609.9459,39.42802,-25.661362,-94.152176,0.070909,-0.383214,-0.72314298
93.7409,6609.9659,39.615139,-25.508368,-96.489815,0.065147,-0.38487601,-0.73436397
93.7621,6609.9859,39.907047,-25.072952,-98.810928,0.061835,-0.38571399,-0.74493301
93.7833,6610.0059,40.071262,-24.417826,-101.185349,0.059067,-0.38485399,-0.75546902
93.8,6610.0258,40.241055,-23.721399,-103.553352,0.056682,-0.38388401,-0.76565701
93.825,6610.0458,40.613556,-22.99823,-105.80674,0.055998,-0.38402399,-0.77476001
93.8433,6610.0658,41.147308,-22.210163,-107.940102,0.057002,-0.38493699,-0.782767
93.8653,6610.0858,41.726692,-21.388775,-110.027328,0.05859,-0.38613999,-0.79016697
93.8847,6610.1058,42.266384,-20.551271,-112.107826,0.060071,-0.38720399,-0.79727399
93.8987,6610.1258,42.695515,-19.713556,-114.163063,0.061067,-0.38771799,-0.80417299
93.9193,6610.1458,43.077549,-18.871521,-116.206528,0.061896,-0.38805401,-0.81083298
93.9409,6610.1658,43.517292,-17.901293,-118.286644,0.063767,-0.388464,-0.81716299
93.9661,6610.1858,43.959808,-16.745043,-120.399498,0.066857,-0.38843101,-0.82319802
93.986,6610.2058,44.298401,-15.522995,-122.595848,0.069692,-0.38773799,-0.82941097
94.0035,6610.2258,44.50407,-14.354334,-124.705444,0.071911,-0.386473,-0.83538097
94.0234,6610.2458,44.613159,-13.371284,-126.607994,0.073133,-0.38518599,-0.84077698
94.0479,6610.2658,44.804688,-12.623882,-128.254547,0.073841,-0.385185,-0.845101
94.0823,6610.2858,45.080303,-11.847164,-129.66655,0.075872,-0.385625,-0.84829599
94.0874,6610.3058,45.328568,-11.17458,-130.850296,0.077785,-0.386127,-0.85080701
94.1244,6610.3258,45.470184,-10.736407,-131.879791,0.078081,-0.38652501,-0.85321701
94.1275,6610.3458,45.562046,-10.403642,-132.785263,0.07783,-0.38681999,-0.85540998
94.1378,6610.3658,45.666195,-10.182852,-133.571548,0.077184,-0.38746399,-0.857252
94.1612,6610.3858,45.783348,-9.91855,-134.277664,0.077173,-0.388033,-0.85876298
94.1869,6610.4058,45.871025,-9.52315,-134.976334,0.078067,-0.388028,-0.86021698
94.2003,6610.4259,45.875362,-8.986218,-135.813248,0.079286,-0.38713801,-0.86216801
94.2185,6610.4459,45.822906,-8.434287,-136.752487,0.080107,-0.385892,-0.86451399
94.2429,6610.4659,45.807148,-7.929366,-137.733154,0.080573,-0.38510099,-0.86685199
94.2619,6610.4859,45.819229,-7.502095,-138.572418,0.081027,-0.38464999,-0.86873901
94.2784,6610.506,45.854103,-7.188395,-139.248596,0.081243,-0.38456899,-0.87017798
94.3024,6610.526,45.949837,-6.927301,-139.837692,0.081533,-0.385028,-0.87122202
94.3194,6610.546,46.106388,-6.730194,-140.426804,0.081508,-0.38611501,-0.87210399
94.3417,6610.5661,46.297001,-6.543167,-141.035904,0.081425,-0.38750499,-0.87291402
94.3647,6610.5861,46.518383,-6.398812,-141.630844,0.081136,-0.38923001,-0.873595
94.4073,6610.6061,46.796196,-6.197742,-142.193008,0.08153,-0.391224,-0.87395298
94.4139,6610.6261,47.025322,-5.960004,-142.769409,0.082001,-0.392786,-0.87444401
94.4255,6610.6462,47.185371,-5.756782,-143.382706,0.081879,-0.393949,-0.875238
94.439,6610.6662,47.361359,-5.619264,-144.009201,0.081239,-0.395401,-0.87603301
94.4605,6610.6862,47.597286,-5.513272,-144.631775,0.080511,-0.397378,-0.87661898
94.4847,6610.7063,47.850258,-5.323334,-145.214371,0.080587,-0.39927199,-0.87696999
94.5071,6610.7263,48.046719,-5.141025,-145.710724,0.080745,-0.40070301,-0.87729597
94.5228,6610.7463,48.245575,-4.994351,-146.108917,0.080967,-0.40216801,-0.877406
94.5428,6610.7663,48.49445,-4.916952,-146.468277,0.080906,-0.404138,-0.87730098
94.5637,6610.7864,48.765461,-4.961969,-146.72937,0.080297,-0.406468,-0.87698501
94.5838,6610.8064,49.016296,-5.124549,-146.899887,0.079053,-0.40882701,-0.876616
94.6053,6610.8265,49.232529,-5.292025,-147.092255,0.077605,-0.410943,-0.87640399
94.6242,6610.8465,49.449322,-5.509501,-147.27597,0.075802,-0.41315401,-0.87619603
94.6452,6610.8666,49.697369,-5.798939,-147.440216,0.07359,-0.41572499,-0.87588
94.6834,6610.8866,49.88744,-5.982315,-147.583008,0.072124,-0.41762099,-0.87563801
94.6901,6610.9067,49.989597,-6.012788,-147.666092,0.071832,-0.418504,-0.875476
94.7073,6610.9268,50.049965,-6.049866,-147.708679,0.071537,-0.41905999,-0.87537801
94.7242,6610.9468,50.019756,-6.084759,-147.759399,0.071013,-0.41893399,-0.87560499
94.7432,6610.9669,49.901482,-6.124367,-147.79985,0.070281,-0.418147,-0.87611502
94.7629,6610.9869,49.66272,-6.024898,-147.908539,0.070079,-0.41621399,-0.87708497
94.785,6611.0069,49.247482,-5.71874,-148.114044,0.070701,-0.41258901,-0.87871701
94.802,6611.027,48.729248,-5.184886,-148.402451,0.072557,-0.40777001,-0.88070899
94.8348,6611.047,48.301113,-4.506387,-148.734299,0.075618,-0.403364,-0.88237399
94.8454,6611.067,48.073071,-3.926799,-149.069809,0.078391,-0.40068501,-0.88342202
94.8599,6611.0871,48.095741,-3.625667,-149.430679,0.079502,-0.40050501,-0.88385999
94.8828,6611.1071,48.386028,-3.526065,-149.71106,0.079925,-0.402724,-0.883367
94.9041,6611.1271,48.78371,-3.477312,-149.845947,0.080691,-0.40576401,-0.882245
94.9245,6611.1471,49.012535,-3.444703,-149.841934,0.081453,-0.40744501,-0.88143098
94.9475,6611.1672,49.029427,-3.449225,-149.840469,0.08146,-0.40758201,-0.88137299
94.9631,6611.1872,48.965164,-3.383952,-149.954453,0.081418,-0.40704399,-0.88177103
94.9798,6611.2072,48.872169,-3.341843,-150.161469,0.080807,-0.406398,-0.88246298
95.003,6611.2273,48.765961,-3.462946,-150.370117,0.078907,-0.405965,-0.88331503
95.0336,6611.2473,48.704506,-3.729788,-150.527283,0.076161,-0.406113,-0.88400602
95.0455,6611.2673,48.684471,-4.051475,-150.601486,0.073373,-0.40661901,-0.884426
95.0711,6611.2873,48.642857,-4.308343,-150.645142,0.071146,-0.406813,-0.884812
95.0844,6611.3074,48.617889,-4.496927,-150.624588,0.069709,-0.406964,-0.884974
95.1057,6611.3274,48.689621,-4.77164,-150.589783,0.067866,-0.408007,-0.88483
95.1241,6611.3475,48.81152,-5.122921,-150.607681,0.065354,-0.40960401,-0.88465399
95.1454,6611.3675,48.846111,-5.510122,-150.682724,0.062171,-0.41062599,-0.88489097
95.1616,6611.3876,48.733837,-5.861023,-150.824677,0.058707,-0.41048601,-0.88571602
95.1829,6611.4076,48.509422,-6.133994,-151.029694,0.055374,-0.40936801,-0.88697898
95.2047,6611.4277,48.31374,-6.318076,-151.27774,0.052639,-0.40831801,-0.88816601
95.2221,6611.4477,48.243954,-6.432811,-151.513245,0.05076,-0.40809301,-0.88886899
95.241,6611.4677,48.276817,-6.548731,-151.695969,0.04928,-0.40862799,-0.88913
95.264,6611.4878,48.397476,-6.691005,-151.788788,0.048103,-0.409839,-0.88894802
95.2926,6611.5078,48.589584,-6.769363,-151.902237,0.047499,-0.41149199,-0.88853198
95.3064,6611.5278,48.771748,-6.701263,-152.088287,0.047745,-0.412846,-0.88820899
95.3317,6611.5478,49.003681,-6.511143,-152.394516,0.048601,-0.414426,-0.88786298
95.3433,6611.5679,49.36694,-6.254374,-152.758209,0.050024,-0.41692901,-0.88712299
95.3645,6611.5879,49.788807,-5.986286,-153.06218,0.05185,-0.419844,-0.88605201
95.386,6611.608,50.168865,-5.681594,-153.338638,0.053954,-0.422373,-0.88504201
95.4045,6611.6281,50.430946,-5.326329,-153.710449,0.055843,-0.42397299,-0.88455701
95.4244,6611.6481,50.616016,-4.914994,-154.229782,0.057453,-0.424981,-0.88453501
95.4467,6611.6682,50.799068,-4.534764,-154.806259,0.058593,-0.42607,-0.88460398
95.4788,6611.6882,50.897915,-4.388395,-155.298645,0.058073,-0.42684901,-0.88494301
95.4913,6611.7083,50.949272,-4.400107,-155.68454,0.056637,-0.42745399,-0.88535398
95.5145,6611.7284,51.032761,-4.165004,-156.085464,0.057106,-0.427939,-0.88554001
95.5291,6611.7484,51.138725,-3.595941,-156.537079,0.060001,-0.42813501,-0.88553798
95.5436,6611.7685,51.196793,-2.85736,-156.908157,0.064421,-0.42768699,-0.88547599
95.5655,6611.7886,51.205086,-2.217911,-157.106735,0.068635,-0.426916,-0.885369
95.5836,6611.8086,51.207031,-1.659051,-157.103867,0.072966,-0.42609099,-0.88501298
95.6006,6611.8287,51.14555,-1.313115,-156.864655,0.076426,-0.42493501,-0.88464898
95.6279,6611.8487,51.014717,-1.293212,-156.377777,0.078168,-0.42356801,-0.884359
95.6502,6611.8688,50.870697,-1.589881,-155.732483,0.078019,-0.42249101,-0.88406199
95.6694,6611.8889,50.74078,-2.137865,-155.131638,0.07578,-0.42197499,-0.88393003
95.6859,6611.9089,50.647945,-2.634911,-154.689987,0.073406,-0.42178801,-0.88386601
95.7083,6611.929,50.590004,-2.867601,-154.385468,0.072626,-0.421534,-0.88371903
95.7223,6611.949,50.545853,-2.816177,-154.25087,0.073436,-0.42102399,-0.88362098
95.744,6611.969,50.44297,-2.640237,-154.258575,0.074575,-0.419945,-0.88388997
95.7626,6611.9891,50.329899,-2.504373,-154.298004,0.075271,-0.41887501,-0.88427198
95.7819,6612.0091,50.296543,-2.419093,-154.30455,0.075844,-0.41848001,-0.88434601
95.8088,6612.0291,50.311176,-2.419783,-154.218704,0.076179,-0.41853699,-0.88414901
95.8282,6612.0492,50.322285,-2.535172,-154.160461,0.075522,-0.418778,-0.88408798
95.8432,6612.0692,50.319374,-2.596308,-154.215698,0.074843,-0.41889501,-0.88423097
95.8656,6612.0892,50.346825,-2.660186,-154.294647,0.074112,-0.41926399,-0.88430703
95.8814,6612.1092,50.442055,-2.816207,-154.386124,0.072748,-0.42031401,-0.88421798
95.9026,6612.1293,50.536362,-3.070097,-154.465744,0.07067,-0.421507,-0.88417101
95.9283,6612.1493,50.723202,-3.321095,-154.443405,0.069161,-0.423338,-0.88361698
95.9421,6612.1693,50.991554,-3.497785,-154.410843,0.068417,-0.42566201,-0.88270402
95.963,6612.1894,51.209335,-3.688488,-154.391556,0.067425,-0.427627,-0.881998
95.9852,6612.2094,51.438282,-4.045094,-154.480728,0.064774,-0.43000299,-0.88151801
96.0045,6612.2294,51.606815,-4.468839,-154.662552,0.061145,-0.43206301,-0.881428
96.0322,6612.2494,51.721752,-4.780695,-154.820007,0.058366,-0.43351001,-0.881419
96.0489,6612.2695,51.756248,-4.942723,-154.938614,0.056735,-0.43408301,-0.88155901
96.0705,6612.2895,51.668365,-5.059062,-155.012329,0.055397,-0.43362799,-0.88204902
96.0854,6612.3095,51.391193,-5.16021,-155.157364,0.053555,-0.43173701,-0.88332301
96.1067,6612.3295,50.917824,-5.224083,-155.567642,0.050649,-0.42840099,-0.88567603
96.1229,6612.3496,50.343212,-5.012132,-156.390137,0.048195,-0.42403299,-0.88885301
96.1444,6612.3696,49.833687,-4.311258,-157.438095,0.048903,-0.41954401,-0.891868
96.1828,6612.3896,49.412849,-3.406862,-158.607437,0.051006,-0.41553801,-0.89458698
96.1876,6612.4097,49.011234,-3.072018,-159.693665,0.049083,-0.41244,-0.89730901
96.2018,6612.4297,48.818565,-3.293941,-160.553986,0.043967,-0.41156799,-0.89917099
96.2266,6612.4497,48.959671,-3.341733,-161.22229,0.041388,-0.41297799,-0.89950299
96.243,6612.4697,49.217655,-2.799194,-161.617401,0.044574,-0.41449901,-0.89885497
96.2623,6612.4898,49.282665,-2.200546,-161.910812,0.048295,-0.41442099,-0.89872599
96.2859,6612.5098,49.305355,-1.866187,-162.264252,0.049669,-0.41435799,-0.89891601
96.3031,6612.5298,49.351524,-1.933037,-162.616379,0.047929,-0.41494599,-0.899185
96.3253,6612.5499,49.312592,-2.288277,-162.881607,0.044131,-0.41514701,-0.899764
96.3442,6612.5699,49.225311,-2.392586,-163.043121,0.042618,-0.414639,-0.90029401
96.3694,6612.5899,49.218239,-2.262787,-163.157562,0.043215,-0.41448501,-0.90039498
96.384,6612.6099,49.32386,-2.167366,-163.304565,0.043562,-0.41526401,-0.90014201
96.405,6612.63,49.503365,-2.293272,-163.440216,0.042299,-0.416857,-0.89968997
96.4238,6612.65,49.683254,-2.557811,-163.530457,0.040112,-0.418578,-0.899234
96.4438,6612.67,49.799118,-2.770113,-163.630264,0.038222,-0.41973999,-0.89899403
96.4725,6612.6901,49.844616,-2.795661,-163.716385,0.037761,-0.420151,-0.89892697
96.4953,6612.7101,49.903507,-2.621679,-163.823959,0.038802,-0.420468,-0.89876699
96.5142,6612.7301,49.994518,-2.508371,-163.963089,0.039288,-0.42111099,-0.89854097
96.5358,6612.7501,50.233807,-2.713933,-163.993866,0.037847,-0.42320001,-0.89777303
96.5542,6612.7702,50.588955,-3.158164,-163.925217,0.035048,-0.426397,-0.89654797
96.5679,6612.7902,50.929417,-3.586909,-163.823517,0.032489,-0.42944601,-0.89532298
96.5889,6612.8102,51.231445,-3.74596,-163.806412,0.031682,-0.43194601,-0.894238
96.6028,6612.8302,51.572102,-3.741794,-163.892441,0.031807,-0.43461099,-0.89305699
96.622,6612.8502,51.989025,-3.808102,-163.935577,0.031636,-0.43791899,-0.89156097
96.6435,6612.8701,52.40242,-4.123253,-163.943573,0.029662,-0.441423,-0.89009798
96.6659,6612.8901,52.678139,-4.668038,-164.010956,0.025513,-0.44408199,-0.88925099
96.682,6612.9101,52.63689,-4.863518,-164.218582,0.02314,-0.443988,-0.88963902
96.7063,6612.9301,52.672886,-4.667246,-164.385513,0.024061,-0.44412199,-0.88961399
96.7273,6612.9501,52.723957,-4.371062,-164.441208,0.026206,-0.44426,-0.88940501
96.7505,6612.9701,52.764442,-4.518098,-164.37854,0.025357,-0.44469199,-0.88922799
96.7805,6612.9901,52.73233,-4.790565,-164.364456,0.023258,-0.44468799,-0.889395
96.7923,6613.0101,52.533211,-4.770073,-164.481461,0.022721,-0.443156,-0.89024901
96.813,6613.0301,52.071983,-4.512116,-164.773132,0.02305,-0.43941599,-0.89219499
96.8249,6613.0501,51.550785,-4.299303,-165.097626,0.022859,-0.43525001,-0.89438701
96.8481,6613.0701,51.247429,-4.143138,-165.373413,0.022686,-0.43281001,-0.89572299
96.8688,6613.0902,51.220329,-3.908683,-165.519424,0.023937,-0.43242601,-0.89590198
96.887,6613.1102,51.263897,-3.714752,-165.533951,0.025447,-0.43259999,-0.89571202
96.9028,6613.1302,51.247128,-3.766058,-165.47702,0.025242,-0.432502,-0.89573503
96.9259,6613.1502,51.151505,-4.084891,-165.219437,0.023613,-0.431981,-0.89593297
96.9476,6613.1703,50.902245,-4.425341,-164.787186,0.022286,-0.43025699,-0.89653498
96.9682,6613.1903,50.593788,-4.597717,-164.426987,0.021915,-0.42794201,-0.89736998
96.9829,6613.2103,50.29435,-4.85422,-164.190872,0.020417,-0.42580199,-0.89828801
97.0129,6613.2304,50.006622,-5.404167,-164.046478,0.016278,-0.424045,-0.89928102
97.0288,6613.2504,49.781876,-5.877425,-164.013,0.012399,-0.42272201,-0.90011603
97.0448,6613.2704,49.598476,-5.857553,-164.062561,0.012137,-0.421278,-0.90081298
97.0708,6613.2904,49.353542,-5.332244,-164.133774,0.015696,-0.41889,-0.90168601
97.0865,6613.3105,49.04607,-4.745317,-164.202652,0.019682,-0.41594499,-0.90275103
97.1171,6613.3305,48.841572,-4.431581,-164.264709,0.021678,-0.414056,-0.903476
97.1295,6613.3505,48.772572,-4.520777,-164.308212,0.020733,-0.413607,-0.903777
97.1428,6613.3706,48.749958,-4.710624,-164.311447,0.019196,-0.413609,-0.90389198
97.1647,6613.3906,48.745884,-4.660841,-164.309433,0.019591,-0.41352999,-0.90389597
97.1857,6613.4106,48.728184,-4.408361,-164.283066,0.021656,-0.41314799,-0.90388799
97.2035,6613.4306,48.676743,-4.249081,-164.222427,0.023068,-0.41258001,-0.90398097
97.2236,6613.4507,48.680332,-4.293524,-164.138794,0.023023,-0.41263399,-0.90389699
97.2471,6613.4707,48.809681,-4.461292,-164.075775,0.022087,-0.413798,-0.90341401
97.2655,6613.4907,48.952957,-4.591126,-164.081131,0.021222,-0.41504699,-0.90293801
97.2927,6613.5108,49.030617,-4.568233,-164.145294,0.021266,-0.41564599,-0.90271997
97.3093,6613.5308,49.045513,-4.477182,-164.210526,0.021765,-0.41568899,-0.90271097
97.3274,6613.5508,49.093102,-4.561921,-164.312988,0.020784,-0.416161,-0.90265501
97.3471,6613.5709,49.224518,-4.9158,-164.383453,0.017902,-0.417532,-0.90231401
97.37,6613.591,49.417831,-5.373525,-164.34668,0.014673,-0.41945899,-0.901658
97.3877,6613.611,49.599018,-5.824548,-164.259827,0.011672,-0.42127299,-0.90098602
97.407,6613.6311,49.653454,-6.15642,-164.189224,0.009392,-0.42198899,-0.90075898
97.4299,6613.6512,49.533081,-6.260185,-164.278366,0.008094,-0.421148,-0.90127498
97.4491,6613.6712,49.208965,-6.158404,-164.626282,0.00721,-0.41854799,-0.90272301
97.4752,6613.6912,48.760143,-6.085119,-165.166367,0.00527,-0.41499799,-0.90476102
97.4926,6613.7112,48.38863,-6.14317,-165.722122,0.002361,-0.412146,-0.90651703
97.5099,6613.7313,48.225124,-6.191411,-166.164307,0.000201,-0.41090199,-0.90743399
97.5289,6613.7513,48.238834,-6.099118,-166.547043,-0.000425,-0.41093999,-0.90767503
97.5524,6613.7713,48.28297,-5.811225,-166.836792,0.000865,-0.41107601,-0.90773398
97.5681,6613.7914,48.293018,-5.529347,-167.072372,0.002264,-0.41095299,-0.90786701
97.5884,6613.8114,48.289276,-5.392904,-167.299728,0.002526,-0.41082999,-0.908041
97.6098,6613.8314,48.285973,-5.409588,-167.523499,0.001588,-0.41082001,-0.90820998
97.6286,6613.8514,48.287937,-5.561147,-167.65535,-8.4e-05,-0.410941,-0.90829498
97.6457,6613.8715,48.241245,-5.831114,-167.742065,-0.002583,-0.410754,-0.90851402
97.6677,6613.8915,48.079498,-6.065386,-167.875183,-0.005084,-0.409628,-0.909159
97.6853,6613.9115,47.916813,-6.123745,-168.095596,-0.0065,-0.40836999,-0.90986401
97.7103,6613.9316,47.816322,-6.04074,-168.373276,-0.00693,-0.407507,-0.910393
97.7307,6613.9516,47.699657,-5.843896,-168.69632,-0.006627,-0.40644401,-0.911008
97.7452,6613.9716,47.578453,-5.530982,-168.95163,-0.005158,-0.405283,-0.91159701
97.7668,6613.9916,47.454815,-5.253676,-169.105118,-0.003608,-0.404131,-0.91212797
97.7916,6614.0117,47.329453,-5.171113,-169.179443,-0.003327,-0.40308499,-0.91260803
97.8172,6614.0317,47.171227,-5.253899,-169.223434,-0.004285,-0.40187699,-0.913176
97.827,6614.0517,46.914391,-5.148578,-169.354568,-0.004136,-0.39976999,-0.91413802
97.8502,6614.0718,46.568237,-4.822016,-169.608948,-0.002719,-0.39681801,-0.91547698
97.868,6614.0918,46.153526,-4.529826,-169.845581,-0.001554,-0.39333901,-0.91702503
97.8915,6614.1118,45.655315,-4.222716,-169.99733,-2.8e-05,-0.389182,-0.91878802
97.9112,6614.1318,45.326485,-3.975048,-170.106735,0.00132,-0.386408,-0.91994703
97.9256,6614.1518,45.456532,-3.791475,-170.2379,0.002455,-0.387346,-0.919586
97.943,6614.1718,45.827457,-3.70597,-170.217453,0.003505,-0.390264,-0.91833001
97.9677,6614.1918,46.137646,-3.83481,-169.900391,0.003807,-0.39280701,-0.91710401
97.9887,6614.2118,46.418316,-4.042696,-169.421967,0.004025,-0.39515501,-0.91587102
98.005,6614.2318,46.766262,-4.337018,-169.011993,0.003399,-0.39809701,-0.91443801
98.0279,6614.2518,47.266018,-4.703897,-168.766449,0.001787,-0.40229601,-0.91257501
98.0486,6614.2718,47.86853,-4.931767,-168.643921,0.000969,-0.407215,-0.910411
98.0708,6614.2918,48.448338,-4.881577,-168.484116,0.002486,-0.411764,-0.90827501
98.0958,6614.3118,48.75494,-4.697955,-168.117355,0.005556,-0.414049,-0.90694201
98.1068,6614.3318,48.647892,-4.534674,-167.592239,0.008638,-0.413059,-0.90694499
98.1249,6614.3518,48.351589,-4.526268,-167.048492,0.010357,-0.410671,-0.90758801
98.1473,6614.3718,48.033287,-4.741095,-166.590836,0.009954,-0.40828401,-0.908369
98.1795,6614.3918,47.782135,-4.977544,-166.285156,0.008892,-0.406463,-0.90902001
98.1895,6614.4118,47.775105,-5.197537,-165.989487,0.008188,-0.40656301,-0.908822
98.2048,6614.4318,48.020439,-5.215065,-165.633942,0.009594,-0.408485,-0.90767902
98.2228,6614.4518,48.254299,-5.045369,-165.211884,0.012718,-0.41014099,-0.90648901
98.2447,6614.4718,48.435989,-4.818818,-164.746994,0.016392,-0.41130999,-0.90541297
98.275,6614.4918,48.581944,-4.701243,-164.294601,0.019124,-0.412278,-0.90446597
98.2916,6614.5117,48.581463,-4.946099,-163.80719,0.018945,-0.41242701,-0.90404302
98.3183,6614.5317,48.563736,-5.435099,-163.327179,0.016793,-0.41269001,-0.90371299
98.3369,6614.5517,48.562634,-5.909947,-163.035568,0.014098,-0.41310999,-0.903494
98.3499,6614.5717,48.52523,-6.281096,-162.930283,0.0115,-0.41317201,-0.903561
98.3722,6614.5917,48.431274,-6.530964,-162.922806,0.009427,-0.41268101,-0.90390301
98.387,6614.6117,48.274548,-6.545691,-162.948227,0.009003,-0.41147,-0.90447199
98.407,6614.6317,47.960838,-6.458839,-163.007721,0.009044,-0.40893099,-0.905604
98.4256,6614.6517,47.415253,-6.360595,-163.176086,0.008478,-0.40456301,-0.90762597
98.4501,6614.6717,46.953724,-6.258326,-163.242386,0.00843,-0.40083501,-0.90924603
98.4725,6614.6917,46.744267,-6.14214,-163.25827,0.009014,-0.39907101,-0.909958
98.496,6614.7117,46.69091,-6.073102,-163.273041,0.009439,-0.39858401,-0.91014498
98.5114,6614.7317,46.724987,-6.292253,-163.274048,0.007741,-0.39906701,-0.91004902
98.5377,6614.7517,46.811954,-6.494446,-163.177261,0.006591,-0.39994401,-0.909675
98.5466,6614.7717,46.860413,-6.548506,-163.056763,0.006649,-0.400372,-0.90939701
98.5722,6614.7917,46.886456,-6.539936,-163.031815,0.00684,-0.400567,-0.90928501
98.5885,6614.8117,47.065605,-6.450626,-163.186234,0.007253,-0.40189999,-0.90882701
98.6043,6614.8317,47.188129,-6.354733,-163.406738,0.007405,-0.40278599,-0.90862
98.6288,6614.8517,47.230381,-6.292268,-163.564545,0.007402,-0.40306899,-0.90862399
98.6465,6614.8717,47.381332,-6.24632,-163.667725,0.007603,-0.404221,-0.90820497
98.6747,6614.8917,47.633888,-6.369998,-163.680328,0.006913,-0.40632501,-0.907363
98.6957,6614.9117,47.855286,-6.693205,-163.629288,0.004831,-0.408364,-0.906573
98.713,6614.9316,47.980186,-7.130392,-163.489197,0.002042,-0.40974501,-0.90602797
98.7259,6614.9516,48.114159,-7.561312,-163.371887,-0.00076,-0.41119099,-0.90546298
98.7496,6614.9716,48.237835,-8.034575,-163.293839,-0.004046,-0.41259301,-0.90495598
98.7712,6614.9916,48.39724,-8.732483,-163.119736,-0.008701,-0.414478,-0.904212
98.7883,6615.0116,48.739624,-9.677766,-162.790253,-0.014457,-0.41802299,-0.90264398
98.8085,6615.0316,49.093006,-10.804625,-162.427689,-0.021461,-0.42181501,-0.90092999
98.8292,6615.0516,49.220573,-11.716815,-162.275848,-0.02787,-0.42361999,-0.90016401
98.8469,6615.0716,49.05838,-12.040345,-162.500992,-0.0315,-0.42257699,-0.90082598
98.8708,6615.0916,48.721504,-12.124586,-163.132965,-0.03501,-0.41984901,-0.90246397
98.885,6615.1116,48.449944,-12.321624,-163.890274,-0.039741,-0.41764,-0.90389901
98.9033,6615.1316,48.350441,-12.382938,-164.51741,-0.042654,-0.41668299,-0.90465897
98.9296,6615.1516,48.478348,-12.231115,-164.917633,-0.042729,-0.417429,-0.90454698
98.9435,6615.1716,48.730595,-12.059843,-165.219757,-0.042126,-0.41917101,-0.90394199
98.9671,6615.1916,48.934269,-12.094903,-165.494644,-0.043128,-0.42067701,-0.9034
98.9875,6615.2116,49.196735,-12.161485,-165.777267,-0.044334,-0.42265299,-0.90263498
99.0054,6615.2316,49.580578,-12.008431,-166.011429,-0.043478,-0.425459,-0.90148902
99.0296,6615.2516,49.832367,-11.815516,-166.111877,-0.041999,-0.42726699,-0.90073198
99.0551,6615.2716,49.745255,-11.770342,-166.130829,-0.04183,-0.426557,-0.90106702
99.0818,6615.2916,49.368076,-11.767013,-166.192261,-0.04253,-0.42359799,-0.90243
99.0855,6615.3116,49.046917,-11.894861,-166.285736,-0.044305,-0.421134,-0.90355599
99.1097,6615.3315,48.848949,-12.058144,-166.406189,-0.046295,-0.419635,-0.90424597
99.1375,6615.3515,48.677292,-12.275142,-166.486893,-0.048528,-0.41838199,-0.90479499
99.1546,6615.3715,48.557076,-12.47077,-166.503632,-0.050292,-0.41754299,-0.90513402
99.1666,6615.3915,48.327518,-12.469501,-166.479904,-0.050498,-0.41576001,-0.905909
99.1868,6615.4115,47.989479,-12.365583,-166.452621,-0.050022,-0.41307101,-0.907094
99.204,6615.4315,47.7384,-12.215672,-166.44368,-0.049132,-0.41102499,-0.90800601
99.2255,6615.4515,47.681534,-12.023853,-166.63208,-0.048361,-0.41039199,-0.90838498
99.2435,6615.4715,47.778072,-11.945766,-166.763794,-0.04809,-0.41104999,-0.90816402
99.264,6615.4915,47.867275,-11.904118,-166.854004,-0.04797,-0.41168901,-0.90792698
99.2863,6615.5115,47.616253,-11.614969,-166.975418,-0.04643,-0.40951201,-0.90896499
99.3037,6615.5315,47.04459,-11.110889,-167.117722,-0.043642,-0.40468201,-0.91117102
99.3234,6615.5515,46.2631,-10.855542,-167.155212,-0.042695,-0.39835799,-0.91389298
99.3544,6615.5715,45.586552,-10.93987,-166.976212,-0.043577,-0.39312199,-0.915977
99.369,6615.5915,45.31377,-11.272878,-166.776367,-0.045894,-0.39123601,-0.916614
99.3841,6615.6115,45.017582,-11.82896,-166.476868,-0.049699,-0.38934699,-0.91715598
99.4044,6615.6315,44.364162,-11.870167,-166.277908,-0.050202,-0.38427699,-0.919092
99.426,6615.6515,43.575558,-11.290425,-166.199738,-0.046304,-0.37766799,-0.92175502
99.4467,6615.6715,43.182842,-10.716225,-166.151947,-0.042027,-0.37417299,-0.923159
99.4652,6615.6915,43.303108,-10.51169,-166.033386,-0.039839,-0.375036,-0.92277902
99.4847,6615.7115,43.539505,-10.728203,-165.842972,-0.040653,-0.37713799,-0.921839
99.5042,6615.7315,43.588802,-11.088504,-165.70137,-0.04302,-0.377832,-0.92145699
99.5264,6615.7514,43.452351,-11.283984,-165.714798,-0.044816,-0.37687501,-0.92181402
99.5444,6615.7714,43.246426,-11.177602,-165.897125,-0.044828,-0.37509,-0.92261499
99.5647,6615.7914,43.126434,-10.975159,-166.162079,-0.044218,-0.37389299,-0.92324197
99.5875,6615.8114,43.204826,-10.768757,-166.424942,-0.043314,-0.374282,-0.923253
99.6079,6615.8314,43.262329,-10.559943,-166.643417,-0.042274,-0.374524,-0.92329502
99.6251,6615.8514,43.202896,-10.591569,-166.73317,-0.042895,-0.37403601,-0.92352498
99.6455,6615.8714,43.18317,-10.593803,-166.756683,-0.043014,-0.373871,-0.92360002
99.6639,6615.8914,43.167896,-10.504185,-166.636368,-0.041918,-0.37373599,-0.923603
99.6841,6615.9114,43.206661,-10.571621,-166.509659,-0.042,-0.374136,-0.92337602
99.708,6615.9314,43.205959,-10.585973,-166.478882,-0.042016,-0.37415099,-0.92335302
99.7267,6615.9514,43.173393,-10.609586,-166.49855,-0.042311,-0.37389901,-0.92345798
99.7489,6615.9714,43.223869,-10.646935,-166.557281,-0.042741,-0.37430501,-0.92332602
99.7671,6615.9914,43.262016,-10.711945,-166.543121,-0.043171,-0.37465701,-0.92317498
99.7884,6616.0114,43.227657,-10.826697,-166.5112,-0.044034,-0.37446901,-0.923217
99.8075,6616.0314,43.189411,-10.843785,-166.484695,-0.044133,-0.374185,-0.923311
99.8272,6616.0514,43.16193,-10.798124,-166.52652,-0.043936,-0.37391999,-0.92343998
99.8444,6616.0714,43.194843,-10.86209,-166.575439,-0.04457,-0.37420499,-0.92334598
99.8688,6616.0914,43.290062,-10.96506,-166.507385,-0.045058,-0.375058,-0.92296797
99.893,6616.1114,43.361038,-11.158889,-166.367783,-0.046072,-0.37580499,-0.92258102
99.903,6616.1314,43.433357,-11.261207,-166.236679,-0.046373,-0.37650099,-0.92223102
99.9239,6616.1513,43.546677,-11.301025,-166.160446,-0.046297,-0.37746099,-0.92181402
99.953,6616.1713,43.632599,-11.322683,-166.146667,-0.046315,-0.37816501,-0.92153001
99.9698,6616.1913,43.689247,-11.428093,-166.19101,-0.047236,-0.378667,-0.92133898
99.9872,6616.2113,43.721035,-11.517642,-166.281433,-0.048214,-0.37893999,-0.92126101
100.0098,6616.2313,43.742352,-11.540701,-166.337067,-0.048556,-0.37910101,-0.92122
100.0321,6616.2513,43.777626,-11.451308,-166.381744,-0.04794,-0.37930599,-0.92117703
100.0466,6616.2713,43.863361,-11.380545,-166.443954,-0.047468,-0.37991801,-0.92097801
100.0641,6616.2913,43.985477,-11.43579,-166.505463,-0.047961,-0.38089901,-0.92061102
100.085,6616.3113,44.034561,-11.593327,-166.553207,-0.049323,-0.381367,-0.92041898
100.1307,6616.3313,44.038895,-11.646676,-166.583252,-0.049846,-0.381421,-0.92040098
100.1315,6616.3513,44.06496,-11.594617,-166.591141,-0.049421,-0.38159299,-0.92034698
100.1494,6616.3713,44.113449,-11.639183,-166.556229,-0.049601,-0.38202101,-0.92015398
100.1946,6616.3913,44.17503,-11.806695,-166.5354,-0.050798,-0.382622,-0.91987401
100.1974,6616.4113,44.260662,-12.001561,-166.571457,-0.052373,-0.38340399,-0.91953802
100.2031,6616.4313,44.347183,-12.103327,-166.676331,-0.05343,-0.384103,-0.91928101
100.2244,6616.4513,44.379406,-12.165659,-166.808182,-0.054331,-0.38433301,-0.919227
100.2467,6616.4713,44.375908,-12.135687,-166.918213,-0.054464,-0.38423601,-0.91931498
100.2659,6616.4913,44.401184,-12.05381,-167.028152,-0.054144,-0.38433799,-0.91933697
100.2841,6616.5113,44.497169,-12.026665,-167.158157,-0.054243,-0.38502401,-0.91911799
100.3057,6616.5313,44.616146,-12.127892,-167.284409,-0.055332,-0.38596401,-0.91876101
100.3317,6616.5512,44.696083,-12.286225,-167.354874,-0.05674,-0.38664901,-0.91846699
100.3528,6616.5712,44.705494,-12.383377,-167.356979,-0.057514,-0.386774,-0.91838998
100.3671,6616.5912,44.670078,-12.290885,-167.403641,-0.056974,-0.38642099,-0.91857302
100.3833,6616.6112,44.691216,-12.201467,-167.497604,-0.056548,-0.38649499,-0.91860002
100.4105,6616.6312,44.778793,-12.306663,-167.542038,-0.057434,-0.38722301,-0.91829097
100.4296,6616.6512,44.859882,-12.570363,-167.521606,-0.059378,-0.38801199,-0.91788697
100.4464,6616.6712,44.898697,-12.77594,-167.450989,-0.060737,-0.38846099,-0.91762
100.4712,6616.6912,44.908222,-12.818478,-167.408005,-0.06092,-0.38858101,-0.91754502
100.4979,6616.7112,44.941883,-12.848902,-167.460876,-0.061301,-0.38883501,-0.91744798
100.5122,6616.7312,45.008492,-12.922385,-167.560028,-0.062143,-0.389346,-0.91724497
100.539,6616.7512,45.081051,-13.053949,-167.678802,-0.06351,-0.38992,-0.91699803
100.5471,6616.7712,45.182537,-13.21919,-167.779053,-0.065048,-0.390746,-0.91662699
100.5677,6616.7912,45.243736,-13.319978,-167.9216,-0.066265,-0.391195,-0.916439
100.5846,6616.8112,45.231297,-13.405146,-168.102554,-0.067579,-0.391029,-0.91650999
100.6066,6616.8312,45.243187,-13.679952,-168.294968,-0.070419,-0.39112499,-0.91638899
100.6241,6616.8512,45.296532,-14.167373,-168.497803,-0.074944,-0.391615,-0.91599
100.645,6616.8712,45.36771,-14.300161,-169.000885,-0.07764,-0.39189199,-0.91585797
100.6664,6616.8912,45.456825,-14.417083,-169.541412,-0.08032,-0.392263,-0.91566598
100.6843,6616.9112,45.54557,-14.5316,-170.105118,-0.083065,-0.39259601,-0.91545701
100.7028,6616.9312,45.582466,-14.703144,-170.705902,-0.086453,-0.39248499,-0.915353
100.7244,6616.9512,45.58062,-14.879175,-171.369659,-0.090133,-0.391992,-0.91535002
100.7431,6616.9711,45.596458,-15.119323,-172.086197,-0.094485,-0.39157301,-0.91520101
100.7641,6616.9911,45.549297,-15.40681,-172.840164,-0.0994,-0.39058301,-0.91517001
100.7904,6617.0111,45.411118,-15.708691,-173.635574,0.104644,0.38878301,0.91536498
100.8073,6617.0311,45.275299,-15.996455,-174.496277,0.109975,0.386884,0.91549599
100.8269,6617.0511,45.154591,-16.301218,-175.361649,0.115424,0.38503799,0.915488
100.8505,6617.0711,44.983856,-16.664501,-176.324295,0.121682,0.382615,0.91548699
100.8749,6617.0911,44.765854,-16.974541,-177.359955,0.127758,0.37966901,0.91558403
100.8914,6617.1111,44.547497,-17.199308,-178.48822,0.133416,0.376564,0.91564697
100.9091,6617.1311,44.339436,-17.292358,-179.65329,0.138089,0.373483,0.915712
100.9291,6617.1511,44.138126,-17.301725,179.13176,0.142203,0.37038299,0.91573298
100.9467,6617.1711,43.929863,-17.290415,177.890518,0.14618801,0.36716101,0.91568398
100.9689,6617.1911,43.701923,-17.330719,176.64566,0.150548,0.363695,0.91552502
100.9874,6617.2111,43.499046,-17.385672,175.4608,0.154774,0.36044699,0.91520399
101.0094,6617.2311,43.34552,-17.503927,174.342529,0.159242,0.357582,0.91459501
101.0283,6617.2511,43.281033,-17.569071,173.226639,0.16323701,0.355434,0.91368002
101.0499,6617.2711,43.317787,-17.555111,172.094086,0.166633,0.35411301,0.912444
101.0705,6617.2911,43.439781,-17.474699,170.888168,0.16972899,0.35341001,0.910855
101.0885,6617.3111,43.563076,-17.315559,169.662613,0.17226499,0.35275599,0.90925801
101.1139,6617.3311,43.653488,-17.205936,168.350616,0.17545401,0.35162801,0.90748298
101.1252,6617.3511,43.736118,-17.076435,166.937103,0.17879,0.350279,0.90551102
101.1464,6617.371,43.856598,-16.902521,165.493439,0.18188199,0.349222,0.90330601
101.1654,6617.391,43.997566,-16.630032,164.045029,0.184229,0.348454,0.90104699
101.185,6617.411,44.082932,-16.359898,162.620911,0.18649,0.347271,0.89888299
101.2041,6617.431,44.10936,-16.203327,161.284622,0.18932401,0.345559,0.89675999
101.225,6617.451,44.149574,-16.123518,159.987213,0.19263899,0.34386101,0.89442003
101.247,6617.471,44.191711,-16.015461,158.638535,0.195875,0.342114,0.891913
101.2727,6617.491,44.155613,-15.785806,157.193542,0.19835,0.33979601,0.88957101
101.2872,6617.511,44.05249,-15.289911,155.650986,0.198938,0.337331,0.887586
101.306,6617.531,43.897171,-14.618383,154.107086,0.198063,0.334876,0.88594198
101.3373,6617.551,43.756687,-14.082568,152.666275,0.197916,0.33247799,0.88410801
101.3529,6617.571,43.685604,-13.775407,151.302475,0.19938201,0.330268,0.88170397
101.3653,6617.591,43.684116,-13.657572,149.982483,0.20226701,0.32822701,0.87873101
101.3876,6617.611,43.703411,-13.533692,148.649734,0.20515899,0.32631901,0.87555599
101.4063,6617.631,43.677399,-13.40627,147.34668,0.207837,0.32409599,0.87250698
101.4375,6617.651,43.673466,-13.296885,146.031311,0.210706,0.321955,0.86921102
101.4628,6617.671,43.733097,-13.204676,144.651245,0.21399599,0.32011601,0.865381
101.4722,6617.691,43.792267,-13.09323,143.220383,0.21726801,0.31819999,0.86132199
101.4856,6617.711,43.822723,-13.00647,141.785812,0.22065499,0.31594899,0.85717398
101.5054,6617.731,43.825218,-13.009752,140.386856,0.224526,0.313241,0.85292399
101.5267,6617.751,43.852314,-13.09161,138.958832,0.229085,0.31036699,0.848216
101.5483,6617.7709,43.884689,-13.159416,137.468948,0.233683,0.30738801,0.84317899
101.5676,6617.7909,43.899643,-13.2082,135.84848,0.23840301,0.30400199,0.83765298
101.5888,6617.8109,43.914734,-13.147724,134.082779,0.242662,0.30061701,0.83168203
101.6101,6617.8309,43.897045,-12.877469,132.139923,0.245726,0.29730001,0.82544202
101.6317,6617.8509,43.893337,-12.530256,130.098923,0.248491,0.29414099,0.818739
101.6443,6617.8709,43.979237,-12.220507,128.025269,0.251856,0.291421,0.81129801
101.6659,6617.8909,44.086521,-12.002764,126.026222,0.25573301,0.28863099,0.80363703
101.6911,6617.9109,44.147011,-11.934389,124.102913,0.26027599,0.285016,0.795874
101.7038,6617.9309,44.184818,-11.89084,122.232635,0.26472899,0.281185,0.78813201
101.7223,6617.9509,44.17757,-11.832912,120.406425,0.26875499,0.277127,0.780554
101.747,6617.9709,44.100353,-11.85236,118.61203,0.27289799,0.27225199,0.77296299
101.7714,6617.9909,43.982231,-11.911494,116.819153,0.277055,0.26685199,0.765221
101.7876,6618.0109,43.822048,-12.033398,115.002518,0.281409,0.260748,0.75715297
101.8093,6618.0309,43.617008,-12.129922,113.172462,0.285317,0.25434801,0.74902201
101.8263,6618.0509,43.34623,-12.096571,111.308319,0.288046,0.24798,0.74105299
101.8522,6618.0709,42.981411,-11.951834,109.377274,0.289657,0.24133199,0.733118
101.8726,6618.0909,42.591602,-11.781049,107.424438,0.290887,0.23460799,0.72499001
101.8937,6618.1109,42.325676,-11.799466,105.536728,0.293594,0.227924,0.71611398
101.9067,6618.1309,42.165005,-11.987331,103.780952,0.29744899,0.221356,0.70696998
101.9274,6618.151,41.99432,-12.27181,102.113663,0.30154601,0.21437301,0.697891
101.9501,6618.171,41.736252,-12.489959,100.403976,0.30475,0.207,0.68884403
101.966,6618.191,41.378788,-12.607754,98.583015,0.30689999,0.199202,0.67956197
101.9949,6618.211,41.030769,-12.763494,96.614143,0.30939499,0.19083101,0.66911799
102.0116,6618.2311,40.791206,-12.933649,94.519112,0.312547,0.182677,0.65737402
102.0355,6618.2512,40.627544,-12.955408,92.367119,0.315164,0.175649,0.645248
102.0582,6618.2712,40.430367,-12.820752,90.194374,0.316609,0.169264,0.63328499
102.0797,6618.2913,40.129307,-12.772271,88.044876,0.31777301,0.161815,0.62127101
102.0875,6618.3114,39.821766,-12.900465,85.972328,0.319565,0.153464,0.60901999
102.1425,6618.3314,39.64267,-13.219137,84.047432,0.32271299,0.14505,0.59659702
102.1457,6618.3515,39.522507,-13.503834,82.221382,0.32572499,0.1374,0.584553
102.1473,6618.3715,39.357384,-13.681931,80.409943,0.327755,0.130171,0.57286102
102.1683,6618.3916,39.117508,-13.778917,78.604118,0.32877901,0.123051,0.56147599
102.1905,6618.4117,38.950565,-13.87731,76.850716,0.330064,0.116462,0.55009103
102.204,6618.4317,38.927513,-14.065868,75.14267,0.33250499,0.110147,0.53824103
102.2271,6618.4518,38.981533,-14.232029,73.489906,0.33516499,0.104497,0.52650702
102.2475,6618.4719,39.039028,-14.262508,71.852058,0.337129,0.09978,0.51515198
102.2668,6618.4919,39.08952,-14.221473,70.194672,0.33868301,0.095428,0.50378799
102.2915,6618.512,39.171791,-14.30633,68.605896,0.34087601,0.090537,0.49234599
102.3079,6618.5321,39.332104,-14.597095,67.085548,0.34432501,0.084743,0.480479
102.3247,6618.5522,39.522366,-14.957311,65.572868,0.34815201,0.078549,0.46828899
102.3485,6618.5723,39.674637,-15.244883,64.041069,0.35133699,0.072552,0.45618799
102.3666,6618.5924,39.777107,-15.541791,62.50552,0.354121,0.066179,0.444067
102.3919,6618.6125,39.832069,-15.767112,60.945839,0.356213,0.059974,0.432026
102.4089,6618.6326,39.71632,-15.795204,59.345219,0.356325,0.054282,0.420636
102.4277,6618.6527,39.482235,-15.643063,57.784645,0.354866,0.049535,0.41029301
102.4477,6618.6728,39.19281,-15.432204,56.345711,0.3527,0.045414,0.401063
102.4702,6618.6929,38.831921,-15.257765,55.127411,0.35002199,0.041468,0.39343399
102.4881,6618.7129,38.4879,-15.177763,54.137062,0.347657,0.037642,0.38710701
102.5091,6618.733,38.259499,-15.17257,53.178715,0.34631199,0.033859,0.38048699
102.5313,6618.7531,38.093555,-15.02283,52.07056,0.34494501,0.030982,0.37300301
102.5446,6618.7731,37.895157,-14.747811,50.78154,0.34296301,0.028414,0.36455399
102.568,6618.7932,37.666679,-14.471813,49.321735,0.34077799,0.025283,0.35481101
102.5888,6618.8132,37.533035,-14.130932,47.825436,0.339073,0.022947,0.344706
102.6071,6618.8333,37.578716,-13.738857,46.495663,0.33850801,0.02218,0.335596
102.6274,6618.8533,37.717945,-13.419198,45.303375,0.33884501,0.0216,0.327104
102.652,6618.8733,37.838108,-13.195233,44.174355,0.33931699,0.020397,0.318829
102.6765,6618.8933,38.000038,-12.946067,43.115116,0.340031,0.019726,0.31106699
102.6956,6618.9134,38.253483,-12.529574,42.122345,0.34099501,0.020834,0.30413201
102.7089,6618.9334,38.55447,-11.915245,41.148186,0.34184301,0.023666,0.29784301
102.7311,6618.9534,38.889168,-11.341496,40.146931,0.34312299,0.026183,0.29116899
102.7479,6618.9735,39.320541,-10.978883,39.158279,0.34572399,0.027351,0.283802
102.7821,6618.9935,39.795162,-10.691355,38.153934,0.34888199,0.027961,0.27602401
102.7927,6619.0135,40.120445,-10.181218,37.086945,0.35042399,0.029634,0.26869699
102.8118,6619.0335,40.282143,-9.445908,35.950787,0.35027,0.032374,0.261785
102.8358,6619.0536,40.429337,-8.663772,34.859135,0.34996301,0.035578,0.25537899
102.8481,6619.0736,40.584934,-7.943968,33.914825,0.349886,0.038764,0.24992301
102.8676,6619.0936,40.755562,-7.469956,33.157749,0.35044801,0.040619,0.24517
102.8892,6619.1136,40.995739,-7.18131,32.58548,0.351908,0.04174,0.241217
102.906,6619.1336,41.266262,-6.934438,32.23473,0.353625,0.043271,0.23885
102.9289,6619.1536,41.526768,-6.667891,32.099728,0.355149,0.045588,0.238267
102.9504,6619.1736,41.745224,-6.389143,32.066208,0.356282,0.048208,0.238584
102.9774,6619.1936,41.981541,-6.174265,31.992264,0.35770401,0.050238,0.23836701
103.003,6619.2136,42.20829,-5.908902,31.582073,0.359101,0.051584,0.235682
103.0139,6619.2336,42.240051,-5.387694,30.700165,0.35869101,0.053,0.230331
103.0479,6619.2536,42.136299,-4.517701,29.547392,0.35670301,0.056033,0.224071
103.072,6619.2736,42.081593,-3.4089,28.273342,0.35478601,0.06073,0.21749499
103.0794,6619.2936,42.091232,-2.286398,26.978146,0.353479,0.065643,0.21069001
103.0934,6619.3136,42.099476,-1.343514,25.710724,0.352586,0.069241,0.20352399
103.1076,6619.3336,42.166615,-0.699155,24.524027,0.35272101,0.070835,0.196017
103.1408,6619.3536,42.298252,-0.376523,23.475418,0.353874,0.070397,0.188568
103.1455,6619.3736,42.50008,-0.3147,22.548637,0.35594401,0.068349,0.181237
103.1665,6619.3936,42.88295,-0.400377,21.596939,0.359685,0.065293,0.173133
103.1881,6619.4135,43.336926,-0.436782,20.654943,0.363886,0.062709,0.16522001
103.2066,6619.4335,43.646732,-0.459,19.704208,0.366898,0.059944,0.15737499
103.2285,6619.4535,43.640354,-0.472546,18.752195,0.36735001,0.056777,0.149729
103.2523,6619.4735,43.475716,-0.433774,17.787924,0.366449,0.053786,0.142226
103.2688,6619.4935,43.45694,-0.342364,16.759863,0.36665899,0.051207,0.134287
103.3028,6619.5135,43.666656,-0.193742,15.699238,0.368637,0.049238,0.12615401
103.3135,6619.5335,44.022072,0.013183,14.684491,0.37169901,0.048002,0.118524
103.3308,6619.5535,44.378979,0.156679,13.779161,0.37479201,0.046561,0.111585
103.3457,6619.5735,44.588932,0.199973,13.021612,0.376737,0.044621,0.105572
103.3695,6619.5935,44.635223,0.265903,12.462654,0.37726301,0.043352,0.101288
103.3895,6619.6135,44.548664,0.35965,12.094614,0.376625,0.04282,0.098671
103.4071,6619.6335,44.448067,0.415793,11.866104,0.37585399,0.042437,0.097052
103.4284,6619.6535,44.415436,0.338872,11.741034,0.37570199,0.041382,0.095805
103.4494,6619.6735,44.441307,-0.002046,11.682659,0.37621301,0.038472,0.094209
103.4719,6619.6935,44.508224,-0.427904,11.623097,0.37711599,0.034909,0.092307
103.4903,6619.7135,44.466835,-0.704158,11.483201,0.37704501,0.032194,0.090289
103.5136,6619.7335,44.230232,-0.853948,11.30162,0.37530899,0.030198,0.088427
103.5294,6619.7535,43.976955,-0.871706,11.067984,0.37334499,0.029086,0.086584
103.5581,6619.7735,43.819763,-0.964868,10.803101,0.37221301,0.027348,0.084205
103.5698,6619.7935,43.808475,-1.118685,10.489164,0.37230501,0.025079,0.081178
103.5948,6619.8135,43.747002,-1.291764,10.181602,0.37199399,0.022637,0.078158
103.6094,6619.8334,43.550259,-1.408485,9.89801,0.37053901,0.020629,0.075565
103.625,6619.8534,43.33226,-1.39545,9.575096,0.36882699,0.019534,0.073079
103.651,6619.8734,43.135986,-1.278782,9.241401,0.36722401,0.019268,0.070825
103.6751,6619.8934,42.956642,-1.204375,8.94007,0.365778,0.018785,0.068685
103.6945,6619.9134,42.790073,-1.232931,8.720447,0.364481,0.017744,0.06687
103.7115,6619.9334,42.685024,-1.368279,8.608198,0.36372501,0.016222,0.065565
103.7279,6619.9534,42.631725,-1.500898,8.615426,0.363368,0.015135,0.065221
103.7512,6619.9734,42.553757,-1.627748,8.680737,0.3628,0.014262,0.065376
103.7731,6619.9934,42.445366,-1.695696,8.77221,0.361949,0.013928,0.065942
103.7949,6620.0134,42.395592,-1.728159,8.931848,0.361545,0.014135,0.067153
103.8166,6620.0334,42.456203,-1.723796,9.183265,0.36200199,0.015006,0.069184
103.8305,6620.0534,42.629551,-1.827074,9.560126,0.363419,0.015485,0.071846
103.8509,6620.0734,42.895863,-2.151185,10.001454,0.36572301,0.014463,0.07428
103.8705,6620.0934,43.142689,-2.641142,10.504856,0.36798099,0.012306,0.076672
103.8915,6620.1134,43.401989,-3.127301,11.008267,0.37035301,0.010217,0.079043
103.9083,6620.1334,43.76165,-3.625759,11.442504,0.37356201,0.007923,0.08073
103.9272,6620.1534,44.183296,-4.076059,11.761895,0.37724999,0.005732,0.081575
103.9474,6620.1734,44.624096,-4.407589,11.992182,0.38101101,0.004249,0.082049
103.9689,6620.1934,45.137032,-4.687671,12.129452,0.38531101,0.002961,0.081872
103.9871,6620.2134,45.727879,-5.00268,12.159203,0.39025,0.001124,0.080634
104.0078,6620.2334,46.282246,-5.407625,12.078638,0.394945,-0.001835,0.078202
104.0315,6620.2533,46.693386,-5.669855,11.819371,0.39838099,-0.004415,0.074919
104.0466,6620.2733,46.972862,-5.645239,11.393129,0.40056601,-0.005431,0.071398
104.0716,6620.2933,47.139606,-5.486423,10.882339,0.401768,-0.005796,0.067762
104.0981,6620.3133,47.205944,-5.400184,10.423843,0.40222001,-0.006657,0.064364
104.1168,6620.3333,47.271076,-5.314318,10.010895,0.40266499,-0.007366,0.06133
104.1256,6620.3533,47.364365,-5.172322,9.606785,0.40330499,-0.007577,0.058547
104.147,6620.3733,47.420101,-5.055566,9.241076,0.40366501,-0.007889,0.056008
104.1798,6620.3933,47.427513,-5.034579,8.958332,0.40369299,-0.008712,0.053824
104.1899,6620.4133,47.494465,-5.064295,8.748193,0.40422201,-0.009638,0.052003
104.2075,6620.4333,47.661911,-5.119272,8.626691,0.40556601,-0.010378,0.050737
104.2241,6620.4533,47.881306,-5.203998,8.585643,0.407341,-0.011032,0.049973
104.2453,6620.4733,48.101517,-5.370693,8.668163,0.409168,-0.011896,0.049896
104.2686,6620.4933,48.299282,-5.653111,8.888124,0.410882,-0.013199,0.050504
104.2885,6620.5133,48.486286,-5.904794,9.129134,0.41250199,-0.014181,0.051386
104.3058,6620.5333,48.593204,-5.968723,9.260213,0.41339201,-0.014128,0.052121
104.3311,6620.5533,48.616604,-5.839401,9.243283,0.41351601,-0.013144,0.052437
104.3459,6620.5733,48.647621,-5.506654,9.05835,0.41359001,-0.011147,0.05215
104.3728,6620.5933,48.710945,-5.129421,8.80946,0.41389799,-0.009004,0.051497
104.39,6620.6133,48.765724,-4.793098,8.637923,0.414168,-0.006915,0.051318
104.4059,6620.6333,48.816051,-4.498734,8.521077,0.414428,-0.004966,0.051426
104.4289,6620.6532,48.850933,-4.221603,8.470048,0.41457701,-0.002928,0.052004
104.448,6620.6732,48.87159,-3.953542,8.453454,0.41461799,-0.000848,0.052831
104.4675,6620.6932,48.897636,-3.721875,8.442169,0.41471601,0.000966,0.053566
104.4869,6620.7132,48.927219,-3.554651,8.42526,0.41487199,0.002251,0.054022
104.5081,6620.7332,48.933102,-3.486295,8.434407,0.414886,0.00283,0.054339
104.5284,6620.7532,48.930653,-3.49506,8.507648,0.41486901,0.003024,0.054889
104.5508,6620.7732,48.938004,-3.498209,8.628296,0.41492501,0.003441,0.05583
104.569,6620.7932,48.919079,-3.507894,8.755148,0.414776,0.00381,0.05681
104.5865,6620.8132,48.893833,-3.576231,8.902916,0.414606,0.003785,0.057747
104.6091,6620.8332,48.907097,-3.750871,9.087547,0.414794,0.003079,0.058571
104.6346,6620.8532,48.926243,-4.027569,9.282496,0.41508299,0.001607,0.059103
104.6472,6620.8732,48.936596,-4.271756,9.477996,0.41529,0.000389,0.059761
104.6675,6620.8932,48.907383,-4.40486,9.637152,0.41512901,-0.000112,0.060557
104.6873,6620.9132,48.846687,-4.530499,9.800823,0.41471699,-0.000564,0.061436
104.7065,6620.9332,48.881927,-4.652292,9.938554,0.41506201,-0.001001,0.062064
104.7312,6620.9532,48.965416,-4.726074,10.03878,0.41576201,-0.001152,0.062537
104.7538,6620.9732,49.004841,-4.764877,10.147573,0.41609499,-0.001031,0.063232
104.7776,6620.9932,48.989357,-4.778594,10.299002,0.41598201,-0.000603,0.064391
104.7934,6621.0132,49.012611,-4.856057,10.516267,0.41621,-0.000407,0.065814
104.8202,6621.0332,49.125748,-5.032985,10.78435,0.41720599,-0.000731,0.067215
104.8317,6621.0532,49.270691,-5.331412,11.070467,0.41852701,-0.001914,0.068287
104.851,6621.0731,49.417774,-5.621291,11.27856,0.419862,-0.003304,0.068763
104.8734,6621.0931,49.56966,-5.660981,11.401849,0.421083,-0.003019,0.069477
104.8915,6621.1131,49.65015,-5.504396,11.470852,0.42162099,-0.001452,0.070537
104.9086,6621.1331,49.678066,-5.363775,11.529182,0.421754,-0.000101,0.071494
104.9294,6621.1531,49.746925,-5.262978,11.58312,0.42223099,0.000959,0.07224
104.9477,6621.1731,49.827694,-5.216456,11.640641,0.42283499,0.001616,0.072806
104.9687,6621.1931,49.94838,-5.13079,11.663417,0.42372701,0.002492,0.073214
104.9897,6621.2131,50.081093,-4.979176,11.689256,0.42467001,0.00391,0.073883
105.0087,6621.2331,50.201935,-4.783737,11.759396,0.42548701,0.005825,0.075074
105.0301,6621.2531,50.331829,-4.748915,11.906907,0.426474,0.006773,0.076272
105.0617,6621.2732,50.505268,-4.866091,12.101178,0.427899,0.006746,0.077238
105.0938,6621.2932,50.622532,-5.019715,12.276127,0.42890999,0.00631,0.077952
105.1092,6621.3132,50.682606,-5.088341,12.357099,0.42942199,0.006135,0.078286
105.1215,6621.3333,50.756157,-5.087429,12.447272,0.42999101,0.006555,0.078942
105.1334,6621.3533,50.915195,-4.851051,12.401812,0.43107301,0.0084,0.079355
105.1488,6621.3733,51.114555,-4.708776,12.352786,0.43253499,0.009531,0.079361
105.1739,6621.3933,51.325138,-4.669499,12.28756,0.434156,0.009802,0.078846
105.1894,6621.4134,51.439674,-4.601239,12.151075,0.43501401,0.009932,0.077954
105.208,6621.4334,51.385227,-4.494956,12.038058,0.43452701,0.010282,0.077511
105.2287,6621.4534,51.291786,-4.217463,11.890614,0.43362501,0.011807,0.077472
105.2466,6621.4735,51.243759,-4.000688,11.82667,0.43311,0.013218,0.077823
105.2724,6621.4935,51.25164,-3.9845,11.883212,0.43315399,0.013566,0.078322
105.2948,6621.5135,51.26292,-4.133355,12.020094,0.433328,0.012928,0.078824
105.3174,6621.5335,51.232491,-4.279949,12.162603,0.43317601,0.012289,0.079407
105.3329,6621.5536,51.101101,-4.333269,12.307066,0.432172,0.012288,0.080429
105.3501,6621.5736,50.95874,-4.418165,12.5218,0.43109801,0.01229,0.081893
105.3802,6621.5936,50.95525,-4.620739,12.832982,0.43118399,0.011869,0.083573
105.3919,6621.6137,51.061291,-4.943427,13.163397,0.43221599,0.010696,0.084867
105.4149,6621.6337,51.146782,-5.249743,13.413972,0.433088,0.009335,0.085606
105.4293,6621.6537,51.130405,-5.349359,13.541221,0.433025,0.009018,0.086239
105.4524,6621.6737,51.038597,-5.283084,13.574901,0.432257,0.009563,0.086827
105.4696,6621.6938,51.015598,-5.269319,13.590426,0.43206599,0.009704,0.087019
105.4874,6621.7138,51.094643,-5.424785,13.663814,0.432794,0.008851,0.086943
105.5091,6621.7338,51.256931,-5.682852,13.773267,0.43424499,0.007427,0.086689
105.5333,6621.7539,51.436684,-5.867073,13.882559,0.43577501,0.006605,0.086692
105.5474,6621.7739,51.49511,-5.918407,13.954653,0.43626401,0.006545,0.08701
105.5758,6621.7939,51.434383,-5.898649,13.987082,0.43577501,0.006753,0.087391
105.5901,6621.8139,51.430603,-5.895651,13.975229,0.43574399,0.006727,0.087313
105.6097,6621.834,51.500511,-6.021508,13.949569,0.43638399,0.005726,0.086573
105.6315,6621.854,51.547874,-6.257235,13.987681,0.436928,0.004084,0.085931
105.6507,6621.874,51.599751,-6.387955,14.032992,0.43742701,0.003296,0.08574
105.6722,6621.894,51.572006,-6.338123,14.030691,0.43717399,0.003644,0.085937
105.6884,6621.9139,51.450283,-6.182567,13.976848,0.43611401,0.004513,0.086217
105.7085,6621.9339,51.326218,-6.04494,13.918181,0.435049,0.005223,0.08639
105.7279,6621.9539,51.267262,-6.031621,13.905689,0.43458101,0.005212,0.086394
105.7519,6621.9739,51.232525,-6.14771,13.920757,0.434398,0.004321,0.086102
105.773,6621.9939,51.163666,-6.30173,13.993583,0.43397599,0.003312,0.086149
105.7879,6622.0139,51.165382,-6.363735,14.096624,0.43403301,0.003219,0.086719
105.8083,6622.0339,51.224384,-6.325419,14.244591,0.43445799,0.004149,0.087969
105.8386,6622.0539,51.26836,-6.312075,14.384718,0.434784,0.004837,0.089076
105.8573,6622.0739,51.254459,-6.379568,14.481335,0.434724,0.004659,0.089588
105.881,6622.0939,51.184265,-6.529954,14.576974,0.434293,0.003761,0.08983
105.8951,6622.1139,51.173599,-6.645514,14.687446,0.43429801,0.003263,0.090266
105.914,6622.1339,51.230095,-6.640212,14.793041,0.43472901,0.003774,0.091059
105.9267,6622.1539,51.254322,-6.559371,14.865303,0.43485001,0.00471,0.091908
105.9521,6622.1739,51.262817,-6.560076,14.932549,0.43491301,0.00497,0.092423
105.9719,6622.1939,51.306686,-6.680798,15.035258,0.43534699,0.004471,0.092726
105.9872,6622.2139,51.346947,-6.820527,15.123251,0.43576899,0.003764,0.092844
106.0092,6622.2339,51.322525,-6.854038,15.138592,0.43560699,0.00353,0.09286
106.0291,6622.2539,51.294724,-6.694598,15.092852,0.43526301,0.004567,0.093135
106.054,6622.2739,51.288322,-6.547183,15.049353,0.435096,0.005546,0.093361
106.0796,6622.2938,51.243393,-6.55809,15.088145,0.43475401,0.005552,0.093665
106.0891,6622.3138,51.19289,-6.648433,15.192405,0.43443099,0.005178,0.094185
106.148,6622.3339,51.200352,-6.733692,15.340858,0.434553,0.005084,0.095015
106.1543,6622.3539,51.263657,-6.764322,15.477057,0.435063,0.005442,0.095902
106.1597,6622.3739,51.278938,-6.68773,15.548227,0.43511301,0.00633,0.096734
106.1912,6622.394,51.205433,-6.541815,15.609377,0.434416,0.007608,0.097836
106.1916,6622.414,51.155361,-6.404864,15.679053,0.43390501,0.008878,0.098947
106.206,6622.434,51.15134,-6.436709,15.790484,0.433893,0.009046,0.099701
106.2256,6622.454,51.205406,-6.554519,15.955012,0.43440199,0.008819,0.100488
106.2478,6622.4741,51.280064,-6.62496,16.142735,0.43502799,0.009079,0.101614
106.266,6622.4941,51.323261,-6.63229,16.349676,0.435352,0.009865,0.103159
106.2912,6622.5141,51.37941,-6.708068,16.590105,0.43583399,0.010263,0.104691
106.311,6622.5342,51.442951,-6.920603,16.864037,0.436497,0.009735,0.105954
106.3284,6622.5542,51.516483,-7.15542,17.08989,0.43726501,0.008868,0.106743
106.357,6622.5742,51.639378,-7.318875,17.263491,0.438353,0.008431,0.107341
106.3785,6622.5942,51.742783,-7.386006,17.401028,0.43920299,0.008582,0.108044
106.3947,6622.6143,51.789162,-7.435072,17.500263,0.43959901,0.008647,0.108578
106.4163,6622.6343,51.800037,-7.587067,17.600784,0.43981999,0.007866,0.108765
106.4315,6622.6543,51.792576,-7.680449,17.638601,0.43984899,0.007274,0.108709
106.4523,6622.6744,51.734081,-7.695743,17.609459,0.43941399,0.006958,0.108488
106.4711,6622.6944,51.721008,-7.690404,17.517467,0.43931401,0.006628,0.107807
106.4932,6622.7144,51.773449,-7.724774,17.436054,0.43975499,0.006124,0.106984
106.5111,6622.7345,51.875923,-7.729872,17.360878,0.44055301,0.005943,0.106267
106.5317,6622.7545,51.928631,-7.646674,17.230984,0.440889,0.006166,0.105519
106.5553,6622.7746,51.927189,-7.452747,17.01226,0.440712,0.006831,0.104565
106.5765,6622.7947,51.900356,-7.222873,16.721563,0.44031501,0.007465,0.103215
106.5979,6622.8147,51.835777,-7.066525,16.472353,0.439693,0.007637,0.101942
106.6186,6622.8348,51.81797,-7.00027,16.263783,0.439511,0.007329,0.10059
106.6329,6622.8548,51.873123,-6.85418,16.057837,0.439823,0.00775,0.099491
106.6522,6622.8749,51.892475,-6.615721,15.846376,0.43978101,0.008821,0.09874
106.6702,6622.895,51.824848,-6.426363,15.642126,0.43911201,0.009426,0.09794
106.6904,6622.915,51.704102,-6.34609,15.477452,0.43812299,0.009268,0.097078
106.7149,6622.9351,51.62402,-6.269541,15.334182,0.43744999,0.009217,0.096328
106.7336,6622.9551,51.643345,-6.107779,15.210793,0.43747401,0.010032,0.095965
106.7511,6622.9751,51.640457,-5.967793,15.117621,0.437343,0.010765,0.095775
106.7772,6622.9951,51.56625,-5.859626,15.078753,0.436681,0.01137,0.095951
106.7938,6623.0152,51.537189,-5.777879,15.030544,0.43639201,0.011789,0.095912
106.8137,6623.0352,51.529278,-5.665909,14.982081,0.43624201,0.012469,0.095967
106.8347,6623.0552,51.444012,-5.604096,14.969804,0.43553001,0.012802,0.096181
106.8555,6623.0753,51.340038,-5.49847,14.970892,0.434634,0.013506,0.096681
106.8738,6623.0953,51.306938,-5.300276,14.940841,0.43421301,0.014901,0.097226
106.9004,6623.1153,51.336334,-5.072042,14.89515,0.43425301,0.016546,0.097709
106.9134,6623.1353,51.343781,-4.961162,14.896175,0.43421599,0.017425,0.098131
106.9294,6623.1554,51.306835,-5.030312,14.964811,0.43397799,0.017101,0.098436
106.9514,6623.1754,51.293018,-5.060097,15.056978,0.43388301,0.017201,0.099055
106.9701,6623.1954,51.313667,-4.97199,15.151785,0.433952,0.018273,0.100112
106.9942,6623.2155,51.306374,-4.893234,15.23778,0.43381199,0.019205,0.101088
107.0109,6623.2355,51.30246,-4.880098,15.304091,0.433759,0.019554,0.101659
107.0354,6623.2555,51.304054,-4.916496,15.34303,0.433797,0.019419,0.101824
107.0499,6623.2756,51.247536,-4.901513,15.37669,0.433339,0.019595,0.102191
107.0729,6623.2957,51.156452,-4.740913,15.380459,0.43248701,0.020754,0.102903
107.0991,6623.3157,51.047764,-4.534901,15.384351,0.43145499,0.022248,0.103799
107.1267,6623.3358,50.974098,-4.499543,15.458559,0.43083501,0.022715,0.104572
107.1353,6623.3558,51.001148,-4.665685,15.588638,0.43117201,0.021938,0.104942
107.1545,6623.3758,51.094643,-4.965433,15.757734,0.43214199,0.020347,0.105056
107.1712,6623.3958,51.16151,-5.233365,15.912619,0.432881,0.018922,0.105197
107.1879,6623.4159,51.172684,-5.335989,16.029718,0.433043,0.018577,0.105714
107.2096,6623.4359,51.136036,-5.335478,16.074339,0.432751,0.018703,0.106097
107.2308,6623.4559,51.137878,-5.347101,16.06097,0.432778,0.018564,0.105947
107.2476,6623.476,51.224194,-5.380595,16.028368,0.43348399,0.018289,0.105489
107.27,6623.496,51.308548,-5.444535,16.022535,0.43419799,0.017875,0.105126
107.2895,6623.516,51.313313,-5.47531,16.002541,0.434266,0.017565,0.104849
107.3091,6623.536,51.257507,-5.483541,15.950804,0.43384901,0.017234,0.104464
107.3346,6623.5561,51.272507,-5.448434,15.885039,0.433943,0.017278,0.10407
107.3607,6623.5761,51.356686,-5.480996,15.879736,0.43462601,0.01711,0.10383
107.3793,6623.5961,51.442089,-5.626811,15.938605,0.43541199,0.016304,0.103659
107.4051,6623.6162,51.510891,-5.712197,15.993887,0.43601501,0.015936,0.103703
107.4134,6623.6362,51.524441,-5.622989,15.951569,0.43604499,0.016488,0.1037
107.4342,6623.6562,51.476673,-5.601695,15.872316,0.43566701,0.016292,0.103206
107.4526,6623.6762,51.493263,-5.736341,15.837212,0.43592101,0.015129,0.102405
107.48,6623.6963,51.584713,-5.87421,15.861932,0.43674901,0.014264,0.101989
107.4971,6623.7163,51.671513,-5.930088,15.908801,0.43746501,0.014118,0.102061
107.5113,6623.7363,51.692265,-5.93016,15.958254,0.43762001,0.014333,0.102427
107.5331,6623.7564,51.656128,-5.912439,15.984014,0.43732101,0.014523,0.102729
107.5525,6623.7764,51.613102,-5.914575,15.973778,0.43699101,0.014412,0.102681
107.5712,6623.7964,51.607708,-5.975958,15.968398,0.43700501,0.013906,0.10241
107.5916,6623.8164,51.605751,-6.038453,15.991419,0.43704301,0.013504,0.102353
107.6193,6623.8365,51.524227,-6.091566,16.007307,0.43645701,0.013045,0.102351
107.6335,6623.8565,51.415482,-6.114704,16.030207,0.435633,0.012811,0.102544
107.6529,6623.8765,51.352249,-6.192263,16.038395,0.43521199,0.012155,0.102373
107.6796,6623.8965,51.342949,-6.364676,16.04814,0.43529201,0.010834,0.101803
107.6938,6623.9165,51.325546,-6.554418,16.040449,0.43532601,0.009301,0.101039
107.7132,6623.9364,51.257076,-6.694516,16.040081,0.434919,0.008116,0.100571
107.7397,6623.9564,51.192516,-6.72996,16.03894,0.43445,0.00775,0.100491
107.7495,6623.9764,51.138157,-6.757708,16.056692,0.43405199,0.007529,0.100578
107.7769,6623.9964,51.077953,-6.90479,16.10972,0.43371099,0.006501,0.100495
107.7922,6624.0164,51.069298,-7.03885,16.116854,0.433761,0.005469,0.100052
107.8113,6624.0364,51.055611,-7.082875,16.048508,0.433696,0.004848,0.099365
107.83,6624.0564,51.019772,-7.107341,15.933179,0.43344399,0.004173,0.098407
107.8523,6624.0764,51.020641,-7.129766,15.807656,0.433474,0.003524,0.09734
107.8726,6624.0964,51.059772,-7.165839,15.659362,0.43381199,0.002732,0.096005
107.8903,6624.1164,51.101028,-7.169767,15.4643,0.43413901,0.002016,0.094424
107.9083,6624.1364,51.131744,-7.210305,15.306849,0.43441299,0.001142,0.093009
107.9311,6624.1564,51.186325,-7.278186,15.170323,0.43489099,0.000163,0.09163
107.9511,6624.1764,51.213669,-7.299442,14.957304,0.43511999,-0.000777,0.089857
107.9785,6624.1964,51.203949,-7.235853,14.697049,0.434993,-0.00128,0.088073
107.9943,6624.2164,51.21571,-7.11661,14.398834,0.43498999,-0.001465,0.086182
108.0118,6624.2364,51.25288,-6.953455,14.090194,0.43515301,-0.001316,0.084352
108.0307,6624.2564,51.306248,-6.717431,13.757915,0.43539301,-0.000669,0.0826
108.0504,6624.2764,51.325653,-6.458646,13.436602,0.43535799,0.000157,0.081052
108.0774,6624.2964,51.283585,-6.184683,13.104158,0.43484101,0.000992,0.079527
108.0919,6624.3164,51.187805,-5.862121,12.745601,0.433878,0.002055,0.078022
108.115,6624.3364,51.122528,-5.518554,12.38147,0.433146,0.003301,0.076521
108.1401,6624.3564,51.099731,-5.011722,12.044026,0.43264499,0.005976,0.075808
108.1541,6624.3765,50.990391,-4.4188,11.696017,0.43142301,0.009208,0.075392
108.1938,6624.3965,50.761532,-3.964916,11.367646,0.42936501,0.011325,0.074671
108.1958,6624.4165,50.539043,-3.766268,11.099524,0.42752099,0.011684,0.073447
108.2096,6624.4366,50.491375,-3.81464,10.859056,0.427201,0.010365,0.071405
108.231,6624.4566,50.659523,-3.915698,10.645985,0.428599,0.00892,0.069249
108.2485,6624.4766,50.900337,-3.766895,10.366907,0.430419,0.009247,0.067468
108.2735,6624.4966,51.013794,-3.343784,9.913074,0.43110201,0.010956,0.065429
108.2927,6624.5167,50.943954,-2.801774,9.298584,0.430316,0.012851,0.062676
108.3103,6624.5367,50.762932,-2.442943,8.646878,0.42877799,0.013102,0.058983
108.33,6624.5567,50.610092,-2.267951,8.060561,0.42755499,0.012189,0.055089
108.3531,6624.5768,50.604004,-2.168522,7.670245,0.42750099,0.011512,0.052389
108.3803,6624.5968,50.662857,-2.272066,7.546313,0.428022,0.010269,0.051003
108.3937,6624.6168,50.745373,-2.626223,7.625875,0.428821,0.007828,0.050271
108.4202,6624.6368,50.787384,-3.095403,7.689859,0.429351,0.004401,0.048999
108.434,6624.6569,50.641094,-3.524651,7.612849,0.42838299,0.000641,0.046856
108.4553,6624.6769,50.364376,-3.72813,7.309019,0.426285,-0.00227,0.043839
108.4777,6624.6969,50.16309,-3.636195,6.894561,0.424656,-0.003206,0.041008
108.49,6624.717,50.084522,-3.354737,6.559755,0.42392999,-0.002269,0.039443
108.5173,6624.737,50.00679,-3.00988,6.227677,0.42319599,-0.000815,0.038128
108.5345,6624.757,49.878323,-2.605416,5.809777,0.42205,0.000775,0.036367
108.5523,6624.777,49.753197,-2.292009,5.356242,0.42096999,0.001527,0.033977
108.5718,6624.7971,49.631832,-2.227077,4.927035,0.41999599,0.000414,0.030858
108.593,6624.8171,49.512569,-2.344674,4.616773,0.419081,-0.001701,0.028008
108.6131,6624.8371,49.560055,-2.441339,4.41427,0.41947499,-0.003189,0.026036
108.6314,6624.8572,49.749874,-2.465457,4.317132,0.42097899,-0.003664,0.02512
108.6577,6624.8772,49.817074,-2.503126,4.201501,0.421514,-0.004362,0.024046
108.6813,6624.8972,49.724983,-2.559094,4.003517,0.420789,-0.005566,0.022302
108.6992,6624.9172,49.54752,-2.46701,3.74921,0.41935501,-0.005831,0.020679
108.7221,6624.9372,49.433235,-2.175573,3.475699,0.41838601,-0.004559,0.019609
108.7322,6624.9572,49.456818,-1.925958,3.257166,0.418524,-0.003372,0.018783
108.7493,6624.9772,49.513523,-1.926068,3.138365,0.41896901,-0.003791,0.017828
108.7775,6624.9972,49.397541,-1.976506,3.047647,0.418055,-0.004554,0.016952
108.8051,6625.0172,49.162914,-1.909117,2.942077,0.416181,-0.004467,0.016414
108.8189,6625.0372,48.933277,-1.782808,2.771893,0.41433501,-0.00414,0.015571
108.8373,6625.0572,48.861214,-1.722325,2.618864,0.41374901,-0.00423,0.014589
108.852,6625.0772,48.959816,-1.982969,2.692767,0.41456801,-0.006009,0.014213
108.8727,6625.0972,49.216064,-2.427719,2.882512,0.416668,-0.008783,0.014044
108.8938,6625.1172,49.535709,-2.687583,2.956066,0.419238,-0.010484,0.013593
108.9117,6625.1372,49.503544,-2.665989,2.958595,0.41898099,-0.010313,0.013701
108.9316,6625.1572,49.212154,-2.712784,2.995034,0.41668099,-0.010636,0.013901
108.9573,6625.1771,48.920906,-2.30686,2.921738,0.414314,-0.007763,0.014869
108.9906,6625.1971,48.68145,-1.689233,2.593661,0.41231599,-0.0041,0.014544
108.9985,6625.2171,48.75058,-1.69885,2.140222,0.41284701,-0.005794,0.010892
109.0119,6625.2371,48.757408,-1.863304,1.868411,0.412898,-0.008079,0.008138
109.0321,6625.2571,48.543739,-2.210584,1.88024,0.41122401,-0.010839,0.007026
109.0551,6625.2771,48.349892,-2.500435,2.079891,0.40972099,-0.012471,0.00762
109.0746,6625.2971,48.274426,-2.466703,2.226159,0.40913299,-0.011697,0.008923
109.094,6625.3171,48.375641,-2.325874,2.207636,0.409926,-0.010619,0.009255
109.1145,6625.3371,48.504707,-2.439406,2.164127,0.41095701,-0.011649,0.008472
109.1341,6625.3571,48.478493,-2.723626,2.276832,0.41078201,-0.013512,0.008356
109.1538,6625.3771,48.30864,-2.881926,2.491325,0.40946901,-0.014047,0.009542
109.171,6625.3971,48.14761,-3.101984,2.738933,0.40823799,-0.01496,0.010775
109.1917,6625.4171,48.12397,-3.445041,2.919292,0.408108,-0.017057,0.010997
109.2097,6625.4371,48.23114,-3.593333,2.942102,0.40897799,-0.018123,0.010614
109.2285,6625.4571,48.251152,-3.50107,2.879976,0.40911901,-0.017604,0.010442
109.2523,6625.4771,48.077301,-3.409128,2.919394,0.40773299,-0.016785,0.011141
109.2696,6625.4971,47.932404,-3.385138,2.99309,0.406587,-0.016377,0.011861
109.2897,6625.5171,47.976112,-3.343538,2.965436,0.40692699,-0.01613,0.011774
109.3117,6625.5371,48.083721,-3.249708,2.839031,0.40775701,-0.015799,0.011066
109.337,6625.557,48.149258,-3.202166,2.710988,0.40825701,-0.015857,0.010195
109.3533,6625.577,48.19014,-3.166624,2.645413,0.40856999,-0.015796,0.009787
109.3757,6625.597,48.17667,-3.151593,2.656382,0.408463,-0.015641,0.009932
109.3941,6625.617,48.159134,-3.165063,2.65308,0.408324,-0.015765,0.009863
109.4127,6625.637,48.123791,-3.124102,2.629411,0.40803599,-0.015533,0.009831
109.4315,6625.657,48.123535,-3.198967,2.649184,0.408043,-0.016059,0.009722
109.4553,6625.677,48.217823,-3.243795,2.67363,0.40880099,-0.016302,0.009728
109.4767,6625.697,48.338348,-3.19258,2.662956,0.40975401,-0.015898,0.009789
109.4928,6625.717,48.372627,-3.111216,2.646408,0.41001701,-0.0153,0.009938
109.5464,6625.737,48.341927,-3.162618,2.662825,0.40978,-0.015659,0.009894
109.5624,6625.757,48.339947,-3.296054,2.739038,0.40978599,-0.016449,0.010024
109.5697,6625.777,48.391682,-3.358631,2.802663,0.41021201,-0.016704,0.01029
109.579,6625.797,48.414944,-3.301478,2.767568,0.41038701,-0.016368,0.010208
109.5969,6625.817,48.3568,-3.087089,2.693775,0.409895,-0.014943,0.010406
109.6223,6625.837,48.307896,-3.085315,2.669915,0.40950301,-0.015028,0.010237
109.6324,6625.857,48.326077,-3.143214,2.6427,0.40964901,-0.015581,0.009808
109.6506,6625.877,48.326572,-2.993089,2.597655,0.40963399,-0.014547,0.009986
109.6727,6625.897,48.326706,-2.931506,2.557314,0.40962499,-0.014201,0.009885
109.6916,6625.917,48.399864,-2.998704,2.552574,0.41021201,-0.014733,0.009586
109.7106,6625.937,48.511047,-2.992692,2.567087,0.41109699,-0.014603,0.009691
109.7382,6625.957,48.553078,-3.00464,2.595382,0.41143599,-0.014585,0.009861
109.7609,6625.9769,48.550407,-2.986212,2.570366,0.41141,-0.014529,0.009729
109.7777,6625.9969,48.508598,-2.89431,2.515838,0.41106299,-0.014005,0.009637
109.8193,6626.0169,48.465187,-2.85298,2.452703,0.410707,-0.013914,0.009295
109.8225,6626.0369,48.467857,-2.837419,2.438618,0.410725,-0.01384,0.009238
109.8331,6626.0569,48.495777,-2.878243,2.470553,0.410954,-0.014043,0.009338
109.8561,6626.0769,48.507587,-2.971807,2.500968,0.41106001,-0.014675,0.009241
109.8693,6626.0969,48.537235,-2.946777,2.464201,0.41128901,-0.0146,0.00903
109.8981,6626.1169,48.550777,-2.795488,2.351747,0.41137099,-0.013797,0.008675
109.9137,6626.1369,48.469154,-2.668461,2.224772,0.41069701,-0.013262,0.008142
109.9443,6626.1569,48.355972,-2.564286,2.148086,0.40978101,-0.012734,0.007933
109.9554,6626.1769,48.350868,-2.429373,2.094482,0.40972501,-0.011853,0.00799
109.9739,6626.1969,48.463146,-2.382536,2.115278,0.41061699,-0.011381,0.008297
109.9899,6626.2169,48.596485,-2.417599,2.144309,0.41168299,-0.011526,0.008371
110.0141,6626.2369,48.621613,-2.338267,2.091331,0.411872,-0.01108,0.008229
110.0311,6626.2569,48.524326,-2.241767,2.055834,0.41108799,-0.010461,0.008315
110.0611,6626.2769,48.460426,-2.298257,2.089059,0.41058701,-0.010805,0.008391
110.0703,6626.2969,48.508331,-2.375685,2.143299,0.410979,-0.011216,0.008534
110.0908,6626.3169,48.588825,-2.355562,2.190631,0.41162199,-0.010868,0.008964
110.1434,6626.3369,48.587151,-2.295108,2.259852,0.41161001,-0.010139,0.009732
110.1439,6626.3569,48.53474,-2.391011,2.371258,0.411212,-0.010514,0.010286
110.1512,6626.3768,48.562962,-2.533809,2.434443,0.41145501,-0.011416,0.010269
110.1957,6626.3968,48.586372,-2.562219,2.457577,0.41164601,-0.011553,0.010345
110.1967,6626.4168,48.59811,-2.457083,2.442011,0.41172799,-0.01077,0.010596
110.2209,6626.4368,48.627556,-2.35518,2.489169,0.411957,-0.009783,0.01133
110.2306,6626.4568,48.662128,-2.356172,2.554319,0.41223699,-0.009548,0.011836
110.2482,6626.4768,48.659958,-2.381486,2.611244,0.412227,-0.009545,0.012198
110.2707,6626.4968,48.615074,-2.378705,2.641671,0.41187301,-0.009425,0.012461
110.2898,6626.5168,48.574551,-2.339921,2.664515,0.41154799,-0.009045,0.012792
110.3079,6626.5368,48.583118,-2.282278,2.732556,0.41161501,-0.00834,0.013538
110.3351,6626.5568,48.682877,-2.329913,2.825247,0.41242,-0.008359,0.014079
110.349,6626.5768,48.786804,-2.344434,2.940709,0.41325599,-0.00803,0.014918
110.3701,6626.5968,48.778038,-2.3801,3.061579,0.41319901,-0.00788,0.015752
110.3915,6626.6168,48.688358,-2.420688,3.156404,0.41249901,-0.007887,0.016383
110.4135,6626.6368,48.620625,-2.51872,3.250789,0.411982,-0.008347,0.016799
110.4321,6626.6568,48.643463,-2.719573,3.401093,0.41220501,-0.009396,0.017265
110.4537,6626.6768,48.764431,-2.955834,3.590853,0.41321799,-0.01055,0.017885
110.4746,6626.6968,48.840694,-3.15012,3.785499,0.41387299,-0.011364,0.018705
110.4927,6626.7168,48.801399,-3.277794,3.941303,0.413598,-0.01183,0.019495
110.5139,6626.7368,48.684544,-3.313346,4.036947,0.412687,-0.011812,0.020168
110.5357,6626.7568,48.630394,-3.302741,4.049598,0.412256,-0.011703,0.020326
110.5555,6626.7768,48.72488,-3.279912,4.018051,0.412999,-0.011599,0.020124
110.5738,6626.7967,48.893333,-3.180661,3.918393,0.414309,-0.011107,0.019632
110.5969,6626.8167,48.914204,-3.044996,3.849306,0.41444501,-0.010272,0.019567
110.6127,6626.8367,48.824886,-3.039737,3.855016,0.41373599,-0.010242,0.019661
110.6308,6626.8567,48.844837,-3.146689,3.890768,0.41391599,-0.010955,0.019552
110.65,6626.8767,49.000954,-3.19555,3.919268,0.41516501,-0.011182,0.019548
110.6724,6626.8967,49.108196,-3.199594,3.919858,0.41601601,-0.011172,0.019501
110.6975,6626.9167,49.081104,-3.062963,3.891485,0.415775,-0.010201,0.019781
110.7113,6626.9367,49.024002,-2.828488,3.823076,0.41527599,-0.008609,0.020107
110.7317,6626.9567,49.000053,-2.633144,3.770898,0.415048,-0.007256,0.020408
110.7581,6626.9767,49.044228,-2.555834,3.787791,0.41538599,-0.006566,0.020809
110.7772,6626.9967,49.138786,-2.581417,3.880188,0.416145,-0.006401,0.021421
110.8004,6627.0167,49.220413,-2.570271,4.01601,0.41679701,-0.00579,0.022514
110.814,6627.0367,49.268879,-2.541754,4.147434,0.417182,-0.005068,0.023645
110.8351,6627.0567,49.31469,-2.52374,4.240846,0.41754499,-0.004568,0.024437
110.8544,6627.0767,49.35342,-2.572347,4.290967,0.41786399,-0.004756,0.024645
110.8706,6627.0967,49.411247,-2.68961,4.335679,0.418349,-0.0055,0.024553
110.8896,6627.1167,49.562237,-2.717972,4.402709,0.41955301,-0.005421,0.024931
110.9096,6627.1367,49.851574,-2.693427,4.478153,0.421839,-0.004836,0.025523
110.9317,6627.1567,50.249794,-2.66297,4.598138,0.424981,-0.003993,0.026452
110.9521,6627.1767,50.685226,-2.589138,4.683366,0.42839801,-0.002917,0.027255
110.9715,6627.1967,50.812725,-2.547171,4.763837,0.42939401,-0.002233,0.028004
110.9932,6627.2166,50.458363,-2.496193,4.900133,0.42659199,-0.001469,0.029386
111.0104,6627.2366,50.045544,-2.42733,5.029122,0.42331901,-0.000621,0.030796
111.0325,6627.2566,49.872284,-2.239101,5.037082,0.42189899,0.000823,0.031609
111.0636,6627.2766,49.736759,-2.147083,5.008169,0.42080301,0.001388,0.031761
111.0778,6627.2966,49.553864,-2.10124,5.008402,0.41934401,0.001676,0.031987
111.0981,6627.3166,49.40591,-2.035762,5.074294,0.41815299,0.002374,0.032793
111.1271,6627.3366,49.333145,-1.921039,5.157199,0.41754201,0.003555,0.03389
111.1336,6627.3566,49.319698,-1.834682,5.241306,0.41740599,0.00454,0.034875
111.1518,6627.3766,49.318764,-1.818411,5.235936,0.41739401,0.004649,0.034892
111.1722,6627.3966,49.339417,-1.754221,5.193043,0.41754001,0.00501,0.03478
111.1894,6627.4166,49.403877,-1.721983,5.161212,0.418042,0.005176,0.034627
111.2101,6627.4366,49.411385,-1.651518,5.174852,0.41807899,0.005787,0.03499
111.2322,6627.4566,49.337391,-1.571802,5.196172,0.41746801,0.006466,0.03547
111.2548,6627.4766,49.290424,-1.486046,5.212832,0.417068,0.007187,0.035927
111.2713,6627.4966,49.297234,-1.466378,5.243145,0.41711399,0.007456,0.036237
111.2925,6627.5166,49.350601,-1.620174,5.330325,0.41758001,0.006577,0.036353
111.3196,6627.5366,49.382626,-1.740435,5.435421,0.41786599,0.006021,0.036738
111.3384,6627.5566,49.318764,-1.775021,5.574789,0.417364,0.006227,0.037735
111.3535,6627.5766,49.258663,-1.792987,5.694324,0.416888,0.006493,0.038635
111.385,6627.5966,49.256813,-1.862415,5.819125,0.41689,0.006396,0.039372
111.3933,6627.6165,49.258675,-2.080545,5.956456,0.41697299,0.005168,0.039666
111.4122,6627.6365,49.284966,-2.281707,6.036749,0.417247,0.003879,0.039561
111.4305,6627.6565,49.303596,-2.278961,6.049689,0.417393,0.003957,0.039667
111.4535,6627.6765,49.319668,-2.213357,6.033607,0.41749799,0.004426,0.039773
111.4828,6627.6965,49.395397,-2.209213,5.987893,0.418098,0.004329,0.0394
111.4951,6627.7165,49.501923,-2.255999,5.94818,0.41895801,0.003865,0.038878
111.5144,6627.7365,49.589691,-2.297148,5.911664,0.41966701,0.003448,0.038408
111.5303,6627.7565,49.656612,-2.225673,5.853923,0.420174,0.003834,0.03819
111.5584,6627.7765,49.69722,-2.179212,5.819076,0.420481,0.004093,0.038071
111.5729,6627.7965,49.727776,-2.28737,5.858319,0.420757,0.003396,0.037974
111.5963,6627.8165,49.788898,-2.47646,5.948648,0.42129999,0.002262,0.037972
111.612,6627.8365,49.819183,-2.58973,5.996411,0.42157599,0.001557,0.037922
111.6345,6627.8565,49.770214,-2.612875,6.016633,0.421197,0.001424,0.038015
111.654,6627.8766,49.745197,-2.556703,5.969889,0.42098099,0.001684,0.037861
111.6697,6627.8966,49.789604,-2.462004,5.898959,0.42130199,0.002194,0.037632
111.6948,6627.9166,49.825844,-2.484996,5.841106,0.421597,0.001817,0.037077
111.7128,6627.9366,49.81712,-2.557133,5.837471,0.42155099,0.001229,0.036786
111.7313,6627.9567,49.808674,-2.533292,5.834085,0.42147699,0.001401,0.03685
111.7587,6627.9767,49.838055,-2.484563,5.832607,0.421693,0.001795,0.037007
111.7834,6627.9968,49.920551,-2.444279,5.87298,0.42233101,0.002302,0.037445
111.793,6628.0168,50.001503,-2.561856,5.958534,0.42300701,0.001728,0.037658
111.8157,6628.0369,50.012363,-2.647403,6.020414,0.42311999,0.001286,0.037827
111.8385,6628.0569,49.960659,-2.619622,6.040042,0.42270201,0.001552,0.038104
111.8575,6628.077,49.978519,-2.525846,6.035191,0.42281201,0.002284,0.038405
111.8709,6628.0971,50.066032,-2.445414,6.026577,0.42347601,0.002931,0.038602
111.8974,6628.1171,50.092663,-2.489197,6.057035,0.4237,0.002711,0.038671
111.9142,6628.1372,50.102772,-2.534606,6.062055,0.42379501,0.002376,0.038539
111.9302,6628.1572,50.156704,-2.518784,6.049946,0.42421499,0.002483,0.038482
111.9549,6628.1773,50.19482,-2.475556,6.059055,0.424501,0.002877,0.0387
111.975,6628.1974,50.160172,-2.477337,6.118826,0.424227,0.003067,0.039178
111.9912,6628.2174,50.14085,-2.536787,6.189107,0.42409301,0.002848,0.03952
112.0135,6628.2375,50.206017,-2.608766,6.234983,0.424631,0.002483,0.039591
112.049,6628.2576,50.242867,-2.610711,6.244265,0.42492199,0.002521,0.039643
112.0556,6628.2776,50.199001,-2.560643,6.267039,0.42455801,0.002978,0.040025
112.0841,6628.2977,50.19651,-2.532629,6.324844,0.42452699,0.003412,0.040586
112.0933,6628.3177,50.244888,-2.583962,6.410083,0.42492399,0.003348,0.04105
112.1192,6628.3378,50.273731,-2.665416,6.436103,0.42517999,0.002817,0.040942
112.16,6628.3579,50.254005,-2.657584,6.419026,0.42502201,0.002805,0.040844
112.1668,6628.3779,50.241119,-2.573112,6.379713,0.424891,0.003319,0.040852
112.1735,6628.398,50.270718,-2.475542,6.307905,0.42509201,0.003838,0.040636
112.2016,6628.4181,50.281116,-2.426805,6.216284,0.42515999,0.003888,0.04009
112.2122,6628.4381,50.267979,-2.317888,6.127347,0.42502201,0.004411,0.039797
112.2306,6628.4581,50.224983,-2.276522,6.05771,0.42467099,0.004458,0.039416
112.2514,6628.4782,50.213043,-2.302887,6.052576,0.424586,0.004225,0.039282
112.2701,6628.4982,50.260094,-2.325834,6.088148,0.42496401,0.004199,0.039461
112.2926,6628.5182,50.344807,-2.365942,6.099332,0.42564499,0.003966,0.03937
112.3118,6628.5383,50.430649,-2.267455,6.081777,0.42628801,0.00472,0.039567
112.3305,6628.5583,50.414219,-2.23207,6.072087,0.42614701,0.004955,0.039628
112.3518,6628.5783,50.339073,-2.317641,6.103585,0.425583,0.00436,0.039585
112.3799,6628.5983,50.329754,-2.303891,6.125969,0.425504,0.004547,0.039816
112.393,6628.6183,50.351994,-2.271623,6.15488,0.42566699,0.00492,0.040156
112.4109,6628.6384,50.359638,-2.307137,6.211504,0.42573699,0.004854,0.040468
112.4349,6628.6584,50.382137,-2.408063,6.263894,0.42594799,0.004264,0.040498
112.4528,6628.6784,50.405369,-2.413014,6.300538,0.42613101,0.004373,0.04076
112.4736,6628.6985,50.398701,-2.391321,6.301154,0.42607099,0.004543,0.040848
112.4949,6628.7185,50.407448,-2.396462,6.285856,0.42614201,0.00445,0.040705
112.5168,6628.7385,50.411312,-2.386246,6.262578,0.42616999,0.004446,0.040558
112.5375,6628.7585,50.393173,-2.389492,6.268716,0.42602801,0.004434,0.040601
112.5722,6628.7786,50.404167,-2.400982,6.248271,0.42612001,0.004273,0.040393
112.5767,6628.7986,50.415604,-2.444733,6.220114,0.42622599,0.003829,0.040004
112.5977,6628.8186,50.415058,-2.436862,6.146514,0.42622101,0.003617,0.039453
112.6134,6628.8387,50.409893,-2.456202,6.088192,0.42618901,0.003245,0.038923
112.6361,6628.8587,50.42165,-2.552965,6.139074,0.42631301,0.002677,0.03896
112.6533,6628.8787,50.49464,-2.638745,6.247889,0.42691499,0.002443,0.039471
112.6951,6628.8987,50.563438,-2.665398,6.292279,0.42746499,0.002434,0.039695
112.7006,6628.9188,50.56686,-2.722381,6.361802,0.42750999,0.002246,0.040029
112.7145,6628.9388,50.564232,-2.774629,6.41571,0.42750701,0.002034,0.04026
112.7358,6628.9588,50.58046,-2.82126,6.415141,0.42765099,0.001673,0.040075
112.7563,6628.9788,50.596649,-2.763001,6.368063,0.42775899,0.001965,0.039915
112.7797,6628.9989,50.606949,-2.759295,6.289416,0.42783999,0.001706,0.039305
112.7995,6629.0189,50.646137,-2.771393,6.244949,0.42815301,0.001465,0.038894
112.822,6629.0389,50.683025,-2.782372,6.24477,0.42844701,0.001397,0.038837
112.8366,6629.059,50.673088,-2.761663,6.223911,0.42836201,0.001477,0.038754
112.8532,6629.079,50.6241,-2.71447,6.1788,0.42796099,0.001655,0.038594
112.8769,6629.099,50.614693,-2.690356,6.127316,0.42787999,0.001648,0.038282
112.8973,6629.119,50.66021,-2.651359,6.074487,0.42822599,0.001781,0.037994
112.9153,6629.1391,50.681446,-2.59376,6.036628,0.42837501,0.002104,0.037903
112.9321,6629.1591,50.665535,-2.590328,6.064705,0.42824799,0.002228,0.038143
112.9511,6629.1791,50.669392,-2.625343,6.092798,0.428289,0.002059,0.038232
112.9799,6629.1992,50.670956,-2.57114,6.101938,0.42828301,0.002521,0.038506
112.993,6629.2192,50.678722,-2.52603,6.111746,0.42832899,0.002917,0.038749
113.0133,6629.2392,50.739964,-2.458435,6.102084,0.42878801,0.003444,0.038903
113.0356,6629.2591,50.812862,-2.440526,6.140405,0.42935401,0.003765,0.039245
113.0606,6629.2791,50.849571,-2.528856,6.169202,0.429672,0.003196,0.039127
113.0779,6629.2991,50.829376,-2.53751,6.151146,0.429517,0.00305,0.03896
113.0933,6629.3191,50.78236,-2.453322,6.108363,0.42912,0.003529,0.038956
113.1355,6629.3391,50.7677,-2.420941,6.120475,0.42899299,0.003822,0.039178
113.1367,6629.3591,50.813541,-2.552047,6.197445,0.429396,0.003101,0.039276
113.1549,6629.3791,50.891418,-2.6616,6.258619,0.43004501,0.002508,0.039317
113.1729,6629.3991,50.893623,-2.704129,6.278247,0.430076,0.002248,0.039311
113.1939,6629.4191,50.829079,-2.709705,6.26182,0.429571,0.002109,0.039186
113.2166,6629.4391,50.834499,-2.72953,6.234948,0.42962101,0.001855,0.038898
113.2305,6629.4591,50.939587,-2.845776,6.240388,0.43048599,0.001015,0.038463
113.2504,6629.4791,51.071323,-2.987335,6.232603,0.431568,-5.9e-05,0.037816
113.276,6629.4991,51.11039,-2.970428,6.181265,0.431869,-9.9e-05,0.03746
113.2916,6629.5191,51.091599,-3.033499,6.139812,0.43174201,-0.000761,0.036904
113.3111,6629.5391,51.149727,-3.057432,6.081446,0.432206,-0.001139,0.036331
113.3332,6629.5591,51.209915,-3.156935,6.036971,0.43270901,-0.002058,0.035581
113.3676,6629.5791,51.23214,-3.3333,6.056246,0.43293801,-0.00336,0.035057
113.3782,6629.5991,51.26725,-3.429843,6.111343,0.433245,-0.003892,0.03511
113.3968,6629.6191,51.336777,-3.538848,6.199421,0.43382701,-0.004378,0.035359
113.4161,6629.6391,51.387035,-3.701465,6.306581,0.43427601,-0.005222,0.035562
113.4361,6629.659,51.38755,-3.834874,6.408034,0.43432701,-0.005885,0.035853
113.4608,6629.679,51.334293,-3.938101,6.512373,0.433947,-0.006331,0.036307
113.478,6629.699,51.257698,-4.065354,6.634818,0.43339401,-0.006912,0.036825
113.4946,6629.719,51.246151,-4.151344,6.727773,0.433337,-0.007243,0.037236
113.521,6629.739,51.296364,-4.289793,6.805606,0.433781,-0.008006,0.037298
113.5309,6629.759,51.372517,-4.4321,6.855001,0.43442801,-0.00889,0.037107
113.5522,6629.779,51.392673,-4.405844,6.866986,0.434578,-0.008626,0.03729
113.5744,6629.799,51.361221,-4.309369,6.846579,0.43429899,-0.007965,0.037512
113.5919,6629.819,51.31398,-4.247866,6.839387,0.43390799,-0.007538,0.037713
113.6106,6629.839,51.320995,-4.307425,6.853542,0.433983,-0.007948,0.037595
113.6357,6629.859,51.358234,-4.330606,6.84517,0.434282,-0.008139,0.037422
113.6547,6629.879,51.316532,-4.229826,6.837733,0.43392199,-0.007401,0.037767
113.679,6629.899,51.21978,-4.183886,6.881068,0.43315101,-0.006935,0.038331
113.7026,6629.919,51.154728,-4.250721,6.984374,0.43266901,-0.00711,0.038924
113.7229,6629.939,51.161579,-4.479786,7.142992,0.43281201,-0.008307,0.039302
113.7335,6629.959,51.208195,-4.665358,7.247327,0.433249,-0.009341,0.039395
113.7541,6629.979,51.202633,-4.60329,7.24545,0.433184,-0.008864,0.039618
113.7741,6629.999,51.137005,-4.498955,7.189438,0.43262899,-0.008298,0.039608
113.8012,6630.019,51.059414,-4.441764,7.136931,0.431997,-0.008096,0.039453
113.8215,6630.039,51.025402,-4.421942,7.086955,0.43171999,-0.00815,0.039153
113.8379,6630.059,51.047699,-4.447446,7.025791,0.43189901,-0.008567,0.038564
113.859,6630.0789,51.045612,-4.438996,6.97162,0.431876,-0.008706,0.038171
113.8755,6630.0989,51.005707,-4.406485,6.93504,0.43154901,-0.008613,0.038027
113.8948,6630.1189,51.008999,-4.32063,6.916909,0.43154499,-0.008004,0.038206
113.9199,6630.1389,51.041443,-4.28314,6.914837,0.43178701,-0.007697,0.038314
113.9443,6630.1589,51.081459,-4.38444,6.946356,0.43213701,-0.00835,0.038159
113.9538,6630.1789,51.108986,-4.502659,6.994134,0.43239599,-0.009082,0.038074
113.9768,6630.1989,51.109627,-4.503289,6.98316,0.43239999,-0.009128,0.037985
113.9929,6630.2189,51.081734,-4.411268,6.958225,0.43214899,-0.008516,0.038151
114.0209,6630.2389,51.047276,-4.346262,6.928305,0.43185499,-0.008139,0.038179
114.0353,6630.2589,51.059574,-4.418237,6.897627,0.43197301,-0.008813,0.03766
114.0667,6630.2789,51.059425,-4.464323,6.847349,0.43198299,-0.009365,0.037091
114.0776,6630.2989,51.011803,-4.367639,6.789192,0.431573,-0.008853,0.037023
114.0943,6630.3189,50.982086,-4.235695,6.758154,0.43129501,-0.00795,0.037291
114.1191,6630.3389,51.021004,-4.15137,6.714967,0.43156999,-0.007426,0.037249
114.1319,6630.3589,51.073296,-4.193316,6.68197,0.43199199,-0.007849,0.036805
114.1521,6630.3789,51.114002,-4.275784,6.702418,0.43233901,-0.008396,0.036634
114.1727,6630.3989,51.139618,-4.287406,6.763351,0.43254799,-0.008242,0.037056
114.1983,6630.4189,51.158356,-4.274796,6.799234,0.43269399,-0.007996,0.037376
114.2149,6630.4389,51.159771,-4.223158,6.786861,0.43268701,-0.007636,0.037473
114.2345,6630.4589,51.132988,-4.236305,6.796007,0.432482,-0.007721,0.037509
114.2503,6630.4789,51.129726,-4.276167,6.808826,0.43246999,-0.007988,0.037461
114.2717,6630.4988,51.191017,-4.28198,6.811323,0.432953,-0.007987,0.037427
114.2937,6630.5188,51.282284,-4.203573,6.792165,0.433642,-0.007388,0.037526
114.3115,6630.5388,51.271976,-4.143407,6.774869,0.43353999,-0.006987,0.037623
114.3315,6630.5588,51.240593,-4.105402,6.744503,0.43327999,-0.006822,0.037544
114.3537,6630.5788,51.256886,-4.072288,6.71968,0.433395,-0.006646,0.037466
114.3785,6630.5988,51.294655,-4.004678,6.710517,0.433669,-0.006127,0.037631
114.3953,6630.6188,51.314285,-3.940031,6.688749,0.43380001,-0.00569,0.037695
114.4198,6630.6388,51.327431,-3.98025,6.693806,0.43391699,-0.005979,0.037576
114.4369,6630.6588,51.381073,-4.07681,6.727226,0.43437099,-0.006579,0.037446
114.4597,6630.6788,51.449226,-4.094904,6.76873,0.43491301,-0.006523,0.037669
114.4747,6630.6988,51.477016,-4.076905,6.786645,0.43512601,-0.006297,0.037864
114.5119,6630.7188,51.450264,-4.02184,6.786844,0.43489799,-0.00588,0.038088
114.5238,6630.7388,51.42931,-3.998621,6.783207,0.434726,-0.005724,0.038158
114.5356,6630.7588,51.484196,-4.022923,6.785324,0.435164,-0.005874,0.038055
114.5603,6630.7788,51.579823,-3.986257,6.772747,0.4359,-0.005577,0.038048
114.5737,6630.7988,51.616104,-3.911199,6.710334,0.43615699,-0.005204,0.037826
114.5947,6630.8188,51.589523,-3.817583,6.645956,0.43591499,-0.00473,0.03769
114.6135,6630.8388,51.56168,-3.740672,6.559588,0.43566799,-0.004471,0.037318
114.6337,6630.8588,51.561295,-3.723972,6.465723,0.43565601,-0.004697,0.036645
114.6554,6630.8788,51.575851,-3.688874,6.390589,0.435756,-0.004699,0.036182
114.6815,6630.8988,51.597023,-3.592003,6.345905,0.43588901,-0.004097,0.03619
114.6981,6630.9187,51.629311,-3.485288,6.32087,0.43610799,-0.003337,0.036385
114.7273,6630.9387,51.653641,-3.519424,6.324423,0.43630901,-0.003578,0.036272
114.739,6630.9587,51.690842,-3.63159,6.343944,0.43663701,-0.004363,0.035981
114.7509,6630.9787,51.729843,-3.694407,6.331122,0.436961,-0.004883,0.035623
114.7748,6630.9987,51.722797,-3.614232,6.299128,0.43687999,-0.00438,0.035681
114.7952,6631.0187,51.699265,-3.501243,6.273592,0.43665901,-0.003604,0.035922
114.8125,6631.0387,51.739685,-3.475717,6.288736,0.436968,-0.003324,0.03612
114.8343,6631.0587,51.83543,-3.559348,6.341444,0.43774599,-0.003726,0.036171
114.8518,6631.0787,51.878422,-3.668067,6.442002,0.43812001,-0.00417,0.036524
114.8795,6631.0987,51.87397,-3.71589,6.531281,0.438104,-0.004206,0.037043
114.9174,6631.1187,51.888062,-3.592293,6.570326,0.43817499,-0.00308,0.037815
114.9239,6631.1387,51.93483,-3.519651,6.583179,0.438517,-0.002435,0.038172
114.932,6631.1587,51.999977,-3.573947,6.590836,0.43904501,-0.002794,0.037994
114.9548,6631.1787,52.051537,-3.66339,6.619304,0.43947801,-0.003356,0.03785
114.977,6631.1987,52.075298,-3.697277,6.605922,0.439675,-0.003659,0.037604
114.9926,6631.2187,52.046684,-3.604044,6.547053,0.439419,-0.003171,0.037514
115.0302,6631.2387,52.029018,-3.507617,6.472389,0.43924701,-0.002712,0.037307
115.0459,6631.2587,52.035774,-3.472273,6.435692,0.43928799,-0.002572,0.037152
115.0629,6631.2787,52.06385,-3.516103,6.462993,0.439522,-0.002795,0.037185
115.0849,6631.2986,52.114849,-3.545113,6.48555,0.43993101,-0.002907,0.037227
115.0938,6631.3186,52.129726,-3.48434,6.424048,0.44002599,-0.002659,0.036972
115.1141,6631.3386,52.090038,-3.363948,6.389453,0.43967599,-0.001871,0.037181
115.1373,6631.3586,52.054703,-3.337231,6.393143,0.43939099,-0.001667,0.037328
115.1544,6631.3786,52.057194,-3.404514,6.417287,0.43943301,-0.0021,0.037258
115.1716,6631.3986,52.070961,-3.415908,6.364535,0.43954301,-0.002384,0.036795
115.1933,6631.4186,52.046761,-3.276722,6.228134,0.439307,-0.00183,0.036271
115.2109,6631.4386,51.989529,-3.107415,6.090285,0.438804,-0.001062,0.035864
115.2354,6631.4586,51.949577,-2.990621,6.044665,0.43845499,-0.000342,0.03597
115.2559,6631.4786,51.947979,-2.941771,6.0363,0.438427,8e-06,0.036092
115.2789,6631.4986,51.927078,-2.931793,6.049243,0.43825999,0.000125,0.03624
115.2912,6631.5186,51.895538,-2.977612,6.049046,0.43802801,-0.000251,0.036076
115.318,6631.5386,51.864376,-2.888619,6.027923,0.437756,0.00035,0.036263
115.3312,6631.5586,51.844978,-2.77254,6.005351,0.437567,0.001164,0.036537
115.3539,6631.5786,51.88187,-2.761168,6.037613,0.437852,0.001395,0.036819
115.3733,6631.5986,51.950592,-2.832035,6.083795,0.43841201,0.001051,0.036883
115.3931,6631.6186,51.961491,-2.789315,6.087092,0.43848401,0.001404,0.037068
115.413,6631.6386,51.90321,-2.7105,6.019578,0.438003,0.001734,0.036863
115.4349,6631.6586,51.88665,-2.610261,5.950899,0.43784201,0.002249,0.036714
115.4536,6631.6786,51.919605,-2.563522,5.914374,0.438086,0.002492,0.036594
115.4864,6631.6986,51.946877,-2.588722,5.900025,0.438308,0.002253,0.036375
115.4992,6631.7185,51.971413,-2.548269,5.880929,0.43848801,0.002509,0.036371
115.5153,6631.7385,51.995018,-2.470733,5.852465,0.43864799,0.003019,0.036436
115.5391,6631.7585,51.997761,-2.382235,5.795576,0.43864301,0.003496,0.036328
115.5549,6631.7785,51.964478,-2.343128,5.778927,0.438371,0.003723,0.036359
115.5784,6631.7985,51.93655,-2.377984,5.750276,0.438164,0.003327,0.036011
115.5919,6631.8185,51.947704,-2.459397,5.711784,0.43827799,0.002547,0.035394
115.6166,6631.8385,52.005989,-2.532788,5.7558,0.43875599,0.002168,0.035437
115.6331,6631.8585,52.024616,-2.474022,5.741086,0.43888399,0.002581,0.03554
115.6589,6631.8785,51.927662,-2.433661,5.753044,0.43811199,0.002897,0.035823
115.6737,6631.8985,51.836338,-2.466994,5.801703,0.437406,0.002778,0.03611
115.6912,6631.9185,51.869114,-2.511635,5.840525,0.43767601,0.002592,0.036232
115.7173,6631.9385,51.912609,-2.505265,5.853101,0.438014,0.002711,0.036339
115.7354,6631.9585,51.869328,-2.505164,5.860469,0.437675,0.002719,0.036413
115.7559,6631.9785,51.79969,-2.528518,5.901858,0.43713599,0.00266,0.036674
115.7716,6631.9985,51.783722,-2.58613,5.942125,0.437029,0.002354,0.036776
115.7927,6632.0185,51.780823,-2.623369,5.978714,0.43701699,0.0022,0.036922
115.8107,6632.0385,51.766148,-2.631267,6.02545,0.43690401,0.002309,0.037264
115.8357,6632.0585,51.769905,-2.641736,6.103148,0.43693501,0.002525,0.037832
115.8525,6632.0785,51.780891,-2.745617,6.193097,0.43705401,0.002059,0.038137
115.877,6632.0985,51.772942,-2.775933,6.248116,0.43700099,0.002027,0.038456
115.9055,6632.1184,51.735142,-2.753103,6.246967,0.43669701,0.002182,0.038549
115.9171,6632.1384,51.722084,-2.737455,6.265353,0.436589,0.002368,0.038758
115.94,6632.1584,51.747574,-2.788357,6.297882,0.43680501,0.002106,0.038809
115.9527,6632.1784,51.774204,-2.822395,6.272689,0.43702599,0.001757,0.038471
115.9766,6632.1984,51.754204,-2.742405,6.165972,0.43684399,0.001967,0.037947
115.9923,6632.2184,51.678776,-2.619517,6.004302,0.436216,0.002277,0.037176
116.0178,6632.2384,51.601414,-2.582368,5.888804,0.43560001,0.002091,0.03644
116.0339,6632.2584,51.596474,-2.629207,5.832517,0.43557701,0.001507,0.035822
116.0498,6632.2784,51.636925,-2.625268,5.775066,0.435893,0.001339,0.035371
116.0797,6632.2984,51.637428,-2.60648,5.708898,0.43589199,0.001235,0.034923
116.0934,6632.3184,51.621441,-2.5013,5.667383,0.43573499,0.001895,0.035003
116.122,6632.3385,51.556831,-2.447412,5.641922,0.435213,0.002191,0.035031
116.1356,6632.3585,51.499489,-2.59396,5.654751,0.434807,0.001062,0.034596
116.1807,6632.3785,51.530392,-2.631037,5.628009,0.43506101,0.000684,0.034234
116.1835,6632.3985,51.561096,-2.625951,5.623161,0.43529999,0.00072,0.034204
116.191,6632.4186,51.556103,-2.718695,5.676715,0.435289,0.000193,0.034274
116.2133,6632.4386,51.52618,-2.917874,5.787401,0.435114,-0.000965,0.034398
116.2325,6632.4586,51.479435,-3.142015,5.873373,0.434816,-0.002422,0.034241
116.2528,6632.4787,51.414707,-3.223943,5.816471,0.434331,-0.003314,0.03351
116.2883,6632.4987,51.348335,-3.12972,5.647195,0.43377799,-0.003248,0.032564
116.2952,6632.5187,51.255032,-2.952444,5.490309,0.43299201,-0.002493,0.032038
116.3128,6632.5387,51.091152,-2.86751,5.376828,0.43167901,-0.00233,0.031528
116.3368,6632.5588,50.823112,-2.774026,5.236221,0.42954299,-0.002245,0.030871
116.3557,6632.5788,50.525837,-2.599719,5.027091,0.42715201,-0.001784,0.029979
116.3752,6632.5988,50.208969,-2.097539,4.586283,0.424523,0.000412,0.028467
116.3955,6632.6189,49.910614,-1.648225,4.189015,0.42206299,0.002387,0.027068
116.4137,6632.6389,49.701454,-1.397804,3.936755,0.42035699,0.003372,0.026042
116.4381,6632.6589,49.632198,-1.395959,3.801461,0.41981199,0.002869,0.024993
116.4617,6632.6789,49.683144,-1.574221,3.75495,0.42025399,0.001303,0.02396
116.4827,6632.699,49.698799,-1.718342,3.754104,0.42040801,0.000164,0.023421
116.495,6632.719,49.595955,-1.807358,3.725489,0.41961199,-0.000678,0.022893
116.5207,6632.739,49.491768,-1.767765,3.683949,0.41877899,-0.000549,0.022734
116.5441,6632.7591,49.485661,-1.787857,3.68533,0.418735,-0.000705,0.022673
116.5553,6632.7792,49.516937,-1.822109,3.699442,0.418989,-0.000915,0.022652
116.5922,6632.7992,49.469929,-1.813624,3.687267,0.41861501,-0.000907,0.022598
116.6024,6632.8193,49.426167,-1.783425,3.612577,0.418262,-0.000954,0.022127
116.6173,6632.8393,49.411766,-1.747377,3.565639,0.41814101,-0.000844,0.02189
116.6381,6632.8594,49.413662,-1.680885,3.515898,0.418143,-0.000498,0.021738
116.6523,6632.8795,49.441425,-1.537258,3.391717,0.418336,0.000195,0.021272
116.6758,6632.8995,49.48267,-1.356508,3.190593,0.41863099,0.000904,0.02033
116.7009,6632.9196,49.495831,-1.227535,2.952967,0.418715,0.001061,0.018916
116.7237,6632.9396,49.480873,-1.058294,2.731116,0.41857201,0.001588,0.017779
116.7445,6632.9596,49.476734,-0.981504,2.593798,0.418529,0.001694,0.016972
116.7631,6632.9796,49.512974,-0.920206,2.53188,0.41880801,0.001961,0.0167
116.7801,6632.9997,49.557045,-0.884173,2.471611,0.419153,0.002035,0.016348
116.8038,6633.0197,49.574913,-0.876261,2.387097,0.41929501,0.001792,0.015705
116.8213,6633.0397,49.530964,-0.846003,2.306615,0.418944,0.001729,0.015184
116.8439,6633.0598,49.464771,-0.803344,2.239043,0.41841501,0.001808,0.014813
116.8583,6633.0798,49.435322,-0.769696,2.210715,0.41817799,0.001966,0.014715
116.8795,6633.0998,49.460693,-0.75989,2.197507,0.418378,0.002,0.014643
116.8934,6633.1198,49.488308,-0.755112,2.14475,0.41859701,0.00185,0.014239
116.9117,6633.1399,49.436661,-0.704592,2.059386,0.418183,0.00193,0.013753
116.9358,6633.1599,49.335659,-0.686002,2.007017,0.41738099,0.00187,0.013417
116.9541,6633.1799,49.265285,-0.675538,2.0093,0.41682199,0.00195,0.013481
116.9801,6633.2,49.224277,-0.677101,2.035162,0.41649601,0.002025,0.013685
116.9964,6633.22,49.163525,-0.670524,2.060411,0.416013,0.002159,0.013916
117.014,6633.24,49.097252,-0.657614,2.092514,0.41548499,0.002367,0.014225
117.0412,6633.2601,49.095497,-0.6458,2.158029,0.41546801,0.002698,0.014788
117.0799,6633.2801,49.162067,-0.622495,2.214983,0.41599199,0.003101,0.015317
117.1025,6633.3002,49.226646,-0.605485,2.210003,0.416502,0.003229,0.015332
117.118,6633.3203,49.214832,-0.555153,2.156276,0.416403,0.003431,0.01509
117.1215,6633.3403,49.13345,-0.541924,2.104902,0.415757,0.003336,0.014739
117.1345,6633.3603,49.104866,-0.476628,2.052893,0.41552401,0.003661,0.014566
117.1597,6633.3804,49.157547,-0.396932,2.007259,0.41593301,0.004136,0.014488
117.1777,6633.4004,49.206848,-0.358928,1.964329,0.41632101,0.004289,0.014281
117.194,6633.4204,49.165413,-0.363828,1.90978,0.415995,0.004046,0.013834
117.2135,6633.4405,49.076607,-0.366041,1.862967,0.41529199,0.003846,0.013462
117.2357,6633.4605,49.013866,-0.310799,1.826283,0.41478899,0.004143,0.013376
117.2547,6633.4805,49.001984,-0.252377,1.817926,0.41468799,0.004575,0.013522
117.2751,6633.5005,49.033367,-0.30593,1.855748,0.414942,0.004291,0.013626
117.3007,6633.5206,49.092834,-0.41901,1.922863,0.415425,0.003645,0.013744
117.3197,6633.5406,49.135597,-0.510579,2.008688,0.415773,0.003236,0.014089
117.342,6633.5606,49.128105,-0.525141,2.055197,0.415714,0.003288,0.014406
117.3556,6633.5807,49.073456,-0.570039,2.127785,0.41528401,0.003186,0.014825
117.3806,6633.6007,49.059666,-0.683516,2.219709,0.415187,0.002616,0.015145
117.3933,6633.6207,49.154411,-0.774359,2.266324,0.41595,0.002081,0.015174
117.4164,6633.6407,49.261662,-0.732982,2.243874,0.416796,0.002347,0.015133
117.4374,6633.6608,49.265205,-0.646871,2.191198,0.416814,0.002839,0.015028
117.4593,6633.6808,49.200249,-0.618537,2.144516,0.41629601,0.002883,0.014768
117.4833,6633.7008,49.177334,-0.650071,2.117539,0.41611901,0.002531,0.014442
117.4972,6633.7209,49.214027,-0.625779,2.067225,0.416408,0.002547,0.014127
117.515,6633.7409,49.23074,-0.540251,1.987671,0.41653201,0.002939,0.013805
117.5384,6633.7609,49.220722,-0.488964,1.899254,0.41644901,0.003023,0.013291
117.5552,6633.7809,49.217308,-0.449452,1.834602,0.416419,0.003101,0.012922
117.5765,6633.801,49.218548,-0.423279,1.802457,0.41642699,0.003192,0.012762
117.599,6633.821,49.204903,-0.438478,1.843049,0.41631901,0.003217,0.01303
117.6251,6633.841,49.227276,-0.455958,1.908665,0.41649699,0.00332,0.013485
117.6359,6633.861,49.304985,-0.462428,1.974578,0.41711199,0.00352,0.013977
117.6561,6633.881,49.363052,-0.469109,2.00811,0.41757199,0.003598,0.014213
117.6758,6633.901,49.36842,-0.50289,2.007558,0.41761899,0.003329,0.014085
117.6942,6633.921,49.331059,-0.543705,1.999985,0.417328,0.002972,0.01388
117.7192,6633.941,49.288254,-0.564287,2.002705,0.416991,0.002812,0.013831
117.7375,6633.961,49.283436,-0.550013,1.99269,0.416951,0.002888,0.013804
117.7547,6633.981,49.29356,-0.498733,1.958822,0.41702601,0.003173,0.013721
117.7829,6634.001,49.300037,-0.465621,1.948495,0.41707399,0.003399,0.013759
117.8052,6634.021,49.32135,-0.47753,1.9807,0.417243,0.003425,0.013969
117.8168,6634.041,49.330173,-0.497203,2.008884,0.41731501,0.003373,0.01412
117.8378,6634.061,49.334835,-0.497318,2.003446,0.41735199,0.003353,0.014076
117.858,6634.081,49.375748,-0.51981,1.932936,0.41768101,0.002924,0.013431
117.8895,6634.101,49.458809,-0.540941,1.885272,0.41834301,0.002595,0.012968
117.9109,6634.121,49.511787,-0.544325,1.834102,0.418764,0.002389,0.012545
117.9197,6634.141,49.516422,-0.52434,1.857627,0.418798,0.002634,0.012804
117.9385,6634.161,49.507225,-0.543068,1.929252,0.418726,0.002746,0.013304
117.9568,6634.1809,49.50238,-0.555491,1.996632,0.41868699,0.002893,0.013793
117.9779,6634.2009,49.509174,-0.559188,2.080708,0.41873899,0.003172,0.014445
118.0048,6634.2209,49.515503,-0.492159,2.111591,0.41878,0.003817,0.014934
118.0183,6634.2409,49.479916,-0.444497,2.071631,0.418493,0.004043,0.014795
118.041,6634.2609,49.434273,-0.437493,2.001108,0.41813299,0.003834,0.014266
118.0651,6634.2809,49.432919,-0.509338,1.964019,0.41813201,0.003129,0.01371
118.0869,6634.3009,49.462391,-0.576344,1.951844,0.418374,0.002558,0.013366
118.0985,6634.3209,49.445,-0.535032,1.946981,0.41823101,0.002865,0.01348
118.1436,6634.3409,49.344948,-0.379053,1.911402,0.41742101,0.003957,0.013776
118.1488,6634.3609,49.258366,-0.274656,1.870279,0.41672301,0.004623,0.013837
118.1611,6634.3809,49.272087,-0.268664,1.870441,0.41683099,0.004673,0.013859
118.1961,6634.4009,49.358707,-0.278573,1.901071,0.41751799,0.004718,0.014059
118.1967,6634.4209,49.391586,-0.160669,1.922109,0.41776299,0.005734,0.014653
118.2144,6634.4409,49.329655,-0.033158,1.931846,0.41725501,0.006772,0.015199
118.2338,6634.4609,49.308414,0.004427,1.967515,0.417079,0.007197,0.01562
118.2554,6634.4809,49.425346,-0.071459,2.01181,0.41801399,0.006773,0.015687
118.2795,6634.501,49.589691,-0.091301,2.021906,0.41931799,0.006676,0.015683
118.2949,6634.521,49.658123,-0.013935,2.015514,0.41984999,0.007275,0.015911
118.3175,6634.541,49.641163,0.068801,2.014739,0.41970399,0.007925,0.016209
118.3346,6634.5611,49.61602,0.108354,2.00359,0.41949999,0.008194,0.016267
118.3545,6634.5811,49.615547,0.033223,2.020005,0.41950601,0.007659,0.016122
118.3851,6634.6011,49.649921,-0.026705,2.043705,0.41978499,0.007276,0.016088
118.4139,6634.6211,49.69397,-0.031984,2.050945,0.42013401,0.007267,0.016123
118.4216,6634.6412,49.760189,-0.000694,2.031569,0.42065501,0.007453,0.01608
118.4358,6634.6612,49.838367,-0.017198,2.020038,0.42127699,0.007291,0.015923
118.4544,6634.6812,49.8643,-0.116635,2.029324,0.42149499,0.006542,0.015629
118.4818,6634.7013,49.828892,-0.200022,2.057872,0.42122501,0.005982,0.015551
118.4991,6634.7213,49.795506,-0.197494,2.081002,0.420959,0.006082,0.015746
118.5174,6634.7413,49.834324,-0.170369,2.063741,0.42126301,0.006239,0.015706
118.5348,6634.7613,49.899006,-0.219882,2.058342,0.42178199,0.005837,0.015476
118.5558,6634.7814,49.877357,-0.269194,2.096217,0.42161599,0.005583,0.015596
118.5753,6634.8014,49.792976,-0.300162,2.146317,0.42095,0.005509,0.015886
118.6038,6634.8215,49.751045,-0.313499,2.16163,0.42061901,0.005453,0.015962
118.6194,6634.8415,49.757683,-0.308041,2.144392,0.420672,0.005434,0.015845
118.6356,6634.8616,49.798897,-0.319987,2.173531,0.42099801,0.005453,0.016028
118.6723,6634.8816,49.875755,-0.347836,2.279263,0.42160499,0.005634,0.016755
118.683,6634.9017,49.941315,-0.413408,2.430085,0.422126,0.005682,0.0177
118.699,6634.9218,49.953918,-0.485747,2.556511,0.42223099,0.005578,0.018432
118.7143,6634.9418,49.907566,-0.538555,2.60367,0.42187101,0.005325,0.018616
118.739,6634.9619,49.873005,-0.554378,2.619982,0.421599,0.005253,0.018691
118.7559,6634.982,49.925255,-0.491075,2.637337,0.422001,0.005828,0.019055
118.777,6635.002,50.029991,-0.459794,2.664151,0.42282301,0.006195,0.01937
118.797,6635.0221,50.132458,-0.501171,2.69895,0.42363799,0.006017,0.01948
118.8173,6635.0421,50.201729,-0.506243,2.697079,0.42418599,0.005984,0.019438
118.8407,6635.0622,50.231903,-0.445874,2.64443,0.42441699,0.006272,0.019242
118.8632,6635.0822,50.226437,-0.35083,2.575363,0.424362,0.006766,0.019049
118.8898,6635.1022,50.231609,-0.258129,2.544508,0.424389,0.007385,0.019148
118.9013,6635.1223,50.278778,-0.211829,2.54414,0.42475399,0.007758,0.019312
118.9255,6635.1423,50.346497,-0.265093,2.573299,0.42529601,0.007458,0.019338
118.9371,6635.1623,50.42477,-0.332971,2.635789,0.42592099,0.007169,0.019571
118.9571,6635.1823,50.443569,-0.393056,2.70426,0.42607599,0.006953,0.019886
118.9801,6635.2024,50.404869,-0.446812,2.765104,0.425776,0.006747,0.020171
118.9979,6635.2224,50.376678,-0.452038,2.824891,0.425551,0.006922,0.020627
119.0196,6635.2424,50.397732,-0.458216,2.873986,0.425715,0.00706,0.020989
119.0469,6635.2625,50.447979,-0.441269,2.887572,0.426108,0.007255,0.021153
119.0694,6635.2825,50.462162,-0.442045,2.85319,0.426222,0.007124,0.020877
119.0832,6635.3025,50.459476,-0.406177,2.798737,0.42619801,0.007204,0.020581
119.0987,6635.3225,50.454025,-0.392039,2.767161,0.42615399,0.007197,0.020385
119.1207,6635.3426,50.453186,-0.367602,2.726363,0.426146,0.007238,0.020154
119.1365,6635.3626,50.43803,-0.237039,2.653879,0.42600799,0.007996,0.020069
119.1583,6635.3826,50.407909,-0.173385,2.573742,0.42576501,0.008195,0.019676
119.1807,6635.4026,50.439743,-0.236021,2.560172,0.42602801,0.007656,0.019333
119.196,6635.4226,50.518661,-0.355185,2.641476,0.42666599,0.007033,0.019523
119.2177,6635.4426,50.569424,-0.505103,2.73482,0.427086,0.006208,0.019695
119.2339,6635.4626,50.519283,-0.531992,2.782462,0.42669299,0.006163,0.019977
119.2634,6635.4826,50.451115,-0.498458,2.790143,0.42614901,0.006442,0.020171
119.2949,6635.5026,50.432617,-0.514938,2.799009,0.42600501,0.006341,0.020182
119.2985,6635.5226,50.457325,-0.567886,2.811557,0.426209,0.005975,0.020081
119.3168,6635.5426,50.422112,-0.563222,2.808782,0.42592999,0.005994,0.020081
119.3368,6635.5626,50.328049,-0.455883,2.808591,0.42516899,0.006821,0.02049
119.354,6635.5826,50.280174,-0.413694,2.794507,0.424784,0.007092,0.020541
119.3815,6635.6026,50.35244,-0.460665,2.794502,0.425363,0.006736,0.020358
119.4031,6635.6226,50.473877,-0.489681,2.803854,0.42632601,0.006567,0.020309
119.4219,6635.6426,50.495117,-0.471434,2.80965,0.42649001,0.006737,0.02042
119.454,6635.6626,50.397465,-0.398049,2.799173,0.42570701,0.007257,0.020622
119.4672,6635.6826,50.322979,-0.297891,2.775574,0.425102,0.007945,0.020816
119.4824,6635.7026,50.347496,-0.276011,2.730929,0.425295,0.007957,0.020542
119.5006,6635.7226,50.410931,-0.337662,2.695446,0.425809,0.007351,0.020026
119.5162,6635.7426,50.418896,-0.362019,2.682448,0.425877,0.007112,0.019832
119.5344,6635.7626,50.366016,-0.315029,2.692785,0.42545101,0.007511,0.020094
119.5573,6635.7826,50.328762,-0.270759,2.703765,0.42514801,0.007894,0.020349
119.5932,6635.8025,50.313217,-0.295136,2.71146,0.42502901,0.007727,0.020321
119.6041,6635.8225,50.318302,-0.309533,2.693852,0.425073,0.007549,0.020128
119.6177,6635.8425,50.327591,-0.320427,2.660221,0.42515001,0.00734,0.019821
119.6385,6635.8625,50.303753,-0.287722,2.648715,0.42495701,0.007551,0.019854
119.6556,6635.8825,50.274902,-0.240919,2.648144,0.424721,0.007913,0.020026
119.6761,6635.9025,50.260963,-0.152748,2.614196,0.42459801,0.008481,0.020086
119.7133,6635.9225,50.24213,-0.096138,2.571346,0.42444301,0.008766,0.019959
119.7232,6635.9425,50.245075,-0.116593,2.569197,0.42447001,0.008597,0.019866
119.7349,6635.9625,50.269855,-0.126649,2.584839,0.42466599,0.00858,0.01995
119.7589,6635.9825,50.27549,-0.110103,2.594359,0.424707,0.008747,0.020086
119.7768,6636.0025,50.249481,-0.047392,2.575029,0.424492,0.009166,0.020168
119.7972,6636.0225,50.195759,0.020882,2.511578,0.424061,0.009461,0.019924
119.8202,6636.0425,50.171104,0.027397,2.460696,0.42386901,0.00932,0.019548
119.8373,6636.0625,50.188156,-0.007143,2.438818,0.42401099,0.008969,0.019246
119.8693,6636.0825,50.196823,-0.04643,2.445281,0.424086,0.008684,0.019151
119.8825,6636.1026,50.195713,-0.072516,2.426986,0.42408299,0.00841,0.01891
119.9023,6636.1226,50.19838,-0.057154,2.378937,0.42410499,0.008354,0.018587
119.9188,6636.1426,50.180164,-0.096719,2.366144,0.42396799,0.007991,0.018341
119.94,6636.1627,50.145142,-0.133328,2.342917,0.42369899,0.00761,0.018025
119.9684,6636.1827,50.116051,-0.141871,2.300799,0.423473,0.007382,0.017663
119.9826,6636.2027,50.104008,-0.143449,2.26763,0.42337999,0.007245,0.017396
120.0009,6636.2227,50.108837,-0.131799,2.25034,0.42341799,0.007274,0.017302
120.0203,6636.2428,50.112041,-0.137899,2.239434,0.42344499,0.007186,0.017193
120.0417,6636.2628,50.093803,-0.140111,2.138568,0.423307,0.006793,0.016389
120.0722,6636.2828,50.038284,-0.162673,2.038259,0.42287701,0.006236,0.015517
120.0895,6636.3029,50.015545,-0.201897,2.004233,0.42270401,0.005797,0.015105
120.0971,6636.3229,50.046539,-0.198988,1.938805,0.422952,0.005583,0.014596
120.1287,6636.3429,50.045135,-0.163105,1.934055,0.42293701,0.005849,0.014691
120.1686,6636.3629,50.012581,-0.19863,2.009003,0.42267999,0.00584,0.015155
120.1705,6636.383,50.018093,-0.318528,2.084975,0.42273599,0.005173,0.015313
120.1821,6636.403,50.052208,-0.409014,2.147593,0.423015,0.004694,0.015471
120.1982,6636.423,50.055347,-0.439038,2.200102,0.423042,0.004651,0.015775
120.2184,6636.4431,50.050308,-0.462796,2.230357,0.423004,0.004574,0.015927
120.2409,6636.4631,50.048199,-0.452784,2.235013,0.422986,0.00467,0.016001
120.2566,6636.4831,50.058247,-0.429151,2.21753,0.42306301,0.004794,0.015949
120.2771,6636.5031,50.076088,-0.3835,2.180747,0.423199,0.005022,0.015825
120.3085,6636.5232,50.090889,-0.357052,2.149212,0.42331401,0.005117,0.015672
120.3209,6636.5432,50.070206,-0.306955,2.09837,0.42314601,0.005322,0.015457
120.3376,6636.5632,50.017361,-0.268492,2.051759,0.42272499,0.005446,0.015235
120.3584,6636.5833,49.994347,-0.255037,2.084311,0.42254001,0.005669,0.015544
120.3793,6636.6033,50.0256,-0.290166,2.158584,0.42278799,0.00567,0.015999
120.4015,6636.6233,50.075897,-0.28398,2.234438,0.423181,0.006007,0.016617
120.4203,6636.6433,50.108139,-0.293175,2.293007,0.42343399,0.006156,0.017043
120.4382,6636.6633,50.099979,-0.333349,2.352805,0.423372,0.006058,0.017368
120.4603,6636.6833,50.072662,-0.423626,2.420059,0.42316699,0.005588,0.017569
120.4922,6636.7033,50.091957,-0.496555,2.47528,0.42332801,0.005219,0.017734
120.5109,6636.7233,50.141266,-0.503278,2.533674,0.42371601,0.005391,0.018165
120.5213,6636.7433,50.171387,-0.521494,2.574538,0.42395499,0.005404,0.018417
120.5401,6636.7633,50.186039,-0.547989,2.610077,0.42407301,0.005329,0.018598
120.5549,6636.7833,50.157902,-0.55066,2.572675,0.42385301,0.005164,0.018296
120.5808,6636.8033,50.098141,-0.511925,2.525441,0.42337701,0.005284,0.018073
120.6119,6636.8233,50.077091,-0.440375,2.466529,0.42320201,0.005628,0.017874
120.6203,6636.8433,50.139248,-0.412711,2.450274,0.42368999,0.005798,0.017841
120.638,6636.8633,50.2332,-0.485324,2.478764,0.42444199,0.005347,0.017787
120.6595,6636.8833,50.285568,-0.554646,2.510792,0.42486501,0.004928,0.017777
120.6816,6636.9033,50.302029,-0.511596,2.48082,0.42499,0.00516,0.017698
120.7027,6636.9233,50.28883,-0.439228,2.427663,0.42487699,0.005532,0.017548
120.7196,6636.9433,50.275719,-0.38241,2.37765,0.42476699,0.005793,0.017365
120.7421,6636.9633,50.277462,-0.364942,2.361119,0.424779,0.00587,0.017299
120.7617,6636.9833,50.335838,-0.374496,2.369272,0.42524099,0.005835,0.017322
120.7799,6637.0033,50.397964,-0.400529,2.394744,0.42573401,0.005735,0.01742
120.796,6637.0233,50.406673,-0.405509,2.41405,0.42580301,0.005769,0.017553
120.8188,6637.0433,50.359932,-0.403836,2.402251,0.42543399,0.00573,0.017471
120.839,6637.0633,50.324017,-0.349034,2.365767,0.42514399,0.006021,0.01739
120.8618,6637.0833,50.339817,-0.266092,2.342947,0.425257,0.006594,0.017516
120.8801,6637.1034,50.384819,-0.273072,2.339293,0.425614,0.006533,0.017457
120.9035,6637.1234,50.437897,-0.310355,2.313277,0.42603999,0.006151,0.017108
120.9214,6637.1434,50.473061,-0.318867,2.250438,0.42632201,0.005856,0.016577
120.9392,6637.1635,50.47039,-0.264285,2.158413,0.42629799,0.005944,0.016054
120.9606,6637.1835,50.420067,-0.197327,2.091237,0.42589501,0.006215,0.015777
120.9846,6637.2035,50.38747,-0.15919,2.074228,0.42563301,0.006448,0.015787
121.0105,6637.2235,50.431942,-0.199029,2.086842,0.425989,0.006187,0.015735
121.0316,6637.2436,50.497612,-0.199385,2.113157,0.42650601,0.006292,0.015936
121.049,6637.2636,50.530445,-0.19275,2.139642,0.426763,0.006448,0.016167
121.0687,6637.2836,50.5158,-0.232061,2.178439,0.426651,0.00628,0.016328
121.0799,6637.3036,50.500118,-0.297033,2.209925,0.42653501,0.005882,0.016336
121.0982,6637.3237,50.485054,-0.331336,2.200836,0.42642099,0.005575,0.016138
121.1231,6637.3437,50.467838,-0.277869,2.169603,0.42627901,0.005878,0.016092
121.1389,6637.3637,50.464813,-0.190079,2.129967,0.426245,0.006423,0.016106
121.159,6637.3838,50.489971,-0.157039,2.123901,0.42643899,0.006665,0.016179
121.178,6637.4039,50.534386,-0.225438,2.149664,0.42679799,0.006228,0.016124
121.1997,6637.4239,50.537216,-0.304917,2.181257,0.42682999,0.005719,0.016077
121.2186,6637.444,50.472084,-0.254223,2.163064,0.42631,0.006041,0.016128
121.2372,6637.4641,50.404766,-0.203021,2.124414,0.42577299,0.006291,0.016019
121.2739,6637.4841,50.404896,-0.179656,2.12697,0.425771,0.006485,0.016126
121.2864,6637.5042,50.469845,-0.234765,2.164892,0.42628899,0.006201,0.016215
121.3117,6637.5242,50.518349,-0.360049,2.243042,0.42668599,0.005511,0.016361
121.3287,6637.5443,50.511368,-0.376503,2.302678,0.42662999,0.005602,0.016771
121.342,6637.5644,50.47073,-0.365111,2.334674,0.42630601,0.005804,0.01707
121.3605,6637.5844,50.47908,-0.369497,2.383097,0.42636999,0.005951,0.017435
121.3831,6637.6045,50.533581,-0.465158,2.459128,0.42681101,0.005489,0.017673
121.4067,6637.6245,50.564754,-0.587054,2.511955,0.42707399,0.00473,0.017632
121.4309,6637.6446,50.55751,-0.623383,2.542819,0.427021,0.004557,0.017741
121.4442,6637.6646,50.551609,-0.558234,2.534013,0.42696401,0.005037,0.017915
121.4608,6637.6846,50.556961,-0.470166,2.481725,0.42699501,0.005538,0.01783
121.4766,6637.7047,50.563396,-0.481835,2.480611,0.427048,0.005443,0.017777
121.5026,6637.7247,50.568607,-0.549857,2.500906,0.42709899,0.004983,0.017683
121.5242,6637.7447,50.541451,-0.559819,2.501652,0.42688599,0.004902,0.017655
121.5376,6637.7647,50.488579,-0.556158,2.5232,0.426467,0.005001,0.017845
121.5624,6637.7848,50.496994,-0.529828,2.531691,0.42652899,0.005242,0.018009
121.5802,6637.8048,50.546082,-0.44935,2.521932,0.42690399,0.00585,0.018226
121.596,6637.8248,50.585068,-0.436309,2.517847,0.42721,0.005945,0.018238
121.6183,6637.8449,50.596481,-0.467375,2.537132,0.427304,0.005774,0.018273
121.637,6637.8649,50.578571,-0.499942,2.580401,0.42716599,0.005675,0.018495
121.6575,6637.8849,50.574692,-0.503067,2.535171,0.427138,0.005481,0.018127
121.6971,6637.9049,50.570595,-0.513189,2.484375,0.427109,0.005211,0.017689
121.6993,6637.925,50.574768,-0.471187,2.388026,0.42714,0.005184,0.017085
121.7199,6637.945,50.609627,-0.402568,2.299144,0.42740899,0.0054,0.016636
121.7539,6637.965,50.641682,-0.367969,2.291811,0.42765701,0.005651,0.016704
121.7597,6637.985,50.672661,-0.428626,2.348062,0.427908,0.005388,0.016918
121.7923,6638.005,50.695778,-0.481465,2.436819,0.428094,0.005307,0.017418
121.803,6638.025,50.689659,-0.463023,2.518925,0.42803901,0.005758,0.018135
121.816,6638.045,50.66634,-0.409645,2.569401,0.42784399,0.006363,0.018735
121.8361,6638.065,50.673256,-0.411704,2.602051,0.42789701,0.00647,0.018984
121.859,6638.085,50.710682,-0.440555,2.61791,0.42819601,0.006309,0.018997
121.8778,6638.105,50.739735,-0.422864,2.638742,0.42842099,0.006532,0.019224
121.8997,6638.125,50.744164,-0.398054,2.70201,0.42844799,0.006965,0.019815
121.923,6638.145,50.742237,-0.312349,2.644719,0.42842099,0.007426,0.019684
121.9473,6638.165,50.755821,-0.227728,2.610849,0.428516,0.007969,0.019732
121.9593,6638.185,50.799587,-0.240066,2.60204,0.428864,0.007847,0.019612
121.9823,6638.205,50.869701,-0.291118,2.612759,0.42942399,0.007498,0.019498
121.9967,6638.225,50.942623,-0.27411,2.611218,0.42999601,0.00764,0.019542
122.0171,6638.245,50.962532,-0.145313,2.599997,0.43013099,0.008616,0.019935
122.0565,6638.2649,50.909046,-0.063069,2.596505,0.42969599,0.009241,0.020221
122.0995,6638.2849,50.866436,-0.059134,2.568131,0.429362,0.009158,0.020016
122.1032,6638.3049,50.881084,-0.084952,2.537932,0.42948401,0.008844,0.01968
122.107,6638.3249,50.917236,-0.11386,2.535345,0.42977399,0.008613,0.019548
122.1423,6638.3449,50.939102,-0.060519,2.532408,0.42993701,0.009026,0.019723
122.1438,6638.3649,50.920784,-0.060414,2.533043,0.429793,0.009026,0.01973
122.1613,6638.3849,50.898895,-0.103272,2.545708,0.429627,0.008732,0.019671
122.1987,6638.4049,50.885334,-0.104487,2.523029,0.42952201,0.008635,0.019489
122.2001,6638.425,50.87429,-0.043915,2.480259,0.42942801,0.00895,0.01938
122.2189,6638.445,50.867676,0.006089,2.445874,0.42936999,0.009214,0.019297
122.238,6638.465,50.879543,-0.003898,2.451125,0.429465,0.009157,0.0193
122.259,6638.4851,50.887058,-0.049687,2.391501,0.42953601,0.008574,0.018658
122.2791,6638.5051,50.865177,-0.079309,2.332257,0.429373,0.008115,0.018082
122.3006,6638.5251,50.828396,-0.038436,2.243299,0.42908299,0.008098,0.017537
122.3233,6638.5451,50.811794,-0.023639,2.170892,0.42895499,0.007941,0.017023
122.3408,6638.5652,50.844845,-0.013598,2.127085,0.42921701,0.007861,0.016713
122.3567,6638.5852,50.858242,-0.069415,2.140926,0.42932999,0.007475,0.016612
122.3842,6638.6052,50.822727,-0.145911,2.248879,0.42905399,0.007271,0.017179
122.4028,6638.6253,50.795944,-0.202371,2.305599,0.428848,0.007034,0.017417
122.4203,6638.6453,50.799564,-0.199413,2.353718,0.428873,0.007238,0.017807
122.4404,6638.6653,50.828884,-0.258418,2.444523,0.42910799,0.007118,0.018299
122.4628,6638.6853,50.85677,-0.338669,2.559934,0.42933401,0.006923,0.018905
122.4918,6638.7054,50.852871,-0.380902,2.66017,0.429304,0.006965,0.019537
122.503,6638.7254,50.811691,-0.395197,2.734892,0.42897701,0.007124,0.020077
122.5195,6638.7454,50.770218,-0.36193,2.776089,0.428642,0.007532,0.020531
122.54,6638.7655,50.752899,-0.342697,2.796649,0.42850101,0.007757,0.020767
122.5631,6638.7855,50.773663,-0.348578,2.819409,0.428664,0.0078,0.020922
122.5875,6638.8055,50.781094,-0.325871,2.881822,0.42871401,0.008214,0.021498
122.6018,6638.8255,50.760483,-0.286531,2.919058,0.428541,0.008659,0.021941
122.6241,6638.8456,50.774117,-0.177481,2.927514,0.42862701,0.009553,0.022414
122.6426,6638.8656,50.776237,-0.08423,2.950407,0.42862299,0.010374,0.022943
122.6587,6638.8856,50.679314,-0.051796,2.971078,0.42785099,0.010687,0.023237
122.6787,6638.9057,50.476871,0.006571,3.022483,0.42623699,0.011297,0.02388
122.7009,6638.9257,50.158478,0.072116,3.150771,0.42369601,0.012223,0.025167
122.7218,6638.9457,49.639416,0.195594,3.200783,0.41955701,0.013272,0.026065
122.7459,6638.9657,48.89159,0.43064,3.174061,0.41357601,0.014881,0.026767
122.7668,6638.9858,48.312283,0.538527,3.181929,0.40894401,0.015648,0.027255
122.7917,6639.0058,48.085754,0.643684,3.208853,0.40711099,0.016535,0.027857
122.805,6639.0258,48.126617,0.477009,3.354861,0.40745699,0.015735,0.028425
122.8258,6639.0458,48.384289,0.424712,3.579252,0.40948999,0.016177,0.030005
122.8376,6639.0658,48.455864,0.434645,3.798949,0.410025,0.017059,0.031782
122.8613,6639.0857,48.279022,0.294326,4.056378,0.40862,0.016816,0.033346
122.8856,6639.1057,48.188599,0.037365,4.228117,0.407951,0.015357,0.033808
122.9012,6639.1257,48.232323,-0.103434,4.205924,0.40834299,0.01417,0.033124
122.9194,6639.1457,48.239456,-0.090425,4.102477,0.408409,0.013907,0.032346
122.9424,6639.1658,48.14212,-0.10081,4.077098,0.40764001,0.013706,0.03212
122.9647,6639.1858,48.025219,-0.259811,4.223932,0.406737,0.012927,0.032741
122.9872,6639.2058,48.010719,-0.528331,4.392601,0.406681,0.011382,0.033134
123.0031,6639.2258,48.078503,-0.816692,4.511577,0.40729299,0.00953,0.033045
123.028,6639.2459,48.112324,-1.078731,4.626067,0.40762901,0.007862,0.033018
123.0464,6639.2659,47.954365,-1.365402,4.848612,0.406441,0.006311,0.033809
123.0845,6639.2859,47.887497,-1.62899,5.033238,0.40597799,0.004839,0.034363
123.0975,6639.306,47.965786,-1.739978,5.100002,0.40663201,0.004223,0.03448
123.1124,6639.326,48.006199,-1.788852,5.087551,0.40696901,0.003806,0.034196
123.1244,6639.346,47.980072,-1.876732,5.021848,0.406789,0.002862,0.033368
123.1544,6639.366,47.886372,-1.797472,4.933939,0.40602201,0.003144,0.032975
123.1641,6639.3861,47.806831,-1.762305,4.793271,0.40538201,0.002895,0.032
123.1819,6639.4061,47.780506,-1.761605,4.610467,0.40517601,0.002244,0.030552
123.2006,6639.4261,47.702579,-1.671609,4.422495,0.404535,0.002269,0.029391
123.218,6639.4462,47.585209,-1.57067,4.265092,0.403577,0.002478,0.02852
123.2428,6639.4662,47.474686,-1.43073,4.132162,0.40266401,0.00309,0.027977
123.2626,6639.4863,47.391701,-1.450337,4.105119,0.40200701,0.002811,0.027711
123.2819,6639.5063,47.384163,-1.655254,4.141945,0.401995,0.001301,0.027288
123.309,6639.5264,47.416515,-1.762851,4.169935,0.40227899,0.000551,0.027126
123.3266,6639.5465,47.322651,-1.754933,4.229616,0.40152699,0.000791,0.027654
123.352,6639.5665,47.153786,-1.857528,4.328674,0.40020299,0.000258,0.02813
123.3788,6639.5866,47.113041,-1.984363,4.415102,0.39990899,-0.000469,0.028389
123.3877,6639.6067,47.157345,-2.236094,4.500355,0.40032601,-0.002167,0.028179
123.4053,6639.6267,47.259426,-2.437132,4.47216,0.401189,-0.003833,0.02722
123.4231,6639.6468,47.205589,-2.27449,4.390667,0.400718,-0.002839,0.027154
123.4414,6639.6668,46.958576,-2.024443,4.304888,0.39868301,-0.00123,0.02741
123.4644,6639.6869,46.799103,-1.880804,4.17078,0.39737299,-0.000603,0.026878
123.4863,6639.707,46.852898,-1.801544,3.972574,0.39778399,-0.000638,0.025553
123.5027,6639.727,46.981598,-1.755162,3.778975,0.39880201,-0.000898,0.024134
123.5238,6639.7471,47.045494,-1.696015,3.604691,0.399299,-0.001012,0.022931
123.5455,6639.7671,46.986778,-1.455922,3.499825,0.398781,0.000526,0.022941
123.57,6639.7871,46.833046,-1.135694,3.533826,0.39748499,0.003163,0.024356
123.5945,6639.8072,46.693878,-1.044853,3.682898,0.396346,0.004367,0.02589
123.6085,6639.8272,46.665607,-1.063051,3.732052,0.39612201,0.004383,0.026226
123.6288,6639.8472,46.77541,-1.125045,3.729219,0.39701501,0.003909,0.025968
123.6425,6639.8673,46.855278,-1.103754,3.740763,0.39764899,0.004143,0.026119
123.6676,6639.8873,46.771519,-1.08936,3.851455,0.39697099,0.004617,0.027071
123.6937,6639.9074,46.646118,-1.130834,3.976203,0.39597201,0.004678,0.027951
123.7166,6639.9274,46.630085,-1.19129,4.067171,0.39585501,0.004503,0.028474
123.729,6639.9475,46.698185,-1.242446,4.118869,0.396411,0.004294,0.028697
123.7437,6639.9676,46.709366,-1.330709,4.161676,0.396521,0.003739,0.028732
123.7648,6639.9876,46.688648,-1.43286,4.233331,0.39637899,0.003162,0.028957
123.7853,6640.0077,46.730812,-1.520779,4.332876,0.396736,0.002817,0.02944
123.8039,6640.0278,46.813511,-1.556504,4.416525,0.397405,0.00285,0.029966
123.8228,6640.0478,46.84132,-1.516648,4.490054,0.39761499,0.003434,0.030686
123.8453,6640.0678,46.823029,-1.46381,4.541571,0.39745301,0.004029,0.031286
123.865,6640.0879,46.844917,-1.454795,4.548192,0.397625,0.004132,0.031365
123.8896,6640.1079,46.885818,-1.451824,4.501382,0.397953,0.004008,0.030991
123.9059,6640.1279,46.888718,-1.459119,4.476139,0.39797899,0.003863,0.030763
123.9288,6640.148,46.899246,-1.505333,4.500891,0.39807501,0.003583,0.030798
123.9443,6640.168,46.931313,-1.565797,4.555882,0.39834601,0.003302,0.03102
123.9657,6640.188,46.97121,-1.589645,4.602498,0.39866999,0.003288,0.0313
123.9839,6640.208,46.997986,-1.616864,4.656446,0.39888999,0.003268,0.03163
124.0082,6640.2281,46.979813,-1.743229,4.768363,0.39877701,0.00264,0.03209
124.0256,6640.2481,46.958893,-1.899897,4.935703,0.398651,0.001961,0.032889
124.0432,6640.2681,47.002323,-2.002482,5.144725,0.39902499,0.001886,0.034191
124.0647,6640.2882,47.133858,-2.083825,5.318268,0.40009701,0.001897,0.035255
124.0922,6640.3082,47.276119,-2.205475,5.445303,0.40126899,0.001432,0.0358
124.1247,6640.3282,47.379307,-2.247519,5.55547,0.40210399,0.001529,0.036499
124.131,6640.3482,47.466633,-2.174286,5.596081,0.402776,0.002296,0.037052
124.1526,6640.3683,47.530525,-2.188079,5.635836,0.40328899,0.002355,0.0373
124.1759,6640.3883,47.642483,-2.23646,5.661168,0.40419701,0.00211,0.037295
124.1848,6640.4083,47.802586,-2.271675,5.644661,0.40548399,0.001845,0.036986
124.2098,6640.4284,47.945488,-2.349819,5.596304,0.406647,0.001117,0.036276
124.2207,6640.4484,48.043633,-2.441827,5.566313,0.40745699,0.000323,0.035677
124.2416,6640.4684,48.075134,-2.503065,5.620273,0.407727,4.2e-05,0.035878
124.2641,6640.4884,48.116219,-2.516873,5.660908,0.40805799,9.6e-05,0.036138
124.2845,6640.5085,48.227898,-2.424897,5.627973,0.40891701,0.000763,0.036165
124.303,6640.5285,48.389595,-2.253802,5.571527,0.41014901,0.001997,0.036273
124.3239,6640.5485,48.553177,-2.125078,5.547354,0.41140801,0.003008,0.036489
124.3471,6640.5685,48.645275,-2.060705,5.504816,0.41212001,0.003408,0.036353
124.3672,6640.5886,48.708096,-1.93777,5.432195,0.41258201,0.004151,0.036199
124.4032,6640.6086,48.741745,-1.765738,5.348653,0.41279799,0.005231,0.036145
124.4159,6640.6286,48.632359,-1.590072,5.315779,0.41187599,0.006462,0.036547
124.4299,6640.6487,48.480881,-1.471095,5.302538,0.41063499,0.007297,0.03691
124.4478,6640.6687,48.398548,-1.306155,5.223808,0.409933,0.008293,0.036896
124.463,6640.6887,48.351543,-1.145361,5.17986,0.409511,0.009396,0.037133
124.4867,6640.7087,48.280357,-1.019481,5.202436,0.40890199,0.01045,0.037779
124.5074,6640.7288,48.175056,-0.886823,5.261002,0.408014,0.011673,0.038742
124.5252,6640.7488,48.178295,-0.771104,5.358083,0.40799001,0.012941,0.039926
124.5499,6640.7688,48.327835,-0.716997,5.510555,0.40914199,0.013975,0.041299
124.5709,6640.7889,48.616447,-0.71515,5.665806,0.41141599,0.014664,0.042475
124.5935,6640.8089,48.923431,-0.64995,5.70518,0.41382301,0.015451,0.042953
124.6052,6640.829,49.136494,-0.539497,5.682787,0.415474,0.016334,0.043128
124.6263,6640.849,49.236473,-0.404978,5.651128,0.41622001,0.017326,0.043344
124.6491,6640.8691,49.22411,-0.398383,5.660152,0.416118,0.017406,0.043442
124.6663,6640.8891,49.230125,-0.448757,5.685414,0.416181,0.017101,0.043458
124.6917,6640.9092,49.294147,-0.458297,5.732018,0.41668499,0.017221,0.043779
124.71,6640.9293,49.371552,-0.461633,5.773647,0.41729301,0.017378,0.04408
124.728,6640.9493,49.410019,-0.489393,5.79366,0.41760501,0.017247,0.044129
124.7486,6640.9694,49.344067,-0.517521,5.764874,0.41709799,0.016892,0.043813
124.7656,6640.9895,49.271957,-0.57524,5.728906,0.416554,0.016274,0.043334
124.7869,6641.0095,49.277573,-0.595774,5.716902,0.41660801,0.01607,0.043163
124.808,6641.0296,49.357742,-0.639248,5.74028,0.417256,0.015844,0.043172
124.835,6641.0496,49.40361,-0.704559,5.751826,0.417642,0.015388,0.043015
124.8464,6641.0697,49.31971,-0.778254,5.801023,0.41699901,0.014948,0.043156
124.8689,6641.0897,49.193691,-0.80957,5.814487,0.41601101,0.014695,0.043179
124.8921,6641.1098,49.069191,-0.849888,5.801517,0.415041,0.014275,0.04296
124.9105,6641.1298,49.016678,-0.925839,5.765855,0.414657,0.013521,0.042415
124.9326,6641.1499,49.054619,-0.98208,5.755009,0.41497999,0.013052,0.042116
124.9463,6641.17,49.07114,-1.03991,5.782201,0.41512901,0.012699,0.042118
124.9692,6641.19,49.051052,-1.120996,5.796768,0.41499799,0.0121,0.041945
124.9894,6641.2101,49.009979,-1.178228,5.773239,0.41469601,0.011543,0.041562
125.0077,6641.2302,48.949635,-1.273167,5.768993,0.41425201,0.010748,0.041201
125.0291,6641.2502,48.902546,-1.421057,5.785686,0.41393,0.009614,0.040812
125.057,6641.2703,48.841747,-1.605794,5.814351,0.41351101,0.008224,0.04039
125.0758,6641.2903,48.803242,-1.841217,5.84026,0.413286,0.006431,0.039758
125.0856,6641.3104,48.858479,-2.020421,5.818871,0.41378701,0.004957,0.038924
125.1154,6641.3305,48.862587,-2.117878,5.750366,0.41385499,0.003938,0.038027
125.1317,6641.3506,48.715767,-2.159733,5.693914,0.41270599,0.003334,0.037476
125.1467,6641.3707,48.592529,-2.243984,5.656194,0.41175601,0.002472,0.036914
125.1699,6641.3908,48.636402,-2.328906,5.617933,0.41213199,0.00168,0.03629
125.1895,6641.4109,48.773567,-2.529436,5.647843,0.41328299,0.000259,0.035758
125.2052,6641.4309,48.866669,-2.670424,5.729262,0.41406599,-0.000522,0.035862
125.2291,6641.451,48.870872,-2.666223,5.732204,0.41409799,-0.000476,0.035899
125.2459,6641.4711,48.901619,-2.864231,5.742064,0.41440299,-0.001997,0.03525
125.2673,6641.4911,49.037945,-3.06305,5.746054,0.415544,-0.003493,0.034509
125.2917,6641.5112,49.158638,-3.270962,5.770428,0.416563,-0.004993,0.033899
125.3104,6641.5313,49.15601,-3.589928,5.821327,0.41663799,-0.007338,0.033144
125.3295,6641.5513,49.091537,-3.803328,5.826133,0.41618899,-0.009046,0.032435
125.3526,6641.5714,48.988129,-3.910091,5.767109,0.41539499,-0.010161,0.031626
125.3751,6641.5914,48.930466,-4.133346,5.65184,0.414987,-0.01238,0.029929
125.3948,6641.6115,48.948933,-4.17137,5.451737,0.41512001,-0.013397,0.028195
125.4196,6641.6316,48.950291,-4.066525,5.214154,0.41507801,-0.013425,0.026689
125.4299,6641.6516,48.888496,-3.949918,5.013658,0.41453901,-0.013255,0.025547
125.4503,6641.6717,48.82283,-4.01602,4.960193,0.41402599,-0.014004,0.024912
125.4727,6641.6917,48.805511,-4.15092,4.991268,0.41392201,-0.014971,0.024679
125.4933,6641.7118,48.819679,-4.244266,5.055578,0.41406301,-0.015473,0.024846
125.5093,6641.7318,48.786968,-4.284624,5.064511,0.41381401,-0.015777,0.024786
125.53,6641.7518,48.702797,-4.270445,5.005781,0.41313499,-0.015917,0.024409
125.548,6641.7719,48.629875,-4.208909,4.941648,0.41253501,-0.015694,0.024154
125.5706,6641.7919,48.572212,-4.220469,4.922247,0.41207701,-0.015883,0.023984
125.596,6641.8119,48.488422,-4.373324,4.964814,0.41145,-0.016985,0.023811
125.613,6641.8319,48.383263,-4.378446,4.985832,0.41061899,-0.017001,0.024008
125.6314,6641.852,48.300884,-4.299807,4.929122,0.40994,-0.016618,0.023876
125.6527,6641.872,48.232613,-4.238566,4.844348,0.40937299,-0.016466,0.023451
125.6663,6641.892,48.180363,-4.196274,4.801987,0.408943,-0.016305,0.023288
125.6896,6641.9121,48.149761,-4.16119,4.792991,0.40869099,-0.016072,0.023355
125.7142,6641.9321,48.268787,-4.193022,4.766212,0.40964001,-0.016366,0.022976
125.7332,6641.952,48.571972,-4.358871,4.742893,0.41207701,-0.017628,0.022061
125.7443,6641.972,48.803715,-4.228648,4.709156,0.413885,-0.016608,0.022159
125.7695,6641.992,48.712669,-3.961462,4.715648,0.413111,-0.014504,0.023214
125.7924,6642.012,48.56319,-3.960693,4.775548,0.41193199,-0.01435,0.023756
125.8043,6642.032,48.638432,-3.89685,4.730125,0.41251001,-0.013972,0.023593
125.8314,6642.052,48.829449,-3.7359,4.627164,0.41398099,-0.01298,0.023277
125.8484,6642.072,48.927238,-3.577328,4.533637,0.41471401,-0.012017,0.023069
125.8633,6642.092,48.844757,-3.486681,4.478129,0.41403601,-0.011533,0.022988
125.8854,6642.112,48.757401,-3.328336,4.406301,0.413304,-0.010571,0.023022
125.9066,6642.132,48.765415,-3.135563,4.29471,0.41331899,-0.009439,0.022828
125.9247,6642.152,48.899948,-3.047957,4.175005,0.41435999,-0.009123,0.022147
125.9545,6642.172,49.043697,-3.021875,4.102378,0.41548899,-0.009124,0.021616
125.9679,6642.192,49.122711,-3.021889,4.074875,0.41611299,-0.009194,0.021371
125.9873,6642.212,49.194313,-3.017168,4.090139,0.41668099,-0.009074,0.021485
126.0139,6642.232,49.28183,-3.022681,4.122141,0.41737801,-0.008968,0.021689
126.0373,6642.252,49.322674,-3.015139,4.161552,0.417703,-0.008749,0.022015
126.0592,6642.272,49.345032,-2.959047,4.170015,0.41786999,-0.008265,0.022279
126.0751,6642.292,49.500587,-2.901043,4.08938,0.41908401,-0.008041,0.0218
126.0908,6642.312,49.685566,-2.812759,3.966984,0.42052299,-0.007722,0.021094
126.1355,6642.332,49.721931,-2.724169,3.93367,0.42079201,-0.00713,0.021144
126.1382,6642.3519,49.755505,-2.709759,3.973933,0.42105699,-0.006856,0.021505
126.1467,6642.3719,49.849949,-2.777737,4.026515,0.42182001,-0.007166,0.021641
126.1743,6642.3919,49.87693,-2.899085,4.085384,0.42206001,-0.007899,0.021651
126.1888,6642.4119,49.889198,-3.056397,4.149575,0.42219099,-0.008902,0.021575
126.207,6642.4319,50.012558,-3.19024,4.178133,0.42319301,-0.009807,0.021264
126.225,6642.4519,50.111004,-3.30795,4.234763,0.42399701,-0.010489,0.021241
126.2474,6642.4719,50.164051,-3.401279,4.332247,0.42444199,-0.010844,0.021646
126.2657,6642.4919,50.200294,-3.400965,4.385859,0.42473301,-0.010628,0.022057
126.2856,6642.5119,50.139637,-3.36335,4.402561,0.42424899,-0.010294,0.022351
126.3125,6642.5319,50.077129,-3.389456,4.428528,0.42376301,-0.01043,0.022483
126.3282,6642.5519,50.082287,-3.409882,4.376953,0.423803,-0.01078,0.021998
126.3464,6642.5719,50.077271,-3.366309,4.280893,0.42374599,-0.010793,0.021402
126.374,6642.5919,50.065323,-3.276801,4.25858,0.42363301,-0.010173,0.021561
126.3891,6642.6119,49.995567,-3.268022,4.303398,0.42308399,-0.009966,0.021973
126.408,6642.6319,49.866024,-3.19904,4.36761,0.42205301,-0.009236,0.022782
126.4267,6642.6519,49.892574,-3.208651,4.444752,0.42227101,-0.009017,0.023347
126.4479,6642.6719,50.023388,-3.296688,4.505974,0.423327,-0.009433,0.023458
126.4665,6642.6919,49.953346,-3.431534,4.604955,0.42280999,-0.010163,0.023769
126.508,6642.7119,49.813976,-3.481845,4.695045,0.42172799,-0.010289,0.02435
126.5134,6642.7319,49.80146,-3.440478,4.764695,0.421626,-0.009711,0.025058
126.5288,6642.7519,49.863285,-3.483627,4.857274,0.42213199,-0.009684,0.025607
126.5484,6642.7718,49.849026,-3.562512,4.981947,0.422048,-0.009855,0.026308
126.5641,6642.7918,49.790508,-3.632806,5.089529,0.42161101,-0.010042,0.026924
126.5893,6642.8118,49.820751,-3.673064,5.1488,0.42186499,-0.010128,0.027232
126.6098,6642.8318,49.817436,-3.665853,5.194584,0.421841,-0.009904,0.027622
126.6281,6642.8518,49.753773,-3.620265,5.245366,0.42133099,-0.009387,0.028218
126.6444,6642.8718,49.777794,-3.535792,5.228335,0.42149901,-0.00877,0.028384
126.6678,6642.8918,49.834156,-3.460952,5.185292,0.421922,-0.00831,0.028296
126.6941,6642.9118,49.846054,-3.372448,5.136842,0.42199099,-0.007783,0.028234
126.7104,6642.9318,49.851635,-3.219864,5.087937,0.421994,-0.006754,0.028407
126.7361,6642.9518,49.836758,-3.079026,5.045295,0.421839,-0.005804,0.028594
126.749,6642.9718,49.800659,-3.043258,5.062479,0.42154601,-0.005474,0.028875
126.7666,6642.9918,49.812199,-3.040128,5.0799,0.421637,-0.00538,0.02902
126.7917,6643.0118,49.851093,-3.035676,5.110136,0.42194501,-0.005216,0.029261
126.8092,6643.0318,49.792946,-2.929044,5.13101,0.42145899,-0.004322,0.02984
126.8292,6643.0518,49.769718,-2.894519,5.218693,0.421269,-0.003737,0.030669
126.8494,6643.0718,49.945461,-2.87251,5.238596,0.42265201,-0.00341,0.030843
126.87,6643.0918,50.048618,-2.84856,5.313816,0.423462,-0.002896,0.031488
126.895,6643.1118,50.080917,-2.820833,5.337657,0.42370999,-0.002574,0.031767
126.9129,6643.1318,50.110157,-2.773063,5.334492,0.42392701,-0.002195,0.031908
126.9347,6643.1518,50.094864,-2.831866,5.374359,0.42382401,-0.002519,0.032011
126.9492,6643.1718,50.071724,-2.855079,5.439843,0.42364901,-0.002471,0.032451
126.9683,6643.1917,50.102276,-2.803323,5.511995,0.423877,-0.001781,0.033201
126.9907,6643.2117,50.17683,-2.699004,5.534188,0.42443499,-0.00084,0.033735
127.0066,6643.2317,50.166595,-2.587853,5.553396,0.424321,0.000104,0.034302
127.0283,6643.2517,50.047085,-2.588177,5.610041,0.42337799,0.000255,0.034791
127.0576,6643.2717,49.963253,-2.637821,5.681544,0.42273101,8.7e-05,0.035203
127.0739,6643.2917,50.031178,-2.66624,5.756569,0.42327601,0.000172,0.035666
127.0857,6643.3117,50.19685,-2.692322,5.789478,0.424591,0.000168,0.035768
127.1197,6643.3317,50.280598,-2.690792,5.838579,0.42525101,0.000403,0.03613
127.1319,6643.3517,50.297371,-2.580757,5.861873,0.42534801,0.001366,0.036716
127.1469,6643.3717,50.383549,-2.472464,5.810162,0.425993,0.00207,0.036679
127.1684,6643.3918,50.549534,-2.323997,5.733158,0.427255,0.003033,0.036566
127.1868,6643.4118,50.624771,-2.181044,5.697797,0.42780301,0.004063,0.036795
127.2089,6643.4318,50.688179,-2.118742,5.660533,0.42828399,0.004444,0.036713
127.2264,6643.4519,50.798332,-2.138045,5.636113,0.429158,0.004251,0.036412
127.261,6643.4719,50.847221,-2.191955,5.651896,0.42955899,0.003908,0.036318
127.2766,6643.4919,50.847366,-2.223813,5.63316,0.429571,0.003587,0.036051
127.2896,6643.5119,50.840034,-2.171762,5.63169,0.429497,0.003988,0.036237
127.312,6643.532,50.809803,-2.170621,5.683706,0.42925701,0.004178,0.036661
127.3303,6643.552,50.847485,-2.200858,5.759398,0.42956001,0.004241,0.037131
127.3481,6643.572,50.980289,-2.227457,5.806297,0.43061101,0.00427,0.037355
127.3651,6643.592,51.117126,-2.289193,5.80522,0.43170699,0.003845,0.037067
127.3861,6643.6121,51.163116,-2.335939,5.819749,0.43208301,0.003554,0.036989
127.408,6643.6321,51.106499,-2.302472,5.848364,0.43162599,0.003898,0.03736
127.4283,6643.6521,51.114662,-2.296056,5.889138,0.431687,0.004106,0.037702
127.4497,6643.6722,51.271175,-2.381406,5.895425,0.432944,0.003534,0.037374
127.4708,6643.6922,51.35479,-2.473092,5.943513,0.43362901,0.003036,0.037375
127.4961,6643.7122,51.363232,-2.49935,5.978957,0.43370301,0.002968,0.037551
127.5211,6643.7322,51.362949,-2.508763,5.966043,0.43370399,0.002845,0.037414
127.5477,6643.7523,51.391247,-2.561008,5.95984,0.433943,0.002425,0.037157
127.5624,6643.7723,51.435574,-2.642577,5.978511,0.43431699,0.001877,0.036978
127.5747,6643.7923,51.430759,-2.668291,5.999982,0.43428701,0.001754,0.037051
127.5875,6643.8124,51.431221,-2.714991,6.055007,0.43430501,0.001596,0.037306
127.6125,6643.8324,51.512608,-2.782956,6.102566,0.43496501,0.001284,0.03739
127.6279,6643.8524,51.554516,-2.843504,6.128868,0.43531299,0.00093,0.03735
127.6457,6643.8724,51.548409,-2.87082,6.105852,0.435274,0.000625,0.037068
127.6663,6643.8925,51.56395,-2.87718,6.023729,0.43539801,0.000271,0.036393
127.6917,6643.9125,51.5709,-2.943377,6.044786,0.43547401,-0.000165,0.036304
127.708,6643.9325,51.634773,-3.033551,6.098661,0.436003,-0.000635,0.036358
127.73,6643.9526,51.774105,-3.094353,6.11639,0.437114,-0.000972,0.036208
127.755,6643.9726,51.773403,-3.049609,6.088725,0.437094,-0.000727,0.036162
127.7813,6643.9927,51.698444,-3.034364,6.056493,0.43650201,-0.000769,0.035998
127.7906,6644.0127,51.722271,-2.997494,6.017258,0.43667701,-0.000617,0.035821
127.8228,6644.0327,51.791756,-3.071953,6.009766,0.437244,-0.001194,0.03545
127.8364,6644.0527,51.85873,-3.173902,6.005804,0.43779999,-0.001974,0.035002
127.8523,6644.0728,51.917122,-3.213398,5.993096,0.43826899,-0.002302,0.034727
127.8732,6644.0928,51.981537,-3.157068,5.940943,0.43875501,-0.002027,0.034507
127.8938,6644.1128,52.00444,-3.115473,5.914417,0.438921,-0.001791,0.034449
127.9076,6644.1328,52.020466,-3.165219,5.932052,0.439062,-0.002105,0.03439
127.931,6644.1529,52.060242,-3.241976,5.980027,0.43939701,-0.002502,0.034455
127.9464,6644.1729,52.070213,-3.241183,5.985664,0.439475,-0.002469,0.034498
127.9692,6644.1929,52.063362,-3.166193,5.944756,0.43939799,-0.002042,0.034468
127.9885,6644.213,52.105186,-3.130988,5.885288,0.43971401,-0.001973,0.03412
128.0127,6644.233,52.186954,-3.084903,5.828772,0.44033799,-0.001788,0.033821
128.0523,6644.253,52.193592,-3.008558,5.803775,0.44036701,-0.001283,0.033916
128.0574,6644.273,52.203083,-2.980084,5.773675,0.440433,-0.001171,0.033786
128.0714,6644.2931,52.229828,-3.000884,5.740282,0.44064799,-0.001449,0.033434
128.0872,6644.3131,52.227631,-3.075803,5.776845,0.440653,-0.001896,0.033433
128.1196,6644.3332,52.29015,-3.073354,5.787426,0.44114101,-0.001805,0.0335
128.1313,6644.3532,52.305878,-3.049881,5.836362,0.44125801,-0.001425,0.033967
128.151,6644.3733,52.342999,-3.056777,5.851517,0.44154999,-0.001402,0.034044
128.1904,6644.3933,52.403915,-3.082985,5.860692,0.44203401,-0.001541,0.03399
128.1923,6644.4134,52.438496,-3.110914,5.889189,0.44231299,-0.001632,0.034091
128.2064,6644.4335,52.458344,-3.119355,5.918184,0.442471,-0.001576,0.034277
128.2275,6644.4535,52.480469,-3.123972,5.951813,0.44264501,-0.001471,0.034513
128.2502,6644.4736,52.530006,-3.123902,5.963223,0.443032,-0.001401,0.034582
128.2687,6644.4937,52.589874,-3.125165,5.966891,0.44350001,-0.001366,0.034581
128.2988,6644.5137,52.622604,-3.086532,5.899319,0.44374299,-0.001309,0.034189
128.3097,6644.5338,52.598984,-2.97245,5.846189,0.443524,-0.000635,0.034225
128.3336,6644.5538,52.584671,-2.924298,5.825969,0.443398,-0.000344,0.034259
128.3706,6644.5738,52.619553,-2.987378,5.877033,0.44368899,-0.000622,0.0344
128.3792,6644.5939,52.699108,-3.08936,5.927006,0.444341,-0.001185,0.034363
128.3979,6644.6139,52.769146,-3.137982,5.95563,0.444902,-0.001418,0.034369
128.4117,6644.6339,52.762161,-3.150966,5.969266,0.44485199,-0.00147,0.034428
128.4295,6644.654,52.764282,-3.151623,5.977517,0.44486901,-0.001442,0.034489
128.4495,6644.674,52.818588,-3.17591,5.993912,0.44530001,-0.00154,0.0345
128.4758,6644.6941,52.847473,-3.23686,6.032992,0.445544,-0.001849,0.034556
128.4911,6644.7141,52.823669,-3.274077,6.05048,0.44536999,-0.002084,0.034558
128.5146,6644.7342,52.817883,-3.228306,6.002533,0.44531,-0.001916,0.034364
128.54,6644.7543,52.832043,-3.13327,5.949714,0.445391,-0.001372,0.034315
128.5626,6644.7743,52.897026,-3.102154,5.911904,0.44588801,-0.001243,0.034114
128.5727,6644.7944,53.014397,-3.104518,5.875185,0.446803,-0.001345,0.03377
128.5911,6644.8144,53.082642,-3.069851,5.810655,0.44732401,-0.001292,0.033374
128.6142,6644.8345,53.071552,-2.96375,5.728655,0.44720599,-0.00079,0.033153
128.6299,6644.8546,53.044476,-2.854418,5.659024,0.44696301,-0.000222,0.033047
128.6517,6644.8746,53.092075,-2.788321,5.60971,0.44731501,0.000124,0.032902
128.6699,6644.8947,53.137226,-2.781819,5.593011,0.44766501,0.000131,0.03278
128.6879,6644.9148,53.134068,-2.80182,5.595184,0.44764599,-1.8e-05,0.03272
128.7126,6644.9348,53.161762,-2.800872,5.598885,0.44786099,1.7e-05,0.032742
128.7344,6644.9548,53.206482,-2.818151,5.679524,0.44821399,0.000219,0.033286
128.7542,6644.9748,53.24424,-2.830872,5.751542,0.44851199,0.00042,0.033783
128.7759,6644.9949,53.272999,-2.826688,5.778207,0.44873399,0.000571,0.033996
128.7906,6645.0149,53.285313,-2.815432,5.771623,0.448827,0.000639,0.033984
128.8214,6645.0349,53.294949,-2.761866,5.768787,0.44888601,0.00105,0.034168
128.8436,6645.055,53.324871,-2.737401,5.706492,0.449112,0.001011,0.033767
128.8562,6645.075,53.377716,-2.818178,5.733195,0.44954699,0.000512,0.033638
128.8698,6645.095,53.44334,-2.931845,5.771447,0.450091,-0.000191,0.033464
128.8934,6645.115,53.511642,-2.943746,5.761544,0.450625,-0.000289,0.033313
128.9127,6645.1351,53.540279,-2.821769,5.707009,0.45081201,0.00046,0.033357
128.9372,6645.1551,53.518196,-2.71659,5.680783,0.45061001,0.001165,0.033575
128.9522,6645.1751,53.543552,-2.725341,5.655608,0.45080999,0.00101,0.033335
128.9725,6645.1952,53.590481,-2.821802,5.676756,0.45120299,0.000365,0.033102
128.9926,6645.2152,53.617523,-2.930182,5.710608,0.451444,-0.000332,0.032928
129.0123,6645.2352,53.642544,-2.955054,5.746196,0.451646,-0.000373,0.033097
129.0309,6645.2552,53.644047,-2.935283,5.767618,0.45165199,-0.000134,0.033341
129.0559,6645.2752,53.635548,-2.956102,5.754466,0.451592,-0.000352,0.03316
129.0821,6645.2952,53.680004,-3.00067,5.728561,0.45195001,-0.000779,0.032765
129.0939,6645.3152,53.704918,-3.012061,5.735236,0.45214701,-0.000829,0.032762
129.1219,6645.3352,53.683163,-3.029359,5.754326,0.451983,-0.000899,0.032851
129.1388,6645.3552,53.658592,-3.015274,5.760053,0.45178801,-0.000779,0.032961
129.1521,6645.3752,53.636116,-3.017127,5.777951,0.45161399,-0.000734,0.033102
129.1689,6645.3952,53.637756,-3.014678,5.780523,0.451626,-0.000704,0.033131
129.1891,6645.4152,53.609818,-3.004059,5.868927,0.451406,-0.000287,0.033872
129.2078,6645.4352,53.526577,-3.006602,5.938721,0.45076001,-7.4e-05,0.034439
129.2277,6645.4552,53.478012,-2.978747,5.948575,0.45037401,0.000157,0.034645
129.2502,6645.4752,53.542835,-2.937916,5.937225,0.45086601,0.000463,0.034691
129.268,6645.4952,53.620552,-2.798433,5.85919,0.451428,0.00128,0.034602
129.29,6645.5152,53.56139,-2.759019,5.861601,0.45095599,0.001567,0.034799
129.3154,6645.5352,53.527527,-2.693137,5.799006,0.450674,0.001817,0.034584
129.3507,6645.5552,53.551579,-2.558882,5.688512,0.45082301,0.002439,0.034243
129.3576,6645.5752,53.578632,-2.449706,5.549656,0.451004,0.002755,0.033582
129.3771,6645.5952,53.5481,-2.413229,5.436046,0.45075899,0.002578,0.032852
129.3911,6645.6152,53.528545,-2.492927,5.39951,0.45063001,0.001805,0.032261
129.4086,6645.6351,53.566856,-2.581081,5.437344,0.45095199,0.001285,0.032195
129.4324,6645.6551,53.612362,-2.673521,5.527617,0.45133099,0.000942,0.032517
129.4488,6645.6751,53.60955,-2.657758,5.541736,0.451305,0.001119,0.03269
129.469,6645.6951,53.563797,-2.667295,5.549517,0.45095199,0.001054,0.03273
129.4961,6645.7151,53.657433,-2.735216,5.575546,0.45169899,0.000672,0.03263
129.513,6645.7351,53.722496,-2.903983,5.666003,0.452252,-0.000253,0.032643
129.534,6645.7551,53.66349,-3.044768,5.795564,0.45183501,-0.000866,0.033119
129.5528,6645.7751,53.587505,-3.116506,5.898195,0.45126599,-0.001058,0.033666
129.5683,6645.7951,53.529648,-3.157379,5.959328,0.450829,-0.001165,0.034005
129.6028,6645.8151,53.476742,-3.243739,5.994306,0.45044401,-0.001727,0.03396
129.622,6645.8351,53.486465,-3.32409,5.994698,0.45054299,-0.002346,0.033643
129.6385,6645.8551,53.473923,-3.352839,5.99606,0.450454,-0.002571,0.033546
129.6499,6645.8751,53.42878,-3.349202,6.001218,0.450102,-0.002546,0.03362
129.6719,6645.8951,53.427753,-3.341663,6.024325,0.450093,-0.002397,0.03383
129.6929,6645.9151,53.472794,-3.321898,6.02854,0.45043701,-0.002203,0.033921
129.7096,6645.9351,53.447414,-3.316192,6.029776,0.45023799,-0.002167,0.033964
129.7308,6645.9551,53.406357,-3.297879,6.003759,0.449913,-0.002148,0.033851
129.7496,6645.9751,53.447987,-3.219234,5.949292,0.450212,-0.001728,0.033718
129.7702,6645.9951,53.515533,-3.136763,5.903832,0.45071301,-0.00123,0.03366
129.7914,6646.0151,53.527882,-3.144479,5.893103,0.450811,-0.001326,0.033541
129.8152,6646.0351,53.519947,-3.153836,5.871459,0.45075199,-0.001488,0.033339
129.8297,6646.055,53.478001,-3.168616,5.871802,0.45043001,-0.001623,0.033301
129.861,6646.075,53.440765,-3.208822,5.907431,0.45015299,-0.001815,0.033436
129.8756,6646.095,53.47514,-3.227756,5.945561,0.45042601,-0.001795,0.033644
129.8961,6646.115,53.503414,-3.253338,5.928933,0.45065299,-0.002045,0.033402
129.9128,6646.135,53.454243,-3.223666,5.927979,0.45026201,-0.001843,0.033532
129.9288,6646.155,53.387089,-3.125672,5.933127,0.44971099,-0.001094,0.033985
129.9481,6646.175,53.315891,-3.091243,5.903798,0.44914699,-0.000977,0.033921
129.9721,6646.195,53.268681,-3.097162,5.862703,0.44878101,-0.001208,0.033597
129.9889,6646.215,53.295116,-3.066682,5.79256,0.44897699,-0.001232,0.033159
130.0076,6646.235,53.290066,-2.977843,5.713243,0.44891101,-0.000853,0.032891
130.031,6646.255,53.089783,-2.906197,5.707699,0.44733101,-0.000414,0.033207
130.0498,6646.275,52.875698,-2.889868,5.741602,0.445658,-0.000259,0.033619
130.0732,6646.295,52.825706,-2.935373,5.763406,0.44528201,-0.000554,0.033632
130.0951,6646.315,52.855614,-2.93025,5.769672,0.44551301,-0.000475,0.033689
130.1139,6646.335,52.889324,-2.861533,5.735211,0.44575599,-5.6e-05,0.033674
130.1325,6646.355,52.861069,-2.80133,5.588801,0.44551799,-0.000169,0.032776
130.1526,6646.375,52.762283,-2.674281,5.468125,0.444711,0.000308,0.032364
130.1672,6646.395,52.670219,-2.716575,5.497567,0.44400501,4.9e-05,0.032464
130.1944,6646.415,52.58828,-2.796692,5.696709,0.44338799,0.000155,0.033741
130.2098,6646.4349,52.623775,-2.785353,5.742219,0.44366199,0.000437,0.034127
130.227,6646.4549,52.78722,-2.836901,5.547835,0.44495201,-0.000641,0.032346
130.2514,6646.4749,52.858948,-2.918297,5.446372,0.44553301,-0.001637,0.03121
130.2703,6646.4949,52.709629,-3.029813,5.454212,0.444399,-0.002548,0.030896
130.2933,6646.5149,52.532471,-3.103487,5.412858,0.44303399,-0.003368,0.030357
130.3127,6646.5349,52.414379,-3.080335,5.389741,0.442105,-0.003332,0.030312
130.3306,6646.5549,52.422646,-3.166876,5.380177,0.44219199,-0.004042,0.0299
130.3516,6646.5749,52.47237,-3.098715,5.357481,0.44256201,-0.003573,0.029966
130.3767,6646.5949,52.364098,-3.041374,5.359088,0.44170099,-0.003169,0.030242
130.3925,6646.6149,52.257275,-2.967838,5.381788,0.44084701,-0.002556,0.030744
130.4102,6646.6349,52.231285,-2.923156,5.407363,0.44063199,-0.00212,0.031126
130.4295,6646.6549,52.282223,-2.979846,5.420854,0.441046,-0.002488,0.030994
130.4513,6646.6749,52.373253,-3.040594,5.431624,0.44177401,-0.002879,0.030809
130.471,6646.6949,52.358459,-2.998145,5.447936,0.44164699,-0.002491,0.031106
130.4971,6646.7149,52.23996,-2.97286,5.4391,0.440714,-0.002383,0.03118
130.5168,6646.7349,52.252075,-3.199538,5.388095,0.44086799,-0.004348,0.029904
130.5336,6646.7549,52.443481,-3.336967,5.437057,0.44240099,-0.005143,0.02968
130.554,6646.7749,52.463161,-3.16693,5.582999,0.44251499,-0.00324,0.03147
130.5763,6646.7949,52.288635,-3.116771,5.634037,0.44113901,-0.002736,0.032133
130.5966,6646.8149,52.114079,-3.112863,5.622538,0.43977201,-0.002835,0.032128
130.6109,6646.8349,52.113365,-3.130017,5.585963,0.439771,-0.00311,0.031776
130.642,6646.8548,52.095894,-3.156,5.639925,0.439643,-0.003115,0.032106
130.6578,6646.8748,51.971886,-3.134674,5.693934,0.43866801,-0.002802,0.032661
130.6724,6646.8948,51.960728,-3.122878,5.749357,0.43857801,-0.002503,0.033145
130.6931,6646.9148,51.974758,-3.141566,5.812421,0.43869501,-0.002401,0.033562
130.7077,6646.9348,51.994255,-3.069154,5.874783,0.43882701,-0.001585,0.03432
130.7275,6646.9548,52.268631,-2.883227,5.829422,0.44091699,-0.000166,0.034569
130.7507,6646.9748,52.399292,-2.867294,5.897026,0.44193301,0.000284,0.035108
130.7686,6646.9948,52.313419,-2.980877,5.932246,0.44129699,-0.000512,0.03498
130.7904,6647.0148,52.007301,-3.070712,5.983811,0.43893099,-0.001173,0.035163
130.8113,6647.0348,51.631554,-3.005486,6.124008,0.435969,-0.00032,0.036665
130.8273,6647.0548,51.374958,-2.797167,6.053154,0.43389001,0.000915,0.037002
130.8479,6647.0748,51.198044,-2.878549,6.117133,0.43252799,0.000427,0.037267
130.871,6647.0948,51.102394,-2.835874,6.201958,0.43176201,0.001033,0.038133
130.8941,6647.1148,51.080101,-2.653268,6.243207,0.43152499,0.002613,0.039154
130.9088,6647.1348,51.009174,-2.550303,6.249733,0.43093199,0.003411,0.03962
130.9303,6647.1548,50.809467,-2.495298,6.337892,0.42934,0.004072,0.040596
130.9479,6647.1748,50.532417,-2.57824,6.57127,0.42718199,0.004145,0.042231
130.9686,6647.1948,50.337093,-2.721408,6.834546,0.425688,0.003889,0.043852
130.9908,6647.2148,50.298809,-2.849853,6.968567,0.425432,0.003352,0.044448
131.0083,6647.2348,50.246353,-2.703486,7.03119,0.424959,0.004709,0.045507
131.0279,6647.2548,49.965275,-2.602173,7.077693,0.42269999,0.00552,0.046364
131.0481,6647.2747,49.699707,-2.546529,7.056933,0.42058301,0.005732,0.046512
131.0664,6647.2947,49.565067,-2.406732,7.024607,0.41946399,0.006643,0.046822
131.0892,6647.3147,49.48024,-2.395146,7.025689,0.418789,0.006691,0.046906
131.1195,6647.3347,49.489502,-2.235981,7.06434,0.41879401,0.008097,0.04779
131.1295,6647.3548,49.568863,-2.02636,7.157628,0.41932499,0.010141,0.049265
131.1481,6647.3748,49.627773,-1.806741,7.289051,0.41968101,0.012392,0.051087
131.1724,6647.3948,49.647427,-1.711201,7.416661,0.419779,0.013626,0.052439
131.1908,6647.4148,49.675274,-1.700775,7.4447,0.41999099,0.013827,0.052689
131.2107,6647.4349,49.684509,-1.512294,7.220095,0.42000601,0.014499,0.051601
131.2312,6647.4549,49.804379,-0.776691,6.643172,0.42071,0.018259,0.049703
131.2484,6647.4749,49.443439,-0.349115,6.318494,0.41772699,0.020285,0.048788
131.2687,6647.495,48.926636,0.009087,6.051256,0.41352999,0.02193,0.048077
131.2982,6647.515,48.522697,0.557719,5.819586,0.41014001,0.02529,0.048277
131.3164,6647.535,48.333679,0.939161,5.706129,0.40850201,0.027845,0.048762
131.3438,6647.555,48.211151,1.157554,5.731982,0.40742701,0.029629,0.049758
131.3547,6647.5751,48.125561,1.116143,5.943981,0.40670899,0.030021,0.051306
131.3761,6647.5951,48.119961,0.923064,6.220737,0.40667999,0.029465,0.052823
131.3904,6647.6151,48.099106,0.802013,6.562496,0.40648299,0.029706,0.055115
131.4327,6647.6352,48.028053,0.640031,6.833889,0.405927,0.029348,0.056711
131.4372,6647.6552,48.013149,0.373185,6.960907,0.405909,0.027668,0.056779
131.4597,6647.6752,48.057377,0.349211,7.029973,0.40625599,0.027743,0.057235
131.472,6647.6952,48.069984,0.220265,7.073316,0.40641001,0.026877,0.05712
131.493,6647.7153,48.133587,0.025751,7.098934,0.40700701,0.025452,0.05662
131.5089,6647.7353,48.223881,0.033867,7.138291,0.40771201,0.025701,0.056942
131.5328,6647.7553,48.241592,-0.233032,7.237411,0.40796399,0.023941,0.056776
131.5488,6647.7754,48.3577,-0.794856,7.370482,0.40913701,0.020011,0.0558
131.5801,6647.7954,48.572037,-1.10678,7.444006,0.41097701,0.017913,0.055204
131.5966,6647.8154,48.803307,-1.382246,7.491941,0.412936,0.016028,0.05452
131.614,6647.8354,49.03698,-1.641295,7.514183,0.41490701,0.014187,0.053681
131.6311,6647.8555,49.112263,-2.000134,7.536246,0.415667,0.011467,0.052528
131.6544,6647.8755,49.010567,-2.198186,7.375636,0.414965,0.009256,0.050576
131.6822,6647.8955,48.783592,-2.146333,6.946627,0.41317701,0.007989,0.047446
131.702,6647.9156,48.514896,-1.785937,6.285851,0.41094899,0.008335,0.043587
131.7335,6647.9356,48.26606,-1.373597,5.468766,0.40888399,0.008577,0.038638
131.7373,6647.9556,48.117123,-0.83476,4.546093,0.407603,0.009522,0.033248
131.7514,6647.9756,48.088009,-0.386553,3.658567,0.407327,0.009927,0.027778
131.7731,6647.9956,48.182133,-0.092767,2.974064,0.40807,0.009854,0.02336
131.7889,6648.0156,48.232773,0.127384,2.512694,0.40847099,0.009973,0.020466
131.8105,6648.0356,48.191536,0.18135,2.25755,0.40815499,0.009487,0.018629
131.8393,6648.0556,48.153934,0.023803,2.115016,0.40789101,0.007719,0.016935
131.8556,6648.0756,48.100803,-0.192622,2.07739,0.40750101,0.005853,0.015869
131.8718,6648.0956,47.999149,-0.593653,2.220216,0.40674001,0.003148,0.015592
131.8944,6648.1157,47.815254,-1.176305,2.532711,0.40535101,-0.000426,0.016044
131.9095,6648.1357,47.673988,-1.771464,2.982451,0.40431899,-0.003619,0.017556
131.9347,6648.1557,47.719727,-2.383919,3.412879,0.40480101,-0.006973,0.018817
131.9644,6648.1758,47.910843,-3.054638,3.78427,0.40646499,-0.010943,0.019347
131.978,6648.1958,48.094547,-3.659463,4.067263,0.408061,-0.014687,0.019387
131.9939,6648.2158,48.085747,-3.976077,4.154906,0.40805599,-0.0169,0.018961
132.0179,6648.2358,47.976463,-4.097359,4.036511,0.407188,-0.018332,0.017631
132.0346,6648.2559,47.87923,-4.080512,3.767321,0.406367,-0.019192,0.015585
132.0514,6648.2759,47.806553,-4.04686,3.445337,0.405729,-0.020092,0.013166
132.0713,6648.2959,47.764328,-4.116336,3.11359,0.405339,-0.021835,0.010291
132.0916,6648.316,47.71912,-4.08957,2.857222,0.40492699,-0.022543,0.008358
132.1365,6648.336,47.61446,-3.954947,2.692094,0.40405101,-0.022085,0.007554
132.1373,6648.3561,47.57756,-3.821587,2.564659,0.40372401,-0.021481,0.00702
132.1514,6648.3761,47.740723,-3.687273,2.484118,0.405002,-0.020646,0.006796
132.1886,6648.3962,48.017151,-3.603438,2.462937,0.40719599,-0.019974,0.006833
132.1977,6648.4163,48.243954,-3.585533,2.507558,0.409008,-0.019608,0.007178
132.209,6648.4363,48.385468,-3.513144,2.526434,0.41013199,-0.018924,0.007541
132.2296,6648.4564,48.437279,-3.332159,2.451182,0.41051999,-0.017739,0.007574
132.2513,6648.4765,48.47945,-3.096798,2.316813,0.41082001,-0.016337,0.007336
132.2704,6648.4965,48.684814,-2.823468,2.111905,0.41240799,-0.014849,0.006632
132.2887,6648.5166,48.920872,-2.364549,1.903867,0.41423199,-0.011901,0.006577
132.3126,6648.5366,48.711113,-1.692415,1.630157,0.412503,-0.007587,0.006868
132.3322,6648.5567,48.211712,-1.255828,1.557395,0.40849799,-0.004452,0.007929
132.3525,6648.5768,47.60997,-1.23475,1.689189,0.403703,-0.003908,0.009137
132.3739,6648.5968,47.081509,-1.408289,1.732341,0.39949599,-0.005228,0.00895
132.4004,6648.6169,46.812389,-1.471252,1.650509,0.39734301,-0.00606,0.008117
132.4135,6648.6369,46.852768,-1.18667,1.655706,0.397645,-0.003757,0.00914
132.4386,6648.657,47.015026,-0.710109,1.809993,0.398902,0.000618,0.012012
132.4597,6648.677,47.148136,-0.492317,2.15683,0.39993399,0.00359,0.015532
132.4786,6648.697,47.27866,-0.636095,2.642533,0.40098301,0.004162,0.018898
132.4962,6648.7171,47.441357,-0.978568,3.180104,0.40232599,0.003347,0.021969
132.5136,6648.7371,47.650261,-1.340302,3.750783,0.404053,0.002525,0.025213
132.536,6648.7571,47.730766,-1.660808,4.24972,0.40476,0.001755,0.028044
132.5604,6648.7772,47.572903,-2.005158,4.614579,0.40358499,0.000237,0.029782
132.5816,6648.7972,47.397842,-2.168425,4.795141,0.40223199,-0.0005,0.0307
132.6011,6648.8173,47.318291,-1.896165,4.704157,0.40152401,0.001324,0.030951
132.6225,6648.8374,47.259842,-1.427608,4.494666,0.40093601,0.004312,0.030933
132.6334,6648.8574,47.24752,-1.010078,4.277125,0.400736,0.006883,0.030658
132.6533,6648.8775,47.213707,-0.620266,4.091068,0.40037501,0.009337,0.03054
132.6748,6648.8976,47.124382,-0.371301,4.017611,0.39960101,0.011044,0.030836
132.6905,6648.9176,47.139252,-0.20622,4.010153,0.399676,0.012342,0.03135
132.7158,6648.9376,47.278362,-0.058227,4.014966,0.40074599,0.013581,0.031887
132.7434,6648.9577,47.443634,0.085204,4.036975,0.40202299,0.01485,0.032545
132.7549,6648.9777,47.519733,0.206343,3.987402,0.402603,0.015664,0.032566
132.7702,6648.9977,47.511204,0.301084,3.92167,0.40251699,0.016187,0.032375
132.7951,6649.0178,47.560638,0.395126,3.908419,0.40288699,0.016904,0.032595
132.8152,6649.0378,47.797825,0.360896,3.940768,0.40478399,0.016807,0.03271
132.8374,6649.0578,48.134758,0.206809,4.039297,0.40749899,0.016019,0.032914
132.8593,6649.0778,48.346977,-0.065756,4.189489,0.40924701,0.014445,0.033112
132.8725,6649.0979,48.342323,-0.483604,4.378736,0.409309,0.011795,0.033126
132.9028,6649.1179,48.319817,-0.911608,4.544191,0.40923801,0.008973,0.032918
132.9155,6649.1379,48.403988,-1.32801,4.780416,0.41001201,0.006535,0.03329
132.9307,6649.158,48.462944,-1.886592,5.067837,0.410631,0.003145,0.03356
132.9569,6649.178,48.34016,-2.485419,5.337189,0.40982801,-0.000706,0.033597
132.9769,6649.198,48.022022,-3.074703,5.43755,0.407471,-0.005185,0.032409
133.0049,6649.218,47.592045,-3.406359,5.158584,0.40411901,-0.009018,0.029178
133.0239,6649.2381,47.155407,-3.338017,4.595708,0.400572,-0.010642,0.025091
133.0376,6649.2581,46.910175,-2.907677,3.93713,0.398467,-0.009593,0.02141
133.0607,6649.2781,46.951778,-2.410567,3.362261,0.39866999,-0.007601,0.018527
133.0832,6649.2982,47.220943,-2.192988,3.016574,0.40076599,-0.006988,0.016452
133.0976,6649.3182,47.567741,-2.381401,2.940731,0.40355599,-0.008663,0.015098
133.1157,6649.3382,47.868584,-2.655347,2.964641,0.405992,-0.010679,0.014241
133.1379,6649.3582,48.132195,-2.848784,2.963734,0.408115,-0.012147,0.013472
133.1544,6649.3782,48.356663,-3.023097,2.941955,0.40991899,-0.013546,0.01261
133.1718,6649.3982,48.524628,-3.290245,2.888573,0.411275,-0.015812,0.011176
133.1921,6649.4182,48.642551,-3.565775,2.801109,0.41222399,-0.018281,0.009452
133.2145,6649.4382,48.647472,-3.671689,2.656386,0.412247,-0.019642,0.007919
133.2312,6649.4582,48.566204,-3.617,2.466363,0.41156501,-0.019914,0.006632
133.2549,6649.4782,48.508335,-3.517662,2.225909,0.41105801,-0.020003,0.005095
133.2756,6649.4982,48.532681,-3.462037,2.020316,0.41121301,-0.020292,0.003652
133.298,6649.5182,48.597576,-3.412805,1.852887,0.41169801,-0.020486,0.002478
133.3133,6649.5382,48.593864,-3.375265,1.730518,0.41164601,-0.020628,0.001641
133.3348,6649.5582,48.525879,-3.331916,1.631169,0.41108701,-0.020655,0.001026
133.3545,6649.5782,48.451786,-3.241357,1.495124,0.41047299,-0.020438,0.000289
133.3745,6649.5982,48.542526,-3.206189,1.462994,0.41118899,-0.020255,0.000135
133.3929,6649.6182,48.693363,-3.245631,1.520796,0.41239801,-0.02033,0.000412
133.4145,6649.6382,48.913315,-3.430761,1.704917,0.414179,-0.021089,0.001145
133.4391,6649.6582,49.191593,-3.674784,1.951633,0.416437,-0.022065,0.002134
133.4561,6649.6782,49.446999,-3.796321,2.210309,0.418513,-0.022019,0.003659
133.4703,6649.6982,49.65366,-3.807178,2.484495,0.420201,-0.021043,0.005721
133.4947,6649.7182,49.92802,-3.860491,2.787806,0.42242801,-0.020266,0.007829
133.521,6649.7382,50.307537,-4.014332,3.091195,0.42548901,-0.020234,0.009518
133.5323,6649.7582,50.725269,-4.043465,3.26203,0.42881399,-0.019681,0.010598
133.5537,6649.7782,51.0672,-3.821455,3.264125,0.431483,-0.017804,0.011319
133.573,6649.7983,51.178169,-3.398796,3.199223,0.43230301,-0.014685,0.012362
133.5964,6649.8183,51.06414,-2.991841,3.159256,0.431355,-0.01167,0.013618
133.6271,6649.8383,50.925632,-2.759327,3.179848,0.43023899,-0.009805,0.014696
133.6443,6649.8584,50.881348,-2.74126,3.336143,0.429901,-0.00909,0.016008
133.6653,6649.8784,50.851299,-2.959867,3.558246,0.42971399,-0.009989,0.016947
133.6827,6649.8984,50.731438,-3.125804,3.623663,0.428801,-0.011093,0.01688
133.6937,6649.9184,50.599148,-2.852961,3.476254,0.42770499,-0.009538,0.01678
133.7144,6649.9385,50.571056,-2.249801,3.396061,0.42738599,-0.005089,0.018406
133.7366,6649.9585,50.666069,-1.68209,3.483492,0.42803901,-0.000257,0.021191
133.7538,6649.9785,50.821236,-1.521841,3.749289,0.42922801,0.002047,0.02385
133.7713,6649.9985,50.970585,-1.858577,4.163929,0.430471,0.000999,0.025816
133.7958,6650.0186,51.119942,-2.422035,4.665477,0.43177801,-0.001493,0.0276
133.8214,6650.0386,51.244308,-2.748631,5.071968,0.43284401,-0.002476,0.029523
133.8469,6650.0586,51.234501,-2.887358,5.286459,0.43280801,-0.002761,0.030689
133.8577,6650.0787,51.166477,-2.943371,5.288748,0.432289,-0.003224,0.030521
133.8782,6650.0987,51.141392,-2.824404,5.114445,0.43205601,-0.002957,0.029608
133.8968,6650.1187,51.095585,-2.509571,4.808445,0.43160999,-0.001653,0.028403
133.913,6650.1387,51.016422,-1.868412,4.419663,0.43083099,0.001899,0.02778
133.9329,6650.1588,50.878044,-1.095872,4.08862,0.429566,0.006692,0.028107
133.9528,6650.1788,50.764355,-0.3914,3.848703,0.428514,0.01131,0.028875
133.9778,6650.1988,50.815704,0.134099,3.68562,0.428803,0.014854,0.029549
134.003,6650.2189,51.174957,0.445734,3.434723,0.43158701,0.01645,0.028709
134.0194,6650.2389,51.749622,0.716494,2.821754,0.43612701,0.016369,0.024881
134.0316,6650.2589,52.181015,1.109792,2.159686,0.43952799,0.016984,0.021183
134.0625,6650.2789,52.334805,1.620534,1.862763,0.440687,0.019858,0.020823
134.0704,6650.299,52.269932,2.220232,1.850348,0.44006699,0.024502,0.023026
134.1024,6650.319,52.017757,2.650166,1.969657,0.43797201,0.028315,0.025582
134.1173,6650.339,51.750996,2.943536,2.057616,0.43578801,0.030939,0.027357
134.139,6650.359,51.550423,3.212594,1.917437,0.43418801,0.032512,0.027249
134.1575,6650.379,51.357594,3.273132,1.606038,0.43274599,0.031807,0.025
134.1935,6650.399,51.123219,2.974728,1.258616,0.43105301,0.028152,0.021104
134.1953,6650.419,50.922188,2.429975,1.057204,0.429607,0.023109,0.017443
134.2108,6650.439,50.941711,1.887866,1.054755,0.42983899,0.01883,0.015393
134.232,6650.459,51.170387,1.230919,1.345245,0.431685,0.014757,0.015226
134.2506,6650.479,51.453018,0.273174,1.834987,0.43398499,0.009098,0.01546
134.2773,6650.499,51.771645,-0.898831,2.309556,0.43662,0.001743,0.014707
134.2984,6650.519,52.086777,-1.883687,2.507146,0.43921101,-0.005161,0.012438
134.3125,6650.5389,51.949844,-2.398412,2.340386,0.43817499,-0.009868,0.009191
134.3316,6650.5589,51.335712,-2.454838,1.926821,0.43331799,-0.012023,0.005874
134.3536,6650.5789,50.741707,-2.130623,1.43715,0.428579,-0.011425,0.003364
134.3731,6650.5989,50.543148,-1.70965,1.02995,0.42696601,-0.009654,0.001758
134.3934,6650.6189,50.737045,-1.659839,0.772872,0.428473,-0.010198,-0.000112
134.4146,6650.6389,50.991493,-1.809489,0.5387,0.430453,-0.012229,-0.002554
134.4337,6650.6589,51.104893,-1.781982,0.301867,0.431321,-0.012893,-0.004331
134.4539,6650.6789,51.137291,-1.702625,0.186307,0.431566,-0.012701,-0.004946
134.4771,6650.6989,51.168335,-1.818159,0.32089,0.43182099,-0.013101,-0.004326
134.4981,6650.7189,51.240025,-2.163251,0.596559,0.43240699,-0.01477,-0.003469
134.5194,6650.7389,51.240189,-2.682897,0.851533,0.43242899,-0.017896,-0.003424
134.5413,6650.7589,51.124241,-3.154699,0.985715,0.43152401,-0.021121,-0.00412
134.5638,6650.7789,50.916512,-3.482821,1.001991,0.42987901,-0.02368,-0.005171
134.575,6650.7989,50.697617,-3.619646,0.983423,0.42814401,-0.024868,-0.005769
134.594,6650.8189,50.522762,-3.719059,0.982796,0.42675999,-0.025687,-0.006095
134.6139,6650.8389,50.460072,-3.819657,0.982689,0.42625999,-0.026493,-0.006452
134.6404,6650.8589,50.509663,-3.942303,0.913126,0.42662701,-0.02771,-0.007472
134.6554,6650.8789,50.467426,-4.082063,0.783494,0.42625201,-0.029303,-0.009002
134.6776,6650.8989,50.23278,-4.112351,0.623336,0.42435601,-0.030179,-0.010307
134.6947,6650.9189,49.995003,-3.959333,0.420756,0.42243901,-0.029758,-0.011272
134.7188,6650.9389,49.891941,-3.693055,0.191978,0.42159301,-0.02851,-0.012072
134.746,6650.9588,49.820873,-3.549185,0.006143,0.42100099,-0.028064,-0.012995
134.7618,6650.9788,49.804157,-3.625586,-0.071914,0.42084,-0.028957,-0.013889
134.7895,6650.9988,49.940002,-3.712347,-0.113507,0.421893,-0.029781,-0.014571
134.792,6651.0188,50.053772,-3.696478,-0.015416,0.42282,-0.029281,-0.013766
134.8123,6651.0388,50.072399,-3.476317,0.144658,0.423031,-0.026948,-0.011693
134.8352,6651.0588,50.072914,-3.209194,0.280281,0.42309001,-0.024336,-0.009635
134.8519,6651.0788,50.145885,-3.090264,0.312818,0.42368299,-0.023267,-0.008955
134.8732,6651.0988,50.407055,-3.157205,0.249471,0.42572701,-0.023999,-0.009762
134.8928,6651.1188,50.745121,-3.240906,0.159919,0.42836699,-0.024953,-0.010857
134.9128,6651.1388,51.034714,-3.164587,0.158931,0.430655,-0.024322,-0.010644
134.9335,6651.1588,51.346588,-2.811454,0.219935,0.43315101,-0.021279,-0.008899
134.9595,6651.1788,51.543301,-2.202831,0.289481,0.43474799,-0.016212,-0.006083
134.9784,6651.1988,51.571899,-1.60857,0.327254,0.435002,-0.011397,-0.003535
134.9931,6651.2188,51.496834,-1.106656,0.300555,0.43442199,-0.007559,-0.001833
135.0147,6651.2388,51.308216,-0.76842,0.347705,0.432944,-0.004731,-0.000168
135.0454,6651.2588,51.011288,-0.844101,0.528042,0.43061501,-0.004664,0.000987
135.0679,6651.2788,50.789185,-0.984978,0.578212,0.428868,-0.005601,0.000872
135.0878,6651.2988,50.812668,-0.611322,0.451604,0.42904499,-0.003128,0.001271
135.1054,6651.3188,50.975231,0.232416,0.378457,0.430307,0.003252,0.003854
135.1146,6651.3388,50.997849,0.957762,0.532987,0.43044001,0.009546,0.007796
135.1397,6651.3588,50.920269,1.184751,0.854544,0.42977899,0.01254,0.011177
135.1586,6651.3787,51.044437,0.681231,1.190089,0.43077499,0.009839,0.011933
135.1724,6651.3987,51.7607,-0.144134,1.49187,0.43647099,0.004551,0.011164
135.1948,6651.4187,52.370262,-0.283573,1.762654,0.44125399,0.004567,0.012711
135.2127,6651.4387,52.459892,-0.515988,1.969426,0.441975,0.003557,0.013426
135.2317,6651.4587,52.279106,-0.80531,1.930622,0.44059199,0.001114,0.012028
135.2525,6651.4787,52.12664,-0.616414,1.467072,0.43938401,0.000793,0.009137
135.2723,6651.4987,51.911915,0.114797,0.973776,0.437657,0.00462,0.008079
135.2902,6651.5187,51.510723,0.947141,0.792755,0.43445301,0.01045,0.009822
135.315,6651.5387,50.993679,1.425888,0.861843,0.43033201,0.014468,0.012144
135.3352,6651.5587,50.576794,1.433572,0.981445,0.42702901,0.014969,0.013087
135.3506,6651.5787,50.375034,1.297613,1.038469,0.42544499,0.014103,0.013019
135.3726,6651.5987,50.336861,1.177758,1.037558,0.42515701,0.013152,0.012565
135.3909,6651.6187,50.283833,1.107964,0.934787,0.424757,0.012218,0.011492
135.4232,6651.6387,50.177593,1.123399,0.811003,0.42392901,0.011879,0.010566
135.4331,6651.6587,50.092098,1.158717,0.762673,0.423255,0.011978,0.01031
135.4529,6651.6787,50.031082,0.991129,0.810942,0.42278299,0.01083,0.01007
135.4757,6651.6987,49.911533,0.65479,0.850537,0.42186201,0.008312,0.00914
135.4955,6651.7187,49.73761,0.475881,0.801482,0.42050201,0.006709,0.008092
135.5112,6651.7387,49.761642,0.600517,0.715237,0.42068899,0.00738,0.007867
135.5316,6651.7587,50.07449,0.999527,0.478811,0.42315501,0.009671,0.007477
135.5526,6651.7786,50.655231,0.823201,0.482133,0.42775199,0.008293,0.006876
135.5715,6651.7986,51.123402,0.542427,0.702151,0.43144399,0.006914,0.00757
135.5924,6651.8186,51.371784,0.449956,0.96884,0.43338901,0.007203,0.009321
135.6198,6651.8386,51.222195,0.262785,1.309405,0.432208,0.007007,0.011295
135.6322,6651.8586,50.908688,-0.009652,1.732045,0.42974401,0.00642,0.013611
135.6523,6651.8786,50.70612,-0.388397,2.001735,0.42818099,0.004417,0.014334
135.6744,6651.8986,50.51128,-1.044987,2.297616,0.42671999,0.000308,0.014242
135.6926,6651.9186,50.231525,-1.328012,2.552618,0.42454901,-0.001037,0.015249
135.7118,6651.9386,49.988289,-1.142726,2.782565,0.4226,0.001223,0.017793
135.7316,6651.9586,49.949181,-0.68378,3.023097,0.422205,0.00573,0.021393
135.7521,6651.9786,49.948593,-0.374694,3.423989,0.42210999,0.009651,0.025702
135.7725,6651.9986,49.967182,-0.16143,3.949241,0.42215201,0.013277,0.030638
135.7966,6652.0186,50.11129,0.332404,4.481804,0.42307001,0.019185,0.036649
135.8164,6652.0386,50.353561,1.038978,5.012123,0.42462999,0.026798,0.043423
135.8314,6652.0586,50.600567,1.718846,5.64664,0.426128,0.034592,0.050929
135.8579,6652.0786,50.839928,2.192264,6.559755,0.42748001,0.041804,0.059863
135.8757,6652.0987,50.846428,2.506504,7.708998,0.4269,0.048561,0.070067
135.8954,6652.1187,50.530796,2.729337,9.017018,0.42367801,0.055012,0.081201
135.9145,6652.1387,50.040947,2.889763,10.271956,0.419065,0.060607,0.091715
135.9331,6652.1588,49.537453,3.068269,11.527452,0.41424799,0.066246,0.102315
135.9523,6652.1788,48.8759,3.183655,12.706344,0.40821001,0.070897,0.112126
135.9751,6652.1988,48.048492,3.324917,14.005489,0.400686,0.075915,0.123032
135.9919,6652.2188,47.368027,3.51957,15.356597,0.394146,0.081516,0.134525
136.0127,6652.2389,46.855186,3.749469,16.814539,0.38871801,0.087795,0.146951
136.0365,6652.2589,46.388653,4.00388,18.443359,0.383378,0.094773,0.16079301
136.0522,6652.2789,46.025108,4.237111,20.202093,0.37864301,0.102015,0.17554501
136.0748,6652.299,45.775745,4.462644,22.046898,0.374605,0.109518,0.19088601
136.1018,6652.319,45.546978,4.594856,24.000309,0.37064099,0.116571,0.20672999
136.1263,6652.339,45.313236,4.67669,26.126686,0.36641601,0.123673,0.223722
136.1364,6652.359,45.137753,4.615963,28.473282,0.36256,0.130354,0.241891
136.1572,6652.3791,45.104836,4.362067,31.009838,0.35990801,0.136319,0.26076499
136.1755,6652.3991,45.236851,4.014186,33.749557,0.35842201,0.142509,0.28068
136.1939,6652.4191,45.323296,3.559697,36.533375,0.356713,0.14792401,0.300466
136.2146,6652.4391,45.319286,3.199917,39.296959,0.35401899,0.15375701,0.32030299
136.2336,6652.4592,45.372543,2.985841,41.969772,0.351374,0.160519,0.33968401
136.2538,6652.4792,45.447945,2.871098,44.501453,0.348665,0.167615,0.35811499
136.3001,6652.4992,45.504181,2.776165,46.986515,0.34567699,0.174615,0.37610599
136.3025,6652.5193,45.469189,2.62057,49.489033,0.34206,0.180875,0.39397699
136.3155,6652.5393,45.326176,2.374594,51.920868,0.33798799,0.185826,0.411042
136.3353,6652.5593,45.167122,2.10275,54.281826,0.333958,0.190235,0.42740101
136.3512,6652.5793,45.124302,1.876778,56.606564,0.33059999,0.19521201,0.443324
136.3712,6652.5994,45.128139,1.631634,58.980789,0.32749501,0.200321,0.459304
136.3957,6652.6194,45.145191,1.32792,61.34436,0.32467201,0.20500401,0.474841
136.4193,6652.6394,45.093231,1.024377,63.663052,0.32139999,0.20923901,0.490004
136.4336,6652.6594,44.934986,0.678133,65.949783,0.317615,0.21258301,0.504848
136.4546,6652.6794,44.75275,0.4414,67.949821,0.31370601,0.215693,0.51796401
136.4732,6652.6994,44.59211,0.243119,69.722794,0.31018299,0.21846899,0.52951801
136.4933,6652.7194,44.497589,0.204663,71.182922,0.306934,0.221707,0.53921998
136.5151,6652.7394,44.436859,0.29618,72.412048,0.30370501,0.225293,0.54761797
136.5354,6652.7594,44.366901,0.588051,73.471092,0.299743,0.22964101,0.55539501
136.5608,6652.7794,44.271423,1.045263,74.399994,0.29501301,0.23453499,0.562751
136.5799,6652.7994,44.14637,1.556056,75.255005,0.289915,0.239375,0.56976599
136.6065,6652.8194,44.069813,2.055797,76.056717,0.28523299,0.244187,0.576262
136.6279,6652.8394,43.959293,2.54137,76.778893,0.28051901,0.24848901,0.58223099
136.6375,6652.8594,43.777382,3.004268,77.468399,0.275489,0.25216201,0.58802497
136.6545,6652.8795,43.581581,3.365476,78.139412,0.270897,0.25503501,0.59344101
136.6731,6652.8995,43.39679,3.611802,78.79081,0.26698899,0.257162,0.598409
136.6955,6652.9195,43.266682,3.771718,79.506279,0.263717,0.259146,0.60344303
136.7184,6652.9396,43.22171,3.888789,80.26635,0.261089,0.26137599,0.60846698
136.7346,6652.9596,43.210022,3.946873,81.12291,0.258744,0.26361299,0.61385298
136.7545,6652.9796,43.255974,3.818634,82.104561,0.25745401,0.265286,0.61943197
136.7726,6652.9996,43.392765,3.428407,83.124023,0.25805101,0.26594999,0.62442899
136.7926,6653.0197,43.573517,2.871986,84.116096,0.25989401,0.265829,0.62874502
136.8178,6653.0397,43.711208,2.271074,85.015625,0.261949,0.26504901,0.63244098
136.8392,6653.0597,43.860378,1.858445,85.75853,0.26340699,0.26512501,0.63557303
136.8614,6653.0798,44.0173,1.669421,86.38829,0.26393101,0.26632401,0.638506
136.8881,6653.0998,44.149479,1.528997,86.986145,0.26410401,0.267609,0.64139402
136.9077,6653.1198,44.248379,1.339217,87.618866,0.26427001,0.26851201,0.64442301
136.9186,6653.1398,44.326229,1.048303,88.297287,0.26477399,0.268828,0.64750803
136.9347,6653.1599,44.376816,0.636745,88.948784,0.26587099,0.26824799,0.65019703
136.9525,6653.1799,44.380554,0.200457,89.559502,0.26694599,0.26718399,0.65268099
136.9752,6653.1999,44.275116,-0.247649,90.101128,0.26764101,0.26528099,0.65498102
136.9984,6653.22,43.962406,-0.64036,90.47657,0.26724401,0.26211801,0.65694302
137.0124,6653.24,43.486328,-0.989916,90.667992,0.26611099,0.25781801,0.658342
137.0407,6653.26,43.084595,-1.166755,90.685715,0.264806,0.25452101,0.65897501
137.0625,6653.28,42.932846,-1.149755,90.560448,0.26412299,0.25345001,0.65864998
137.0847,6653.3001,43.098724,-1.004967,90.325333,0.26475799,0.25469801,0.65724897
137.0965,6653.3201,43.379971,-0.782908,90.030991,0.26574901,0.25691301,0.65541899
137.1599,6653.3401,43.576576,-0.53258,89.698433,0.266193,0.25870901,0.65363199
137.1624,6653.3602,43.649822,-0.281633,89.389435,0.265883,0.25985599,0.65226603
137.167,6653.3802,43.632233,-0.235309,89.151672,0.26605701,0.259471,0.65104198
137.1838,6653.4002,43.630356,-0.313321,89.006187,0.26681799,0.25867099,0.650024
137.1934,6653.4202,43.684021,-0.416563,88.947235,0.26784599,0.258241,0.64931899
137.2126,6653.4402,43.663979,-0.537394,88.940964,0.26842901,0.257413,0.649046
137.2339,6653.4602,43.517502,-0.691997,89.001205,0.268325,0.25582501,0.64937001
137.2546,6653.4802,43.358852,-0.807651,89.13295,0.267773,0.25455901,0.65022802
137.2728,6653.5002,43.28249,-0.933022,89.310265,0.267652,0.253811,0.65113801
137.2946,6653.5202,43.32885,-1.109843,89.540901,0.26841301,0.253593,0.65195101
137.3132,6653.5402,43.412365,-1.465888,89.869453,0.270192,0.25278899,0.652816
137.333,6653.5602,43.522652,-1.986401,90.283218,0.27287701,0.251407,0.653705
137.3552,6653.5802,43.681168,-2.60691,90.683754,0.27643901,0.249718,0.65413803
137.3716,6653.6002,43.930538,-3.107939,91.018463,0.279973,0.249107,0.65422899
137.3937,6653.6202,44.226189,-3.430964,91.305107,0.28284699,0.249688,0.654338
137.414,6653.6402,44.480824,-3.674351,91.575195,0.285065,0.250458,0.65463299
137.4399,6653.6602,44.715111,-3.860716,91.814316,0.28690499,0.251367,0.65493101
137.4548,6653.6802,45.001396,-3.989058,92.047195,0.28870699,0.252904,0.65519297
137.4758,6653.7002,45.366394,-3.99493,92.252609,0.29029301,0.25553599,0.65539098
137.4985,6653.7202,45.689011,-3.71597,92.370461,0.29020301,0.25930801,0.655918
137.5175,6653.7402,46.058064,-3.40065,92.492561,0.290142,0.26356101,0.65643501
137.5429,6653.7602,46.416286,-3.204467,92.624115,0.290674,0.26709801,0.65672702
137.5565,6653.7802,46.837978,-2.998588,92.695007,0.291632,0.27090099,0.65653098
137.5749,6653.8002,47.265751,-2.687133,92.735924,0.29208499,0.27524599,0.656416
137.5997,6653.8201,47.516659,-2.410501,92.832794,0.29163399,0.27849799,0.65699202
137.6148,6653.8401,47.590904,-2.265999,92.985573,0.29083699,0.28012201,0.65801001
137.6325,6653.8602,47.558594,-2.34566,93.021835,0.29102999,0.27958301,0.658095
137.6543,6653.8802,47.512215,-2.571089,92.810577,0.292584,0.277522,0.65647101
137.6877,6653.9002,47.515999,-2.569674,92.460526,0.29344299,0.27665699,0.65451401
137.7066,6653.9203,47.626011,-2.003177,92.130898,0.291612,0.279616,0.65382898
137.7241,6653.9403,47.796341,-1.114154,91.976585,0.28785399,0.28516701,0.65477097
137.7442,6653.9603,47.897457,-0.343218,92.024399,0.28388101,0.29015201,0.656699
137.7581,6653.9803,47.832714,0.131367,92.184975,0.28038999,0.292804,0.65892202
137.7785,6654.0009,47.72818,0.237461,92.432785,0.27856699,0.29339299,0.660815
137.8035,6654.0209,47.696598,0.210209,92.83313,0.27752399,0.29403201,0.66303402
137.8148,6654.0409,47.68029,-0.015007,93.309364,0.277518,0.29385501,0.66514403
137.8406,6654.0609,47.619194,-0.567776,93.729301,0.27932301,0.291493,0.66625798
137.8533,6654.081,47.558296,-1.080177,94.000618,0.28128499,0.28899699,0.66664797
137.8745,6654.101,47.50935,-1.17622,94.141823,0.281223,0.28853101,0.66731298
137.8984,6654.121,47.447765,-0.973486,94.177948,0.27961701,0.28936601,0.66816801
137.9153,6654.1411,47.378914,-0.644077,94.148598,0.27739599,0.29068899,0.66898799
137.9377,6654.1611,47.35556,-0.396854,94.158081,0.275801,0.29192299,0.66969699
137.9591,6654.1811,47.42078,-0.282392,94.277885,0.27518001,0.293217,0.67045599
137.976,6654.2011,47.607643,-0.28752,94.487999,0.275684,0.29479,0.67110097
137.9942,6654.2212,47.8367,-0.337828,94.641235,0.276822,0.296231,0.67121297
138.0238,6654.2412,48.060226,-0.294555,94.721741,0.27756599,0.29797199,0.67116702
138.0427,6654.2612,48.253696,-0.201106,94.787048,0.27789101,0.29977101,0.67123699
138.0537,6654.2812,48.438068,-0.167479,94.822067,0.278595,0.30111799,0.67102098
138.0766,6654.3013,48.60812,-0.280236,94.840912,0.28011999,0.30155301,0.67039698
138.0964,6654.3213,48.755184,-0.501825,94.756523,0.28242701,0.30101401,0.66900599
138.115,6654.3413,48.88763,-0.673109,94.641937,0.28443801,0.30058101,0.66760898
138.1356,6654.3614,48.978184,-0.781167,94.510849,0.28589699,0.300201,0.66638798
138.1586,6654.3814,48.959282,-0.947306,94.371109,0.287126,0.29884201,0.66526699
138.1734,6654.4014,48.854385,-1.256457,94.239456,0.288697,0.29622,0.66405898
138.2001,6654.4215,48.76931,-1.658022,94.172516,0.290737,0.293367,0.66290998
138.2146,6654.4415,48.629848,-1.937031,94.142433,0.29167801,0.290952,0.66241598
138.2335,6654.4615,48.277946,-1.919022,94.035034,0.28995299,0.28871301,0.66282898
138.2549,6654.4815,47.647846,-1.749103,93.831223,0.28607801,0.28543699,0.663827
138.2736,6654.5015,46.807003,-1.737248,93.594452,0.282029,0.27997899,0.66476703
138.293,6654.5215,45.947861,-2.069097,93.435966,0.279652,0.27270001,0.66530502
138.315,6654.5415,45.390106,-2.515286,93.336708,0.27942699,0.26668599,0.66509998
138.3331,6654.5615,45.328701,-2.786167,93.256142,0.28084901,0.26461399,0.66414601
138.3559,6654.5814,45.682564,-2.749886,93.202003,0.28269899,0.266772,0.66301799
138.3757,6654.6014,46.198696,-2.806359,93.093895,0.28609699,0.26922899,0.66092902
138.4055,6654.6214,46.761169,-3.115674,92.967957,0.29124001,0.270491,0.65796202
138.4184,6654.6414,47.143837,-3.504492,92.886787,0.29574099,0.270358,0.65548801
138.436,6654.6614,47.197124,-4.121827,92.81411,0.29972601,0.26702899,0.65333301
138.4529,6654.6814,47.002216,-4.771359,92.605316,0.30284801,0.26168701,0.65098602
138.4823,6654.7014,46.772518,-5.062557,92.290535,0.303967,0.25786,0.64906901
138.4946,6654.7214,46.642612,-5.017125,92.029037,0.30359,0.25666201,0.64806402
138.518,6654.7414,46.631416,-4.915376,91.936462,0.303161,0.256928,0.64783901
138.5368,6654.7614,46.676491,-5.062964,91.967293,0.30417201,0.256437,0.64749998
138.5548,6654.7814,46.737907,-5.505836,92.038177,0.306849,0.254473,0.64655298
138.5737,6654.8014,46.884911,-5.828524,92.083504,0.30936599,0.253627,0.64553601
138.596,6654.8214,47.095909,-5.804069,92.015678,0.310523,0.25482199,0.64463001
138.6185,6654.8414,47.312988,-5.667378,91.740974,0.311546,0.256125,0.64283597
138.6404,6654.8614,47.425594,-5.581569,91.469147,0.31228599,0.256531,0.64121002
138.6597,6654.8814,47.287144,-5.687557,91.486137,0.312087,0.25516599,0.64140302
138.6772,6654.9014,47.007828,-6.033309,91.662544,0.31211299,0.252042,0.64224398
138.7042,6654.9214,46.78437,-6.391576,91.798294,0.31261101,0.24905799,0.64266503
138.7172,6654.9414,46.567242,-6.625245,91.884399,0.312558,0.246682,0.64312601
138.7347,6654.9614,46.366104,-6.765448,91.875648,0.312273,0.244672,0.64325601
138.7526,6654.9813,46.38998,-6.769629,91.804474,0.31257799,0.24459501,0.64277101
138.775,6655.0013,46.658043,-6.409919,91.776268,0.312076,0.248151,0.64284199
138.7977,6655.0213,46.877075,-5.973691,91.797012,0.310772,0.25198001,0.64353597
138.8157,6655.0413,46.901714,-5.755754,91.942345,0.30936,0.25375801,0.64488399
138.8415,6655.0613,46.99509,-5.623344,92.18644,0.30857801,0.255716,0.64636701
138.8591,6655.0813,47.272346,-5.248756,92.40126,0.30748099,0.260041,0.64781898
138.8757,6655.1013,47.50367,-4.918685,92.560783,0.30649999,0.263686,0.64895999
138.8929,6655.1213,47.595802,-4.640052,92.703712,0.30508801,0.26617399,0.65025097
138.9151,6655.1413,47.541656,-4.210619,92.745941,0.302257,0.26837501,0.651775
138.9354,6655.1613,47.270748,-3.904511,92.616791,0.299348,0.268163,0.65259498
138.9583,6655.1813,46.905003,-3.868737,92.51313,0.297396,0.26594999,0.65309602
138.977,6655.2013,46.810463,-3.691444,92.516861,0.29586101,0.26640099,0.65382999
138.9956,6655.2213,46.939594,-3.221396,92.618752,0.29364201,0.270055,0.65526497
139.0221,6655.2413,46.868652,-2.958636,92.856094,0.29118899,0.271714,0.65745097
139.043,6655.2613,46.630936,-3.18209,93.235298,0.29028299,0.270033,0.65963101
139.0681,6655.2813,46.543163,-3.520318,93.665779,0.29074499,0.26872399,0.66140401
139.0832,6655.3013,46.562004,-3.681782,94.098312,0.29076499,0.26903701,0.66334403
139.0998,6655.3213,46.451721,-3.683163,94.525185,0.28917801,0.269454,0.665999
139.1135,6655.3413,46.218018,-3.614189,94.92691,0.28658101,0.269447,0.66901702
139.136,6655.3614,46.083103,-3.636089,95.274475,0.28517199,0.26938501,0.67123598
139.1566,6655.3814,46.090004,-3.597031,95.565605,0.28429401,0.27036399,0.67290998
139.1759,6655.4014,46.106121,-3.654106,95.893738,0.28393999,0.27096301,0.67451799
139.1932,6655.4214,46.068676,-3.70764,96.27774,0.283149,0.271395,0.676579
139.2146,6655.4415,46.008183,-3.791364,96.695503,0.282336,0.27160501,0.67880499
139.2377,6655.4615,45.94323,-3.995265,97.107346,0.28222999,0.27112001,0.680709
139.2685,6655.4815,45.933987,-4.145602,97.497818,0.282152,0.27121401,0.68247098
139.2797,6655.5016,45.968338,-4.25287,97.812698,0.282224,0.27162299,0.683806
139.3014,6655.5216,46.029953,-4.249689,98.031204,0.28200501,0.27255601,0.684816
139.3141,6655.5416,46.131138,-4.187435,98.187775,0.281782,0.27389601,0.68552703
139.3372,6655.5616,46.258533,-4.277856,98.365547,0.282554,0.274634,0.68589997
139.3554,6655.5817,46.388187,-4.463181,98.590485,0.28378999,0.27500001,0.686279
139.3759,6655.6017,46.471252,-4.685184,98.745033,0.28517401,0.27471399,0.68631703
139.4057,6655.6217,46.57233,-4.815754,98.776718,0.286396,0.27472201,0.68587399
139.4258,6655.6418,46.701687,-5.020999,98.767235,0.288306,0.27440399,0.68494099
139.4429,6655.6618,46.845486,-5.409456,98.810989,0.291253,0.27333301,0.68378001
139.4595,6655.6818,46.971359,-5.806974,98.894104,0.29406399,0.272205,0.68284398
139.4834,6655.7018,47.013287,-6.045575,98.998924,0.29544899,0.27146199,0.68266702
139.5099,6655.7219,46.988277,-6.09986,99.106293,0.29539201,0.27129501,0.68317199
139.5278,6655.7419,46.787666,-6.05856,99.158531,0.29401001,0.27040499,0.68414098
139.5397,6655.7619,46.332912,-6.186631,99.04113,0.292752,0.266597,0.68450499
139.5571,6655.782,45.801834,-6.600963,98.754234,0.29319301,0.260342,0.68343902
139.5768,6655.802,45.522224,-6.949924,98.442154,0.29455301,0.255923,0.68166602
139.5985,6655.822,45.565624,-7.060203,98.223892,0.29591599,0.255034,0.68007702
139.6213,6655.842,45.776157,-7.041546,98.141861,0.29706201,0.25622901,0.679075
139.6385,6655.8621,45.933678,-7.004247,98.06884,0.29780799,0.25721699,0.67832202
139.6556,6655.8821,46.019966,-7.056423,97.939148,0.298848,0.25713101,0.67723399
139.6774,6655.9021,46.115761,-7.12805,97.775581,0.300127,0.25690699,0.67588198
139.6959,6655.9221,46.248928,-7.329549,97.620728,0.30234101,0.25622699,0.674124
139.7233,6655.9421,46.318146,-7.591391,97.496643,0.30451,0.25490001,0.672553
139.7416,6655.9621,46.245789,-7.743593,97.35041,0.30535701,0.253234,0.67156202
139.7662,6655.9821,46.126602,-7.651018,97.173813,0.30459401,0.252536,0.67119098
139.7771,6656.0021,46.058704,-7.419052,97.029007,0.303206,0.253003,0.671211
139.7952,6656.0221,46.062763,-7.395264,96.951355,0.30325899,0.25295299,0.67083699
139.8173,6656.0421,46.155304,-7.463495,96.887314,0.30427599,0.252978,0.67003697
139.8333,6656.0621,46.26685,-7.361202,96.804817,0.30443501,0.254004,0.66953301
139.8551,6656.0821,46.353153,-7.161804,96.740959,0.303857,0.25545701,0.66946203
139.8772,6656.1021,46.357471,-6.946914,96.691971,0.302733,0.256531,0.66974998
139.894,6656.1221,46.291397,-6.792221,96.667839,0.301541,0.25691,0.67021602
139.9144,6656.1421,46.207325,-6.782304,96.623604,0.30114701,0.25633401,0.670241
139.943,6656.1621,46.2729,-6.866166,96.613197,0.30199999,0.256248,0.66977501
139.9576,6656.1821,46.535881,-6.929464,96.704628,0.30352399,0.257752,0.66935003
139.9757,6656.202,46.88203,-6.969268,96.863213,0.30518201,0.26007301,0.66910601
139.9975,6656.222,47.261734,-7.027354,97.059044,0.307024,0.26260301,0.66890699
140.0131,6656.242,47.657978,-7.149345,97.281242,0.30925,0.26496401,0.668616
140.0342,6656.262,48.050747,-7.394752,97.445992,0.31229699,0.26648599,0.66767102
140.0568,6656.282,48.473156,-7.648129,97.583458,0.31558999,0.26808,0.66644502
140.0733,6656.302,48.950897,-7.888795,97.71814,0.31907901,0.27008101,0.66504598
140.1136,6656.322,49.411179,-8.082089,97.815315,0.32227799,0.272131,0.66360599
140.1179,6656.342,49.635136,-8.037275,97.770424,0.323246,0.27361801,0.66279298
140.1442,6656.362,49.597359,-7.701639,97.597046,0.32153001,0.27470899,0.66292
140.1585,6656.382,49.406086,-7.076484,97.225372,0.31784099,0.275879,0.66324699
140.1815,6656.402,49.099266,-6.676719,96.813545,0.31495801,0.27504,0.66305399
140.1959,6656.422,48.76099,-6.813604,96.499306,0.314769,0.271382,0.66198802
140.2126,6656.442,48.624012,-6.895089,96.220131,0.31519499,0.26934001,0.66065198
140.2348,6656.462,48.741814,-6.424408,96.052872,0.313483,0.272163,0.66067898
140.2526,6656.482,48.818462,-5.781214,96.130157,0.30998001,0.27634001,0.66262299
140.2725,6656.502,48.73584,-5.502694,96.481506,0.307089,0.27829999,0.66552299
140.2982,6656.522,48.640266,-5.657687,97.000053,0.30623999,0.27827099,0.66819298
140.318,6656.542,48.707668,-5.978285,97.503784,0.30723301,0.278303,0.66984802
140.3338,6656.562,48.880577,-6.216643,97.894913,0.30855399,0.279129,0.67079002
140.3602,6656.582,48.903553,-6.328046,98.175041,0.30864,0.27942801,0.67192
140.3839,6656.602,48.716869,-6.313115,98.34877,0.307188,0.27882999,0.67344999
140.3977,6656.6219,48.490276,-6.040778,98.421272,0.30426601,0.27908599,0.67524201
140.415,6656.6419,48.329681,-5.48998,98.415421,0.30021799,0.281021,0.67714
140.4333,6656.6619,48.209717,-4.833346,98.42305,0.29570401,0.28379801,0.67923999
140.4559,6656.6819,48.089523,-4.282295,98.463203,0.29172099,0.28608999,0.68121397
140.4759,6656.7019,48.026623,-4.049925,98.574097,0.28974,0.28721699,0.68257201
140.4956,6656.7219,48.108879,-4.149245,98.827118,0.29011601,0.28783599,0.68342102
140.5201,6656.7419,48.278728,-4.458019,99.17334,0.291949,0.288131,0.68396902
140.5441,6656.7619,48.437725,-4.750549,99.47023,0.29374999,0.28832999,0.68431699
140.5587,6656.7819,48.499023,-4.934427,99.748062,0.29445699,0.28845599,0.68512201
140.5738,6656.8019,48.489487,-5.042456,99.986298,0.29445601,0.28844401,0.68611997
140.5961,6656.8219,48.466438,-5.148865,100.22142,0.29438701,0.288349,0.68714398
140.6187,6656.8419,48.500084,-5.259072,100.361397,0.29486299,0.288342,0.687491
140.6336,6656.8619,48.63969,-5.216436,100.349548,0.29532999,0.28940099,0.68712199
140.6587,6656.8819,48.872185,-5.061067,100.248962,0.29580799,0.29139301,0.68630302
140.6759,6656.9019,49.172321,-4.895794,100.234428,0.29634601,0.29407299,0.68575501
140.697,6656.9219,49.699764,-4.726792,100.34584,0.29766199,0.298498,0.68518299
140.7155,6656.9419,50.157207,-4.536376,100.433708,0.298556,0.30253401,0.68474603
140.7336,6656.9619,50.295998,-4.465604,100.570145,0.298457,0.30410999,0.68521202
140.7579,6656.9819,50.305759,-4.784535,100.779427,0.299858,0.30307299,0.68542802
140.7757,6657.0019,50.49213,-5.282042,101.024048,0.30309901,0.30230799,0.68480402
140.7935,6657.0218,50.687096,-5.591583,101.13192,0.30561301,0.30221,0.68392998
140.8203,6657.0418,50.48296,-5.527059,101.008751,0.30455801,0.30094901,0.68410403
140.8357,6657.0618,49.968014,-5.397277,100.802452,0.30180401,0.29788101,0.68497503
140.8532,6657.0818,49.598373,-5.203123,100.474464,0.29967499,0.29573601,0.68491602
140.8811,6657.1018,49.73822,-4.981513,100.043175,0.30015901,0.29662299,0.68282998
140.8994,6657.1218,50.332077,-4.73124,99.682884,0.30255899,0.30062899,0.67980897
140.9166,6657.1418,50.996223,-4.527501,99.607048,0.30485299,0.30555099,0.67792499
140.9365,6657.1618,51.403305,-4.516527,99.762398,0.30638999,0.30850801,0.67750603
140.9554,6657.1818,51.535004,-4.664679,99.957115,0.307392,0.30906799,0.67770803
140.9733,6657.2018,51.586315,-4.97006,100.086426,0.309102,0.30815101,0.67739499
140.9936,6657.2218,51.57206,-5.367878,100.206894,0.31106001,0.30633301,0.67698598
141.0196,6657.2418,51.58865,-5.698611,100.325562,0.312778,0.30504799,0.67664701
141.0422,6657.2618,51.616341,-5.86527,100.39212,0.31371999,0.30453801,0.67644799
141.0754,6657.2818,51.551281,-5.874924,100.396599,0.31344801,0.30410001,0.676651
141.0893,6657.3018,51.417519,-5.823441,100.380211,0.31253499,0.30349901,0.67712998
141.0952,6657.3218,51.35635,-5.671581,100.314407,0.31151301,0.303729,0.677396
141.1189,6657.3418,51.406754,-5.442607,100.215446,0.310669,0.30495501,0.677347
141.139,6657.3618,51.508766,-5.281129,100.254105,0.31011099,0.306521,0.67766398
141.1539,6657.3818,51.624249,-5.160976,100.41861,0.309524,0.30829501,0.67847502
141.1736,6657.4018,51.690334,-5.050754,100.617264,0.308658,0.30980399,0.67958701
141.1947,6657.4218,51.662605,-4.694833,100.664017,0.306283,0.31158701,0.68086898
141.2129,6657.4418,51.469597,-4.146866,100.767693,0.30179301,0.31348401,0.68345499
141.2326,6657.4617,51.325768,-3.605772,101.013008,0.29717901,0.31600299,0.68656498
141.2556,6657.4817,51.62767,-3.043073,101.443695,0.29408199,0.32182199,0.689273
141.2772,6657.5017,52.291714,-2.585709,101.583031,0.294182,0.32855499,0.68910199
141.2941,6657.5217,52.489159,-2.250996,102.071159,0.29171899,0.33268601,0.691787
141.3157,6657.5417,52.326744,-1.847941,102.759705,0.28648201,0.33542299,0.69672
141.3359,6657.5617,52.068985,-1.763179,103.795128,0.28168601,0.336813,0.70280999
141.3535,6657.5817,52.094379,-1.625509,104.844658,0.277859,0.340202,0.70816201
141.3762,6657.6017,52.184856,-1.62332,105.819473,0.275365,0.343133,0.71256101
141.3968,6657.6217,52.00988,-1.556535,106.940987,0.27076599,0.345018,0.718584
141.4147,6657.6417,51.578053,-1.280414,108.154343,0.26337799,0.34639001,0.726255
141.4343,6657.6617,51.136074,-0.881862,109.497864,0.25475401,0.348427,0.73472202
141.4546,6657.6817,51.023964,-0.584396,110.921234,0.24798299,0.35216999,0.742163
141.4746,6657.7017,51.179893,-0.426915,112.400887,0.243067,0.35705599,0.74857497
141.4941,6657.7217,51.229759,-0.224219,113.927223,0.237167,0.36146301,0.75547099
141.5127,6657.7417,50.949837,0.024987,115.542046,0.22921599,0.363951,0.76372701
141.5325,6657.7617,50.489971,0.408148,117.217476,0.21939801,0.36574101,0.772888
141.5547,6657.7817,50.144421,0.808925,118.888237,0.20991901,0.36815599,0.78149402
141.5794,6657.8017,50.057995,1.186368,120.514503,0.201735,0.37197599,0.78885698
141.5952,6657.8217,50.012154,1.699998,122.153702,0.19265001,0.37645099,0.79616898
141.6205,6657.8417,49.779663,2.281125,123.881599,0.181999,0.37982699,0.80427903
141.6379,6657.8616,49.367535,3.058466,125.706146,0.168899,0.38253799,0.81332803
141.6535,6657.8816,48.958515,3.974942,127.648193,0.154351,0.38556901,0.82262099
141.6768,6657.9016,48.56953,4.820337,129.642654,0.140128,0.388174,0.83153403
141.6973,6657.9216,48.135857,5.608186,131.76265,0.125678,0.39002499,0.84050697
141.7178,6657.9416,47.732914,6.318872,133.993729,0.111478,0.39156401,0.849208
141.7364,6657.9616,47.400192,7.072285,136.375275,0.096634,0.39344701,0.85769802
141.7549,6657.9816,47.12883,7.761865,138.969025,0.081681,0.395309,0.865991
141.7724,6658.0016,46.904202,8.312831,141.713501,0.067352,0.39679101,0.873842
141.7947,6658.0216,46.621437,8.77866,144.495361,0.053362,0.39719999,0.881311
141.8127,6658.0416,46.282234,9.232646,147.265305,0.039377,0.396703,0.88832498
141.8589,6658.0616,45.909584,9.577711,149.976303,0.026416,0.39529201,0.89471501
141.8647,6658.0816,45.602177,9.876319,152.651947,0.014167,0.393911,0.90028697
141.8782,6658.1016,45.371559,10.134946,155.321838,0.002483,0.39271101,0.90507698
141.8958,6658.1216,45.15443,10.29535,157.962692,-0.008236,0.39116499,0.90926898
141.9202,6658.1416,44.938347,10.379434,160.607086,-0.018286,0.38926101,0.91297102
141.9369,6658.1616,44.741665,10.293025,163.250351,-0.026857,0.38710499,0.91616303
141.9541,6658.1816,44.61729,10.122074,165.828903,-0.03435,0.38529599,0.91863698
141.9759,6658.2016,44.566566,9.978439,168.244293,-0.041366,0.38400501,0.920344
141.9968,6658.2216,44.591885,9.94286,170.555191,-0.048791,0.38328201,0.921332
142.0133,6658.2416,44.649513,9.822014,172.850693,-0.055441,0.38266301,0.92188299
142.0451,6658.2615,44.710415,9.568817,175.116074,-0.060919,0.38196501,0.922135
142.0579,6658.2815,44.689056,9.276896,177.304321,0.065862,-0.38058501,-0.92235202
142.0743,6658.3015,44.57589,8.93366,179.366821,0.069973,-0.37850201,-0.92262799
142.1125,6658.3215,44.475945,8.505011,-178.730072,0.072815,-0.37662899,-0.92270303
142.1193,6658.3415,44.348331,7.915522,-176.945175,0.07393,-0.374686,-0.922809
142.1368,6658.3616,44.21587,7.149879,-175.264297,0.073239,-0.372913,-0.92291403
142.1602,6658.3816,44.093006,6.178046,-173.650925,0.070627,-0.37147301,-0.92299098
142.1857,6658.4016,43.979347,5.049694,-172.131058,0.066419,-0.37039199,-0.92303503
142.1949,6658.4216,43.896458,3.945585,-170.775238,0.061865,-0.36976999,-0.92293501
142.2149,6658.4417,43.884304,3.036285,-169.629135,0.058234,-0.36978999,-0.92254502
142.2333,6658.4617,43.928444,2.34811,-168.652313,0.05588,-0.37023899,-0.92192101
142.2536,6658.4817,44.102646,1.969587,-167.798508,0.055734,-0.37156299,-0.92077601
142.2778,6658.5018,44.387234,1.821803,-167.017746,0.057323,-0.37360501,-0.91918099
142.2977,6658.5218,44.625511,1.672887,-166.246689,0.058861,-0.375274,-0.91770798
142.3183,6658.5418,44.759911,1.465814,-165.461975,0.059904,-0.37616,-0.91655499
142.3383,6658.5619,44.84264,1.307723,-164.692169,0.061252,-0.376587,-0.915528
142.3538,6658.5819,44.79615,1.174256,-163.902298,0.06273,-0.37594,-0.914855
142.3837,6658.602,44.580139,0.946016,-163.048782,0.063457,-0.374015,-0.91467702
142.4007,6658.6221,44.30072,0.559274,-162.157455,0.062935,-0.37177199,-0.91469598
142.4193,6658.6421,44.106255,0.177557,-161.224167,0.062662,-0.37020299,-0.91432601
142.4375,6658.6622,44.03965,-0.153342,-160.245483,0.063092,-0.36958301,-0.91339701
142.4577,6658.6822,44.010044,-0.461296,-159.288681,0.063681,-0.36925301,-0.91231102
142.476,6658.7023,43.979008,-0.578746,-158.453262,0.06539,-0.36870801,-0.91125
142.4974,6658.7224,43.876625,-0.581072,-157.741409,0.067499,-0.367486,-0.91049498
142.5185,6658.7424,43.75761,-0.627435,-157.071701,0.069084,-0.36621499,-0.90985101
142.5374,6658.7625,43.688786,-0.774745,-156.458542,0.069759,-0.36553499,-0.90917099
142.5622,6658.7826,43.688454,-1.067355,-155.883026,0.069274,-0.36566499,-0.90840203
142.579,6658.8026,43.783054,-1.496255,-155.325134,0.067824,-0.36679801,-0.90742499
142.5976,6658.8227,43.934624,-2.044299,-154.781052,0.065505,-0.36860901,-0.90634102
142.6214,6658.8427,44.129307,-2.539673,-154.242401,0.063687,-0.370691,-0.90507901
142.6391,6658.8628,44.373226,-2.915207,-153.703049,0.062936,-0.37296399,-0.90357602
142.6606,6658.8829,44.680714,-3.121804,-153.171387,0.063641,-0.37544599,-0.901775
142.675,6658.9029,45.009296,-3.197662,-152.649216,0.065411,-0.377857,-0.89983302
142.704,6658.923,45.363247,-3.211375,-152.087372,0.067875,-0.38031599,-0.89767802
142.715,6658.943,45.744743,-3.082752,-151.60083,0.071282,-0.38274801,-0.89546299
142.7348,6658.9631,46.106102,-2.845347,-151.229584,0.075126,-0.38486499,-0.89343399
142.7574,6658.9831,46.410233,-2.582012,-150.966324,0.078696,-0.38653901,-0.89175498
142.782,6659.0031,46.641159,-2.243309,-150.737946,0.082583,-0.38750601,-0.89031202
142.7949,6659.0232,46.743149,-1.881453,-150.553741,0.086229,-0.38744599,-0.889346
142.8171,6659.0432,46.661911,-1.472977,-150.357681,0.08989,-0.38585299,-0.88891
142.8351,6659.0632,46.401447,-1.162214,-150.149033,0.092455,-0.383044,-0.889103
142.8566,6659.0832,46.031361,-1.243875,-149.962799,0.091661,-0.38019499,-0.89000499
142.8795,6659.1033,45.752563,-1.321243,-149.940079,0.090544,-0.37817401,-0.89093
142.902,6659.1233,45.746502,-1.012151,-150.030228,0.092637,-0.37756601,-0.89088702
142.9247,6659.1433,45.967609,-0.361908,-150.06163,0.098049,-0.37797001,-0.889687
142.9428,6659.1633,46.252724,0.317559,-149.903473,0.104434,-0.378629,-0.88781703
142.9545,6659.1833,46.515804,0.71831,-149.503723,0.109405,-0.379448,-0.88572401
142.9749,6659.2033,46.691051,0.772365,-149.019485,0.111796,-0.38022,-0.88404697
142.9985,6659.2233,46.794003,0.620524,-148.556427,0.112383,-0.38089201,-0.88284397
143.0241,6659.2433,46.867214,0.539371,-148.192459,0.113127,-0.38127699,-0.88187802
143.0469,6659.2633,46.79213,0.513856,-147.923294,0.113661,-0.38048899,-0.88155699
143.0722,6659.2833,46.56324,0.598917,-147.7491,0.114388,-0.378362,-0.88184601
143.084,6659.3033,46.414143,1.017979,-147.67157,0.117539,-0.37619001,-0.88174301
143.0951,6659.3233,46.354343,1.532244,-147.544907,0.121778,-0.37442699,-0.88111699
143.1283,6659.3433,46.280411,1.99963,-147.322388,0.12593301,-0.37254101,-0.880346
143.1398,6659.3633,46.191841,2.397551,-146.993332,0.12986,-0.370563,-0.87942898
143.1596,6659.3833,46.124977,2.699048,-146.62674,0.13320699,-0.36891299,-0.87843901
143.1818,6659.4033,46.072224,2.809304,-146.214706,0.135258,-0.36775899,-0.87749797
143.1951,6659.4234,46.003624,2.742051,-145.838394,0.135794,-0.36694899,-0.87689197
143.2193,6659.4434,45.924118,2.512926,-145.467285,0.13504601,-0.36645901,-0.87651801
143.2376,6659.4634,45.836018,2.344593,-145.055847,0.134868,-0.36571199,-0.875992
143.2577,6659.4835,45.740993,2.300177,-144.628143,0.135667,-0.36458799,-0.87528998
143.278,6659.5035,45.722858,2.314569,-144.239502,0.136969,-0.36395001,-0.87435299
143.3068,6659.5236,45.804394,2.29878,-143.925842,0.138042,-0.36423901,-0.87330699
143.3194,6659.5437,46.006229,2.183309,-143.596848,0.13870201,-0.36568299,-0.87194097
143.3446,6659.5637,46.297829,1.896672,-143.114639,0.138786,-0.368067,-0.87008297
143.3671,6659.5838,46.525166,1.353073,-142.504684,0.137199,-0.37047899,-0.86840099
143.3842,6659.6038,46.698154,0.750762,-141.873199,0.13513,-0.37262401,-0.866889
143.4101,6659.6239,46.909035,0.15498,-141.292297,0.133075,-0.37511799,-0.86535501
143.4271,6659.644,47.152317,-0.406274,-140.830826,0.131006,-0.37791601,-0.86397499
143.4375,6659.664,47.323505,-0.836415,-140.52153,0.129251,-0.38000199,-0.86307597
143.4577,6659.6841,47.288277,-1.045143,-140.328476,0.128223,-0.38008001,-0.86290801
143.4876,6659.7042,46.942101,-1.111325,-140.289917,0.126901,-0.37761399,-0.86400503
143.5024,6659.7242,46.40966,-1.205945,-140.4151,0.124312,-0.37399799,-0.866162
143.5202,6659.7443,45.898094,-1.417326,-140.620331,0.120639,-0.370924,-0.868568
143.5387,6659.7643,45.55294,-1.745968,-140.858215,0.116429,-0.36943501,-0.87062901
143.5567,6659.7844,45.431305,-2.10256,-141.156555,0.112422,-0.36975101,-0.87215197
143.5768,6659.8045,45.497414,-2.310779,-141.489609,0.10994,-0.371117,-0.87301397
143.6053,6659.8245,45.646042,-2.340505,-141.753403,0.10926,-0.372572,-0.87325603
143.6277,6659.8446,45.801819,-2.323825,-141.892746,0.109353,-0.373842,-0.87310702
143.643,6659.8647,45.93182,-2.319069,-141.969711,0.109487,-0.374888,-0.87288803
143.6597,6659.8847,45.993141,-2.41582,-142.105942,0.108468,-0.37572801,-0.873133
143.6783,6659.9048,45.940544,-2.626832,-142.321106,0.106013,-0.37606499,-0.87404102
143.7027,6659.9248,45.829868,-2.833663,-142.532196,0.103447,-0.375938,-0.87510997
143.7234,6659.9449,45.699715,-3.021189,-142.718887,0.101056,-0.37558499,-0.87615198
143.7376,6659.965,45.622231,-3.174815,-142.914291,0.099035,-0.37554801,-0.87701303
143.7606,6659.985,45.601803,-3.382129,-143.086823,0.096828,-0.37605,-0.87767899
143.7841,6660.005,45.650314,-3.672132,-143.215958,0.09431,-0.37723401,-0.87808502
143.8012,6660.025,45.725384,-3.987782,-143.313599,0.091767,-0.378649,-0.87834299
143.8163,6660.0451,45.788086,-4.185727,-143.383469,0.090184,-0.37965801,-0.87847197
143.8423,6660.0651,45.822197,-4.28881,-143.522675,0.089022,-0.38027301,-0.87878001
143.8593,6660.0851,45.824497,-4.285161,-143.764923,0.088252,-0.38046899,-0.87934798
143.883,6660.1051,45.792667,-4.246257,-144.040146,0.087554,-0.380346,-0.88006997
143.905,6660.1251,45.733974,-4.268105,-144.274292,0.086457,-0.38012901,-0.88082099
143.9219,6660.1451,45.702351,-4.261326,-144.434875,0.085895,-0.37999299,-0.88129097
143.94,6660.1651,45.781792,-4.209206,-144.488815,0.086321,-0.38051701,-0.88112801
143.9594,6660.1851,45.948822,-4.089291,-144.41626,0.087913,-0.38145301,-0.88034201
143.9776,6660.2051,46.115349,-3.916814,-144.280731,0.090117,-0.38220999,-0.87936401
143.998,6660.2251,46.274235,-3.718779,-144.136871,0.092525,-0.38283601,-0.87836301
144.0225,6660.2451,46.467918,-3.677032,-143.965149,0.093919,-0.38406801,-0.87730497
144.0385,6660.2651,46.721657,-3.693523,-143.865204,0.094785,-0.38594899,-0.87626898
144.0651,6660.285,47.01421,-3.522117,-143.83667,0.096948,-0.38773301,-0.87511599
144.0787,6660.3051,47.217545,-3.139659,-143.858597,0.100317,-0.38837901,-0.87418002
144.1025,6660.3251,47.214878,-2.692516,-143.922653,0.103504,-0.387346,-0.87394398
144.1214,6660.3451,46.990341,-2.138608,-144.054199,0.106716,-0.384433,-0.87448502
144.1456,6660.3652,46.608677,-1.575753,-144.263199,0.109356,-0.38037199,-0.87570101
144.163,6660.3852,46.137905,-1.24185,-144.605896,0.109607,-0.37630501,-0.87773401
144.1973,6660.4052,45.677006,-1.04419,-145.089264,0.10841,-0.37276599,-0.88018698
144.2015,6660.4252,45.437717,-0.552861,-145.622192,0.109881,-0.370271,-0.88175201
144.2167,6660.4453,45.496544,0.323835,-146.02919,0.115453,-0.36905301,-0.88166201
144.2368,6660.4653,45.641018,1.145972,-146.111435,0.121846,-0.36830401,-0.88053602
144.2605,6660.4853,45.72171,1.514864,-145.880203,0.125608,-0.36779499,-0.87932098
144.2785,6660.5054,45.779675,1.302297,-145.395172,0.125671,-0.368222,-0.87819397
144.299,6660.5254,45.971706,0.921338,-144.831268,0.125027,-0.37000901,-0.876607
144.3203,6660.5454,46.245514,0.707221,-144.295898,0.125787,-0.37204799,-0.87462401
144.3381,6660.5654,46.355919,0.578053,-143.863235,0.126479,-0.37273699,-0.873326
144.3608,6660.5855,46.363403,0.44208,-143.547134,0.12649,-0.372787,-0.872657
144.3823,6660.6055,46.492191,0.366865,-143.284119,0.127097,-0.373667,-0.87165397
144.4018,6660.6255,46.736519,0.258578,-143.020584,0.12775201,-0.37550801,-0.87030202
144.4204,6660.6456,47.005291,0.232091,-142.793701,0.128979,-0.37736201,-0.86886698
144.4486,6660.6656,47.2603,0.405154,-142.600571,0.131577,-0.37863201,-0.867329
144.4685,6660.6856,47.467873,0.650588,-142.446701,0.134472,-0.37939101,-0.86595601
144.4829,6660.7056,47.646896,0.865862,-142.339417,0.13691001,-0.38005999,-0.86482298
144.5021,6660.7257,47.822334,0.894821,-142.231781,0.137934,-0.38118199,-0.86391801
144.5179,6660.7457,48.002045,0.785129,-142.116699,0.137951,-0.382687,-0.86314398
144.5404,6660.7657,48.142128,0.634215,-141.986298,0.137611,-0.38398099,-0.86251199
144.5618,6660.7858,48.26741,0.411589,-141.835724,0.136765,-0.38532701,-0.86196101
144.5803,6660.8058,48.465576,0.187533,-141.717987,0.13599201,-0.38726401,-0.86124903
144.6008,6660.8258,48.672131,0.080449,-141.691025,0.13581701,-0.38906401,-0.860605
144.6266,6660.8458,48.759483,-0.035871,-141.740448,0.135003,-0.390082,-0.86057401
144.646,6660.8659,48.779015,-0.173906,-141.829361,0.13371401,-0.390692,-0.86089998
144.6635,6660.8859,48.777645,-0.409593,-141.918243,0.13163599,-0.39139399,-0.861408
144.685,6660.9059,48.762081,-0.7598,-142.011169,0.128644,-0.39228401,-0.86209702
144.7091,6660.9259,48.706482,-1.075226,-142.08757,0.125863,-0.39275801,-0.862831
144.7371,6660.9459,48.558033,-1.210026,-142.134689,0.124298,-0.39203799,-0.863599
144.7532,6660.9659,48.233585,-1.175543,-142.269348,0.123251,-0.38965601,-0.86499399
144.7614,6660.9859,47.758629,-1.160896,-142.534348,0.121228,-0.386323,-0.86723298
144.7801,6661.0059,47.265614,-1.398925,-142.879501,0.116987,-0.38355601,-0.869977
144.8029,6661.0259,46.988525,-1.746617,-143.252899,0.112381,-0.38269699,-0.87216097
144.8231,6661.0459,47.053253,-1.956414,-143.584824,0.109839,-0.38402501,-0.87296897
144.8432,6661.0659,47.275707,-1.914626,-143.835403,0.109882,-0.38585001,-0.87281001
144.8666,6661.0859,47.389778,-1.690743,-144.1008,0.110981,-0.38642901,-0.87286103
144.8816,6661.1059,47.375633,-1.490084,-144.451035,0.111294,-0.386179,-0.873555
144.9065,6661.1258,47.311047,-1.56689,-144.898605,0.10904,-0.38630101,-0.87490797
144.9224,6661.1458,47.29631,-1.868996,-145.324493,0.105258,-0.38729599,-0.87623799
144.9438,6661.1658,47.316967,-2.096,-145.71611,0.102246,-0.38833201,-0.87728101
144.9624,6661.1858,47.22876,-2.080684,-146.066895,0.100963,-0.387936,-0.87835902
145.0044,6661.2058,46.988617,-1.859484,-146.351166,0.101128,-0.385851,-0.879601
145.014,6661.2258,46.767792,-1.706174,-146.603104,0.100938,-0.384038,-0.88076001
145.0231,6661.2458,46.752415,-1.777352,-146.866074,0.099473,-0.38431001,-0.88146198
145.0375,6661.2658,46.850731,-2.022253,-147.150131,0.096863,-0.38585001,-0.88197899
145.0631,6661.2858,46.953121,-2.202184,-147.485229,0.094584,-0.38730901,-0.88252598
145.0786,6661.3058,47.069828,-2.382697,-147.83316,0.092283,-0.388877,-0.88304102
145.1014,6661.3258,47.132889,-2.386332,-148.092422,0.091518,-0.38957599,-0.88339001
145.1176,6661.3458,47.10202,-2.249284,-148.326965,0.091708,-0.389236,-0.88388002
145.1396,6661.3658,47.122986,-2.122824,-148.600296,0.091802,-0.38934901,-0.88428599
145.1608,6661.3858,47.170761,-2.078142,-148.869339,0.091338,-0.38983801,-0.88465399
145.1825,6661.4058,47.188519,-2.111366,-149.086044,0.090383,-0.39021501,-0.88507199
145.2008,6661.4258,47.198036,-2.106823,-149.285645,0.089759,-0.39043599,-0.88544798
145.2239,6661.4458,47.332287,-1.994363,-149.543076,0.090041,-0.39144,-0.88543999
145.251,6661.4658,47.605213,-1.708349,-149.677505,0.092376,-0.39306399,-0.88457
145.2646,6661.4858,47.904331,-1.696142,-149.675308,0.093117,-0.39533699,-0.88354498
145.2823,6661.5058,48.256927,-1.895218,-149.665482,0.092371,-0.39844,-0.88248801
145.3017,6661.5258,48.667282,-2.105129,-149.688461,0.091554,-0.40202701,-0.88129997
145.3193,6661.5458,49.091412,-2.165394,-149.738861,0.091821,-0.405433,-0.87998801
145.3468,6661.5657,49.45055,-1.959907,-149.857956,0.09374,-0.40786201,-0.87881202
145.3617,6661.5857,49.562401,-1.628969,-149.935638,0.096237,-0.40811801,-0.87830198
145.3796,6661.6057,49.593113,-1.266464,-149.980972,0.098918,-0.40766299,-0.87797701
145.4025,6661.6257,49.637642,-1.021406,-150.011093,0.100781,-0.407536,-0.87766701
145.4207,6661.6457,49.554249,-0.942772,-150.140091,0.100752,-0.40685299,-0.87815201
145.4597,6661.6657,49.238773,-1.006563,-150.352188,0.09886,-0.404751,-0.87973899
145.4672,6661.6857,48.88422,-1.002904,-150.704422,0.096921,-0.402325,-0.88167298
145.4851,6661.7057,48.882992,-0.724475,-150.899277,0.098377,-0.401932,-0.88182402
145.5018,6661.7257,49.117382,-0.433072,-150.783829,0.101496,-0.403054,-0.88052303
145.5288,6661.7457,49.23753,-0.380767,-150.547089,0.102974,-0.40366,-0.879583
145.56,6661.7657,49.222012,-0.583145,-150.28653,0.102307,-0.40371501,-0.87929398
145.5646,6661.7857,49.232697,-0.967423,-149.975662,0.100477,-0.40429801,-0.87896901
145.5837,6661.8057,49.313553,-1.30657,-149.61377,0.099325,-0.40529001,-0.87824702
145.6055,6661.8257,49.281448,-1.450519,-149.346054,0.0991,-0.405108,-0.87793499
145.6226,6661.8457,49.060196,-1.393313,-149.267883,0.09934,-0.40323201,-0.87849402
145.6406,6661.8657,48.802876,-1.060258,-149.431763,0.10077,-0.40072,-0.87943202
145.6587,6661.8857,48.556538,-0.478443,-149.696533,0.103795,-0.39786699,-0.88031101
145.6784,6661.9057,48.297649,0.144683,-149.907898,0.107315,-0.394784,-0.88106799
145.6998,6661.9257,48.073002,0.616944,-150.02327,0.11009,-0.39218399,-0.881634
145.723,6661.9456,47.962231,0.943616,-150.123169,0.112037,-0.39074701,-0.88190699
145.7454,6661.9656,47.931347,1.127246,-150.190338,0.113159,-0.390192,-0.88197303
145.7686,6661.9856,47.850559,1.103785,-150.092178,0.113149,-0.389521,-0.88206899
145.7779,6662.0056,47.733223,0.89141,-149.841629,0.112126,-0.38881499,-0.882155
145.8001,6662.0256,47.696255,0.716131,-149.643768,0.111372,-0.388706,-0.88203597
145.8224,6662.0456,47.726906,0.647054,-149.531143,0.111286,-0.38897899,-0.88176
145.8391,6662.0656,47.69429,0.548032,-149.536499,0.110438,-0.388942,-0.88197899
145.8571,6662.0856,47.584888,0.419254,-149.623718,0.108923,-0.38845399,-0.88265902
145.881,6662.1056,47.617558,0.353609,-149.615265,0.108514,-0.388836,-0.88259202
145.9152,6662.1256,47.871323,0.461831,-149.504547,0.110252,-0.390457,-0.88138902
145.9263,6662.1456,48.362888,0.56862,-149.316956,0.11274,-0.39382899,-0.87919599
145.9417,6662.1656,48.952759,0.496551,-149.11824,0.11411,-0.39831001,-0.87679499
145.9629,6662.1856,49.566025,0.402822,-148.869339,0.115556,-0.402951,-0.87420303
145.9799,6662.2056,49.988995,0.290063,-148.473953,0.116992,-0.40601701,-0.87197
146.0059,6662.2256,50.295643,-0.153524,-147.905975,0.116303,-0.408732,-0.87009901
146.0228,6662.2456,50.585522,-0.825732,-147.3078,0.113988,-0.411798,-0.868433
146.0427,6662.2656,50.853088,-1.412686,-146.909225,0.111587,-0.41471601,-0.86718202
146.0638,6662.2856,51.106075,-1.877339,-146.964691,0.10845,-0.41769299,-0.86684698
146.0855,6662.3056,51.072048,-2.061393,-147.258652,0.105907,-0.41811001,-0.867778
146.1105,6662.3256,50.841129,-1.962235,-147.599136,0.104894,-0.41646901,-0.86923999
146.1332,6662.3456,50.767162,-1.755987,-147.864838,0.105328,-0.415714,-0.86988097
146.1419,6662.3656,50.934483,-1.545458,-148.107697,0.106416,-0.41675699,-0.86960399
146.1924,6662.3856,51.215061,-1.202843,-148.391815,0.108596,-0.41842201,-0.86887401
146.1939,6662.4056,51.385128,-0.759891,-148.476974,0.112011,-0.41885599,-0.86801201
146.2003,6662.4257,51.522827,-0.580898,-148.332535,0.114192,-0.419375,-0.86702901
146.2182,6662.4457,51.734871,-0.707844,-148.135727,0.114414,-0.42105001,-0.865964
146.24,6662.4657,51.787254,-0.957966,-148.053986,0.112939,-0.42189699,-0.86584699
146.2616,6662.4858,51.699215,-1.095516,-148.054871,0.111703,-0.421527,-0.86630398
146.2794,6662.5058,51.653042,-0.980485,-148.125778,0.112211,-0.42100301,-0.86651099
146.3036,6662.5258,51.531601,-0.77558,-148.066025,0.113714,-0.41959101,-0.86662298
146.3172,6662.5458,51.439674,-0.676475,-147.912125,0.114825,-0.418531,-0.86652797
146.3384,6662.5659,51.405365,-0.612606,-147.673813,0.116102,-0.41789401,-0.86607301
146.3614,6662.5859,51.354984,-0.604519,-147.240143,0.117631,-0.417054,-0.8653
146.3816,6662.6059,51.449669,-0.616224,-146.663589,0.119855,-0.41719601,-0.86369097
146.4004,6662.626,51.805489,-0.442016,-146.281128,0.123374,-0.41907299,-0.86135501
146.4207,6662.646,51.855347,-0.356897,-145.71846,0.126185,-0.41863999,-0.859797
146.4393,6662.666,51.675034,-0.102663,-145.121887,0.129842,-0.416031,-0.85878003
146.4585,6662.686,51.352585,-0.025862,-144.36937,0.13237,-0.412572,-0.85806799
146.4805,6662.7061,51.103363,-0.11078,-143.518967,0.134179,-0.40992501,-0.85699099
146.5002,6662.7261,51.0485,-0.270157,-142.713303,0.13573,-0.40896201,-0.85537302
146.5192,6662.7461,50.802406,-0.40784,-141.752457,0.137491,-0.406333,-0.85396802
146.5443,6662.7661,50.347778,-0.006504,-140.562134,0.143473,-0.40044099,-0.85195702
146.5608,6662.7862,50.510586,0.430068,-139.273956,0.15164199,-0.39880601,-0.847332
146.579,6662.8062,51.115494,0.663477,-137.931961,0.15971901,-0.40079299,-0.84112698
146.6014,6662.8262,51.456238,0.726516,-136.319916,0.16679101,-0.400812,-0.83516401
146.6217,6662.8463,51.482311,0.76889,-134.402603,0.173859,-0.39802501,-0.82924098
146.6401,6662.8663,51.464222,0.75139,-132.2509,0.18111899,-0.39461601,-0.82258201
146.662,6662.8864,51.445751,0.483083,-129.90773,0.18718,-0.39159599,-0.81540698
146.6798,6662.9064,51.434311,-0.266258,-127.37677,0.19046301,-0.3899,-0.80804998
146.7011,6662.9265,51.492119,-1.316406,-124.730293,0.192302,-0.389604,-0.80023599
146.7222,6662.9466,51.525105,-1.977704,-122.103302,0.19674399,-0.387804,-0.79159099
146.74,6662.9666,51.514935,-2.082486,-119.358948,0.205219,-0.383322,-0.78130502
146.7599,6662.9866,51.567974,-1.885463,-116.519203,0.21619999,-0.37766799,-0.76943201
146.7803,6663.0067,51.579136,-1.643839,-113.644333,0.22725099,-0.37117201,-0.75694901
146.8036,6663.0267,51.492611,-1.536838,-110.772774,0.23678499,-0.36433199,-0.74454099
146.8235,6663.0467,51.331589,-1.416813,-108.048141,0.245397,-0.35703,-0.732508
146.8422,6663.0667,51.135292,-0.957206,-105.635056,0.25481299,-0.34838599,-0.720851
146.8601,6663.0868,50.93158,-0.158978,-103.600899,0.264911,-0.33867401,-0.70987701
146.8781,6663.1068,50.681763,0.802127,-101.83033,0.27474701,-0.32822499,-0.69961798
146.9048,6663.1268,50.320007,1.89105,-100.170708,0.28421301,-0.316461,-0.68963498
146.9183,6663.1469,49.845959,3.053424,-98.522736,0.293219,-0.30341199,-0.67956299
146.9376,6663.1669,49.274368,4.249707,-96.902336,0.301525,-0.28941599,-0.66954201
146.9648,6663.1869,48.672123,5.331547,-95.408592,0.30836299,-0.275967,-0.66032898
146.9873,6663.2069,48.185318,6.324267,-93.921509,0.31498599,-0.26353601,-0.650832
147.0082,6663.227,47.816677,7.040422,-92.240417,0.32084501,-0.252662,-0.64045602
147.0242,6663.247,47.500629,7.583353,-90.442894,0.32602999,-0.24262799,-0.62953597
147.0408,6663.267,47.263287,8.248354,-88.561462,0.332241,-0.23197199,-0.61733103
147.0677,6663.287,47.081612,8.875251,-86.580765,0.33848801,-0.221416,-0.60425103
147.0814,6663.3071,46.858639,9.431,-84.504593,0.34403601,-0.21062,-0.590675
147.1071,6663.3271,46.628414,9.949955,-82.502495,0.348943,-0.2001,-0.57743901
147.1311,6663.3471,46.459137,10.453843,-80.682571,0.353567,-0.19045199,-0.565
147.1409,6663.3672,46.326599,10.83407,-78.887009,0.35755301,-0.18176199,-0.55281699
147.1608,6663.3872,46.25589,11.059393,-77.077324,0.36101499,-0.17426901,-0.54069698
147.1812,6663.4072,46.335121,11.076327,-75.248024,0.36431399,-0.16878,-0.52855498
147.203,6663.4272,46.545265,10.844594,-73.469162,0.36714801,-0.165692,-0.51706398
147.2195,6663.4473,46.805614,10.316122,-71.669609,0.369008,-0.16470601,-0.506163
147.2397,6663.4673,47.106819,9.795044,-70.004913,0.371023,-0.16427501,-0.495958
147.2621,6663.4873,47.392788,9.478273,-68.501358,0.37363899,-0.162883,-0.486155
147.2802,6663.5073,47.608238,9.229631,-67.15107,0.37589201,-0.161158,-0.477294
147.304,6663.5273,47.767918,8.993111,-65.990349,0.37757701,-0.159686,-0.46978
147.3311,6663.5473,47.877708,8.682826,-64.973846,0.378445,-0.158952,-0.46358699
147.3633,6663.5672,47.921131,8.323992,-64.021446,0.378607,-0.158464,-0.45812899
147.3705,6663.5872,47.868938,7.971583,-63.135986,0.37808099,-0.15774,-0.45331001
147.3818,6663.6072,47.674923,7.550465,-62.330639,0.37623399,-0.157161,-0.44956699
147.4044,6663.6272,47.324734,7.010812,-61.643108,0.37271199,-0.157159,-0.44733801
147.4216,6663.6472,46.885624,6.487372,-61.152969,0.36837399,-0.15735599,-0.44657201
147.4467,6663.6672,46.408447,5.957142,-60.841747,0.36348999,-0.158053,-0.44710401
147.4592,6663.6872,45.991306,5.497134,-60.717197,0.359016,-0.159128,-0.44854799
147.4812,6663.7072,45.739323,5.297729,-60.750519,0.35646299,-0.15957201,-0.44991899
147.5054,6663.7272,45.670372,5.366484,-60.784115,0.35621399,-0.158905,-0.45008099
147.5223,6663.7472,45.653881,5.396712,-60.695034,0.356343,-0.158347,-0.44939601
147.5479,6663.7672,45.564384,5.191859,-60.466148,0.355243,-0.15869901,-0.448607
147.5686,6663.7872,45.456623,4.793883,-60.159885,0.35337099,-0.160099,-0.44790101
147.6196,6663.8072,45.362404,4.164133,-59.875629,0.35066,-0.16326401,-0.44802099
147.6279,6663.8272,45.211117,3.382693,-59.694031,0.34681499,-0.167587,-0.44940999
147.6406,6663.8472,44.983612,2.509356,-59.460155,0.34215,-0.17209999,-0.450809
147.6449,6663.8672,44.766785,1.651608,-59.096828,0.33781299,-0.176184,-0.45118099
147.6637,6663.8872,44.625267,0.834154,-58.658623,0.33428499,-0.18009301,-0.45073199
147.6816,6663.9072,44.588169,0.130651,-58.202362,0.33198401,-0.18358199,-0.44962001
147.6989,6663.9272,44.670181,-0.456842,-57.830559,0.33086199,-0.186974,-0.44856399
147.7184,6663.9472,44.812054,-0.95653,-57.564159,0.33035001,-0.190282,-0.44790399
147.744,6663.9672,44.950058,-1.410884,-57.387829,0.32984799,-0.19351099,-0.44775799
147.7639,6663.9871,45.033596,-1.859745,-57.265884,0.32889399,-0.19664501,-0.44806299
147.7927,6664.0071,45.058937,-2.274163,-57.245506,0.32748699,-0.19960301,-0.44906899
147.8228,6664.0271,45.002975,-2.587679,-57.3666,0.32564601,-0.201942,-0.45089599
147.824,6664.0471,44.883278,-2.721978,-57.553314,0.32393599,-0.20296,-0.45276201
147.8433,6664.0671,44.795666,-2.682216,-57.713707,0.32318699,-0.20279901,-0.45390299
147.8745,6664.0871,44.763653,-2.730136,-57.767658,0.32267401,-0.20316499,-0.45446301
147.885,6664.1071,44.780094,-2.952414,-57.683434,0.32205901,-0.20455199,-0.45447299
147.9049,6664.1271,44.909798,-3.182056,-57.49501,0.322409,-0.206129,-0.453612
147.9298,6664.1471,45.125782,-3.22245,-57.325554,0.32409099,-0.206753,-0.452232
147.9408,6664.1671,45.352047,-3.060238,-57.190746,0.32658201,-0.20608599,-0.45050499
147.9603,6664.1871,45.526512,-2.839137,-57.117695,0.328821,-0.204982,-0.44911
147.9856,6664.2071,45.641651,-2.584619,-57.075047,0.33071101,-0.20350499,-0.44791099
148.0084,6664.2271,45.792843,-2.432463,-56.99345,0.33252299,-0.20276999,-0.44667599
148.0224,6664.2471,45.913471,-2.458228,-56.834751,0.33355999,-0.202944,-0.44545799
148.0543,6664.2671,46.167526,-2.446856,-56.668846,0.335702,-0.20333301,-0.443885
148.069,6664.2871,46.124023,-2.241371,-56.598103,0.33631301,-0.201517,-0.44284901
148.0805,6664.3071,45.826092,-1.850357,-56.690426,0.33554801,-0.197915,-0.44279701
148.1017,6664.3271,45.487904,-1.227965,-57.098869,0.33486101,-0.19344001,-0.44436899
148.1431,6664.3471,45.442421,-0.446626,-57.676289,0.336611,-0.18945,-0.44622099
148.1456,6664.3671,45.551891,0.343454,-58.067245,0.33982,-0.18546601,-0.446464
148.1676,6664.387,45.692921,0.995232,-58.079071,0.34332499,-0.181464,-0.44436699
148.1864,6664.407,45.833618,1.38568,-57.726486,0.34637299,-0.178201,-0.44046399
148.1999,6664.427,45.903244,1.44553,-57.143444,0.34799299,-0.176283,-0.43604201
148.2203,6664.447,45.991859,1.330919,-56.577785,0.34905201,-0.175717,-0.43223199
148.24,6664.467,46.146587,1.250658,-56.212215,0.35040301,-0.175763,-0.42962101
148.2583,6664.487,46.280109,1.079094,-55.945503,0.35111499,-0.176673,-0.42802799
148.282,6664.507,46.314281,0.742819,-55.700871,0.350481,-0.178442,-0.42726299
148.2983,6664.527,46.252411,0.405874,-55.490707,0.34911501,-0.17996199,-0.42689899
148.3179,6664.547,46.184601,0.376366,-55.420448,0.348634,-0.179704,-0.426599
148.3439,6664.567,46.165321,0.659617,-55.524559,0.34938899,-0.17793401,-0.42650801
148.359,6664.587,46.176491,1.15684,-55.773968,0.35093501,-0.175202,-0.42674401
148.3814,6664.607,46.236725,1.639265,-56.002975,0.35281,-0.172704,-0.42678899
148.4115,6664.627,46.367859,1.985648,-56.124771,0.35484201,-0.171119,-0.426359
148.4268,6664.647,46.483044,2.174038,-56.166649,0.35629201,-0.170352,-0.42587101
148.4429,6664.667,46.608555,2.268671,-56.235321,0.357425,-0.170375,-0.425843
148.4618,6664.687,46.864811,2.32277,-56.40913,0.35916799,-0.171519,-0.42645201
148.4799,6664.707,47.187164,2.30195,-56.577541,0.36109799,-0.173436,-0.42713299
148.499,6664.727,47.480522,2.181565,-56.653889,0.362587,-0.175657,-0.42752501
148.5229,6664.747,47.672592,1.994143,-56.543301,0.36340299,-0.177368,-0.42699301
148.5455,6664.767,47.771214,1.757656,-56.162392,0.36380601,-0.178206,-0.424878
148.5646,6664.787,47.78162,1.437061,-55.661716,0.36347401,-0.178923,-0.422337
148.5867,6664.8069,47.726425,0.918513,-55.135685,0.36200401,-0.18072399,-0.42034799
148.6089,6664.8269,47.735672,0.341714,-54.624428,0.36076999,-0.183236,-0.41852599
148.6291,6664.8469,47.872375,0.008469,-54.170349,0.36125499,-0.18467,-0.41613001
148.6418,6664.8669,47.954865,-0.052666,-53.776955,0.36225301,-0.18416101,-0.41339499
148.6716,6664.8869,47.831924,0.130078,-53.485741,0.36250001,-0.18149699,-0.410941
148.6892,6664.9069,47.419369,0.410054,-53.419407,0.36066699,-0.177806,-0.410245
148.7035,6664.9269,46.736694,0.510436,-53.649204,0.35580099,-0.175338,-0.41266501
148.7208,6664.9469,46.039413,0.370732,-54.056519,0.34968999,-0.175051,-0.417115
148.7445,6664.9669,45.809566,0.293139,-54.375179,0.347276,-0.175732,-0.41999301
148.764,6664.9869,46.132305,0.398624,-54.399303,0.34992999,-0.176239,-0.41933501
148.7865,6665.0069,46.525448,0.543834,-54.047527,0.35380399,-0.17556299,-0.415748
148.8071,6665.0269,46.708717,0.365718,-53.483021,0.355335,-0.17575701,-0.41196901
148.8304,6665.0469,46.805096,-0.06297,-53.024578,0.35519499,-0.177753,-0.40986401
148.8448,6665.0669,46.921741,-0.51755,-52.725601,0.354875,-0.180499,-0.408952
148.866,6665.0869,47.012627,-0.913001,-52.602715,0.35431099,-0.183272,-0.409159
148.8889,6665.1069,47.013908,-1.072404,-52.605007,0.35374701,-0.184425,-0.409666
148.9037,6665.1269,46.87471,-0.983685,-52.627796,0.35302699,-0.18336999,-0.40976101
148.934,6665.1469,46.664513,-0.948024,-52.54599,0.35177299,-0.18212301,-0.40937501
148.9479,6665.1669,46.552315,-1.030228,-52.405773,0.350894,-0.181888,-0.40878499
148.9592,6665.1869,46.605618,-1.167802,-52.28614,0.35097799,-0.182696,-0.40827
148.9803,6665.2068,46.714622,-1.171737,-52.236637,0.35182899,-0.182954,-0.40776899
149.0024,6665.2268,46.742878,-1.148455,-52.206211,0.352164,-0.18279199,-0.40743801
149.0208,6665.2468,46.84108,-1.476532,-52.012028,0.352018,-0.184892,-0.40691099
149.0401,6665.2668,47.009258,-1.811973,-51.926823,0.35217899,-0.187619,-0.40709201
149.0607,6665.2868,47.175014,-2.043437,-51.900478,0.35259601,-0.189768,-0.40738201
149.0804,6665.3068,47.243767,-2.127838,-51.853035,0.352871,-0.19046301,-0.407206
149.1069,6665.3268,47.259666,-2.126844,-51.763561,0.353138,-0.190235,-0.40654001
149.1228,6665.3468,47.407356,-2.123583,-51.558754,0.35455599,-0.19008499,-0.40485701
149.1396,6665.3668,47.680122,-2.045755,-51.270691,0.35727701,-0.18956099,-0.40217
149.1608,6665.3869,47.919167,-2.0229,-50.926922,0.35965201,-0.18913101,-0.39930001
149.1868,6665.4069,48.082535,-2.124638,-50.535439,0.36112601,-0.189178,-0.396584
149.2004,6665.4269,48.275333,-2.161543,-50.201515,0.36294499,-0.18903001,-0.39403701
149.2203,6665.447,48.630711,-1.786021,-49.996128,0.36713901,-0.186856,-0.39087099
149.2433,6665.467,48.928795,-1.02927,-49.878227,0.372051,-0.182026,-0.38715601
149.2612,6665.487,48.852314,-0.165204,-49.771328,0.37457201,-0.17520399,-0.38368499
149.2819,6665.507,48.484138,0.739388,-49.598549,0.37518901,-0.166875,-0.380041
149.3101,6665.5271,48.012135,1.481668,-49.439808,0.374461,-0.15938801,-0.37720099
149.326,6665.5471,47.670189,1.598619,-49.390541,0.37244299,-0.157223,-0.37700099
149.3466,6665.5671,47.758812,1.470293,-49.448635,0.37258101,-0.15864401,-0.37770101
149.3685,6665.5872,48.241123,1.671663,-49.3923,0.37680399,-0.15862601,-0.37586999
149.3857,6665.6072,48.68578,2.239259,-49.155502,0.382184,-0.155222,-0.371553
149.4061,6665.6272,48.694393,2.836341,-48.777786,0.38467199,-0.149648,-0.36679599
149.4527,6665.6472,48.368935,3.237965,-48.411858,0.38407499,-0.144401,-0.363325
149.4558,6665.6673,48.124077,3.413937,-48.117748,0.38322899,-0.14131001,-0.36099499
149.4626,6665.6873,48.100945,3.396596,-47.930092,0.38323799,-0.14073201,-0.35971799
149.4831,6665.7073,48.14798,3.163553,-47.820766,0.38298199,-0.14222901,-0.35961899
149.504,6665.7274,48.151081,2.991133,-47.741562,0.38256201,-0.14323699,-0.35960999
149.5213,6665.7474,48.071941,3.133279,-47.702972,0.38248199,-0.14180499,-0.358982
149.5436,6665.7674,47.929436,3.419556,-47.650612,0.38240901,-0.13906001,-0.35787699
149.5633,6665.7874,47.856998,3.722125,-47.648499,0.38282999,-0.136592,-0.356971
149.5823,6665.8075,47.921535,3.968352,-47.646679,0.38406599,-0.134994,-0.35602599
149.6053,6665.8275,48.054043,4.036103,-47.634418,0.38525,-0.13489699,-0.35548499
149.6278,6665.8475,48.212288,3.911929,-47.520359,0.386145,-0.13595,-0.354799
149.6391,6665.8676,48.411434,3.770684,-47.327827,0.38737899,-0.136995,-0.35352901
149.6626,6665.8876,48.581936,3.750216,-47.136776,0.38877901,-0.13706,-0.35191199
149.6813,6665.9076,48.789509,3.829412,-46.966774,0.39072701,-0.136582,-0.35004801
149.7257,6665.9276,49.111988,3.790951,-46.775143,0.393172,-0.137262,-0.34823301
149.7334,6665.9477,49.501812,3.673806,-46.560234,0.395895,-0.138647,-0.34640801
149.7447,6665.9677,49.800453,3.6485,-46.361507,0.39821801,-0.139108,-0.34454
149.7638,6665.9877,49.875252,3.665847,-46.194782,0.39901301,-0.138642,-0.34313399
149.7843,6666.0077,49.819843,3.582265,-46.076622,0.398505,-0.13866501,-0.34265199
149.8022,6666.0276,49.745178,3.376394,-45.995594,0.39744699,-0.139653,-0.342897
149.8257,6666.0476,49.718056,3.198746,-45.938114,0.39678901,-0.140669,-0.34313601
149.849,6666.0676,49.601578,3.096393,-45.945259,0.39562899,-0.141073,-0.343732
149.8817,6666.0876,49.235481,3.111949,-46.08506,0.39284801,-0.140273,-0.34529799
149.8854,6666.1076,48.642319,3.199444,-46.476837,0.38832799,-0.139061,-0.34883699
149.9049,6666.1276,47.957035,3.239698,-47.094612,0.38272399,-0.138615,-0.35435101
149.9218,6666.1476,47.404873,3.147235,-47.825466,0.377536,-0.13989601,-0.360921
149.9455,6666.1676,47.293468,2.958226,-48.502804,0.37529099,-0.143134,-0.366689
149.9765,6666.1876,47.593594,2.690486,-48.837822,0.37617999,-0.147202,-0.36952901
149.9849,6666.2076,47.86451,2.302061,-48.874012,0.376838,-0.151068,-0.37063101
150.0149,6666.2276,47.941727,2.104487,-48.807529,0.376845,-0.152548,-0.37067199
150.0305,6666.2476,47.906086,2.174577,-48.771355,0.37686199,-0.15179899,-0.370235
150.0586,6666.2676,47.8657,2.206432,-48.901833,0.37650001,-0.15186,-0.37114599
150.0743,6666.2876,47.875736,2.009379,-49.244389,0.37547401,-0.15445299,-0.37427101
150.0848,6666.3076,47.897419,1.693329,-49.677746,0.374001,-0.15824001,-0.37841901
150.1072,6666.3276,47.922268,1.53243,-50.127373,0.37301999,-0.16095699,-0.382164
150.1228,6666.3476,47.883194,1.567437,-50.571606,0.37222999,-0.16201399,-0.38532799
150.1441,6666.3676,47.793186,1.642369,-50.948967,0.37130201,-0.162385,-0.38795799
150.1619,6666.3876,47.76651,1.608517,-51.17099,0.37068,-0.16325501,-0.389714
150.2076,6666.4076,47.727539,1.305609,-51.306561,0.36917299,-0.16574199,-0.39173299
150.2104,6666.4275,47.692581,0.886068,-51.563049,0.367107,-0.169467,-0.39498499
150.2184,6666.4475,47.770039,0.66554,-52.041233,0.366184,-0.17285401,-0.399005
150.2394,6666.4675,47.750938,0.698707,-52.573647,0.36535701,-0.174248,-0.40274799
150.2648,6666.4875,47.448811,0.862523,-53.001015,0.36312899,-0.173354,-0.40577599
150.2815,6666.5075,47.003613,1.009023,-53.41687,0.359846,-0.172011,-0.409015
150.3005,6666.5275,46.654404,0.984045,-53.855385,0.35660699,-0.17229,-0.412801
150.3219,6666.5475,46.492355,0.727623,-54.218548,0.35397401,-0.174656,-0.41645601
150.3442,6666.5675,46.50341,0.541954,-54.445774,0.353028,-0.176724,-0.418634
150.3658,6666.5875,46.503994,0.517188,-54.511024,0.35284099,-0.177104,-0.419175
150.3888,6666.6075,46.390236,0.568994,-54.440903,0.352328,-0.176099,-0.41869801
150.4073,6666.6275,46.334824,0.590782,-54.291836,0.35224101,-0.175281,-0.41765499
150.427,6666.6475,46.456707,0.534839,-54.097775,0.35320401,-0.175531,-0.41624501
150.4554,6666.6675,46.660336,0.633634,-53.95509,0.35523301,-0.175128,-0.41459301
150.4686,6666.6875,46.697044,1.071551,-53.965492,0.357061,-0.17216299,-0.41324699
150.4868,6666.7075,46.41526,1.744423,-54.15126,0.357205,-0.166887,-0.41294599
150.5038,6666.7275,45.858585,2.321917,-54.593987,0.35469699,-0.16205101,-0.41526601
150.5244,6666.7475,45.367081,2.734865,-55.243317,0.35179999,-0.159236,-0.41949299
150.5426,6666.7675,45.269703,3.270591,-55.918278,0.352148,-0.15709899,-0.42285299
150.5651,6666.7875,45.475758,3.777626,-56.265827,0.35499999,-0.15534399,-0.42340299
150.5855,6666.8075,45.601383,3.952863,-56.182014,0.356644,-0.15432,-0.42203
150.6048,6666.8275,45.499779,3.669523,-55.847721,0.35533699,-0.15491401,-0.42070401
150.6261,6666.8474,45.396923,3.226643,-55.503323,0.35345399,-0.156625,-0.41979101
150.6437,6666.8674,45.505871,2.93418,-55.228085,0.35353401,-0.158288,-0.418529
150.6631,6666.8874,45.621471,2.654385,-54.993763,0.353659,-0.16001,-0.417512
150.6848,6666.9074,45.621506,2.322906,-54.822594,0.35269201,-0.16185901,-0.41730601
150.7046,6666.9274,45.626488,2.178334,-54.801464,0.352231,-0.16285001,-0.41759101
150.7232,6666.9474,45.606483,2.03236,-54.814884,0.35153699,-0.163862,-0.41816899
150.7519,6666.9674,45.549355,1.874318,-54.735924,0.350667,-0.16453899,-0.418183
150.7681,6666.9874,45.507149,1.806584,-54.589188,0.35033,-0.164418,-0.41740799
150.7912,6667.0074,45.491173,1.815944,-54.412567,0.350503,-0.16375101,-0.41613799
150.8046,6667.0274,45.572254,1.823613,-54.169735,0.35145599,-0.16325399,-0.41423601
150.8216,6667.0474,45.721828,1.725243,-53.909794,0.35253999,-0.163716,-0.41242301
150.8434,6667.0674,45.854702,1.441257,-53.640568,0.35285601,-0.165418,-0.41114399
150.8698,6667.0874,46.069855,1.079009,-53.438457,0.35339099,-0.168185,-0.41046
150.8798,6667.1074,46.368099,0.869978,-53.259846,0.35504201,-0.17021701,-0.40934601
150.9001,6667.1274,46.608273,0.583353,-53.063534,0.356033,-0.17253301,-0.408445
150.9238,6667.1474,46.80574,0.233152,-52.852539,0.35652101,-0.175098,-0.40770999
150.9421,6667.1675,46.935871,-0.144303,-52.714394,0.35632399,-0.177839,-0.40769199
150.9633,6667.1875,46.911484,-0.50232,-52.666939,0.35494801,-0.180172,-0.40849999
150.9881,6667.2075,46.738403,-0.793217,-52.661057,0.35267499,-0.18162701,-0.40961501
151.0155,6667.2276,46.640793,-1.195378,-52.733013,0.35041699,-0.184385,-0.41150799
151.0251,6667.2476,46.771008,-1.341943,-52.924202,0.350517,-0.186479,-0.41313499
151.0576,6667.2676,46.90213,-1.190699,-53.217056,0.35152799,-0.18675999,-0.414572
151.0731,6667.2876,46.778324,-0.8569,-53.655323,0.35113999,-0.185278,-0.41686201
151.0835,6667.3077,46.251995,-0.490482,-54.226929,0.34779599,-0.182502,-0.42062399
151.1161,6667.3277,45.362179,-0.270099,-54.896095,0.34119099,-0.179671,-0.426103
151.1242,6667.3478,44.422142,-0.07616,-55.653191,0.33401999,-0.177003,-0.43238199
151.1428,6667.3679,43.867165,0.262537,-56.467079,0.33009601,-0.174833,-0.43807
151.1642,6667.3879,43.934399,0.554906,-57.160263,0.330639,-0.175008,-0.44205999
151.1819,6667.408,44.254623,0.449825,-57.548191,0.33190501,-0.178123,-0.44460601
151.201,6667.428,44.441143,0.034903,-57.676064,0.331411,-0.18216,-0.44641399
151.2221,6667.4481,44.501053,-0.293422,-57.670921,0.33056301,-0.184701,-0.44723099
151.2402,6667.4682,44.507946,-0.657907,-57.725658,0.32909799,-0.187461,-0.44865599
151.2604,6667.4882,44.495789,-1.012265,-57.995377,0.32717499,-0.190687,-0.45159301
151.2897,6667.5083,44.427692,-1.279306,-58.317284,0.32509801,-0.19321901,-0.454725
151.3124,6667.5283,44.350403,-1.567064,-58.602886,0.32292101,-0.195747,-0.45766401
151.326,6667.5484,44.352833,-1.883243,-58.782227,0.32136399,-0.19848,-0.45980799
151.3437,6667.5685,44.360695,-2.117622,-58.878029,0.32031101,-0.200422,-0.461124
151.362,6667.5885,44.322224,-2.302661,-58.972919,0.31912699,-0.201832,-0.46236199
151.3815,6667.6086,44.342556,-2.402667,-59.152653,0.31854901,-0.20311201,-0.46386799
151.404,6667.6287,44.434517,-2.458692,-59.369537,0.31858501,-0.204468,-0.46540299
151.4232,6667.6487,44.538662,-2.573631,-59.557899,0.31851399,-0.206204,-0.46688199
151.4483,6667.6688,44.712399,-2.747724,-59.667526,0.318829,-0.208407,-0.46787199
151.4726,6667.6888,44.990692,-2.97654,-59.719452,0.31975701,-0.211239,-0.468458
151.4852,6667.7089,45.283577,-3.097275,-59.774071,0.32122099,-0.213383,-0.468741
151.5018,6667.7289,45.650372,-3.114748,-59.826771,0.32362601,-0.215094,-0.46860799
151.5229,6667.749,46.143982,-3.06832,-59.7682,0.32738599,-0.216544,-0.467327
151.5411,6667.769,46.681606,-3.061345,-59.571575,0.33155099,-0.218032,-0.46512899
151.5639,6667.789,47.153492,-3.22705,-59.257877,0.334782,-0.22009601,-0.46272299
151.5896,6667.809,47.446079,-3.557997,-58.969173,0.336054,-0.222661,-0.46125501
151.608,6667.8291,47.86832,-3.746158,-58.850994,0.338485,-0.225225,-0.460356
151.6235,6667.8491,48.352512,-3.577134,-58.81456,0.342621,-0.22579999,-0.45886499
151.6424,6667.8691,48.536118,-3.072113,-58.836201,0.34587899,-0.223092,-0.45721099
151.6711,6667.8892,48.42852,-2.384348,-58.94099,0.34766799,-0.218261,-0.45602301
151.6826,6667.9092,48.277847,-1.708584,-59.139622,0.34893301,-0.213622,-0.455585
151.7022,6667.9292,48.110527,-1.361768,-59.484165,0.34851301,-0.21162599,-0.45718601
151.7217,6667.9492,47.951378,-1.320286,-60.017651,0.346589,-0.212332,-0.461005
151.7472,6667.9692,47.894444,-1.228144,-60.639286,0.345413,-0.213349,-0.46509701
151.7705,6667.9892,48.052708,-0.744028,-61.156895,0.34751099,-0.21223,-0.46690801
151.7846,6668.0092,48.249512,-0.107889,-61.418842,0.35097,-0.20946901,-0.46641099
151.8116,6668.0292,48.246746,0.13262,-61.373116,0.35201201,-0.20767,-0.46536499
151.8288,6668.0492,48.118301,-0.115562,-61.146156,0.35053599,-0.20815399,-0.46480301
151.8437,6668.0692,48.070343,-0.566792,-60.932785,0.348766,-0.21040501,-0.464802
151.8639,6668.0892,48.105583,-0.922215,-60.834919,0.347747,-0.212687,-0.46514899
151.8835,6668.1092,48.040215,-1.090684,-60.762138,0.34674799,-0.21336,-0.46527401
151.9022,6668.1292,47.906227,-1.001799,-60.692486,0.34631401,-0.21200299,-0.46475899
151.9223,6668.1493,47.743225,-0.719006,-60.606503,0.34649301,-0.20914701,-0.46359599
151.9436,6668.1693,47.548519,-0.6035,-60.439739,0.345918,-0.207068,-0.462437
151.9619,6668.1893,47.425758,-0.662987,-60.222496,0.34522101,-0.206332,-0.46133
151.9819,6668.2093,47.480133,-0.733036,-59.990913,0.34573299,-0.20633399,-0.459849
152.0089,6668.2294,47.644127,-0.8606,-59.728127,0.34683299,-0.20707101,-0.458139
152.0528,6668.2494,47.815731,-1.074362,-59.428024,0.34771499,-0.208315,-0.456422
152.0639,6668.2694,47.914341,-1.301824,-59.189659,0.34793001,-0.20954999,-0.45529899
152.0945,6668.2895,47.972702,-1.58836,-58.998093,0.34755,-0.21117701,-0.45474699
152.0983,6668.3095,48.170116,-1.923752,-58.848984,0.34787101,-0.213807,-0.45440999
152.108,6668.3295,48.456707,-2.182469,-58.733673,0.34905899,-0.21634699,-0.45393401
152.1367,6668.3496,48.6339,-2.205839,-58.661617,0.350337,-0.216968,-0.45322001
152.1643,6668.3696,48.677414,-1.96997,-58.750961,0.35140401,-0.215782,-0.45304301
152.1657,6668.3897,48.552475,-1.643819,-58.99905,0.35136101,-0.213811,-0.45396101
152.2063,6668.4098,48.38501,-1.518446,-59.252766,0.350223,-0.213073,-0.455607
152.2081,6668.4298,48.306366,-1.508917,-59.398556,0.349444,-0.213146,-0.45671499
152.2238,6668.4499,48.238548,-1.570073,-59.352028,0.34881601,-0.21316101,-0.45669401
152.2452,6668.47,48.027706,-1.584117,-59.165325,0.34764099,-0.211869,-0.45579901
152.2635,6668.49,47.579834,-1.401824,-59.066971,0.34542799,-0.208566,-0.45530799
152.2846,6668.5101,46.817085,-1.172501,-59.211342,0.34076101,-0.20442399,-0.45687801
152.3076,6668.5301,46.040134,-0.892637,-59.743015,0.33551899,-0.200978,-0.461023
152.3299,6668.5502,45.594524,-0.380334,-60.639801,0.33292699,-0.198247,-0.466499
152.3451,6668.5703,45.507381,0.285585,-61.553951,0.33347499,-0.195935,-0.471046
152.3693,6668.5903,45.563179,0.710086,-62.097157,0.334683,-0.19481599,-0.47346401
152.3869,6668.6104,45.582951,0.673087,-62.2047,0.334483,-0.19546799,-0.47427899
152.4103,6668.6304,45.650085,0.179036,-62.075317,0.33312199,-0.198778,-0.47470701
152.4274,6668.6505,45.937954,-0.398391,-61.92701,0.33297399,-0.20351601,-0.47486201
152.4441,6668.6706,46.37793,-0.930379,-61.802929,0.33402699,-0.208621,-0.474801
152.4648,6668.6906,46.777637,-1.447784,-61.687939,0.33485201,-0.213467,-0.474843
152.4909,6668.7106,46.937622,-1.772692,-61.795536,0.334405,-0.216656,-0.47625899
152.5139,6668.7307,46.761799,-1.857938,-62.084293,0.33229101,-0.217363,-0.47877601
152.5301,6668.7507,46.565414,-1.716007,-62.493206,0.33075899,-0.216772,-0.48148799
152.5511,6668.7707,46.618191,-1.532393,-62.88208,0.331159,-0.21686099,-0.48352
152.5691,6668.7907,46.779472,-1.598001,-63.098602,0.33157599,-0.218602,-0.484907
152.5936,6668.8108,46.862663,-1.844072,-63.244389,0.330823,-0.22104,-0.48646599
152.6076,6668.8308,46.796307,-2.083337,-63.392097,0.329065,-0.222813,-0.48827001
152.6226,6668.8508,46.667816,-2.248735,-63.627037,0.327021,-0.22407199,-0.49055299
152.6429,6668.8709,46.616184,-2.2386,-63.886738,0.32620299,-0.224528,-0.492369
152.6683,6668.8909,46.631329,-2.053309,-64.105682,0.326675,-0.22396301,-0.493296
152.6873,6668.9109,46.664398,-1.80307,-64.277,0.32764399,-0.2229,-0.493682
152.7034,6668.9309,46.816292,-1.620453,-64.328331,0.32936499,-0.22245499,-0.49324101
152.7257,6668.9509,47.161907,-1.588727,-64.18409,0.332133,-0.223281,-0.49156901
152.751,6668.9709,47.488197,-1.813365,-63.853252,0.334039,-0.22520299,-0.489416
152.7668,6668.9909,47.634819,-2.323754,-63.340759,0.333877,-0.22776499,-0.48718899
152.7867,6669.0109,47.758484,-2.917522,-62.914703,0.33305499,-0.23104499,-0.485829
152.8085,6669.0309,48.125774,-3.182027,-62.711525,0.33486399,-0.23373599,-0.48461601
152.8232,6669.0509,48.673481,-2.985576,-62.559677,0.339753,-0.234183,-0.482095
152.8557,6669.0709,48.810104,-2.669756,-62.428673,0.34228,-0.232215,-0.480039
152.8628,6669.0909,48.406792,-2.422029,-62.264481,0.340886,-0.22841799,-0.478879
152.8869,6669.1109,47.778175,-2.353243,-62.236252,0.336918,-0.225319,-0.47955
152.9083,6669.1309,47.239117,-2.474178,-62.320347,0.33254099,-0.224195,-0.48137701
152.9248,6669.1509,47.084232,-2.845118,-62.343277,0.329869,-0.226153,-0.48286
152.945,6669.1709,47.221905,-3.174095,-62.291245,0.32953399,-0.228797,-0.48322901
152.9658,6669.1909,47.473007,-3.394471,-62.089111,0.330742,-0.230726,-0.48208699
152.9832,6669.2109,47.667984,-3.575924,-61.68169,0.33214799,-0.231562,-0.47953299
153.003,6669.2309,47.744915,-3.849319,-61.229076,0.33245501,-0.23241401,-0.47712699
153.0332,6669.2509,47.81879,-4.215891,-60.854473,0.33220601,-0.23411401,-0.47552601
153.0549,6669.2709,47.959629,-4.566189,-60.585564,0.332284,-0.23627,-0.47449601
153.0749,6669.2909,48.069923,-4.883871,-60.360786,0.33220199,-0.23820899,-0.473721
153.0848,6669.3108,48.028263,-5.327577,-60.219082,0.33037299,-0.240659,-0.47410101
153.1153,6669.3309,48.012173,-5.801291,-60.171619,0.328399,-0.243683,-0.47516301
153.1339,6669.3509,48.206604,-6.17582,-60.186264,0.32817,-0.247013,-0.47605899
153.1585,6669.3709,48.443966,-6.293345,-60.246391,0.329207,-0.248889,-0.476468
153.1701,6669.391,48.503105,-6.159785,-60.303726,0.33004999,-0.248375,-0.47638801
153.1827,6669.411,48.362858,-5.843425,-60.397087,0.33018699,-0.24596301,-0.476311
153.2056,6669.431,48.179211,-5.576089,-60.50798,0.32978299,-0.243762,-0.47656
153.2227,6669.451,48.144012,-5.424565,-60.728729,0.32969999,-0.243233,-0.47767299
153.2426,6669.4711,48.201557,-5.280895,-60.956932,0.33021501,-0.24314,-0.47872099
153.2709,6669.4911,48.295158,-5.054686,-61.136559,0.331429,-0.24249201,-0.47914401
153.2857,6669.5111,48.379314,-4.898047,-61.19796,0.332537,-0.24193899,-0.47897801
153.3053,6669.5312,48.51825,-4.857858,-61.234108,0.33359,-0.24231599,-0.47889301
153.3278,6669.5512,48.702671,-4.785083,-61.419296,0.334777,-0.24308801,-0.47964799
153.3476,6669.5713,48.862438,-4.659436,-61.687031,0.33583701,-0.243652,-0.48083699
153.367,6669.5913,48.994194,-4.439149,-62.038574,0.33692199,-0.24372201,-0.48234901
153.3916,6669.6114,49.136471,-4.233676,-62.345394,0.338112,-0.243811,-0.48357701
153.4093,6669.6314,49.295681,-4.281297,-62.55867,0.33854601,-0.245396,-0.484889
153.4251,6669.6515,49.487091,-4.590452,-62.683254,0.33827701,-0.24859899,-0.48632401
153.4482,6669.6716,49.683716,-4.983083,-62.749203,0.337809,-0.25220001,-0.48760399
153.4694,6669.6916,49.669888,-5.274291,-62.856606,0.336236,-0.254403,-0.48919901
153.4919,6669.7117,49.486229,-5.348554,-63.071545,0.334185,-0.254794,-0.49114099
153.507,6669.7317,49.222607,-5.356235,-63.440426,0.33153,-0.254859,-0.49403799
153.5284,6669.7518,48.866417,-5.698296,-63.928734,0.326525,-0.25709701,-0.49882901
153.5476,6669.7719,48.623104,-6.21476,-64.478935,0.32135999,-0.26108599,-0.50431401
153.5706,6669.7919,48.65823,-6.292725,-65.108307,0.319814,-0.26350501,-0.50863099
153.5918,6669.812,48.761829,-5.911744,-65.745628,0.320748,-0.26320899,-0.51159298
153.6164,6669.8321,48.784924,-5.447112,-66.372177,0.32154801,-0.262014,-0.51436198
153.6323,6669.8521,48.799732,-5.209445,-66.898422,0.32151401,-0.261998,-0.51711297
153.6555,6669.8722,48.920811,-5.245783,-67.214043,0.32143801,-0.26363501,-0.51907003
153.6716,6669.8922,49.15926,-5.452811,-67.336952,0.321812,-0.26634201,-0.52004701
153.6944,6669.9123,49.342869,-5.774115,-67.360748,0.32152599,-0.26927501,-0.52079302
153.7093,6669.9323,49.316124,-6.13838,-67.401955,0.319592,-0.27163899,-0.52212399
153.7259,6669.9524,49.161354,-6.340172,-67.576385,0.31722,-0.27277499,-0.52407098
153.7486,6669.9724,49.053844,-6.318267,-67.828712,0.31600001,-0.272874,-0.52582097
153.7668,6669.9925,49.049385,-6.203109,-68.120293,0.31580499,-0.27291399,-0.52739501
153.791,6670.0125,49.08094,-6.130153,-68.376572,0.315741,-0.273285,-0.528795
153.8133,6670.0326,49.073605,-6.059798,-68.641998,0.315384,-0.27353099,-0.53032398
153.8376,6670.0527,48.992653,-5.875987,-68.943871,0.314978,-0.27282801,-0.53189898
153.8543,6670.0727,48.840523,-5.668083,-69.280579,0.31413499,-0.271754,-0.533755
153.8718,6670.0928,48.722885,-5.513621,-69.583801,0.31335801,-0.27107701,-0.53548402
153.8876,6670.1129,48.749405,-5.374333,-69.812111,0.31364501,-0.270924,-0.53652197
153.9121,6670.1329,48.889366,-5.152763,-70.018471,0.315119,-0.27068701,-0.53698999
153.9329,6670.153,49.029194,-4.911239,-70.161667,0.316834,-0.270154,-0.536991
153.954,6670.173,49.309399,-4.828177,-70.131538,0.31913701,-0.27078,-0.53606099
153.9707,6670.193,49.723549,-4.87031,-70.070068,0.321807,-0.272708,-0.53503102
153.9903,6670.2131,50.124092,-4.812365,-70.071945,0.32470101,-0.27410999,-0.53414297
154.009,6670.2331,50.479679,-4.646686,-70.125191,0.327674,-0.274773,-0.53334898
154.0288,6670.2531,50.824856,-4.389678,-70.171349,0.33101401,-0.274791,-0.53225201
154.0589,6670.2731,51.244835,-4.03695,-70.131523,0.33548301,-0.27428401,-0.53016597
154.0738,6670.2932,51.68129,-3.598226,-70.047661,0.340547,-0.27316999,-0.52748299
154.0915,6670.3132,51.92857,-3.126258,-70.051231,0.34431201,-0.27126899,-0.52560103
154.1134,6670.3332,51.919571,-2.749883,-70.110153,0.34584001,-0.26901099,-0.52486098
154.1345,6670.3533,51.732224,-2.416632,-70.285172,0.34574601,-0.26658401,-0.52535403
154.1487,6670.3733,51.431828,-2.005316,-70.631027,0.34489399,-0.263661,-0.52693999
154.175,6670.3933,51.093109,-1.394907,-71.038116,0.34459299,-0.25946301,-0.528409
154.2095,6670.4133,50.834869,-0.672096,-71.269089,0.34574801,-0.254365,-0.528256
154.2109,6670.4334,50.703766,-0.036767,-71.176964,0.348032,-0.24941801,-0.52602601
154.2272,6670.4534,50.596375,0.204919,-70.805679,0.34925199,-0.246244,-0.523139
154.2448,6670.4734,50.400967,0.033679,-70.331299,0.34823,-0.245012,-0.52102399
154.2658,6670.4935,50.170662,-0.309492,-69.897926,0.34610799,-0.244873,-0.51975101
154.2885,6670.5135,50.081486,-0.640122,-69.495079,0.34489301,-0.245399,-0.51832402
154.3071,6670.5335,50.141369,-1.066772,-69.02594,0.344365,-0.247024,-0.51643997
154.3259,6670.5535,50.195568,-1.616814,-68.518578,0.343344,-0.24931601,-0.51468498
154.3499,6670.5735,50.15554,-2.013934,-68.054512,0.34231201,-0.25033599,-0.512932
154.3701,6670.5935,49.959187,-2.057017,-67.693237,0.341611,-0.24868301,-0.51108599
154.4123,6670.6135,49.63615,-1.951853,-67.397278,0.340581,-0.24571,-0.50945902
154.4179,6670.6335,49.418949,-1.87348,-67.13855,0.34004101,-0.243485,-0.50794399
154.4319,6670.6535,49.418854,-1.914627,-66.888962,0.340388,-0.24301399,-0.50642502
154.4478,6670.6735,49.522045,-1.924726,-66.724701,0.341378,-0.243037,-0.50517797
154.4719,6670.6935,49.508163,-1.768164,-66.711258,0.342004,-0.241906,-0.50464898
154.4881,6670.7135,49.32999,-1.433748,-66.763519,0.34218201,-0.239088,-0.504336
154.5124,6670.7335,49.096886,-1.131099,-66.871223,0.34174201,-0.236402,-0.50459301
154.5315,6670.7535,48.967991,-1.008462,-66.922607,0.34132001,-0.235184,-0.504816
154.5548,6670.7735,49.0056,-0.937968,-66.936386,0.34185201,-0.23492301,-0.50462401
154.5748,6670.7935,48.96846,-0.852589,-66.958099,0.34193701,-0.234262,-0.50458503
154.5921,6670.8135,48.601143,-0.518174,-67.162125,0.34055901,-0.231052,-0.50565499
154.6111,6670.8335,47.971504,0.370384,-67.599052,0.33944601,-0.223682,-0.50715703
154.6375,6670.8535,47.378876,1.598822,-68.225563,0.33978,-0.214728,-0.50887603
154.6519,6670.8735,47.065899,2.693294,-68.905685,0.34133899,-0.20805299,-0.51079601
154.6703,6670.8935,47.009975,3.441336,-69.480476,0.343279,-0.204547,-0.51249701
154.6926,6670.9135,47.12233,3.779993,-69.912979,0.34475499,-0.204125,-0.514099
154.7079,6670.9335,47.501656,3.71768,-70.102386,0.34659299,-0.206882,-0.514696
154.7301,6670.9534,47.883583,3.760906,-70.058876,0.34933501,-0.20825,-0.51342303
154.7472,6670.9734,47.887848,3.760425,-69.817764,0.34979799,-0.20753799,-0.51182401
154.7666,6670.9934,47.608021,3.4952,-69.432755,0.347496,-0.20682,-0.51070702
154.7878,6671.0134,47.233559,2.996353,-69.24585,0.34316999,-0.20783,-0.51178902
154.8084,6671.0334,47.01284,2.195247,-69.099495,0.33840999,-0.211688,-0.51367098
154.8343,6671.0534,47.198242,1.484154,-68.867981,0.336871,-0.216565,-0.51384699
154.8475,6671.0734,47.649536,1.045417,-68.392532,0.338783,-0.22011501,-0.51106697
154.8678,6671.0934,48.016197,0.771383,-67.8293,0.34106901,-0.22190601,-0.50740302
154.8943,6671.1134,48.239876,0.560156,-67.44062,0.34236899,-0.22314399,-0.50500399
154.9241,6671.1334,48.45694,0.241584,-67.177803,0.34291801,-0.225431,-0.50377798
154.9365,6671.1535,48.795181,-0.246351,-67.00135,0.343366,-0.229623,-0.503398
154.9589,6671.1735,49.138672,-0.883544,-66.774857,0.34330601,-0.234659,-0.50313503
154.9664,6671.1935,49.353565,-1.434493,-66.368439,0.34315801,-0.238013,-0.50168401
154.9856,6671.2135,49.364422,-1.805371,-65.843094,0.342704,-0.238942,-0.49929699
155.0116,6671.2336,49.151531,-1.96772,-65.420105,0.341452,-0.23785201,-0.497372
155.0258,6671.2536,48.967854,-2.073229,-65.145203,0.34033,-0.236959,-0.49619499
155.0448,6671.2736,48.886959,-2.159279,-65.040741,0.33962899,-0.236881,-0.495902
155.0687,6671.2937,48.920227,-2.257456,-64.906151,0.33970699,-0.237276,-0.49523601
155.0856,6671.3137,49.129444,-2.391667,-64.731384,0.34090099,-0.238529,-0.494093
155.1277,6671.3337,49.250603,-2.423436,-64.491852,0.34208,-0.23853201,-0.49237299
155.1309,6671.3537,49.059036,-2.342033,-64.137283,0.341869,-0.23613399,-0.49010599
155.1457,6671.3738,48.877781,-2.091156,-63.810089,0.342381,-0.23272499,-0.48748901
155.1655,6671.3938,48.820702,-1.746884,-63.588474,0.34390199,-0.229513,-0.48507199
155.1907,6671.4138,48.918343,-1.601979,-63.394482,0.34556401,-0.228358,-0.48315501
155.2078,6671.4339,49.361137,-1.542051,-63.35648,0.348894,-0.22966699,-0.481915
155.2259,6671.4539,49.69313,-1.559174,-63.279263,0.35122499,-0.230913,-0.48084199
155.2499,6671.4739,49.785351,-1.478053,-63.037472,0.35267499,-0.230003,-0.47879899
155.2681,6671.4939,49.732918,-1.441792,-62.719578,0.35310701,-0.22856601,-0.47664401
155.2862,6671.514,49.772934,-1.528986,-62.324692,0.35380399,-0.228099,-0.47417799
155.3104,6671.534,50.098133,-1.979614,-62.00914,0.35478699,-0.231475,-0.47285801
155.3251,6671.554,50.047585,-2.553769,-61.642651,0.352819,-0.234014,-0.47224799
155.3452,6671.5741,49.367489,-2.627493,-61.23634,0.34868199,-0.23056699,-0.47089499
155.3677,6671.5941,48.84827,-2.306523,-61.07172,0.34675899,-0.225826,-0.469684
155.3853,6671.6141,48.637253,-1.863737,-61.090034,0.347085,-0.22202501,-0.46882799
155.4053,6671.6341,48.451763,-1.638545,-61.016525,0.34687099,-0.21952499,-0.46796301
155.427,6671.6542,48.300858,-1.593565,-60.728168,0.34656501,-0.21774299,-0.46611401
155.4454,6671.6742,48.25391,-1.505546,-60.254642,0.34749299,-0.21551999,-0.46268201
155.4656,6671.6942,48.28344,-1.246271,-59.700424,0.34977299,-0.21216699,-0.45803201
155.493,6671.7143,48.343224,-0.996877,-59.024166,0.35242,-0.208608,-0.45249999
155.5127,6671.7343,48.382145,-1.044489,-58.193378,0.354009,-0.20652799,-0.44682699
155.528,6671.7542,48.373428,-1.310716,-57.266857,0.35458201,-0.20548099,-0.44122201
155.5471,6671.7742,48.34536,-1.659139,-56.287079,0.35480601,-0.204776,-0.43550599
155.5649,6671.7942,48.30154,-2.104474,-55.478306,0.35425901,-0.20523199,-0.43128601
155.591,6671.8142,48.1502,-2.286217,-54.785175,0.353742,-0.20381901,-0.427205
155.6096,6671.8342,47.977253,-2.341749,-54.099251,0.35351801,-0.20147499,-0.422795
155.6346,6671.8542,47.855663,-2.290462,-53.469727,0.353937,-0.19873799,-0.418358
155.6454,6671.8742,47.577068,-2.041818,-53.048298,0.353569,-0.194691,-0.41499999
155.6694,6671.8942,47.277584,-1.812621,-52.774982,0.352707,-0.191165,-0.41277799
155.689,6671.9142,47.065624,-1.663725,-52.511211,0.352155,-0.188549,-0.410741
155.7054,6671.9342,47.025589,-1.578551,-52.075169,0.35288399,-0.18645801,-0.40741399
155.7304,6671.9542,47.070522,-1.550291,-51.439583,0.35433701,-0.184449,-0.40270099
155.7474,6671.9742,47.033695,-1.609185,-50.774033,0.354931,-0.182688,-0.39814499
155.7663,6671.9942,46.995583,-1.680877,-50.234028,0.35526401,-0.181403,-0.39452299
155.7935,6672.0142,47.083206,-1.900724,-49.863129,0.355735,-0.182134,-0.39240599
155.805,6672.0342,47.28046,-2.218455,-49.567299,0.356558,-0.184163,-0.390991
155.825,6672.0542,47.436684,-2.647294,-49.174778,0.35687199,-0.186552,-0.38928401
155.8473,6672.0742,47.602497,-3.156092,-48.546501,0.357391,-0.18880799,-0.38611501
155.868,6672.0942,47.722054,-3.740891,-47.805653,0.35753399,-0.191109,-0.382429
155.8936,6672.1142,47.736824,-4.468975,-47.018162,0.356547,-0.19398101,-0.37897
155.9199,6672.1342,47.743057,-5.31444,-46.329266,0.35498399,-0.198,-0.37658599
155.9255,6672.1542,47.732292,-6.04137,-45.803471,0.35343701,-0.201625,-0.37502301
155.9499,6672.1741,47.641766,-6.287771,-45.450802,0.35258201,-0.202067,-0.37330499
155.9709,6672.1941,47.263752,-6.051258,-45.365608,0.35069099,-0.198984,-0.37232
155.993,6672.2141,46.426563,-5.862432,-45.440479,0.344942,-0.19538701,-0.373092
156.0134,6672.2341,45.380291,-6.044268,-45.734875,0.336034,-0.19451199,-0.37676501
156.0295,6672.2541,44.66465,-6.124448,-46.236168,0.32956499,-0.194423,-0.381329
156.0534,6672.2741,44.514961,-5.741754,-46.748962,0.32885799,-0.192634,-0.384132
156.0736,6672.2941,44.626476,-5.010757,-47.205379,0.331384,-0.18892901,-0.38526601
156.089,6672.3141,44.744556,-4.288451,-47.54414,0.33413899,-0.184985,-0.38552999
156.1379,6672.3341,44.829853,-3.792563,-47.758678,0.336097,-0.182247,-0.38556001
156.1393,6672.3541,44.905762,-3.570572,-47.837124,0.337282,-0.181091,-0.385398
156.1507,6672.3741,45.04406,-3.675633,-47.715336,0.33814701,-0.18194,-0.38466099
156.185,6672.3942,45.233677,-4.158114,-47.492222,0.338292,-0.18541101,-0.38424301
156.1941,6672.4142,45.416943,-4.874341,-47.26651,0.33761999,-0.19055501,-0.38451001
156.2099,6672.4342,45.46109,-5.505446,-47.222599,0.33590001,-0.195173,-0.38599899
156.2261,6672.4542,45.362606,-5.78894,-47.346889,0.33399799,-0.197303,-0.38783199
156.2506,6672.4743,45.289608,-5.808528,-47.567406,0.333009,-0.197863,-0.38956901
156.2686,6672.4943,45.237427,-5.664299,-47.840439,0.33264199,-0.19744299,-0.39119199
156.2912,6672.5143,45.16431,-5.46426,-48.03548,0.33244801,-0.19632301,-0.392106
156.3059,6672.5344,45.122807,-5.377778,-48.142067,0.33225399,-0.19587199,-0.392674
156.3323,6672.5544,45.108475,-5.368126,-48.139545,0.332185,-0.195749,-0.39264199
156.3517,6672.5744,45.034462,-5.337292,-48.106045,0.331799,-0.195195,-0.39238399
156.3688,6672.5944,44.875401,-5.258099,-48.093716,0.33091101,-0.19408201,-0.39222699
156.3906,6672.6145,44.682285,-5.077872,-48.149384,0.330001,-0.19231901,-0.39231101
156.4127,6672.6345,44.528954,-4.880114,-48.223595,0.32941601,-0.190603,-0.39244199
156.4376,6672.6545,44.785297,-4.825904,-48.220207,0.33150899,-0.191009,-0.391994
156.456,6672.6746,45.19762,-4.958878,-48.0467,0.33440199,-0.19277599,-0.390683
156.4726,6672.6946,45.703327,-5.199947,-47.746826,0.33783701,-0.195235,-0.38867801
156.5071,6672.7146,46.196911,-5.473657,-47.32666,0.34128901,-0.19750801,-0.38592201
156.5229,6672.7346,46.625061,-5.644452,-46.917549,0.344596,-0.19883201,-0.383021
156.5283,6672.7547,47.040291,-5.502574,-46.636787,0.34863099,-0.19820499,-0.38012701
156.5538,6672.7747,47.438774,-5.086951,-46.476582,0.35322899,-0.19588999,-0.37727401
156.5729,6672.7947,47.737198,-4.651484,-46.417213,0.35696501,-0.193437,-0.37517199
156.5877,6672.8148,47.885422,-4.212131,-46.502186,0.35935301,-0.190955,-0.37425199
156.607,6672.8348,47.820805,-3.672043,-46.780411,0.36018199,-0.187704,-0.374654
156.6304,6672.8548,47.492935,-3.276224,-47.326733,0.358179,-0.185525,-0.37777501
156.6486,6672.8748,47.085114,-3.06048,-48.079937,0.35468099,-0.185018,-0.38307399
156.6689,6672.8949,46.937637,-2.539881,-48.906204,0.35402301,-0.183321,-0.387647
156.6967,6672.9149,47.144863,-1.520555,-49.537521,0.35799199,-0.178573,-0.38878199
156.7182,6672.9349,47.357906,-0.432101,-49.872471,0.36271399,-0.172454,-0.387485
156.7291,6672.955,47.268826,0.270951,-49.9706,0.36429599,-0.167371,-0.38609701
156.771,6672.975,46.991882,0.516732,-49.75666,0.363424,-0.16397101,-0.38417801
156.7809,6672.9949,46.804779,0.478755,-49.372799,0.36248499,-0.16240101,-0.38178399
156.7883,6673.0149,46.809349,0.188023,-49.033356,0.36203399,-0.163461,-0.38022301
156.8154,6673.0349,46.873611,-0.23781,-48.845516,0.36136001,-0.16618501,-0.380106
156.8301,6673.0549,46.898586,-0.504473,-48.689629,0.36088499,-0.16771901,-0.37977499
156.8531,6673.0749,46.91922,-0.471999,-48.557789,0.36133599,-0.167135,-0.378683
156.8727,6673.0949,46.941746,-0.270859,-48.41547,0.36237001,-0.16529199,-0.37697801
156.8922,6673.1149,46.926643,-0.063718,-48.284054,0.36312801,-0.163314,-0.375384
156.9101,6673.1349,46.953701,0.122647,-48.088215,0.36421201,-0.161419,-0.37332299
156.9318,6673.1549,47.076485,0.112948,-47.893715,0.365352,-0.16127101,-0.371757
156.9515,6673.1749,47.245682,0.028391,-47.754662,0.36651099,-0.161994,-0.37077001
156.9692,6673.1949,47.36285,-0.166068,-47.609646,0.366945,-0.16333,-0.37016699
156.9881,6673.2149,47.349831,-0.433734,-47.536724,0.36608899,-0.165011,-0.37050799
157.0141,6673.2349,47.245766,-0.664992,-47.533623,0.36458299,-0.16635799,-0.37136599
157.0337,6673.2549,47.202652,-0.937121,-47.569893,0.36333099,-0.16832399,-0.372554
157.0598,6673.2749,47.267078,-1.197897,-47.631863,0.36286199,-0.17062999,-0.37374601
157.0793,6673.2949,47.375805,-1.559426,-47.640614,0.36246499,-0.17364199,-0.37481001
157.0905,6673.3149,47.415997,-2.045988,-47.632919,0.361177,-0.17729101,-0.37623799
157.112,6673.3349,47.299358,-2.587574,-47.645218,0.35851899,-0.180904,-0.378176
157.1344,6673.3549,47.122765,-3.1092,-47.683094,0.35543501,-0.18426199,-0.380294
157.1482,6673.375,47.024582,-3.549481,-47.704887,0.35321301,-0.187223,-0.38193101
157.1696,6673.395,47.094364,-3.88131,-47.709915,0.35261101,-0.189869,-0.38290799
157.1865,6673.415,47.1838,-4.102499,-47.743668,0.35247299,-0.19185799,-0.38372999
157.2067,6673.435,47.051861,-4.182674,-47.915298,0.350945,-0.192554,-0.385373
157.2327,6673.4551,46.61694,-4.112885,-48.321453,0.34729901,-0.191916,-0.388607
157.2496,6673.4751,46.05431,-4.206867,-48.91835,0.34183699,-0.1926,-0.393866
157.27,6673.4951,45.66515,-4.584256,-49.502281,0.336678,-0.19580901,-0.39965701
157.2965,6673.5152,45.642765,-4.895417,-49.970989,0.33461401,-0.199359,-0.403983
157.3083,6673.5352,45.925404,-4.993039,-50.288414,0.335787,-0.20191599,-0.406241
157.3275,6673.5552,46.218914,-4.986917,-50.514015,0.33755901,-0.20349801,-0.40751299
157.3494,6673.5752,46.339359,-4.890662,-50.71397,0.33842701,-0.203793,-0.40852699
157.3823,6673.5953,46.335247,-4.806565,-50.763931,0.338608,-0.20332301,-0.40864199
157.3939,6673.6153,46.369991,-5.011837,-50.65947,0.33831599,-0.204603,-0.40845799
157.4171,6673.6353,46.462078,-5.49089,-50.472588,0.33761799,-0.207792,-0.408425
157.4382,6673.6554,46.488232,-6.049616,-50.323734,0.33608899,-0.211447,-0.40897101
157.4601,6673.6754,46.469082,-6.548221,-50.302959,0.334205,-0.21489801,-0.410301
157.4732,6673.6954,46.473812,-6.920394,-50.40258,0.33271599,-0.217867,-0.412092
157.5003,6673.7154,46.500057,-7.062784,-50.595001,0.332028,-0.219528,-0.413854
157.5167,6673.7355,46.50787,-7.052909,-50.791546,0.33174399,-0.220052,-0.41522101
157.5435,6673.7555,46.459736,-7.012788,-51.020729,0.33109701,-0.220272,-0.41679001
157.5518,6673.7755,46.389252,-6.874796,-51.303829,0.33054101,-0.21987499,-0.418484
157.5739,6673.7956,46.334572,-6.73326,-51.578476,0.33013299,-0.219478,-0.420091
157.5898,6673.8156,46.210381,-6.573124,-51.858356,0.32927999,-0.218731,-0.42175701
157.6113,6673.8356,46.012501,-6.379973,-52.049713,0.32818499,-0.217244,-0.42278099
157.6353,6673.8556,45.826035,-6.31692,-52.171917,0.32682699,-0.216518,-0.423675
157.6512,6673.8757,45.910023,-6.395649,-52.184147,0.32712501,-0.21739601,-0.423895
157.6697,6673.8957,46.24979,-6.549256,-52.089794,0.32921299,-0.219358,-0.42329299
157.6937,6673.9157,46.614902,-6.654922,-51.975254,0.33170199,-0.22099601,-0.42238501
157.7178,6673.9357,46.982307,-6.725964,-51.79715,0.33445901,-0.222201,-0.42092499
157.7365,6673.9557,47.349102,-6.891478,-51.566368,0.33697,-0.22390699,-0.41937199
157.7506,6673.9757,47.685242,-7.221857,-51.320316,0.33869201,-0.226621,-0.418239
157.7721,6673.9957,48.02874,-7.442384,-51.263908,0.340498,-0.229128,-0.41812599
157.7952,6674.0157,48.287773,-6.984442,-51.69717,0.34318799,-0.228027,-0.41953799
157.8127,6674.0357,48.300644,-5.860075,-52.597458,0.34564099,-0.222845,-0.42249399
157.8361,6674.0557,48.040737,-4.616994,-53.608479,0.34643799,-0.216252,-0.426193
157.8504,6674.0757,47.624466,-3.625504,-54.569626,0.34537399,-0.21070901,-0.43053201
157.87,6674.0957,47.254059,-3.317671,-55.343922,0.342475,-0.209537,-0.43557599
157.8956,6674.1157,47.028172,-3.457138,-55.951778,0.33921701,-0.211502,-0.44058001
157.9095,6674.1357,47.086086,-3.401619,-56.365051,0.33907801,-0.212549,-0.44322899
157.9373,6674.1557,47.357944,-2.986212,-56.513805,0.342336,-0.211089,-0.44263899
157.9621,6674.1757,47.570713,-2.486092,-56.481319,0.345828,-0.208281,-0.44059199
157.9724,6674.1957,47.575748,-2.38136,-56.304604,0.34658599,-0.20703299,-0.439031
157.9891,6674.2156,47.455696,-2.626186,-56.001003,0.345348,-0.207389,-0.43782201
158.0123,6674.2356,47.347111,-2.753722,-55.687859,0.344657,-0.20694301,-0.43616799
158.0342,6674.2556,47.232716,-2.83236,-55.406631,0.34405199,-0.20623399,-0.43459401
158.0533,6674.2756,47.080997,-3.055085,-55.07069,0.34273201,-0.20624501,-0.43311301
158.0834,6674.2956,46.98119,-3.35681,-54.602375,0.34172499,-0.206616,-0.43085
158.0933,6674.3156,46.981102,-3.567102,-54.125111,0.34179699,-0.206679,-0.42810401
158.1197,6674.3356,46.976421,-3.719346,-53.678165,0.342002,-0.206407,-0.42539999
158.1414,6674.3556,46.943268,-3.807247,-53.244446,0.34221801,-0.20562001,-0.42263001
158.163,6674.3756,46.95203,-3.798208,-52.828732,0.34305799,-0.20434301,-0.41963699
158.1674,6674.3956,47.045502,-3.781539,-52.448032,0.34447101,-0.20340399,-0.41675499
158.2057,6674.4156,47.211643,-3.82093,-52.14983,0.34605801,-0.203354,-0.41453299
158.2146,6674.4356,47.358604,-3.912252,-51.970325,0.34711,-0.203962,-0.41334
158.2287,6674.4557,47.448044,-3.998876,-51.844524,0.34766901,-0.204501,-0.41259101
158.2504,6674.4757,47.488213,-4.040562,-51.840321,0.347817,-0.20492101,-0.41263601
158.2675,6674.4957,47.469006,-3.983331,-51.932804,0.34771901,-0.20472901,-0.41314599
158.2871,6674.5157,47.468208,-3.884122,-52.107185,0.34775999,-0.204549,-0.41408801
158.3201,6674.5358,47.527241,-3.810182,-52.299618,0.34810999,-0.204808,-0.41515601
158.3326,6674.5558,47.572613,-3.825869,-52.457848,0.348097,-0.20555501,-0.416269
158.3487,6674.5758,47.605488,-3.968532,-52.557922,0.347635,-0.206985,-0.41736999
158.3754,6674.5959,47.600815,-4.157891,-52.590015,0.34685299,-0.20841099,-0.41817799
158.3926,6674.6159,47.596603,-4.322131,-52.52589,0.34634,-0.20936801,-0.41822499
158.4096,6674.6359,47.554981,-4.531764,-52.390808,0.34552199,-0.210306,-0.417952
158.4327,6674.6559,47.476433,-4.745471,-52.231625,0.344468,-0.211078,-0.417564
158.4484,6674.676,47.333393,-4.941292,-52.257599,0.34267101,-0.212063,-0.418513
158.474,6674.696,47.111,-5.1645,-52.569469,0.33966401,-0.21382201,-0.421664
158.4922,6674.716,46.749832,-5.318137,-53.120445,0.33545199,-0.21530101,-0.42646301
158.5199,6674.736,46.569336,-5.350162,-53.651531,0.33302799,-0.216454,-0.430536
158.5378,6674.7561,46.727291,-5.182813,-54.037971,0.334066,-0.21694601,-0.43258399
158.5608,6674.7761,47.0821,-4.893519,-54.339165,0.33713999,-0.217033,-0.433411
158.5738,6674.7961,47.378113,-4.661392,-54.627384,0.33959499,-0.21729501,-0.43436801
158.5906,6674.8162,47.515789,-4.478483,-54.904205,0.340749,-0.21732,-0.43558601
158.6143,6674.8362,47.566044,-4.462133,-55.177406,0.34065101,-0.218197,-0.43738601
158.6288,6674.8562,47.615402,-4.701189,-55.347134,0.339764,-0.220552,-0.43921801
158.6506,6674.8763,47.637157,-5.064027,-55.435184,0.338355,-0.223427,-0.440878
158.6705,6674.8963,47.609215,-5.382604,-55.474625,0.336851,-0.225669,-0.44212899
158.6965,6674.9163,47.528908,-5.57218,-55.521446,0.335453,-0.226843,-0.44311601
158.7159,6674.9363,47.475224,-5.717196,-55.574158,0.33440399,-0.227818,-0.443977
158.7372,6674.9564,47.487514,-5.88174,-55.687061,0.333628,-0.22933801,-0.44522801
158.7549,6674.9764,47.496269,-6.037728,-55.780113,0.33289701,-0.230727,-0.44631901
158.7779,6674.9965,47.501617,-6.141447,-55.885971,0.33231699,-0.231775,-0.44735
158.7985,6675.0165,47.553371,-6.180846,-56.03603,0.332228,-0.232669,-0.44844201
158.8224,6675.0365,47.590961,-6.172174,-56.249359,0.33209601,-0.233362,-0.44985101
158.8322,6675.0566,47.559498,-6.091873,-56.483997,0.33171001,-0.233371,-0.451287
158.8533,6675.0766,47.51918,-5.940414,-56.715862,0.33154899,-0.23284601,-0.45250899
158.8743,6675.0966,47.520699,-5.791521,-56.889423,0.33179599,-0.23232201,-0.45327899
158.8958,6675.1167,47.574539,-5.606737,-56.970879,0.332744,-0.231474,-0.45323601
158.9246,6675.1367,47.75399,-5.49929,-56.953548,0.33447599,-0.231335,-0.45256299
158.9343,6675.1567,48.066486,-5.411128,-56.856667,0.33723301,-0.23158,-0.45121101
158.9501,6675.1767,48.294582,-5.286315,-56.712193,0.33963001,-0.23111901,-0.44953099
158.9781,6675.1968,48.397762,-5.187823,-56.59866,0.34097499,-0.23047499,-0.448311
158.9921,6675.2168,48.80759,-5.229654,-56.522236,0.34386501,-0.23202001,-0.447341
159.0116,6675.2368,49.186844,-5.23153,-56.536068,0.34650901,-0.23344401,-0.44691399
159.0325,6675.2569,49.464935,-5.030703,-56.508663,0.349309,-0.232978,-0.445723
159.0501,6675.2769,49.596127,-4.674052,-56.46241,0.35171199,-0.230849,-0.444125
159.0699,6675.2969,49.416664,-4.064187,-56.595913,0.35254401,-0.226395,-0.443436
159.0967,6675.3169,49.025867,-3.540539,-56.850197,0.35132501,-0.222121,-0.44417101
159.1181,6675.337,48.565212,-3.421144,-57.224384,0.34782699,-0.220733,-0.44709399
159.1343,6675.357,48.313225,-3.381265,-57.685413,0.34532401,-0.220911,-0.45054701
159.1523,6675.377,48.431618,-2.864969,-57.957443,0.34766299,-0.21860699,-0.45068601
159.1692,6675.3971,48.736233,-2.189276,-57.836231,0.352671,-0.21471199,-0.44729999
159.1899,6675.4171,48.950966,-1.863513,-57.409081,0.356233,-0.211943,-0.442985
159.2118,6675.4371,49.005322,-2.061095,-56.788467,0.35699999,-0.211587,-0.43920201
159.2322,6675.4571,49.095287,-2.498587,-56.127666,0.35718599,-0.212905,-0.43582499
159.2484,6675.4772,49.242554,-2.986265,-55.482735,0.35758001,-0.214828,-0.432625
159.2802,6675.4972,49.289017,-3.51462,-55.001076,0.35682601,-0.21718,-0.43084201
159.2948,6675.5172,49.22995,-3.793618,-54.80357,0.35573399,-0.21830399,-0.43041599
159.3092,6675.5373,49.157536,-3.756544,-54.749134,0.355463,-0.21762,-0.43002501
159.3337,6675.5573,49.09642,-3.586582,-54.6408,0.35587099,-0.21587899,-0.428828
159.3494,6675.5773,49.070648,-3.437116,-54.408257,0.356682,-0.214018,-0.426772
159.3736,6675.5973,49.092068,-3.416152,-54.086849,0.35751101,-0.212945,-0.424422
159.3985,6675.6173,49.129063,-3.661423,-53.670525,0.35764301,-0.213497,-0.42221099
159.4164,6675.6373,49.26815,-4.195962,-53.125385,0.357694,-0.216033,-0.419855
159.4296,6675.6573,49.556084,-4.755944,-52.549599,0.358803,-0.219148,-0.41716999
159.4552,6675.6773,49.83588,-5.148787,-52.073341,0.36029899,-0.221352,-0.41468799
159.472,6675.6973,49.989826,-5.394933,-51.761269,0.36111999,-0.22261,-0.41307101
159.4919,6675.7173,50.048042,-5.458992,-51.725433,0.361377,-0.223139,-0.412947
159.5119,6675.7374,50.117546,-5.481137,-51.742123,0.36176401,-0.22357599,-0.413046
159.5314,6675.7574,50.23597,-5.408609,-51.791027,0.36278,-0.22361,-0.41300899
159.5519,6675.7774,50.27021,-5.239084,-51.958828,0.36331001,-0.22306401,-0.41360599
159.5748,6675.7975,50.25383,-5.24475,-52.307884,0.36249101,-0.22415499,-0.41609401
159.61,6675.8175,50.259808,-5.233447,-52.724804,0.36175701,-0.22541299,-0.41896999
159.6227,6675.8375,50.170071,-5.012411,-53.108383,0.361173,-0.224775,-0.42107499
159.6405,6675.8575,50.036835,-4.587914,-53.476086,0.36106801,-0.22251301,-0.42248899
159.6787,6675.8776,49.781815,-3.789698,-53.968258,0.361256,-0.217602,-0.42377299
159.6816,6675.8976,49.20137,-2.594979,-54.843128,0.35994199,-0.209943,-0.426992
159.6967,6675.9176,48.414883,-1.459657,-56.048473,0.35647601,-0.202896,-0.43310601
159.7177,6675.9377,47.653214,-0.51648,-57.25922,0.35260001,-0.19717801,-0.43990299
159.7357,6675.9577,47.091167,-0.080525,-58.224094,0.348699,-0.19491699,-0.44625801
159.754,6675.9777,46.929554,-0.044511,-58.705593,0.34689099,-0.19549599,-0.44978499
159.7714,6675.9977,47.131031,-0.147964,-58.658108,0.34797201,-0.196863,-0.44942501
159.7913,6676.0178,47.454453,-0.573192,-58.045242,0.34962901,-0.19922,-0.44589999
159.8134,6676.0378,47.737579,-1.225087,-57.088993,0.350766,-0.201933,-0.44074899
159.8313,6676.0578,47.853424,-2.1558,-56.010792,0.34994,-0.205585,-0.435864
159.8569,6676.0779,47.920097,-3.105324,-55.040604,0.348575,-0.209534,-0.43184999
159.8916,6676.0979,47.893696,-4.016467,-54.411564,0.346122,-0.213938,-0.43022799
159.9034,6676.1179,47.886406,-4.837156,-54.186684,0.34340999,-0.21900401,-0.431126
159.9222,6676.1379,47.980354,-5.266652,-54.181519,0.342475,-0.222332,-0.432253
159.9404,6676.158,48.037952,-5.354157,-54.291119,0.34234399,-0.223474,-0.433209
159.9543,6676.178,48.002197,-5.029359,-54.529476,0.34285399,-0.22178499,-0.43395501
159.9713,6676.198,48.005116,-4.531519,-54.850468,0.34414399,-0.21926901,-0.434708
159.9932,6676.2181,48.087025,-4.045762,-55.283642,0.34574801,-0.217464,-0.43616599
160.0169,6676.2381,48.249004,-3.706783,-55.735416,0.34733501,-0.217044,-0.43806899
160.0408,6676.2581,48.479439,-3.477478,-55.998081,0.349347,-0.217079,-0.43887001
160.0614,6676.2781,48.58812,-3.378858,-56.088291,0.35032201,-0.217062,-0.439037
160.0795,6676.2981,48.389908,-3.381195,-56.101482,0.348887,-0.216396,-0.43942899
160.0914,6676.3181,48.126343,-3.454262,-56.122047,0.34670299,-0.216006,-0.44018099
160.1219,6676.3381,48.037148,-3.582435,-56.189674,0.345451,-0.21677899,-0.44117001
160.1409,6676.3581,48.008846,-3.751086,-56.162758,0.344652,-0.21777099,-0.441531
160.1502,6676.3781,47.957119,-3.85223,-56.006405,0.34419301,-0.21781801,-0.44081801
160.1741,6676.3981,48.064209,-3.864211,-55.755169,0.345384,-0.21753401,-0.43894699
160.1925,6676.4181,48.341541,-3.809979,-55.623695,0.34780899,-0.21776,-0.43746901
160.2127,6676.4381,48.55579,-3.892332,-55.512688,0.349226,-0.218769,-0.436638
160.2348,6676.4581,48.753593,-3.873174,-55.476761,0.35077,-0.219236,-0.43604499
160.2509,6676.4781,48.922192,-3.764361,-55.507225,0.35231999,-0.21917599,-0.43568
160.2982,6676.4981,49.133125,-3.672215,-55.669113,0.35385299,-0.21979199,-0.436216
160.3001,6676.5181,49.290482,-3.513431,-56.05571,0.35482699,-0.220452,-0.43818
160.3202,6676.5381,49.242897,-3.393183,-56.628868,0.35384899,-0.22121599,-0.441856
160.3292,6676.5581,49.115128,-3.318412,-57.198318,0.35214001,-0.221982,-0.44576299
160.3522,6676.5781,48.997478,-3.234725,-57.683167,0.35070199,-0.222453,-0.449038
160.3701,6676.5981,48.891533,-3.265488,-57.992561,0.34923801,-0.223213,-0.45143101
160.3935,6676.6181,48.856133,-3.370442,-58.097713,0.348371,-0.224123,-0.45253
160.4137,6676.6381,49.102169,-3.677895,-57.955166,0.349159,-0.22673,-0.45210499
160.4319,6676.658,49.599915,-4.101292,-57.645237,0.35159299,-0.230547,-0.45050901
160.4626,6676.678,50.085014,-4.588838,-57.240788,0.35389799,-0.23443501,-0.44850299
160.4757,6676.698,50.500473,-5.1889,-56.762424,0.35545501,-0.23857801,-0.44646701
160.4913,6676.718,50.825584,-5.877592,-56.332436,0.35596299,-0.24312501,-0.44519299
160.5119,6676.738,51.069149,-6.42605,-56.166847,0.35589901,-0.247224,-0.44542399
160.5334,6676.758,51.434299,-6.648077,-56.320408,0.35726801,-0.25049999,-0.446659
160.5566,6676.778,51.806358,-6.704271,-56.434551,0.359409,-0.252545,-0.44709501
160.5771,6676.798,51.767208,-6.944578,-56.437786,0.35818899,-0.25405201,-0.44792399
160.5988,6676.818,51.326813,-7.534122,-56.40691,0.35285401,-0.25642401,-0.45013899
160.6213,6676.838,51.003719,-7.960395,-56.436779,0.34883401,-0.25828701,-0.45207
160.6499,6676.858,50.976555,-8.082583,-56.456398,0.34811601,-0.259083,-0.45260999
160.6657,6676.878,51.115318,-7.871808,-56.491623,0.34984601,-0.258241,-0.45202801
160.6851,6676.898,51.228561,-7.678506,-56.613998,0.35113001,-0.257698,-0.45212001
160.6948,6676.918,51.352467,-7.896907,-56.714138,0.350912,-0.25992,-0.45330501
160.7188,6676.938,51.43713,-8.549747,-56.705696,0.348939,-0.26461199,-0.45513201
160.7318,6676.958,51.523815,-9.29094,-56.550674,0.34696299,-0.26945099,-0.45622599
160.7505,6676.978,51.822079,-9.87655,-56.351978,0.347204,-0.27382001,-0.45629701
160.7719,6676.998,51.924232,-10.325039,-56.142498,0.34664199,-0.276553,-0.45612299
160.7902,6677.018,52.006996,-10.539723,-56.152348,0.346347,-0.27830601,-0.45674199
160.8119,6677.038,52.184307,-10.570404,-56.273182,0.34718099,-0.279475,-0.457441
160.8318,6677.058,52.310982,-10.391463,-56.427814,0.34841099,-0.27917099,-0.45778701
160.8503,6677.078,52.345234,-10.110929,-56.687531,0.34914199,-0.27819601,-0.45863399
160.8714,6677.0979,52.462147,-10.291192,-56.894428,0.34873599,-0.28043199,-0.46042699
160.8951,6677.1179,52.654587,-11.061172,-56.912575,0.34694099,-0.28628299,-0.46265599
160.911,6677.1379,52.746906,-11.606112,-57.084423,0.34494999,-0.290741,-0.46533799
160.9292,6677.1579,52.480686,-11.554907,-57.397835,0.34249499,-0.29043901,-0.46757299
160.9505,6677.1779,52.210514,-11.326575,-57.874031,0.34033,-0.289417,-0.47036999
160.9725,6677.1979,51.864407,-11.152087,-58.465614,0.33713299,-0.28880799,-0.47419
160.9908,6677.2179,51.507381,-11.135064,-59.045818,0.333244,-0.28913799,-0.47841299
161.0135,6677.2379,51.380779,-11.187523,-59.562611,0.33083299,-0.29053301,-0.48213699
161.0327,6677.2579,51.486061,-11.265918,-59.939171,0.33027801,-0.29251301,-0.484721
161.0736,6677.2779,51.77948,-11.423068,-60.090485,0.33126599,-0.29503599,-0.48581299
161.0836,6677.2979,52.157677,-11.574084,-60.081406,0.33327699,-0.297353,-0.485728
161.0931,6677.3179,52.449154,-11.716308,-59.990047,0.33493599,-0.29905701,-0.48518699
161.1126,6677.3379,52.595448,-11.842969,-59.926289,0.33558199,-0.30021799,-0.484961
161.142,6677.3579,52.601814,-11.979342,-59.923515,0.33505601,-0.30112401,-0.48533401
161.1622,6677.3779,52.50803,-12.173472,-59.967499,0.33346599,-0.30219001,-0.486301
161.1723,6677.398,52.277611,-12.363379,-60.038342,0.33087099,-0.30282199,-0.487589
161.1947,6677.418,52.018036,-12.586444,-60.12537,0.327885,-0.30361101,-0.48910299
161.2122,6677.438,51.882423,-12.937311,-60.281235,0.32502601,-0.30586699,-0.49127701
161.2323,6677.458,51.839958,-13.382948,-60.527248,0.32215399,-0.30931601,-0.494187
161.2539,6677.4781,51.718887,-13.816712,-60.889172,0.318452,-0.31271699,-0.497886
161.2716,6677.4981,51.366077,-13.907547,-61.413208,0.314172,-0.31349099,-0.50192201
161.2916,6677.5181,50.966175,-13.648419,-62.085606,0.31070101,-0.31219801,-0.50601298
161.3138,6677.5382,50.570084,-13.112031,-62.871231,0.30820701,-0.309389,-0.51009899
161.3327,6677.5582,50.222885,-12.465189,-63.732613,0.30638999,-0.30621099,-0.51434398
161.3517,6677.5782,49.999714,-11.80372,-64.535362,0.305702,-0.30322799,-0.51803601
161.3736,6677.5982,49.853527,-11.160844,-65.192619,0.30588499,-0.300266,-0.52074701
161.3936,6677.6183,49.748482,-10.573226,-65.675232,0.30658501,-0.29735401,-0.52242702
161.4143,6677.6383,49.75106,-10.032673,-65.934044,0.30839899,-0.294577,-0.52263999
161.4342,6677.6583,49.896347,-9.578819,-65.915688,0.311499,-0.29218701,-0.52108699
161.4527,6677.6784,50.189678,-9.024631,-65.709496,0.31652299,-0.28922701,-0.51780897
161.4733,6677.6984,50.508698,-8.280695,-65.413597,0.322772,-0.28487399,-0.51334
161.4976,6677.7185,50.713448,-7.549245,-65.106255,0.32817799,-0.28007901,-0.50895101
161.5146,6677.7385,50.959137,-7.048341,-64.81134,0.332773,-0.27695701,-0.505198
161.5326,6677.7586,51.415012,-6.751157,-64.42244,0.33809799,-0.275709,-0.501059
161.5547,6677.7787,52.006191,-6.570919,-63.905704,0.34412101,-0.275345,-0.49618599
161.5736,6677.7987,52.4436,-6.524397,-63.364422,0.34858,-0.27512801,-0.49179199
161.5926,6677.8188,52.731266,-6.433508,-62.908047,0.35201001,-0.274261,-0.488056
161.6203,6677.8388,52.910736,-6.326351,-62.610561,0.35439199,-0.273339,-0.48548201
161.6378,6677.8589,52.937035,-6.452457,-62.514671,0.354265,-0.27397001,-0.48519999
161.6523,6677.879,52.947346,-6.590135,-62.523758,0.35372999,-0.27494001,-0.485668
161.677,6677.899,53.134605,-6.30053,-62.471069,0.35635099,-0.27360201,-0.48411801
161.6918,6677.9191,53.394749,-5.646895,-62.25016,0.361386,-0.26962599,-0.48018599
161.7143,6677.9391,53.491196,-5.013076,-62.002789,0.36526099,-0.26504701,-0.476385
161.7342,6677.9592,53.425762,-4.764339,-61.794334,0.36633,-0.26248899,-0.47433001
161.7563,6677.9792,53.392414,-4.804034,-61.532581,0.366539,-0.26178601,-0.47278601
161.7755,6677.9993,53.430149,-4.829474,-61.208664,0.36742899,-0.26106101,-0.47066
161.7947,6678.0193,53.337158,-4.865823,-60.793625,0.36759099,-0.25961599,-0.46818399
161.8137,6678.0393,53.069664,-4.88228,-60.32616,0.36675501,-0.25721499,-0.465579
161.8318,6678.0593,52.790894,-4.79191,-59.896835,0.366173,-0.25418901,-0.462888
161.8549,6678.0794,52.603199,-4.757802,-59.476719,0.365951,-0.25191501,-0.46027401
161.872,6678.0994,52.517254,-4.887671,-59.041538,0.36579499,-0.25107801,-0.45790601
161.8976,6678.1194,52.462742,-5.040182,-58.596554,0.365785,-0.25048199,-0.45548499
161.9143,6678.1395,52.39415,-5.009243,-58.190559,0.36631799,-0.248725,-0.45275599
161.9335,6678.1595,52.305458,-4.792943,-57.861565,0.367266,-0.245885,-0.44997799
161.9566,6678.1795,52.13031,-4.51709,-57.544479,0.367807,-0.242359,-0.447218
161.9728,6678.1995,51.902,-4.41749,-57.222759,0.367286,-0.239821,-0.445068
161.9933,6678.2196,51.685883,-4.547499,-56.941284,0.36586499,-0.239025,-0.44389901
162.0152,6678.2396,51.521732,-4.836837,-56.66848,0.364169,-0.23954201,-0.443207
162.0424,6678.2596,51.410954,-5.037867,-56.429531,0.36311701,-0.23976199,-0.44237599
162.0688,6678.2797,51.302731,-5.100931,-56.256226,0.36247799,-0.23926,-0.441549
162.0815,6678.2996,51.225578,-5.239019,-56.148598,0.36162999,-0.239593,-0.44136101
162.0967,6678.3196,51.285221,-5.443651,-56.131405,0.361296,-0.241152,-0.441802
162.1149,6678.3396,51.442135,-5.69217,-56.109947,0.36148399,-0.24334,-0.442213
162.1433,6678.3596,51.65715,-5.875643,-55.964188,0.36259601,-0.24489,-0.441488
162.1583,6678.3796,51.826469,-6.026923,-55.682571,0.36380601,-0.24562401,-0.43980199
162.1714,6678.3996,51.846756,-6.19269,-55.377373,0.36396801,-0.245859,-0.43821201
162.196,6678.4196,51.662369,-6.329881,-55.123341,0.36269,-0.24535701,-0.43716201
162.2344,6678.4396,51.319466,-6.562569,-55.005112,0.359635,-0.24540199,-0.43755001
162.2356,6678.4596,50.992683,-6.898365,-55.042076,0.35596001,-0.246701,-0.43928599
162.2525,6678.4796,50.806263,-7.142158,-55.192421,0.35337901,-0.2482,-0.44131601
162.283,6678.4996,50.874237,-7.242076,-55.341091,0.35315201,-0.249578,-0.44255599
162.2947,6678.5196,51.187595,-7.152886,-55.435287,0.355506,-0.250337,-0.442516
162.3131,6678.5396,51.590809,-6.869287,-55.459877,0.359391,-0.249864,-0.44126299
162.332,6678.5596,51.884045,-6.550181,-55.440849,0.36272401,-0.248634,-0.43972799
162.3517,6678.5796,52.062469,-6.295481,-55.339458,0.365174,-0.247187,-0.43797901
162.3704,6678.5996,52.177364,-6.216319,-55.205811,0.36657199,-0.24661499,-0.436652
162.3927,6678.6196,52.276623,-6.367484,-55.127506,0.36686301,-0.247739,-0.43646199
162.4139,6678.6396,52.355206,-6.589062,-55.093533,0.36664501,-0.249413,-0.43683001
162.4359,6678.6596,52.34951,-6.757917,-55.07436,0.36600301,-0.25048599,-0.43724701
162.4599,6678.6796,52.259655,-6.738532,-55.075878,0.36544099,-0.25005099,-0.437318
162.4757,6678.6996,52.117809,-6.58644,-55.129654,0.36490601,-0.248698,-0.43739501
162.4923,6678.7195,51.952141,-6.436255,-55.193409,0.36417499,-0.24730501,-0.437581
162.5134,6678.7395,51.735336,-6.261989,-55.283184,0.363121,-0.24564999,-0.437942
162.5314,6678.7595,51.425655,-6.134893,-55.331081,0.361323,-0.24385899,-0.438297
162.5603,6678.7795,51.088192,-5.955652,-55.362301,0.35956299,-0.24155401,-0.43841401
162.5808,6678.7995,50.756355,-5.747508,-55.381645,0.357977,-0.239026,-0.438355
162.5916,6678.8195,50.450169,-5.598237,-55.360062,0.35642999,-0.23685899,-0.43816501
162.6115,6678.8395,50.175961,-5.514472,-55.242954,0.35505199,-0.23495699,-0.437475
162.6337,6678.8595,50.001484,-5.552284,-55.000439,0.354168,-0.233858,-0.43615299
162.66,6678.8795,49.952744,-5.787684,-54.637989,0.353668,-0.2342,-0.434434
162.6791,6678.8995,49.96957,-6.135266,-54.211864,0.35334599,-0.235355,-0.43252799
162.6952,6678.9195,50.057079,-6.364068,-53.822468,0.35390899,-0.23604,-0.430417
162.7202,6678.9395,50.224819,-6.528231,-53.50684,0.355142,-0.236771,-0.42851901
162.7359,6678.9595,50.45948,-6.688086,-53.304325,0.35664001,-0.238039,-0.427313
162.7592,6678.9795,50.786903,-6.606917,-53.271137,0.359348,-0.238465,-0.42641601
162.7741,6678.9995,51.147877,-6.087614,-53.370274,0.36364299,-0.23638301,-0.424999
162.796,6679.0195,51.306938,-5.356724,-53.592274,0.367026,-0.232558,-0.423994
162.8157,6679.0395,51.202847,-4.584136,-53.858891,0.36860999,-0.227699,-0.42350999
162.8325,6679.0595,51.013725,-4.075072,-54.042042,0.368792,-0.22410101,-0.423417
162.8534,6679.0795,50.893806,-4.247355,-54.07325,0.36724499,-0.22498401,-0.42436099
162.8735,6679.0996,50.936913,-4.843499,-53.999615,0.36548501,-0.229038,-0.42569399
162.8941,6679.1196,51.173786,-5.05173,-53.956184,0.36647701,-0.23115601,-0.425726
162.9126,6679.1396,51.327965,-4.550154,-53.893105,0.369553,-0.228002,-0.42345899
162.9346,6679.1596,51.129433,-3.907007,-53.742031,0.370814,-0.222363,-0.42061901
162.9554,6679.1797,50.750675,-3.703209,-53.447201,0.36944401,-0.218687,-0.418457
162.9737,6679.1997,50.611256,-3.904292,-53.03141,0.368514,-0.21827701,-0.41639799
163.0022,6679.2197,50.704536,-4.244536,-52.527493,0.36890799,-0.219354,-0.41383299
163.0273,6679.2398,50.591068,-4.671687,-52.020832,0.367531,-0.220342,-0.41180801
163.0421,6679.2598,50.204884,-4.935754,-51.63591,0.36455601,-0.21969099,-0.410458
163.0703,6679.2798,49.787632,-5.067234,-51.378963,0.36157799,-0.218431,-0.40960199
163.0812,6679.2998,49.531738,-5.233986,-51.161598,0.35955301,-0.218087,-0.40891501
163.0971,6679.3199,49.342182,-5.437791,-50.939377,0.35788101,-0.218215,-0.408216
163.1174,6679.3399,49.118904,-5.545056,-50.746689,0.356251,-0.21765,-0.40745699
163.1353,6679.3599,48.947605,-5.539368,-50.640289,0.355232,-0.21672399,-0.40689
163.1572,6679.38,48.840961,-5.453534,-50.64296,0.35475901,-0.21577799,-0.406771
163.1756,6679.4,48.778835,-5.393953,-50.689938,0.35443199,-0.215299,-0.406995
163.1938,6679.42,48.738022,-5.424868,-50.760372,0.353894,-0.21560401,-0.40764001
163.214,6679.44,48.748665,-5.575335,-50.87006,0.353228,-0.21704499,-0.40887001
163.2401,6679.4601,48.798836,-5.773108,-51.046646,0.352548,-0.219154,-0.410671
163.2512,6679.4801,48.855175,-5.868821,-51.198437,0.352321,-0.22048201,-0.411973
163.2784,6679.5001,48.919662,-5.901802,-51.322342,0.35242999,-0.22130699,-0.41287401
163.2948,6679.5202,48.959091,-5.999153,-51.364834,0.35228199,-0.22225501,-0.413427
163.3128,6679.5402,48.986675,-6.287506,-51.364212,0.351441,-0.224379,-0.41427499
163.3336,6679.5602,49.036804,-6.601356,-51.427277,0.35054299,-0.22695,-0.41562301
163.3596,6679.5802,49.08176,-6.771566,-51.546394,0.35001299,-0.22866,-0.416931
163.3749,6679.6003,49.077957,-6.69503,-51.685345,0.349987,-0.228533,-0.41768
163.3986,6679.6203,49.00428,-6.459748,-51.815426,0.350054,-0.22703201,-0.417963
163.4243,6679.6403,48.838661,-6.271283,-51.998001,0.349186,-0.22571699,-0.41887
163.4514,6679.6603,48.568775,-6.091877,-52.376266,0.34715301,-0.22470701,-0.421312
163.4558,6679.6803,48.201576,-5.853842,-52.956924,0.34424999,-0.22354899,-0.42512801
163.4804,6679.7003,47.726456,-5.607634,-53.645325,0.34040999,-0.222251,-0.42982301
163.4916,6679.7203,47.467178,-5.176762,-54.386139,0.338741,-0.220516,-0.434082
163.5156,6679.7403,47.684059,-4.630504,-55.07674,0.341043,-0.21949799,-0.437022
163.5335,6679.7603,48.142673,-4.125339,-55.65078,0.34514001,-0.219327,-0.438894
163.5585,6679.7803,48.510674,-3.792095,-56.129467,0.34810999,-0.21978401,-0.44069701
163.5767,6679.8003,48.666107,-3.444013,-56.44442,0.34994501,-0.218889,-0.44159901
163.5963,6679.8203,48.518795,-3.097222,-56.618286,0.349913,-0.21646699,-0.44196999
163.6235,6679.8403,48.208435,-2.929214,-56.80727,0.348019,-0.214726,-0.443243
163.6355,6679.8603,47.961105,-2.930812,-56.961369,0.345981,-0.214285,-0.444695
163.6575,6679.8803,47.866928,-3.022256,-56.961277,0.344962,-0.214571,-0.44511199
163.674,6679.9003,47.831383,-3.163628,-56.8106,0.34444499,-0.21497101,-0.44454101
163.694,6679.9203,47.774654,-3.337257,-56.593834,0.34377801,-0.21532001,-0.44363499
163.7164,6679.9403,47.737877,-3.490798,-56.358864,0.343366,-0.215552,-0.44251001
163.7347,6679.9602,47.761463,-3.727349,-56.062244,0.34318,-0.216401,-0.441113
163.7519,6679.9802,47.803753,-4.201291,-55.663418,0.34241599,-0.21867301,-0.439684
163.7781,6680.0002,47.867912,-4.75908,-55.282639,0.34146699,-0.22166701,-0.43859899
163.8199,6680.0202,47.99184,-5.234536,-55.04023,0.34100401,-0.22470801,-0.438155
163.8239,6680.0402,48.174301,-5.646416,-54.845604,0.34111699,-0.227649,-0.43778399
163.8346,6680.0602,48.414757,-6.01032,-54.688751,0.341759,-0.230562,-0.437466
163.8527,6680.0802,48.71711,-6.313014,-54.5625,0.34301999,-0.233344,-0.43710801
163.8789,6680.1002,49.051289,-6.517643,-54.386505,0.34498799,-0.235393,-0.43607801
163.9013,6680.1202,49.342972,-6.600785,-54.113094,0.34731901,-0.236145,-0.43406299
163.916,6680.1402,49.556747,-6.554464,-53.857143,0.349549,-0.235773,-0.43187499
163.932,6680.1602,49.76722,-6.511571,-53.687241,0.35156399,-0.235668,-0.430298
163.9549,6680.1802,50.109928,-6.535052,-53.622086,0.354058,-0.236788,-0.42948601
163.9705,6680.2002,50.674335,-6.559866,-53.491138,0.35826299,-0.238451,-0.42793801
163.993,6680.2202,51.212658,-6.49069,-53.202976,0.36295599,-0.23886301,-0.425033
164.017,6680.2402,51.402512,-6.221847,-52.966267,0.36579299,-0.23687699,-0.42229101
164.0386,6680.2602,51.231281,-5.630008,-52.884258,0.36691701,-0.23193499,-0.420055
164.0538,6680.2802,50.862053,-4.989347,-53.040386,0.36632299,-0.226735,-0.41959
164.0843,6680.3002,50.418686,-4.411233,-53.572395,0.36424899,-0.222892,-0.42207199
164.1012,6680.3202,50.006348,-3.806873,-54.363163,0.362032,-0.219752,-0.42626199
164.116,6680.3402,49.719337,-2.950796,-55.141949,0.36172,-0.215225,-0.429416
164.1348,6680.3601,49.576416,-1.882973,-55.575272,0.36391199,-0.20863099,-0.42928001
164.1523,6680.3801,49.28582,-0.886585,-55.723652,0.365329,-0.201075,-0.42761701
164.1714,6680.4001,48.708649,-0.255815,-55.938465,0.363258,-0.19520099,-0.42807499
164.2002,6680.4201,48.249538,0.156613,-56.215412,0.36110899,-0.19146299,-0.429488
164.2168,6680.4401,48.097462,0.299287,-56.326618,0.36039099,-0.190238,-0.430078
164.2359,6680.4601,48.009499,0.040761,-56.266636,0.35890201,-0.19153599,-0.43061599
164.2541,6680.4801,47.846558,-0.250478,-56.081608,0.356971,-0.192395,-0.43049499
164.2777,6680.5001,47.638927,-0.375063,-55.86895,0.355396,-0.191836,-0.42972499
164.303,6680.5201,47.382458,-0.401981,-55.638664,0.35386699,-0.190358,-0.428599
164.3166,6680.5401,47.163452,-0.27212,-55.386204,0.35321799,-0.187848,-0.42676601
164.34,6680.5601,47.026955,-0.065468,-55.142742,0.353414,-0.185127,-0.42462301
164.3572,6680.5801,46.991821,0.112479,-54.891392,0.35422599,-0.18295801,-0.422346
164.3903,6680.6001,46.988743,0.193937,-54.596157,0.35497299,-0.181454,-0.41999999
164.3967,6680.6201,46.974503,0.054851,-54.240448,0.35492599,-0.18129,-0.41792101
164.4666,6680.6401,47.039104,-0.256971,-53.932858,0.35473999,-0.182795,-0.41659299
164.4679,6680.6601,47.214577,-0.717924,-53.698513,0.35469499,-0.185987,-0.416078
164.4695,6680.6801,47.456554,-1.167125,-53.457195,0.35519001,-0.18930399,-0.41538301
164.4752,6680.7001,47.631783,-1.426042,-53.281662,0.35579699,-0.19122399,-0.41467401
164.4943,6680.7201,47.651112,-1.517207,-53.154015,0.35581899,-0.19154499,-0.41402
164.5119,6680.7401,47.649681,-1.555649,-53.030754,0.355876,-0.191431,-0.41326401
164.5323,6680.76,47.763454,-1.667953,-52.953316,0.35641599,-0.19238999,-0.41289401
164.5528,6680.78,47.840412,-1.987764,-52.917404,0.35587499,-0.194824,-0.41352001
164.5707,6680.8,47.831341,-2.539359,-52.799881,0.35401899,-0.198351,-0.414406
164.5911,6680.82,47.858944,-3.135764,-52.511868,0.35256401,-0.20179801,-0.414159
164.6146,6680.84,47.915443,-3.634436,-52.080032,0.351937,-0.204209,-0.412545
164.6322,6680.86,47.892811,-4.039937,-51.636166,0.35111099,-0.20565701,-0.41066
164.659,6680.88,47.690247,-4.364111,-51.264809,0.349152,-0.206155,-0.40926099
164.6792,6680.9,47.170425,-4.582184,-51.164257,0.34478,-0.205678,-0.40984499
164.6935,6680.92,46.460869,-4.762716,-51.458195,0.33844301,-0.205478,-0.41334099
164.7175,6680.94,45.879196,-4.799352,-51.863888,0.33334801,-0.204971,-0.417043
164.7346,6680.96,45.600777,-4.648278,-52.162144,0.33133999,-0.20380899,-0.41907099
164.7543,6680.98,45.62645,-4.434063,-52.243996,0.332165,-0.2026,-0.41900599
164.7736,6681,45.881279,-4.210611,-52.170563,0.33496299,-0.201658,-0.417519
164.8008,6681.02,46.194504,-4.091959,-52.084194,0.33782199,-0.201625,-0.41616499
164.8135,6681.04,46.429375,-4.200974,-51.956066,0.339358,-0.20282599,-0.415279
164.8382,6681.06,46.67107,-4.399873,-51.697563,0.34085301,-0.204299,-0.41372299
164.8611,6681.08,46.873993,-4.663247,-51.301529,0.34208801,-0.20568199,-0.41142899
164.8743,6681.1,46.942169,-5.121059,-50.772854,0.34189901,-0.207605,-0.408932
164.8979,6681.12,46.936642,-5.673258,-50.2341,0.340875,-0.20993701,-0.40672499
164.914,6681.14,46.995941,-6.088907,-49.74268,0.34074199,-0.21164601,-0.40437299
164.9338,6681.16,47.102562,-6.306726,-49.3699,0.341447,-0.212438,-0.402233
164.9531,6681.1799,47.185894,-6.423237,-49.122334,0.34211001,-0.212799,-0.40071601
164.9759,6681.1999,47.310787,-6.465889,-49.066414,0.34298199,-0.21333,-0.40031201
164.9963,6681.2199,47.466591,-6.524192,-49.11768,0.343826,-0.21438999,-0.40069199
165.0152,6681.2399,47.546776,-6.726912,-49.171734,0.34360299,-0.21625599,-0.401604
165.0328,6681.2599,47.563999,-7.053635,-49.194717,0.34253901,-0.21871801,-0.402729
165.0568,6681.2799,47.609501,-7.346104,-49.280331,0.34167901,-0.22120801,-0.40416899
165.0723,6681.2999,47.599483,-7.295707,-49.487202,0.34138399,-0.221433,-0.405507
165.1174,6681.3199,47.494205,-7.031119,-49.73967,0.34106401,-0.219964,-0.40663001
165.122,6681.3399,47.426807,-6.873271,-50.017033,0.34060001,-0.219448,-0.40821099
165.1334,6681.3599,47.48576,-6.809596,-50.285248,0.34074399,-0.219979,-0.40987301
165.1539,6681.3799,47.524395,-6.679876,-50.476372,0.341124,-0.21974701,-0.410808
165.1722,6681.3999,47.562004,-6.524333,-50.62801,0.34166601,-0.219212,-0.41138399
165.1912,6681.4199,47.752544,-6.414878,-50.78463,0.34314799,-0.21951699,-0.411962
165.2126,6681.4399,47.994041,-6.259354,-50.897095,0.345249,-0.219532,-0.41202399
165.238,6681.4599,48.120792,-6.14129,-50.947659,0.34649801,-0.219258,-0.411883
165.2534,6681.4799,48.226128,-6.020491,-51.002602,0.347592,-0.218909,-0.41178599
165.273,6681.4999,48.449993,-5.704086,-51.050377,0.350261,-0.217539,-0.4109
165.2932,6681.5199,48.780567,-5.243287,-51.009285,0.354381,-0.215223,-0.40879399
165.3109,6681.5399,48.989204,-5.083262,-50.859894,0.35674,-0.214305,-0.40698099
165.3339,6681.5599,49.077877,-4.873006,-50.74926,0.35833299,-0.21275701,-0.40542999
165.359,6681.5798,49.08625,-4.504934,-50.755257,0.35968301,-0.210189,-0.404309
165.3811,6681.5998,48.900219,-4.146988,-50.930252,0.359283,-0.207582,-0.404668
165.4,6681.6198,48.473957,-4.125668,-51.132877,0.355912,-0.206654,-0.40659299
165.4179,6681.6398,48.173595,-4.333831,-51.248043,0.35279101,-0.207495,-0.40843999
165.4475,6681.6598,48.316246,-4.270808,-51.310123,0.353935,-0.20771199,-0.40850601
165.4603,6681.6799,48.619427,-3.808083,-51.268238,0.35784599,-0.205299,-0.406378
165.4801,6681.6999,48.616764,-3.535009,-51.023872,0.359227,-0.202581,-0.40378699
165.5018,6681.7199,48.441525,-4.067017,-50.601887,0.356837,-0.204478,-0.402668
165.5212,6681.7399,48.521755,-4.73833,-50.130768,0.355912,-0.208065,-0.40129301
165.5335,6681.76,48.703121,-5.073382,-49.607849,0.357014,-0.20941301,-0.39838299
165.5543,6681.78,48.619965,-5.328152,-49.025307,0.35659,-0.209158,-0.39510801
165.582,6681.8,48.367847,-5.5891,-48.489456,0.35482699,-0.20857701,-0.392362
165.5945,6681.8201,48.336243,-5.864138,-48.253731,0.354085,-0.20972501,-0.39155501
165.6148,6681.8401,48.404297,-5.863667,-48.222874,0.354642,-0.20983601,-0.391258
165.6355,6681.8601,48.343555,-5.6332,-48.227795,0.354974,-0.20800801,-0.39064601
165.6572,6681.8801,48.193192,-5.436633,-48.197617,0.35459599,-0.206037,-0.38998699
165.6727,6681.9002,48.1106,-5.283481,-48.079475,0.35472199,-0.204313,-0.38875401
165.6947,6681.9202,48.104462,-5.1262,-47.862137,0.35559499,-0.20248701,-0.38670701
165.7207,6681.9402,48.155571,-5.209924,-47.594608,0.356161,-0.202417,-0.38497999
165.7384,6681.9603,48.262669,-5.567882,-47.320961,0.356233,-0.204476,-0.38400099
165.754,6681.9803,48.306702,-5.949101,-47.087757,0.355699,-0.206636,-0.38345599
165.7747,6682.0003,48.210091,-6.155897,-47.016972,0.35442299,-0.207619,-0.38368601
165.7951,6682.0203,48.029247,-6.142826,-47.088013,0.35300499,-0.207201,-0.38434401
165.8163,6682.0404,47.87772,-5.952357,-47.246822,0.35224101,-0.20585699,-0.385061
165.8348,6682.0604,47.800518,-5.757463,-47.351917,0.352139,-0.204538,-0.38530201
165.8538,6682.0804,47.857033,-5.830308,-47.351006,0.352312,-0.20523299,-0.38545999
165.8749,6682.1005,47.973679,-6.055337,-47.318375,0.35247299,-0.207111,-0.385795
165.8918,6682.1205,47.98859,-6.304281,-47.340221,0.351704,-0.20901901,-0.386702
165.9167,6682.1405,47.994884,-6.484584,-47.347618,0.35112801,-0.210361,-0.38730201
165.9387,6682.1605,48.072102,-6.635544,-47.352772,0.35117701,-0.211697,-0.38772401
165.954,6682.1806,48.119518,-6.765218,-47.299713,0.35118601,-0.212611,-0.387692
165.9742,6682.2006,48.028172,-6.961645,-47.317078,0.34981501,-0.213805,-0.38850799
165.9939,6682.2206,47.889416,-7.35132,-47.460449,0.347197,-0.21663,-0.39085901
166.0123,6682.2407,47.748692,-7.789551,-47.773632,0.34406,-0.220303,-0.39456499
166.0378,6682.2607,47.617504,-7.894781,-48.190735,0.34192401,-0.221911,-0.39799601
166.0542,6682.2807,47.419395,-7.887292,-48.521702,0.339849,-0.222239,-0.40053201
166.0751,6682.3007,47.245972,-7.73491,-48.718624,0.33872399,-0.22119799,-0.401656
166.1083,6682.3207,47.295296,-7.471537,-48.80122,0.33985099,-0.219706,-0.40142101
166.1189,6682.3407,47.646461,-7.594395,-48.765293,0.34207299,-0.221562,-0.401189
166.1399,6682.3608,48.385895,-8.26762,-48.722126,0.345229,-0.22850201,-0.40219
166.1572,6682.3808,49.274868,-8.411729,-48.649448,0.351385,-0.231998,-0.401261
166.1757,6682.4008,49.723171,-7.929701,-48.628017,0.35638899,-0.229864,-0.399178
166.194,6682.4208,49.787762,-7.811599,-48.672985,0.357182,-0.229362,-0.399064
166.214,6682.4409,49.753517,-8.012726,-48.981819,0.35560799,-0.231644,-0.40191299
166.2357,6682.4609,49.705086,-8.370582,-49.392815,0.353156,-0.23529799,-0.40597501
166.258,6682.4809,49.585705,-8.899251,-49.738049,0.34968799,-0.239721,-0.41014999
166.2743,6682.501,49.454144,-9.429789,-49.762039,0.346775,-0.243128,-0.41205701
166.3012,6682.521,49.378597,-9.882135,-49.617737,0.34490401,-0.245647,-0.412476
166.3209,6682.541,49.32251,-10.282633,-49.297115,0.34374401,-0.247335,-0.41147199
166.3517,6682.561,49.316456,-10.631288,-48.919163,0.34326801,-0.24864,-0.409859
166.3607,6682.5811,49.417595,-10.883299,-48.64455,0.343707,-0.249892,-0.40859601
166.3769,6682.6011,49.510509,-11.066367,-48.510983,0.344028,-0.25105301,-0.40812901
166.3949,6682.6211,49.566593,-11.205161,-48.490498,0.34399,-0.25213301,-0.40835699
166.4253,6682.6412,49.572632,-11.215181,-48.546127,0.343876,-0.252388,-0.40877399
166.4438,6682.6612,49.461246,-11.023175,-48.688396,0.34343201,-0.25113699,-0.409289
166.4577,6682.6812,49.295551,-10.533172,-48.775604,0.34377599,-0.247456,-0.40856999
166.4754,6682.7012,49.17823,-9.910003,-48.920929,0.344825,-0.24314401,-0.40782401
166.4935,6682.7213,49.22963,-9.508982,-49.008808,0.34644201,-0.240729,-0.40719
166.517,6682.7413,49.398056,-9.260467,-49.021805,0.34852901,-0.239518,-0.40637401
166.5388,6682.7613,49.424423,-9.12154,-48.903221,0.34946099,-0.238254,-0.40508801
166.5604,6682.7814,49.338531,-8.987978,-48.756927,0.34960699,-0.23660401,-0.403725
166.5742,6682.8014,49.50375,-8.384126,-48.697205,0.35305899,-0.232639,-0.40129301
166.5954,6682.8214,49.999523,-7.810072,-48.576393,0.358926,-0.229689,-0.39815801
166.6172,6682.8414,50.402203,-7.833365,-48.283543,0.36237001,-0.230142,-0.395744
166.6369,6682.8615,50.501575,-8.139235,-47.896835,0.36282,-0.231381,-0.39387101
166.6552,6682.8815,50.263023,-8.298615,-47.480251,0.36136901,-0.23049399,-0.39165199
166.6756,6682.9015,49.883144,-8.275592,-46.93819,0.359745,-0.22751801,-0.388082
166.6923,6682.9215,49.734749,-8.050594,-46.712868,0.35985899,-0.224774,-0.38590601
166.717,6682.9415,49.588825,-7.758504,-46.669827,0.35985199,-0.22212601,-0.384819
166.7341,6682.9615,49.447079,-7.453107,-46.619022,0.35993099,-0.219366,-0.383632
166.7548,6682.9815,49.569092,-7.12268,-46.531509,0.36209899,-0.217076,-0.38184401
166.7745,6683.0015,49.782265,-7.000786,-46.38702,0.36434501,-0.216364,-0.380209
166.7928,6683.0215,49.717609,-6.792123,-46.277699,0.364766,-0.21433,-0.37882501
166.8153,6683.0415,49.283489,-6.077534,-46.256775,0.363967,-0.207854,-0.376847
166.8358,6683.0615,48.855022,-5.246379,-46.276131,0.36350399,-0.20064899,-0.37480301
166.8526,6683.0815,48.887577,-4.799448,-46.259205,0.36523199,-0.197458,-0.37322399
166.8761,6683.1015,49.273884,-4.552796,-46.031708,0.36926401,-0.196091,-0.37035301
166.8964,6683.1215,49.654842,-4.382044,-45.745361,0.37310201,-0.19505399,-0.36729401
166.9167,6683.1415,49.923637,-4.240385,-45.534046,0.37588799,-0.19412901,-0.36499301
166.9349,6683.1615,50.286953,-4.057313,-45.415024,0.37933701,-0.193477,-0.36310601
166.9567,6683.1815,50.917637,-3.446847,-45.371239,0.38595399,-0.19076601,-0.35999399
166.9726,6683.2015,51.63102,-2.626455,-45.349232,0.393758,-0.186867,-0.356143
166.9927,6683.2215,52.025711,-1.969906,-45.23357,0.39884499,-0.182896,-0.352516
167.0154,6683.2414,52.059044,-1.567189,-44.907692,0.40083399,-0.17895,-0.34871301
167.0348,6683.2614,52.128204,-1.132182,-44.623775,0.403092,-0.17501201,-0.34503901
167.0527,6683.2814,52.721298,-0.706871,-44.470207,0.408903,-0.173134,-0.341589
167.0758,6683.3014,54.035778,-0.723204,-44.428238,0.41841799,-0.176947,-0.33945599
167.1039,6683.3214,55.611168,-1.211838,-44.383636,0.42836201,-0.184843,-0.33864599
167.1192,6683.3414,56.591579,-1.576122,-44.480301,0.43413401,-0.190606,-0.339268
167.1391,6683.3614,56.864368,-1.165535,-45.003006,0.43642601,-0.190469,-0.341003
167.1529,6683.3814,56.989964,-0.062844,-45.998901,0.43897,-0.18685099,-0.343631
167.1738,6683.4014,57.275307,1.44927,-47.299423,0.44343501,-0.182073,-0.34649101
167.1946,6683.4214,57.176228,3.031824,-49.140335,0.44468901,-0.177773,-0.35347301
167.2121,6683.4414,56.622326,4.126348,-50.436539,0.442285,-0.173262,-0.35941401
167.2322,6683.4614,55.932144,4.785701,-50.840874,0.439006,-0.16781899,-0.36111701
167.2541,6683.4814,54.895885,5.134251,-50.87965,0.43290499,-0.16191199,-0.36218101
167.2754,6683.5014,53.686848,5.851993,-51.589439,0.42585,-0.15523,-0.366999
167.2995,6683.5214,53.052231,6.841479,-53.022652,0.42276201,-0.151226,-0.37482801
167.3152,6683.5414,53.027966,7.397194,-54.048931,0.42307299,-0.150996,-0.38008299
167.3335,6683.5614,53.078911,7.248853,-54.427685,0.42242301,-0.153631,-0.383187
167.3555,6683.5814,53.121925,6.742587,-54.209217,0.42131901,-0.156554,-0.38341799
167.3752,6683.6014,53.328712,6.029636,-53.734547,0.421009,-0.16060001,-0.38225001
167.4051,6683.6214,53.743134,5.624208,-53.640621,0.42263001,-0.164636,-0.38220099
167.4217,6683.6413,54.101479,5.955523,-54.239513,0.42532301,-0.16585401,-0.384408
167.4392,6683.6613,54.27084,6.494016,-54.796219,0.427481,-0.164793,-0.38592699
167.4683,6683.6813,54.18288,6.951827,-55.09623,0.428,-0.16238099,-0.386511
167.4798,6683.7013,53.812939,7.28791,-55.131409,0.426581,-0.15875299,-0.38633901
167.4946,6683.7213,53.338966,7.385023,-54.874382,0.42404699,-0.155311,-0.385245
167.5215,6683.7413,53.11359,7.251744,-54.702866,0.422299,-0.15475699,-0.38503599
167.5332,6683.7613,53.230858,7.183812,-54.707806,0.42286199,-0.155698,-0.38506001
167.5567,6683.7813,53.638218,7.174034,-55.062279,0.425109,-0.158627,-0.38667199
167.5859,6683.8013,54.242008,7.155941,-55.562027,0.42842901,-0.16292299,-0.38886601
167.5955,6683.8213,54.884201,7.040034,-55.767696,0.43206099,-0.166963,-0.389263
167.6203,6683.8413,55.470287,6.891119,-55.696758,0.43559301,-0.16997001,-0.387986
167.6329,6683.8613,55.871624,6.866681,-55.692932,0.43820399,-0.171656,-0.387126
167.6559,6683.8813,55.96706,6.855914,-55.781986,0.43867201,-0.172435,-0.38756201
167.684,6683.9013,55.74588,6.573397,-55.860947,0.436115,-0.17384601,-0.38969699
167.6969,6683.9213,55.383183,6.181389,-55.872791,0.43232799,-0.17522,-0.39209199
167.7131,6683.9413,55.121449,5.938192,-55.884422,0.429717,-0.17595001,-0.393677
167.7377,6683.9613,55.017147,5.963012,-55.952835,0.428996,-0.17563801,-0.394292
167.7524,6683.9813,54.919472,5.981462,-56.009262,0.428316,-0.175349,-0.394833
167.7754,6684.0013,54.695072,5.799337,-55.982906,0.42621699,-0.175657,-0.39583099
167.7995,6684.0213,54.406322,5.659228,-55.959328,0.42381999,-0.17544,-0.39682701
167.8169,6684.0413,54.238876,5.676073,-56.046459,0.42261401,-0.175006,-0.39773899
167.8404,6684.0613,54.207821,5.953206,-56.170345,0.42317799,-0.173421,-0.397645
167.8586,6684.0814,54.383327,6.311201,-56.272644,0.42544699,-0.17198899,-0.39663601
167.8739,6684.1014,54.712761,6.437516,-56.295155,0.428065,-0.172465,-0.395576
167.8971,6684.1214,55.064972,6.373532,-56.26189,0.43025899,-0.17413799,-0.394784
167.9161,6684.1415,55.358147,6.413074,-56.252831,0.432374,-0.17495599,-0.39390299
167.9399,6684.1615,55.55632,6.628948,-56.203358,0.43451601,-0.17403699,-0.39228901
167.9694,6684.1815,55.703636,6.806368,-56.054245,0.436333,-0.17281,-0.39024401
167.9855,6684.2016,55.80872,6.968966,-55.933186,0.43777001,-0.171627,-0.38854301
168.0005,6684.2216,55.918682,6.934084,-55.771156,0.438629,-0.17166799,-0.38730001
168.0171,6684.2417,56.049713,6.825022,-55.675865,0.43928,-0.172557,-0.38675499
168.0394,6684.2618,56.052429,6.932044,-55.710674,0.43960699,-0.17196099,-0.38657901
168.0737,6684.2818,55.900005,7.365776,-55.765987,0.43996799,-0.16858999,-0.38565299
168.098,6684.3019,55.761475,8.049224,-55.778625,0.44131899,-0.163371,-0.38343999
168.1021,6684.3219,55.905846,8.715956,-55.94846,0.44426599,-0.159962,-0.38169399
168.1218,6684.342,56.237064,9.135357,-56.298855,0.44736901,-0.15971,-0.381677
168.1365,6684.3621,56.507179,9.410134,-56.601234,0.44964501,-0.160053,-0.38201901
168.1628,6684.3822,56.658112,9.845799,-56.865131,0.451722,-0.15867899,-0.38174599
168.178,6684.4023,56.730747,10.50804,-57.115307,0.45405799,-0.155388,-0.38066801
168.1961,6684.4224,56.833897,11.580305,-57.556866,0.45769599,-0.15016399,-0.37917599
168.2181,6684.4425,56.83881,13.107038,-58.356594,0.46175301,-0.14287101,-0.37854901
168.2414,6684.4626,56.25222,14.129641,-58.806808,0.46082401,-0.13519099,-0.379181
168.2566,6684.4826,55.763557,14.569071,-59.027725,0.45889401,-0.130987,-0.38033
168.2785,6684.5027,55.807499,14.709634,-59.209976,0.459434,-0.130932,-0.38090101
