AppTimestamp(s),wifi_rssi_20:23:00:00:00:01,wifi_rssi_20:23:00:00:00:02,wifi_rssi_20:23:00:00:00:03,wifi_rssi_20:23:00:00:00:04,wifi_rssi_20:23:00:00:00:05,wifi_rssi_20:23:00:00:00:06,wifi_rssi_20:23:00:00:00:07,wifi_rssi_20:23:00:00:00:08,wifi_rssi_20:23:00:00:00:09,wifi_rssi_20:23:00:00:00:10,wifi_rssi_20:23:00:00:00:11,wifi_rssi_20:23:00:00:00:12,wifi_rssi_20:23:00:00:00:13,wifi_rssi_20:23:00:00:00:14,wifi_rssi_20:23:00:00:00:15,wifi_rssi_20:23:00:00:00:16,wifi_rssi_20:23:00:00:00:17,wifi_rssi_20:23:00:00:00:18,wifi_rssi_20:23:00:00:00:19,wifi_rssi_20:23:00:00:00:21,wifi_rssi_20:23:00:00:00:22,wifi_rssi_20:23:00:00:00:23,wifi_rssi_20:23:00:00:00:24,wifi_rssi_20:23:00:00:00:25,wifi_rssi_20:23:00:00:00:26,wifi_rssi_20:23:00:00:00:27,wifi_rssi_20:23:00:00:00:28,wifi_rssi_20:23:00:00:00:30,wifi_rssi_20:23:00:00:00:31,wifi_rssi_20:23:00:00:00:34,wifi_rssi_20:23:00:00:00:35,wifi_rssi_20:23:00:00:00:36,wifi_rssi_20:23:00:00:00:37,wifi_rssi_20:23:00:00:00:38,wifi_rssi_20:23:00:00:00:41,wifi_rssi_20:23:00:00:00:42,wifi_rssi_20:23:00:00:00:44,wifi_rssi_20:23:00:00:00:45,wifi_rssi_20:23:00:00:00:46,wifi_rssi_20:23:00:00:00:47,wifi_rssi_20:23:00:00:00:48,wifi_rssi_20:23:00:00:00:49,wifi_rssi_20:23:00:00:00:50,wifi_rssi_20:23:00:00:00:51,wifi_rssi_20:23:00:00:00:52,wifi_rssi_20:23:00:00:00:55,wifi_rssi_20:23:00:00:00:56,wifi_rssi_20:23:00:00:00:57,wifi_rssi_20:23:00:00:00:59,wifi_rssi_20:23:00:00:00:61,wifi_rssi_20:23:00:00:00:62,wifi_rssi_20:23:00:00:00:65,wifi_rssi_20:23:00:00:00:67,wifi_rssi_20:23:00:00:00:68,wifi_rssi_20:23:00:00:00:69,wifi_rssi_20:23:00:00:00:71,wifi_rssi_20:23:00:00:00:72,wifi_rssi_20:23:00:00:00:73,wifi_rssi_20:23:00:00:00:79,wifi_rssi_20:23:00:00:00:80,wifi_rssi_20:23:00:00:00:82,wifi_rssi_20:23:00:00:00:84,wifi_rssi_20:23:00:00:00:88,wifi_rssi_20:23:00:00:00:89,wifi_rssi_20:23:00:00:00:90,wifi_rssi_20:23:00:00:00:91,wifi_rssi_20:23:00:00:00:92,wifi_rssi_20:23:00:00:00:93,wifi_rssi_20:23:00:00:00:94,wifi_rssi_20:23:00:00:00:95,wifi_rssi_20:23:00:00:00:96,wifi_rssi_20:23:00:00:00:97,wifi_rssi_20:23:00:00:00:98,wifi_rssi_20:23:00:00:00:99,wifi_rssi_20:23:00:00:01:00,wifi_rssi_20:23:00:00:01:01,wifi_rssi_20:23:00:00:01:02,wifi_rssi_20:23:00:00:01:03,wifi_rssi_20:23:00:00:01:04,wifi_rssi_20:23:00:00:01:05,wifi_rssi_20:23:00:00:01:06,wifi_rssi_20:23:00:00:01:07,wifi_rssi_20:23:00:00:01:08,wifi_rssi_20:23:00:00:01:09,wifi_rssi_20:23:00:00:01:10,wifi_rssi_20:23:00:00:01:11,wifi_rssi_20:23:00:00:01:12,wifi_rssi_20:23:00:00:01:13,wifi_rssi_20:23:00:00:01:14,wifi_rssi_20:23:00:00:01:15,wifi_rssi_20:23:00:00:01:16,wifi_rssi_20:23:00:00:01:17,wifi_rssi_20:23:00:00:01:18,wifi_rssi_20:23:00:00:01:19,wifi_rssi_20:23:00:00:01:20,wifi_rssi_20:23:00:00:01:21,wifi_rssi_20:23:00:00:01:22,wifi_rssi_20:23:00:00:01:23,wifi_rssi_20:23:00:00:01:24,wifi_rssi_20:23:00:00:01:26,wifi_rssi_20:23:00:00:01:27,wifi_rssi_20:23:00:00:01:28,wifi_rssi_20:23:00:00:01:29,wifi_rssi_20:23:00:00:01:31,wifi_rssi_20:23:00:00:01:32,wifi_rssi_20:23:00:00:01:33,wifi_rssi_20:23:00:00:01:34,wifi_rssi_20:23:00:00:01:35,wifi_rssi_20:23:00:00:01:36,wifi_rssi_20:23:00:00:01:37,wifi_rssi_20:23:00:00:01:38,wifi_rssi_20:23:00:00:01:39,wifi_rssi_20:23:00:00:01:40,wifi_rssi_20:23:00:00:01:41,wifi_rssi_20:23:00:00:01:42,wifi_rssi_20:23:00:00:01:43,wifi_rssi_20:23:00:00:01:44,wifi_rssi_20:23:00:00:01:45,wifi_rssi_20:23:00:00:01:46,wifi_rssi_20:23:00:00:01:47,wifi_rssi_20:23:00:00:01:51,wifi_rssi_20:23:00:00:01:52,wifi_rssi_20:23:00:00:01:54,wifi_rssi_20:23:00:00:01:55,wifi_rssi_20:23:00:00:01:56,wifi_rssi_20:23:00:00:01:58,wifi_rssi_20:23:00:00:01:59,wifi_rssi_20:23:00:00:01:60,wifi_rssi_20:23:00:00:01:62,wifi_rssi_20:23:00:00:01:64,wifi_rssi_20:23:00:00:01:65,wifi_rssi_20:23:00:00:01:66,wifi_rssi_20:23:00:00:01:67,wifi_rssi_20:23:00:00:01:68,wifi_rssi_20:23:00:00:01:69,wifi_rssi_20:23:00:00:01:70,wifi_rssi_20:23:00:00:01:71,wifi_rssi_20:23:00:00:01:72,wifi_rssi_20:23:00:00:01:73,wifi_rssi_20:23:00:00:01:74,wifi_rssi_20:23:00:00:01:75,wifi_rssi_20:23:00:00:01:76,wifi_rssi_20:23:00:00:01:77,wifi_rssi_20:23:00:00:01:81,wifi_rssi_20:23:00:00:01:82,wifi_rssi_20:23:00:00:01:83,wifi_rssi_20:23:00:00:01:84,wifi_rssi_20:23:00:00:01:85,wifi_rssi_20:23:00:00:01:86,wifi_rssi_20:23:00:00:01:87,wifi_rssi_20:23:00:00:01:88,wifi_rssi_20:23:00:00:01:89,wifi_rssi_20:23:00:00:01:90,wifi_rssi_20:23:00:00:01:91,wifi_rssi_20:23:00:00:01:92,wifi_rssi_20:23:00:00:01:93,wifi_rssi_20:23:00:00:01:94,wifi_rssi_20:23:00:00:01:95,wifi_rssi_20:23:00:00:01:96,wifi_rssi_20:23:00:00:01:97,wifi_rssi_20:23:00:00:01:98,wifi_rssi_20:23:00:00:02:01,wifi_rssi_20:23:00:00:02:07,wifi_rssi_20:23:00:00:02:09,wifi_rssi_20:23:00:00:02:10,wifi_rssi_20:23:00:00:02:11,wifi_rssi_20:23:00:00:02:12,wifi_rssi_20:23:00:00:02:14,wifi_rssi_20:23:00:00:02:15,wifi_rssi_20:23:00:00:02:16,wifi_rssi_20:23:00:00:02:17,wifi_rssi_20:23:00:00:02:18,wifi_rssi_20:23:00:00:02:19,wifi_rssi_20:23:00:00:02:20,wifi_rssi_20:23:00:00:02:21,wifi_rssi_20:23:00:00:02:22,wifi_rssi_20:23:00:00:02:23,wifi_rssi_20:23:00:00:02:24,wifi_rssi_20:23:00:00:02:25,wifi_rssi_20:23:00:00:02:26,wifi_rssi_20:23:00:00:02:27,wifi_rssi_20:23:00:00:02:28,wifi_rssi_20:23:00:00:02:29,wifi_rssi_20:23:00:00:02:30,wifi_rssi_20:23:00:00:02:34,wifi_rssi_20:23:00:00:02:35,wifi_rssi_20:23:00:00:02:39,wifi_rssi_20:23:00:00:02:54,wifi_rssi_20:23:00:00:02:55,wifi_rssi_20:23:00:00:02:56,wifi_rssi_20:23:00:00:02:57,wifi_rssi_20:23:00:00:02:58,wifi_rssi_20:23:00:00:02:59,wifi_rssi_20:23:00:00:02:60,wifi_rssi_20:23:00:00:02:61,wifi_rssi_20:23:00:00:02:65,wifi_rssi_20:23:00:00:02:67,wifi_rssi_20:23:00:00:02:70,wifi_rssi_20:23:00:00:02:73,wifi_rssi_20:23:00:00:02:74,wifi_rssi_20:23:00:00:02:82,wifi_rssi_20:23:00:00:02:88,wifi_rssi_20:23:00:00:02:89,wifi_rssi_20:23:00:00:03:08,wifi_rssi_20:23:00:00:03:11,wifi_rssi_20:23:00:00:03:12,wifi_rssi_20:23:00:00:03:13,wifi_rssi_20:23:00:00:03:15,wifi_rssi_20:23:00:00:03:16,wifi_rssi_20:23:00:00:03:17,wifi_rssi_20:23:00:00:03:20,wifi_rssi_20:23:00:00:03:21,wifi_rssi_20:23:00:00:03:22,wifi_rssi_20:23:00:00:03:25,wifi_rssi_20:23:00:00:03:26,wifi_rssi_20:23:00:00:03:27,wifi_rssi_20:23:00:00:03:28,wifi_rssi_20:23:00:00:03:29,wifi_rssi_20:23:00:00:03:30,wifi_rssi_20:23:00:00:03:31,wifi_rssi_20:23:00:00:03:32,wifi_rssi_20:23:00:00:03:33,wifi_rssi_20:23:00:00:03:34,wifi_rssi_20:23:00:00:03:35,wifi_rssi_20:23:00:00:03:36,wifi_rssi_20:23:00:00:03:37,wifi_rssi_20:23:00:00:03:38,wifi_rssi_20:23:00:00:03:39,wifi_rssi_20:23:00:00:03:40,wifi_rssi_20:23:00:00:03:41,wifi_rssi_20:23:00:00:03:42,wifi_rssi_20:23:00:00:03:43,wifi_rssi_20:23:00:00:03:44,wifi_rssi_20:23:00:00:03:45,wifi_rssi_20:23:00:00:03:46,wifi_rssi_20:23:00:00:03:47,wifi_rssi_20:23:00:00:03:48
1.1323,-83.0,-140,-140.0,-140,-140,-140.0,-140.0,-140,-140.0,-140,-140,-86.0,-140,-140,-53.0,-140,-140,-140,-140,-140,-140,-140,-140.0,-91.0,-140.0,-140,-140.0,-140.0,-140,-140.0,-140,-140,-140,-140,-140,-140,-58.0,-71.0,-140.0,-140,-140,-140,-140,-140,-140,-67.0,-140,-140.0,-140,-140,-140,-70.0,-140,-140,-81.0,-140,-140,-74.0,-61.0,-62.0,-62.0,-140,-63.0,-140,-140.0,-140.0,-140.0,-140.0,-140.0,-140.0,-140.0,-140.0,-140.0,-140.0,-140.0,-140.0,-140.0,-140.0,-140.0,-140.0,-140,-140.0,-140.0,-140.0,-140.0,-140.0,-140.0,-140.0,-140.0,-140.0,-140.0,-140.0,-140.0,-140.0,-140.0,-140.0,-140.0,-140.0,-140.0,-140,-140.0,-140.0,-140.0,-140,-140,-140,-140,-140,-140,-140,-140.0,-140.0,-140,-140.0,-140,-140.0,-140,-140.0,-140,-140.0,-140.0,-140.0,-140,-140,-140,-140.0,-140.0,-140,-140.0,-140,-140,-140.0,-140,-140,-140,-140,-140,-140.0,-140,-140.0,-140.0,-140,-140,-140.0,-140.0,-140,-140,-140,-140,-140,-140,-140,-140,-140,-140,-140,-140,-140,-140,-140,-140,-140,-140,-140,-140,-140,-140,-140,-140.0,-140,-140,-140,-140,-140,-140,-140,-140,-140,-140,-140,-140,-140,-140,-140,-140,-140,-140,-140.0,-140,-140,-140,-140,-140,-140,-140,-140,-140,-140,-140,-140,-140,-140,-140,-140,-140.0,-140,-140.0,-140,-140,-140,-140,-140,-140,-74.0,-140,-140,-140,-140,-140.0,-140,-140,-140,-140,-140,-140,-140,-140,-140,-140,-140,-140,-140,-140,-140,-140,-140,-140
3.0909,-77.0,-140,-140.0,-140,-140,-140.0,-140.0,-140,-140.0,-140,-140,-86.0,-140,-140,-57.0,-140,-140,-140,-140,-140,-140,-140,-140.0,-140.0,-140.0,-140,-140.0,-140.0,-140,-140.0,-140,-140,-140,-140,-140,-140,-60.0,-74.0,-140.0,-140,-140,-140,-140,-140,-140,-61.0,-140,-140.0,-140,-140,-140,-72.0,-140,-140,-78.0,-140,-140,-80.0,-64.0,-63.0,-62.0,-140,-65.0,-140,-89.0,-140.0,-140.0,-140.0,-140.0,-140.0,-140.0,-140.0,-140.0,-140.0,-140.0,-140.0,-140.0,-140.0,-140.0,-140.0,-140,-140.0,-140.0,-140.0,-140.0,-140.0,-140.0,-140.0,-140.0,-140.0,-90.0,-140.0,-140.0,-140.0,-140.0,-140.0,-140.0,-140.0,-140.0,-140,-140.0,-140.0,-140.0,-140,-140,-140,-140,-140,-140,-140,-140.0,-140.0,-140,-91.0,-140,-140.0,-140,-140.0,-140,-140.0,-140.0,-140.0,-140,-140,-140,-140.0,-140.0,-140,-140.0,-140,-140,-140.0,-140,-140,-140,-140,-140,-140.0,-140,-140.0,-140.0,-140,-140,-140.0,-140.0,-140,-140,-140,-140,-140,-140,-140,-140,-140,-140,-140,-140,-140,-140,-140,-140,-140,-140,-140,-140,-140,-140,-140,-140.0,-140,-140,-140,-140,-140,-140,-140,-140,-140,-140,-140,-140,-140,-140,-140,-140,-140,-140,-140.0,-140,-140,-140,-140,-140,-140,-140,-140,-140,-140,-140,-140,-140,-140,-140,-140,-140.0,-140,-140.0,-140,-140,-140,-140,-140,-140,-69.0,-140,-140,-140,-140,-140.0,-140,-140,-140,-140,-140,-140,-140,-140,-140,-140,-140,-140,-140,-140,-140,-140,-140,-140
5.0809,-63.0,-140,-140.0,-140,-140,-140.0,-140.0,-140,-81.0,-140,-140,-90.0,-140,-140,-61.0,-140,-140,-140,-140,-140,-140,-140,-140.0,-140.0,-140.0,-140,-140.0,-140.0,-140,-140.0,-140,-140,-140,-140,-140,-140,-62.0,-67.0,-140.0,-140,-140,-140,-140,-140,-140,-65.0,-140,-140.0,-140,-140,-140,-72.0,-140,-140,-82.0,-140,-140,-75.0,-62.0,-61.0,-63.0,-140,-64.0,-140,-89.0,-140.0,-140.0,-140.0,-140.0,-140.0,-140.0,-140.0,-140.0,-140.0,-140.0,-140.0,-140.0,-140.0,-140.0,-140.0,-140,-140.0,-140.0,-140.0,-140.0,-140.0,-140.0,-140.0,-140.0,-140.0,-140.0,-140.0,-140.0,-140.0,-140.0,-140.0,-140.0,-140.0,-140.0,-140,-140.0,-140.0,-140.0,-140,-140,-140,-140,-140,-140,-140,-140.0,-140.0,-140,-140.0,-140,-140.0,-140,-140.0,-140,-140.0,-140.0,-140.0,-140,-140,-140,-140.0,-140.0,-140,-140.0,-140,-140,-140.0,-140,-140,-140,-140,-140,-140.0,-140,-140.0,-140.0,-140,-140,-140.0,-140.0,-140,-140,-140,-140,-140,-140,-140,-140,-140,-140,-140,-140,-140,-140,-140,-140,-140,-140,-140,-140,-140,-140,-140,-140.0,-140,-140,-140,-140,-140,-140,-140,-140,-140,-140,-140,-140,-140,-140,-140,-140,-140,-140,-140.0,-140,-140,-140,-140,-140,-140,-140,-140,-140,-140,-140,-140,-140,-140,-140,-140,-140.0,-140,-140.0,-140,-140,-140,-140,-140,-140,-70.0,-140,-140,-140,-140,-140.0,-140,-140,-140,-140,-140,-140,-140,-140,-140,-140,-140,-140,-140,-140,-140,-140,-140,-140
7.0933,-76.0,-140,-140.0,-140,-140,-140.0,-140.0,-140,-79.0,-140,-140,-140.0,-140,-140,-54.0,-140,-140,-140,-140,-140,-140,-140,-140.0,-140.0,-140.0,-140,-140.0,-140.0,-140,-140.0,-140,-140,-140,-140,-140,-140,-61.0,-66.0,-140.0,-140,-140,-140,-140,-140,-140,-68.0,-140,-140.0,-140,-140,-140,-71.0,-140,-140,-82.0,-140,-140,-71.0,-63.0,-63.0,-61.0,-140,-61.0,-140,-140.0,-140.0,-140.0,-140.0,-140.0,-140.0,-70.0,-140.0,-140.0,-140.0,-140.0,-140.0,-140.0,-140.0,-140.0,-140.0,-140,-140.0,-140.0,-140.0,-140.0,-140.0,-140.0,-140.0,-140.0,-140.0,-140.0,-140.0,-140.0,-91.0,-140.0,-91.0,-140.0,-140.0,-140.0,-140,-88.0,-140.0,-140.0,-140,-140,-140,-140,-140,-140,-140,-140.0,-140.0,-140,-140.0,-140,-140.0,-140,-140.0,-140,-140.0,-140.0,-140.0,-140,-140,-140,-140.0,-140.0,-140,-140.0,-140,-140,-140.0,-140,-140,-140,-140,-140,-140.0,-140,-140.0,-140.0,-140,-140,-92.0,-91.0,-140,-140,-140,-140,-140,-140,-140,-140,-140,-140,-140,-140,-140,-140,-140,-140,-140,-140,-140,-140,-140,-140,-140,-140.0,-140,-140,-140,-140,-140,-140,-140,-140,-140,-140,-140,-140,-140,-140,-140,-140,-140,-140,-140.0,-140,-140,-140,-140,-140,-140,-140,-140,-140,-140,-140,-140,-140,-140,-140,-140,-140.0,-140,-140.0,-140,-140,-140,-140,-140,-140,-80.0,-140,-140,-140,-140,-140.0,-140,-140,-140,-140,-140,-140,-140,-140,-140,-140,-140,-140,-140,-140,-140,-140,-140,-140
9.0838,-68.0,-140,-140.0,-140,-140,-140.0,-140.0,-140,-80.0,-140,-140,-87.0,-140,-140,-57.0,-140,-140,-140,-140,-140,-140,-140,-140.0,-140.0,-140.0,-140,-140.0,-140.0,-140,-140.0,-140,-140,-140,-140,-140,-140,-66.0,-71.0,-140.0,-140,-140,-140,-140,-140,-140,-64.0,-140,-140.0,-140,-140,-140,-71.0,-140,-140,-77.0,-140,-140,-78.0,-63.0,-63.0,-60.0,-140,-66.0,-140,-140.0,-140.0,-140.0,-140.0,-140.0,-140.0,-140.0,-140.0,-140.0,-140.0,-140.0,-140.0,-140.0,-140.0,-140.0,-140.0,-140,-140.0,-140.0,-140.0,-140.0,-140.0,-140.0,-140.0,-140.0,-140.0,-140.0,-140.0,-140.0,-90.0,-88.0,-91.0,-140.0,-140.0,-140.0,-140,-140.0,-140.0,-140.0,-140,-140,-140,-140,-140,-140,-140,-140.0,-140.0,-140,-140.0,-140,-140.0,-140,-140.0,-140,-140.0,-92.0,-140.0,-140,-140,-140,-140.0,-140.0,-140,-140.0,-140,-140,-140.0,-140,-140,-140,-140,-140,-140.0,-140,-140.0,-140.0,-140,-140,-140.0,-140.0,-140,-140,-140,-140,-140,-140,-140,-140,-140,-140,-140,-140,-140,-140,-140,-140,-140,-140,-140,-140,-140,-140,-140,-140.0,-140,-140,-140,-140,-140,-140,-140,-140,-140,-140,-140,-140,-140,-140,-140,-140,-140,-140,-140.0,-140,-140,-140,-140,-140,-140,-140,-140,-140,-140,-140,-140,-140,-140,-140,-140,-140.0,-140,-140.0,-140,-140,-140,-140,-140,-140,-82.0,-140,-140,-140,-140,-140.0,-140,-140,-140,-140,-140,-140,-140,-140,-140,-140,-140,-140,-140,-140,-140,-140,-140,-140
11.0948,-66.0,-140,-140.0,-140,-140,-140.0,-140.0,-140,-81.0,-140,-140,-92.0,-140,-140,-56.0,-140,-140,-140,-140,-140,-140,-140,-140.0,-140.0,-140.0,-140,-140.0,-140.0,-140,-140.0,-140,-140,-140,-140,-140,-140,-66.0,-72.0,-140.0,-140,-140,-140,-140,-140,-140,-70.0,-140,-140.0,-140,-140,-140,-72.0,-140,-140,-82.0,-140,-140,-76.0,-65.0,-65.0,-67.0,-140,-61.0,-140,-91.0,-140.0,-140.0,-140.0,-140.0,-140.0,-140.0,-140.0,-140.0,-140.0,-140.0,-95.0,-140.0,-140.0,-140.0,-140.0,-140,-140.0,-140.0,-140.0,-140.0,-140.0,-140.0,-140.0,-140.0,-90.0,-89.0,-140.0,-140.0,-90.0,-140.0,-89.0,-140.0,-140.0,-140.0,-140,-90.0,-140.0,-140.0,-140,-140,-140,-140,-140,-140,-140,-140.0,-140.0,-140,-140.0,-140,-140.0,-140,-140.0,-140,-140.0,-140.0,-140.0,-140,-140,-140,-140.0,-140.0,-140,-140.0,-140,-140,-140.0,-140,-140,-140,-140,-140,-140.0,-140,-140.0,-140.0,-140,-140,-140.0,-140.0,-140,-140,-140,-140,-140,-140,-140,-140,-140,-140,-140,-140,-140,-140,-140,-140,-140,-140,-140,-140,-140,-140,-140,-140.0,-140,-140,-140,-140,-140,-140,-140,-140,-140,-140,-140,-140,-140,-140,-140,-140,-140,-140,-140.0,-140,-140,-140,-140,-140,-140,-140,-140,-140,-140,-140,-140,-140,-140,-140,-140,-140.0,-140,-140.0,-140,-140,-140,-140,-140,-140,-73.0,-140,-140,-140,-140,-140.0,-140,-140,-140,-140,-140,-140,-140,-140,-140,-140,-140,-140,-140,-140,-140,-140,-140,-140
13.2394,-71.0,-140,-140.0,-140,-140,-140.0,-140.0,-140,-82.0,-140,-140,-92.0,-140,-140,-51.0,-140,-140,-140,-140,-140,-140,-140,-140.0,-140.0,-140.0,-140,-140.0,-140.0,-140,-140.0,-140,-140,-140,-140,-140,-140,-63.0,-71.0,-140.0,-140,-140,-140,-140,-140,-140,-61.0,-140,-140.0,-140,-140,-140,-70.0,-140,-140,-88.0,-140,-140,-76.0,-63.0,-63.0,-62.0,-140,-68.0,-140,-140.0,-140.0,-140.0,-140.0,-140.0,-140.0,-140.0,-140.0,-140.0,-140.0,-140.0,-140.0,-140.0,-140.0,-140.0,-140.0,-140,-140.0,-140.0,-140.0,-140.0,-140.0,-140.0,-140.0,-140.0,-89.0,-88.0,-140.0,-140.0,-88.0,-88.0,-89.0,-140.0,-140.0,-140.0,-140,-91.0,-140.0,-140.0,-140,-140,-140,-140,-140,-140,-140,-140.0,-140.0,-140,-140.0,-140,-140.0,-140,-140.0,-140,-140.0,-140.0,-140.0,-140,-140,-140,-140.0,-140.0,-140,-94.0,-140,-140,-140.0,-140,-140,-140,-140,-140,-140.0,-140,-140.0,-140.0,-140,-140,-140.0,-140.0,-140,-140,-140,-140,-140,-140,-140,-140,-140,-140,-140,-140,-140,-140,-140,-140,-140,-140,-140,-140,-140,-140,-140,-140.0,-140,-140,-140,-140,-140,-140,-140,-140,-140,-140,-140,-140,-140,-140,-140,-140,-140,-140,-140.0,-140,-140,-140,-140,-140,-140,-140,-140,-140,-140,-140,-140,-140,-140,-140,-140,-140.0,-140,-140.0,-140,-140,-140,-140,-140,-140,-76.0,-140,-140,-140,-140,-140.0,-140,-140,-140,-140,-140,-140,-140,-140,-140,-140,-140,-140,-140,-140,-140,-140,-140,-140
15.1093,-69.0,-140,-140.0,-140,-140,-140.0,-140.0,-140,-80.0,-140,-140,-140.0,-140,-140,-55.0,-140,-140,-140,-140,-140,-140,-140,-140.0,-92.0,-140.0,-140,-140.0,-140.0,-140,-140.0,-140,-140,-140,-140,-140,-140,-62.0,-69.0,-140.0,-140,-140,-140,-140,-140,-140,-60.0,-140,-140.0,-140,-140,-140,-70.0,-140,-140,-85.0,-140,-140,-70.0,-63.0,-63.0,-64.0,-140,-70.0,-140,-93.0,-140.0,-140.0,-140.0,-140.0,-140.0,-140.0,-140.0,-140.0,-140.0,-140.0,-140.0,-140.0,-140.0,-140.0,-140.0,-140,-140.0,-140.0,-140.0,-140.0,-140.0,-140.0,-140.0,-140.0,-89.0,-140.0,-140.0,-140.0,-140.0,-140.0,-140.0,-140.0,-140.0,-140.0,-140,-140.0,-140.0,-140.0,-140,-140,-140,-140,-140,-140,-140,-140.0,-140.0,-140,-140.0,-140,-140.0,-140,-140.0,-140,-140.0,-140.0,-140.0,-140,-140,-140,-140.0,-140.0,-140,-140.0,-140,-140,-140.0,-140,-140,-140,-140,-140,-140.0,-140,-140.0,-140.0,-140,-140,-140.0,-140.0,-140,-140,-140,-140,-140,-140,-140,-140,-140,-140,-140,-140,-140,-140,-140,-140,-140,-140,-140,-140,-140,-140,-140,-140.0,-140,-140,-140,-140,-140,-140,-140,-140,-140,-140,-140,-140,-140,-140,-140,-140,-140,-140,-140.0,-140,-140,-140,-140,-140,-140,-140,-140,-140,-140,-140,-140,-140,-140,-140,-140,-140.0,-140,-140.0,-140,-140,-140,-140,-140,-140,-70.0,-140,-140,-140,-140,-140.0,-140,-140,-140,-140,-140,-140,-140,-140,-140,-140,-140,-140,-140,-140,-140,-140,-140,-140
17.0753,-77.0,-140,-140.0,-140,-140,-140.0,-140.0,-140,-79.0,-140,-140,-90.0,-140,-140,-54.0,-140,-140,-140,-140,-140,-140,-140,-140.0,-140.0,-140.0,-140,-140.0,-140.0,-140,-140.0,-140,-140,-140,-140,-140,-140,-67.0,-69.0,-140.0,-140,-140,-140,-140,-140,-140,-69.0,-140,-140.0,-140,-140,-140,-71.0,-140,-140,-88.0,-140,-140,-75.0,-61.0,-61.0,-67.0,-140,-61.0,-140,-140.0,-140.0,-140.0,-140.0,-140.0,-88.0,-140.0,-140.0,-140.0,-140.0,-140.0,-140.0,-140.0,-140.0,-140.0,-140.0,-140,-140.0,-140.0,-140.0,-140.0,-140.0,-140.0,-140.0,-140.0,-140.0,-140.0,-140.0,-140.0,-140.0,-140.0,-140.0,-140.0,-140.0,-140.0,-140,-140.0,-140.0,-140.0,-140,-140,-140,-140,-140,-140,-140,-140.0,-140.0,-140,-140.0,-140,-140.0,-140,-140.0,-140,-140.0,-140.0,-140.0,-140,-140,-140,-140.0,-140.0,-140,-140.0,-140,-140,-140.0,-140,-140,-140,-140,-140,-140.0,-140,-140.0,-140.0,-140,-140,-140.0,-140.0,-140,-140,-140,-140,-140,-140,-140,-140,-140,-140,-140,-140,-140,-140,-140,-140,-140,-140,-140,-140,-140,-140,-140,-140.0,-140,-140,-140,-140,-140,-140,-140,-140,-140,-140,-140,-140,-140,-140,-140,-140,-140,-140,-140.0,-140,-140,-140,-140,-140,-140,-140,-140,-140,-140,-140,-140,-140,-140,-140,-140,-140.0,-140,-140.0,-140,-140,-140,-140,-140,-140,-80.0,-140,-140,-140,-140,-140.0,-140,-140,-140,-140,-140,-140,-140,-140,-140,-140,-140,-140,-140,-140,-140,-140,-140,-140
19.1041,-63.0,-140,-140.0,-140,-140,-140.0,-140.0,-140,-80.0,-140,-140,-140.0,-140,-140,-56.0,-140,-140,-140,-140,-140,-140,-140,-140.0,-93.0,-140.0,-140,-140.0,-140.0,-140,-140.0,-140,-140,-140,-140,-140,-140,-69.0,-71.0,-140.0,-140,-140,-140,-140,-140,-140,-68.0,-140,-140.0,-140,-140,-140,-64.0,-140,-140,-140.0,-140,-140,-80.0,-66.0,-66.0,-69.0,-140,-62.0,-140,-90.0,-140.0,-140.0,-140.0,-140.0,-140.0,-140.0,-140.0,-140.0,-140.0,-140.0,-140.0,-140.0,-140.0,-140.0,-140.0,-140,-140.0,-140.0,-140.0,-140.0,-140.0,-140.0,-140.0,-140.0,-140.0,-140.0,-140.0,-140.0,-140.0,-140.0,-140.0,-140.0,-140.0,-140.0,-140,-140.0,-140.0,-140.0,-140,-140,-140,-140,-140,-140,-140,-140.0,-140.0,-140,-140.0,-140,-140.0,-140,-140.0,-140,-140.0,-140.0,-140.0,-140,-140,-140,-140.0,-140.0,-140,-140.0,-140,-140,-140.0,-140,-140,-140,-140,-140,-140.0,-140,-140.0,-140.0,-140,-140,-140.0,-140.0,-140,-140,-140,-140,-140,-140,-140,-140,-140,-140,-140,-140,-140,-140,-140,-140,-140,-140,-140,-140,-140,-140,-140,-140.0,-140,-140,-140,-140,-140,-140,-140,-140,-140,-140,-140,-140,-140,-140,-140,-140,-140,-140,-140.0,-140,-140,-140,-140,-140,-140,-140,-140,-140,-140,-140,-140,-140,-140,-140,-140,-140.0,-140,-140.0,-140,-140,-140,-140,-140,-140,-70.0,-140,-140,-140,-140,-140.0,-140,-140,-140,-140,-140,-140,-140,-140,-140,-140,-140,-140,-140,-140,-140,-140,-140,-140
21.0994,-69.0,-140,-140.0,-140,-140,-140.0,-140.0,-140,-76.0,-140,-140,-89.0,-140,-140,-52.0,-140,-140,-140,-140,-140,-140,-140,-140.0,-140.0,-140.0,-140,-140.0,-140.0,-140,-140.0,-140,-140,-140,-140,-140,-140,-71.0,-72.0,-140.0,-140,-140,-140,-140,-140,-140,-67.0,-140,-140.0,-140,-140,-140,-74.0,-140,-140,-83.0,-140,-140,-77.0,-65.0,-65.0,-72.0,-140,-68.0,-140,-91.0,-140.0,-140.0,-140.0,-140.0,-140.0,-140.0,-140.0,-140.0,-140.0,-140.0,-140.0,-140.0,-140.0,-140.0,-140.0,-140,-140.0,-140.0,-140.0,-140.0,-140.0,-140.0,-140.0,-140.0,-87.0,-87.0,-140.0,-140.0,-88.0,-87.0,-87.0,-140.0,-140.0,-140.0,-140,-140.0,-140.0,-140.0,-140,-140,-140,-140,-140,-140,-140,-140.0,-140.0,-140,-140.0,-140,-140.0,-140,-140.0,-140,-140.0,-140.0,-140.0,-140,-140,-140,-140.0,-140.0,-140,-140.0,-140,-140,-140.0,-140,-140,-140,-140,-140,-140.0,-140,-140.0,-140.0,-140,-140,-140.0,-140.0,-140,-140,-140,-140,-140,-140,-140,-140,-140,-140,-140,-140,-140,-140,-140,-140,-140,-140,-140,-140,-140,-140,-140,-140.0,-140,-140,-140,-140,-140,-140,-140,-140,-140,-140,-140,-140,-140,-140,-140,-140,-140,-140,-140.0,-140,-140,-140,-140,-140,-140,-140,-140,-140,-140,-140,-140,-140,-140,-140,-140,-140.0,-140,-140.0,-140,-140,-140,-140,-140,-140,-76.0,-140,-140,-140,-140,-140.0,-140,-140,-140,-140,-140,-140,-140,-140,-140,-140,-140,-140,-140,-140,-140,-140,-140,-140
23.1517,-69.0,-140,-140.0,-140,-140,-140.0,-140.0,-140,-77.0,-140,-140,-140.0,-140,-140,-55.0,-140,-140,-140,-140,-140,-140,-140,-140.0,-92.0,-140.0,-140,-140.0,-140.0,-140,-140.0,-140,-140,-140,-140,-140,-140,-67.0,-75.0,-140.0,-140,-140,-140,-140,-140,-140,-65.0,-140,-140.0,-140,-140,-140,-75.0,-140,-140,-85.0,-140,-140,-68.0,-64.0,-64.0,-68.0,-140,-68.0,-140,-92.0,-140.0,-140.0,-140.0,-140.0,-140.0,-140.0,-140.0,-140.0,-140.0,-140.0,-140.0,-140.0,-140.0,-140.0,-140.0,-140,-140.0,-140.0,-140.0,-140.0,-140.0,-140.0,-140.0,-140.0,-140.0,-140.0,-140.0,-140.0,-140.0,-140.0,-140.0,-140.0,-140.0,-140.0,-140,-140.0,-140.0,-140.0,-140,-140,-140,-140,-140,-140,-140,-140.0,-140.0,-140,-140.0,-140,-140.0,-140,-140.0,-140,-140.0,-140.0,-140.0,-140,-140,-140,-140.0,-140.0,-140,-140.0,-140,-140,-140.0,-140,-140,-140,-140,-140,-140.0,-140,-140.0,-140.0,-140,-140,-140.0,-140.0,-140,-140,-140,-140,-140,-140,-140,-140,-140,-140,-140,-140,-140,-140,-140,-140,-140,-140,-140,-140,-140,-140,-140,-140.0,-140,-140,-140,-140,-140,-140,-140,-140,-140,-140,-140,-140,-140,-140,-140,-140,-140,-140,-140.0,-140,-140,-140,-140,-140,-140,-140,-140,-140,-140,-140,-140,-140,-140,-140,-140,-140.0,-140,-140.0,-140,-140,-140,-140,-140,-140,-140.0,-140,-140,-140,-140,-140.0,-140,-140,-140,-140,-140,-140,-140,-140,-140,-140,-140,-140,-140,-140,-140,-140,-140,-140
25.1039,-65.0,-140,-140.0,-140,-140,-140.0,-140.0,-140,-76.0,-140,-140,-140.0,-140,-140,-57.0,-140,-140,-140,-140,-140,-140,-140,-93.0,-91.0,-140.0,-140,-140.0,-140.0,-140,-140.0,-140,-140,-140,-140,-140,-140,-62.0,-74.0,-93.0,-140,-140,-140,-140,-140,-140,-67.0,-140,-140.0,-140,-140,-140,-75.0,-140,-140,-82.0,-140,-140,-74.0,-62.0,-62.0,-65.0,-140,-65.0,-140,-140.0,-140.0,-140.0,-140.0,-140.0,-140.0,-140.0,-140.0,-140.0,-140.0,-140.0,-140.0,-140.0,-140.0,-140.0,-140.0,-140,-140.0,-140.0,-140.0,-140.0,-140.0,-140.0,-140.0,-140.0,-140.0,-140.0,-140.0,-140.0,-140.0,-140.0,-140.0,-140.0,-140.0,-140.0,-140,-140.0,-140.0,-140.0,-140,-140,-140,-140,-140,-140,-140,-140.0,-140.0,-140,-140.0,-140,-140.0,-140,-140.0,-140,-140.0,-140.0,-140.0,-140,-140,-140,-140.0,-140.0,-140,-140.0,-140,-140,-140.0,-140,-140,-140,-140,-140,-140.0,-140,-140.0,-140.0,-140,-140,-140.0,-140.0,-140,-140,-140,-140,-140,-140,-140,-140,-140,-140,-140,-140,-140,-140,-140,-140,-140,-140,-140,-140,-140,-140,-140,-140.0,-140,-140,-140,-140,-140,-140,-140,-140,-140,-140,-140,-140,-140,-140,-140,-140,-140,-140,-140.0,-140,-140,-140,-140,-140,-140,-140,-140,-140,-140,-140,-140,-140,-140,-140,-140,-140.0,-140,-140.0,-140,-140,-140,-140,-140,-140,-63.0,-140,-140,-140,-140,-140.0,-140,-140,-140,-140,-140,-140,-140,-140,-140,-140,-140,-140,-140,-140,-140,-140,-140,-140
27.0582,-73.0,-140,-140.0,-140,-140,-140.0,-140.0,-140,-78.0,-140,-140,-140.0,-140,-140,-55.0,-140,-140,-140,-140,-140,-140,-140,-140.0,-140.0,-140.0,-140,-140.0,-140.0,-140,-140.0,-140,-140,-140,-140,-140,-140,-71.0,-66.0,-140.0,-140,-140,-140,-140,-140,-140,-57.0,-140,-140.0,-140,-140,-140,-72.0,-140,-140,-88.0,-140,-140,-75.0,-64.0,-64.0,-71.0,-140,-66.0,-140,-140.0,-140.0,-140.0,-140.0,-140.0,-140.0,-140.0,-140.0,-140.0,-140.0,-140.0,-140.0,-140.0,-140.0,-140.0,-140.0,-140,-140.0,-140.0,-140.0,-140.0,-140.0,-140.0,-140.0,-140.0,-89.0,-89.0,-140.0,-140.0,-88.0,-89.0,-89.0,-140.0,-140.0,-140.0,-140,-140.0,-140.0,-140.0,-140,-140,-140,-140,-140,-140,-140,-140.0,-140.0,-140,-140.0,-140,-140.0,-140,-140.0,-140,-140.0,-140.0,-140.0,-140,-140,-140,-93.0,-140.0,-140,-140.0,-140,-140,-140.0,-140,-140,-140,-140,-140,-140.0,-140,-140.0,-140.0,-140,-140,-92.0,-140.0,-140,-140,-140,-140,-140,-140,-140,-140,-140,-140,-140,-140,-140,-140,-140,-140,-140,-140,-140,-140,-140,-140,-140,-140.0,-140,-140,-140,-140,-140,-140,-140,-140,-140,-140,-140,-140,-140,-140,-140,-140,-140,-140,-140.0,-140,-140,-140,-140,-140,-140,-140,-140,-140,-140,-140,-140,-140,-140,-140,-140,-140.0,-140,-140.0,-140,-140,-140,-140,-140,-140,-71.0,-140,-140,-140,-140,-140.0,-140,-140,-140,-140,-140,-140,-140,-140,-140,-140,-140,-140,-140,-140,-140,-140,-140,-140
29.0832,-73.0,-140,-140.0,-140,-140,-140.0,-140.0,-140,-140.0,-140,-140,-89.0,-140,-140,-56.0,-140,-140,-140,-140,-140,-140,-140,-140.0,-140.0,-140.0,-140,-140.0,-140.0,-140,-140.0,-140,-140,-140,-140,-140,-140,-68.0,-66.0,-140.0,-140,-140,-140,-140,-140,-140,-66.0,-140,-140.0,-140,-140,-140,-72.0,-140,-140,-91.0,-140,-140,-70.0,-63.0,-63.0,-74.0,-140,-66.0,-140,-140.0,-140.0,-140.0,-140.0,-140.0,-140.0,-140.0,-92.0,-140.0,-140.0,-140.0,-140.0,-140.0,-140.0,-140.0,-140.0,-140,-140.0,-140.0,-140.0,-140.0,-140.0,-140.0,-140.0,-140.0,-140.0,-88.0,-140.0,-140.0,-91.0,-140.0,-91.0,-140.0,-140.0,-140.0,-140,-140.0,-140.0,-140.0,-140,-140,-140,-140,-140,-140,-140,-140.0,-140.0,-140,-140.0,-140,-140.0,-140,-140.0,-140,-140.0,-140.0,-140.0,-140,-140,-140,-140.0,-140.0,-140,-140.0,-140,-140,-140.0,-140,-140,-140,-140,-140,-140.0,-140,-140.0,-140.0,-140,-140,-140.0,-140.0,-140,-140,-140,-140,-140,-140,-140,-140,-140,-140,-140,-140,-140,-140,-140,-140,-140,-140,-140,-140,-140,-140,-140,-140.0,-140,-140,-140,-140,-140,-140,-140,-140,-140,-140,-140,-140,-140,-140,-140,-140,-140,-140,-140.0,-140,-140,-140,-140,-140,-140,-140,-140,-140,-140,-140,-140,-140,-140,-140,-140,-140.0,-140,-140.0,-140,-140,-140,-140,-140,-140,-77.0,-140,-140,-140,-140,-140.0,-140,-140,-140,-140,-140,-140,-140,-140,-140,-140,-140,-140,-140,-140,-140,-140,-140,-140
31.1,-77.0,-140,-140.0,-140,-140,-140.0,-140.0,-140,-76.0,-140,-140,-88.0,-140,-140,-58.0,-140,-140,-140,-140,-140,-140,-140,-140.0,-140.0,-140.0,-140,-140.0,-140.0,-140,-140.0,-140,-140,-140,-140,-140,-140,-65.0,-72.0,-140.0,-140,-140,-140,-140,-140,-140,-68.0,-140,-140.0,-140,-140,-140,-73.0,-140,-140,-82.0,-140,-140,-74.0,-62.0,-62.0,-63.0,-140,-64.0,-140,-90.0,-140.0,-140.0,-140.0,-140.0,-140.0,-140.0,-140.0,-140.0,-140.0,-140.0,-140.0,-140.0,-140.0,-140.0,-140.0,-140,-140.0,-140.0,-140.0,-140.0,-140.0,-140.0,-140.0,-140.0,-140.0,-91.0,-140.0,-140.0,-140.0,-140.0,-140.0,-140.0,-140.0,-140.0,-140,-140.0,-140.0,-140.0,-140,-140,-140,-140,-140,-140,-140,-140.0,-140.0,-140,-140.0,-140,-140.0,-140,-140.0,-140,-140.0,-140.0,-140.0,-140,-140,-140,-140.0,-140.0,-140,-140.0,-140,-140,-140.0,-140,-140,-140,-140,-140,-140.0,-140,-140.0,-140.0,-140,-140,-140.0,-140.0,-140,-140,-140,-140,-140,-140,-140,-140,-140,-140,-140,-140,-140,-140,-140,-140,-140,-140,-140,-140,-140,-140,-140,-140.0,-140,-140,-140,-140,-140,-140,-140,-140,-140,-140,-140,-140,-140,-140,-140,-140,-140,-140,-140.0,-140,-140,-140,-140,-140,-140,-140,-140,-140,-140,-140,-140,-140,-140,-140,-140,-140.0,-140,-140.0,-140,-140,-140,-140,-140,-140,-68.0,-140,-140,-140,-140,-140.0,-140,-140,-140,-140,-140,-140,-140,-140,-140,-140,-140,-140,-140,-140,-140,-140,-140,-140
33.1119,-74.0,-140,-140.0,-140,-140,-140.0,-140.0,-140,-140.0,-140,-140,-85.0,-140,-140,-53.0,-140,-140,-140,-140,-140,-140,-140,-140.0,-92.0,-140.0,-140,-140.0,-140.0,-140,-140.0,-140,-140,-140,-140,-140,-140,-65.0,-71.0,-140.0,-140,-140,-140,-140,-140,-140,-62.0,-140,-140.0,-140,-140,-140,-75.0,-140,-140,-84.0,-140,-140,-73.0,-64.0,-65.0,-65.0,-140,-61.0,-140,-140.0,-140.0,-140.0,-140.0,-140.0,-140.0,-140.0,-140.0,-140.0,-140.0,-140.0,-140.0,-140.0,-140.0,-140.0,-140.0,-140,-140.0,-140.0,-140.0,-140.0,-140.0,-140.0,-140.0,-140.0,-140.0,-140.0,-140.0,-140.0,-140.0,-140.0,-140.0,-140.0,-140.0,-140.0,-140,-140.0,-140.0,-140.0,-140,-140,-140,-140,-140,-140,-140,-140.0,-140.0,-140,-140.0,-140,-140.0,-140,-140.0,-140,-140.0,-140.0,-140.0,-140,-140,-140,-140.0,-140.0,-140,-140.0,-140,-140,-140.0,-140,-140,-140,-140,-140,-140.0,-140,-140.0,-140.0,-140,-140,-140.0,-140.0,-140,-140,-140,-140,-140,-140,-140,-140,-140,-140,-140,-140,-140,-140,-140,-140,-140,-140,-140,-140,-140,-140,-140,-140.0,-140,-140,-140,-140,-140,-140,-140,-140,-140,-140,-140,-140,-140,-140,-140,-140,-140,-140,-140.0,-140,-140,-140,-140,-140,-140,-140,-140,-140,-140,-140,-140,-140,-140,-140,-140,-140.0,-140,-140.0,-140,-140,-140,-140,-140,-140,-74.0,-140,-140,-140,-140,-140.0,-140,-140,-140,-140,-140,-140,-140,-140,-140,-140,-140,-140,-140,-140,-140,-140,-140,-140
35.0931,-72.0,-140,-140.0,-140,-140,-140.0,-140.0,-140,-77.0,-140,-140,-88.0,-140,-140,-53.0,-140,-140,-140,-140,-140,-140,-140,-140.0,-90.0,-140.0,-140,-140.0,-140.0,-140,-140.0,-140,-140,-140,-140,-140,-140,-68.0,-69.0,-140.0,-140,-140,-140,-140,-140,-140,-60.0,-140,-140.0,-140,-140,-140,-72.0,-140,-140,-82.0,-140,-140,-140.0,-60.0,-61.0,-69.0,-140,-67.0,-140,-140.0,-140.0,-140.0,-140.0,-140.0,-140.0,-140.0,-140.0,-140.0,-140.0,-140.0,-140.0,-140.0,-140.0,-140.0,-140.0,-140,-140.0,-140.0,-140.0,-140.0,-140.0,-140.0,-140.0,-140.0,-140.0,-140.0,-140.0,-140.0,-140.0,-140.0,-140.0,-140.0,-140.0,-140.0,-140,-140.0,-140.0,-140.0,-140,-140,-140,-140,-140,-140,-140,-140.0,-140.0,-140,-140.0,-140,-140.0,-140,-140.0,-140,-140.0,-140.0,-140.0,-140,-140,-140,-140.0,-140.0,-140,-140.0,-140,-140,-140.0,-140,-140,-140,-140,-140,-140.0,-140,-140.0,-140.0,-140,-140,-140.0,-140.0,-140,-140,-140,-140,-140,-140,-140,-140,-140,-140,-140,-140,-140,-140,-140,-140,-140,-140,-140,-140,-140,-140,-140,-140.0,-140,-140,-140,-140,-140,-140,-140,-140,-140,-140,-140,-140,-140,-140,-140,-140,-140,-140,-140.0,-140,-140,-140,-140,-140,-140,-140,-140,-140,-140,-140,-140,-140,-140,-140,-140,-140.0,-140,-140.0,-140,-140,-140,-140,-140,-140,-73.0,-140,-140,-140,-140,-140.0,-140,-140,-140,-140,-140,-140,-140,-140,-140,-140,-140,-140,-140,-140,-140,-140,-140,-140
37.0956,-75.0,-140,-140.0,-140,-140,-140.0,-140.0,-140,-75.0,-140,-140,-87.0,-140,-140,-54.0,-140,-140,-140,-140,-140,-140,-140,-140.0,-89.0,-140.0,-140,-140.0,-140.0,-140,-140.0,-140,-140,-140,-140,-140,-140,-60.0,-70.0,-140.0,-140,-140,-140,-140,-140,-140,-61.0,-140,-140.0,-140,-140,-140,-70.0,-140,-140,-82.0,-140,-140,-73.0,-66.0,-66.0,-60.0,-140,-67.0,-140,-92.0,-140.0,-140.0,-140.0,-140.0,-140.0,-140.0,-140.0,-140.0,-140.0,-140.0,-140.0,-140.0,-140.0,-140.0,-140.0,-140,-140.0,-140.0,-140.0,-140.0,-140.0,-140.0,-140.0,-140.0,-140.0,-140.0,-140.0,-140.0,-140.0,-140.0,-140.0,-140.0,-140.0,-140.0,-140,-140.0,-140.0,-140.0,-140,-140,-140,-140,-140,-140,-140,-140.0,-140.0,-140,-140.0,-140,-140.0,-140,-140.0,-140,-140.0,-140.0,-140.0,-140,-140,-140,-140.0,-140.0,-140,-140.0,-140,-140,-140.0,-140,-140,-140,-140,-140,-140.0,-140,-140.0,-140.0,-140,-140,-140.0,-140.0,-140,-140,-140,-140,-140,-140,-140,-140,-140,-140,-140,-140,-140,-140,-140,-140,-140,-140,-140,-140,-140,-140,-140,-140.0,-140,-140,-140,-140,-140,-140,-140,-140,-140,-140,-140,-140,-140,-140,-140,-140,-140,-140,-140.0,-140,-140,-140,-140,-140,-140,-140,-140,-140,-140,-140,-140,-140,-140,-140,-140,-140.0,-140,-140.0,-140,-140,-140,-140,-140,-140,-79.0,-140,-140,-140,-140,-140.0,-140,-140,-140,-140,-140,-140,-140,-140,-140,-140,-140,-140,-140,-140,-140,-140,-140,-140
39.0729,-64.0,-140,-140.0,-140,-140,-140.0,-140.0,-140,-76.0,-140,-140,-140.0,-140,-140,-54.0,-140,-140,-140,-140,-140,-140,-140,-140.0,-140.0,-140.0,-140,-140.0,-140.0,-140,-140.0,-140,-140,-140,-140,-140,-140,-63.0,-71.0,-92.0,-140,-140,-140,-140,-140,-140,-61.0,-140,-140.0,-140,-140,-140,-72.0,-140,-140,-83.0,-140,-140,-74.0,-66.0,-65.0,-63.0,-140,-68.0,-140,-93.0,-140.0,-140.0,-140.0,-140.0,-140.0,-140.0,-140.0,-140.0,-140.0,-140.0,-140.0,-140.0,-140.0,-140.0,-140.0,-140,-140.0,-140.0,-140.0,-140.0,-140.0,-140.0,-140.0,-140.0,-140.0,-140.0,-140.0,-140.0,-140.0,-140.0,-140.0,-140.0,-140.0,-140.0,-140,-140.0,-140.0,-140.0,-140,-140,-140,-140,-140,-140,-140,-140.0,-140.0,-140,-140.0,-140,-140.0,-140,-140.0,-140,-140.0,-140.0,-140.0,-140,-140,-140,-140.0,-140.0,-140,-140.0,-140,-140,-140.0,-140,-140,-140,-140,-140,-140.0,-140,-140.0,-140.0,-140,-140,-140.0,-140.0,-140,-140,-140,-140,-140,-140,-140,-140,-140,-140,-140,-140,-140,-140,-140,-140,-140,-140,-140,-140,-140,-140,-140,-140.0,-140,-140,-140,-140,-140,-140,-140,-140,-140,-140,-140,-140,-140,-140,-140,-140,-140,-140,-140.0,-140,-140,-140,-140,-140,-140,-140,-140,-140,-140,-140,-140,-140,-140,-140,-140,-140.0,-140,-140.0,-140,-140,-140,-140,-140,-140,-79.0,-140,-140,-140,-140,-140.0,-140,-140,-140,-140,-140,-140,-140,-140,-140,-140,-140,-140,-140,-140,-140,-140,-140,-140
41.0973,-64.0,-140,-140.0,-140,-140,-140.0,-140.0,-140,-76.0,-140,-140,-140.0,-140,-140,-54.0,-140,-140,-140,-140,-140,-140,-140,-140.0,-92.0,-140.0,-140,-140.0,-140.0,-140,-140.0,-140,-140,-140,-140,-140,-140,-60.0,-67.0,-92.0,-140,-140,-140,-140,-140,-140,-62.0,-140,-140.0,-140,-140,-140,-72.0,-140,-140,-81.0,-140,-140,-75.0,-64.0,-65.0,-65.0,-140,-68.0,-140,-93.0,-140.0,-140.0,-140.0,-140.0,-140.0,-140.0,-140.0,-140.0,-140.0,-140.0,-140.0,-140.0,-140.0,-140.0,-140.0,-140,-140.0,-140.0,-140.0,-140.0,-140.0,-140.0,-140.0,-140.0,-140.0,-140.0,-140.0,-140.0,-140.0,-140.0,-140.0,-140.0,-140.0,-140.0,-140,-140.0,-140.0,-140.0,-140,-140,-140,-140,-140,-140,-140,-140.0,-140.0,-140,-140.0,-140,-140.0,-140,-140.0,-140,-140.0,-140.0,-140.0,-140,-140,-140,-140.0,-140.0,-140,-140.0,-140,-140,-140.0,-140,-140,-140,-140,-140,-140.0,-140,-140.0,-140.0,-140,-140,-140.0,-140.0,-140,-140,-140,-140,-140,-140,-140,-140,-140,-140,-140,-140,-140,-140,-140,-140,-140,-140,-140,-140,-140,-140,-140,-140.0,-140,-140,-140,-140,-140,-140,-140,-140,-140,-140,-140,-140,-140,-140,-140,-140,-140,-140,-140.0,-140,-140,-140,-140,-140,-140,-140,-140,-140,-140,-140,-140,-140,-140,-140,-140,-140.0,-140,-140.0,-140,-140,-140,-140,-140,-140,-81.0,-140,-140,-140,-140,-140.0,-140,-140,-140,-140,-140,-140,-140,-140,-140,-140,-140,-140,-140,-140,-140,-140,-140,-140
43.0786,-72.0,-140,-140.0,-140,-140,-140.0,-140.0,-140,-77.0,-140,-140,-85.0,-140,-140,-54.0,-140,-140,-140,-140,-140,-140,-140,-140.0,-89.0,-140.0,-140,-140.0,-140.0,-140,-140.0,-140,-140,-140,-140,-140,-140,-64.0,-69.0,-140.0,-140,-140,-140,-140,-140,-140,-60.0,-140,-140.0,-140,-140,-140,-70.0,-140,-140,-81.0,-140,-140,-73.0,-66.0,-66.0,-65.0,-140,-68.0,-140,-92.0,-140.0,-140.0,-140.0,-140.0,-140.0,-140.0,-140.0,-140.0,-140.0,-140.0,-140.0,-140.0,-140.0,-140.0,-140.0,-140,-140.0,-140.0,-140.0,-140.0,-140.0,-140.0,-140.0,-140.0,-140.0,-140.0,-140.0,-140.0,-140.0,-140.0,-140.0,-140.0,-140.0,-140.0,-140,-140.0,-140.0,-140.0,-140,-140,-140,-140,-140,-140,-140,-140.0,-140.0,-140,-140.0,-140,-140.0,-140,-140.0,-140,-140.0,-140.0,-140.0,-140,-140,-140,-140.0,-140.0,-140,-140.0,-140,-140,-140.0,-140,-140,-140,-140,-140,-140.0,-140,-140.0,-140.0,-140,-140,-140.0,-140.0,-140,-140,-140,-140,-140,-140,-140,-140,-140,-140,-140,-140,-140,-140,-140,-140,-140,-140,-140,-140,-140,-140,-140,-140.0,-140,-140,-140,-140,-140,-140,-140,-140,-140,-140,-140,-140,-140,-140,-140,-140,-140,-140,-140.0,-140,-140,-140,-140,-140,-140,-140,-140,-140,-140,-140,-140,-140,-140,-140,-140,-140.0,-140,-140.0,-140,-140,-140,-140,-140,-140,-75.0,-140,-140,-140,-140,-140.0,-140,-140,-140,-140,-140,-140,-140,-140,-140,-140,-140,-140,-140,-140,-140,-140,-140,-140
45.0823,-72.0,-140,-140.0,-140,-140,-140.0,-140.0,-140,-78.0,-140,-140,-86.0,-140,-140,-55.0,-140,-140,-140,-140,-140,-140,-140,-140.0,-89.0,-140.0,-140,-140.0,-140.0,-140,-140.0,-140,-140,-140,-140,-140,-140,-69.0,-73.0,-140.0,-140,-140,-140,-140,-140,-140,-61.0,-140,-140.0,-140,-140,-140,-72.0,-140,-140,-82.0,-140,-140,-73.0,-64.0,-65.0,-69.0,-140,-68.0,-140,-91.0,-140.0,-140.0,-140.0,-140.0,-140.0,-140.0,-140.0,-140.0,-140.0,-140.0,-140.0,-140.0,-140.0,-140.0,-140.0,-140,-140.0,-140.0,-140.0,-140.0,-140.0,-140.0,-140.0,-140.0,-140.0,-140.0,-140.0,-140.0,-140.0,-140.0,-140.0,-140.0,-140.0,-140.0,-140,-140.0,-140.0,-140.0,-140,-140,-140,-140,-140,-140,-140,-140.0,-140.0,-140,-140.0,-140,-140.0,-140,-140.0,-140,-140.0,-140.0,-140.0,-140,-140,-140,-140.0,-140.0,-140,-140.0,-140,-140,-140.0,-140,-140,-140,-140,-140,-140.0,-140,-140.0,-140.0,-140,-140,-140.0,-140.0,-140,-140,-140,-140,-140,-140,-140,-140,-140,-140,-140,-140,-140,-140,-140,-140,-140,-140,-140,-140,-140,-140,-140,-140.0,-140,-140,-140,-140,-140,-140,-140,-140,-140,-140,-140,-140,-140,-140,-140,-140,-140,-140,-140.0,-140,-140,-140,-140,-140,-140,-140,-140,-140,-140,-140,-140,-140,-140,-140,-140,-140.0,-140,-140.0,-140,-140,-140,-140,-140,-140,-74.0,-140,-140,-140,-140,-140.0,-140,-140,-140,-140,-140,-140,-140,-140,-140,-140,-140,-140,-140,-140,-140,-140,-140,-140
47.124,-77.0,-140,-140.0,-140,-140,-140.0,-140.0,-140,-79.0,-140,-140,-86.0,-140,-140,-54.0,-140,-140,-140,-140,-140,-140,-140,-140.0,-140.0,-140.0,-140,-140.0,-140.0,-140,-140.0,-140,-140,-140,-140,-140,-140,-66.0,-70.0,-140.0,-140,-140,-140,-140,-140,-140,-63.0,-140,-140.0,-140,-140,-140,-74.0,-140,-140,-77.0,-140,-140,-77.0,-66.0,-66.0,-68.0,-140,-70.0,-140,-90.0,-140.0,-140.0,-140.0,-140.0,-140.0,-140.0,-140.0,-140.0,-140.0,-140.0,-140.0,-140.0,-140.0,-140.0,-140.0,-140,-140.0,-140.0,-140.0,-140.0,-140.0,-140.0,-140.0,-140.0,-89.0,-140.0,-140.0,-140.0,-89.0,-91.0,-89.0,-140.0,-140.0,-140.0,-140,-90.0,-140.0,-140.0,-140,-140,-140,-140,-140,-140,-140,-140.0,-140.0,-140,-140.0,-140,-140.0,-140,-140.0,-140,-140.0,-95.0,-140.0,-140,-140,-140,-140.0,-140.0,-140,-140.0,-140,-140,-140.0,-140,-140,-140,-140,-140,-140.0,-140,-140.0,-140.0,-140,-140,-140.0,-140.0,-140,-140,-140,-140,-140,-140,-140,-140,-140,-140,-140,-140,-140,-140,-140,-140,-140,-140,-140,-140,-140,-140,-140,-140.0,-140,-140,-140,-140,-140,-140,-140,-140,-140,-140,-140,-140,-140,-140,-140,-140,-140,-140,-140.0,-140,-140,-140,-140,-140,-140,-140,-140,-140,-140,-140,-140,-140,-140,-140,-140,-140.0,-140,-140.0,-140,-140,-140,-140,-140,-140,-73.0,-140,-140,-140,-140,-140.0,-140,-140,-140,-140,-140,-140,-140,-140,-140,-140,-140,-140,-140,-140,-140,-140,-140,-140
49.0849,-72.0,-140,-140.0,-140,-140,-140.0,-140.0,-140,-78.0,-140,-140,-88.0,-140,-140,-54.0,-140,-140,-140,-140,-140,-140,-140,-140.0,-91.0,-140.0,-140,-140.0,-140.0,-140,-140.0,-140,-140,-140,-140,-140,-140,-68.0,-74.0,-140.0,-140,-140,-140,-140,-140,-140,-62.0,-140,-140.0,-140,-140,-140,-74.0,-140,-140,-79.0,-140,-140,-77.0,-62.0,-62.0,-68.0,-140,-67.0,-140,-140.0,-140.0,-140.0,-140.0,-140.0,-140.0,-140.0,-140.0,-140.0,-140.0,-140.0,-140.0,-140.0,-140.0,-140.0,-140.0,-140,-140.0,-140.0,-140.0,-140.0,-140.0,-140.0,-140.0,-140.0,-140.0,-140.0,-140.0,-140.0,-140.0,-140.0,-140.0,-140.0,-140.0,-140.0,-140,-140.0,-140.0,-140.0,-140,-140,-140,-140,-140,-140,-140,-140.0,-140.0,-140,-140.0,-140,-140.0,-140,-140.0,-140,-140.0,-140.0,-140.0,-140,-140,-140,-140.0,-140.0,-140,-140.0,-140,-140,-140.0,-140,-140,-140,-140,-140,-140.0,-140,-140.0,-140.0,-140,-140,-140.0,-140.0,-140,-140,-140,-140,-140,-140,-140,-140,-140,-140,-140,-140,-140,-140,-140,-140,-140,-140,-140,-140,-140,-140,-140,-140.0,-140,-140,-140,-140,-140,-140,-140,-140,-140,-140,-140,-140,-140,-140,-140,-140,-140,-140,-140.0,-140,-140,-140,-140,-140,-140,-140,-140,-140,-140,-140,-140,-140,-140,-140,-140,-140.0,-140,-140.0,-140,-140,-140,-140,-140,-140,-71.0,-140,-140,-140,-140,-140.0,-140,-140,-140,-140,-140,-140,-140,-140,-140,-140,-140,-140,-140,-140,-140,-140,-140,-140
51.0652,-76.0,-140,-140.0,-140,-140,-140.0,-140.0,-140,-77.0,-140,-140,-91.0,-140,-140,-54.0,-140,-140,-140,-140,-140,-140,-140,-140.0,-92.0,-140.0,-140,-140.0,-140.0,-140,-140.0,-140,-140,-140,-140,-140,-140,-72.0,-76.0,-140.0,-140,-140,-140,-140,-140,-140,-59.0,-140,-140.0,-140,-140,-140,-75.0,-140,-140,-78.0,-140,-140,-75.0,-61.0,-61.0,-65.0,-140,-64.0,-140,-90.0,-140.0,-140.0,-140.0,-140.0,-140.0,-140.0,-140.0,-140.0,-140.0,-140.0,-140.0,-140.0,-140.0,-140.0,-140.0,-140,-140.0,-140.0,-140.0,-140.0,-140.0,-140.0,-140.0,-140.0,-89.0,-140.0,-140.0,-140.0,-89.0,-140.0,-140.0,-140.0,-140.0,-140.0,-140,-140.0,-140.0,-140.0,-140,-140,-140,-140,-140,-140,-140,-140.0,-140.0,-140,-91.0,-140,-140.0,-140,-140.0,-140,-140.0,-140.0,-140.0,-140,-140,-140,-140.0,-140.0,-140,-140.0,-140,-140,-140.0,-140,-140,-140,-140,-140,-140.0,-140,-140.0,-140.0,-140,-140,-140.0,-140.0,-140,-140,-140,-140,-140,-140,-140,-140,-140,-140,-140,-140,-140,-140,-140,-140,-140,-140,-140,-140,-140,-140,-140,-140.0,-140,-140,-140,-140,-140,-140,-140,-140,-140,-140,-140,-140,-140,-140,-140,-140,-140,-140,-140.0,-140,-140,-140,-140,-140,-140,-140,-140,-140,-140,-140,-140,-140,-140,-140,-140,-140.0,-140,-140.0,-140,-140,-140,-140,-140,-140,-73.0,-140,-140,-140,-140,-140.0,-140,-140,-140,-140,-140,-140,-140,-140,-140,-140,-140,-140,-140,-140,-140,-140,-140,-140
53.122,-71.0,-140,-140.0,-140,-140,-140.0,-140.0,-140,-77.0,-140,-140,-88.0,-140,-140,-53.0,-140,-140,-140,-140,-140,-140,-140,-140.0,-140.0,-140.0,-140,-140.0,-140.0,-140,-140.0,-140,-140,-140,-140,-140,-140,-68.0,-74.0,-140.0,-140,-140,-140,-140,-140,-140,-57.0,-140,-140.0,-140,-140,-140,-77.0,-140,-140,-140.0,-140,-140,-77.0,-62.0,-62.0,-69.0,-140,-67.0,-140,-90.0,-140.0,-140.0,-140.0,-140.0,-140.0,-140.0,-140.0,-140.0,-140.0,-140.0,-140.0,-140.0,-140.0,-140.0,-140.0,-140,-140.0,-140.0,-140.0,-140.0,-140.0,-140.0,-140.0,-140.0,-140.0,-140.0,-140.0,-140.0,-92.0,-140.0,-140.0,-140.0,-140.0,-140.0,-140,-140.0,-140.0,-140.0,-140,-140,-140,-140,-140,-140,-140,-140.0,-140.0,-140,-140.0,-140,-140.0,-140,-140.0,-140,-140.0,-140.0,-140.0,-140,-140,-140,-140.0,-140.0,-140,-140.0,-140,-140,-140.0,-140,-140,-140,-140,-140,-140.0,-140,-140.0,-140.0,-140,-140,-140.0,-140.0,-140,-140,-140,-140,-140,-140,-140,-140,-140,-140,-140,-140,-140,-140,-140,-140,-140,-140,-140,-140,-140,-140,-140,-140.0,-140,-140,-140,-140,-140,-140,-140,-140,-140,-140,-140,-140,-140,-140,-140,-140,-140,-140,-140.0,-140,-140,-140,-140,-140,-140,-140,-140,-140,-140,-140,-140,-140,-140,-140,-140,-140.0,-140,-140.0,-140,-140,-140,-140,-140,-140,-73.0,-140,-140,-140,-140,-140.0,-140,-140,-140,-140,-140,-140,-140,-140,-140,-140,-140,-140,-140,-140,-140,-140,-140,-140
55.0654,-74.0,-140,-140.0,-140,-140,-140.0,-140.0,-140,-78.0,-140,-140,-140.0,-140,-140,-54.0,-140,-140,-140,-140,-140,-140,-140,-140.0,-90.0,-140.0,-140,-140.0,-140.0,-140,-140.0,-140,-140,-140,-140,-140,-140,-72.0,-70.0,-140.0,-140,-140,-140,-140,-140,-140,-62.0,-140,-140.0,-140,-140,-140,-73.0,-140,-140,-84.0,-140,-140,-71.0,-64.0,-64.0,-72.0,-140,-68.0,-140,-140.0,-140.0,-140.0,-140.0,-140.0,-140.0,-140.0,-140.0,-140.0,-140.0,-140.0,-140.0,-140.0,-140.0,-140.0,-140.0,-140,-140.0,-140.0,-140.0,-140.0,-140.0,-140.0,-140.0,-140.0,-89.0,-140.0,-140.0,-140.0,-140.0,-140.0,-140.0,-140.0,-140.0,-140.0,-140,-91.0,-140.0,-140.0,-140,-140,-140,-140,-140,-140,-140,-140.0,-140.0,-140,-140.0,-140,-140.0,-140,-140.0,-140,-140.0,-140.0,-140.0,-140,-140,-140,-140.0,-140.0,-140,-140.0,-140,-140,-140.0,-140,-140,-140,-140,-140,-140.0,-140,-140.0,-140.0,-140,-140,-140.0,-140.0,-140,-140,-140,-140,-140,-140,-140,-140,-140,-140,-140,-140,-140,-140,-140,-140,-140,-140,-140,-140,-140,-140,-140,-140.0,-140,-140,-140,-140,-140,-140,-140,-140,-140,-140,-140,-140,-140,-140,-140,-140,-140,-140,-140.0,-140,-140,-140,-140,-140,-140,-140,-140,-140,-140,-140,-140,-140,-140,-140,-140,-140.0,-140,-140.0,-140,-140,-140,-140,-140,-140,-80.0,-140,-140,-140,-140,-140.0,-140,-140,-140,-140,-140,-140,-140,-140,-140,-140,-140,-140,-140,-140,-140,-140,-140,-140
57.1042,-74.0,-140,-140.0,-140,-140,-140.0,-140.0,-140,-76.0,-140,-140,-90.0,-140,-140,-57.0,-140,-140,-140,-140,-140,-140,-140,-140.0,-79.0,-140.0,-140,-140.0,-140.0,-140,-140.0,-140,-140,-140,-140,-140,-140,-72.0,-72.0,-140.0,-140,-140,-140,-140,-140,-140,-59.0,-140,-140.0,-140,-140,-140,-73.0,-140,-140,-82.0,-140,-140,-77.0,-63.0,-63.0,-72.0,-140,-68.0,-140,-88.0,-140.0,-140.0,-140.0,-140.0,-140.0,-140.0,-140.0,-140.0,-140.0,-140.0,-140.0,-140.0,-140.0,-140.0,-140.0,-140,-140.0,-140.0,-140.0,-140.0,-140.0,-140.0,-140.0,-140.0,-140.0,-140.0,-140.0,-140.0,-140.0,-140.0,-140.0,-140.0,-140.0,-140.0,-140,-140.0,-140.0,-140.0,-140,-140,-140,-140,-140,-140,-140,-140.0,-140.0,-140,-140.0,-140,-140.0,-140,-140.0,-140,-140.0,-140.0,-140.0,-140,-140,-140,-140.0,-140.0,-140,-140.0,-140,-140,-140.0,-140,-140,-140,-140,-140,-140.0,-140,-140.0,-140.0,-140,-140,-140.0,-140.0,-140,-140,-140,-140,-140,-140,-140,-140,-140,-140,-140,-140,-140,-140,-140,-140,-140,-140,-140,-140,-140,-140,-140,-140.0,-140,-140,-140,-140,-140,-140,-140,-140,-140,-140,-140,-140,-140,-140,-140,-140,-140,-140,-140.0,-140,-140,-140,-140,-140,-140,-140,-140,-140,-140,-140,-140,-140,-140,-140,-140,-140.0,-140,-140.0,-140,-140,-140,-140,-140,-140,-72.0,-140,-140,-140,-140,-140.0,-140,-140,-140,-140,-140,-140,-140,-140,-140,-140,-140,-140,-140,-140,-140,-140,-140,-140
59.0386,-72.0,-140,-93.0,-140,-140,-140.0,-140.0,-140,-140.0,-140,-140,-91.0,-140,-140,-57.0,-140,-140,-140,-140,-140,-140,-140,-140.0,-90.0,-140.0,-140,-140.0,-140.0,-140,-140.0,-140,-140,-140,-140,-140,-140,-73.0,-73.0,-140.0,-140,-140,-140,-140,-140,-140,-59.0,-140,-140.0,-140,-140,-140,-72.0,-140,-140,-81.0,-140,-140,-75.0,-62.0,-63.0,-72.0,-140,-64.0,-140,-90.0,-140.0,-140.0,-140.0,-140.0,-140.0,-140.0,-140.0,-140.0,-140.0,-140.0,-140.0,-140.0,-140.0,-140.0,-140.0,-140,-140.0,-140.0,-140.0,-140.0,-140.0,-140.0,-140.0,-140.0,-140.0,-89.0,-140.0,-140.0,-140.0,-91.0,-140.0,-140.0,-140.0,-140.0,-140,-89.0,-140.0,-140.0,-140,-140,-140,-140,-140,-140,-140,-140.0,-140.0,-140,-140.0,-140,-140.0,-140,-140.0,-140,-140.0,-140.0,-140.0,-140,-140,-140,-140.0,-140.0,-140,-140.0,-140,-140,-140.0,-140,-140,-140,-140,-140,-140.0,-140,-140.0,-140.0,-140,-140,-140.0,-140.0,-140,-140,-140,-140,-140,-140,-140,-140,-140,-140,-140,-140,-140,-140,-140,-140,-140,-140,-140,-140,-140,-140,-140,-140.0,-140,-140,-140,-140,-140,-140,-140,-140,-140,-140,-140,-140,-140,-140,-140,-140,-140,-140,-140.0,-140,-140,-140,-140,-140,-140,-140,-140,-140,-140,-140,-140,-140,-140,-140,-140,-140.0,-140,-140.0,-140,-140,-140,-140,-140,-140,-73.0,-140,-140,-140,-140,-140.0,-140,-140,-140,-140,-140,-140,-140,-140,-140,-140,-140,-140,-140,-140,-140,-140,-140,-140
61.0828,-73.0,-140,-140.0,-140,-140,-140.0,-140.0,-140,-77.0,-140,-140,-140.0,-140,-140,-58.0,-140,-140,-140,-140,-140,-140,-140,-140.0,-140.0,-140.0,-140,-140.0,-140.0,-140,-140.0,-140,-140,-140,-140,-140,-140,-72.0,-72.0,-140.0,-140,-140,-140,-140,-140,-140,-57.0,-140,-140.0,-140,-140,-140,-74.0,-140,-140,-81.0,-140,-140,-76.0,-62.0,-62.0,-73.0,-140,-65.0,-140,-88.0,-140.0,-140.0,-140.0,-140.0,-140.0,-140.0,-140.0,-140.0,-140.0,-140.0,-96.0,-140.0,-140.0,-140.0,-140.0,-140,-140.0,-140.0,-140.0,-140.0,-140.0,-140.0,-140.0,-140.0,-140.0,-90.0,-140.0,-140.0,-140.0,-140.0,-140.0,-140.0,-140.0,-140.0,-140,-140.0,-140.0,-140.0,-140,-140,-140,-140,-140,-140,-140,-140.0,-140.0,-140,-90.0,-140,-140.0,-140,-140.0,-140,-140.0,-140.0,-140.0,-140,-140,-140,-140.0,-140.0,-140,-140.0,-140,-140,-140.0,-140,-140,-140,-140,-140,-140.0,-140,-140.0,-140.0,-140,-140,-140.0,-140.0,-140,-140,-140,-140,-140,-140,-140,-140,-140,-140,-140,-140,-140,-140,-140,-140,-140,-140,-140,-140,-140,-140,-140,-140.0,-140,-140,-140,-140,-140,-140,-140,-140,-140,-140,-140,-140,-140,-140,-140,-140,-140,-140,-140.0,-140,-140,-140,-140,-140,-140,-140,-140,-140,-140,-140,-140,-140,-140,-140,-140,-140.0,-140,-140.0,-140,-140,-140,-140,-140,-140,-140.0,-140,-140,-140,-140,-140.0,-140,-140,-140,-140,-140,-140,-140,-140,-140,-140,-140,-140,-140,-140,-140,-140,-140,-140
63.1151,-75.0,-140,-140.0,-140,-140,-140.0,-140.0,-140,-140.0,-140,-140,-93.0,-140,-140,-52.0,-140,-140,-140,-140,-140,-140,-140,-140.0,-140.0,-140.0,-140,-140.0,-140.0,-140,-140.0,-140,-140,-140,-140,-140,-140,-69.0,-80.0,-140.0,-140,-140,-140,-140,-140,-140,-62.0,-140,-140.0,-140,-140,-140,-75.0,-140,-140,-81.0,-140,-140,-72.0,-61.0,-61.0,-70.0,-140,-62.0,-140,-91.0,-140.0,-140.0,-140.0,-140.0,-140.0,-140.0,-140.0,-140.0,-140.0,-140.0,-140.0,-140.0,-140.0,-140.0,-140.0,-140,-140.0,-140.0,-140.0,-140.0,-140.0,-140.0,-140.0,-140.0,-90.0,-140.0,-140.0,-140.0,-90.0,-90.0,-140.0,-140.0,-140.0,-140.0,-140,-140.0,-140.0,-140.0,-140,-140,-140,-140,-140,-140,-140,-140.0,-140.0,-140,-140.0,-140,-140.0,-140,-140.0,-140,-140.0,-140.0,-140.0,-140,-140,-140,-140.0,-140.0,-140,-140.0,-140,-140,-140.0,-140,-140,-140,-140,-140,-140.0,-140,-140.0,-140.0,-140,-140,-140.0,-140.0,-140,-140,-140,-140,-140,-140,-140,-140,-140,-140,-140,-140,-140,-140,-140,-140,-140,-140,-140,-140,-140,-140,-140,-140.0,-140,-140,-140,-140,-140,-140,-140,-140,-140,-140,-140,-140,-140,-140,-140,-140,-140,-140,-140.0,-140,-140,-140,-140,-140,-140,-140,-140,-140,-140,-140,-140,-140,-140,-140,-140,-140.0,-140,-140.0,-140,-140,-140,-140,-140,-140,-65.0,-140,-140,-140,-140,-140.0,-140,-140,-140,-140,-140,-140,-140,-140,-140,-140,-140,-140,-140,-140,-140,-140,-140,-140
65.069,-78.0,-140,-140.0,-140,-140,-140.0,-140.0,-140,-78.0,-140,-140,-88.0,-140,-140,-57.0,-140,-140,-140,-140,-140,-140,-140,-140.0,-90.0,-140.0,-140,-140.0,-140.0,-140,-140.0,-140,-140,-140,-140,-140,-140,-64.0,-76.0,-140.0,-140,-140,-140,-140,-140,-140,-64.0,-140,-140.0,-140,-140,-140,-71.0,-140,-140,-85.0,-140,-140,-78.0,-62.0,-61.0,-62.0,-140,-69.0,-140,-140.0,-140.0,-140.0,-140.0,-140.0,-140.0,-140.0,-140.0,-140.0,-140.0,-140.0,-140.0,-140.0,-140.0,-140.0,-140.0,-140,-140.0,-140.0,-140.0,-140.0,-140.0,-140.0,-140.0,-140.0,-90.0,-90.0,-140.0,-140.0,-89.0,-140.0,-89.0,-140.0,-140.0,-140.0,-140,-140.0,-140.0,-140.0,-140,-140,-140,-140,-140,-140,-140,-140.0,-140.0,-140,-140.0,-140,-140.0,-140,-140.0,-140,-140.0,-140.0,-140.0,-140,-140,-140,-140.0,-140.0,-140,-140.0,-140,-140,-140.0,-140,-140,-140,-140,-140,-140.0,-140,-140.0,-140.0,-140,-140,-140.0,-140.0,-140,-140,-140,-140,-140,-140,-140,-140,-140,-140,-140,-140,-140,-140,-140,-140,-140,-140,-140,-140,-140,-140,-140,-140.0,-140,-140,-140,-140,-140,-140,-140,-140,-140,-140,-140,-140,-140,-140,-140,-140,-140,-140,-140.0,-140,-140,-140,-140,-140,-140,-140,-140,-140,-140,-140,-140,-140,-140,-140,-140,-140.0,-140,-140.0,-140,-140,-140,-140,-140,-140,-70.0,-140,-140,-140,-140,-140.0,-140,-140,-140,-140,-140,-140,-140,-140,-140,-140,-140,-140,-140,-140,-140,-140,-140,-140
67.091,-79.0,-140,-140.0,-140,-140,-140.0,-140.0,-140,-140.0,-140,-140,-86.0,-140,-140,-64.0,-140,-140,-140,-140,-140,-140,-140,-140.0,-140.0,-140.0,-140,-140.0,-140.0,-140,-140.0,-140,-140,-140,-140,-140,-140,-80.0,-78.0,-140.0,-140,-140,-140,-140,-140,-140,-66.0,-140,-140.0,-140,-140,-140,-65.0,-140,-140,-81.0,-140,-140,-81.0,-62.0,-62.0,-79.0,-140,-55.0,-140,-140.0,-140.0,-140.0,-140.0,-140.0,-90.0,-140.0,-140.0,-140.0,-140.0,-140.0,-92.0,-140.0,-140.0,-140.0,-140.0,-140,-140.0,-140.0,-140.0,-140.0,-140.0,-140.0,-140.0,-140.0,-89.0,-90.0,-140.0,-140.0,-89.0,-91.0,-88.0,-140.0,-140.0,-140.0,-140,-89.0,-140.0,-140.0,-140,-140,-140,-140,-140,-140,-140,-140.0,-140.0,-140,-140.0,-140,-140.0,-140,-140.0,-140,-140.0,-140.0,-140.0,-140,-140,-140,-140.0,-140.0,-140,-140.0,-140,-140,-140.0,-140,-140,-140,-140,-140,-140.0,-140,-140.0,-140.0,-140,-140,-140.0,-140.0,-140,-140,-140,-140,-140,-140,-140,-140,-140,-140,-140,-140,-140,-140,-140,-140,-140,-140,-140,-140,-140,-140,-140,-140.0,-140,-140,-140,-140,-140,-140,-140,-140,-140,-140,-140,-140,-140,-140,-140,-140,-140,-140,-140.0,-140,-140,-140,-140,-140,-140,-140,-140,-140,-140,-140,-140,-140,-140,-140,-140,-140.0,-140,-140.0,-140,-140,-140,-140,-140,-140,-81.0,-140,-140,-140,-140,-140.0,-140,-140,-140,-140,-140,-140,-140,-140,-140,-140,-140,-140,-140,-140,-140,-140,-140,-140
69.1187,-88.0,-140,-140.0,-140,-140,-140.0,-140.0,-140,-88.0,-140,-140,-87.0,-140,-140,-59.0,-140,-140,-140,-140,-140,-140,-140,-140.0,-140.0,-140.0,-140,-140.0,-140.0,-140,-140.0,-140,-140,-140,-140,-140,-140,-71.0,-72.0,-140.0,-140,-140,-140,-140,-140,-140,-72.0,-140,-140.0,-140,-140,-140,-68.0,-140,-140,-78.0,-140,-140,-86.0,-69.0,-69.0,-71.0,-140,-67.0,-140,-140.0,-140.0,-140.0,-140.0,-140.0,-140.0,-140.0,-140.0,-140.0,-140.0,-140.0,-140.0,-140.0,-140.0,-140.0,-140.0,-140,-140.0,-140.0,-140.0,-140.0,-140.0,-140.0,-140.0,-140.0,-140.0,-140.0,-140.0,-140.0,-140.0,-140.0,-140.0,-140.0,-140.0,-140.0,-140,-140.0,-140.0,-140.0,-140,-140,-140,-140,-140,-140,-140,-140.0,-140.0,-140,-140.0,-140,-140.0,-140,-140.0,-140,-140.0,-140.0,-140.0,-140,-140,-140,-140.0,-140.0,-140,-140.0,-140,-140,-140.0,-140,-140,-140,-140,-140,-140.0,-140,-140.0,-95.0,-140,-140,-140.0,-140.0,-140,-140,-140,-140,-140,-140,-140,-140,-140,-140,-140,-140,-140,-140,-140,-140,-140,-140,-140,-140,-140,-140,-140,-140.0,-140,-140,-140,-140,-140,-140,-140,-140,-140,-140,-140,-140,-140,-140,-140,-140,-140,-140,-140.0,-140,-140,-140,-140,-140,-140,-140,-140,-140,-140,-140,-140,-140,-140,-140,-140,-140.0,-140,-140.0,-140,-140,-140,-140,-140,-140,-82.0,-140,-140,-140,-140,-140.0,-140,-140,-140,-140,-140,-140,-140,-140,-140,-140,-140,-140,-140,-140,-140,-140,-140,-140
71.1075,-87.0,-140,-140.0,-140,-140,-140.0,-140.0,-140,-89.0,-140,-140,-88.0,-140,-140,-73.0,-140,-140,-140,-140,-140,-140,-140,-140.0,-140.0,-140.0,-140,-140.0,-140.0,-140,-140.0,-140,-140,-140,-140,-140,-140,-80.0,-82.0,-140.0,-140,-140,-140,-140,-140,-140,-72.0,-140,-140.0,-140,-140,-140,-65.0,-140,-140,-72.0,-140,-140,-87.0,-77.0,-77.0,-81.0,-140,-62.0,-140,-140.0,-91.0,-140.0,-140.0,-140.0,-140.0,-140.0,-140.0,-140.0,-140.0,-140.0,-140.0,-140.0,-140.0,-140.0,-140.0,-140,-140.0,-140.0,-140.0,-140.0,-140.0,-140.0,-140.0,-140.0,-91.0,-140.0,-140.0,-140.0,-90.0,-140.0,-140.0,-140.0,-140.0,-140.0,-140,-140.0,-140.0,-140.0,-140,-140,-140,-140,-140,-140,-140,-140.0,-140.0,-140,-140.0,-140,-140.0,-140,-140.0,-140,-94.0,-140.0,-140.0,-140,-140,-140,-140.0,-85.0,-140,-140.0,-140,-140,-140.0,-140,-140,-140,-140,-140,-140.0,-140,-140.0,-140.0,-140,-140,-140.0,-140.0,-140,-140,-140,-140,-140,-140,-140,-140,-140,-140,-140,-140,-140,-140,-140,-140,-140,-140,-140,-140,-140,-140,-140,-140.0,-140,-140,-140,-140,-140,-140,-140,-140,-140,-140,-140,-140,-140,-140,-140,-140,-140,-140,-140.0,-140,-140,-140,-140,-140,-140,-140,-140,-140,-140,-140,-140,-140,-140,-140,-140,-140.0,-140,-140.0,-140,-140,-140,-140,-140,-140,-78.0,-140,-140,-140,-140,-140.0,-140,-140,-140,-140,-140,-140,-140,-140,-140,-140,-140,-140,-140,-140,-140,-140,-140,-140
73.0441,-84.0,-140,-140.0,-140,-140,-140.0,-140.0,-140,-87.0,-140,-140,-140.0,-140,-140,-73.0,-140,-140,-140,-140,-140,-140,-140,-140.0,-140.0,-140.0,-140,-140.0,-140.0,-140,-140.0,-140,-140,-140,-140,-140,-140,-78.0,-83.0,-140.0,-140,-140,-140,-140,-140,-140,-71.0,-140,-140.0,-140,-140,-140,-63.0,-140,-140,-72.0,-140,-140,-83.0,-73.0,-73.0,-75.0,-140,-74.0,-140,-140.0,-140.0,-140.0,-140.0,-93.0,-140.0,-140.0,-140.0,-140.0,-140.0,-140.0,-140.0,-140.0,-140.0,-140.0,-140.0,-140,-140.0,-140.0,-140.0,-86.0,-94.0,-140.0,-140.0,-140.0,-140.0,-91.0,-140.0,-140.0,-140.0,-140.0,-140.0,-140.0,-140.0,-140.0,-140,-140.0,-140.0,-140.0,-140,-140,-140,-140,-140,-140,-140,-140.0,-140.0,-140,-140.0,-140,-140.0,-140,-140.0,-140,-140.0,-140.0,-140.0,-140,-140,-140,-140.0,-140.0,-140,-140.0,-140,-140,-140.0,-140,-140,-140,-140,-140,-140.0,-140,-140.0,-140.0,-140,-140,-140.0,-140.0,-140,-140,-140,-140,-140,-140,-140,-140,-140,-140,-140,-140,-140,-140,-140,-140,-140,-140,-140,-140,-140,-140,-140,-140.0,-140,-140,-140,-140,-140,-140,-140,-140,-140,-140,-140,-140,-140,-140,-140,-140,-140,-140,-140.0,-140,-140,-140,-140,-140,-140,-140,-140,-140,-140,-140,-140,-140,-140,-140,-140,-140.0,-140,-140.0,-140,-140,-140,-140,-140,-140,-83.0,-140,-140,-140,-140,-140.0,-140,-140,-140,-140,-140,-140,-140,-140,-140,-140,-140,-140,-140,-140,-140,-140,-140,-140
75.109,-140.0,-140,-140.0,-140,-140,-140.0,-140.0,-140,-140.0,-140,-140,-140.0,-140,-140,-73.0,-140,-140,-140,-140,-140,-140,-140,-140.0,-92.0,-140.0,-140,-140.0,-140.0,-140,-140.0,-140,-140,-140,-140,-140,-140,-78.0,-86.0,-140.0,-140,-140,-140,-140,-140,-140,-74.0,-140,-140.0,-140,-140,-140,-67.0,-140,-140,-70.0,-140,-140,-80.0,-73.0,-73.0,-77.0,-140,-78.0,-140,-140.0,-140.0,-140.0,-140.0,-140.0,-87.0,-140.0,-88.0,-140.0,-140.0,-140.0,-92.0,-140.0,-140.0,-140.0,-140.0,-140,-140.0,-140.0,-140.0,-140.0,-140.0,-140.0,-140.0,-140.0,-140.0,-140.0,-140.0,-140.0,-140.0,-89.0,-140.0,-140.0,-140.0,-140.0,-140,-140.0,-140.0,-140.0,-140,-140,-140,-140,-140,-140,-140,-140.0,-140.0,-140,-140.0,-140,-140.0,-140,-95.0,-140,-140.0,-140.0,-140.0,-140,-140,-140,-140.0,-140.0,-140,-140.0,-140,-140,-93.0,-140,-140,-140,-140,-140,-140.0,-140,-140.0,-140.0,-140,-140,-140.0,-140.0,-140,-140,-140,-140,-140,-140,-140,-140,-140,-140,-140,-140,-140,-140,-140,-140,-140,-140,-140,-140,-140,-140,-140,-140.0,-140,-140,-140,-140,-140,-140,-140,-140,-140,-140,-140,-140,-140,-140,-140,-140,-140,-140,-140.0,-140,-140,-140,-140,-140,-140,-140,-140,-140,-140,-140,-140,-140,-140,-140,-140,-140.0,-140,-140.0,-140,-140,-140,-140,-140,-140,-86.0,-140,-140,-140,-140,-140.0,-140,-140,-140,-140,-140,-140,-140,-140,-140,-140,-140,-140,-140,-140,-140,-140,-140,-140
77.0532,-85.0,-140,-140.0,-140,-140,-140.0,-140.0,-140,-140.0,-140,-140,-82.0,-140,-140,-77.0,-140,-140,-140,-140,-140,-140,-140,-140.0,-140.0,-140.0,-140,-140.0,-140.0,-140,-140.0,-140,-140,-140,-140,-140,-140,-77.0,-82.0,-140.0,-140,-140,-140,-140,-140,-140,-82.0,-140,-140.0,-140,-140,-140,-67.0,-140,-140,-66.0,-140,-140,-90.0,-79.0,-78.0,-80.0,-140,-74.0,-140,-140.0,-140.0,-140.0,-140.0,-140.0,-95.0,-140.0,-69.0,-140.0,-140.0,-140.0,-140.0,-140.0,-140.0,-140.0,-140.0,-140,-140.0,-140.0,-140.0,-140.0,-140.0,-140.0,-140.0,-140.0,-140.0,-140.0,-140.0,-140.0,-140.0,-140.0,-91.0,-140.0,-140.0,-140.0,-140,-140.0,-140.0,-140.0,-140,-140,-140,-140,-140,-140,-140,-140.0,-140.0,-140,-140.0,-140,-140.0,-140,-140.0,-140,-140.0,-140.0,-140.0,-140,-140,-140,-140.0,-140.0,-140,-140.0,-140,-140,-140.0,-140,-140,-140,-140,-140,-140.0,-140,-140.0,-140.0,-140,-140,-140.0,-140.0,-140,-140,-140,-140,-140,-140,-140,-140,-140,-140,-140,-140,-140,-140,-140,-140,-140,-140,-140,-140,-140,-140,-140,-140.0,-140,-140,-140,-140,-140,-140,-140,-140,-140,-140,-140,-140,-140,-140,-140,-140,-140,-140,-140.0,-140,-140,-140,-140,-140,-140,-140,-140,-140,-140,-140,-140,-140,-140,-140,-140,-140.0,-140,-140.0,-140,-140,-140,-140,-140,-140,-83.0,-140,-140,-140,-140,-140.0,-140,-140,-140,-140,-140,-140,-140,-140,-140,-140,-140,-140,-140,-140,-140,-140,-140,-140
79.1315,-85.0,-140,-140.0,-140,-140,-140.0,-140.0,-140,-140.0,-140,-140,-74.0,-140,-140,-86.0,-140,-140,-140,-140,-140,-140,-140,-140.0,-91.0,-140.0,-140,-140.0,-140.0,-140,-140.0,-140,-140,-140,-140,-140,-140,-140.0,-86.0,-140.0,-140,-140,-140,-140,-140,-140,-77.0,-140,-140.0,-140,-140,-140,-67.0,-140,-140,-72.0,-140,-140,-82.0,-78.0,-79.0,-85.0,-140,-67.0,-140,-140.0,-90.0,-140.0,-140.0,-140.0,-91.0,-140.0,-140.0,-140.0,-140.0,-140.0,-140.0,-140.0,-140.0,-140.0,-140.0,-140,-140.0,-140.0,-140.0,-95.0,-140.0,-140.0,-140.0,-140.0,-140.0,-140.0,-140.0,-140.0,-140.0,-140.0,-140.0,-140.0,-140.0,-140.0,-140,-140.0,-140.0,-140.0,-140,-140,-140,-140,-140,-140,-140,-140.0,-140.0,-140,-140.0,-140,-140.0,-140,-140.0,-140,-140.0,-140.0,-140.0,-140,-140,-140,-140.0,-140.0,-140,-140.0,-140,-140,-140.0,-140,-140,-140,-140,-140,-140.0,-140,-140.0,-140.0,-140,-140,-140.0,-140.0,-140,-140,-140,-140,-140,-140,-140,-140,-140,-140,-140,-140,-140,-140,-140,-140,-140,-140,-140,-140,-140,-140,-140,-140.0,-140,-140,-140,-140,-140,-140,-140,-140,-140,-140,-140,-140,-140,-140,-140,-140,-140,-140,-140.0,-140,-140,-140,-140,-140,-140,-140,-140,-140,-140,-140,-140,-140,-140,-140,-140,-140.0,-140,-140.0,-140,-140,-140,-140,-140,-140,-140.0,-140,-140,-140,-140,-140.0,-140,-140,-140,-140,-140,-140,-140,-140,-140,-140,-140,-140,-140,-140,-140,-140,-140,-140
81.1278,-140.0,-140,-140.0,-140,-140,-140.0,-140.0,-140,-140.0,-140,-140,-78.0,-140,-140,-79.0,-140,-140,-140,-140,-140,-140,-140,-140.0,-140.0,-140.0,-140,-140.0,-140.0,-140,-140.0,-140,-140,-140,-140,-140,-140,-84.0,-90.0,-140.0,-140,-140,-140,-140,-140,-140,-76.0,-140,-140.0,-140,-140,-140,-70.0,-140,-140,-72.0,-140,-140,-90.0,-83.0,-140.0,-140.0,-140,-71.0,-140,-86.0,-88.0,-140.0,-140.0,-91.0,-91.0,-90.0,-89.0,-140.0,-140.0,-140.0,-89.0,-140.0,-140.0,-140.0,-140.0,-140,-140.0,-140.0,-140.0,-140.0,-140.0,-140.0,-140.0,-140.0,-140.0,-140.0,-140.0,-140.0,-140.0,-140.0,-140.0,-140.0,-140.0,-140.0,-140,-140.0,-140.0,-140.0,-140,-140,-140,-140,-140,-140,-140,-140.0,-140.0,-140,-140.0,-140,-140.0,-140,-140.0,-140,-140.0,-140.0,-140.0,-140,-140,-140,-140.0,-140.0,-140,-140.0,-140,-140,-92.0,-140,-140,-140,-140,-140,-140.0,-140,-140.0,-140.0,-140,-140,-140.0,-140.0,-140,-140,-140,-140,-140,-140,-140,-140,-140,-140,-140,-140,-140,-140,-140,-140,-140,-140,-140,-140,-140,-140,-140,-140.0,-140,-140,-140,-140,-140,-140,-140,-140,-140,-140,-140,-140,-140,-140,-140,-140,-140,-140,-140.0,-140,-140,-140,-140,-140,-140,-140,-140,-140,-140,-140,-140,-140,-140,-140,-140,-140.0,-140,-140.0,-140,-140,-140,-140,-140,-140,-80.0,-140,-140,-140,-140,-140.0,-140,-140,-140,-140,-140,-140,-140,-140,-140,-140,-140,-140,-140,-140,-140,-140,-140,-140
83.0923,-89.0,-140,-140.0,-140,-140,-140.0,-140.0,-140,-140.0,-140,-140,-140.0,-140,-140,-77.0,-140,-140,-140,-140,-140,-140,-140,-140.0,-140.0,-140.0,-140,-140.0,-140.0,-140,-140.0,-140,-140,-140,-140,-140,-140,-81.0,-140.0,-140.0,-140,-140,-140,-140,-140,-140,-80.0,-140,-140.0,-140,-140,-140,-70.0,-140,-140,-71.0,-140,-140,-89.0,-140.0,-91.0,-83.0,-140,-77.0,-140,-140.0,-86.0,-140.0,-140.0,-140.0,-89.0,-91.0,-140.0,-140.0,-140.0,-140.0,-91.0,-140.0,-140.0,-140.0,-140.0,-140,-140.0,-140.0,-140.0,-140.0,-140.0,-140.0,-140.0,-140.0,-140.0,-140.0,-140.0,-140.0,-140.0,-140.0,-140.0,-140.0,-140.0,-140.0,-140,-140.0,-140.0,-140.0,-140,-140,-140,-140,-140,-140,-140,-140.0,-140.0,-140,-140.0,-140,-140.0,-140,-93.0,-140,-140.0,-140.0,-140.0,-140,-140,-140,-94.0,-140.0,-140,-140.0,-140,-140,-140.0,-140,-140,-140,-140,-140,-140.0,-140,-140.0,-140.0,-140,-140,-140.0,-140.0,-140,-140,-140,-140,-140,-140,-140,-140,-140,-140,-140,-140,-140,-140,-140,-140,-140,-140,-140,-140,-140,-140,-140,-140.0,-140,-140,-140,-140,-140,-140,-140,-140,-140,-140,-140,-140,-140,-140,-140,-140,-140,-140,-140.0,-140,-140,-140,-140,-140,-140,-140,-140,-140,-140,-140,-140,-140,-140,-140,-140,-140.0,-140,-140.0,-140,-140,-140,-140,-140,-140,-86.0,-140,-140,-140,-140,-140.0,-140,-140,-140,-140,-140,-140,-140,-140,-140,-140,-140,-140,-140,-140,-140,-140,-140,-140
85.0902,-140.0,-140,-140.0,-140,-140,-140.0,-140.0,-140,-140.0,-140,-140,-75.0,-140,-140,-87.0,-140,-140,-140,-140,-140,-140,-140,-140.0,-140.0,-140.0,-140,-140.0,-140.0,-140,-140.0,-140,-140,-140,-140,-140,-140,-84.0,-90.0,-140.0,-140,-140,-140,-140,-140,-140,-87.0,-140,-140.0,-140,-140,-140,-72.0,-140,-140,-70.0,-140,-140,-92.0,-86.0,-140.0,-140.0,-140,-81.0,-140,-140.0,-88.0,-140.0,-140.0,-140.0,-93.0,-91.0,-90.0,-140.0,-140.0,-140.0,-91.0,-140.0,-140.0,-140.0,-140.0,-140,-140.0,-140.0,-140.0,-140.0,-140.0,-140.0,-140.0,-140.0,-140.0,-140.0,-140.0,-140.0,-140.0,-140.0,-140.0,-140.0,-140.0,-140.0,-140,-140.0,-140.0,-140.0,-140,-140,-140,-140,-140,-140,-140,-140.0,-140.0,-140,-140.0,-140,-140.0,-140,-140.0,-140,-140.0,-140.0,-140.0,-140,-140,-140,-140.0,-140.0,-140,-140.0,-140,-140,-140.0,-140,-140,-140,-140,-140,-140.0,-140,-140.0,-140.0,-140,-140,-140.0,-140.0,-140,-140,-140,-140,-140,-140,-140,-140,-140,-140,-140,-140,-140,-140,-140,-140,-140,-140,-140,-140,-140,-140,-140,-140.0,-140,-140,-140,-140,-140,-140,-140,-140,-140,-140,-140,-140,-140,-140,-140,-140,-140,-140,-140.0,-140,-140,-140,-140,-140,-140,-140,-140,-140,-140,-140,-140,-140,-140,-140,-140,-140.0,-140,-140.0,-140,-140,-140,-140,-140,-140,-140.0,-140,-140,-140,-140,-140.0,-140,-140,-140,-140,-140,-140,-140,-140,-140,-140,-140,-140,-140,-140,-140,-140,-140,-140
87.0738,-86.0,-140,-140.0,-140,-140,-140.0,-140.0,-140,-140.0,-140,-140,-76.0,-140,-140,-84.0,-140,-140,-140,-140,-140,-140,-140,-140.0,-90.0,-140.0,-140,-140.0,-140.0,-140,-140.0,-140,-140,-140,-140,-140,-140,-140.0,-91.0,-140.0,-140,-140,-140,-140,-140,-140,-85.0,-140,-140.0,-140,-140,-140,-77.0,-140,-140,-78.0,-140,-140,-140.0,-140.0,-84.0,-85.0,-140,-84.0,-140,-140.0,-85.0,-140.0,-140.0,-140.0,-87.0,-87.0,-140.0,-140.0,-140.0,-140.0,-140.0,-140.0,-140.0,-140.0,-140.0,-140,-140.0,-140.0,-140.0,-140.0,-90.0,-89.0,-140.0,-140.0,-140.0,-140.0,-140.0,-140.0,-140.0,-140.0,-89.0,-140.0,-140.0,-140.0,-140,-140.0,-140.0,-140.0,-140,-140,-140,-140,-140,-140,-140,-140.0,-140.0,-140,-140.0,-140,-140.0,-140,-140.0,-140,-140.0,-140.0,-140.0,-140,-140,-140,-140.0,-140.0,-140,-140.0,-140,-140,-94.0,-140,-140,-140,-140,-140,-140.0,-140,-140.0,-140.0,-140,-140,-140.0,-140.0,-140,-140,-140,-140,-140,-140,-140,-140,-140,-140,-140,-140,-140,-140,-140,-140,-140,-140,-140,-140,-140,-140,-140,-140.0,-140,-140,-140,-140,-140,-140,-140,-140,-140,-140,-140,-140,-140,-140,-140,-140,-140,-140,-140.0,-140,-140,-140,-140,-140,-140,-140,-140,-140,-140,-140,-140,-140,-140,-140,-140,-140.0,-140,-140.0,-140,-140,-140,-140,-140,-140,-84.0,-140,-140,-140,-140,-140.0,-140,-140,-140,-140,-140,-140,-140,-140,-140,-140,-140,-140,-140,-140,-140,-140,-140,-140
89.1245,-87.0,-140,-140.0,-140,-140,-140.0,-140.0,-140,-140.0,-140,-140,-79.0,-140,-140,-84.0,-140,-140,-140,-140,-140,-140,-140,-140.0,-91.0,-140.0,-140,-140.0,-93.0,-140,-140.0,-140,-140,-140,-140,-140,-140,-140.0,-140.0,-140.0,-140,-140,-140,-140,-140,-140,-140.0,-140,-140.0,-140,-140,-140,-76.0,-140,-140,-73.0,-140,-140,-140.0,-87.0,-90.0,-140.0,-140,-82.0,-140,-140.0,-88.0,-140.0,-140.0,-140.0,-93.0,-87.0,-87.0,-140.0,-140.0,-140.0,-140.0,-140.0,-140.0,-140.0,-140.0,-140,-140.0,-140.0,-140.0,-140.0,-140.0,-140.0,-140.0,-140.0,-140.0,-140.0,-140.0,-140.0,-140.0,-140.0,-140.0,-140.0,-140.0,-140.0,-140,-89.0,-140.0,-140.0,-140,-140,-140,-140,-140,-140,-140,-140.0,-140.0,-140,-140.0,-140,-140.0,-140,-140.0,-140,-140.0,-140.0,-140.0,-140,-140,-140,-140.0,-140.0,-140,-140.0,-140,-140,-140.0,-140,-140,-140,-140,-140,-140.0,-140,-140.0,-140.0,-140,-140,-140.0,-140.0,-140,-140,-140,-140,-140,-140,-140,-140,-140,-140,-140,-140,-140,-140,-140,-140,-140,-140,-140,-140,-140,-140,-140,-140.0,-140,-140,-140,-140,-140,-140,-140,-140,-140,-140,-140,-140,-140,-140,-140,-140,-140,-140,-140.0,-140,-140,-140,-140,-140,-140,-140,-140,-140,-140,-140,-140,-140,-140,-140,-140,-140.0,-140,-93.0,-140,-140,-140,-140,-140,-140,-87.0,-140,-140,-140,-140,-140.0,-140,-140,-140,-140,-140,-140,-140,-140,-140,-140,-140,-140,-140,-140,-140,-140,-140,-140
91.1056,-85.0,-140,-140.0,-140,-140,-140.0,-140.0,-140,-140.0,-140,-140,-140.0,-140,-140,-140.0,-140,-140,-140,-140,-140,-140,-140,-140.0,-92.0,-140.0,-140,-140.0,-140.0,-140,-140.0,-140,-140,-140,-140,-140,-140,-140.0,-91.0,-140.0,-140,-140,-140,-140,-140,-140,-87.0,-140,-140.0,-140,-140,-140,-78.0,-140,-140,-74.0,-140,-140,-140.0,-86.0,-88.0,-92.0,-140,-76.0,-140,-140.0,-90.0,-140.0,-140.0,-91.0,-83.0,-89.0,-89.0,-140.0,-140.0,-140.0,-91.0,-140.0,-140.0,-140.0,-140.0,-140,-140.0,-140.0,-140.0,-91.0,-91.0,-91.0,-140.0,-140.0,-140.0,-140.0,-140.0,-140.0,-140.0,-140.0,-140.0,-140.0,-140.0,-140.0,-140,-140.0,-140.0,-140.0,-140,-140,-140,-140,-140,-140,-140,-140.0,-140.0,-140,-140.0,-140,-140.0,-140,-140.0,-140,-140.0,-140.0,-140.0,-140,-140,-140,-140.0,-140.0,-140,-140.0,-140,-140,-140.0,-140,-140,-140,-140,-140,-140.0,-140,-140.0,-140.0,-140,-140,-140.0,-140.0,-140,-140,-140,-140,-140,-140,-140,-140,-140,-140,-140,-140,-140,-140,-140,-140,-140,-140,-140,-140,-140,-140,-140,-140.0,-140,-140,-140,-140,-140,-140,-140,-140,-140,-140,-140,-140,-140,-140,-140,-140,-140,-140,-140.0,-140,-140,-140,-140,-140,-140,-140,-140,-140,-140,-140,-140,-140,-140,-140,-140,-140.0,-140,-140.0,-140,-140,-140,-140,-140,-140,-140.0,-140,-140,-140,-140,-140.0,-140,-140,-140,-140,-140,-140,-140,-140,-140,-140,-140,-140,-140,-140,-140,-140,-140,-140
93.2212,-90.0,-140,-140.0,-140,-140,-140.0,-140.0,-140,-140.0,-140,-140,-64.0,-140,-140,-84.0,-140,-140,-140,-140,-140,-140,-140,-140.0,-89.0,-140.0,-140,-140.0,-140.0,-140,-140.0,-140,-140,-140,-140,-140,-140,-140.0,-92.0,-140.0,-140,-140,-140,-140,-140,-140,-90.0,-140,-140.0,-140,-140,-140,-83.0,-140,-140,-84.0,-140,-140,-140.0,-87.0,-87.0,-140.0,-140,-87.0,-140,-140.0,-140.0,-92.0,-140.0,-89.0,-140.0,-89.0,-95.0,-140.0,-140.0,-140.0,-93.0,-140.0,-140.0,-140.0,-140.0,-140,-140.0,-140.0,-140.0,-140.0,-140.0,-140.0,-140.0,-140.0,-140.0,-140.0,-140.0,-140.0,-140.0,-140.0,-140.0,-140.0,-90.0,-140.0,-140,-140.0,-140.0,-140.0,-140,-140,-140,-140,-140,-140,-140,-140.0,-140.0,-140,-140.0,-140,-140.0,-140,-140.0,-140,-140.0,-140.0,-140.0,-140,-140,-140,-140.0,-140.0,-140,-140.0,-140,-140,-140.0,-140,-140,-140,-140,-140,-140.0,-140,-140.0,-140.0,-140,-140,-140.0,-140.0,-140,-140,-140,-140,-140,-140,-140,-140,-140,-140,-140,-140,-140,-140,-140,-140,-140,-140,-140,-140,-140,-140,-140,-140.0,-140,-140,-140,-140,-140,-140,-140,-140,-140,-140,-140,-140,-140,-140,-140,-140,-140,-140,-140.0,-140,-140,-140,-140,-140,-140,-140,-140,-140,-140,-140,-140,-140,-140,-140,-140,-140.0,-140,-93.0,-140,-140,-140,-140,-140,-140,-86.0,-140,-140,-140,-140,-140.0,-140,-140,-140,-140,-140,-140,-140,-140,-140,-140,-140,-140,-140,-140,-140,-140,-140,-140
95.2439,-91.0,-140,-140.0,-140,-140,-140.0,-140.0,-140,-92.0,-140,-140,-64.0,-140,-140,-87.0,-140,-140,-140,-140,-140,-140,-140,-140.0,-140.0,-140.0,-140,-140.0,-140.0,-140,-140.0,-140,-140,-140,-140,-140,-140,-88.0,-89.0,-140.0,-140,-140,-140,-140,-140,-140,-92.0,-140,-140.0,-140,-140,-140,-140.0,-140,-140,-77.0,-140,-140,-140.0,-87.0,-86.0,-90.0,-140,-80.0,-140,-140.0,-87.0,-89.0,-140.0,-89.0,-82.0,-140.0,-83.0,-140.0,-140.0,-140.0,-140.0,-140.0,-91.0,-140.0,-140.0,-140,-140.0,-140.0,-140.0,-140.0,-90.0,-89.0,-140.0,-140.0,-140.0,-140.0,-140.0,-140.0,-140.0,-140.0,-140.0,-140.0,-140.0,-140.0,-140,-140.0,-140.0,-140.0,-140,-140,-140,-140,-140,-140,-140,-140.0,-140.0,-140,-140.0,-140,-140.0,-140,-140.0,-140,-140.0,-140.0,-140.0,-140,-140,-140,-140.0,-140.0,-140,-140.0,-140,-140,-140.0,-140,-140,-140,-140,-140,-140.0,-140,-140.0,-140.0,-140,-140,-140.0,-140.0,-140,-140,-140,-140,-140,-140,-140,-140,-140,-140,-140,-140,-140,-140,-140,-140,-140,-140,-140,-140,-140,-140,-140,-140.0,-140,-140,-140,-140,-140,-140,-140,-140,-140,-140,-140,-140,-140,-140,-140,-140,-140,-140,-140.0,-140,-140,-140,-140,-140,-140,-140,-140,-140,-140,-140,-140,-140,-140,-140,-140,-140.0,-140,-140.0,-140,-140,-140,-140,-140,-140,-93.0,-140,-140,-140,-140,-140.0,-140,-140,-140,-140,-140,-140,-140,-140,-140,-140,-140,-140,-140,-140,-140,-140,-140,-140
97.2239,-140.0,-140,-140.0,-140,-140,-140.0,-140.0,-140,-140.0,-140,-140,-75.0,-140,-140,-85.0,-140,-140,-140,-140,-140,-140,-140,-140.0,-88.0,-140.0,-140,-140.0,-140.0,-140,-140.0,-140,-140,-140,-140,-140,-140,-92.0,-88.0,-140.0,-140,-140,-140,-140,-140,-140,-140.0,-140,-140.0,-140,-140,-140,-90.0,-140,-140,-82.0,-140,-140,-94.0,-89.0,-88.0,-90.0,-140,-86.0,-140,-140.0,-140.0,-89.0,-140.0,-88.0,-91.0,-86.0,-82.0,-140.0,-140.0,-140.0,-93.0,-140.0,-85.0,-87.0,-140.0,-140,-140.0,-140.0,-140.0,-140.0,-92.0,-92.0,-140.0,-140.0,-140.0,-140.0,-140.0,-140.0,-140.0,-140.0,-140.0,-140.0,-140.0,-140.0,-140,-140.0,-140.0,-140.0,-140,-140,-140,-140,-140,-140,-140,-140.0,-140.0,-140,-140.0,-140,-140.0,-140,-140.0,-140,-140.0,-140.0,-140.0,-140,-140,-140,-140.0,-140.0,-140,-140.0,-140,-140,-140.0,-140,-140,-140,-140,-140,-140.0,-140,-140.0,-140.0,-140,-140,-140.0,-140.0,-140,-140,-140,-140,-140,-140,-140,-140,-140,-140,-140,-140,-140,-140,-140,-140,-140,-140,-140,-140,-140,-140,-140,-140.0,-140,-140,-140,-140,-140,-140,-140,-140,-140,-140,-140,-140,-140,-140,-140,-140,-140,-140,-140.0,-140,-140,-140,-140,-140,-140,-140,-140,-140,-140,-140,-140,-140,-140,-140,-140,-140.0,-140,-140.0,-140,-140,-140,-140,-140,-140,-91.0,-140,-140,-140,-140,-140.0,-140,-140,-140,-140,-140,-140,-140,-140,-140,-140,-140,-140,-140,-140,-140,-140,-140,-140
99.2824,-140.0,-140,-140.0,-140,-140,-140.0,-140.0,-140,-140.0,-140,-140,-72.0,-140,-140,-90.0,-140,-140,-140,-140,-140,-140,-140,-92.0,-140.0,-140.0,-140,-140.0,-140.0,-140,-140.0,-140,-140,-140,-140,-140,-140,-140.0,-140.0,-140.0,-140,-140,-140,-140,-140,-140,-140.0,-140,-140.0,-140,-140,-140,-87.0,-140,-140,-82.0,-140,-140,-92.0,-89.0,-91.0,-89.0,-140,-81.0,-140,-140.0,-84.0,-87.0,-140.0,-89.0,-90.0,-89.0,-89.0,-140.0,-140.0,-140.0,-89.0,-140.0,-84.0,-86.0,-140.0,-140,-140.0,-140.0,-140.0,-140.0,-91.0,-90.0,-140.0,-140.0,-140.0,-140.0,-140.0,-140.0,-140.0,-140.0,-140.0,-140.0,-140.0,-140.0,-140,-140.0,-140.0,-140.0,-140,-140,-140,-140,-140,-140,-140,-140.0,-140.0,-140,-140.0,-140,-140.0,-140,-140.0,-140,-140.0,-140.0,-140.0,-140,-140,-140,-140.0,-140.0,-140,-140.0,-140,-140,-140.0,-140,-140,-140,-140,-140,-140.0,-140,-140.0,-140.0,-140,-140,-140.0,-140.0,-140,-140,-140,-140,-140,-140,-140,-140,-140,-140,-140,-140,-140,-140,-140,-140,-140,-140,-140,-140,-140,-140,-140,-140.0,-140,-140,-140,-140,-140,-140,-140,-140,-140,-140,-140,-140,-140,-140,-140,-140,-140,-140,-140.0,-140,-140,-140,-140,-140,-140,-140,-140,-140,-140,-140,-140,-140,-140,-140,-140,-140.0,-140,-140.0,-140,-140,-140,-140,-140,-140,-140.0,-140,-140,-140,-140,-140.0,-140,-140,-140,-140,-140,-140,-140,-140,-140,-140,-140,-140,-140,-140,-140,-140,-140,-140
103.5039,-140.0,-140,-140.0,-140,-140,-140.0,-140.0,-140,-140.0,-140,-140,-77.0,-140,-140,-91.0,-140,-140,-140,-140,-140,-140,-140,-140.0,-85.0,-140.0,-140,-140.0,-140.0,-140,-140.0,-140,-140,-140,-140,-140,-140,-140.0,-140.0,-140.0,-140,-140,-140,-140,-140,-140,-93.0,-140,-140.0,-140,-140,-140,-89.0,-140,-140,-88.0,-140,-140,-94.0,-87.0,-89.0,-91.0,-140,-84.0,-140,-140.0,-87.0,-140.0,-140.0,-80.0,-87.0,-88.0,-84.0,-140.0,-140.0,-140.0,-88.0,-94.0,-86.0,-85.0,-140.0,-140,-140.0,-91.0,-92.0,-140.0,-90.0,-90.0,-140.0,-92.0,-140.0,-140.0,-87.0,-90.0,-140.0,-140.0,-140.0,-87.0,-88.0,-140.0,-140,-140.0,-83.0,-94.0,-140,-140,-140,-140,-140,-140,-140,-90.0,-140.0,-140,-140.0,-140,-140.0,-140,-89.0,-140,-91.0,-140.0,-140.0,-140,-140,-140,-140.0,-140.0,-140,-140.0,-140,-140,-140.0,-140,-140,-140,-140,-140,-140.0,-140,-140.0,-140.0,-140,-140,-140.0,-140.0,-140,-140,-140,-140,-140,-140,-140,-140,-140,-140,-140,-140,-140,-140,-140,-140,-140,-140,-140,-140,-140,-140,-140,-140.0,-140,-140,-140,-140,-140,-140,-140,-140,-140,-140,-140,-140,-140,-140,-140,-140,-140,-140,-140.0,-140,-140,-140,-140,-140,-140,-140,-140,-140,-140,-140,-140,-140,-140,-140,-140,-140.0,-140,-140.0,-140,-140,-140,-140,-140,-140,-140.0,-140,-140,-140,-140,-140.0,-140,-140,-140,-140,-140,-140,-140,-140,-140,-140,-140,-140,-140,-140,-140,-140,-140,-140
107.5305,-91.0,-140,-140.0,-140,-140,-140.0,-140.0,-140,-140.0,-140,-140,-78.0,-140,-140,-140.0,-140,-140,-140,-140,-140,-140,-140,-140.0,-87.0,-140.0,-140,-140.0,-140.0,-140,-140.0,-140,-140,-140,-140,-140,-140,-140.0,-140.0,-140.0,-140,-140,-140,-140,-140,-140,-140.0,-140,-140.0,-140,-140,-140,-85.0,-140,-140,-73.0,-140,-140,-140.0,-140.0,-91.0,-89.0,-140,-90.0,-140,-140.0,-83.0,-82.0,-86.0,-81.0,-76.0,-77.0,-77.0,-140.0,-140.0,-140.0,-86.0,-89.0,-76.0,-76.0,-88.0,-140,-140.0,-88.0,-87.0,-140.0,-92.0,-93.0,-86.0,-87.0,-140.0,-140.0,-86.0,-140.0,-140.0,-140.0,-140.0,-89.0,-90.0,-90.0,-140,-140.0,-91.0,-91.0,-140,-140,-140,-140,-140,-140,-140,-140.0,-140.0,-140,-140.0,-140,-140.0,-140,-140.0,-140,-140.0,-140.0,-140.0,-140,-140,-140,-140.0,-140.0,-140,-140.0,-140,-140,-140.0,-140,-140,-140,-140,-140,-140.0,-140,-140.0,-140.0,-140,-140,-140.0,-140.0,-140,-140,-140,-140,-140,-140,-140,-140,-140,-140,-140,-140,-140,-140,-140,-140,-140,-140,-140,-140,-140,-140,-140,-140.0,-140,-140,-140,-140,-140,-140,-140,-140,-140,-140,-140,-140,-140,-140,-140,-140,-140,-140,-140.0,-140,-140,-140,-140,-140,-140,-140,-140,-140,-140,-140,-140,-140,-140,-140,-140,-140.0,-140,-140.0,-140,-140,-140,-140,-140,-140,-140.0,-140,-140,-140,-140,-140.0,-140,-140,-140,-140,-140,-140,-140,-140,-140,-140,-140,-140,-140,-140,-140,-140,-140,-140
111.3896,-85.0,-140,-140.0,-140,-140,-140.0,-93.0,-140,-93.0,-140,-140,-76.0,-140,-140,-87.0,-140,-140,-140,-140,-140,-140,-140,-140.0,-85.0,-140.0,-140,-140.0,-140.0,-140,-140.0,-140,-140,-140,-140,-140,-140,-140.0,-140.0,-95.0,-140,-140,-140,-140,-140,-140,-140.0,-140,-140.0,-140,-140,-140,-140.0,-140,-140,-140.0,-140,-140,-90.0,-140.0,-91.0,-88.0,-140,-88.0,-140,-140.0,-77.0,-80.0,-140.0,-85.0,-81.0,-87.0,-85.0,-140.0,-81.0,-140.0,-94.0,-91.0,-78.0,-78.0,-140.0,-140,-140.0,-85.0,-87.0,-140.0,-140.0,-140.0,-94.0,-88.0,-140.0,-140.0,-87.0,-140.0,-140.0,-140.0,-140.0,-140.0,-140.0,-140.0,-140,-140.0,-140.0,-93.0,-140,-140,-140,-140,-140,-140,-140,-140.0,-140.0,-140,-140.0,-140,-140.0,-140,-140.0,-140,-140.0,-140.0,-140.0,-140,-140,-140,-140.0,-140.0,-140,-140.0,-140,-140,-140.0,-140,-140,-140,-140,-140,-140.0,-140,-140.0,-140.0,-140,-140,-140.0,-140.0,-140,-140,-140,-140,-140,-140,-140,-140,-140,-140,-140,-140,-140,-140,-140,-140,-140,-140,-140,-140,-140,-140,-140,-140.0,-140,-140,-140,-140,-140,-140,-140,-140,-140,-140,-140,-140,-140,-140,-140,-140,-140,-140,-140.0,-140,-140,-140,-140,-140,-140,-140,-140,-140,-140,-140,-140,-140,-140,-140,-140,-140.0,-140,-140.0,-140,-140,-140,-140,-140,-140,-92.0,-140,-140,-140,-140,-140.0,-140,-140,-140,-140,-140,-140,-140,-140,-140,-140,-140,-140,-140,-140,-140,-140,-140,-140
115.3819,-83.0,-140,-140.0,-140,-140,-140.0,-95.0,-140,-140.0,-140,-140,-68.0,-140,-140,-87.0,-140,-140,-140,-140,-140,-140,-140,-140.0,-140.0,-140.0,-140,-140.0,-140.0,-140,-93.0,-140,-140,-140,-140,-140,-140,-140.0,-140.0,-140.0,-140,-140,-140,-140,-140,-140,-140.0,-140,-140.0,-140,-140,-140,-92.0,-140,-140,-88.0,-140,-140,-84.0,-81.0,-81.0,-84.0,-140,-140.0,-140,-88.0,-91.0,-140.0,-91.0,-89.0,-89.0,-85.0,-87.0,-140.0,-140.0,-140.0,-140.0,-91.0,-86.0,-86.0,-90.0,-140,-140.0,-90.0,-93.0,-140.0,-140.0,-140.0,-140.0,-89.0,-140.0,-140.0,-88.0,-140.0,-140.0,-140.0,-140.0,-140.0,-140.0,-140.0,-140,-140.0,-140.0,-94.0,-140,-140,-140,-140,-140,-140,-140,-140.0,-140.0,-140,-140.0,-140,-140.0,-140,-140.0,-140,-140.0,-140.0,-140.0,-140,-140,-140,-140.0,-140.0,-140,-140.0,-140,-140,-140.0,-140,-140,-140,-140,-140,-140.0,-140,-140.0,-140.0,-140,-140,-140.0,-140.0,-140,-140,-140,-140,-140,-140,-140,-140,-140,-140,-140,-140,-140,-140,-140,-140,-140,-140,-140,-140,-140,-140,-140,-140.0,-140,-140,-140,-140,-140,-140,-140,-140,-140,-140,-140,-140,-140,-140,-140,-140,-140,-140,-140.0,-140,-140,-140,-140,-140,-140,-140,-140,-140,-140,-140,-140,-140,-140,-140,-140,-140.0,-140,-140.0,-140,-140,-140,-140,-140,-140,-140.0,-140,-140,-140,-140,-140.0,-140,-140,-140,-140,-140,-140,-140,-140,-140,-140,-140,-140,-140,-140,-140,-140,-140,-140
119.3501,-87.0,-140,-140.0,-140,-140,-140.0,-140.0,-140,-140.0,-140,-140,-70.0,-140,-140,-87.0,-140,-140,-140,-140,-140,-140,-140,-140.0,-140.0,-140.0,-140,-140.0,-140.0,-140,-140.0,-140,-140,-140,-140,-140,-140,-83.0,-90.0,-140.0,-140,-140,-140,-140,-140,-140,-92.0,-140,-140.0,-140,-140,-140,-88.0,-140,-140,-92.0,-140,-140,-89.0,-88.0,-140.0,-140.0,-140,-140.0,-140,-140.0,-140.0,-88.0,-140.0,-90.0,-85.0,-90.0,-87.0,-90.0,-140.0,-140.0,-91.0,-90.0,-86.0,-86.0,-91.0,-140,-140.0,-140.0,-140.0,-140.0,-140.0,-140.0,-140.0,-140.0,-140.0,-140.0,-140.0,-140.0,-140.0,-140.0,-140.0,-140.0,-140.0,-140.0,-140,-140.0,-140.0,-94.0,-140,-140,-140,-140,-140,-140,-140,-140.0,-140.0,-140,-140.0,-140,-92.0,-140,-140.0,-140,-140.0,-140.0,-140.0,-140,-140,-140,-140.0,-140.0,-140,-140.0,-140,-140,-140.0,-140,-140,-140,-140,-140,-140.0,-140,-140.0,-140.0,-140,-140,-140.0,-140.0,-140,-140,-140,-140,-140,-140,-140,-140,-140,-140,-140,-140,-140,-140,-140,-140,-140,-140,-140,-140,-140,-140,-140,-140.0,-140,-140,-140,-140,-140,-140,-140,-140,-140,-140,-140,-140,-140,-140,-140,-140,-140,-140,-140.0,-140,-140,-140,-140,-140,-140,-140,-140,-140,-140,-140,-140,-140,-140,-140,-140,-140.0,-140,-140.0,-140,-140,-140,-140,-140,-140,-140.0,-140,-140,-140,-140,-140.0,-140,-140,-140,-140,-140,-140,-140,-140,-140,-140,-140,-140,-140,-140,-140,-140,-140,-140
123.2995,-85.0,-140,-140.0,-140,-140,-140.0,-140.0,-140,-89.0,-140,-140,-82.0,-140,-140,-140.0,-140,-140,-140,-140,-140,-140,-140,-140.0,-140.0,-140.0,-140,-140.0,-140.0,-140,-140.0,-140,-140,-140,-140,-140,-140,-140.0,-91.0,-140.0,-140,-140,-140,-140,-140,-140,-91.0,-140,-140.0,-140,-140,-140,-91.0,-140,-140,-93.0,-140,-140,-88.0,-140.0,-140.0,-92.0,-140,-140.0,-140,-140.0,-140.0,-91.0,-140.0,-89.0,-82.0,-88.0,-88.0,-140.0,-91.0,-140.0,-140.0,-140.0,-89.0,-87.0,-140.0,-140,-140.0,-140.0,-140.0,-140.0,-140.0,-140.0,-140.0,-140.0,-140.0,-140.0,-140.0,-140.0,-140.0,-140.0,-140.0,-140.0,-140.0,-140.0,-140,-140.0,-140.0,-140.0,-140,-140,-140,-140,-140,-140,-140,-140.0,-140.0,-140,-140.0,-140,-140.0,-140,-140.0,-140,-140.0,-140.0,-140.0,-140,-140,-140,-140.0,-140.0,-140,-140.0,-140,-140,-140.0,-140,-140,-140,-140,-140,-140.0,-140,-140.0,-140.0,-140,-140,-140.0,-140.0,-140,-140,-140,-140,-140,-140,-140,-140,-140,-140,-140,-140,-140,-140,-140,-140,-140,-140,-140,-140,-140,-140,-140,-140.0,-140,-140,-140,-140,-140,-140,-140,-140,-140,-140,-140,-140,-140,-140,-140,-140,-140,-140,-140.0,-140,-140,-140,-140,-140,-140,-140,-140,-140,-140,-140,-140,-140,-140,-140,-140,-140.0,-140,-140.0,-140,-140,-140,-140,-140,-140,-140.0,-140,-140,-140,-140,-140.0,-140,-140,-140,-140,-140,-140,-140,-140,-140,-140,-140,-140,-140,-140,-140,-140,-140,-140
127.2884,-82.0,-140,-140.0,-140,-140,-140.0,-140.0,-140,-93.0,-140,-140,-72.0,-140,-140,-83.0,-140,-140,-140,-140,-140,-140,-140,-140.0,-140.0,-140.0,-140,-140.0,-140.0,-140,-140.0,-140,-140,-140,-140,-140,-140,-140.0,-140.0,-140.0,-140,-140,-140,-140,-140,-140,-86.0,-140,-140.0,-140,-140,-140,-140.0,-140,-140,-140.0,-140,-140,-86.0,-88.0,-87.0,-85.0,-140,-140.0,-140,-140.0,-140.0,-140.0,-140.0,-89.0,-140.0,-89.0,-140.0,-91.0,-140.0,-140.0,-140.0,-140.0,-90.0,-140.0,-140.0,-140,-140.0,-140.0,-93.0,-140.0,-94.0,-93.0,-140.0,-140.0,-140.0,-140.0,-140.0,-140.0,-140.0,-140.0,-140.0,-140.0,-140.0,-140.0,-140,-140.0,-140.0,-140.0,-140,-140,-140,-140,-140,-140,-140,-140.0,-140.0,-140,-140.0,-140,-140.0,-140,-140.0,-140,-140.0,-140.0,-140.0,-140,-140,-140,-140.0,-140.0,-140,-140.0,-140,-140,-140.0,-140,-140,-140,-140,-140,-140.0,-140,-140.0,-140.0,-140,-140,-140.0,-140.0,-140,-140,-140,-140,-140,-140,-140,-140,-140,-140,-140,-140,-140,-140,-140,-140,-140,-140,-140,-140,-140,-140,-140,-140.0,-140,-140,-140,-140,-140,-140,-140,-140,-140,-140,-140,-140,-140,-140,-140,-140,-140,-140,-140.0,-140,-140,-140,-140,-140,-140,-140,-140,-140,-140,-140,-140,-140,-140,-140,-140,-140.0,-140,-140.0,-140,-140,-140,-140,-140,-140,-140.0,-140,-140,-140,-140,-140.0,-140,-140,-140,-140,-140,-140,-140,-140,-140,-140,-140,-140,-140,-140,-140,-140,-140,-140
131.3587,-86.0,-140,-140.0,-140,-140,-140.0,-140.0,-140,-88.0,-140,-140,-69.0,-140,-140,-90.0,-140,-140,-140,-140,-140,-140,-140,-140.0,-140.0,-140.0,-140,-140.0,-140.0,-140,-140.0,-140,-140,-140,-140,-140,-140,-140.0,-140.0,-140.0,-140,-140,-140,-140,-140,-140,-90.0,-140,-140.0,-140,-140,-140,-140.0,-140,-140,-140.0,-140,-140,-82.0,-85.0,-86.0,-86.0,-140,-140.0,-140,-95.0,-90.0,-90.0,-140.0,-87.0,-140.0,-140.0,-140.0,-140.0,-140.0,-140.0,-140.0,-140.0,-89.0,-91.0,-140.0,-140,-140.0,-140.0,-140.0,-140.0,-90.0,-90.0,-140.0,-140.0,-140.0,-140.0,-140.0,-140.0,-140.0,-140.0,-140.0,-140.0,-140.0,-140.0,-140,-140.0,-140.0,-140.0,-140,-140,-140,-140,-140,-140,-140,-140.0,-140.0,-140,-140.0,-140,-140.0,-140,-140.0,-140,-140.0,-140.0,-140.0,-140,-140,-140,-140.0,-140.0,-140,-140.0,-140,-140,-140.0,-140,-140,-140,-140,-140,-90.0,-140,-140.0,-140.0,-140,-140,-140.0,-140.0,-140,-140,-140,-140,-140,-140,-140,-140,-140,-140,-140,-140,-140,-140,-140,-140,-140,-140,-140,-140,-140,-140,-140,-140.0,-140,-140,-140,-140,-140,-140,-140,-140,-140,-140,-140,-140,-140,-140,-140,-140,-140,-140,-140.0,-140,-140,-140,-140,-140,-140,-140,-140,-140,-140,-140,-140,-140,-140,-140,-140,-95.0,-140,-140.0,-140,-140,-140,-140,-140,-140,-140.0,-140,-140,-140,-140,-140.0,-140,-140,-140,-140,-140,-140,-140,-140,-140,-140,-140,-140,-140,-140,-140,-140,-140,-140
135.4234,-83.0,-140,-140.0,-140,-140,-140.0,-140.0,-140,-91.0,-140,-140,-65.0,-140,-140,-140.0,-140,-140,-140,-140,-140,-140,-140,-140.0,-140.0,-140.0,-140,-140.0,-140.0,-140,-140.0,-140,-140,-140,-140,-140,-140,-87.0,-140.0,-140.0,-140,-140,-140,-140,-140,-140,-84.0,-140,-140.0,-140,-140,-140,-88.0,-140,-140,-140.0,-140,-140,-84.0,-85.0,-140.0,-87.0,-140,-140.0,-140,-93.0,-140.0,-91.0,-92.0,-90.0,-90.0,-88.0,-91.0,-90.0,-140.0,-140.0,-140.0,-140.0,-89.0,-140.0,-140.0,-140,-140.0,-140.0,-140.0,-140.0,-140.0,-140.0,-140.0,-140.0,-140.0,-140.0,-140.0,-140.0,-140.0,-140.0,-140.0,-140.0,-140.0,-140.0,-140,-140.0,-140.0,-140.0,-140,-140,-140,-140,-140,-140,-140,-140.0,-140.0,-140,-140.0,-140,-140.0,-140,-140.0,-140,-140.0,-140.0,-140.0,-140,-140,-140,-140.0,-140.0,-140,-140.0,-140,-140,-140.0,-140,-140,-140,-140,-140,-89.0,-140,-140.0,-140.0,-140,-140,-140.0,-140.0,-140,-140,-140,-140,-140,-140,-140,-140,-140,-140,-140,-140,-140,-140,-140,-140,-140,-140,-140,-140,-140,-140,-140,-140.0,-140,-140,-140,-140,-140,-140,-140,-140,-140,-140,-140,-140,-140,-140,-140,-140,-140,-140,-140.0,-140,-140,-140,-140,-140,-140,-140,-140,-140,-140,-140,-140,-140,-140,-140,-140,-140.0,-140,-140.0,-140,-140,-140,-140,-140,-140,-140.0,-140,-140,-140,-140,-140.0,-140,-140,-140,-140,-140,-140,-140,-140,-140,-140,-140,-140,-140,-140,-140,-140,-140,-140
139.2721,-81.0,-140,-140.0,-140,-140,-140.0,-140.0,-140,-93.0,-140,-140,-72.0,-140,-140,-81.0,-140,-140,-140,-140,-140,-140,-140,-140.0,-140.0,-140.0,-140,-140.0,-140.0,-140,-140.0,-140,-140,-140,-140,-140,-140,-140.0,-140.0,-140.0,-140,-140,-140,-140,-140,-140,-89.0,-140,-140.0,-140,-140,-140,-140.0,-140,-140,-88.0,-140,-140,-85.0,-86.0,-86.0,-84.0,-140,-140.0,-140,-95.0,-140.0,-92.0,-140.0,-88.0,-88.0,-88.0,-140.0,-94.0,-140.0,-140.0,-140.0,-92.0,-92.0,-140.0,-140.0,-140,-140.0,-140.0,-140.0,-140.0,-90.0,-90.0,-140.0,-140.0,-140.0,-140.0,-140.0,-140.0,-140.0,-140.0,-140.0,-140.0,-140.0,-140.0,-140,-140.0,-140.0,-140.0,-140,-140,-140,-140,-140,-140,-140,-140.0,-140.0,-140,-140.0,-140,-140.0,-140,-91.0,-140,-140.0,-140.0,-140.0,-140,-140,-140,-140.0,-140.0,-140,-140.0,-140,-140,-140.0,-140,-140,-140,-140,-140,-140.0,-140,-140.0,-140.0,-140,-140,-140.0,-140.0,-140,-140,-140,-140,-140,-140,-140,-140,-140,-140,-140,-140,-140,-140,-140,-140,-140,-140,-140,-140,-140,-140,-140,-140.0,-140,-140,-140,-140,-140,-140,-140,-140,-140,-140,-140,-140,-140,-140,-140,-140,-140,-140,-140.0,-140,-140,-140,-140,-140,-140,-140,-140,-140,-140,-140,-140,-140,-140,-140,-140,-140.0,-140,-140.0,-140,-140,-140,-140,-140,-140,-140.0,-140,-140,-140,-140,-140.0,-140,-140,-140,-140,-140,-140,-140,-140,-140,-140,-140,-140,-140,-140,-140,-140,-140,-140
143.4306,-79.0,-140,-140.0,-140,-140,-140.0,-140.0,-140,-89.0,-140,-140,-70.0,-140,-140,-83.0,-140,-140,-140,-140,-140,-140,-140,-140.0,-93.0,-140.0,-140,-140.0,-140.0,-140,-140.0,-140,-140,-140,-140,-140,-140,-140.0,-95.0,-140.0,-140,-140,-140,-140,-140,-140,-90.0,-140,-140.0,-140,-140,-140,-86.0,-140,-140,-87.0,-140,-140,-83.0,-91.0,-140.0,-140.0,-140,-140.0,-140,-140.0,-140.0,-89.0,-140.0,-88.0,-90.0,-91.0,-89.0,-92.0,-94.0,-140.0,-140.0,-94.0,-90.0,-140.0,-140.0,-140,-140.0,-140.0,-93.0,-140.0,-140.0,-140.0,-140.0,-140.0,-140.0,-140.0,-140.0,-140.0,-140.0,-140.0,-140.0,-140.0,-140.0,-140.0,-140,-140.0,-140.0,-140.0,-140,-140,-140,-140,-140,-140,-140,-140.0,-140.0,-140,-140.0,-140,-140.0,-140,-140.0,-140,-140.0,-140.0,-140.0,-140,-140,-140,-140.0,-140.0,-140,-140.0,-140,-140,-140.0,-140,-140,-140,-140,-140,-89.0,-140,-140.0,-140.0,-140,-140,-140.0,-140.0,-140,-140,-140,-140,-140,-140,-140,-140,-140,-140,-140,-140,-140,-140,-140,-140,-140,-140,-140,-140,-140,-140,-140,-140.0,-140,-140,-140,-140,-140,-140,-140,-140,-140,-140,-140,-140,-140,-140,-140,-140,-140,-140,-140.0,-140,-140,-140,-140,-140,-140,-140,-140,-140,-140,-140,-140,-140,-140,-140,-140,-140.0,-140,-140.0,-140,-140,-140,-140,-140,-140,-140.0,-140,-140,-140,-140,-140.0,-140,-140,-140,-140,-140,-140,-140,-140,-140,-140,-140,-140,-140,-140,-140,-140,-140,-140
147.4202,-81.0,-140,-140.0,-140,-140,-140.0,-140.0,-140,-91.0,-140,-140,-69.0,-140,-140,-84.0,-140,-140,-140,-140,-140,-140,-140,-140.0,-93.0,-140.0,-140,-140.0,-140.0,-140,-140.0,-140,-140,-140,-140,-140,-140,-140.0,-140.0,-140.0,-140,-140,-140,-140,-140,-140,-89.0,-140,-140.0,-140,-140,-140,-87.0,-140,-140,-87.0,-140,-140,-84.0,-90.0,-140.0,-140.0,-140,-140.0,-140,-91.0,-92.0,-89.0,-140.0,-89.0,-92.0,-88.0,-92.0,-140.0,-140.0,-140.0,-140.0,-140.0,-91.0,-140.0,-140.0,-140,-140.0,-140.0,-140.0,-140.0,-140.0,-140.0,-140.0,-140.0,-140.0,-140.0,-140.0,-140.0,-140.0,-140.0,-140.0,-140.0,-140.0,-140.0,-140,-140.0,-140.0,-140.0,-140,-140,-140,-140,-140,-140,-140,-140.0,-140.0,-140,-140.0,-140,-140.0,-140,-92.0,-140,-140.0,-140.0,-140.0,-140,-140,-140,-140.0,-140.0,-140,-140.0,-140,-140,-140.0,-140,-140,-140,-140,-140,-89.0,-140,-140.0,-140.0,-140,-140,-140.0,-140.0,-140,-140,-140,-140,-140,-140,-140,-140,-140,-140,-140,-140,-140,-140,-140,-140,-140,-140,-140,-140,-140,-140,-140,-140.0,-140,-140,-140,-140,-140,-140,-140,-140,-140,-140,-140,-140,-140,-140,-140,-140,-140,-140,-140.0,-140,-140,-140,-140,-140,-140,-140,-140,-140,-140,-140,-140,-140,-140,-140,-140,-140.0,-140,-140.0,-140,-140,-140,-140,-140,-140,-140.0,-140,-140,-140,-140,-140.0,-140,-140,-140,-140,-140,-140,-140,-140,-140,-140,-140,-140,-140,-140,-140,-140,-140,-140
151.4125,-83.0,-140,-140.0,-140,-140,-140.0,-140.0,-140,-89.0,-140,-140,-72.0,-140,-140,-83.0,-140,-140,-140,-140,-140,-140,-140,-90.0,-140.0,-140.0,-140,-140.0,-140.0,-140,-140.0,-140,-140,-140,-140,-140,-140,-140.0,-140.0,-140.0,-140,-140,-140,-140,-140,-140,-92.0,-140,-140.0,-140,-140,-140,-85.0,-140,-140,-86.0,-140,-140,-84.0,-88.0,-140.0,-140.0,-140,-140.0,-140,-140.0,-140.0,-91.0,-140.0,-89.0,-88.0,-88.0,-88.0,-93.0,-140.0,-140.0,-140.0,-140.0,-92.0,-140.0,-140.0,-140,-140.0,-140.0,-140.0,-140.0,-140.0,-140.0,-140.0,-140.0,-140.0,-140.0,-140.0,-140.0,-140.0,-140.0,-140.0,-140.0,-140.0,-140.0,-140,-140.0,-140.0,-140.0,-140,-140,-140,-140,-140,-140,-140,-140.0,-140.0,-140,-140.0,-140,-140.0,-140,-140.0,-140,-140.0,-140.0,-140.0,-140,-140,-140,-140.0,-140.0,-140,-140.0,-140,-140,-140.0,-140,-140,-140,-140,-140,-88.0,-140,-140.0,-140.0,-140,-140,-140.0,-140.0,-140,-140,-140,-140,-140,-140,-140,-140,-140,-140,-140,-140,-140,-140,-140,-140,-140,-140,-140,-140,-140,-140,-140,-140.0,-140,-140,-140,-140,-140,-140,-140,-140,-140,-140,-140,-140,-140,-140,-140,-140,-140,-140,-140.0,-140,-140,-140,-140,-140,-140,-140,-140,-140,-140,-140,-140,-140,-140,-140,-140,-140.0,-140,-140.0,-140,-140,-140,-140,-140,-140,-140.0,-140,-140,-140,-140,-140.0,-140,-140,-140,-140,-140,-140,-140,-140,-140,-140,-140,-140,-140,-140,-140,-140,-140,-140
155.3942,-140.0,-140,-140.0,-140,-140,-140.0,-140.0,-140,-92.0,-140,-140,-74.0,-140,-140,-87.0,-140,-140,-140,-140,-140,-140,-140,-140.0,-140.0,-140.0,-140,-140.0,-140.0,-140,-140.0,-140,-140,-140,-140,-140,-140,-140.0,-140.0,-140.0,-140,-140,-140,-140,-140,-140,-92.0,-140,-140.0,-140,-140,-140,-85.0,-140,-140,-92.0,-140,-140,-83.0,-85.0,-86.0,-84.0,-140,-140.0,-140,-140.0,-140.0,-140.0,-140.0,-140.0,-86.0,-88.0,-87.0,-140.0,-140.0,-140.0,-91.0,-92.0,-92.0,-140.0,-91.0,-140,-89.0,-140.0,-140.0,-140.0,-92.0,-92.0,-140.0,-140.0,-140.0,-140.0,-140.0,-140.0,-140.0,-140.0,-140.0,-140.0,-140.0,-140.0,-140,-140.0,-140.0,-140.0,-140,-140,-140,-140,-140,-140,-140,-140.0,-140.0,-140,-140.0,-140,-140.0,-140,-140.0,-140,-140.0,-140.0,-140.0,-140,-140,-140,-140.0,-140.0,-140,-140.0,-140,-140,-140.0,-140,-140,-140,-140,-140,-89.0,-140,-140.0,-140.0,-140,-140,-140.0,-140.0,-140,-140,-140,-140,-140,-140,-140,-140,-140,-140,-140,-140,-140,-140,-140,-140,-140,-140,-140,-140,-140,-140,-140,-140.0,-140,-140,-140,-140,-140,-140,-140,-140,-140,-140,-140,-140,-140,-140,-140,-140,-140,-140,-140.0,-140,-140,-140,-140,-140,-140,-140,-140,-140,-140,-140,-140,-140,-140,-140,-140,-140.0,-140,-140.0,-140,-140,-140,-140,-140,-140,-140.0,-140,-140,-140,-140,-140.0,-140,-140,-140,-140,-140,-140,-140,-140,-140,-140,-140,-140,-140,-140,-140,-140,-140,-140
159.4112,-88.0,-140,-140.0,-140,-140,-140.0,-140.0,-140,-140.0,-140,-140,-69.0,-140,-140,-82.0,-140,-140,-140,-140,-140,-140,-140,-91.0,-140.0,-140.0,-140,-140.0,-140.0,-140,-140.0,-140,-140,-140,-140,-140,-140,-140.0,-140.0,-140.0,-140,-140,-140,-140,-140,-140,-86.0,-140,-140.0,-140,-140,-140,-87.0,-140,-140,-86.0,-140,-140,-77.0,-88.0,-88.0,-83.0,-140,-140.0,-140,-89.0,-140.0,-140.0,-89.0,-86.0,-83.0,-93.0,-83.0,-140.0,-140.0,-140.0,-85.0,-92.0,-85.0,-85.0,-140.0,-140,-140.0,-140.0,-140.0,-140.0,-91.0,-92.0,-140.0,-140.0,-140.0,-140.0,-92.0,-140.0,-140.0,-140.0,-140.0,-140.0,-140.0,-140.0,-140,-140.0,-92.0,-93.0,-140,-140,-140,-140,-140,-140,-140,-140.0,-140.0,-140,-92.0,-140,-140.0,-140,-140.0,-140,-94.0,-140.0,-140.0,-140,-140,-140,-140.0,-140.0,-140,-140.0,-140,-140,-140.0,-140,-140,-140,-140,-140,-140.0,-140,-140.0,-140.0,-140,-140,-140.0,-140.0,-140,-140,-140,-140,-140,-140,-140,-140,-140,-140,-140,-140,-140,-140,-140,-140,-140,-140,-140,-140,-140,-140,-140,-140.0,-140,-140,-140,-140,-140,-140,-140,-140,-140,-140,-140,-140,-140,-140,-140,-140,-140,-140,-140.0,-140,-140,-140,-140,-140,-140,-140,-140,-140,-140,-140,-140,-140,-140,-140,-140,-140.0,-140,-140.0,-140,-140,-140,-140,-140,-140,-140.0,-140,-140,-140,-140,-140.0,-140,-140,-140,-140,-140,-140,-140,-140,-140,-140,-140,-140,-140,-140,-140,-140,-140,-140
163.5167,-140.0,-140,-140.0,-140,-140,-91.0,-140.0,-140,-140.0,-140,-140,-140.0,-140,-140,-88.0,-140,-140,-140,-140,-140,-140,-140,-140.0,-83.0,-140.0,-140,-140.0,-140.0,-140,-140.0,-140,-140,-140,-140,-140,-140,-140.0,-84.0,-140.0,-140,-140,-140,-140,-140,-140,-82.0,-140,-140.0,-140,-140,-140,-86.0,-140,-140,-86.0,-140,-140,-82.0,-84.0,-83.0,-87.0,-140,-140.0,-140,-89.0,-140.0,-91.0,-84.0,-140.0,-86.0,-86.0,-84.0,-140.0,-87.0,-92.0,-87.0,-140.0,-85.0,-84.0,-140.0,-140,-140.0,-140.0,-140.0,-140.0,-91.0,-92.0,-140.0,-140.0,-140.0,-140.0,-93.0,-87.0,-140.0,-140.0,-140.0,-89.0,-88.0,-140.0,-140,-140.0,-140.0,-140.0,-140,-140,-140,-140,-140,-140,-140,-140.0,-140.0,-140,-140.0,-140,-140.0,-140,-83.0,-140,-86.0,-140.0,-140.0,-140,-140,-140,-140.0,-140.0,-140,-140.0,-140,-140,-140.0,-140,-140,-140,-140,-140,-140.0,-140,-140.0,-140.0,-140,-140,-140.0,-140.0,-140,-140,-140,-140,-140,-140,-140,-140,-140,-140,-140,-140,-140,-140,-140,-140,-140,-140,-140,-140,-140,-140,-140,-140.0,-140,-140,-140,-140,-140,-140,-140,-140,-140,-140,-140,-140,-140,-140,-140,-140,-140,-140,-140.0,-140,-140,-140,-140,-140,-140,-140,-140,-140,-140,-140,-140,-140,-140,-140,-140,-140.0,-140,-140.0,-140,-140,-140,-140,-140,-140,-140.0,-140,-140,-140,-140,-140.0,-140,-140,-140,-140,-140,-140,-140,-140,-140,-140,-140,-140,-140,-140,-140,-140,-140,-140
167.615,-140.0,-140,-140.0,-140,-140,-140.0,-140.0,-140,-93.0,-140,-140,-140.0,-140,-140,-89.0,-140,-140,-140,-140,-140,-140,-140,-140.0,-93.0,-140.0,-140,-140.0,-140.0,-140,-140.0,-140,-140,-140,-140,-140,-140,-140.0,-140.0,-140.0,-140,-140,-140,-140,-140,-140,-88.0,-140,-140.0,-140,-140,-140,-140.0,-140,-140,-92.0,-140,-140,-88.0,-87.0,-86.0,-85.0,-140,-88.0,-140,-140.0,-82.0,-91.0,-91.0,-82.0,-84.0,-84.0,-80.0,-140.0,-88.0,-140.0,-88.0,-90.0,-82.0,-82.0,-90.0,-140,-140.0,-86.0,-85.0,-140.0,-90.0,-91.0,-93.0,-87.0,-140.0,-90.0,-88.0,-78.0,-140.0,-90.0,-140.0,-85.0,-85.0,-140.0,-140,-90.0,-92.0,-91.0,-140,-140,-140,-140,-140,-140,-140,-140.0,-140.0,-140,-140.0,-140,-140.0,-140,-85.0,-140,-78.0,-140.0,-140.0,-140,-140,-140,-140.0,-140.0,-140,-140.0,-140,-140,-140.0,-140,-140,-140,-140,-140,-88.0,-140,-140.0,-140.0,-140,-140,-140.0,-140.0,-140,-140,-140,-140,-140,-140,-140,-140,-140,-140,-140,-140,-140,-140,-140,-140,-140,-140,-140,-140,-140,-140,-140,-91.0,-140,-140,-140,-140,-140,-140,-140,-140,-140,-140,-140,-140,-140,-140,-140,-140,-140,-140,-140.0,-140,-140,-140,-140,-140,-140,-140,-140,-140,-140,-140,-140,-140,-140,-140,-140,-140.0,-140,-140.0,-140,-140,-140,-140,-140,-140,-140.0,-140,-140,-140,-140,-140.0,-140,-140,-140,-140,-140,-140,-140,-140,-140,-140,-140,-140,-140,-140,-140,-140,-140,-140
171.4188,-93.0,-140,-140.0,-140,-140,-140.0,-140.0,-140,-140.0,-140,-140,-78.0,-140,-140,-90.0,-140,-140,-140,-140,-140,-140,-140,-89.0,-91.0,-140.0,-140,-140.0,-140.0,-140,-140.0,-140,-140,-140,-140,-140,-140,-140.0,-140.0,-140.0,-140,-140,-140,-140,-140,-140,-88.0,-140,-140.0,-140,-140,-140,-86.0,-140,-140,-85.0,-140,-140,-140.0,-140.0,-92.0,-86.0,-140,-79.0,-140,-140.0,-89.0,-83.0,-140.0,-90.0,-84.0,-85.0,-86.0,-140.0,-85.0,-140.0,-86.0,-140.0,-82.0,-81.0,-140.0,-140,-140.0,-92.0,-91.0,-140.0,-91.0,-91.0,-140.0,-140.0,-140.0,-140.0,-86.0,-90.0,-140.0,-140.0,-140.0,-140.0,-140.0,-140.0,-140,-140.0,-140.0,-94.0,-140,-140,-140,-140,-140,-140,-140,-140.0,-140.0,-140,-140.0,-140,-140.0,-140,-90.0,-140,-92.0,-140.0,-140.0,-140,-140,-140,-140.0,-140.0,-140,-140.0,-140,-140,-140.0,-140,-140,-140,-140,-140,-140.0,-140,-140.0,-140.0,-140,-140,-140.0,-140.0,-140,-140,-140,-140,-140,-140,-140,-140,-140,-140,-140,-140,-140,-140,-140,-140,-140,-140,-140,-140,-140,-140,-140,-140.0,-140,-140,-140,-140,-140,-140,-140,-140,-140,-140,-140,-140,-140,-140,-140,-140,-140,-140,-140.0,-140,-140,-140,-140,-140,-140,-140,-140,-140,-140,-140,-140,-140,-140,-140,-140,-140.0,-140,-140.0,-140,-140,-140,-140,-140,-140,-88.0,-140,-140,-140,-140,-140.0,-140,-140,-140,-140,-140,-140,-140,-140,-140,-140,-140,-140,-140,-140,-140,-140,-140,-140
175.4164,-90.0,-140,-140.0,-140,-140,-140.0,-140.0,-140,-93.0,-140,-140,-75.0,-140,-140,-81.0,-140,-140,-140,-140,-140,-140,-140,-140.0,-89.0,-140.0,-140,-140.0,-140.0,-140,-140.0,-140,-140,-140,-140,-140,-140,-85.0,-140.0,-140.0,-140,-140,-140,-140,-140,-140,-88.0,-140,-140.0,-140,-140,-140,-83.0,-140,-140,-87.0,-140,-140,-140.0,-140.0,-89.0,-140.0,-140,-81.0,-140,-140.0,-91.0,-140.0,-140.0,-140.0,-88.0,-87.0,-87.0,-140.0,-140.0,-140.0,-86.0,-140.0,-89.0,-140.0,-140.0,-140,-140.0,-140.0,-140.0,-140.0,-92.0,-90.0,-140.0,-140.0,-140.0,-140.0,-140.0,-89.0,-140.0,-140.0,-140.0,-89.0,-88.0,-140.0,-140,-140.0,-140.0,-140.0,-140,-140,-140,-140,-140,-140,-140,-140.0,-140.0,-140,-140.0,-140,-140.0,-140,-87.0,-140,-140.0,-140.0,-140.0,-140,-140,-140,-140.0,-140.0,-140,-140.0,-140,-140,-140.0,-140,-140,-140,-140,-140,-140.0,-140,-140.0,-140.0,-140,-140,-140.0,-140.0,-140,-140,-140,-140,-140,-140,-140,-140,-140,-140,-140,-140,-140,-140,-140,-140,-140,-140,-140,-140,-140,-140,-140,-140.0,-140,-140,-140,-140,-140,-140,-140,-140,-140,-140,-140,-140,-140,-140,-140,-140,-140,-140,-140.0,-140,-140,-140,-140,-140,-140,-140,-140,-140,-140,-140,-140,-140,-140,-140,-140,-140.0,-140,-140.0,-140,-140,-140,-140,-140,-140,-87.0,-140,-140,-140,-140,-140.0,-140,-140,-140,-140,-140,-140,-140,-140,-140,-140,-140,-140,-140,-140,-140,-140,-140,-140
179.1281,-83.0,-140,-140.0,-140,-140,-140.0,-140.0,-140,-91.0,-140,-140,-69.0,-140,-140,-140.0,-140,-140,-140,-140,-140,-140,-140,-140.0,-90.0,-140.0,-140,-140.0,-140.0,-140,-140.0,-140,-140,-140,-140,-140,-140,-140.0,-90.0,-140.0,-140,-140,-140,-140,-140,-140,-84.0,-140,-140.0,-140,-140,-140,-78.0,-140,-140,-87.0,-140,-140,-92.0,-82.0,-82.0,-86.0,-140,-78.0,-140,-140.0,-140.0,-140.0,-140.0,-93.0,-88.0,-89.0,-92.0,-140.0,-140.0,-140.0,-140.0,-140.0,-140.0,-140.0,-140.0,-140,-140.0,-140.0,-140.0,-140.0,-93.0,-95.0,-140.0,-140.0,-140.0,-140.0,-140.0,-93.0,-140.0,-140.0,-140.0,-140.0,-140.0,-140.0,-140,-140.0,-140.0,-140.0,-140,-140,-140,-140,-140,-140,-140,-140.0,-140.0,-140,-140.0,-140,-140.0,-140,-140.0,-140,-140.0,-140.0,-140.0,-140,-140,-140,-140.0,-140.0,-140,-140.0,-140,-140,-140.0,-140,-140,-140,-140,-140,-140.0,-140,-140.0,-140.0,-140,-140,-140.0,-140.0,-140,-140,-140,-140,-140,-140,-140,-140,-140,-140,-140,-140,-140,-140,-140,-140,-140,-140,-140,-140,-140,-140,-140,-140.0,-140,-140,-140,-140,-140,-140,-140,-140,-140,-140,-140,-140,-140,-140,-140,-140,-140,-140,-140.0,-140,-140,-140,-140,-140,-140,-140,-140,-140,-140,-140,-140,-140,-140,-140,-140,-140.0,-140,-140.0,-140,-140,-140,-140,-140,-140,-140.0,-140,-140,-140,-140,-140.0,-140,-140,-140,-140,-140,-140,-140,-140,-140,-140,-140,-140,-140,-140,-140,-140,-140,-140
181.0966,-140.0,-140,-140.0,-140,-140,-140.0,-140.0,-140,-93.0,-140,-140,-73.0,-140,-140,-81.0,-140,-140,-140,-140,-140,-140,-140,-140.0,-90.0,-140.0,-140,-140.0,-140.0,-140,-140.0,-140,-140,-140,-140,-140,-140,-83.0,-88.0,-140.0,-140,-140,-140,-140,-140,-140,-87.0,-140,-140.0,-140,-140,-140,-78.0,-140,-140,-91.0,-140,-140,-140.0,-140.0,-87.0,-82.0,-140,-74.0,-140,-140.0,-140.0,-140.0,-140.0,-92.0,-90.0,-92.0,-90.0,-140.0,-140.0,-140.0,-91.0,-140.0,-140.0,-140.0,-140.0,-140,-140.0,-140.0,-140.0,-140.0,-91.0,-91.0,-140.0,-140.0,-140.0,-140.0,-140.0,-140.0,-140.0,-140.0,-140.0,-140.0,-140.0,-140.0,-140,-140.0,-92.0,-140.0,-140,-140,-140,-140,-140,-140,-140,-140.0,-94.0,-140,-140.0,-140,-140.0,-140,-140.0,-140,-140.0,-140.0,-140.0,-140,-140,-140,-140.0,-140.0,-140,-140.0,-140,-140,-140.0,-140,-140,-140,-140,-140,-140.0,-140,-140.0,-140.0,-140,-140,-140.0,-140.0,-140,-140,-140,-140,-140,-140,-140,-140,-140,-140,-140,-140,-140,-140,-140,-140,-140,-140,-140,-140,-140,-140,-140,-140.0,-140,-140,-140,-140,-140,-140,-140,-140,-140,-140,-140,-140,-140,-140,-140,-140,-140,-140,-140.0,-140,-140,-140,-140,-140,-140,-140,-140,-140,-140,-140,-140,-140,-140,-140,-140,-140.0,-140,-140.0,-140,-140,-140,-140,-140,-140,-84.0,-140,-140,-140,-140,-140.0,-140,-140,-140,-140,-140,-140,-140,-140,-140,-140,-140,-140,-140,-140,-140,-140,-140,-140
183.0928,-88.0,-140,-140.0,-140,-140,-140.0,-140.0,-140,-140.0,-140,-140,-67.0,-140,-140,-83.0,-140,-140,-140,-140,-140,-140,-140,-140.0,-90.0,-140.0,-140,-140.0,-140.0,-140,-140.0,-140,-140,-140,-140,-140,-140,-83.0,-90.0,-140.0,-140,-140,-140,-140,-140,-140,-140.0,-140,-140.0,-140,-140,-140,-85.0,-140,-140,-79.0,-140,-140,-140.0,-84.0,-140.0,-82.0,-140,-80.0,-140,-140.0,-140.0,-140.0,-140.0,-140.0,-140.0,-89.0,-90.0,-140.0,-140.0,-140.0,-140.0,-140.0,-140.0,-140.0,-140.0,-140,-140.0,-140.0,-140.0,-140.0,-140.0,-140.0,-140.0,-140.0,-140.0,-89.0,-140.0,-140.0,-140.0,-140.0,-140.0,-140.0,-140.0,-140.0,-140,-140.0,-140.0,-140.0,-140,-140,-140,-140,-140,-140,-140,-140.0,-140.0,-140,-140.0,-140,-140.0,-140,-94.0,-140,-140.0,-140.0,-140.0,-140,-140,-140,-140.0,-140.0,-140,-140.0,-140,-140,-140.0,-140,-140,-140,-140,-140,-140.0,-140,-140.0,-140.0,-140,-140,-140.0,-140.0,-140,-140,-140,-140,-140,-140,-140,-140,-140,-140,-140,-140,-140,-140,-140,-140,-140,-140,-140,-140,-140,-140,-140,-94.0,-140,-140,-140,-140,-140,-140,-140,-140,-140,-140,-140,-140,-140,-140,-140,-140,-140,-140,-140.0,-140,-140,-140,-140,-140,-140,-140,-140,-140,-140,-140,-140,-140,-140,-140,-140,-140.0,-140,-140.0,-140,-140,-140,-140,-140,-140,-84.0,-140,-140,-140,-140,-140.0,-140,-140,-140,-140,-140,-140,-140,-140,-140,-140,-140,-140,-140,-140,-140,-140,-140,-140
185.1124,-87.0,-140,-140.0,-140,-140,-140.0,-140.0,-140,-140.0,-140,-140,-72.0,-140,-140,-79.0,-140,-140,-140,-140,-140,-140,-140,-140.0,-140.0,-140.0,-140,-140.0,-140.0,-140,-140.0,-140,-140,-140,-140,-140,-140,-140.0,-91.0,-140.0,-140,-140,-140,-140,-140,-140,-82.0,-140,-140.0,-140,-140,-140,-83.0,-140,-140,-74.0,-140,-140,-91.0,-87.0,-82.0,-83.0,-140,-75.0,-140,-140.0,-140.0,-140.0,-140.0,-140.0,-91.0,-140.0,-140.0,-140.0,-140.0,-140.0,-140.0,-140.0,-140.0,-140.0,-140.0,-140,-140.0,-140.0,-140.0,-140.0,-140.0,-140.0,-140.0,-140.0,-140.0,-140.0,-140.0,-140.0,-140.0,-140.0,-140.0,-140.0,-140.0,-140.0,-140,-140.0,-140.0,-140.0,-140,-140,-140,-140,-140,-140,-140,-140.0,-140.0,-140,-140.0,-140,-140.0,-140,-140.0,-140,-140.0,-140.0,-140.0,-140,-140,-140,-140.0,-140.0,-140,-140.0,-140,-140,-140.0,-140,-140,-140,-140,-140,-140.0,-140,-140.0,-140.0,-140,-140,-140.0,-140.0,-140,-140,-140,-140,-140,-140,-140,-140,-140,-140,-140,-140,-140,-140,-140,-140,-140,-140,-140,-140,-140,-140,-140,-140.0,-140,-140,-140,-140,-140,-140,-140,-140,-140,-140,-140,-140,-140,-140,-140,-140,-140,-140,-140.0,-140,-140,-140,-140,-140,-140,-140,-140,-140,-140,-140,-140,-140,-140,-140,-140,-140.0,-140,-93.0,-140,-140,-140,-140,-140,-140,-140.0,-140,-140,-140,-140,-140.0,-140,-140,-140,-140,-140,-140,-140,-140,-140,-140,-140,-140,-140,-140,-140,-140,-140,-140
187.085,-86.0,-140,-140.0,-140,-140,-140.0,-140.0,-140,-140.0,-140,-140,-71.0,-140,-140,-78.0,-140,-140,-140,-140,-140,-140,-140,-140.0,-93.0,-140.0,-140,-140.0,-140.0,-140,-140.0,-140,-140,-140,-140,-140,-140,-83.0,-94.0,-140.0,-140,-140,-140,-140,-140,-140,-83.0,-140,-140.0,-140,-140,-140,-81.0,-140,-140,-77.0,-140,-140,-89.0,-86.0,-140.0,-140.0,-140,-76.0,-140,-140.0,-140.0,-140.0,-140.0,-140.0,-140.0,-88.0,-90.0,-140.0,-140.0,-140.0,-85.0,-140.0,-140.0,-140.0,-140.0,-140,-140.0,-140.0,-140.0,-140.0,-140.0,-140.0,-140.0,-140.0,-140.0,-140.0,-140.0,-140.0,-140.0,-140.0,-140.0,-140.0,-140.0,-140.0,-140,-140.0,-140.0,-140.0,-140,-140,-140,-140,-140,-140,-140,-140.0,-140.0,-140,-140.0,-140,-140.0,-140,-140.0,-140,-140.0,-140.0,-140.0,-140,-140,-140,-140.0,-140.0,-140,-140.0,-140,-140,-140.0,-140,-140,-140,-140,-140,-140.0,-140,-140.0,-140.0,-140,-140,-140.0,-140.0,-140,-140,-140,-140,-140,-140,-140,-140,-140,-140,-140,-140,-140,-140,-140,-140,-140,-140,-140,-140,-140,-140,-140,-140.0,-140,-140,-140,-140,-140,-140,-140,-140,-140,-140,-140,-140,-140,-140,-140,-140,-140,-140,-140.0,-140,-140,-140,-140,-140,-140,-140,-140,-140,-140,-140,-140,-140,-140,-140,-140,-140.0,-140,-140.0,-140,-140,-140,-140,-140,-140,-85.0,-140,-140,-140,-140,-140.0,-140,-140,-140,-140,-140,-140,-140,-140,-140,-140,-140,-140,-140,-140,-140,-140,-140,-140
189.0782,-88.0,-140,-140.0,-140,-140,-140.0,-140.0,-140,-140.0,-140,-140,-75.0,-140,-140,-75.0,-140,-140,-140,-140,-140,-140,-140,-140.0,-140.0,-140.0,-140,-140.0,-140.0,-140,-140.0,-140,-140,-140,-140,-140,-140,-140.0,-140.0,-140.0,-140,-140,-140,-140,-140,-140,-82.0,-140,-140.0,-140,-140,-140,-83.0,-140,-140,-74.0,-140,-140,-83.0,-140.0,-85.0,-83.0,-140,-77.0,-140,-140.0,-140.0,-140.0,-140.0,-96.0,-140.0,-91.0,-140.0,-140.0,-140.0,-140.0,-140.0,-140.0,-140.0,-140.0,-140.0,-140,-140.0,-140.0,-140.0,-140.0,-140.0,-140.0,-140.0,-140.0,-140.0,-140.0,-140.0,-140.0,-140.0,-140.0,-140.0,-140.0,-140.0,-140.0,-140,-140.0,-140.0,-140.0,-140,-140,-140,-140,-140,-140,-140,-140.0,-140.0,-140,-140.0,-140,-140.0,-140,-140.0,-140,-140.0,-140.0,-140.0,-140,-140,-140,-140.0,-140.0,-140,-140.0,-140,-140,-140.0,-140,-140,-140,-140,-140,-140.0,-140,-140.0,-140.0,-140,-140,-140.0,-140.0,-140,-140,-140,-140,-140,-140,-140,-140,-140,-140,-140,-140,-140,-140,-140,-140,-140,-140,-140,-140,-140,-140,-140,-140.0,-140,-140,-140,-140,-140,-140,-140,-140,-140,-140,-140,-140,-140,-140,-140,-140,-140,-140,-140.0,-140,-140,-140,-140,-140,-140,-140,-140,-140,-140,-140,-140,-140,-140,-140,-140,-140.0,-140,-92.0,-140,-140,-140,-140,-140,-140,-85.0,-140,-140,-140,-140,-140.0,-140,-140,-140,-140,-140,-140,-140,-140,-140,-140,-140,-140,-140,-140,-140,-140,-140,-140
191.0953,-140.0,-140,-140.0,-140,-140,-140.0,-140.0,-140,-140.0,-140,-140,-75.0,-140,-140,-77.0,-140,-140,-140,-140,-140,-140,-140,-140.0,-140.0,-140.0,-140,-140.0,-140.0,-140,-140.0,-140,-140,-140,-140,-140,-140,-84.0,-92.0,-140.0,-140,-140,-140,-140,-140,-140,-86.0,-140,-140.0,-140,-140,-140,-76.0,-140,-140,-74.0,-140,-140,-91.0,-84.0,-88.0,-84.0,-140,-74.0,-140,-140.0,-140.0,-140.0,-140.0,-140.0,-93.0,-96.0,-90.0,-140.0,-140.0,-140.0,-89.0,-140.0,-140.0,-140.0,-140.0,-140,-140.0,-140.0,-140.0,-90.0,-94.0,-140.0,-140.0,-140.0,-140.0,-90.0,-140.0,-140.0,-140.0,-140.0,-140.0,-140.0,-140.0,-140.0,-140,-140.0,-140.0,-140.0,-140,-140,-140,-140,-140,-140,-140,-140.0,-140.0,-140,-140.0,-140,-140.0,-140,-140.0,-140,-140.0,-140.0,-140.0,-140,-140,-140,-140.0,-140.0,-140,-140.0,-140,-140,-94.0,-140,-140,-140,-140,-140,-140.0,-140,-140.0,-140.0,-140,-140,-140.0,-140.0,-140,-140,-140,-140,-140,-140,-140,-140,-140,-140,-140,-140,-140,-140,-140,-140,-140,-140,-140,-140,-140,-140,-140,-140.0,-140,-140,-140,-140,-140,-140,-140,-140,-140,-140,-140,-140,-140,-140,-140,-140,-140,-140,-140.0,-140,-140,-140,-140,-140,-140,-140,-140,-140,-140,-140,-140,-140,-140,-140,-140,-140.0,-140,-140.0,-140,-140,-140,-140,-140,-140,-80.0,-140,-140,-140,-140,-140.0,-140,-140,-140,-140,-140,-140,-140,-140,-140,-140,-140,-140,-140,-140,-140,-140,-140,-140
193.102,-83.0,-140,-140.0,-140,-140,-140.0,-140.0,-140,-94.0,-140,-140,-140.0,-140,-140,-76.0,-140,-140,-140,-140,-140,-140,-140,-140.0,-91.0,-140.0,-140,-140.0,-140.0,-140,-140.0,-140,-140,-140,-140,-140,-140,-85.0,-87.0,-140.0,-140,-140,-140,-140,-140,-140,-81.0,-140,-95.0,-140,-140,-140,-70.0,-140,-140,-70.0,-140,-140,-90.0,-84.0,-83.0,-85.0,-140,-76.0,-140,-140.0,-94.0,-140.0,-140.0,-140.0,-140.0,-93.0,-140.0,-140.0,-140.0,-140.0,-140.0,-140.0,-140.0,-140.0,-140.0,-140,-140.0,-140.0,-140.0,-140.0,-140.0,-140.0,-140.0,-140.0,-140.0,-140.0,-140.0,-140.0,-140.0,-140.0,-140.0,-140.0,-140.0,-140.0,-140,-91.0,-140.0,-140.0,-140,-140,-140,-140,-140,-140,-140,-140.0,-140.0,-140,-140.0,-140,-140.0,-140,-140.0,-140,-140.0,-140.0,-97.0,-140,-140,-140,-140.0,-140.0,-140,-140.0,-140,-140,-140.0,-140,-140,-140,-140,-140,-140.0,-140,-140.0,-140.0,-140,-140,-140.0,-140.0,-140,-140,-140,-140,-140,-140,-140,-140,-140,-140,-140,-140,-140,-140,-140,-140,-140,-140,-140,-140,-140,-140,-140,-140.0,-140,-140,-140,-140,-140,-140,-140,-140,-140,-140,-140,-140,-140,-140,-140,-140,-140,-140,-140.0,-140,-140,-140,-140,-140,-140,-140,-140,-140,-140,-140,-140,-140,-140,-140,-140,-140.0,-140,-140.0,-140,-140,-140,-140,-140,-140,-81.0,-140,-140,-140,-140,-140.0,-140,-140,-140,-140,-140,-140,-140,-140,-140,-140,-140,-140,-140,-140,-140,-140,-140,-140
195.07,-82.0,-140,-140.0,-140,-140,-140.0,-140.0,-140,-140.0,-140,-140,-81.0,-140,-140,-76.0,-140,-140,-140,-140,-140,-140,-140,-140.0,-94.0,-140.0,-140,-140.0,-140.0,-140,-140.0,-140,-140,-140,-140,-140,-140,-82.0,-82.0,-140.0,-140,-140,-140,-140,-140,-140,-78.0,-140,-140.0,-140,-140,-140,-68.0,-140,-140,-75.0,-140,-140,-140.0,-84.0,-85.0,-82.0,-140,-76.0,-140,-140.0,-140.0,-140.0,-140.0,-140.0,-140.0,-140.0,-140.0,-140.0,-140.0,-140.0,-91.0,-140.0,-140.0,-140.0,-140.0,-140,-140.0,-140.0,-140.0,-140.0,-140.0,-140.0,-140.0,-140.0,-140.0,-140.0,-140.0,-140.0,-140.0,-140.0,-140.0,-140.0,-140.0,-140.0,-140,-140.0,-140.0,-140.0,-140,-140,-140,-140,-140,-140,-140,-140.0,-140.0,-140,-140.0,-140,-140.0,-140,-140.0,-140,-140.0,-140.0,-140.0,-140,-140,-140,-140.0,-140.0,-140,-140.0,-140,-140,-140.0,-140,-140,-140,-140,-140,-140.0,-140,-140.0,-140.0,-140,-140,-140.0,-140.0,-140,-140,-140,-140,-140,-140,-140,-140,-140,-140,-140,-140,-140,-140,-140,-140,-140,-140,-140,-140,-140,-140,-140,-140.0,-140,-140,-140,-140,-140,-140,-140,-140,-140,-140,-140,-140,-140,-140,-140,-140,-140,-140,-140.0,-140,-140,-140,-140,-140,-140,-140,-140,-140,-140,-140,-140,-140,-140,-140,-140,-140.0,-140,-90.0,-140,-140,-140,-140,-140,-140,-81.0,-140,-140,-140,-140,-140.0,-140,-140,-140,-140,-140,-140,-140,-140,-140,-140,-140,-140,-140,-140,-140,-140,-140,-140
197.0994,-90.0,-140,-140.0,-140,-140,-140.0,-140.0,-140,-140.0,-140,-140,-140.0,-140,-140,-72.0,-140,-140,-140,-140,-140,-140,-140,-140.0,-140.0,-140.0,-140,-140.0,-140.0,-140,-140.0,-140,-140,-140,-140,-140,-140,-78.0,-82.0,-140.0,-140,-140,-140,-140,-140,-140,-79.0,-140,-140.0,-140,-140,-140,-73.0,-140,-140,-73.0,-140,-140,-88.0,-79.0,-79.0,-79.0,-140,-76.0,-140,-91.0,-140.0,-140.0,-140.0,-140.0,-140.0,-140.0,-140.0,-140.0,-140.0,-140.0,-93.0,-140.0,-140.0,-140.0,-140.0,-140,-140.0,-140.0,-140.0,-140.0,-140.0,-140.0,-140.0,-140.0,-140.0,-140.0,-140.0,-140.0,-140.0,-140.0,-140.0,-140.0,-140.0,-140.0,-140,-140.0,-140.0,-140.0,-140,-140,-140,-140,-140,-140,-140,-90.0,-140.0,-140,-140.0,-140,-140.0,-140,-140.0,-140,-140.0,-140.0,-140.0,-140,-140,-140,-140.0,-140.0,-140,-140.0,-140,-140,-93.0,-140,-140,-140,-140,-140,-140.0,-140,-140.0,-140.0,-140,-140,-140.0,-140.0,-140,-140,-140,-140,-140,-140,-140,-140,-140,-140,-140,-140,-140,-140,-140,-140,-140,-140,-140,-140,-140,-140,-140,-140.0,-140,-140,-140,-140,-140,-140,-140,-140,-140,-140,-140,-140,-140,-140,-140,-140,-140,-140,-140.0,-140,-140,-140,-140,-140,-140,-140,-140,-140,-140,-140,-140,-140,-140,-140,-140,-140.0,-140,-140.0,-140,-140,-140,-140,-140,-140,-78.0,-140,-140,-140,-140,-140.0,-140,-140,-140,-140,-140,-140,-140,-140,-140,-140,-140,-140,-140,-140,-140,-140,-140,-140
199.1011,-89.0,-140,-140.0,-140,-140,-140.0,-140.0,-140,-140.0,-140,-140,-83.0,-140,-140,-69.0,-140,-140,-140,-140,-140,-140,-140,-140.0,-140.0,-140.0,-140,-140.0,-140.0,-140,-140.0,-140,-140,-140,-140,-140,-140,-80.0,-85.0,-140.0,-140,-140,-140,-140,-140,-140,-71.0,-140,-140.0,-140,-140,-140,-71.0,-140,-140,-73.0,-140,-140,-88.0,-81.0,-81.0,-77.0,-140,-70.0,-140,-140.0,-140.0,-140.0,-140.0,-140.0,-140.0,-140.0,-140.0,-140.0,-140.0,-140.0,-88.0,-140.0,-140.0,-140.0,-140.0,-140,-140.0,-140.0,-140.0,-140.0,-140.0,-140.0,-140.0,-140.0,-140.0,-140.0,-140.0,-140.0,-140.0,-140.0,-140.0,-140.0,-140.0,-140.0,-140,-140.0,-140.0,-140.0,-140,-140,-140,-140,-140,-140,-140,-140.0,-140.0,-140,-140.0,-140,-140.0,-140,-140.0,-140,-140.0,-140.0,-140.0,-140,-140,-140,-140.0,-140.0,-140,-140.0,-140,-140,-140.0,-140,-140,-140,-140,-140,-140.0,-140,-140.0,-140.0,-140,-140,-140.0,-140.0,-140,-140,-140,-140,-140,-140,-140,-140,-140,-140,-140,-140,-140,-140,-140,-140,-140,-140,-140,-140,-140,-140,-140,-140.0,-140,-140,-140,-140,-140,-140,-140,-140,-140,-140,-140,-140,-140,-140,-140,-140,-140,-140,-140.0,-140,-140,-140,-140,-140,-140,-140,-140,-140,-140,-140,-140,-140,-140,-140,-140,-140.0,-140,-140.0,-140,-140,-140,-140,-140,-140,-80.0,-140,-140,-140,-140,-140.0,-140,-140,-140,-140,-140,-140,-140,-140,-140,-140,-140,-140,-140,-140,-140,-140,-140,-140
201.0781,-83.0,-140,-140.0,-140,-140,-140.0,-140.0,-140,-140.0,-140,-140,-81.0,-140,-140,-75.0,-140,-140,-140,-140,-140,-140,-140,-140.0,-140.0,-140.0,-140,-140.0,-140.0,-140,-140.0,-140,-140,-140,-140,-140,-140,-86.0,-79.0,-140.0,-140,-140,-140,-140,-140,-140,-76.0,-140,-140.0,-140,-140,-140,-67.0,-140,-140,-75.0,-140,-140,-89.0,-75.0,-75.0,-80.0,-140,-73.0,-140,-90.0,-140.0,-140.0,-140.0,-140.0,-140.0,-140.0,-140.0,-140.0,-140.0,-140.0,-140.0,-140.0,-140.0,-140.0,-140.0,-140,-140.0,-140.0,-140.0,-140.0,-140.0,-140.0,-140.0,-140.0,-140.0,-140.0,-140.0,-140.0,-140.0,-140.0,-140.0,-140.0,-140.0,-140.0,-140,-140.0,-140.0,-140.0,-140,-140,-140,-140,-140,-140,-140,-140.0,-140.0,-140,-140.0,-140,-140.0,-140,-140.0,-140,-140.0,-140.0,-140.0,-140,-140,-140,-140.0,-140.0,-140,-140.0,-140,-140,-140.0,-140,-140,-140,-140,-140,-140.0,-140,-140.0,-140.0,-140,-140,-140.0,-140.0,-140,-140,-140,-140,-140,-140,-140,-140,-140,-140,-140,-140,-140,-140,-140,-140,-140,-140,-140,-140,-140,-140,-140,-140.0,-140,-140,-140,-140,-140,-140,-140,-140,-140,-140,-140,-140,-140,-140,-140,-140,-140,-140,-140.0,-140,-140,-140,-140,-140,-140,-140,-140,-140,-140,-140,-140,-140,-140,-140,-140,-140.0,-140,-140.0,-140,-140,-140,-140,-140,-140,-75.0,-140,-140,-140,-140,-140.0,-140,-140,-140,-140,-140,-140,-140,-140,-140,-140,-140,-140,-140,-140,-140,-140,-140,-140
203.0951,-85.0,-140,-140.0,-140,-140,-140.0,-140.0,-140,-90.0,-140,-140,-83.0,-140,-140,-74.0,-140,-140,-140,-140,-140,-140,-140,-140.0,-93.0,-140.0,-140,-140.0,-140.0,-140,-140.0,-140,-140,-140,-140,-140,-140,-75.0,-84.0,-140.0,-140,-140,-140,-140,-140,-140,-73.0,-140,-140.0,-140,-140,-140,-69.0,-140,-140,-76.0,-140,-140,-82.0,-78.0,-78.0,-76.0,-140,-71.0,-140,-140.0,-140.0,-140.0,-140.0,-140.0,-140.0,-140.0,-140.0,-140.0,-140.0,-140.0,-140.0,-140.0,-140.0,-140.0,-140.0,-140,-140.0,-140.0,-140.0,-140.0,-93.0,-93.0,-140.0,-140.0,-140.0,-89.0,-140.0,-140.0,-140.0,-140.0,-91.0,-140.0,-140.0,-140.0,-140,-140.0,-140.0,-140.0,-140,-140,-140,-140,-140,-140,-140,-140.0,-140.0,-140,-140.0,-140,-140.0,-140,-140.0,-140,-140.0,-140.0,-140.0,-140,-140,-140,-140.0,-140.0,-140,-140.0,-140,-140,-140.0,-140,-140,-140,-140,-140,-140.0,-140,-140.0,-140.0,-140,-140,-140.0,-140.0,-140,-140,-140,-140,-140,-140,-140,-140,-140,-140,-140,-140,-140,-140,-140,-140,-140,-140,-140,-140,-140,-140,-140,-140.0,-140,-140,-140,-140,-140,-140,-140,-140,-140,-140,-140,-140,-140,-140,-140,-140,-140,-140,-140.0,-140,-140,-140,-140,-140,-140,-140,-140,-140,-140,-140,-140,-140,-140,-140,-140,-140.0,-140,-140.0,-140,-140,-140,-140,-140,-140,-71.0,-140,-140,-140,-140,-140.0,-140,-140,-140,-140,-140,-140,-140,-140,-140,-140,-140,-140,-140,-140,-140,-140,-140,-140
205.0855,-87.0,-140,-140.0,-140,-140,-140.0,-140.0,-140,-89.0,-140,-140,-90.0,-140,-140,-69.0,-140,-140,-140,-140,-140,-140,-140,-140.0,-140.0,-140.0,-140,-140.0,-140.0,-140,-140.0,-140,-140,-140,-140,-140,-140,-80.0,-80.0,-140.0,-140,-140,-140,-140,-140,-140,-75.0,-140,-140.0,-140,-140,-140,-72.0,-140,-140,-75.0,-140,-140,-140.0,-76.0,-76.0,-78.0,-140,-63.0,-140,-140.0,-140.0,-140.0,-140.0,-140.0,-140.0,-140.0,-140.0,-140.0,-140.0,-140.0,-140.0,-140.0,-140.0,-140.0,-140.0,-140,-140.0,-140.0,-140.0,-140.0,-140.0,-140.0,-140.0,-140.0,-140.0,-89.0,-140.0,-140.0,-90.0,-140.0,-89.0,-140.0,-140.0,-140.0,-140,-90.0,-140.0,-140.0,-140,-140,-140,-140,-140,-140,-140,-140.0,-88.0,-140,-140.0,-140,-140.0,-140,-140.0,-140,-140.0,-140.0,-140.0,-140,-140,-140,-140.0,-85.0,-140,-140.0,-140,-140,-92.0,-140,-140,-140,-140,-140,-140.0,-140,-140.0,-140.0,-140,-140,-140.0,-140.0,-140,-140,-140,-140,-140,-140,-140,-140,-140,-140,-140,-140,-140,-140,-140,-140,-140,-140,-140,-140,-140,-140,-140,-140.0,-140,-140,-140,-140,-140,-140,-140,-140,-140,-140,-140,-140,-140,-140,-140,-140,-140,-140,-140.0,-140,-140,-140,-140,-140,-140,-140,-140,-140,-140,-140,-140,-140,-140,-140,-140,-140.0,-140,-140.0,-140,-140,-140,-140,-140,-140,-70.0,-140,-140,-140,-140,-140.0,-140,-140,-140,-140,-140,-140,-140,-140,-140,-140,-140,-140,-140,-140,-140,-140,-140,-140
207.0719,-88.0,-140,-140.0,-140,-140,-140.0,-140.0,-140,-89.0,-140,-140,-82.0,-140,-140,-63.0,-140,-140,-140,-140,-140,-140,-140,-140.0,-89.0,-140.0,-140,-140.0,-140.0,-140,-140.0,-140,-140,-140,-140,-140,-140,-69.0,-77.0,-140.0,-140,-140,-140,-140,-140,-140,-71.0,-140,-140.0,-140,-140,-140,-65.0,-140,-140,-79.0,-140,-140,-79.0,-72.0,-72.0,-77.0,-140,-68.0,-140,-140.0,-140.0,-140.0,-140.0,-140.0,-140.0,-140.0,-140.0,-140.0,-140.0,-140.0,-140.0,-140.0,-140.0,-140.0,-140.0,-140,-140.0,-140.0,-140.0,-140.0,-140.0,-93.0,-140.0,-140.0,-140.0,-140.0,-140.0,-140.0,-140.0,-140.0,-140.0,-140.0,-140.0,-140.0,-140,-140.0,-140.0,-140.0,-140,-140,-140,-140,-140,-140,-140,-140.0,-140.0,-140,-140.0,-140,-140.0,-140,-140.0,-140,-140.0,-140.0,-140.0,-140,-140,-140,-140.0,-140.0,-140,-140.0,-140,-140,-90.0,-140,-140,-140,-140,-140,-140.0,-140,-140.0,-140.0,-140,-140,-140.0,-140.0,-140,-140,-140,-140,-140,-140,-140,-140,-140,-140,-140,-140,-140,-140,-140,-140,-140,-140,-140,-140,-140,-140,-140,-140.0,-140,-140,-140,-140,-140,-140,-140,-140,-140,-140,-140,-140,-140,-140,-140,-140,-140,-140,-140.0,-140,-140,-140,-140,-140,-140,-140,-140,-140,-140,-140,-140,-140,-140,-140,-140,-140.0,-140,-140.0,-140,-140,-140,-140,-140,-140,-74.0,-140,-140,-140,-140,-140.0,-140,-140,-140,-140,-140,-140,-140,-140,-140,-140,-140,-140,-140,-140,-140,-140,-140,-140
209.0928,-63.0,-140,-140.0,-140,-140,-140.0,-140.0,-140,-89.0,-140,-140,-90.0,-140,-140,-70.0,-140,-140,-140,-140,-140,-140,-140,-140.0,-140.0,-140.0,-140,-140.0,-140.0,-140,-140.0,-140,-140,-140,-140,-140,-140,-78.0,-72.0,-140.0,-140,-140,-140,-140,-140,-140,-67.0,-140,-140.0,-140,-140,-140,-62.0,-140,-140,-82.0,-140,-140,-80.0,-71.0,-71.0,-77.0,-140,-66.0,-140,-140.0,-140.0,-140.0,-140.0,-140.0,-140.0,-140.0,-140.0,-140.0,-140.0,-140.0,-140.0,-140.0,-140.0,-140.0,-140.0,-140,-140.0,-140.0,-140.0,-96.0,-140.0,-140.0,-140.0,-140.0,-91.0,-140.0,-140.0,-140.0,-140.0,-140.0,-140.0,-140.0,-140.0,-140.0,-140,-140.0,-140.0,-140.0,-140,-140,-140,-140,-140,-140,-140,-140.0,-140.0,-140,-140.0,-140,-140.0,-140,-140.0,-140,-140.0,-140.0,-140.0,-140,-140,-140,-140.0,-140.0,-140,-140.0,-140,-140,-140.0,-140,-140,-140,-140,-140,-140.0,-140,-140.0,-140.0,-140,-140,-140.0,-140.0,-140,-140,-140,-140,-140,-140,-140,-140,-140,-140,-140,-140,-140,-140,-140,-140,-140,-140,-140,-140,-140,-140,-140,-140.0,-140,-140,-140,-140,-140,-140,-140,-140,-140,-140,-140,-140,-140,-140,-140,-140,-140,-140,-140.0,-140,-140,-140,-140,-140,-140,-140,-140,-140,-140,-140,-140,-140,-140,-140,-140,-140.0,-140,-140.0,-140,-140,-140,-140,-140,-140,-67.0,-140,-140,-140,-140,-140.0,-140,-140,-140,-140,-140,-140,-140,-140,-140,-140,-140,-140,-140,-140,-140,-140,-140,-140
211.1035,-79.0,-140,-140.0,-140,-140,-140.0,-140.0,-140,-86.0,-140,-140,-84.0,-140,-140,-62.0,-140,-140,-140,-140,-140,-140,-140,-140.0,-92.0,-140.0,-140,-140.0,-140.0,-140,-140.0,-140,-140,-140,-140,-140,-140,-69.0,-75.0,-140.0,-140,-140,-140,-140,-140,-140,-69.0,-140,-140.0,-140,-140,-140,-70.0,-140,-140,-77.0,-140,-140,-72.0,-68.0,-68.0,-68.0,-140,-67.0,-140,-140.0,-140.0,-140.0,-140.0,-140.0,-140.0,-140.0,-140.0,-140.0,-140.0,-140.0,-140.0,-140.0,-140.0,-140.0,-140.0,-140,-140.0,-140.0,-140.0,-140.0,-140.0,-140.0,-140.0,-140.0,-140.0,-140.0,-140.0,-140.0,-140.0,-140.0,-140.0,-140.0,-140.0,-140.0,-140,-140.0,-140.0,-140.0,-140,-140,-140,-140,-140,-140,-140,-140.0,-140.0,-140,-140.0,-140,-140.0,-140,-140.0,-140,-140.0,-140.0,-140.0,-140,-140,-140,-94.0,-140.0,-140,-140.0,-140,-140,-140.0,-140,-140,-140,-140,-140,-140.0,-140,-140.0,-140.0,-140,-140,-140.0,-140.0,-140,-140,-140,-140,-140,-140,-140,-140,-140,-140,-140,-140,-140,-140,-140,-140,-140,-140,-140,-140,-140,-140,-140,-140.0,-140,-140,-140,-140,-140,-140,-140,-140,-140,-140,-140,-140,-140,-140,-140,-140,-140,-140,-140.0,-140,-140,-140,-140,-140,-140,-140,-140,-140,-140,-140,-140,-140,-140,-140,-140,-140.0,-140,-140.0,-140,-140,-140,-140,-140,-140,-74.0,-140,-140,-140,-140,-140.0,-140,-140,-140,-140,-140,-140,-140,-140,-140,-140,-140,-140,-140,-140,-140,-140,-140,-140
213.0825,-83.0,-140,-140.0,-140,-140,-140.0,-140.0,-140,-88.0,-140,-140,-94.0,-140,-140,-66.0,-140,-140,-140,-140,-140,-140,-140,-140.0,-140.0,-140.0,-140,-140.0,-140.0,-140,-140.0,-140,-140,-140,-140,-140,-140,-72.0,-74.0,-140.0,-140,-140,-140,-140,-140,-140,-70.0,-140,-140.0,-140,-140,-140,-67.0,-140,-140,-81.0,-140,-140,-79.0,-66.0,-65.0,-72.0,-140,-64.0,-140,-140.0,-140.0,-140.0,-140.0,-140.0,-140.0,-140.0,-140.0,-140.0,-140.0,-140.0,-140.0,-140.0,-140.0,-140.0,-140.0,-140,-140.0,-140.0,-140.0,-140.0,-140.0,-140.0,-140.0,-140.0,-89.0,-140.0,-140.0,-140.0,-89.0,-140.0,-90.0,-140.0,-140.0,-140.0,-140,-140.0,-140.0,-140.0,-140,-140,-140,-140,-140,-140,-140,-80.0,-140.0,-140,-140.0,-140,-140.0,-140,-140.0,-140,-140.0,-140.0,-140.0,-140,-140,-140,-140.0,-140.0,-140,-140.0,-140,-140,-140.0,-140,-140,-140,-140,-140,-140.0,-140,-140.0,-140.0,-140,-140,-140.0,-140.0,-140,-140,-140,-140,-140,-140,-140,-140,-140,-140,-140,-140,-140,-140,-140,-140,-140,-140,-140,-140,-140,-140,-140,-140.0,-140,-140,-140,-140,-140,-140,-140,-140,-140,-140,-140,-140,-140,-140,-140,-140,-140,-140,-140.0,-140,-140,-140,-140,-140,-140,-140,-140,-140,-140,-140,-140,-140,-140,-140,-140,-140.0,-140,-140.0,-140,-140,-140,-140,-140,-140,-62.0,-140,-140,-140,-140,-140.0,-140,-140,-140,-140,-140,-140,-140,-140,-140,-140,-140,-140,-140,-140,-140,-140,-140,-140
215.0861,-76.0,-140,-140.0,-140,-140,-140.0,-140.0,-140,-85.0,-140,-140,-92.0,-140,-140,-67.0,-140,-140,-140,-140,-140,-140,-140,-140.0,-140.0,-88.0,-140,-96.0,-140.0,-140,-140.0,-140,-140,-140,-140,-140,-140,-140.0,-74.0,-140.0,-140,-140,-140,-140,-140,-140,-64.0,-140,-140.0,-140,-140,-140,-75.0,-140,-140,-76.0,-140,-140,-74.0,-64.0,-64.0,-70.0,-140,-61.0,-140,-140.0,-140.0,-140.0,-140.0,-140.0,-140.0,-140.0,-140.0,-140.0,-140.0,-140.0,-140.0,-140.0,-140.0,-140.0,-140.0,-140,-140.0,-140.0,-140.0,-140.0,-140.0,-140.0,-140.0,-140.0,-88.0,-89.0,-140.0,-140.0,-87.0,-89.0,-88.0,-140.0,-140.0,-140.0,-140,-140.0,-140.0,-140.0,-140,-140,-140,-140,-140,-140,-140,-140.0,-140.0,-140,-140.0,-140,-140.0,-140,-140.0,-140,-140.0,-140.0,-140.0,-140,-140,-140,-140.0,-140.0,-140,-140.0,-140,-140,-140.0,-140,-140,-140,-140,-140,-140.0,-140,-140.0,-140.0,-140,-140,-140.0,-140.0,-140,-140,-140,-140,-140,-140,-140,-140,-140,-140,-140,-140,-140,-140,-140,-140,-140,-140,-140,-140,-140,-140,-140,-140.0,-140,-140,-140,-140,-140,-140,-140,-140,-140,-140,-140,-140,-140,-140,-140,-140,-140,-140,-140.0,-140,-140,-140,-140,-140,-140,-140,-140,-140,-140,-140,-140,-140,-140,-140,-140,-140.0,-140,-140.0,-140,-140,-140,-140,-140,-140,-64.0,-140,-140,-140,-140,-92.0,-140,-140,-140,-140,-140,-140,-140,-140,-140,-140,-140,-140,-140,-140,-140,-140,-140,-140
217.2101,-71.0,-140,-140.0,-140,-140,-140.0,-140.0,-140,-80.0,-140,-140,-91.0,-140,-140,-60.0,-140,-140,-140,-140,-140,-140,-140,-140.0,-93.0,-140.0,-140,-140.0,-140.0,-140,-140.0,-140,-140,-140,-140,-140,-140,-68.0,-71.0,-140.0,-140,-140,-140,-140,-140,-140,-63.0,-140,-140.0,-140,-140,-140,-79.0,-140,-140,-87.0,-140,-140,-63.0,-61.0,-61.0,-67.0,-140,-73.0,-140,-89.0,-140.0,-140.0,-140.0,-140.0,-140.0,-140.0,-140.0,-140.0,-140.0,-140.0,-140.0,-140.0,-140.0,-140.0,-140.0,-140,-140.0,-140.0,-140.0,-140.0,-140.0,-140.0,-140.0,-140.0,-88.0,-87.0,-140.0,-140.0,-87.0,-87.0,-88.0,-140.0,-140.0,-140.0,-140,-85.0,-140.0,-140.0,-140,-140,-140,-140,-140,-140,-140,-140.0,-140.0,-140,-140.0,-140,-140.0,-140,-140.0,-140,-140.0,-140.0,-140.0,-140,-140,-140,-140.0,-140.0,-140,-140.0,-140,-140,-140.0,-140,-140,-140,-140,-140,-140.0,-140,-89.0,-140.0,-140,-140,-140.0,-140.0,-140,-140,-140,-140,-140,-140,-140,-140,-140,-140,-140,-140,-140,-140,-140,-140,-140,-140,-140,-140,-140,-140,-140,-140.0,-140,-140,-140,-140,-140,-140,-140,-140,-140,-140,-140,-140,-140,-140,-140,-140,-140,-140,-91.0,-140,-140,-140,-140,-140,-140,-140,-140,-140,-140,-140,-140,-140,-140,-140,-140,-140.0,-140,-140.0,-140,-140,-140,-140,-140,-140,-66.0,-140,-140,-140,-140,-140.0,-140,-140,-140,-140,-140,-140,-140,-140,-140,-140,-140,-140,-140,-140,-140,-140,-140,-140
219.1582,-71.0,-140,-140.0,-140,-140,-140.0,-140.0,-140,-140.0,-140,-140,-91.0,-140,-140,-66.0,-140,-140,-140,-140,-140,-140,-140,-140.0,-93.0,-140.0,-140,-140.0,-140.0,-140,-140.0,-140,-140,-140,-140,-140,-140,-68.0,-78.0,-140.0,-140,-140,-140,-140,-140,-140,-62.0,-140,-140.0,-140,-140,-140,-75.0,-140,-140,-85.0,-140,-140,-75.0,-62.0,-62.0,-67.0,-140,-69.0,-140,-140.0,-140.0,-140.0,-140.0,-140.0,-140.0,-140.0,-140.0,-140.0,-140.0,-140.0,-140.0,-140.0,-140.0,-140.0,-140.0,-140,-140.0,-140.0,-140.0,-140.0,-140.0,-140.0,-140.0,-140.0,-89.0,-89.0,-140.0,-140.0,-90.0,-88.0,-140.0,-140.0,-140.0,-140.0,-140,-91.0,-140.0,-140.0,-140,-140,-140,-140,-140,-140,-140,-140.0,-140.0,-140,-140.0,-140,-140.0,-140,-140.0,-140,-140.0,-140.0,-140.0,-140,-140,-140,-140.0,-140.0,-140,-140.0,-140,-140,-140.0,-140,-140,-140,-140,-140,-140.0,-140,-140.0,-140.0,-140,-140,-140.0,-140.0,-140,-140,-140,-140,-140,-140,-140,-140,-140,-140,-140,-140,-140,-140,-140,-140,-140,-140,-140,-140,-140,-140,-140,-140.0,-140,-140,-140,-140,-140,-140,-140,-140,-140,-140,-140,-140,-140,-140,-140,-140,-140,-140,-140.0,-140,-140,-140,-140,-140,-140,-140,-140,-140,-140,-140,-140,-140,-140,-140,-140,-140.0,-140,-140.0,-140,-140,-140,-140,-140,-140,-65.0,-140,-140,-140,-140,-140.0,-140,-140,-140,-140,-140,-140,-140,-140,-140,-140,-140,-140,-140,-140,-140,-140,-140,-140
