AppTimestamp(s),wifi_rssi_20:23:00:00:00:01,wifi_rssi_20:23:00:00:00:02,wifi_rssi_20:23:00:00:00:03,wifi_rssi_20:23:00:00:00:04,wifi_rssi_20:23:00:00:00:05,wifi_rssi_20:23:00:00:00:06,wifi_rssi_20:23:00:00:00:07,wifi_rssi_20:23:00:00:00:08,wifi_rssi_20:23:00:00:00:09,wifi_rssi_20:23:00:00:00:10,wifi_rssi_20:23:00:00:00:11,wifi_rssi_20:23:00:00:00:12,wifi_rssi_20:23:00:00:00:13,wifi_rssi_20:23:00:00:00:14,wifi_rssi_20:23:00:00:00:15,wifi_rssi_20:23:00:00:00:16,wifi_rssi_20:23:00:00:00:17,wifi_rssi_20:23:00:00:00:18,wifi_rssi_20:23:00:00:00:19,wifi_rssi_20:23:00:00:00:21,wifi_rssi_20:23:00:00:00:22,wifi_rssi_20:23:00:00:00:23,wifi_rssi_20:23:00:00:00:24,wifi_rssi_20:23:00:00:00:25,wifi_rssi_20:23:00:00:00:26,wifi_rssi_20:23:00:00:00:27,wifi_rssi_20:23:00:00:00:28,wifi_rssi_20:23:00:00:00:30,wifi_rssi_20:23:00:00:00:31,wifi_rssi_20:23:00:00:00:34,wifi_rssi_20:23:00:00:00:35,wifi_rssi_20:23:00:00:00:36,wifi_rssi_20:23:00:00:00:37,wifi_rssi_20:23:00:00:00:38,wifi_rssi_20:23:00:00:00:41,wifi_rssi_20:23:00:00:00:42,wifi_rssi_20:23:00:00:00:44,wifi_rssi_20:23:00:00:00:45,wifi_rssi_20:23:00:00:00:46,wifi_rssi_20:23:00:00:00:47,wifi_rssi_20:23:00:00:00:48,wifi_rssi_20:23:00:00:00:49,wifi_rssi_20:23:00:00:00:50,wifi_rssi_20:23:00:00:00:51,wifi_rssi_20:23:00:00:00:52,wifi_rssi_20:23:00:00:00:55,wifi_rssi_20:23:00:00:00:56,wifi_rssi_20:23:00:00:00:57,wifi_rssi_20:23:00:00:00:59,wifi_rssi_20:23:00:00:00:61,wifi_rssi_20:23:00:00:00:62,wifi_rssi_20:23:00:00:00:65,wifi_rssi_20:23:00:00:00:67,wifi_rssi_20:23:00:00:00:68,wifi_rssi_20:23:00:00:00:69,wifi_rssi_20:23:00:00:00:71,wifi_rssi_20:23:00:00:00:72,wifi_rssi_20:23:00:00:00:73,wifi_rssi_20:23:00:00:00:79,wifi_rssi_20:23:00:00:00:80,wifi_rssi_20:23:00:00:00:82,wifi_rssi_20:23:00:00:00:84,wifi_rssi_20:23:00:00:00:88,wifi_rssi_20:23:00:00:00:89,wifi_rssi_20:23:00:00:00:90,wifi_rssi_20:23:00:00:00:91,wifi_rssi_20:23:00:00:00:92,wifi_rssi_20:23:00:00:00:93,wifi_rssi_20:23:00:00:00:94,wifi_rssi_20:23:00:00:00:95,wifi_rssi_20:23:00:00:00:96,wifi_rssi_20:23:00:00:00:97,wifi_rssi_20:23:00:00:00:98,wifi_rssi_20:23:00:00:00:99,wifi_rssi_20:23:00:00:01:00,wifi_rssi_20:23:00:00:01:01,wifi_rssi_20:23:00:00:01:02,wifi_rssi_20:23:00:00:01:03,wifi_rssi_20:23:00:00:01:04,wifi_rssi_20:23:00:00:01:05,wifi_rssi_20:23:00:00:01:06,wifi_rssi_20:23:00:00:01:07,wifi_rssi_20:23:00:00:01:08,wifi_rssi_20:23:00:00:01:09,wifi_rssi_20:23:00:00:01:10,wifi_rssi_20:23:00:00:01:11,wifi_rssi_20:23:00:00:01:12,wifi_rssi_20:23:00:00:01:13,wifi_rssi_20:23:00:00:01:14,wifi_rssi_20:23:00:00:01:15,wifi_rssi_20:23:00:00:01:16,wifi_rssi_20:23:00:00:01:17,wifi_rssi_20:23:00:00:01:18,wifi_rssi_20:23:00:00:01:19,wifi_rssi_20:23:00:00:01:20,wifi_rssi_20:23:00:00:01:21,wifi_rssi_20:23:00:00:01:22,wifi_rssi_20:23:00:00:01:23,wifi_rssi_20:23:00:00:01:24,wifi_rssi_20:23:00:00:01:26,wifi_rssi_20:23:00:00:01:27,wifi_rssi_20:23:00:00:01:28,wifi_rssi_20:23:00:00:01:29,wifi_rssi_20:23:00:00:01:31,wifi_rssi_20:23:00:00:01:32,wifi_rssi_20:23:00:00:01:33,wifi_rssi_20:23:00:00:01:34,wifi_rssi_20:23:00:00:01:35,wifi_rssi_20:23:00:00:01:36,wifi_rssi_20:23:00:00:01:37,wifi_rssi_20:23:00:00:01:38,wifi_rssi_20:23:00:00:01:39,wifi_rssi_20:23:00:00:01:40,wifi_rssi_20:23:00:00:01:41,wifi_rssi_20:23:00:00:01:42,wifi_rssi_20:23:00:00:01:43,wifi_rssi_20:23:00:00:01:44,wifi_rssi_20:23:00:00:01:45,wifi_rssi_20:23:00:00:01:46,wifi_rssi_20:23:00:00:01:47,wifi_rssi_20:23:00:00:01:51,wifi_rssi_20:23:00:00:01:52,wifi_rssi_20:23:00:00:01:54,wifi_rssi_20:23:00:00:01:55,wifi_rssi_20:23:00:00:01:56,wifi_rssi_20:23:00:00:01:58,wifi_rssi_20:23:00:00:01:59,wifi_rssi_20:23:00:00:01:60,wifi_rssi_20:23:00:00:01:62,wifi_rssi_20:23:00:00:01:64,wifi_rssi_20:23:00:00:01:65,wifi_rssi_20:23:00:00:01:66,wifi_rssi_20:23:00:00:01:67,wifi_rssi_20:23:00:00:01:68,wifi_rssi_20:23:00:00:01:69,wifi_rssi_20:23:00:00:01:70,wifi_rssi_20:23:00:00:01:71,wifi_rssi_20:23:00:00:01:72,wifi_rssi_20:23:00:00:01:73,wifi_rssi_20:23:00:00:01:74,wifi_rssi_20:23:00:00:01:75,wifi_rssi_20:23:00:00:01:76,wifi_rssi_20:23:00:00:01:77,wifi_rssi_20:23:00:00:01:81,wifi_rssi_20:23:00:00:01:82,wifi_rssi_20:23:00:00:01:83,wifi_rssi_20:23:00:00:01:84,wifi_rssi_20:23:00:00:01:85,wifi_rssi_20:23:00:00:01:86,wifi_rssi_20:23:00:00:01:87,wifi_rssi_20:23:00:00:01:88,wifi_rssi_20:23:00:00:01:89,wifi_rssi_20:23:00:00:01:90,wifi_rssi_20:23:00:00:01:91,wifi_rssi_20:23:00:00:01:92,wifi_rssi_20:23:00:00:01:93,wifi_rssi_20:23:00:00:01:94,wifi_rssi_20:23:00:00:01:95,wifi_rssi_20:23:00:00:01:96,wifi_rssi_20:23:00:00:01:97,wifi_rssi_20:23:00:00:01:98,wifi_rssi_20:23:00:00:02:01,wifi_rssi_20:23:00:00:02:07,wifi_rssi_20:23:00:00:02:09,wifi_rssi_20:23:00:00:02:10,wifi_rssi_20:23:00:00:02:11,wifi_rssi_20:23:00:00:02:12,wifi_rssi_20:23:00:00:02:14,wifi_rssi_20:23:00:00:02:15,wifi_rssi_20:23:00:00:02:16,wifi_rssi_20:23:00:00:02:17,wifi_rssi_20:23:00:00:02:18,wifi_rssi_20:23:00:00:02:19,wifi_rssi_20:23:00:00:02:20,wifi_rssi_20:23:00:00:02:21,wifi_rssi_20:23:00:00:02:22,wifi_rssi_20:23:00:00:02:23,wifi_rssi_20:23:00:00:02:24,wifi_rssi_20:23:00:00:02:25,wifi_rssi_20:23:00:00:02:26,wifi_rssi_20:23:00:00:02:27,wifi_rssi_20:23:00:00:02:28,wifi_rssi_20:23:00:00:02:29,wifi_rssi_20:23:00:00:02:30,wifi_rssi_20:23:00:00:02:34,wifi_rssi_20:23:00:00:02:35,wifi_rssi_20:23:00:00:02:39,wifi_rssi_20:23:00:00:02:54,wifi_rssi_20:23:00:00:02:55,wifi_rssi_20:23:00:00:02:56,wifi_rssi_20:23:00:00:02:57,wifi_rssi_20:23:00:00:02:58,wifi_rssi_20:23:00:00:02:59,wifi_rssi_20:23:00:00:02:60,wifi_rssi_20:23:00:00:02:61,wifi_rssi_20:23:00:00:02:65,wifi_rssi_20:23:00:00:02:67,wifi_rssi_20:23:00:00:02:70,wifi_rssi_20:23:00:00:02:73,wifi_rssi_20:23:00:00:02:74,wifi_rssi_20:23:00:00:02:82,wifi_rssi_20:23:00:00:02:88,wifi_rssi_20:23:00:00:02:89,wifi_rssi_20:23:00:00:03:08,wifi_rssi_20:23:00:00:03:11,wifi_rssi_20:23:00:00:03:12,wifi_rssi_20:23:00:00:03:13,wifi_rssi_20:23:00:00:03:15,wifi_rssi_20:23:00:00:03:16,wifi_rssi_20:23:00:00:03:17,wifi_rssi_20:23:00:00:03:20,wifi_rssi_20:23:00:00:03:21,wifi_rssi_20:23:00:00:03:22,wifi_rssi_20:23:00:00:03:25,wifi_rssi_20:23:00:00:03:26,wifi_rssi_20:23:00:00:03:27,wifi_rssi_20:23:00:00:03:28,wifi_rssi_20:23:00:00:03:29,wifi_rssi_20:23:00:00:03:30,wifi_rssi_20:23:00:00:03:31,wifi_rssi_20:23:00:00:03:32,wifi_rssi_20:23:00:00:03:33,wifi_rssi_20:23:00:00:03:34,wifi_rssi_20:23:00:00:03:35,wifi_rssi_20:23:00:00:03:36,wifi_rssi_20:23:00:00:03:37,wifi_rssi_20:23:00:00:03:38,wifi_rssi_20:23:00:00:03:39,wifi_rssi_20:23:00:00:03:40,wifi_rssi_20:23:00:00:03:41,wifi_rssi_20:23:00:00:03:42,wifi_rssi_20:23:00:00:03:43,wifi_rssi_20:23:00:00:03:44,wifi_rssi_20:23:00:00:03:45,wifi_rssi_20:23:00:00:03:46,wifi_rssi_20:23:00:00:03:47,wifi_rssi_20:23:00:00:03:48
1.9869,-63.0,-100.0,-100,-100,-100,-100,-100,-100,-71.0,-100,-100,-100.0,-100.0,-100,-71.0,-100.0,-100,-100,-100,-100,-100.0,-100,-100.0,-100.0,-100.0,-100,-100.0,-100,-100,-100,-100,-100,-100,-100,-100,-100,-100.0,-100.0,-100,-100,-100,-100,-100,-100,-100,-71.0,-100,-100,-100,-100,-100,-100,-100,-100,-100.0,-100,-100,-100.0,-71.0,-71.0,-100.0,-100,-100,-100,-100.0,-100,-100,-100,-100,-100,-100,-100,-100,-100,-100,-100,-100,-100,-100,-100,-100,-100,-100,-100,-100,-100,-100,-100,-100,-100,-100,-100,-100,-100,-100,-100,-100,-100,-100,-100,-100,-100,-100,-100,-100,-100,-100,-100,-100,-100,-100,-100,-100,-100,-100,-100,-100,-100,-100,-100,-100,-100,-100,-100,-100,-100,-100,-100,-100,-100,-100,-100,-100,-100,-100,-100,-100,-100,-100,-100,-100,-100,-100,-100,-100,-100,-100,-100,-100,-100,-100,-100,-100,-100,-100,-100,-100,-100,-100,-100,-100,-100,-100,-100,-100,-100,-100,-100,-100,-100,-100,-100,-100,-100,-100,-100,-100,-100,-100,-100,-100,-100,-100,-100,-100,-100,-100,-100,-100,-100,-100,-100,-100,-100,-100,-100,-100,-100,-100,-100,-100,-100,-100,-100,-100.0,-100,-100,-100,-100,-100,-100,-100,-100,-100,-100,-100,-100,-100,-100,-100,-100,-100,-100,-100,-100,-100,-100,-100,-100,-100,-100,-100,-100,-100,-100,-100,-100
4.0047,-63.90625,-100.0,-100,-100,-100,-100,-100,-100,-70.09375,-100,-100,-100.0,-100.0,-100,-71.0,-100.0,-100,-100,-100,-100,-100.0,-100,-100.0,-100.0,-100.0,-100,-100.0,-100,-100,-100,-100,-100,-100,-100,-100,-100,-100.0,-73.0,-100,-100,-100,-100,-100,-100,-100,-70.546875,-100,-100,-100,-100,-100,-100,-100,-100,-100.0,-100,-100,-100.0,-100.0,-100.0,-100.0,-100,-100,-100,-100.0,-100,-100,-100,-100,-100,-100,-100,-100,-100,-100,-100,-100,-100,-100,-100,-100,-100,-100,-100,-100,-100,-100,-100,-100,-100,-100,-100,-100,-100,-100,-100,-100,-100,-100,-100,-100,-100,-100,-100,-100,-100,-100,-100,-100,-100,-100,-100,-100,-100,-100,-100,-100,-100,-100,-100,-100,-100,-100,-100,-100,-100,-100,-100,-100,-100,-100,-100,-100,-100,-100,-100,-100,-100,-100,-100,-100,-100,-100,-100,-100,-100,-100,-100,-100,-100,-100,-100,-100,-100,-100,-100,-100,-100,-100,-100,-100,-100,-100,-100,-100,-100,-100,-100,-100,-100,-100,-100,-100,-100,-100,-100,-100,-100,-100,-100,-100,-100,-100,-100,-100,-100,-100,-100,-100,-100,-100,-100,-100,-100,-100,-100,-100,-100,-100,-100,-100,-100,-100,-100,-71.0,-100,-100,-100,-100,-100,-100,-100,-100,-100,-100,-100,-100,-100,-100,-100,-100,-100,-100,-100,-100,-100,-100,-100,-100,-100,-100,-100,-100,-100,-100,-100,-100
5.951,-62.66774821544452,-100.0,-100,-100,-100,-100,-100,-100,-100.0,-100,-100,-100.0,-100.0,-100,-71.25243348475016,-100.0,-100,-100,-100,-100,-100.0,-100,-100.0,-100.0,-100.0,-100,-100.0,-100,-100,-100,-100,-100,-100,-100,-100,-100,-78.0,-73.2265625,-100,-100,-100,-100,-100,-100,-100,-100.0,-100,-100,-100,-100,-100,-100,-100,-100,-100.0,-100,-100,-100.0,-72.8125,-100.0,-100.0,-100,-100,-100,-100.0,-100,-100,-100,-100,-100,-100,-100,-100,-100,-100,-100,-100,-100,-100,-100,-100,-100,-100,-100,-100,-100,-100,-100,-100,-100,-100,-100,-100,-100,-100,-100,-100,-100,-100,-100,-100,-100,-100,-100,-100,-100,-100,-100,-100,-100,-100,-100,-100,-100,-100,-100,-100,-100,-100,-100,-100,-100,-100,-100,-100,-100,-100,-100,-100,-100,-100,-100,-100,-100,-100,-100,-100,-100,-100,-100,-100,-100,-100,-100,-100,-100,-100,-100,-100,-100,-100,-100,-100,-100,-100,-100,-100,-100,-100,-100,-100,-100,-100,-100,-100,-100,-100,-100,-100,-100,-100,-100,-100,-100,-100,-100,-100,-100,-100,-100,-100,-100,-100,-100,-100,-100,-100,-100,-100,-100,-100,-100,-100,-100,-100,-100,-100,-100,-100,-100,-100,-100,-100,-100,-69.8671875,-100,-100,-100,-100,-100,-100,-100,-100,-100,-100,-100,-100,-100,-100,-100,-100,-100,-100,-100,-100,-100,-100,-100,-100,-100,-100,-100,-100,-100,-100,-100,-100
8.0854,-61.95648035534874,-100.0,-100,-100,-100,-100,-100,-100,-69.31278390655419,-100,-100,-100.0,-100.0,-100,-71.45174766009201,-100.0,-100,-100,-100,-100,-100.0,-100,-100.0,-100.0,-100.0,-100,-100.0,-100,-100,-100,-100,-100,-100,-100,-100,-100,-100.0,-100.0,-100,-100,-100,-100,-100,-100,-100,-100.0,-100,-100,-100,-100,-100,-100,-100,-100,-100.0,-100,-100,-100.0,-73.8695652173913,-72.359375,-100.0,-100,-100,-100,-100.0,-100,-100,-100,-100,-100,-100,-100,-100,-100,-100,-100,-100,-100,-100,-100,-100,-100,-100,-100,-100,-100,-100,-100,-100,-100,-100,-100,-100,-100,-100,-100,-100,-100,-100,-100,-100,-100,-100,-100,-100,-100,-100,-100,-100,-100,-100,-100,-100,-100,-100,-100,-100,-100,-100,-100,-100,-100,-100,-100,-100,-100,-100,-100,-100,-100,-100,-100,-100,-100,-100,-100,-100,-100,-100,-100,-100,-100,-100,-100,-100,-100,-100,-100,-100,-100,-100,-100,-100,-100,-100,-100,-100,-100,-100,-100,-100,-100,-100,-100,-100,-100,-100,-100,-100,-100,-100,-100,-100,-100,-100,-100,-100,-100,-100,-100,-100,-100,-100,-100,-100,-100,-100,-100,-100,-100,-100,-100,-100,-100,-100,-100,-100,-100,-100,-100,-100,-100,-100,-100,-69.90071382219338,-100,-100,-100,-100,-100,-100,-100,-100,-100,-100,-100,-100,-100,-100,-100,-100,-100,-100,-100,-100,-100,-100,-100,-100,-100,-100,-100,-100,-100,-100,-100,-100
10.0593,-59.77507164545734,-100.0,-100,-100,-100,-100,-100,-100,-69.49600761461583,-100,-100,-100.0,-100.0,-100,-100.0,-100.0,-100,-100,-100,-100,-100.0,-100,-100.0,-100.0,-100.0,-100,-100.0,-100,-100,-100,-100,-100,-100,-100,-100,-100,-77.7734375,-100.0,-100,-100,-100,-100,-100,-100,-100,-69.90395846852694,-100,-100,-100,-100,-100,-100,-100,-100,-100.0,-100,-100,-100.0,-74.97081063931044,-73.78325762491889,-100.0,-100,-100,-100,-100.0,-100,-100,-100,-100,-100,-100,-100,-100,-100,-100,-100,-100,-100,-100,-100,-100,-100,-100,-100,-100,-100,-100,-100,-100,-100,-100,-100,-100,-100,-100,-100,-100,-100,-100,-100,-100,-100,-100,-100,-100,-100,-100,-100,-100,-100,-100,-100,-100,-100,-100,-100,-100,-100,-100,-100,-100,-100,-100,-100,-100,-100,-100,-100,-100,-100,-100,-100,-100,-100,-100,-100,-100,-100,-100,-100,-100,-100,-100,-100,-100,-100,-100,-100,-100,-100,-100,-100,-100,-100,-100,-100,-100,-100,-100,-100,-100,-100,-100,-100,-100,-100,-100,-100,-100,-100,-100,-100,-100,-100,-100,-100,-100,-100,-100,-100,-100,-100,-100,-100,-100,-100,-100,-100,-100,-100,-100,-100,-100,-100,-100,-100,-100,-100,-100,-100,-100,-100,-100,-100,-100.0,-100,-100,-100,-100,-100,-100,-100,-100,-100,-100,-100,-100,-100,-100,-100,-100,-100,-100,-100,-100,-100,-100,-100,-100,-100,-100,-100,-100,-100,-100,-100,-100
12.0988,-62.34074173904328,-100.0,-100,-100,-100,-100,-100,-100,-70.45668861519566,-100,-100,-76.0,-100.0,-100,-100.0,-100.0,-100,-100,-100,-100,-100.0,-100,-100.0,-100.0,-100.0,-100,-100.0,-100,-100,-100,-100,-100,-100,-100,-100,-100,-100.0,-100.0,-100,-100,-100,-100,-100,-100,-100,-70.46279942890382,-100,-100,-100,-100,-100,-100,-100,-100,-100.0,-100,-100,-100.0,-100.0,-100.0,-75.0,-100,-100,-100,-69.0,-100,-100,-100,-100,-100,-100,-100,-100,-100,-100,-100,-100,-100,-100,-100,-100,-100,-100,-100,-100,-100,-100,-100,-100,-100,-100,-100,-100,-100,-100,-100,-100,-100,-100,-100,-100,-100,-100,-100,-100,-100,-100,-100,-100,-100,-100,-100,-100,-100,-100,-100,-100,-100,-100,-100,-100,-100,-100,-100,-100,-100,-100,-100,-100,-100,-100,-100,-100,-100,-100,-100,-100,-100,-100,-100,-100,-100,-100,-100,-100,-100,-100,-100,-100,-100,-100,-100,-100,-100,-100,-100,-100,-100,-100,-100,-100,-100,-100,-100,-100,-100,-100,-100,-100,-100,-100,-100,-100,-100,-100,-100,-100,-100,-100,-100,-100,-100,-100,-100,-100,-100,-100,-100,-100,-100,-100,-100,-100,-100,-100,-100,-100,-100,-100,-100,-100,-100,-100,-100,-100.0,-100,-100,-100,-100,-100,-100,-100,-100,-100,-100,-100,-100,-100,-100,-100,-100,-100,-100,-100,-100,-100,-100,-100,-100,-100,-100,-100,-100,-100,-100,-100,-100
13.9781,-63.64616907941269,-100.0,-100,-100,-100,-100,-100,-100,-70.88591990165149,-100,-100,-100.0,-100.0,-100,-72.6987308518986,-100.0,-100,-100,-100,-100,-100.0,-100,-100.0,-100.0,-100.0,-100,-100.0,-100,-100,-100,-100,-100,-100,-100,-100,-100,-100.0,-100.0,-100,-100,-100,-100,-100,-100,-100,-72.25508768039303,-100,-100,-100,-100,-100,-100,-100,-100,-100.0,-100,-100,-100.0,-75.52714851079799,-74.64089683253134,-100.0,-100,-100,-100,-100.0,-100,-100,-100,-100,-100,-100,-100,-100,-100,-100,-100,-100,-100,-100,-100,-100,-100,-100,-100,-100,-100,-100,-100,-100,-100,-100,-100,-100,-100,-100,-100,-100,-100,-100,-100,-100,-100,-100,-100,-100,-100,-100,-100,-100,-100,-100,-100,-100,-100,-100,-100,-100,-100,-100,-100,-100,-100,-100,-100,-100,-100,-100,-100,-100,-100,-100,-100,-100,-100,-100,-100,-100,-100,-100,-100,-100,-100,-100,-100,-100,-100,-100,-100,-100,-100,-100,-100,-100,-100,-100,-100,-100,-100,-100,-100,-100,-100,-100,-100,-100,-100,-100,-100,-100,-100,-100,-100,-100,-100,-100,-100,-100,-100,-100,-100,-100,-100,-100,-100,-100,-100,-100,-100,-100,-100,-100,-100,-100,-100,-100,-100,-100,-100,-100,-100,-100,-100,-100,-100,-100.0,-100,-100,-100,-100,-100,-100,-100,-100,-100,-100,-100,-100,-100,-100,-100,-100,-100,-100,-100,-100,-100,-100,-100,-100,-100,-100,-100,-100,-100,-100,-100,-100
16.2498,-63.464438705177706,-100.0,-100,-100,-100,-100,-100,-100,-70.07734511769898,-100,-100,-100.0,-100.0,-100,-100.0,-100.0,-100,-100,-100,-100,-100.0,-100,-100.0,-100.0,-100.0,-100,-100.0,-100,-100,-100,-100,-100,-100,-100,-100,-100,-77.07332900713823,-100.0,-100,-100,-100,-100,-100,-100,-100,-73.29663609922555,-100,-100,-100,-100,-100,-100,-100,-100,-100.0,-100,-100,-100.0,-74.26804176254267,-73.64268107536421,-100.0,-100,-100,-100,-100.0,-100,-100,-100,-100,-100,-100,-100,-100,-100,-100,-100,-100,-100,-100,-100,-100,-100,-100,-100,-100,-100,-100,-100,-100,-100,-100,-100,-100,-100,-100,-100,-100,-100,-100,-100,-100,-100,-100,-100,-100,-100,-100,-100,-100,-100,-100,-100,-100,-100,-100,-100,-100,-100,-100,-100,-100,-100,-100,-100,-100,-100,-100,-100,-100,-100,-100,-100,-100,-100,-100,-100,-100,-100,-100,-100,-100,-100,-100,-100,-100,-100,-100,-100,-100,-100,-100,-100,-100,-100,-100,-100,-100,-100,-100,-100,-100,-100,-100,-100,-100,-100,-100,-100,-100,-100,-100,-100,-100,-100,-100,-100,-100,-100,-100,-100,-100,-100,-100,-100,-100,-100,-100,-100,-100,-100,-100,-100,-100,-100,-100,-100,-100,-100,-100,-100,-100,-100,-100,-100,-100.0,-100,-100,-100,-100,-100,-100,-100,-100,-100,-100,-100,-100,-100,-100,-100,-100,-100,-100,-100,-100,-100,-100,-100,-100,-100,-100,-100,-100,-100,-100,-100,-100
20.0214,-65.86968968003008,-100.0,-100,-100,-100,-100,-100,-100,-68.6493785718558,-100,-100,-100.0,-100.0,-100,-71.11377942938572,-100.0,-100,-100,-100,-100,-100.0,-100,-100.0,-100.0,-100.0,-100,-100.0,-100,-100,-100,-100,-100,-100,-100,-100,-100,-74.65422241023744,-100.0,-100,-100,-100,-100,-100,-100,-100,-100.0,-100,-100,-100,-100,-100,-100,-100,-100,-100.0,-100,-100,-100.0,-100.0,-73.18581273488695,-73.640625,-100,-100,-100,-100.0,-100,-100,-100,-100,-100,-100,-100,-100,-100,-100,-100,-100,-100,-100,-100,-100,-100,-100,-100,-100,-100,-100,-100,-100,-100,-100,-100,-100,-100,-100,-100,-100,-100,-100,-100,-100,-100,-100,-100,-100,-100,-100,-100,-100,-100,-100,-100,-100,-100,-100,-100,-100,-100,-100,-100,-100,-100,-100,-100,-100,-100,-100,-100,-100,-100,-100,-100,-100,-100,-100,-100,-100,-100,-100,-100,-100,-100,-100,-100,-100,-100,-100,-100,-100,-100,-100,-100,-100,-100,-100,-100,-100,-100,-100,-100,-100,-100,-100,-100,-100,-100,-100,-100,-100,-100,-100,-100,-100,-100,-100,-100,-100,-100,-100,-100,-100,-100,-100,-100,-100,-100,-100,-100,-100,-100,-100,-100,-100,-100,-100,-100,-100,-100,-100,-100,-100,-100,-100,-100,-100.0,-100,-100,-100,-100,-100,-100,-100,-100,-100,-100,-100,-100,-100,-100,-100,-100,-100,-100,-100,-100,-100,-100,-100,-100,-100,-100,-100,-100,-100,-100,-100,-100
21.9582,-64.21399778485646,-100.0,-100,-100,-100,-100,-100,-100,-69.59355613417895,-100,-100,-100.0,-100.0,-100,-70.52154235986042,-100.0,-100,-100,-100,-100,-100.0,-100,-100.0,-100.0,-100.0,-100,-100.0,-100,-100,-100,-100,-100,-100,-100,-100,-100,-100.0,-100.0,-100,-100,-100,-100,-100,-100,-100,-72.93334560970214,-100,-100,-100,-100,-100,-100,-100,-100,-100.0,-100,-100,-100.0,-74.75330046874079,-100.0,-73.47890979883192,-100,-100,-100,-100.0,-100,-100,-100,-100,-100,-100,-100,-100,-100,-100,-100,-100,-100,-100,-100,-100,-100,-100,-100,-100,-100,-100,-100,-100,-100,-100,-100,-100,-100,-100,-100,-100,-100,-100,-100,-100,-100,-100,-100,-100,-100,-100,-100,-100,-100,-100,-100,-100,-100,-100,-100,-100,-100,-100,-100,-100,-100,-100,-100,-100,-100,-100,-100,-100,-100,-100,-100,-100,-100,-100,-100,-100,-100,-100,-100,-100,-100,-100,-100,-100,-100,-100,-100,-100,-100,-100,-100,-100,-100,-100,-100,-100,-100,-100,-100,-100,-100,-100,-100,-100,-100,-100,-100,-100,-100,-100,-100,-100,-100,-100,-100,-100,-100,-100,-100,-100,-100,-100,-100,-100,-100,-100,-100,-100,-100,-100,-100,-100,-100,-100,-100,-100,-100,-100,-100,-100,-100,-100,-100,-100.0,-100,-100,-100,-100,-100,-100,-100,-100,-100,-100,-100,-100,-100,-100,-100,-100,-100,-100,-100,-100,-100,-100,-100,-100,-100,-100,-100,-100,-100,-100,-100,-100
23.963,-64.15360317235637,-100.0,-100,-100,-100,-100,-100,-100,-69.70820373075846,-100,-100,-100.0,-100.0,-100,-68.40616303975413,-100.0,-100,-100,-100,-100,-100.0,-100,-100.0,-100.0,-100.0,-100,-100.0,-100,-100,-100,-100,-100,-100,-100,-100,-100,-100.0,-100.0,-100,-100,-100,-100,-100,-100,-100,-70.98339236604511,-100,-100,-100,-100,-100,-100,-100,-100,-100.0,-100,-100,-100.0,-73.97895465042896,-72.85357264902363,-100.0,-100,-100,-100,-100.0,-100,-100,-100,-100,-100,-100,-100,-100,-100,-100,-100,-100,-100,-100,-100,-100,-100,-100,-100,-100,-100,-100,-100,-100,-100,-100,-100,-100,-100,-100,-100,-100,-100,-100,-100,-100,-100,-100,-100,-100,-100,-100,-100,-100,-100,-100,-100,-100,-100,-100,-100,-100,-100,-100,-100,-100,-100,-100,-100,-100,-100,-100,-100,-100,-100,-100,-100,-100,-100,-100,-100,-100,-100,-100,-100,-100,-100,-100,-100,-100,-100,-100,-100,-100,-100,-100,-100,-100,-100,-100,-100,-100,-100,-100,-100,-100,-100,-100,-100,-100,-100,-100,-100,-100,-100,-100,-100,-100,-100,-100,-100,-100,-100,-100,-100,-100,-100,-100,-100,-100,-100,-100,-100,-100,-100,-100,-100,-100,-100,-100,-100,-100,-100,-100,-100,-100,-100,-100,-100,-100.0,-100,-100,-100,-100,-100,-100,-100,-100,-100,-100,-100,-100,-100,-100,-100,-100,-100,-100,-100,-100,-100,-100,-100,-100,-100,-100,-100,-100,-100,-100,-100,-100
25.9455,-64.95712928541715,-100.0,-100,-100,-100,-100,-100,-100,-68.37945100520405,-100,-100,-100.0,-100.0,-100,-69.98246029040574,-100.0,-100,-100,-100,-100,-100.0,-100,-100.0,-100.0,-100.0,-100,-100.0,-100,-100,-100,-100,-100,-100,-100,-100,-100,-100.0,-100.0,-100,-100,-100,-100,-100,-100,-100,-70.4244887090778,-100,-100,-100,-100,-100,-100,-100,-100,-100.0,-100,-100,-100.0,-73.13950972940992,-72.33226876446611,-100.0,-100,-100,-100,-100.0,-100,-100,-100,-100,-100,-100,-100,-100,-100,-100,-100,-100,-100,-100,-100,-100,-100,-100,-100,-100,-100,-100,-100,-100,-100,-100,-100,-100,-100,-100,-100,-100,-100,-100,-100,-100,-100,-100,-100,-100,-100,-100,-100,-100,-100,-100,-100,-100,-100,-100,-100,-100,-100,-100,-100,-100,-100,-100,-100,-100,-100,-100,-100,-100,-100,-100,-100,-100,-100,-100,-100,-100,-100,-100,-100,-100,-100,-100,-100,-100,-100,-100,-100,-100,-100,-100,-100,-100,-100,-100,-100,-100,-100,-100,-100,-100,-100,-100,-100,-100,-100,-100,-100,-100,-100,-100,-100,-100,-100,-100,-100,-100,-100,-100,-100,-100,-100,-100,-100,-100,-100,-100,-100,-100,-100,-100,-100,-100,-100,-100,-100,-100,-100,-100,-100,-100,-100,-100,-100,-100.0,-100,-100,-100,-100,-100,-100,-100,-100,-100,-100,-100,-100,-100,-100,-100,-100,-100,-100,-100,-100,-100,-100,-100,-100,-100,-100,-100,-100,-100,-100,-100,-100
28.1101,-62.428221838226776,-100.0,-100,-100,-100,-100,-100,-100,-68.27233354767054,-100,-100,-100.0,-100.0,-100,-100.0,-100.0,-100,-100,-100,-100,-100.0,-100,-100.0,-100.0,-100.0,-100,-100.0,-100,-100,-100,-100,-100,-100,-100,-100,-100,-74.20068830814371,-72.91693705386113,-100,-100,-100,-100,-100,-100,-100,-70.02267625578737,-100,-100,-100,-100,-100,-100,-100,-100,-100.0,-100,-100,-73.0,-100.0,-100.0,-100.0,-100,-100,-100,-100.0,-100,-100,-100,-100,-100,-100,-100,-100,-100,-100,-100,-100,-100,-100,-100,-100,-100,-100,-100,-100,-100,-100,-100,-100,-100,-100,-100,-100,-100,-100,-100,-100,-100,-100,-100,-100,-100,-100,-100,-100,-100,-100,-100,-100,-100,-100,-100,-100,-100,-100,-100,-100,-100,-100,-100,-100,-100,-100,-100,-100,-100,-100,-100,-100,-100,-100,-100,-100,-100,-100,-100,-100,-100,-100,-100,-100,-100,-100,-100,-100,-100,-100,-100,-100,-100,-100,-100,-100,-100,-100,-100,-100,-100,-100,-100,-100,-100,-100,-100,-100,-100,-100,-100,-100,-100,-100,-100,-100,-100,-100,-100,-100,-100,-100,-100,-100,-100,-100,-100,-100,-100,-100,-100,-100,-100,-100,-100,-100,-100,-100,-100,-100,-100,-100,-100,-100,-100,-100,-100,-100.0,-100,-100,-100,-100,-100,-100,-100,-100,-100,-100,-100,-100,-100,-100,-100,-100,-100,-100,-100,-100,-100,-100,-100,-100,-100,-100,-100,-100,-100,-100,-100,-100
29.9961,-63.43672957446701,-100.0,-100,-100,-100,-100,-100,-100,-67.63077518135776,-100,-100,-100.0,-100.0,-100,-100.0,-100.0,-100,-100,-100,-100,-100.0,-100,-100.0,-100.0,-100.0,-100,-100.0,-100,-100,-100,-100,-100,-100,-100,-100,-100,-100.0,-72.40584844799324,-100,-100,-100,-100,-100,-100,-100,-100.0,-100,-100,-100,-100,-100,-100,-100,-100,-100.0,-100,-100,-100.0,-72.53600782185917,-71.67505460764754,-73.88445878060388,-100,-100,-100,-100.0,-100,-100,-100,-100,-100,-100,-100,-100,-100,-100,-100,-100,-100,-100,-100,-100,-100,-100,-100,-100,-100,-100,-100,-100,-100,-100,-100,-100,-100,-100,-100,-100,-100,-100,-100,-100,-100,-100,-100,-100,-100,-100,-100,-100,-100,-100,-100,-100,-100,-100,-100,-100,-100,-100,-100,-100,-100,-100,-100,-100,-100,-100,-100,-100,-100,-100,-100,-100,-100,-100,-100,-100,-100,-100,-100,-100,-100,-100,-100,-100,-100,-100,-100,-100,-100,-100,-100,-100,-100,-100,-100,-100,-100,-100,-100,-100,-100,-100,-100,-100,-100,-100,-100,-100,-100,-100,-100,-100,-100,-100,-100,-100,-100,-100,-100,-100,-100,-100,-100,-100,-100,-100,-100,-100,-100,-100,-100,-100,-100,-100,-100,-100,-100,-100,-100,-100,-100,-100,-100,-100.0,-100,-100,-100,-100,-100,-100,-100,-100,-100,-100,-100,-100,-100,-100,-100,-100,-100,-100,-100,-100,-100,-100,-100,-100,-100,-100,-100,-100,-100,-100,-100,-100
31.9715,-61.90158854491174,-100.0,-100,-100,-100,-100,-100,-100,-68.58209106404584,-100,-100,-100.0,-100.0,-100,-70.83363238175797,-100.0,-100,-100,-100,-100,-100.0,-100,-100.0,-100.0,-100.0,-100,-100.0,-100,-100,-100,-100,-100,-100,-100,-100,-100,-100.0,-100.0,-100,-100,-100,-100,-100,-100,-100,-100.0,-100,-100,-100,-100,-100,-100,-100,-100,-100.0,-100,-100,-100.0,-72.66695603620954,-72.04878839380135,-100.0,-100,-100,-100,-100.0,-100,-100,-100,-100,-100,-100,-100,-100,-100,-100,-100,-100,-100,-100,-100,-100,-100,-100,-100,-100,-100,-100,-100,-100,-100,-100,-100,-100,-100,-100,-100,-100,-100,-100,-100,-100,-100,-100,-100,-100,-100,-100,-100,-100,-100,-100,-100,-100,-100,-100,-100,-100,-100,-100,-100,-100,-100,-100,-100,-100,-100,-100,-100,-100,-100,-100,-100,-100,-100,-100,-100,-100,-100,-100,-100,-100,-100,-100,-100,-100,-100,-100,-100,-100,-100,-100,-100,-100,-100,-100,-100,-100,-100,-100,-100,-100,-100,-100,-100,-100,-100,-100,-100,-100,-100,-100,-100,-100,-100,-100,-100,-100,-100,-100,-100,-100,-100,-100,-100,-100,-100,-100,-100,-100,-100,-100,-100,-100,-100,-100,-100,-100,-100,-100,-100,-100,-100,-100,-100,-70.19380254878114,-100,-100,-100,-100,-100,-100,-100,-100,-100,-100,-100,-100,-100,-100,-100,-100,-100,-100,-100,-100,-100,-100,-100,-100,-100,-100,-100,-100,-100,-100,-100,-100
33.9603,-61.36463683162866,-100.0,-100,-100,-100,-100,-100,-100,-69.82955301327972,-100,-100,-100.0,-100.0,-100,-100.0,-100.0,-100,-100,-100,-100,-100.0,-100,-100.0,-100.0,-100.0,-100,-100.0,-100,-100,-100,-100,-100,-100,-100,-100,-100,-74.14487215754097,-100.0,-100,-100,-100,-100,-100,-100,-100,-71.42738022980674,-100,-100,-100,-100,-100,-100,-100,-100,-100.0,-100,-100,-100.0,-73.04326886243287,-72.59946077081257,-100.0,-100,-100,-100,-100.0,-100,-100,-100,-100,-100,-100,-100,-100,-100,-100,-100,-100,-100,-100,-100,-100,-100,-100,-100,-100,-100,-100,-100,-100,-100,-100,-100,-100,-100,-100,-100,-100,-100,-100,-100,-100,-100,-100,-100,-100,-100,-100,-100,-100,-100,-100,-100,-100,-100,-100,-100,-100,-100,-100,-100,-100,-100,-100,-100,-100,-100,-100,-100,-100,-100,-100,-100,-100,-100,-100,-100,-100,-100,-100,-100,-100,-100,-100,-100,-100,-100,-100,-100,-100,-100,-100,-100,-100,-100,-100,-100,-100,-100,-100,-100,-100,-100,-100,-100,-100,-100,-100,-100,-100,-100,-100,-100,-100,-100,-100,-100,-100,-100,-100,-100,-100,-100,-100,-100,-100,-100,-100,-100,-100,-100,-100,-100,-100,-100,-100,-100,-100,-100,-100,-100,-100,-100,-100,-100,-100.0,-100,-100,-100,-100,-100,-100,-100,-100,-100,-100,-100,-100,-100,-100,-100,-100,-100,-100,-100,-100,-100,-100,-100,-100,-100,-100,-100,-100,-100,-100,-100,-100
36.1119,-60.41455489199001,-100.0,-100,-100,-100,-100,-100,-100,-69.03057189700655,-100,-100,-100.0,-100.0,-100,-100.0,-100.0,-100,-100,-100,-100,-100.0,-100,-100.0,-100.0,-100.0,-100,-100.0,-100,-100,-100,-100,-100,-100,-100,-100,-100,-73.263744332792,-100.0,-100,-100,-100,-100,-100,-100,-100,-71.58902843491174,-100,-100,-100,-100,-100,-100,-100,-100,-100.0,-100,-100,-100.0,-72.74871797324076,-72.43023546166894,-100.0,-100,-100,-100,-100.0,-100,-100,-100,-100,-100,-100,-100,-100,-100,-100,-100,-100,-100,-100,-100,-100,-100,-100,-100,-100,-100,-100,-100,-100,-100,-100,-100,-100,-100,-100,-100,-100,-100,-100,-100,-100,-100,-100,-100,-100,-100,-100,-100,-100,-100,-100,-100,-100,-100,-100,-100,-100,-100,-100,-100,-100,-100,-100,-100,-100,-100,-100,-100,-100,-100,-100,-100,-100,-100,-100,-100,-100,-100,-100,-100,-100,-100,-100,-100,-100,-100,-100,-100,-100,-100,-100,-100,-100,-100,-100,-100,-100,-100,-100,-100,-100,-100,-100,-100,-100,-100,-100,-100,-100,-100,-100,-100,-100,-100,-100,-100,-100,-100,-100,-100,-100,-100,-100,-100,-100,-100,-100,-100,-100,-100,-100,-100,-100,-100,-100,-100,-100,-100,-100,-100,-100,-100,-100,-100,-100.0,-100,-100,-100,-100,-100,-100,-100,-100,-100,-100,-100,-100,-100,-100,-100,-100,-100,-100,-100,-100,-100,-100,-100,-100,-100,-100,-100,-100,-100,-100,-100,-100
37.985,-61.1446179045978,-100.0,-100,-100,-100,-100,-100,-100,-69.0219392246975,-100,-100,-100.0,-100.0,-100,-71.16280551027249,-100.0,-100,-100,-100,-100,-100.0,-100,-100.0,-100.0,-100.0,-100,-100.0,-100,-100,-100,-100,-100,-100,-100,-100,-100,-100.0,-72.56874552215892,-100,-100,-100,-100,-100,-100,-100,-100.0,-100,-100,-100,-100,-100,-100,-100,-100,-100.0,-100,-100,-100.0,-72.53731406345804,-72.3087651078993,-100.0,-100,-100,-100,-100.0,-100,-100,-100,-100,-100,-100,-100,-100,-100,-100,-100,-100,-100,-100,-100,-100,-100,-100,-100,-100,-100,-100,-100,-100,-100,-100,-100,-100,-100,-100,-100,-100,-100,-100,-100,-100,-100,-100,-100,-100,-100,-100,-100,-100,-100,-100,-100,-100,-100,-100,-100,-100,-100,-100,-100,-100,-100,-100,-100,-100,-100,-100,-100,-100,-100,-100,-100,-100,-100,-100,-100,-100,-100,-100,-100,-100,-100,-100,-100,-100,-100,-100,-100,-100,-100,-100,-100,-100,-100,-100,-100,-100,-100,-100,-100,-100,-100,-100,-100,-100,-100,-100,-100,-100,-100,-100,-100,-100,-100,-100,-100,-100,-100,-100,-100,-100,-100,-100,-100,-100,-100,-100,-100,-100,-100,-100,-100,-100,-100,-100,-100,-100,-100,-100,-100,-100,-100,-100,-100,-100.0,-100,-100,-100,-100,-100,-100,-100,-100,-100,-100,-100,-100,-100,-100,-100,-100,-100,-100,-100,-100,-100,-100,-100,-100,-100,-100,-100,-100,-100,-100,-100,-100
39.9843,-61.10378143400471,-100.0,-100,-100,-100,-100,-100,-100,-100.0,-100,-100,-100.0,-100.0,-100,-70.26995852795613,-100.0,-100,-100,-100,-100,-100.0,-100,-100.0,-100.0,-100.0,-100,-100.0,-100,-100,-100,-100,-100,-100,-100,-100,-100,-72.62708263250678,-100.0,-100,-100,-100,-100,-100,-100,-100,-70.85805614664795,-100,-100,-100,-100,-100,-100,-100,-100,-100.0,-100,-100,-100.0,-71.5385011045167,-71.656874826079,-100.0,-100,-100,-100,-100.0,-100,-100,-100,-100,-100,-100,-100,-100,-100,-100,-100,-100,-100,-100,-100,-100,-100,-100,-100,-100,-100,-100,-100,-100,-100,-100,-100,-100,-100,-100,-100,-100,-100,-100,-100,-100,-100,-100,-100,-100,-100,-100,-100,-100,-100,-100,-100,-100,-100,-100,-100,-100,-100,-100,-100,-100,-100,-100,-100,-100,-100,-100,-100,-100,-100,-100,-100,-100,-100,-100,-100,-100,-100,-100,-100,-100,-100,-100,-100,-100,-100,-100,-100,-100,-100,-100,-100,-100,-100,-100,-100,-100,-100,-100,-100,-100,-100,-100,-100,-100,-100,-100,-100,-100,-100,-100,-100,-100,-100,-100,-100,-100,-100,-100,-100,-100,-100,-100,-100,-100,-100,-100,-100,-100,-100,-100,-100,-100,-100,-100,-100,-100,-100,-100,-100,-100,-100,-100,-100,-100.0,-100,-100,-100,-100,-100,-100,-100,-100,-100,-100,-100,-100,-100,-100,-100,-100,-100,-100,-100,-100,-100,-100,-100,-100,-100,-100,-100,-100,-100,-100,-100,-100
42.0676,-63.0511032290436,-100.0,-100,-100,-100,-100,-100,-100,-100.0,-100,-100,-100.0,-100.0,-100,-100.0,-100.0,-100,-100,-100,-100,-100.0,-100,-100.0,-100.0,-100.0,-100,-100.0,-100,-100,-100,-100,-100,-100,-100,-100,-100,-72.73216767972524,-71.85431682299287,-100,-100,-100,-100,-100,-100,-100,-100.0,-100,-100,-100,-100,-100,-100,-100,-100,-100.0,-100,-100,-100.0,-70.82170433957589,-70.90666691155232,-100.0,-100,-100,-100,-100.0,-100,-100,-100,-100,-100,-100,-100,-100,-100,-100,-100,-100,-100,-100,-100,-100,-100,-100,-100,-100,-100,-100,-100,-100,-100,-100,-100,-100,-100,-100,-100,-100,-100,-100,-100,-100,-100,-100,-100,-100,-100,-100,-100,-100,-100,-100,-100,-100,-100,-100,-100,-100,-100,-100,-100,-100,-100,-100,-100,-100,-100,-100,-100,-100,-100,-100,-100,-100,-100,-100,-100,-100,-100,-100,-100,-100,-100,-100,-100,-100,-100,-100,-100,-100,-100,-100,-100,-100,-100,-100,-100,-100,-100,-100,-100,-100,-100,-100,-100,-100,-100,-100,-100,-100,-100,-100,-100,-100,-100,-100,-100,-100,-100,-100,-100,-100,-100,-100,-100,-100,-100,-100,-100,-100,-100,-100,-100,-100,-100,-100,-100,-100,-100,-100,-100,-100,-100,-100,-100,-69.86650063116237,-100,-100,-100,-100,-100,-100,-100,-100,-100,-100,-100,-100,-100,-100,-100,-100,-100,-100,-100,-100,-100,-100,-100,-100,-100,-100,-100,-100,-100,-100,-100,-100
44.137,-63.60142391510066,-100.0,-100,-100,-100,-100,-100,-100,-68.7333699463271,-100,-100,-100.0,-100.0,-100,-100.0,-100.0,-100,-100,-100,-100,-100.0,-100,-100.0,-100.0,-100.0,-100,-100.0,-100,-100,-100,-100,-100,-100,-100,-100,-100,-100.0,-72.17531344067324,-100,-100,-100,-100,-100,-100,-100,-100.0,-100,-100,-100,-100,-100,-100,-100,-100,-100.0,-100,-100,-100.0,-70.8720501853125,-70.93302138338697,-100.0,-100,-100,-100,-100.0,-100,-100,-100,-100,-100,-100,-100,-100,-100,-100,-100,-100,-100,-100,-100,-100,-100,-100,-100,-100,-100,-100,-100,-100,-100,-100,-100,-100,-100,-100,-100,-100,-100,-100,-100,-100,-100,-100,-100,-100,-100,-100,-100,-100,-100,-100,-100,-100,-100,-100,-100,-100,-100,-100,-100,-100,-100,-100,-100,-100,-100,-100,-100,-100,-100,-100,-100,-100,-100,-100,-100,-100,-100,-100,-100,-100,-100,-100,-100,-100,-100,-100,-100,-100,-100,-100,-100,-100,-100,-100,-100,-100,-100,-100,-100,-100,-100,-100,-100,-100,-100,-100,-100,-100,-100,-100,-100,-100,-100,-100,-100,-100,-100,-100,-100,-100,-100,-100,-100,-100,-100,-100,-100,-100,-100,-100,-100,-100,-100,-100,-100,-100,-100,-100,-100,-100,-100,-100,-100,-69.90362995346986,-100,-100,-100,-100,-100,-100,-100,-100,-100,-100,-100,-100,-100,-100,-100,-100,-100,-100,-100,-100,-100,-100,-100,-100,-100,-100,-100,-100,-100,-100,-100,-100
46.1282,-63.431596481391,-100.0,-100,-100,-100,-100,-100,-100,-100.0,-100,-100,-100.0,-100.0,-100,-70.193739896961,-100.0,-100,-100,-100,-100,-100.0,-100,-100.0,-100.0,-100.0,-100,-100.0,-100,-100,-100,-100,-100,-100,-100,-100,-100,-100.0,-100.0,-100,-100,-100,-100,-100,-100,-100,-70.61578010854335,-100,-100,-100,-100,-100,-100,-100,-100,-100.0,-100,-100,-100.0,-70.34343149841484,-70.38718871341578,-100.0,-100,-100,-100,-100.0,-100,-100,-100,-100,-100,-100,-100,-100,-100,-100,-100,-100,-100,-100,-100,-100,-100,-100,-100,-100,-100,-100,-100,-100,-100,-100,-100,-100,-100,-100,-100,-100,-100,-100,-100,-100,-100,-100,-100,-100,-100,-100,-100,-100,-100,-100,-100,-100,-100,-100,-100,-100,-100,-100,-100,-100,-100,-100,-100,-100,-100,-100,-100,-100,-100,-100,-100,-100,-100,-100,-100,-100,-100,-100,-100,-100,-100,-100,-100,-100,-100,-100,-100,-100,-100,-100,-100,-100,-100,-100,-100,-100,-100,-100,-100,-100,-100,-100,-100,-100,-100,-100,-100,-100,-100,-100,-100,-100,-100,-100,-100,-100,-100,-100,-100,-100,-100,-100,-100,-100,-100,-100,-100,-100,-100,-100,-100,-100,-100,-100,-100,-100,-100,-100,-100,-100,-100,-100,-100,-70.21081005676996,-100,-100,-100,-100,-100,-100,-100,-100,-100,-100,-100,-100,-100,-100,-100,-100,-100,-100,-100,-100,-100,-100,-100,-100,-100,-100,-100,-100,-100,-100,-100,-100
48.1683,-64.15685107437513,-100.0,-100,-100,-100,-100,-100,-100,-68.52628465954787,-100,-100,-100.0,-100.0,-100,-100.0,-100.0,-100,-100,-100,-100,-100.0,-100,-100.0,-100.0,-100.0,-100,-100.0,-100,-100,-100,-100,-100,-100,-100,-100,-100,-100.0,-100.0,-100,-100,-100,-100,-100,-100,-100,-70.4419054846797,-100,-100,-100,-100,-100,-100,-100,-100,-100.0,-100,-100,-100.0,-69.68170519462073,-69.7131081930519,-100.0,-100,-100,-100,-100.0,-100,-100,-100,-100,-100,-100,-100,-100,-100,-100,-100,-100,-100,-100,-100,-100,-100,-100,-100,-100,-100,-100,-100,-100,-100,-100,-100,-100,-100,-100,-100,-100,-100,-100,-100,-100,-100,-100,-100,-100,-100,-100,-100,-100,-100,-100,-100,-100,-100,-100,-100,-100,-100,-100,-100,-100,-100,-100,-100,-100,-100,-100,-100,-100,-100,-100,-100,-100,-100,-100,-100,-100,-100,-100,-100,-100,-100,-100,-100,-100,-100,-100,-100,-100,-100,-100,-100,-100,-100,-100,-100,-100,-100,-100,-100,-100,-100,-100,-100,-100,-100,-100,-100,-100,-100,-100,-100,-100,-100,-100,-100,-100,-100,-100,-100,-100,-100,-100,-100,-100,-100,-100,-100,-100,-100,-100,-100,-100,-100,-100,-100,-100,-100,-100,-100,-100,-100,-100,-100,-70.4327640132422,-100,-100,-100,-100,-100,-100,-100,-100,-100,-100,-100,-100,-100,-100,-100,-100,-100,-100,-100,-100,-100,-100,-100,-100,-100,-100,-100,-100,-100,-100,-100,-100
49.9797,-63.547808810709746,-100.0,-100,-100,-100,-100,-100,-100,-100.0,-100,-100,-100.0,-100.0,-100,-70.70374561542157,-100.0,-100,-100,-100,-100,-100.0,-100,-100.0,-100.0,-100.0,-100,-100.0,-100,-100,-100,-100,-100,-100,-100,-100,-100,-72.24356672384164,-100.0,-100,-100,-100,-100,-100,-100,-100,-100.0,-100,-100,-100,-100,-100,-100,-100,-100,-100.0,-100,-100,-100.0,-69.48920848492797,-69.5117443174222,-100.0,-100,-100,-100,-100.0,-100,-100,-100,-100,-100,-100,-100,-100,-100,-100,-100,-100,-100,-100,-100,-100,-100,-100,-100,-100,-100,-100,-100,-100,-100,-100,-100,-100,-100,-100,-100,-100,-100,-100,-100,-100,-100,-100,-100,-100,-100,-100,-100,-100,-100,-100,-100,-100,-100,-100,-100,-100,-100,-100,-100,-100,-100,-100,-100,-100,-100,-100,-100,-100,-100,-100,-100,-100,-100,-100,-100,-100,-100,-100,-100,-100,-100,-100,-100,-100,-100,-100,-100,-100,-100,-100,-100,-100,-100,-100,-100,-100,-100,-100,-100,-100,-100,-100,-100,-100,-100,-100,-100,-100,-100,-100,-100,-100,-100,-100,-100,-100,-100,-100,-100,-100,-100,-100,-100,-100,-100,-100,-100,-100,-100,-100,-100,-100,-100,-100,-100,-100,-100,-100,-100,-100,-100,-100,-100,-70.31081467344153,-100,-100,-100,-100,-100,-100,-100,-100,-100,-100,-100,-100,-100,-100,-100,-100,-100,-100,-100,-100,-100,-100,-100,-100,-100,-100,-100,-100,-100,-100,-100,-100
51.9894,-63.3931209242762,-100.0,-100,-100,-100,-100,-100,-100,-67.53054896652495,-100,-100,-100.0,-100.0,-100,-70.7873974238705,-100.0,-100,-100,-100,-100,-100.0,-100,-100.0,-100.0,-100.0,-100,-100.0,-100,-100,-100,-100,-100,-100,-100,-100,-100,-100.0,-100.0,-100,-100,-100,-100,-100,-100,-100,-100.0,-100,-100,-100,-100,-100,-100,-100,-100,-100.0,-100,-100,-100.0,-69.35106799792908,-69.3672403616286,-100.0,-100,-100,-100,-100.0,-100,-100,-100,-100,-100,-100,-100,-100,-100,-100,-100,-100,-100,-100,-100,-100,-100,-100,-100,-100,-100,-100,-100,-100,-100,-100,-100,-100,-100,-100,-100,-100,-100,-100,-100,-100,-100,-100,-100,-100,-100,-100,-100,-100,-100,-100,-100,-100,-100,-100,-100,-100,-100,-100,-100,-100,-100,-100,-100,-100,-100,-100,-100,-100,-100,-100,-100,-100,-100,-100,-100,-100,-100,-100,-100,-100,-100,-100,-100,-100,-100,-100,-100,-100,-100,-100,-100,-100,-100,-100,-100,-100,-100,-100,-100,-100,-100,-100,-100,-100,-100,-100,-100,-100,-100,-100,-100,-100,-100,-100,-100,-100,-100,-100,-100,-100,-100,-100,-100,-100,-100,-100,-100,-100,-100,-100,-100,-100,-100,-100,-100,-100,-100,-100,-100,-100,-100,-100,-100,-70.2231416679215,-100,-100,-100,-100,-100,-100,-100,-100,-100,-100,-100,-100,-100,-100,-100,-100,-100,-100,-100,-100,-100,-100,-100,-100,-100,-100,-100,-100,-100,-100,-100,-100
54.1288,-63.282113132517075,-100.0,-100,-100,-100,-100,-100,-100,-67.94548592620414,-100,-100,-100.0,-100.0,-100,-100.0,-100.0,-100,-100,-100,-100,-100.0,-100,-100.0,-100.0,-100.0,-100,-100.0,-100,-100,-100,-100,-100,-100,-100,-100,-100,-100.0,-100.0,-100,-100,-100,-100,-100,-100,-100,-69.75238443282934,-100,-100,-100,-100,-100,-100,-100,-100,-100.0,-100,-100,-100.0,-68.96955937298996,-68.98116519077843,-100.0,-100,-100,-100,-100.0,-100,-100,-100,-100,-100,-100,-100,-100,-100,-100,-100,-100,-100,-100,-100,-100,-100,-100,-100,-100,-100,-100,-100,-100,-100,-100,-100,-100,-100,-100,-100,-100,-100,-100,-100,-100,-100,-100,-100,-100,-100,-100,-100,-100,-100,-100,-100,-100,-100,-100,-100,-100,-100,-100,-100,-100,-100,-100,-100,-100,-100,-100,-100,-100,-100,-100,-100,-100,-100,-100,-100,-100,-100,-100,-100,-100,-100,-100,-100,-100,-100,-100,-100,-100,-100,-100,-100,-100,-100,-100,-100,-100,-100,-100,-100,-100,-100,-100,-100,-100,-100,-100,-100,-100,-100,-100,-100,-100,-100,-100,-100,-100,-100,-100,-100,-100,-100,-100,-100,-100,-100,-100,-100,-100,-100,-100,-100,-100,-100,-100,-100,-100,-100,-100,-100,-100,-100,-100,-100,-70.44238719873303,-100,-100,-100,-100,-100,-100,-100,-100,-100,-100,-100,-100,-100,-100,-100,-100,-100,-100,-100,-100,-100,-100,-100,-100,-100,-100,-100,-100,-100,-100,-100,-100
55.976,-62.63769985673736,-100.0,-100,-100,-100,-100,-100,-100,-67.11375259582691,-100,-100,-100.0,-100.0,-100,-100.0,-100.0,-100,-100,-100,-100,-100.0,-100,-100.0,-100.0,-100.0,-100,-100.0,-100,-100,-100,-100,-100,-100,-100,-100,-100,-100.0,-100.0,-100,-100,-100,-100,-100,-100,-100,-69.82230433506983,-100,-100,-100,-100,-100,-100,-100,-100,-100.0,-100,-100,-100.0,-68.97815506459075,-68.98648368117131,-100.0,-100,-100,-100,-100.0,-100,-100,-100,-100,-100,-100,-100,-100,-100,-100,-100,-100,-100,-100,-100,-100,-100,-100,-100,-100,-100,-100,-100,-100,-100,-100,-100,-100,-100,-100,-100,-100,-100,-100,-100,-100,-100,-100,-100,-100,-100,-100,-100,-100,-100,-100,-100,-100,-100,-100,-100,-100,-100,-100,-100,-100,-100,-100,-100,-100,-100,-100,-100,-100,-100,-100,-100,-100,-100,-100,-100,-100,-100,-100,-100,-100,-100,-100,-100,-100,-100,-100,-100,-100,-100,-100,-100,-100,-100,-100,-100,-100,-100,-100,-100,-100,-100,-100,-100,-100,-100,-100,-100,-100,-100,-100,-100,-100,-100,-100,-100,-100,-100,-100,-100,-100,-100,-100,-100,-100,-100,-100,-100,-100,-100,-100,-100,-100,-100,-100,-100,-100,-100,-100,-100,-100,-100,-100,-100,-70.31750311271469,-100,-100,-100,-100,-100,-100,-100,-100,-100,-100,-100,-100,-100,-100,-100,-100,-100,-100,-100,-100,-100,-100,-100,-100,-100,-100,-100,-100,-100,-100,-100,-100
57.9684,-62.74000461119054,-100.0,-100,-100,-100,-100,-100,-100,-68.21113420231048,-100,-100,-100.0,-100.0,-100,-70.5650599487562,-100.0,-100,-100,-100,-100,-100.0,-100,-100.0,-100.0,-100.0,-100,-100.0,-100,-100,-100,-100,-100,-100,-100,-100,-100,-100.0,-100.0,-100,-100,-100,-100,-100,-100,-100,-70.71960362914584,-100,-100,-100,-100,-100,-100,-100,-100,-100.0,-100,-100,-100.0,-68.98432354282707,-68.99030036038067,-100.0,-100,-100,-100,-100.0,-100,-100,-100,-100,-100,-100,-100,-100,-100,-100,-100,-100,-100,-100,-100,-100,-100,-100,-100,-100,-100,-100,-100,-100,-100,-100,-100,-100,-100,-100,-100,-100,-100,-100,-100,-100,-100,-100,-100,-100,-100,-100,-100,-100,-100,-100,-100,-100,-100,-100,-100,-100,-100,-100,-100,-100,-100,-100,-100,-100,-100,-100,-100,-100,-100,-100,-100,-100,-100,-100,-100,-100,-100,-100,-100,-100,-100,-100,-100,-100,-100,-100,-100,-100,-100,-100,-100,-100,-100,-100,-100,-100,-100,-100,-100,-100,-100,-100,-100,-100,-100,-100,-100,-100,-100,-100,-100,-100,-100,-100,-100,-100,-100,-100,-100,-100,-100,-100,-100,-100,-100,-100,-100,-100,-100,-100,-100,-100,-100,-100,-100,-100,-100,-100,-100,-100,-100,-100,-100,-100.0,-100,-100,-100,-100,-100,-100,-100,-100,-100,-100,-100,-100,-100,-100,-100,-100,-100,-100,-100,-100,-100,-100,-100,-100,-100,-100,-100,-100,-100,-100,-100,-100
60.1178,-62.53104529471239,-100.0,-100,-100,-100,-100,-100,-100,-68.71626637752756,-100,-100,-100.0,-100.0,-100,-72.382112020431,-100.0,-100,-100,-100,-100,-100.0,-100,-100.0,-100.0,-100.0,-100,-100.0,-100,-100,-100,-100,-100,-100,-100,-100,-100,-100.0,-100.0,-100,-100,-100,-100,-100,-100,-100,-70.7987805345549,-100,-100,-100,-100,-100,-100,-100,-100,-100.0,-100,-100,-100.0,-69.55350155675855,-69.55779063930773,-100.0,-100,-100,-100,-100.0,-100,-100,-100,-100,-100,-100,-100,-100,-100,-100,-100,-100,-100,-100,-100,-100,-100,-100,-100,-100,-100,-100,-100,-100,-100,-100,-100,-100,-100,-100,-100,-100,-100,-100,-100,-100,-100,-100,-100,-100,-100,-100,-100,-100,-100,-100,-100,-100,-100,-100,-100,-100,-100,-100,-100,-100,-100,-100,-100,-100,-100,-100,-100,-100,-100,-100,-100,-100,-100,-100,-100,-100,-100,-100,-100,-100,-100,-100,-100,-100,-100,-100,-100,-100,-100,-100,-100,-100,-100,-100,-100,-100,-100,-100,-100,-100,-100,-100,-100,-100,-100,-100,-100,-100,-100,-100,-100,-100,-100,-100,-100,-100,-100,-100,-100,-100,-100,-100,-100,-100,-100,-100,-100,-100,-100,-100,-100,-100,-100,-100,-100,-100,-100,-100,-100,-100,-100,-100,-100,-100.0,-100,-100,-100,-100,-100,-100,-100,-100,-100,-100,-100,-100,-100,-100,-100,-100,-100,-100,-100,-100,-100,-100,-100,-100,-100,-100,-100,-100,-100,-100,-100,-100
62.0859,-61.53396392338903,-100.0,-100,-100,-100,-100,-100,-100,-67.10213176168365,-100,-100,-100.0,-100.0,-100,-71.99183923441392,-100.0,-100,-100,-100,-100,-100.0,-100,-100.0,-100.0,-100.0,-100,-100.0,-100,-100,-100,-100,-100,-100,-100,-100,-100,-73.02148935377726,-100.0,-100,-100,-100,-100,-100,-100,-100,-100.0,-100,-100,-100,-100,-100,-100,-100,-100,-100.0,-100,-100,-100.0,-71.09146030600827,-71.09453821816402,-100.0,-100,-100,-100,-100.0,-100,-100,-100,-100,-100,-100,-100,-100,-100,-100,-100,-100,-100,-100,-100,-100,-100,-100,-100,-100,-100,-100,-100,-100,-100,-100,-100,-100,-100,-100,-100,-100,-100,-100,-100,-100,-100,-100,-100,-100,-100,-100,-100,-100,-100,-100,-100,-100,-100,-100,-100,-100,-100,-100,-100,-100,-100,-100,-100,-100,-100,-100,-100,-100,-100,-100,-100,-100,-100,-100,-100,-100,-100,-100,-100,-100,-100,-100,-100,-100,-100,-100,-100,-100,-100,-100,-100,-100,-100,-100,-100,-100,-100,-100,-100,-100,-100,-100,-100,-100,-100,-100,-100,-100,-100,-100,-100,-100,-100,-100,-100,-100,-100,-100,-100,-100,-100,-100,-100,-100,-100,-100,-100,-100,-100,-100,-100,-100,-100,-100,-100,-100,-100,-100,-100,-100,-100,-100,-100,-100.0,-100,-100,-100,-100,-100,-100,-100,-100,-100,-100,-100,-100,-100,-100,-100,-100,-100,-100,-100,-100,-100,-100,-100,-100,-100,-100,-100,-100,-100,-100,-100,-100
64.007,-62.79506396826179,-100.0,-100,-100,-100,-100,-100,-100,-65.94378948008706,-100,-100,-100.0,-100.0,-100,-100.0,-100.0,-100,-100,-100,-100,-100.0,-100,-100.0,-100.0,-100.0,-100,-100.0,-100,-100,-100,-100,-100,-100,-100,-100,-100,-73.29771888316401,-100.0,-100,-100,-100,-100,-100,-100,-100,-72.26747644796234,-100,-100,-100,-100,-100,-100,-100,-100,-100.0,-100,-100,-100.0,-71.91276121578099,-71.91496998998069,-100.0,-100,-100,-100,-100.0,-100,-100,-100,-100,-100,-100,-100,-100,-100,-100,-100,-100,-100,-100,-100,-100,-100,-100,-100,-100,-100,-100,-100,-100,-100,-100,-100,-100,-100,-100,-100,-100,-100,-100,-100,-100,-100,-100,-100,-100,-100,-100,-100,-100,-100,-100,-100,-100,-100,-100,-100,-100,-100,-100,-100,-100,-100,-100,-100,-100,-100,-100,-100,-100,-100,-100,-100,-100,-100,-100,-100,-100,-100,-100,-100,-100,-100,-100,-100,-100,-100,-100,-100,-100,-100,-100,-100,-100,-100,-100,-100,-100,-100,-100,-100,-100,-100,-100,-100,-100,-100,-100,-100,-100,-100,-100,-100,-100,-100,-100,-100,-100,-100,-100,-100,-100,-100,-100,-100,-100,-100,-100,-100,-100,-100,-100,-100,-100,-100,-100,-100,-100,-100,-100,-100,-100,-100,-100,-100,-100.0,-100,-100,-100,-100,-100,-100,-100,-100,-100,-100,-100,-100,-100,-100,-100,-100,-100,-100,-100,-100,-100,-100,-100,-100,-100,-100,-100,-100,-100,-100,-100,-100
65.9616,-64.82956279478928,-100.0,-100,-100,-100,-100,-100,-100,-67.93629181090407,-100,-100,-100.0,-100.0,-100,-73.40601827675403,-100.0,-100,-100,-100,-100,-100.0,-100,-100.0,-100.0,-100.0,-100,-100.0,-100,-100,-100,-100,-100,-100,-100,-100,-100,-100.0,-100.0,-100,-100,-100,-100,-100,-100,-100,-74.16857610355594,-100,-100,-100,-100,-100,-100,-100,-100,-100.0,-100,-100,-100.0,-73.34927379890448,-73.0684831672663,-100.0,-100,-100,-100,-100.0,-100,-100,-100,-100,-100,-100,-100,-100,-100,-100,-100,-100,-100,-100,-100,-100,-100,-100,-100,-100,-100,-100,-100,-100,-100,-100,-100,-100,-100,-100,-100,-100,-100,-100,-100,-100,-100,-100,-100,-100,-100,-100,-100,-100,-100,-100,-100,-100,-100,-100,-100,-100,-100,-100,-100,-100,-100,-100,-100,-100,-100,-100,-100,-100,-100,-100,-100,-100,-100,-100,-100,-100,-100,-100,-100,-100,-100,-100,-100,-100,-100,-100,-100,-100,-100,-100,-100,-100,-100,-100,-100,-100,-100,-100,-100,-100,-100,-100,-100,-100,-100,-100,-100,-100,-100,-100,-100,-100,-100,-100,-100,-100,-100,-100,-100,-100,-100,-100,-100,-100,-100,-100,-100,-100,-100,-100,-100,-100,-100,-100,-100,-100,-100,-100,-100,-100,-100,-100,-100,-100.0,-100,-100,-100,-100,-100,-100,-100,-100,-100,-100,-100,-100,-100,-100,-100,-100,-100,-100,-100,-100,-100,-100,-100,-100,-100,-100,-100,-100,-100,-100,-100,-100
67.9777,-64.0305630310739,-100.0,-100,-100,-100,-100,-100,-100,-70.49566270259194,-100,-100,-100.0,-100.0,-100,-73.57374404479089,-100.0,-100,-100,-100,-100,-100.0,-100,-100.0,-100.0,-100.0,-100,-100.0,-100,-100,-100,-100,-100,-100,-100,-100,-100,-100.0,-100.0,-100,-100,-100,-100,-100,-100,-100,-75.81522787502824,-100,-100,-100,-100,-100,-100,-100,-100,-100.0,-100,-100,-100.0,-73.81539875739433,-73.33152087954437,-100.0,-100,-100,-100,-100.0,-100,-100,-100,-100,-100,-100,-100,-100,-100,-100,-100,-100,-100,-100,-100,-100,-100,-100,-100,-100,-100,-100,-100,-100,-100,-100,-100,-100,-100,-100,-100,-100,-100,-100,-100,-100,-100,-100,-100,-100,-100,-100,-100,-100,-100,-100,-100,-100,-100,-100,-100,-100,-100,-100,-100,-100,-100,-100,-100,-100,-100,-100,-100,-100,-100,-100,-100,-100,-100,-100,-100,-100,-100,-100,-100,-100,-100,-100,-100,-100,-100,-100,-100,-100,-100,-100,-100,-100,-100,-100,-100,-100,-100,-100,-100,-100,-100,-100,-100,-100,-100,-100,-100,-100,-100,-100,-100,-100,-100,-100,-100,-100,-100,-100,-100,-100,-100,-100,-100,-100,-100,-100,-100,-100,-100,-100,-100,-100,-100,-100,-100,-100,-100,-100,-100,-100,-100,-100,-100,-100.0,-100,-100,-100,-100,-100,-100,-100,-100,-100,-100,-100,-100,-100,-100,-100,-100,-100,-100,-100,-100,-100,-100,-100,-100,-100,-100,-100,-100,-100,-100,-100,-100
70.1301,-65.99856264653842,-100.0,-100,-100,-100,-100,-100,-100,-100.0,-100,-100,-100.0,-100.0,-100,-74.54123475849988,-100.0,-100,-100,-100,-100,-100.0,-100,-100.0,-100.0,-100.0,-100,-100.0,-100,-100,-100,-100,-100,-100,-100,-100,-100,-100.0,-100.0,-100,-100,-100,-100,-100,-100,-100,-77.27928123345393,-100,-100,-100,-100,-100,-100,-100,-100,-100.0,-100,-100,-100.0,-75.84415553095259,-75.77928869683046,-75.8353092695575,-100,-100,-100,-100.0,-100,-100,-100,-100,-100,-100,-100,-100,-100,-100,-100,-100,-100,-100,-100,-100,-100,-100,-100,-100,-100,-100,-100,-100,-100,-100,-100,-100,-100,-100,-100,-100,-100,-100,-100,-100,-100,-100,-100,-100,-100,-100,-100,-100,-100,-100,-100,-100,-100,-100,-100,-100,-100,-100,-100,-100,-100,-100,-100,-100,-100,-100,-100,-100,-100,-100,-100,-100,-100,-100,-100,-100,-100,-100,-100,-100,-100,-100,-100,-100,-100,-100,-100,-100,-100,-100,-100,-100,-100,-100,-100,-100,-100,-100,-100,-100,-100,-100,-100,-100,-100,-100,-100,-100,-100,-100,-100,-100,-100,-100,-100,-100,-100,-100,-100,-100,-100,-100,-100,-100,-100,-100,-100,-100,-100,-100,-100,-100,-100,-100,-100,-100,-100,-100,-100,-100,-100,-100,-100,-100.0,-100,-100,-100,-100,-100,-100,-100,-100,-100,-100,-100,-100,-100,-100,-100,-100,-100,-100,-100,-100,-100,-100,-100,-100,-100,-100,-100,-100,-100,-100,-100,-100
72.0072,-67.97559839298508,-100.0,-100,-100,-100,-100,-100,-100,-72.04995377313152,-100,-100,-100.0,-100.0,-100,-76.08265682189143,-100.0,-100,-100,-100,-100,-100.0,-100,-100.0,-100.0,-100.0,-100,-100.0,-100,-100,-100,-100,-100,-100,-100,-100,-100,-76.03700846906378,-73.5322215966467,-100,-100,-100,-100,-100,-100,-100,-100.0,-100,-100,-100,-100,-100,-100,-100,-100,-100.0,-100,-100,-100.0,-77.30004070065026,-100.0,-100.0,-100,-100,-100,-100.0,-100,-100,-100,-100,-100,-100,-100,-100,-100,-100,-100,-100,-100,-100,-100,-100,-100,-100,-100,-100,-100,-100,-100,-100,-100,-100,-100,-100,-100,-100,-100,-100,-100,-100,-100,-100,-100,-100,-100,-100,-100,-100,-100,-100,-100,-100,-100,-100,-100,-100,-100,-100,-100,-100,-100,-100,-100,-100,-100,-100,-100,-100,-100,-100,-100,-100,-100,-100,-100,-100,-100,-100,-100,-100,-100,-100,-100,-100,-100,-100,-100,-100,-100,-100,-100,-100,-100,-100,-100,-100,-100,-100,-100,-100,-100,-100,-100,-100,-100,-100,-100,-100,-100,-100,-100,-100,-100,-100,-100,-100,-100,-100,-100,-100,-100,-100,-100,-100,-100,-100,-100,-100,-100,-100,-100,-100,-100,-100,-100,-100,-100,-100,-100,-100,-100,-100,-100,-100,-100,-100.0,-100,-100,-100,-100,-100,-100,-100,-100,-100,-100,-100,-100,-100,-100,-100,-100,-100,-100,-100,-100,-100,-100,-100,-100,-100,-100,-100,-100,-100,-100,-100,-100
73.9908,-68.54724020598834,-100.0,-100,-100,-100,-100,-100,-100,-100.0,-100,-100,-75.7734375,-100.0,-100,-76.059316548728,-100.0,-100,-100,-100,-100,-100.0,-100,-100.0,-100.0,-100.0,-100,-100.0,-100,-100,-100,-100,-100,-100,-100,-100,-100,-100.0,-100.0,-100,-100,-100,-100,-100,-100,-100,-77.76517034520558,-100,-100,-100,-100,-100,-100,-100,-100,-100.0,-100,-100,-100.0,-77.21531649897874,-76.40636359581103,-100.0,-100,-100,-100,-100.0,-100,-100,-100,-100,-100,-100,-100,-100,-100,-100,-100,-100,-100,-100,-100,-100,-100,-100,-100,-100,-100,-100,-100,-100,-100,-100,-100,-100,-100,-100,-100,-100,-100,-100,-100,-100,-100,-100,-100,-100,-100,-100,-100,-100,-100,-100,-100,-100,-100,-100,-100,-100,-100,-100,-100,-100,-100,-100,-100,-100,-100,-100,-100,-100,-100,-100,-100,-100,-100,-100,-100,-100,-100,-100,-100,-100,-100,-100,-100,-100,-100,-100,-100,-100,-100,-100,-100,-100,-100,-100,-100,-100,-100,-100,-100,-100,-100,-100,-100,-100,-100,-100,-100,-100,-100,-100,-100,-100,-100,-100,-100,-100,-100,-100,-100,-100,-100,-100,-100,-100,-100,-100,-100,-100,-100,-100,-100,-100,-100,-100,-100,-100,-100,-100,-100,-100,-100,-100,-100,-100.0,-100,-100,-100,-100,-100,-100,-100,-100,-100,-100,-100,-100,-100,-100,-100,-100,-100,-100,-100,-100,-100,-100,-100,-100,-100,-100,-100,-100,-100,-100,-100,-100
75.9781,-66.98083439126255,-100.0,-100,-100,-100,-100,-100,-100,-75.14198069340061,-100,-100,-100.0,-100.0,-100,-78.30157234546357,-100.0,-100,-100,-100,-100,-100.0,-100,-100.0,-100.0,-100.0,-100,-100.0,-100,-100,-100,-100,-100,-100,-100,-100,-100,-78.00304065479118,-100.0,-100,-100,-100,-100,-100,-100,-100,-78.11385621091507,-100,-100,-100,-100,-100,-100,-100,-100,-100.0,-100,-100,-100.0,-100.0,-100.0,-76.99360796256244,-100,-100,-100,-100.0,-100,-100,-100,-100,-100,-100,-100,-100,-100,-100,-100,-100,-100,-100,-100,-100,-100,-100,-100,-100,-100,-100,-100,-100,-100,-100,-100,-100,-100,-100,-100,-100,-100,-100,-100,-100,-100,-100,-100,-100,-100,-100,-100,-100,-100,-100,-100,-100,-100,-100,-100,-100,-100,-100,-100,-100,-100,-100,-100,-100,-100,-100,-100,-100,-100,-100,-100,-100,-100,-100,-100,-100,-100,-100,-100,-100,-100,-100,-100,-100,-100,-100,-100,-100,-100,-100,-100,-100,-100,-100,-100,-100,-100,-100,-100,-100,-100,-100,-100,-100,-100,-100,-100,-100,-100,-100,-100,-100,-100,-100,-100,-100,-100,-100,-100,-100,-100,-100,-100,-100,-100,-100,-100,-100,-100,-100,-100,-100,-100,-100,-100,-100,-100,-100,-100,-100,-100,-100,-100,-100.0,-100,-100,-100,-100,-100,-100,-100,-100,-100,-100,-100,-100,-100,-100,-100,-100,-100,-100,-100,-100,-100,-100,-100,-100,-100,-100,-100,-100,-100,-100,-100,-100
77.9993,-69.8100032546226,-100.0,-100,-100,-100,-100,-100,-100,-75.38426449216368,-100,-100,-75.83062946138871,-100.0,-100,-79.62829405791564,-100.0,-100,-100,-100,-100,-100.0,-100,-100.0,-78.0,-100.0,-100,-100.0,-100,-100,-100,-100,-100,-100,-100,-100,-100,-100.0,-100.0,-100,-100,-100,-100,-100,-100,-100,-100.0,-100,-100,-100,-100,-100,-100,-100,-100,-100.0,-100,-100,-100.0,-100.0,-100.0,-78.67647419222665,-100,-100,-100,-100.0,-100,-100,-100,-100,-100,-100,-100,-100,-100,-100,-100,-100,-100,-100,-100,-100,-100,-100,-100,-100,-100,-100,-100,-100,-100,-100,-100,-100,-100,-100,-100,-100,-100,-100,-100,-100,-100,-100,-100,-100,-100,-100,-100,-100,-100,-100,-100,-100,-100,-100,-100,-100,-100,-100,-100,-100,-100,-100,-100,-100,-100,-100,-100,-100,-100,-100,-100,-100,-100,-100,-100,-100,-100,-100,-100,-100,-100,-100,-100,-100,-100,-100,-100,-100,-100,-100,-100,-100,-100,-100,-100,-100,-100,-100,-100,-100,-100,-100,-100,-100,-100,-100,-100,-100,-100,-100,-100,-100,-100,-100,-100,-100,-100,-100,-100,-100,-100,-100,-100,-100,-100,-100,-100,-100,-100,-100,-100,-100,-100,-100,-100,-100,-100,-100,-100,-100,-100,-100,-100,-100.0,-100,-100,-100,-100,-100,-100,-100,-100,-100,-100,-100,-100,-100,-100,-100,-100,-100,-100,-100,-100,-100,-100,-100,-100,-100,-100,-100,-100,-100,-100,-100,-100
80.1018,-70.99315650236572,-100.0,-100,-100,-100,-100,-100,-100,-74.42863045077378,-100,-100,-100.0,-100.0,-100,-100.0,-100.0,-100,-100,-100,-100,-100.0,-100,-100.0,-100.0,-100.0,-100,-100.0,-100,-100,-100,-100,-100,-100,-100,-100,-100,-79.41400605389359,-100.0,-100,-100,-100,-100,-100,-100,-100,-79.21120873998485,-100,-100,-100,-100,-100,-100,-100,-100,-100.0,-100,-100,-100.0,-100.0,-77.98587056783657,-79.61119175775183,-100,-100,-100,-100.0,-100,-100,-100,-100,-100,-100,-100,-100,-100,-100,-100,-100,-100,-100,-100,-100,-100,-100,-100,-100,-100,-100,-100,-100,-100,-100,-100,-100,-100,-100,-100,-100,-100,-100,-100,-100,-100,-100,-100,-100,-100,-100,-100,-100,-100,-100,-100,-100,-100,-100,-100,-100,-100,-100,-100,-100,-100,-100,-100,-100,-100,-100,-100,-100,-100,-100,-100,-100,-100,-100,-100,-100,-100,-100,-100,-100,-100,-100,-100,-100,-100,-100,-100,-100,-100,-100,-100,-100,-100,-100,-100,-100,-100,-100,-100,-100,-100,-100,-100,-100,-100,-100,-100,-100,-100,-100,-100,-100,-100,-100,-100,-100,-100,-100,-100,-100,-100,-100,-100,-100,-100,-100,-100,-100,-100,-100,-100,-100,-100,-100,-100,-100,-100,-100,-100,-100,-100,-100,-100,-100.0,-100,-100,-100,-100,-100,-100,-100,-100,-100,-100,-100,-100,-100,-100,-100,-100,-100,-100,-100,-100,-100,-100,-100,-100,-100,-100,-100,-100,-100,-100,-100,-100
82.149,-70.43033754752014,-100.0,-100,-100,-100,-100,-100,-100,-73.7428442367715,-100,-100,-76.94225582994025,-100.0,-100,-100.0,-100.0,-100,-100,-100,-100,-100.0,-100,-100.0,-100.0,-100.0,-100,-82.0,-100,-100,-100,-100,-100,-100,-100,-100,-100,-100.0,-100.0,-100,-100,-100,-100,-100,-100,-100,-100.0,-100,-100,-100,-100,-100,-100,-100,-100,-100.0,-100,-100,-100.0,-78.56639483299166,-78.83698746404849,-100.0,-100,-100,-100,-100.0,-100,-100,-100,-100,-100,-100,-100,-100,-100,-100,-100,-100,-100,-100,-100,-100,-100,-100,-100,-100,-100,-100,-100,-100,-100,-100,-100,-100,-100,-100,-100,-100,-100,-100,-100,-100,-100,-100,-100,-100,-100,-100,-100,-100,-100,-100,-100,-100,-100,-100,-100,-100,-100,-100,-100,-100,-100,-100,-100,-100,-100,-100,-100,-100,-100,-100,-100,-100,-100,-100,-100,-100,-100,-100,-100,-100,-100,-100,-100,-100,-100,-100,-100,-100,-100,-100,-100,-100,-100,-100,-100,-100,-100,-100,-100,-100,-100,-100,-100,-100,-100,-100,-100,-100,-100,-100,-100,-100,-100,-100,-100,-100,-100,-100,-100,-100,-100,-100,-100,-100,-100,-100,-100,-100,-100,-100,-100,-100,-100,-100,-100,-100,-100,-100,-100,-100,-100,-100,-100,-100.0,-100,-100,-100,-100,-100,-100,-100,-100,-100,-100,-100,-100,-100,-100,-100,-100,-100,-100,-100,-100,-100,-100,-100,-100,-100,-100,-100,-100,-100,-100,-100,-100
84.1595,-70.87357207522408,-100.0,-100,-100,-100,-100,-100,-100,-73.25070738223455,-100,-100,-100.0,-100.0,-100,-100.0,-100.0,-100,-100,-100,-100,-100.0,-100,-100.0,-76.8671875,-100.0,-100,-100.0,-100,-100,-100,-100,-100,-100,-100,-100,-100,-80.14421337640665,-100.0,-100,-100,-100,-100,-100,-100,-100,-100.0,-100,-100,-100,-100,-100,-100,-100,-100,-80.0,-100,-100,-100.0,-79.81833717821935,-100.0,-100.0,-100,-100,-100,-100.0,-100,-100,-100,-100,-100,-100,-100,-100,-100,-100,-100,-100,-100,-100,-100,-100,-100,-100,-100,-100,-100,-100,-100,-100,-100,-100,-100,-100,-100,-100,-100,-100,-100,-100,-100,-100,-100,-100,-100,-100,-100,-100,-100,-100,-100,-100,-100,-100,-100,-100,-100,-100,-100,-100,-100,-100,-100,-100,-100,-100,-100,-100,-100,-100,-100,-100,-100,-100,-100,-100,-100,-100,-100,-100,-100,-100,-100,-100,-100,-100,-100,-100,-100,-100,-100,-100,-100,-100,-100,-100,-100,-100,-100,-100,-100,-100,-100,-100,-100,-100,-100,-100,-100,-100,-100,-100,-100,-100,-100,-100,-100,-100,-100,-100,-100,-100,-100,-100,-100,-100,-100,-100,-100,-100,-100,-100,-100,-100,-100,-100,-100,-100,-100,-100,-100,-100,-100,-100,-100,-100.0,-100,-100,-100,-100,-100,-100,-100,-100,-100,-100,-100,-100,-100,-100,-100,-100,-100,-100,-100,-100,-100,-100,-100,-100,-100,-100,-100,-100,-100,-100,-100,-100
86.0286,-72.60352642525763,-100.0,-100,-100,-100,-100,-100,-100,-75.15654358341881,-100,-100,-76.95808740745795,-100.0,-100,-79.73325477932852,-100.0,-100,-100,-100,-100,-100.0,-100,-84.0,-100.0,-100.0,-100,-100.0,-100,-100,-100,-100,-100,-100,-100,-100,-100,-81.23298266043162,-100.0,-100,-100,-100,-100,-100,-100,-100,-100.0,-100,-100,-100,-100,-100,-100,-100,-100,-100.0,-100,-100,-100.0,-100.0,-100.0,-100.0,-100,-100,-100,-100.0,-100,-100,-100,-100,-100,-100,-100,-100,-100,-100,-100,-100,-100,-100,-100,-100,-100,-100,-100,-100,-100,-100,-100,-100,-100,-100,-100,-100,-100,-100,-100,-100,-100,-100,-100,-100,-100,-100,-100,-100,-100,-100,-100,-100,-100,-100,-100,-100,-100,-100,-100,-100,-100,-100,-100,-100,-100,-100,-100,-100,-100,-100,-100,-100,-100,-100,-100,-100,-100,-100,-100,-100,-100,-100,-100,-100,-100,-100,-100,-100,-100,-100,-100,-100,-100,-100,-100,-100,-100,-100,-100,-100,-100,-100,-100,-100,-100,-100,-100,-100,-100,-100,-100,-100,-100,-100,-100,-100,-100,-100,-100,-100,-100,-100,-100,-100,-100,-100,-100,-100,-100,-100,-100,-100,-100,-100,-100,-100,-100,-100,-100,-100,-100,-100,-100,-100,-100,-100,-100,-100.0,-100,-100,-100,-100,-100,-100,-100,-100,-100,-100,-100,-100,-100,-100,-100,-100,-100,-100,-100,-100,-100,-100,-100,-100,-100,-100,-100,-100,-100,-100,-100,-100
88.1286,-74.12735940755962,-100.0,-100,-100,-100,-100,-100,-100,-77.65372074514025,-100,-100,-100.0,-100.0,-100,-80.6557042226954,-100.0,-100,-100,-100,-100,-100.0,-100,-100.0,-77.40558079169371,-100.0,-100,-100.0,-100,-100,-100,-100,-100,-100,-100,-100,-100,-100.0,-100.0,-100,-100,-100,-100,-100,-100,-100,-100.0,-100,-100,-100,-100,-100,-100,-100,-100,-100.0,-100,-100,-100.0,-81.28151282452133,-100.0,-80.84792182604986,-100,-100,-100,-100.0,-100,-100,-100,-100,-100,-100,-100,-100,-100,-100,-100,-100,-100,-100,-100,-100,-100,-100,-100,-100,-100,-100,-100,-100,-100,-100,-100,-100,-100,-100,-100,-100,-100,-100,-100,-100,-100,-100,-100,-100,-100,-100,-100,-100,-100,-100,-100,-100,-100,-100,-100,-100,-100,-100,-100,-100,-100,-100,-100,-100,-100,-100,-100,-100,-100,-100,-100,-100,-100,-100,-100,-100,-100,-100,-100,-100,-100,-100,-100,-100,-100,-100,-100,-100,-100,-100,-100,-100,-100,-100,-100,-100,-100,-100,-100,-100,-100,-100,-100,-100,-100,-100,-100,-100,-100,-100,-100,-100,-100,-100,-100,-100,-100,-100,-100,-100,-100,-100,-100,-100,-100,-100,-100,-100,-100,-100,-100,-100,-100,-100,-100,-100,-100,-100,-100,-100,-100,-100,-100,-100.0,-100,-100,-100,-100,-100,-100,-100,-100,-100,-100,-100,-100,-100,-100,-100,-100,-100,-100,-100,-100,-100,-100,-100,-100,-100,-100,-100,-100,-100,-100,-100,-100
90.1466,-74.09139620619158,-100.0,-100,-100,-100,-100,-100,-100,-78.88100437527493,-100,-100,-79.19473292284096,-100.0,-100,-81.03530067598717,-100.0,-100,-100,-100,-100,-100.0,-100,-100.0,-78.36391518164032,-100.0,-100,-100.0,-100,-100,-100,-100,-100,-100,-100,-100,-100,-100.0,-100.0,-100,-100,-100,-100,-100,-100,-100,-100.0,-100,-100,-100,-100,-100,-100,-100,-100,-100.0,-100,-100,-100.0,-82.61389892532104,-100.0,-100.0,-100,-100,-100,-100.0,-100,-100,-100,-100,-100,-100,-100,-100,-100,-100,-100,-100,-100,-100,-100,-100,-100,-100,-100,-100,-100,-100,-100,-100,-100,-100,-100,-100,-100,-100,-100,-100,-100,-100,-100,-100,-100,-100,-100,-100,-100,-100,-100,-100,-100,-100,-100,-100,-100,-100,-100,-100,-100,-100,-100,-100,-100,-100,-100,-100,-100,-100,-100,-100,-100,-100,-100,-100,-100,-100,-100,-100,-100,-100,-100,-100,-100,-100,-100,-100,-100,-100,-100,-100,-100,-100,-100,-100,-100,-100,-100,-100,-100,-100,-100,-100,-100,-100,-100,-100,-100,-100,-100,-100,-100,-100,-100,-100,-100,-100,-100,-100,-100,-100,-100,-100,-100,-100,-100,-100,-100,-100,-100,-100,-100,-100,-100,-100,-100,-100,-100,-100,-100,-100,-100,-100,-100,-100,-100,-100.0,-100,-100,-100,-100,-100,-100,-100,-100,-100,-100,-100,-100,-100,-100,-100,-100,-100,-100,-100,-100,-100,-100,-100,-100,-100,-100,-100,-100,-100,-100,-100,-100
94.0262,-75.75984231561073,-100.0,-100,-100,-100,-100,-100,-100,-80.3264843282681,-100,-100,-80.2608896803569,-100.0,-100,-81.87245970843195,-100.0,-100,-100,-100,-100,-100.0,-100,-83.546875,-78.53830899662243,-100.0,-100,-100.0,-100,-100,-100,-100,-100,-100,-100,-100,-100,-100.0,-100.0,-100,-100,-100,-100,-100,-100,-100,-100.0,-100,-100,-100,-100,-100,-100,-100,-100,-100.0,-100,-100,-100.0,-100.0,-100.0,-100.0,-100,-100,-100,-100.0,-100,-100,-100,-100,-100,-100,-100,-100,-100,-100,-100,-100,-100,-100,-100,-100,-100,-100,-100,-100,-100,-100,-100,-100,-100,-100,-100,-100,-100,-100,-100,-100,-100,-100,-100,-100,-100,-100,-100,-100,-100,-100,-100,-100,-100,-100,-100,-100,-100,-100,-100,-100,-100,-100,-100,-100,-100,-100,-100,-100,-100,-100,-100,-100,-100,-100,-100,-100,-100,-100,-100,-100,-100,-100,-100,-100,-100,-100,-100,-100,-100,-100,-100,-100,-100,-100,-100,-100,-100,-100,-100,-100,-100,-100,-100,-100,-100,-100,-100,-100,-100,-100,-100,-100,-100,-100,-100,-100,-100,-100,-100,-100,-100,-100,-100,-100,-100,-100,-100,-100,-100,-100,-100,-100,-100,-100,-100,-100,-100,-100,-100,-100,-100,-100,-100,-100,-100,-100,-100,-100.0,-100,-100,-100,-100,-100,-100,-100,-100,-100,-100,-100,-100,-100,-100,-100,-100,-100,-100,-100,-100,-100,-100,-100,-100,-100,-100,-100,-100,-100,-100,-100,-100
95.9669,-75.26290561666522,-100.0,-100,-100,-100,-100,-100,-100,-80.23429308879905,-100,-100,-81.31248738031532,-100.0,-100,-81.90847398698172,-100.0,-100,-100,-100,-100,-100.0,-100,-100.0,-80.05733404800647,-100.0,-100,-100.0,-100,-100,-100,-100,-100,-100,-100,-100,-100,-82.5790654023536,-100.0,-100,-100,-100,-100,-100,-100,-100,-100.0,-100,-100,-100,-100,-100,-100,-100,-100,-100.0,-100,-100,-100.0,-100.0,-100.0,-100.0,-100,-100,-100,-100.0,-100,-100,-100,-100,-100,-100,-100,-100,-100,-100,-100,-100,-100,-100,-100,-100,-100,-100,-100,-100,-100,-100,-100,-100,-100,-100,-100,-100,-100,-100,-100,-100,-100,-100,-100,-100,-100,-100,-100,-100,-100,-100,-100,-100,-100,-100,-100,-100,-100,-100,-100,-100,-100,-100,-100,-100,-100,-100,-100,-100,-100,-100,-100,-100,-100,-100,-100,-100,-100,-100,-100,-100,-100,-100,-100,-100,-100,-100,-100,-100,-100,-100,-100,-100,-100,-100,-100,-100,-100,-100,-100,-100,-100,-100,-100,-100,-100,-100,-100,-100,-100,-100,-100,-100,-100,-100,-100,-100,-100,-100,-100,-100,-100,-100,-100,-100,-100,-100,-100,-100,-100,-100,-100,-100,-100,-100,-100,-100,-100,-100,-100,-100,-100,-100,-100,-100,-100,-100,-100,-100.0,-100,-100,-100,-100,-100,-100,-100,-100,-100,-100,-100,-100,-100,-100,-100,-100,-100,-100,-100,-100,-100,-100,-100,-100,-100,-100,-100,-100,-100,-100,-100,-100
98.0072,-77.73004872529256,-100.0,-100,-100,-100,-100,-100,-100,-80.16813441475168,-100,-100,-81.22443100649625,-100.0,-100,-80.80481592515365,-100.0,-100,-100,-100,-100,-100.0,-100,-100.0,-80.88180789602143,-100.0,-100,-100.0,-100,-100,-100,-100,-100,-100,-100,-100,-100,-82.69792677962366,-100.0,-100,-100,-100,-100,-100,-100,-100,-100.0,-100,-100,-100,-100,-100,-100,-100,-100,-100.0,-100,-100,-100.0,-100.0,-100.0,-100.0,-100,-100,-100,-100.0,-100,-100,-100,-100,-100,-100,-100,-100,-100,-100,-100,-100,-100,-100,-100,-100,-100,-100,-100,-100,-100,-100,-100,-100,-100,-100,-100,-100,-100,-100,-100,-100,-100,-100,-100,-100,-100,-100,-100,-100,-100,-100,-100,-100,-100,-100,-100,-100,-100,-100,-100,-100,-100,-100,-100,-100,-100,-100,-100,-100,-100,-100,-100,-100,-100,-100,-100,-100,-100,-100,-100,-100,-100,-100,-100,-100,-100,-100,-100,-100,-100,-100,-100,-100,-100,-100,-100,-100,-100,-100,-100,-100,-100,-100,-100,-100,-100,-100,-100,-100,-100,-100,-100,-100,-100,-100,-100,-100,-100,-100,-100,-100,-100,-100,-100,-100,-100,-100,-100,-100,-100,-100,-100,-100,-100,-100,-100,-100,-100,-100,-100,-100,-100,-100,-100,-100,-100,-100,-100,-100.0,-100,-100,-100,-100,-100,-100,-100,-100,-100,-100,-100,-100,-100,-100,-100,-100,-100,-100,-100,-100,-100,-100,-100,-100,-100,-100,-100,-100,-100,-100,-100,-100
100.0076,-75.54727083538722,-100.0,-100,-100,-100,-100,-100,-100,-100.0,-100,-100,-81.1611246617425,-100.0,-100,-79.44805268418322,-100.0,-100,-100,-100,-100,-100.0,-100,-100.0,-100.0,-100.0,-100,-100.0,-100,-100,-100,-100,-100,-100,-100,-100,-100,-82.21847419373188,-100.0,-100,-100,-100,-100,-100,-100,-100,-100.0,-100,-100,-100,-100,-100,-100,-100,-100,-100.0,-100,-100,-100.0,-100.0,-79.73014533052455,-80.89081925568719,-100,-100,-100,-100.0,-100,-100,-100,-100,-100,-100,-100,-100,-100,-100,-100,-100,-100,-100,-100,-100,-100,-100,-100,-100,-100,-100,-100,-100,-100,-100,-100,-100,-100,-100,-100,-100,-100,-100,-100,-100,-100,-100,-100,-100,-100,-100,-100,-100,-100,-100,-100,-100,-100,-100,-100,-100,-100,-100,-100,-100,-100,-100,-100,-100,-100,-100,-100,-100,-100,-100,-100,-100,-100,-100,-100,-100,-100,-100,-100,-100,-100,-100,-100,-100,-100,-100,-100,-100,-100,-100,-100,-100,-100,-100,-100,-100,-100,-100,-100,-100,-100,-100,-100,-100,-100,-100,-100,-100,-100,-100,-100,-100,-100,-100,-100,-100,-100,-100,-100,-100,-100,-100,-100,-100,-100,-100,-100,-100,-100,-100,-100,-100,-100,-100,-100,-100,-100,-100,-100,-100,-100,-100,-100,-100.0,-100,-100,-100,-100,-100,-100,-100,-100,-100,-100,-100,-100,-100,-100,-100,-100,-100,-100,-100,-100,-100,-100,-100,-100,-100,-100,-100,-100,-100,-100,-100,-100
102.1112,-100.0,-100.0,-100,-100,-100,-100,-100,-100,-80.40303303847054,-100,-100,-100.0,-100.0,-100,-80.7334119759014,-100.0,-100,-100,-100,-100,-100.0,-100,-83.1563919532771,-100.0,-100.0,-100,-100.0,-100,-100,-100,-100,-100,-100,-100,-100,-100,-81.30965595730868,-100.0,-100,-100,-100,-100,-100,-100,-100,-100.0,-100,-100,-100,-100,-100,-100,-100,-100,-100.0,-100,-100,-100.0,-81.59342170056642,-79.24159433847868,-100.0,-100,-100,-100,-100.0,-100,-100,-100,-100,-100,-100,-100,-100,-100,-100,-100,-100,-100,-100,-100,-100,-100,-100,-100,-100,-100,-100,-100,-100,-100,-100,-100,-100,-100,-100,-100,-100,-100,-100,-100,-100,-100,-100,-100,-100,-100,-100,-100,-100,-100,-100,-100,-100,-100,-100,-100,-100,-100,-100,-100,-100,-100,-100,-100,-100,-100,-100,-100,-100,-100,-100,-100,-100,-100,-100,-100,-100,-100,-100,-100,-100,-100,-100,-100,-100,-100,-100,-100,-100,-100,-100,-100,-100,-100,-100,-100,-100,-100,-100,-100,-100,-100,-100,-100,-100,-100,-100,-100,-100,-100,-100,-100,-100,-100,-100,-100,-100,-100,-100,-100,-100,-100,-100,-100,-100,-100,-100,-100,-100,-100,-100,-100,-100,-100,-100,-100,-100,-100,-100,-100,-100,-100,-100,-100,-100.0,-100,-100,-100,-100,-100,-100,-100,-100,-100,-100,-100,-100,-100,-100,-100,-100,-100,-100,-100,-100,-100,-100,-100,-100,-100,-100,-100,-100,-100,-100,-100,-100
103.9967,-74.54560776389135,-100.0,-100,-100,-100,-100,-100,-100,-100.0,-100,-100,-100.0,-83.0,-100,-100.0,-84.0,-100,-100,-100,-100,-83.0,-100,-100.0,-80.07132029439661,-100.0,-100,-100.0,-100,-100,-100,-100,-100,-100,-100,-100,-100,-100.0,-100.0,-100,-100,-100,-100,-100,-100,-100,-100.0,-100,-100,-100,-100,-100,-100,-100,-100,-100.0,-100,-100,-100.0,-100.0,-100.0,-81.48607379923709,-100,-100,-100,-100.0,-100,-100,-100,-100,-100,-100,-100,-100,-100,-100,-100,-100,-100,-100,-100,-100,-100,-100,-100,-100,-100,-100,-100,-100,-100,-100,-100,-100,-100,-100,-100,-100,-100,-100,-100,-100,-100,-100,-100,-100,-100,-100,-100,-100,-100,-100,-100,-100,-100,-100,-100,-100,-100,-100,-100,-100,-100,-100,-100,-100,-100,-100,-100,-100,-100,-100,-100,-100,-100,-100,-100,-100,-100,-100,-100,-100,-100,-100,-100,-100,-100,-100,-100,-100,-100,-100,-100,-100,-100,-100,-100,-100,-100,-100,-100,-100,-100,-100,-100,-100,-100,-100,-100,-100,-100,-100,-100,-100,-100,-100,-100,-100,-100,-100,-100,-100,-100,-100,-100,-100,-100,-100,-100,-100,-100,-100,-100,-100,-100,-100,-100,-100,-100,-100,-100,-100,-100,-100,-100,-100.0,-100,-100,-100,-100,-100,-100,-100,-100,-100,-100,-100,-100,-100,-100,-100,-100,-100,-100,-100,-100,-100,-100,-100,-100,-100,-100,-100,-100,-100,-100,-100,-100
106.1357,-75.2386684801329,-85.0,-100,-100,-100,-100,-100,-100,-80.85397769592504,-100,-100,-81.68009341445423,-100.0,-100,-100.0,-100.0,-100,-100,-100,-100,-100.0,-100,-84.18116440167098,-100.0,-100.0,-100,-100.0,-100,-100,-100,-100,-100,-100,-100,-100,-100,-100.0,-100.0,-100,-100,-100,-100,-100,-100,-100,-100.0,-100,-100,-100,-100,-100,-100,-100,-100,-100.0,-100,-100,-100.0,-100.0,-100.0,-100.0,-100,-100,-100,-100.0,-100,-100,-100,-100,-100,-100,-100,-100,-100,-100,-100,-100,-100,-100,-100,-100,-100,-100,-100,-100,-100,-100,-100,-100,-100,-100,-100,-100,-100,-100,-100,-100,-100,-100,-100,-100,-100,-100,-100,-100,-100,-100,-100,-100,-100,-100,-100,-100,-100,-100,-100,-100,-100,-100,-100,-100,-100,-100,-100,-100,-100,-100,-100,-100,-100,-100,-100,-100,-100,-100,-100,-100,-100,-100,-100,-100,-100,-100,-100,-100,-100,-100,-100,-100,-100,-100,-100,-100,-100,-100,-100,-100,-100,-100,-100,-100,-100,-100,-100,-100,-100,-100,-100,-100,-100,-100,-100,-100,-100,-100,-100,-100,-100,-100,-100,-100,-100,-100,-100,-100,-100,-100,-100,-100,-100,-100,-100,-100,-100,-100,-100,-100,-100,-100,-100,-100,-100,-100,-100,-75.02754907405544,-100,-100,-100,-100,-100,-100,-100,-100,-100,-100,-100,-100,-100,-100,-100,-100,-100,-100,-100,-100,-100,-100,-100,-100,-100,-100,-100,-100,-100,-100,-100,-100
108.0479,-74.60652290965628,-100.0,-100,-100,-100,-100,-100,-100,-81.45996223794353,-100,-100,-82.05269761285228,-100.0,-100,-100.0,-100.0,-100,-100,-100,-100,-100.0,-100,-83.85732745385691,-80.33301459780266,-100.0,-100,-100.0,-100,-100,-100,-100,-100,-100,-100,-100,-100,-100.0,-100.0,-100,-100,-100,-100,-100,-100,-100,-100.0,-100,-100,-100,-100,-100,-100,-100,-100,-100.0,-100,-100,-100.0,-100.0,-81.714755233955,-100.0,-100,-100,-100,-100.0,-100,-100,-100,-100,-100,-100,-100,-100,-100,-100,-100,-100,-100,-100,-100,-100,-100,-100,-100,-100,-100,-100,-100,-100,-100,-100,-100,-100,-100,-100,-100,-100,-100,-100,-100,-100,-100,-100,-100,-100,-100,-100,-100,-100,-100,-100,-100,-100,-100,-100,-100,-100,-100,-100,-100,-100,-100,-100,-100,-100,-100,-100,-100,-100,-100,-100,-100,-100,-100,-100,-100,-100,-100,-100,-100,-100,-100,-100,-100,-100,-100,-100,-100,-100,-100,-100,-100,-100,-100,-100,-100,-100,-100,-100,-100,-100,-100,-100,-100,-100,-100,-100,-100,-100,-100,-100,-100,-100,-100,-100,-100,-100,-100,-100,-100,-100,-100,-100,-100,-100,-100,-100,-100,-100,-100,-100,-100,-100,-100,-100,-100,-100,-100,-100,-100,-100,-100,-100,-100,-100.0,-100,-100,-100,-100,-100,-100,-100,-100,-100,-100,-100,-100,-100,-100,-100,-100,-100,-100,-100,-100,-100,-100,-100,-100,-100,-100,-100,-100,-100,-100,-100,-100
109.9767,-75.56475836533542,-100.0,-100,-100,-100,-100,-100,-100,-82.1772071691947,-100,-100,-82.03781925379943,-100.0,-100,-100.0,-100.0,-100,-100,-100,-100,-100.0,-100,-100.0,-100.0,-100.0,-100,-100.0,-100,-100,-100,-100,-100,-100,-100,-100,-100,-83.76359699584773,-100.0,-100,-100,-100,-100,-100,-100,-100,-100.0,-100,-100,-100,-100,-100,-100,-100,-100,-100.0,-100,-100,-100.0,-100.0,-84.0543069922751,-83.32492836443025,-100,-100,-100,-100.0,-100,-100,-100,-100,-100,-100,-100,-100,-100,-100,-100,-100,-100,-100,-100,-100,-100,-100,-100,-100,-100,-100,-100,-100,-100,-100,-100,-100,-100,-100,-100,-100,-100,-100,-100,-100,-100,-100,-100,-100,-100,-100,-100,-100,-100,-100,-100,-100,-100,-100,-100,-100,-100,-100,-100,-100,-100,-100,-100,-100,-100,-100,-100,-100,-100,-100,-100,-100,-100,-100,-100,-100,-100,-100,-100,-100,-100,-100,-100,-100,-100,-100,-100,-100,-100,-100,-100,-100,-100,-100,-100,-100,-100,-100,-100,-100,-100,-100,-100,-100,-100,-100,-100,-100,-100,-100,-100,-100,-100,-100,-100,-100,-100,-100,-100,-100,-100,-100,-100,-100,-100,-100,-100,-100,-100,-100,-100,-100,-100,-100,-100,-100,-100,-100,-100,-100,-100,-100,-100,-100.0,-100,-100,-100,-100,-100,-100,-100,-100,-100,-100,-100,-100,-100,-100,-100,-100,-100,-100,-100,-100,-100,-100,-100,-100,-100,-100,-100,-100,-100,-100,-100,-100
111.9984,-77.38191420167365,-100.0,-100,-100,-100,-100,-100,-100,-100.0,-100,-100,-80.89772270508912,-100.0,-100,-82.50294413132326,-100.0,-100,-100,-100,-100,-100.0,-100,-100.0,-100.0,-100.0,-100,-100.0,-100,-100,-100,-100,-100,-100,-100,-100,-100,-100.0,-100.0,-100,-100,-100,-100,-100,-100,-100,-100.0,-100,-100,-100,-100,-100,-100,-100,-100,-100.0,-100,-100,-100.0,-83.96723509989927,-85.7332261942633,-100.0,-100,-100,-100,-100.0,-100,-100,-100,-100,-100,-100,-100,-100,-100,-100,-100,-100,-100,-100,-100,-100,-100,-100,-100,-100,-100,-100,-100,-100,-100,-100,-100,-100,-100,-100,-100,-100,-100,-100,-100,-100,-100,-100,-100,-100,-100,-100,-100,-100,-100,-100,-100,-100,-100,-100,-100,-100,-100,-100,-100,-100,-100,-100,-100,-100,-100,-100,-100,-100,-100,-100,-100,-100,-100,-100,-100,-100,-100,-100,-100,-100,-100,-100,-100,-100,-100,-100,-100,-100,-100,-100,-100,-100,-100,-100,-100,-100,-100,-100,-100,-100,-100,-100,-100,-100,-100,-100,-100,-100,-100,-100,-100,-100,-100,-100,-100,-100,-100,-100,-100,-100,-100,-100,-100,-100,-100,-100,-100,-100,-100,-100,-100,-100,-100,-100,-100,-100,-100,-100,-100,-100,-100,-100,-100,-78.40802480174656,-100,-100,-100,-100,-100,-100,-100,-100,-100,-100,-100,-100,-100,-100,-100,-100,-100,-100,-100,-100,-100,-100,-100,-100,-100,-100,-100,-100,-100,-100,-100,-100
113.9841,-76.70931952085965,-100.0,-100,-100,-100,-100,-100,-100,-83.82142234820046,-100,-100,-79.51477823949027,-100.0,-100,-83.49042771657261,-100.0,-100,-100,-100,-100,-100.0,-100,-100.0,-81.3673789920217,-100.0,-100,-100.0,-100,-100,-100,-100,-100,-100,-100,-100,-100,-100.0,-100.0,-100,-100,-100,-100,-100,-100,-100,-100.0,-100,-100,-100,-100,-100,-100,-100,-100,-100.0,-100,-100,-100.0,-100.0,-100.0,-100.0,-100,-100,-100,-100.0,-100,-100,-100,-100,-100,-100,-100,-100,-100,-100,-100,-100,-100,-100,-100,-100,-100,-100,-100,-100,-100,-100,-100,-100,-100,-100,-100,-100,-100,-100,-100,-100,-100,-100,-100,-100,-100,-100,-100,-100,-100,-100,-100,-100,-100,-100,-100,-100,-100,-100,-100,-100,-100,-100,-100,-100,-100,-100,-100,-100,-100,-100,-100,-100,-100,-100,-100,-100,-100,-100,-100,-100,-100,-100,-100,-100,-100,-100,-100,-100,-100,-100,-100,-100,-100,-100,-100,-100,-100,-100,-100,-100,-100,-100,-100,-100,-100,-100,-100,-100,-100,-100,-100,-100,-100,-100,-100,-100,-100,-100,-100,-100,-100,-100,-100,-100,-100,-100,-100,-100,-100,-100,-100,-100,-100,-100,-100,-100,-100,-100,-100,-100,-100,-100,-100,-100,-100,-100,-100,-81.1164609083482,-100,-100,-100,-100,-100,-100,-100,-100,-100,-100,-100,-100,-100,-100,-100,-100,-100,-100,-100,-100,-100,-100,-100,-100,-100,-100,-100,-100,-100,-100,-100,-100
115.9587,-79.33278188865674,-100.0,-100,-100,-100,-100,-100,-100,-84.15422403306786,-100,-100,-79.36942026581359,-100.0,-100,-84.1990699370639,-100.0,-100,-100,-100,-100,-100.0,-100,-100.0,-100.0,-100.0,-100,-100.0,-100,-100,-100,-100,-100,-100,-100,-100,-100,-84.39510273035295,-100.0,-100,-100,-100,-100,-100,-100,-100,-100.0,-100,-100,-100,-100,-100,-100,-100,-100,-100.0,-100,-100,-100.0,-100.0,-100.0,-84.64486280978757,-100,-100,-100,-100.0,-100,-100,-100,-100,-100,-100,-100,-100,-100,-100,-100,-100,-100,-100,-100,-100,-100,-100,-100,-100,-100,-100,-100,-100,-100,-100,-100,-100,-100,-100,-100,-100,-100,-100,-100,-100,-100,-100,-100,-100,-100,-100,-100,-100,-100,-100,-100,-100,-100,-100,-100,-100,-100,-100,-100,-100,-100,-100,-100,-100,-100,-100,-100,-100,-100,-100,-100,-100,-100,-100,-100,-100,-100,-100,-100,-100,-100,-100,-100,-100,-100,-100,-100,-100,-100,-100,-100,-100,-100,-100,-100,-100,-100,-100,-100,-100,-100,-100,-100,-100,-100,-100,-100,-100,-100,-100,-100,-100,-100,-100,-100,-100,-100,-100,-100,-100,-100,-100,-100,-100,-100,-100,-100,-100,-100,-100,-100,-100,-100,-100,-100,-100,-100,-100,-100,-100,-100,-100,-100,-100.0,-100,-100,-100,-100,-100,-100,-100,-100,-100,-100,-100,-100,-100,-100,-100,-100,-100,-100,-100,-100,-100,-100,-100,-100,-100,-100,-100,-100,-100,-100,-100,-100
117.9793,-77.82693389055021,-100.0,-100,-100,-100,-100,-100,-100,-84.39305061049838,-100,-100,-79.2651060291665,-100.0,-100,-100.0,-100.0,-100,-100,-100,-100,-100.0,-100,-100.0,-82.95702144259606,-100.0,-100,-100.0,-100,-100,-100,-100,-100,-100,-100,-100,-100,-85.13066233786142,-100.0,-100,-100,-100,-100,-100,-100,-100,-81.410574064479,-100,-100,-100,-100,-100,-100,-100,-100,-100.0,-100,-100,-100.0,-100.0,-100.0,-100.0,-100,-100,-100,-100.0,-100,-100,-100,-100,-100,-100,-100,-100,-100,-100,-100,-100,-100,-100,-100,-100,-100,-100,-100,-100,-100,-100,-100,-100,-100,-100,-100,-100,-100,-100,-100,-100,-100,-100,-100,-100,-100,-100,-100,-100,-100,-100,-100,-100,-100,-100,-100,-100,-100,-100,-100,-100,-100,-100,-100,-100,-100,-100,-100,-100,-100,-100,-100,-100,-100,-100,-100,-100,-100,-100,-100,-100,-100,-100,-100,-100,-100,-100,-100,-100,-100,-100,-100,-100,-100,-100,-100,-100,-100,-100,-100,-100,-100,-100,-100,-100,-100,-100,-100,-100,-100,-100,-100,-100,-100,-100,-100,-100,-100,-100,-100,-100,-100,-100,-100,-100,-100,-100,-100,-100,-100,-100,-100,-100,-100,-100,-100,-100,-100,-100,-100,-100,-100,-100,-100,-100,-100,-100,-100,-100.0,-100,-100,-100,-100,-100,-100,-100,-100,-100,-100,-100,-100,-100,-100,-100,-100,-100,-100,-100,-100,-100,-100,-100,-100,-100,-100,-100,-100,-100,-100,-100,-100
119.9872,-78.15817924980988,-100.0,-100,-100,-100,-100,-100,-100,-83.15255988623478,-100,-100,-79.47262113154937,-100.0,-100,-83.57810603276297,-100.0,-100,-100,-100,-100,-100.0,-100,-100.0,-81.83997057035364,-100.0,-100,-100.0,-100,-100,-100,-100,-100,-100,-100,-100,-100,-100.0,-100.0,-100,-100,-100,-100,-100,-100,-100,-100.0,-100,-100,-100,-100,-100,-100,-100,-100,-100.0,-100,-100,-100.0,-100.0,-100.0,-85.30984645901206,-100,-100,-100,-100.0,-100,-100,-100,-100,-100,-100,-100,-100,-100,-100,-100,-100,-100,-100,-100,-100,-100,-100,-100,-100,-100,-100,-100,-100,-100,-100,-100,-100,-100,-100,-100,-100,-100,-100,-100,-100,-100,-100,-100,-100,-100,-100,-100,-100,-100,-100,-100,-100,-100,-100,-100,-100,-100,-100,-100,-100,-100,-100,-100,-100,-100,-100,-100,-100,-100,-100,-100,-100,-100,-100,-100,-100,-100,-100,-100,-100,-100,-100,-100,-100,-100,-100,-100,-100,-100,-100,-100,-100,-100,-100,-100,-100,-100,-100,-100,-100,-100,-100,-100,-100,-100,-100,-100,-100,-100,-100,-100,-100,-100,-100,-100,-100,-100,-100,-100,-100,-100,-100,-100,-100,-100,-100,-100,-100,-100,-100,-100,-100,-100,-100,-100,-100,-100,-100,-100,-100,-100,-100,-100,-100.0,-100,-100,-100,-100,-100,-100,-100,-100,-100,-100,-100,-100,-100,-100,-100,-100,-100,-100,-100,-100,-100,-100,-100,-100,-100,-100,-100,-100,-100,-100,-100,-100
121.9929,-78.67826466628722,-100.0,-100,-100,-100,-100,-100,-100,-83.39185637828575,-100,-100,-79.62153970226714,-100.0,-100,-83.4148629393274,-100.0,-100,-100,-100,-100,-100.0,-100,-100.0,-80.75581404397981,-100.0,-100,-100.0,-100,-100,-100,-100,-100,-100,-100,-100,-100,-85.65851783476772,-100.0,-100,-100,-100,-100,-100,-100,-100,-100.0,-100,-100,-100,-100,-100,-100,-100,-100,-100.0,-100,-100,-100.0,-100.0,-100.0,-100.0,-100,-100,-100,-100.0,-100,-100,-100,-100,-100,-100,-100,-100,-100,-100,-100,-100,-100,-100,-100,-100,-100,-100,-100,-100,-100,-100,-100,-100,-100,-100,-100,-100,-100,-100,-100,-100,-100,-100,-100,-100,-100,-100,-100,-100,-100,-100,-100,-100,-100,-100,-100,-100,-100,-100,-100,-100,-100,-100,-100,-100,-100,-100,-100,-100,-100,-100,-100,-100,-100,-100,-100,-100,-100,-100,-100,-100,-100,-100,-100,-100,-100,-100,-100,-100,-100,-100,-100,-100,-100,-100,-100,-100,-100,-100,-100,-100,-100,-100,-100,-100,-100,-100,-100,-100,-100,-100,-100,-100,-100,-100,-100,-100,-100,-100,-100,-100,-100,-100,-100,-100,-100,-100,-100,-100,-100,-100,-100,-100,-100,-100,-100,-100,-100,-100,-100,-100,-100,-100,-100,-100,-100,-100,-100,-100.0,-100,-100,-100,-100,-100,-100,-100,-100,-100,-100,-100,-100,-100,-100,-100,-100,-100,-100,-100,-100,-100,-100,-100,-100,-100,-100,-100,-100,-100,-100,-100,-100
124.0434,-78.20436351285788,-100.0,-100,-100,-100,-100,-100,-100,-82.71645426842989,-100,-100,-79.44603224160241,-100.0,-100,-83.86246712029052,-100.0,-100,-100,-100,-100,-100.0,-100,-100.0,-79.9776974709132,-100.0,-100,-100.0,-100,-100,-100,-100,-100,-100,-100,-100,-100,-85.75494409637501,-100.0,-100,-100,-100,-100,-100,-100,-100,-100.0,-100,-100,-100,-100,-100,-100,-100,-100,-100.0,-100,-100,-100.0,-100.0,-100.0,-100.0,-100,-100,-100,-100.0,-100,-100,-100,-100,-100,-100,-100,-100,-100,-100,-100,-100,-100,-100,-100,-100,-100,-100,-100,-100,-100,-100,-100,-100,-100,-100,-100,-100,-100,-100,-100,-100,-100,-100,-100,-100,-100,-100,-100,-100,-100,-100,-100,-100,-100,-100,-100,-100,-100,-100,-100,-100,-100,-100,-100,-100,-100,-100,-100,-100,-100,-100,-100,-100,-100,-100,-100,-100,-100,-100,-100,-100,-100,-100,-100,-100,-100,-100,-100,-100,-100,-100,-100,-100,-100,-100,-100,-100,-100,-100,-100,-100,-100,-100,-100,-100,-100,-100,-100,-100,-100,-100,-100,-100,-100,-100,-100,-100,-100,-100,-100,-100,-100,-100,-100,-100,-100,-100,-100,-100,-100,-100,-100,-100,-100,-100,-100,-100,-100,-100,-100,-100,-100,-100,-100,-100,-100,-100,-100,-100.0,-100,-100,-100,-100,-100,-100,-100,-100,-100,-100,-100,-100,-100,-100,-100,-100,-100,-100,-100,-100,-100,-100,-100,-100,-100,-100,-100,-100,-100,-100,-100,-100
125.976,-78.7114076159069,-100.0,-100,-100,-100,-100,-100,-100,-82.79652069176603,-100,-100,-79.88483465312893,-100.0,-100,-83.61892736681183,-100.0,-100,-100,-100,-100,-100.0,-100,-100.0,-80.54872450914489,-100.0,-100,-100.0,-100,-100,-100,-100,-100,-100,-100,-100,-100,-100.0,-100.0,-100,-100,-100,-100,-100,-100,-100,-82.14176501053429,-100,-100,-100,-100,-100,-100,-100,-100,-100.0,-100,-100,-100.0,-100.0,-100.0,-100.0,-100,-100,-100,-100.0,-100,-100,-100,-100,-100,-100,-100,-100,-100,-100,-100,-100,-100,-100,-100,-100,-100,-100,-100,-100,-100,-100,-100,-100,-100,-100,-100,-100,-100,-100,-100,-100,-100,-100,-100,-100,-100,-100,-100,-100,-100,-100,-100,-100,-100,-100,-100,-100,-100,-100,-100,-100,-100,-100,-100,-100,-100,-100,-100,-100,-100,-100,-100,-100,-100,-100,-100,-100,-100,-100,-100,-100,-100,-100,-100,-100,-100,-100,-100,-100,-100,-100,-100,-100,-100,-100,-100,-100,-100,-100,-100,-100,-100,-100,-100,-100,-100,-100,-100,-100,-100,-100,-100,-100,-100,-100,-100,-100,-100,-100,-100,-100,-100,-100,-100,-100,-100,-100,-100,-100,-100,-100,-100,-100,-100,-100,-100,-100,-100,-100,-100,-100,-100,-100,-100,-100,-100,-100,-100,-100.0,-100,-100,-100,-100,-100,-100,-100,-100,-100,-100,-100,-100,-100,-100,-100,-100,-100,-100,-100,-100,-100,-100,-100,-100,-100,-100,-100,-100,-100,-100,-100,-100
127.9658,-76.81626921836857,-100.0,-100,-100,-100,-100,-100,-100,-81.72447551856547,-100,-100,-81.04685690166737,-100.0,-100,-82.87940592850143,-100.0,-100,-100,-100,-100,-100.0,-100,-100.0,-80.6761512064847,-100.0,-100,-100.0,-100,-100,-100,-100,-100,-100,-100,-100,-100,-100.0,-100.0,-100,-100,-100,-100,-100,-100,-100,-100.0,-100,-100,-100,-100,-100,-100,-100,-100,-100.0,-100,-100,-100.0,-85.38836559200551,-100.0,-100.0,-100,-100,-100,-100.0,-100,-100,-100,-100,-100,-100,-100,-100,-100,-100,-100,-100,-100,-100,-100,-100,-100,-100,-100,-100,-100,-100,-100,-100,-100,-100,-100,-100,-100,-100,-100,-100,-100,-100,-100,-100,-100,-100,-100,-100,-100,-100,-100,-100,-100,-100,-100,-100,-100,-100,-100,-100,-100,-100,-100,-100,-100,-100,-100,-100,-100,-100,-100,-100,-100,-100,-100,-100,-100,-100,-100,-100,-100,-100,-100,-100,-100,-100,-100,-100,-100,-100,-100,-100,-100,-100,-100,-100,-100,-100,-100,-100,-100,-100,-100,-100,-100,-100,-100,-100,-100,-100,-100,-100,-100,-100,-100,-100,-100,-100,-100,-100,-100,-100,-100,-100,-100,-100,-100,-100,-100,-100,-100,-100,-100,-100,-100,-100,-100,-100,-100,-100,-100,-100,-100,-100,-100,-100,-100,-100.0,-100,-100,-100,-100,-100,-100,-100,-100,-100,-100,-100,-100,-100,-100,-100,-100,-100,-100,-100,-100,-100,-100,-100,-100,-100,-100,-100,-100,-100,-100,-100,-100
130.0443,-76.86815032573183,-100.0,-100,-100,-100,-100,-100,-100,-80.67277415130005,-100,-100,-81.59837693835856,-100.0,-100,-100.0,-100.0,-100,-100,-100,-100,-100.0,-100,-83.89700805307098,-80.7675972986752,-100.0,-100,-100.0,-100,-100,-100,-100,-100,-100,-100,-100,-100,-86.10651761915602,-100.0,-100,-100,-100,-100,-100,-100,-100,-100.0,-100,-100,-100,-100,-100,-100,-100,-100,-100.0,-100,-100,-100.0,-100.0,-100.0,-100.0,-100,-100,-100,-100.0,-100,-100,-100,-100,-100,-100,-100,-100,-100,-100,-100,-100,-100,-100,-100,-100,-100,-100,-100,-100,-100,-100,-100,-100,-100,-100,-100,-100,-100,-100,-100,-100,-100,-100,-100,-100,-100,-100,-100,-100,-100,-100,-100,-100,-100,-100,-100,-100,-100,-100,-100,-100,-100,-100,-100,-100,-100,-100,-100,-100,-100,-100,-100,-100,-100,-100,-100,-100,-100,-100,-100,-100,-100,-100,-100,-100,-100,-100,-100,-100,-100,-100,-100,-100,-100,-100,-100,-100,-100,-100,-100,-100,-100,-100,-100,-100,-100,-100,-100,-100,-100,-100,-100,-100,-100,-100,-100,-100,-100,-100,-100,-100,-100,-100,-100,-100,-100,-100,-100,-100,-100,-100,-100,-100,-100,-100,-100,-100,-100,-100,-100,-100,-100,-100,-100,-100,-100,-100,-100,-100.0,-100,-100,-100,-100,-100,-100,-100,-100,-100,-100,-100,-100,-100,-100,-100,-100,-100,-100,-100,-100,-100,-100,-100,-100,-100,-100,-100,-100,-100,-100,-100,-100
131.982,-74.92875159639377,-100.0,-100,-100,-100,-100,-100,-100,-81.04755047424534,-100,-100,-100.0,-100.0,-100,-82.3487073711347,-100.0,-100,-100,-100,-100,-100.0,-100,-100.0,-80.55084762002055,-100.0,-100,-100.0,-100,-100,-100,-100,-100,-100,-100,-100,-100,-84.94693685580847,-100.0,-100,-100,-100,-100,-100,-100,-100,-100.0,-100,-100,-100,-100,-100,-100,-100,-100,-100.0,-100,-100,-100.0,-100.0,-100.0,-84.3752623434768,-100,-100,-100,-100.0,-100,-100,-100,-100,-100,-100,-100,-100,-100,-100,-100,-100,-100,-100,-100,-100,-100,-100,-100,-100,-100,-100,-100,-100,-100,-100,-100,-100,-100,-100,-100,-100,-100,-100,-100,-100,-100,-100,-100,-100,-100,-100,-100,-100,-100,-100,-100,-100,-100,-100,-100,-100,-100,-100,-100,-100,-100,-100,-100,-100,-100,-100,-100,-100,-100,-100,-100,-100,-100,-100,-100,-100,-100,-100,-100,-100,-100,-100,-100,-100,-100,-100,-100,-100,-100,-100,-100,-100,-100,-100,-100,-100,-100,-100,-100,-100,-100,-100,-100,-100,-100,-100,-100,-100,-100,-100,-100,-100,-100,-100,-100,-100,-100,-100,-100,-100,-100,-100,-100,-100,-100,-100,-100,-100,-100,-100,-100,-100,-100,-100,-100,-100,-100,-100,-100,-100,-100,-100,-100,-100.0,-100,-100,-100,-100,-100,-100,-100,-100,-100,-100,-100,-100,-100,-100,-100,-100,-100,-100,-100,-100,-100,-100,-100,-100,-100,-100,-100,-100,-100,-100,-100,-100
134.0268,-76.36074889459846,-100.0,-100,-100,-100,-100,-100,-100,-81.0341233759791,-100,-100,-81.4294098504623,-100.0,-100,-82.81499227672089,-100.0,-100,-100,-100,-100,-100.0,-100,-100.0,-80.96005192093008,-100.0,-100,-100.0,-100,-100,-100,-100,-100,-100,-100,-100,-100,-100.0,-100.0,-100,-100,-100,-100,-100,-100,-100,-100.0,-100,-100,-100,-100,-100,-100,-100,-100,-100.0,-100,-100,-100.0,-100.0,-100.0,-84.55166956675346,-100,-100,-100,-100.0,-100,-100,-100,-100,-100,-100,-100,-100,-100,-100,-100,-100,-100,-100,-100,-100,-100,-100,-100,-100,-100,-100,-100,-100,-100,-100,-100,-100,-100,-100,-100,-100,-100,-100,-100,-100,-100,-100,-100,-100,-100,-100,-100,-100,-100,-100,-100,-100,-100,-100,-100,-100,-100,-100,-100,-100,-100,-100,-100,-100,-100,-100,-100,-100,-100,-100,-100,-100,-100,-100,-100,-100,-100,-100,-100,-100,-100,-100,-100,-100,-100,-100,-100,-100,-100,-100,-100,-100,-100,-100,-100,-100,-100,-100,-100,-100,-100,-100,-100,-100,-100,-100,-100,-100,-100,-100,-100,-100,-100,-100,-100,-100,-100,-100,-100,-100,-100,-100,-100,-100,-100,-100,-100,-100,-100,-100,-100,-100,-100,-100,-100,-100,-100,-100,-100,-100,-100,-100,-100,-100.0,-100,-100,-100,-100,-100,-100,-100,-100,-100,-100,-100,-100,-100,-100,-100,-100,-100,-100,-100,-100,-100,-100,-100,-100,-100,-100,-100,-100,-100,-100,-100,-100
135.9945,-76.5412578704866,-100.0,-100,-100,-100,-100,-100,-100,-80.17736067554975,-100,-100,-100.0,-100.0,-100,-82.86723396137081,-100.0,-100,-100,-100,-100,-100.0,-100,-100.0,-81.25370757303881,-100.0,-100,-100.0,-100,-100,-100,-100,-100,-100,-100,-100,-100,-84.39716920779162,-100.0,-100,-100,-100,-100,-100,-100,-100,-100.0,-100,-100,-100,-100,-100,-100,-100,-100,-80.453125,-100,-100,-100.0,-100.0,-100.0,-100.0,-100,-100,-100,-100.0,-100,-100,-100,-100,-100,-100,-100,-100,-100,-100,-100,-100,-100,-100,-100,-100,-100,-100,-100,-100,-100,-100,-100,-100,-100,-100,-100,-100,-100,-100,-100,-100,-100,-100,-100,-100,-100,-100,-100,-100,-100,-100,-100,-100,-100,-100,-100,-100,-100,-100,-100,-100,-100,-100,-100,-100,-100,-100,-100,-100,-100,-100,-100,-100,-100,-100,-100,-100,-100,-100,-100,-100,-100,-100,-100,-100,-100,-100,-100,-100,-100,-100,-100,-100,-100,-100,-100,-100,-100,-100,-100,-100,-100,-100,-100,-100,-100,-100,-100,-100,-100,-100,-100,-100,-100,-100,-100,-100,-100,-100,-100,-100,-100,-100,-100,-100,-100,-100,-100,-100,-100,-100,-100,-100,-100,-100,-100,-100,-100,-100,-100,-100,-100,-100,-100,-100,-100,-100,-100,-100.0,-100,-100,-100,-100,-100,-100,-100,-100,-100,-100,-100,-100,-100,-100,-100,-100,-100,-100,-100,-100,-100,-100,-100,-100,-100,-100,-100,-100,-100,-100,-100,-100
137.9958,-75.54129271414033,-100.0,-100,-100,-100,-100,-100,-100,-100.0,-100,-100,-100.0,-100.0,-100,-83.46947525620615,-100.0,-100,-100,-100,-100,-100.0,-100,-84.76640191312188,-81.74681775762284,-100.0,-100,-100.0,-100,-100,-100,-100,-100,-100,-100,-100,-100,-84.84976966768592,-100.0,-100,-100,-100,-100,-100,-100,-100,-100.0,-100,-100,-100,-100,-100,-100,-100,-100,-100.0,-100,-100,-100.0,-100.0,-100.0,-84.96063869362071,-100,-100,-100,-100.0,-100,-100,-100,-100,-100,-100,-100,-100,-100,-100,-100,-100,-100,-100,-100,-100,-100,-100,-100,-100,-100,-100,-100,-100,-100,-100,-100,-100,-100,-100,-100,-100,-100,-100,-100,-100,-100,-100,-100,-100,-100,-100,-100,-100,-100,-100,-100,-100,-100,-100,-100,-100,-100,-100,-100,-100,-100,-100,-100,-100,-100,-100,-100,-100,-100,-100,-100,-100,-100,-100,-100,-100,-100,-100,-100,-100,-100,-100,-100,-100,-100,-100,-100,-100,-100,-100,-100,-100,-100,-100,-100,-100,-100,-100,-100,-100,-100,-100,-100,-100,-100,-100,-100,-100,-100,-100,-100,-100,-100,-100,-100,-100,-100,-100,-100,-100,-100,-100,-100,-100,-100,-100,-100,-100,-100,-100,-100,-100,-100,-100,-100,-100,-100,-100,-100,-100,-100,-100,-100,-100.0,-100,-100,-100,-100,-100,-100,-100,-100,-100,-100,-100,-100,-100,-100,-100,-100,-100,-100,-100,-100,-100,-100,-100,-100,-100,-100,-100,-100,-100,-100,-100,-100
139.9866,-77.08269898394218,-100.0,-100,-100,-100,-100,-100,-100,-80.12727833132571,-100,-100,-80.74340358750725,-100.0,-100,-83.05453115779255,-100.0,-100,-100,-100,-100,-100.0,-100,-100.0,-100.0,-100.0,-100,-100.0,-100,-100,-100,-100,-100,-100,-100,-100,-100,-85.17456675817338,-100.0,-100,-100,-100,-100,-100,-100,-100,-83.2312367976273,-100,-100,-100,-100,-100,-100,-100,-100,-100.0,-100,-100,-100.0,-100.0,-100.0,-100.0,-100,-100,-100,-100.0,-100,-100,-100,-100,-100,-100,-100,-100,-100,-100,-100,-100,-100,-100,-100,-100,-100,-100,-100,-100,-100,-100,-100,-100,-100,-100,-100,-100,-100,-100,-100,-100,-100,-100,-100,-100,-100,-100,-100,-100,-100,-100,-100,-100,-100,-100,-100,-100,-100,-100,-100,-100,-100,-100,-100,-100,-100,-100,-100,-100,-100,-100,-100,-100,-100,-100,-100,-100,-100,-100,-100,-100,-100,-100,-100,-100,-100,-100,-100,-100,-100,-100,-100,-100,-100,-100,-100,-100,-100,-100,-100,-100,-100,-100,-100,-100,-100,-100,-100,-100,-100,-100,-100,-100,-100,-100,-100,-100,-100,-100,-100,-100,-100,-100,-100,-100,-100,-100,-100,-100,-100,-100,-100,-100,-100,-100,-100,-100,-100,-100,-100,-100,-100,-100,-100,-100,-100,-100,-100,-100.0,-100,-100,-100,-100,-100,-100,-100,-100,-100,-100,-100,-100,-100,-100,-100,-100,-100,-100,-100,-100,-100,-100,-100,-100,-100,-100,-100,-100,-100,-100,-100,-100
142.0019,-100.0,-100.0,-100,-100,-100,-100,-100,-100,-100.0,-100,-100,-81.38061155374203,-100.0,-100,-100.0,-100.0,-100,-100,-100,-100,-100.0,-100,-86.23831347501266,-81.53593465164481,-100.0,-100,-100.0,-100,-100,-100,-100,-100,-100,-100,-100,-100,-100.0,-78.17270611666831,-100,-100,-100,-100,-100,-100,-100,-82.03643836360843,-100,-100,-100,-100,-100,-100,-100,-100,-100.0,-100,-100,-100.0,-87.25533046050018,-100.0,-100.0,-100,-100,-100,-100.0,-100,-100,-100,-100,-100,-100,-100,-100,-100,-100,-100,-100,-100,-100,-100,-100,-100,-100,-100,-100,-100,-100,-100,-100,-100,-100,-100,-100,-100,-100,-100,-100,-100,-100,-100,-100,-100,-100,-100,-100,-100,-100,-100,-100,-100,-100,-100,-100,-100,-100,-100,-100,-100,-100,-100,-100,-100,-100,-100,-100,-100,-100,-100,-100,-100,-100,-100,-100,-100,-100,-100,-100,-100,-100,-100,-100,-100,-100,-100,-100,-100,-100,-100,-100,-100,-100,-100,-100,-100,-100,-100,-100,-100,-100,-100,-100,-100,-100,-100,-100,-100,-100,-100,-100,-100,-100,-100,-100,-100,-100,-100,-100,-100,-100,-100,-100,-100,-100,-100,-100,-100,-100,-100,-100,-100,-100,-100,-100,-100,-100,-100,-100,-100,-100,-100,-100,-100,-100,-100,-100.0,-100,-100,-100,-100,-100,-100,-100,-100,-100,-100,-100,-100,-100,-100,-100,-100,-100,-100,-100,-100,-100,-100,-100,-100,-100,-100,-100,-100,-100,-100,-100,-100
144.0035,-75.64746832014406,-100.0,-100,-100,-100,-100,-100,-100,-80.09133802391564,-100,-100,-100.0,-100.0,-100,-83.32150858027791,-100.0,-100,-100,-100,-100,-100.0,-100,-86.17115869768801,-100.0,-100.0,-100,-100.0,-100,-100,-100,-100,-100,-100,-100,-100,-100,-85.1252733483374,-100.0,-100,-100,-100,-100,-100,-100,-100,-83.15565183877194,-100,-100,-100,-100,-100,-100,-100,-100,-100.0,-100,-100,-100.0,-100.0,-100.0,-100.0,-100,-100,-100,-100.0,-100,-100,-100,-100,-100,-100,-100,-100,-100,-100,-100,-100,-100,-100,-100,-100,-100,-100,-100,-100,-100,-100,-100,-100,-100,-100,-100,-100,-100,-100,-100,-100,-100,-100,-100,-100,-100,-100,-100,-100,-100,-100,-100,-100,-100,-100,-100,-100,-100,-100,-100,-100,-100,-100,-100,-100,-100,-100,-100,-100,-100,-100,-100,-100,-100,-100,-100,-100,-100,-100,-100,-100,-100,-100,-100,-100,-100,-100,-100,-100,-100,-100,-100,-100,-100,-100,-100,-100,-100,-100,-100,-100,-100,-100,-100,-100,-100,-100,-100,-100,-100,-100,-100,-100,-100,-100,-100,-100,-100,-100,-100,-100,-100,-100,-100,-100,-100,-100,-100,-100,-100,-100,-100,-100,-100,-100,-100,-100,-100,-100,-100,-100,-100,-100,-100,-100,-100,-100,-100,-100.0,-100,-100,-100,-100,-100,-100,-100,-100,-100,-100,-100,-100,-100,-100,-100,-100,-100,-100,-100,-100,-100,-100,-100,-100,-100,-100,-100,-100,-100,-100,-100,-100
145.9901,-74.61751191413973,-100.0,-100,-100,-100,-100,-100,-100,-80.06554638582953,-100,-100,-82.1202631797466,-100.0,-100,-82.66597097885555,-100.0,-100,-100,-100,-100,-100.0,-100,-100.0,-100.0,-100.0,-100,-100.0,-100,-100,-100,-100,-100,-100,-100,-100,-100,-100.0,-100.0,-100,-100,-100,-100,-100,-100,-100,-83.39407523845682,-100,-100,-100,-100,-100,-100,-100,-100,-100.0,-100,-100,-100.0,-100.0,-100.0,-84.40700489692337,-100,-100,-100,-100.0,-100,-100,-100,-100,-100,-100,-100,-100,-100,-100,-100,-100,-100,-100,-100,-100,-100,-100,-100,-100,-100,-100,-100,-100,-100,-100,-100,-100,-100,-100,-100,-100,-100,-100,-100,-100,-100,-100,-100,-100,-100,-100,-100,-100,-100,-100,-100,-100,-100,-100,-100,-100,-100,-100,-100,-100,-100,-100,-100,-100,-100,-100,-100,-100,-100,-100,-100,-100,-100,-100,-100,-100,-100,-100,-100,-100,-100,-100,-100,-100,-100,-100,-100,-100,-100,-100,-100,-100,-100,-100,-100,-100,-100,-100,-100,-100,-100,-100,-100,-100,-100,-100,-100,-100,-100,-100,-100,-100,-100,-100,-100,-100,-100,-100,-100,-100,-100,-100,-100,-100,-100,-100,-100,-100,-100,-100,-100,-100,-100,-100,-100,-100,-100,-100,-100,-100,-100,-100,-100,-100.0,-100,-100,-100,-100,-100,-100,-100,-100,-100,-100,-100,-100,-100,-100,-100,-100,-100,-100,-100,-100,-100,-100,-100,-100,-100,-100,-100,-100,-100,-100,-100,-100
147.9761,-73.31363877300667,-100.0,-100,-100,-100,-100,-100,-100,-80.04703767950227,-100,-100,-100.0,-100.0,-100,-82.19554126397271,-100.0,-100,-100,-100,-100,-100.0,-100,-100.0,-100.0,-100.0,-100,-100.0,-100,-100,-100,-100,-100,-100,-100,-100,-100,-84.2427721112325,-100.0,-100,-100,-100,-100,-100,-100,-100,-83.5651736647557,-100,-100,-100,-100,-100,-100,-100,-100,-100.0,-100,-100,-100.0,-100.0,-100.0,-83.72732705921707,-100,-100,-100,-100.0,-100,-100,-100,-100,-100,-100,-100,-100,-100,-100,-100,-100,-100,-100,-100,-100,-100,-100,-100,-100,-100,-100,-100,-100,-100,-100,-100,-100,-100,-100,-100,-100,-100,-100,-100,-100,-100,-100,-100,-100,-100,-100,-100,-100,-100,-100,-100,-100,-100,-100,-100,-100,-100,-100,-100,-100,-100,-100,-100,-100,-100,-100,-100,-100,-100,-100,-100,-100,-100,-100,-100,-100,-100,-100,-100,-100,-100,-100,-100,-100,-100,-100,-100,-100,-100,-100,-100,-100,-100,-100,-100,-100,-100,-100,-100,-100,-100,-100,-100,-100,-100,-100,-100,-100,-100,-100,-100,-100,-100,-100,-100,-100,-100,-100,-100,-100,-100,-100,-100,-100,-100,-100,-100,-100,-100,-100,-100,-100,-100,-100,-100,-100,-100,-100,-100,-100,-100,-100,-100,-100.0,-100,-100,-100,-100,-100,-100,-100,-100,-100,-100,-100,-100,-100,-100,-100,-100,-100,-100,-100,-100,-100,-100,-100,-100,-100,-100,-100,-100,-100,-100,-100,-100
149.9795,-73.50745050227395,-100.0,-100,-100,-100,-100,-100,-100,-79.7513796858809,-100,-100,-100.0,-100.0,-100,-81.57557377118138,-100.0,-100,-100,-100,-100,-100.0,-100,-100.0,-100.0,-100.0,-100,-100.0,-100,-100,-100,-100,-100,-100,-100,-100,-100,-83.89184347124045,-100.0,-100,-100,-100,-100,-100,-100,-100,-83.12320666166664,-100,-100,-100,-100,-100,-100,-100,-100,-100.0,-100,-100,-100.0,-100.0,-100.0,-83.52194786176547,-100,-100,-100,-100.0,-100,-100,-100,-100,-100,-100,-100,-100,-100,-100,-100,-100,-100,-100,-100,-100,-100,-100,-100,-100,-100,-100,-100,-100,-100,-100,-100,-100,-100,-100,-100,-100,-100,-100,-100,-100,-100,-100,-100,-100,-100,-100,-100,-100,-100,-100,-100,-100,-100,-100,-100,-100,-100,-100,-100,-100,-100,-100,-100,-100,-100,-100,-100,-100,-100,-100,-100,-100,-100,-100,-100,-100,-100,-100,-100,-100,-100,-100,-100,-100,-100,-100,-100,-100,-100,-100,-100,-100,-100,-100,-100,-100,-100,-100,-100,-100,-100,-100,-100,-100,-100,-100,-100,-100,-100,-100,-100,-100,-100,-100,-100,-100,-100,-100,-100,-100,-100,-100,-100,-100,-100,-100,-100,-100,-100,-100,-100,-100,-100,-100,-100,-100,-100,-100,-100,-100,-100,-100,-100,-100.0,-100,-100,-100,-100,-100,-100,-100,-100,-100,-100,-100,-100,-100,-100,-100,-100,-100,-100,-100,-100,-100,-100,-100,-100,-100,-100,-100,-100,-100,-100,-100,-100
152.0028,-75.34078868633776,-100.0,-100,-100,-100,-100,-100,-100,-78.97445693176873,-100,-100,-83.78055794592696,-100.0,-100,-81.69542142299889,-100.0,-100,-100,-100,-100,-100.0,-100,-100.0,-100.0,-100.0,-100,-100.0,-100,-100,-100,-100,-100,-100,-100,-100,-100,-84.20475994244656,-100.0,-100,-100,-100,-100,-100,-100,-100,-83.6531674870311,-100,-100,-100,-100,-100,-100,-100,-100,-100.0,-100,-100,-100.0,-100.0,-100.0,-100.0,-100,-100,-100,-100.0,-100,-100,-100,-100,-100,-100,-100,-100,-100,-100,-100,-100,-100,-100,-100,-100,-100,-100,-100,-100,-100,-100,-100,-100,-100,-100,-100,-100,-100,-100,-100,-100,-100,-100,-100,-100,-100,-100,-100,-100,-100,-100,-100,-100,-100,-100,-100,-100,-100,-100,-100,-100,-100,-100,-100,-100,-100,-100,-100,-100,-100,-100,-100,-100,-100,-100,-100,-100,-100,-100,-100,-100,-100,-100,-100,-100,-100,-100,-100,-100,-100,-100,-100,-100,-100,-100,-100,-100,-100,-100,-100,-100,-100,-100,-100,-100,-100,-100,-100,-100,-100,-100,-100,-100,-100,-100,-100,-100,-100,-100,-100,-100,-100,-100,-100,-100,-100,-100,-100,-100,-100,-100,-100,-100,-100,-100,-100,-100,-100,-100,-100,-100,-100,-100,-100,-100,-100,-100,-100,-100.0,-100,-100,-100,-100,-100,-100,-100,-100,-100,-100,-100,-100,-100,-100,-100,-100,-100,-100,-100,-100,-100,-100,-100,-100,-100,-100,-100,-100,-100,-100,-100,-100
153.9988,-75.52693393992837,-100.0,-100,-100,-100,-100,-100,-100,-79.54642106569713,-100,-100,-82.14826887775492,-100.0,-100,-81.2166756184498,-100.0,-100,-100,-100,-100,-100.0,-100,-86.96910371220986,-82.23172668679803,-100.0,-100,-100.0,-100,-100,-100,-100,-100,-100,-100,-100,-100,-100.0,-100.0,-100,-100,-100,-100,-100,-100,-100,-100.0,-100,-100,-100,-100,-100,-100,-100,-100,-100.0,-100,-100,-100.0,-100.0,-100.0,-100.0,-100,-100,-100,-100.0,-100,-100,-100,-100,-100,-100,-100,-100,-100,-100,-100,-100,-100,-100,-100,-100,-100,-100,-100,-100,-100,-100,-100,-100,-100,-100,-100,-100,-100,-100,-100,-100,-100,-100,-100,-100,-100,-100,-100,-100,-100,-100,-100,-100,-100,-100,-100,-100,-100,-100,-100,-100,-100,-100,-100,-100,-100,-100,-100,-100,-100,-100,-100,-100,-100,-100,-100,-100,-100,-100,-100,-100,-100,-100,-100,-100,-100,-100,-100,-100,-100,-100,-100,-100,-100,-100,-100,-100,-100,-100,-100,-100,-100,-100,-100,-100,-100,-100,-100,-100,-100,-100,-100,-100,-100,-100,-100,-100,-100,-100,-100,-100,-100,-100,-100,-100,-100,-100,-100,-100,-100,-100,-100,-100,-100,-100,-100,-100,-100,-100,-100,-100,-100,-100,-100,-100,-100,-100,-100,-100.0,-100,-100,-100,-100,-100,-100,-100,-100,-100,-100,-100,-100,-100,-100,-100,-100,-100,-100,-100,-100,-100,-100,-100,-100,-100,-100,-100,-100,-100,-100,-100,-100
155.9556,-75.3781406018278,-100.0,-100,-100,-100,-100,-100,-100,-81.65113060591351,-100,-100,-100.0,-100.0,-100,-80.87311599372846,-100.0,-100,-100,-100,-100,-100.0,-100,-100.0,-83.29579538215164,-100.0,-100,-100.0,-100,-100,-100,-100,-100,-100,-100,-100,-100,-84.71169210339716,-100.0,-100,-100,-100,-100,-100,-100,-100,-100.0,-100,-100,-100,-100,-100,-100,-100,-100,-100.0,-100,-100,-100.0,-86.33610425559193,-100.0,-100.0,-100,-100,-100,-100.0,-100,-100,-100,-100,-100,-100,-100,-100,-100,-100,-100,-100,-100,-100,-100,-100,-100,-100,-100,-100,-100,-100,-100,-100,-100,-100,-100,-100,-100,-100,-100,-100,-100,-100,-100,-100,-100,-100,-100,-100,-100,-100,-100,-100,-100,-100,-100,-100,-100,-100,-100,-100,-100,-100,-100,-100,-100,-100,-100,-100,-100,-100,-100,-100,-100,-100,-100,-100,-100,-100,-100,-100,-100,-100,-100,-100,-100,-100,-100,-100,-100,-100,-100,-100,-100,-100,-100,-100,-100,-100,-100,-100,-100,-100,-100,-100,-100,-100,-100,-100,-100,-100,-100,-100,-100,-100,-100,-100,-100,-100,-100,-100,-100,-100,-100,-100,-100,-100,-100,-100,-100,-100,-100,-100,-100,-100,-100,-100,-100,-100,-100,-100,-100,-100,-100,-100,-100,-100,-100,-100.0,-100,-100,-100,-100,-100,-100,-100,-100,-100,-100,-100,-100,-100,-100,-100,-100,-100,-100,-100,-100,-100,-100,-100,-100,-100,-100,-100,-100,-100,-100,-100,-100
158.002,-74.70661149389717,-100.0,-100,-100,-100,-100,-100,-100,-81.46726714779864,-100,-100,-80.97689856782328,-100.0,-100,-80.62656925719918,-100.0,-100,-100,-100,-100,-100.0,-100,-100.0,-82.92989427761174,-100.0,-100,-100.0,-100,-100,-100,-100,-100,-100,-100,-100,-100,-100.0,-100.0,-100,-100,-100,-100,-100,-100,-100,-100.0,-100,-100,-100,-100,-100,-100,-100,-100,-100.0,-100,-100,-100.0,-100.0,-84.67905384886568,-100.0,-100,-100,-100,-100.0,-100,-100,-100,-100,-100,-100,-100,-100,-100,-100,-100,-100,-100,-100,-100,-100,-100,-100,-100,-100,-100,-100,-100,-100,-100,-100,-100,-100,-100,-100,-100,-100,-100,-100,-100,-100,-100,-100,-100,-100,-100,-100,-100,-100,-100,-100,-100,-100,-100,-100,-100,-100,-100,-100,-100,-100,-100,-100,-100,-100,-100,-100,-100,-100,-100,-100,-100,-100,-100,-100,-100,-100,-100,-100,-100,-100,-100,-100,-100,-100,-100,-100,-100,-100,-100,-100,-100,-100,-100,-100,-100,-100,-100,-100,-100,-100,-100,-100,-100,-100,-100,-100,-100,-100,-100,-100,-100,-100,-100,-100,-100,-100,-100,-100,-100,-100,-100,-100,-100,-100,-100,-100,-100,-100,-100,-100,-100,-100,-100,-100,-100,-100,-100,-100,-100,-100,-100,-100,-100,-100.0,-100,-100,-100,-100,-100,-100,-100,-100,-100,-100,-100,-100,-100,-100,-100,-100,-100,-100,-100,-100,-100,-100,-100,-100,-100,-100,-100,-100,-100,-100,-100,-100
160.0989,-73.94233018916078,-100.0,-100,-100,-100,-100,-100,-100,-100.0,-100,-100,-100.0,-100.0,-100,-80.73201702315303,-100.0,-100,-100,-100,-100,-100.0,-100,-86.41338181185856,-100.0,-100.0,-100,-100.0,-100,-100,-100,-100,-100,-100,-100,-100,-100,-100.0,-100.0,-100,-100,-100,-100,-100,-100,-100,-83.75110455931706,-100,-100,-100,-100,-100,-100,-100,-100,-100.0,-100,-100,-100.0,-85.39406949406525,-84.2049298494586,-100.0,-100,-100,-100,-100.0,-100,-100,-100,-100,-100,-100,-100,-100,-100,-100,-100,-100,-100,-100,-100,-100,-100,-100,-100,-100,-100,-100,-100,-100,-100,-100,-100,-100,-100,-100,-100,-100,-100,-100,-100,-100,-100,-100,-100,-100,-100,-100,-100,-100,-100,-100,-100,-100,-100,-100,-100,-100,-100,-100,-100,-100,-100,-100,-100,-100,-100,-100,-100,-100,-100,-100,-100,-100,-100,-100,-100,-100,-100,-100,-100,-100,-100,-100,-100,-100,-100,-100,-100,-100,-100,-100,-100,-100,-100,-100,-100,-100,-100,-100,-100,-100,-100,-100,-100,-100,-100,-100,-100,-100,-100,-100,-100,-100,-100,-100,-100,-100,-100,-100,-100,-100,-100,-100,-100,-100,-100,-100,-100,-100,-100,-100,-100,-100,-100,-100,-100,-100,-100,-100,-100,-100,-100,-100,-100,-100.0,-100,-100,-100,-100,-100,-100,-100,-100,-100,-100,-100,-100,-100,-100,-100,-100,-100,-100,-100,-100,-100,-100,-100,-100,-100,-100,-100,-100,-100,-100,-100,-100
161.9989,-73.11148765375903,-100.0,-100,-100,-100,-100,-100,-100,-100.0,-100,-100,-81.26579754667044,-100.0,-100,-79.96056181440753,-100.0,-100,-100,-100,-100,-100.0,-100,-100.0,-100.0,-100.0,-100,-100.0,-100,-100,-100,-100,-100,-100,-100,-100,-100,-83.66360046190725,-100.0,-100,-100,-100,-100,-100,-100,-100,-81.56238101366006,-100,-100,-100,-100,-100,-100,-100,-100,-100.0,-100,-100,-100.0,-100.0,-100.0,-82.8098115915587,-100,-100,-100,-100.0,-100,-100,-100,-100,-100,-100,-100,-100,-100,-100,-100,-100,-100,-100,-100,-100,-100,-100,-100,-100,-100,-100,-100,-100,-100,-100,-100,-100,-100,-100,-100,-100,-100,-100,-100,-100,-100,-100,-100,-100,-100,-100,-100,-100,-100,-100,-100,-100,-100,-100,-100,-100,-100,-100,-100,-100,-100,-100,-100,-100,-100,-100,-100,-100,-100,-100,-100,-100,-100,-100,-100,-100,-100,-100,-100,-100,-100,-100,-100,-100,-100,-100,-100,-100,-100,-100,-100,-100,-100,-100,-100,-100,-100,-100,-100,-100,-100,-100,-100,-100,-100,-100,-100,-100,-100,-100,-100,-100,-100,-100,-100,-100,-100,-100,-100,-100,-100,-100,-100,-100,-100,-100,-100,-100,-100,-100,-100,-100,-100,-100,-100,-100,-100,-100,-100,-100,-100,-100,-100,-100.0,-100,-100,-100,-100,-100,-100,-100,-100,-100,-100,-100,-100,-100,-100,-100,-100,-100,-100,-100,-100,-100,-100,-100,-100,-100,-100,-100,-100,-100,-100,-100,-100
164.0878,-72.23287916153615,-100.0,-100,-100,-100,-100,-100,-100,-100.0,-100,-100,-100.0,-100.0,-100,-100.0,-100.0,-100,-100,-100,-100,-100.0,-100,-85.44979817059037,-83.51444180678062,-100.0,-100,-100.0,-100,-100,-100,-100,-100,-100,-100,-100,-100,-84.04096721177747,-100.0,-100,-100,-100,-100,-100,-100,-100,-100.0,-100,-100,-100,-100,-100,-100,-100,-100,-100.0,-100,-100,-100.0,-85.28279384635593,-100.0,-82.58114056446837,-100,-100,-100,-100.0,-100,-100,-100,-100,-100,-100,-100,-100,-100,-100,-100,-100,-100,-100,-100,-100,-100,-100,-100,-100,-100,-100,-100,-100,-100,-100,-100,-100,-100,-100,-100,-100,-100,-100,-100,-100,-100,-100,-100,-100,-100,-100,-100,-100,-100,-100,-100,-100,-100,-100,-100,-100,-100,-100,-100,-100,-100,-100,-100,-100,-100,-100,-100,-100,-100,-100,-100,-100,-100,-100,-100,-100,-100,-100,-100,-100,-100,-100,-100,-100,-100,-100,-100,-100,-100,-100,-100,-100,-100,-100,-100,-100,-100,-100,-100,-100,-100,-100,-100,-100,-100,-100,-100,-100,-100,-100,-100,-100,-100,-100,-100,-100,-100,-100,-100,-100,-100,-100,-100,-100,-100,-100,-100,-100,-100,-100,-100,-100,-100,-100,-100,-100,-100,-100,-100,-100,-100,-100,-100,-100.0,-100,-100,-100,-100,-100,-100,-100,-100,-100,-100,-100,-100,-100,-100,-100,-100,-100,-100,-100,-100,-100,-100,-100,-100,-100,-100,-100,-100,-100,-100,-100,-100
166.0031,-72.44949544231143,-100.0,-100,-100,-100,-100,-100,-100,-81.05294656553372,-100,-100,-82.32024556339798,-100.0,-100,-100.0,-100.0,-100,-100,-100,-100,-100.0,-100,-84.758135402274,-83.65155163775954,-100.0,-100,-100.0,-100,-100,-100,-100,-100,-100,-100,-100,-100,-100.0,-100.0,-100,-100,-100,-100,-100,-100,-100,-81.96832967569048,-100,-100,-100,-100,-100,-100,-100,-100,-100.0,-100,-100,-100.0,-100.0,-100.0,-100.0,-100,-100,-100,-100.0,-100,-100,-100,-100,-100,-100,-100,-100,-100,-100,-100,-100,-100,-100,-100,-100,-100,-100,-100,-100,-100,-100,-100,-100,-100,-100,-100,-100,-100,-100,-100,-100,-100,-100,-100,-100,-100,-100,-100,-100,-100,-100,-100,-100,-100,-100,-100,-100,-100,-100,-100,-100,-100,-100,-100,-100,-100,-100,-100,-100,-100,-100,-100,-100,-100,-100,-100,-100,-100,-100,-100,-100,-100,-100,-100,-100,-100,-100,-100,-100,-100,-100,-100,-100,-100,-100,-100,-100,-100,-100,-100,-100,-100,-100,-100,-100,-100,-100,-100,-100,-100,-100,-100,-100,-100,-100,-100,-100,-100,-100,-100,-100,-100,-100,-100,-100,-100,-100,-100,-100,-100,-100,-100,-100,-100,-100,-100,-100,-100,-100,-100,-100,-100,-100,-100,-100,-100,-100,-100,-100.0,-100,-100,-100,-100,-100,-100,-100,-100,-100,-100,-100,-100,-100,-100,-100,-100,-100,-100,-100,-100,-100,-100,-100,-100,-100,-100,-100,-100,-100,-100,-100,-100
167.99,-74.0168230306486,-100.0,-100,-100,-100,-100,-100,-100,-100.0,-100,-100,-100.0,-100.0,-100,-80.25407389564589,-100.0,-100,-100,-100,-100,-100.0,-100,-82.84994527202002,-82.33806651506029,-87.0,-100,-100.0,-100,-100,-100,-100,-100,-100,-100,-100,-100,-85.15890185133888,-100.0,-100,-100,-100,-100,-100,-100,-100,-100.0,-100,-100,-100,-100,-100,-100,-100,-100,-100.0,-100,-100,-100.0,-100.0,-100.0,-100.0,-100,-100,-100,-100.0,-100,-100,-100,-100,-100,-100,-100,-100,-100,-100,-100,-100,-100,-100,-100,-100,-100,-100,-100,-100,-100,-100,-100,-100,-100,-100,-100,-100,-100,-100,-100,-100,-100,-100,-100,-100,-100,-100,-100,-100,-100,-100,-100,-100,-100,-100,-100,-100,-100,-100,-100,-100,-100,-100,-100,-100,-100,-100,-100,-100,-100,-100,-100,-100,-100,-100,-100,-100,-100,-100,-100,-100,-100,-100,-100,-100,-100,-100,-100,-100,-100,-100,-100,-100,-100,-100,-100,-100,-100,-100,-100,-100,-100,-100,-100,-100,-100,-100,-100,-100,-100,-100,-100,-100,-100,-100,-100,-100,-100,-100,-100,-100,-100,-100,-100,-100,-100,-100,-100,-100,-100,-100,-100,-100,-100,-100,-100,-100,-100,-100,-100,-100,-100,-100,-100,-100,-100,-100,-100,-100.0,-100,-100,-100,-100,-100,-100,-100,-100,-100,-100,-100,-100,-100,-100,-100,-100,-100,-100,-100,-100,-100,-100,-100,-100,-100,-100,-100,-100,-100,-100,-100,-100
169.9836,-75.70632679242429,-100.0,-100,-100,-100,-100,-100,-100,-80.4732443499782,-100,-100,-100.0,-100.0,-100,-81.31183238700572,-100.0,-100,-100,-100,-100,-100.0,-100,-100.0,-81.96022905275115,-100.0,-100,-100.0,-100,-100,-100,-100,-100,-100,-100,-100,-100,-85.67878322270519,-100.0,-100,-100,-100,-100,-100,-100,-100,-100.0,-100,-100,-100,-100,-100,-100,-100,-100,-100.0,-100,-100,-100.0,-85.76769112938582,-100.0,-100.0,-100,-100,-100,-100.0,-100,-100,-100,-100,-100,-100,-100,-100,-100,-100,-100,-100,-100,-100,-100,-100,-100,-100,-100,-100,-100,-100,-100,-100,-100,-100,-100,-100,-100,-100,-100,-100,-100,-100,-100,-100,-100,-100,-100,-100,-100,-100,-100,-100,-100,-100,-100,-100,-100,-100,-100,-100,-100,-100,-100,-100,-100,-100,-100,-100,-100,-100,-100,-100,-100,-100,-100,-100,-100,-100,-100,-100,-100,-100,-100,-100,-100,-100,-100,-100,-100,-100,-100,-100,-100,-100,-100,-100,-100,-100,-100,-100,-100,-100,-100,-100,-100,-100,-100,-100,-100,-100,-100,-100,-100,-100,-100,-100,-100,-100,-100,-100,-100,-100,-100,-100,-100,-100,-100,-100,-100,-100,-100,-100,-100,-100,-100,-100,-100,-100,-100,-100,-100,-100,-100,-100,-100,-100,-100,-100.0,-100,-100,-100,-100,-100,-100,-100,-100,-100,-100,-100,-100,-100,-100,-100,-100,-100,-100,-100,-100,-100,-100,-100,-100,-100,-100,-100,-100,-100,-100,-100,-100
171.9746,-73.5302473998261,-100.0,-100,-100,-100,-100,-100,-100,-100.0,-100,-100,-100.0,-100.0,-100,-81.22377849964982,-100.0,-100,-100,-100,-100,-100.0,-100,-100.0,-81.689083706036,-100.0,-100,-100.0,-100,-100,-100,-100,-100,-100,-100,-100,-100,-100.0,-100.0,-100,-100,-100,-100,-100,-100,-100,-82.54202399781664,-100,-100,-100,-100,-100,-100,-100,-100,-100.0,-100,-100,-75.4921875,-100.0,-100.0,-82.98179190876161,-100,-100,-100,-100.0,-100,-100,-100,-100,-100,-100,-100,-100,-100,-100,-100,-100,-100,-100,-100,-100,-100,-100,-100,-100,-100,-100,-100,-100,-100,-100,-100,-100,-100,-100,-100,-100,-100,-100,-100,-100,-100,-100,-100,-100,-100,-100,-100,-100,-100,-100,-100,-100,-100,-100,-100,-100,-100,-100,-100,-100,-100,-100,-100,-100,-100,-100,-100,-100,-100,-100,-100,-100,-100,-100,-100,-100,-100,-100,-100,-100,-100,-100,-100,-100,-100,-100,-100,-100,-100,-100,-100,-100,-100,-100,-100,-100,-100,-100,-100,-100,-100,-100,-100,-100,-100,-100,-100,-100,-100,-100,-100,-100,-100,-100,-100,-100,-100,-100,-100,-100,-100,-100,-100,-100,-100,-100,-100,-100,-100,-100,-100,-100,-100,-100,-100,-100,-100,-100,-100,-100,-100,-100,-100,-100.0,-100,-100,-100,-100,-100,-100,-100,-100,-100,-100,-100,-100,-100,-100,-100,-100,-100,-100,-100,-100,-100,-100,-100,-100,-100,-100,-100,-100,-100,-100,-100,-100
173.9382,-72.81576702892495,-100.0,-100,-100,-100,-100,-100,-100,-79.49248455883158,-100,-100,-100.0,-100.0,-100,-81.1605888900328,-100.0,-100,-100,-100,-100,-100.0,-100,-100.0,-81.77687891089857,-100.0,-100,-100.0,-100,-100,-100,-100,-100,-100,-100,-100,-100,-84.63998424929227,-100.0,-100,-100,-100,-100,-100,-100,-100,-81.25946680960763,-100,-100,-100,-100,-100,-100,-100,-100,-100.0,-100,-100,-100.0,-100.0,-100.0,-100.0,-100,-100,-100,-100.0,-100,-100,-100,-100,-100,-100,-100,-100,-100,-100,-100,-100,-100,-100,-100,-100,-100,-100,-100,-100,-100,-100,-100,-100,-100,-100,-100,-100,-100,-100,-100,-100,-100,-100,-100,-100,-100,-100,-100,-100,-100,-100,-100,-100,-100,-100,-100,-100,-100,-100,-100,-100,-100,-100,-100,-100,-100,-100,-100,-100,-100,-100,-100,-100,-100,-100,-100,-100,-100,-100,-100,-100,-100,-100,-100,-100,-100,-100,-100,-100,-100,-100,-100,-100,-100,-100,-100,-100,-100,-100,-100,-100,-100,-100,-100,-100,-100,-100,-100,-100,-100,-100,-100,-100,-100,-100,-100,-100,-100,-100,-100,-100,-100,-100,-100,-100,-100,-100,-100,-100,-100,-100,-100,-100,-100,-100,-100,-100,-100,-100,-100,-100,-100,-100,-100,-100,-100,-100,-100,-100.0,-100,-100,-100,-100,-100,-100,-100,-100,-100,-100,-100,-100,-100,-100,-100,-100,-100,-100,-100,-100,-100,-100,-100,-100,-100,-100,-100,-100,-100,-100,-100,-100
175.9711,-71.45591146174354,-100.0,-100,-100,-100,-100,-100,-100,-78.78866749644402,-100,-100,-100.0,-100.0,-100,-80.26811540203639,-100.0,-100,-100,-100,-100,-100.0,-100,-100.0,-81.8398828837237,-100.0,-100,-100.0,-100,-100,-100,-100,-100,-100,-100,-100,-100,-100.0,-100.0,-100,-100,-100,-100,-100,-100,-100,-100.0,-100,-100,-100,-100,-100,-100,-100,-100,-100.0,-100,-100,-100.0,-84.70378672393151,-83.29993555217952,-100.0,-100,-100,-100,-100.0,-100,-100,-100,-100,-100,-100,-100,-100,-100,-100,-100,-100,-100,-100,-100,-100,-100,-100,-100,-100,-100,-100,-100,-100,-100,-100,-100,-100,-100,-100,-100,-100,-100,-100,-100,-100,-100,-100,-100,-100,-100,-100,-100,-100,-100,-100,-100,-100,-100,-100,-100,-100,-100,-100,-100,-100,-100,-100,-100,-100,-100,-100,-100,-100,-100,-100,-100,-100,-100,-100,-100,-100,-100,-100,-100,-100,-100,-100,-100,-100,-100,-100,-100,-100,-100,-100,-100,-100,-100,-100,-100,-100,-100,-100,-100,-100,-100,-100,-100,-100,-100,-100,-100,-100,-100,-100,-100,-100,-100,-100,-100,-100,-100,-100,-100,-100,-100,-100,-100,-100,-100,-100,-100,-100,-100,-100,-100,-100,-100,-100,-100,-100,-100,-100,-100,-100,-100,-100,-100,-100.0,-100,-100,-100,-100,-100,-100,-100,-100,-100,-100,-100,-100,-100,-100,-100,-100,-100,-100,-100,-100,-100,-100,-100,-100,-100,-100,-100,-100,-100,-100,-100,-100
177.9737,-71.04479744923344,-100.0,-100,-100,-100,-100,-100,-100,-79.4130940515054,-100,-100,-100.0,-100.0,-100,-100.0,-100.0,-100,-100,-100,-100,-100.0,-100,-100.0,-100.0,-100.0,-100,-100.0,-100,-100,-100,-100,-100,-100,-100,-100,-100,-83.04738977075024,-100.0,-100,-100,-100,-100,-100,-100,-100,-100.0,-100,-100,-100,-100,-100,-100,-100,-100,-100.0,-100,-100,-100.0,-83.37555167332528,-82.36811395345751,-82.13980642563435,-100,-100,-100,-100.0,-100,-100,-100,-100,-100,-100,-100,-100,-100,-100,-100,-100,-100,-100,-100,-100,-100,-100,-100,-100,-100,-100,-100,-100,-100,-100,-100,-100,-100,-100,-100,-100,-100,-100,-100,-100,-100,-100,-100,-100,-100,-100,-100,-100,-100,-100,-100,-100,-100,-100,-100,-100,-100,-100,-100,-100,-100,-100,-100,-100,-100,-100,-100,-100,-100,-100,-100,-100,-100,-100,-100,-100,-100,-100,-100,-100,-100,-100,-100,-100,-100,-100,-100,-100,-100,-100,-100,-100,-100,-100,-100,-100,-100,-100,-100,-100,-100,-100,-100,-100,-100,-100,-100,-100,-100,-100,-100,-100,-100,-100,-100,-100,-100,-100,-100,-100,-100,-100,-100,-100,-100,-100,-100,-100,-100,-100,-100,-100,-100,-100,-100,-100,-100,-100,-100,-100,-100,-100,-100,-100.0,-100,-100,-100,-100,-100,-100,-100,-100,-100,-100,-100,-100,-100,-100,-100,-100,-100,-100,-100,-100,-100,-100,-100,-100,-100,-100,-100,-100,-100,-100,-100,-100
179.9698,-72.16165052283212,-100.0,-100,-100,-100,-100,-100,-100,-79.29644633114536,-100,-100,-100.0,-100.0,-100,-78.21577625585006,-100.0,-100,-100,-100,-100,-100.0,-100,-100.0,-81.0379689777121,-100.0,-100,-100.0,-100,-100,-100,-100,-100,-100,-100,-100,-100,-100.0,-100.0,-100,-100,-100,-100,-100,-100,-100,-100.0,-100,-100,-100,-100,-100,-100,-100,-100,-100.0,-100,-100,-100.0,-81.85762652749978,-81.41704043121321,-100.0,-100,-100,-100,-100.0,-100,-100,-100,-100,-100,-100,-100,-100,-100,-100,-100,-100,-100,-100,-100,-100,-100,-100,-100,-100,-100,-100,-100,-100,-100,-100,-100,-100,-100,-100,-100,-100,-100,-100,-100,-100,-100,-100,-100,-100,-100,-100,-100,-100,-100,-100,-100,-100,-100,-100,-100,-100,-100,-100,-100,-100,-100,-100,-100,-100,-100,-100,-100,-100,-100,-100,-100,-100,-100,-100,-100,-100,-100,-100,-100,-100,-100,-100,-100,-100,-100,-100,-100,-100,-100,-100,-100,-100,-100,-100,-100,-100,-100,-100,-100,-100,-100,-100,-100,-100,-100,-100,-100,-100,-100,-100,-100,-100,-100,-100,-100,-100,-100,-100,-100,-100,-100,-100,-100,-100,-100,-100,-100,-100,-100,-100,-100,-100,-100,-100,-100,-100,-100,-100,-100,-100,-100,-100,-100,-100.0,-100,-100,-100,-100,-100,-100,-100,-100,-100,-100,-100,-100,-100,-100,-100,-100,-100,-100,-100,-100,-100,-100,-100,-100,-100,-100,-100,-100,-100,-100,-100,-100
181.9676,-72.116004343918,-100.0,-100,-100,-100,-100,-100,-100,-78.08323430751298,-100,-100,-100.0,-100.0,-100,-78.43722198152426,-100.0,-100,-100,-100,-100,-100.0,-100,-100.0,-100.0,-100.0,-100,-100.0,-100,-100,-100,-100,-100,-100,-100,-100,-100,-100.0,-100.0,-100,-100,-100,-100,-100,-100,-100,-81.18619968862274,-100,-100,-100,-100,-100,-100,-100,-100,-100.0,-100,-100,-100.0,-81.33307794365179,-81.01690265300844,-100.0,-100,-100,-100,-100.0,-100,-100,-100,-100,-100,-100,-100,-100,-100,-100,-100,-100,-100,-100,-100,-100,-100,-100,-100,-100,-100,-100,-100,-100,-100,-100,-100,-100,-100,-100,-100,-100,-100,-100,-100,-100,-100,-100,-100,-100,-100,-100,-100,-100,-100,-100,-100,-100,-100,-100,-100,-100,-100,-100,-100,-100,-100,-100,-100,-100,-100,-100,-100,-100,-100,-100,-100,-100,-100,-100,-100,-100,-100,-100,-100,-100,-100,-100,-100,-100,-100,-100,-100,-100,-100,-100,-100,-100,-100,-100,-100,-100,-100,-100,-100,-100,-100,-100,-100,-100,-100,-100,-100,-100,-100,-100,-100,-100,-100,-100,-100,-100,-100,-100,-100,-100,-100,-100,-100,-100,-100,-100,-100,-100,-100,-100,-100,-100,-100,-100,-100,-100,-100,-100,-100,-100,-100,-100,-100,-100.0,-100,-100,-100,-100,-100,-100,-100,-100,-100,-100,-100,-100,-100,-100,-100,-100,-100,-100,-100,-100,-100,-100,-100,-100,-100,-100,-100,-100,-100,-100,-100,-100
183.9577,-71.23612044816728,-100.0,-100,-100,-100,-100,-100,-100,-77.21260387360427,-100,-100,-100.0,-100.0,-100,-100.0,-100.0,-100,-100,-100,-100,-100.0,-100,-100.0,-100.0,-100.0,-100,-100.0,-100,-100,-100,-100,-100,-100,-100,-100,-100,-100.0,-100.0,-100,-100,-100,-100,-100,-100,-100,-80.00411863741917,-100,-100,-100,-100,-100,-100,-100,-100,-100.0,-100,-100,-100.0,-81.23902482744833,-81.01212975459877,-81.81795280904808,-100,-100,-100,-100.0,-100,-100,-100,-100,-100,-100,-100,-100,-100,-100,-100,-100,-100,-100,-100,-100,-100,-100,-100,-100,-100,-100,-100,-100,-100,-100,-100,-100,-100,-100,-100,-100,-100,-100,-100,-100,-100,-100,-100,-100,-100,-100,-100,-100,-100,-100,-100,-100,-100,-100,-100,-100,-100,-100,-100,-100,-100,-100,-100,-100,-100,-100,-100,-100,-100,-100,-100,-100,-100,-100,-100,-100,-100,-100,-100,-100,-100,-100,-100,-100,-100,-100,-100,-100,-100,-100,-100,-100,-100,-100,-100,-100,-100,-100,-100,-100,-100,-100,-100,-100,-100,-100,-100,-100,-100,-100,-100,-100,-100,-100,-100,-100,-100,-100,-100,-100,-100,-100,-100,-100,-100,-100,-100,-100,-100,-100,-100,-100,-100,-100,-100,-100,-100,-100,-100,-100,-100,-100,-100,-100.0,-100,-100,-100,-100,-100,-100,-100,-100,-100,-100,-100,-100,-100,-100,-100,-100,-100,-100,-100,-100,-100,-100,-100,-100,-100,-100,-100,-100,-100,-100,-100,-100
185.9755,-68.91044020322464,-100.0,-100,-100,-100,-100,-100,-100,-76.02306692228511,-100,-100,-81.6650646074105,-100.0,-100,-77.74900972787367,-100.0,-100,-100,-100,-100,-100.0,-100,-100.0,-100.0,-100.0,-100,-100.0,-100,-100,-100,-100,-100,-100,-100,-100,-100,-82.46925665899015,-100.0,-100,-100,-100,-100,-100,-100,-100,-100.0,-100,-100,-100,-100,-100,-100,-100,-100,-100.0,-100,-100,-100.0,-100.0,-100.0,-80.73985575493354,-100,-100,-100,-100.0,-100,-100,-100,-100,-100,-100,-100,-100,-100,-100,-100,-100,-100,-100,-100,-100,-100,-100,-100,-100,-100,-100,-100,-100,-100,-100,-100,-100,-100,-100,-100,-100,-100,-100,-100,-100,-100,-100,-100,-100,-100,-100,-100,-100,-100,-100,-100,-100,-100,-100,-100,-100,-100,-100,-100,-100,-100,-100,-100,-100,-100,-100,-100,-100,-100,-100,-100,-100,-100,-100,-100,-100,-100,-100,-100,-100,-100,-100,-100,-100,-100,-100,-100,-100,-100,-100,-100,-100,-100,-100,-100,-100,-100,-100,-100,-100,-100,-100,-100,-100,-100,-100,-100,-100,-100,-100,-100,-100,-100,-100,-100,-100,-100,-100,-100,-100,-100,-100,-100,-100,-100,-100,-100,-100,-100,-100,-100,-100,-100,-100,-100,-100,-100,-100,-100,-100,-100,-100,-100,-100.0,-100,-100,-100,-100,-100,-100,-100,-100,-100,-100,-100,-100,-100,-100,-100,-100,-100,-100,-100,-100,-100,-100,-100,-100,-100,-100,-100,-100,-100,-100,-100,-100
187.9478,-67.52385123254574,-100.0,-100,-100,-100,-100,-100,-100,-75.73417768791965,-100,-100,-100.0,-100.0,-100,-77.81988328068661,-100.0,-100,-100,-100,-100,-100.0,-100,-100.0,-100.0,-100.0,-100,-100.0,-100,-100,-100,-100,-100,-100,-100,-100,-100,-100.0,-100.0,-100,-100,-100,-100,-100,-100,-100,-100.0,-100,-100,-100,-100,-100,-100,-100,-100,-100.0,-100,-100,-100.0,-80.88915432927813,-80.44395321444478,-80.53093847390667,-100,-100,-100,-100.0,-100,-100,-100,-100,-100,-100,-100,-100,-100,-100,-100,-100,-100,-100,-100,-100,-100,-100,-100,-100,-100,-100,-100,-100,-100,-100,-100,-100,-100,-100,-100,-100,-100,-100,-100,-100,-100,-100,-100,-100,-100,-100,-100,-100,-100,-100,-100,-100,-100,-100,-100,-100,-100,-100,-100,-100,-100,-100,-100,-100,-100,-100,-100,-100,-100,-100,-100,-100,-100,-100,-100,-100,-100,-100,-100,-100,-100,-100,-100,-100,-100,-100,-100,-100,-100,-100,-100,-100,-100,-100,-100,-100,-100,-100,-100,-100,-100,-100,-100,-100,-100,-100,-100,-100,-100,-100,-100,-100,-100,-100,-100,-100,-100,-100,-100,-100,-100,-100,-100,-100,-100,-100,-100,-100,-100,-100,-100,-100,-100,-100,-100,-100,-100,-100,-100,-100,-100,-100,-100,-100.0,-100,-100,-100,-100,-100,-100,-100,-100,-100,-100,-100,-100,-100,-100,-100,-100,-100,-100,-100,-100,-100,-100,-100,-100,-100,-100,-100,-100,-100,-100,-100,-100
189.9545,-64.83454711093918,-100.0,-100,-100,-100,-100,-100,-100,-75.24448805608425,-100,-100,-100.0,-100.0,-100,-76.45886538404856,-100.0,-100,-100,-100,-100,-100.0,-100,-100.0,-100.0,-100.0,-100,-100.0,-100,-100,-100,-100,-100,-100,-100,-100,-100,-80.64249580647949,-100.0,-100,-100,-100,-100,-100,-100,-100,-79.72057993818325,-100,-100,-100,-100,-100,-100,-100,-100,-100.0,-100,-100,-100.0,-80.63807875658328,-100.0,-100.0,-100,-100,-100,-100.0,-100,-100,-100,-100,-100,-100,-100,-100,-100,-100,-100,-100,-100,-100,-100,-100,-100,-100,-100,-100,-100,-100,-100,-100,-100,-100,-100,-100,-100,-100,-100,-100,-100,-100,-100,-100,-100,-100,-100,-100,-100,-100,-100,-100,-100,-100,-100,-100,-100,-100,-100,-100,-100,-100,-100,-100,-100,-100,-100,-100,-100,-100,-100,-100,-100,-100,-100,-100,-100,-100,-100,-100,-100,-100,-100,-100,-100,-100,-100,-100,-100,-100,-100,-100,-100,-100,-100,-100,-100,-100,-100,-100,-100,-100,-100,-100,-100,-100,-100,-100,-100,-100,-100,-100,-100,-100,-100,-100,-100,-100,-100,-100,-100,-100,-100,-100,-100,-100,-100,-100,-100,-100,-100,-100,-100,-100,-100,-100,-100,-100,-100,-100,-100,-100,-100,-100,-100,-100,-100,-100.0,-100,-100,-100,-100,-100,-100,-100,-100,-100,-100,-100,-100,-100,-100,-100,-100,-100,-100,-100,-100,-100,-100,-100,-100,-100,-100,-100,-100,-100,-100,-100,-100
191.9633,-64.31651559340871,-100.0,-100,-100,-100,-100,-100,-100,-76.30495335556327,-100,-100,-100.0,-100.0,-100,-100.0,-100.0,-100,-100,-100,-100,-100.0,-100,-100.0,-100.0,-100.0,-100,-100.0,-100,-100,-100,-100,-100,-100,-100,-100,-100,-100.0,-100.0,-100,-100,-100,-100,-100,-100,-100,-100.0,-100,-100,-100,-100,-100,-100,-100,-100,-100.0,-100,-100,-76.63011031797534,-79.32839803899807,-79.18908883195715,-80.09863865959936,-100,-100,-100,-100.0,-100,-100,-100,-100,-100,-100,-100,-100,-100,-100,-100,-100,-100,-100,-100,-100,-100,-100,-100,-100,-100,-100,-100,-100,-100,-100,-100,-100,-100,-100,-100,-100,-100,-100,-100,-100,-100,-100,-100,-100,-100,-100,-100,-100,-100,-100,-100,-100,-100,-100,-100,-100,-100,-100,-100,-100,-100,-100,-100,-100,-100,-100,-100,-100,-100,-100,-100,-100,-100,-100,-100,-100,-100,-100,-100,-100,-100,-100,-100,-100,-100,-100,-100,-100,-100,-100,-100,-100,-100,-100,-100,-100,-100,-100,-100,-100,-100,-100,-100,-100,-100,-100,-100,-100,-100,-100,-100,-100,-100,-100,-100,-100,-100,-100,-100,-100,-100,-100,-100,-100,-100,-100,-100,-100,-100,-100,-100,-100,-100,-100,-100,-100,-100,-100,-100,-100,-100,-100,-100,-100.0,-100,-100,-100,-100,-100,-100,-100,-100,-100,-100,-100,-100,-100,-100,-100,-100,-100,-100,-100,-100,-100,-100,-100,-100,-100,-100,-100,-100,-100,-100,-100,-100
193.9658,-61.68575801723555,-100.0,-100,-100,-100,-100,-100,-100,-72.83033358596748,-100,-100,-100.0,-100.0,-100,-76.89404434405431,-100.0,-100,-100,-100,-100,-100.0,-100,-100.0,-100.0,-100.0,-100,-100.0,-100,-100,-100,-100,-100,-100,-100,-100,-100,-79.61394351748278,-100.0,-100,-100,-100,-100,-100,-100,-100,-79.23472998039551,-100,-100,-100,-100,-100,-100,-100,-100,-100.0,-100,-100,-100.0,-78.95329071800136,-100.0,-100.0,-100,-100,-100,-100.0,-100,-100,-100,-100,-100,-100,-100,-100,-100,-100,-100,-100,-100,-100,-100,-100,-100,-100,-100,-100,-100,-100,-100,-100,-100,-100,-100,-100,-100,-100,-100,-100,-100,-100,-100,-100,-100,-100,-100,-100,-100,-100,-100,-100,-100,-100,-100,-100,-100,-100,-100,-100,-100,-100,-100,-100,-100,-100,-100,-100,-100,-100,-100,-100,-100,-100,-100,-100,-100,-100,-100,-100,-100,-100,-100,-100,-100,-100,-100,-100,-100,-100,-100,-100,-100,-100,-100,-100,-100,-100,-100,-100,-100,-100,-100,-100,-100,-100,-100,-100,-100,-100,-100,-100,-100,-100,-100,-100,-100,-100,-100,-100,-100,-100,-100,-100,-100,-100,-100,-100,-100,-100,-100,-100,-100,-100,-100,-100,-100,-100,-100,-100,-100,-100,-100,-100,-100,-100,-100,-100.0,-100,-100,-100,-100,-100,-100,-100,-100,-100,-100,-100,-100,-100,-100,-100,-100,-100,-100,-100,-100,-100,-100,-100,-100,-100,-100,-100,-100,-100,-100,-100,-100
195.9768,-60.080238139105134,-100.0,-100,-100,-100,-100,-100,-100,-69.77211060033493,-100,-100,-100.0,-100.0,-100,-75.79446086164992,-100.0,-100,-100,-100,-100,-100.0,-100,-100.0,-100.0,-100.0,-100,-100.0,-100,-100,-100,-100,-100,-100,-100,-100,-100,-100.0,-100.0,-100,-100,-100,-100,-100,-100,-100,-77.47419376201337,-100,-100,-100,-100,-100,-100,-100,-100,-100.0,-100,-100,-100.0,-100.0,-78.0061919568926,-78.37653132879927,-100,-100,-100,-100.0,-100,-100,-100,-100,-100,-100,-100,-100,-100,-100,-100,-100,-100,-100,-100,-100,-100,-100,-100,-100,-100,-100,-100,-100,-100,-100,-100,-100,-100,-100,-100,-100,-100,-100,-100,-100,-100,-100,-100,-100,-100,-100,-100,-100,-100,-100,-100,-100,-100,-100,-100,-100,-100,-100,-100,-100,-100,-100,-100,-100,-100,-100,-100,-100,-100,-100,-100,-100,-100,-100,-100,-100,-100,-100,-100,-100,-100,-100,-100,-100,-100,-100,-100,-100,-100,-100,-100,-100,-100,-100,-100,-100,-100,-100,-100,-100,-100,-100,-100,-100,-100,-100,-100,-100,-100,-100,-100,-100,-100,-100,-100,-100,-100,-100,-100,-100,-100,-100,-100,-100,-100,-100,-100,-100,-100,-100,-100,-100,-100,-100,-100,-100,-100,-100,-100,-100,-100,-100,-100,-100.0,-100,-100,-100,-100,-100,-100,-100,-100,-100,-100,-100,-100,-100,-100,-100,-100,-100,-100,-100,-100,-100,-100,-100,-100,-100,-100,-100,-100,-100,-100,-100,-100
197.9873,-62.034210711613085,-100.0,-100,-100,-100,-100,-100,-100,-100.0,-100,-100,-100.0,-100.0,-100,-74.44062163828461,-100.0,-100,-100,-100,-100,-100.0,-100,-100.0,-100.0,-100.0,-100,-100.0,-100,-100,-100,-100,-100,-100,-100,-100,-100,-75.48732104356318,-100.0,-100,-100,-100,-100,-100,-100,-100,-100.0,-100,-100,-100,-100,-100,-100,-100,-100,-100.0,-100,-100,-100.0,-75.5779719304892,-74.89831084135022,-75.72882677242451,-100,-100,-100,-100.0,-100,-100,-100,-100,-100,-100,-100,-100,-100,-100,-100,-100,-100,-100,-100,-100,-100,-100,-100,-100,-100,-100,-100,-100,-100,-100,-100,-100,-100,-100,-100,-100,-100,-100,-100,-100,-100,-100,-100,-100,-100,-100,-100,-100,-100,-100,-100,-100,-100,-100,-100,-100,-100,-100,-100,-100,-100,-100,-100,-100,-100,-100,-100,-100,-100,-100,-100,-100,-100,-100,-100,-100,-100,-100,-100,-100,-100,-100,-100,-100,-100,-100,-100,-100,-100,-100,-100,-100,-100,-100,-100,-100,-100,-100,-100,-100,-100,-100,-100,-100,-100,-100,-100,-100,-100,-100,-100,-100,-100,-100,-100,-100,-100,-100,-100,-100,-100,-100,-100,-100,-100,-100,-100,-100,-100,-100,-100,-100,-100,-100,-100,-100,-100,-100,-100,-100,-100,-100,-100,-100.0,-100,-100,-100,-100,-100,-100,-100,-100,-100,-100,-100,-100,-100,-100,-100,-100,-100,-100,-100,-100,-100,-100,-100,-100,-100,-100,-100,-100,-100,-100,-100,-100
