AppTimestamp(s),wifi_rssi_20:23:00:00:00:01,wifi_rssi_20:23:00:00:00:02,wifi_rssi_20:23:00:00:00:03,wifi_rssi_20:23:00:00:00:04,wifi_rssi_20:23:00:00:00:05,wifi_rssi_20:23:00:00:00:06,wifi_rssi_20:23:00:00:00:07,wifi_rssi_20:23:00:00:00:08,wifi_rssi_20:23:00:00:00:09,wifi_rssi_20:23:00:00:00:10,wifi_rssi_20:23:00:00:00:11,wifi_rssi_20:23:00:00:00:12,wifi_rssi_20:23:00:00:00:13,wifi_rssi_20:23:00:00:00:14,wifi_rssi_20:23:00:00:00:15,wifi_rssi_20:23:00:00:00:16,wifi_rssi_20:23:00:00:00:17,wifi_rssi_20:23:00:00:00:18,wifi_rssi_20:23:00:00:00:19,wifi_rssi_20:23:00:00:00:21,wifi_rssi_20:23:00:00:00:22,wifi_rssi_20:23:00:00:00:23,wifi_rssi_20:23:00:00:00:24,wifi_rssi_20:23:00:00:00:25,wifi_rssi_20:23:00:00:00:26,wifi_rssi_20:23:00:00:00:27,wifi_rssi_20:23:00:00:00:28,wifi_rssi_20:23:00:00:00:30,wifi_rssi_20:23:00:00:00:31,wifi_rssi_20:23:00:00:00:34,wifi_rssi_20:23:00:00:00:35,wifi_rssi_20:23:00:00:00:36,wifi_rssi_20:23:00:00:00:37,wifi_rssi_20:23:00:00:00:38,wifi_rssi_20:23:00:00:00:41,wifi_rssi_20:23:00:00:00:42,wifi_rssi_20:23:00:00:00:44,wifi_rssi_20:23:00:00:00:45,wifi_rssi_20:23:00:00:00:46,wifi_rssi_20:23:00:00:00:47,wifi_rssi_20:23:00:00:00:48,wifi_rssi_20:23:00:00:00:49,wifi_rssi_20:23:00:00:00:50,wifi_rssi_20:23:00:00:00:51,wifi_rssi_20:23:00:00:00:52,wifi_rssi_20:23:00:00:00:55,wifi_rssi_20:23:00:00:00:56,wifi_rssi_20:23:00:00:00:57,wifi_rssi_20:23:00:00:00:59,wifi_rssi_20:23:00:00:00:61,wifi_rssi_20:23:00:00:00:62,wifi_rssi_20:23:00:00:00:65,wifi_rssi_20:23:00:00:00:67,wifi_rssi_20:23:00:00:00:68,wifi_rssi_20:23:00:00:00:69,wifi_rssi_20:23:00:00:00:71,wifi_rssi_20:23:00:00:00:72,wifi_rssi_20:23:00:00:00:73,wifi_rssi_20:23:00:00:00:79,wifi_rssi_20:23:00:00:00:80,wifi_rssi_20:23:00:00:00:82,wifi_rssi_20:23:00:00:00:84,wifi_rssi_20:23:00:00:00:88,wifi_rssi_20:23:00:00:00:89,wifi_rssi_20:23:00:00:00:90,wifi_rssi_20:23:00:00:00:91,wifi_rssi_20:23:00:00:00:92,wifi_rssi_20:23:00:00:00:93,wifi_rssi_20:23:00:00:00:94,wifi_rssi_20:23:00:00:00:95,wifi_rssi_20:23:00:00:00:96,wifi_rssi_20:23:00:00:00:97,wifi_rssi_20:23:00:00:00:98,wifi_rssi_20:23:00:00:00:99,wifi_rssi_20:23:00:00:01:00,wifi_rssi_20:23:00:00:01:01,wifi_rssi_20:23:00:00:01:02,wifi_rssi_20:23:00:00:01:03,wifi_rssi_20:23:00:00:01:04,wifi_rssi_20:23:00:00:01:05,wifi_rssi_20:23:00:00:01:06,wifi_rssi_20:23:00:00:01:07,wifi_rssi_20:23:00:00:01:08,wifi_rssi_20:23:00:00:01:09,wifi_rssi_20:23:00:00:01:10,wifi_rssi_20:23:00:00:01:11,wifi_rssi_20:23:00:00:01:12,wifi_rssi_20:23:00:00:01:13,wifi_rssi_20:23:00:00:01:14,wifi_rssi_20:23:00:00:01:15,wifi_rssi_20:23:00:00:01:16,wifi_rssi_20:23:00:00:01:17,wifi_rssi_20:23:00:00:01:18,wifi_rssi_20:23:00:00:01:19,wifi_rssi_20:23:00:00:01:20,wifi_rssi_20:23:00:00:01:21,wifi_rssi_20:23:00:00:01:22,wifi_rssi_20:23:00:00:01:23,wifi_rssi_20:23:00:00:01:24,wifi_rssi_20:23:00:00:01:26,wifi_rssi_20:23:00:00:01:27,wifi_rssi_20:23:00:00:01:28,wifi_rssi_20:23:00:00:01:29,wifi_rssi_20:23:00:00:01:31,wifi_rssi_20:23:00:00:01:32,wifi_rssi_20:23:00:00:01:33,wifi_rssi_20:23:00:00:01:34,wifi_rssi_20:23:00:00:01:35,wifi_rssi_20:23:00:00:01:36,wifi_rssi_20:23:00:00:01:37,wifi_rssi_20:23:00:00:01:38,wifi_rssi_20:23:00:00:01:39,wifi_rssi_20:23:00:00:01:40,wifi_rssi_20:23:00:00:01:41,wifi_rssi_20:23:00:00:01:42,wifi_rssi_20:23:00:00:01:43,wifi_rssi_20:23:00:00:01:44,wifi_rssi_20:23:00:00:01:45,wifi_rssi_20:23:00:00:01:46,wifi_rssi_20:23:00:00:01:47,wifi_rssi_20:23:00:00:01:51,wifi_rssi_20:23:00:00:01:52,wifi_rssi_20:23:00:00:01:54,wifi_rssi_20:23:00:00:01:55,wifi_rssi_20:23:00:00:01:56,wifi_rssi_20:23:00:00:01:58,wifi_rssi_20:23:00:00:01:59,wifi_rssi_20:23:00:00:01:60,wifi_rssi_20:23:00:00:01:62,wifi_rssi_20:23:00:00:01:64,wifi_rssi_20:23:00:00:01:65,wifi_rssi_20:23:00:00:01:66,wifi_rssi_20:23:00:00:01:67,wifi_rssi_20:23:00:00:01:68,wifi_rssi_20:23:00:00:01:69,wifi_rssi_20:23:00:00:01:70,wifi_rssi_20:23:00:00:01:71,wifi_rssi_20:23:00:00:01:72,wifi_rssi_20:23:00:00:01:73,wifi_rssi_20:23:00:00:01:74,wifi_rssi_20:23:00:00:01:75,wifi_rssi_20:23:00:00:01:76,wifi_rssi_20:23:00:00:01:77,wifi_rssi_20:23:00:00:01:81,wifi_rssi_20:23:00:00:01:82,wifi_rssi_20:23:00:00:01:83,wifi_rssi_20:23:00:00:01:84,wifi_rssi_20:23:00:00:01:85,wifi_rssi_20:23:00:00:01:86,wifi_rssi_20:23:00:00:01:87,wifi_rssi_20:23:00:00:01:88,wifi_rssi_20:23:00:00:01:89,wifi_rssi_20:23:00:00:01:90,wifi_rssi_20:23:00:00:01:91,wifi_rssi_20:23:00:00:01:92,wifi_rssi_20:23:00:00:01:93,wifi_rssi_20:23:00:00:01:94,wifi_rssi_20:23:00:00:01:95,wifi_rssi_20:23:00:00:01:96,wifi_rssi_20:23:00:00:01:97,wifi_rssi_20:23:00:00:01:98,wifi_rssi_20:23:00:00:02:01,wifi_rssi_20:23:00:00:02:07,wifi_rssi_20:23:00:00:02:09,wifi_rssi_20:23:00:00:02:10,wifi_rssi_20:23:00:00:02:11,wifi_rssi_20:23:00:00:02:12,wifi_rssi_20:23:00:00:02:14,wifi_rssi_20:23:00:00:02:15,wifi_rssi_20:23:00:00:02:16,wifi_rssi_20:23:00:00:02:17,wifi_rssi_20:23:00:00:02:18,wifi_rssi_20:23:00:00:02:19,wifi_rssi_20:23:00:00:02:20,wifi_rssi_20:23:00:00:02:21,wifi_rssi_20:23:00:00:02:22,wifi_rssi_20:23:00:00:02:23,wifi_rssi_20:23:00:00:02:24,wifi_rssi_20:23:00:00:02:25,wifi_rssi_20:23:00:00:02:26,wifi_rssi_20:23:00:00:02:27,wifi_rssi_20:23:00:00:02:28,wifi_rssi_20:23:00:00:02:29,wifi_rssi_20:23:00:00:02:30,wifi_rssi_20:23:00:00:02:34,wifi_rssi_20:23:00:00:02:35,wifi_rssi_20:23:00:00:02:39,wifi_rssi_20:23:00:00:02:54,wifi_rssi_20:23:00:00:02:55,wifi_rssi_20:23:00:00:02:56,wifi_rssi_20:23:00:00:02:57,wifi_rssi_20:23:00:00:02:58,wifi_rssi_20:23:00:00:02:59,wifi_rssi_20:23:00:00:02:60,wifi_rssi_20:23:00:00:02:61,wifi_rssi_20:23:00:00:02:65,wifi_rssi_20:23:00:00:02:67,wifi_rssi_20:23:00:00:02:70,wifi_rssi_20:23:00:00:02:73,wifi_rssi_20:23:00:00:02:74,wifi_rssi_20:23:00:00:02:82,wifi_rssi_20:23:00:00:02:88,wifi_rssi_20:23:00:00:02:89,wifi_rssi_20:23:00:00:03:08,wifi_rssi_20:23:00:00:03:11,wifi_rssi_20:23:00:00:03:12,wifi_rssi_20:23:00:00:03:13,wifi_rssi_20:23:00:00:03:15,wifi_rssi_20:23:00:00:03:16,wifi_rssi_20:23:00:00:03:17,wifi_rssi_20:23:00:00:03:20,wifi_rssi_20:23:00:00:03:21,wifi_rssi_20:23:00:00:03:22,wifi_rssi_20:23:00:00:03:25,wifi_rssi_20:23:00:00:03:26,wifi_rssi_20:23:00:00:03:27,wifi_rssi_20:23:00:00:03:28,wifi_rssi_20:23:00:00:03:29,wifi_rssi_20:23:00:00:03:30,wifi_rssi_20:23:00:00:03:31,wifi_rssi_20:23:00:00:03:32,wifi_rssi_20:23:00:00:03:33,wifi_rssi_20:23:00:00:03:34,wifi_rssi_20:23:00:00:03:35,wifi_rssi_20:23:00:00:03:36,wifi_rssi_20:23:00:00:03:37,wifi_rssi_20:23:00:00:03:38,wifi_rssi_20:23:00:00:03:39,wifi_rssi_20:23:00:00:03:40,wifi_rssi_20:23:00:00:03:41,wifi_rssi_20:23:00:00:03:42,wifi_rssi_20:23:00:00:03:43,wifi_rssi_20:23:00:00:03:44,wifi_rssi_20:23:00:00:03:45,wifi_rssi_20:23:00:00:03:46,wifi_rssi_20:23:00:00:03:47,wifi_rssi_20:23:00:00:03:48
1.9869,-63.0,-140.0,-94.0,-87.0,-89.0,-140.0,-140.0,-140.0,-71.0,-140.0,-140.0,-140.0,-140.0,-87.0,-71.0,-87.0,-140.0,-140,-140.0,-86.0,-140.0,-140.0,-140.0,-81.0,-88.0,-87.0,-86.0,-140.0,-140,-140.0,-140,-140,-140.0,-90.0,-140,-140.0,-140.0,-75.0,-140.0,-140,-140.0,-140,-140,-140.0,-140.0,-71.0,-140,-140.0,-140,-140,-140,-92.0,-140,-140.0,-140.0,-140,-140,-84.0,-71.0,-71.0,-140.0,-140,-140.0,-140.0,-140.0,-140.0,-140,-140,-140,-140,-140,-140,-140,-140,-140,-140,-140,-140,-140,-140,-140,-140,-140,-140,-140,-140,-140,-140,-140,-140,-140,-140,-140,-140,-140,-140,-140,-140,-140,-140,-140,-140,-140,-140,-140,-140,-140,-140,-140,-140,-140,-140,-140,-140,-140,-140,-140,-140,-140,-140,-140,-140,-140,-140,-140,-140,-140,-140,-140,-140,-140,-140,-140,-140,-140,-140,-140,-140,-140,-140,-140,-140,-140,-140,-140,-140,-140,-140,-140,-140,-140,-140,-140,-140,-140,-140,-140,-140,-140,-140,-140,-140,-140,-140,-140,-140,-140,-140,-140,-140,-140,-140,-140,-140,-140,-140,-140,-140,-140,-140,-140,-140,-140,-140,-140,-140,-140,-140,-140,-140,-140,-140,-140,-140,-140,-140,-140,-140,-140,-140,-140,-140,-140,-140,-78.0,-140,-140,-140,-140,-140,-140,-140,-140,-140.0,-140,-140,-140,-140,-140,-140,-140,-140,-140.0,-140,-140,-140,-140,-140,-140,-140,-140,-140,-140,-140,-140,-140,-140
4.0047,-67.0,-88.0,-140.0,-140.0,-140.0,-140.0,-94.0,-140.0,-67.0,-140.0,-93.0,-90.0,-140.0,-140.0,-71.0,-140.0,-140.0,-140,-140.0,-140.0,-140.0,-140.0,-90.0,-140.0,-140.0,-140.0,-140.0,-140.0,-140,-140.0,-140,-140,-140.0,-87.0,-140,-140.0,-76.0,-73.0,-140.0,-140,-140.0,-140,-140,-140.0,-140.0,-69.0,-140,-140.0,-140,-140,-140,-140.0,-140,-140.0,-92.0,-140,-140,-140.0,-74.0,-74.0,-140.0,-140,-140.0,-140.0,-140.0,-140.0,-140,-140,-140,-140,-140,-140,-140,-140,-140,-140,-140,-140,-140,-140,-140,-140,-140,-140,-140,-140,-140,-140,-140,-140,-140,-140,-140,-140,-140,-140,-140,-140,-140,-140,-140,-140,-140,-140,-140,-140,-140,-140,-140,-140,-140,-140,-140,-140,-140,-140,-140,-140,-140,-140,-140,-140,-140,-140,-140,-140,-140,-140,-140,-140,-140,-140,-140,-140,-140,-140,-140,-140,-140,-140,-140,-140,-140,-140,-140,-140,-140,-140,-140,-140,-140,-140,-140,-140,-140,-140,-140,-140,-140,-140,-140,-140,-140,-140,-140,-140,-140,-140,-140,-140,-140,-140,-140,-140,-140,-140,-140,-140,-140,-140,-140,-140,-140,-140,-140,-140,-140,-140,-140,-140,-140,-140,-140,-140,-140,-140,-140,-140,-140,-140,-140,-140,-140,-140,-71.0,-140,-140,-140,-140,-140,-140,-140,-140,-140.0,-140,-140,-140,-140,-140,-140,-140,-140,-140.0,-140,-140,-140,-140,-140,-140,-140,-140,-140,-140,-140,-140,-140,-140
5.951,-59.0,-92.0,-140.0,-87.0,-89.0,-140.0,-140.0,-140.0,-140.0,-140.0,-140.0,-91.0,-140.0,-140.0,-72.0,-140.0,-140.0,-140,-140.0,-140.0,-86.0,-140.0,-140.0,-85.0,-91.0,-90.0,-140.0,-140.0,-140,-140.0,-140,-140,-140.0,-140.0,-140,-140.0,-78.0,-74.0,-140.0,-140,-140.0,-140,-140,-140.0,-140.0,-86.0,-140,-140.0,-140,-140,-140,-140.0,-140,-140.0,-140.0,-140,-140,-84.0,-79.0,-79.0,-79.0,-140,-140.0,-140.0,-140.0,-140.0,-140,-140,-140,-140,-140,-140,-140,-140,-140,-140,-140,-140,-140,-140,-140,-140,-140,-140,-140,-140,-140,-140,-140,-140,-140,-140,-140,-140,-140,-140,-140,-140,-140,-140,-140,-140,-140,-140,-140,-140,-140,-140,-140,-140,-140,-140,-140,-140,-140,-140,-140,-140,-140,-140,-140,-140,-140,-140,-140,-140,-140,-140,-140,-140,-140,-140,-140,-140,-140,-140,-140,-140,-140,-140,-140,-140,-140,-140,-140,-140,-140,-140,-140,-140,-140,-140,-140,-140,-140,-140,-140,-140,-140,-140,-140,-140,-140,-140,-140,-140,-140,-140,-140,-140,-140,-140,-140,-140,-140,-140,-140,-140,-140,-140,-140,-140,-140,-140,-140,-140,-140,-140,-140,-140,-140,-140,-140,-140,-140,-140,-140,-140,-140,-140,-140,-140,-140,-140,-66.0,-140,-140,-140,-140,-140,-140,-140,-140,-140.0,-140,-140,-140,-140,-140,-140,-140,-140,-140.0,-140,-140,-140,-140,-140,-140,-140,-140,-140,-140,-140,-140,-140,-140
8.0854,-60.0,-83.0,-140.0,-140.0,-88.0,-140.0,-140.0,-140.0,-67.0,-140.0,-140.0,-90.0,-140.0,-140.0,-72.0,-140.0,-140.0,-140,-88.0,-140.0,-140.0,-140.0,-140.0,-86.0,-89.0,-89.0,-140.0,-140.0,-140,-140.0,-140,-140,-140.0,-89.0,-140,-140.0,-140.0,-77.0,-140.0,-140,-140.0,-140,-140,-140.0,-140.0,-79.0,-140,-140.0,-140,-140,-140,-140.0,-140,-140.0,-140.0,-140,-140,-81.0,-77.0,-77.0,-77.0,-140,-140.0,-94.0,-140.0,-140.0,-140,-140,-140,-140,-140,-140,-140,-140,-140,-140,-140,-140,-140,-140,-140,-140,-140,-140,-140,-140,-140,-140,-140,-140,-140,-140,-140,-140,-140,-140,-140,-140,-140,-140,-140,-140,-140,-140,-140,-140,-140,-140,-140,-140,-140,-140,-140,-140,-140,-140,-140,-140,-140,-140,-140,-140,-140,-140,-140,-140,-140,-140,-140,-140,-140,-140,-140,-140,-140,-140,-140,-140,-140,-140,-140,-140,-140,-140,-140,-140,-140,-140,-140,-140,-140,-140,-140,-140,-140,-140,-140,-140,-140,-140,-140,-140,-140,-140,-140,-140,-140,-140,-140,-140,-140,-140,-140,-140,-140,-140,-140,-140,-140,-140,-140,-140,-140,-140,-140,-140,-140,-140,-140,-140,-140,-140,-140,-140,-140,-140,-140,-140,-140,-140,-140,-140,-140,-140,-70.0,-140,-140,-140,-140,-140,-140,-140,-140,-140.0,-140,-140,-140,-140,-140,-140,-140,-140,-140.0,-140,-140,-140,-140,-140,-140,-140,-140,-140,-140,-140,-140,-140,-140
10.0593,-54.0,-88.0,-140.0,-85.0,-85.0,-140.0,-140.0,-140.0,-70.0,-140.0,-140.0,-92.0,-140.0,-140.0,-140.0,-140.0,-140.0,-140,-140.0,-140.0,-140.0,-140.0,-140.0,-140.0,-140.0,-140.0,-140.0,-140.0,-140,-140.0,-140,-140,-140.0,-140.0,-140,-140.0,-77.0,-140.0,-140.0,-140,-140.0,-140,-140,-140.0,-140.0,-68.0,-140,-140.0,-140,-140,-140,-91.0,-140,-140.0,-140.0,-140,-140,-86.0,-78.0,-78.0,-140.0,-140,-140.0,-140.0,-92.0,-140.0,-140,-140,-140,-140,-140,-140,-140,-140,-140,-140,-140,-140,-140,-140,-140,-140,-140,-140,-140,-140,-140,-140,-140,-140,-140,-140,-140,-140,-140,-140,-140,-140,-140,-140,-140,-140,-140,-140,-140,-140,-140,-140,-140,-140,-140,-140,-140,-140,-140,-140,-140,-140,-140,-140,-140,-140,-140,-140,-140,-140,-140,-140,-140,-140,-140,-140,-140,-140,-140,-140,-140,-140,-140,-140,-140,-140,-140,-140,-140,-140,-140,-140,-140,-140,-140,-140,-140,-140,-140,-140,-140,-140,-140,-140,-140,-140,-140,-140,-140,-140,-140,-140,-140,-140,-140,-140,-140,-140,-140,-140,-140,-140,-140,-140,-140,-140,-140,-140,-140,-140,-140,-140,-140,-140,-140,-140,-140,-140,-140,-140,-140,-140,-140,-140,-140,-140,-140,-140,-140.0,-140,-140,-140,-140,-140,-140,-140,-140,-140.0,-140,-140,-140,-140,-140,-140,-140,-140,-140.0,-140,-140,-140,-140,-140,-140,-140,-140,-140,-140,-140,-140,-140,-140
12.0988,-69.0,-83.0,-140.0,-140.0,-89.0,-140.0,-140.0,-140.0,-73.0,-140.0,-140.0,-76.0,-140.0,-140.0,-77.0,-140.0,-140.0,-140,-91.0,-140.0,-140.0,-140.0,-140.0,-140.0,-140.0,-140.0,-140.0,-140.0,-140,-140.0,-140,-140,-140.0,-140.0,-140,-140.0,-76.0,-83.0,-140.0,-140,-140.0,-140,-140,-140.0,-140.0,-72.0,-140,-96.0,-140,-140,-140,-140.0,-140,-140.0,-85.0,-140,-140,-85.0,-76.0,-76.0,-75.0,-140,-140.0,-140.0,-69.0,-140.0,-140,-140,-140,-140,-140,-140,-140,-140,-140,-140,-140,-140,-140,-140,-140,-140,-140,-140,-140,-140,-140,-140,-140,-140,-140,-140,-140,-140,-140,-140,-140,-140,-140,-140,-140,-140,-140,-140,-140,-140,-140,-140,-140,-140,-140,-140,-140,-140,-140,-140,-140,-140,-140,-140,-140,-140,-140,-140,-140,-140,-140,-140,-140,-140,-140,-140,-140,-140,-140,-140,-140,-140,-140,-140,-140,-140,-140,-140,-140,-140,-140,-140,-140,-140,-140,-140,-140,-140,-140,-140,-140,-140,-140,-140,-140,-140,-140,-140,-140,-140,-140,-140,-140,-140,-140,-140,-140,-140,-140,-140,-140,-140,-140,-140,-140,-140,-140,-140,-140,-140,-140,-140,-140,-140,-140,-140,-140,-140,-140,-140,-140,-140,-140,-140,-140,-140,-140,-140,-78.0,-140,-140,-140,-140,-140,-140,-140,-140,-140.0,-140,-140,-140,-140,-140,-140,-140,-140,-140.0,-140,-140,-140,-140,-140,-140,-140,-140,-140,-140,-140,-140,-140,-140
13.9781,-67.0,-90.0,-140.0,-84.0,-83.0,-140.0,-140.0,-140.0,-72.0,-140.0,-140.0,-140.0,-140.0,-140.0,-76.0,-140.0,-140.0,-140,-140.0,-140.0,-140.0,-140.0,-90.0,-140.0,-140.0,-140.0,-140.0,-140.0,-140,-140.0,-140,-140,-140.0,-92.0,-140,-140.0,-140.0,-77.0,-140.0,-140,-140.0,-140,-140,-140.0,-140.0,-77.0,-140,-92.0,-140,-140,-140,-90.0,-140,-140.0,-140.0,-140,-140,-86.0,-77.0,-77.0,-81.0,-140,-140.0,-140.0,-140.0,-140.0,-140,-140,-140,-140,-140,-140,-140,-140,-140,-140,-140,-140,-140,-140,-140,-140,-140,-140,-140,-140,-140,-140,-140,-140,-140,-140,-140,-140,-140,-140,-140,-140,-140,-140,-140,-140,-140,-140,-140,-140,-140,-140,-140,-140,-140,-140,-140,-140,-140,-140,-140,-140,-140,-140,-140,-140,-140,-140,-140,-140,-140,-140,-140,-140,-140,-140,-140,-140,-140,-140,-140,-140,-140,-140,-140,-140,-140,-140,-140,-140,-140,-140,-140,-140,-140,-140,-140,-140,-140,-140,-140,-140,-140,-140,-140,-140,-140,-140,-140,-140,-140,-140,-140,-140,-140,-140,-140,-140,-140,-140,-140,-140,-140,-140,-140,-140,-140,-140,-140,-140,-140,-140,-140,-140,-140,-140,-140,-140,-140,-140,-140,-140,-140,-140,-140,-140,-140,-140,-77.0,-140,-140,-140,-140,-140,-140,-140,-140,-140.0,-140,-140,-140,-140,-140,-140,-140,-140,-140.0,-140,-140,-140,-140,-140,-140,-140,-140,-140,-140,-140,-140,-140,-140
16.2498,-63.0,-85.0,-140.0,-85.0,-85.0,-93.0,-92.0,-140.0,-68.0,-90.0,-140.0,-88.0,-140.0,-89.0,-79.0,-140.0,-140.0,-140,-140.0,-87.0,-90.0,-140.0,-91.0,-87.0,-140.0,-140.0,-140.0,-140.0,-140,-140.0,-140,-140,-140.0,-89.0,-140,-140.0,-75.0,-79.0,-140.0,-140,-140.0,-140,-140,-140.0,-140.0,-76.0,-140,-140.0,-140,-140,-140,-140.0,-140,-140.0,-140.0,-140,-140,-140.0,-71.0,-71.0,-76.0,-140,-140.0,-140.0,-140.0,-140.0,-140,-140,-140,-140,-140,-140,-140,-140,-140,-140,-140,-140,-140,-140,-140,-140,-140,-140,-140,-140,-140,-140,-140,-140,-140,-140,-140,-140,-140,-140,-140,-140,-140,-140,-140,-140,-140,-140,-140,-140,-140,-140,-140,-140,-140,-140,-140,-140,-140,-140,-140,-140,-140,-140,-140,-140,-140,-140,-140,-140,-140,-140,-140,-140,-140,-140,-140,-140,-140,-140,-140,-140,-140,-140,-140,-140,-140,-140,-140,-140,-140,-140,-140,-140,-140,-140,-140,-140,-140,-140,-140,-140,-140,-140,-140,-140,-140,-140,-140,-140,-140,-140,-140,-140,-140,-140,-140,-140,-140,-140,-140,-140,-140,-140,-140,-140,-140,-140,-140,-140,-140,-140,-140,-140,-140,-140,-140,-140,-140,-140,-140,-140,-140,-140,-140,-140,-140,-140,-140.0,-140,-140,-140,-140,-140,-140,-140,-140,-140.0,-140,-140,-140,-140,-140,-140,-140,-140,-140.0,-140,-140,-140,-140,-140,-140,-140,-140,-140,-140,-140,-140,-140,-140
20.0214,-72.0,-87.0,-140.0,-87.0,-84.0,-140.0,-140.0,-140.0,-65.0,-140.0,-140.0,-86.0,-140.0,-140.0,-67.0,-140.0,-140.0,-140,-140.0,-140.0,-140.0,-140.0,-140.0,-86.0,-87.0,-87.0,-87.0,-140.0,-140,-140.0,-140,-140,-140.0,-140.0,-140,-140.0,-68.0,-77.0,-140.0,-140,-140.0,-140,-140,-140.0,-140.0,-76.0,-140,-140.0,-140,-140,-140,-92.0,-140,-140.0,-140.0,-140,-140,-78.0,-73.0,-72.0,-69.0,-140,-88.0,-140.0,-140.0,-140.0,-140,-140,-140,-140,-140,-140,-140,-140,-140,-140,-140,-140,-140,-140,-140,-140,-140,-140,-140,-140,-140,-140,-140,-140,-140,-140,-140,-140,-140,-140,-140,-140,-140,-140,-140,-140,-140,-140,-140,-140,-140,-140,-140,-140,-140,-140,-140,-140,-140,-140,-140,-140,-140,-140,-140,-140,-140,-140,-140,-140,-140,-140,-140,-140,-140,-140,-140,-140,-140,-140,-140,-140,-140,-140,-140,-140,-140,-140,-140,-140,-140,-140,-140,-140,-140,-140,-140,-140,-140,-140,-140,-140,-140,-140,-140,-140,-140,-140,-140,-140,-140,-140,-140,-140,-140,-140,-140,-140,-140,-140,-140,-140,-140,-140,-140,-140,-140,-140,-140,-140,-140,-140,-140,-140,-140,-140,-140,-140,-140,-140,-140,-140,-140,-140,-140,-140,-140,-140,-75.0,-140,-140,-140,-140,-140,-140,-140,-140,-140.0,-140,-140,-140,-140,-140,-140,-140,-140,-140.0,-140,-140,-140,-140,-140,-140,-140,-140,-140,-140,-140,-140,-140,-140
21.9582,-60.0,-90.0,-94.0,-140.0,-140.0,-88.0,-140.0,-140.0,-72.0,-140.0,-140.0,-140.0,-90.0,-140.0,-69.0,-140.0,-140.0,-140,-140.0,-140.0,-140.0,-140.0,-91.0,-81.0,-96.0,-140.0,-140.0,-90.0,-140,-140.0,-140,-140,-140.0,-87.0,-140,-140.0,-76.0,-81.0,-140.0,-140,-140.0,-140,-140,-140.0,-140.0,-72.0,-140,-140.0,-140,-140,-140,-89.0,-140,-140.0,-140.0,-140,-140,-85.0,-76.0,-76.0,-73.0,-140,-140.0,-140.0,-140.0,-140.0,-140,-140,-140,-140,-140,-140,-140,-140,-140,-140,-140,-140,-140,-140,-140,-140,-140,-140,-140,-140,-140,-140,-140,-140,-140,-140,-140,-140,-140,-140,-140,-140,-140,-140,-140,-140,-140,-140,-140,-140,-140,-140,-140,-140,-140,-140,-140,-140,-140,-140,-140,-140,-140,-140,-140,-140,-140,-140,-140,-140,-140,-140,-140,-140,-140,-140,-140,-140,-140,-140,-140,-140,-140,-140,-140,-140,-140,-140,-140,-140,-140,-140,-140,-140,-140,-140,-140,-140,-140,-140,-140,-140,-140,-140,-140,-140,-140,-140,-140,-140,-140,-140,-140,-140,-140,-140,-140,-140,-140,-140,-140,-140,-140,-140,-140,-140,-140,-140,-140,-140,-140,-140,-140,-140,-140,-140,-140,-140,-140,-140,-140,-140,-140,-140,-140,-140,-140,-140,-82.0,-140,-140,-140,-140,-140,-140,-140,-140,-140.0,-140,-140,-140,-140,-140,-140,-140,-140,-140.0,-140,-140,-140,-140,-140,-140,-140,-140,-140,-140,-140,-140,-140,-140
23.963,-64.0,-140.0,-92.0,-140.0,-140.0,-140.0,-140.0,-140.0,-70.0,-140.0,-140.0,-90.0,-140.0,-140.0,-63.0,-140.0,-140.0,-140,-140.0,-140.0,-140.0,-140.0,-140.0,-81.0,-140.0,-140.0,-140.0,-140.0,-140,-140.0,-140,-140,-140.0,-92.0,-140,-140.0,-78.0,-76.0,-140.0,-140,-140.0,-140,-140,-140.0,-140.0,-66.0,-140,-93.0,-140,-140,-140,-140.0,-140,-140.0,-140.0,-140,-140,-88.0,-72.0,-72.0,-82.0,-140,-140.0,-140.0,-140.0,-140.0,-140,-140,-140,-140,-140,-140,-140,-140,-140,-140,-140,-140,-140,-140,-140,-140,-140,-140,-140,-140,-140,-140,-140,-140,-140,-140,-140,-140,-140,-140,-140,-140,-140,-140,-140,-140,-140,-140,-140,-140,-140,-140,-140,-140,-140,-140,-140,-140,-140,-140,-140,-140,-140,-140,-140,-140,-140,-140,-140,-140,-140,-140,-140,-140,-140,-140,-140,-140,-140,-140,-140,-140,-140,-140,-140,-140,-140,-140,-140,-140,-140,-140,-140,-140,-140,-140,-140,-140,-140,-140,-140,-140,-140,-140,-140,-140,-140,-140,-140,-140,-140,-140,-140,-140,-140,-140,-140,-140,-140,-140,-140,-140,-140,-140,-140,-140,-140,-140,-140,-140,-140,-140,-140,-140,-140,-140,-140,-140,-140,-140,-140,-140,-140,-140,-140,-140,-140,-140,-82.0,-140,-140,-140,-140,-140,-140,-140,-140,-140.0,-140,-140,-140,-140,-140,-140,-140,-140,-140.0,-140,-140,-140,-140,-140,-140,-140,-140,-140,-140,-140,-140,-140,-140
25.9455,-67.0,-92.0,-93.0,-89.0,-140.0,-140.0,-87.0,-140.0,-65.0,-140.0,-140.0,-140.0,-85.0,-86.0,-74.0,-85.0,-86.0,-140,-140.0,-86.0,-140.0,-140.0,-140.0,-88.0,-140.0,-140.0,-140.0,-140.0,-140,-140.0,-140,-140,-140.0,-88.0,-140,-140.0,-140.0,-87.0,-140.0,-140,-140.0,-140,-140,-140.0,-140.0,-69.0,-140,-140.0,-140,-140,-140,-140.0,-140,-140.0,-91.0,-140,-140,-81.0,-71.0,-71.0,-74.0,-140,-140.0,-140.0,-140.0,-140.0,-140,-140,-140,-140,-140,-140,-140,-140,-140,-140,-140,-140,-140,-140,-140,-140,-140,-140,-140,-140,-140,-140,-140,-140,-140,-140,-140,-140,-140,-140,-140,-140,-140,-140,-140,-140,-140,-140,-140,-140,-140,-140,-140,-140,-140,-140,-140,-140,-140,-140,-140,-140,-140,-140,-140,-140,-140,-140,-140,-140,-140,-140,-140,-140,-140,-140,-140,-140,-140,-140,-140,-140,-140,-140,-140,-140,-140,-140,-140,-140,-140,-140,-140,-140,-140,-140,-140,-140,-140,-140,-140,-140,-140,-140,-140,-140,-140,-140,-140,-140,-140,-140,-140,-140,-140,-140,-140,-140,-140,-140,-140,-140,-140,-140,-140,-140,-140,-140,-140,-140,-140,-140,-140,-140,-140,-140,-140,-140,-140,-140,-140,-140,-140,-140,-140,-140,-140,-140,-83.0,-140,-140,-140,-140,-140,-140,-140,-140,-140.0,-140,-140,-140,-140,-140,-140,-140,-140,-140.0,-140,-140,-140,-140,-140,-140,-140,-140,-140,-140,-140,-140,-140,-140
28.1101,-56.0,-84.0,-140.0,-88.0,-140.0,-140.0,-140.0,-140.0,-68.0,-140.0,-140.0,-140.0,-88.0,-140.0,-80.0,-140.0,-140.0,-140,-90.0,-140.0,-140.0,-140.0,-140.0,-89.0,-91.0,-91.0,-90.0,-92.0,-140,-140.0,-140,-140,-140.0,-85.0,-140,-140.0,-73.0,-72.0,-140.0,-140,-140.0,-140,-140,-140.0,-140.0,-69.0,-140,-140.0,-140,-140,-140,-140.0,-140,-94.0,-140.0,-140,-140,-73.0,-76.0,-75.0,-73.0,-140,-92.0,-140.0,-140.0,-140.0,-140,-140,-140,-140,-140,-140,-140,-140,-140,-140,-140,-140,-140,-140,-140,-140,-140,-140,-140,-140,-140,-140,-140,-140,-140,-140,-140,-140,-140,-140,-140,-140,-140,-140,-140,-140,-140,-140,-140,-140,-140,-140,-140,-140,-140,-140,-140,-140,-140,-140,-140,-140,-140,-140,-140,-140,-140,-140,-140,-140,-140,-140,-140,-140,-140,-140,-140,-140,-140,-140,-140,-140,-140,-140,-140,-140,-140,-140,-140,-140,-140,-140,-140,-140,-140,-140,-140,-140,-140,-140,-140,-140,-140,-140,-140,-140,-140,-140,-140,-140,-140,-140,-140,-140,-140,-140,-140,-140,-140,-140,-140,-140,-140,-140,-140,-140,-140,-140,-140,-140,-140,-140,-140,-140,-140,-140,-140,-140,-140,-140,-140,-140,-140,-140,-140,-140,-140,-140,-76.0,-140,-140,-140,-140,-140,-140,-140,-140,-92.0,-140,-140,-140,-140,-140,-140,-140,-140,-140.0,-140,-140,-140,-140,-140,-140,-140,-140,-140,-140,-140,-140,-140,-140
29.9961,-66.0,-87.0,-140.0,-140.0,-140.0,-140.0,-93.0,-140.0,-66.0,-140.0,-95.0,-92.0,-140.0,-140.0,-140.0,-140.0,-140.0,-140,-140.0,-140.0,-140.0,-140.0,-140.0,-77.0,-140.0,-140.0,-85.0,-140.0,-140,-140.0,-140,-140,-140.0,-140.0,-140,-140.0,-77.0,-71.0,-140.0,-140,-140.0,-140,-140,-140.0,-140.0,-76.0,-140,-140.0,-140,-140,-140,-140.0,-140,-140.0,-140.0,-140,-140,-140.0,-71.0,-70.0,-75.0,-140,-89.0,-140.0,-140.0,-140.0,-140,-140,-140,-140,-140,-140,-140,-140,-140,-140,-140,-140,-140,-140,-140,-140,-140,-140,-140,-140,-140,-140,-140,-140,-140,-140,-140,-140,-140,-140,-140,-140,-140,-140,-140,-140,-140,-140,-140,-140,-140,-140,-140,-140,-140,-140,-140,-140,-140,-140,-140,-140,-140,-140,-140,-140,-140,-140,-140,-140,-140,-140,-140,-140,-140,-140,-140,-140,-140,-140,-140,-140,-140,-140,-140,-140,-140,-140,-140,-140,-140,-140,-140,-140,-140,-140,-140,-140,-140,-140,-140,-140,-140,-140,-140,-140,-140,-140,-140,-140,-140,-140,-140,-140,-140,-140,-140,-140,-140,-140,-140,-140,-140,-140,-140,-140,-140,-140,-140,-140,-140,-140,-140,-140,-140,-140,-140,-140,-140,-140,-140,-140,-140,-140,-140,-140,-140,-140,-78.0,-140,-140,-140,-140,-140,-140,-140,-140,-140.0,-140,-140,-140,-140,-140,-140,-140,-140,-140.0,-140,-140,-140,-140,-140,-140,-140,-140,-140,-140,-140,-140,-140,-140
31.9715,-58.0,-140.0,-140.0,-140.0,-140.0,-140.0,-140.0,-140.0,-71.0,-140.0,-140.0,-91.0,-140.0,-89.0,-73.0,-140.0,-140.0,-140,-140.0,-140.0,-140.0,-140.0,-140.0,-88.0,-140.0,-91.0,-140.0,-140.0,-140,-140.0,-140,-140,-140.0,-91.0,-140,-140.0,-79.0,-75.0,-140.0,-140,-140.0,-140,-140,-140.0,-140.0,-76.0,-140,-140.0,-140,-140,-140,-140.0,-140,-140.0,-140.0,-140,-140,-83.0,-73.0,-73.0,-78.0,-140,-140.0,-140.0,-140.0,-140.0,-140,-140,-140,-140,-140,-140,-140,-140,-140,-140,-140,-140,-140,-140,-140,-140,-140,-140,-140,-140,-140,-140,-140,-140,-140,-140,-140,-140,-140,-140,-140,-140,-140,-140,-140,-140,-140,-140,-140,-140,-140,-140,-140,-140,-140,-140,-140,-140,-140,-140,-140,-140,-140,-140,-140,-140,-140,-140,-140,-140,-140,-140,-140,-140,-140,-140,-140,-140,-140,-140,-140,-140,-140,-140,-140,-140,-140,-140,-140,-140,-140,-140,-140,-140,-140,-140,-140,-140,-140,-140,-140,-140,-140,-140,-140,-140,-140,-140,-140,-140,-140,-140,-140,-140,-140,-140,-140,-140,-140,-140,-140,-140,-140,-140,-140,-140,-140,-140,-140,-140,-140,-140,-140,-140,-140,-140,-140,-140,-140,-140,-140,-140,-140,-140,-140,-140,-140,-140,-71.0,-140,-140,-140,-140,-140,-140,-140,-140,-140.0,-140,-140,-140,-140,-140,-140,-140,-140,-140.0,-140,-140,-140,-140,-140,-140,-140,-140,-140,-140,-140,-140,-140,-140
33.9603,-60.0,-88.0,-140.0,-91.0,-90.0,-140.0,-140.0,-140.0,-73.0,-140.0,-140.0,-88.0,-140.0,-140.0,-75.0,-140.0,-140.0,-140,-140.0,-140.0,-140.0,-140.0,-140.0,-83.0,-91.0,-89.0,-89.0,-140.0,-140,-140.0,-140,-140,-140.0,-85.0,-140,-140.0,-74.0,-77.0,-140.0,-140,-140.0,-140,-140,-140.0,-140.0,-75.0,-140,-140.0,-140,-140,-140,-91.0,-140,-140.0,-90.0,-140,-140,-91.0,-74.0,-74.0,-76.0,-140,-140.0,-140.0,-95.0,-140.0,-140,-140,-140,-140,-140,-140,-140,-140,-140,-140,-140,-140,-140,-140,-140,-140,-140,-140,-140,-140,-140,-140,-140,-140,-140,-140,-140,-140,-140,-140,-140,-140,-140,-140,-140,-140,-140,-140,-140,-140,-140,-140,-140,-140,-140,-140,-140,-140,-140,-140,-140,-140,-140,-140,-140,-140,-140,-140,-140,-140,-140,-140,-140,-140,-140,-140,-140,-140,-140,-140,-140,-140,-140,-140,-140,-140,-140,-140,-140,-140,-140,-140,-140,-140,-140,-140,-140,-140,-140,-140,-140,-140,-140,-140,-140,-140,-140,-140,-140,-140,-140,-140,-140,-140,-140,-140,-140,-140,-140,-140,-140,-140,-140,-140,-140,-140,-140,-140,-140,-140,-140,-140,-140,-140,-140,-140,-140,-140,-140,-140,-140,-140,-140,-140,-140,-140,-140,-140,-78.0,-140,-140,-140,-140,-140,-140,-140,-140,-140.0,-140,-140,-140,-140,-140,-140,-140,-140,-140.0,-140,-140,-140,-140,-140,-140,-140,-140,-140,-140,-140,-140,-140,-140
36.1119,-58.0,-140.0,-140.0,-140.0,-91.0,-140.0,-140.0,-140.0,-67.0,-140.0,-140.0,-87.0,-140.0,-140.0,-78.0,-140.0,-140.0,-140,-91.0,-140.0,-140.0,-140.0,-140.0,-92.0,-93.0,-140.0,-91.0,-140.0,-140,-140.0,-140,-140,-140.0,-85.0,-140,-140.0,-71.0,-73.0,-140.0,-140,-140.0,-140,-140,-140.0,-140.0,-72.0,-140,-140.0,-140,-140,-140,-91.0,-140,-140.0,-140.0,-140,-140,-86.0,-72.0,-72.0,-75.0,-140,-140.0,-140.0,-140.0,-140.0,-140,-140,-140,-140,-140,-140,-140,-140,-140,-140,-140,-140,-140,-140,-140,-140,-140,-140,-140,-140,-140,-140,-140,-140,-140,-140,-140,-140,-140,-140,-140,-140,-140,-140,-140,-140,-140,-140,-140,-140,-140,-140,-140,-140,-140,-140,-140,-140,-140,-140,-140,-140,-140,-140,-140,-140,-140,-140,-140,-140,-140,-140,-140,-140,-140,-140,-140,-140,-140,-140,-140,-140,-140,-140,-140,-140,-140,-140,-140,-140,-140,-140,-140,-140,-140,-140,-140,-140,-140,-140,-140,-140,-140,-140,-140,-140,-140,-140,-140,-140,-140,-140,-140,-140,-140,-140,-140,-140,-140,-140,-140,-140,-140,-140,-140,-140,-140,-140,-140,-140,-140,-140,-140,-140,-140,-140,-140,-140,-140,-140,-140,-140,-140,-140,-140,-140,-140,-140,-140.0,-140,-140,-140,-140,-140,-140,-140,-140,-140.0,-140,-140,-140,-140,-140,-140,-140,-140,-140.0,-140,-140,-140,-140,-140,-140,-140,-140,-140,-140,-140,-140,-140,-140
37.985,-63.0,-87.0,-140.0,-140.0,-140.0,-93.0,-140.0,-140.0,-69.0,-140.0,-140.0,-87.0,-140.0,-140.0,-72.0,-140.0,-140.0,-140,-140.0,-140.0,-140.0,-140.0,-140.0,-82.0,-140.0,-140.0,-140.0,-140.0,-140,-140.0,-140,-140,-140.0,-86.0,-140,-140.0,-75.0,-73.0,-91.0,-140,-140.0,-140,-140,-140.0,-140.0,-79.0,-140,-140.0,-140,-140,-140,-140.0,-140,-140.0,-140.0,-140,-140,-84.0,-72.0,-72.0,-74.0,-140,-140.0,-140.0,-93.0,-140.0,-140,-140,-140,-140,-140,-140,-140,-140,-140,-140,-140,-140,-140,-140,-140,-140,-140,-140,-140,-140,-140,-140,-140,-140,-140,-140,-140,-140,-140,-140,-140,-140,-140,-140,-140,-140,-140,-140,-140,-140,-140,-140,-140,-140,-140,-140,-140,-140,-140,-140,-140,-140,-140,-140,-140,-140,-140,-140,-140,-140,-140,-140,-140,-140,-140,-140,-140,-140,-140,-140,-140,-140,-140,-140,-140,-140,-140,-140,-140,-140,-140,-140,-140,-140,-140,-140,-140,-140,-140,-140,-140,-140,-140,-140,-140,-140,-140,-140,-140,-140,-140,-140,-140,-140,-140,-140,-140,-140,-140,-140,-140,-140,-140,-140,-140,-140,-140,-140,-140,-140,-140,-140,-140,-140,-140,-140,-140,-140,-140,-140,-140,-140,-140,-140,-140,-140,-140,-140,-76.0,-140,-140,-140,-140,-140,-140,-140,-140,-140.0,-140,-140,-140,-140,-140,-140,-140,-140,-140.0,-140,-140,-140,-140,-140,-140,-140,-140,-140,-140,-140,-140,-140,-140
39.9843,-61.0,-90.0,-140.0,-140.0,-89.0,-140.0,-140.0,-140.0,-140.0,-140.0,-140.0,-86.0,-140.0,-140.0,-68.0,-140.0,-140.0,-140,-140.0,-140.0,-140.0,-140.0,-140.0,-82.0,-85.0,-84.0,-85.0,-93.0,-140,-140.0,-140,-140,-140.0,-86.0,-140,-140.0,-71.0,-71.0,-140.0,-140,-140.0,-140,-140,-140.0,-140.0,-69.0,-140,-140.0,-140,-140,-140,-140.0,-140,-140.0,-140.0,-140,-140,-88.0,-69.0,-70.0,-76.0,-140,-140.0,-140.0,-140.0,-140.0,-140,-140,-140,-140,-140,-140,-140,-140,-140,-140,-140,-140,-140,-140,-140,-140,-140,-140,-140,-140,-140,-140,-140,-140,-140,-140,-140,-140,-140,-140,-140,-140,-140,-140,-140,-140,-140,-140,-140,-140,-140,-140,-140,-140,-140,-140,-140,-140,-140,-140,-140,-140,-140,-140,-140,-140,-140,-140,-140,-140,-140,-140,-140,-140,-140,-140,-140,-140,-140,-140,-140,-140,-140,-140,-140,-140,-140,-140,-140,-140,-140,-140,-140,-140,-140,-140,-140,-140,-140,-140,-140,-140,-140,-140,-140,-140,-140,-140,-140,-140,-140,-140,-140,-140,-140,-140,-140,-140,-140,-140,-140,-140,-140,-140,-140,-140,-140,-140,-140,-140,-140,-140,-140,-140,-140,-140,-140,-140,-140,-140,-140,-140,-140,-140,-140,-140,-140,-140,-80.0,-140,-140,-140,-140,-140,-140,-140,-140,-140.0,-140,-140,-140,-140,-140,-140,-140,-140,-140.0,-140,-140,-140,-140,-140,-140,-140,-140,-140,-140,-140,-140,-140,-140
42.0676,-68.0,-86.0,-140.0,-90.0,-90.0,-140.0,-93.0,-140.0,-73.0,-140.0,-140.0,-76.0,-140.0,-140.0,-75.0,-140.0,-140.0,-140,-90.0,-140.0,-140.0,-140.0,-140.0,-83.0,-91.0,-140.0,-88.0,-140.0,-140,-140.0,-140,-140,-140.0,-87.0,-140,-140.0,-73.0,-70.0,-140.0,-140,-140.0,-140,-140,-140.0,-140.0,-74.0,-140,-140.0,-140,-140,-140,-97.0,-140,-140.0,-140.0,-140,-140,-80.0,-69.0,-69.0,-74.0,-140,-140.0,-140.0,-140.0,-140.0,-140,-140,-140,-140,-140,-140,-140,-140,-140,-140,-140,-140,-140,-140,-140,-140,-140,-140,-140,-140,-140,-140,-140,-140,-140,-140,-140,-140,-140,-140,-140,-140,-140,-140,-140,-140,-140,-140,-140,-140,-140,-140,-140,-140,-140,-140,-140,-140,-140,-140,-140,-140,-140,-140,-140,-140,-140,-140,-140,-140,-140,-140,-140,-140,-140,-140,-140,-140,-140,-140,-140,-140,-140,-140,-140,-140,-140,-140,-140,-140,-140,-140,-140,-140,-140,-140,-140,-140,-140,-140,-140,-140,-140,-140,-140,-140,-140,-140,-140,-140,-140,-140,-140,-140,-140,-140,-140,-140,-140,-140,-140,-140,-140,-140,-140,-140,-140,-140,-140,-140,-140,-140,-140,-140,-140,-140,-140,-140,-140,-140,-140,-140,-140,-140,-140,-140,-140,-140,-69.0,-140,-140,-140,-140,-140,-140,-140,-140,-140.0,-140,-140,-140,-140,-140,-140,-140,-140,-140.0,-140,-140,-140,-140,-140,-140,-140,-140,-140,-140,-140,-140,-140,-140
44.137,-65.0,-87.0,-140.0,-140.0,-140.0,-140.0,-92.0,-140.0,-68.0,-140.0,-140.0,-85.0,-140.0,-140.0,-77.0,-140.0,-140.0,-140,-89.0,-140.0,-140.0,-140.0,-140.0,-140.0,-91.0,-140.0,-140.0,-140.0,-140,-140.0,-140,-140,-140.0,-87.0,-140,-140.0,-75.0,-73.0,-140.0,-140,-140.0,-140,-140,-140.0,-140.0,-74.0,-140,-140.0,-140,-140,-140,-140.0,-140,-140.0,-140.0,-140,-140,-83.0,-71.0,-71.0,-75.0,-140,-140.0,-140.0,-140.0,-140.0,-140,-140,-140,-140,-140,-140,-140,-140,-140,-140,-140,-140,-140,-140,-140,-140,-140,-140,-140,-140,-140,-140,-140,-140,-140,-140,-140,-140,-140,-140,-140,-140,-140,-140,-140,-140,-140,-140,-140,-140,-140,-140,-140,-140,-140,-140,-140,-140,-140,-140,-140,-140,-140,-140,-140,-140,-140,-140,-140,-140,-140,-140,-140,-140,-140,-140,-140,-140,-140,-140,-140,-140,-140,-140,-140,-140,-140,-140,-140,-140,-140,-140,-140,-140,-140,-140,-140,-140,-140,-140,-140,-140,-140,-140,-140,-140,-140,-140,-140,-140,-140,-140,-140,-140,-140,-140,-140,-140,-140,-140,-140,-140,-140,-140,-140,-140,-140,-140,-140,-140,-140,-140,-140,-140,-140,-140,-140,-140,-140,-140,-140,-140,-140,-140,-140,-140,-140,-140,-70.0,-140,-140,-140,-140,-140,-140,-140,-140,-140.0,-140,-140,-140,-140,-140,-140,-140,-140,-140.0,-140,-140,-140,-140,-140,-140,-140,-140,-140,-140,-140,-140,-140,-140
46.1282,-63.0,-86.0,-140.0,-140.0,-140.0,-140.0,-92.0,-140.0,-140.0,-140.0,-140.0,-86.0,-140.0,-140.0,-70.0,-140.0,-140.0,-140,-91.0,-140.0,-140.0,-140.0,-140.0,-88.0,-91.0,-140.0,-90.0,-140.0,-140,-140.0,-140,-140,-140.0,-93.0,-140,-140.0,-74.0,-74.0,-93.0,-140,-140.0,-140,-140,-140.0,-140.0,-70.0,-140,-140.0,-140,-140,-140,-140.0,-140,-140.0,-140.0,-140,-140,-82.0,-69.0,-69.0,-77.0,-140,-140.0,-140.0,-140.0,-140.0,-140,-140,-140,-140,-140,-140,-140,-140,-140,-140,-140,-140,-140,-140,-140,-140,-140,-140,-140,-140,-140,-140,-140,-140,-140,-140,-140,-140,-140,-140,-140,-140,-140,-140,-140,-140,-140,-140,-140,-140,-140,-140,-140,-140,-140,-140,-140,-140,-140,-140,-140,-140,-140,-140,-140,-140,-140,-140,-140,-140,-140,-140,-140,-140,-140,-140,-140,-140,-140,-140,-140,-140,-140,-140,-140,-140,-140,-140,-140,-140,-140,-140,-140,-140,-140,-140,-140,-140,-140,-140,-140,-140,-140,-140,-140,-140,-140,-140,-140,-140,-140,-140,-140,-140,-140,-140,-140,-140,-140,-140,-140,-140,-140,-140,-140,-140,-140,-140,-140,-140,-140,-140,-140,-140,-140,-140,-140,-140,-140,-140,-140,-140,-140,-140,-140,-140,-140,-140,-71.0,-140,-140,-140,-140,-140,-140,-140,-140,-140.0,-140,-140,-140,-140,-140,-140,-140,-140,-140.0,-140,-140,-140,-140,-140,-140,-140,-140,-140,-140,-140,-140,-140,-140
48.1683,-66.0,-87.0,-140.0,-140.0,-140.0,-140.0,-140.0,-140.0,-68.0,-140.0,-140.0,-92.0,-140.0,-140.0,-74.0,-140.0,-140.0,-140,-90.0,-140.0,-140.0,-140.0,-140.0,-140.0,-140.0,-140.0,-140.0,-140.0,-140,-140.0,-140,-140,-140.0,-91.0,-140,-140.0,-74.0,-74.0,-140.0,-140,-140.0,-140,-140,-140.0,-140.0,-70.0,-140,-95.0,-140,-140,-140,-140.0,-140,-140.0,-140.0,-140,-140,-84.0,-68.0,-68.0,-74.0,-140,-140.0,-140.0,-140.0,-140.0,-140,-140,-140,-140,-140,-140,-140,-140,-140,-140,-140,-140,-140,-140,-140,-140,-140,-140,-140,-140,-140,-140,-140,-140,-140,-140,-140,-140,-140,-140,-140,-140,-140,-140,-140,-140,-140,-140,-140,-140,-140,-140,-140,-140,-140,-140,-140,-140,-140,-140,-140,-140,-140,-140,-140,-140,-140,-140,-140,-140,-140,-140,-140,-140,-140,-140,-140,-140,-140,-140,-140,-140,-140,-140,-140,-140,-140,-140,-140,-140,-140,-140,-140,-140,-140,-140,-140,-140,-140,-140,-140,-140,-140,-140,-140,-140,-140,-140,-140,-140,-140,-140,-140,-140,-140,-140,-140,-140,-140,-140,-140,-140,-140,-140,-140,-140,-140,-140,-140,-140,-140,-140,-140,-140,-140,-140,-140,-140,-140,-140,-140,-140,-140,-140,-140,-140,-140,-140,-71.0,-140,-140,-140,-140,-140,-140,-140,-140,-140.0,-140,-140,-140,-140,-140,-140,-140,-140,-140.0,-140,-140,-140,-140,-140,-140,-140,-140,-140,-140,-140,-140,-140,-140
49.9797,-62.0,-88.0,-140.0,-91.0,-90.0,-90.0,-140.0,-140.0,-140.0,-140.0,-140.0,-87.0,-140.0,-140.0,-72.0,-140.0,-140.0,-140,-140.0,-140.0,-140.0,-140.0,-140.0,-87.0,-90.0,-89.0,-91.0,-140.0,-140,-140.0,-140,-140,-140.0,-140.0,-140,-140.0,-71.0,-75.0,-93.0,-140,-140.0,-140,-140,-140.0,-140.0,-140.0,-140,-140.0,-140,-140,-140,-140.0,-140,-140.0,-140.0,-140,-140,-83.0,-69.0,-69.0,-140.0,-140,-140.0,-140.0,-140.0,-140.0,-140,-140,-140,-140,-140,-140,-140,-140,-140,-140,-140,-140,-140,-140,-140,-140,-140,-140,-140,-140,-140,-140,-140,-140,-140,-140,-140,-140,-140,-140,-140,-140,-140,-140,-140,-140,-140,-140,-140,-140,-140,-140,-140,-140,-140,-140,-140,-140,-140,-140,-140,-140,-140,-140,-140,-140,-140,-140,-140,-140,-140,-140,-140,-140,-140,-140,-140,-140,-140,-140,-140,-140,-140,-140,-140,-140,-140,-140,-140,-140,-140,-140,-140,-140,-140,-140,-140,-140,-140,-140,-140,-140,-140,-140,-140,-140,-140,-140,-140,-140,-140,-140,-140,-140,-140,-140,-140,-140,-140,-140,-140,-140,-140,-140,-140,-140,-140,-140,-140,-140,-140,-140,-140,-140,-140,-140,-140,-140,-140,-140,-140,-140,-140,-140,-140,-140,-140,-140,-70.0,-140,-140,-140,-140,-140,-140,-140,-140,-96.0,-140,-140,-140,-140,-140,-140,-140,-140,-91.0,-140,-140,-140,-140,-140,-140,-140,-140,-140,-140,-140,-140,-140,-140
51.9894,-63.0,-84.0,-91.0,-140.0,-140.0,-140.0,-140.0,-140.0,-65.0,-140.0,-140.0,-92.0,-140.0,-140.0,-71.0,-140.0,-140.0,-140,-140.0,-140.0,-140.0,-140.0,-140.0,-84.0,-140.0,-140.0,-87.0,-140.0,-140,-140.0,-140,-140,-140.0,-88.0,-140,-140.0,-78.0,-76.0,-140.0,-140,-140.0,-140,-140,-140.0,-140.0,-74.0,-140,-140.0,-140,-140,-140,-140.0,-140,-140.0,-140.0,-140,-140,-81.0,-69.0,-69.0,-78.0,-140,-140.0,-140.0,-140.0,-140.0,-140,-140,-140,-140,-140,-140,-140,-140,-140,-140,-140,-140,-140,-140,-140,-140,-140,-140,-140,-140,-140,-140,-140,-140,-140,-140,-140,-140,-140,-140,-140,-140,-140,-140,-140,-140,-140,-140,-140,-140,-140,-140,-140,-140,-140,-140,-140,-140,-140,-140,-140,-140,-140,-140,-140,-140,-140,-140,-140,-140,-140,-140,-140,-140,-140,-140,-140,-140,-140,-140,-140,-140,-140,-140,-140,-140,-140,-140,-140,-140,-140,-140,-140,-140,-140,-140,-140,-140,-140,-140,-140,-140,-140,-140,-140,-140,-140,-140,-140,-140,-140,-140,-140,-140,-140,-140,-140,-140,-140,-140,-140,-140,-140,-140,-140,-140,-140,-140,-140,-140,-140,-140,-140,-140,-140,-140,-140,-140,-140,-140,-140,-140,-140,-140,-140,-140,-140,-140,-70.0,-140,-140,-140,-140,-140,-140,-140,-140,-140.0,-140,-140,-140,-140,-140,-140,-140,-140,-140.0,-140,-140,-140,-140,-140,-140,-140,-140,-140,-140,-140,-140,-140,-140
54.1288,-63.0,-85.0,-92.0,-140.0,-140.0,-140.0,-94.0,-140.0,-69.0,-140.0,-140.0,-140.0,-140.0,-140.0,-75.0,-140.0,-140.0,-140,-92.0,-140.0,-140.0,-140.0,-92.0,-84.0,-140.0,-140.0,-140.0,-140.0,-140,-140.0,-140,-140,-140.0,-140.0,-140,-140.0,-79.0,-74.0,-89.0,-140,-140.0,-140,-140,-140.0,-140.0,-68.0,-140,-140.0,-140,-140,-140,-140.0,-140,-140.0,-140.0,-140,-140,-82.0,-68.0,-68.0,-140.0,-140,-140.0,-140.0,-140.0,-140.0,-140,-140,-140,-140,-140,-140,-140,-140,-140,-140,-140,-140,-140,-140,-140,-140,-140,-140,-140,-140,-140,-140,-140,-140,-140,-140,-140,-140,-140,-140,-140,-140,-140,-140,-140,-140,-140,-140,-140,-140,-140,-140,-140,-140,-140,-140,-140,-140,-140,-140,-140,-140,-140,-140,-140,-140,-140,-140,-140,-140,-140,-140,-140,-140,-140,-140,-140,-140,-140,-140,-140,-140,-140,-140,-140,-140,-140,-140,-140,-140,-140,-140,-140,-140,-140,-140,-140,-140,-140,-140,-140,-140,-140,-140,-140,-140,-140,-140,-140,-140,-140,-140,-140,-140,-140,-140,-140,-140,-140,-140,-140,-140,-140,-140,-140,-140,-140,-140,-140,-140,-140,-140,-140,-140,-140,-140,-140,-140,-140,-140,-140,-140,-140,-140,-140,-140,-140,-140,-71.0,-140,-140,-140,-140,-140,-140,-140,-140,-140.0,-140,-140,-140,-140,-140,-140,-140,-140,-140.0,-140,-140,-140,-140,-140,-140,-140,-140,-140,-140,-140,-140,-140,-140
55.976,-61.0,-84.0,-140.0,-90.0,-89.0,-140.0,-140.0,-140.0,-65.0,-140.0,-140.0,-140.0,-140.0,-140.0,-75.0,-140.0,-140.0,-140,-140.0,-140.0,-140.0,-140.0,-140.0,-81.0,-89.0,-88.0,-140.0,-140.0,-140,-140.0,-140,-140,-140.0,-88.0,-140,-140.0,-80.0,-73.0,-90.0,-140,-140.0,-140,-140,-140.0,-140.0,-70.0,-140,-140.0,-140,-140,-140,-140.0,-140,-140.0,-140.0,-140,-140,-81.0,-69.0,-69.0,-79.0,-140,-140.0,-140.0,-94.0,-140.0,-140,-140,-140,-140,-140,-140,-140,-140,-140,-140,-140,-140,-140,-140,-140,-140,-140,-140,-140,-140,-140,-140,-140,-140,-140,-140,-140,-140,-140,-140,-140,-140,-140,-140,-140,-140,-140,-140,-140,-140,-140,-140,-140,-140,-140,-140,-140,-140,-140,-140,-140,-140,-140,-140,-140,-140,-140,-140,-140,-140,-140,-140,-140,-140,-140,-140,-140,-140,-140,-140,-140,-140,-140,-140,-140,-140,-140,-140,-140,-140,-140,-140,-140,-140,-140,-140,-140,-140,-140,-140,-140,-140,-140,-140,-140,-140,-140,-140,-140,-140,-140,-140,-140,-140,-140,-140,-140,-140,-140,-140,-140,-140,-140,-140,-140,-140,-140,-140,-140,-140,-140,-140,-140,-140,-140,-140,-140,-140,-140,-140,-140,-140,-140,-140,-140,-140,-140,-140,-70.0,-140,-140,-140,-140,-140,-140,-140,-140,-140.0,-140,-140,-140,-140,-140,-140,-140,-140,-140.0,-140,-140,-140,-140,-140,-140,-140,-140,-140,-140,-140,-140,-140,-140
57.9684,-63.0,-85.0,-140.0,-89.0,-90.0,-140.0,-93.0,-140.0,-71.0,-140.0,-140.0,-140.0,-140.0,-140.0,-70.0,-140.0,-140.0,-140,-140.0,-140.0,-140.0,-140.0,-140.0,-85.0,-140.0,-86.0,-140.0,-140.0,-140,-140.0,-140,-140,-140.0,-140.0,-140,-140.0,-82.0,-73.0,-91.0,-140,-140.0,-140,-140,-140.0,-140.0,-73.0,-140,-140.0,-140,-140,-140,-90.0,-140,-140.0,-140.0,-140,-140,-82.0,-69.0,-69.0,-80.0,-140,-140.0,-140.0,-140.0,-140.0,-140,-140,-140,-140,-140,-140,-140,-140,-140,-140,-140,-140,-140,-140,-140,-140,-140,-140,-140,-140,-140,-140,-140,-140,-140,-140,-140,-140,-140,-140,-140,-140,-140,-140,-140,-140,-140,-140,-140,-140,-140,-140,-140,-140,-140,-140,-140,-140,-140,-140,-140,-140,-140,-140,-140,-140,-140,-140,-140,-140,-140,-140,-140,-140,-140,-140,-140,-140,-140,-140,-140,-140,-140,-140,-140,-140,-140,-140,-140,-140,-140,-140,-140,-140,-140,-140,-140,-140,-140,-140,-140,-140,-140,-140,-140,-140,-140,-140,-140,-140,-140,-140,-140,-140,-140,-140,-140,-140,-140,-140,-140,-140,-140,-140,-140,-140,-140,-140,-140,-140,-140,-140,-140,-140,-140,-140,-140,-140,-140,-140,-140,-140,-140,-140,-140,-140,-140,-140,-87.0,-140,-140,-140,-140,-140,-140,-140,-140,-140.0,-140,-140,-140,-140,-140,-140,-140,-140,-140.0,-140,-140,-140,-140,-140,-140,-140,-140,-140,-140,-140,-140,-140,-140
60.1178,-62.0,-87.0,-91.0,-140.0,-140.0,-94.0,-140.0,-140.0,-70.0,-140.0,-140.0,-140.0,-140.0,-140.0,-77.0,-140.0,-140.0,-140,-91.0,-140.0,-140.0,-140.0,-140.0,-85.0,-87.0,-88.0,-87.0,-140.0,-140,-140.0,-140,-140,-140.0,-89.0,-140,-140.0,-140.0,-140.0,-92.0,-140,-140.0,-140,-140,-140.0,-140.0,-71.0,-140,-140.0,-140,-140,-140,-140.0,-140,-140.0,-140.0,-140,-140,-82.0,-71.0,-71.0,-140.0,-140,-140.0,-140.0,-140.0,-140.0,-140,-140,-140,-140,-140,-140,-140,-140,-140,-140,-140,-140,-140,-140,-140,-140,-140,-140,-140,-140,-140,-140,-140,-140,-140,-140,-140,-140,-140,-140,-140,-140,-140,-140,-140,-140,-140,-140,-140,-140,-140,-140,-140,-140,-140,-140,-140,-140,-140,-140,-140,-140,-140,-140,-140,-140,-140,-140,-140,-140,-140,-140,-140,-140,-140,-140,-140,-140,-140,-140,-140,-140,-140,-140,-140,-140,-140,-140,-140,-140,-140,-140,-140,-140,-140,-140,-140,-140,-140,-140,-140,-140,-140,-140,-140,-140,-140,-140,-140,-140,-140,-140,-140,-140,-140,-140,-140,-140,-140,-140,-140,-140,-140,-140,-140,-140,-140,-140,-140,-140,-140,-140,-140,-140,-140,-140,-140,-140,-140,-140,-140,-140,-140,-140,-140,-140,-140,-140,-82.0,-140,-140,-140,-140,-140,-140,-140,-140,-140.0,-140,-140,-140,-140,-140,-140,-140,-140,-140.0,-140,-140,-140,-140,-140,-140,-140,-140,-140,-140,-140,-140,-140,-140
62.0859,-59.0,-140.0,-140.0,-86.0,-87.0,-140.0,-140.0,-140.0,-63.0,-140.0,-140.0,-93.0,-91.0,-91.0,-71.0,-91.0,-92.0,-140,-140.0,-92.0,-92.0,-140.0,-140.0,-80.0,-89.0,-88.0,-140.0,-140.0,-140,-140.0,-140,-140,-140.0,-140.0,-140,-140.0,-75.0,-76.0,-140.0,-140,-140.0,-140,-140,-140.0,-140.0,-77.0,-140,-140.0,-140,-140,-140,-140.0,-140,-140.0,-89.0,-140,-140,-140.0,-75.0,-75.0,-78.0,-140,-92.0,-140.0,-140.0,-140.0,-140,-140,-140,-140,-140,-140,-140,-140,-140,-140,-140,-140,-140,-140,-140,-140,-140,-140,-140,-140,-140,-140,-140,-140,-140,-140,-140,-140,-140,-140,-140,-140,-140,-140,-140,-140,-140,-140,-140,-140,-140,-140,-140,-140,-140,-140,-140,-140,-140,-140,-140,-140,-140,-140,-140,-140,-140,-140,-140,-140,-140,-140,-140,-140,-140,-140,-140,-140,-140,-140,-140,-140,-140,-140,-140,-140,-140,-140,-140,-140,-140,-140,-140,-140,-140,-140,-140,-140,-140,-140,-140,-140,-140,-140,-140,-140,-140,-140,-140,-140,-140,-140,-140,-140,-140,-140,-140,-140,-140,-140,-140,-140,-140,-140,-140,-140,-140,-140,-140,-140,-140,-140,-140,-140,-140,-140,-140,-140,-140,-140,-140,-140,-140,-140,-140,-140,-140,-140,-87.0,-140,-140,-140,-140,-140,-140,-140,-140,-140.0,-140,-140,-140,-140,-140,-140,-140,-140,-140.0,-140,-140,-140,-140,-140,-140,-140,-140,-140,-140,-140,-140,-140,-140
64.007,-66.0,-140.0,-91.0,-89.0,-89.0,-91.0,-140.0,-140.0,-63.0,-140.0,-140.0,-140.0,-140.0,-140.0,-81.0,-140.0,-140.0,-140,-91.0,-140.0,-140.0,-140.0,-140.0,-81.0,-140.0,-140.0,-87.0,-140.0,-140,-140.0,-140,-140,-140.0,-140.0,-140,-140.0,-74.0,-81.0,-140.0,-140,-140.0,-140,-140,-140.0,-140.0,-76.0,-140,-140.0,-140,-140,-140,-140.0,-140,-140.0,-87.0,-140,-140,-89.0,-74.0,-74.0,-140.0,-140,-140.0,-140.0,-140.0,-140.0,-140,-140,-140,-140,-140,-140,-140,-140,-140,-140,-140,-140,-140,-140,-140,-140,-140,-140,-140,-140,-140,-140,-140,-140,-140,-140,-140,-140,-140,-140,-140,-140,-140,-140,-140,-140,-140,-140,-140,-140,-140,-140,-140,-140,-140,-140,-140,-140,-140,-140,-140,-140,-140,-140,-140,-140,-140,-140,-140,-140,-140,-140,-140,-140,-140,-140,-140,-140,-140,-140,-140,-140,-140,-140,-140,-140,-140,-140,-140,-140,-140,-140,-140,-140,-140,-140,-140,-140,-140,-140,-140,-140,-140,-140,-140,-140,-140,-140,-140,-140,-140,-140,-140,-140,-140,-140,-140,-140,-140,-140,-140,-140,-140,-140,-140,-140,-140,-140,-140,-140,-140,-140,-140,-140,-140,-140,-140,-140,-140,-140,-140,-140,-140,-140,-140,-140,-140,-140,-86.0,-140,-140,-140,-140,-140,-140,-140,-140,-140.0,-140,-140,-140,-140,-140,-140,-140,-140,-140.0,-140,-140,-140,-140,-140,-140,-140,-140,-140,-140,-140,-140,-140,-140
65.9616,-70.0,-79.0,-140.0,-91.0,-140.0,-140.0,-92.0,-140.0,-73.0,-140.0,-140.0,-88.0,-140.0,-140.0,-77.0,-140.0,-140.0,-140,-140.0,-140.0,-140.0,-140.0,-93.0,-85.0,-89.0,-140.0,-92.0,-140.0,-140,-140.0,-140,-140,-140.0,-140.0,-140,-140.0,-80.0,-82.0,-140.0,-140,-140.0,-140,-140,-140.0,-140.0,-79.0,-140,-140.0,-140,-140,-140,-140.0,-140,-140.0,-140.0,-140,-140,-90.0,-77.0,-76.0,-140.0,-140,-140.0,-140.0,-140.0,-140.0,-140,-140,-140,-140,-140,-140,-140,-140,-140,-140,-140,-140,-140,-140,-140,-140,-140,-140,-140,-140,-140,-140,-140,-140,-140,-140,-140,-140,-140,-140,-140,-140,-140,-140,-140,-140,-140,-140,-140,-140,-140,-140,-140,-140,-140,-140,-140,-140,-140,-140,-140,-140,-140,-140,-140,-140,-140,-140,-140,-140,-140,-140,-140,-140,-140,-140,-140,-140,-140,-140,-140,-140,-140,-140,-140,-140,-140,-140,-140,-140,-140,-140,-140,-140,-140,-140,-140,-140,-140,-140,-140,-140,-140,-140,-140,-140,-140,-140,-140,-140,-140,-140,-140,-140,-140,-140,-140,-140,-140,-140,-140,-140,-140,-140,-140,-140,-140,-140,-140,-140,-140,-140,-140,-140,-140,-140,-140,-140,-140,-140,-140,-140,-140,-140,-140,-140,-140,-140,-140.0,-140,-140,-140,-140,-140,-140,-140,-140,-140.0,-140,-140,-140,-140,-140,-140,-140,-140,-140.0,-140,-140,-140,-140,-140,-140,-140,-140,-140,-140,-140,-140,-140,-140
67.9777,-62.0,-92.0,-140.0,-140.0,-140.0,-88.0,-140.0,-140.0,-77.0,-140.0,-140.0,-88.0,-140.0,-140.0,-74.0,-140.0,-140.0,-140,-140.0,-140.0,-89.0,-140.0,-82.0,-81.0,-89.0,-140.0,-88.0,-140.0,-140,-140.0,-140,-140,-140.0,-140.0,-140,-140.0,-140.0,-86.0,-140.0,-140,-140.0,-140,-140,-140.0,-140.0,-80.0,-140,-140.0,-140,-140,-140,-140.0,-140,-140.0,-140.0,-140,-140,-90.0,-75.0,-74.0,-140.0,-140,-140.0,-140.0,-140.0,-140.0,-140,-140,-140,-140,-140,-140,-140,-140,-140,-140,-140,-140,-140,-140,-140,-140,-140,-140,-140,-140,-140,-140,-140,-140,-140,-140,-140,-140,-140,-140,-140,-140,-140,-140,-140,-140,-140,-140,-140,-140,-140,-140,-140,-140,-140,-140,-140,-140,-140,-140,-140,-140,-140,-140,-140,-140,-140,-140,-140,-140,-140,-140,-140,-140,-140,-140,-140,-140,-140,-140,-140,-140,-140,-140,-140,-140,-140,-140,-140,-140,-140,-140,-140,-140,-140,-140,-140,-140,-140,-140,-140,-140,-140,-140,-140,-140,-140,-140,-140,-140,-140,-140,-140,-140,-140,-140,-140,-140,-140,-140,-140,-140,-140,-140,-140,-140,-140,-140,-140,-140,-140,-140,-140,-140,-140,-140,-140,-140,-140,-140,-140,-140,-140,-140,-140,-140,-140,-140,-87.0,-140,-140,-140,-140,-140,-140,-140,-140,-140.0,-140,-140,-140,-140,-140,-140,-140,-140,-140.0,-140,-140,-140,-140,-140,-140,-140,-140,-140,-140,-140,-140,-140,-140
70.1301,-71.0,-93.0,-140.0,-140.0,-140.0,-140.0,-140.0,-140.0,-140.0,-140.0,-93.0,-140.0,-140.0,-140.0,-77.0,-140.0,-140.0,-140,-89.0,-140.0,-140.0,-140.0,-86.0,-85.0,-140.0,-91.0,-140.0,-140.0,-140,-140.0,-140,-140,-140.0,-140.0,-140,-140.0,-83.0,-84.0,-140.0,-140,-140.0,-140,-140,-140.0,-140.0,-81.0,-140,-140.0,-140,-140,-140,-140.0,-140,-92.0,-140.0,-140,-140,-90.0,-81.0,-82.0,-81.0,-140,-140.0,-140.0,-140.0,-140.0,-140,-140,-140,-140,-140,-140,-140,-140,-140,-140,-140,-140,-140,-140,-140,-140,-140,-140,-140,-140,-140,-140,-140,-140,-140,-140,-140,-140,-140,-140,-140,-140,-140,-140,-140,-140,-140,-140,-140,-140,-140,-140,-140,-140,-140,-140,-140,-140,-140,-140,-140,-140,-140,-140,-140,-140,-140,-140,-140,-140,-140,-140,-140,-140,-140,-140,-140,-140,-140,-140,-140,-140,-140,-140,-140,-140,-140,-140,-140,-140,-140,-140,-140,-140,-140,-140,-140,-140,-140,-140,-140,-140,-140,-140,-140,-140,-140,-140,-140,-140,-140,-140,-140,-140,-140,-140,-140,-140,-140,-140,-140,-140,-140,-140,-140,-140,-140,-140,-140,-140,-140,-140,-140,-140,-140,-140,-140,-140,-140,-140,-140,-140,-140,-140,-140,-140,-140,-140,-92.0,-140,-140,-140,-140,-140,-140,-140,-140,-140.0,-140,-140,-140,-140,-140,-140,-140,-140,-140.0,-140,-140,-140,-140,-140,-140,-140,-140,-140,-140,-140,-140,-140,-140
72.0072,-73.0,-140.0,-90.0,-140.0,-140.0,-93.0,-140.0,-140.0,-76.0,-140.0,-140.0,-86.0,-140.0,-140.0,-80.0,-140.0,-140.0,-140,-140.0,-140.0,-140.0,-140.0,-91.0,-140.0,-88.0,-89.0,-86.0,-140.0,-140,-140.0,-140,-140,-140.0,-140.0,-140,-140.0,-83.0,-77.0,-140.0,-140,-140.0,-140,-140,-140.0,-140.0,-83.0,-140,-140.0,-140,-140,-140,-140.0,-140,-140.0,-89.0,-140,-140,-88.0,-81.0,-140.0,-140.0,-140,-140.0,-140.0,-140.0,-140.0,-140,-140,-140,-140,-140,-140,-140,-140,-140,-140,-140,-140,-140,-140,-140,-140,-140,-140,-140,-140,-140,-140,-140,-140,-140,-140,-140,-140,-140,-140,-140,-140,-140,-140,-140,-140,-140,-140,-140,-140,-140,-140,-140,-140,-140,-140,-140,-140,-140,-140,-140,-140,-140,-140,-140,-140,-140,-140,-140,-140,-140,-140,-140,-140,-140,-140,-140,-140,-140,-140,-140,-140,-140,-140,-140,-140,-140,-140,-140,-140,-140,-140,-140,-140,-140,-140,-140,-140,-140,-140,-140,-140,-140,-140,-140,-140,-140,-140,-140,-140,-140,-140,-140,-140,-140,-140,-140,-140,-140,-140,-140,-140,-140,-140,-140,-140,-140,-140,-140,-140,-140,-140,-140,-140,-140,-140,-140,-140,-140,-140,-140,-140,-140,-140,-140,-140,-140,-140,-140.0,-140,-140,-140,-140,-140,-140,-140,-140,-140.0,-140,-140,-140,-140,-140,-140,-140,-140,-140.0,-140,-140,-140,-140,-140,-140,-140,-140,-140,-140,-140,-140,-140,-140
73.9908,-70.0,-91.0,-90.0,-140.0,-140.0,-140.0,-140.0,-140.0,-82.0,-140.0,-89.0,-75.0,-140.0,-140.0,-76.0,-140.0,-140.0,-140,-140.0,-140.0,-140.0,-94.0,-87.0,-85.0,-140.0,-90.0,-140.0,-140.0,-140,-140.0,-140,-140,-140.0,-140.0,-140,-140.0,-83.0,-85.0,-140.0,-140,-140.0,-140,-140,-140.0,-140.0,-79.0,-140,-92.0,-140,-140,-140,-140.0,-140,-140.0,-89.0,-140,-140,-140.0,-77.0,-78.0,-84.0,-140,-140.0,-140.0,-140.0,-140.0,-140,-140,-140,-140,-140,-140,-140,-140,-140,-140,-140,-140,-140,-140,-140,-140,-140,-140,-140,-140,-140,-140,-140,-140,-140,-140,-140,-140,-140,-140,-140,-140,-140,-140,-140,-140,-140,-140,-140,-140,-140,-140,-140,-140,-140,-140,-140,-140,-140,-140,-140,-140,-140,-140,-140,-140,-140,-140,-140,-140,-140,-140,-140,-140,-140,-140,-140,-140,-140,-140,-140,-140,-140,-140,-140,-140,-140,-140,-140,-140,-140,-140,-140,-140,-140,-140,-140,-140,-140,-140,-140,-140,-140,-140,-140,-140,-140,-140,-140,-140,-140,-140,-140,-140,-140,-140,-140,-140,-140,-140,-140,-140,-140,-140,-140,-140,-140,-140,-140,-140,-140,-140,-140,-140,-140,-140,-140,-140,-140,-140,-140,-140,-140,-140,-140,-140,-140,-140,-92.0,-140,-140,-140,-140,-140,-140,-140,-140,-140.0,-140,-140,-140,-140,-140,-140,-140,-140,-140.0,-140,-140,-140,-140,-140,-140,-140,-140,-140,-140,-140,-140,-140,-140
75.9781,-63.0,-94.0,-140.0,-140.0,-140.0,-140.0,-95.0,-140.0,-83.0,-140.0,-140.0,-140.0,-140.0,-140.0,-84.0,-140.0,-140.0,-140,-140.0,-140.0,-140.0,-140.0,-85.0,-140.0,-140.0,-140.0,-140.0,-140.0,-140,-140.0,-140,-140,-140.0,-140.0,-140,-140.0,-83.0,-88.0,-140.0,-140,-140.0,-140,-140,-140.0,-140.0,-79.0,-140,-92.0,-140,-140,-140,-140.0,-140,-140.0,-140.0,-140,-140,-93.0,-85.0,-86.0,-80.0,-140,-140.0,-140.0,-140.0,-140.0,-140,-140,-140,-140,-140,-140,-140,-140,-140,-140,-140,-140,-140,-140,-140,-140,-140,-140,-140,-140,-140,-140,-140,-140,-140,-140,-140,-140,-140,-140,-140,-140,-140,-140,-140,-140,-140,-140,-140,-140,-140,-140,-140,-140,-140,-140,-140,-140,-140,-140,-140,-140,-140,-140,-140,-140,-140,-140,-140,-140,-140,-140,-140,-140,-140,-140,-140,-140,-140,-140,-140,-140,-140,-140,-140,-140,-140,-140,-140,-140,-140,-140,-140,-140,-140,-140,-140,-140,-140,-140,-140,-140,-140,-140,-140,-140,-140,-140,-140,-140,-140,-140,-140,-140,-140,-140,-140,-140,-140,-140,-140,-140,-140,-140,-140,-140,-140,-140,-140,-140,-140,-140,-140,-140,-140,-140,-140,-140,-140,-140,-140,-140,-140,-140,-140,-140,-140,-140,-140.0,-140,-140,-140,-140,-140,-140,-140,-140,-140.0,-140,-140,-140,-140,-140,-140,-140,-140,-140.0,-140,-140,-140,-140,-140,-140,-140,-140,-140,-140,-140,-140,-140,-140
77.9993,-77.0,-140.0,-87.0,-140.0,-140.0,-140.0,-93.0,-140.0,-76.0,-140.0,-140.0,-76.0,-140.0,-140.0,-83.0,-140.0,-140.0,-140,-140.0,-140.0,-140.0,-140.0,-140.0,-78.0,-140.0,-140.0,-140.0,-140.0,-140,-140.0,-140,-140,-140.0,-140.0,-140,-140.0,-140.0,-88.0,-140.0,-140,-140.0,-140,-140,-140.0,-140.0,-86.0,-140,-140.0,-140,-140,-140,-140.0,-140,-140.0,-84.0,-140,-140,-140.0,-86.0,-84.0,-83.0,-140,-140.0,-140.0,-140.0,-140.0,-140,-140,-140,-140,-140,-140,-140,-140,-140,-140,-140,-140,-140,-140,-140,-140,-140,-140,-140,-140,-140,-140,-140,-140,-140,-140,-140,-140,-140,-140,-140,-140,-140,-140,-140,-140,-140,-140,-140,-140,-140,-140,-140,-140,-140,-140,-140,-140,-140,-140,-140,-140,-140,-140,-140,-140,-140,-140,-140,-140,-140,-140,-140,-140,-140,-140,-140,-140,-140,-140,-140,-140,-140,-140,-140,-140,-140,-140,-140,-140,-140,-140,-140,-140,-140,-140,-140,-140,-140,-140,-140,-140,-140,-140,-140,-140,-140,-140,-140,-140,-140,-140,-140,-140,-140,-140,-140,-140,-140,-140,-140,-140,-140,-140,-140,-140,-140,-140,-140,-140,-140,-140,-140,-140,-140,-140,-140,-140,-140,-140,-140,-140,-140,-140,-140,-140,-140,-140,-88.0,-140,-140,-140,-140,-140,-140,-140,-140,-140.0,-140,-140,-140,-140,-140,-140,-140,-140,-140.0,-140,-140,-140,-140,-140,-140,-140,-140,-140,-140,-140,-140,-140,-140
80.1018,-74.0,-90.0,-90.0,-85.0,-84.0,-140.0,-140.0,-140.0,-72.0,-140.0,-140.0,-87.0,-140.0,-90.0,-85.0,-140.0,-140.0,-140,-140.0,-140.0,-91.0,-140.0,-84.0,-83.0,-140.0,-140.0,-140.0,-91.0,-140,-140.0,-140,-140,-140.0,-140.0,-140,-140.0,-83.0,-85.0,-140.0,-140,-140.0,-140,-140,-140.0,-140.0,-82.0,-140,-140.0,-140,-140,-140,-87.0,-140,-140.0,-91.0,-140,-140,-88.0,-85.0,-82.0,-82.0,-140,-140.0,-140.0,-140.0,-140.0,-140,-140,-140,-140,-140,-140,-140,-140,-140,-140,-140,-140,-140,-140,-140,-140,-140,-140,-140,-140,-140,-140,-140,-140,-140,-140,-140,-140,-140,-140,-140,-140,-140,-140,-140,-140,-140,-140,-140,-140,-140,-140,-140,-140,-140,-140,-140,-140,-140,-140,-140,-140,-140,-140,-140,-140,-140,-140,-140,-140,-140,-140,-140,-140,-140,-140,-140,-140,-140,-140,-140,-140,-140,-140,-140,-140,-140,-140,-140,-140,-140,-140,-140,-140,-140,-140,-140,-140,-140,-140,-140,-140,-140,-140,-140,-140,-140,-140,-140,-140,-140,-140,-140,-140,-140,-140,-140,-140,-140,-140,-140,-140,-140,-140,-140,-140,-140,-140,-140,-140,-140,-140,-140,-140,-140,-140,-140,-140,-140,-140,-140,-140,-140,-140,-140,-140,-140,-140,-91.0,-140,-140,-140,-140,-140,-140,-140,-140,-140.0,-140,-140,-140,-140,-140,-140,-140,-140,-140.0,-140,-140,-140,-140,-140,-140,-140,-140,-140,-140,-140,-140,-140,-140
82.149,-69.0,-140.0,-88.0,-87.0,-83.0,-140.0,-87.0,-140.0,-72.0,-140.0,-140.0,-80.0,-89.0,-140.0,-84.0,-90.0,-87.0,-140,-140.0,-140.0,-89.0,-140.0,-84.0,-140.0,-88.0,-85.0,-82.0,-140.0,-140,-140.0,-140,-140,-140.0,-140.0,-140,-140.0,-83.0,-87.0,-140.0,-140,-140.0,-140,-140,-140.0,-140.0,-84.0,-140,-92.0,-140,-140,-140,-140.0,-140,-140.0,-140.0,-140,-140,-140.0,-82.0,-81.0,-87.0,-140,-140.0,-140.0,-140.0,-140.0,-140,-140,-140,-140,-140,-140,-140,-140,-140,-140,-140,-140,-140,-140,-140,-140,-140,-140,-140,-140,-140,-140,-140,-140,-140,-140,-140,-140,-140,-140,-140,-140,-140,-140,-140,-140,-140,-140,-140,-140,-140,-140,-140,-140,-140,-140,-140,-140,-140,-140,-140,-140,-140,-140,-140,-140,-140,-140,-140,-140,-140,-140,-140,-140,-140,-140,-140,-140,-140,-140,-140,-140,-140,-140,-140,-140,-140,-140,-140,-140,-140,-140,-140,-140,-140,-140,-140,-140,-140,-140,-140,-140,-140,-140,-140,-140,-140,-140,-140,-140,-140,-140,-140,-140,-140,-140,-140,-140,-140,-140,-140,-140,-140,-140,-140,-140,-140,-140,-140,-140,-140,-140,-140,-140,-140,-140,-140,-140,-140,-140,-140,-140,-140,-140,-140,-140,-140,-140,-87.0,-140,-140,-140,-140,-140,-140,-140,-140,-140.0,-140,-140,-140,-140,-140,-140,-140,-140,-140.0,-140,-140,-140,-140,-140,-140,-140,-140,-140,-140,-140,-140,-140,-140
84.1595,-72.0,-140.0,-88.0,-140.0,-140.0,-90.0,-91.0,-140.0,-72.0,-140.0,-140.0,-91.0,-87.0,-87.0,-83.0,-87.0,-86.0,-140,-90.0,-140.0,-87.0,-140.0,-86.0,-73.0,-93.0,-140.0,-88.0,-140.0,-140,-140.0,-140,-140,-140.0,-140.0,-140,-140.0,-82.0,-86.0,-140.0,-140,-140.0,-140,-140,-140.0,-140.0,-85.0,-140,-140.0,-140,-140,-140,-140.0,-140,-140.0,-80.0,-140,-140,-140.0,-83.0,-84.0,-83.0,-140,-140.0,-140.0,-140.0,-140.0,-140,-140,-140,-140,-140,-140,-140,-140,-140,-140,-140,-140,-140,-140,-140,-140,-140,-140,-140,-140,-140,-140,-140,-140,-140,-140,-140,-140,-140,-140,-140,-140,-140,-140,-140,-140,-140,-140,-140,-140,-140,-140,-140,-140,-140,-140,-140,-140,-140,-140,-140,-140,-140,-140,-140,-140,-140,-140,-140,-140,-140,-140,-140,-140,-140,-140,-140,-140,-140,-140,-140,-140,-140,-140,-140,-140,-140,-140,-140,-140,-140,-140,-140,-140,-140,-140,-140,-140,-140,-140,-140,-140,-140,-140,-140,-140,-140,-140,-140,-140,-140,-140,-140,-140,-140,-140,-140,-140,-140,-140,-140,-140,-140,-140,-140,-140,-140,-140,-140,-140,-140,-140,-140,-140,-140,-140,-140,-140,-140,-140,-140,-140,-140,-140,-140,-140,-140,-140,-89.0,-140,-140,-140,-140,-140,-140,-140,-140,-140.0,-140,-140,-140,-140,-140,-140,-140,-140,-140.0,-140,-140,-140,-140,-140,-140,-140,-140,-140,-140,-140,-140,-140,-140
86.0286,-77.0,-140.0,-87.0,-140.0,-140.0,-140.0,-140.0,-140.0,-80.0,-140.0,-140.0,-77.0,-140.0,-140.0,-80.0,-140.0,-140.0,-140,-140.0,-140.0,-140.0,-140.0,-84.0,-140.0,-140.0,-140.0,-140.0,-140.0,-140,-140.0,-140,-140,-140.0,-140.0,-140,-140.0,-84.0,-86.0,-140.0,-140,-91.0,-140,-140,-91.0,-92.0,-140.0,-140,-140.0,-140,-140,-140,-140.0,-140,-140.0,-140.0,-140,-140,-140.0,-86.0,-140.0,-140.0,-140,-140.0,-140.0,-140.0,-140.0,-140,-140,-140,-140,-140,-140,-140,-140,-140,-140,-140,-140,-140,-140,-140,-140,-140,-140,-140,-140,-140,-140,-140,-140,-140,-140,-140,-140,-140,-140,-140,-140,-140,-140,-140,-140,-140,-140,-140,-140,-140,-140,-140,-140,-140,-140,-140,-140,-140,-140,-140,-140,-140,-140,-140,-140,-140,-140,-140,-140,-140,-140,-140,-140,-140,-140,-140,-140,-140,-140,-140,-140,-140,-140,-140,-140,-140,-140,-140,-140,-140,-140,-140,-140,-140,-140,-140,-140,-140,-140,-140,-140,-140,-140,-140,-140,-140,-140,-140,-140,-140,-140,-140,-140,-140,-140,-140,-140,-140,-140,-140,-140,-140,-140,-140,-140,-140,-140,-140,-140,-140,-140,-140,-140,-140,-140,-140,-140,-140,-140,-140,-140,-140,-140,-140,-140,-140,-140,-140.0,-140,-140,-140,-140,-140,-140,-140,-140,-140.0,-140,-140,-140,-140,-140,-140,-140,-140,-140.0,-140,-140,-140,-140,-140,-140,-140,-140,-140,-140,-140,-140,-140,-140
88.1286,-78.0,-140.0,-89.0,-140.0,-140.0,-140.0,-94.0,-140.0,-84.0,-140.0,-140.0,-87.0,-140.0,-140.0,-83.0,-140.0,-140.0,-140,-92.0,-140.0,-140.0,-140.0,-92.0,-79.0,-140.0,-140.0,-140.0,-140.0,-140,-140.0,-140,-140,-140.0,-140.0,-140,-140.0,-85.0,-89.0,-140.0,-140,-93.0,-140,-140,-140.0,-140.0,-140.0,-140,-140.0,-140,-140,-140,-140.0,-140,-140.0,-91.0,-140,-140,-92.0,-85.0,-140.0,-84.0,-140,-140.0,-140.0,-140.0,-140.0,-140,-140,-140,-140,-140,-140,-140,-140,-140,-140,-140,-140,-140,-140,-140,-140,-140,-140,-140,-140,-140,-140,-140,-140,-140,-140,-140,-140,-140,-140,-140,-140,-140,-140,-140,-140,-140,-140,-140,-140,-140,-140,-140,-140,-140,-140,-140,-140,-140,-140,-140,-140,-140,-140,-140,-140,-140,-140,-140,-140,-140,-140,-140,-140,-140,-140,-140,-140,-140,-140,-140,-140,-140,-140,-140,-140,-140,-140,-140,-140,-140,-140,-140,-140,-140,-140,-140,-140,-140,-140,-140,-140,-140,-140,-140,-140,-140,-140,-140,-140,-140,-140,-140,-140,-140,-140,-140,-140,-140,-140,-140,-140,-140,-140,-140,-140,-140,-140,-140,-140,-140,-140,-140,-140,-140,-140,-140,-140,-140,-140,-140,-140,-140,-140,-140,-140,-140,-140,-140.0,-140,-140,-140,-140,-140,-140,-140,-140,-140.0,-140,-140,-140,-140,-140,-140,-140,-140,-140.0,-140,-140,-140,-140,-140,-140,-140,-140,-140,-140,-140,-140,-140,-140
90.1466,-74.0,-92.0,-91.0,-140.0,-140.0,-140.0,-140.0,-140.0,-82.0,-140.0,-140.0,-85.0,-140.0,-140.0,-82.0,-140.0,-140.0,-140,-89.0,-140.0,-140.0,-140.0,-86.0,-81.0,-140.0,-140.0,-140.0,-140.0,-140,-140.0,-140,-140,-140.0,-140.0,-140,-140.0,-86.0,-88.0,-140.0,-140,-140.0,-140,-140,-94.0,-95.0,-140.0,-140,-94.0,-140,-140,-140,-92.0,-140,-140.0,-140.0,-140,-140,-92.0,-86.0,-140.0,-89.0,-140,-140.0,-140.0,-140.0,-140.0,-140,-140,-140,-140,-140,-140,-140,-140,-140,-140,-140,-140,-140,-140,-140,-140,-140,-140,-140,-140,-140,-140,-140,-140,-140,-140,-140,-140,-140,-140,-140,-140,-140,-140,-140,-140,-140,-140,-140,-140,-140,-140,-140,-140,-140,-140,-140,-140,-140,-140,-140,-140,-140,-140,-140,-140,-140,-140,-140,-140,-140,-140,-140,-140,-140,-140,-140,-140,-140,-140,-140,-140,-140,-140,-140,-140,-140,-140,-140,-140,-140,-140,-140,-140,-140,-140,-140,-140,-140,-140,-140,-140,-140,-140,-140,-140,-140,-140,-140,-140,-140,-140,-140,-140,-140,-140,-140,-140,-140,-140,-140,-140,-140,-140,-140,-140,-140,-140,-140,-140,-140,-140,-140,-140,-140,-140,-140,-140,-140,-140,-140,-140,-140,-140,-140,-140,-140,-140,-91.0,-140,-140,-140,-140,-140,-140,-140,-140,-140.0,-140,-140,-140,-140,-140,-140,-140,-140,-140.0,-140,-140,-140,-140,-140,-140,-140,-140,-140,-140,-140,-140,-140,-140
94.0262,-80.0,-140.0,-140.0,-90.0,-140.0,-140.0,-140.0,-140.0,-84.0,-140.0,-140.0,-83.0,-140.0,-140.0,-84.0,-140.0,-140.0,-140,-140.0,-140.0,-140.0,-140.0,-82.0,-79.0,-92.0,-93.0,-92.0,-140.0,-140,-93.0,-140,-140,-140.0,-140.0,-140,-140.0,-89.0,-89.0,-140.0,-140,-140.0,-140,-140,-140.0,-140.0,-86.0,-140,-140.0,-140,-140,-140,-140.0,-140,-140.0,-140.0,-140,-140,-91.0,-91.0,-140.0,-140.0,-140,-140.0,-140.0,-140.0,-140.0,-140,-140,-140,-140,-140,-140,-140,-140,-140,-140,-140,-140,-140,-140,-140,-140,-140,-140,-140,-140,-140,-140,-140,-140,-140,-140,-140,-140,-140,-140,-140,-140,-140,-140,-140,-140,-140,-140,-140,-140,-140,-140,-140,-140,-140,-140,-140,-140,-140,-140,-140,-140,-140,-140,-140,-140,-140,-140,-140,-140,-140,-140,-140,-140,-140,-140,-140,-140,-140,-140,-140,-140,-140,-140,-140,-140,-140,-140,-140,-140,-140,-140,-140,-140,-140,-140,-140,-140,-140,-140,-140,-140,-140,-140,-140,-140,-140,-140,-140,-140,-140,-140,-140,-140,-140,-140,-140,-140,-140,-140,-140,-140,-140,-140,-140,-140,-140,-140,-140,-140,-140,-140,-140,-140,-140,-140,-140,-140,-140,-140,-140,-140,-140,-140,-140,-140,-140,-140,-140.0,-140,-140,-140,-140,-140,-140,-140,-140,-140.0,-140,-140,-140,-140,-140,-140,-140,-140,-140.0,-140,-140,-140,-140,-140,-140,-140,-140,-140,-140,-140,-140,-140,-140
95.9669,-74.0,-140.0,-87.0,-140.0,-140.0,-140.0,-89.0,-140.0,-80.0,-140.0,-140.0,-84.0,-140.0,-140.0,-82.0,-140.0,-140.0,-140,-140.0,-140.0,-140.0,-140.0,-89.0,-84.0,-140.0,-140.0,-140.0,-140.0,-140,-92.0,-140,-140,-140.0,-140.0,-140,-140.0,-86.0,-93.0,-140.0,-140,-140.0,-140,-140,-140.0,-140.0,-140.0,-140,-140.0,-140,-140,-140,-140.0,-140,-140.0,-87.0,-140,-140,-95.0,-88.0,-140.0,-140.0,-140,-140.0,-140.0,-140.0,-140.0,-140,-140,-140,-140,-140,-140,-140,-140,-140,-140,-140,-140,-140,-140,-140,-140,-140,-140,-140,-140,-140,-140,-140,-140,-140,-140,-140,-140,-140,-140,-140,-140,-140,-140,-140,-140,-140,-140,-140,-140,-140,-140,-140,-140,-140,-140,-140,-140,-140,-140,-140,-140,-140,-140,-140,-140,-140,-140,-140,-140,-140,-140,-140,-140,-140,-140,-140,-140,-140,-140,-140,-140,-140,-140,-140,-140,-140,-140,-140,-140,-140,-140,-140,-140,-140,-140,-140,-140,-140,-140,-140,-140,-140,-140,-140,-140,-140,-140,-140,-140,-140,-140,-140,-140,-140,-140,-140,-140,-140,-140,-140,-140,-140,-140,-140,-140,-140,-140,-140,-140,-140,-140,-140,-140,-140,-140,-140,-140,-140,-140,-140,-140,-140,-140,-140,-140,-140,-140,-90.0,-140,-140,-140,-140,-140,-140,-140,-140,-140.0,-140,-140,-140,-140,-140,-140,-140,-140,-140.0,-140,-140,-140,-140,-140,-140,-140,-140,-140,-140,-140,-140,-140,-140
98.0072,-84.0,-91.0,-140.0,-140.0,-140.0,-140.0,-140.0,-140.0,-80.0,-140.0,-140.0,-81.0,-140.0,-140.0,-78.0,-140.0,-140.0,-140,-140.0,-140.0,-140.0,-140.0,-89.0,-83.0,-140.0,-140.0,-140.0,-140.0,-140,-140.0,-140,-140,-140.0,-140.0,-140,-140.0,-83.0,-90.0,-140.0,-140,-140.0,-140,-140,-140.0,-140.0,-88.0,-140,-140.0,-140,-140,-140,-140.0,-140,-140.0,-140.0,-140,-140,-93.0,-87.0,-87.0,-84.0,-140,-140.0,-140.0,-140.0,-140.0,-140,-140,-140,-140,-140,-140,-140,-140,-140,-140,-140,-140,-140,-140,-140,-140,-140,-140,-140,-140,-140,-140,-140,-140,-140,-140,-140,-140,-140,-140,-140,-140,-140,-140,-140,-140,-140,-140,-140,-140,-140,-140,-140,-140,-140,-140,-140,-140,-140,-140,-140,-140,-140,-140,-140,-140,-140,-140,-140,-140,-140,-140,-140,-140,-140,-140,-140,-140,-140,-140,-140,-140,-140,-140,-140,-140,-140,-140,-140,-140,-140,-140,-140,-140,-140,-140,-140,-140,-140,-140,-140,-140,-140,-140,-140,-140,-140,-140,-140,-140,-140,-140,-140,-140,-140,-140,-140,-140,-140,-140,-140,-140,-140,-140,-140,-140,-140,-140,-140,-140,-140,-140,-140,-140,-140,-140,-140,-140,-140,-140,-140,-140,-140,-140,-140,-140,-140,-140,-140.0,-140,-140,-140,-140,-140,-140,-140,-140,-140.0,-140,-140,-140,-140,-140,-140,-140,-140,-140.0,-140,-140,-140,-140,-140,-140,-140,-140,-140,-140,-140,-140,-140,-140
100.0076,-70.0,-140.0,-88.0,-140.0,-140.0,-140.0,-140.0,-140.0,-140.0,-140.0,-140.0,-81.0,-140.0,-140.0,-76.0,-91.0,-140.0,-140,-140.0,-140.0,-140.0,-140.0,-140.0,-85.0,-140.0,-140.0,-140.0,-140.0,-140,-94.0,-140,-140,-140.0,-140.0,-140,-140.0,-81.0,-90.0,-140.0,-140,-140.0,-140,-140,-140.0,-140.0,-83.0,-140,-95.0,-140,-140,-140,-140.0,-140,-140.0,-140.0,-140,-140,-140.0,-87.0,-82.0,-81.0,-140,-140.0,-140.0,-140.0,-140.0,-140,-140,-140,-140,-140,-140,-140,-140,-140,-140,-140,-140,-140,-140,-140,-140,-140,-140,-140,-140,-140,-140,-140,-140,-140,-140,-140,-140,-140,-140,-140,-140,-140,-140,-140,-140,-140,-140,-140,-140,-140,-140,-140,-140,-140,-140,-140,-140,-140,-140,-140,-140,-140,-140,-140,-140,-140,-140,-140,-140,-140,-140,-140,-140,-140,-140,-140,-140,-140,-140,-140,-140,-140,-140,-140,-140,-140,-140,-140,-140,-140,-140,-140,-140,-140,-140,-140,-140,-140,-140,-140,-140,-140,-140,-140,-140,-140,-140,-140,-140,-140,-140,-140,-140,-140,-140,-140,-140,-140,-140,-140,-140,-140,-140,-140,-140,-140,-140,-140,-140,-140,-140,-140,-140,-140,-140,-140,-140,-140,-140,-140,-140,-140,-140,-140,-140,-140,-140,-140.0,-140,-140,-140,-140,-140,-140,-140,-140,-140.0,-140,-140,-140,-140,-140,-140,-140,-140,-140.0,-140,-140,-140,-140,-140,-140,-140,-140,-140,-140,-140,-140,-140,-140
102.1112,-86.0,-140.0,-140.0,-90.0,-140.0,-140.0,-140.0,-140.0,-81.0,-140.0,-140.0,-140.0,-88.0,-87.0,-84.0,-87.0,-87.0,-140,-140.0,-87.0,-86.0,-140.0,-82.0,-140.0,-140.0,-140.0,-140.0,-140.0,-140,-140.0,-140,-140,-140.0,-140.0,-140,-140.0,-79.0,-86.0,-140.0,-140,-140.0,-140,-140,-140.0,-140.0,-85.0,-140,-140.0,-140,-140,-140,-86.0,-140,-140.0,-91.0,-140,-140,-93.0,-79.0,-78.0,-84.0,-140,-140.0,-140.0,-140.0,-140.0,-140,-140,-140,-140,-140,-140,-140,-140,-140,-140,-140,-140,-140,-140,-140,-140,-140,-140,-140,-140,-140,-140,-140,-140,-140,-140,-140,-140,-140,-140,-140,-140,-140,-140,-140,-140,-140,-140,-140,-140,-140,-140,-140,-140,-140,-140,-140,-140,-140,-140,-140,-140,-140,-140,-140,-140,-140,-140,-140,-140,-140,-140,-140,-140,-140,-140,-140,-140,-140,-140,-140,-140,-140,-140,-140,-140,-140,-140,-140,-140,-140,-140,-140,-140,-140,-140,-140,-140,-140,-140,-140,-140,-140,-140,-140,-140,-140,-140,-140,-140,-140,-140,-140,-140,-140,-140,-140,-140,-140,-140,-140,-140,-140,-140,-140,-140,-140,-140,-140,-140,-140,-140,-140,-140,-140,-140,-140,-140,-140,-140,-140,-140,-140,-140,-140,-140,-140,-140,-93.0,-140,-140,-140,-140,-140,-140,-140,-140,-140.0,-140,-140,-140,-140,-140,-140,-140,-140,-140.0,-140,-140,-140,-140,-140,-140,-140,-140,-140,-140,-140,-140,-140,-140
103.9967,-72.0,-89.0,-90.0,-140.0,-140.0,-140.0,-92.0,-140.0,-86.0,-140.0,-140.0,-140.0,-83.0,-84.0,-85.0,-84.0,-84.0,-140,-140.0,-140.0,-83.0,-89.0,-85.0,-78.0,-92.0,-140.0,-92.0,-91.0,-140,-92.0,-140,-140,-92.0,-140.0,-140,-94.0,-86.0,-140.0,-140.0,-140,-95.0,-140,-140,-140.0,-140.0,-85.0,-140,-140.0,-140,-140,-140,-140.0,-140,-140.0,-140.0,-140,-140,-140.0,-140.0,-88.0,-83.0,-140,-140.0,-140.0,-140.0,-140.0,-140,-140,-140,-140,-140,-140,-140,-140,-140,-140,-140,-140,-140,-140,-140,-140,-140,-140,-140,-140,-140,-140,-140,-140,-140,-140,-140,-140,-140,-140,-140,-140,-140,-140,-140,-140,-140,-140,-140,-140,-140,-140,-140,-140,-140,-140,-140,-140,-140,-140,-140,-140,-140,-140,-140,-140,-140,-140,-140,-140,-140,-140,-140,-140,-140,-140,-140,-140,-140,-140,-140,-140,-140,-140,-140,-140,-140,-140,-140,-140,-140,-140,-140,-140,-140,-140,-140,-140,-140,-140,-140,-140,-140,-140,-140,-140,-140,-140,-140,-140,-140,-140,-140,-140,-140,-140,-140,-140,-140,-140,-140,-140,-140,-140,-140,-140,-140,-140,-140,-140,-140,-140,-140,-140,-140,-140,-140,-140,-140,-140,-140,-140,-140,-140,-140,-140,-140,-140,-85.0,-140,-140,-140,-140,-140,-140,-140,-140,-140.0,-140,-140,-140,-140,-140,-140,-140,-140,-140.0,-140,-140,-140,-140,-140,-140,-140,-140,-140,-140,-140,-140,-140,-140
106.1357,-77.0,-85.0,-140.0,-140.0,-140.0,-140.0,-90.0,-140.0,-82.0,-140.0,-140.0,-83.0,-140.0,-140.0,-88.0,-140.0,-140.0,-140,-87.0,-140.0,-140.0,-140.0,-87.0,-140.0,-140.0,-93.0,-140.0,-140.0,-140,-140.0,-140,-140,-140.0,-140.0,-140,-140.0,-91.0,-140.0,-140.0,-140,-140.0,-140,-140,-140.0,-140.0,-88.0,-140,-140.0,-140,-140,-140,-90.0,-140,-140.0,-140.0,-140,-140,-92.0,-92.0,-89.0,-140.0,-140,-140.0,-140.0,-140.0,-140.0,-140,-140,-140,-140,-140,-140,-140,-140,-140,-140,-140,-140,-140,-140,-140,-140,-140,-140,-140,-140,-140,-140,-140,-140,-140,-140,-140,-140,-140,-140,-140,-140,-140,-140,-140,-140,-140,-140,-140,-140,-140,-140,-140,-140,-140,-140,-140,-140,-140,-140,-140,-140,-140,-140,-140,-140,-140,-140,-140,-140,-140,-140,-140,-140,-140,-140,-140,-140,-140,-140,-140,-140,-140,-140,-140,-140,-140,-140,-140,-140,-140,-140,-140,-140,-140,-140,-140,-140,-140,-140,-140,-140,-140,-140,-140,-140,-140,-140,-140,-140,-140,-140,-140,-140,-140,-140,-140,-140,-140,-140,-140,-140,-140,-140,-140,-140,-140,-140,-140,-140,-140,-140,-140,-140,-140,-140,-140,-140,-140,-140,-140,-140,-140,-140,-140,-140,-140,-140,-87.0,-140,-140,-140,-140,-140,-140,-140,-140,-140.0,-140,-140,-140,-140,-140,-140,-140,-140,-140.0,-140,-140,-140,-140,-140,-140,-140,-140,-140,-140,-140,-140,-140,-140
108.0479,-73.0,-140.0,-89.0,-140.0,-140.0,-140.0,-140.0,-140.0,-83.0,-140.0,-140.0,-83.0,-140.0,-140.0,-140.0,-140.0,-140.0,-140,-140.0,-140.0,-140.0,-140.0,-83.0,-81.0,-140.0,-140.0,-140.0,-140.0,-140,-140.0,-140,-140,-140.0,-140.0,-140,-140.0,-140.0,-140.0,-140.0,-140,-140.0,-140,-140,-140.0,-140.0,-89.0,-140,-140.0,-140,-140,-140,-140.0,-140,-140.0,-140.0,-140,-140,-140.0,-140.0,-88.0,-140.0,-140,-140.0,-140.0,-140.0,-140.0,-140,-140,-140,-140,-140,-140,-140,-140,-140,-140,-140,-140,-140,-140,-140,-140,-140,-140,-140,-140,-140,-140,-140,-140,-140,-140,-140,-140,-140,-140,-140,-140,-140,-140,-140,-140,-140,-140,-140,-140,-140,-140,-140,-140,-140,-140,-140,-140,-140,-140,-140,-140,-140,-140,-140,-140,-140,-140,-140,-140,-140,-140,-140,-140,-140,-140,-140,-140,-140,-140,-140,-140,-140,-140,-140,-140,-140,-140,-140,-140,-140,-140,-140,-140,-140,-140,-140,-140,-140,-140,-140,-140,-140,-140,-140,-140,-140,-140,-140,-140,-140,-140,-140,-140,-140,-140,-140,-140,-140,-140,-140,-140,-140,-140,-140,-140,-140,-140,-140,-140,-140,-140,-140,-140,-140,-140,-140,-140,-140,-140,-140,-140,-140,-140,-140,-140,-140,-140,-140.0,-140,-140,-140,-140,-140,-140,-140,-140,-140.0,-140,-140,-140,-140,-140,-140,-140,-140,-140.0,-140,-140,-140,-140,-140,-140,-140,-140,-140,-140,-140,-140,-140,-140
109.9767,-78.0,-140.0,-140.0,-140.0,-140.0,-96.0,-140.0,-140.0,-84.0,-140.0,-140.0,-82.0,-140.0,-140.0,-91.0,-140.0,-140.0,-140,-140.0,-140.0,-140.0,-140.0,-92.0,-140.0,-140.0,-140.0,-140.0,-91.0,-140,-140.0,-140,-140,-140.0,-140.0,-140,-140.0,-90.0,-140.0,-140.0,-140,-140.0,-140,-140,-140.0,-140.0,-140.0,-140,-140.0,-140,-140,-140,-95.0,-140,-140.0,-140.0,-140,-140,-140.0,-92.0,-90.0,-88.0,-140,-140.0,-140.0,-140.0,-140.0,-140,-140,-140,-140,-140,-140,-140,-140,-140,-140,-140,-140,-140,-140,-140,-140,-140,-140,-140,-140,-140,-140,-140,-140,-140,-140,-140,-140,-140,-140,-140,-140,-140,-140,-140,-140,-140,-140,-140,-140,-140,-140,-140,-140,-140,-140,-140,-140,-140,-140,-140,-140,-140,-140,-140,-140,-140,-140,-140,-140,-140,-140,-140,-140,-140,-140,-140,-140,-140,-140,-140,-140,-140,-140,-140,-140,-140,-140,-140,-140,-140,-140,-140,-140,-140,-140,-140,-140,-140,-140,-140,-140,-140,-140,-140,-140,-140,-140,-140,-140,-140,-140,-140,-140,-140,-140,-140,-140,-140,-140,-140,-140,-140,-140,-140,-140,-140,-140,-140,-140,-140,-140,-140,-140,-140,-140,-140,-140,-140,-140,-140,-140,-140,-140,-140,-140,-140,-140,-92.0,-140,-140,-140,-140,-140,-140,-140,-140,-140.0,-140,-140,-140,-140,-140,-140,-140,-140,-140.0,-140,-140,-140,-140,-140,-140,-140,-140,-140,-140,-140,-140,-140,-140
111.9984,-82.0,-140.0,-140.0,-140.0,-140.0,-140.0,-140.0,-140.0,-91.0,-140.0,-140.0,-78.0,-140.0,-140.0,-87.0,-140.0,-140.0,-140,-140.0,-140.0,-140.0,-140.0,-91.0,-140.0,-140.0,-140.0,-140.0,-140.0,-140,-140.0,-140,-140,-140.0,-140.0,-140,-140.0,-91.0,-140.0,-140.0,-140,-140.0,-140,-140,-140.0,-140.0,-140.0,-140,-140.0,-140,-140,-140,-140.0,-140,-140.0,-140.0,-140,-140,-140.0,-90.0,-90.0,-91.0,-140,-140.0,-140.0,-140.0,-140.0,-140,-140,-140,-140,-140,-140,-140,-140,-140,-140,-140,-140,-140,-140,-140,-140,-140,-140,-140,-140,-140,-140,-140,-140,-140,-140,-140,-140,-140,-140,-140,-140,-140,-140,-140,-140,-140,-140,-140,-140,-140,-140,-140,-140,-140,-140,-140,-140,-140,-140,-140,-140,-140,-140,-140,-140,-140,-140,-140,-140,-140,-140,-140,-140,-140,-140,-140,-140,-140,-140,-140,-140,-140,-140,-140,-140,-140,-140,-140,-140,-140,-140,-140,-140,-140,-140,-140,-140,-140,-140,-140,-140,-140,-140,-140,-140,-140,-140,-140,-140,-140,-140,-140,-140,-140,-140,-140,-140,-140,-140,-140,-140,-140,-140,-140,-140,-140,-140,-140,-140,-140,-140,-140,-140,-140,-140,-140,-140,-140,-140,-140,-140,-140,-140,-140,-140,-140,-140,-87.0,-140,-140,-140,-140,-140,-140,-140,-140,-140.0,-140,-140,-140,-140,-140,-140,-140,-140,-140.0,-140,-140,-140,-140,-140,-140,-140,-140,-140,-140,-140,-140,-140,-140
113.9841,-75.0,-140.0,-140.0,-140.0,-140.0,-140.0,-140.0,-140.0,-88.0,-140.0,-140.0,-76.0,-140.0,-140.0,-86.0,-140.0,-140.0,-140,-140.0,-140.0,-140.0,-140.0,-89.0,-84.0,-140.0,-140.0,-140.0,-91.0,-140,-140.0,-140,-140,-140.0,-140.0,-140,-140.0,-140.0,-140.0,-140.0,-140,-140.0,-140,-140,-140.0,-140.0,-90.0,-140,-140.0,-140,-140,-140,-140.0,-140,-140.0,-91.0,-140,-140,-140.0,-92.0,-140.0,-140.0,-140,-140.0,-140.0,-140.0,-93.0,-140,-140,-140,-140,-140,-140,-140,-140,-140,-140,-140,-140,-140,-140,-140,-140,-140,-140,-140,-140,-140,-140,-140,-140,-140,-140,-140,-140,-140,-140,-140,-140,-140,-140,-140,-140,-140,-140,-140,-140,-140,-140,-140,-140,-140,-140,-140,-140,-140,-140,-140,-140,-140,-140,-140,-140,-140,-140,-140,-140,-140,-140,-140,-140,-140,-140,-140,-140,-140,-140,-140,-140,-140,-140,-140,-140,-140,-140,-140,-140,-140,-140,-140,-140,-140,-140,-140,-140,-140,-140,-140,-140,-140,-140,-140,-140,-140,-140,-140,-140,-140,-140,-140,-140,-140,-140,-140,-140,-140,-140,-140,-140,-140,-140,-140,-140,-140,-140,-140,-140,-140,-140,-140,-140,-140,-140,-140,-140,-140,-140,-140,-140,-140,-140,-140,-140,-140,-140,-88.0,-140,-140,-140,-140,-140,-140,-140,-140,-140.0,-140,-140,-140,-140,-140,-140,-140,-140,-140.0,-140,-140,-140,-140,-140,-140,-140,-140,-140,-140,-140,-140,-140,-140
115.9587,-86.0,-140.0,-140.0,-140.0,-140.0,-140.0,-140.0,-140.0,-85.0,-140.0,-140.0,-79.0,-140.0,-140.0,-86.0,-140.0,-140.0,-140,-140.0,-140.0,-140.0,-140.0,-88.0,-140.0,-140.0,-140.0,-140.0,-88.0,-140,-140.0,-140,-140,-140.0,-140.0,-140,-140.0,-86.0,-140.0,-140.0,-140,-140.0,-140,-140,-140.0,-140.0,-92.0,-140,-140.0,-140,-140,-140,-140.0,-140,-140.0,-92.0,-140,-140,-140.0,-91.0,-91.0,-88.0,-140,-140.0,-140.0,-140.0,-140.0,-140,-140,-140,-140,-140,-140,-140,-140,-140,-140,-140,-140,-140,-140,-140,-140,-140,-140,-140,-140,-140,-140,-140,-140,-140,-140,-140,-140,-140,-140,-140,-140,-140,-140,-140,-140,-140,-140,-140,-140,-140,-140,-140,-140,-140,-140,-140,-140,-140,-140,-140,-140,-140,-140,-140,-140,-140,-140,-140,-140,-140,-140,-140,-140,-140,-140,-140,-140,-140,-140,-140,-140,-140,-140,-140,-140,-140,-140,-140,-140,-140,-140,-140,-140,-140,-140,-140,-140,-140,-140,-140,-140,-140,-140,-140,-140,-140,-140,-140,-140,-140,-140,-140,-140,-140,-140,-140,-140,-140,-140,-140,-140,-140,-140,-140,-140,-140,-140,-140,-140,-140,-140,-140,-140,-140,-140,-140,-140,-140,-140,-140,-140,-140,-140,-140,-140,-140,-140,-140.0,-140,-140,-140,-140,-140,-140,-140,-140,-140.0,-140,-140,-140,-140,-140,-140,-140,-140,-140.0,-140,-140,-140,-140,-140,-140,-140,-140,-140,-140,-140,-140,-140,-140
117.9793,-74.0,-140.0,-140.0,-140.0,-140.0,-140.0,-93.0,-140.0,-85.0,-140.0,-140.0,-79.0,-140.0,-140.0,-88.0,-140.0,-140.0,-140,-140.0,-140.0,-140.0,-140.0,-93.0,-87.0,-140.0,-140.0,-140.0,-94.0,-140,-140.0,-140,-140,-140.0,-140.0,-140,-140.0,-87.0,-90.0,-140.0,-140,-140.0,-140,-140,-140.0,-140.0,-87.0,-140,-140.0,-140,-140,-140,-140.0,-140,-140.0,-140.0,-140,-140,-140.0,-90.0,-140.0,-140.0,-140,-140.0,-140.0,-140.0,-140.0,-140,-140,-140,-140,-140,-140,-140,-140,-140,-140,-140,-140,-140,-140,-140,-140,-140,-140,-140,-140,-140,-140,-140,-140,-140,-140,-140,-140,-140,-140,-140,-140,-140,-140,-140,-140,-140,-140,-140,-140,-140,-140,-140,-140,-140,-140,-140,-140,-140,-140,-140,-140,-140,-140,-140,-140,-140,-140,-140,-140,-140,-140,-140,-140,-140,-140,-140,-140,-140,-140,-140,-140,-140,-140,-140,-140,-140,-140,-140,-140,-140,-140,-140,-140,-140,-140,-140,-140,-140,-140,-140,-140,-140,-140,-140,-140,-140,-140,-140,-140,-140,-140,-140,-140,-140,-140,-140,-140,-140,-140,-140,-140,-140,-140,-140,-140,-140,-140,-140,-140,-140,-140,-140,-140,-140,-140,-140,-140,-140,-140,-140,-140,-140,-140,-140,-140,-140,-140,-140.0,-140,-140,-140,-140,-140,-140,-140,-140,-140.0,-140,-140,-140,-140,-140,-140,-140,-140,-140.0,-140,-140,-140,-140,-140,-140,-140,-140,-140,-140,-140,-140,-140,-140
119.9872,-79.0,-93.0,-140.0,-140.0,-140.0,-140.0,-140.0,-140.0,-80.0,-140.0,-140.0,-80.0,-140.0,-140.0,-82.0,-140.0,-140.0,-140,-140.0,-140.0,-140.0,-140.0,-140.0,-79.0,-92.0,-90.0,-92.0,-140.0,-140,-140.0,-140,-140,-140.0,-140.0,-140,-140.0,-140.0,-91.0,-140.0,-140,-140.0,-140,-140,-140.0,-140.0,-140.0,-140,-140.0,-140,-140,-140,-140.0,-140,-140.0,-140.0,-140,-140,-140.0,-91.0,-93.0,-87.0,-140,-140.0,-140.0,-140.0,-140.0,-140,-140,-140,-140,-140,-140,-140,-140,-140,-140,-140,-140,-140,-140,-140,-140,-140,-140,-140,-140,-140,-140,-140,-140,-140,-140,-140,-140,-140,-140,-140,-140,-140,-140,-140,-140,-140,-140,-140,-140,-140,-140,-140,-140,-140,-140,-140,-140,-140,-140,-140,-140,-140,-140,-140,-140,-140,-140,-140,-140,-140,-140,-140,-140,-140,-140,-140,-140,-140,-140,-140,-140,-140,-140,-140,-140,-140,-140,-140,-140,-140,-140,-140,-140,-140,-140,-140,-140,-140,-140,-140,-140,-140,-140,-140,-140,-140,-140,-140,-140,-140,-140,-140,-140,-140,-140,-140,-140,-140,-140,-140,-140,-140,-140,-140,-140,-140,-140,-140,-140,-140,-140,-140,-140,-140,-140,-140,-140,-140,-140,-140,-140,-140,-140,-140,-140,-140,-140,-140.0,-140,-140,-140,-140,-140,-140,-140,-140,-140.0,-140,-140,-140,-140,-140,-140,-140,-140,-140.0,-140,-140,-140,-140,-140,-140,-140,-140,-140,-140,-140,-140,-140,-140
121.9929,-80.0,-140.0,-140.0,-140.0,-140.0,-94.0,-93.0,-140.0,-84.0,-140.0,-140.0,-80.0,-140.0,-140.0,-83.0,-140.0,-140.0,-140,-140.0,-140.0,-140.0,-140.0,-92.0,-78.0,-140.0,-140.0,-140.0,-140.0,-140,-140.0,-140,-140,-140.0,-140.0,-140,-140.0,-87.0,-93.0,-140.0,-140,-140.0,-140,-140,-140.0,-140.0,-87.0,-140,-140.0,-140,-140,-140,-140.0,-140,-140.0,-140.0,-140,-140,-140.0,-89.0,-140.0,-140.0,-140,-140.0,-140.0,-140.0,-140.0,-140,-140,-140,-140,-140,-140,-140,-140,-140,-140,-140,-140,-140,-140,-140,-140,-140,-140,-140,-140,-140,-140,-140,-140,-140,-140,-140,-140,-140,-140,-140,-140,-140,-140,-140,-140,-140,-140,-140,-140,-140,-140,-140,-140,-140,-140,-140,-140,-140,-140,-140,-140,-140,-140,-140,-140,-140,-140,-140,-140,-140,-140,-140,-140,-140,-140,-140,-140,-140,-140,-140,-140,-140,-140,-140,-140,-140,-140,-140,-140,-140,-140,-140,-140,-140,-140,-140,-140,-140,-140,-140,-140,-140,-140,-140,-140,-140,-140,-140,-140,-140,-140,-140,-140,-140,-140,-140,-140,-140,-140,-140,-140,-140,-140,-140,-140,-140,-140,-140,-140,-140,-140,-140,-140,-140,-140,-140,-140,-140,-140,-140,-140,-140,-140,-140,-140,-140,-140,-140.0,-140,-140,-140,-140,-140,-140,-140,-140,-140.0,-140,-140,-140,-140,-140,-140,-140,-140,-140.0,-140,-140,-140,-140,-140,-140,-140,-140,-140,-140,-140,-140,-140,-140
124.0434,-77.0,-92.0,-140.0,-140.0,-140.0,-140.0,-95.0,-140.0,-81.0,-140.0,-140.0,-79.0,-140.0,-140.0,-85.0,-140.0,-140.0,-140,-140.0,-140.0,-140.0,-140.0,-88.0,-78.0,-140.0,-140.0,-140.0,-140.0,-140,-140.0,-140,-140,-140.0,-140.0,-140,-140.0,-86.0,-93.0,-140.0,-140,-140.0,-140,-140,-140.0,-140.0,-86.0,-140,-140.0,-140,-140,-140,-95.0,-140,-140.0,-140.0,-140,-140,-140.0,-88.0,-89.0,-86.0,-140,-95.0,-140.0,-140.0,-140.0,-140,-140,-140,-140,-140,-140,-140,-140,-140,-140,-140,-140,-140,-140,-140,-140,-140,-140,-140,-140,-140,-140,-140,-140,-140,-140,-140,-140,-140,-140,-140,-140,-140,-140,-140,-140,-140,-140,-140,-140,-140,-140,-140,-140,-140,-140,-140,-140,-140,-140,-140,-140,-140,-140,-140,-140,-140,-140,-140,-140,-140,-140,-140,-140,-140,-140,-140,-140,-140,-140,-140,-140,-140,-140,-140,-140,-140,-140,-140,-140,-140,-140,-140,-140,-140,-140,-140,-140,-140,-140,-140,-140,-140,-140,-140,-140,-140,-140,-140,-140,-140,-140,-140,-140,-140,-140,-140,-140,-140,-140,-140,-140,-140,-140,-140,-140,-140,-140,-140,-140,-140,-140,-140,-140,-140,-140,-140,-140,-140,-140,-140,-140,-140,-140,-140,-140,-140,-140,-140.0,-140,-140,-140,-140,-140,-140,-140,-140,-140.0,-140,-140,-140,-140,-140,-140,-140,-140,-140.0,-140,-140,-140,-140,-140,-140,-140,-140,-140,-140,-140,-140,-140,-140
125.976,-80.0,-140.0,-140.0,-140.0,-140.0,-140.0,-140.0,-140.0,-83.0,-140.0,-140.0,-81.0,-140.0,-140.0,-83.0,-140.0,-140.0,-140,-140.0,-140.0,-140.0,-140.0,-88.0,-82.0,-140.0,-140.0,-140.0,-140.0,-140,-140.0,-140,-140,-140.0,-140.0,-140,-140.0,-140.0,-90.0,-140.0,-140,-140.0,-140,-140,-140.0,-140.0,-84.0,-140,-140.0,-140,-140,-140,-140.0,-140,-140.0,-140.0,-140,-140,-140.0,-88.0,-140.0,-140.0,-140,-140.0,-140.0,-140.0,-140.0,-140,-140,-140,-140,-140,-140,-140,-140,-140,-140,-140,-140,-140,-140,-140,-140,-140,-140,-140,-140,-140,-140,-140,-140,-140,-140,-140,-140,-140,-140,-140,-140,-140,-140,-140,-140,-140,-140,-140,-140,-140,-140,-140,-140,-140,-140,-140,-140,-140,-140,-140,-140,-140,-140,-140,-140,-140,-140,-140,-140,-140,-140,-140,-140,-140,-140,-140,-140,-140,-140,-140,-140,-140,-140,-140,-140,-140,-140,-140,-140,-140,-140,-140,-140,-140,-140,-140,-140,-140,-140,-140,-140,-140,-140,-140,-140,-140,-140,-140,-140,-140,-140,-140,-140,-140,-140,-140,-140,-140,-140,-140,-140,-140,-140,-140,-140,-140,-140,-140,-140,-140,-140,-140,-140,-140,-140,-140,-140,-140,-140,-140,-140,-140,-140,-140,-140,-140,-140,-140.0,-140,-140,-140,-140,-140,-140,-140,-140,-140.0,-140,-140,-140,-140,-140,-140,-140,-140,-140.0,-140,-140,-140,-140,-140,-140,-140,-140,-140,-140,-140,-140,-140,-140
127.9658,-72.0,-140.0,-140.0,-140.0,-140.0,-140.0,-94.0,-140.0,-79.0,-140.0,-140.0,-84.0,-140.0,-140.0,-81.0,-140.0,-140.0,-140,-140.0,-140.0,-140.0,-140.0,-140.0,-81.0,-89.0,-140.0,-140.0,-140.0,-140,-140.0,-140,-140,-140.0,-140.0,-140,-140.0,-140.0,-90.0,-140.0,-140,-140.0,-140,-140,-140.0,-140.0,-140.0,-140,-140.0,-140,-140,-140,-140.0,-140,-140.0,-140.0,-140,-140,-140.0,-89.0,-89.0,-140.0,-140,-140.0,-140.0,-140.0,-140.0,-140,-140,-140,-140,-140,-140,-140,-140,-140,-140,-140,-140,-140,-140,-140,-140,-140,-140,-140,-140,-140,-140,-140,-140,-140,-140,-140,-140,-140,-140,-140,-140,-140,-140,-140,-140,-140,-140,-140,-140,-140,-140,-140,-140,-140,-140,-140,-140,-140,-140,-140,-140,-140,-140,-140,-140,-140,-140,-140,-140,-140,-140,-140,-140,-140,-140,-140,-140,-140,-140,-140,-140,-140,-140,-140,-140,-140,-140,-140,-140,-140,-140,-140,-140,-140,-140,-140,-140,-140,-140,-140,-140,-140,-140,-140,-140,-140,-140,-140,-140,-140,-140,-140,-140,-140,-140,-140,-140,-140,-140,-140,-140,-140,-140,-140,-140,-140,-140,-140,-140,-140,-140,-140,-140,-140,-140,-140,-140,-140,-140,-140,-140,-140,-140,-140,-140,-140,-140,-140.0,-140,-140,-140,-140,-140,-140,-140,-140,-140.0,-140,-140,-140,-140,-140,-140,-140,-140,-140.0,-140,-140,-140,-140,-140,-140,-140,-140,-140,-140,-140,-140,-140,-140
130.0443,-77.0,-140.0,-140.0,-140.0,-140.0,-140.0,-140.0,-140.0,-78.0,-140.0,-140.0,-83.0,-140.0,-140.0,-88.0,-140.0,-140.0,-140,-140.0,-140.0,-140.0,-140.0,-84.0,-81.0,-87.0,-87.0,-89.0,-140.0,-140,-94.0,-140,-140,-140.0,-140.0,-140,-140.0,-87.0,-90.0,-140.0,-140,-140.0,-140,-140,-140.0,-140.0,-93.0,-140,-140.0,-140,-140,-140,-140.0,-140,-140.0,-140.0,-140,-140,-93.0,-89.0,-89.0,-87.0,-140,-140.0,-140.0,-140.0,-140.0,-140,-140,-140,-140,-140,-140,-140,-140,-140,-140,-140,-140,-140,-140,-140,-140,-140,-140,-140,-140,-140,-140,-140,-140,-140,-140,-140,-140,-140,-140,-140,-140,-140,-140,-140,-140,-140,-140,-140,-140,-140,-140,-140,-140,-140,-140,-140,-140,-140,-140,-140,-140,-140,-140,-140,-140,-140,-140,-140,-140,-140,-140,-140,-140,-140,-140,-140,-140,-140,-140,-140,-140,-140,-140,-140,-140,-140,-140,-140,-140,-140,-140,-140,-140,-140,-140,-140,-140,-140,-140,-140,-140,-140,-140,-140,-140,-140,-140,-140,-140,-140,-140,-140,-140,-140,-140,-140,-140,-140,-140,-140,-140,-140,-140,-140,-140,-140,-140,-140,-140,-140,-140,-140,-140,-140,-140,-140,-140,-140,-140,-140,-140,-140,-140,-140,-140,-140,-140,-140.0,-140,-140,-140,-140,-140,-140,-140,-140,-140.0,-140,-140,-140,-140,-140,-140,-140,-140,-140.0,-140,-140,-140,-140,-140,-140,-140,-140,-140,-140,-140,-140,-140,-140
131.982,-70.0,-140.0,-140.0,-140.0,-140.0,-140.0,-140.0,-140.0,-82.0,-140.0,-140.0,-84.0,-140.0,-140.0,-81.0,-140.0,-140.0,-140,-140.0,-140.0,-140.0,-140.0,-140.0,-80.0,-88.0,-89.0,-140.0,-93.0,-140,-140.0,-140,-140,-140.0,-140.0,-140,-140.0,-82.0,-93.0,-140.0,-140,-140.0,-140,-140,-140.0,-140.0,-140.0,-140,-140.0,-140,-140,-140,-140.0,-140,-140.0,-90.0,-140,-140,-140.0,-91.0,-92.0,-82.0,-140,-85.0,-140.0,-140.0,-140.0,-140,-140,-140,-140,-140,-140,-140,-140,-140,-140,-140,-140,-140,-140,-140,-140,-140,-140,-140,-140,-140,-140,-140,-140,-140,-140,-140,-140,-140,-140,-140,-140,-140,-140,-140,-140,-140,-140,-140,-140,-140,-140,-140,-140,-140,-140,-140,-140,-140,-140,-140,-140,-140,-140,-140,-140,-140,-140,-140,-140,-140,-140,-140,-140,-140,-140,-140,-140,-140,-140,-140,-140,-140,-140,-140,-140,-140,-140,-140,-140,-140,-140,-140,-140,-140,-140,-140,-140,-140,-140,-140,-140,-140,-140,-140,-140,-140,-140,-140,-140,-140,-140,-140,-140,-140,-140,-140,-140,-140,-140,-140,-140,-140,-140,-140,-140,-140,-140,-140,-140,-140,-140,-140,-140,-140,-140,-140,-140,-140,-140,-140,-140,-140,-140,-140,-140,-140,-140,-88.0,-140,-140,-140,-140,-140,-140,-140,-140,-140.0,-140,-140,-140,-140,-140,-140,-140,-140,-140.0,-140,-140,-140,-140,-140,-140,-140,-140,-140,-140,-140,-140,-140,-140
134.0268,-80.0,-140.0,-140.0,-140.0,-140.0,-140.0,-140.0,-140.0,-81.0,-140.0,-140.0,-81.0,-140.0,-140.0,-84.0,-140.0,-140.0,-140,-140.0,-140.0,-140.0,-140.0,-88.0,-82.0,-140.0,-140.0,-140.0,-140.0,-140,-140.0,-140,-140,-140.0,-140.0,-140,-140.0,-140.0,-90.0,-140.0,-140,-140.0,-140,-140,-140.0,-140.0,-86.0,-140,-140.0,-140,-140,-140,-140.0,-140,-140.0,-140.0,-140,-140,-140.0,-140.0,-91.0,-85.0,-140,-140.0,-140.0,-140.0,-140.0,-140,-140,-140,-140,-140,-140,-140,-140,-140,-140,-140,-140,-140,-140,-140,-140,-140,-140,-140,-140,-140,-140,-140,-140,-140,-140,-140,-140,-140,-140,-140,-140,-140,-140,-140,-140,-140,-140,-140,-140,-140,-140,-140,-140,-140,-140,-140,-140,-140,-140,-140,-140,-140,-140,-140,-140,-140,-140,-140,-140,-140,-140,-140,-140,-140,-140,-140,-140,-140,-140,-140,-140,-140,-140,-140,-140,-140,-140,-140,-140,-140,-140,-140,-140,-140,-140,-140,-140,-140,-140,-140,-140,-140,-140,-140,-140,-140,-140,-140,-140,-140,-140,-140,-140,-140,-140,-140,-140,-140,-140,-140,-140,-140,-140,-140,-140,-140,-140,-140,-140,-140,-140,-140,-140,-140,-140,-140,-140,-140,-140,-140,-140,-140,-140,-140,-140,-140,-140,-140.0,-140,-140,-140,-140,-140,-140,-140,-140,-140.0,-140,-140,-140,-140,-140,-140,-140,-140,-140.0,-140,-140,-140,-140,-140,-140,-140,-140,-140,-140,-140,-140,-140,-140
135.9945,-77.0,-140.0,-140.0,-140.0,-140.0,-140.0,-140.0,-140.0,-78.0,-140.0,-140.0,-85.0,-140.0,-140.0,-83.0,-140.0,-140.0,-140,-140.0,-140.0,-140.0,-140.0,-88.0,-82.0,-90.0,-140.0,-88.0,-93.0,-140,-140.0,-140,-140,-140.0,-140.0,-140,-140.0,-83.0,-91.0,-140.0,-140,-140.0,-140,-140,-140.0,-140.0,-140.0,-140,-140.0,-140,-140,-140,-140.0,-140,-140.0,-82.0,-140,-140,-140.0,-92.0,-92.0,-83.0,-140,-140.0,-140.0,-140.0,-140.0,-140,-140,-140,-140,-140,-140,-140,-140,-140,-140,-140,-140,-140,-140,-140,-140,-140,-140,-140,-140,-140,-140,-140,-140,-140,-140,-140,-140,-140,-140,-140,-140,-140,-140,-140,-140,-140,-140,-140,-140,-140,-140,-140,-140,-140,-140,-140,-140,-140,-140,-140,-140,-140,-140,-140,-140,-140,-140,-140,-140,-140,-140,-140,-140,-140,-140,-140,-140,-140,-140,-140,-140,-140,-140,-140,-140,-140,-140,-140,-140,-140,-140,-140,-140,-140,-140,-140,-140,-140,-140,-140,-140,-140,-140,-140,-140,-140,-140,-140,-140,-140,-140,-140,-140,-140,-140,-140,-140,-140,-140,-140,-140,-140,-140,-140,-140,-140,-140,-140,-140,-140,-140,-140,-140,-140,-140,-140,-140,-140,-140,-140,-140,-140,-140,-140,-140,-140,-140,-140.0,-140,-140,-140,-140,-140,-140,-140,-140,-140.0,-140,-140,-140,-140,-140,-140,-140,-140,-140.0,-140,-140,-140,-140,-140,-140,-140,-140,-140,-140,-140,-140,-140,-140
137.9958,-73.0,-140.0,-140.0,-140.0,-140.0,-140.0,-140.0,-140.0,-140.0,-140.0,-140.0,-140.0,-140.0,-140.0,-85.0,-140.0,-140.0,-140,-140.0,-140.0,-140.0,-140.0,-87.0,-83.0,-94.0,-91.0,-93.0,-140.0,-140,-140.0,-140,-140,-140.0,-140.0,-140,-140.0,-86.0,-90.0,-140.0,-140,-140.0,-140,-140,-140.0,-140.0,-89.0,-140,-140.0,-140,-140,-140,-140.0,-140,-140.0,-140.0,-140,-140,-92.0,-89.0,-90.0,-86.0,-140,-140.0,-140.0,-140.0,-140.0,-140,-140,-140,-140,-140,-140,-140,-140,-140,-140,-140,-140,-140,-140,-140,-140,-140,-140,-140,-140,-140,-140,-140,-140,-140,-140,-140,-140,-140,-140,-140,-140,-140,-140,-140,-140,-140,-140,-140,-140,-140,-140,-140,-140,-140,-140,-140,-140,-140,-140,-140,-140,-140,-140,-140,-140,-140,-140,-140,-140,-140,-140,-140,-140,-140,-140,-140,-140,-140,-140,-140,-140,-140,-140,-140,-140,-140,-140,-140,-140,-140,-140,-140,-140,-140,-140,-140,-140,-140,-140,-140,-140,-140,-140,-140,-140,-140,-140,-140,-140,-140,-140,-140,-140,-140,-140,-140,-140,-140,-140,-140,-140,-140,-140,-140,-140,-140,-140,-140,-140,-140,-140,-140,-140,-140,-140,-140,-140,-140,-140,-140,-140,-140,-140,-140,-140,-140,-140,-140.0,-140,-140,-140,-140,-140,-140,-140,-140,-140.0,-140,-140,-140,-140,-140,-140,-140,-140,-140.0,-140,-140,-140,-140,-140,-140,-140,-140,-140,-140,-140,-140,-140,-140
139.9866,-81.0,-140.0,-91.0,-140.0,-140.0,-140.0,-140.0,-140.0,-80.0,-140.0,-140.0,-79.0,-140.0,-140.0,-82.0,-140.0,-140.0,-140,-140.0,-140.0,-140.0,-140.0,-140.0,-140.0,-88.0,-140.0,-140.0,-140.0,-140,-140.0,-140,-140,-140.0,-140.0,-140,-140.0,-86.0,-90.0,-140.0,-140,-140.0,-140,-140,-140.0,-140.0,-86.0,-140,-96.0,-140,-140,-140,-140.0,-140,-140.0,-140.0,-140,-140,-140.0,-89.0,-140.0,-140.0,-140,-140.0,-140.0,-140.0,-140.0,-140,-140,-140,-140,-140,-140,-140,-140,-140,-140,-140,-140,-140,-140,-140,-140,-140,-140,-140,-140,-140,-140,-140,-140,-140,-140,-140,-140,-140,-140,-140,-140,-140,-140,-140,-140,-140,-140,-140,-140,-140,-140,-140,-140,-140,-140,-140,-140,-140,-140,-140,-140,-140,-140,-140,-140,-140,-140,-140,-140,-140,-140,-140,-140,-140,-140,-140,-140,-140,-140,-140,-140,-140,-140,-140,-140,-140,-140,-140,-140,-140,-140,-140,-140,-140,-140,-140,-140,-140,-140,-140,-140,-140,-140,-140,-140,-140,-140,-140,-140,-140,-140,-140,-140,-140,-140,-140,-140,-140,-140,-140,-140,-140,-140,-140,-140,-140,-140,-140,-140,-140,-140,-140,-140,-140,-140,-140,-140,-140,-140,-140,-140,-140,-140,-140,-140,-140,-140,-140.0,-140,-140,-140,-140,-140,-140,-140,-140,-140.0,-140,-140,-140,-140,-140,-140,-140,-140,-140.0,-140,-140,-140,-140,-140,-140,-140,-140,-140,-140,-140,-140,-140,-140
142.0019,-140.0,-93.0,-140.0,-140.0,-140.0,-93.0,-92.0,-140.0,-140.0,-140.0,-140.0,-83.0,-140.0,-140.0,-140.0,-140.0,-140.0,-140,-140.0,-140.0,-140.0,-140.0,-90.0,-81.0,-140.0,-140.0,-140.0,-140.0,-140,-140.0,-140,-140,-140.0,-140.0,-140,-140.0,-140.0,-90.0,-140.0,-140,-140.0,-140,-140,-140.0,-140.0,-79.0,-140,-140.0,-140,-140,-140,-140.0,-140,-140.0,-140.0,-140,-140,-140.0,-92.0,-92.0,-140.0,-140,-140.0,-140.0,-140.0,-140.0,-140,-140,-140,-140,-140,-140,-140,-140,-140,-140,-140,-140,-140,-140,-140,-140,-140,-140,-140,-140,-140,-140,-140,-140,-140,-140,-140,-140,-140,-140,-140,-140,-140,-140,-140,-140,-140,-140,-140,-140,-140,-140,-140,-140,-140,-140,-140,-140,-140,-140,-140,-140,-140,-140,-140,-140,-140,-140,-140,-140,-140,-140,-140,-140,-140,-140,-140,-140,-140,-140,-140,-140,-140,-140,-140,-140,-140,-140,-140,-140,-140,-140,-140,-140,-140,-140,-140,-140,-140,-140,-140,-140,-140,-140,-140,-140,-140,-140,-140,-140,-140,-140,-140,-140,-140,-140,-140,-140,-140,-140,-140,-140,-140,-140,-140,-140,-140,-140,-140,-140,-140,-140,-140,-140,-140,-140,-140,-140,-140,-140,-140,-140,-140,-140,-140,-140,-140,-140,-140.0,-140,-140,-140,-140,-140,-140,-140,-140,-140.0,-140,-140,-140,-140,-140,-140,-140,-140,-140.0,-140,-140,-140,-140,-140,-140,-140,-140,-140,-140,-140,-140,-140,-140
144.0035,-72.0,-140.0,-140.0,-140.0,-140.0,-140.0,-140.0,-140.0,-80.0,-140.0,-140.0,-87.0,-140.0,-140.0,-84.0,-140.0,-140.0,-140,-140.0,-140.0,-140.0,-140.0,-86.0,-140.0,-140.0,-140.0,-140.0,-140.0,-140,-140.0,-140,-140,-140.0,-140.0,-140,-140.0,-85.0,-92.0,-140.0,-140,-140.0,-140,-140,-140.0,-140.0,-86.0,-140,-140.0,-140,-140,-140,-140.0,-140,-140.0,-140.0,-140,-140,-140.0,-90.0,-88.0,-140.0,-140,-140.0,-140.0,-140.0,-140.0,-140,-140,-140,-140,-140,-140,-140,-140,-140,-140,-140,-140,-140,-140,-140,-140,-140,-140,-140,-140,-140,-140,-140,-140,-140,-140,-140,-140,-140,-140,-140,-140,-140,-140,-140,-140,-140,-140,-140,-140,-140,-140,-140,-140,-140,-140,-140,-140,-140,-140,-140,-140,-140,-140,-140,-140,-140,-140,-140,-140,-140,-140,-140,-140,-140,-140,-140,-140,-140,-140,-140,-140,-140,-140,-140,-140,-140,-140,-140,-140,-140,-140,-140,-140,-140,-140,-140,-140,-140,-140,-140,-140,-140,-140,-140,-140,-140,-140,-140,-140,-140,-140,-140,-140,-140,-140,-140,-140,-140,-140,-140,-140,-140,-140,-140,-140,-140,-140,-140,-140,-140,-140,-140,-140,-140,-140,-140,-140,-140,-140,-140,-140,-140,-140,-140,-140,-140,-140,-140.0,-140,-140,-140,-140,-140,-140,-140,-140,-140.0,-140,-140,-140,-140,-140,-140,-140,-140,-140.0,-140,-140,-140,-140,-140,-140,-140,-140,-140,-140,-140,-140,-140,-140
145.9901,-72.0,-140.0,-140.0,-140.0,-140.0,-94.0,-94.0,-140.0,-80.0,-140.0,-140.0,-84.0,-140.0,-140.0,-81.0,-140.0,-140.0,-140,-140.0,-140.0,-140.0,-140.0,-140.0,-85.0,-140.0,-140.0,-140.0,-140.0,-140,-140.0,-140,-140,-140.0,-140.0,-140,-140.0,-140.0,-140.0,-140.0,-140,-140.0,-140,-140,-140.0,-140.0,-84.0,-140,-140.0,-140,-140,-140,-93.0,-140,-140.0,-140.0,-140,-140,-140.0,-140.0,-90.0,-83.0,-140,-140.0,-140.0,-140.0,-140.0,-140,-140,-140,-140,-140,-140,-140,-140,-140,-140,-140,-140,-140,-140,-140,-140,-140,-140,-140,-140,-140,-140,-140,-140,-140,-140,-140,-140,-140,-140,-140,-140,-140,-140,-140,-140,-140,-140,-140,-140,-140,-140,-140,-140,-140,-140,-140,-140,-140,-140,-140,-140,-140,-140,-140,-140,-140,-140,-140,-140,-140,-140,-140,-140,-140,-140,-140,-140,-140,-140,-140,-140,-140,-140,-140,-140,-140,-140,-140,-140,-140,-140,-140,-140,-140,-140,-140,-140,-140,-140,-140,-140,-140,-140,-140,-140,-140,-140,-140,-140,-140,-140,-140,-140,-140,-140,-140,-140,-140,-140,-140,-140,-140,-140,-140,-140,-140,-140,-140,-140,-140,-140,-140,-140,-140,-140,-140,-140,-140,-140,-140,-140,-140,-140,-140,-140,-140,-140,-140.0,-140,-140,-140,-140,-140,-140,-140,-140,-140.0,-140,-140,-140,-140,-140,-140,-140,-140,-140.0,-140,-140,-140,-140,-140,-140,-140,-140,-140,-140,-140,-140,-140,-140
147.9761,-70.0,-140.0,-140.0,-140.0,-140.0,-140.0,-140.0,-140.0,-80.0,-140.0,-140.0,-85.0,-140.0,-140.0,-81.0,-140.0,-140.0,-140,-140.0,-140.0,-140.0,-140.0,-89.0,-140.0,-140.0,-140.0,-140.0,-140.0,-140,-140.0,-140,-140,-140.0,-140.0,-140,-140.0,-82.0,-140.0,-140.0,-140,-140.0,-140,-140,-140.0,-140.0,-84.0,-140,-140.0,-140,-140,-140,-140.0,-140,-140.0,-140.0,-140,-140,-140.0,-91.0,-90.0,-82.0,-140,-140.0,-140.0,-140.0,-140.0,-140,-140,-140,-140,-140,-140,-140,-140,-140,-140,-140,-140,-140,-140,-140,-140,-140,-140,-140,-140,-140,-140,-140,-140,-140,-140,-140,-140,-140,-140,-140,-140,-140,-140,-140,-140,-140,-140,-140,-140,-140,-140,-140,-140,-140,-140,-140,-140,-140,-140,-140,-140,-140,-140,-140,-140,-140,-140,-140,-140,-140,-140,-140,-140,-140,-140,-140,-140,-140,-140,-140,-140,-140,-140,-140,-140,-140,-140,-140,-140,-140,-140,-140,-140,-140,-140,-140,-140,-140,-140,-140,-140,-140,-140,-140,-140,-140,-140,-140,-140,-140,-140,-140,-140,-140,-140,-140,-140,-140,-140,-140,-140,-140,-140,-140,-140,-140,-140,-140,-140,-140,-140,-140,-140,-140,-140,-140,-140,-140,-140,-140,-140,-140,-140,-140,-140,-140,-140,-140.0,-140,-140,-140,-140,-140,-140,-140,-140,-140.0,-140,-140,-140,-140,-140,-140,-140,-140,-140.0,-140,-140,-140,-140,-140,-140,-140,-140,-140,-140,-140,-140,-140,-140
149.9795,-74.0,-92.0,-140.0,-140.0,-140.0,-140.0,-140.0,-140.0,-79.0,-140.0,-140.0,-84.0,-140.0,-140.0,-80.0,-140.0,-140.0,-140,-140.0,-140.0,-140.0,-140.0,-87.0,-84.0,-93.0,-95.0,-94.0,-140.0,-140,-140.0,-140,-140,-140.0,-140.0,-140,-140.0,-83.0,-92.0,-140.0,-140,-140.0,-140,-140,-140.0,-140.0,-82.0,-140,-140.0,-140,-140,-140,-140.0,-140,-140.0,-140.0,-140,-140,-140.0,-140.0,-90.0,-83.0,-140,-140.0,-140.0,-140.0,-140.0,-140,-140,-140,-140,-140,-140,-140,-140,-140,-140,-140,-140,-140,-140,-140,-140,-140,-140,-140,-140,-140,-140,-140,-140,-140,-140,-140,-140,-140,-140,-140,-140,-140,-140,-140,-140,-140,-140,-140,-140,-140,-140,-140,-140,-140,-140,-140,-140,-140,-140,-140,-140,-140,-140,-140,-140,-140,-140,-140,-140,-140,-140,-140,-140,-140,-140,-140,-140,-140,-140,-140,-140,-140,-140,-140,-140,-140,-140,-140,-140,-140,-140,-140,-140,-140,-140,-140,-140,-140,-140,-140,-140,-140,-140,-140,-140,-140,-140,-140,-140,-140,-140,-140,-140,-140,-140,-140,-140,-140,-140,-140,-140,-140,-140,-140,-140,-140,-140,-140,-140,-140,-140,-140,-140,-140,-140,-140,-140,-140,-140,-140,-140,-140,-140,-140,-140,-140,-140,-140.0,-140,-140,-140,-140,-140,-140,-140,-140,-140.0,-140,-140,-140,-140,-140,-140,-140,-140,-140.0,-140,-140,-140,-140,-140,-140,-140,-140,-140,-140,-140,-140,-140,-140
152.0028,-80.0,-140.0,-140.0,-140.0,-140.0,-94.0,-92.0,-140.0,-77.0,-140.0,-140.0,-88.0,-140.0,-140.0,-82.0,-140.0,-140.0,-140,-140.0,-140.0,-140.0,-140.0,-140.0,-140.0,-140.0,-140.0,-140.0,-140.0,-140,-140.0,-140,-140,-140.0,-140.0,-140,-140.0,-85.0,-92.0,-140.0,-140,-140.0,-140,-140,-140.0,-140.0,-85.0,-140,-140.0,-140,-140,-140,-140.0,-140,-140.0,-140.0,-140,-140,-140.0,-90.0,-140.0,-140.0,-140,-140.0,-140.0,-140.0,-140.0,-140,-140,-140,-140,-140,-140,-140,-140,-140,-140,-140,-140,-140,-140,-140,-140,-140,-140,-140,-140,-140,-140,-140,-140,-140,-140,-140,-140,-140,-140,-140,-140,-140,-140,-140,-140,-140,-140,-140,-140,-140,-140,-140,-140,-140,-140,-140,-140,-140,-140,-140,-140,-140,-140,-140,-140,-140,-140,-140,-140,-140,-140,-140,-140,-140,-140,-140,-140,-140,-140,-140,-140,-140,-140,-140,-140,-140,-140,-140,-140,-140,-140,-140,-140,-140,-140,-140,-140,-140,-140,-140,-140,-140,-140,-140,-140,-140,-140,-140,-140,-140,-140,-140,-140,-140,-140,-140,-140,-140,-140,-140,-140,-140,-140,-140,-140,-140,-140,-140,-140,-140,-140,-140,-140,-140,-140,-140,-140,-140,-140,-140,-140,-140,-140,-140,-140,-140,-140,-140.0,-140,-140,-140,-140,-140,-140,-140,-140,-140.0,-140,-140,-140,-140,-140,-140,-140,-140,-140.0,-140,-140,-140,-140,-140,-140,-140,-140,-140,-140,-140,-140,-140,-140
153.9988,-76.0,-89.0,-91.0,-140.0,-140.0,-93.0,-94.0,-140.0,-81.0,-140.0,-140.0,-78.0,-140.0,-140.0,-80.0,-140.0,-140.0,-140,-140.0,-140.0,-140.0,-140.0,-89.0,-84.0,-140.0,-140.0,-140.0,-140.0,-140,-94.0,-140,-140,-140.0,-140.0,-140,-140.0,-140.0,-140.0,-140.0,-140,-140.0,-140,-140,-140.0,-140.0,-140.0,-140,-140.0,-140,-140,-140,-140.0,-140,-140.0,-92.0,-140,-140,-91.0,-140.0,-140.0,-90.0,-140,-140.0,-140.0,-140.0,-140.0,-140,-140,-140,-140,-140,-140,-140,-140,-140,-140,-140,-140,-140,-140,-140,-140,-140,-140,-140,-140,-140,-140,-140,-140,-140,-140,-140,-140,-140,-140,-140,-140,-140,-140,-140,-140,-140,-140,-140,-140,-140,-140,-140,-140,-140,-140,-140,-140,-140,-140,-140,-140,-140,-140,-140,-140,-140,-140,-140,-140,-140,-140,-140,-140,-140,-140,-140,-140,-140,-140,-140,-140,-140,-140,-140,-140,-140,-140,-140,-140,-140,-140,-140,-140,-140,-140,-140,-140,-140,-140,-140,-140,-140,-140,-140,-140,-140,-140,-140,-140,-140,-140,-140,-140,-140,-140,-140,-140,-140,-140,-140,-140,-140,-140,-140,-140,-140,-140,-140,-140,-140,-140,-140,-140,-140,-140,-140,-140,-140,-140,-140,-140,-140,-140,-140,-140,-140,-140,-92.0,-140,-140,-140,-140,-140,-140,-140,-140,-140.0,-140,-140,-140,-140,-140,-140,-140,-140,-140.0,-140,-140,-140,-140,-140,-140,-140,-140,-140,-140,-140,-140,-140,-140
155.9556,-75.0,-140.0,-90.0,-140.0,-140.0,-93.0,-140.0,-140.0,-87.0,-140.0,-140.0,-140.0,-140.0,-140.0,-80.0,-140.0,-140.0,-140,-140.0,-140.0,-140.0,-140.0,-90.0,-86.0,-140.0,-140.0,-140.0,-140.0,-140,-140.0,-140,-140,-140.0,-140.0,-140,-140.0,-86.0,-89.0,-140.0,-140,-140.0,-140,-140,-140.0,-140.0,-93.0,-140,-140.0,-140,-140,-140,-140.0,-140,-140.0,-90.0,-140,-140,-93.0,-84.0,-140.0,-140.0,-140,-140.0,-140.0,-140.0,-140.0,-140,-140,-140,-140,-140,-140,-140,-140,-140,-140,-140,-140,-140,-140,-140,-140,-140,-140,-140,-140,-140,-140,-140,-140,-140,-140,-140,-140,-140,-140,-140,-140,-140,-140,-140,-140,-140,-140,-140,-140,-140,-140,-140,-140,-140,-140,-140,-140,-140,-140,-140,-140,-140,-140,-140,-140,-140,-140,-140,-140,-140,-140,-140,-140,-140,-140,-140,-140,-140,-140,-140,-140,-140,-140,-140,-140,-140,-140,-140,-140,-140,-140,-140,-140,-140,-140,-140,-140,-140,-140,-140,-140,-140,-140,-140,-140,-140,-140,-140,-140,-140,-140,-140,-140,-140,-140,-140,-140,-140,-140,-140,-140,-140,-140,-140,-140,-140,-140,-140,-140,-140,-140,-140,-140,-140,-140,-140,-140,-140,-140,-140,-140,-140,-140,-140,-140,-140,-140,-140.0,-140,-140,-140,-140,-140,-140,-140,-140,-140.0,-140,-140,-140,-140,-140,-140,-140,-140,-140.0,-140,-140,-140,-140,-140,-140,-140,-140,-140,-140,-140,-140,-140,-140
158.002,-73.0,-88.0,-89.0,-89.0,-90.0,-93.0,-140.0,-140.0,-81.0,-140.0,-140.0,-78.0,-140.0,-140.0,-80.0,-140.0,-140.0,-140,-140.0,-140.0,-140.0,-93.0,-140.0,-82.0,-90.0,-89.0,-90.0,-140.0,-140,-140.0,-140,-140,-140.0,-140.0,-140,-140.0,-140.0,-140.0,-140.0,-140,-140.0,-140,-140,-140.0,-140.0,-87.0,-140,-140.0,-140,-140,-140,-140.0,-140,-140.0,-89.0,-140,-140,-91.0,-140.0,-82.0,-83.0,-140,-91.0,-140.0,-140.0,-140.0,-140,-140,-140,-140,-140,-140,-140,-140,-140,-140,-140,-140,-140,-140,-140,-140,-140,-140,-140,-140,-140,-140,-140,-140,-140,-140,-140,-140,-140,-140,-140,-140,-140,-140,-140,-140,-140,-140,-140,-140,-140,-140,-140,-140,-140,-140,-140,-140,-140,-140,-140,-140,-140,-140,-140,-140,-140,-140,-140,-140,-140,-140,-140,-140,-140,-140,-140,-140,-140,-140,-140,-140,-140,-140,-140,-140,-140,-140,-140,-140,-140,-140,-140,-140,-140,-140,-140,-140,-140,-140,-140,-140,-140,-140,-140,-140,-140,-140,-140,-140,-140,-140,-140,-140,-140,-140,-140,-140,-140,-140,-140,-140,-140,-140,-140,-140,-140,-140,-140,-140,-140,-140,-140,-140,-140,-140,-140,-140,-140,-140,-140,-140,-140,-140,-140,-140,-140,-140,-140.0,-140,-140,-140,-140,-140,-140,-140,-140,-140.0,-140,-140,-140,-140,-140,-140,-140,-140,-140.0,-140,-140,-140,-140,-140,-140,-140,-140,-140,-140,-140,-140,-140,-140
160.0989,-72.0,-140.0,-89.0,-140.0,-140.0,-94.0,-140.0,-140.0,-140.0,-140.0,-140.0,-86.0,-140.0,-140.0,-81.0,-140.0,-140.0,-140,-89.0,-91.0,-140.0,-140.0,-85.0,-88.0,-93.0,-95.0,-93.0,-140.0,-140,-140.0,-140,-140,-140.0,-140.0,-140,-140.0,-140.0,-86.0,-140.0,-140,-140.0,-140,-140,-140.0,-140.0,-84.0,-140,-140.0,-140,-140,-140,-90.0,-140,-140.0,-140.0,-140,-140,-90.0,-83.0,-83.0,-140.0,-140,-140.0,-140.0,-140.0,-140.0,-140,-140,-140,-140,-140,-140,-140,-140,-140,-140,-140,-140,-140,-140,-140,-140,-140,-140,-140,-140,-140,-140,-140,-140,-140,-140,-140,-140,-140,-140,-140,-140,-140,-140,-140,-140,-140,-140,-140,-140,-140,-140,-140,-140,-140,-140,-140,-140,-140,-140,-140,-140,-140,-140,-140,-140,-140,-140,-140,-140,-140,-140,-140,-140,-140,-140,-140,-140,-140,-140,-140,-140,-140,-140,-140,-140,-140,-140,-140,-140,-140,-140,-140,-140,-140,-140,-140,-140,-140,-140,-140,-140,-140,-140,-140,-140,-140,-140,-140,-140,-140,-140,-140,-140,-140,-140,-140,-140,-140,-140,-140,-140,-140,-140,-140,-140,-140,-140,-140,-140,-140,-140,-140,-140,-140,-140,-140,-140,-140,-140,-140,-140,-140,-140,-140,-140,-140,-140,-140.0,-140,-140,-140,-140,-140,-140,-140,-140,-140.0,-140,-140,-140,-140,-140,-140,-140,-140,-140.0,-140,-140,-140,-140,-140,-140,-140,-140,-140,-140,-140,-140,-140,-140
161.9989,-71.0,-140.0,-90.0,-140.0,-140.0,-91.0,-140.0,-140.0,-84.0,-140.0,-140.0,-82.0,-140.0,-140.0,-78.0,-140.0,-140.0,-140,-140.0,-140.0,-140.0,-140.0,-89.0,-83.0,-140.0,-140.0,-140.0,-140.0,-140,-140.0,-140,-140,-92.0,-140.0,-140,-140.0,-81.0,-87.0,-140.0,-140,-140.0,-140,-140,-140.0,-140.0,-76.0,-140,-140.0,-140,-140,-140,-92.0,-140,-140.0,-89.0,-140,-140,-90.0,-86.0,-140.0,-81.0,-140,-140.0,-140.0,-140.0,-140.0,-140,-140,-140,-140,-140,-140,-140,-140,-140,-140,-140,-140,-140,-140,-140,-140,-140,-140,-140,-140,-140,-140,-140,-140,-140,-140,-140,-140,-140,-140,-140,-140,-140,-140,-140,-140,-140,-140,-140,-140,-140,-140,-140,-140,-140,-140,-140,-140,-140,-140,-140,-140,-140,-140,-140,-140,-140,-140,-140,-140,-140,-140,-140,-140,-140,-140,-140,-140,-140,-140,-140,-140,-140,-140,-140,-140,-140,-140,-140,-140,-140,-140,-140,-140,-140,-140,-140,-140,-140,-140,-140,-140,-140,-140,-140,-140,-140,-140,-140,-140,-140,-140,-140,-140,-140,-140,-140,-140,-140,-140,-140,-140,-140,-140,-140,-140,-140,-140,-140,-140,-140,-140,-140,-140,-140,-140,-140,-140,-140,-140,-140,-140,-140,-140,-140,-140,-140,-140,-140.0,-140,-140,-140,-140,-140,-140,-140,-140,-140.0,-140,-140,-140,-140,-140,-140,-140,-140,-140.0,-140,-140,-140,-140,-140,-140,-140,-140,-140,-140,-140,-140,-140,-140
164.0878,-70.0,-91.0,-91.0,-89.0,-87.0,-94.0,-140.0,-91.0,-140.0,-140.0,-140.0,-88.0,-86.0,-85.0,-89.0,-87.0,-87.0,-140,-89.0,-85.0,-85.0,-90.0,-83.0,-85.0,-88.0,-88.0,-87.0,-140.0,-140,-90.0,-140,-140,-140.0,-140.0,-140,-140.0,-85.0,-94.0,-140.0,-140,-140.0,-140,-140,-140.0,-140.0,-87.0,-140,-140.0,-140,-140,-140,-140.0,-140,-140.0,-140.0,-140,-140,-93.0,-85.0,-89.0,-82.0,-140,-140.0,-140.0,-140.0,-140.0,-140,-140,-140,-140,-140,-140,-140,-140,-140,-140,-140,-140,-140,-140,-140,-140,-140,-140,-140,-140,-140,-140,-140,-140,-140,-140,-140,-140,-140,-140,-140,-140,-140,-140,-140,-140,-140,-140,-140,-140,-140,-140,-140,-140,-140,-140,-140,-140,-140,-140,-140,-140,-140,-140,-140,-140,-140,-140,-140,-140,-140,-140,-140,-140,-140,-140,-140,-140,-140,-140,-140,-140,-140,-140,-140,-140,-140,-140,-140,-140,-140,-140,-140,-140,-140,-140,-140,-140,-140,-140,-140,-140,-140,-140,-140,-140,-140,-140,-140,-140,-140,-140,-140,-140,-140,-140,-140,-140,-140,-140,-140,-140,-140,-140,-140,-140,-140,-140,-140,-140,-140,-140,-140,-140,-140,-140,-140,-140,-140,-140,-140,-140,-140,-140,-140,-140,-140,-140,-140.0,-140,-140,-140,-140,-140,-140,-140,-140,-140.0,-140,-140,-140,-140,-140,-140,-140,-140,-140.0,-140,-140,-140,-140,-140,-140,-140,-140,-140,-140,-140,-140,-140,-140
166.0031,-73.0,-89.0,-87.0,-90.0,-140.0,-140.0,-140.0,-140.0,-80.0,-140.0,-140.0,-85.0,-88.0,-88.0,-86.0,-88.0,-88.0,-140,-140.0,-88.0,-88.0,-140.0,-83.0,-84.0,-90.0,-140.0,-140.0,-140.0,-140,-93.0,-140,-140,-140.0,-140.0,-140,-140.0,-88.0,-91.0,-140.0,-140,-140.0,-140,-140,-140.0,-140.0,-83.0,-140,-140.0,-140,-140,-140,-140.0,-140,-140.0,-140.0,-140,-140,-89.0,-140.0,-88.0,-86.0,-140,-140.0,-140.0,-140.0,-140.0,-140,-140,-140,-140,-140,-140,-140,-140,-140,-140,-140,-140,-140,-140,-140,-140,-140,-140,-140,-140,-140,-140,-140,-140,-140,-140,-140,-140,-140,-140,-140,-140,-140,-140,-140,-140,-140,-140,-140,-140,-140,-140,-140,-140,-140,-140,-140,-140,-140,-140,-140,-140,-140,-140,-140,-140,-140,-140,-140,-140,-140,-140,-140,-140,-140,-140,-140,-140,-140,-140,-140,-140,-140,-140,-140,-140,-140,-140,-140,-140,-140,-140,-140,-140,-140,-140,-140,-140,-140,-140,-140,-140,-140,-140,-140,-140,-140,-140,-140,-140,-140,-140,-140,-140,-140,-140,-140,-140,-140,-140,-140,-140,-140,-140,-140,-140,-140,-140,-140,-140,-140,-140,-140,-140,-140,-140,-140,-140,-140,-140,-140,-140,-140,-140,-140,-140,-140,-140,-140.0,-140,-140,-140,-140,-140,-140,-140,-140,-140.0,-140,-140,-140,-140,-140,-140,-140,-140,-140.0,-140,-140,-140,-140,-140,-140,-140,-140,-140,-140,-140,-140,-140,-140
167.99,-78.0,-140.0,-89.0,-140.0,-140.0,-140.0,-140.0,-140.0,-140.0,-140.0,-140.0,-91.0,-140.0,-88.0,-81.0,-140.0,-140.0,-140,-140.0,-89.0,-89.0,-140.0,-78.0,-79.0,-87.0,-88.0,-88.0,-140.0,-140,-140.0,-140,-140,-140.0,-140.0,-140,-140.0,-88.0,-91.0,-140.0,-140,-140.0,-140,-140,-140.0,-140.0,-91.0,-140,-140.0,-140,-140,-140,-140.0,-140,-140.0,-140.0,-140,-140,-140.0,-90.0,-91.0,-89.0,-140,-140.0,-140.0,-140.0,-140.0,-140,-140,-140,-140,-140,-140,-140,-140,-140,-140,-140,-140,-140,-140,-140,-140,-140,-140,-140,-140,-140,-140,-140,-140,-140,-140,-140,-140,-140,-140,-140,-140,-140,-140,-140,-140,-140,-140,-140,-140,-140,-140,-140,-140,-140,-140,-140,-140,-140,-140,-140,-140,-140,-140,-140,-140,-140,-140,-140,-140,-140,-140,-140,-140,-140,-140,-140,-140,-140,-140,-140,-140,-140,-140,-140,-140,-140,-140,-140,-140,-140,-140,-140,-140,-140,-140,-140,-140,-140,-140,-140,-140,-140,-140,-140,-140,-140,-140,-140,-140,-140,-140,-140,-140,-140,-140,-140,-140,-140,-140,-140,-140,-140,-140,-140,-140,-140,-140,-140,-140,-140,-140,-140,-140,-140,-140,-140,-140,-140,-140,-140,-140,-140,-140,-140,-140,-140,-140,-140.0,-140,-140,-140,-140,-140,-140,-140,-140,-140.0,-140,-140,-140,-140,-140,-140,-140,-140,-140.0,-140,-140,-140,-140,-140,-140,-140,-140,-140,-140,-140,-140,-140,-140
169.9836,-80.0,-93.0,-140.0,-89.0,-140.0,-140.0,-140.0,-140.0,-79.0,-140.0,-140.0,-87.0,-140.0,-140.0,-84.0,-140.0,-140.0,-140,-140.0,-140.0,-140.0,-140.0,-140.0,-81.0,-140.0,-90.0,-88.0,-92.0,-140,-140.0,-140,-140,-140.0,-140.0,-140,-140.0,-87.0,-140.0,-140.0,-140,-92.0,-140,-140,-92.0,-94.0,-87.0,-140,-140.0,-140,-140,-140,-140.0,-140,-140.0,-140.0,-140,-140,-140.0,-87.0,-88.0,-88.0,-140,-140.0,-140.0,-140.0,-140.0,-140,-140,-140,-140,-140,-140,-140,-140,-140,-140,-140,-140,-140,-140,-140,-140,-140,-140,-140,-140,-140,-140,-140,-140,-140,-140,-140,-140,-140,-140,-140,-140,-140,-140,-140,-140,-140,-140,-140,-140,-140,-140,-140,-140,-140,-140,-140,-140,-140,-140,-140,-140,-140,-140,-140,-140,-140,-140,-140,-140,-140,-140,-140,-140,-140,-140,-140,-140,-140,-140,-140,-140,-140,-140,-140,-140,-140,-140,-140,-140,-140,-140,-140,-140,-140,-140,-140,-140,-140,-140,-140,-140,-140,-140,-140,-140,-140,-140,-140,-140,-140,-140,-140,-140,-140,-140,-140,-140,-140,-140,-140,-140,-140,-140,-140,-140,-140,-140,-140,-140,-140,-140,-140,-140,-140,-140,-140,-140,-140,-140,-140,-140,-140,-140,-140,-140,-140,-140,-140.0,-140,-140,-140,-140,-140,-140,-140,-140,-140.0,-140,-140,-140,-140,-140,-140,-140,-140,-140.0,-140,-140,-140,-140,-140,-140,-140,-140,-140,-140,-140,-140,-140,-140
171.9746,-68.0,-140.0,-90.0,-140.0,-140.0,-140.0,-140.0,-92.0,-140.0,-140.0,-140.0,-140.0,-140.0,-140.0,-81.0,-140.0,-140.0,-140,-140.0,-140.0,-140.0,-140.0,-86.0,-81.0,-92.0,-93.0,-140.0,-140.0,-140,-140.0,-140,-140,-140.0,-140.0,-140,-140.0,-85.0,-85.0,-140.0,-140,-140.0,-140,-140,-140.0,-140.0,-84.0,-140,-140.0,-140,-140,-140,-140.0,-140,-140.0,-140.0,-140,-140,-84.0,-85.0,-85.0,-84.0,-140,-140.0,-140.0,-140.0,-140.0,-140,-140,-140,-140,-140,-140,-140,-140,-140,-140,-140,-140,-140,-140,-140,-140,-140,-140,-140,-140,-140,-140,-140,-140,-140,-140,-140,-140,-140,-140,-140,-140,-140,-140,-140,-140,-140,-140,-140,-140,-140,-140,-140,-140,-140,-140,-140,-140,-140,-140,-140,-140,-140,-140,-140,-140,-140,-140,-140,-140,-140,-140,-140,-140,-140,-140,-140,-140,-140,-140,-140,-140,-140,-140,-140,-140,-140,-140,-140,-140,-140,-140,-140,-140,-140,-140,-140,-140,-140,-140,-140,-140,-140,-140,-140,-140,-140,-140,-140,-140,-140,-140,-140,-140,-140,-140,-140,-140,-140,-140,-140,-140,-140,-140,-140,-140,-140,-140,-140,-140,-140,-140,-140,-140,-140,-140,-140,-140,-140,-140,-140,-140,-140,-140,-140,-140,-140,-140,-140.0,-140,-140,-140,-140,-140,-140,-140,-140,-140.0,-140,-140,-140,-140,-140,-140,-140,-140,-140.0,-140,-140,-140,-140,-140,-140,-140,-140,-140,-140,-140,-140,-140,-140
173.9382,-71.0,-140.0,-89.0,-140.0,-140.0,-140.0,-140.0,-140.0,-77.0,-140.0,-140.0,-140.0,-140.0,-90.0,-81.0,-140.0,-140.0,-140,-140.0,-140.0,-91.0,-140.0,-87.0,-82.0,-88.0,-140.0,-140.0,-140.0,-140,-140.0,-140,-140,-140.0,-140.0,-140,-140.0,-82.0,-140.0,-140.0,-140,-140.0,-140,-140,-140.0,-140.0,-78.0,-140,-140.0,-140,-140,-140,-140.0,-140,-140.0,-88.0,-140,-140,-140.0,-84.0,-86.0,-85.0,-140,-140.0,-140.0,-140.0,-140.0,-140,-140,-140,-140,-140,-140,-140,-140,-140,-140,-140,-140,-140,-140,-140,-140,-140,-140,-140,-140,-140,-140,-140,-140,-140,-140,-140,-140,-140,-140,-140,-140,-140,-140,-140,-140,-140,-140,-140,-140,-140,-140,-140,-140,-140,-140,-140,-140,-140,-140,-140,-140,-140,-140,-140,-140,-140,-140,-140,-140,-140,-140,-140,-140,-140,-140,-140,-140,-140,-140,-140,-140,-140,-140,-140,-140,-140,-140,-140,-140,-140,-140,-140,-140,-140,-140,-140,-140,-140,-140,-140,-140,-140,-140,-140,-140,-140,-140,-140,-140,-140,-140,-140,-140,-140,-140,-140,-140,-140,-140,-140,-140,-140,-140,-140,-140,-140,-140,-140,-140,-140,-140,-140,-140,-140,-140,-140,-140,-140,-140,-140,-140,-140,-140,-140,-140,-140,-140,-140.0,-140,-140,-140,-140,-140,-140,-140,-140,-140.0,-140,-140,-140,-140,-140,-140,-140,-140,-140.0,-140,-140,-140,-140,-140,-140,-140,-140,-140,-140,-140,-140,-140,-140
175.9711,-68.0,-90.0,-93.0,-140.0,-140.0,-140.0,-140.0,-140.0,-77.0,-140.0,-140.0,-87.0,-140.0,-140.0,-78.0,-140.0,-140.0,-140,-140.0,-140.0,-140.0,-140.0,-87.0,-82.0,-93.0,-140.0,-90.0,-91.0,-140,-140.0,-140,-140,-140.0,-140.0,-140,-140.0,-84.0,-88.0,-140.0,-140,-140.0,-140,-140,-140.0,-83.0,-86.0,-140,-93.0,-140,-140,-140,-140.0,-140,-140.0,-90.0,-140,-140,-92.0,-82.0,-81.0,-82.0,-140,-95.0,-140.0,-140.0,-140.0,-140,-140,-140,-140,-140,-140,-140,-140,-140,-140,-140,-140,-140,-140,-140,-140,-140,-140,-140,-140,-140,-140,-140,-140,-140,-140,-140,-140,-140,-140,-140,-140,-140,-140,-140,-140,-140,-140,-140,-140,-140,-140,-140,-140,-140,-140,-140,-140,-140,-140,-140,-140,-140,-140,-140,-140,-140,-140,-140,-140,-140,-140,-140,-140,-140,-140,-140,-140,-140,-140,-140,-140,-140,-140,-140,-140,-140,-140,-140,-140,-140,-140,-140,-140,-140,-140,-140,-140,-140,-140,-140,-140,-140,-140,-140,-140,-140,-140,-140,-140,-140,-140,-140,-140,-140,-140,-140,-140,-140,-140,-140,-140,-140,-140,-140,-140,-140,-140,-140,-140,-140,-140,-140,-140,-140,-140,-140,-140,-140,-140,-140,-140,-140,-140,-140,-140,-140,-140,-140.0,-140,-140,-140,-140,-140,-140,-140,-140,-140.0,-140,-140,-140,-140,-140,-140,-140,-140,-140.0,-140,-140,-140,-140,-140,-140,-140,-140,-140,-140,-140,-140,-140,-140
177.9737,-70.0,-140.0,-93.0,-140.0,-140.0,-140.0,-140.0,-140.0,-81.0,-140.0,-140.0,-86.0,-140.0,-140.0,-82.0,-140.0,-140.0,-140,-140.0,-140.0,-140.0,-140.0,-93.0,-140.0,-140.0,-140.0,-140.0,-140.0,-140,-140.0,-140,-140,-140.0,-140.0,-140,-140.0,-79.0,-83.0,-140.0,-140,-140.0,-140,-140,-140.0,-140.0,-82.0,-140,-140.0,-140,-140,-140,-140.0,-140,-140.0,-92.0,-140,-140,-140.0,-80.0,-80.0,-80.0,-140,-140.0,-140.0,-140.0,-140.0,-140,-140,-140,-140,-140,-140,-140,-140,-140,-140,-140,-140,-140,-140,-140,-140,-140,-140,-140,-140,-140,-140,-140,-140,-140,-140,-140,-140,-140,-140,-140,-140,-140,-140,-140,-140,-140,-140,-140,-140,-140,-140,-140,-140,-140,-140,-140,-140,-140,-140,-140,-140,-140,-140,-140,-140,-140,-140,-140,-140,-140,-140,-140,-140,-140,-140,-140,-140,-140,-140,-140,-140,-140,-140,-140,-140,-140,-140,-140,-140,-140,-140,-140,-140,-140,-140,-140,-140,-140,-140,-140,-140,-140,-140,-140,-140,-140,-140,-140,-140,-140,-140,-140,-140,-140,-140,-140,-140,-140,-140,-140,-140,-140,-140,-140,-140,-140,-140,-140,-140,-140,-140,-140,-140,-140,-140,-140,-140,-140,-140,-140,-140,-140,-140,-140,-140,-140,-140,-140.0,-140,-140,-140,-140,-140,-140,-140,-140,-140.0,-140,-140,-140,-140,-140,-140,-140,-140,-140.0,-140,-140,-140,-140,-140,-140,-140,-140,-140,-140,-140,-140,-140,-140
179.9698,-75.0,-140.0,-87.0,-140.0,-140.0,-140.0,-140.0,-140.0,-79.0,-140.0,-140.0,-84.0,-140.0,-140.0,-73.0,-140.0,-140.0,-140,-140.0,-140.0,-140.0,-140.0,-91.0,-79.0,-93.0,-93.0,-88.0,-93.0,-140,-140.0,-140,-140,-140.0,-140.0,-140,-140.0,-81.0,-81.0,-140.0,-140,-140.0,-140,-140,-140.0,-140.0,-84.0,-140,-140.0,-140,-140,-140,-140.0,-140,-140.0,-89.0,-140,-140,-140.0,-78.0,-79.0,-80.0,-140,-140.0,-140.0,-140.0,-140.0,-140,-140,-140,-140,-140,-140,-140,-140,-140,-140,-140,-140,-140,-140,-140,-140,-140,-140,-140,-140,-140,-140,-140,-140,-140,-140,-140,-140,-140,-140,-140,-140,-140,-140,-140,-140,-140,-140,-140,-140,-140,-140,-140,-140,-140,-140,-140,-140,-140,-140,-140,-140,-140,-140,-140,-140,-140,-140,-140,-140,-140,-140,-140,-140,-140,-140,-140,-140,-140,-140,-140,-140,-140,-140,-140,-140,-140,-140,-140,-140,-140,-140,-140,-140,-140,-140,-140,-140,-140,-140,-140,-140,-140,-140,-140,-140,-140,-140,-140,-140,-140,-140,-140,-140,-140,-140,-140,-140,-140,-140,-140,-140,-140,-140,-140,-140,-140,-140,-140,-140,-140,-140,-140,-140,-140,-140,-140,-140,-140,-140,-140,-140,-140,-140,-140,-140,-140,-140,-140.0,-140,-140,-140,-140,-140,-140,-140,-140,-140.0,-140,-140,-140,-140,-140,-140,-140,-140,-140.0,-140,-140,-140,-140,-140,-140,-140,-140,-140,-140,-140,-140,-140,-140
181.9676,-72.0,-91.0,-140.0,-90.0,-140.0,-93.0,-140.0,-140.0,-75.0,-140.0,-140.0,-140.0,-140.0,-140.0,-79.0,-140.0,-140.0,-140,-140.0,-140.0,-140.0,-140.0,-91.0,-140.0,-140.0,-140.0,-140.0,-140.0,-140,-140.0,-140,-140,-140.0,-140.0,-140,-140.0,-86.0,-87.0,-140.0,-140,-140.0,-140,-140,-140.0,-140.0,-81.0,-140,-140.0,-140,-140,-140,-140.0,-140,-140.0,-86.0,-140,-140,-92.0,-80.0,-80.0,-140.0,-140,-140.0,-140.0,-140.0,-140.0,-140,-140,-140,-140,-140,-140,-140,-140,-140,-140,-140,-140,-140,-140,-140,-140,-140,-140,-140,-140,-140,-140,-140,-140,-140,-140,-140,-140,-140,-140,-140,-140,-140,-140,-140,-140,-140,-140,-140,-140,-140,-140,-140,-140,-140,-140,-140,-140,-140,-140,-140,-140,-140,-140,-140,-140,-140,-140,-140,-140,-140,-140,-140,-140,-140,-140,-140,-140,-140,-140,-140,-140,-140,-140,-140,-140,-140,-140,-140,-140,-140,-140,-140,-140,-140,-140,-140,-140,-140,-140,-140,-140,-140,-140,-140,-140,-140,-140,-140,-140,-140,-140,-140,-140,-140,-140,-140,-140,-140,-140,-140,-140,-140,-140,-140,-140,-140,-140,-140,-140,-140,-140,-140,-140,-140,-140,-140,-140,-140,-140,-140,-140,-140,-140,-140,-140,-140,-140,-140.0,-140,-140,-140,-140,-140,-140,-140,-140,-140.0,-140,-140,-140,-140,-140,-140,-140,-140,-140.0,-140,-140,-140,-140,-140,-140,-140,-140,-140,-140,-140,-140,-140,-140
183.9577,-69.0,-91.0,-140.0,-140.0,-140.0,-140.0,-140.0,-140.0,-75.0,-140.0,-140.0,-86.0,-140.0,-140.0,-84.0,-140.0,-140.0,-140,-140.0,-140.0,-140.0,-140.0,-140.0,-83.0,-140.0,-140.0,-140.0,-140.0,-140,-140.0,-140,-140,-140.0,-140.0,-140,-140.0,-84.0,-88.0,-140.0,-140,-140.0,-140,-140,-140.0,-140.0,-77.0,-140,-140.0,-140,-140,-140,-93.0,-140,-140.0,-89.0,-140,-140,-90.0,-81.0,-81.0,-81.0,-140,-140.0,-140.0,-140.0,-140.0,-140,-140,-140,-140,-140,-140,-140,-140,-140,-140,-140,-140,-140,-140,-140,-140,-140,-140,-140,-140,-140,-140,-140,-140,-140,-140,-140,-140,-140,-140,-140,-140,-140,-140,-140,-140,-140,-140,-140,-140,-140,-140,-140,-140,-140,-140,-140,-140,-140,-140,-140,-140,-140,-140,-140,-140,-140,-140,-140,-140,-140,-140,-140,-140,-140,-140,-140,-140,-140,-140,-140,-140,-140,-140,-140,-140,-140,-140,-140,-140,-140,-140,-140,-140,-140,-140,-140,-140,-140,-140,-140,-140,-140,-140,-140,-140,-140,-140,-140,-140,-140,-140,-140,-140,-140,-140,-140,-140,-140,-140,-140,-140,-140,-140,-140,-140,-140,-140,-140,-140,-140,-140,-140,-140,-140,-140,-140,-140,-140,-140,-140,-140,-140,-140,-140,-140,-140,-140,-140.0,-140,-140,-140,-140,-140,-140,-140,-140,-140.0,-140,-140,-140,-140,-140,-140,-140,-140,-140.0,-140,-140,-140,-140,-140,-140,-140,-140,-140,-140,-140,-140,-140,-140
185.9755,-63.0,-140.0,-89.0,-140.0,-140.0,-140.0,-140.0,-140.0,-73.0,-140.0,-140.0,-80.0,-140.0,-140.0,-76.0,-140.0,-140.0,-140,-140.0,-140.0,-140.0,-140.0,-88.0,-85.0,-140.0,-140.0,-140.0,-140.0,-140,-140.0,-140,-140,-140.0,-140.0,-140,-140.0,-81.0,-84.0,-140.0,-140,-140.0,-140,-140,-140.0,-140.0,-90.0,-140,-140.0,-140,-140,-140,-140.0,-140,-140.0,-140.0,-140,-140,-92.0,-83.0,-84.0,-78.0,-140,-140.0,-140.0,-140.0,-140.0,-140,-140,-140,-140,-140,-140,-140,-140,-140,-140,-140,-140,-140,-140,-140,-140,-140,-140,-140,-140,-140,-140,-140,-140,-140,-140,-140,-140,-140,-140,-140,-140,-140,-140,-140,-140,-140,-140,-140,-140,-140,-140,-140,-140,-140,-140,-140,-140,-140,-140,-140,-140,-140,-140,-140,-140,-140,-140,-140,-140,-140,-140,-140,-140,-140,-140,-140,-140,-140,-140,-140,-140,-140,-140,-140,-140,-140,-140,-140,-140,-140,-140,-140,-140,-140,-140,-140,-140,-140,-140,-140,-140,-140,-140,-140,-140,-140,-140,-140,-140,-140,-140,-140,-140,-140,-140,-140,-140,-140,-140,-140,-140,-140,-140,-140,-140,-140,-140,-140,-140,-140,-140,-140,-140,-140,-140,-140,-140,-140,-140,-140,-140,-140,-140,-140,-140,-140,-140,-91.0,-140,-140,-140,-140,-140,-140,-140,-140,-140.0,-140,-140,-140,-140,-140,-140,-140,-140,-140.0,-140,-140,-140,-140,-140,-140,-140,-140,-140,-140,-140,-140,-140,-140
187.9478,-64.0,-91.0,-90.0,-140.0,-140.0,-94.0,-140.0,-140.0,-75.0,-140.0,-140.0,-82.0,-89.0,-140.0,-78.0,-90.0,-140.0,-140,-140.0,-140.0,-140.0,-140.0,-89.0,-85.0,-140.0,-140.0,-140.0,-140.0,-140,-140.0,-140,-140,-140.0,-140.0,-140,-140.0,-140.0,-140.0,-140.0,-140,-140.0,-140,-140,-140.0,-140.0,-81.0,-140,-140.0,-140,-140,-140,-140.0,-140,-140.0,-140.0,-140,-140,-85.0,-80.0,-79.0,-80.0,-140,-140.0,-140.0,-140.0,-140.0,-140,-140,-140,-140,-140,-140,-140,-140,-140,-140,-140,-140,-140,-140,-140,-140,-140,-140,-140,-140,-140,-140,-140,-140,-140,-140,-140,-140,-140,-140,-140,-140,-140,-140,-140,-140,-140,-140,-140,-140,-140,-140,-140,-140,-140,-140,-140,-140,-140,-140,-140,-140,-140,-140,-140,-140,-140,-140,-140,-140,-140,-140,-140,-140,-140,-140,-140,-140,-140,-140,-140,-140,-140,-140,-140,-140,-140,-140,-140,-140,-140,-140,-140,-140,-140,-140,-140,-140,-140,-140,-140,-140,-140,-140,-140,-140,-140,-140,-140,-140,-140,-140,-140,-140,-140,-140,-140,-140,-140,-140,-140,-140,-140,-140,-140,-140,-140,-140,-140,-140,-140,-140,-140,-140,-140,-140,-140,-140,-140,-140,-140,-140,-140,-140,-140,-140,-140,-140,-91.0,-140,-140,-140,-140,-140,-140,-140,-140,-140.0,-140,-140,-140,-140,-140,-140,-140,-140,-140.0,-140,-140,-140,-140,-140,-140,-140,-140,-140,-140,-140,-140,-140,-140
189.9545,-58.0,-140.0,-140.0,-140.0,-140.0,-140.0,-140.0,-140.0,-74.0,-140.0,-140.0,-89.0,-140.0,-140.0,-73.0,-140.0,-140.0,-140,-140.0,-140.0,-140.0,-140.0,-140.0,-83.0,-140.0,-93.0,-90.0,-140.0,-140,-140.0,-140,-140,-140.0,-140.0,-140,-140.0,-76.0,-80.0,-140.0,-140,-140.0,-140,-140,-140.0,-140.0,-79.0,-140,-140.0,-140,-140,-140,-96.0,-140,-140.0,-140.0,-140,-140,-86.0,-80.0,-81.0,-80.0,-140,-140.0,-140.0,-140.0,-140.0,-140,-140,-140,-140,-140,-140,-140,-140,-140,-140,-140,-140,-140,-140,-140,-140,-140,-140,-140,-140,-140,-140,-140,-140,-140,-140,-140,-140,-140,-140,-140,-140,-140,-140,-140,-140,-140,-140,-140,-140,-140,-140,-140,-140,-140,-140,-140,-140,-140,-140,-140,-140,-140,-140,-140,-140,-140,-140,-140,-140,-140,-140,-140,-140,-140,-140,-140,-140,-140,-140,-140,-140,-140,-140,-140,-140,-140,-140,-140,-140,-140,-140,-140,-140,-140,-140,-140,-140,-140,-140,-140,-140,-140,-140,-140,-140,-140,-140,-140,-140,-140,-140,-140,-140,-140,-140,-140,-140,-140,-140,-140,-140,-140,-140,-140,-140,-140,-140,-140,-140,-140,-140,-140,-140,-140,-140,-140,-140,-140,-140,-140,-140,-140,-140,-140,-140,-140,-140,-140.0,-140,-140,-140,-140,-140,-140,-140,-140,-140.0,-140,-140,-140,-140,-140,-140,-140,-140,-140.0,-140,-140,-140,-140,-140,-140,-140,-140,-140,-140,-140,-140,-140,-140
191.9633,-63.0,-89.0,-140.0,-89.0,-88.0,-140.0,-140.0,-140.0,-79.0,-140.0,-140.0,-88.0,-140.0,-140.0,-81.0,-140.0,-140.0,-140,-140.0,-140.0,-140.0,-140.0,-86.0,-85.0,-140.0,-140.0,-140.0,-140.0,-140,-140.0,-140,-140,-140.0,-91.0,-140,-140.0,-140.0,-82.0,-140.0,-140,-140.0,-140,-140,-140.0,-140.0,-83.0,-140,-140.0,-140,-140,-140,-140.0,-140,-140.0,-140.0,-140,-140,-80.0,-76.0,-76.0,-79.0,-140,-140.0,-140.0,-140.0,-140.0,-140,-140,-140,-140,-140,-140,-140,-140,-140,-140,-140,-140,-140,-140,-140,-140,-140,-140,-140,-140,-140,-140,-140,-140,-140,-140,-140,-140,-140,-140,-140,-140,-140,-140,-140,-140,-140,-140,-140,-140,-140,-140,-140,-140,-140,-140,-140,-140,-140,-140,-140,-140,-140,-140,-140,-140,-140,-140,-140,-140,-140,-140,-140,-140,-140,-140,-140,-140,-140,-140,-140,-140,-140,-140,-140,-140,-140,-140,-140,-140,-140,-140,-140,-140,-140,-140,-140,-140,-140,-140,-140,-140,-140,-140,-140,-140,-140,-140,-140,-140,-140,-140,-140,-140,-140,-140,-140,-140,-140,-140,-140,-140,-140,-140,-140,-140,-140,-140,-140,-140,-140,-140,-140,-140,-140,-140,-140,-140,-140,-140,-140,-140,-140,-140,-140,-140,-140,-140,-140.0,-140,-140,-140,-140,-140,-140,-140,-140,-140.0,-140,-140,-140,-140,-140,-140,-140,-140,-140.0,-140,-140,-140,-140,-140,-140,-140,-140,-140,-140,-140,-140,-140,-140
193.9658,-55.0,-140.0,-94.0,-89.0,-140.0,-92.0,-87.0,-140.0,-64.0,-140.0,-140.0,-88.0,-140.0,-140.0,-78.0,-140.0,-140.0,-140,-140.0,-140.0,-140.0,-140.0,-89.0,-140.0,-140.0,-140.0,-140.0,-140.0,-140,-140.0,-140,-140,-140.0,-90.0,-140,-140.0,-77.0,-80.0,-140.0,-140,-140.0,-140,-140,-140.0,-140.0,-78.0,-140,-140.0,-140,-140,-140,-140.0,-140,-140.0,-140.0,-140,-140,-87.0,-78.0,-78.0,-140.0,-140,-140.0,-140.0,-140.0,-140.0,-140,-140,-140,-140,-140,-140,-140,-140,-140,-140,-140,-140,-140,-140,-140,-140,-140,-140,-140,-140,-140,-140,-140,-140,-140,-140,-140,-140,-140,-140,-140,-140,-140,-140,-140,-140,-140,-140,-140,-140,-140,-140,-140,-140,-140,-140,-140,-140,-140,-140,-140,-140,-140,-140,-140,-140,-140,-140,-140,-140,-140,-140,-140,-140,-140,-140,-140,-140,-140,-140,-140,-140,-140,-140,-140,-140,-140,-140,-140,-140,-140,-140,-140,-140,-140,-140,-140,-140,-140,-140,-140,-140,-140,-140,-140,-140,-140,-140,-140,-140,-140,-140,-140,-140,-140,-140,-140,-140,-140,-140,-140,-140,-140,-140,-140,-140,-140,-140,-140,-140,-140,-140,-140,-140,-140,-140,-140,-140,-140,-140,-140,-140,-140,-140,-140,-140,-140,-140,-140.0,-140,-140,-140,-140,-140,-140,-140,-140,-140.0,-140,-140,-140,-140,-140,-140,-140,-140,-140.0,-140,-140,-140,-140,-140,-140,-140,-140,-140,-140,-140,-140,-140,-140
195.9768,-56.0,-83.0,-140.0,-140.0,-140.0,-91.0,-140.0,-140.0,-62.0,-140.0,-140.0,-140.0,-140.0,-140.0,-73.0,-140.0,-140.0,-140,-140.0,-140.0,-140.0,-140.0,-90.0,-83.0,-88.0,-88.0,-87.0,-140.0,-140,-140.0,-140,-140,-140.0,-140.0,-140,-140.0,-140.0,-85.0,-140.0,-140,-140.0,-140,-140,-140.0,-140.0,-73.0,-140,-140.0,-140,-140,-140,-95.0,-140,-140.0,-140.0,-140,-140,-85.0,-76.0,-75.0,-74.0,-140,-140.0,-140.0,-140.0,-140.0,-140,-140,-140,-140,-140,-140,-140,-140,-140,-140,-140,-140,-140,-140,-140,-140,-140,-140,-140,-140,-140,-140,-140,-140,-140,-140,-140,-140,-140,-140,-140,-140,-140,-140,-140,-140,-140,-140,-140,-140,-140,-140,-140,-140,-140,-140,-140,-140,-140,-140,-140,-140,-140,-140,-140,-140,-140,-140,-140,-140,-140,-140,-140,-140,-140,-140,-140,-140,-140,-140,-140,-140,-140,-140,-140,-140,-140,-140,-140,-140,-140,-140,-140,-140,-140,-140,-140,-140,-140,-140,-140,-140,-140,-140,-140,-140,-140,-140,-140,-140,-140,-140,-140,-140,-140,-140,-140,-140,-140,-140,-140,-140,-140,-140,-140,-140,-140,-140,-140,-140,-140,-140,-140,-140,-140,-140,-140,-140,-140,-140,-140,-140,-140,-140,-140,-140,-140,-140,-140.0,-140,-140,-140,-140,-140,-140,-140,-140,-140.0,-140,-140,-140,-140,-140,-140,-140,-140,-140.0,-140,-140,-140,-140,-140,-140,-140,-140,-140,-140,-140,-140,-140,-140
197.9873,-67.0,-140.0,-140.0,-140.0,-140.0,-140.0,-140.0,-140.0,-140.0,-140.0,-140.0,-89.0,-140.0,-140.0,-71.0,-140.0,-140.0,-140,-140.0,-140.0,-140.0,-140.0,-91.0,-88.0,-140.0,-140.0,-92.0,-140.0,-140,-140.0,-140,-140,-140.0,-140.0,-140,-140.0,-65.0,-73.0,-140.0,-140,-140.0,-140,-140,-140.0,-140.0,-74.0,-140,-140.0,-140,-140,-140,-140.0,-140,-140.0,-140.0,-140,-140,-83.0,-67.0,-67.0,-69.0,-140,-87.0,-140.0,-140.0,-140.0,-140,-140,-140,-140,-140,-140,-140,-140,-140,-140,-140,-140,-140,-140,-140,-140,-140,-140,-140,-140,-140,-140,-140,-140,-140,-140,-140,-140,-140,-140,-140,-140,-140,-140,-140,-140,-140,-140,-140,-140,-140,-140,-140,-140,-140,-140,-140,-140,-140,-140,-140,-140,-140,-140,-140,-140,-140,-140,-140,-140,-140,-140,-140,-140,-140,-140,-140,-140,-140,-140,-140,-140,-140,-140,-140,-140,-140,-140,-140,-140,-140,-140,-140,-140,-140,-140,-140,-140,-140,-140,-140,-140,-140,-140,-140,-140,-140,-140,-140,-140,-140,-140,-140,-140,-140,-140,-140,-140,-140,-140,-140,-140,-140,-140,-140,-140,-140,-140,-140,-140,-140,-140,-140,-140,-140,-140,-140,-140,-140,-140,-140,-140,-140,-140,-140,-140,-140,-140,-140.0,-140,-140,-140,-140,-140,-140,-140,-140,-140.0,-140,-140,-140,-140,-140,-140,-140,-140,-140.0,-140,-140,-140,-140,-140,-140,-140,-140,-140,-140,-140,-140,-140,-140
