AppTimestamp(s),wifi_rssi_20:23:00:00:00:01,wifi_rssi_20:23:00:00:00:02,wifi_rssi_20:23:00:00:00:03,wifi_rssi_20:23:00:00:00:04,wifi_rssi_20:23:00:00:00:05,wifi_rssi_20:23:00:00:00:06,wifi_rssi_20:23:00:00:00:07,wifi_rssi_20:23:00:00:00:08,wifi_rssi_20:23:00:00:00:09,wifi_rssi_20:23:00:00:00:10,wifi_rssi_20:23:00:00:00:11,wifi_rssi_20:23:00:00:00:12,wifi_rssi_20:23:00:00:00:13,wifi_rssi_20:23:00:00:00:14,wifi_rssi_20:23:00:00:00:15,wifi_rssi_20:23:00:00:00:16,wifi_rssi_20:23:00:00:00:17,wifi_rssi_20:23:00:00:00:18,wifi_rssi_20:23:00:00:00:19,wifi_rssi_20:23:00:00:00:21,wifi_rssi_20:23:00:00:00:22,wifi_rssi_20:23:00:00:00:23,wifi_rssi_20:23:00:00:00:24,wifi_rssi_20:23:00:00:00:25,wifi_rssi_20:23:00:00:00:26,wifi_rssi_20:23:00:00:00:27,wifi_rssi_20:23:00:00:00:28,wifi_rssi_20:23:00:00:00:30,wifi_rssi_20:23:00:00:00:31,wifi_rssi_20:23:00:00:00:34,wifi_rssi_20:23:00:00:00:35,wifi_rssi_20:23:00:00:00:36,wifi_rssi_20:23:00:00:00:37,wifi_rssi_20:23:00:00:00:38,wifi_rssi_20:23:00:00:00:41,wifi_rssi_20:23:00:00:00:42,wifi_rssi_20:23:00:00:00:44,wifi_rssi_20:23:00:00:00:45,wifi_rssi_20:23:00:00:00:46,wifi_rssi_20:23:00:00:00:47,wifi_rssi_20:23:00:00:00:48,wifi_rssi_20:23:00:00:00:49,wifi_rssi_20:23:00:00:00:50,wifi_rssi_20:23:00:00:00:51,wifi_rssi_20:23:00:00:00:52,wifi_rssi_20:23:00:00:00:55,wifi_rssi_20:23:00:00:00:56,wifi_rssi_20:23:00:00:00:57,wifi_rssi_20:23:00:00:00:59,wifi_rssi_20:23:00:00:00:61,wifi_rssi_20:23:00:00:00:62,wifi_rssi_20:23:00:00:00:65,wifi_rssi_20:23:00:00:00:67,wifi_rssi_20:23:00:00:00:68,wifi_rssi_20:23:00:00:00:69,wifi_rssi_20:23:00:00:00:71,wifi_rssi_20:23:00:00:00:72,wifi_rssi_20:23:00:00:00:73,wifi_rssi_20:23:00:00:00:79,wifi_rssi_20:23:00:00:00:80,wifi_rssi_20:23:00:00:00:82,wifi_rssi_20:23:00:00:00:84,wifi_rssi_20:23:00:00:00:88,wifi_rssi_20:23:00:00:00:89,wifi_rssi_20:23:00:00:00:90,wifi_rssi_20:23:00:00:00:91,wifi_rssi_20:23:00:00:00:92,wifi_rssi_20:23:00:00:00:93,wifi_rssi_20:23:00:00:00:94,wifi_rssi_20:23:00:00:00:95,wifi_rssi_20:23:00:00:00:96,wifi_rssi_20:23:00:00:00:97,wifi_rssi_20:23:00:00:00:98,wifi_rssi_20:23:00:00:00:99,wifi_rssi_20:23:00:00:01:00,wifi_rssi_20:23:00:00:01:01,wifi_rssi_20:23:00:00:01:02,wifi_rssi_20:23:00:00:01:03,wifi_rssi_20:23:00:00:01:04,wifi_rssi_20:23:00:00:01:05,wifi_rssi_20:23:00:00:01:06,wifi_rssi_20:23:00:00:01:07,wifi_rssi_20:23:00:00:01:08,wifi_rssi_20:23:00:00:01:09,wifi_rssi_20:23:00:00:01:10,wifi_rssi_20:23:00:00:01:11,wifi_rssi_20:23:00:00:01:12,wifi_rssi_20:23:00:00:01:13,wifi_rssi_20:23:00:00:01:14,wifi_rssi_20:23:00:00:01:15,wifi_rssi_20:23:00:00:01:16,wifi_rssi_20:23:00:00:01:17,wifi_rssi_20:23:00:00:01:18,wifi_rssi_20:23:00:00:01:19,wifi_rssi_20:23:00:00:01:20,wifi_rssi_20:23:00:00:01:21,wifi_rssi_20:23:00:00:01:22,wifi_rssi_20:23:00:00:01:23,wifi_rssi_20:23:00:00:01:24,wifi_rssi_20:23:00:00:01:26,wifi_rssi_20:23:00:00:01:27,wifi_rssi_20:23:00:00:01:28,wifi_rssi_20:23:00:00:01:29,wifi_rssi_20:23:00:00:01:31,wifi_rssi_20:23:00:00:01:32,wifi_rssi_20:23:00:00:01:33,wifi_rssi_20:23:00:00:01:34,wifi_rssi_20:23:00:00:01:35,wifi_rssi_20:23:00:00:01:36,wifi_rssi_20:23:00:00:01:37,wifi_rssi_20:23:00:00:01:38,wifi_rssi_20:23:00:00:01:39,wifi_rssi_20:23:00:00:01:40,wifi_rssi_20:23:00:00:01:41,wifi_rssi_20:23:00:00:01:42,wifi_rssi_20:23:00:00:01:43,wifi_rssi_20:23:00:00:01:44,wifi_rssi_20:23:00:00:01:45,wifi_rssi_20:23:00:00:01:46,wifi_rssi_20:23:00:00:01:47,wifi_rssi_20:23:00:00:01:51,wifi_rssi_20:23:00:00:01:52,wifi_rssi_20:23:00:00:01:54,wifi_rssi_20:23:00:00:01:55,wifi_rssi_20:23:00:00:01:56,wifi_rssi_20:23:00:00:01:58,wifi_rssi_20:23:00:00:01:59,wifi_rssi_20:23:00:00:01:60,wifi_rssi_20:23:00:00:01:62,wifi_rssi_20:23:00:00:01:64,wifi_rssi_20:23:00:00:01:65,wifi_rssi_20:23:00:00:01:66,wifi_rssi_20:23:00:00:01:67,wifi_rssi_20:23:00:00:01:68,wifi_rssi_20:23:00:00:01:69,wifi_rssi_20:23:00:00:01:70,wifi_rssi_20:23:00:00:01:71,wifi_rssi_20:23:00:00:01:72,wifi_rssi_20:23:00:00:01:73,wifi_rssi_20:23:00:00:01:74,wifi_rssi_20:23:00:00:01:75,wifi_rssi_20:23:00:00:01:76,wifi_rssi_20:23:00:00:01:77,wifi_rssi_20:23:00:00:01:81,wifi_rssi_20:23:00:00:01:82,wifi_rssi_20:23:00:00:01:83,wifi_rssi_20:23:00:00:01:84,wifi_rssi_20:23:00:00:01:85,wifi_rssi_20:23:00:00:01:86,wifi_rssi_20:23:00:00:01:87,wifi_rssi_20:23:00:00:01:88,wifi_rssi_20:23:00:00:01:89,wifi_rssi_20:23:00:00:01:90,wifi_rssi_20:23:00:00:01:91,wifi_rssi_20:23:00:00:01:92,wifi_rssi_20:23:00:00:01:93,wifi_rssi_20:23:00:00:01:94,wifi_rssi_20:23:00:00:01:95,wifi_rssi_20:23:00:00:01:96,wifi_rssi_20:23:00:00:01:97,wifi_rssi_20:23:00:00:01:98,wifi_rssi_20:23:00:00:02:01,wifi_rssi_20:23:00:00:02:07,wifi_rssi_20:23:00:00:02:09,wifi_rssi_20:23:00:00:02:10,wifi_rssi_20:23:00:00:02:11,wifi_rssi_20:23:00:00:02:12,wifi_rssi_20:23:00:00:02:14,wifi_rssi_20:23:00:00:02:15,wifi_rssi_20:23:00:00:02:16,wifi_rssi_20:23:00:00:02:17,wifi_rssi_20:23:00:00:02:18,wifi_rssi_20:23:00:00:02:19,wifi_rssi_20:23:00:00:02:20,wifi_rssi_20:23:00:00:02:21,wifi_rssi_20:23:00:00:02:22,wifi_rssi_20:23:00:00:02:23,wifi_rssi_20:23:00:00:02:24,wifi_rssi_20:23:00:00:02:25,wifi_rssi_20:23:00:00:02:26,wifi_rssi_20:23:00:00:02:27,wifi_rssi_20:23:00:00:02:28,wifi_rssi_20:23:00:00:02:29,wifi_rssi_20:23:00:00:02:30,wifi_rssi_20:23:00:00:02:34,wifi_rssi_20:23:00:00:02:35,wifi_rssi_20:23:00:00:02:39,wifi_rssi_20:23:00:00:02:54,wifi_rssi_20:23:00:00:02:55,wifi_rssi_20:23:00:00:02:56,wifi_rssi_20:23:00:00:02:57,wifi_rssi_20:23:00:00:02:58,wifi_rssi_20:23:00:00:02:59,wifi_rssi_20:23:00:00:02:60,wifi_rssi_20:23:00:00:02:61,wifi_rssi_20:23:00:00:02:65,wifi_rssi_20:23:00:00:02:67,wifi_rssi_20:23:00:00:02:70,wifi_rssi_20:23:00:00:02:73,wifi_rssi_20:23:00:00:02:74,wifi_rssi_20:23:00:00:02:82,wifi_rssi_20:23:00:00:02:88,wifi_rssi_20:23:00:00:02:89,wifi_rssi_20:23:00:00:03:08,wifi_rssi_20:23:00:00:03:11,wifi_rssi_20:23:00:00:03:12,wifi_rssi_20:23:00:00:03:13,wifi_rssi_20:23:00:00:03:15,wifi_rssi_20:23:00:00:03:16,wifi_rssi_20:23:00:00:03:17,wifi_rssi_20:23:00:00:03:20,wifi_rssi_20:23:00:00:03:21,wifi_rssi_20:23:00:00:03:22,wifi_rssi_20:23:00:00:03:25,wifi_rssi_20:23:00:00:03:26,wifi_rssi_20:23:00:00:03:27,wifi_rssi_20:23:00:00:03:28,wifi_rssi_20:23:00:00:03:29,wifi_rssi_20:23:00:00:03:30,wifi_rssi_20:23:00:00:03:31,wifi_rssi_20:23:00:00:03:32,wifi_rssi_20:23:00:00:03:33,wifi_rssi_20:23:00:00:03:34,wifi_rssi_20:23:00:00:03:35,wifi_rssi_20:23:00:00:03:36,wifi_rssi_20:23:00:00:03:37,wifi_rssi_20:23:00:00:03:38,wifi_rssi_20:23:00:00:03:39,wifi_rssi_20:23:00:00:03:40,wifi_rssi_20:23:00:00:03:41,wifi_rssi_20:23:00:00:03:42,wifi_rssi_20:23:00:00:03:43,wifi_rssi_20:23:00:00:03:44,wifi_rssi_20:23:00:00:03:45,wifi_rssi_20:23:00:00:03:46,wifi_rssi_20:23:00:00:03:47,wifi_rssi_20:23:00:00:03:48
0.6324,-68.0,-100.0,-100.0,-100.0,-100.0,-100.0,-100.0,-100,-100.0,-100.0,-100,-100.0,-100.0,-100.0,-82.0,-100.0,-100.0,-100,-100.0,-100.0,-100.0,-100.0,-91.0,-88.0,-100.0,-100.0,-100.0,-100.0,-100,-100,-100,-100,-100,-82.0,-100.0,-100,-72.0,-80.0,-100.0,-100,-100,-100,-100,-100,-100,-83.0,-100,-100,-100,-100,-100,-100.0,-100,-100,-100.0,-100,-100,-92.0,-72.0,-72.0,-100.0,-100,-100.0,-100.0,-100.0,-100,-100,-100,-100,-100.0,-100,-100.0,-100,-100,-100,-100,-100,-100,-100,-100,-100,-100,-100,-100,-100,-100,-100,-100,-100,-100.0,-100.0,-100,-100,-100.0,-100.0,-100.0,-100,-100,-100,-100,-100.0,-100,-100,-100,-100,-100,-100,-100,-100,-100,-100,-100,-100,-100,-100,-100,-100,-100,-100,-100,-100,-100,-100,-100,-100,-100,-100,-100,-100,-100,-100,-100,-100,-100,-100,-100,-100.0,-100,-100,-100.0,-100,-100,-100,-100.0,-100,-100,-100,-100,-100,-100,-100,-100,-100,-100,-100,-100,-100,-100,-100,-100,-100,-100,-100,-100,-100,-100,-100,-100,-100,-100,-100,-100,-100,-100,-100,-100,-100,-100,-100,-100,-100,-100,-100,-100,-100,-100,-100.0,-100,-100,-100,-100,-100,-100,-100,-100,-100,-100,-100,-100,-100,-100,-100,-100,-100,-100.0,-100,-100,-100,-100,-100,-100,-100,-100,-100.0,-100.0,-100,-100,-100,-100,-100,-100,-100,-100,-100,-100,-100,-100,-100,-100,-100,-100,-100,-100,-100,-100,-100,-100
2.6021,-67.546875,-100.0,-91.0,-100.0,-88.0,-100.0,-100.0,-100,-73.0,-100.0,-100,-92.0,-100.0,-100.0,-78.828125,-100.0,-100.0,-100,-100.0,-100.0,-100.0,-100.0,-91.90625,-100.0,-100.0,-100.0,-100.0,-100.0,-100,-100,-100,-100,-100,-78.375,-100.0,-100,-71.3203125,-78.1875,-100.0,-100,-100,-100,-100,-100,-100,-80.5078125,-100,-100,-100,-100,-100,-100.0,-100,-100,-100.0,-100,-100,-91.3203125,-72.0,-72.0,-73.0,-100,-90.0,-100.0,-100.0,-100,-100,-100,-100,-100.0,-100,-100.0,-100,-100,-100,-100,-100,-100,-100,-100,-100,-100,-100,-100,-100,-100,-100,-100,-100,-100.0,-100.0,-100,-100,-100.0,-100.0,-100.0,-100,-100,-100,-100,-100.0,-100,-100,-100,-100,-100,-100,-100,-100,-100,-100,-100,-100,-100,-100,-100,-100,-100,-100,-100,-100,-100,-100,-100,-100,-100,-100,-100,-100,-100,-100,-100,-100,-100,-100,-100,-100.0,-100,-100,-100.0,-100,-100,-100,-100.0,-100,-100,-100,-100,-100,-100,-100,-100,-100,-100,-100,-100,-100,-100,-100,-100,-100,-100,-100,-100,-100,-100,-100,-100,-100,-100,-100,-100,-100,-100,-100,-100,-100,-100,-100,-100,-100,-100,-100,-100,-100,-100,-100.0,-100,-100,-100,-100,-100,-100,-100,-100,-100,-100,-100,-100,-100,-100,-100,-100,-100,-100.0,-100,-100,-100,-100,-100,-100,-100,-100,-100.0,-100.0,-100,-100,-100,-100,-100,-100,-100,-100,-100,-100,-100,-100,-100,-100,-100,-100,-100,-100,-100,-100,-100,-100
4.5717,-68.16612589227775,-88.0,-100.0,-100.0,-100.0,-100.0,-100.0,-100,-73.2265625,-100.0,-100,-100.0,-100.0,-100.0,-76.59961064243997,-100.0,-100.0,-100,-100.0,-100.0,-100.0,-100.0,-90.41531473069435,-87.09375,-100.0,-100.0,-100.0,-100.0,-100,-100,-100,-100,-100,-77.77547047371837,-100.0,-100,-100.0,-76.3731343283582,-100.0,-100,-100,-100,-100,-100,-100,-78.86502271252434,-100,-100,-100,-100,-100,-100.0,-100,-100,-100.0,-100,-100,-89.47242050616482,-72.0,-71.74756651524984,-100.0,-100,-90.6796875,-100.0,-100.0,-100,-100,-100,-100,-100.0,-100,-100.0,-100,-100,-100,-100,-100,-100,-100,-100,-100,-100,-100,-100,-100,-100,-100,-100,-100,-100.0,-100.0,-100,-100,-100.0,-100.0,-100.0,-100,-100,-100,-100,-100.0,-100,-100,-100,-100,-100,-100,-100,-100,-100,-100,-100,-100,-100,-100,-100,-100,-100,-100,-100,-100,-100,-100,-100,-100,-100,-100,-100,-100,-100,-100,-100,-100,-100,-100,-100,-100.0,-100,-100,-100.0,-100,-100,-100,-100.0,-100,-100,-100,-100,-100,-100,-100,-100,-100,-100,-100,-100,-100,-100,-100,-100,-100,-100,-100,-100,-100,-100,-100,-100,-100,-100,-100,-100,-100,-100,-100,-100,-100,-100,-100,-100,-100,-100,-100,-100,-100,-100,-100.0,-100,-100,-100,-100,-100,-100,-100,-100,-100,-100,-100,-100,-100,-100,-100,-100,-100,-100.0,-100,-100,-100,-100,-100,-100,-100,-100,-100.0,-100.0,-100,-100,-100,-100,-100,-100,-100,-100,-100,-100,-100,-100,-100,-100,-100,-100,-100,-100,-100,-100,-100,-100
6.6013,-70.52138966738936,-88.6796875,-90.546875,-90.0,-88.6796875,-100.0,-100.0,-100,-73.42180402336146,-100.0,-100,-100.0,-100.0,-100.0,-75.10665750092538,-100.0,-100.0,-100,-100.0,-100.0,-100.0,-100.0,-90.30458463328222,-85.30304996755353,-100.0,-100.0,-100.0,-100.0,-100,-100,-100,-100,-100,-76.76886468193116,-100.0,-100,-70.9870214146658,-76.00703294378933,-100.0,-100,-100,-100,-100,-100,-100,-78.63439268150812,-100,-100,-100,-100,-100,-100.0,-100,-100,-100.0,-100,-100,-89.07984770768336,-72.26661731267517,-72.08148696525832,-72.7734375,-100,-90.50811161583387,-100.0,-100.0,-100,-100,-100,-100,-100.0,-100,-100.0,-100,-100,-100,-100,-100,-100,-100,-100,-100,-100,-100,-100,-100,-100,-100,-100,-100,-100.0,-100.0,-100,-100,-100.0,-100.0,-100.0,-100,-100,-100,-100,-100.0,-100,-100,-100,-100,-100,-100,-100,-100,-100,-100,-100,-100,-100,-100,-100,-100,-100,-100,-100,-100,-100,-100,-100,-100,-100,-100,-100,-100,-100,-100,-100,-100,-100,-100,-100,-100.0,-100,-100,-100.0,-100,-100,-100,-100.0,-100,-100,-100,-100,-100,-100,-100,-100,-100,-100,-100,-100,-100,-100,-100,-100,-100,-100,-100,-100,-100,-100,-100,-100,-100,-100,-100,-100,-100,-100,-100,-100,-100,-100,-100,-100,-100,-100,-100,-100,-100,-100,-100.0,-100,-100,-100,-100,-100,-100,-100,-100,-100,-100,-100,-100,-100,-100,-100,-100,-100,-100.0,-100,-100,-100,-100,-100,-100,-100,-100,-100.0,-100.0,-100,-100,-100,-100,-100,-100,-100,-100,-100,-100,-100,-100,-100,-100,-100,-100,-100,-100,-100,-100,-100,-100
8.6196,-68.73343625260142,-89.26541207008437,-90.66125892277742,-100.0,-100.0,-100.0,-100.0,-100,-73.84257839352757,-100.0,-100,-100.0,-100.0,-100.0,-73.7065777353212,-100.0,-100.0,-100,-100.0,-100.0,-100.0,-100.0,-89.12440721913275,-100.0,-100.0,-100.0,-100.0,-100.0,-100,-100,-100,-100,-100,-76.8322344853468,-100.0,-100,-71.79033366823542,-74.90843454675719,-100.0,-100,-100,-100,-100,-100,-100,-75.99295486336187,-100,-100,-100,-100,-100,-100.0,-100,-100,-100.0,-100,-100,-100.0,-73.016022141858,-72.60748097983692,-73.33549643088904,-100,-89.30617101158056,-100.0,-100.0,-100,-100,-100,-100,-100.0,-100,-100.0,-100,-100,-100,-100,-100,-100,-100,-100,-100,-100,-100,-100,-100,-100,-100,-100,-100,-100.0,-100.0,-100,-100,-100.0,-100.0,-100.0,-100,-100,-100,-100,-100.0,-100,-100,-100,-100,-100,-100,-100,-100,-100,-100,-100,-100,-100,-100,-100,-100,-100,-100,-100,-100,-100,-100,-100,-100,-100,-100,-100,-100,-100,-100,-100,-100,-100,-100,-100,-100.0,-100,-100,-100.0,-100,-100,-100,-100.0,-100,-100,-100,-100,-100,-100,-100,-100,-100,-100,-100,-100,-100,-100,-100,-100,-100,-100,-100,-100,-100,-100,-100,-100,-100,-100,-100,-100,-100,-100,-100,-100,-100,-100,-100,-100,-100,-100,-100,-100,-100,-100,-100.0,-100,-100,-100,-100,-100,-100,-100,-100,-100,-100,-100,-100,-100,-100,-100,-100,-100,-100.0,-100,-100,-100,-100,-100,-100,-100,-100,-100.0,-100.0,-100,-100,-100,-100,-100,-100,-100,-100,-100,-100,-100,-100,-100,-100,-100,-100,-100,-100,-100,-100,-100,-100
10.6131,-67.13883243982089,-100.0,-91.01819047115436,-100.0,-100.0,-100.0,-100.0,-100,-74.43407338541844,-100.0,-100,-100.0,-100.0,-100.0,-72.39756748889423,-100.0,-100.0,-100,-100.0,-100.0,-100.0,-100.0,-100.0,-100.0,-100.0,-100.0,-100.0,-100.0,-100,-100,-100,-100,-100,-77.99138834834227,-100.0,-100,-72.12198492033707,-74.37765389958068,-100.0,-100,-100,-100,-100,-100,-100,-75.43866712320005,-100,-100,-100,-100,-100,-100.0,-100,-100,-100.0,-100,-100,-88.23545341339428,-72.7334424270245,-72.43852619531306,-73.51266458674846,-100,-100.0,-100.0,-100.0,-100,-100,-100,-100,-100.0,-100,-100.0,-100,-100,-100,-100,-100,-100,-100,-100,-100,-100,-100,-100,-100,-100,-100,-100,-100,-100.0,-100.0,-100,-100,-100.0,-100.0,-100.0,-100,-100,-100,-100,-100.0,-100,-100,-100,-100,-100,-100,-100,-100,-100,-100,-100,-100,-100,-100,-100,-100,-100,-100,-100,-100,-100,-100,-100,-100,-100,-100,-100,-100,-100,-100,-100,-100,-100,-100,-100,-100.0,-100,-100,-100.0,-100,-100,-100,-100.0,-100,-100,-100,-100,-100,-100,-100,-100,-100,-100,-100,-100,-100,-100,-100,-100,-100,-100,-100,-100,-100,-100,-100,-100,-100,-100,-100,-100,-100,-100,-100,-100,-100,-100,-100,-100,-100,-100,-100,-100,-100,-100,-100.0,-100,-100,-100,-100,-100,-100,-100,-100,-100,-100,-100,-100,-100,-100,-100,-100,-100,-100.0,-100,-100,-100,-100,-100,-100,-100,-100,-100.0,-100.0,-100,-100,-100,-100,-100,-100,-100,-100,-100,-100,-100,-100,-100,-100,-100,-100,-100,-100,-100,-100,-100,-100
12.6027,-65.69903838059612,-100.0,-100.0,-100.0,-100.0,-100.0,-100.0,-100,-74.5914709211382,-100.0,-100,-100.0,-100.0,-100.0,-73.40689421612042,-100.0,-100.0,-100,-100.0,-100.0,-100.0,-100.0,-89.92417737621692,-100.0,-100.0,-100.0,-100.0,-90.0,-100,-100,-100,-100,-100,-76.5929050595045,-100.0,-100,-71.8099344582708,-76.23309765751071,-100.0,-100,-100,-100,-100,-100,-100,-76.15629936805335,-100,-100,-100,-100,-100,-100.0,-100,-100,-100.0,-100,-100,-85.66685605276723,-73.08830553855647,-72.87601870629707,-72.54960594998465,-100,-100.0,-100.0,-100.0,-100,-100,-100,-100,-100.0,-100,-100.0,-100,-100,-100,-100,-100,-100,-100,-100,-100,-100,-100,-100,-100,-100,-100,-100,-100,-100.0,-100.0,-100,-100,-100.0,-100.0,-100.0,-100,-100,-100,-100,-100.0,-100,-100,-100,-100,-100,-100,-100,-100,-100,-100,-100,-100,-100,-100,-100,-100,-100,-100,-100,-100,-100,-100,-100,-100,-100,-100,-100,-100,-100,-100,-100,-100,-100,-100,-100,-100.0,-100,-100,-100.0,-100,-100,-100,-100.0,-100,-100,-100,-100,-100,-100,-100,-100,-100,-100,-100,-100,-100,-100,-100,-100,-100,-100,-100,-100,-100,-100,-100,-100,-100,-100,-100,-100,-100,-100,-100,-100,-100,-100,-100,-100,-100,-100,-100,-100,-100,-100,-100.0,-100,-100,-100,-100,-100,-100,-100,-100,-100,-100,-100,-100,-100,-100,-100,-100,-100,-92.0,-100,-100,-100,-100,-100,-100,-100,-100,-100.0,-100.0,-100,-100,-100,-100,-100,-100,-100,-100,-100,-100,-100,-100,-100,-100,-100,-100,-100,-100,-100,-100,-100,-100
14.6224,-64.9399533816263,-100.0,-100.0,-100.0,-100.0,-100.0,-100.0,-100,-74.98611149830036,-100.0,-100,-100.0,-100.0,-100.0,-72.16748713115518,-100.0,-100.0,-100,-100.0,-100.0,-100.0,-100.0,-100.0,-86.55533816297392,-100.0,-100.0,-100.0,-100.0,-100,-100,-100,-100,-100,-78.67609687170601,-100.0,-100,-72.98390374903724,-76.16754062935452,-100.0,-100,-100,-100,-100,-100,-100,-75.26861302769902,-100,-100,-100,-100,-100,-100.0,-100,-100,-100.0,-100,-100,-86.60073372049948,-73.62595576195751,-73.47337306395772,-74.06548905226339,-100,-89.49639640408037,-100.0,-100.0,-100,-100,-100,-100,-100.0,-100,-100.0,-100,-100,-100,-100,-100,-100,-100,-100,-100,-100,-100,-100,-100,-100,-100,-100,-100,-100.0,-100.0,-100,-100,-100.0,-100.0,-100.0,-100,-100,-100,-100,-100.0,-100,-100,-100,-100,-100,-100,-100,-100,-100,-100,-100,-100,-100,-100,-100,-100,-100,-100,-100,-100,-100,-100,-100,-100,-100,-100,-100,-100,-100,-100,-100,-100,-100,-100,-100,-100.0,-100,-100,-100.0,-100,-100,-100,-100.0,-100,-100,-100,-100,-100,-100,-100,-100,-100,-100,-100,-100,-100,-100,-100,-100,-100,-100,-100,-100,-100,-100,-100,-100,-100,-100,-100,-100,-100,-100,-100,-100,-100,-100,-100,-100,-100,-100,-100,-100,-100,-100,-100.0,-100,-100,-100,-100,-100,-100,-100,-100,-100,-100,-100,-100,-100,-100,-100,-100,-100,-100.0,-100,-100,-100,-100,-100,-100,-100,-100,-100.0,-100.0,-100,-100,-100,-100,-100,-100,-100,-100,-100,-100,-100,-100,-100,-100,-100,-100,-100,-100,-100,-100,-100,-100
16.5732,-63.54791514577067,-100.0,-100.0,-100.0,-100.0,-100.0,-100.0,-100,-75.83374581378666,-100.0,-100,-100.0,-100.0,-100.0,-71.8384988592249,-100.0,-100.0,-100,-100.0,-100.0,-100.0,-100.0,-100.0,-88.04808774862678,-100.0,-100.0,-100.0,-100.0,-100,-100,-100,-100,-100,-79.04916188523603,-100.0,-100,-72.14470242809725,-76.4021208337032,-100.0,-100,-100,-100,-100,-100,-100,-75.47471186143224,-100,-100,-100,-100,-100,-100.0,-100,-100,-100.0,-100,-100,-100.0,-73.16777480039761,-73.05818865182594,-73.76696116181687,-100,-100.0,-100.0,-100.0,-100,-100,-100,-100,-100.0,-100,-100.0,-100,-100,-100,-100,-100,-100,-100,-100,-100,-100,-100,-100,-100,-100,-100,-100,-100,-100.0,-100.0,-100,-100,-100.0,-100.0,-100.0,-100,-100,-100,-100,-100.0,-100,-100,-100,-100,-100,-100,-100,-100,-100,-100,-100,-100,-100,-100,-100,-100,-100,-100,-100,-100,-100,-100,-100,-100,-100,-100,-100,-100,-100,-100,-100,-100,-100,-100,-100,-100.0,-100,-100,-100.0,-100,-100,-100,-100.0,-100,-100,-100,-100,-100,-100,-100,-100,-100,-100,-100,-100,-100,-100,-100,-100,-100,-100,-100,-100,-100,-100,-100,-100,-100,-100,-100,-100,-100,-100,-100,-100,-100,-100,-100,-100,-100,-100,-100,-100,-100,-100,-100.0,-100,-100,-100,-100,-100,-100,-100,-100,-100,-100,-100,-100,-100,-100,-100,-100,-100,-92.0,-100,-100,-100,-100,-100,-100,-100,-100,-100.0,-100.0,-100,-100,-100,-100,-100,-100,-100,-100,-100,-100,-100,-100,-100,-100,-100,-100,-100,-100,-100,-100,-100,-100
18.633,-63.957511777843315,-100.0,-100.0,-100.0,-100.0,-100.0,-100.0,-100,-77.2895537552354,-100.0,-100,-100.0,-100.0,-100.0,-71.31990455076242,-100.0,-100.0,-100,-100.0,-100.0,-100.0,-100.0,-100.0,-89.14720772941571,-100.0,-100.0,-100.0,-100.0,-100,-100,-100,-100,-100,-77.34284539289173,-100.0,-100,-72.9493018013662,-75.44246807558076,-100.0,-100,-100,-100,-100,-100,-100,-74.77665785939472,-100,-100,-100,-100,-100,-100.0,-100,-100,-100.0,-100,-100,-86.1505389536107,-74.5308240474226,-74.17007453630114,-75.80120095570166,-100,-88.80208970060006,-100.0,-100.0,-100,-100,-100,-100,-100.0,-100,-100.0,-100,-100,-100,-100,-100,-100,-100,-100,-100,-100,-100,-100,-100,-100,-100,-100,-100,-100.0,-100.0,-100,-100,-100.0,-100.0,-100.0,-100,-100,-100,-100,-100.0,-100,-100,-100,-100,-100,-100,-100,-100,-100,-100,-100,-100,-100,-100,-100,-100,-100,-100,-100,-100,-100,-100,-100,-100,-100,-100,-100,-100,-100,-100,-100,-100,-100,-100,-100,-100.0,-100,-100,-100.0,-100,-100,-100,-100.0,-100,-100,-100,-100,-100,-100,-100,-100,-100,-100,-100,-100,-100,-100,-100,-100,-100,-100,-100,-100,-100,-100,-100,-100,-100,-100,-100,-100,-100,-100,-100,-100,-100,-100,-100,-100,-100,-100,-100,-100,-100,-100,-100.0,-100,-100,-100,-100,-100,-100,-100,-100,-100,-100,-100,-100,-100,-100,-100,-100,-100,-100.0,-100,-100,-100,-100,-100,-100,-100,-100,-100.0,-100.0,-100,-100,-100,-100,-100,-100,-100,-100,-100,-100,-100,-100,-100,-100,-100,-100,-100,-100,-100,-100,-100,-100
20.6043,-63.40506136174903,-100.0,-100.0,-100.0,-100.0,-100.0,-100.0,-100,-100.0,-100.0,-100,-100.0,-100.0,-100.0,-72.07628306294433,-100.0,-100.0,-100,-100.0,-100.0,-100.0,-100.0,-100.0,-89.38614240170148,-100.0,-100.0,-100.0,-100.0,-100,-100,-100,-100,-100,-78.37497026043356,-100.0,-100,-74.37397678902298,-75.03537367258551,-100.0,-100,-100,-100,-100,-100,-100,-76.81523479994593,-100,-100,-100,-100,-100,-100.0,-100,-100,-100.0,-100,-100,-87.79886896943795,-73.81657302023315,-73.27541376518744,-100.0,-100,-100.0,-100.0,-100.0,-100,-100,-100,-100,-100.0,-100,-100.0,-100,-100,-100,-100,-100,-100,-100,-100,-100,-100,-100,-100,-100,-100,-100,-100,-100,-100.0,-100.0,-100,-100,-100.0,-100.0,-100.0,-100,-100,-100,-100,-100.0,-100,-100,-100,-100,-100,-100,-100,-100,-100,-100,-100,-100,-100,-100,-100,-100,-100,-100,-100,-100,-100,-100,-100,-100,-100,-100,-100,-100,-100,-100,-100,-100,-100,-100,-100,-100.0,-100,-100,-100.0,-100,-100,-100,-100.0,-100,-100,-100,-100,-100,-100,-100,-100,-100,-100,-100,-100,-100,-100,-100,-100,-100,-100,-100,-100,-100,-100,-100,-100,-100,-100,-100,-100,-100,-100,-100,-100,-100,-100,-100,-100,-100,-100,-100,-100,-100,-100,-100.0,-100,-100,-100,-100,-100,-100,-100,-100,-100,-100,-100,-100,-100,-100,-100,-100,-100,-100.0,-100,-100,-100,-100,-100,-100,-100,-100,-100.0,-100.0,-100,-100,-100,-100,-100,-100,-100,-100,-100,-100,-100,-100,-100,-100,-100,-100,-100,-100,-100,-100,-100,-100
22.5887,-65.83137717580473,-100.0,-100.0,-100.0,-100.0,-100.0,-100.0,-100,-77.2078779202434,-100.0,-100,-100.0,-100.0,-100.0,-74.31311575246676,-100.0,-100.0,-100,-100.0,-100.0,-100.0,-100.0,-100.0,-100.0,-100.0,-100.0,-100.0,-100.0,-100,-100,-100,-100,-100,-76.85763827100787,-100.0,-100,-74.2684327841062,-74.17850017373512,-100.0,-100,-100,-100,-100,-100,-100,-74.32673028584327,-100,-100,-100,-100,-100,-100.0,-100,-100,-100.0,-100,-100,-86.16315381629497,-73.02146604529551,-72.63307382137164,-75.29363733979342,-100,-88.85754005370505,-100.0,-100.0,-100,-100,-100,-100,-100.0,-100,-100.0,-100,-100,-100,-100,-100,-100,-100,-100,-100,-100,-100,-100,-100,-100,-100,-100,-100,-100.0,-100.0,-100,-100,-100.0,-100.0,-100.0,-100,-100,-100,-100,-100.0,-100,-100,-100,-100,-100,-100,-100,-100,-100,-100,-100,-100,-100,-100,-100,-100,-100,-100,-100,-100,-100,-100,-100,-100,-100,-100,-100,-100,-100,-100,-100,-100,-100,-100,-100,-100.0,-100,-100,-100.0,-100,-100,-100,-100.0,-100,-100,-100,-100,-100,-100,-100,-100,-100,-100,-100,-100,-100,-100,-100,-100,-100,-100,-100,-100,-100,-100,-100,-100,-100,-100,-100,-100,-100,-100,-100,-100,-100,-100,-100,-100,-100,-100,-100,-100,-100,-100,-100.0,-100,-100,-100,-100,-100,-100,-100,-100,-100,-100,-100,-100,-100,-100,-100,-100,-100,-100.0,-100,-100,-100,-100,-100,-100,-100,-100,-100.0,-100.0,-100,-100,-100,-100,-100,-100,-100,-100,-100,-100,-100,-100,-100,-100,-100,-100,-100,-100,-100,-100,-100,-100
24.6209,-66.7259890098095,-100.0,-100.0,-100.0,-100.0,-100.0,-100.0,-100,-76.30254825026275,-100.0,-100,-100.0,-100.0,-100.0,-74.22471234407396,-100.0,-100.0,-100,-100.0,-100.0,-100.0,-100.0,-100.0,-89.27754264754273,-100.0,-100.0,-100.0,-90.90625,-100,-100,-100,-100,-100,-74.92148976392714,-100.0,-100,-73.06347177144465,-76.9514493253855,-100.0,-100,-100,-100,-100,-100,-100,-74.23448302371689,-100,-100,-100,-100,-100,-100.0,-100,-100,-100.0,-100,-100,-85.83488768933364,-73.0154054381434,-72.73666977450956,-76.62118392862975,-100,-100.0,-100.0,-100.0,-100,-100,-100,-100,-100.0,-100,-100.0,-100,-100,-100,-100,-100,-100,-100,-100,-100,-100,-100,-100,-100,-100,-100,-100,-100,-100.0,-100.0,-100,-100,-100.0,-100.0,-100.0,-100,-100,-100,-100,-100.0,-100,-100,-100,-100,-100,-100,-100,-100,-100,-100,-100,-100,-100,-100,-100,-100,-100,-100,-100,-100,-100,-100,-100,-100,-100,-100,-100,-100,-100,-100,-100,-100,-100,-100,-100,-100.0,-100,-100,-100.0,-100,-100,-100,-100.0,-100,-100,-100,-100,-100,-100,-100,-100,-100,-100,-100,-100,-100,-100,-100,-100,-100,-100,-100,-100,-100,-100,-100,-100,-100,-100,-100,-100,-100,-100,-100,-100,-100,-100,-100,-100,-100,-100,-100,-100,-100,-100,-100.0,-100,-100,-100,-100,-100,-100,-100,-100,-100,-100,-100,-100,-100,-100,-100,-100,-100,-100.0,-100,-100,-100,-100,-100,-100,-100,-100,-100.0,-100.0,-100,-100,-100,-100,-100,-100,-100,-100,-100,-100,-100,-100,-100,-100,-100,-100,-100,-100,-100,-100,-100,-100
26.5951,-66.23864819797298,-100.0,-100.0,-100.0,-100.0,-100.0,-100.0,-100,-74.52336481078989,-100.0,-100,-100.0,-100.0,-100.0,-73.31420021290246,-100.0,-100.0,-100,-100.0,-100.0,-100.0,-100.0,-100.0,-88.6357498603955,-100.0,-100.0,-100.0,-100.0,-100,-100,-100,-100,-100,-100.0,-96.0,-100,-100.0,-75.55338518923722,-100.0,-100,-100,-100,-100,-100,-100,-76.99182095818634,-100,-100,-100,-100,-100,-100.0,-100,-100,-100.0,-100,-100,-85.88149821528692,-72.72870111514042,-72.52866772819031,-77.01031441610259,-100,-89.17884864027091,-100.0,-100.0,-100,-100,-100,-100,-100.0,-100,-100.0,-100,-100,-100,-100,-100,-100,-100,-100,-100,-100,-100,-100,-100,-100,-100,-100,-100,-100.0,-100.0,-100,-100,-100.0,-100.0,-100.0,-100,-100,-100,-100,-100.0,-100,-100,-100,-100,-100,-100,-100,-100,-100,-100,-100,-100,-100,-100,-100,-100,-100,-100,-100,-100,-100,-100,-100,-100,-100,-100,-100,-100,-100,-100,-100,-100,-100,-100,-100,-100.0,-100,-100,-100.0,-100,-100,-100,-100.0,-100,-100,-100,-100,-100,-100,-100,-100,-100,-100,-100,-100,-100,-100,-100,-100,-100,-100,-100,-100,-100,-100,-100,-100,-100,-100,-100,-100,-100,-100,-100,-100,-100,-100,-100,-100,-100,-100,-100,-100,-100,-100,-100.0,-100,-100,-100,-100,-100,-100,-100,-100,-100,-100,-100,-100,-100,-100,-100,-100,-100,-100.0,-100,-100,-100,-100,-100,-100,-100,-100,-100.0,-100.0,-100,-100,-100,-100,-100,-100,-100,-100,-100,-100,-100,-100,-100,-100,-100,-100,-100,-100,-100,-100,-100,-100
28.6107,-67.86545111613374,-100.0,-100.0,-100.0,-100.0,-100.0,-100.0,-100,-100.0,-100.0,-100,-92.453125,-100.0,-100.0,-74.07257551810577,-100.0,-100.0,-100,-100.0,-100.0,-100.0,-100.0,-100.0,-89.58472024777915,-100.0,-100.0,-100.0,-100.0,-100,-100,-100,-100,-100,-73.53188484560725,-100.0,-100,-76.43356660528136,-77.09131746150865,-100.0,-100,-100,-100,-100,-100,-100,-75.86467125327367,-100,-100,-100,-100,-100,-100.0,-100,-100,-100.0,-100,-100,-87.04429373857859,-73.65240075281804,-73.22648495749236,-79.26576978320315,-100,-100.0,-100.0,-100.0,-100,-100,-100,-100,-100.0,-100,-100.0,-100,-100,-100,-100,-100,-100,-100,-100,-100,-100,-100,-100,-100,-100,-100,-100,-100,-100.0,-100.0,-100,-100,-100.0,-100.0,-100.0,-100,-100,-100,-100,-100.0,-100,-100,-100,-100,-100,-100,-100,-100,-100,-100,-100,-100,-100,-100,-100,-100,-100,-100,-100,-100,-100,-100,-100,-100,-100,-100,-100,-100,-100,-100,-100,-100,-100,-100,-100,-100.0,-100,-100,-100.0,-100,-100,-100,-100.0,-100,-100,-100,-100,-100,-100,-100,-100,-100,-100,-100,-100,-100,-100,-100,-100,-100,-100,-100,-100,-100,-100,-100,-100,-100,-100,-100,-100,-100,-100,-100,-100,-100,-100,-100,-100,-100,-100,-100,-100,-100,-100,-100.0,-100,-100,-100,-100,-100,-100,-100,-100,-100,-100,-100,-100,-100,-100,-100,-100,-100,-100.0,-100,-100,-100,-100,-100,-100,-100,-100,-100.0,-100.0,-100,-100,-100,-100,-100,-100,-100,-100,-100,-100,-100,-100,-100,-100,-100,-100,-100,-100,-100,-100,-100,-100
30.5959,-65.9268531217709,-100.0,-100.0,-100.0,-100.0,-100.0,-100.0,-100,-73.81093163508771,-100.0,-100,-100.0,-100.0,-100.0,-74.61682252703214,-100.0,-100.0,-100,-100.0,-100.0,-100.0,-100.0,-100.0,-89.41970006867186,-100.0,-100.0,-100.0,-91.18234912394549,-100,-100,-100,-100,-100,-73.9464288796171,-100.0,-100,-75.74643805560018,-76.78316206045683,-100.0,-100,-100,-100,-100,-100,-100,-77.59710453434528,-100,-100,-100,-100,-100,-100.0,-100,-100,-100.0,-100,-100,-86.46707814535696,-73.75055238073443,-73.72727254540455,-77.49672622446826,-100,-100.0,-100.0,-100.0,-100,-100,-100,-100,-100.0,-100,-100.0,-100,-100,-100,-100,-100,-100,-100,-100,-100,-100,-100,-100,-100,-100,-100,-100,-100,-100.0,-100.0,-100,-100,-100.0,-100.0,-100.0,-100,-100,-100,-100,-100.0,-100,-100,-100,-100,-100,-100,-100,-100,-100,-100,-100,-100,-100,-100,-100,-100,-100,-100,-100,-100,-100,-100,-100,-100,-100,-100,-100,-100,-100,-100,-100,-100,-100,-100,-100,-100.0,-100,-100,-100.0,-100,-100,-100,-100.0,-100,-100,-100,-100,-100,-100,-100,-100,-100,-100,-100,-100,-100,-100,-100,-100,-100,-100,-100,-100,-100,-100,-100,-100,-100,-100,-100,-100,-100,-100,-100,-100,-100,-100,-100,-100,-100,-100,-100,-100,-100,-100,-100.0,-100,-100,-100,-100,-100,-100,-100,-100,-100,-100,-100,-100,-100,-100,-100,-100,-100,-100.0,-100,-100,-100,-100,-100,-100,-100,-100,-100.0,-100.0,-100,-100,-100,-100,-100,-100,-100,-100,-100,-100,-100,-100,-100,-100,-100,-100,-100,-100,-100,-100,-100,-100
32.594,-68.20649025019848,-100.0,-100.0,-100.0,-100.0,-100.0,-100.0,-100,-74.14667047177325,-100.0,-100,-100.0,-100.0,-100.0,-74.72502142485105,-100.0,-100.0,-100,-100.0,-100.0,-100.0,-100.0,-100.0,-89.0189245805835,-100.0,-100.0,-100.0,-100.0,-100,-100,-100,-100,-100,-73.67918567930924,-100.0,-100,-76.10039981654097,-77.97388241728171,-100.0,-100,-100,-100,-100,-100,-100,-76.58138003744037,-100,-100,-100,-100,-100,-100.0,-100,-100,-100.0,-100,-100,-86.0528269261905,-73.25624399485072,-73.23953775192071,-76.79176427033613,-100,-88.84665878851096,-100.0,-100.0,-100,-100,-100,-100,-100.0,-100,-100.0,-100,-100,-100,-100,-100,-100,-100,-100,-100,-100,-100,-100,-100,-100,-100,-100,-100,-100.0,-100.0,-100,-100,-100.0,-100.0,-100.0,-100,-100,-100,-100,-100.0,-100,-100,-100,-100,-100,-100,-100,-100,-100,-100,-100,-100,-100,-100,-100,-100,-100,-100,-100,-100,-100,-100,-100,-100,-100,-100,-100,-100,-100,-100,-100,-100,-100,-100,-100,-100.0,-100,-100,-100.0,-100,-100,-100,-100.0,-100,-100,-100,-100,-100,-100,-100,-100,-100,-100,-100,-100,-100,-100,-100,-100,-100,-100,-100,-100,-100,-100,-100,-100,-100,-100,-100,-100,-100,-100,-100,-100,-100,-100,-100,-100,-100,-100,-100,-100,-100,-100,-100.0,-100,-100,-100,-100,-100,-100,-100,-100,-100,-100,-100,-100,-100,-100,-100,-100,-100,-100.0,-100,-100,-100,-100,-100,-100,-100,-100,-100.0,-100.0,-100,-100,-100,-100,-100,-100,-100,-100,-100,-100,-100,-100,-100,-100,-100,-100,-100,-100,-100,-100,-100,-100
34.5773,-68.1481827295062,-100.0,-100.0,-100.0,-100.0,-100.0,-100.0,-100,-73.82289109954446,-100.0,-100,-100.0,-100.0,-100.0,-75.08504248919307,-100.0,-100.0,-100,-100.0,-100.0,-100.0,-100.0,-100.0,-100.0,-100.0,-100.0,-100.0,-100.0,-100,-100,-100,-100,-100,-74.61689333361632,-100.0,-100,-75.50730974819315,-77.13413472742528,-100.0,-100,-100,-100,-100,-100,-100,-76.417213310292,-100,-100,-100,-100,-100,-100.0,-100,-100,-100.0,-100,-100,-85.47317001879007,-73.18388729995753,-73.17189846913,-76.00346832558895,-100,-88.60783762921112,-100.0,-100.0,-100,-100,-100,-100,-100.0,-100,-100.0,-100,-100,-100,-100,-100,-100,-100,-100,-100,-100,-100,-100,-100,-100,-100,-100,-100,-100.0,-100.0,-100,-100,-100.0,-100.0,-100.0,-100,-100,-100,-100,-100.0,-100,-100,-100,-100,-100,-100,-100,-100,-100,-100,-100,-100,-100,-100,-100,-100,-100,-100,-100,-100,-100,-100,-100,-100,-100,-100,-100,-100,-100,-100,-100,-100,-100,-100,-100,-100.0,-100,-100,-100.0,-100,-100,-100,-100.0,-100,-100,-100,-100,-100,-100,-100,-100,-100,-100,-100,-100,-100,-100,-100,-100,-100,-100,-100,-100,-100,-100,-100,-100,-100,-100,-100,-100,-100,-100,-100,-100,-100,-100,-100,-100,-100,-100,-100,-100,-100,-100,-100.0,-100,-100,-100,-100,-100,-100,-100,-100,-100,-100,-100,-100,-100,-100,-100,-100,-100,-100.0,-100,-100,-100,-100,-100,-100,-100,-100,-100.0,-100.0,-100,-100,-100,-100,-100,-100,-100,-100,-100,-100,-100,-100,-100,-100,-100,-100,-100,-100,-100,-100,-100,-100
36.5908,-67.25921485369088,-100.0,-100.0,-100.0,-100.0,-100.0,-100.0,-100,-73.87290135428213,-100.0,-100,-91.32900713822194,-100.0,-100.0,-74.77865369296883,-100.0,-100.0,-100,-100.0,-100.0,-100.0,-100.0,-100.0,-88.73124692428819,-100.0,-100.0,-100.0,-92.20020094125113,-100,-100,-100,-100,-100,-75.2898211891858,-100.0,-100,-75.92880488145242,-76.81388351389874,-93.0,-100,-100,-100,-100,-100,-100,-76.01702780192886,-100,-100,-100,-100,-100,-100.0,-100,-100,-100.0,-100,-100,-100.0,-73.4143370659711,-73.40573358040145,-76.28485905616927,-100,-88.15407250895812,-100.0,-100.0,-100,-100,-100,-100,-100.0,-100,-100.0,-100,-100,-100,-100,-100,-100,-100,-100,-100,-100,-100,-100,-100,-100,-100,-100,-100,-100.0,-100.0,-100,-100,-100.0,-100.0,-100.0,-100,-100,-100,-100,-100.0,-100,-100,-100,-100,-100,-100,-100,-100,-100,-100,-100,-100,-100,-100,-100,-100,-100,-100,-100,-100,-100,-100,-100,-100,-100,-100,-100,-100,-100,-100,-100,-100,-100,-100,-100,-100.0,-100,-100,-100.0,-100,-100,-100,-100.0,-100,-100,-100,-100,-100,-100,-100,-100,-100,-100,-100,-100,-100,-100,-100,-100,-100,-100,-100,-100,-100,-100,-100,-100,-100,-100,-100,-100,-100,-100,-100,-100,-100,-100,-100,-100,-100,-100,-100,-100,-100,-100,-100.0,-100,-100,-100,-100,-100,-100,-100,-100,-100,-100,-100,-100,-100,-100,-100,-100,-100,-100.0,-100,-100,-100,-100,-100,-100,-100,-100,-100.0,-100.0,-100,-100,-100,-100,-100,-100,-100,-100,-100,-100,-100,-100,-100,-100,-100,-100,-100,-100,-100,-100,-100,-100
38.5894,-68.31552018628066,-100.0,-100.0,-100.0,-100.0,-100.0,-100.0,-100,-73.62641775046681,-100.0,-100,-90.9746708265031,-100.0,-100.0,-74.27640582060246,-100.0,-100.0,-100,-100.0,-100.0,-100.0,-100.0,-100.0,-89.08948509986365,-100.0,-100.0,-100.0,-92.69364743611614,-100,-100,-100,-100,-100,-76.05510773940682,-100.0,-100,-77.92552799693865,-77.14881351397575,-100.0,-100,-100,-100,-100,-100,-100,-75.16509366748826,-100,-100,-100,-100,-100,-100.0,-100,-100,-100.0,-100,-100,-85.62193247829315,-73.8620891146439,-73.85591504090375,-76.48679541038223,-100,-89.52205790130931,-100.0,-100.0,-100,-100,-100,-100,-100.0,-100,-100.0,-100,-100,-100,-100,-100,-100,-100,-100,-100,-100,-100,-100,-100,-100,-100,-100,-100,-100.0,-100.0,-100,-100,-100.0,-100.0,-100.0,-100,-100,-100,-100,-100.0,-100,-100,-100,-100,-100,-100,-100,-100,-100,-100,-100,-100,-100,-100,-100,-100,-100,-100,-100,-100,-100,-100,-100,-100,-100,-100,-100,-100,-100,-100,-100,-100,-100,-100,-100,-100.0,-100,-100,-100.0,-100,-100,-100,-100.0,-100,-100,-100,-100,-100,-100,-100,-100,-100,-100,-100,-100,-100,-100,-100,-100,-100,-100,-100,-100,-100,-100,-100,-100,-100,-100,-100,-100,-100,-100,-100,-100,-100,-100,-100,-100,-100,-100,-100,-100,-100,-100,-100.0,-100,-100,-100,-100,-100,-100,-100,-100,-100,-100,-100,-100,-100,-100,-100,-100,-100,-100.0,-100,-100,-100,-100,-100,-100,-100,-100,-100.0,-100.0,-100,-100,-100,-100,-100,-100,-100,-100,-100,-100,-100,-100,-100,-100,-100,-100,-100,-100,-100,-100,-100,-100
40.6042,-69.35592698928151,-100.0,-100.0,-100.0,-100.0,-100.0,-100.0,-100,-73.73190774199904,-100.0,-100,-100.0,-100.0,-100.0,-73.0688536197245,-100.0,-100.0,-100,-100.0,-100.0,-100.0,-100.0,-100.0,-88.21712327424069,-100.0,-100.0,-100.0,-92.50072772834851,-100,-100,-100,-100,-100,-76.60429727738502,-100.0,-100,-78.79368181158202,-77.10679222463598,-100.0,-100,-100,-100,-100,-100,-100,-74.27134878346743,-100,-100,-100,-100,-100,-100.0,-100,-100,-100.0,-100,-100,-84.8815663734292,-72.77152979777391,-72.76709913114854,-76.91408535669194,-100,-90.22166667409857,-100.0,-100.0,-100,-100,-100,-100,-100.0,-100,-100.0,-100,-100,-100,-100,-100,-100,-100,-100,-100,-100,-100,-100,-100,-100,-100,-100,-100,-100.0,-100.0,-100,-100,-100.0,-100.0,-100.0,-100,-100,-100,-100,-100.0,-100,-100,-100,-100,-100,-100,-100,-100,-100,-100,-100,-100,-100,-100,-100,-100,-100,-100,-100,-100,-100,-100,-100,-100,-100,-100,-100,-100,-100,-100,-100,-100,-100,-100,-100,-100.0,-100,-100,-100.0,-100,-100,-100,-100.0,-100,-100,-100,-100,-100,-100,-100,-100,-100,-100,-100,-100,-100,-100,-100,-100,-100,-100,-100,-100,-100,-100,-100,-100,-100,-100,-100,-100,-100,-100,-100,-100,-100,-100,-100,-100,-100,-100,-100,-100,-100,-100,-100.0,-100,-100,-100,-100,-100,-100,-100,-100,-100,-100,-100,-100,-100,-100,-100,-100,-100,-100.0,-100,-100,-100,-100,-100,-100,-100,-100,-100.0,-100.0,-100,-100,-100,-100,-100,-100,-100,-100,-100,-100,-100,-100,-100,-100,-100,-100,-100,-100,-100,-100,-100,-100
42.5957,-70.10254866939238,-100.0,-100.0,-100.0,-100.0,-100.0,-100.0,-100,-73.80761027441051,-100.0,-100,-91.52995035993314,-100.0,-100.0,-72.76703544673298,-100.0,-100.0,-100,-100.0,-100.0,-100.0,-100.0,-100.0,-87.30870391161427,-100.0,-100.0,-100.0,-100.0,-100,-100,-100,-100,-100,-76.71603402867393,-100.0,-100,-77.72243976720084,-77.35901229844897,-100.0,-100,-100,-100,-100,-100,-100,-75.32422887586642,-100,-100,-100,-100,-100,-100.0,-100,-100,-100.0,-100,-100,-84.06788427232382,-72.55366861484347,-72.55048906032675,-75.80884578063846,-100,-89.87672355721597,-100.0,-100.0,-100,-100,-100,-100,-100.0,-100,-100.0,-100,-100,-100,-100,-100,-100,-100,-100,-100,-100,-100,-100,-100,-100,-100,-100,-100,-100.0,-100.0,-100,-100,-100.0,-100.0,-100.0,-100,-100,-100,-100,-100.0,-100,-100,-100,-100,-100,-100,-100,-100,-100,-100,-100,-100,-100,-100,-100,-100,-100,-100,-100,-100,-100,-100,-100,-100,-100,-100,-100,-100,-100,-100,-100,-100,-100,-100,-100,-100.0,-100,-100,-100.0,-100,-100,-100,-100.0,-100,-100,-100,-100,-100,-100,-100,-100,-100,-100,-100,-100,-100,-100,-100,-100,-100,-100,-100,-100,-100,-100,-100,-100,-100,-100,-100,-100,-100,-100,-100,-100,-100,-100,-100,-100,-100,-100,-100,-100,-100,-100,-100.0,-100,-100,-100,-100,-100,-100,-100,-100,-100,-100,-100,-100,-100,-100,-100,-100,-100,-100.0,-100,-100,-100,-100,-100,-100,-100,-100,-92.0,-100.0,-100,-100,-100,-100,-100,-100,-100,-100,-100,-100,-100,-100,-100,-100,-100,-100,-100,-100,-100,-100,-100,-100
44.5824,-70.63834270740722,-100.0,-100.0,-100.0,-100.0,-100.0,-100.0,-100,-73.86193638113069,-100.0,-100,-100.0,-100.0,-100.0,-73.9623215308521,-100.0,-100.0,-100,-100.0,-100.0,-100.0,-100.0,-100.0,-88.35102554183209,-100.0,-100.0,-100.0,-100.0,-100,-100,-100,-100,-100,-76.23146790496172,-100.0,-100,-76.38893851085993,-76.6928846857276,-100.0,-100,-100,-100,-100,-100,-100,-75.51505018102075,-100,-100,-100,-100,-100,-94.0,-100,-100,-100.0,-100,-100,-84.89584133421779,-72.11495044196822,-72.11266871620005,-75.29807240842109,-100,-89.62916769006732,-100.0,-100.0,-100,-100,-100,-100,-100.0,-100,-100.0,-100,-100,-100,-100,-100,-100,-100,-100,-100,-100,-100,-100,-100,-100,-100,-100,-100,-100.0,-100.0,-100,-100,-100.0,-100.0,-100.0,-100,-100,-100,-100,-100.0,-100,-100,-100,-100,-100,-100,-100,-100,-100,-100,-100,-100,-100,-100,-100,-100,-100,-100,-100,-100,-100,-100,-100,-100,-100,-100,-100,-100,-100,-100,-100,-100,-100,-100,-100,-100.0,-100,-100,-100.0,-100,-100,-100,-100.0,-100,-100,-100,-100,-100,-100,-100,-100,-100,-100,-100,-100,-100,-100,-100,-100,-100,-100,-100,-100,-100,-100,-100,-100,-100,-100,-100,-100,-100,-100,-100,-100,-100,-100,-100,-100,-100,-100,-100,-100,-100,-100,-100.0,-100,-100,-100,-100,-100,-100,-100,-100,-100,-100,-100,-100,-100,-100,-100,-100,-100,-100.0,-100,-100,-100,-100,-100,-100,-100,-100,-100.0,-100.0,-100,-100,-100,-100,-100,-100,-100,-100,-100,-100,-100,-100,-100,-100,-100,-100,-100,-100,-100,-100,-100,-100
46.5928,-71.02284159547136,-100.0,-100.0,-100.0,-100.0,-100.0,-100.0,-100,-74.74804864185315,-100.0,-100,-91.9388058277102,-100.0,-100.0,-73.4082096770535,-100.0,-100.0,-100,-100.0,-100.0,-100.0,-100.0,-100.0,-88.81665339713395,-100.0,-100.0,-100.0,-100.0,-100,-100,-100,-100,-100,-77.01323393323672,-100.0,-100,-75.71436058603359,-75.65010390444331,-100.0,-100,-100,-100,-100,-100,-100,-76.78149088368639,-100,-100,-100,-100,-100,-100.0,-100,-100,-100.0,-100,-100,-86.05475515987511,-72.08249123408993,-72.08085381216054,-74.64915307967159,-100,-88.88676939393345,-100.0,-100.0,-100,-100,-100,-100,-100.0,-100,-100.0,-100,-100,-100,-100,-100,-100,-100,-100,-100,-100,-100,-100,-100,-100,-100,-100,-100,-100.0,-100.0,-100,-100,-100.0,-100.0,-100.0,-100,-100,-100,-100,-100.0,-100,-100,-100,-100,-100,-100,-100,-100,-100,-100,-100,-100,-100,-100,-100,-100,-100,-100,-100,-100,-100,-100,-100,-100,-100,-100,-100,-100,-100,-100,-100,-100,-100,-100,-100,-100.0,-100,-100,-100.0,-100,-100,-100,-100.0,-100,-100,-100,-100,-100,-100,-100,-100,-100,-100,-100,-100,-100,-100,-100,-100,-100,-100,-100,-100,-100,-100,-100,-100,-100,-100,-100,-100,-100,-100,-100,-100,-100,-100,-100,-100,-100,-100,-100,-100,-100,-100,-100.0,-100,-100,-100,-100,-100,-100,-100,-100,-100,-100,-100,-100,-100,-100,-100,-100,-100,-100.0,-100,-100,-100,-100,-100,-100,-100,-100,-91.7734375,-100.0,-100,-100,-100,-100,-100,-100,-100,-100,-100,-100,-100,-100,-100,-100,-100,-100,-100,-100,-100,-100,-100,-100
48.624,-72.14589441167355,-100.0,-100.0,-100.0,-100.0,-100.0,-100.0,-100,-76.51344710402442,-100.0,-100,-100.0,-100.0,-100.0,-74.14006823664126,-100.0,-100.0,-100,-100.0,-100.0,-100.0,-100.0,-100.0,-88.86842588116424,-100.0,-100.0,-100.0,-100.0,-100,-100,-100,-100,-100,-77.57424832920081,-100.0,-100,-75.23026691459788,-76.03128173481815,-100.0,-100,-100,-100,-100,-100,-100,-76.56081686256594,-100,-100,-100,-100,-100,-100.0,-100,-100,-100.0,-100,-100,-100.0,-72.05919771561925,-72.05802266182361,-75.59535046049584,-100,-88.63636983286324,-100.0,-100.0,-100,-100,-100,-100,-100.0,-100,-100.0,-100,-100,-100,-100,-100,-100,-100,-100,-100,-100,-100,-100,-100,-100,-100,-100,-100,-100.0,-100.0,-100,-100,-100.0,-100.0,-100.0,-100,-100,-100,-100,-100.0,-100,-100,-100,-100,-100,-100,-100,-100,-100,-100,-100,-100,-100,-100,-100,-100,-100,-100,-100,-100,-100,-100,-100,-100,-100,-100,-100,-100,-100,-100,-100,-100,-100,-100,-100,-100.0,-100,-100,-100.0,-100,-100,-100,-100.0,-100,-100,-100,-100,-100,-100,-100,-100,-100,-100,-100,-100,-100,-100,-100,-100,-100,-100,-100,-100,-100,-100,-100,-100,-100,-100,-100,-100,-100,-100,-100,-100,-100,-100,-100,-100,-100,-100,-100,-100,-100,-100,-100.0,-100,-100,-100,-100,-100,-100,-100,-100,-100,-100,-100,-100,-100,-100,-100,-100,-100,-100.0,-100,-100,-100,-100,-100,-100,-100,-100,-100.0,-100.0,-100,-100,-100,-100,-100,-100,-100,-100,-100,-100,-100,-100,-100,-100,-100,-100,-100,-100,-100,-100,-100,-100
50.5992,-100.0,-100.0,-100.0,-100.0,-100.0,-100.0,-100.0,-100,-75.23895957951058,-100.0,-100,-100.0,-100.0,-100.0,-74.6652677493694,-100.0,-100.0,-100,-100.0,-100.0,-100.0,-100.0,-100.0,-88.90557916260681,-100.0,-100.0,-100.0,-100.0,-100,-100,-100,-100,-100,-77.97684592935492,-100.0,-100,-74.60049380398188,-77.15195128844994,-100.0,-100,-100,-100,-100,-100,-100,-76.96720719225308,-100,-100,-100,-100,-100,-100.0,-100,-100,-100.0,-100,-100,-86.88642041342814,-71.76010603113646,-71.75926278396571,-74.58011106529581,-100,-88.73904961301888,-100.0,-100.0,-100,-100,-100,-100,-100.0,-100,-100.0,-100,-100,-100,-100,-100,-100,-100,-100,-100,-100,-100,-100,-100,-100,-100,-100,-100,-100.0,-100.0,-100,-100,-100.0,-100.0,-100.0,-100,-100,-100,-100,-100.0,-100,-100,-100,-100,-100,-100,-100,-100,-100,-100,-100,-100,-100,-100,-100,-100,-100,-100,-100,-100,-100,-100,-100,-100,-100,-100,-100,-100,-100,-100,-100,-100,-100,-100,-100,-100.0,-100,-100,-100.0,-100,-100,-100,-100.0,-100,-100,-100,-100,-100,-100,-100,-100,-100,-100,-100,-100,-100,-100,-100,-100,-100,-100,-100,-100,-100,-100,-100,-100,-100,-100,-100,-100,-100,-100,-100,-100,-100,-100,-100,-100,-100,-100,-100,-100,-100,-100,-100.0,-100,-100,-100,-100,-100,-100,-100,-100,-100,-100,-100,-100,-100,-100,-100,-100,-100,-100.0,-100,-100,-100,-100,-100,-100,-100,-100,-100.0,-100.0,-100,-100,-100,-100,-100,-100,-100,-100,-100,-100,-100,-100,-100,-100,-100,-100,-100,-100,-100,-100,-100,-100
52.6012,-72.38707306545243,-100.0,-100.0,-100.0,-100.0,-100.0,-100.0,-100,-74.88910754018346,-100.0,-100,-100.0,-100.0,-100.0,-74.47741230805353,-100.0,-100.0,-100,-100.0,-100.0,-100.0,-100.0,-100.0,-88.93224129309348,-100.0,-100.0,-100.0,-92.64061344345552,-100,-100,-100,-100,-100,-78.26575976476265,-100.0,-100,-74.71330463847555,-76.2619168611699,-100.0,-100,-100,-100,-100,-100,-100,-76.12934000704129,-100,-100,-100,-100,-100,-100.0,-100,-100,-100.0,-100,-100,-87.20086816432206,-72.39259764134972,-72.39199250668263,-74.6986774838671,-100,-89.09511038945257,-100.0,-100.0,-100,-100,-100,-100,-100.0,-100,-100.0,-100,-100,-100,-100,-100,-100,-100,-100,-100,-100,-100,-100,-100,-100,-100,-100,-100,-100.0,-100.0,-100,-100,-100.0,-100.0,-100.0,-100,-100,-100,-100,-100.0,-100,-100,-100,-100,-100,-100,-100,-100,-100,-100,-100,-100,-100,-100,-100,-100,-100,-100,-100,-100,-100,-100,-100,-100,-100,-100,-100,-100,-100,-100,-100,-100,-100,-100,-100,-100.0,-100,-100,-100.0,-100,-100,-100,-100.0,-100,-100,-100,-100,-100,-100,-100,-100,-100,-100,-100,-100,-100,-100,-100,-100,-100,-100,-100,-100,-100,-100,-100,-100,-100,-100,-100,-100,-100,-100,-100,-100,-100,-100,-100,-100,-100,-100,-100,-100,-100,-100,-100.0,-100,-100,-100,-100,-100,-100,-100,-100,-100,-100,-100,-100,-100,-100,-100,-100,-100,-100.0,-100,-100,-100,-100,-100,-100,-100,-100,-100.0,-100.0,-100,-100,-100,-100,-100,-100,-100,-100,-100,-100,-100,-100,-100,-100,-100,-100,-100,-100,-100,-100,-100,-100
54.6211,-71.14827027127413,-100.0,-100.0,-100.0,-100.0,-100.0,-100.0,-100,-74.638045192309,-100.0,-100,-100.0,-100.0,-100.0,-73.49547559363718,-100.0,-100.0,-100,-100.0,-100.0,-100.0,-100.0,-100.0,-88.38662351522545,-100.0,-100.0,-100.0,-92.74168830992114,-100,-100,-100,-100,-100,-77.90833997485889,-100.0,-100,-74.22950906112743,-76.47033359985528,-100.0,-100,-100,-100,-100,-100,-100,-76.65756892111682,-100,-100,-100,-100,-100,-100.0,-100,-100,-100.0,-100,-100,-87.70889921887746,-72.56411330401662,-72.5636790446712,-74.50138795298481,-100,-89.06825356457917,-100.0,-100.0,-100,-100,-100,-100,-100.0,-100,-100.0,-100,-100,-100,-100,-100,-100,-100,-100,-100,-100,-100,-100,-100,-100,-100,-100,-100,-100.0,-100.0,-100,-100,-100.0,-100.0,-100.0,-100,-100,-100,-100,-100.0,-100,-100,-100,-100,-100,-100,-100,-100,-100,-100,-100,-100,-100,-100,-100,-100,-100,-100,-100,-100,-100,-100,-100,-100,-100,-100,-100,-100,-100,-100,-100,-100,-100,-100,-100,-100.0,-100,-100,-100.0,-100,-100,-100,-100.0,-100,-100,-100,-100,-100,-100,-100,-100,-100,-100,-100,-100,-100,-100,-100,-100,-100,-100,-100,-100,-100,-100,-100,-100,-100,-100,-100,-100,-100,-100,-100,-100,-100,-100,-100,-100,-100,-100,-100,-100,-100,-100,-100.0,-100,-100,-100,-100,-100,-100,-100,-100,-100,-100,-100,-100,-100,-100,-100,-100,-100,-100.0,-100,-100,-100,-100,-100,-100,-100,-100,-91.83062946138871,-100.0,-100,-100,-100,-100,-100,-100,-100,-100,-100,-100,-100,-100,-100,-100,-100,-100,-100,-100,-100,-100,-100,-100
56.6005,-70.82402665632355,-100.0,-100.0,-100.0,-100.0,-100.0,-100.0,-100,-75.3050038079547,-100.0,-100,-100.0,-100.0,-100.0,-72.79081393822479,-100.0,-100.0,-100,-100.0,-100.0,-100.0,-100.0,-100.0,-88.55982609402122,-100.0,-100.0,-100.0,-100.0,-100,-100,-100,-100,-100,-78.21659823226028,-100.0,-100,-73.88232558876028,-76.61989851777872,-100.0,-100,-100,-100,-100,-100,-100,-77.03663883016935,-100,-100,-100,-100,-100,-100.0,-100,-100,-100.0,-100,-100,-88.35585036407522,-72.96957280791084,-72.96926117284995,-74.07743249566224,-100,-89.331355923418,-100.0,-100.0,-100,-100,-100,-100,-100.0,-100,-100.0,-100,-100,-100,-100,-100,-100,-100,-100,-100,-100,-100,-100,-100,-100,-100,-100,-100,-100.0,-100.0,-100,-100,-100.0,-100.0,-100.0,-100,-100,-100,-100,-100.0,-100,-100,-100,-100,-100,-100,-100,-100,-100,-100,-100,-100,-100,-100,-100,-100,-100,-100,-100,-100,-100,-100,-100,-100,-100,-100,-100,-100,-100,-100,-100,-100,-100,-100,-100,-100.0,-100,-100,-100.0,-100,-100,-100,-100.0,-100,-100,-100,-100,-100,-100,-100,-100,-100,-100,-100,-100,-100,-100,-100,-100,-100,-100,-100,-100,-100,-100,-100,-100,-100,-100,-100,-100,-100,-100,-100,-100,-100,-100,-100,-100,-100,-100,-100,-100,-100,-100,-100.0,-100,-100,-100,-100,-100,-100,-100,-100,-100,-100,-100,-100,-100,-100,-100,-100,-100,-100.0,-100,-100,-100,-100,-100,-100,-100,-100,-100.0,-100.0,-100,-100,-100,-100,-100,-100,-100,-100,-100,-100,-100,-100,-100,-100,-100,-100,-100,-100,-100,-100,-100,-100
58.6276,-70.59134155644543,-100.0,-100.0,-100.0,-100.0,-100.0,-100.0,-100,-100.0,-100.0,-100,-92.79648881990948,-100.0,-100.0,-74.5441371715879,-100.0,-100.0,-100,-100.0,-100.0,-100.0,-100.0,-100.0,-88.40174482656032,-100.0,-100.0,-100.0,-100.0,-100,-100,-100,-100,-100,-78.43781185098531,-100.0,-100,-73.35080259397233,-76.4448542426136,-100.0,-100,-100,-100,-100,-100,-100,-77.02629291501395,-100,-100,-100,-100,-100,-100.0,-100,-100,-100.0,-100,-100,-88.2553668724234,-72.69578901183287,-72.6955653749391,-74.90269451809334,-100,-89.52016468998008,-100.0,-100.0,-100,-100,-100,-100,-100.0,-100,-100.0,-100,-100,-100,-100,-100,-100,-100,-100,-100,-100,-100,-100,-100,-100,-100,-100,-100,-100.0,-100.0,-100,-100,-100.0,-100.0,-100.0,-100,-100,-100,-100,-100.0,-100,-100,-100,-100,-100,-100,-100,-100,-100,-100,-100,-100,-100,-100,-100,-100,-100,-100,-100,-100,-100,-100,-100,-100,-100,-100,-100,-100,-100,-100,-100,-100,-100,-100,-100,-100.0,-100,-100,-100.0,-100,-100,-100,-100.0,-100,-100,-100,-100,-100,-100,-100,-100,-100,-100,-100,-100,-100,-100,-100,-100,-100,-100,-100,-100,-100,-100,-100,-100,-100,-100,-100,-100,-100,-100,-100,-100,-100,-100,-100,-100,-100,-100,-100,-100,-100,-100,-100.0,-100,-100,-100,-100,-100,-100,-100,-100,-100,-100,-100,-100,-100,-100,-100,-100,-100,-100.0,-100,-100,-100,-100,-100,-100,-100,-100,-91.8757865792396,-100.0,-100,-100,-100,-100,-100,-100,-100,-100,-100,-100,-100,-100,-100,-100,-100,-100,-100,-100,-100,-100,-100,-100
60.5877,-69.85960968188213,-100.0,-100.0,-100.0,-100.0,-100.0,-100.0,-100,-75.21887814651889,-100.0,-100,-100.0,-100.0,-100.0,-74.67286175497787,-100.0,-100.0,-100,-100.0,-100.0,-100.0,-100.0,-100.0,-88.57067753906529,-100.0,-100.0,-100.0,-100.0,-100,-100,-100,-100,-100,-78.87893581623638,-100.0,-100,-74.09887155301384,-76.60161391215979,-100.0,-100,-100,-100,-100,-100,-100,-77.30124413070155,-100,-100,-100,-100,-100,-100.0,-100,-100,-100.0,-100,-100,-87.61850609035498,-72.78169080130509,-72.49915461817395,-75.21254691526784,-100,-89.65565849379497,-100.0,-100.0,-100,-100,-100,-100,-100.0,-100,-100.0,-100,-100,-100,-100,-100,-100,-100,-100,-100,-100,-100,-100,-100,-100,-100,-100,-100,-100.0,-100.0,-100,-100,-100.0,-100.0,-100.0,-100,-100,-100,-100,-100.0,-100,-100,-100,-100,-100,-100,-100,-100,-100,-100,-100,-100,-100,-100,-100,-100,-100,-100,-100,-100,-100,-100,-100,-100,-100,-100,-100,-100,-100,-100,-100,-100,-100,-100,-100,-100.0,-100,-100,-100.0,-100,-100,-100,-100.0,-100,-100,-100,-100,-100,-100,-100,-100,-100,-100,-100,-100,-100,-100,-100,-100,-100,-100,-100,-100,-100,-100,-100,-100,-100,-100,-100,-100,-100,-100,-100,-100,-100,-100,-100,-100,-100,-100,-100,-100,-100,-100,-100.0,-100,-100,-100,-100,-100,-100,-100,-100,-100,-100,-100,-100,-100,-100,-100,-100,-100,-100.0,-100,-100,-100,-100,-100,-100,-100,-100,-89.71650148408447,-100.0,-100,-100,-100,-100,-100,-100,-100,-100,-100,-100,-100,-100,-100,-100,-100,-100,-100,-100,-100,-100,-100,-100
62.6,-67.92262262462671,-100.0,-100.0,-100.0,-100.0,-100.0,-100.0,-100,-76.56895074882681,-100.0,-100,-100.0,-100.0,-100.0,-74.76523764460103,-100.0,-100.0,-100,-100.0,-100.0,-100.0,-100.0,-100.0,-88.4095320759109,-100.0,-100.0,-100.0,-100.0,-100,-100,-100,-100,-100,-77.78361861592698,-100.0,-100,-74.91807971628431,-76.99648415697679,-100.0,-100,-100,-100,-100,-100,-100,-77.49855580562199,-100,-100,-100,-100,-100,-100.0,-100,-100,-100.0,-100,-100,-86.03197653286932,-72.84333601322764,-72.92295687744087,-74.3054017469582,-100,-90.03526782510481,-100.0,-100.0,-100,-100,-100,-100,-100.0,-100,-100.0,-100,-100,-100,-100,-100,-100,-100,-100,-100,-100,-100,-100,-100,-100,-100,-100,-100,-100.0,-100.0,-100,-100,-100.0,-100.0,-100.0,-100,-100,-100,-100,-100.0,-100,-100,-100,-100,-100,-100,-100,-100,-100,-100,-100,-100,-100,-100,-100,-100,-100,-100,-100,-100,-100,-100,-100,-100,-100,-100,-100,-100,-100,-100,-100,-100,-100,-100,-100,-100.0,-100,-100,-100.0,-100,-100,-100,-100.0,-100,-100,-100,-100,-100,-100,-100,-100,-100,-100,-100,-100,-100,-100,-100,-100,-100,-100,-100,-100,-100,-100,-100,-100,-100,-100,-100,-100,-100,-100,-100,-100,-100,-100,-100,-100,-100,-100,-100,-100,-100,-100,-100.0,-100,-100,-100,-100,-100,-100,-100,-100,-100,-100,-100,-100,-100,-100,-100,-100,-100,-100.0,-100,-100,-100,-100,-100,-100,-100,-100,-100.0,-100.0,-100,-100,-100,-100,-100,-100,-100,-100,-100,-100,-100,-100,-100,-100,-100,-100,-100,-100,-100,-100,-100,-100
64.5905,-65.40309085093917,-100.0,-100.0,-100.0,-100.0,-100.0,-100.0,-100,-75.84354149539358,-100.0,-100,-100.0,-100.0,-100.0,-73.98440173994402,-100.0,-100.0,-100,-100.0,-100.0,-100.0,-100.0,-100.0,-89.14101724944537,-100.0,-100.0,-100.0,-100.0,-100,-100,-100,-100,-100,-100.0,-100.0,-100,-73.81170922996017,-75.58559846531311,-100.0,-100,-100,-100,-100,-100,-100,-75.94589728270167,-100,-100,-100,-100,-100,-100.0,-100,-100,-100.0,-100,-100,-85.17582005180785,-71.75807133131187,-71.81520919857223,-73.65441232500132,-100,-89.4605576852957,-100.0,-100.0,-100,-100,-100,-100,-100.0,-100,-100.0,-100,-100,-100,-100,-100,-100,-100,-100,-100,-100,-100,-100,-100,-100,-100,-100,-100,-100.0,-100.0,-100,-100,-100.0,-100.0,-100.0,-100,-100,-100,-100,-100.0,-100,-100,-100,-100,-100,-100,-100,-100,-100,-100,-100,-100,-100,-100,-100,-100,-100,-100,-100,-100,-100,-100,-100,-100,-100,-100,-100,-100,-100,-100,-100,-100,-100,-100,-100,-100.0,-100,-100,-100.0,-100,-100,-100,-100.0,-100,-100,-100,-100,-100,-100,-100,-100,-100,-100,-100,-100,-100,-100,-100,-100,-100,-100,-100,-100,-100,-100,-100,-100,-100,-100,-100,-100,-100,-100,-100,-100,-100,-100,-100,-100,-100,-100,-100,-100,-100,-100,-100.0,-100,-100,-100,-100,-100,-100,-100,-100,-100,-100,-100,-100,-100,-100,-100,-100,-100,-100.0,-100,-100,-100,-100,-100,-100,-100,-100,-90.3515962648637,-100.0,-100,-100,-100,-100,-100,-100,-100,-100,-100,-100,-100,-100,-100,-100,-100,-100,-100,-100,-100,-100,-100,-100
66.6339,-62.46551083076186,-100.0,-100.0,-100.0,-100.0,-100.0,-100.0,-100,-74.19346740080834,-100.0,-100,-100.0,-100.0,-100.0,-70.60029795639028,-100.0,-100.0,-100,-100.0,-100.0,-100.0,-100.0,-100.0,-100.0,-100.0,-100.0,-100.0,-100.0,-100,-100,-100,-100,-100,-79.5389736357956,-100.0,-100,-73.86487796719871,-74.57311260276664,-92.3203125,-100,-100,-100,-100,-100,-100,-74.83167179079426,-100,-100,-100,-100,-100,-100.0,-100,-100,-100.0,-100,-100,-83.1495428731094,-71.8263861075371,-71.86738962975666,-74.03437358107088,-100,-86.78912619284073,-100.0,-100.0,-100,-100,-100,-100,-100.0,-100,-100.0,-100,-100,-100,-100,-100,-100,-100,-100,-100,-100,-100,-100,-100,-100,-100,-100,-100,-100.0,-100.0,-100,-100,-100.0,-100.0,-100.0,-100,-100,-100,-100,-100.0,-100,-100,-100,-100,-100,-100,-100,-100,-100,-100,-100,-100,-100,-100,-100,-100,-100,-100,-100,-100,-100,-100,-100,-100,-100,-100,-100,-100,-100,-100,-100,-100,-100,-100,-100,-100.0,-100,-100,-100.0,-100,-100,-100,-100.0,-100,-100,-100,-100,-100,-100,-100,-100,-100,-100,-100,-100,-100,-100,-100,-100,-100,-100,-100,-100,-100,-100,-100,-100,-100,-100,-100,-100,-100,-100,-100,-100,-100,-100,-100,-100,-100,-100,-100,-100,-100,-100,-100.0,-100,-100,-100,-100,-100,-100,-100,-100,-100,-100,-100,-100,-100,-100,-100,-100,-100,-100.0,-100,-100,-100,-100,-100,-100,-100,-100,-100.0,-100.0,-100,-100,-100,-100,-100,-100,-100,-100,-100,-100,-100,-100,-100,-100,-100,-100,-100,-100,-100,-100,-100,-100
68.5666,-62.05168618979623,-100.0,-100.0,-100.0,-100.0,-93.0,-100.0,-100,-69.90320147096567,-100.0,-100,-92.57248210722727,-100.0,-100.0,-69.01890992253725,-100.0,-100.0,-100,-100.0,-100.0,-100.0,-100.0,-100.0,-100.0,-100.0,-100.0,-100.0,-100.0,-100,-100,-100,-100,-100,-81.081034756573,-100.0,-100,-73.90303314526359,-73.8465281403938,-100.0,-100,-100,-100,-100,-100,-100,-74.03207649771676,-100,-100,-100,-100,-100,-100.0,-100,-100,-100.0,-100,-100,-83.67206699197584,-71.02828336294876,-71.05770848703864,-73.45991592521176,-100,-87.4134232148011,-100.0,-100.0,-100,-100,-100,-100,-100.0,-100,-100.0,-100,-100,-100,-100,-100,-100,-100,-100,-100,-100,-100,-100,-100,-100,-100,-100,-100,-100.0,-100.0,-100,-100,-100.0,-100.0,-100.0,-100,-100,-100,-100,-100.0,-100,-100,-100,-100,-100,-100,-100,-100,-100,-100,-100,-100,-100,-100,-100,-100,-100,-100,-100,-100,-100,-100,-100,-100,-100,-100,-100,-100,-100,-100,-100,-100,-100,-100,-100,-100.0,-100,-100,-100.0,-100,-100,-100,-100.0,-100,-100,-100,-100,-100,-100,-100,-100,-100,-100,-100,-100,-100,-100,-100,-100,-100,-100,-100,-100,-100,-100,-100,-100,-100,-100,-100,-100,-100,-100,-100,-100,-100,-100,-100,-100,-100,-100,-100,-100,-100,-100,-100.0,-100,-100,-100,-100,-100,-100,-100,-100,-100,-100,-100,-100,-100,-100,-100,-100,-100,-100.0,-100,-100,-100,-100,-100,-100,-100,-100,-90.53326551692847,-100.0,-100,-100,-100,-100,-100,-100,-100,-100,-100,-100,-100,-100,-100,-100,-100,-100,-100,-100,-100,-100,-100,-100
70.5904,-60.060461393210915,-89.46126592988209,-91.56153833031968,-100.0,-100.0,-100.0,-100.0,-100,-66.25965097509899,-100.0,-100,-100.0,-100.0,-100.0,-69.86069730835129,-100.0,-100.0,-100,-100.0,-100.0,-100.0,-100.0,-100.0,-88.53644601739441,-100.0,-100.0,-100.0,-93.09627019559822,-100,-100,-100,-100,-100,-100.0,-100.0,-100,-73.36566283618508,-73.60748916746661,-100.0,-100,-100,-100,-100,-100,-100,-72.8935160898729,-100,-100,-100,-100,-100,-93.3203125,-100,-100,-100.0,-100,-100,-83.76466730335484,-68.76129125970343,-68.78240744389507,-73.61242254175934,-100,-86.44955546501149,-100.0,-100.0,-100,-100,-100,-100,-100.0,-100,-100.0,-100,-100,-100,-100,-100,-100,-100,-100,-100,-100,-100,-100,-100,-100,-100,-100,-100,-100.0,-100.0,-100,-100,-100.0,-100.0,-100.0,-100,-100,-100,-100,-100.0,-100,-100,-100,-100,-100,-100,-100,-100,-100,-100,-100,-100,-100,-100,-100,-100,-100,-100,-100,-100,-100,-100,-100,-100,-100,-100,-100,-100,-100,-100,-100,-100,-100,-100,-100,-100.0,-100,-100,-100.0,-100,-100,-100,-100.0,-100,-100,-100,-100,-100,-100,-100,-100,-100,-100,-100,-100,-100,-100,-100,-100,-100,-100,-100,-100,-100,-100,-100,-100,-100,-100,-100,-100,-100,-100,-100,-100,-100,-100,-100,-100,-100,-100,-100,-100,-100,-100,-100.0,-100,-100,-100,-100,-100,-100,-100,-100,-100,-100,-100,-100,-100,-100,-100,-100,-100,-100.0,-100,-100,-100,-100,-100,-100,-100,-100,-100.0,-100.0,-100,-100,-100,-100,-100,-100,-100,-100,-100,-100,-100,-100,-100,-100,-100,-100,-100,-100,-100,-100,-100,-100
72.6953,-59.7610128690967,-100.0,-100.0,-89.3203125,-89.0129785853342,-100.0,-100.0,-100,-64.77445336998896,-100.0,-100,-90.72041070271429,-100.0,-100.0,-68.77053021838655,-91.0,-100.0,-100,-91.0,-100.0,-100.0,-100.0,-89.10488364292226,-100.0,-100.0,-100.0,-100.0,-100.0,-100,-100,-100,-100,-100,-83.31715807950802,-100.0,-100,-74.10953562660289,-71.74169481418001,-91.48215444516548,-100,-100,-100,-100,-100,-100,-70.09982759689389,-100,-100,-100,-100,-100,-100.0,-100,-100,-100.0,-100,-100,-82.13686536103346,-68.54632111029254,-68.56147459727362,-75.1337434767755,-100,-87.16973901344805,-100.0,-100.0,-100,-100,-100,-100,-100.0,-100,-100.0,-100,-100,-100,-100,-100,-100,-100,-100,-100,-100,-100,-100,-100,-100,-100,-100,-100,-100.0,-100.0,-100,-100,-100.0,-100.0,-100.0,-100,-100,-100,-100,-100.0,-100,-100,-100,-100,-100,-100,-100,-100,-100,-100,-100,-100,-100,-100,-100,-100,-100,-100,-100,-100,-100,-100,-100,-100,-100,-100,-100,-100,-100,-100,-100,-100,-100,-100,-100,-100.0,-100,-100,-100.0,-100,-100,-100,-100.0,-100,-100,-100,-100,-100,-100,-100,-100,-100,-100,-100,-100,-100,-100,-100,-100,-100,-100,-100,-100,-100,-100,-100,-100,-100,-100,-100,-100,-100,-100,-100,-100,-100,-100,-100,-100,-100,-100,-100,-100,-100,-100,-100.0,-100,-100,-100,-100,-100,-100,-100,-100,-100,-100,-100,-100,-100,-100,-100,-100,-100,-100.0,-100,-100,-100,-100,-100,-100,-100,-100,-100.0,-100.0,-100,-100,-100,-100,-100,-100,-100,-100,-100,-100,-100,-100,-100,-100,-100,-100,-100,-100,-100,-100,-100,-100
74.6314,-57.851867153690975,-100.0,-100.0,-100.0,-100.0,-100.0,-100.0,-100,-62.86151238400069,-100.0,-100,-89.95305123440173,-100.0,-100.0,-71.09433247671025,-100.0,-100.0,-100,-100.0,-100.0,-100.0,-100.0,-100.0,-87.82021531009414,-88.0,-100.0,-100.0,-100.0,-100,-100,-100,-100,-100,-84.63947882657494,-100.0,-100,-73.23147833943713,-72.09700961696377,-91.35360372270107,-100,-100,-100,-100,-100,-100,-71.20114149422895,-100,-100,-100,-100,-100,-91.97728747566515,-100,-100,-100.0,-100,-100,-80.9687151250759,-69.23918039484118,-69.25005490538726,-73.40172339276752,-100,-100.0,-100.0,-100.0,-100,-100,-100,-100,-100.0,-100,-100.0,-100,-100,-100,-100,-100,-100,-100,-100,-100,-100,-100,-100,-100,-100,-100,-100,-100,-100.0,-100.0,-100,-100,-100.0,-100.0,-100.0,-100,-100,-100,-100,-100.0,-100,-100,-100,-100,-100,-100,-100,-100,-100,-100,-100,-100,-100,-100,-100,-100,-100,-100,-100,-100,-100,-100,-100,-100,-100,-100,-100,-100,-100,-100,-100,-100,-100,-100,-100,-100.0,-100,-100,-100.0,-100,-100,-100,-100.0,-100,-100,-100,-100,-100,-100,-100,-100,-100,-100,-100,-100,-100,-100,-100,-100,-100,-100,-100,-100,-100,-100,-100,-100,-100,-100,-100,-100,-100,-100,-100,-100,-100,-100,-100,-100,-100,-100,-100,-100,-100,-100,-100.0,-100,-100,-100,-100,-100,-100,-100,-100,-100,-100,-100,-100,-100,-100,-100,-100,-100,-100.0,-100,-100,-100,-100,-100,-100,-100,-100,-90.66453121035046,-100.0,-100,-100,-100,-100,-100,-100,-100,-100,-100,-100,-100,-100,-100,-100,-100,-100,-100,-100,-100,-100,-100,-100
76.5866,-55.06993930803532,-100.0,-100.0,-100.0,-100.0,-100.0,-100.0,-100,-64.0301207054066,-100.0,-100,-91.09518409652439,-100.0,-100.0,-68.52631401279464,-100.0,-100.0,-100,-100.0,-100.0,-100.0,-100.0,-100.0,-100.0,-100.0,-100.0,-100.0,-100.0,-100,-100,-100,-100,-100,-86.1531597244762,-100.0,-100,-72.88373878607854,-72.06961645884267,-100.0,-100,-100,-100,-100,-100,-100,-69.450089848018,-100,-100,-100,-100,-100,-100.0,-100,-100,-100.0,-100,-100,-79.56567073286571,-67.47738748758998,-67.48519130065057,-73.2882864700879,-100,-87.68656023267275,-100.0,-100.0,-100,-100,-100,-100,-100.0,-100,-100.0,-100,-100,-100,-100,-100,-100,-100,-100,-100,-100,-100,-100,-100,-100,-100,-100,-100,-100.0,-100.0,-100,-100,-100.0,-100.0,-100.0,-100,-100,-100,-100,-100.0,-100,-100,-100,-100,-100,-100,-100,-100,-100,-100,-100,-100,-100,-100,-100,-100,-100,-100,-100,-100,-100,-100,-100,-100,-100,-100,-100,-100,-100,-100,-100,-100,-100,-100,-100,-100.0,-100,-100,-100.0,-100,-100,-100,-100.0,-100,-100,-100,-100,-100,-100,-100,-100,-100,-100,-100,-100,-100,-100,-100,-100,-100,-100,-100,-100,-100,-100,-100,-100,-100,-100,-100,-100,-100,-100,-100,-100,-100,-100,-100,-100,-100,-100,-100,-100,-100,-100,-100.0,-100,-100,-100,-100,-100,-100,-100,-100,-100,-100,-100,-100,-100,-100,-100,-100,-100,-100.0,-100,-100,-100,-100,-100,-100,-100,-100,-100.0,-100.0,-100,-100,-100,-100,-100,-100,-100,-100,-100,-100,-100,-100,-100,-100,-100,-100,-100,-100,-100,-100,-100,-100
78.5842,-55.33256584336861,-100.0,-91.68348485931669,-100.0,-100.0,-100.0,-100.0,-100,-64.86874243860389,-100.0,-100,-100.0,-100.0,-100.0,-67.81294433479637,-100.0,-100.0,-100,-100.0,-100.0,-100.0,-100.0,-100.0,-100.0,-100.0,-100.0,-100.0,-100.0,-100,-100,-100,-100,-100,-100.0,-100.0,-100,-72.35181673504174,-72.33233415894207,-100.0,-100,-100,-100,-100,-100,-100,-69.60537110999122,-100,-100,-100,-100,-100,-100.0,-100,-100,-100.0,-100,-100,-77.9940605853091,-67.62496055958644,-67.6305607655016,-72.64212998516867,-100,-87.21031661336052,-100.0,-89.0,-100,-100,-100,-100,-100.0,-100,-100.0,-100,-100,-100,-100,-100,-100,-100,-100,-100,-100,-100,-100,-100,-100,-100,-100,-100,-100.0,-100.0,-100,-100,-100.0,-100.0,-100.0,-100,-100,-100,-100,-100.0,-100,-100,-100,-100,-100,-100,-100,-100,-100,-100,-100,-100,-100,-100,-100,-100,-100,-100,-100,-100,-100,-100,-100,-100,-100,-100,-100,-100,-100,-100,-100,-100,-100,-100,-100,-100.0,-100,-100,-100.0,-100,-100,-100,-100.0,-100,-100,-100,-100,-100,-100,-100,-100,-100,-100,-100,-100,-100,-100,-100,-100,-100,-100,-100,-100,-100,-100,-100,-100,-100,-100,-100,-100,-100,-100,-100,-100,-100,-100,-100,-100,-100,-100,-100,-100,-100,-100,-100.0,-100,-100,-100,-100,-100,-100,-100,-100,-100,-100,-100,-100,-100,-100,-100,-100,-100,-92.25243348475016,-100,-100,-100,-100,-100,-100,-100,-100,-100.0,-100.0,-100,-100,-100,-100,-100,-100,-100,-100,-100,-100,-100,-100,-100,-100,-100,-100,-100,-100,-100,-100,-100,-100
80.5931,-54.67390593958534,-100.0,-92.0523450431489,-100.0,-100.0,-100.0,-100.0,-100,-62.64680081489287,-100.0,-100,-100.0,-100.0,-100.0,-67.01863722009082,-100.0,-100.0,-100,-100.0,-100.0,-100.0,-100.0,-100.0,-100.0,-100.0,-83.0,-100.0,-100.0,-100,-100,-100,-100,-100,-87.23941392515007,-100.0,-100,-72.81722363182814,-71.95611537333659,-100.0,-100,-100,-100,-100,-100,-100,-68.02255054075543,-100,-100,-100,-100,-100,-100.0,-100,-100,-100.0,-100,-100,-77.1486106432989,-66.31898410201178,-66.32300294588319,-71.6136809952285,-100,-88.28043109724562,-100.0,-100.0,-100,-100,-100,-100,-100.0,-100,-100.0,-100,-100,-100,-100,-100,-100,-100,-100,-100,-100,-100,-100,-100,-100,-100,-100,-100,-100.0,-100.0,-100,-100,-100.0,-100.0,-100.0,-100,-100,-100,-100,-100.0,-100,-100,-100,-100,-100,-100,-100,-100,-100,-100,-100,-100,-100,-100,-100,-100,-100,-100,-100,-100,-100,-100,-100,-100,-100,-100,-100,-100,-100,-100,-100,-100,-100,-100,-100,-100.0,-100,-100,-100.0,-100,-100,-100,-100.0,-100,-100,-100,-100,-100,-100,-100,-100,-100,-100,-100,-100,-100,-100,-100,-100,-100,-100,-100,-100,-100,-100,-100,-100,-100,-100,-100,-100,-100,-100,-100,-100,-100,-100,-100,-100,-100,-100,-100,-100,-100,-100,-100.0,-100,-100,-100,-100,-100,-100,-100,-100,-100,-100,-100,-100,-100,-100,-100,-100,-100,-100.0,-100,-100,-100,-100,-100,-100,-100,-100,-89.63189645305347,-100.0,-100,-100,-100,-100,-100,-100,-100,-100,-100,-100,-100,-100,-100,-100,-100,-100,-100,-100,-100,-100,-100,-100
82.5908,-53.6364841923886,-100.0,-91.75638062050955,-100.0,-100.0,-100.0,-100.0,-100,-60.76990580778251,-100.0,-100,-100.0,-100.0,-100.0,-67.2957502182213,-100.0,-100.0,-100,-100.0,-100.0,-100.0,-100.0,-100.0,-100.0,-100.0,-100.0,-100.0,-100.0,-100,-100,-100,-100,-100,-100.0,-100.0,-100,-70.89220536313724,-73.09801010984995,-100.0,-100,-100,-100,-100,-100,-100,-67.45143142385656,-100,-100,-100,-100,-100,-100.0,-100,-100,-100.0,-100,-100,-77.38902230557089,-65.66415935189761,-65.66704337193319,-69.74613822024318,-100,-87.63649277885105,-100.0,-89.0,-100,-100,-100,-100,-100.0,-100,-100.0,-100,-100,-100,-100,-100,-100,-100,-100,-100,-100,-100,-100,-100,-100,-100,-100,-100,-100.0,-100.0,-100,-100,-100.0,-100.0,-100.0,-100,-100,-100,-100,-100.0,-100,-100,-100,-100,-100,-100,-100,-100,-100,-100,-100,-100,-100,-100,-100,-100,-100,-100,-100,-100,-100,-100,-100,-100,-100,-100,-100,-100,-100,-100,-100,-100,-100,-100,-100,-100.0,-100,-100,-100.0,-100,-100,-100,-100.0,-100,-100,-100,-100,-100,-100,-100,-100,-100,-100,-100,-100,-100,-100,-100,-100,-100,-100,-100,-100,-100,-100,-100,-100,-100,-100,-100,-100,-100,-100,-100,-100,-100,-100,-100,-100,-100,-100,-100,-100,-100,-100,-100.0,-100,-100,-100,-100,-100,-100,-100,-100,-100,-100,-100,-100,-100,-100,-100,-100,-100,-100.0,-100,-100,-100,-100,-100,-100,-100,-100,-100.0,-100.0,-100,-100,-100,-100,-100,-100,-100,-100,-100,-100,-100,-100,-100,-100,-100,-100,-100,-100,-100,-100,-100,-100
84.6022,-50.35062386808624,-100.0,-100.0,-100.0,-100.0,-100.0,-100.0,-100,-59.42300033485276,-100.0,-100,-100.0,-100.0,-100.0,-67.21223754447118,-100.0,-100.0,-100,-100.0,-100.0,-100.0,-100.0,-100.0,-87.58860644135667,-100.0,-100.0,-100.0,-100.0,-100,-100,-100,-100,-100,-100.0,-100.0,-100,-70.64026825263282,-70.81132886783284,-90.434154413019,-100,-100,-100,-100,-100,-100,-66.19445537678085,-100,-100,-100,-100,-100,-100.0,-100,-100,-100.0,-100,-100,-78.12629894960571,-66.04136828482105,-66.04343792769143,-71.22970109765704,-100,-88.30388977563965,-100.0,-100.0,-100,-100,-100,-100,-100.0,-100,-100.0,-100,-100,-100,-100,-100,-100,-100,-100,-100,-100,-100,-100,-100,-100,-100,-100,-100,-100.0,-100.0,-100,-100,-100.0,-100.0,-100.0,-100,-100,-100,-100,-100.0,-100,-100,-100,-100,-100,-100,-100,-100,-100,-100,-100,-100,-100,-100,-100,-100,-100,-100,-100,-100,-100,-100,-100,-100,-100,-100,-100,-100,-100,-100,-100,-100,-100,-100,-100,-100.0,-100,-100,-100.0,-100,-100,-100,-100.0,-100,-100,-100,-100,-100,-100,-100,-100,-100,-100,-100,-100,-100,-100,-100,-100,-100,-100,-100,-100,-100,-100,-100,-100,-100,-100,-100,-100,-100,-100,-100,-100,-100,-100,-100,-100,-100,-100,-100,-100,-100,-100,-100.0,-100,-100,-100,-100,-100,-100,-100,-100,-100,-100,-100,-100,-100,-100,-100,-100,-100,-100.0,-100,-100,-100,-100,-100,-100,-100,-100,-100.0,-100.0,-100,-100,-100,-100,-100,-100,-100,-100,-100,-100,-100,-100,-100,-100,-100,-100,-100,-100,-100,-100,-100,-100
86.5893,-50.25161620925644,-100.0,-100.0,-100.0,-100.0,-100.0,-100.0,-100,-59.585931016963755,-100.0,-100,-100.0,-100.0,-100.0,-68.56418530074487,-100.0,-100.0,-100,-100.0,-100.0,-100.0,-100.0,-100.0,-86.85764689616866,-100.0,-100.0,-94.0,-100.0,-100,-100,-100,-100,-100,-100.0,-100.0,-100,-71.30659914746978,-73.40598627526641,-100.0,-100,-100,-100,-100,-100,-100,-65.85717020826897,-100,-100,-100,-100,-100,-91.45010840251705,-100,-100,-100.0,-100,-100,-78.0906351957907,-67.44156536723526,-67.44305059325937,-72.29434187481424,-100,-88.21807868870302,-91.0,-89.0,-100,-100,-100,-100,-100.0,-100,-100.0,-100,-100,-100,-100,-100,-100,-100,-100,-100,-100,-100,-100,-100,-100,-100,-100,-100,-100.0,-100.0,-100,-100,-100.0,-100.0,-100.0,-100,-100,-100,-100,-100.0,-100,-100,-100,-100,-100,-100,-100,-100,-100,-100,-100,-100,-100,-100,-100,-100,-100,-100,-100,-100,-100,-100,-100,-100,-100,-100,-100,-100,-100,-100,-100,-100,-100,-100,-100,-100.0,-100,-100,-100.0,-100,-100,-100,-100.0,-100,-100,-100,-100,-100,-100,-100,-100,-100,-100,-100,-100,-100,-100,-100,-100,-100,-100,-100,-100,-100,-100,-100,-100,-100,-100,-100,-100,-100,-100,-100,-100,-100,-100,-100,-100,-100,-100,-100,-100,-100,-100,-100.0,-100,-100,-100,-100,-100,-100,-100,-100,-100,-100,-100,-100,-100,-100,-100,-100,-100,-100.0,-100,-100,-100,-100,-100,-100,-100,-100,-100.0,-91.0,-100,-100,-100,-100,-100,-100,-100,-100,-100,-100,-100,-100,-100,-100,-100,-100,-100,-100,-100,-100,-100,-100
88.598,-50.74531729926592,-100.0,-91.26144700644775,-100.0,-100.0,-100.0,-100.0,-100,-100.0,-100.0,-100,-100.0,-100.0,-100.0,-66.71061890693612,-100.0,-100.0,-100,-100.0,-100.0,-100.0,-100.0,-100.0,-86.61546825694913,-100.0,-100.0,-100.0,-100.0,-100,-100,-100,-100,-100,-86.60705785912354,-100.0,-100,-70.09052021526054,-72.72659422591448,-100.0,-100,-100,-100,-100,-100,-100,-68.15650743915802,-100,-100,-100,-100,-100,-100.0,-100,-100,-100.0,-100,-100,-79.75929619604963,-68.1640051276593,-68.16507096195095,-70.7993484023766,-100,-100.0,-100.0,-88.20014806197452,-100,-100,-100,-100,-100.0,-100,-100.0,-100,-100,-100,-100,-100,-100,-100,-100,-100,-100,-100,-100,-100,-100,-100,-100,-100,-100.0,-100.0,-100,-100,-100.0,-100.0,-100.0,-100,-100,-100,-100,-100.0,-100,-100,-100,-100,-100,-100,-100,-100,-100,-100,-100,-100,-100,-100,-100,-100,-100,-100,-100,-100,-100,-100,-100,-100,-100,-100,-100,-100,-100,-100,-100,-100,-100,-100,-100,-100.0,-100,-100,-100.0,-100,-100,-100,-100.0,-100,-100,-100,-100,-100,-100,-100,-100,-100,-100,-100,-100,-100,-100,-100,-100,-100,-100,-100,-100,-100,-100,-100,-100,-100,-100,-100,-100,-100,-100,-100,-100,-100,-100,-100,-100,-100,-100,-100,-100,-100,-100,-100.0,-100,-100,-100,-100,-100,-100,-100,-100,-100,-100,-100,-100,-100,-100,-100,-100,-100,-100.0,-100,-100,-100,-100,-100,-100,-100,-100,-100.0,-100.0,-100,-100,-100,-100,-100,-100,-100,-100,-100,-100,-100,-100,-100,-100,-100,-100,-100,-100,-100,-100,-100,-100
90.603,-51.381984896432684,-100.0,-91.75184909883563,-100.0,-100.0,-100.0,-100.0,-100,-58.008599857529376,-100.0,-100,-100.0,-100.0,-100.0,-68.20421157517455,-100.0,-100.0,-100,-100.0,-100.0,-100.0,-100.0,-100.0,-100.0,-88.2265625,-100.0,-100.0,-100.0,-100,-100,-100,-100,-100,-100.0,-100.0,-100,-68.65308102582456,-70.82716749880355,-100.0,-100,-100,-100,-100,-100,-100,-66.98281075756596,-100,-100,-100,-100,-100,-90.50420064139742,-100,-100,-100.0,-100,-100,-78.69776231574066,-67.55294267331266,-67.83608323803192,-69.72650475242428,-100,-86.74462008658193,-100.0,-100.0,-100,-100,-100,-100,-100.0,-100,-100.0,-100,-100,-100,-100,-100,-100,-100,-100,-100,-100,-100,-100,-100,-100,-100,-100,-100,-100.0,-100.0,-100,-100,-100.0,-100.0,-100.0,-100,-100,-100,-100,-100.0,-100,-100,-100,-100,-100,-100,-100,-100,-100,-100,-100,-100,-100,-100,-100,-100,-100,-100,-100,-100,-100,-100,-100,-100,-100,-100,-100,-100,-100,-100,-100,-100,-100,-100,-100,-100.0,-100,-100,-100.0,-100,-100,-100,-100.0,-100,-100,-100,-100,-100,-100,-100,-100,-100,-100,-100,-100,-100,-100,-100,-100,-100,-100,-100,-100,-100,-100,-100,-100,-100,-100,-100,-100,-100,-100,-100,-100,-100,-100,-100,-100,-100,-100,-100,-100,-100,-100,-100.0,-100,-100,-100,-100,-100,-100,-100,-100,-100,-100,-100,-100,-100,-100,-100,-100,-100,-100.0,-100,-100,-100,-100,-100,-100,-100,-100,-100.0,-100.0,-100,-100,-100,-100,-100,-100,-100,-100,-100,-100,-100,-100,-100,-100,-100,-100,-100,-100,-100,-100,-100,-100
92.5771,-53.25075151828592,-100.0,-91.53966169225488,-100.0,-100.0,-100.0,-100.0,-100,-58.28854716290042,-100.0,-100,-100.0,-100.0,-100.0,-64.1932874436899,-100.0,-100.0,-100,-100.0,-100.0,-100.0,-100.0,-100.0,-85.59454789132143,-100.0,-100.0,-100.0,-100.0,-100,-100,-100,-100,-100,-100.0,-100.0,-100,-67.62153972814663,-69.46409271600402,-90.59152941305246,-100,-100,-100,-100,-100,-100,-64.16390762058745,-100,-100,-100,-100,-100,-100.0,-100,-100,-100.0,-100,-100,-78.5007311961018,-66.83205370876196,-67.03524225941663,-68.67423037883555,-100,-100.0,-90.7734375,-100.0,-100,-100,-100,-100,-100.0,-100,-100.0,-100,-100,-100,-100,-100,-100,-100,-100,-100,-100,-100,-100,-100,-100,-100,-100,-100,-100.0,-100.0,-100,-100,-100.0,-100.0,-100.0,-100,-100,-100,-100,-100.0,-100,-100,-100,-100,-100,-100,-100,-100,-100,-100,-100,-100,-100,-100,-100,-100,-100,-100,-100,-100,-100,-100,-100,-100,-100,-100,-100,-100,-100,-100,-100,-100,-100,-100,-100,-100.0,-100,-100,-100.0,-100,-100,-100,-100.0,-100,-100,-100,-100,-100,-100,-100,-100,-100,-100,-100,-100,-100,-100,-100,-100,-100,-100,-100,-100,-100,-100,-100,-100,-100,-100,-100,-100,-100,-100,-100,-100,-100,-100,-100,-100,-100,-100,-100,-100,-100,-100,-100.0,-100,-100,-100,-100,-100,-100,-100,-100,-100,-100,-100,-100,-100,-100,-100,-100,-100,-92.45174766009201,-100,-100,-100,-100,-100,-100,-100,-100,-88.88950462932856,-100.0,-100,-100,-100,-100,-100,-100,-100,-100,-100,-100,-100,-100,-100,-100,-100,-100,-100,-100,-100,-100,-100,-100
94.6183,-53.462321079882535,-89.33480178090137,-91.38731741694723,-100.0,-100.0,-100.0,-100.0,-100,-58.771819849165944,-100.0,-100,-90.22142636108359,-100.0,-100.0,-63.291580678842195,-100.0,-100.0,-100,-100.0,-100.0,-100.0,-100.0,-100.0,-100.0,-100.0,-100.0,-100.0,-100.0,-100,-100,-100,-100,-100,-100.0,-100.0,-100,-66.31652923022956,-68.76829281999925,-90.14561594519199,-100,-100,-100,-100,-100,-100,-63.27049700374041,-100,-100,-100,-100,-100,-90.64209413367146,-100,-100,-100.0,-100,-100,-76.94745839539158,-64.62047209064096,-64.76628513285935,-67.35434132175082,-100,-83.99297620618209,-100.0,-100.0,-100,-100,-100,-100,-100.0,-100,-100.0,-100,-100,-100,-100,-100,-100,-100,-100,-100,-100,-100,-100,-100,-100,-100,-100,-100,-100.0,-100.0,-100,-100,-100.0,-100.0,-100.0,-100,-100,-100,-100,-100.0,-100,-100,-100,-100,-100,-100,-100,-100,-100,-100,-100,-100,-100,-100,-100,-100,-100,-100,-100,-100,-100,-100,-100,-100,-100,-100,-100,-100,-100,-100,-100,-100,-100,-100,-100,-100.0,-100,-100,-100.0,-100,-100,-100,-100.0,-100,-100,-100,-100,-100,-100,-100,-100,-100,-100,-100,-100,-100,-100,-100,-100,-100,-100,-100,-100,-100,-100,-100,-100,-100,-100,-100,-100,-100,-100,-100,-100,-100,-100,-100,-100,-100,-100,-100,-100,-100,-100,-100.0,-100,-100,-100,-100,-100,-100,-100,-100,-100,-100,-100,-100,-100,-100,-100,-100,-100,-100.0,-100,-100,-100,-100,-100,-100,-100,-100,-100.0,-100.0,-100,-100,-100,-100,-100,-100,-100,-100,-100,-100,-100,-100,-100,-100,-100,-100,-100,-100,-100,-100,-100,-100
96.632,-54.46127562762691,-88.96356193182032,-90.99562971929987,-100.0,-100.0,-100.0,-100.0,-100,-59.68337946648311,-100.0,-100,-100.0,-100.0,-100.0,-63.20924538167675,-100.0,-100.0,-100,-100.0,-100.0,-100.0,-100.0,-88.5129003612446,-84.57953492837625,-100.0,-100.0,-100.0,-100.0,-100,-100,-100,-100,-100,-100.0,-100.0,-100,-64.25051919560502,-100.0,-100.0,-100,-100,-100,-100,-100,-100,-62.06461243949805,-100,-100,-100,-100,-100,-100.0,-100,-100,-100.0,-100,-100,-78.65654904433447,-63.88051445986307,-63.98515344278055,-66.12478115984398,-100,-84.5597109471011,-100.0,-100.0,-100,-100,-100,-100,-100.0,-100,-100.0,-100,-100,-100,-100,-100,-100,-100,-100,-100,-100,-100,-100,-100,-100,-100,-100,-100,-100.0,-100.0,-100,-100,-100.0,-100.0,-100.0,-100,-100,-100,-100,-100.0,-100,-100,-100,-100,-100,-100,-100,-100,-100,-100,-100,-100,-100,-100,-100,-100,-100,-100,-100,-100,-100,-100,-100,-100,-100,-100,-100,-100,-100,-100,-100,-100,-100,-100,-100,-100.0,-100,-100,-100.0,-100,-100,-100,-100.0,-100,-100,-100,-100,-100,-100,-100,-100,-100,-100,-100,-100,-100,-100,-100,-100,-100,-100,-100,-100,-100,-100,-100,-100,-100,-100,-100,-100,-100,-100,-100,-100,-100,-100,-100,-100,-100,-100,-100,-100,-100,-100,-100.0,-100,-100,-100,-100,-100,-100,-100,-100,-100,-100,-100,-100,-100,-100,-100,-100,-100,-100.0,-100,-100,-100,-100,-100,-100,-100,-100,-88.07402650406402,-100.0,-100,-100,-100,-100,-100,-100,-100,-100,-100,-100,-100,-100,-100,-100,-100,-100,-100,-100,-100,-100,-100,-100
98.5831,-54.613398297296705,-100.0,-100.0,-100.0,-100.0,-100.0,-100.0,-100,-59.77278541004325,-100.0,-100,-89.8765754471007,-100.0,-100.0,-61.45590539459821,-100.0,-100.0,-100,-100.0,-100.0,-100.0,-100.0,-100.0,-85.82776683010114,-100.0,-100.0,-100.0,-100.0,-100,-100,-100,-100,-100,-100.0,-100.0,-100,-62.20314879045898,-69.11609699237742,-100.0,-100,-100,-100,-100,-100,-100,-61.199240368533246,-100,-100,-100,-100,-100,-100.0,-100,-100,-100.0,-100,-100,-78.47115555089857,-63.0671271840534,-63.142218661327455,-61.57153485492666,-100,-83.27215939427845,-100.0,-100.0,-100,-100,-100,-100,-100.0,-100,-100.0,-100,-100,-100,-100,-100,-100,-100,-100,-100,-100,-100,-100,-100,-100,-100,-100,-100,-100.0,-100.0,-100,-100,-100.0,-100.0,-100.0,-100,-100,-100,-100,-100.0,-100,-100,-100,-100,-100,-100,-100,-100,-100,-100,-100,-100,-100,-100,-100,-100,-100,-100,-100,-100,-100,-100,-100,-100,-100,-100,-100,-100,-100,-100,-100,-100,-100,-100,-100,-100.0,-100,-100,-100.0,-100,-100,-100,-100.0,-100,-100,-100,-100,-100,-100,-100,-100,-100,-100,-100,-100,-100,-100,-100,-100,-100,-100,-100,-100,-100,-100,-100,-100,-100,-100,-100,-100,-100,-100,-100,-100,-100,-100,-100,-100,-100,-100,-100,-100,-100,-100,-100.0,-100,-100,-100,-100,-100,-100,-100,-100,-100,-100,-100,-100,-100,-100,-100,-100,-100,-100.0,-100,-100,-100,-100,-100,-100,-100,-100,-87.20624146992273,-100.0,-100,-100,-100,-100,-100,-100,-100,-100,-100,-100,-100,-100,-100,-100,-100,-100,-100,-100,-100,-100,-100,-100
100.5958,-54.44018952609402,-100.0,-100.0,-100.0,-100.0,-100.0,-100.0,-100,-60.684072376435644,-100.0,-100,-88.49965228949938,-100.0,-100.0,-62.45667157594089,-100.0,-100.0,-100,-100.0,-100.0,-100.0,-100.0,-100.0,-100.0,-100.0,-100.0,-100.0,-100.0,-100,-100,-100,-100,-100,-100.0,-100.0,-100,-60.73390602869725,-67.9538112388258,-100.0,-100,-100,-100,-100,-100,-100,-58.60159846562283,-100,-100,-100,-100,-100,-88.50093816827476,-100,-100,-100.0,-100,-100,-74.10247723231409,-61.636293618088835,-61.690181087194375,-59.99826882176714,-100,-81.50105401909957,-100.0,-87.87110641056259,-100,-100,-100,-100,-100.0,-100,-100.0,-100,-100,-100,-100,-100,-100,-100,-100,-100,-100,-100,-100,-100,-100,-100,-100,-100,-100.0,-100.0,-100,-100,-100.0,-100.0,-100.0,-100,-100,-100,-100,-100.0,-100,-100,-100,-100,-100,-100,-100,-100,-100,-100,-100,-100,-100,-100,-100,-100,-100,-100,-100,-100,-100,-100,-100,-100,-100,-100,-100,-100,-100,-100,-100,-100,-100,-100,-100,-100.0,-100,-100,-100.0,-100,-100,-100,-100.0,-100,-100,-100,-100,-100,-100,-100,-100,-100,-100,-100,-100,-100,-100,-100,-100,-100,-100,-100,-100,-100,-100,-100,-100,-100,-100,-100,-100,-100,-100,-100,-100,-100,-100,-100,-100,-100,-100,-100,-100,-100,-100,-100.0,-100,-100,-100,-100,-100,-100,-100,-100,-100,-100,-100,-100,-100,-100,-100,-100,-100,-100.0,-100,-100,-100,-100,-100,-100,-100,-100,-86.01867399835719,-100.0,-100,-100,-100,-100,-100,-100,-100,-100,-100,-100,-100,-100,-100,-100,-100,-100,-100,-100,-100,-100,-100,-100
102.6154,-55.44539348674582,-100.0,-100.0,-100.0,-100.0,-100.0,-100.0,-100,-100.0,-100.0,-100,-84.9701905382836,-100.0,-100.0,-60.351088748889104,-100.0,-100.0,-100,-100.0,-100.0,-100.0,-100.0,-100.0,-87.57065546805403,-100.0,-100.0,-100.0,-100.0,-100,-100,-100,-100,-100,-100.0,-100.0,-100,-58.832414626185496,-65.42547255726654,-100.0,-100,-100,-100,-100,-100,-100,-56.17271611108181,-100,-100,-100,-100,-100,-86.11011086952318,-100,-100,-100.0,-100,-100,-71.81453458348075,-59.197614195717975,-59.236285153222276,-58.58687918378738,-100,-80.51244145327695,-100.0,-86.51633686006511,-100,-100,-100,-100,-100.0,-100,-100.0,-100,-100,-100,-100,-100,-100,-100,-100,-100,-100,-100,-100,-100,-100,-100,-100,-100,-100.0,-100.0,-100,-100,-100.0,-100.0,-100.0,-100,-100,-100,-100,-100.0,-100,-100,-100,-100,-100,-100,-100,-100,-100,-100,-100,-100,-100,-100,-100,-100,-100,-100,-100,-100,-100,-100,-100,-100,-100,-100,-100,-100,-100,-100,-100,-100,-100,-100,-100,-100.0,-100,-100,-100.0,-100,-100,-100,-100.0,-100,-100,-100,-100,-100,-100,-100,-100,-100,-100,-100,-100,-100,-100,-100,-100,-100,-100,-100,-100,-100,-100,-100,-100,-100,-100,-100,-100,-100,-100,-100,-100,-100,-100,-100,-100,-100,-100,-100,-100,-100,-100,-100.0,-100,-100,-100,-100,-100,-100,-100,-100,-100,-100,-100,-100,-100,-100,-100,-100,-100,-100.0,-100,-100,-100,-100,-100,-100,-100,-100,-84.31927414362552,-100.0,-100,-100,-100,-100,-100,-100,-100,-100,-100,-100,-100,-100,-100,-100,-100,-100,-100,-100,-100,-100,-100,-100
104.5882,-58.99050924053506,-100.0,-100.0,-100.0,-100.0,-100.0,-100.0,-100,-63.03228822808697,-100.0,-100,-83.00201726470375,-100.0,-100.0,-58.275319946125194,-100.0,-100.0,-100,-100.0,-100.0,-100.0,-100.0,-100.0,-88.25664332138415,-100.0,-100.0,-100.0,-100.0,-100,-100,-100,-100,-100,-88.12989365032271,-100.0,-100,-57.75023387826647,-63.04632387870375,-100.0,-100,-100,-100,-100,-100,-100,-53.30018831770583,-100,-100,-100,-100,-100,-84.38833187716897,-100,-100,-100.0,-100,-100,-70.4550270289396,-56.03568009223294,-56.06343131119203,-57.29165598121187,-100,-77.8263591760358,-100.0,-86.37167000190493,-100,-100,-100,-100,-100.0,-100,-100.0,-100,-100,-100,-100,-100,-100,-100,-100,-100,-100,-100,-100,-100,-100,-100,-100,-100,-100.0,-100.0,-100,-100,-100.0,-100.0,-100.0,-100,-100,-100,-100,-100.0,-100,-100,-100,-100,-100,-100,-100,-100,-100,-100,-100,-100,-100,-100,-100,-100,-100,-100,-100,-100,-100,-100,-100,-100,-100,-100,-100,-100,-100,-100,-100,-100,-100,-100,-100,-100.0,-100,-100,-100.0,-100,-100,-100,-100.0,-100,-100,-100,-100,-100,-100,-100,-100,-100,-100,-100,-100,-100,-100,-100,-100,-100,-100,-100,-100,-100,-100,-100,-100,-100,-100,-100,-100,-100,-100,-100,-100,-100,-100,-100,-100,-100,-100,-100,-100,-100,-100,-100.0,-100,-100,-100,-100,-100,-100,-100,-100,-100,-100,-100,-100,-100,-100,-100,-100,-100,-93.15039575585958,-100,-100,-100,-100,-100,-100,-100,-100,-81.97020400889295,-100.0,-100,-100,-100,-100,-100,-100,-100,-100,-100,-100,-100,-100,-100,-100,-100,-100,-100,-100,-100,-100,-100,-100
106.7324,-58.42843780809039,-100.0,-100.0,-100.0,-100.0,-100.0,-100.0,-100,-63.87029790558721,-100.0,-100,-80.17771959494627,-100.0,-100.0,-55.93857071565883,-100.0,-100.0,-100,-100.0,-100.0,-100.0,-100.0,-100.0,-100.0,-100.0,-100.0,-100.0,-93.06911479364554,-100,-100,-100,-100,-100,-100.0,-100.0,-100,-55.56175619173866,-61.33898896444138,-100.0,-100,-100,-100,-100,-100,-100,-53.21542243252425,-100,-100,-100,-100,-100,-83.15049377695726,-100,-100,-100.0,-100,-100,-66.93803010135373,-54.04897502845701,-54.06888997764414,-55.232669547593616,-100,-73.92213137879266,-100.0,-85.70465498874489,-100,-100,-100,-100,-100.0,-100,-100.0,-100,-100,-100,-100,-100,-100,-100,-100,-100,-100,-100,-100,-100,-100,-100,-100,-100,-87.0,-88.0,-100,-100,-90.0,-89.0,-87.0,-100,-100,-100,-100,-88.0,-100,-100,-100,-100,-100,-100,-100,-100,-100,-100,-100,-100,-100,-100,-100,-100,-100,-100,-100,-100,-100,-100,-100,-100,-100,-100,-100,-100,-100,-100,-100,-100,-100,-100,-100,-100.0,-100,-100,-100.0,-100,-100,-100,-100.0,-100,-100,-100,-100,-100,-100,-100,-100,-100,-100,-100,-100,-100,-100,-100,-100,-100,-100,-100,-100,-100,-100,-100,-100,-100,-100,-100,-100,-100,-100,-100,-100,-100,-100,-100,-100,-100,-100,-100,-100,-100,-100,-100.0,-100,-100,-100,-100,-100,-100,-100,-100,-100,-100,-100,-100,-100,-100,-100,-100,-100,-100.0,-100,-100,-100,-100,-100,-100,-100,-100,-80.84913717749943,-100.0,-100,-100,-100,-100,-100,-100,-100,-100,-100,-100,-100,-100,-100,-100,-100,-100,-100,-100,-100,-100,-100,-100
108.6144,-59.15458447216649,-100.0,-100.0,-100.0,-100.0,-100.0,-100.0,-100,-64.75404971316927,-100.0,-100,-81.53940720117157,-100.0,-100.0,-55.39116546033193,-100.0,-100.0,-100,-100.0,-100.0,-100.0,-100.0,-100.0,-100.0,-100.0,-100.0,-100.0,-93.33182990239095,-100,-100,-100,-100,-100,-100.0,-100.0,-100,-55.96788128829778,-60.67851532737228,-100.0,-100,-100,-100,-100,-100,-100,-50.04845971577423,-100,-100,-100,-100,-100,-81.6969176287177,-100,-100,-91.0,-100,-100,-66.67315319849526,-50.36426162104376,-50.66092876871851,-56.29647210663487,-100,-71.68511401589153,-100.0,-84.94250545649747,-100,-100,-100,-100,-100.0,-100,-100.0,-100,-100,-100,-100,-100,-100,-100,-100,-100,-100,-100,-100,-100,-100,-100,-100,-100,-87.6796875,-100.0,-100,-100,-100.0,-89.2265625,-100.0,-100,-100,-100,-100,-100.0,-100,-100,-100,-100,-100,-100,-100,-100,-100,-100,-100,-100,-100,-100,-100,-100,-100,-100,-100,-100,-100,-100,-100,-100,-100,-100,-100,-100,-100,-100,-100,-100,-100,-100,-100,-100.0,-100,-100,-100.0,-100,-100,-100,-100.0,-100,-100,-100,-100,-100,-100,-100,-100,-100,-100,-100,-100,-100,-100,-100,-100,-100,-100,-100,-100,-100,-100,-100,-100,-100,-100,-100,-100,-100,-100,-100,-100,-100,-100,-100,-100,-100,-100,-100,-100,-100,-100,-100.0,-100,-100,-100,-100,-100,-100,-100,-100,-100,-100,-100,-100,-100,-100,-100,-100,-100,-100.0,-100,-100,-100,-100,-100,-100,-100,-100,-82.30360076037745,-100.0,-100,-100,-100,-100,-100,-100,-100,-100,-100,-100,-100,-100,-100,-100,-100,-100,-100,-100,-100,-100,-100,-100
110.7552,-62.499441927760095,-100.0,-100.0,-100.0,-100.0,-100.0,-100.0,-100,-67.36488136177499,-100.0,-100,-82.51659184823902,-100.0,-100.0,-54.71595844891424,-100.0,-100.0,-100,-100.0,-100.0,-100.0,-100.0,-100.0,-89.03130057322778,-100.0,-100.0,-100.0,-100.0,-100,-100,-100,-100,-100,-100.0,-100.0,-100,-59.08308348927789,-62.463548962365984,-100.0,-100,-100,-100,-100,-100,-100,-52.85853283107512,-100,-100,-100,-100,-100,-79.52410945078262,-100,-100,-89.1875,-100,-100,-67.89494957610798,-53.085159953505716,-53.2980555088376,-59.318888246545875,-100,-68.6678975074508,-100.0,-85.2407980818852,-100,-100,-100,-100,-100.0,-100,-100.0,-100,-100,-100,-100,-100,-100,-100,-100,-100,-100,-100,-100,-100,-100,-100,-100,-100,-86.75081116158339,-87.09375,-100,-100,-88.640625,-87.90720311486048,-86.546875,-100,-100,-100,-100,-87.3203125,-100,-100,-100,-100,-100,-100,-100,-100,-100,-100,-100,-100,-100,-100,-100,-100,-100,-100,-100,-100,-100,-100,-100,-100,-100,-100,-100,-100,-100,-100,-100,-100,-100,-100,-100,-100.0,-100,-100,-89.0,-100,-100,-100,-100.0,-100,-100,-100,-100,-100,-100,-100,-100,-100,-100,-100,-100,-100,-100,-100,-100,-100,-100,-100,-100,-100,-100,-100,-100,-100,-100,-100,-100,-100,-100,-100,-100,-100,-100,-100,-100,-100,-100,-100,-100,-100,-100,-100.0,-100,-100,-100,-100,-100,-100,-100,-100,-100,-100,-100,-100,-100,-100,-100,-100,-100,-100.0,-100,-100,-100,-100,-100,-100,-100,-100,-77.6998844213223,-100.0,-100,-100,-100,-100,-100,-100,-100,-100,-100,-100,-100,-100,-100,-100,-100,-100,-100,-100,-100,-100,-100,-100
112.5698,-65.46454432313796,-100.0,-100.0,-100.0,-100.0,-100.0,-100.0,-100,-100.0,-100.0,-100,-85.1944720819419,-100.0,-100.0,-53.66666209512056,-100.0,-100.0,-100,-100.0,-100.0,-100.0,-100.0,-100.0,-100.0,-100.0,-100.0,-100.0,-100.0,-100,-100,-100,-100,-100,-100.0,-100.0,-100,-61.88337969243312,-64.59165957045006,-100.0,-100,-100,-100,-100,-100,-100,-56.00461237878396,-100,-100,-100,-100,-100,-76.83512388962147,-100,-100,-88.88773523685919,-100,-100,-69.61886743944906,-56.73199690201216,-56.88477592670472,-62.61735030947269,-100,-67.91454809158712,-100.0,-100.0,-100,-100,-100,-100,-100.0,-100,-100.0,-100,-100,-100,-100,-100,-100,-100,-100,-100,-100,-100,-100,-100,-100,-100,-100,-100,-86.01739728200518,-86.81765087605451,-100,-100,-87.72160934458144,-87.13209243297551,-86.1563919532771,-100,-100,-100,-100,-86.48215444516548,-100,-100,-100,-100,-100,-100,-100,-100,-100,-100,-100,-100,-100,-100,-100,-100,-100,-100,-100,-100,-100,-100,-100,-100,-100,-100,-100,-100,-100,-100,-100,-100,-100,-100,-100,-100.0,-100,-100,-100.0,-100,-100,-100,-100.0,-100,-100,-100,-100,-100,-100,-100,-100,-100,-100,-100,-100,-100,-100,-100,-100,-100,-100,-100,-100,-100,-100,-100,-100,-100,-100,-100,-100,-100,-100,-100,-100,-100,-100,-100,-100,-100,-100,-100,-100,-100,-100,-100.0,-100,-100,-100,-100,-100,-100,-100,-100,-100,-100,-100,-100,-100,-100,-100,-100,-100,-100.0,-100,-100,-100,-100,-100,-100,-100,-100,-78.63175432468789,-100.0,-100,-100,-100,-100,-100,-100,-100,-100,-100,-100,-100,-100,-100,-100,-100,-100,-100,-100,-100,-100,-100,-100
114.5929,-67.87474956165883,-100.0,-100.0,-100.0,-100.0,-100.0,-100.0,-100,-100.0,-100.0,-100,-100.0,-100.0,-100.0,-57.149296971588775,-100.0,-100.0,-100,-100.0,-100.0,-100.0,-100.0,-100.0,-100.0,-100.0,-100.0,-100.0,-100.0,-100,-100,-100,-100,-100,-100.0,-100.0,-100,-63.892940305858694,-67.81309764090577,-100.0,-100,-100,-100,-100,-100,-100,-59.67419400477386,-100,-100,-100,-100,-100,-76.88167740591135,-100,-100,-87.85119771561526,-100,-100,-70.5736170999346,-59.349055728519964,-59.45869366976125,-64.41965545897446,-100,-69.63293181047668,-100.0,-86.58394355344706,-100,-100,-100,-100,-100.0,-100,-100.0,-100,-100,-100,-100,-100,-100,-100,-100,-100,-100,-100,-100,-100,-100,-100,-100,-100,-86.56096260789464,-100.0,-100,-100,-87.26259848765268,-87.09587697451468,-86.64792977632067,-100,-100,-100,-100,-100.0,-100,-100,-100,-100,-100,-100,-100,-100,-100,-100,-100,-100,-100,-100,-100,-100,-100,-100,-100,-100,-100,-100,-100,-100,-100,-100,-100,-100,-100,-100,-100,-100,-100,-100,-100,-100.0,-100,-100,-100.0,-100,-100,-100,-88.0,-100,-100,-100,-100,-100,-100,-100,-100,-100,-100,-100,-100,-100,-100,-100,-100,-100,-100,-100,-100,-100,-100,-100,-100,-100,-100,-100,-100,-100,-100,-100,-100,-100,-100,-100,-100,-100,-100,-100,-100,-100,-100,-100.0,-100,-100,-100,-100,-100,-100,-100,-100,-100,-100,-100,-100,-100,-100,-100,-100,-100,-100.0,-100,-100,-100,-100,-100,-100,-100,-100,-77.60623660319862,-100.0,-100,-100,-100,-100,-100,-100,-100,-100,-100,-100,-100,-100,-100,-100,-100,-100,-100,-100,-100,-100,-100,-100
116.5756,-70.45149850652483,-100.0,-100.0,-100.0,-100.0,-100.0,-100.0,-100,-71.49748317515494,-100.0,-100,-100.0,-100.0,-100.0,-55.412884958540566,-100.0,-100.0,-100,-100.0,-100.0,-100.0,-100.0,-100.0,-89.58721344432615,-100.0,-100.0,-100.0,-100.0,-100,-100,-100,-100,-100,-100.0,-100.0,-100,-62.51129288088067,-68.43062571691826,-100.0,-100,-100,-100,-100,-100,-100,-61.46044787624449,-100,-100,-100,-100,-100,-74.09143959495108,-100,-100,-85.15031899286957,-100,-100,-71.25876866041285,-59.81524226644714,-59.893921117708416,-64.30115495661276,-100,-69.1718315537643,-100.0,-87.54828223308479,-100,-100,-100,-100,-97.0,-100,-91.0,-100,-100,-100,-100,-100,-100,-100,-100,-100,-100,-100,-100,-100,-100,-100,-100,-100,-86.68306925887323,-87.39950293479986,-100,-100,-87.46477005219883,-87.62545848596245,-87.29279110231654,-100,-100,-100,-100,-86.8868383480514,-100,-100,-100,-100,-100,-100,-100,-100,-100,-100,-100,-100,-100,-100,-100,-100,-100,-100,-100,-100,-100,-100,-100,-100,-100,-100,-100,-100,-100,-100,-100,-100,-100,-100,-100,-100.0,-100,-100,-100.0,-100,-100,-100,-100.0,-100,-100,-100,-100,-100,-100,-100,-100,-100,-100,-100,-100,-100,-100,-100,-100,-100,-100,-100,-100,-100,-100,-100,-100,-100,-100,-100,-100,-100,-100,-100,-100,-100,-100,-100,-100,-100,-100,-100,-100,-100,-100,-100.0,-100,-100,-100,-100,-100,-100,-100,-100,-100,-100,-100,-100,-100,-100,-100,-100,-100,-100.0,-100,-100,-100,-100,-100,-100,-100,-100,-77.71742573640527,-100.0,-100,-100,-100,-100,-100,-100,-100,-100,-100,-100,-100,-100,-100,-100,-100,-100,-100,-100,-100,-100,-100,-100
118.5861,-71.1711333898273,-100.0,-100.0,-100.0,-100.0,-100.0,-100.0,-100,-100.0,-100.0,-100,-100.0,-100.0,-100.0,-54.16679349644131,-100.0,-100.0,-100,-100.0,-100.0,-100.0,-100.0,-100.0,-100.0,-100.0,-100.0,-100.0,-100.0,-100,-100,-100,-100,-100,-100.0,-100.0,-100,-63.2140432860999,-67.46190039194995,-100.0,-100,-100,-100,-100,-100,-100,-62.17755567504248,-100,-100,-100,-100,-100,-75.19510011687478,-100,-100,-84.27414099835094,-100,-100,-71.46807437592042,-61.561667536840176,-61.618129392706024,-64.49849181222461,-100,-68.55855910689806,-100.0,-100.0,-100,-100,-100,-100,-100.0,-100,-100.0,-100,-100,-100,-100,-100,-100,-100,-100,-100,-100,-100,-100,-100,-100,-100,-100,-100,-100.0,-100.0,-100,-100,-100.0,-100.0,-88.04572973109796,-100,-100,-100,-100,-100.0,-100,-100,-100,-100,-100,-100,-100,-100,-100,-100,-100,-100,-100,-100,-100,-100,-100,-100,-100,-100,-100,-100,-100,-100,-100,-100,-100,-100,-100,-100,-100,-100,-100,-100,-100,-100.0,-100,-100,-100.0,-100,-100,-100,-100.0,-100,-100,-100,-100,-100,-100,-100,-100,-100,-100,-100,-100,-100,-100,-100,-100,-100,-100,-100,-100,-100,-100,-100,-100,-100,-100,-100,-100,-100,-100,-100,-100,-100,-100,-100,-100,-100,-100,-100,-100,-100,-100,-100.0,-100,-100,-100,-100,-100,-100,-100,-100,-100,-100,-100,-100,-100,-100,-100,-100,-100,-100.0,-100,-100,-100,-100,-100,-100,-100,-100,-74.9734618971859,-100.0,-100,-100,-100,-100,-100,-100,-100,-100,-100,-100,-100,-100,-100,-100,-100,-100,-100,-100,-100,-100,-100,-100
120.6319,-71.12280947974413,-100.0,-100.0,-100.0,-100.0,-100.0,-100.0,-100,-72.48650880176947,-100.0,-100,-100.0,-100.0,-100.0,-52.42544089000805,-100.0,-100.0,-100,-100.0,-100.0,-100.0,-100.0,-89.21374458508026,-100.0,-100.0,-100.0,-100.0,-100.0,-100,-100,-100,-100,-100,-100.0,-100.0,-100,-64.2831054486967,-67.33147094723144,-100.0,-100,-100,-100,-100,-100,-100,-62.12741826770094,-100,-100,-100,-100,-100,-72.8810267103834,-100,-100,-83.91715316862043,-100,-100,-71.05352585205269,-62.25019336351565,-62.290711763526716,-65.20485692811678,-100,-68.11845989413159,-100.0,-100.0,-100,-100,-100,-100,-100.0,-100,-100.0,-100,-100,-100,-100,-100,-100,-100,-100,-100,-100,-100,-100,-100,-100,-100,-100,-100,-87.33222510424768,-87.5641397427587,-100,-100,-100.0,-100.0,-100.0,-100,-100,-100,-100,-100.0,-100,-100,-100,-100,-100,-100,-100,-100,-100,-100,-100,-100,-100,-100,-100,-100,-100,-100,-100,-100,-100,-100,-100,-100,-100,-100,-100,-100,-100,-100,-100,-100,-100,-100,-100,-100.0,-100,-100,-100.0,-100,-100,-100,-100.0,-100,-100,-100,-100,-100,-100,-100,-100,-100,-100,-100,-100,-100,-100,-100,-100,-100,-100,-100,-100,-100,-100,-100,-100,-100,-100,-100,-100,-100,-100,-100,-100,-100,-100,-100,-100,-100,-100,-100,-100,-100,-100,-100.0,-100,-100,-100,-100,-100,-100,-100,-100,-100,-100,-100,-100,-100,-100,-100,-100,-100,-100.0,-100,-100,-100,-100,-100,-100,-100,-100,-71.59244790466593,-100.0,-100,-100,-100,-100,-100,-100,-100,-100,-100,-100,-100,-100,-100,-100,-100,-100,-100,-100,-100,-100,-100,-100
122.6068,-71.37050676353799,-100.0,-100.0,-100.0,-100.0,-100.0,-100.0,-100,-100.0,-100.0,-100,-86.83381088859468,-100.0,-100.0,-51.74055533027549,-100.0,-100.0,-100,-100.0,-100.0,-100.0,-100.0,-100.0,-90.26852572759041,-100.0,-100.0,-100.0,-100.0,-100,-100,-100,-100,-100,-90.06984471327935,-100.0,-100,-63.638411958288074,-68.36737439227157,-100.0,-100,-100,-100,-100,-100,-100,-62.091438445659506,-100,-100,-100,-100,-100,-73.76174432028591,-100,-100,-83.94045323999568,-100,-100,-71.03841145231848,-62.74429623058175,-62.77337321918371,-64.58225891817787,-100,-67.52025830680762,-100.0,-100.0,-100,-100,-100,-100,-100.0,-100,-100.0,-100,-100,-100,-100,-100,-100,-100,-100,-100,-100,-100,-100,-100,-100,-100,-100,-100,-100.0,-100.0,-100,-100,-100.0,-100.0,-100.0,-100,-100,-100,-100,-100.0,-100,-100,-100,-100,-100,-100,-100,-100,-100,-100,-100,-100,-100,-100,-100,-100,-100,-100,-100,-100,-100,-100,-100,-100,-100,-100,-100,-100,-100,-100,-100,-100,-100,-100,-100,-100.0,-100,-100,-100.0,-100,-100,-100,-88.90625,-100,-100,-100,-100,-100,-100,-100,-100,-100,-100,-100,-100,-100,-100,-100,-100,-100,-100,-100,-100,-100,-100,-100,-100,-100,-100,-100,-100,-100,-100,-100,-100,-100,-100,-100,-100,-100,-100,-100,-100,-100,-100,-100.0,-100,-100,-100,-100,-100,-100,-100,-100,-100,-100,-100,-100,-100,-100,-100,-100,-100,-100.0,-100,-100,-100,-100,-100,-100,-100,-100,-70.2956523582078,-100.0,-100,-100,-100,-100,-100,-100,-100,-100,-100,-100,-100,-100,-100,-100,-100,-100,-100,-100,-100,-100,-100,-100
124.5875,-72.39538744277465,-100.0,-100.0,-100.0,-100.0,-100.0,-100.0,-100,-74.89051180534669,-100.0,-100,-87.72786541141733,-100.0,-100.0,-51.24906480724021,-100.0,-100.0,-100,-100.0,-100.0,-100.0,-100.0,-100.0,-100.0,-100.0,-100.0,-100.0,-100.0,-100,-100,-100,-100,-100,-100.0,-100.0,-100,-64.0228913294056,-67.98126109638673,-100.0,-100,-100,-100,-100,-100,-100,-62.34799414704125,-100,-100,-100,-100,-100,-74.3937716097054,-100,-100,-83.6754412514256,-100,-100,-71.30994068785846,-62.25174936821834,-62.27261572192253,-64.98259454308621,-100,-67.37335000525661,-100.0,-100.0,-100,-100,-100,-100,-100.0,-100,-100.0,-100,-100,-100,-100,-100,-100,-100,-100,-100,-100,-100,-100,-100,-100,-100,-100,-100,-100.0,-100.0,-100,-100,-100.0,-100.0,-100.0,-100,-100,-100,-100,-100.0,-100,-100,-100,-100,-100,-100,-100,-100,-100,-100,-100,-100,-100,-100,-100,-100,-100,-100,-100,-100,-100,-100,-100,-100,-100,-100,-100,-100,-100,-100,-100,-100,-100,-100,-100,-100.0,-100,-100,-100.0,-100,-100,-100,-100.0,-100,-100,-100,-100,-100,-100,-100,-100,-100,-100,-100,-100,-100,-100,-100,-100,-100,-100,-100,-100,-100,-100,-100,-100,-100,-100,-100,-100,-100,-100,-100,-100,-100,-100,-100,-100,-100,-100,-100,-100,-100,-100,-100.0,-100,-100,-100,-100,-100,-100,-100,-100,-100,-100,-100,-100,-100,-100,-100,-100,-100,-100.0,-100,-100,-100,-100,-100,-100,-100,-100,-69.92979164015156,-100.0,-100,-100,-100,-100,-100,-100,-100,-100,-100,-100,-100,-100,-100,-100,-100,-100,-100,-100,-100,-100,-100,-100
126.6013,-72.28373963838101,-100.0,-100.0,-100.0,-100.0,-100.0,-100.0,-100,-76.0509313950404,-100.0,-100,-88.08708523282733,-100.0,-100.0,-50.89635926278717,-100.0,-100.0,-100,-100.0,-100.0,-100.0,-100.0,-100.0,-91.32220337284329,-100.0,-100.0,-100.0,-100.0,-100,-100,-100,-100,-100,-100.0,-100.0,-100,-64.29880307045708,-67.42180111508384,-100.0,-100,-100,-100,-100,-100,-100,-61.96735336139444,-100,-100,-100,-100,-100,-74.56495553403938,-100,-100,-100.0,-100,-100,-100.0,-62.74541285737334,-62.76038705992466,-64.98750942109866,-100,-66.98554934149533,-100.0,-100.0,-100,-100,-100,-100,-100.0,-100,-100.0,-100,-100,-100,-100,-100,-100,-100,-100,-100,-100,-100,-100,-100,-100,-100,-100,-100,-87.80127471618556,-100.0,-100,-100,-87.89175370046873,-100.0,-100.0,-100,-100,-100,-100,-100.0,-100,-100,-100,-100,-100,-100,-100,-100,-100,-100,-100,-100,-100,-100,-100,-100,-100,-100,-100,-100,-100,-100,-100,-100,-100,-100,-100,-100,-100,-100,-100,-100,-100,-100,-100,-100.0,-100,-100,-100.0,-100,-100,-100,-100.0,-100,-100,-100,-100,-100,-100,-100,-100,-100,-100,-100,-100,-100,-100,-100,-100,-100,-100,-100,-100,-100,-100,-100,-100,-100,-100,-100,-100,-100,-100,-100,-100,-100,-100,-100,-100,-100,-100,-100,-100,-100,-100,-100.0,-100,-100,-100,-100,-100,-100,-100,-100,-100,-100,-100,-100,-100,-100,-100,-100,-100,-100.0,-100,-100,-100,-100,-100,-100,-100,-100,-68.82011401907387,-100.0,-100,-100,-100,-100,-100,-100,-100,-100,-100,-100,-100,-100,-100,-100,-100,-100,-100,-100,-100,-100,-100,-100
128.5871,-72.20361846047416,-100.0,-100.0,-100.0,-100.0,-100.0,-100.0,-100,-76.88367669529414,-100.0,-100,-100.0,-100.0,-100.0,-50.64324919197715,-100.0,-100.0,-100,-100.0,-100.0,-100.0,-100.0,-100.0,-90.10171818663204,-100.0,-100.0,-100.0,-100.0,-100,-100,-100,-100,-100,-100.0,-100.0,-100,-64.77917973768703,-67.30269473158461,-100.0,-100,-100,-100,-100,-100,-100,-61.97657197869691,-100,-100,-100,-100,-100,-74.97017692226216,-100,-100,-82.9207665347929,-100,-100,-71.22242097036613,-62.53492638287002,-62.54567223455196,-64.70866076088329,-100,-66.7072541601224,-100.0,-100.0,-100,-100,-100,-100,-100.0,-100,-100.0,-100,-100,-100,-100,-100,-100,-100,-100,-100,-100,-100,-100,-100,-100,-100,-100,-100,-100.0,-100.0,-100,-100,-100.0,-100.0,-100.0,-100,-100,-100,-100,-100.0,-100,-100,-100,-100,-100,-100,-100,-100,-100,-100,-100,-100,-100,-100,-100,-100,-100,-100,-100,-100,-100,-100,-100,-100,-100,-100,-100,-100,-100,-100,-100,-100,-100,-100,-100,-100.0,-100,-100,-100.0,-100,-100,-100,-100.0,-100,-100,-100,-100,-100,-100,-100,-100,-100,-100,-100,-100,-100,-100,-100,-100,-100,-100,-100,-100,-100,-100,-100,-100,-100,-100,-100,-100,-100,-100,-100,-100,-100,-100,-100,-100,-100,-100,-100,-100,-100,-100,-100.0,-100,-100,-100,-100,-100,-100,-100,-100,-100,-100,-100,-100,-100,-100,-100,-100,-100,-100.0,-100,-100,-100,-100,-100,-100,-100,-100,-68.30615806281051,-100.0,-100,-100,-100,-100,-100,-100,-100,-100,-100,-100,-100,-100,-100,-100,-100,-100,-100,-100,-100,-100,-100,-100
130.5868,-71.86374585982564,-100.0,-100.0,-100.0,-100.0,-100.0,-100.0,-100,-77.19889926556401,-100.0,-100,-100.0,-100.0,-100.0,-50.461611253609036,-100.0,-100.0,-100,-100.0,-100.0,-100.0,-100.0,-100.0,-100.0,-100.0,-100.0,-100.0,-100.0,-100,-100,-100,-100,-100,-100.0,-100.0,-100,-63.14727983621068,-66.65246970378386,-100.0,-100,-100,-100,-100,-100,-100,-62.8303145709043,-100,-100,-100,-100,-100,-75.26097382287747,-100,-100,-82.09646565153673,-100,-100,-71.44199039015328,-61.81912478087468,-61.82683626520745,-64.79092788133818,-100,-65.94279138206329,-100.0,-88.2404869698474,-100,-100,-100,-100,-100.0,-100,-100.0,-100,-100,-100,-100,-100,-100,-100,-100,-100,-100,-100,-100,-100,-100,-100,-100,-100,-100.0,-100.0,-100,-100,-100.0,-100.0,-100.0,-100,-100,-100,-100,-100.0,-100,-100,-100,-100,-100,-100,-100,-100,-100,-100,-100,-100,-100,-100,-100,-100,-100,-100,-100,-100,-100,-100,-100,-100,-100,-100,-100,-100,-100,-100,-100,-100,-100,-100,-100,-100.0,-100,-100,-100.0,-100,-100,-100,-100.0,-100,-100,-100,-100,-100,-100,-100,-100,-100,-100,-100,-100,-100,-100,-100,-100,-100,-100,-100,-100,-100,-100,-100,-100,-100,-100,-100,-100,-100,-100,-100,-100,-100,-100,-100,-100,-100,-100,-100,-100,-100,-100,-100.0,-100,-100,-100,-100,-100,-100,-100,-100,-100,-100,-100,-100,-100,-100,-100,-100,-100,-100.0,-100,-100,-100,-100,-100,-100,-100,-100,-67.65495507894909,-100.0,-100,-100,-100,-100,-100,-100,-100,-100,-100,-100,-100,-100,-100,-100,-100,-100,-100,-100,-100,-100,-100,-100
132.6072,-72.7493478058907,-100.0,-100.0,-100.0,-100.0,-100.0,-100.0,-100,-77.70748633924644,-100.0,-100,-100.0,-100.0,-100.0,-50.33126345453081,-100.0,-100.0,-100,-100.0,-100.0,-100.0,-100.0,-100.0,-100.0,-100.0,-100.0,-100.0,-100.0,-100,-100,-100,-100,-100,-100.0,-100.0,-100,-63.3880672860628,-66.46822811697568,-100.0,-100,-100,-100,-100,-100,-100,-62.313478219812566,-100,-100,-100,-100,-100,-76.03440809863245,-100,-100,-81.22234613838884,-100,-100,-71.59955874217968,-61.30544815453208,-61.3109821031082,-64.8499647663862,-100,-65.39419431312231,-100.0,-100.0,-100,-100,-100,-100,-100.0,-100,-100.0,-100,-100,-100,-100,-100,-100,-100,-100,-100,-100,-100,-100,-100,-100,-100,-100,-100,-100.0,-100.0,-100,-100,-100.0,-100.0,-100.0,-100,-100,-100,-100,-100.0,-100,-100,-100,-100,-100,-100,-100,-100,-100,-100,-100,-100,-100,-100,-100,-100,-100,-100,-100,-100,-100,-100,-100,-100,-100,-100,-100,-100,-100,-100,-100,-100,-100,-100,-100,-100.0,-100,-100,-100.0,-100,-100,-100,-100.0,-100,-100,-100,-100,-100,-100,-100,-100,-100,-100,-100,-100,-100,-100,-100,-100,-100,-100,-100,-100,-100,-100,-100,-100,-100,-100,-100,-100,-100,-100,-100,-100,-100,-100,-100,-100,-100,-100,-100,-100,-100,-100,-100.0,-100,-100,-100,-100,-100,-100,-100,-100,-100,-100,-100,-100,-100,-100,-100,-100,-100,-100.0,-100,-100,-100,-100,-100,-100,-100,-100,-66.62288459789247,-100.0,-100,-100,-100,-100,-100,-100,-100,-100,-100,-100,-100,-100,-100,-100,-100,-100,-100,-100,-100,-100,-100,-100
134.5889,-69.99636893241146,-100.0,-100.0,-100.0,-100.0,-100.0,-100.0,-100,-77.79008508782859,-100.0,-100,-87.49774314529725,-100.0,-100.0,-50.5200984020837,-100.0,-100.0,-100,-100.0,-100.0,-100.0,-100.0,-100.0,-100.0,-100.0,-100.0,-100.0,-100.0,-100,-100,-100,-100,-100,-100.0,-100.0,-100,-63.843237908271796,-66.61838757262579,-100.0,-100,-100,-100,-100,-100,-100,-63.354462373782845,-100,-100,-100,-100,-100,-76.30706775713773,-100,-100,-80.5949009469081,-100,-100,-71.99500931724262,-62.06632410764821,-62.07029540364281,-64.89233106992157,-100,-64.71813202728947,-100.0,-100.0,-100,-100,-100,-100,-100.0,-100,-100.0,-100,-100,-100,-100,-100,-100,-100,-100,-100,-100,-100,-100,-100,-100,-100,-100,-100,-100.0,-100.0,-100,-100,-100.0,-100.0,-100.0,-100,-100,-100,-100,-100.0,-100,-100,-100,-100,-100,-100,-100,-100,-100,-100,-100,-100,-100,-100,-100,-100,-100,-100,-100,-100,-100,-100,-100,-100,-100,-100,-100,-100,-100,-100,-100,-100,-100,-100,-100,-100.0,-100,-100,-100.0,-100,-100,-100,-89.18234912394549,-100,-100,-100,-100,-100,-100,-100,-100,-100,-100,-100,-100,-100,-100,-100,-100,-100,-100,-100,-100,-100,-100,-100,-100,-100,-100,-100,-100,-100,-100,-100,-100,-100,-100,-100,-100,-100,-100,-100,-100,-100,-100,-100.0,-100,-100,-100,-100,-100,-100,-100,-100,-100,-100,-100,-100,-100,-100,-100,-100,-100,-100.0,-100,-100,-100,-100,-100,-100,-100,-100,-66.72937282188767,-100.0,-100,-100,-100,-100,-100,-100,-100,-100,-100,-100,-100,-100,-100,-100,-100,-100,-100,-100,-100,-100,-100,-100
136.6072,-68.58551577701107,-100.0,-100.0,-100.0,-100.0,-100.0,-100.0,-100,-100.0,-100.0,-100,-87.63956826709489,-100.0,-100.0,-50.6556109498681,-100.0,-100.0,-100,-100.0,-100.0,-100.0,-100.0,-100.0,-89.79061974674539,-100.0,-100.0,-100.0,-100.0,-100,-100,-100,-100,-100,-100.0,-100.0,-100,-63.88750371304998,-66.44376995132887,-100.0,-100,-100,-100,-100,-100,-100,-63.536746510362526,-100,-100,-100,-100,-100,-77.06748633532271,-100,-100,-80.1445734431711,-100,-100,-71.99641856476039,-61.48284439932564,-61.485694297849236,-64.35798276674844,-100,-64.23297330004435,-100.0,-88.73729344061753,-100,-100,-100,-100,-100.0,-100,-100.0,-100,-100,-100,-100,-100,-100,-100,-100,-100,-100,-100,-100,-100,-100,-100,-100,-100,-100.0,-100.0,-100,-100,-100.0,-100.0,-100.0,-100,-100,-100,-100,-100.0,-100,-100,-100,-100,-100,-100,-100,-100,-100,-100,-100,-100,-100,-100,-100,-100,-100,-100,-100,-100,-100,-100,-100,-100,-100,-100,-100,-100,-100,-100,-100,-100,-100,-100,-100,-91.0,-100,-100,-100.0,-100,-100,-100,-90.46681825392628,-100,-100,-100,-100,-100,-100,-100,-100,-100,-100,-100,-100,-100,-100,-100,-100,-100,-100,-100,-100,-100,-100,-100,-100,-100,-100,-100,-100,-100,-100,-100,-100,-100,-100,-100,-100,-100,-100,-100,-100,-100,-100,-100.0,-100,-100,-100,-100,-100,-100,-100,-100,-100,-100,-100,-100,-100,-100,-100,-100,-100,-100.0,-100,-100,-100,-100,-100,-100,-100,-100,-65.67628857618253,-100.0,-100,-100,-100,-100,-100,-100,-100,-100,-100,-100,-100,-100,-100,-100,-100,-100,-100,-100,-100,-100,-100,-100
138.6183,-69.54968313639455,-100.0,-100.0,-100.0,-100.0,-100.0,-100.0,-100,-79.82598983017432,-100.0,-100,-87.45896973716386,-100.0,-100.0,-50.470482351510164,-100.0,-100.0,-100,-100.0,-100.0,-100.0,-100.0,-100.0,-100.0,-100.0,-100.0,-100.0,-100.0,-100,-100,-100,-100,-100,-100.0,-100.0,-100,-63.91926993038927,-66.31846010240184,-100.0,-100,-100,-100,-100,-100,-100,-63.385182340854804,-100,-100,-100,-100,-100,-77.33080552366565,-100,-100,-80.1037509925864,-100,-100,-72.27980557115698,-61.62887657207239,-61.63092172851649,-64.53927282991381,-100,-64.44956299839285,-100.0,-100.0,-100,-100,-100,-100,-100.0,-100,-100.0,-100,-100,-100,-100,-100,-100,-100,-100,-100,-100,-100,-100,-100,-100,-100,-100,-100,-100.0,-100.0,-100,-100,-100.0,-100.0,-100.0,-100,-100,-100,-100,-100.0,-100,-100,-100,-100,-100,-100,-100,-100,-100,-100,-100,-100,-100,-100,-100,-100,-100,-100,-100,-100,-100,-100,-100,-100,-100,-100,-100,-100,-100,-100,-100,-100,-100,-100,-100,-100.0,-100,-100,-100.0,-100,-100,-100,-100.0,-100,-100,-100,-100,-100,-100,-100,-100,-100,-100,-100,-100,-100,-100,-100,-100,-100,-100,-100,-100,-100,-100,-100,-100,-100,-100,-100,-100,-100,-100,-100,-100,-100,-100,-100,-100,-100,-100,-100,-100,-100,-100,-100.0,-100,-100,-100,-100,-100,-100,-100,-100,-100,-100,-100,-100,-100,-100,-100,-100,-100,-100.0,-100,-100,-100,-100,-100,-100,-100,-100,-64.92056972681216,-100.0,-100,-100,-100,-100,-100,-100,-100,-100,-100,-100,-100,-100,-100,-100,-100,-100,-100,-100,-100,-100,-100,-100
140.5832,-68.82971458585014,-100.0,-100.0,-100.0,-100.0,-100.0,-100.0,-100,-79.02799898462911,-100.0,-100,-100.0,-100.0,-100.0,-50.337629569986696,-100.0,-100.0,-100,-100.0,-100.0,-100.0,-100.0,-89.9996771913748,-100.0,-100.0,-100.0,-100.0,-100.0,-100,-100,-100,-100,-100,-100.0,-100.0,-100,-64.22444183612171,-66.22853470929724,-90.66714803175043,-100,-100,-100,-100,-100,-100,-62.99404051309216,-100,-100,-100,-100,-100,-76.39026700788963,-100,-100,-80.35682489826736,-100,-100,-70.22416540532737,-61.16892141612738,-61.17038907009689,-62.97511680852576,-100,-64.32261733376842,-100.0,-100.0,-100,-100,-100,-100,-100.0,-100,-100.0,-100,-100,-100,-100,-100,-100,-100,-100,-100,-100,-100,-100,-100,-100,-100,-100,-100,-100.0,-100.0,-100,-100,-100.0,-100.0,-100.0,-100,-100,-100,-100,-100.0,-100,-100,-100,-100,-100,-100,-100,-100,-100,-100,-100,-100,-100,-100,-100,-100,-100,-100,-100,-100,-100,-100,-100,-100,-100,-100,-100,-100,-100,-100,-100,-100,-100,-100,-100,-100.0,-100,-100,-100.0,-100,-100,-100,-100.0,-100,-100,-100,-100,-100,-100,-100,-100,-100,-100,-100,-100,-100,-100,-100,-100,-100,-100,-100,-100,-100,-100,-100,-100,-100,-100,-100,-100,-100,-100,-100,-100,-100,-100,-100,-100,-100,-100,-100,-100,-100,-100,-100.0,-100,-100,-100,-100,-100,-100,-100,-100,-100,-100,-100,-100,-100,-100,-100,-100,-100,-100.0,-100,-100,-100,-100,-100,-100,-100,-100,-64.66062320943465,-100.0,-100,-100,-100,-100,-100,-100,-100,-100,-100,-100,-100,-100,-100,-100,-100,-100,-100,-100,-100,-100,-100,-100
142.5798,-68.8777990482111,-100.0,-100.0,-100.0,-100.0,-100.0,-100.0,-100,-79.0200927518536,-100.0,-100,-87.04699214753741,-100.0,-100.0,-49.677539792873056,-100.0,-100.0,-100,-100.0,-100.0,-100.0,-100.0,-100.0,-100.0,-100.0,-100.0,-100.0,-100.0,-100,-100,-100,-100,-100,-100.0,-100.0,-100,-64.72581630866203,-66.16400206167009,-100.0,-100,-100,-100,-100,-100,-100,-62.71334763122864,-100,-100,-100,-100,-100,-73.1739324547079,-100,-100,-79.97369444597665,-100,-100,-69.87849084682263,-61.12122211365754,-61.12227533781573,-63.264518913167855,-100,-63.94914234343503,-100.0,-88.81147252429595,-100,-100,-100,-100,-100.0,-100,-100.0,-100,-100,-100,-100,-100,-100,-100,-100,-100,-100,-100,-100,-100,-100,-100,-100,-100,-100.0,-100.0,-100,-100,-100.0,-100.0,-100.0,-100,-100,-100,-100,-100.0,-100,-100,-100,-100,-100,-100,-100,-100,-100,-100,-100,-100,-100,-100,-100,-100,-100,-100,-100,-100,-100,-100,-100,-100,-100,-100,-100,-100,-100,-100,-100,-100,-100,-100,-100,-100.0,-100,-100,-100.0,-100,-100,-100,-100.0,-100,-100,-100,-100,-100,-100,-100,-100,-100,-100,-100,-100,-100,-100,-100,-100,-100,-100,-100,-100,-100,-100,-100,-100,-100,-100,-100,-100,-100,-100,-100,-100,-100,-100,-100,-100,-100,-100,-100,-100,-100,-100,-100.0,-100,-100,-100,-100,-100,-100,-100,-100,-100,-100,-100,-100,-100,-100,-100,-100,-100,-100.0,-100,-100,-100,-100,-100,-100,-100,-100,-63.626952182542794,-100.0,-100,-100,-100,-100,-100,-100,-100,-100,-100,-100,-100,-100,-100,-100,-100,-100,-100,-100,-100,-100,-100,-100
144.6058,-68.91230562703996,-100.0,-100.0,-100.0,-100.0,-100.0,-100.0,-100,-79.01441904706182,-100.0,-100,-87.0337227072558,-100.0,-100.0,-49.20384332607865,-100.0,-100.0,-100,-100.0,-100.0,-100.0,-100.0,-100.0,-100.0,-100.0,-100.0,-100.0,-100.0,-100,-100,-100,-100,-100,-100.0,-100.0,-100,-64.80323911937045,-66.4000675614673,-100.0,-100,-100,-100,-100,-100,-100,-62.229539901151746,-100,-100,-100,-100,-100,-73.68956954714882,-100,-100,-79.69874824874861,-100,-100,-69.91280207853697,-61.086991934927426,-61.08774775418077,-63.754576593178506,-100,-64.24587900573866,-100.0,-89.14707712502356,-100,-100,-100,-100,-100.0,-100,-100.0,-100,-100,-100,-100,-100,-100,-100,-100,-100,-100,-100,-100,-100,-100,-100,-100,-100,-100.0,-100.0,-100,-100,-100.0,-100.0,-100.0,-100,-100,-100,-100,-100.0,-100,-100,-100,-100,-100,-100,-100,-100,-100,-100,-100,-100,-100,-100,-100,-100,-100,-100,-100,-100,-100,-100,-100,-100,-100,-100,-100,-100,-100,-100,-100,-100,-100,-100,-100,-100.0,-100,-100,-100.0,-100,-100,-100,-100.0,-100,-100,-100,-100,-100,-100,-100,-100,-100,-100,-100,-100,-100,-100,-100,-100,-100,-100,-100,-100,-100,-100,-100,-100,-100,-100,-100,-100,-100,-100,-100,-100,-100,-100,-100,-100,-100,-100,-100,-100,-100,-100,-100.0,-100,-100,-100,-100,-100,-100,-100,-100,-100,-100,-100,-100,-100,-100,-100,-100,-100,-100.0,-100,-100,-100,-100,-100,-100,-100,-100,-63.44991612357027,-100.0,-100,-100,-100,-100,-100,-100,-100,-100,-100,-100,-100,-100,-100,-100,-100,-100,-100,-100,-100,-100,-100,-100
146.5786,-68.93706838665103,-100.0,-100.0,-100.0,-100.0,-100.0,-100.0,-100,-78.72797176248257,-100.0,-100,-86.45944884410979,-100.0,-100.0,-49.428658621103885,-100.0,-100.0,-100,-100.0,-100.0,-100.0,-100.0,-100.0,-100.0,-100.0,-100.0,-100.0,-100.0,-100,-100,-100,-100,-100,-100.0,-100.0,-100,-63.446921129370516,-65.72234681304451,-91.04273475478303,-100,-100,-100,-100,-100,-100,-61.59997201951958,-100,-100,-100,-100,-100,-73.4948518666015,-100,-100,-79.78381419072385,-100,-100,-69.65504895618331,-61.0624275267448,-61.062969921010335,-63.823878198525755,-100,-64.4588244464577,-100.0,-100.0,-100,-100,-100,-100,-100.0,-100,-100.0,-100,-100,-100,-100,-100,-100,-100,-100,-100,-100,-100,-100,-100,-100,-100,-100,-100,-100.0,-100.0,-100,-100,-100.0,-100.0,-88.59327564862603,-100,-100,-100,-100,-100.0,-100,-100,-100,-100,-100,-100,-100,-100,-100,-100,-100,-100,-100,-100,-100,-100,-100,-100,-100,-100,-100,-100,-100,-100,-100,-100,-100,-100,-100,-100,-100,-100,-100,-100,-100,-100.0,-100,-100,-100.0,-100,-100,-100,-100.0,-100,-100,-100,-100,-100,-100,-100,-100,-100,-100,-100,-100,-100,-100,-100,-100,-100,-100,-100,-100,-100,-100,-100,-100,-100,-100,-100,-100,-100,-100,-100,-100,-100,-100,-100,-100,-100,-100,-100,-100,-100,-100,-100.0,-100,-100,-100,-100,-100,-100,-100,-100,-100,-100,-100,-100,-100,-100,-100,-100,-100,-100.0,-100,-100,-100,-100,-100,-100,-100,-100,-64.16999783333644,-100.0,-100,-100,-100,-100,-100,-100,-100,-100,-100,-100,-100,-100,-100,-100,-100,-100,-100,-100,-100,-100,-100,-100
148.5824,-68.10771165639585,-100.0,-100.0,-100.0,-100.0,-100.0,-100.0,-100,-100.0,-100.0,-100,-86.32971165715726,-100.0,-100.0,-49.872367236823905,-100.0,-100.0,-100,-100.0,-100.0,-100.0,-100.0,-100.0,-89.56736794538591,-100.0,-100.0,-100.0,-100.0,-100,-100,-100,-100,-100,-100.0,-100.0,-100,-63.88547285660571,-64.10649514822707,-100.0,-100,-100,-100,-100,-100,-100,-60.3010517183399,-100,-100,-100,-100,-100,-100.0,-100,-100,-100.0,-100,-100,-100.0,-61.609550902678066,-61.6099401379853,-62.74410793030959,-100,-63.19976078947809,-100.0,-100.0,-100,-100,-100,-100,-100.0,-100,-100.0,-100,-100,-100,-100,-100,-100,-100,-100,-100,-100,-100,-100,-100,-100,-100,-100,-100,-100.0,-100.0,-100,-100,-88.20226128305855,-100.0,-100.0,-100,-100,-100,-100,-100.0,-100,-100,-100,-100,-100,-100,-100,-100,-100,-100,-100,-100,-100,-100,-100,-100,-100,-100,-100,-100,-100,-100,-100,-100,-100,-100,-100,-100,-100,-100,-100,-100,-100,-100,-100,-100.0,-100,-100,-100.0,-100,-100,-100,-100.0,-100,-100,-100,-100,-100,-100,-100,-100,-100,-100,-100,-100,-100,-100,-100,-100,-100,-100,-100,-100,-100,-100,-100,-100,-100,-100,-100,-100,-100,-100,-100,-100,-100,-100,-100,-100,-100,-100,-100,-100,-100,-100,-100.0,-100,-100,-100,-100,-100,-100,-100,-100,-100,-100,-100,-100,-100,-100,-100,-100,-100,-100.0,-100,-100,-100,-100,-100,-100,-100,-100,-63.83961888068601,-100.0,-100,-100,-100,-100,-100,-100,-100,-100,-100,-100,-100,-100,-100,-100,-100,-100,-100,-100,-100,-100,-100,-100
150.5846,-66.94779371792929,-100.0,-100.0,-100.0,-100.0,-100.0,-100.0,-100,-78.24003453316259,-100.0,-100,-85.95423340267317,-100.0,-100.0,-49.626031931046775,-100.0,-100.0,-100,-100.0,-100.0,-100.0,-100.0,-100.0,-88.56002993846408,-100.0,-100.0,-100.0,-100.0,-100,-100,-100,-100,-100,-100.0,-100.0,-100,-61.0940555771704,-64.92355059499526,-100.0,-100,-100,-100,-100,-100,-100,-60.21604202980323,-100,-100,-100,-100,-100,-73.07274203056097,-100,-100,-100.0,-100,-100,-70.0348304434387,-61.71980423833677,-61.720083563053166,-60.83973575872822,-100,-62.29622610910717,-100.0,-100.0,-100,-100,-100,-100,-100.0,-100,-100.0,-100,-100,-100,-100,-100,-100,-100,-100,-100,-100,-100,-100,-100,-100,-100,-100,-100,-100.0,-100.0,-100,-100,-100.0,-100.0,-100.0,-100,-100,-100,-100,-100.0,-100,-100,-100,-100,-100,-100,-100,-100,-100,-100,-100,-100,-100,-100,-100,-100,-100,-100,-100,-100,-100,-100,-100,-100,-100,-100,-100,-100,-100,-100,-100,-100,-100,-100,-100,-100.0,-100,-100,-100.0,-100,-100,-100,-100.0,-100,-100,-100,-100,-100,-100,-100,-100,-100,-100,-100,-100,-100,-100,-100,-100,-100,-100,-100,-100,-100,-100,-100,-100,-100,-100,-100,-100,-100,-100,-100,-100,-100,-100,-100,-100,-100,-100,-100,-100,-100,-100,-100.0,-100,-100,-100,-100,-100,-100,-100,-100,-100,-100,-100,-100,-100,-100,-100,-100,-100,-100.0,-100,-100,-100,-100,-100,-100,-100,-100,-100.0,-100.0,-100,-100,-100,-100,-100,-100,-100,-100,-100,-100,-100,-100,-100,-100,-100,-100,-100,-100,-100,-100,-100,-100
152.5635,-65.55065702253285,-100.0,-90.99686368784327,-100.0,-100.0,-100.0,-100.0,-100,-100.0,-100.0,-100,-85.68478108145617,-100.0,-100.0,-48.319752944208574,-100.0,-100.0,-100,-100.0,-100.0,-100.0,-100.0,-100.0,-87.83713970248262,-100.0,-100.0,-100.0,-100.0,-100,-100,-100,-100,-100,-100.0,-100.0,-100,-59.655618087453824,-63.533259568313625,-100.0,-100,-100,-100,-100,-100,-100,-58.178407138350956,-100,-100,-100,-100,-100,-73.61695284103412,-100,-100,-81.82148683247338,-100,-100,-69.17786808434322,-59.822294838694695,-59.82249528889986,-58.343609220272604,-100,-62.21257905533684,-100.0,-86.8465641054412,-100,-100,-100,-100,-100.0,-100,-100.0,-100,-100,-100,-100,-100,-100,-100,-100,-100,-100,-100,-100,-100,-100,-100,-100,-100,-100.0,-100.0,-100,-100,-100.0,-100.0,-100.0,-100,-100,-100,-100,-100.0,-100,-100,-100,-100,-100,-100,-100,-100,-100,-100,-100,-100,-100,-100,-100,-100,-100,-100,-100,-100,-100,-100,-100,-100,-100,-100,-100,-100,-100,-100,-100,-100,-100,-100,-100,-100.0,-100,-100,-100.0,-100,-100,-100,-100.0,-100,-100,-100,-100,-100,-100,-100,-100,-100,-100,-100,-100,-100,-100,-100,-100,-100,-100,-100,-100,-100,-100,-100,-100,-100,-100,-100,-100,-100,-100,-100,-100,-100,-100,-100,-100,-100,-100,-100,-100,-100,-100,-100.0,-100,-100,-100,-100,-100,-100,-100,-100,-100,-100,-100,-100,-100,-100,-100,-100,-100,-100.0,-100,-100,-100,-100,-100,-100,-100,-100,-66.42628787602366,-100.0,-100,-100,-100,-100,-100,-100,-100,-100,-100,-100,-100,-100,-100,-100,-100,-100,-100,-100,-100,-100,-100,-100
154.5885,-63.983286381829146,-100.0,-100.0,-100.0,-100.0,-100.0,-100.0,-100,-77.88987891863844,-100.0,-100,-83.51478567453495,-100.0,-100.0,-47.66471109174344,-100.0,-100.0,-100,-100.0,-100.0,-100.0,-100.0,-100.0,-87.60075179623797,-100.0,-100.0,-100.0,-100.0,-100,-100,-100,-100,-100,-100.0,-100.0,-100,-58.05860899297676,-62.53555293811128,-100.0,-100,-100,-100,-100,-100,-100,-55.586648033315846,-100,-100,-100,-100,-100,-74.85461883339741,-100,-100,-100.0,-100,-100,-67.43338828344183,-55.07208762315322,-55.07223147109217,-57.117079542991526,-100,-65.2586845540084,-100.0,-86.32514203014159,-100,-100,-100,-100,-100.0,-100,-100.0,-100,-100,-100,-100,-100,-100,-100,-100,-100,-100,-100,-100,-100,-100,-100,-100,-100,-100.0,-100.0,-100,-100,-100.0,-100.0,-100.0,-100,-100,-100,-100,-100.0,-100,-100,-100,-100,-100,-100,-100,-100,-100,-100,-100,-100,-100,-100,-100,-100,-100,-100,-100,-100,-100,-100,-100,-100,-100,-100,-100,-100,-100,-100,-100,-100,-100,-100,-100,-100.0,-100,-100,-100.0,-100,-100,-100,-100.0,-100,-100,-100,-100,-100,-100,-100,-100,-100,-100,-100,-100,-100,-100,-100,-100,-100,-100,-100,-100,-100,-100,-100,-100,-100,-100,-100,-100,-100,-100,-100,-100,-100,-100,-100,-100,-100,-100,-100,-100,-100,-100,-100.0,-100,-100,-100,-100,-100,-100,-100,-100,-100,-100,-100,-100,-100,-100,-100,-100,-100,-100.0,-100,-100,-100,-100,-100,-100,-100,-100,-69.97679858992392,-100.0,-100,-100,-100,-100,-100,-100,-100,-100,-100,-100,-100,-100,-100,-100,-100,-100,-100,-100,-100,-100,-100,-100
156.5887,-62.858503116884236,-100.0,-100.0,-100.0,-100.0,-100.0,-100.0,-100,-75.09721747436946,-100.0,-100,-83.36942271135034,-100.0,-100.0,-49.73601840351003,-100.0,-100.0,-100,-100.0,-100.0,-100.0,-100.0,-100.0,-86.01923560893695,-100.0,-100.0,-100.0,-100.0,-100,-100,-100,-100,-100,-89.76774656761896,-100.0,-100,-57.47730784553025,-64.36095567729264,-91.0306803548073,-100,-100,-100,-100,-100,-100,-52.314860229121884,-100,-100,-100,-100,-100,-77.71942790242775,-100,-100,-100.0,-100,-100,-66.74625857295601,-53.07510195748939,-53.07520518626644,-56.8016434294093,-100,-69.70364946103565,-100.0,-79.45633176802794,-100,-100,-100,-100,-100.0,-100,-100.0,-100,-100,-100,-100,-100,-100,-100,-100,-100,-100,-100,-100,-100,-100,-100,-100,-100,-100.0,-100.0,-100,-100,-100.0,-100.0,-100.0,-100,-100,-100,-100,-100.0,-100,-100,-100,-100,-100,-100,-100,-100,-100,-100,-100,-100,-100,-100,-100,-100,-100,-100,-100,-100,-100,-100,-100,-100,-100,-100,-100,-100,-100,-100,-100,-100,-100,-100,-100,-100.0,-100,-100,-100.0,-100,-100,-100,-100.0,-100,-100,-100,-100,-100,-100,-100,-100,-100,-100,-100,-100,-100,-100,-100,-100,-100,-100,-100,-100,-100,-100,-100,-100,-100,-100,-100,-100,-100,-100,-100,-100,-100,-100,-100,-100,-100,-100,-100,-100,-100,-100,-100.0,-100,-100,-100,-100,-100,-100,-100,-100,-100,-100,-100,-100,-100,-100,-100,-100,-100,-100.0,-100,-100,-100,-100,-100,-100,-100,-100,-100.0,-100.0,-100,-100,-100,-100,-100,-100,-100,-100,-100,-100,-100,-100,-100,-100,-100,-100,-100,-100,-100,-100,-100,-100
158.5813,-61.204204220987876,-89.81430877810617,-100.0,-100.0,-100.0,-100.0,-100.0,-100,-73.37551144560254,-100.0,-100,-100.0,-100.0,-100.0,-50.940063175094494,-100.0,-100.0,-100,-100.0,-100.0,-100.0,-100.0,-88.87088534775572,-84.60192545983456,-100.0,-100.0,-100.0,-92.9558598007055,-100,-100,-100,-100,-100,-100.0,-100.0,-100,-59.60153327940287,-61.152897909241425,-100.0,-100,-100,-100,-100,-100,-100,-51.37882426435763,-100,-100,-100,-100,-100,-79.49290882044193,-100,-100,-100.0,-100,-100,-66.5355332889263,-53.61864638221813,-53.33634476556972,-58.269532984749745,-100,-73.45821570043334,-100.0,-80.17460085130378,-100,-100,-100,-100,-100.0,-100,-100.0,-100,-100,-100,-100,-100,-100,-100,-100,-100,-100,-100,-100,-100,-100,-100,-100,-100,-100.0,-100.0,-100,-100,-100.0,-100.0,-100.0,-100,-100,-100,-100,-100.0,-100,-100,-100,-100,-100,-100,-100,-100,-100,-100,-100,-100,-100,-100,-100,-100,-100,-100,-100,-100,-100,-100,-100,-100,-100,-100,-100,-100,-100,-100,-100,-100,-100,-100,-100,-100.0,-100,-100,-100.0,-100,-100,-100,-100.0,-100,-100,-100,-100,-100,-100,-100,-100,-100,-100,-100,-100,-100,-100,-100,-100,-100,-100,-100,-100,-100,-100,-100,-100,-100,-100,-100,-100,-100,-100,-100,-100,-100,-100,-100,-100,-100,-100,-100,-100,-100,-100,-100.0,-100,-100,-100,-100,-100,-100,-100,-100,-100,-100,-100,-100,-100,-100,-100,-100,-100,-100.0,-100,-100,-100,-100,-100,-100,-100,-100,-73.08948276164227,-100.0,-100,-100,-100,-100,-100,-100,-100,-100,-100,-100,-100,-100,-100,-100,-100,-100,-100,-100,-100,-100,-100,-100
160.5876,-58.32278495065743,-100.0,-90.99774927198119,-100.0,-100.0,-100.0,-100.0,-100,-69.59859209008678,-100.0,-100,-83.82985810829217,-100.0,-100.0,-52.93361775064462,-100.0,-100.0,-100,-100.0,-100.0,-100.0,-100.0,-100.0,-83.02007785845842,-100.0,-100.0,-100.0,-100.0,-100,-100,-100,-100,-100,-100.0,-100.0,-100,-59.996426293142875,-63.08635312857666,-100.0,-100,-100,-100,-100,-100,-100,-52.4013562835103,-100,-100,-100,-100,-100,-81.33035322197303,-100,-100,-100.0,-100,-100,-67.23143879204923,-55.420585552276165,-55.21799905114682,-59.0405505089347,-100,-77.56446216496202,-100.0,-81.25479982095956,-100,-100,-100,-100,-100.0,-100,-100.0,-100,-100,-100,-100,-100,-100,-100,-100,-100,-100,-100,-100,-100,-100,-100,-100,-100,-100.0,-100.0,-100,-100,-100.0,-100.0,-100.0,-100,-100,-100,-100,-100.0,-100,-100,-100,-100,-100,-100,-100,-100,-100,-100,-100,-100,-100,-100,-100,-100,-100,-100,-100,-100,-100,-100,-100,-100,-100,-100,-100,-100,-100,-100,-100,-100,-100,-100,-100,-100.0,-100,-100,-100.0,-100,-100,-100,-100.0,-100,-100,-100,-100,-100,-100,-100,-100,-100,-100,-100,-100,-100,-100,-100,-100,-100,-100,-100,-100,-100,-100,-100,-100,-100,-100,-100,-100,-100,-100,-100,-100,-100,-100,-100,-100,-100,-100,-100,-100,-100,-100,-100.0,-100,-100,-100,-100,-100,-100,-100,-100,-100,-100,-100,-100,-100,-100,-100,-100,-100,-100.0,-100,-100,-100,-100,-100,-100,-100,-100,-76.45272335806008,-100.0,-100,-100,-100,-100,-100,-100,-100,-100,-100,-100,-100,-100,-100,-100,-100,-100,-100,-100,-100,-100,-100,-100
162.5841,-57.10213554100528,-100.0,-100.0,-100.0,-100.0,-100.0,-100.0,-100,-67.17055866293057,-100.0,-100,-100.0,-100.0,-100.0,-54.92899235741062,-100.0,-100.0,-100,-100.0,-100.0,-100.0,-100.0,-100.0,-83.29678405532715,-100.0,-100.0,-100.0,-100.0,-100,-100,-100,-100,-100,-90.11570498839305,-100.0,-100,-62.53881668625352,-63.061969103782026,-100.0,-100,-100,-100,-100,-100,-100,-54.82940428870797,-100,-100,-100,-100,-100,-83.21369937381093,-100,-100,-82.43664556166007,-100,-100,-66.8837104059057,-56.148949502553975,-56.0035685057071,-62.1352326881504,-100,-79.38170164108689,-100.0,-82.3123529364338,-100,-100,-100,-100,-100.0,-100,-100.0,-100,-100,-100,-100,-100,-100,-100,-100,-100,-100,-100,-100,-100,-100,-100,-100,-100,-100.0,-100.0,-100,-100,-100.0,-100.0,-100.0,-100,-100,-100,-100,-100.0,-100,-100,-100,-100,-100,-100,-100,-100,-100,-100,-100,-100,-100,-100,-100,-100,-100,-100,-100,-100,-100,-100,-100,-100,-100,-100,-100,-100,-100,-100,-100,-100,-100,-100,-100,-100.0,-100,-100,-100.0,-100,-100,-100,-100.0,-100,-100,-100,-100,-100,-100,-100,-100,-100,-100,-100,-100,-100,-100,-100,-100,-100,-100,-100,-100,-100,-100,-100,-100,-100,-100,-100,-100,-100,-100,-100,-100,-100,-100,-100,-100,-100,-100,-100,-100,-100,-100,-100.0,-100,-100,-100,-100,-100,-100,-100,-100,-100,-100,-100,-100,-100,-100,-100,-100,-100,-100.0,-100,-100,-100,-100,-100,-100,-100,-100,-78.86626654982217,-100.0,-100,-100,-100,-100,-100,-100,-100,-100,-100,-100,-100,-100,-100,-100,-100,-100,-100,-100,-100,-100,-100,-100
164.6114,-56.79091925038686,-100.0,-90.43364464631406,-100.0,-100.0,-100.0,-100.0,-100,-65.1457671688612,-100.0,-100,-100.0,-100.0,-100.0,-58.05517584732165,-100.0,-100.0,-100,-100.0,-100.0,-100.0,-100.0,-100.0,-82.93060375497687,-100.0,-100.0,-100.0,-100.0,-100,-100,-100,-100,-100,-100.0,-100.0,-100,-62.95141934164283,-64.17397331947389,-89.32869730210987,-100,-100,-100,-100,-100,-100,-57.13658194046188,-100,-100,-100,-100,-100,-100.0,-100,-100,-100.0,-100,-100,-68.89317763388424,-59.213022440486895,-59.10869350382839,-62.944173352077755,-100,-82.09767533574869,-100.0,-100.0,-100,-100,-100,-100,-100.0,-100,-100.0,-100,-100,-100,-100,-100,-100,-100,-100,-100,-100,-100,-100,-100,-100,-100,-100,-100,-100.0,-100.0,-100,-100,-100.0,-100.0,-100.0,-100,-100,-100,-100,-100.0,-100,-100,-100,-100,-100,-100,-100,-100,-100,-100,-100,-100,-100,-100,-100,-100,-100,-100,-100,-100,-100,-100,-100,-100,-100,-100,-100,-100,-100,-100,-100,-100,-100,-100,-100,-100.0,-100,-100,-100.0,-100,-100,-100,-100.0,-100,-100,-100,-100,-100,-100,-100,-100,-100,-100,-100,-100,-100,-100,-100,-100,-100,-100,-100,-100,-100,-100,-100,-100,-100,-100,-100,-100,-100,-100,-100,-100,-100,-100,-100,-100,-100,-100,-100,-100,-100,-100,-100.0,-100,-100,-100,-100,-100,-100,-100,-100,-100,-100,-100,-100,-100,-100,-100,-100,-100,-100.0,-100,-100,-100,-100,-100,-100,-100,-100,-100.0,-100.0,-100,-100,-100,-100,-100,-100,-100,-100,-100,-100,-100,-100,-100,-100,-100,-100,-100,-100,-100,-100,-100,-100
166.6312,-55.15570439583969,-100.0,-90.31119519120168,-100.0,-100.0,-100.0,-100.0,-100,-62.28084910180467,-100.0,-100,-100.0,-100.0,-100.0,-60.01622540191852,-100.0,-100.0,-100,-100.0,-100.0,-100.0,-100.0,-88.62503799730632,-81.53832108733553,-100.0,-100.0,-93.546875,-100.0,-100,-100,-100,-100,-100,-100.0,-100.0,-100,-64.65939151563086,-65.81910165904588,-88.6713156350538,-100,-100,-100,-100,-100,-100,-59.07464439283924,-100,-100,-100,-100,-100,-100.0,-100,-100,-100.0,-100,-100,-71.18234724289961,-62.54137843409573,-62.18413375742476,-64.65419161741335,-100,-81.78771849869447,-100.0,-83.35365464419827,-100,-100,-100,-100,-100.0,-100,-100.0,-100,-100,-100,-100,-100,-100,-100,-100,-100,-100,-100,-100,-100,-100,-100,-100,-100,-100.0,-100.0,-100,-100,-100.0,-100.0,-100.0,-100,-100,-100,-100,-100.0,-100,-100,-100,-100,-100,-100,-100,-100,-100,-100,-100,-100,-100,-100,-100,-100,-100,-100,-100,-100,-100,-100,-100,-100,-100,-100,-100,-100,-100,-100,-100,-100,-100,-100,-100,-100.0,-100,-100,-100.0,-100,-100,-100,-100.0,-100,-100,-100,-100,-100,-100,-100,-100,-100,-100,-100,-100,-100,-100,-100,-100,-100,-100,-100,-100,-100,-100,-100,-100,-100,-100,-100,-100,-100,-100,-100,-100,-100,-100,-100,-100,-100,-100,-100,-100,-100,-100,-100.0,-100,-100,-100,-100,-100,-100,-100,-100,-100,-100,-100,-100,-100,-100,-100,-100,-100,-100.0,-100,-100,-100,-100,-100,-100,-100,-100,-100.0,-100.0,-100,-100,-100,-100,-100,-100,-100,-100,-100,-100,-100,-100,-100,-100,-100,-100,-100,-100,-100,-100,-100,-100
168.5772,-53.417483081908244,-100.0,-89.3761990742345,-100.0,-100.0,-100.0,-100.0,-100,-60.22491426828199,-100.0,-100,-86.13690761234612,-100.0,-100.0,-63.40015209628897,-100.0,-100.0,-100,-100.0,-100.0,-100.0,-100.0,-100.0,-80.82156090330359,-100.0,-100.0,-100.0,-100.0,-100,-100,-100,-100,-100,-88.95352992723979,-100.0,-100,-65.88507385802231,-66.99968573851186,-87.35244163857176,-100,-100,-100,-100,-100,-100,-59.900693718832265,-100,-100,-100,-100,-100,-100.0,-100,-100,-100.0,-100,-100,-73.3898623822703,-62.953257714154795,-62.414514555619014,-65.59896658855608,-100,-83.25954011603905,-100.0,-82.97141550932312,-100,-100,-100,-100,-100.0,-100,-100.0,-100,-100,-100,-100,-100,-100,-100,-100,-100,-100,-100,-100,-100,-100,-100,-100,-100,-100.0,-100.0,-100,-100,-100.0,-100.0,-100.0,-100,-100,-100,-100,-100.0,-100,-100,-100,-100,-100,-100,-100,-100,-100,-100,-100,-100,-100,-100,-100,-100,-100,-100,-100,-100,-100,-100,-100,-100,-100,-100,-100,-100,-100,-100,-100,-100,-100,-100,-100,-100.0,-100,-100,-100.0,-100,-100,-100,-100.0,-100,-100,-100,-100,-100,-100,-100,-100,-100,-100,-100,-100,-100,-100,-100,-100,-100,-100,-100,-100,-100,-100,-100,-100,-100,-100,-100,-100,-100,-100,-100,-100,-100,-100,-100,-100,-100,-100,-100,-100,-100,-100,-100.0,-100,-100,-100,-100,-100,-100,-100,-100,-100,-100,-100,-100,-100,-100,-100,-100,-100,-100.0,-100,-100,-100,-100,-100,-100,-100,-100,-81.44541089105995,-100.0,-100,-100,-100,-100,-100,-100,-100,-100,-100,-100,-100,-100,-100,-100,-100,-100,-100,-100,-100,-100,-100,-100
170.5989,-52.17009322152216,-90.42901860618694,-100.0,-100.0,-100.0,-100.0,-100.0,-100,-59.59665255295146,-100.0,-100,-100.0,-100.0,-100.0,-62.722407477287064,-100.0,-100.0,-100,-100.0,-100.0,-100.0,-100.0,-100.0,-80.0248206790666,-100.0,-100.0,-100.0,-100.0,-100,-100,-100,-100,-100,-100.0,-100.0,-100,-67.32940468800493,-68.69402865508441,-100.0,-100,-100,-100,-100,-100,-100,-64.16437084102203,-100,-100,-100,-100,-100,-100.0,-100,-100,-100.0,-100,-100,-73.5621504168104,-64.94308647255268,-64.55647128844247,-66.84171146179374,-100,-84.31575507961018,-100.0,-100.0,-100,-100,-100,-100,-100.0,-100,-100.0,-100,-100,-100,-100,-100,-100,-100,-100,-100,-100,-100,-100,-100,-100,-100,-100,-100,-100.0,-100.0,-100,-100,-100.0,-100.0,-100.0,-100,-100,-100,-100,-100.0,-100,-100,-100,-100,-100,-100,-100,-100,-100,-100,-100,-100,-100,-100,-100,-100,-100,-100,-100,-100,-100,-100,-100,-100,-100,-100,-100,-100,-100,-100,-100,-100,-100,-100,-100,-100.0,-100,-100,-100.0,-100,-100,-100,-100.0,-100,-100,-100,-100,-100,-100,-100,-100,-100,-100,-100,-100,-100,-100,-100,-100,-100,-100,-100,-100,-100,-100,-100,-100,-100,-100,-100,-100,-100,-100,-100,-100,-100,-100,-100,-100,-100,-100,-100,-100,-100,-100,-100.0,-100,-100,-100,-100,-100,-100,-100,-100,-100,-100,-100,-100,-100,-100,-100,-100,-100,-100.0,-100,-100,-100,-100,-100,-100,-100,-100,-100.0,-100.0,-100,-100,-100,-100,-100,-100,-100,-100,-100,-100,-100,-100,-100,-100,-100,-100,-100,-100,-100,-100,-100,-100
172.5951,-50.99256024517752,-100.0,-89.26996988722718,-100.0,-100.0,-100.0,-100.0,-100,-57.73391819619936,-100.0,-100,-100.0,-100.0,-100.0,-64.21267133976636,-100.0,-100.0,-100,-100.0,-100.0,-100.0,-100.0,-100.0,-81.71206609930287,-100.0,-100.0,-100.0,-100.0,-100,-100,-100,-100,-100,-89.53140333863982,-100.0,-100,-69.49539437894325,-69.90993031111078,-100.0,-100,-100,-100,-100,-100,-100,-67.78884056002516,-100,-100,-100,-100,-100,-100.0,-100,-100,-100.0,-100,-100,-74.81529128217349,-66.08866025399541,-65.81121580163185,-69.42778956310786,-100,-100.0,-90.07332900713823,-100.0,-100,-100,-100,-100,-100.0,-100,-100.0,-100,-100,-100,-100,-100,-100,-100,-100,-100,-100,-100,-100,-100,-100,-100,-100,-100,-100.0,-100.0,-100,-100,-100.0,-100.0,-100.0,-100,-100,-100,-100,-100.0,-100,-100,-100,-100,-100,-100,-100,-100,-100,-100,-100,-100,-100,-100,-100,-100,-100,-100,-100,-100,-100,-100,-100,-100,-100,-100,-100,-100,-100,-100,-100,-100,-100,-100,-100,-100.0,-100,-100,-100.0,-100,-100,-100,-100.0,-100,-100,-100,-100,-100,-100,-100,-100,-100,-100,-100,-100,-100,-100,-100,-100,-100,-100,-100,-100,-100,-100,-100,-100,-100,-100,-100,-100,-100,-100,-100,-100,-100,-100,-100,-100,-100,-100,-100,-100,-100,-100,-100.0,-100,-100,-100,-100,-100,-100,-100,-100,-100,-100,-100,-100,-100,-100,-100,-100,-100,-100.0,-100,-100,-100,-100,-100,-100,-100,-100,-100.0,-100.0,-100,-100,-100,-100,-100,-100,-100,-100,-100,-100,-100,-100,-100,-100,-100,-100,-100,-100,-100,-100,-100,-100
174.6006,-52.40653953176293,-88.61737403639685,-89.75848766148799,-100.0,-100.0,-93.2265625,-100.0,-100,-57.809053230774474,-100.0,-100,-100.0,-100.0,-100.0,-65.28212090666415,-100.0,-100.0,-100,-100.0,-100.0,-100.0,-100.0,-100.0,-82.07574733107866,-100.0,-100.0,-100.0,-100.0,-100,-100,-100,-100,-100,-100.0,-100.0,-100,-68.50837995794838,-69.93536380221089,-100.0,-100,-100,-100,-100,-100,-100,-69.82509672677574,-100,-100,-100,-100,-100,-100.0,-100,-100,-100.0,-100,-100,-76.56170271171668,-67.19312753756532,-66.711650959447,-68.74224079517377,-100,-84.22659351919941,-100.0,-84.95611684713799,-100,-100,-100,-100,-100.0,-100,-100.0,-100,-100,-100,-100,-100,-100,-100,-100,-100,-100,-100,-100,-100,-100,-100,-100,-100,-100.0,-100.0,-100,-100,-100.0,-100.0,-100.0,-100,-100,-100,-100,-100.0,-100,-100,-100,-100,-100,-100,-100,-100,-100,-100,-100,-100,-100,-100,-100,-100,-100,-100,-100,-100,-100,-100,-100,-100,-100,-100,-100,-100,-100,-100,-100,-100,-100,-100,-100,-100.0,-100,-100,-100.0,-100,-100,-100,-100.0,-100,-100,-100,-100,-100,-100,-100,-100,-100,-100,-100,-100,-100,-100,-100,-100,-100,-100,-100,-100,-100,-100,-100,-100,-100,-100,-100,-100,-100,-100,-100,-100,-100,-100,-100,-100,-100,-100,-100,-100,-100,-100,-100.0,-100,-100,-100,-100,-100,-100,-100,-100,-100,-100,-100,-100,-100,-100,-100,-100,-100,-100.0,-100,-100,-100,-100,-100,-100,-100,-100,-100.0,-100.0,-100,-100,-100,-100,-100,-100,-100,-100,-100,-100,-100,-100,-100,-100,-100,-100,-100,-100,-100,-100,-100,-100
176.5674,-53.13886973686099,-100.0,-100.0,-100.0,-100.0,-93.16937053861129,-100.0,-100,-58.14534765378554,-100.0,-100,-100.0,-100.0,-100.0,-67.46146238827411,-100.0,-100.0,-100,-100.0,-100.0,-100.0,-100.0,-100.0,-100.0,-100.0,-100.0,-100.0,-100.0,-100,-100,-100,-100,-100,-89.09897225483918,-100.0,-100,-66.95294733278695,-69.67123979742895,-88.66470078509205,-100,-100,-100,-100,-100,-100,-68.74498237579674,-100,-100,-100,-100,-100,-81.17672599149375,-100,-100,-100.0,-100,-100,-76.40309151747887,-66.00909023019317,-65.66357093599018,-70.79165560296364,-100,-83.5978576242221,-90.32039553698905,-100.0,-100,-100,-100,-100,-100.0,-100,-100.0,-100,-100,-100,-100,-100,-100,-100,-100,-100,-100,-100,-100,-100,-100,-100,-100,-100,-100.0,-100.0,-100,-100,-100.0,-100.0,-100.0,-100,-100,-100,-100,-100.0,-100,-100,-100,-100,-100,-100,-100,-100,-100,-100,-100,-100,-100,-100,-100,-100,-100,-100,-100,-100,-100,-100,-100,-100,-100,-100,-100,-100,-100,-100,-100,-100,-100,-100,-100,-100.0,-100,-100,-100.0,-100,-100,-100,-100.0,-100,-100,-100,-100,-100,-100,-100,-100,-100,-100,-100,-100,-100,-100,-100,-100,-100,-100,-100,-100,-100,-100,-100,-100,-100,-100,-100,-100,-100,-100,-100,-100,-100,-100,-100,-100,-100,-100,-100,-100,-100,-100,-83.0,-100,-100,-100,-100,-100,-100,-100,-100,-100,-100,-100,-100,-100,-100,-100,-100,-100,-91.99607283235294,-100,-100,-100,-100,-100,-100,-100,-100,-100.0,-100.0,-100,-100,-100,-100,-100,-100,-100,-100,-100,-100,-100,-100,-100,-100,-100,-100,-100,-100,-100,-100,-100,-100
178.5817,-53.38203199437148,-100.0,-100.0,-100.0,-100.0,-100.0,-100.0,-100,-59.7985591856334,-100.0,-100,-100.0,-100.0,-100.0,-67.0487809290208,-100.0,-100.0,-100,-100.0,-100.0,-100.0,-100.0,-100.0,-100.0,-100.0,-100.0,-100.0,-100.0,-100,-100,-100,-100,-100,-100.0,-100.0,-100,-67.81336095082894,-69.19932229623367,-100.0,-100,-100,-100,-100,-100,-100,-67.40511467431757,-100,-100,-100,-100,-100,-100.0,-100,-100,-100.0,-100,-100,-77.41877105413833,-64.87702058560369,-64.62906754262681,-70.85048699711109,-100,-84.55853994590787,-100.0,-100.0,-100,-100,-100,-100,-100.0,-100,-100.0,-100,-100,-100,-100,-100,-100,-100,-100,-100,-100,-100,-100,-100,-100,-100,-100,-100,-100.0,-100.0,-100,-100,-100.0,-100.0,-100.0,-100,-100,-100,-100,-100.0,-100,-100,-100,-100,-100,-100,-100,-100,-100,-100,-100,-100,-100,-100,-100,-100,-100,-100,-100,-100,-100,-100,-100,-100,-100,-100,-100,-100,-100,-100,-100,-100,-100,-100,-100,-100.0,-100,-100,-100.0,-100,-100,-100,-100.0,-100,-100,-100,-100,-100,-100,-100,-100,-100,-100,-100,-100,-100,-100,-100,-100,-100,-100,-100,-100,-100,-100,-100,-100,-100,-100,-100,-100,-100,-100,-100,-100,-100,-100,-100,-100,-100,-100,-100,-100,-100,-100,-100.0,-100,-100,-100,-100,-100,-100,-100,-100,-100,-100,-100,-100,-100,-100,-100,-100,-100,-100.0,-100,-100,-100,-100,-100,-100,-100,-100,-84.14339464191038,-100.0,-100,-100,-100,-100,-100,-100,-100,-100,-100,-100,-100,-100,-100,-100,-100,-100,-100,-100,-100,-100,-100,-100
180.6201,-56.38028810142225,-100.0,-90.673811305396,-100.0,-100.0,-100.0,-100.0,-100,-59.8554411758187,-100.0,-100,-100.0,-100.0,-100.0,-67.31738207635847,-100.0,-100.0,-100,-100.0,-100.0,-100.0,-100.0,-88.7309027415575,-82.90148521411855,-100.0,-100.0,-100.0,-100.0,-100,-100,-100,-100,-100,-88.50627350322631,-100.0,-100,-68.43081467451859,-69.99016561246395,-100.0,-100,-100,-100,-100,-100,-100,-67.00834444001794,-100,-100,-100,-100,-100,-100.0,-100,-100,-100.0,-100,-100,-78.43002307071862,-64.06461989497018,-63.88668276511088,-70.6103301392543,-100,-85.24794892825005,-100.0,-100.0,-100,-100,-100,-100,-100.0,-100,-100.0,-100,-100,-100,-100,-100,-100,-100,-100,-100,-100,-100,-100,-100,-100,-100,-100,-100,-100.0,-100.0,-100,-100,-100.0,-100.0,-100.0,-100,-100,-100,-100,-100.0,-100,-100,-100,-100,-100,-100,-100,-100,-100,-100,-100,-100,-100,-100,-100,-100,-100,-100,-100,-100,-100,-100,-100,-100,-100,-100,-100,-100,-100,-100,-100,-100,-100,-100,-100,-100.0,-100,-100,-100.0,-100,-100,-100,-100.0,-100,-100,-100,-100,-100,-100,-100,-100,-100,-100,-100,-100,-100,-100,-100,-100,-100,-100,-100,-100,-100,-100,-100,-100,-100,-100,-100,-100,-100,-100,-100,-100,-100,-100,-100,-100,-100,-100,-100,-100,-100,-100,-100.0,-100,-100,-100,-100,-100,-100,-100,-100,-100,-100,-100,-100,-100,-100,-100,-100,-100,-92.8377107999207,-100,-100,-100,-100,-100,-100,-100,-100,-100.0,-100.0,-100,-100,-100,-100,-100,-100,-100,-100,-100,-100,-100,-100,-100,-100,-100,-100,-100,-100,-100,-100,-100,-100
182.5838,-56.55527968018175,-84.77625516050182,-90.76591903094335,-100.0,-100.0,-100.0,-100.0,-100,-100.0,-100.0,-100,-86.9453753183735,-100.0,-100.0,-67.79251248386366,-100.0,-100.0,-100,-100.0,-100.0,-100.0,-100.0,-100.0,-100.0,-100.0,-100.0,-100.0,-100.0,-100,-100,-100,-100,-100,-100.0,-100.0,-100,-69.4386658654101,-71.96957247738419,-100.0,-100,-100,-100,-100,-100,-100,-66.15886108457605,-100,-100,-100,-100,-100,-83.66820413175931,-100,-100,-100.0,-100,-100,-78.59097070290116,-63.7639971110166,-63.636305102068285,-69.02610926067626,-100,-100.0,-100.0,-100.0,-100,-100,-100,-100,-100.0,-100,-100.0,-100,-100,-100,-100,-100,-100,-100,-100,-100,-100,-100,-100,-100,-100,-100,-100,-100,-100.0,-100.0,-100,-100,-100.0,-100.0,-100.0,-100,-100,-100,-100,-100.0,-100,-100,-100,-100,-100,-100,-100,-100,-100,-100,-100,-100,-100,-100,-100,-100,-100,-100,-100,-100,-100,-100,-100,-100,-100,-100,-100,-100,-100,-100,-100,-100,-100,-100,-100,-100.0,-100,-100,-100.0,-100,-100,-100,-100.0,-100,-100,-100,-100,-100,-100,-100,-100,-100,-100,-100,-100,-100,-100,-100,-100,-100,-100,-100,-100,-100,-100,-100,-100,-100,-100,-100,-100,-100,-100,-100,-100,-100,-100,-100,-100,-100,-100,-100,-100,-100,-100,-100.0,-100,-100,-100,-100,-100,-100,-100,-100,-100,-100,-100,-100,-100,-100,-100,-100,-100,-100.0,-100,-100,-100,-100,-100,-100,-100,-100,-85.51478196071822,-100.0,-100,-100,-100,-100,-100,-100,-100,-100,-100,-100,-100,-100,-100,-100,-100,-100,-100,-100,-100,-100,-100,-100
184.5871,-55.55135510556183,-85.40384206739736,-91.11439343710184,-89.49188838416613,-100.0,-100.0,-100.0,-100,-61.87289094732204,-100.0,-100,-100.0,-100.0,-100.0,-68.13347761179814,-100.0,-100.0,-100,-100.0,-100.0,-100.0,-100.0,-100.0,-82.36455200310533,-100.0,-100.0,-100.0,-100.0,-100,-100,-100,-100,-100,-89.2104412587048,-100.0,-100,-69.31479728629748,-73.67241864703034,-100.0,-100,-100,-100,-100,-100,-100,-67.243505359742,-100,-100,-100,-100,-100,-84.60902230940684,-100,-100,-100.0,-100,-100,-80.40072481217213,-64.39538998333678,-64.3037550943052,-70.14823942452814,-100,-100.0,-100.0,-86.38038682646084,-100,-100,-100,-100,-100.0,-100,-100.0,-100,-100,-100,-100,-100,-100,-100,-100,-100,-100,-100,-100,-100,-100,-100,-100,-100,-100.0,-100.0,-100,-100,-100.0,-100.0,-100.0,-100,-100,-100,-100,-100.0,-100,-100,-100,-100,-100,-100,-100,-100,-100,-100,-100,-100,-100,-100,-100,-100,-100,-100,-100,-100,-100,-100,-100,-100,-100,-100,-100,-100,-100,-100,-100,-100,-100,-100,-100,-100.0,-100,-100,-100.0,-100,-100,-100,-100.0,-100,-100,-100,-100,-100,-100,-100,-100,-100,-100,-100,-100,-100,-100,-100,-100,-100,-100,-100,-100,-100,-100,-100,-100,-100,-100,-100,-100,-100,-100,-100,-100,-100,-100,-100,-100,-100,-100,-100,-100,-100,-100,-100.0,-100,-100,-100,-100,-100,-100,-100,-100,-100,-100,-100,-100,-100,-100,-100,-100,-100,-100.0,-100,-100,-100,-100,-100,-100,-100,-100,-100.0,-100.0,-100,-100,-100,-100,-100,-100,-100,-100,-100,-100,-100,-100,-100,-100,-100,-100,-100,-100,-100,-100,-100,-100
186.5931,-56.80754430445366,-100.0,-91.64684285055172,-100.0,-100.0,-100.0,-100.0,-100,-100.0,-100.0,-100,-87.80792708924874,-100.0,-100.0,-68.94291386663222,-100.0,-100.0,-100,-100.0,-100.0,-100.0,-100.0,-100.0,-81.69685998519837,-100.0,-100.0,-100.0,-100.0,-100,-100,-100,-100,-100,-88.5862663695287,-100.0,-100,-70.9201603602062,-72.63541687510288,-89.04174227363052,-100,-100,-100,-100,-100,-100,-66.89236966814636,-100,-100,-100,-100,-100,-83.02517073019436,-100,-100,-100.0,-100,-100,-80.56994556050707,-64.56611715767782,-64.21798203809844,-72.93013717511023,-100,-100.0,-100.0,-84.8610963713126,-100,-100,-100,-100,-100.0,-100,-100.0,-100,-100,-100,-100,-100,-100,-100,-100,-100,-100,-100,-100,-100,-100,-100,-100,-100,-100.0,-100.0,-100,-100,-100.0,-100.0,-100.0,-100,-100,-100,-100,-100.0,-100,-100,-100,-100,-100,-100,-100,-100,-100,-100,-100,-100,-100,-100,-100,-100,-100,-100,-100,-100,-100,-100,-100,-100,-100,-100,-100,-100,-100,-100,-100,-100,-100,-100,-100,-100.0,-100,-100,-100.0,-100,-100,-100,-100.0,-100,-100,-100,-100,-100,-100,-100,-100,-100,-100,-100,-100,-100,-100,-100,-100,-100,-100,-100,-100,-100,-100,-100,-100,-100,-100,-100,-100,-100,-100,-100,-100,-100,-100,-100,-100,-100,-100,-100,-100,-100,-100,-100.0,-100,-100,-100,-100,-100,-100,-100,-100,-100,-100,-100,-100,-100,-100,-100,-100,-100,-92.32086794555694,-100,-100,-100,-100,-100,-100,-100,-100,-100.0,-100.0,-100,-100,-100,-100,-100,-100,-100,-100,-100,-100,-100,-100,-100,-100,-100,-100,-100,-100,-100,-100,-100,-100
188.5884,-56.579513419329615,-86.41902265552676,-100.0,-100.0,-100.0,-100.0,-93.0,-100,-65.57966750421593,-100.0,-100,-100.0,-100.0,-100.0,-70.93566347617494,-100.0,-100.0,-100,-100.0,-100.0,-100.0,-100.0,-89.37159262647596,-81.50008366177445,-100.0,-100.0,-100.0,-100.0,-100,-100,-100,-100,-100,-100.0,-100.0,-100,-72.91933500696531,-74.71499616168586,-100.0,-100,-100,-100,-100,-100,-100,-68.0522646425387,-100,-100,-100,-100,-100,-85.84182008900868,-100,-100,-100.0,-100,-100,-80.69138248223169,-66.1005136079548,-65.85068338511314,-74.36174321956032,-100,-100.0,-90.23255347821637,-100.0,-100,-100,-100,-100,-100.0,-100,-100.0,-100,-100,-100,-100,-100,-100,-100,-100,-100,-100,-100,-100,-100,-100,-100,-100,-100,-100.0,-100.0,-100,-100,-100.0,-100.0,-100.0,-100,-100,-100,-100,-100.0,-100,-100,-100,-100,-100,-100,-100,-100,-100,-100,-100,-100,-100,-100,-100,-100,-100,-100,-100,-100,-100,-100,-100,-100,-100,-100,-100,-100,-100,-100,-100,-100,-100,-100,-100,-100.0,-100,-100,-100.0,-100,-100,-100,-100.0,-100,-100,-100,-100,-100,-100,-100,-100,-100,-100,-100,-100,-100,-100,-100,-100,-100,-100,-100,-100,-100,-100,-100,-100,-100,-100,-100,-100,-100,-100,-100,-100,-100,-100,-100,-100,-100,-100,-100,-100,-100,-100,-100.0,-100,-100,-100,-100,-100,-100,-100,-100,-100,-100,-100,-100,-100,-100,-100,-100,-100,-90.82149111829722,-100,-100,-100,-100,-100,-100,-100,-100,-100.0,-100.0,-100,-100,-100,-100,-100,-100,-100,-100,-100,-100,-100,-100,-100,-100,-100,-100,-100,-100,-100,-100,-100,-100
190.5797,-56.98062430638644,-87.43005643499917,-100.0,-100.0,-100.0,-100.0,-100.0,-100,-62.874602224041254,-100.0,-100,-100.0,-100.0,-100.0,-68.97720067398272,-100.0,-100.0,-100,-100.0,-100.0,-100.0,-100.0,-100.0,-81.6412478857865,-88.92667099286177,-84.8125,-100.0,-100.0,-100,-100,-100,-100,-100,-86.44408912242305,-100.0,-100,-72.37736144827126,-74.5130986228012,-100.0,-100,-100,-100,-100,-100,-100,-68.884633466102,-100,-100,-100,-100,-100,-100.0,-100,-100,-100.0,-100,-100,-79.36665008801032,-66.07213100793825,-65.89284676818525,-73.69484433386215,-100,-100.0,-100.0,-100.0,-100,-100,-100,-100,-100.0,-100,-100.0,-100,-100,-100,-100,-100,-100,-100,-100,-100,-100,-100,-100,-100,-100,-100,-100,-100,-100.0,-100.0,-100,-100,-100.0,-100.0,-100.0,-100,-100,-100,-100,-100.0,-100,-100,-100,-100,-100,-100,-100,-100,-100,-100,-100,-100,-100,-100,-100,-100,-100,-100,-100,-100,-100,-100,-100,-100,-100,-100,-100,-100,-100,-100,-100,-100,-100,-100,-100,-100.0,-100,-100,-100.0,-100,-100,-100,-100.0,-100,-100,-100,-100,-100,-100,-100,-100,-100,-100,-100,-100,-100,-100,-100,-100,-100,-100,-100,-100,-100,-100,-100,-100,-100,-100,-100,-100,-100,-100,-100,-100,-100,-100,-100,-100,-100,-100,-100,-100,-100,-100,-100.0,-100,-100,-100,-100,-100,-100,-100,-100,-100,-100,-100,-100,-100,-100,-100,-100,-100,-100.0,-100,-100,-100,-100,-100,-100,-100,-100,-100.0,-100.0,-100,-100,-100,-100,-100,-100,-100,-100,-100,-100,-100,-100,-100,-100,-100,-100,-100,-100,-100,-100,-100,-100
192.5874,-57.83322261974156,-88.43804616453404,-100.0,-100.0,-100.0,-100.0,-100.0,-100,-62.34526011606511,-100.0,-100,-100.0,-100.0,-100.0,-68.13651156115506,-100.0,-100.0,-100,-100.0,-100.0,-100.0,-100.0,-89.83139754001576,-82.87205354828552,-100.0,-100.0,-100.0,-92.96832210588826,-100,-100,-100,-100,-100,-84.90681066669772,-100.0,-100,-71.70605235436855,-73.52108495362252,-100.0,-100,-100,-100,-100,-100,-100,-69.48196156367665,-100,-100,-100,-100,-100,-100.0,-100,-100,-100.0,-100,-100,-80.67499549481153,-67.46364144499769,-67.33498271724966,-72.65151009300442,-100,-86.30743696154205,-100.0,-87.44170062745384,-100,-100,-100,-100,-100.0,-100,-100.0,-100,-100,-100,-100,-100,-100,-100,-100,-100,-100,-100,-100,-100,-100,-100,-100,-100,-100.0,-100.0,-100,-100,-100.0,-100.0,-100.0,-100,-100,-100,-100,-100.0,-100,-100,-100,-100,-100,-100,-100,-100,-100,-100,-100,-100,-100,-100,-100,-100,-100,-100,-100,-100,-100,-100,-100,-100,-100,-100,-100,-100,-100,-100,-100,-100,-100,-100,-100,-100.0,-100,-100,-100.0,-100,-100,-100,-100.0,-100,-100,-100,-100,-100,-100,-100,-100,-100,-100,-100,-100,-100,-100,-100,-100,-100,-100,-100,-100,-100,-100,-100,-100,-100,-100,-100,-100,-100,-100,-100,-100,-100,-100,-100,-100,-100,-100,-100,-100,-100,-100,-100.0,-100,-100,-100,-100,-100,-100,-100,-100,-100,-100,-100,-100,-100,-100,-100,-100,-100,-100.0,-100,-100,-100,-100,-100,-100,-100,-100,-100.0,-100.0,-100,-100,-100,-100,-100,-100,-100,-100,-100,-100,-100,-100,-100,-100,-100,-100,-100,-100,-100,-100,-100,-100
194.585,-57.31556510633503,-100.0,-100.0,-100.0,-100.0,-100.0,-100.0,-100,-61.40063996206307,-100.0,-100,-100.0,-100.0,-100.0,-69.22746679855514,-100.0,-100.0,-100,-100.0,-100.0,-100.0,-100.0,-100.0,-83.47293390891082,-100.0,-100.0,-100.0,-100.0,-100,-100,-100,-100,-100,-84.36837367730527,-100.0,-100,-70.65955324091811,-73.65631892322938,-90.15943583224876,-100,-100,-100,-100,-100,-100,-71.32249720452042,-100,-100,-100,-100,-100,-100.0,-100,-100,-100.0,-100,-100,-79.63726608369804,-69.30935024210658,-69.21702161216929,-100.0,-100,-86.50299993163891,-100.0,-100.0,-100,-100,-100,-100,-100.0,-100,-100.0,-100,-100,-100,-100,-100,-100,-100,-100,-100,-100,-100,-100,-100,-100,-100,-100,-100,-100.0,-100.0,-100,-100,-100.0,-100.0,-100.0,-100,-100,-100,-100,-100.0,-100,-100,-100,-100,-100,-100,-100,-100,-100,-100,-100,-100,-100,-100,-100,-100,-100,-100,-100,-100,-100,-100,-100,-100,-100,-100,-100,-100,-100,-100,-100,-100,-100,-100,-100,-100.0,-100,-100,-100.0,-100,-100,-100,-100.0,-100,-100,-100,-100,-100,-100,-100,-100,-100,-100,-100,-100,-100,-100,-100,-100,-100,-100,-100,-100,-100,-100,-100,-100,-100,-100,-100,-100,-100,-100,-100,-100,-100,-100,-100,-100,-100,-100,-100,-100,-100,-100,-100.0,-100,-100,-100,-100,-100,-100,-100,-100,-100,-100,-100,-100,-100,-100,-100,-100,-100,-100.0,-100,-100,-100,-100,-100,-100,-100,-100,-100.0,-100.0,-100,-100,-100,-100,-100,-100,-100,-100,-100,-100,-100,-100,-100,-100,-100,-100,-100,-100,-100,-100,-100,-100
196.5634,-59.76783845490918,-100.0,-100.0,-100.0,-100.0,-100.0,-100.0,-100,-63.546514542900375,-100.0,-100,-100.0,-100.0,-100.0,-72.83411975262702,-100.0,-100.0,-100,-100.0,-100.0,-100.0,-100.0,-100.0,-100.0,-100.0,-100.0,-100.0,-100.0,-100,-100,-100,-100,-100,-85.3938566882518,-100.0,-100,-100.0,-76.01237167554983,-100.0,-100,-100,-100,-100,-100,-100,-72.9256860086608,-100,-100,-100,-100,-100,-100.0,-100,-100,-100.0,-100,-100,-79.17494193356757,-70.35150003665518,-70.28524276786895,-100.0,-100,-88.61997054481162,-100.0,-100.0,-100,-100,-100,-100,-100.0,-100,-100.0,-100,-100,-100,-100,-100,-100,-100,-100,-100,-100,-100,-100,-100,-100,-100,-100,-100,-100.0,-100.0,-100,-100,-100.0,-100.0,-100.0,-100,-100,-100,-100,-100.0,-100,-100,-100,-100,-100,-100,-100,-100,-100,-100,-100,-100,-100,-100,-100,-100,-100,-100,-100,-100,-100,-100,-100,-100,-100,-100,-100,-100,-100,-100,-100,-100,-100,-100,-100,-100.0,-100,-100,-100.0,-100,-100,-100,-100.0,-100,-100,-100,-100,-100,-100,-100,-100,-100,-100,-100,-100,-100,-100,-100,-100,-100,-100,-100,-100,-100,-100,-100,-100,-100,-100,-100,-100,-100,-100,-100,-100,-100,-100,-100,-100,-100,-100,-100,-100,-100,-100,-100.0,-100,-100,-100,-100,-100,-100,-100,-100,-100,-100,-100,-100,-100,-100,-100,-100,-100,-100.0,-100,-100,-100,-100,-100,-100,-100,-100,-100.0,-100.0,-100,-100,-100,-100,-100,-100,-100,-100,-100,-100,-100,-100,-100,-100,-100,-100,-100,-100,-100,-100,-100,-100
198.602,-61.52764940958435,-100.0,-100.0,-100.0,-100.0,-100.0,-100.0,-100,-67.91020325644784,-100.0,-100,-100.0,-100.0,-100.0,-73.44571169520815,-100.0,-100.0,-100,-100.0,-100.0,-100.0,-100.0,-100.0,-100.0,-100.0,-100.0,-100.0,-100.0,-100,-100,-100,-100,-100,-82.45888417045538,-100.0,-100,-72.16756561214667,-74.59699973441579,-100.0,-100,-100,-100,-100,-100,-100,-73.79379756208027,-100,-100,-100,-100,-100,-100.0,-100,-100,-100.0,-100,-100,-81.66692384844362,-72.79362623426488,-72.74607840787569,-73.03229086921344,-100,-100.0,-100.0,-100.0,-100,-100,-100,-100,-100.0,-100,-100.0,-100,-100,-100,-100,-100,-100,-100,-100,-100,-100,-100,-100,-100,-100,-100,-100,-100,-100.0,-100.0,-100,-100,-100.0,-100.0,-100.0,-100,-100,-100,-100,-100.0,-100,-100,-100,-100,-100,-100,-100,-100,-100,-100,-100,-100,-100,-100,-100,-100,-100,-100,-100,-100,-100,-100,-100,-100,-100,-100,-100,-100,-100,-100,-100,-100,-100,-100,-100,-100.0,-100,-100,-100.0,-100,-100,-100,-100.0,-100,-100,-100,-100,-100,-100,-100,-100,-100,-100,-100,-100,-100,-100,-100,-100,-100,-100,-100,-100,-100,-100,-100,-100,-100,-100,-100,-100,-100,-100,-100,-100,-100,-100,-100,-100,-100,-100,-100,-100,-100,-100,-100.0,-100,-100,-100,-100,-100,-100,-100,-100,-100,-100,-100,-100,-100,-100,-100,-100,-100,-91.43599370627399,-100,-100,-100,-100,-100,-100,-100,-100,-100.0,-100.0,-100,-100,-100,-100,-100,-100,-100,-100,-100,-100,-100,-100,-100,-100,-100,-100,-100,-100,-100,-100,-100,-100
200.9465,-63.92003530539072,-88.87908693845006,-90.33468743229662,-86.42795198561684,-87.94304901908941,-90.45804029400878,-90.734375,-100,-71.32406802795053,-83.0,-100,-100.0,-85.0,-84.0,-73.03747784887382,-89.8671875,-85.0,-100,-90.09375,-84.0,-85.0,-92.0,-87.33767509281016,-81.36275899426599,-100.0,-87.13173264114212,-100.0,-100.0,-100,-100,-100,-100,-100,-80.35267656048731,-100.0,-100,-100.0,-74.42842151882209,-90.39678829400056,-100,-100,-100,-100,-100,-100,-74.98152690354179,-100,-100,-100,-100,-100,-100.0,-100,-100,-100.0,-100,-100,-83.73760633149664,-74.5461553467929,-74.22965817485203,-74.43505119317912,-100,-100.0,-100.0,-100.0,-100,-100,-100,-100,-100.0,-100,-100.0,-100,-100,-100,-100,-100,-100,-100,-100,-100,-100,-100,-100,-100,-100,-100,-100,-100,-100.0,-100.0,-100,-100,-100.0,-100.0,-100.0,-100,-100,-100,-100,-100.0,-100,-100,-100,-100,-100,-100,-100,-100,-100,-100,-100,-100,-100,-100,-100,-100,-100,-100,-100,-100,-100,-100,-100,-100,-100,-100,-100,-100,-100,-100,-100,-100,-100,-100,-100,-100.0,-100,-100,-100.0,-100,-100,-100,-100.0,-100,-100,-100,-100,-100,-100,-100,-100,-100,-100,-100,-100,-100,-100,-100,-100,-100,-100,-100,-100,-100,-100,-100,-100,-100,-100,-100,-100,-100,-100,-100,-100,-100,-100,-100,-100,-100,-100,-100,-100,-100,-100,-100.0,-100,-100,-100,-100,-100,-100,-100,-100,-100,-100,-100,-100,-100,-100,-100,-100,-100,-88.77296061074011,-100,-100,-100,-100,-100,-100,-100,-100,-100.0,-100.0,-100,-100,-100,-100,-100,-100,-100,-100,-100,-100,-100,-100,-100,-100,-100,-100,-100,-100,-100,-100,-100,-100
