AppTimestamp(s),wifi_rssi_20:23:00:00:00:01,wifi_rssi_20:23:00:00:00:02,wifi_rssi_20:23:00:00:00:03,wifi_rssi_20:23:00:00:00:04,wifi_rssi_20:23:00:00:00:05,wifi_rssi_20:23:00:00:00:06,wifi_rssi_20:23:00:00:00:07,wifi_rssi_20:23:00:00:00:08,wifi_rssi_20:23:00:00:00:09,wifi_rssi_20:23:00:00:00:10,wifi_rssi_20:23:00:00:00:11,wifi_rssi_20:23:00:00:00:12,wifi_rssi_20:23:00:00:00:13,wifi_rssi_20:23:00:00:00:14,wifi_rssi_20:23:00:00:00:15,wifi_rssi_20:23:00:00:00:16,wifi_rssi_20:23:00:00:00:17,wifi_rssi_20:23:00:00:00:18,wifi_rssi_20:23:00:00:00:19,wifi_rssi_20:23:00:00:00:21,wifi_rssi_20:23:00:00:00:22,wifi_rssi_20:23:00:00:00:23,wifi_rssi_20:23:00:00:00:24,wifi_rssi_20:23:00:00:00:25,wifi_rssi_20:23:00:00:00:26,wifi_rssi_20:23:00:00:00:27,wifi_rssi_20:23:00:00:00:28,wifi_rssi_20:23:00:00:00:30,wifi_rssi_20:23:00:00:00:31,wifi_rssi_20:23:00:00:00:34,wifi_rssi_20:23:00:00:00:35,wifi_rssi_20:23:00:00:00:36,wifi_rssi_20:23:00:00:00:37,wifi_rssi_20:23:00:00:00:38,wifi_rssi_20:23:00:00:00:41,wifi_rssi_20:23:00:00:00:42,wifi_rssi_20:23:00:00:00:44,wifi_rssi_20:23:00:00:00:45,wifi_rssi_20:23:00:00:00:46,wifi_rssi_20:23:00:00:00:47,wifi_rssi_20:23:00:00:00:48,wifi_rssi_20:23:00:00:00:49,wifi_rssi_20:23:00:00:00:50,wifi_rssi_20:23:00:00:00:51,wifi_rssi_20:23:00:00:00:52,wifi_rssi_20:23:00:00:00:55,wifi_rssi_20:23:00:00:00:56,wifi_rssi_20:23:00:00:00:57,wifi_rssi_20:23:00:00:00:59,wifi_rssi_20:23:00:00:00:61,wifi_rssi_20:23:00:00:00:62,wifi_rssi_20:23:00:00:00:65,wifi_rssi_20:23:00:00:00:67,wifi_rssi_20:23:00:00:00:68,wifi_rssi_20:23:00:00:00:69,wifi_rssi_20:23:00:00:00:71,wifi_rssi_20:23:00:00:00:72,wifi_rssi_20:23:00:00:00:73,wifi_rssi_20:23:00:00:00:79,wifi_rssi_20:23:00:00:00:80,wifi_rssi_20:23:00:00:00:82,wifi_rssi_20:23:00:00:00:84,wifi_rssi_20:23:00:00:00:88,wifi_rssi_20:23:00:00:00:89,wifi_rssi_20:23:00:00:00:90,wifi_rssi_20:23:00:00:00:91,wifi_rssi_20:23:00:00:00:92,wifi_rssi_20:23:00:00:00:93,wifi_rssi_20:23:00:00:00:94,wifi_rssi_20:23:00:00:00:95,wifi_rssi_20:23:00:00:00:96,wifi_rssi_20:23:00:00:00:97,wifi_rssi_20:23:00:00:00:98,wifi_rssi_20:23:00:00:00:99,wifi_rssi_20:23:00:00:01:00,wifi_rssi_20:23:00:00:01:01,wifi_rssi_20:23:00:00:01:02,wifi_rssi_20:23:00:00:01:03,wifi_rssi_20:23:00:00:01:04,wifi_rssi_20:23:00:00:01:05,wifi_rssi_20:23:00:00:01:06,wifi_rssi_20:23:00:00:01:07,wifi_rssi_20:23:00:00:01:08,wifi_rssi_20:23:00:00:01:09,wifi_rssi_20:23:00:00:01:10,wifi_rssi_20:23:00:00:01:11,wifi_rssi_20:23:00:00:01:12,wifi_rssi_20:23:00:00:01:13,wifi_rssi_20:23:00:00:01:14,wifi_rssi_20:23:00:00:01:15,wifi_rssi_20:23:00:00:01:16,wifi_rssi_20:23:00:00:01:17,wifi_rssi_20:23:00:00:01:18,wifi_rssi_20:23:00:00:01:19,wifi_rssi_20:23:00:00:01:20,wifi_rssi_20:23:00:00:01:21,wifi_rssi_20:23:00:00:01:22,wifi_rssi_20:23:00:00:01:23,wifi_rssi_20:23:00:00:01:24,wifi_rssi_20:23:00:00:01:26,wifi_rssi_20:23:00:00:01:27,wifi_rssi_20:23:00:00:01:28,wifi_rssi_20:23:00:00:01:29,wifi_rssi_20:23:00:00:01:31,wifi_rssi_20:23:00:00:01:32,wifi_rssi_20:23:00:00:01:33,wifi_rssi_20:23:00:00:01:34,wifi_rssi_20:23:00:00:01:35,wifi_rssi_20:23:00:00:01:36,wifi_rssi_20:23:00:00:01:37,wifi_rssi_20:23:00:00:01:38,wifi_rssi_20:23:00:00:01:39,wifi_rssi_20:23:00:00:01:40,wifi_rssi_20:23:00:00:01:41,wifi_rssi_20:23:00:00:01:42,wifi_rssi_20:23:00:00:01:43,wifi_rssi_20:23:00:00:01:44,wifi_rssi_20:23:00:00:01:45,wifi_rssi_20:23:00:00:01:46,wifi_rssi_20:23:00:00:01:47,wifi_rssi_20:23:00:00:01:51,wifi_rssi_20:23:00:00:01:52,wifi_rssi_20:23:00:00:01:54,wifi_rssi_20:23:00:00:01:55,wifi_rssi_20:23:00:00:01:56,wifi_rssi_20:23:00:00:01:58,wifi_rssi_20:23:00:00:01:59,wifi_rssi_20:23:00:00:01:60,wifi_rssi_20:23:00:00:01:62,wifi_rssi_20:23:00:00:01:64,wifi_rssi_20:23:00:00:01:65,wifi_rssi_20:23:00:00:01:66,wifi_rssi_20:23:00:00:01:67,wifi_rssi_20:23:00:00:01:68,wifi_rssi_20:23:00:00:01:69,wifi_rssi_20:23:00:00:01:70,wifi_rssi_20:23:00:00:01:71,wifi_rssi_20:23:00:00:01:72,wifi_rssi_20:23:00:00:01:73,wifi_rssi_20:23:00:00:01:74,wifi_rssi_20:23:00:00:01:75,wifi_rssi_20:23:00:00:01:76,wifi_rssi_20:23:00:00:01:77,wifi_rssi_20:23:00:00:01:81,wifi_rssi_20:23:00:00:01:82,wifi_rssi_20:23:00:00:01:83,wifi_rssi_20:23:00:00:01:84,wifi_rssi_20:23:00:00:01:85,wifi_rssi_20:23:00:00:01:86,wifi_rssi_20:23:00:00:01:87,wifi_rssi_20:23:00:00:01:88,wifi_rssi_20:23:00:00:01:89,wifi_rssi_20:23:00:00:01:90,wifi_rssi_20:23:00:00:01:91,wifi_rssi_20:23:00:00:01:92,wifi_rssi_20:23:00:00:01:93,wifi_rssi_20:23:00:00:01:94,wifi_rssi_20:23:00:00:01:95,wifi_rssi_20:23:00:00:01:96,wifi_rssi_20:23:00:00:01:97,wifi_rssi_20:23:00:00:01:98,wifi_rssi_20:23:00:00:02:01,wifi_rssi_20:23:00:00:02:07,wifi_rssi_20:23:00:00:02:09,wifi_rssi_20:23:00:00:02:10,wifi_rssi_20:23:00:00:02:11,wifi_rssi_20:23:00:00:02:12,wifi_rssi_20:23:00:00:02:14,wifi_rssi_20:23:00:00:02:15,wifi_rssi_20:23:00:00:02:16,wifi_rssi_20:23:00:00:02:17,wifi_rssi_20:23:00:00:02:18,wifi_rssi_20:23:00:00:02:19,wifi_rssi_20:23:00:00:02:20,wifi_rssi_20:23:00:00:02:21,wifi_rssi_20:23:00:00:02:22,wifi_rssi_20:23:00:00:02:23,wifi_rssi_20:23:00:00:02:24,wifi_rssi_20:23:00:00:02:25,wifi_rssi_20:23:00:00:02:26,wifi_rssi_20:23:00:00:02:27,wifi_rssi_20:23:00:00:02:28,wifi_rssi_20:23:00:00:02:29,wifi_rssi_20:23:00:00:02:30,wifi_rssi_20:23:00:00:02:34,wifi_rssi_20:23:00:00:02:35,wifi_rssi_20:23:00:00:02:39,wifi_rssi_20:23:00:00:02:54,wifi_rssi_20:23:00:00:02:55,wifi_rssi_20:23:00:00:02:56,wifi_rssi_20:23:00:00:02:57,wifi_rssi_20:23:00:00:02:58,wifi_rssi_20:23:00:00:02:59,wifi_rssi_20:23:00:00:02:60,wifi_rssi_20:23:00:00:02:61,wifi_rssi_20:23:00:00:02:65,wifi_rssi_20:23:00:00:02:67,wifi_rssi_20:23:00:00:02:70,wifi_rssi_20:23:00:00:02:73,wifi_rssi_20:23:00:00:02:74,wifi_rssi_20:23:00:00:02:82,wifi_rssi_20:23:00:00:02:88,wifi_rssi_20:23:00:00:02:89,wifi_rssi_20:23:00:00:03:08,wifi_rssi_20:23:00:00:03:11,wifi_rssi_20:23:00:00:03:12,wifi_rssi_20:23:00:00:03:13,wifi_rssi_20:23:00:00:03:15,wifi_rssi_20:23:00:00:03:16,wifi_rssi_20:23:00:00:03:17,wifi_rssi_20:23:00:00:03:20,wifi_rssi_20:23:00:00:03:21,wifi_rssi_20:23:00:00:03:22,wifi_rssi_20:23:00:00:03:25,wifi_rssi_20:23:00:00:03:26,wifi_rssi_20:23:00:00:03:27,wifi_rssi_20:23:00:00:03:28,wifi_rssi_20:23:00:00:03:29,wifi_rssi_20:23:00:00:03:30,wifi_rssi_20:23:00:00:03:31,wifi_rssi_20:23:00:00:03:32,wifi_rssi_20:23:00:00:03:33,wifi_rssi_20:23:00:00:03:34,wifi_rssi_20:23:00:00:03:35,wifi_rssi_20:23:00:00:03:36,wifi_rssi_20:23:00:00:03:37,wifi_rssi_20:23:00:00:03:38,wifi_rssi_20:23:00:00:03:39,wifi_rssi_20:23:00:00:03:40,wifi_rssi_20:23:00:00:03:41,wifi_rssi_20:23:00:00:03:42,wifi_rssi_20:23:00:00:03:43,wifi_rssi_20:23:00:00:03:44,wifi_rssi_20:23:00:00:03:45,wifi_rssi_20:23:00:00:03:46,wifi_rssi_20:23:00:00:03:47,wifi_rssi_20:23:00:00:03:48
1.6745,-63.0,-140,-140,-140,-140,-140,-140,-140,-70.0,-140,-140,-77.0,-140,-140,-79.0,-140,-140,-140,-140,-140,-140,-140,-140,-140,-140,-140,-140,-140,-140,-140,-140,-140,-140,-140.0,-140,-140,-81.0,-82.0,-140.0,-140,-140,-140,-140,-140,-140,-80.0,-140,-140,-140,-140,-140,-88.0,-140,-140,-70.0,-140,-140,-57.0,-85.0,-85.0,-140.0,-140,-140.0,-140.0,-65.0,-140,-140,-140,-140,-140,-140,-140,-140,-140,-140,-140,-140,-140,-140,-140,-140,-140,-140,-140,-140,-140,-140,-140,-140,-140,-140,-140,-140,-140,-140,-140,-140,-140,-140,-140,-140,-140,-140,-140,-140,-140,-140,-140,-140,-140,-140,-140,-140,-140,-140,-140,-140,-140.0,-140,-140,-140,-140,-140,-140,-140,-140,-140,-140,-140,-140,-140,-140,-140,-140,-140,-140,-140.0,-140,-140,-140.0,-140,-140.0,-140,-94.0,-93.0,-140,-140,-140,-140,-140,-140,-140,-140,-140,-140,-140,-140,-140,-140,-140,-140,-140,-140,-140,-140,-140,-140,-140,-140,-140,-140,-140,-140,-140,-140,-140,-140,-140,-140,-140,-140,-140,-140,-140,-140,-140,-140,-94.0,-140,-140,-140,-140,-140,-140,-140,-140,-140,-140,-140,-140,-140,-140,-140,-140,-140,-140,-140,-140,-140,-140,-140,-140,-140,-140,-140,-140,-140,-140,-140,-140,-140,-140,-140,-140,-140,-140,-140,-140,-140,-140,-140,-140,-140,-140,-140,-140,-140
3.6906,-62.0,-140,-140,-140,-140,-140,-140,-140,-66.0,-140,-140,-80.0,-140,-140,-77.0,-140,-140,-140,-140,-140,-140,-140,-140,-140,-140,-140,-140,-140,-140,-140,-140,-140,-140,-140.0,-140,-140,-78.0,-82.0,-140.0,-140,-140,-140,-140,-140,-140,-72.0,-140,-140,-140,-140,-140,-72.0,-140,-140,-73.0,-140,-140,-59.0,-84.0,-86.0,-80.0,-140,-92.0,-96.0,-63.0,-140,-140,-140,-140,-140,-140,-140,-140,-140,-140,-140,-140,-140,-140,-140,-140,-140,-140,-140,-140,-140,-140,-140,-140,-140,-140,-140,-140,-140,-140,-140,-140,-140,-140,-140,-140,-140,-140,-140,-140,-140,-140,-140,-140,-140,-140,-140,-140,-140,-140,-140,-140,-140.0,-140,-140,-140,-140,-140,-140,-140,-140,-140,-140,-140,-140,-140,-140,-140,-140,-140,-140,-140.0,-140,-140,-140.0,-140,-140.0,-140,-140.0,-140.0,-140,-140,-140,-140,-140,-140,-140,-140,-140,-140,-140,-140,-140,-140,-140,-140,-140,-140,-140,-140,-140,-140,-140,-140,-140,-140,-140,-140,-140,-140,-140,-140,-140,-140,-140,-140,-140,-140,-140,-140,-140,-140,-140.0,-140,-140,-140,-140,-140,-140,-140,-140,-140,-140,-140,-140,-140,-140,-140,-140,-140,-140,-140,-140,-140,-140,-140,-140,-140,-140,-140,-140,-140,-140,-140,-140,-140,-140,-140,-140,-140,-140,-140,-140,-140,-140,-140,-140,-140,-140,-140,-140,-140
5.6767,-59.0,-140,-140,-140,-140,-140,-140,-140,-69.0,-140,-140,-140.0,-140,-140,-80.0,-140,-140,-140,-140,-140,-140,-140,-140,-140,-140,-140,-140,-140,-140,-140,-140,-140,-140,-140.0,-140,-140,-84.0,-82.0,-140.0,-140,-140,-140,-140,-140,-140,-73.0,-140,-140,-140,-140,-140,-76.0,-140,-140,-140.0,-140,-140,-59.0,-84.0,-88.0,-78.0,-140,-92.0,-140.0,-61.0,-140,-140,-140,-140,-140,-140,-140,-140,-140,-140,-140,-140,-140,-140,-140,-140,-140,-140,-140,-140,-140,-140,-140,-140,-140,-140,-140,-140,-140,-140,-140,-140,-140,-140,-140,-140,-140,-140,-140,-140,-140,-140,-140,-140,-140,-140,-140,-140,-140,-140,-140,-140,-140.0,-140,-140,-140,-140,-140,-140,-140,-140,-140,-140,-140,-140,-140,-140,-140,-140,-140,-140,-90.0,-140,-140,-140.0,-140,-140.0,-140,-140.0,-92.0,-140,-140,-140,-140,-140,-140,-140,-140,-140,-140,-140,-140,-140,-140,-140,-140,-140,-140,-140,-140,-140,-140,-140,-140,-140,-140,-140,-140,-140,-140,-140,-140,-140,-140,-140,-140,-140,-140,-140,-140,-140,-140,-140.0,-140,-140,-140,-140,-140,-140,-140,-140,-140,-140,-140,-140,-140,-140,-140,-140,-140,-140,-140,-140,-140,-140,-140,-140,-140,-140,-140,-140,-140,-140,-140,-140,-140,-140,-140,-140,-140,-140,-140,-140,-140,-140,-140,-140,-140,-140,-140,-140,-140
7.6534,-62.0,-140,-140,-140,-140,-140,-140,-140,-77.0,-140,-140,-76.0,-140,-140,-80.0,-140,-140,-140,-140,-140,-140,-140,-140,-140,-140,-140,-140,-140,-140,-140,-140,-140,-140,-140.0,-140,-140,-78.0,-85.0,-140.0,-140,-140,-140,-140,-140,-140,-70.0,-140,-140,-140,-140,-140,-76.0,-140,-140,-89.0,-140,-140,-60.0,-82.0,-88.0,-82.0,-140,-140.0,-140.0,-58.0,-140,-140,-140,-140,-140,-140,-140,-140,-140,-140,-140,-140,-140,-140,-140,-140,-140,-140,-140,-140,-140,-140,-140,-140,-140,-140,-140,-140,-140,-140,-140,-140,-140,-140,-140,-140,-140,-140,-140,-140,-140,-140,-140,-140,-140,-140,-140,-140,-140,-140,-140,-140,-140.0,-140,-140,-140,-140,-140,-140,-140,-140,-140,-140,-140,-140,-140,-140,-140,-140,-140,-140,-95.0,-140,-140,-89.0,-140,-140.0,-140,-93.0,-140.0,-140,-140,-140,-140,-140,-140,-140,-140,-140,-140,-140,-140,-140,-140,-140,-140,-140,-140,-140,-140,-140,-140,-140,-140,-140,-140,-140,-140,-140,-140,-140,-140,-140,-140,-140,-140,-140,-140,-140,-140,-140,-140,-140.0,-140,-140,-140,-140,-140,-140,-140,-140,-140,-140,-140,-140,-140,-140,-140,-140,-140,-140,-140,-140,-140,-140,-140,-140,-140,-140,-140,-140,-140,-140,-140,-140,-140,-140,-140,-140,-140,-140,-140,-140,-140,-140,-140,-140,-140,-140,-140,-140,-140
9.6835,-61.0,-140,-140,-140,-140,-140,-140,-140,-63.0,-140,-140,-69.0,-140,-140,-140.0,-140,-140,-140,-140,-140,-140,-140,-140,-140,-140,-140,-140,-140,-140,-140,-140,-140,-140,-140.0,-140,-140,-80.0,-81.0,-140.0,-140,-140,-140,-140,-140,-140,-74.0,-140,-140,-140,-140,-140,-85.0,-140,-140,-90.0,-140,-140,-58.0,-81.0,-87.0,-78.0,-140,-140.0,-140.0,-58.0,-140,-140,-140,-140,-140,-140,-140,-140,-140,-140,-140,-140,-140,-140,-140,-140,-140,-140,-140,-140,-140,-140,-140,-140,-140,-140,-140,-140,-140,-140,-140,-140,-140,-140,-140,-140,-140,-140,-140,-140,-140,-140,-140,-140,-140,-140,-140,-140,-140,-140,-140,-140,-140.0,-140,-140,-140,-140,-140,-140,-140,-140,-140,-140,-140,-140,-140,-140,-140,-140,-140,-140,-140.0,-140,-140,-140.0,-140,-140.0,-140,-92.0,-90.0,-140,-140,-140,-140,-140,-140,-140,-140,-140,-140,-140,-140,-140,-140,-140,-140,-140,-140,-140,-140,-140,-140,-140,-140,-140,-140,-140,-140,-140,-140,-140,-140,-140,-140,-140,-140,-140,-140,-140,-140,-140,-140,-140.0,-140,-140,-140,-140,-140,-140,-140,-140,-140,-140,-140,-140,-140,-140,-140,-140,-140,-140,-140,-140,-140,-140,-140,-140,-140,-140,-140,-140,-140,-140,-140,-140,-140,-140,-140,-140,-140,-140,-140,-140,-140,-140,-140,-140,-140,-140,-140,-140,-140
11.6649,-64.0,-140,-140,-140,-140,-140,-140,-140,-71.0,-140,-140,-81.0,-140,-140,-81.0,-140,-140,-140,-140,-140,-140,-140,-140,-140,-140,-140,-140,-140,-140,-140,-140,-140,-140,-140.0,-140,-140,-78.0,-85.0,-140.0,-140,-140,-140,-140,-140,-140,-75.0,-140,-140,-140,-140,-140,-80.0,-140,-140,-86.0,-140,-140,-60.0,-91.0,-86.0,-75.0,-140,-140.0,-140.0,-58.0,-140,-140,-140,-140,-140,-140,-140,-140,-140,-140,-140,-140,-140,-140,-140,-140,-140,-140,-140,-140,-140,-140,-140,-140,-140,-140,-140,-140,-140,-140,-140,-140,-140,-140,-140,-140,-140,-140,-140,-140,-140,-140,-140,-140,-140,-140,-140,-140,-140,-140,-140,-140,-140.0,-140,-140,-140,-140,-140,-140,-140,-140,-140,-140,-140,-140,-140,-140,-140,-140,-140,-140,-87.0,-140,-140,-140.0,-140,-140.0,-140,-86.0,-88.0,-140,-140,-140,-140,-140,-140,-140,-140,-140,-140,-140,-140,-140,-140,-140,-140,-140,-140,-140,-140,-140,-140,-140,-140,-140,-140,-140,-140,-140,-140,-140,-140,-140,-140,-140,-140,-140,-140,-140,-140,-140,-140,-140.0,-140,-140,-140,-140,-140,-140,-140,-140,-140,-140,-140,-140,-140,-140,-140,-140,-140,-140,-140,-140,-140,-140,-140,-140,-140,-140,-140,-140,-140,-140,-140,-140,-140,-140,-140,-140,-140,-140,-140,-140,-140,-140,-140,-140,-140,-140,-140,-140,-140
13.6785,-65.0,-140,-140,-140,-140,-140,-140,-140,-71.0,-140,-140,-74.0,-140,-140,-81.0,-140,-140,-140,-140,-140,-140,-140,-140,-140,-140,-140,-140,-140,-140,-140,-140,-140,-140,-140.0,-140,-140,-78.0,-81.0,-140.0,-140,-140,-140,-140,-140,-140,-76.0,-140,-140,-140,-140,-140,-76.0,-140,-140,-87.0,-140,-140,-58.0,-84.0,-86.0,-79.0,-140,-94.0,-140.0,-62.0,-140,-140,-140,-140,-140,-140,-140,-140,-140,-140,-140,-140,-140,-140,-140,-140,-140,-140,-140,-140,-140,-140,-140,-140,-140,-140,-140,-140,-140,-140,-140,-140,-140,-140,-140,-140,-140,-140,-140,-140,-140,-140,-140,-140,-140,-140,-140,-140,-140,-140,-140,-140,-140.0,-140,-140,-140,-140,-140,-140,-140,-140,-140,-140,-140,-140,-140,-140,-140,-140,-140,-140,-140.0,-140,-140,-140.0,-140,-140.0,-140,-140.0,-140.0,-140,-140,-140,-140,-140,-140,-140,-140,-140,-140,-140,-140,-140,-140,-140,-140,-140,-140,-140,-140,-140,-140,-140,-140,-140,-140,-140,-140,-140,-140,-140,-140,-140,-140,-140,-140,-140,-140,-140,-140,-140,-140,-93.0,-140,-140,-140,-140,-140,-140,-140,-140,-140,-140,-140,-140,-140,-140,-140,-140,-140,-140,-140,-140,-140,-140,-140,-140,-140,-140,-140,-140,-140,-140,-140,-140,-140,-140,-140,-140,-140,-140,-140,-140,-140,-140,-140,-140,-140,-140,-140,-140,-140
15.7013,-58.0,-140,-140,-140,-140,-140,-140,-140,-65.0,-140,-140,-140.0,-140,-140,-77.0,-140,-140,-140,-140,-140,-140,-140,-140,-140,-140,-140,-140,-140,-140,-140,-140,-140,-140,-140.0,-140,-140,-76.0,-84.0,-140.0,-140,-140,-140,-140,-140,-140,-75.0,-140,-140,-140,-140,-140,-74.0,-140,-140,-86.0,-140,-140,-55.0,-86.0,-88.0,-73.0,-140,-140.0,-140.0,-61.0,-140,-140,-140,-140,-140,-140,-140,-140,-140,-140,-140,-140,-140,-140,-140,-140,-140,-140,-140,-140,-140,-140,-140,-140,-140,-140,-140,-140,-140,-140,-140,-140,-140,-140,-140,-140,-140,-140,-140,-140,-140,-140,-140,-140,-140,-140,-140,-140,-140,-140,-140,-140,-140.0,-140,-140,-140,-140,-140,-140,-140,-140,-140,-140,-140,-140,-140,-140,-140,-140,-140,-140,-140.0,-140,-140,-140.0,-140,-140.0,-140,-91.0,-91.0,-140,-140,-140,-140,-140,-140,-140,-140,-140,-140,-140,-140,-140,-140,-140,-140,-140,-140,-140,-140,-140,-140,-140,-140,-140,-140,-140,-140,-140,-140,-140,-140,-140,-140,-140,-140,-140,-140,-140,-140,-140,-140,-140.0,-140,-140,-140,-140,-140,-140,-140,-140,-140,-140,-140,-140,-140,-140,-140,-140,-140,-140,-140,-140,-140,-140,-140,-140,-140,-140,-140,-140,-140,-140,-140,-140,-140,-140,-140,-140,-140,-140,-140,-140,-140,-140,-140,-140,-140,-140,-140,-140,-140
17.6738,-63.0,-140,-140,-140,-140,-140,-140,-140,-67.0,-140,-140,-69.0,-140,-140,-79.0,-140,-140,-140,-140,-140,-140,-140,-140,-140,-140,-140,-140,-140,-140,-140,-140,-140,-140,-97.0,-140,-140,-79.0,-84.0,-140.0,-140,-140,-140,-140,-140,-140,-70.0,-140,-140,-140,-140,-140,-74.0,-140,-140,-85.0,-140,-140,-60.0,-85.0,-88.0,-73.0,-140,-140.0,-140.0,-61.0,-140,-140,-140,-140,-140,-140,-140,-140,-140,-140,-140,-140,-140,-140,-140,-140,-140,-140,-140,-140,-140,-140,-140,-140,-140,-140,-140,-140,-140,-140,-140,-140,-140,-140,-140,-140,-140,-140,-140,-140,-140,-140,-140,-140,-140,-140,-140,-140,-140,-140,-140,-140,-140.0,-140,-140,-140,-140,-140,-140,-140,-140,-140,-140,-140,-140,-140,-140,-140,-140,-140,-140,-91.0,-140,-140,-140.0,-140,-140.0,-140,-89.0,-90.0,-140,-140,-140,-140,-140,-140,-140,-140,-140,-140,-140,-140,-140,-140,-140,-140,-140,-140,-140,-140,-140,-140,-140,-140,-140,-140,-140,-140,-140,-140,-140,-140,-140,-140,-140,-140,-140,-140,-140,-140,-140,-140,-140.0,-140,-140,-140,-140,-140,-140,-140,-140,-140,-140,-140,-140,-140,-140,-140,-140,-140,-140,-140,-140,-140,-140,-140,-140,-140,-140,-140,-140,-140,-140,-140,-140,-140,-140,-140,-140,-140,-140,-140,-140,-140,-140,-140,-140,-140,-140,-140,-140,-140
19.6725,-65.0,-140,-140,-140,-140,-140,-140,-140,-67.0,-140,-140,-140.0,-140,-140,-81.0,-140,-140,-140,-140,-140,-140,-140,-140,-140,-140,-140,-140,-140,-140,-140,-140,-140,-140,-140.0,-140,-140,-140.0,-83.0,-140.0,-140,-140,-140,-140,-140,-140,-78.0,-140,-140,-140,-140,-140,-76.0,-140,-140,-80.0,-140,-140,-61.0,-82.0,-83.0,-77.0,-140,-140.0,-140.0,-60.0,-140,-140,-140,-140,-140,-140,-140,-140,-140,-140,-140,-140,-140,-140,-140,-140,-140,-140,-140,-140,-140,-140,-140,-140,-140,-140,-140,-140,-140,-140,-140,-140,-140,-140,-140,-140,-140,-140,-140,-140,-140,-140,-140,-140,-140,-140,-140,-140,-140,-140,-140,-140,-140.0,-140,-140,-140,-140,-140,-140,-140,-140,-140,-140,-140,-140,-140,-140,-140,-140,-140,-140,-92.0,-140,-140,-140.0,-140,-140.0,-140,-92.0,-92.0,-140,-140,-140,-140,-140,-140,-140,-140,-140,-140,-140,-140,-140,-140,-140,-140,-140,-140,-140,-140,-140,-140,-140,-140,-140,-140,-140,-140,-140,-140,-140,-140,-140,-140,-140,-140,-140,-140,-140,-140,-140,-140,-140.0,-140,-140,-140,-140,-140,-140,-140,-140,-140,-140,-140,-140,-140,-140,-140,-140,-140,-140,-140,-140,-140,-140,-140,-140,-140,-140,-140,-140,-140,-140,-140,-140,-140,-140,-140,-140,-140,-140,-140,-140,-140,-140,-140,-140,-140,-140,-140,-140,-140
21.6869,-60.0,-140,-140,-140,-140,-140,-140,-140,-69.0,-140,-140,-78.0,-140,-140,-72.0,-140,-140,-140,-140,-140,-140,-140,-140,-140,-140,-140,-140,-140,-140,-140,-140,-140,-140,-140.0,-140,-140,-84.0,-83.0,-93.0,-140,-140,-140,-140,-140,-140,-80.0,-140,-140,-140,-140,-140,-79.0,-140,-140,-85.0,-140,-140,-63.0,-140.0,-88.0,-140.0,-140,-140.0,-140.0,-62.0,-140,-140,-140,-140,-140,-140,-140,-140,-140,-140,-140,-140,-140,-140,-140,-140,-140,-140,-140,-140,-140,-140,-140,-140,-140,-140,-140,-140,-140,-140,-140,-140,-140,-140,-140,-140,-140,-140,-140,-140,-140,-140,-140,-140,-140,-140,-140,-140,-140,-140,-140,-140,-140.0,-140,-140,-140,-140,-140,-140,-140,-140,-140,-140,-140,-140,-140,-140,-140,-140,-140,-140,-90.0,-140,-140,-89.0,-140,-140.0,-140,-90.0,-92.0,-140,-140,-140,-140,-140,-140,-140,-140,-140,-140,-140,-140,-140,-140,-140,-140,-140,-140,-140,-140,-140,-140,-140,-140,-140,-140,-140,-140,-140,-140,-140,-140,-140,-140,-140,-140,-140,-140,-140,-140,-140,-140,-140.0,-140,-140,-140,-140,-140,-140,-140,-140,-140,-140,-140,-140,-140,-140,-140,-140,-140,-140,-140,-140,-140,-140,-140,-140,-140,-140,-140,-140,-140,-140,-140,-140,-140,-140,-140,-140,-140,-140,-140,-140,-140,-140,-140,-140,-140,-140,-140,-140,-140
23.6614,-62.0,-140,-140,-140,-140,-140,-140,-140,-68.0,-140,-140,-75.0,-140,-140,-80.0,-140,-140,-140,-140,-140,-140,-140,-140,-140,-140,-140,-140,-140,-140,-140,-140,-140,-140,-140.0,-140,-140,-75.0,-85.0,-140.0,-140,-140,-140,-140,-140,-140,-140.0,-140,-140,-140,-140,-140,-80.0,-140,-140,-85.0,-140,-140,-67.0,-87.0,-87.0,-84.0,-140,-140.0,-140.0,-63.0,-140,-140,-140,-140,-140,-140,-140,-140,-140,-140,-140,-140,-140,-140,-140,-140,-140,-140,-140,-140,-140,-140,-140,-140,-140,-140,-140,-140,-140,-140,-140,-140,-140,-140,-140,-140,-140,-140,-140,-140,-140,-140,-140,-140,-140,-140,-140,-140,-140,-140,-140,-140,-140.0,-140,-140,-140,-140,-140,-140,-140,-140,-140,-140,-140,-140,-140,-140,-140,-140,-140,-140,-93.0,-140,-140,-140.0,-140,-140.0,-140,-94.0,-91.0,-140,-140,-140,-140,-140,-140,-140,-140,-140,-140,-140,-140,-140,-140,-140,-140,-140,-140,-140,-140,-140,-140,-140,-140,-140,-140,-140,-140,-140,-140,-140,-140,-140,-140,-140,-140,-140,-140,-140,-140,-140,-140,-140.0,-140,-140,-140,-140,-140,-140,-140,-140,-140,-140,-140,-140,-140,-140,-140,-140,-140,-140,-140,-140,-140,-140,-140,-140,-140,-140,-140,-140,-140,-140,-140,-140,-140,-140,-140,-140,-140,-140,-140,-140,-140,-140,-140,-140,-140,-140,-140,-140,-140
25.6906,-64.0,-140,-140,-140,-140,-140,-140,-140,-70.0,-140,-140,-75.0,-140,-140,-76.0,-140,-140,-140,-140,-140,-140,-140,-140,-140,-140,-140,-140,-140,-140,-140,-140,-140,-140,-140.0,-140,-140,-76.0,-89.0,-140.0,-140,-140,-140,-140,-140,-140,-70.0,-140,-140,-140,-140,-140,-81.0,-140,-140,-86.0,-140,-140,-61.0,-88.0,-86.0,-75.0,-140,-140.0,-140.0,-66.0,-140,-140,-140,-140,-140,-140,-140,-140,-140,-140,-140,-140,-140,-140,-140,-140,-140,-140,-140,-140,-140,-140,-140,-140,-140,-140,-140,-140,-140,-140,-140,-140,-140,-140,-140,-140,-140,-140,-140,-140,-140,-140,-140,-140,-140,-140,-140,-140,-140,-140,-140,-140,-140.0,-140,-140,-140,-140,-140,-140,-140,-140,-140,-140,-140,-140,-140,-140,-140,-140,-140,-140,-92.0,-140,-140,-140.0,-140,-140.0,-140,-91.0,-93.0,-140,-140,-140,-140,-140,-140,-140,-140,-140,-140,-140,-140,-140,-140,-140,-140,-140,-140,-140,-140,-140,-140,-140,-140,-140,-140,-140,-140,-140,-140,-140,-140,-140,-140,-140,-140,-140,-140,-140,-140,-140,-140,-140.0,-140,-140,-140,-140,-140,-140,-140,-140,-140,-140,-140,-140,-140,-140,-140,-140,-140,-140,-140,-140,-140,-140,-140,-140,-140,-140,-140,-140,-140,-140,-140,-140,-140,-140,-140,-140,-140,-140,-140,-140,-140,-140,-140,-140,-140,-140,-140,-140,-140
27.664,-61.0,-140,-140,-140,-140,-140,-140,-140,-140.0,-140,-140,-77.0,-140,-140,-81.0,-140,-140,-140,-140,-140,-140,-140,-140,-140,-140,-140,-140,-140,-140,-140,-140,-140,-140,-140.0,-140,-140,-140.0,-88.0,-140.0,-140,-140,-140,-140,-140,-140,-69.0,-140,-140,-140,-140,-140,-80.0,-140,-140,-140.0,-140,-140,-65.0,-88.0,-140.0,-79.0,-140,-140.0,-83.0,-66.0,-140,-140,-140,-140,-140,-140,-140,-140,-140,-140,-140,-140,-140,-140,-140,-140,-140,-140,-140,-140,-140,-140,-140,-140,-140,-140,-140,-140,-140,-140,-140,-140,-140,-140,-140,-140,-140,-140,-140,-140,-140,-140,-140,-140,-140,-140,-140,-140,-140,-140,-140,-140,-140.0,-140,-140,-140,-140,-140,-140,-140,-140,-140,-140,-140,-140,-140,-140,-140,-140,-140,-140,-92.0,-140,-140,-140.0,-140,-140.0,-140,-140.0,-140.0,-140,-140,-140,-140,-140,-140,-140,-140,-140,-140,-140,-140,-140,-140,-140,-140,-140,-140,-140,-140,-140,-140,-140,-140,-140,-140,-140,-140,-140,-140,-140,-140,-140,-140,-140,-140,-140,-140,-140,-140,-140,-140,-140.0,-140,-140,-140,-140,-140,-140,-140,-140,-140,-140,-140,-140,-140,-140,-140,-140,-140,-140,-140,-140,-140,-140,-140,-140,-140,-140,-140,-140,-140,-140,-140,-140,-140,-140,-140,-140,-140,-140,-140,-140,-140,-140,-140,-140,-140,-140,-140,-140,-140
29.6928,-65.0,-140,-140,-140,-140,-140,-140,-140,-77.0,-140,-140,-76.0,-140,-140,-79.0,-140,-140,-140,-140,-140,-140,-140,-140,-140,-140,-140,-140,-140,-140,-140,-140,-140,-140,-140.0,-140,-140,-78.0,-88.0,-140.0,-140,-140,-140,-140,-140,-140,-80.0,-140,-140,-140,-140,-140,-82.0,-140,-140,-140.0,-140,-140,-60.0,-85.0,-86.0,-79.0,-140,-140.0,-140.0,-59.0,-140,-140,-140,-140,-140,-140,-140,-140,-140,-140,-140,-140,-140,-140,-140,-140,-140,-140,-140,-140,-140,-140,-140,-140,-140,-140,-140,-140,-140,-140,-140,-140,-140,-140,-140,-140,-140,-140,-140,-140,-140,-140,-140,-140,-140,-140,-140,-140,-140,-140,-140,-140,-140.0,-140,-140,-140,-140,-140,-140,-140,-140,-140,-140,-140,-140,-140,-140,-140,-140,-140,-140,-88.0,-140,-140,-140.0,-140,-95.0,-140,-89.0,-88.0,-140,-140,-140,-140,-140,-140,-140,-140,-140,-140,-140,-140,-140,-140,-140,-140,-140,-140,-140,-140,-140,-140,-140,-140,-140,-140,-140,-140,-140,-140,-140,-140,-140,-140,-140,-140,-140,-140,-140,-140,-140,-140,-140.0,-140,-140,-140,-140,-140,-140,-140,-140,-140,-140,-140,-140,-140,-140,-140,-140,-140,-140,-140,-140,-140,-140,-140,-140,-140,-140,-140,-140,-140,-140,-140,-140,-140,-140,-140,-140,-140,-140,-140,-140,-140,-140,-140,-140,-140,-140,-140,-140,-140
31.7048,-58.0,-140,-140,-140,-140,-140,-140,-140,-140.0,-140,-140,-72.0,-140,-140,-84.0,-140,-140,-140,-140,-140,-140,-140,-140,-140,-140,-140,-140,-140,-140,-140,-140,-140,-140,-140.0,-140,-140,-75.0,-82.0,-140.0,-140,-140,-140,-140,-140,-140,-77.0,-140,-140,-140,-140,-140,-82.0,-140,-140,-89.0,-140,-140,-63.0,-91.0,-84.0,-75.0,-140,-140.0,-140.0,-61.0,-140,-140,-140,-140,-140,-140,-140,-140,-140,-140,-140,-140,-140,-140,-140,-140,-140,-140,-140,-140,-140,-140,-140,-140,-140,-140,-140,-140,-140,-140,-140,-140,-140,-140,-140,-140,-140,-140,-140,-140,-140,-140,-140,-140,-140,-140,-140,-140,-140,-140,-140,-140,-140.0,-140,-140,-140,-140,-140,-140,-140,-140,-140,-140,-140,-140,-140,-140,-140,-140,-140,-140,-140.0,-140,-140,-140.0,-140,-140.0,-140,-93.0,-92.0,-140,-140,-140,-140,-140,-140,-140,-140,-140,-140,-140,-140,-140,-140,-140,-140,-140,-140,-140,-140,-140,-140,-140,-140,-140,-140,-140,-140,-140,-140,-140,-140,-140,-140,-140,-140,-140,-140,-140,-140,-140,-140,-140.0,-140,-140,-140,-140,-140,-140,-140,-140,-140,-140,-140,-140,-140,-140,-140,-140,-140,-140,-140,-140,-140,-140,-140,-140,-140,-140,-140,-140,-140,-140,-140,-140,-140,-140,-140,-140,-140,-140,-140,-140,-140,-140,-140,-140,-140,-140,-140,-140,-140
33.6778,-61.0,-140,-140,-140,-140,-140,-140,-140,-70.0,-140,-140,-78.0,-140,-140,-79.0,-140,-140,-140,-140,-140,-140,-140,-140,-140,-140,-140,-140,-140,-140,-140,-140,-140,-140,-140.0,-140,-140,-80.0,-86.0,-140.0,-140,-140,-140,-140,-140,-140,-80.0,-140,-140,-140,-140,-140,-81.0,-140,-140,-84.0,-140,-140,-59.0,-140.0,-90.0,-81.0,-140,-140.0,-140.0,-61.0,-140,-140,-140,-140,-140,-140,-140,-140,-140,-140,-140,-140,-140,-140,-140,-140,-140,-140,-140,-140,-140,-140,-140,-140,-140,-140,-140,-140,-140,-140,-140,-140,-140,-140,-140,-140,-140,-140,-140,-140,-140,-140,-140,-140,-140,-140,-140,-140,-140,-140,-140,-140,-140.0,-140,-140,-140,-140,-140,-140,-140,-140,-140,-140,-140,-140,-140,-140,-140,-140,-140,-140,-140.0,-140,-140,-140.0,-140,-140.0,-140,-92.0,-140.0,-140,-140,-140,-140,-140,-140,-140,-140,-140,-140,-140,-140,-140,-140,-140,-140,-140,-140,-140,-140,-140,-140,-140,-140,-140,-140,-140,-140,-140,-140,-140,-140,-140,-140,-140,-140,-140,-140,-140,-140,-140,-140,-140.0,-140,-140,-140,-140,-140,-140,-140,-140,-140,-140,-140,-140,-140,-140,-140,-140,-140,-140,-140,-140,-140,-140,-140,-140,-140,-140,-140,-140,-140,-140,-140,-140,-140,-140,-140,-140,-140,-140,-140,-140,-140,-140,-140,-140,-140,-140,-140,-140,-140
35.6637,-60.0,-140,-140,-140,-140,-140,-140,-140,-140.0,-140,-140,-75.0,-140,-140,-77.0,-140,-140,-140,-140,-140,-140,-140,-140,-140,-140,-140,-140,-140,-140,-140,-140,-140,-140,-140.0,-140,-140,-83.0,-85.0,-140.0,-140,-140,-140,-140,-140,-140,-76.0,-140,-140,-140,-140,-140,-83.0,-140,-140,-86.0,-140,-140,-60.0,-84.0,-85.0,-80.0,-140,-92.0,-140.0,-61.0,-140,-140,-140,-140,-140,-140,-140,-140,-140,-140,-140,-140,-140,-140,-140,-140,-140,-140,-140,-140,-140,-140,-140,-140,-140,-140,-140,-140,-140,-140,-140,-140,-140,-140,-140,-140,-140,-140,-140,-140,-140,-140,-140,-140,-140,-140,-140,-140,-140,-140,-140,-140,-140.0,-140,-140,-140,-140,-140,-140,-140,-140,-140,-140,-140,-140,-140,-140,-140,-140,-140,-140,-140.0,-140,-140,-140.0,-140,-140.0,-140,-140.0,-140.0,-140,-140,-140,-140,-140,-140,-140,-140,-140,-140,-140,-140,-140,-140,-140,-140,-140,-140,-140,-140,-140,-140,-140,-140,-140,-140,-140,-140,-140,-140,-140,-140,-140,-140,-140,-140,-140,-140,-140,-140,-140,-140,-140.0,-140,-140,-140,-140,-140,-140,-140,-140,-140,-140,-140,-140,-140,-140,-140,-140,-140,-140,-140,-140,-140,-140,-140,-140,-140,-140,-140,-140,-140,-140,-140,-140,-140,-140,-140,-140,-140,-140,-140,-140,-140,-140,-140,-140,-140,-140,-140,-140,-140
37.6969,-64.0,-140,-140,-140,-140,-140,-140,-140,-68.0,-140,-140,-76.0,-140,-140,-77.0,-140,-140,-140,-140,-140,-140,-140,-140,-140,-140,-140,-140,-140,-140,-140,-140,-140,-140,-140.0,-140,-140,-81.0,-86.0,-140.0,-140,-140,-140,-140,-140,-140,-76.0,-140,-140,-140,-140,-140,-81.0,-140,-140,-87.0,-140,-140,-61.0,-89.0,-89.0,-81.0,-140,-140.0,-140.0,-60.0,-140,-140,-140,-140,-140,-140,-140,-140,-140,-140,-140,-140,-140,-140,-140,-140,-140,-140,-140,-140,-140,-140,-140,-140,-140,-140,-140,-140,-140,-140,-140,-140,-140,-140,-140,-140,-140,-140,-140,-140,-140,-140,-140,-140,-140,-140,-140,-140,-140,-140,-140,-140,-140.0,-140,-140,-140,-140,-140,-140,-140,-140,-140,-140,-140,-140,-140,-140,-140,-140,-140,-140,-140.0,-140,-140,-140.0,-140,-140.0,-140,-140.0,-140.0,-140,-140,-140,-140,-140,-140,-140,-140,-140,-140,-140,-140,-140,-140,-140,-140,-140,-140,-140,-140,-140,-140,-140,-140,-140,-140,-140,-140,-140,-140,-140,-140,-140,-140,-140,-140,-140,-140,-140,-140,-140,-140,-93.0,-140,-140,-140,-140,-140,-140,-140,-140,-140,-140,-140,-140,-140,-140,-140,-140,-140,-140,-140,-140,-140,-140,-140,-140,-140,-140,-140,-140,-140,-140,-140,-140,-140,-140,-140,-140,-140,-140,-140,-140,-140,-140,-140,-140,-140,-140,-140,-140,-140
39.7128,-61.0,-140,-140,-140,-140,-140,-140,-140,-70.0,-140,-140,-74.0,-140,-140,-78.0,-140,-140,-140,-140,-140,-140,-140,-140,-140,-140,-140,-140,-140,-140,-140,-140,-140,-140,-140.0,-140,-140,-83.0,-84.0,-140.0,-140,-140,-140,-140,-140,-140,-75.0,-140,-140,-140,-140,-140,-76.0,-140,-140,-89.0,-140,-140,-61.0,-140.0,-84.0,-81.0,-140,-92.0,-140.0,-56.0,-140,-140,-140,-140,-140,-140,-140,-140,-140,-140,-140,-140,-140,-140,-140,-140,-140,-140,-140,-140,-140,-140,-140,-140,-140,-140,-140,-140,-140,-140,-140,-140,-140,-140,-140,-140,-140,-140,-140,-140,-140,-140,-140,-140,-140,-140,-140,-140,-140,-140,-140,-140,-140.0,-140,-140,-140,-140,-140,-140,-140,-140,-140,-140,-140,-140,-140,-140,-140,-140,-140,-140,-92.0,-140,-140,-140.0,-140,-140.0,-140,-140.0,-140.0,-140,-140,-140,-140,-140,-140,-140,-140,-140,-140,-140,-140,-140,-140,-140,-140,-140,-140,-140,-140,-140,-140,-140,-140,-140,-140,-140,-140,-140,-140,-140,-140,-140,-140,-140,-140,-140,-140,-140,-140,-140,-140,-93.0,-140,-140,-140,-140,-140,-140,-140,-140,-140,-140,-140,-140,-140,-140,-140,-140,-140,-140,-140,-140,-140,-140,-140,-140,-140,-140,-140,-140,-140,-140,-140,-140,-140,-140,-140,-140,-140,-140,-140,-140,-140,-140,-140,-140,-140,-140,-140,-140,-140
41.6789,-60.0,-140,-140,-140,-140,-140,-140,-140,-69.0,-140,-140,-74.0,-140,-140,-78.0,-140,-140,-140,-140,-140,-140,-140,-140,-140,-140,-140,-140,-140,-140,-140,-140,-140,-140,-140.0,-140,-140,-79.0,-85.0,-140.0,-140,-140,-140,-140,-140,-140,-81.0,-140,-140,-140,-140,-140,-80.0,-140,-140,-87.0,-140,-140,-60.0,-85.0,-86.0,-79.0,-140,-140.0,-140.0,-61.0,-140,-140,-140,-140,-140,-140,-140,-140,-140,-140,-140,-140,-140,-140,-140,-140,-140,-140,-140,-140,-140,-140,-140,-140,-140,-140,-140,-140,-140,-140,-140,-140,-140,-140,-140,-140,-140,-140,-140,-140,-140,-140,-140,-140,-140,-140,-140,-140,-140,-140,-140,-140,-140.0,-140,-140,-140,-140,-140,-140,-140,-140,-140,-140,-140,-140,-140,-140,-140,-140,-140,-140,-93.0,-140,-140,-140.0,-140,-140.0,-140,-140.0,-140.0,-140,-140,-140,-140,-140,-140,-140,-140,-140,-140,-140,-140,-140,-140,-140,-140,-140,-140,-140,-140,-140,-140,-140,-140,-140,-140,-140,-140,-140,-140,-140,-140,-140,-140,-140,-140,-140,-140,-140,-140,-140,-140,-140.0,-140,-140,-140,-140,-140,-140,-140,-140,-140,-140,-140,-140,-140,-140,-140,-140,-140,-140,-140,-140,-140,-140,-140,-140,-140,-140,-140,-140,-140,-140,-140,-140,-140,-140,-140,-140,-140,-140,-140,-140,-140,-140,-140,-140,-140,-140,-140,-140,-140
43.6672,-61.0,-140,-140,-140,-140,-140,-140,-140,-68.0,-140,-140,-76.0,-140,-140,-73.0,-140,-140,-140,-140,-140,-140,-140,-140,-140,-140,-140,-140,-140,-140,-140,-140,-140,-140,-140.0,-140,-140,-80.0,-85.0,-140.0,-140,-140,-140,-140,-140,-140,-77.0,-140,-140,-140,-140,-140,-81.0,-140,-140,-88.0,-140,-140,-61.0,-86.0,-85.0,-80.0,-140,-140.0,-140.0,-60.0,-140,-140,-140,-140,-140,-140,-140,-140,-140,-140,-140,-140,-140,-140,-140,-140,-140,-140,-140,-140,-140,-140,-140,-140,-140,-140,-140,-140,-140,-140,-140,-140,-140,-140,-140,-140,-140,-140,-140,-140,-140,-140,-140,-140,-140,-140,-140,-140,-140,-140,-140,-140,-140.0,-140,-140,-140,-140,-140,-140,-140,-140,-140,-140,-140,-140,-140,-140,-140,-140,-140,-140,-140.0,-140,-140,-140.0,-140,-140.0,-140,-140.0,-140.0,-140,-140,-140,-140,-140,-140,-140,-140,-140,-140,-140,-140,-140,-140,-140,-140,-140,-140,-140,-140,-140,-140,-140,-140,-140,-140,-140,-140,-140,-140,-140,-140,-140,-140,-140,-140,-140,-140,-140,-140,-140,-140,-140.0,-140,-140,-140,-140,-140,-140,-140,-140,-140,-140,-140,-140,-140,-140,-140,-140,-140,-140,-140,-140,-140,-140,-140,-140,-140,-140,-140,-140,-140,-140,-140,-140,-140,-140,-140,-140,-140,-140,-140,-140,-140,-140,-140,-140,-140,-140,-140,-140,-140
45.6701,-59.0,-140,-140,-140,-140,-140,-140,-140,-73.0,-140,-140,-73.0,-140,-140,-78.0,-140,-140,-140,-140,-140,-140,-140,-140,-140,-140,-140,-140,-140,-140,-140,-140,-140,-140,-140.0,-140,-140,-78.0,-85.0,-140.0,-140,-140,-140,-140,-140,-140,-76.0,-140,-140,-140,-140,-140,-83.0,-140,-140,-87.0,-140,-140,-59.0,-85.0,-85.0,-79.0,-140,-140.0,-140.0,-62.0,-140,-140,-140,-140,-140,-140,-140,-140,-140,-140,-140,-140,-140,-140,-140,-140,-140,-140,-140,-140,-140,-140,-140,-140,-140,-140,-140,-140,-140,-140,-140,-140,-140,-140,-140,-140,-140,-140,-140,-140,-140,-140,-140,-140,-140,-140,-140,-140,-140,-140,-140,-140,-140.0,-140,-140,-140,-140,-140,-140,-140,-140,-140,-140,-140,-140,-140,-140,-140,-140,-140,-140,-140.0,-140,-140,-140.0,-140,-140.0,-140,-140.0,-140.0,-140,-140,-140,-140,-140,-140,-140,-140,-140,-140,-140,-140,-140,-140,-140,-140,-140,-140,-140,-140,-140,-140,-140,-140,-140,-140,-140,-140,-140,-140,-140,-140,-140,-140,-140,-140,-140,-140,-140,-140,-140,-140,-140.0,-140,-140,-140,-140,-140,-140,-140,-140,-140,-140,-140,-140,-140,-140,-140,-140,-140,-140,-140,-140,-140,-140,-140,-140,-140,-140,-140,-140,-140,-140,-140,-140,-140,-140,-140,-140,-140,-140,-140,-140,-140,-140,-140,-140,-140,-140,-140,-140,-140
47.6969,-58.0,-140,-140,-140,-140,-140,-140,-140,-71.0,-140,-140,-73.0,-140,-140,-140.0,-140,-140,-140,-140,-140,-140,-140,-140,-140,-140,-140,-140,-140,-140,-140,-140,-140,-140,-140.0,-140,-140,-76.0,-85.0,-140.0,-140,-140,-140,-140,-140,-140,-73.0,-140,-140,-140,-140,-140,-81.0,-140,-140,-83.0,-140,-140,-57.0,-85.0,-85.0,-140.0,-140,-140.0,-140.0,-62.0,-140,-140,-140,-140,-140,-140,-140,-140,-140,-140,-140,-140,-140,-140,-140,-140,-140,-140,-140,-140,-140,-140,-140,-140,-140,-140,-140,-140,-140,-140,-140,-140,-140,-140,-140,-140,-140,-140,-140,-140,-140,-140,-140,-140,-140,-140,-140,-140,-140,-140,-140,-140,-140.0,-140,-140,-140,-140,-140,-140,-140,-140,-140,-140,-140,-140,-140,-140,-140,-140,-140,-140,-93.0,-140,-140,-140.0,-140,-140.0,-140,-92.0,-92.0,-140,-140,-140,-140,-140,-140,-140,-140,-140,-140,-140,-140,-140,-140,-140,-140,-140,-140,-140,-140,-140,-140,-140,-140,-140,-140,-140,-140,-140,-140,-140,-140,-140,-140,-140,-140,-140,-140,-140,-140,-140,-140,-93.0,-140,-140,-140,-140,-140,-140,-140,-140,-140,-140,-140,-140,-140,-140,-140,-140,-140,-140,-140,-140,-140,-140,-140,-140,-140,-140,-140,-140,-140,-140,-140,-140,-140,-140,-140,-140,-140,-140,-140,-140,-140,-140,-140,-140,-140,-140,-140,-140,-140
49.6659,-64.0,-140,-140,-140,-140,-140,-140,-140,-70.0,-140,-140,-140.0,-140,-140,-82.0,-140,-140,-140,-140,-140,-140,-140,-140,-140,-140,-140,-140,-140,-140,-140,-140,-140,-140,-140.0,-140,-140,-78.0,-84.0,-140.0,-140,-140,-140,-140,-140,-140,-74.0,-140,-140,-140,-140,-140,-80.0,-140,-140,-87.0,-140,-140,-59.0,-86.0,-86.0,-77.0,-140,-91.0,-140.0,-61.0,-140,-140,-140,-140,-140,-140,-140,-140,-140,-140,-140,-140,-140,-140,-140,-140,-140,-140,-140,-140,-140,-140,-140,-140,-140,-140,-140,-140,-140,-140,-140,-140,-140,-140,-140,-140,-140,-140,-140,-140,-140,-140,-140,-140,-140,-140,-140,-140,-140,-140,-140,-140,-140.0,-140,-140,-140,-140,-140,-140,-140,-140,-140,-140,-140,-140,-140,-140,-140,-140,-140,-140,-93.0,-140,-140,-140.0,-140,-140.0,-140,-92.0,-140.0,-140,-140,-140,-140,-140,-140,-140,-140,-140,-140,-140,-140,-140,-140,-140,-140,-140,-140,-140,-140,-140,-140,-140,-140,-140,-140,-140,-140,-140,-140,-140,-140,-140,-140,-140,-140,-140,-140,-140,-140,-140,-140,-140.0,-140,-140,-140,-140,-140,-140,-140,-140,-140,-140,-140,-140,-140,-140,-140,-140,-140,-140,-140,-140,-140,-140,-140,-140,-140,-140,-140,-140,-140,-140,-140,-140,-140,-140,-140,-140,-140,-140,-140,-140,-140,-140,-140,-140,-140,-140,-140,-140,-140
51.7205,-60.0,-140,-140,-140,-140,-140,-140,-140,-69.0,-140,-140,-76.0,-140,-140,-75.0,-140,-140,-140,-140,-140,-140,-140,-140,-140,-140,-140,-140,-140,-140,-140,-140,-140,-140,-140.0,-140,-140,-80.0,-85.0,-140.0,-140,-140,-140,-140,-140,-140,-79.0,-140,-140,-140,-140,-140,-81.0,-140,-140,-86.0,-140,-140,-60.0,-86.0,-86.0,-77.0,-140,-140.0,-140.0,-61.0,-140,-140,-140,-140,-140,-140,-140,-140,-140,-140,-140,-140,-140,-140,-140,-140,-140,-140,-140,-140,-140,-140,-140,-140,-140,-140,-140,-140,-140,-140,-140,-140,-140,-140,-140,-140,-140,-140,-140,-140,-140,-140,-140,-140,-140,-140,-140,-140,-140,-140,-140,-140,-140.0,-140,-140,-140,-140,-140,-140,-140,-140,-140,-140,-140,-140,-140,-140,-140,-140,-140,-140,-94.0,-140,-140,-140.0,-140,-140.0,-140,-140.0,-140.0,-140,-140,-140,-140,-140,-140,-140,-140,-140,-140,-140,-140,-140,-140,-140,-140,-140,-140,-140,-140,-140,-140,-140,-140,-140,-140,-140,-140,-140,-140,-140,-140,-140,-140,-140,-140,-140,-140,-140,-140,-140,-140,-140.0,-140,-140,-140,-140,-140,-140,-140,-140,-140,-140,-140,-140,-140,-140,-140,-140,-140,-140,-140,-140,-140,-140,-140,-140,-140,-140,-140,-140,-140,-140,-140,-140,-140,-140,-140,-140,-140,-140,-140,-140,-140,-140,-140,-140,-140,-140,-140,-140,-140
53.6905,-60.0,-140,-140,-140,-140,-140,-140,-140,-71.0,-140,-140,-77.0,-140,-140,-79.0,-140,-140,-140,-140,-140,-140,-140,-140,-140,-140,-140,-140,-140,-140,-140,-140,-140,-140,-140.0,-140,-140,-76.0,-84.0,-140.0,-140,-140,-140,-140,-140,-140,-77.0,-140,-140,-140,-140,-140,-81.0,-140,-140,-83.0,-140,-140,-59.0,-85.0,-140.0,-77.0,-140,-91.0,-140.0,-62.0,-140,-140,-140,-140,-140,-140,-140,-140,-140,-140,-140,-140,-140,-140,-140,-140,-140,-140,-140,-140,-140,-140,-140,-140,-140,-140,-140,-140,-140,-140,-140,-140,-140,-140,-140,-140,-140,-140,-140,-140,-140,-140,-140,-140,-140,-140,-140,-140,-140,-140,-140,-140,-140.0,-140,-140,-140,-140,-140,-140,-140,-140,-140,-140,-140,-140,-140,-140,-140,-140,-140,-140,-84.0,-140,-140,-140.0,-140,-140.0,-140,-140.0,-91.0,-140,-140,-140,-140,-140,-140,-140,-140,-140,-140,-140,-140,-140,-140,-140,-140,-140,-140,-140,-140,-140,-140,-140,-140,-140,-140,-140,-140,-140,-140,-140,-140,-140,-140,-140,-140,-140,-140,-140,-140,-140,-140,-95.0,-140,-140,-140,-140,-140,-140,-140,-140,-140,-140,-140,-140,-140,-140,-140,-140,-140,-140,-140,-140,-140,-140,-140,-140,-140,-140,-140,-140,-140,-140,-140,-140,-140,-140,-140,-140,-140,-140,-140,-140,-140,-140,-140,-140,-140,-140,-140,-140,-140
55.6805,-58.0,-140,-140,-140,-140,-140,-140,-140,-69.0,-140,-140,-78.0,-140,-140,-79.0,-140,-140,-140,-140,-140,-140,-140,-140,-140,-140,-140,-140,-140,-140,-140,-140,-140,-140,-140.0,-140,-140,-81.0,-79.0,-140.0,-140,-140,-140,-140,-140,-140,-77.0,-140,-140,-140,-140,-140,-81.0,-140,-140,-87.0,-140,-140,-59.0,-140.0,-85.0,-80.0,-140,-92.0,-94.0,-63.0,-140,-140,-140,-140,-140,-140,-140,-140,-140,-140,-140,-140,-140,-140,-140,-140,-140,-140,-140,-140,-140,-140,-140,-140,-140,-140,-140,-140,-140,-140,-140,-140,-140,-140,-140,-140,-140,-140,-140,-140,-140,-140,-140,-140,-140,-140,-140,-140,-140,-140,-140,-140,-140.0,-140,-140,-140,-140,-140,-140,-140,-140,-140,-140,-140,-140,-140,-140,-140,-140,-140,-140,-92.0,-140,-140,-140.0,-140,-140.0,-140,-91.0,-89.0,-140,-140,-140,-140,-140,-140,-140,-140,-140,-140,-140,-140,-140,-140,-140,-140,-140,-140,-140,-140,-140,-140,-140,-140,-140,-140,-140,-140,-140,-140,-140,-140,-140,-140,-140,-140,-140,-140,-140,-140,-140,-140,-93.0,-140,-140,-140,-140,-140,-140,-140,-140,-140,-140,-140,-140,-140,-140,-140,-140,-140,-140,-140,-140,-140,-140,-140,-140,-140,-140,-140,-140,-140,-140,-140,-140,-140,-140,-140,-140,-140,-140,-140,-140,-140,-140,-140,-140,-140,-140,-140,-140,-140
57.6998,-58.0,-140,-140,-140,-140,-140,-140,-140,-70.0,-140,-140,-74.0,-140,-140,-77.0,-140,-140,-140,-140,-140,-140,-140,-140,-140,-140,-140,-140,-140,-140,-140,-140,-140,-140,-140.0,-140,-140,-75.0,-84.0,-140.0,-140,-140,-140,-140,-140,-140,-74.0,-140,-140,-140,-140,-140,-82.0,-140,-140,-86.0,-140,-140,-58.0,-86.0,-140.0,-77.0,-140,-140.0,-140.0,-62.0,-140,-140,-140,-140,-140,-140,-140,-140,-140,-140,-140,-140,-140,-140,-140,-140,-140,-140,-140,-140,-140,-140,-140,-140,-140,-140,-140,-140,-140,-140,-140,-140,-140,-140,-140,-140,-140,-140,-140,-140,-140,-140,-140,-140,-140,-140,-140,-140,-140,-140,-140,-140,-140.0,-140,-140,-140,-140,-140,-140,-140,-140,-140,-140,-140,-140,-140,-140,-140,-140,-140,-140,-140.0,-140,-140,-140.0,-140,-140.0,-140,-140.0,-140.0,-140,-140,-140,-140,-140,-140,-140,-140,-140,-140,-140,-140,-140,-140,-140,-140,-140,-140,-140,-140,-140,-140,-140,-140,-140,-140,-140,-140,-140,-140,-140,-140,-140,-140,-140,-140,-140,-140,-140,-140,-140,-140,-140.0,-140,-140,-140,-140,-140,-140,-140,-140,-140,-140,-140,-140,-140,-140,-140,-140,-140,-140,-140,-140,-140,-140,-140,-140,-140,-140,-140,-140,-140,-140,-140,-140,-140,-140,-140,-140,-140,-140,-140,-140,-140,-140,-140,-140,-140,-140,-140,-140,-140
59.6853,-60.0,-140,-140,-140,-140,-140,-140,-140,-70.0,-140,-140,-76.0,-140,-140,-75.0,-140,-140,-140,-140,-140,-140,-140,-140,-140,-140,-140,-140,-140,-140,-140,-140,-140,-140,-140.0,-140,-140,-78.0,-86.0,-140.0,-140,-140,-140,-140,-140,-140,-77.0,-140,-140,-140,-140,-140,-82.0,-140,-140,-83.0,-140,-140,-57.0,-140.0,-87.0,-77.0,-140,-91.0,-140.0,-64.0,-140,-140,-140,-140,-140,-140,-140,-140,-140,-140,-140,-140,-140,-140,-140,-140,-140,-140,-140,-140,-140,-140,-140,-140,-140,-140,-140,-140,-140,-140,-140,-140,-140,-140,-140,-140,-140,-140,-140,-140,-140,-140,-140,-140,-140,-140,-140,-140,-140,-140,-140,-140,-140.0,-140,-140,-140,-140,-140,-140,-140,-140,-140,-140,-140,-140,-140,-140,-140,-140,-140,-140,-140.0,-140,-140,-140.0,-140,-140.0,-140,-91.0,-140.0,-140,-140,-140,-140,-140,-140,-140,-140,-140,-140,-140,-140,-140,-140,-140,-140,-140,-140,-140,-140,-140,-140,-140,-140,-140,-140,-140,-140,-140,-140,-140,-140,-140,-140,-140,-140,-140,-140,-140,-140,-140,-140,-93.0,-140,-140,-140,-140,-140,-140,-140,-140,-140,-140,-140,-140,-140,-140,-140,-140,-140,-140,-140,-140,-140,-140,-140,-140,-140,-140,-140,-140,-140,-140,-140,-140,-140,-140,-140,-140,-140,-140,-140,-140,-140,-140,-140,-140,-140,-140,-140,-140,-140
61.6619,-61.0,-140,-140,-140,-140,-140,-140,-140,-69.0,-140,-140,-76.0,-140,-140,-78.0,-140,-140,-140,-140,-140,-140,-140,-140,-140,-140,-140,-140,-140,-140,-140,-140,-140,-140,-140.0,-140,-140,-83.0,-84.0,-140.0,-140,-140,-140,-140,-140,-140,-79.0,-140,-140,-140,-140,-140,-80.0,-140,-140,-83.0,-140,-140,-57.0,-86.0,-140.0,-83.0,-140,-140.0,-140.0,-63.0,-140,-140,-140,-140,-140,-140,-140,-140,-140,-140,-140,-140,-140,-140,-140,-140,-140,-140,-140,-140,-140,-140,-140,-140,-140,-140,-140,-140,-140,-140,-140,-140,-140,-140,-140,-140,-140,-140,-140,-140,-140,-140,-140,-140,-140,-140,-140,-140,-140,-140,-140,-140,-140.0,-140,-140,-140,-140,-140,-140,-140,-140,-140,-140,-140,-140,-140,-140,-140,-140,-140,-140,-140.0,-140,-140,-140.0,-140,-140.0,-140,-140.0,-140.0,-140,-140,-140,-140,-140,-140,-140,-140,-140,-140,-140,-140,-140,-140,-140,-140,-140,-140,-140,-140,-140,-140,-140,-140,-140,-140,-140,-140,-140,-140,-140,-140,-140,-140,-140,-140,-140,-140,-140,-140,-140,-140,-94.0,-140,-140,-140,-140,-140,-140,-140,-140,-140,-140,-140,-140,-140,-140,-140,-140,-140,-140,-140,-140,-140,-140,-140,-140,-140,-140,-140,-140,-140,-140,-140,-140,-140,-140,-140,-140,-140,-140,-140,-140,-140,-140,-140,-140,-140,-140,-140,-140,-140
63.6869,-58.0,-140,-140,-140,-140,-140,-140,-140,-67.0,-140,-140,-74.0,-140,-140,-83.0,-140,-140,-140,-140,-140,-140,-140,-140,-140,-140,-140,-140,-140,-140,-140,-140,-140,-140,-140.0,-140,-140,-82.0,-87.0,-140.0,-140,-140,-140,-140,-140,-140,-77.0,-140,-140,-140,-140,-140,-82.0,-140,-140,-89.0,-140,-140,-56.0,-84.0,-83.0,-83.0,-140,-140.0,-140.0,-60.0,-140,-140,-140,-140,-140,-140,-140,-140,-140,-140,-140,-140,-140,-140,-140,-140,-140,-140,-140,-140,-140,-140,-140,-140,-140,-140,-140,-140,-140,-140,-140,-140,-140,-140,-140,-140,-140,-140,-140,-140,-140,-140,-140,-140,-140,-140,-140,-140,-140,-140,-140,-140,-140.0,-140,-140,-140,-140,-140,-140,-140,-140,-140,-140,-140,-140,-140,-140,-140,-140,-140,-140,-140.0,-140,-140,-140.0,-140,-140.0,-140,-140.0,-140.0,-140,-140,-140,-140,-140,-140,-140,-140,-140,-140,-140,-140,-140,-140,-140,-140,-140,-140,-140,-140,-140,-140,-140,-140,-140,-140,-140,-140,-140,-140,-140,-140,-140,-140,-140,-140,-140,-140,-140,-140,-140,-140,-140.0,-140,-140,-140,-140,-140,-140,-140,-140,-140,-140,-140,-140,-140,-140,-140,-140,-140,-140,-140,-140,-140,-140,-140,-140,-140,-140,-140,-140,-140,-140,-140,-140,-140,-140,-140,-140,-140,-140,-140,-140,-140,-140,-140,-140,-140,-140,-140,-140,-140
65.6787,-60.0,-140,-140,-140,-140,-140,-140,-140,-66.0,-140,-140,-75.0,-140,-140,-89.0,-140,-140,-140,-140,-140,-140,-140,-140,-140,-140,-140,-140,-140,-140,-140,-140,-140,-140,-140.0,-140,-140,-80.0,-88.0,-140.0,-140,-140,-140,-140,-140,-140,-77.0,-140,-140,-140,-140,-140,-84.0,-140,-140,-90.0,-140,-140,-64.0,-91.0,-89.0,-140.0,-140,-140.0,-140.0,-54.0,-140,-140,-140,-140,-140,-140,-140,-140,-140,-140,-140,-140,-140,-140,-140,-140,-140,-140,-140,-140,-140,-140,-140,-140,-140,-140,-140,-140,-140,-140,-140,-140,-140,-140,-140,-140,-140,-140,-140,-140,-140,-140,-140,-140,-140,-140,-140,-140,-140,-140,-140,-140,-140.0,-140,-140,-140,-140,-140,-140,-140,-140,-140,-140,-140,-140,-140,-140,-140,-140,-140,-140,-140.0,-140,-140,-140.0,-140,-140.0,-140,-140.0,-140.0,-140,-140,-140,-140,-140,-140,-140,-140,-140,-140,-140,-140,-140,-140,-140,-140,-140,-140,-140,-140,-140,-140,-140,-140,-140,-140,-140,-140,-140,-140,-140,-140,-140,-140,-140,-140,-140,-140,-140,-140,-140,-140,-140.0,-140,-140,-140,-140,-140,-140,-140,-140,-140,-140,-140,-140,-140,-140,-140,-140,-140,-140,-140,-140,-140,-140,-140,-140,-140,-140,-140,-140,-140,-140,-140,-140,-140,-140,-140,-140,-140,-140,-140,-140,-140,-140,-140,-140,-140,-140,-140,-140,-140
67.6938,-60.0,-140,-140,-140,-140,-140,-140,-140,-66.0,-140,-140,-79.0,-140,-140,-84.0,-140,-140,-140,-140,-140,-140,-140,-140,-140,-140,-140,-140,-140,-140,-140,-140,-140,-140,-140.0,-140,-140,-140.0,-78.0,-140.0,-140,-140,-140,-140,-140,-140,-78.0,-140,-140,-140,-140,-140,-80.0,-140,-140,-140.0,-140,-140,-58.0,-87.0,-140.0,-81.0,-140,-140.0,-84.0,-52.0,-140,-140,-140,-140,-140,-140,-140,-140,-140,-140,-140,-140,-140,-140,-140,-140,-140,-140,-140,-140,-140,-140,-140,-140,-140,-140,-140,-140,-140,-140,-140,-140,-140,-140,-140,-140,-140,-140,-140,-140,-140,-140,-140,-140,-140,-140,-140,-140,-140,-140,-140,-140,-140.0,-140,-140,-140,-140,-140,-140,-140,-140,-140,-140,-140,-140,-140,-140,-140,-140,-140,-140,-140.0,-140,-140,-140.0,-140,-140.0,-140,-140.0,-140.0,-140,-140,-140,-140,-140,-140,-140,-140,-140,-140,-140,-140,-140,-140,-140,-140,-140,-140,-140,-140,-140,-140,-140,-140,-140,-140,-140,-140,-140,-140,-140,-140,-140,-140,-140,-140,-140,-140,-140,-140,-140,-140,-140.0,-140,-140,-140,-140,-140,-140,-140,-140,-140,-140,-140,-140,-140,-140,-140,-140,-140,-140,-140,-140,-140,-140,-140,-140,-140,-140,-140,-140,-140,-140,-140,-140,-140,-140,-140,-140,-140,-140,-140,-140,-140,-140,-140,-140,-140,-140,-140,-140,-140
69.6613,-62.0,-140,-140,-140,-140,-140,-140,-140,-64.0,-140,-140,-72.0,-140,-140,-85.0,-140,-140,-140,-140,-140,-140,-140,-140,-140,-140,-140,-140,-140,-140,-140,-140,-140,-140,-140.0,-140,-140,-84.0,-88.0,-140.0,-140,-140,-140,-140,-140,-140,-84.0,-140,-140,-140,-140,-140,-86.0,-140,-140,-140.0,-140,-140,-67.0,-88.0,-90.0,-84.0,-140,-140.0,-140.0,-53.0,-140,-140,-140,-140,-140,-140,-140,-140,-140,-140,-140,-140,-140,-140,-140,-140,-140,-140,-140,-140,-140,-140,-140,-140,-140,-140,-140,-140,-140,-140,-140,-140,-140,-140,-140,-140,-140,-140,-140,-140,-140,-140,-140,-140,-140,-140,-140,-140,-140,-140,-140,-140,-140.0,-140,-140,-140,-140,-140,-140,-140,-140,-140,-140,-140,-140,-140,-140,-140,-140,-140,-140,-140.0,-140,-140,-140.0,-140,-140.0,-140,-93.0,-140.0,-140,-140,-140,-140,-140,-140,-140,-140,-140,-140,-140,-140,-140,-140,-140,-140,-140,-140,-140,-140,-140,-140,-140,-140,-140,-140,-140,-140,-140,-140,-140,-140,-140,-140,-140,-140,-140,-140,-140,-140,-140,-140,-140.0,-140,-140,-140,-140,-140,-140,-140,-140,-140,-140,-140,-140,-140,-140,-140,-140,-140,-140,-140,-140,-140,-140,-140,-140,-140,-140,-140,-140,-140,-140,-140,-140,-140,-140,-140,-140,-140,-140,-140,-140,-140,-140,-140,-140,-140,-140,-140,-140,-140
71.6618,-61.0,-140,-140,-140,-140,-140,-140,-140,-67.0,-140,-140,-80.0,-140,-140,-83.0,-140,-140,-140,-140,-140,-140,-140,-140,-140,-140,-140,-140,-140,-140,-140,-140,-140,-140,-140.0,-140,-140,-79.0,-140.0,-140.0,-140,-140,-140,-140,-140,-140,-85.0,-140,-140,-140,-140,-140,-83.0,-140,-140,-140.0,-140,-140,-65.0,-90.0,-85.0,-80.0,-140,-140.0,-140.0,-59.0,-140,-140,-140,-140,-140,-140,-140,-140,-140,-140,-140,-140,-140,-140,-140,-140,-140,-140,-140,-140,-140,-140,-140,-140,-140,-140,-140,-140,-140,-140,-140,-140,-140,-140,-140,-140,-140,-140,-140,-140,-140,-140,-140,-140,-140,-140,-140,-140,-140,-140,-140,-140,-140.0,-140,-140,-140,-140,-140,-140,-140,-140,-140,-140,-140,-140,-140,-140,-140,-140,-140,-140,-140.0,-140,-140,-140.0,-140,-140.0,-140,-140.0,-140.0,-140,-140,-140,-140,-140,-140,-140,-140,-140,-140,-140,-140,-140,-140,-140,-140,-140,-140,-140,-140,-140,-140,-140,-140,-140,-140,-140,-140,-140,-140,-140,-140,-140,-140,-140,-140,-140,-140,-140,-140,-140,-140,-140.0,-140,-140,-140,-140,-140,-140,-140,-140,-140,-140,-140,-140,-140,-140,-140,-140,-140,-140,-140,-140,-140,-140,-140,-140,-140,-140,-140,-140,-140,-140,-140,-140,-140,-140,-140,-140,-140,-140,-140,-140,-140,-140,-140,-140,-140,-140,-140,-140,-140
73.7149,-60.0,-140,-140,-140,-140,-140,-140,-140,-63.0,-140,-140,-73.0,-140,-140,-140.0,-140,-140,-140,-140,-140,-140,-140,-140,-140,-140,-140,-140,-140,-140,-140,-140,-140,-140,-140.0,-140,-140,-83.0,-88.0,-140.0,-140,-140,-140,-140,-140,-140,-83.0,-140,-140,-140,-140,-140,-88.0,-140,-140,-85.0,-140,-140,-60.0,-140.0,-86.0,-140.0,-140,-140.0,-140.0,-60.0,-140,-140,-140,-140,-140,-140,-140,-140,-140,-140,-140,-140,-140,-140,-140,-140,-140,-140,-140,-140,-140,-140,-140,-140,-140,-140,-140,-140,-140,-140,-140,-140,-140,-140,-140,-140,-140,-140,-140,-140,-140,-140,-140,-140,-140,-140,-140,-140,-140,-140,-140,-140,-140.0,-140,-140,-140,-140,-140,-140,-140,-140,-140,-140,-140,-140,-140,-140,-140,-140,-140,-140,-140.0,-140,-140,-140.0,-140,-140.0,-140,-140.0,-140.0,-140,-140,-140,-140,-140,-140,-140,-140,-140,-140,-140,-140,-140,-140,-140,-140,-140,-140,-140,-140,-140,-140,-140,-140,-140,-140,-140,-140,-140,-140,-140,-140,-140,-140,-140,-140,-140,-140,-140,-140,-140,-140,-140.0,-140,-140,-140,-140,-140,-140,-140,-140,-140,-140,-140,-140,-140,-140,-140,-140,-140,-140,-140,-140,-140,-140,-140,-140,-140,-140,-140,-140,-140,-140,-140,-140,-140,-140,-140,-140,-140,-140,-140,-140,-140,-140,-140,-140,-140,-140,-140,-140,-140
75.698,-55.0,-140,-140,-140,-140,-140,-140,-140,-68.0,-140,-140,-80.0,-140,-140,-84.0,-140,-140,-140,-140,-140,-140,-140,-140,-140,-140,-140,-140,-140,-140,-140,-140,-140,-140,-140.0,-140,-140,-140.0,-89.0,-140.0,-140,-140,-140,-140,-140,-140,-80.0,-140,-140,-140,-140,-140,-86.0,-140,-140,-91.0,-140,-140,-62.0,-84.0,-85.0,-81.0,-140,-140.0,-88.0,-65.0,-140,-140,-140,-140,-140,-140,-140,-140,-140,-140,-140,-140,-140,-140,-140,-140,-140,-140,-140,-140,-140,-140,-140,-140,-140,-140,-140,-140,-140,-140,-140,-140,-140,-140,-140,-140,-140,-140,-140,-140,-140,-140,-140,-140,-140,-140,-140,-140,-140,-140,-140,-140,-140.0,-140,-140,-140,-140,-140,-140,-140,-140,-140,-140,-140,-140,-140,-140,-140,-140,-140,-140,-140.0,-140,-140,-140.0,-140,-140.0,-140,-140.0,-140.0,-140,-140,-140,-140,-140,-140,-140,-140,-140,-140,-140,-140,-140,-140,-140,-140,-140,-140,-140,-140,-140,-140,-140,-140,-140,-140,-140,-140,-140,-140,-140,-140,-140,-140,-140,-140,-140,-140,-140,-140,-140,-140,-140.0,-140,-140,-140,-140,-140,-140,-140,-140,-140,-140,-140,-140,-140,-140,-140,-140,-140,-140,-140,-140,-140,-140,-140,-140,-140,-140,-140,-140,-140,-140,-140,-140,-140,-140,-140,-140,-140,-140,-140,-140,-140,-140,-140,-140,-140,-140,-140,-140,-140
77.6907,-66.0,-140,-140,-140,-140,-140,-140,-140,-73.0,-140,-140,-92.0,-140,-140,-140.0,-140,-140,-140,-140,-140,-140,-140,-140,-140,-140,-140,-140,-140,-140,-140,-140,-140,-140,-140.0,-140,-140,-140.0,-140.0,-140.0,-140,-140,-140,-140,-140,-140,-85.0,-140,-140,-140,-140,-140,-87.0,-140,-140,-140.0,-140,-140,-63.0,-140.0,-140.0,-140.0,-140,-140.0,-140.0,-69.0,-140,-140,-140,-140,-140,-140,-140,-140,-140,-140,-140,-140,-140,-140,-140,-140,-140,-140,-140,-140,-140,-140,-140,-140,-140,-140,-140,-140,-140,-140,-140,-140,-140,-140,-140,-140,-140,-140,-140,-140,-140,-140,-140,-140,-140,-140,-140,-140,-140,-140,-140,-140,-140.0,-140,-140,-140,-140,-140,-140,-140,-140,-140,-140,-140,-140,-140,-140,-140,-140,-140,-140,-140.0,-140,-140,-140.0,-140,-140.0,-140,-140.0,-140.0,-140,-140,-140,-140,-140,-140,-140,-140,-140,-140,-140,-140,-140,-140,-140,-140,-140,-140,-140,-140,-140,-140,-140,-140,-140,-140,-140,-140,-140,-140,-140,-140,-140,-140,-140,-140,-140,-140,-140,-140,-140,-140,-140.0,-140,-140,-140,-140,-140,-140,-140,-140,-140,-140,-140,-140,-140,-140,-140,-140,-140,-140,-140,-140,-140,-140,-140,-140,-140,-140,-140,-140,-140,-140,-140,-140,-140,-140,-140,-140,-140,-140,-140,-140,-140,-140,-140,-140,-140,-140,-140,-140,-140
79.727,-60.0,-140,-140,-140,-140,-140,-140,-140,-71.0,-140,-140,-140.0,-140,-140,-140.0,-140,-140,-140,-140,-140,-140,-140,-140,-140,-140,-140,-140,-140,-140,-140,-140,-140,-140,-140.0,-140,-140,-140.0,-140.0,-140.0,-140,-140,-140,-140,-140,-140,-140.0,-140,-140,-140,-140,-140,-140.0,-140,-140,-89.0,-140,-140,-81.0,-140.0,-140.0,-140.0,-140,-140.0,-140.0,-68.0,-140,-140,-140,-140,-140,-140,-140,-140,-140,-140,-140,-140,-140,-140,-140,-140,-140,-140,-140,-140,-140,-140,-140,-140,-140,-140,-140,-140,-140,-140,-140,-140,-140,-140,-140,-140,-140,-140,-140,-140,-140,-140,-140,-140,-140,-140,-140,-140,-140,-140,-140,-140,-140.0,-140,-140,-140,-140,-140,-140,-140,-140,-140,-140,-140,-140,-140,-140,-140,-140,-140,-140,-140.0,-140,-140,-140.0,-140,-140.0,-140,-140.0,-140.0,-140,-140,-140,-140,-140,-140,-140,-140,-140,-140,-140,-140,-140,-140,-140,-140,-140,-140,-140,-140,-140,-140,-140,-140,-140,-140,-140,-140,-140,-140,-140,-140,-140,-140,-140,-140,-140,-140,-140,-140,-140,-140,-140.0,-140,-140,-140,-140,-140,-140,-140,-140,-140,-140,-140,-140,-140,-140,-140,-140,-140,-140,-140,-140,-140,-140,-140,-140,-140,-140,-140,-140,-140,-140,-140,-140,-140,-140,-140,-140,-140,-140,-140,-140,-140,-140,-140,-140,-140,-140,-140,-140,-140
81.6987,-59.0,-140,-140,-140,-140,-140,-140,-140,-72.0,-140,-140,-91.0,-140,-140,-140.0,-140,-140,-140,-140,-140,-140,-140,-140,-140,-140,-140,-140,-140,-140,-140,-140,-140,-140,-140.0,-140,-140,-140.0,-140.0,-140.0,-140,-140,-140,-140,-140,-140,-140.0,-140,-140,-140,-140,-140,-140.0,-140,-140,-140.0,-140,-140,-81.0,-140.0,-140.0,-140.0,-140,-140.0,-140.0,-140.0,-140,-140,-140,-140,-140,-140,-140,-140,-140,-140,-140,-140,-140,-140,-140,-140,-140,-140,-140,-140,-140,-140,-140,-140,-140,-140,-140,-140,-140,-140,-140,-140,-140,-140,-140,-140,-140,-140,-140,-140,-140,-140,-140,-140,-140,-140,-140,-140,-140,-140,-140,-140,-140.0,-140,-140,-140,-140,-140,-140,-140,-140,-140,-140,-140,-140,-140,-140,-140,-140,-140,-140,-140.0,-140,-140,-140.0,-140,-140.0,-140,-140.0,-140.0,-140,-140,-140,-140,-140,-140,-140,-140,-140,-140,-140,-140,-140,-140,-140,-140,-140,-140,-140,-140,-140,-140,-140,-140,-140,-140,-140,-140,-140,-140,-140,-140,-140,-140,-140,-140,-140,-140,-140,-140,-140,-140,-140.0,-140,-140,-140,-140,-140,-140,-140,-140,-140,-140,-140,-140,-140,-140,-140,-140,-140,-140,-140,-140,-140,-140,-140,-140,-140,-140,-140,-140,-140,-140,-140,-140,-140,-140,-140,-140,-140,-140,-140,-140,-140,-140,-140,-140,-140,-140,-140,-140,-140
83.6735,-53.0,-140,-140,-140,-140,-140,-140,-140,-68.0,-140,-140,-140.0,-140,-140,-140.0,-140,-140,-140,-140,-140,-140,-140,-140,-140,-140,-140,-140,-140,-140,-140,-140,-140,-140,-140.0,-140,-140,-140.0,-140.0,-140.0,-140,-140,-140,-140,-140,-140,-140.0,-140,-140,-140,-140,-140,-140.0,-140,-140,-140.0,-140,-140,-71.0,-140.0,-140.0,-140.0,-140,-140.0,-140.0,-73.0,-140,-140,-140,-140,-140,-140,-140,-140,-140,-140,-140,-140,-140,-140,-140,-140,-140,-140,-140,-140,-140,-140,-140,-140,-140,-140,-140,-140,-140,-140,-140,-140,-140,-140,-140,-140,-140,-140,-140,-140,-140,-140,-140,-140,-140,-140,-140,-140,-140,-140,-140,-140,-140.0,-140,-140,-140,-140,-140,-140,-140,-140,-140,-140,-140,-140,-140,-140,-140,-140,-140,-140,-140.0,-140,-140,-140.0,-140,-140.0,-140,-140.0,-140.0,-140,-140,-140,-140,-140,-140,-140,-140,-140,-140,-140,-140,-140,-140,-140,-140,-140,-140,-140,-140,-140,-140,-140,-140,-140,-140,-140,-140,-140,-140,-140,-140,-140,-140,-140,-140,-140,-140,-140,-140,-140,-140,-140.0,-140,-140,-140,-140,-140,-140,-140,-140,-140,-140,-140,-140,-140,-140,-140,-140,-140,-140,-140,-140,-140,-140,-140,-140,-140,-140,-140,-140,-140,-140,-140,-140,-140,-140,-140,-140,-140,-140,-140,-140,-140,-140,-140,-140,-140,-140,-140,-140,-140
85.7112,-54.0,-140,-140,-140,-140,-140,-140,-140,-69.0,-140,-140,-140.0,-140,-140,-87.0,-140,-140,-140,-140,-140,-140,-140,-140,-140,-140,-140,-140,-140,-140,-140,-140,-140,-140,-140.0,-140,-140,-140.0,-140.0,-140.0,-140,-140,-140,-140,-140,-140,-85.0,-140,-140,-140,-140,-140,-140.0,-140,-140,-140.0,-140,-140,-84.0,-140.0,-140.0,-140.0,-140,-140.0,-91.0,-69.0,-140,-140,-140,-140,-140,-140,-140,-140,-140,-140,-140,-140,-140,-140,-140,-140,-140,-140,-140,-140,-140,-140,-140,-140,-140,-140,-140,-140,-140,-140,-140,-140,-140,-140,-140,-140,-140,-140,-140,-140,-140,-140,-140,-140,-140,-140,-140,-140,-140,-140,-140,-140,-140.0,-140,-140,-140,-140,-140,-140,-140,-140,-140,-140,-140,-140,-140,-140,-140,-140,-140,-140,-140.0,-140,-140,-140.0,-140,-140.0,-140,-140.0,-140.0,-140,-140,-140,-140,-140,-140,-140,-140,-140,-140,-140,-140,-140,-140,-140,-140,-140,-140,-140,-140,-140,-140,-140,-140,-140,-140,-140,-140,-140,-140,-140,-140,-140,-140,-140,-140,-140,-140,-140,-140,-140,-140,-140.0,-140,-140,-140,-140,-140,-140,-140,-140,-140,-140,-140,-140,-140,-140,-140,-140,-140,-140,-140,-140,-140,-140,-140,-140,-140,-140,-140,-140,-140,-140,-140,-140,-140,-140,-140,-140,-140,-140,-140,-140,-140,-140,-140,-140,-140,-140,-140,-140,-140
87.6733,-67.0,-140,-140,-140,-140,-140,-140,-140,-73.0,-140,-140,-88.0,-140,-140,-140.0,-140,-140,-140,-140,-140,-140,-140,-140,-140,-140,-140,-140,-140,-140,-140,-140,-140,-140,-140.0,-140,-140,-140.0,-140.0,-140.0,-140,-140,-140,-140,-140,-140,-94.0,-140,-140,-140,-140,-140,-140.0,-140,-140,-140.0,-140,-140,-71.0,-140.0,-140.0,-140.0,-140,-140.0,-140.0,-80.0,-140,-140,-140,-140,-140,-140,-140,-140,-140,-140,-140,-140,-140,-140,-140,-140,-140,-140,-140,-140,-140,-140,-140,-140,-140,-140,-140,-140,-140,-140,-140,-140,-140,-140,-140,-140,-140,-140,-140,-140,-140,-140,-140,-140,-140,-140,-140,-140,-140,-140,-140,-140,-140.0,-140,-140,-140,-140,-140,-140,-140,-140,-140,-140,-140,-140,-140,-140,-140,-140,-140,-140,-140.0,-140,-140,-140.0,-140,-140.0,-140,-140.0,-140.0,-140,-140,-140,-140,-140,-140,-140,-140,-140,-140,-140,-140,-140,-140,-140,-140,-140,-140,-140,-140,-140,-140,-140,-140,-140,-140,-140,-140,-140,-140,-140,-140,-140,-140,-140,-140,-140,-140,-140,-140,-140,-140,-140.0,-140,-140,-140,-140,-140,-140,-140,-140,-140,-140,-140,-140,-140,-140,-140,-140,-140,-140,-140,-140,-140,-140,-140,-140,-140,-140,-140,-140,-140,-140,-140,-140,-140,-140,-140,-140,-140,-140,-140,-140,-140,-140,-140,-140,-140,-140,-140,-140,-140
89.6797,-71.0,-140,-140,-140,-140,-140,-140,-140,-75.0,-140,-140,-140.0,-140,-140,-140.0,-140,-140,-140,-140,-140,-140,-140,-140,-140,-140,-140,-140,-140,-140,-140,-140,-140,-140,-140.0,-140,-140,-140.0,-140.0,-140.0,-140,-140,-140,-140,-140,-140,-140.0,-140,-140,-140,-140,-140,-140.0,-140,-140,-140.0,-140,-140,-81.0,-140.0,-140.0,-140.0,-140,-140.0,-140.0,-69.0,-140,-140,-140,-140,-140,-140,-140,-140,-140,-140,-140,-140,-140,-140,-140,-140,-140,-140,-140,-140,-140,-140,-140,-140,-140,-140,-140,-140,-140,-140,-140,-140,-140,-140,-140,-140,-140,-140,-140,-140,-140,-140,-140,-140,-140,-140,-140,-140,-140,-140,-140,-140,-140.0,-140,-140,-140,-140,-140,-140,-140,-140,-140,-140,-140,-140,-140,-140,-140,-140,-140,-140,-140.0,-140,-140,-140.0,-140,-140.0,-140,-140.0,-140.0,-140,-140,-140,-140,-140,-140,-140,-140,-140,-140,-140,-140,-140,-140,-140,-140,-140,-140,-140,-140,-140,-140,-140,-140,-140,-140,-140,-140,-140,-140,-140,-140,-140,-140,-140,-140,-140,-140,-140,-140,-140,-140,-140.0,-140,-140,-140,-140,-140,-140,-140,-140,-140,-140,-140,-140,-140,-140,-140,-140,-140,-140,-140,-140,-140,-140,-140,-140,-140,-140,-140,-140,-140,-140,-140,-140,-140,-140,-140,-140,-140,-140,-140,-140,-140,-140,-140,-140,-140,-140,-140,-140,-140
91.6862,-62.0,-140,-140,-140,-140,-140,-140,-140,-140.0,-140,-140,-92.0,-140,-140,-140.0,-140,-140,-140,-140,-140,-140,-140,-140,-140,-140,-140,-140,-140,-140,-140,-140,-140,-140,-140.0,-140,-140,-140.0,-140.0,-140.0,-140,-140,-140,-140,-140,-140,-140.0,-140,-140,-140,-140,-140,-140.0,-140,-140,-140.0,-140,-140,-72.0,-140.0,-140.0,-140.0,-140,-140.0,-140.0,-65.0,-140,-140,-140,-140,-140,-140,-140,-140,-140,-140,-140,-140,-140,-140,-140,-140,-140,-140,-140,-140,-140,-140,-140,-140,-140,-140,-140,-140,-140,-140,-140,-140,-140,-140,-140,-140,-140,-140,-140,-140,-140,-140,-140,-140,-140,-140,-140,-140,-140,-140,-140,-140,-140.0,-140,-140,-140,-140,-140,-140,-140,-140,-140,-140,-140,-140,-140,-140,-140,-140,-140,-140,-140.0,-140,-140,-140.0,-140,-140.0,-140,-140.0,-140.0,-140,-140,-140,-140,-140,-140,-140,-140,-140,-140,-140,-140,-140,-140,-140,-140,-140,-140,-140,-140,-140,-140,-140,-140,-140,-140,-140,-140,-140,-140,-140,-140,-140,-140,-140,-140,-140,-140,-140,-140,-140,-140,-140.0,-140,-140,-140,-140,-140,-140,-140,-140,-140,-140,-140,-140,-140,-140,-140,-140,-140,-140,-140,-140,-140,-140,-140,-140,-140,-140,-140,-140,-140,-140,-140,-140,-140,-140,-140,-140,-140,-140,-140,-140,-140,-140,-140,-140,-140,-140,-140,-140,-140
93.6754,-68.0,-140,-140,-140,-140,-140,-140,-140,-77.0,-140,-140,-91.0,-140,-140,-140.0,-140,-140,-140,-140,-140,-140,-140,-140,-140,-140,-140,-140,-140,-140,-140,-140,-140,-140,-140.0,-140,-140,-140.0,-140.0,-140.0,-140,-140,-140,-140,-140,-140,-140.0,-140,-140,-140,-140,-140,-140.0,-140,-140,-140.0,-140,-140,-81.0,-140.0,-140.0,-140.0,-140,-140.0,-140.0,-62.0,-140,-140,-140,-140,-140,-140,-140,-140,-140,-140,-140,-140,-140,-140,-140,-140,-140,-140,-140,-140,-140,-140,-140,-140,-140,-140,-140,-140,-140,-140,-140,-140,-140,-140,-140,-140,-140,-140,-140,-140,-140,-140,-140,-140,-140,-140,-140,-140,-140,-140,-140,-140,-140.0,-140,-140,-140,-140,-140,-140,-140,-140,-140,-140,-140,-140,-140,-140,-140,-140,-140,-140,-140.0,-140,-140,-140.0,-140,-140.0,-140,-140.0,-140.0,-140,-140,-140,-140,-140,-140,-140,-140,-140,-140,-140,-140,-140,-140,-140,-140,-140,-140,-140,-140,-140,-140,-140,-140,-140,-140,-140,-140,-140,-140,-140,-140,-140,-140,-140,-140,-140,-140,-140,-140,-140,-140,-140.0,-140,-140,-140,-140,-140,-140,-140,-140,-140,-140,-140,-140,-140,-140,-140,-140,-140,-140,-140,-140,-140,-140,-140,-140,-140,-140,-140,-140,-140,-140,-140,-140,-140,-140,-140,-140,-140,-140,-140,-140,-140,-140,-140,-140,-140,-140,-140,-140,-140
95.6548,-66.0,-140,-140,-140,-140,-140,-140,-140,-79.0,-140,-140,-140.0,-140,-140,-140.0,-140,-140,-140,-140,-140,-140,-140,-140,-140,-140,-140,-140,-140,-140,-140,-140,-140,-140,-140.0,-140,-140,-140.0,-140.0,-140.0,-140,-140,-140,-140,-140,-140,-91.0,-140,-140,-140,-140,-140,-140.0,-140,-140,-140.0,-140,-140,-76.0,-140.0,-140.0,-140.0,-140,-140.0,-140.0,-63.0,-140,-140,-140,-140,-140,-140,-140,-140,-140,-140,-140,-140,-140,-140,-140,-140,-140,-140,-140,-140,-140,-140,-140,-140,-140,-140,-140,-140,-140,-140,-140,-140,-140,-140,-140,-140,-140,-140,-140,-140,-140,-140,-140,-140,-140,-140,-140,-140,-140,-140,-140,-140,-140.0,-140,-140,-140,-140,-140,-140,-140,-140,-140,-140,-140,-140,-140,-140,-140,-140,-140,-140,-140.0,-140,-140,-140.0,-140,-140.0,-140,-140.0,-140.0,-140,-140,-140,-140,-140,-140,-140,-140,-140,-140,-140,-140,-140,-140,-140,-140,-140,-140,-140,-140,-140,-140,-140,-140,-140,-140,-140,-140,-140,-140,-140,-140,-140,-140,-140,-140,-140,-140,-140,-140,-140,-140,-140.0,-140,-140,-140,-140,-140,-140,-140,-140,-140,-140,-140,-140,-140,-140,-140,-140,-140,-140,-140,-140,-140,-140,-140,-140,-140,-140,-140,-140,-140,-140,-140,-140,-140,-140,-140,-140,-140,-140,-140,-140,-140,-140,-140,-140,-140,-140,-140,-140,-140
97.6967,-67.0,-140,-140,-140,-140,-140,-140,-140,-74.0,-140,-140,-87.0,-140,-140,-140.0,-140,-140,-140,-140,-140,-140,-140,-140,-140,-140,-140,-140,-140,-140,-140,-140,-140,-140,-140.0,-140,-140,-140.0,-140.0,-140.0,-140,-140,-140,-140,-140,-140,-90.0,-140,-140,-140,-140,-140,-91.0,-140,-140,-140.0,-140,-140,-69.0,-140.0,-140.0,-140.0,-140,-140.0,-140.0,-60.0,-140,-140,-140,-140,-140,-140,-140,-140,-140,-140,-140,-140,-140,-140,-140,-140,-140,-140,-140,-140,-140,-140,-140,-140,-140,-140,-140,-140,-140,-140,-140,-140,-140,-140,-140,-140,-140,-140,-140,-140,-140,-140,-140,-140,-140,-140,-140,-140,-140,-140,-140,-140,-140.0,-140,-140,-140,-140,-140,-140,-140,-140,-140,-140,-140,-140,-140,-140,-140,-140,-140,-140,-140.0,-140,-140,-140.0,-140,-140.0,-140,-140.0,-140.0,-140,-140,-140,-140,-140,-140,-140,-140,-140,-140,-140,-140,-140,-140,-140,-140,-140,-140,-140,-140,-140,-140,-140,-140,-140,-140,-140,-140,-140,-140,-140,-140,-140,-140,-140,-140,-140,-140,-140,-140,-140,-140,-140.0,-140,-140,-140,-140,-140,-140,-140,-140,-140,-140,-140,-140,-140,-140,-140,-140,-140,-140,-140,-140,-140,-140,-140,-140,-140,-140,-140,-140,-140,-140,-140,-140,-140,-140,-140,-140,-140,-140,-140,-140,-140,-140,-140,-140,-140,-140,-140,-140,-140
99.6738,-63.0,-140,-140,-140,-140,-140,-140,-140,-140.0,-140,-140,-91.0,-140,-140,-140.0,-140,-140,-140,-140,-140,-140,-140,-140,-140,-140,-140,-140,-140,-140,-140,-140,-140,-140,-140.0,-140,-140,-140.0,-140.0,-140.0,-140,-140,-140,-140,-140,-140,-94.0,-140,-140,-140,-140,-140,-140.0,-140,-140,-140.0,-140,-140,-74.0,-140.0,-140.0,-140.0,-140,-140.0,-140.0,-63.0,-140,-140,-140,-140,-140,-140,-140,-140,-140,-140,-140,-140,-140,-140,-140,-140,-140,-140,-140,-140,-140,-140,-140,-140,-140,-140,-140,-140,-140,-140,-140,-140,-140,-140,-140,-140,-140,-140,-140,-140,-140,-140,-140,-140,-140,-140,-140,-140,-140,-140,-140,-140,-140.0,-140,-140,-140,-140,-140,-140,-140,-140,-140,-140,-140,-140,-140,-140,-140,-140,-140,-140,-140.0,-140,-140,-140.0,-140,-140.0,-140,-140.0,-140.0,-140,-140,-140,-140,-140,-140,-140,-140,-140,-140,-140,-140,-140,-140,-140,-140,-140,-140,-140,-140,-140,-140,-140,-140,-140,-140,-140,-140,-140,-140,-140,-140,-140,-140,-140,-140,-140,-140,-140,-140,-140,-140,-140.0,-140,-140,-140,-140,-140,-140,-140,-140,-140,-140,-140,-140,-140,-140,-140,-140,-140,-140,-140,-140,-140,-140,-140,-140,-140,-140,-140,-140,-140,-140,-140,-140,-140,-140,-140,-140,-140,-140,-140,-140,-140,-140,-140,-140,-140,-140,-140,-140,-140
101.6793,-69.0,-140,-140,-140,-140,-140,-140,-140,-68.0,-140,-140,-85.0,-140,-140,-140.0,-140,-140,-140,-140,-140,-140,-140,-140,-140,-140,-140,-140,-140,-140,-140,-140,-140,-140,-140.0,-140,-140,-140.0,-140.0,-140.0,-140,-140,-140,-140,-140,-140,-140.0,-140,-140,-140,-140,-140,-94.0,-140,-140,-140.0,-140,-140,-78.0,-140.0,-140.0,-140.0,-140,-140.0,-140.0,-65.0,-140,-140,-140,-140,-140,-140,-140,-140,-140,-140,-140,-140,-140,-140,-140,-140,-140,-140,-140,-140,-140,-140,-140,-140,-140,-140,-140,-140,-140,-140,-140,-140,-140,-140,-140,-140,-140,-140,-140,-140,-140,-140,-140,-140,-140,-140,-140,-140,-140,-140,-140,-140,-140.0,-140,-140,-140,-140,-140,-140,-140,-140,-140,-140,-140,-140,-140,-140,-140,-140,-140,-140,-140.0,-140,-140,-140.0,-140,-140.0,-140,-140.0,-140.0,-140,-140,-140,-140,-140,-140,-140,-140,-140,-140,-140,-140,-140,-140,-140,-140,-140,-140,-140,-140,-140,-140,-140,-140,-140,-140,-140,-140,-140,-140,-140,-140,-140,-140,-140,-140,-140,-140,-140,-140,-140,-140,-140.0,-140,-140,-140,-140,-140,-140,-140,-140,-140,-140,-140,-140,-140,-140,-140,-140,-140,-140,-140,-140,-140,-140,-140,-140,-140,-140,-140,-140,-140,-140,-140,-140,-140,-140,-140,-140,-140,-140,-140,-140,-140,-140,-140,-140,-140,-140,-140,-140,-140
103.6814,-61.0,-140,-140,-140,-140,-140,-140,-140,-74.0,-140,-140,-140.0,-140,-140,-140.0,-140,-140,-140,-140,-140,-140,-140,-140,-140,-140,-140,-140,-140,-140,-140,-140,-140,-140,-140.0,-140,-140,-140.0,-140.0,-140.0,-140,-140,-140,-140,-140,-140,-140.0,-140,-140,-140,-140,-140,-140.0,-140,-140,-140.0,-140,-140,-78.0,-140.0,-140.0,-140.0,-140,-140.0,-140.0,-70.0,-140,-140,-140,-140,-140,-140,-140,-140,-140,-140,-140,-140,-140,-140,-140,-140,-140,-140,-140,-140,-140,-140,-140,-140,-140,-140,-140,-140,-140,-140,-140,-140,-140,-140,-140,-140,-140,-140,-140,-140,-140,-140,-140,-140,-140,-140,-140,-140,-140,-140,-140,-140,-140.0,-140,-140,-140,-140,-140,-140,-140,-140,-140,-140,-140,-140,-140,-140,-140,-140,-140,-140,-140.0,-140,-140,-140.0,-140,-140.0,-140,-140.0,-140.0,-140,-140,-140,-140,-140,-140,-140,-140,-140,-140,-140,-140,-140,-140,-140,-140,-140,-140,-140,-140,-140,-140,-140,-140,-140,-140,-140,-140,-140,-140,-140,-140,-140,-140,-140,-140,-140,-140,-140,-140,-140,-140,-140.0,-140,-140,-140,-140,-140,-140,-140,-140,-140,-140,-140,-140,-140,-140,-140,-140,-140,-140,-140,-140,-140,-140,-140,-140,-140,-140,-140,-140,-140,-140,-140,-140,-140,-140,-140,-140,-140,-140,-140,-140,-140,-140,-140,-140,-140,-140,-140,-140,-140
105.6755,-63.0,-140,-140,-140,-140,-140,-140,-140,-77.0,-140,-140,-93.0,-140,-140,-140.0,-140,-140,-140,-140,-140,-140,-140,-140,-140,-140,-140,-140,-140,-140,-140,-140,-140,-140,-140.0,-140,-140,-140.0,-140.0,-140.0,-140,-140,-140,-140,-140,-140,-92.0,-140,-140,-140,-140,-140,-140.0,-140,-140,-140.0,-140,-140,-77.0,-140.0,-140.0,-140.0,-140,-140.0,-140.0,-67.0,-140,-140,-140,-140,-140,-140,-140,-140,-140,-140,-140,-140,-140,-140,-140,-140,-140,-140,-140,-140,-140,-140,-140,-140,-140,-140,-140,-140,-140,-140,-140,-140,-140,-140,-140,-140,-140,-140,-140,-140,-140,-140,-140,-140,-140,-140,-140,-140,-140,-140,-140,-140,-140.0,-140,-140,-140,-140,-140,-140,-140,-140,-140,-140,-140,-140,-140,-140,-140,-140,-140,-140,-140.0,-140,-140,-140.0,-140,-140.0,-140,-140.0,-140.0,-140,-140,-140,-140,-140,-140,-140,-140,-140,-140,-140,-140,-140,-140,-140,-140,-140,-140,-140,-140,-140,-140,-140,-140,-140,-140,-140,-140,-140,-140,-140,-140,-140,-140,-140,-140,-140,-140,-140,-140,-140,-140,-140.0,-140,-140,-140,-140,-140,-140,-140,-140,-140,-140,-140,-140,-140,-140,-140,-140,-140,-140,-140,-140,-140,-140,-140,-140,-140,-140,-140,-140,-140,-140,-140,-140,-140,-140,-140,-140,-140,-140,-140,-140,-140,-140,-140,-140,-140,-140,-140,-140,-140
107.6915,-60.0,-140,-140,-140,-140,-140,-140,-140,-80.0,-140,-140,-140.0,-140,-140,-140.0,-140,-140,-140,-140,-140,-140,-140,-140,-140,-140,-140,-140,-140,-140,-140,-140,-140,-140,-140.0,-140,-140,-140.0,-140.0,-140.0,-140,-140,-140,-140,-140,-140,-140.0,-140,-140,-140,-140,-140,-140.0,-140,-140,-140.0,-140,-140,-76.0,-140.0,-140.0,-140.0,-140,-140.0,-140.0,-65.0,-140,-140,-140,-140,-140,-140,-140,-140,-140,-140,-140,-140,-140,-140,-140,-140,-140,-140,-140,-140,-140,-140,-140,-140,-140,-140,-140,-140,-140,-140,-140,-140,-140,-140,-140,-140,-140,-140,-140,-140,-140,-140,-140,-140,-140,-140,-140,-140,-140,-140,-140,-140,-140.0,-140,-140,-140,-140,-140,-140,-140,-140,-140,-140,-140,-140,-140,-140,-140,-140,-140,-140,-140.0,-140,-140,-140.0,-140,-140.0,-140,-140.0,-140.0,-140,-140,-140,-140,-140,-140,-140,-140,-140,-140,-140,-140,-140,-140,-140,-140,-140,-140,-140,-140,-140,-140,-140,-140,-140,-140,-140,-140,-140,-140,-140,-140,-140,-140,-140,-140,-140,-140,-140,-140,-140,-140,-140.0,-140,-140,-140,-140,-140,-140,-140,-140,-140,-140,-140,-140,-140,-140,-140,-140,-140,-140,-140,-140,-140,-140,-140,-140,-140,-140,-140,-140,-140,-140,-140,-140,-140,-140,-140,-140,-140,-140,-140,-140,-140,-140,-140,-140,-140,-140,-140,-140,-140
109.6893,-60.0,-140,-140,-140,-140,-140,-140,-140,-69.0,-140,-140,-140.0,-140,-140,-140.0,-140,-140,-140,-140,-140,-140,-140,-140,-140,-140,-140,-140,-140,-140,-140,-140,-140,-140,-140.0,-140,-140,-140.0,-140.0,-140.0,-140,-140,-140,-140,-140,-140,-140.0,-140,-140,-140,-140,-140,-140.0,-140,-140,-140.0,-140,-140,-76.0,-140.0,-140.0,-140.0,-140,-140.0,-140.0,-62.0,-140,-140,-140,-140,-140,-140,-140,-140,-140,-140,-140,-140,-140,-140,-140,-140,-140,-140,-140,-140,-140,-140,-140,-140,-140,-140,-140,-140,-140,-140,-140,-140,-140,-140,-140,-140,-140,-140,-140,-140,-140,-140,-140,-140,-140,-140,-140,-140,-140,-140,-140,-140,-140.0,-140,-140,-140,-140,-140,-140,-140,-140,-140,-140,-140,-140,-140,-140,-140,-140,-140,-140,-140.0,-140,-140,-140.0,-140,-140.0,-140,-140.0,-140.0,-140,-140,-140,-140,-140,-140,-140,-140,-140,-140,-140,-140,-140,-140,-140,-140,-140,-140,-140,-140,-140,-140,-140,-140,-140,-140,-140,-140,-140,-140,-140,-140,-140,-140,-140,-140,-140,-140,-140,-140,-140,-140,-140.0,-140,-140,-140,-140,-140,-140,-140,-140,-140,-140,-140,-140,-140,-140,-140,-140,-140,-140,-140,-140,-140,-140,-140,-140,-140,-140,-140,-140,-140,-140,-140,-140,-140,-140,-140,-140,-140,-140,-140,-140,-140,-140,-140,-140,-140,-140,-140,-140,-140
111.7074,-61.0,-140,-140,-140,-140,-140,-140,-140,-78.0,-140,-140,-91.0,-140,-140,-85.0,-140,-140,-140,-140,-140,-140,-140,-140,-140,-140,-140,-140,-140,-140,-140,-140,-140,-140,-140.0,-140,-140,-140.0,-140.0,-140.0,-140,-140,-140,-140,-140,-140,-140.0,-140,-140,-140,-140,-140,-140.0,-140,-140,-140.0,-140,-140,-80.0,-140.0,-140.0,-140.0,-140,-140.0,-140.0,-65.0,-140,-140,-140,-140,-140,-140,-140,-140,-140,-140,-140,-140,-140,-140,-140,-140,-140,-140,-140,-140,-140,-140,-140,-140,-140,-140,-140,-140,-140,-140,-140,-140,-140,-140,-140,-140,-140,-140,-140,-140,-140,-140,-140,-140,-140,-140,-140,-140,-140,-140,-140,-140,-140.0,-140,-140,-140,-140,-140,-140,-140,-140,-140,-140,-140,-140,-140,-140,-140,-140,-140,-140,-140.0,-140,-140,-140.0,-140,-140.0,-140,-140.0,-140.0,-140,-140,-140,-140,-140,-140,-140,-140,-140,-140,-140,-140,-140,-140,-140,-140,-140,-140,-140,-140,-140,-140,-140,-140,-140,-140,-140,-140,-140,-140,-140,-140,-140,-140,-140,-140,-140,-140,-140,-140,-140,-140,-140.0,-140,-140,-140,-140,-140,-140,-140,-140,-140,-140,-140,-140,-140,-140,-140,-140,-140,-140,-140,-140,-140,-140,-140,-140,-140,-140,-140,-140,-140,-140,-140,-140,-140,-140,-140,-140,-140,-140,-140,-140,-140,-140,-140,-140,-140,-140,-140,-140,-140
113.6861,-61.0,-140,-140,-140,-140,-140,-140,-140,-75.0,-140,-140,-92.0,-140,-140,-140.0,-140,-140,-140,-140,-140,-140,-140,-140,-140,-140,-140,-140,-140,-140,-140,-140,-140,-140,-140.0,-140,-140,-140.0,-140.0,-140.0,-140,-140,-140,-140,-140,-140,-140.0,-140,-140,-140,-140,-140,-140.0,-140,-140,-140.0,-140,-140,-76.0,-140.0,-140.0,-140.0,-140,-140.0,-140.0,-70.0,-140,-140,-140,-140,-140,-140,-140,-140,-140,-140,-140,-140,-140,-140,-140,-140,-140,-140,-140,-140,-140,-140,-140,-140,-140,-140,-140,-140,-140,-140,-140,-140,-140,-140,-140,-140,-140,-140,-140,-140,-140,-140,-140,-140,-140,-140,-140,-140,-140,-140,-140,-140,-140.0,-140,-140,-140,-140,-140,-140,-140,-140,-140,-140,-140,-140,-140,-140,-140,-140,-140,-140,-140.0,-140,-140,-140.0,-140,-140.0,-140,-140.0,-140.0,-140,-140,-140,-140,-140,-140,-140,-140,-140,-140,-140,-140,-140,-140,-140,-140,-140,-140,-140,-140,-140,-140,-140,-140,-140,-140,-140,-140,-140,-140,-140,-140,-140,-140,-140,-140,-140,-140,-140,-140,-140,-140,-140.0,-140,-140,-140,-140,-140,-140,-140,-140,-140,-140,-140,-140,-140,-140,-140,-140,-140,-140,-140,-140,-140,-140,-140,-140,-140,-140,-140,-140,-140,-140,-140,-140,-140,-140,-140,-140,-140,-140,-140,-140,-140,-140,-140,-140,-140,-140,-140,-140,-140
115.6646,-60.0,-140,-140,-140,-140,-140,-140,-140,-72.0,-140,-140,-90.0,-140,-140,-140.0,-140,-140,-140,-140,-140,-140,-140,-140,-140,-140,-140,-140,-140,-140,-140,-140,-140,-140,-140.0,-140,-140,-140.0,-140.0,-140.0,-140,-140,-140,-140,-140,-140,-140.0,-140,-140,-140,-140,-140,-140.0,-140,-140,-140.0,-140,-140,-75.0,-140.0,-140.0,-140.0,-140,-140.0,-94.0,-66.0,-140,-140,-140,-140,-140,-140,-140,-140,-140,-140,-140,-140,-140,-140,-140,-140,-140,-140,-140,-140,-140,-140,-140,-140,-140,-140,-140,-140,-140,-140,-140,-140,-140,-140,-140,-140,-140,-140,-140,-140,-140,-140,-140,-140,-140,-140,-140,-140,-140,-140,-140,-140,-140.0,-140,-140,-140,-140,-140,-140,-140,-140,-140,-140,-140,-140,-140,-140,-140,-140,-140,-140,-140.0,-140,-140,-140.0,-140,-140.0,-140,-140.0,-140.0,-140,-140,-140,-140,-140,-140,-140,-140,-140,-140,-140,-140,-140,-140,-140,-140,-140,-140,-140,-140,-140,-140,-140,-140,-140,-140,-140,-140,-140,-140,-140,-140,-140,-140,-140,-140,-140,-140,-140,-140,-140,-140,-140.0,-140,-140,-140,-140,-140,-140,-140,-140,-140,-140,-140,-140,-140,-140,-140,-140,-140,-140,-140,-140,-140,-140,-140,-140,-140,-140,-140,-140,-140,-140,-140,-140,-140,-140,-140,-140,-140,-140,-140,-140,-140,-140,-140,-140,-140,-140,-140,-140,-140
117.681,-65.0,-140,-140,-140,-140,-140,-140,-140,-72.0,-140,-140,-89.0,-140,-140,-140.0,-140,-140,-140,-140,-140,-140,-140,-140,-140,-140,-140,-140,-140,-140,-140,-140,-140,-140,-140.0,-140,-140,-140.0,-140.0,-140.0,-140,-140,-140,-140,-140,-140,-140.0,-140,-140,-140,-140,-140,-140.0,-140,-140,-140.0,-140,-140,-76.0,-140.0,-140.0,-140.0,-140,-140.0,-95.0,-67.0,-140,-140,-140,-140,-140,-140,-140,-140,-140,-140,-140,-140,-140,-140,-140,-140,-140,-140,-140,-140,-140,-140,-140,-140,-140,-140,-140,-140,-140,-140,-140,-140,-140,-140,-140,-140,-140,-140,-140,-140,-140,-140,-140,-140,-140,-140,-140,-140,-140,-140,-140,-140,-140.0,-140,-140,-140,-140,-140,-140,-140,-140,-140,-140,-140,-140,-140,-140,-140,-140,-140,-140,-140.0,-140,-140,-140.0,-140,-140.0,-140,-140.0,-140.0,-140,-140,-140,-140,-140,-140,-140,-140,-140,-140,-140,-140,-140,-140,-140,-140,-140,-140,-140,-140,-140,-140,-140,-140,-140,-140,-140,-140,-140,-140,-140,-140,-140,-140,-140,-140,-140,-140,-140,-140,-140,-140,-140.0,-140,-140,-140,-140,-140,-140,-140,-140,-140,-140,-140,-140,-140,-140,-140,-140,-140,-140,-140,-140,-140,-140,-140,-140,-140,-140,-140,-140,-140,-140,-140,-140,-140,-140,-140,-140,-140,-140,-140,-140,-140,-140,-140,-140,-140,-140,-140,-140,-140
119.6802,-63.0,-140,-140,-140,-140,-140,-140,-140,-75.0,-140,-140,-89.0,-140,-140,-95.0,-140,-140,-140,-140,-140,-140,-140,-140,-140,-140,-140,-140,-140,-140,-140,-140,-140,-140,-140.0,-140,-140,-140.0,-140.0,-140.0,-140,-140,-140,-140,-140,-140,-140.0,-140,-140,-140,-140,-140,-140.0,-140,-140,-140.0,-140,-140,-76.0,-140.0,-140.0,-140.0,-140,-140.0,-85.0,-64.0,-140,-140,-140,-140,-140,-140,-140,-140,-140,-140,-140,-140,-140,-140,-140,-140,-140,-140,-140,-140,-140,-140,-140,-140,-140,-140,-140,-140,-140,-140,-140,-140,-140,-140,-140,-140,-140,-140,-140,-140,-140,-140,-140,-140,-140,-140,-140,-140,-140,-140,-140,-140,-140.0,-140,-140,-140,-140,-140,-140,-140,-140,-140,-140,-140,-140,-140,-140,-140,-140,-140,-140,-140.0,-140,-140,-140.0,-140,-140.0,-140,-140.0,-140.0,-140,-140,-140,-140,-140,-140,-140,-140,-140,-140,-140,-140,-140,-140,-140,-140,-140,-140,-140,-140,-140,-140,-140,-140,-140,-140,-140,-140,-140,-140,-140,-140,-140,-140,-140,-140,-140,-140,-140,-140,-140,-140,-140.0,-140,-140,-140,-140,-140,-140,-140,-140,-140,-140,-140,-140,-140,-140,-140,-140,-140,-140,-140,-140,-140,-140,-140,-140,-140,-140,-140,-140,-140,-140,-140,-140,-140,-140,-140,-140,-140,-140,-140,-140,-140,-140,-140,-140,-140,-140,-140,-140,-140
121.6593,-62.0,-140,-140,-140,-140,-140,-140,-140,-76.0,-140,-140,-90.0,-140,-140,-140.0,-140,-140,-140,-140,-140,-140,-140,-140,-140,-140,-140,-140,-140,-140,-140,-140,-140,-140,-94.0,-140,-140,-140.0,-140.0,-140.0,-140,-140,-140,-140,-140,-140,-94.0,-140,-140,-140,-140,-140,-140.0,-140,-140,-140.0,-140,-140,-77.0,-140.0,-140.0,-140.0,-140,-140.0,-93.0,-66.0,-140,-140,-140,-140,-140,-140,-140,-140,-140,-140,-140,-140,-140,-140,-140,-140,-140,-140,-140,-140,-140,-140,-140,-140,-140,-140,-140,-140,-140,-140,-140,-140,-140,-140,-140,-140,-140,-140,-140,-140,-140,-140,-140,-140,-140,-140,-140,-140,-140,-140,-140,-140,-140.0,-140,-140,-140,-140,-140,-140,-140,-140,-140,-140,-140,-140,-140,-140,-140,-140,-140,-140,-140.0,-140,-140,-140.0,-140,-140.0,-140,-140.0,-140.0,-140,-140,-140,-140,-140,-140,-140,-140,-140,-140,-140,-140,-140,-140,-140,-140,-140,-140,-140,-140,-140,-140,-140,-140,-140,-140,-140,-140,-140,-140,-140,-140,-140,-140,-140,-140,-140,-140,-140,-140,-140,-140,-140.0,-140,-140,-140,-140,-140,-140,-140,-140,-140,-140,-140,-140,-140,-140,-140,-140,-140,-140,-140,-140,-140,-140,-140,-140,-140,-140,-140,-140,-140,-140,-140,-140,-140,-140,-140,-140,-140,-140,-140,-140,-140,-140,-140,-140,-140,-140,-140,-140,-140
123.696,-59.0,-140,-140,-140,-140,-140,-140,-140,-76.0,-140,-140,-90.0,-140,-140,-140.0,-140,-140,-140,-140,-140,-140,-140,-140,-140,-140,-140,-140,-140,-140,-140,-140,-140,-140,-140.0,-140,-140,-140.0,-140.0,-140.0,-140,-140,-140,-140,-140,-140,-88.0,-140,-140,-140,-140,-140,-140.0,-140,-140,-140.0,-140,-140,-65.0,-140.0,-140.0,-140.0,-140,-140.0,-140.0,-69.0,-140,-140,-140,-140,-140,-140,-140,-140,-140,-140,-140,-140,-140,-140,-140,-140,-140,-140,-140,-140,-140,-140,-140,-140,-140,-140,-140,-140,-140,-140,-140,-140,-140,-140,-140,-140,-140,-140,-140,-140,-140,-140,-140,-140,-140,-140,-140,-140,-140,-140,-140,-140,-140.0,-140,-140,-140,-140,-140,-140,-140,-140,-140,-140,-140,-140,-140,-140,-140,-140,-140,-140,-140.0,-140,-140,-140.0,-140,-140.0,-140,-140.0,-140.0,-140,-140,-140,-140,-140,-140,-140,-140,-140,-140,-140,-140,-140,-140,-140,-140,-140,-140,-140,-140,-140,-140,-140,-140,-140,-140,-140,-140,-140,-140,-140,-140,-140,-140,-140,-140,-140,-140,-140,-140,-140,-140,-140.0,-140,-140,-140,-140,-140,-140,-140,-140,-140,-140,-140,-140,-140,-140,-140,-140,-140,-140,-140,-140,-140,-140,-140,-140,-140,-140,-140,-140,-140,-140,-140,-140,-140,-140,-140,-140,-140,-140,-140,-140,-140,-140,-140,-140,-140,-140,-140,-140,-140
125.6669,-61.0,-140,-140,-140,-140,-140,-140,-140,-72.0,-140,-140,-88.0,-140,-140,-140.0,-140,-140,-140,-140,-140,-140,-140,-140,-140,-140,-140,-140,-140,-140,-140,-140,-140,-140,-140.0,-140,-140,-140.0,-140.0,-140.0,-140,-140,-140,-140,-140,-140,-93.0,-140,-140,-140,-140,-140,-140.0,-140,-140,-140.0,-140,-140,-77.0,-140.0,-140.0,-140.0,-140,-140.0,-140.0,-67.0,-140,-140,-140,-140,-140,-140,-140,-140,-140,-140,-140,-140,-140,-140,-140,-140,-140,-140,-140,-140,-140,-140,-140,-140,-140,-140,-140,-140,-140,-140,-140,-140,-140,-140,-140,-140,-140,-140,-140,-140,-140,-140,-140,-140,-140,-140,-140,-140,-140,-140,-140,-140,-140.0,-140,-140,-140,-140,-140,-140,-140,-140,-140,-140,-140,-140,-140,-140,-140,-140,-140,-140,-140.0,-140,-140,-140.0,-140,-140.0,-140,-140.0,-140.0,-140,-140,-140,-140,-140,-140,-140,-140,-140,-140,-140,-140,-140,-140,-140,-140,-140,-140,-140,-140,-140,-140,-140,-140,-140,-140,-140,-140,-140,-140,-140,-140,-140,-140,-140,-140,-140,-140,-140,-140,-140,-140,-140.0,-140,-140,-140,-140,-140,-140,-140,-140,-140,-140,-140,-140,-140,-140,-140,-140,-140,-140,-140,-140,-140,-140,-140,-140,-140,-140,-140,-140,-140,-140,-140,-140,-140,-140,-140,-140,-140,-140,-140,-140,-140,-140,-140,-140,-140,-140,-140,-140,-140
127.6666,-64.0,-140,-140,-140,-140,-140,-140,-140,-74.0,-140,-140,-90.0,-140,-140,-140.0,-140,-140,-140,-140,-140,-140,-140,-140,-140,-140,-140,-140,-140,-140,-140,-140,-140,-140,-140.0,-140,-140,-140.0,-140.0,-140.0,-140,-140,-140,-140,-140,-140,-140.0,-140,-140,-140,-140,-140,-140.0,-140,-140,-140.0,-140,-140,-75.0,-140.0,-140.0,-140.0,-140,-140.0,-140.0,-67.0,-140,-140,-140,-140,-140,-140,-140,-140,-140,-140,-140,-140,-140,-140,-140,-140,-140,-140,-140,-140,-140,-140,-140,-140,-140,-140,-140,-140,-140,-140,-140,-140,-140,-140,-140,-140,-140,-140,-140,-140,-140,-140,-140,-140,-140,-140,-140,-140,-140,-140,-140,-140,-140.0,-140,-140,-140,-140,-140,-140,-140,-140,-140,-140,-140,-140,-140,-140,-140,-140,-140,-140,-140.0,-140,-140,-140.0,-140,-140.0,-140,-140.0,-140.0,-140,-140,-140,-140,-140,-140,-140,-140,-140,-140,-140,-140,-140,-140,-140,-140,-140,-140,-140,-140,-140,-140,-140,-140,-140,-140,-140,-140,-140,-140,-140,-140,-140,-140,-140,-140,-140,-140,-140,-140,-140,-140,-140.0,-140,-140,-140,-140,-140,-140,-140,-140,-140,-140,-140,-140,-140,-140,-140,-140,-140,-140,-140,-140,-140,-140,-140,-140,-140,-140,-140,-140,-140,-140,-140,-140,-140,-140,-140,-140,-140,-140,-140,-140,-140,-140,-140,-140,-140,-140,-140,-140,-140
129.6836,-66.0,-140,-140,-140,-140,-140,-140,-140,-140.0,-140,-140,-140.0,-140,-140,-140.0,-140,-140,-140,-140,-140,-140,-140,-140,-140,-140,-140,-140,-140,-140,-140,-140,-140,-140,-140.0,-140,-140,-140.0,-140.0,-140.0,-140,-140,-140,-140,-140,-140,-140.0,-140,-140,-140,-140,-140,-91.0,-140,-140,-140.0,-140,-140,-80.0,-140.0,-140.0,-140.0,-140,-140.0,-140.0,-63.0,-140,-140,-140,-140,-140,-140,-140,-140,-140,-140,-140,-140,-140,-140,-140,-140,-140,-140,-140,-140,-140,-140,-140,-140,-140,-140,-140,-140,-140,-140,-140,-140,-140,-140,-140,-140,-140,-140,-140,-140,-140,-140,-140,-140,-140,-140,-140,-140,-140,-140,-140,-140,-140.0,-140,-140,-140,-140,-140,-140,-140,-140,-140,-140,-140,-140,-140,-140,-140,-140,-140,-140,-140.0,-140,-140,-140.0,-140,-140.0,-140,-140.0,-140.0,-140,-140,-140,-140,-140,-140,-140,-140,-140,-140,-140,-140,-140,-140,-140,-140,-140,-140,-140,-140,-140,-140,-140,-140,-140,-140,-140,-140,-140,-140,-140,-140,-140,-140,-140,-140,-140,-140,-140,-140,-140,-140,-140.0,-140,-140,-140,-140,-140,-140,-140,-140,-140,-140,-140,-140,-140,-140,-140,-140,-140,-140,-140,-140,-140,-140,-140,-140,-140,-140,-140,-140,-140,-140,-140,-140,-140,-140,-140,-140,-140,-140,-140,-140,-140,-140,-140,-140,-140,-140,-140,-140,-140
131.6861,-62.0,-140,-140,-140,-140,-140,-140,-140,-77.0,-140,-140,-89.0,-140,-140,-140.0,-140,-140,-140,-140,-140,-140,-140,-140,-140,-140,-140,-140,-140,-140,-140,-140,-140,-140,-140.0,-140,-140,-140.0,-140.0,-140.0,-140,-140,-140,-140,-140,-140,-140.0,-140,-140,-140,-140,-140,-140.0,-140,-140,-140.0,-140,-140,-80.0,-140.0,-140.0,-140.0,-140,-140.0,-140.0,-68.0,-140,-140,-140,-140,-140,-140,-140,-140,-140,-140,-140,-140,-140,-140,-140,-140,-140,-140,-140,-140,-140,-140,-140,-140,-140,-140,-140,-140,-140,-140,-140,-140,-140,-140,-140,-140,-140,-140,-140,-140,-140,-140,-140,-140,-140,-140,-140,-140,-140,-140,-140,-140,-140.0,-140,-140,-140,-140,-140,-140,-140,-140,-140,-140,-140,-140,-140,-140,-140,-140,-140,-140,-140.0,-140,-140,-140.0,-140,-140.0,-140,-140.0,-140.0,-140,-140,-140,-140,-140,-140,-140,-140,-140,-140,-140,-140,-140,-140,-140,-140,-140,-140,-140,-140,-140,-140,-140,-140,-140,-140,-140,-140,-140,-140,-140,-140,-140,-140,-140,-140,-140,-140,-140,-140,-140,-140,-140.0,-140,-140,-140,-140,-140,-140,-140,-140,-140,-140,-140,-140,-140,-140,-140,-140,-140,-140,-140,-140,-140,-140,-140,-140,-140,-140,-140,-140,-140,-140,-140,-140,-140,-140,-140,-140,-140,-140,-140,-140,-140,-140,-140,-140,-140,-140,-140,-140,-140
133.6939,-62.0,-140,-140,-140,-140,-140,-140,-140,-73.0,-140,-140,-140.0,-140,-140,-140.0,-140,-140,-140,-140,-140,-140,-140,-140,-140,-140,-140,-140,-140,-140,-140,-140,-140,-140,-140.0,-140,-140,-140.0,-140.0,-140.0,-140,-140,-140,-140,-140,-140,-140.0,-140,-140,-140,-140,-140,-140.0,-140,-140,-140.0,-140,-140,-80.0,-140.0,-140.0,-140.0,-140,-140.0,-140.0,-69.0,-140,-140,-140,-140,-140,-140,-140,-140,-140,-140,-140,-140,-140,-140,-140,-140,-140,-140,-140,-140,-140,-140,-140,-140,-140,-140,-140,-140,-140,-140,-140,-140,-140,-140,-140,-140,-140,-140,-140,-140,-140,-140,-140,-140,-140,-140,-140,-140,-140,-140,-140,-140,-140.0,-140,-140,-140,-140,-140,-140,-140,-140,-140,-140,-140,-140,-140,-140,-140,-140,-140,-140,-140.0,-140,-140,-140.0,-140,-140.0,-140,-140.0,-140.0,-140,-140,-140,-140,-140,-140,-140,-140,-140,-140,-140,-140,-140,-140,-140,-140,-140,-140,-140,-140,-140,-140,-140,-140,-140,-140,-140,-140,-140,-140,-140,-140,-140,-140,-140,-140,-140,-140,-140,-140,-140,-140,-140.0,-140,-140,-140,-140,-140,-140,-140,-140,-140,-140,-140,-140,-140,-140,-140,-140,-140,-140,-140,-140,-140,-140,-140,-140,-140,-140,-140,-140,-140,-140,-140,-140,-140,-140,-140,-140,-140,-140,-140,-140,-140,-140,-140,-140,-140,-140,-140,-140,-140
135.6756,-62.0,-140,-140,-140,-140,-140,-140,-140,-74.0,-140,-140,-140.0,-140,-140,-140.0,-140,-140,-140,-140,-140,-140,-140,-140,-140,-140,-140,-140,-140,-140,-140,-140,-140,-140,-140.0,-140,-140,-140.0,-140.0,-140.0,-140,-140,-140,-140,-140,-140,-93.0,-140,-140,-140,-140,-140,-90.0,-140,-140,-140.0,-140,-140,-80.0,-140.0,-140.0,-140.0,-140,-140.0,-140.0,-61.0,-140,-140,-140,-140,-140,-140,-140,-140,-140,-140,-140,-140,-140,-140,-140,-140,-140,-140,-140,-140,-140,-140,-140,-140,-140,-140,-140,-140,-140,-140,-140,-140,-140,-140,-140,-140,-140,-140,-140,-140,-140,-140,-140,-140,-140,-140,-140,-140,-140,-140,-140,-140,-140.0,-140,-140,-140,-140,-140,-140,-140,-140,-140,-140,-140,-140,-140,-140,-140,-140,-140,-140,-140.0,-140,-140,-140.0,-140,-140.0,-140,-140.0,-140.0,-140,-140,-140,-140,-140,-140,-140,-140,-140,-140,-140,-140,-140,-140,-140,-140,-140,-140,-140,-140,-140,-140,-140,-140,-140,-140,-140,-140,-140,-140,-140,-140,-140,-140,-140,-140,-140,-140,-140,-140,-140,-140,-140.0,-140,-140,-140,-140,-140,-140,-140,-140,-140,-140,-140,-140,-140,-140,-140,-140,-140,-140,-140,-140,-140,-140,-140,-140,-140,-140,-140,-140,-140,-140,-140,-140,-140,-140,-140,-140,-140,-140,-140,-140,-140,-140,-140,-140,-140,-140,-140,-140,-140
137.6572,-54.0,-140,-140,-140,-140,-140,-140,-140,-68.0,-140,-140,-140.0,-140,-140,-140.0,-140,-140,-140,-140,-140,-140,-140,-140,-140,-140,-140,-140,-140,-140,-140,-140,-140,-140,-140.0,-140,-140,-140.0,-140.0,-140.0,-140,-140,-140,-140,-140,-140,-140.0,-140,-140,-140,-140,-140,-140.0,-140,-140,-140.0,-140,-140,-75.0,-140.0,-140.0,-140.0,-140,-140.0,-140.0,-75.0,-140,-140,-140,-140,-140,-140,-140,-140,-140,-140,-140,-140,-140,-140,-140,-140,-140,-140,-140,-140,-140,-140,-140,-140,-140,-140,-140,-140,-140,-140,-140,-140,-140,-140,-140,-140,-140,-140,-140,-140,-140,-140,-140,-140,-140,-140,-140,-140,-140,-140,-140,-140,-140.0,-140,-140,-140,-140,-140,-140,-140,-140,-140,-140,-140,-140,-140,-140,-140,-140,-140,-140,-140.0,-140,-140,-140.0,-140,-140.0,-140,-140.0,-140.0,-140,-140,-140,-140,-140,-140,-140,-140,-140,-140,-140,-140,-140,-140,-140,-140,-140,-140,-140,-140,-140,-140,-140,-140,-140,-140,-140,-140,-140,-140,-140,-140,-140,-140,-140,-140,-140,-140,-140,-140,-140,-140,-140.0,-140,-140,-140,-140,-140,-140,-140,-140,-140,-140,-140,-140,-140,-140,-140,-140,-140,-140,-140,-140,-140,-140,-140,-140,-140,-140,-140,-140,-140,-140,-140,-140,-140,-140,-140,-140,-140,-140,-140,-140,-140,-140,-140,-140,-140,-140,-140,-140,-140
139.6915,-52.0,-140,-140,-140,-140,-140,-140,-140,-60.0,-140,-140,-92.0,-140,-140,-140.0,-140,-140,-140,-140,-140,-140,-140,-140,-140,-140,-140,-140,-140,-140,-140,-140,-140,-140,-140.0,-140,-140,-140.0,-140.0,-140.0,-140,-140,-140,-140,-140,-140,-92.0,-140,-140,-140,-140,-140,-94.0,-140,-140,-140.0,-140,-140,-76.0,-140.0,-140.0,-140.0,-140,-140.0,-140.0,-69.0,-140,-140,-140,-140,-140,-140,-140,-140,-140,-140,-140,-140,-140,-140,-140,-140,-140,-140,-140,-140,-140,-140,-140,-140,-140,-140,-140,-140,-140,-140,-140,-140,-140,-140,-140,-140,-140,-140,-140,-140,-140,-140,-140,-140,-140,-140,-140,-140,-140,-140,-140,-140,-140.0,-140,-140,-140,-140,-140,-140,-140,-140,-140,-140,-140,-140,-140,-140,-140,-140,-140,-140,-140.0,-140,-140,-140.0,-140,-140.0,-140,-140.0,-140.0,-140,-140,-140,-140,-140,-140,-140,-140,-140,-140,-140,-140,-140,-140,-140,-140,-140,-140,-140,-140,-140,-140,-140,-140,-140,-140,-140,-140,-140,-140,-140,-140,-140,-140,-140,-140,-140,-140,-140,-140,-140,-140,-140.0,-140,-140,-140,-140,-140,-140,-140,-140,-140,-140,-140,-140,-140,-140,-140,-140,-140,-140,-140,-140,-140,-140,-140,-140,-140,-140,-140,-140,-140,-140,-140,-140,-140,-140,-140,-140,-140,-140,-140,-140,-140,-140,-140,-140,-140,-140,-140,-140,-140
141.667,-51.0,-140,-140,-140,-140,-140,-140,-140,-67.0,-140,-140,-89.0,-140,-140,-140.0,-140,-140,-140,-140,-140,-140,-140,-140,-140,-140,-140,-140,-140,-140,-140,-140,-140,-140,-140.0,-140,-140,-140.0,-140.0,-140.0,-140,-140,-140,-140,-140,-140,-92.0,-140,-140,-140,-140,-140,-91.0,-140,-140,-140.0,-140,-140,-74.0,-140.0,-140.0,-140.0,-140,-140.0,-140.0,-65.0,-140,-140,-140,-140,-140,-140,-140,-140,-140,-140,-140,-140,-140,-140,-140,-140,-140,-140,-140,-140,-140,-140,-140,-140,-140,-140,-140,-140,-140,-140,-140,-140,-140,-140,-140,-140,-140,-140,-140,-140,-140,-140,-140,-140,-140,-140,-140,-140,-140,-140,-140,-140,-140.0,-140,-140,-140,-140,-140,-140,-140,-140,-140,-140,-140,-140,-140,-140,-140,-140,-140,-140,-140.0,-140,-140,-140.0,-140,-140.0,-140,-140.0,-140.0,-140,-140,-140,-140,-140,-140,-140,-140,-140,-140,-140,-140,-140,-140,-140,-140,-140,-140,-140,-140,-140,-140,-140,-140,-140,-140,-140,-140,-140,-140,-140,-140,-140,-140,-140,-140,-140,-140,-140,-140,-140,-140,-140.0,-140,-140,-140,-140,-140,-140,-140,-140,-140,-140,-140,-140,-140,-140,-140,-140,-140,-140,-140,-140,-140,-140,-140,-140,-140,-140,-140,-140,-140,-140,-140,-140,-140,-140,-140,-140,-140,-140,-140,-140,-140,-140,-140,-140,-140,-140,-140,-140,-140
143.6583,-52.0,-140,-140,-140,-140,-140,-140,-140,-65.0,-140,-140,-140.0,-140,-140,-140.0,-140,-140,-140,-140,-140,-140,-140,-140,-140,-140,-140,-140,-140,-140,-140,-140,-140,-140,-140.0,-140,-140,-140.0,-140.0,-140.0,-140,-140,-140,-140,-140,-140,-94.0,-140,-140,-140,-140,-140,-140.0,-140,-140,-140.0,-140,-140,-76.0,-140.0,-140.0,-91.0,-140,-140.0,-140.0,-64.0,-140,-140,-140,-140,-140,-140,-140,-140,-140,-140,-140,-140,-140,-140,-140,-140,-140,-140,-140,-140,-140,-140,-140,-140,-140,-140,-140,-140,-140,-140,-140,-140,-140,-140,-140,-140,-140,-140,-140,-140,-140,-140,-140,-140,-140,-140,-140,-140,-140,-140,-140,-140,-140.0,-140,-140,-140,-140,-140,-140,-140,-140,-140,-140,-140,-140,-140,-140,-140,-140,-140,-140,-140.0,-140,-140,-140.0,-140,-140.0,-140,-140.0,-140.0,-140,-140,-140,-140,-140,-140,-140,-140,-140,-140,-140,-140,-140,-140,-140,-140,-140,-140,-140,-140,-140,-140,-140,-140,-140,-140,-140,-140,-140,-140,-140,-140,-140,-140,-140,-140,-140,-140,-140,-140,-140,-140,-140.0,-140,-140,-140,-140,-140,-140,-140,-140,-140,-140,-140,-140,-140,-140,-140,-140,-140,-140,-140,-140,-140,-140,-140,-140,-140,-140,-140,-140,-140,-140,-140,-140,-140,-140,-140,-140,-140,-140,-140,-140,-140,-140,-140,-140,-140,-140,-140,-140,-140
145.6761,-60.0,-140,-140,-140,-140,-140,-140,-140,-70.0,-140,-140,-140.0,-140,-140,-88.0,-140,-140,-140,-140,-140,-140,-140,-140,-140,-140,-140,-140,-140,-140,-140,-140,-140,-140,-140.0,-140,-140,-140.0,-140.0,-140.0,-140,-140,-140,-140,-140,-140,-86.0,-140,-140,-140,-140,-140,-140.0,-140,-140,-140.0,-140,-140,-71.0,-140.0,-140.0,-140.0,-140,-140.0,-92.0,-70.0,-140,-140,-140,-140,-140,-140,-140,-140,-140,-140,-140,-140,-140,-140,-140,-140,-140,-140,-140,-140,-140,-140,-140,-140,-140,-140,-140,-140,-140,-140,-140,-140,-140,-140,-140,-140,-140,-140,-140,-140,-140,-140,-140,-140,-140,-140,-140,-140,-140,-140,-140,-140,-140.0,-140,-140,-140,-140,-140,-140,-140,-140,-140,-140,-140,-140,-140,-140,-140,-140,-140,-140,-140.0,-140,-140,-140.0,-140,-140.0,-140,-140.0,-140.0,-140,-140,-140,-140,-140,-140,-140,-140,-140,-140,-140,-140,-140,-140,-140,-140,-140,-140,-140,-140,-140,-140,-140,-140,-140,-140,-140,-140,-140,-140,-140,-140,-140,-140,-140,-140,-140,-140,-140,-140,-140,-140,-140.0,-140,-140,-140,-140,-140,-140,-140,-140,-140,-140,-140,-140,-140,-140,-140,-140,-140,-140,-140,-140,-140,-140,-140,-140,-140,-140,-140,-140,-140,-140,-140,-140,-140,-140,-140,-140,-140,-140,-140,-140,-140,-140,-140,-140,-140,-140,-140,-140,-140
147.6933,-63.0,-140,-140,-140,-140,-140,-140,-140,-75.0,-140,-140,-82.0,-140,-140,-85.0,-140,-140,-140,-140,-140,-140,-140,-140,-140,-140,-140,-140,-140,-140,-140,-140,-140,-140,-140.0,-140,-140,-86.0,-90.0,-140.0,-140,-140,-140,-140,-140,-140,-87.0,-140,-140,-140,-140,-140,-86.0,-140,-140,-93.0,-140,-140,-73.0,-90.0,-140.0,-87.0,-140,-140.0,-140.0,-65.0,-140,-140,-140,-140,-140,-140,-140,-140,-140,-140,-140,-140,-140,-140,-140,-140,-140,-140,-140,-140,-140,-140,-140,-140,-140,-140,-140,-140,-140,-140,-140,-140,-140,-140,-140,-140,-140,-140,-140,-140,-140,-140,-140,-140,-140,-140,-140,-140,-140,-140,-140,-140,-140.0,-140,-140,-140,-140,-140,-140,-140,-140,-140,-140,-140,-140,-140,-140,-140,-140,-140,-140,-140.0,-140,-140,-140.0,-140,-140.0,-140,-140.0,-140.0,-140,-140,-140,-140,-140,-140,-140,-140,-140,-140,-140,-140,-140,-140,-140,-140,-140,-140,-140,-140,-140,-140,-140,-140,-140,-140,-140,-140,-140,-140,-140,-140,-140,-140,-140,-140,-140,-140,-140,-140,-140,-140,-140.0,-140,-140,-140,-140,-140,-140,-140,-140,-140,-140,-140,-140,-140,-140,-140,-140,-140,-140,-140,-140,-140,-140,-140,-140,-140,-140,-140,-140,-140,-140,-140,-140,-140,-140,-140,-140,-140,-140,-140,-140,-140,-140,-140,-140,-140,-140,-140,-140,-140
149.6638,-59.0,-140,-140,-140,-140,-140,-140,-140,-75.0,-140,-140,-77.0,-140,-140,-85.0,-140,-140,-140,-140,-140,-140,-140,-140,-140,-140,-140,-140,-140,-140,-140,-140,-140,-140,-140.0,-140,-140,-86.0,-87.0,-140.0,-140,-140,-140,-140,-140,-140,-66.0,-140,-140,-140,-140,-140,-84.0,-140,-140,-89.0,-140,-140,-60.0,-140.0,-87.0,-85.0,-140,-140.0,-84.0,-60.0,-140,-140,-140,-140,-140,-140,-140,-140,-140,-140,-140,-140,-140,-140,-140,-140,-140,-140,-140,-140,-140,-140,-140,-140,-140,-140,-140,-140,-140,-140,-140,-140,-140,-140,-140,-140,-140,-140,-140,-140,-140,-140,-140,-140,-140,-140,-140,-140,-140,-140,-140,-140,-140.0,-140,-140,-140,-140,-140,-140,-140,-140,-140,-140,-140,-140,-140,-140,-140,-140,-140,-140,-140.0,-140,-140,-140.0,-140,-140.0,-140,-140.0,-140.0,-140,-140,-140,-140,-140,-140,-140,-140,-140,-140,-140,-140,-140,-140,-140,-140,-140,-140,-140,-140,-140,-140,-140,-140,-140,-140,-140,-140,-140,-140,-140,-140,-140,-140,-140,-140,-140,-140,-140,-140,-140,-140,-140.0,-140,-140,-140,-140,-140,-140,-140,-140,-140,-140,-140,-140,-140,-140,-140,-140,-140,-140,-140,-140,-140,-140,-140,-140,-140,-140,-140,-140,-140,-140,-140,-140,-140,-140,-140,-140,-140,-140,-140,-140,-140,-140,-140,-140,-140,-140,-140,-140,-140
151.6903,-60.0,-140,-140,-140,-140,-140,-140,-140,-70.0,-140,-140,-77.0,-140,-140,-85.0,-140,-140,-140,-140,-140,-140,-140,-140,-140,-140,-140,-140,-140,-140,-140,-140,-140,-140,-140.0,-140,-140,-86.0,-87.0,-140.0,-140,-140,-140,-140,-140,-140,-79.0,-140,-140,-140,-140,-140,-78.0,-140,-140,-88.0,-140,-140,-58.0,-81.0,-81.0,-85.0,-140,-91.0,-140.0,-59.0,-140,-140,-140,-140,-140,-140,-140,-140,-140,-140,-140,-140,-140,-140,-140,-140,-140,-140,-140,-140,-140,-140,-140,-140,-140,-140,-140,-140,-140,-140,-140,-140,-140,-140,-140,-140,-140,-140,-140,-140,-140,-140,-140,-140,-140,-140,-140,-140,-140,-140,-140,-140,-140.0,-140,-140,-140,-140,-140,-140,-140,-140,-140,-140,-140,-140,-140,-140,-140,-140,-140,-140,-140.0,-140,-140,-140.0,-140,-140.0,-140,-140.0,-140.0,-140,-140,-140,-140,-140,-140,-140,-140,-140,-140,-140,-140,-140,-140,-140,-140,-140,-140,-140,-140,-140,-140,-140,-140,-140,-140,-140,-140,-140,-140,-140,-140,-140,-140,-140,-140,-140,-140,-140,-140,-140,-140,-140.0,-140,-140,-140,-140,-140,-140,-140,-140,-140,-140,-140,-140,-140,-140,-140,-140,-140,-140,-140,-140,-140,-140,-140,-140,-140,-140,-140,-140,-140,-140,-140,-140,-140,-140,-140,-140,-140,-140,-140,-140,-140,-140,-140,-140,-140,-140,-140,-140,-140
153.6866,-67.0,-140,-140,-140,-140,-140,-140,-140,-68.0,-140,-140,-76.0,-140,-140,-140.0,-140,-140,-140,-140,-140,-140,-140,-140,-140,-140,-140,-140,-140,-140,-140,-140,-140,-140,-140.0,-140,-140,-76.0,-84.0,-140.0,-140,-140,-140,-140,-140,-140,-82.0,-140,-140,-140,-140,-140,-82.0,-140,-140,-140.0,-140,-140,-63.0,-140.0,-89.0,-140.0,-140,-140.0,-140.0,-60.0,-140,-140,-140,-140,-140,-140,-140,-140,-140,-140,-140,-140,-140,-140,-140,-140,-140,-140,-140,-140,-140,-140,-140,-140,-140,-140,-140,-140,-140,-140,-140,-140,-140,-140,-140,-140,-140,-140,-140,-140,-140,-140,-140,-140,-140,-140,-140,-140,-140,-140,-140,-140,-140.0,-140,-140,-140,-140,-140,-140,-140,-140,-140,-140,-140,-140,-140,-140,-140,-140,-140,-140,-140.0,-140,-140,-140.0,-140,-140.0,-140,-140.0,-140.0,-140,-140,-140,-140,-140,-140,-140,-140,-140,-140,-140,-140,-140,-140,-140,-140,-140,-140,-140,-140,-140,-140,-140,-140,-140,-140,-140,-140,-140,-140,-140,-140,-140,-140,-140,-140,-140,-140,-140,-140,-140,-140,-140.0,-140,-140,-140,-140,-140,-140,-140,-140,-140,-140,-140,-140,-140,-140,-140,-140,-140,-140,-140,-140,-140,-140,-140,-140,-140,-140,-140,-140,-140,-140,-140,-140,-140,-140,-140,-140,-140,-140,-140,-140,-140,-140,-140,-140,-140,-140,-140,-140,-140
155.6861,-56.0,-140,-140,-140,-140,-140,-140,-140,-64.0,-140,-140,-71.0,-140,-140,-79.0,-140,-140,-140,-140,-140,-140,-140,-140,-140,-140,-140,-140,-140,-140,-140,-140,-140,-140,-140.0,-140,-140,-83.0,-83.0,-140.0,-140,-140,-140,-140,-140,-140,-76.0,-140,-140,-140,-140,-140,-78.0,-140,-140,-140.0,-140,-140,-58.0,-85.0,-140.0,-84.0,-140,-140.0,-140.0,-66.0,-140,-140,-140,-140,-140,-140,-140,-140,-140,-140,-140,-140,-140,-140,-140,-140,-140,-140,-140,-140,-140,-140,-140,-140,-140,-140,-140,-140,-140,-140,-140,-140,-140,-140,-140,-140,-140,-140,-140,-140,-140,-140,-140,-140,-140,-140,-140,-140,-140,-140,-140,-140,-94.0,-140,-140,-140,-140,-140,-140,-140,-140,-140,-140,-140,-140,-140,-140,-140,-140,-140,-140,-93.0,-140,-140,-140.0,-140,-140.0,-140,-140.0,-140.0,-140,-140,-140,-140,-140,-140,-140,-140,-140,-140,-140,-140,-140,-140,-140,-140,-140,-140,-140,-140,-140,-140,-140,-140,-140,-140,-140,-140,-140,-140,-140,-140,-140,-140,-140,-140,-140,-140,-140,-140,-140,-140,-140.0,-140,-140,-140,-140,-140,-140,-140,-140,-140,-140,-140,-140,-140,-140,-140,-140,-140,-140,-140,-140,-140,-140,-140,-140,-140,-140,-140,-140,-140,-140,-140,-140,-140,-140,-140,-140,-140,-140,-140,-140,-140,-140,-140,-140,-140,-140,-140,-140,-140
157.6919,-63.0,-140,-140,-140,-140,-140,-140,-140,-67.0,-140,-140,-81.0,-140,-140,-77.0,-140,-140,-140,-140,-140,-140,-140,-140,-140,-140,-140,-140,-140,-140,-140,-140,-140,-140,-140.0,-140,-140,-74.0,-91.0,-140.0,-140,-140,-140,-140,-140,-140,-70.0,-140,-140,-140,-140,-140,-78.0,-140,-140,-91.0,-140,-140,-56.0,-78.0,-78.0,-82.0,-140,-140.0,-140.0,-65.0,-140,-140,-140,-140,-140,-140,-140,-140,-140,-140,-140,-140,-140,-140,-140,-140,-140,-140,-140,-140,-140,-140,-140,-140,-140,-140,-140,-140,-140,-140,-140,-140,-140,-140,-140,-140,-140,-140,-140,-140,-140,-140,-140,-140,-140,-140,-140,-140,-140,-140,-140,-140,-140.0,-140,-140,-140,-140,-140,-140,-140,-140,-140,-140,-140,-140,-140,-140,-140,-140,-140,-140,-140.0,-140,-140,-140.0,-140,-140.0,-140,-88.0,-88.0,-140,-140,-140,-140,-140,-140,-140,-140,-140,-140,-140,-140,-140,-140,-140,-140,-140,-140,-140,-140,-140,-140,-140,-140,-140,-140,-140,-140,-140,-140,-140,-140,-140,-140,-140,-140,-140,-140,-140,-140,-140,-140,-140.0,-140,-140,-140,-140,-140,-140,-140,-140,-140,-140,-140,-140,-140,-140,-140,-140,-140,-140,-140,-140,-140,-140,-140,-140,-140,-140,-140,-140,-140,-140,-140,-140,-140,-140,-140,-140,-140,-140,-140,-140,-140,-140,-140,-140,-140,-140,-140,-140,-140
159.6775,-62.0,-140,-140,-140,-140,-140,-140,-140,-69.0,-140,-140,-68.0,-140,-140,-79.0,-140,-140,-140,-140,-140,-140,-140,-140,-140,-140,-140,-140,-140,-140,-140,-140,-140,-140,-140.0,-140,-140,-77.0,-87.0,-140.0,-140,-140,-140,-140,-140,-140,-74.0,-140,-140,-140,-140,-140,-75.0,-140,-140,-140.0,-140,-140,-55.0,-82.0,-81.0,-77.0,-140,-140.0,-140.0,-65.0,-140,-140,-140,-140,-140,-140,-140,-140,-140,-140,-140,-140,-140,-140,-140,-140,-140,-140,-140,-140,-140,-140,-140,-140,-140,-140,-140,-140,-140,-140,-140,-140,-140,-140,-140,-140,-140,-140,-140,-140,-140,-140,-140,-140,-140,-140,-140,-140,-140,-140,-140,-140,-140.0,-140,-140,-140,-140,-140,-140,-140,-140,-140,-140,-140,-140,-140,-140,-140,-140,-140,-140,-89.0,-140,-140,-140.0,-140,-140.0,-140,-90.0,-140.0,-140,-140,-140,-140,-140,-140,-140,-140,-140,-140,-140,-140,-140,-140,-140,-140,-140,-140,-140,-140,-140,-140,-140,-140,-140,-140,-140,-140,-140,-140,-140,-140,-140,-140,-140,-140,-140,-140,-140,-140,-140,-140,-140.0,-140,-140,-140,-140,-140,-140,-140,-140,-140,-140,-140,-140,-140,-140,-140,-140,-140,-140,-140,-140,-140,-140,-140,-140,-140,-140,-140,-140,-140,-140,-140,-140,-140,-140,-140,-140,-140,-140,-140,-140,-140,-140,-140,-140,-140,-140,-140,-140,-140
161.6867,-62.0,-140,-140,-140,-140,-140,-140,-140,-70.0,-140,-140,-69.0,-140,-140,-75.0,-140,-140,-140,-140,-140,-140,-140,-140,-140,-140,-140,-140,-140,-140,-140,-140,-140,-140,-140.0,-140,-140,-81.0,-84.0,-140.0,-140,-140,-140,-140,-140,-140,-70.0,-140,-140,-140,-140,-140,-76.0,-140,-140,-84.0,-140,-140,-54.0,-86.0,-84.0,-74.0,-140,-92.0,-140.0,-62.0,-140,-140,-140,-140,-140,-140,-140,-140,-140,-140,-140,-140,-140,-140,-140,-140,-140,-140,-140,-140,-140,-140,-140,-140,-140,-140,-140,-140,-140,-140,-140,-140,-140,-140,-140,-140,-140,-140,-140,-140,-140,-140,-140,-140,-140,-140,-140,-140,-140,-140,-140,-140,-140.0,-140,-140,-140,-140,-140,-140,-140,-140,-140,-140,-140,-140,-140,-140,-140,-140,-140,-140,-140.0,-140,-140,-140.0,-140,-140.0,-140,-140.0,-140.0,-140,-140,-140,-140,-140,-140,-140,-140,-140,-140,-140,-140,-140,-140,-140,-140,-140,-140,-140,-140,-140,-140,-140,-140,-140,-140,-140,-140,-140,-140,-140,-140,-140,-140,-140,-140,-140,-140,-140,-140,-140,-140,-140.0,-140,-140,-140,-140,-140,-140,-140,-140,-140,-140,-140,-140,-140,-140,-140,-140,-140,-140,-140,-140,-140,-140,-140,-140,-140,-140,-140,-140,-140,-140,-140,-140,-140,-140,-140,-140,-140,-140,-140,-140,-140,-140,-140,-140,-140,-140,-140,-140,-140
163.6883,-62.0,-140,-140,-140,-140,-140,-140,-140,-70.0,-140,-140,-71.0,-140,-140,-69.0,-140,-140,-140,-140,-140,-140,-140,-140,-140,-140,-140,-140,-140,-140,-140,-140,-140,-140,-140.0,-140,-140,-77.0,-75.0,-140.0,-140,-140,-140,-140,-140,-140,-64.0,-140,-140,-140,-140,-140,-72.0,-140,-140,-84.0,-140,-140,-52.0,-78.0,-78.0,-72.0,-140,-140.0,-140.0,-65.0,-140,-140,-140,-140,-140,-140,-140,-140,-140,-140,-140,-140,-140,-140,-140,-140,-140,-140,-140,-140,-140,-140,-140,-140,-140,-140,-140,-140,-140,-140,-140,-140,-140,-140,-140,-140,-140,-140,-140,-140,-140,-140,-140,-140,-140,-140,-140,-140,-140,-140,-140,-140,-140.0,-140,-140,-140,-140,-140,-140,-140,-140,-140,-140,-140,-140,-140,-140,-140,-140,-140,-140,-95.0,-140,-140,-140.0,-140,-140.0,-140,-140.0,-140.0,-140,-140,-140,-140,-140,-140,-140,-140,-140,-140,-140,-140,-140,-140,-140,-140,-140,-140,-140,-140,-140,-140,-140,-140,-140,-140,-140,-140,-140,-140,-140,-140,-140,-140,-140,-140,-140,-140,-140,-140,-140,-140,-140.0,-140,-140,-140,-140,-140,-140,-140,-140,-140,-140,-140,-140,-140,-140,-140,-140,-140,-140,-140,-140,-140,-140,-140,-140,-140,-140,-140,-140,-140,-140,-140,-140,-140,-140,-140,-140,-140,-140,-140,-140,-140,-140,-140,-140,-140,-140,-140,-140,-140
