AppTimestamp(s),wifi_rssi_20:23:00:00:00:01,wifi_rssi_20:23:00:00:00:02,wifi_rssi_20:23:00:00:00:03,wifi_rssi_20:23:00:00:00:04,wifi_rssi_20:23:00:00:00:05,wifi_rssi_20:23:00:00:00:06,wifi_rssi_20:23:00:00:00:07,wifi_rssi_20:23:00:00:00:08,wifi_rssi_20:23:00:00:00:09,wifi_rssi_20:23:00:00:00:10,wifi_rssi_20:23:00:00:00:11,wifi_rssi_20:23:00:00:00:12,wifi_rssi_20:23:00:00:00:13,wifi_rssi_20:23:00:00:00:14,wifi_rssi_20:23:00:00:00:15,wifi_rssi_20:23:00:00:00:16,wifi_rssi_20:23:00:00:00:17,wifi_rssi_20:23:00:00:00:18,wifi_rssi_20:23:00:00:00:19,wifi_rssi_20:23:00:00:00:21,wifi_rssi_20:23:00:00:00:22,wifi_rssi_20:23:00:00:00:23,wifi_rssi_20:23:00:00:00:24,wifi_rssi_20:23:00:00:00:25,wifi_rssi_20:23:00:00:00:26,wifi_rssi_20:23:00:00:00:27,wifi_rssi_20:23:00:00:00:28,wifi_rssi_20:23:00:00:00:30,wifi_rssi_20:23:00:00:00:31,wifi_rssi_20:23:00:00:00:34,wifi_rssi_20:23:00:00:00:35,wifi_rssi_20:23:00:00:00:36,wifi_rssi_20:23:00:00:00:37,wifi_rssi_20:23:00:00:00:38,wifi_rssi_20:23:00:00:00:41,wifi_rssi_20:23:00:00:00:42,wifi_rssi_20:23:00:00:00:44,wifi_rssi_20:23:00:00:00:45,wifi_rssi_20:23:00:00:00:46,wifi_rssi_20:23:00:00:00:47,wifi_rssi_20:23:00:00:00:48,wifi_rssi_20:23:00:00:00:49,wifi_rssi_20:23:00:00:00:50,wifi_rssi_20:23:00:00:00:51,wifi_rssi_20:23:00:00:00:52,wifi_rssi_20:23:00:00:00:55,wifi_rssi_20:23:00:00:00:56,wifi_rssi_20:23:00:00:00:57,wifi_rssi_20:23:00:00:00:59,wifi_rssi_20:23:00:00:00:61,wifi_rssi_20:23:00:00:00:62,wifi_rssi_20:23:00:00:00:65,wifi_rssi_20:23:00:00:00:67,wifi_rssi_20:23:00:00:00:68,wifi_rssi_20:23:00:00:00:69,wifi_rssi_20:23:00:00:00:71,wifi_rssi_20:23:00:00:00:72,wifi_rssi_20:23:00:00:00:73,wifi_rssi_20:23:00:00:00:79,wifi_rssi_20:23:00:00:00:80,wifi_rssi_20:23:00:00:00:82,wifi_rssi_20:23:00:00:00:84,wifi_rssi_20:23:00:00:00:88,wifi_rssi_20:23:00:00:00:89,wifi_rssi_20:23:00:00:00:90,wifi_rssi_20:23:00:00:00:91,wifi_rssi_20:23:00:00:00:92,wifi_rssi_20:23:00:00:00:93,wifi_rssi_20:23:00:00:00:94,wifi_rssi_20:23:00:00:00:95,wifi_rssi_20:23:00:00:00:96,wifi_rssi_20:23:00:00:00:97,wifi_rssi_20:23:00:00:00:98,wifi_rssi_20:23:00:00:00:99,wifi_rssi_20:23:00:00:01:00,wifi_rssi_20:23:00:00:01:01,wifi_rssi_20:23:00:00:01:02,wifi_rssi_20:23:00:00:01:03,wifi_rssi_20:23:00:00:01:04,wifi_rssi_20:23:00:00:01:05,wifi_rssi_20:23:00:00:01:06,wifi_rssi_20:23:00:00:01:07,wifi_rssi_20:23:00:00:01:08,wifi_rssi_20:23:00:00:01:09,wifi_rssi_20:23:00:00:01:10,wifi_rssi_20:23:00:00:01:11,wifi_rssi_20:23:00:00:01:12,wifi_rssi_20:23:00:00:01:13,wifi_rssi_20:23:00:00:01:14,wifi_rssi_20:23:00:00:01:15,wifi_rssi_20:23:00:00:01:16,wifi_rssi_20:23:00:00:01:17,wifi_rssi_20:23:00:00:01:18,wifi_rssi_20:23:00:00:01:19,wifi_rssi_20:23:00:00:01:20,wifi_rssi_20:23:00:00:01:21,wifi_rssi_20:23:00:00:01:22,wifi_rssi_20:23:00:00:01:23,wifi_rssi_20:23:00:00:01:24,wifi_rssi_20:23:00:00:01:26,wifi_rssi_20:23:00:00:01:27,wifi_rssi_20:23:00:00:01:28,wifi_rssi_20:23:00:00:01:29,wifi_rssi_20:23:00:00:01:31,wifi_rssi_20:23:00:00:01:32,wifi_rssi_20:23:00:00:01:33,wifi_rssi_20:23:00:00:01:34,wifi_rssi_20:23:00:00:01:35,wifi_rssi_20:23:00:00:01:36,wifi_rssi_20:23:00:00:01:37,wifi_rssi_20:23:00:00:01:38,wifi_rssi_20:23:00:00:01:39,wifi_rssi_20:23:00:00:01:40,wifi_rssi_20:23:00:00:01:41,wifi_rssi_20:23:00:00:01:42,wifi_rssi_20:23:00:00:01:43,wifi_rssi_20:23:00:00:01:44,wifi_rssi_20:23:00:00:01:45,wifi_rssi_20:23:00:00:01:46,wifi_rssi_20:23:00:00:01:47,wifi_rssi_20:23:00:00:01:51,wifi_rssi_20:23:00:00:01:52,wifi_rssi_20:23:00:00:01:54,wifi_rssi_20:23:00:00:01:55,wifi_rssi_20:23:00:00:01:56,wifi_rssi_20:23:00:00:01:58,wifi_rssi_20:23:00:00:01:59,wifi_rssi_20:23:00:00:01:60,wifi_rssi_20:23:00:00:01:62,wifi_rssi_20:23:00:00:01:64,wifi_rssi_20:23:00:00:01:65,wifi_rssi_20:23:00:00:01:66,wifi_rssi_20:23:00:00:01:67,wifi_rssi_20:23:00:00:01:68,wifi_rssi_20:23:00:00:01:69,wifi_rssi_20:23:00:00:01:70,wifi_rssi_20:23:00:00:01:71,wifi_rssi_20:23:00:00:01:72,wifi_rssi_20:23:00:00:01:73,wifi_rssi_20:23:00:00:01:74,wifi_rssi_20:23:00:00:01:75,wifi_rssi_20:23:00:00:01:76,wifi_rssi_20:23:00:00:01:77,wifi_rssi_20:23:00:00:01:81,wifi_rssi_20:23:00:00:01:82,wifi_rssi_20:23:00:00:01:83,wifi_rssi_20:23:00:00:01:84,wifi_rssi_20:23:00:00:01:85,wifi_rssi_20:23:00:00:01:86,wifi_rssi_20:23:00:00:01:87,wifi_rssi_20:23:00:00:01:88,wifi_rssi_20:23:00:00:01:89,wifi_rssi_20:23:00:00:01:90,wifi_rssi_20:23:00:00:01:91,wifi_rssi_20:23:00:00:01:92,wifi_rssi_20:23:00:00:01:93,wifi_rssi_20:23:00:00:01:94,wifi_rssi_20:23:00:00:01:95,wifi_rssi_20:23:00:00:01:96,wifi_rssi_20:23:00:00:01:97,wifi_rssi_20:23:00:00:01:98,wifi_rssi_20:23:00:00:02:01,wifi_rssi_20:23:00:00:02:07,wifi_rssi_20:23:00:00:02:09,wifi_rssi_20:23:00:00:02:10,wifi_rssi_20:23:00:00:02:11,wifi_rssi_20:23:00:00:02:12,wifi_rssi_20:23:00:00:02:14,wifi_rssi_20:23:00:00:02:15,wifi_rssi_20:23:00:00:02:16,wifi_rssi_20:23:00:00:02:17,wifi_rssi_20:23:00:00:02:18,wifi_rssi_20:23:00:00:02:19,wifi_rssi_20:23:00:00:02:20,wifi_rssi_20:23:00:00:02:21,wifi_rssi_20:23:00:00:02:22,wifi_rssi_20:23:00:00:02:23,wifi_rssi_20:23:00:00:02:24,wifi_rssi_20:23:00:00:02:25,wifi_rssi_20:23:00:00:02:26,wifi_rssi_20:23:00:00:02:27,wifi_rssi_20:23:00:00:02:28,wifi_rssi_20:23:00:00:02:29,wifi_rssi_20:23:00:00:02:30,wifi_rssi_20:23:00:00:02:34,wifi_rssi_20:23:00:00:02:35,wifi_rssi_20:23:00:00:02:39,wifi_rssi_20:23:00:00:02:54,wifi_rssi_20:23:00:00:02:55,wifi_rssi_20:23:00:00:02:56,wifi_rssi_20:23:00:00:02:57,wifi_rssi_20:23:00:00:02:58,wifi_rssi_20:23:00:00:02:59,wifi_rssi_20:23:00:00:02:60,wifi_rssi_20:23:00:00:02:61,wifi_rssi_20:23:00:00:02:65,wifi_rssi_20:23:00:00:02:67,wifi_rssi_20:23:00:00:02:70,wifi_rssi_20:23:00:00:02:73,wifi_rssi_20:23:00:00:02:74,wifi_rssi_20:23:00:00:02:82,wifi_rssi_20:23:00:00:02:88,wifi_rssi_20:23:00:00:02:89,wifi_rssi_20:23:00:00:03:08,wifi_rssi_20:23:00:00:03:11,wifi_rssi_20:23:00:00:03:12,wifi_rssi_20:23:00:00:03:13,wifi_rssi_20:23:00:00:03:15,wifi_rssi_20:23:00:00:03:16,wifi_rssi_20:23:00:00:03:17,wifi_rssi_20:23:00:00:03:20,wifi_rssi_20:23:00:00:03:21,wifi_rssi_20:23:00:00:03:22,wifi_rssi_20:23:00:00:03:25,wifi_rssi_20:23:00:00:03:26,wifi_rssi_20:23:00:00:03:27,wifi_rssi_20:23:00:00:03:28,wifi_rssi_20:23:00:00:03:29,wifi_rssi_20:23:00:00:03:30,wifi_rssi_20:23:00:00:03:31,wifi_rssi_20:23:00:00:03:32,wifi_rssi_20:23:00:00:03:33,wifi_rssi_20:23:00:00:03:34,wifi_rssi_20:23:00:00:03:35,wifi_rssi_20:23:00:00:03:36,wifi_rssi_20:23:00:00:03:37,wifi_rssi_20:23:00:00:03:38,wifi_rssi_20:23:00:00:03:39,wifi_rssi_20:23:00:00:03:40,wifi_rssi_20:23:00:00:03:41,wifi_rssi_20:23:00:00:03:42,wifi_rssi_20:23:00:00:03:43,wifi_rssi_20:23:00:00:03:44,wifi_rssi_20:23:00:00:03:45,wifi_rssi_20:23:00:00:03:46,wifi_rssi_20:23:00:00:03:47,wifi_rssi_20:23:00:00:03:48
2.0224,-56.0,-83.0,-92.0,-100.0,-100.0,-100.0,-100.0,-100,-75.0,-100.0,-100,-100.0,-100.0,-100.0,-68.0,-100.0,-100.0,-100,-100.0,-100.0,-100.0,-100,-92.0,-100.0,-100.0,-100.0,-100.0,-92.0,-100,-100,-100,-100,-100,-84.0,-100,-100,-73.0,-76.0,-100.0,-100,-100.0,-100.0,-100.0,-100.0,-100.0,-70.0,-100,-100,-100,-100,-100,-100.0,-100,-100.0,-100.0,-100.0,-100,-83.0,-71.0,-71.0,-72.0,-100,-90.0,-100.0,-100.0,-100,-100,-100,-100,-100,-100,-100,-100,-100,-100,-100,-100,-100,-100,-100,-100,-100,-100,-100,-100,-100,-100,-100,-100,-100.0,-100.0,-100,-100,-100.0,-100.0,-100.0,-100,-100,-100,-100,-100.0,-100,-100,-100,-100,-100,-100,-100,-100,-100,-100,-100,-100,-100,-100,-100,-100,-100,-100,-100,-100.0,-100,-100,-100,-100,-100,-100,-100,-100,-100,-100,-100.0,-100,-100,-100,-100,-100.0,-100,-100,-100.0,-100,-100,-100,-100.0,-100,-100,-100,-100,-100,-100,-100,-100,-100,-100,-100,-100,-100,-100,-100,-100,-100,-100,-100,-100,-100,-100,-100,-100,-100,-100,-100,-100,-100,-100,-100,-100,-100,-100,-100,-100,-100,-100,-100,-100,-100,-100,-100,-100,-100,-100,-100,-100,-100,-100,-100,-100,-100,-100,-100,-100,-100,-100,-100,-100,-100.0,-100,-100,-100,-100,-100,-100,-100,-100,-86.0,-100,-100,-100,-100,-100,-100,-100,-100,-100,-100,-100,-100,-100,-100,-100,-100,-100,-100,-100,-100,-100,-100,-100
3.9702,-58.265625,-100.0,-100.0,-100.0,-100.0,-100.0,-100.0,-100,-100.0,-100.0,-100,-100.0,-100.0,-100.0,-68.453125,-100.0,-100.0,-100,-100.0,-100.0,-100.0,-100,-100.0,-87.0,-100.0,-100.0,-100.0,-100.0,-100,-100,-100,-100,-100,-83.7734375,-100,-100,-72.546875,-75.09375,-100.0,-100,-100.0,-100.0,-100.0,-100.0,-100.0,-70.90625,-100,-100,-100,-100,-100,-100.0,-100,-100.0,-100.0,-100.0,-100,-83.2265625,-72.359375,-72.359375,-73.359375,-100,-90.0,-100.0,-100.0,-100,-100,-100,-100,-100,-100,-100,-100,-100,-100,-100,-100,-100,-100,-100,-100,-100,-100,-100,-100,-100,-100,-100,-100,-100.0,-100.0,-100,-100,-100.0,-100.0,-100.0,-100,-100,-100,-100,-100.0,-100,-100,-100,-100,-100,-100,-100,-100,-100,-100,-100,-100,-100,-100,-100,-100,-100,-100,-100,-100.0,-100,-100,-100,-100,-100,-100,-100,-100,-100,-100,-100.0,-100,-100,-100,-100,-100.0,-100,-100,-100.0,-100,-100,-100,-100.0,-100,-100,-100,-100,-100,-100,-100,-100,-100,-100,-100,-100,-100,-100,-100,-100,-100,-100,-100,-100,-100,-100,-100,-100,-100,-100,-100,-100,-100,-100,-100,-100,-100,-100,-100,-100,-100,-100,-100,-100,-100,-100,-100,-100,-100,-100,-100,-100,-100,-100,-100,-100,-100,-100,-100,-100,-100,-100,-100,-100,-100.0,-100,-100,-100,-100,-100,-100,-100,-100,-100.0,-100,-100,-100,-100,-100,-100,-100,-100,-100,-100,-100,-100,-100,-100,-100,-100,-100,-100,-100,-100,-100,-100,-100
5.9216,-58.703439325113564,-100.0,-100.0,-100.0,-100.0,-100.0,-100.0,-100,-100.0,-100.0,-100,-100.0,-100.0,-100.0,-69.60090850097339,-100.0,-100.0,-100,-100.0,-100.0,-100.0,-100,-100.0,-88.1328125,-100.0,-100.0,-100.0,-100.0,-100,-100,-100,-100,-100,-82.82089552238806,-100,-100,-100.0,-74.56521739130434,-100.0,-100,-100.0,-100.0,-100.0,-100.0,-100.0,-72.19208306294614,-100,-100,-100,-100,-100,-100.0,-100,-100.0,-100.0,-100.0,-100,-83.16937053861129,-72.26865671641791,-72.52109020116808,-100.0,-100,-100.0,-100.0,-100.0,-100,-100,-100,-100,-100,-100,-100,-100,-100,-100,-100,-100,-100,-100,-100,-100,-100,-100,-100,-100,-100,-100,-100,-100,-100.0,-100.0,-100,-100,-100.0,-100.0,-100.0,-100,-100,-100,-100,-100.0,-100,-100,-100,-100,-100,-100,-100,-100,-100,-100,-100,-100,-100,-100,-100,-100,-100,-100,-100,-100.0,-100,-100,-100,-100,-100,-100,-100,-100,-100,-100,-100.0,-100,-100,-100,-100,-100.0,-100,-100,-100.0,-100,-100,-100,-100.0,-100,-100,-100,-100,-100,-100,-100,-100,-100,-100,-100,-100,-100,-100,-100,-100,-100,-100,-100,-100,-100,-100,-100,-100,-100,-100,-100,-100,-100,-100,-100,-100,-100,-100,-100,-100,-100,-100,-100,-100,-100,-100,-100,-100,-100,-100,-100,-100,-100,-100,-100,-100,-100,-100,-100,-100,-100,-100,-100,-100,-100.0,-100,-100,-100,-100,-100,-100,-100,-100,-87.8125,-100,-100,-100,-100,-100,-100,-100,-100,-100,-100,-100,-100,-100,-100,-100,-100,-100,-100,-100,-100,-100,-100,-100
7.9441,-58.515890222621756,-100.0,-100.0,-100.0,-100.0,-100.0,-100.0,-100,-75.90625,-100.0,-100,-100.0,-100.0,-100.0,-69.4406958912802,-100.0,-100.0,-100,-100.0,-100.0,-100.0,-100,-100.0,-86.83711875405581,-100.0,-100.0,-100.0,-100.0,-100,-100,-100,-100,-100,-82.33541325154671,-100,-100,-100.0,-74.68113796203268,-100.0,-100,-100.0,-100.0,-100.0,-100.0,-100.0,-72.67410501824335,-100,-100,-100,-100,-100,-100.0,-100,-100.0,-100.0,-100.0,-100,-84.72391729681138,-72.4636454973296,-72.38215853207129,-73.01622323166775,-100,-100.0,-100.0,-92.0,-100,-100,-100,-100,-100,-100,-100,-100,-100,-100,-100,-100,-100,-100,-100,-100,-100,-100,-100,-100,-100,-100,-100,-100,-100.0,-100.0,-100,-100,-100.0,-100.0,-100.0,-100,-100,-100,-100,-100.0,-100,-100,-100,-100,-100,-100,-100,-100,-100,-100,-100,-100,-100,-100,-100,-100,-100,-100,-100,-100.0,-100,-100,-100,-100,-100,-100,-100,-100,-100,-100,-100.0,-100,-100,-100,-100,-100.0,-100,-100,-100.0,-100,-100,-100,-100.0,-100,-100,-100,-100,-100,-100,-100,-100,-100,-100,-100,-100,-100,-100,-100,-100,-100,-100,-100,-100,-100,-100,-100,-100,-100,-100,-100,-100,-100,-100,-100,-100,-100,-100,-100,-100,-100,-100,-100,-100,-100,-100,-100,-100,-100,-100,-100,-100,-100,-100,-100,-100,-100,-100,-100,-100,-100,-100,-100,-100,-89.0,-100,-100,-100,-100,-100,-100,-100,-100,-88.8695652173913,-100,-100,-100,-100,-100,-100,-100,-100,-100,-100,-100,-100,-100,-100,-100,-100,-100,-100,-100,-100,-100,-100,-100
9.9169,-59.19695250929685,-100.0,-100.0,-100.0,-100.0,-100.0,-100.0,-100,-76.18234912394549,-100.0,-100,-100.0,-100.0,-100.0,-69.04570383132612,-100.0,-100.0,-100,-100.0,-100.0,-100.0,-100,-100.0,-87.41378033948496,-100.0,-100.0,-100.0,-100.0,-100,-100,-100,-100,-100,-80.5984485346798,-100,-100,-71.90395846852694,-73.94605694108014,-100.0,-100,-100.0,-100.0,-100.0,-100.0,-100.0,-71.66678465422538,-100,-100,-100,-100,-100,-100.0,-100,-100.0,-100.0,-100.0,-100,-84.7996102145952,-72.61069649619597,-72.8257181604176,-100.0,-100,-90.75730045425048,-100.0,-100.0,-100,-100,-100,-100,-100,-100,-100,-100,-100,-100,-100,-100,-100,-100,-100,-100,-100,-100,-100,-100,-100,-100,-100,-100,-100.0,-100.0,-100,-100,-100.0,-100.0,-100.0,-100,-100,-100,-100,-100.0,-100,-100,-100,-100,-100,-100,-100,-100,-100,-100,-100,-100,-100,-100,-100,-100,-100,-100,-100,-100.0,-100,-100,-100,-100,-100,-100,-100,-100,-100,-100,-100.0,-100,-100,-100,-100,-100.0,-100,-100,-100.0,-100,-100,-100,-100.0,-100,-100,-100,-100,-100,-100,-100,-100,-100,-100,-100,-100,-100,-100,-100,-100,-100,-100,-100,-100,-100,-100,-100,-100,-100,-100,-100,-100,-100,-100,-100,-100,-100,-100,-100,-100,-100,-100,-100,-100,-100,-100,-100,-100,-100,-100,-100,-100,-100,-100,-100,-100,-100,-100,-100,-100,-100,-100,-100,-100,-89.6796875,-100,-100,-100,-100,-100,-100,-100,-100,-100.0,-100,-100,-100,-100,-100,-100,-100,-100,-100,-100,-100,-100,-100,-100,-100,-100,-100,-100,-100,-100,-100,-100,-100
11.9232,-61.92341116634587,-100.0,-100.0,-100.0,-100.0,-100.0,-100.0,-100,-75.60049706520014,-100.0,-100,-100.0,-100.0,-100.0,-69.31111609755631,-100.0,-100.0,-100,-100.0,-100.0,-100.0,-100,-100.0,-100.0,-100.0,-100.0,-100.0,-100.0,-100,-100,-100,-100,-100,-80.71012946552415,-100,-100,-73.52926867960447,-73.9610597777102,-100.0,-100,-100.0,-100.0,-100.0,-100.0,-100.0,-72.59383043707143,-100,-100,-100,-100,-100,-100.0,-100,-100.0,-100.0,-100.0,-100,-85.4115904977662,-71.60647666258136,-72.03981931129363,-73.81174977526308,-100,-100.0,-100.0,-100.0,-100,-100,-100,-100,-100,-100,-100,-100,-100,-100,-100,-100,-100,-100,-100,-100,-100,-100,-100,-100,-100,-100,-100,-100,-100.0,-100.0,-100,-100,-100.0,-100.0,-100.0,-100,-100,-100,-100,-100.0,-100,-100,-100,-100,-100,-100,-100,-100,-100,-100,-100,-100,-100,-100,-100,-100,-100,-100,-100,-100.0,-100,-100,-100,-100,-100,-100,-100,-100,-100,-100,-100.0,-100,-100,-100,-100,-100.0,-100,-100,-100.0,-100,-100,-100,-100.0,-100,-100,-100,-100,-100,-100,-100,-100,-100,-100,-100,-100,-100,-100,-100,-100,-100,-100,-100,-100,-100,-100,-100,-100,-100,-100,-100,-100,-100,-100,-100,-100,-100,-100,-100,-100,-100,-100,-100,-100,-100,-100,-100,-100,-100,-100,-100,-100,-100,-100,-100,-100,-100,-100,-100,-100,-100,-100,-100,-100,-100.0,-100,-100,-100,-100,-100,-100,-100,-100,-90.50404526466077,-100,-100,-100,-100,-100,-100,-100,-100,-100,-100,-100,-100,-100,-100,-100,-100,-100,-100,-100,-100,-100,-100,-100
13.9439,-63.34576586061116,-100.0,-100.0,-100.0,-100.0,-100.0,-100.0,-100,-75.71002780526082,-100.0,-100,-100.0,-100.0,-100.0,-68.94376861341041,-100.0,-100.0,-100,-100.0,-100.0,-100.0,-100,-100.0,-88.12283784244823,-100.0,-100.0,-100.0,-100.0,-100,-100,-100,-100,-100,-81.07152438440033,-100,-100,-75.85166831564942,-74.53232845664569,-100.0,-100,-100.0,-100.0,-100.0,-100.0,-100.0,-73.26798914583695,-100,-100,-100,-100,-100,-100.0,-100,-100.0,-100.0,-100.0,-100,-86.69716748825412,-70.87619606708807,-71.18812511095308,-76.05670226194944,-100,-90.55539104225053,-100.0,-100.0,-100,-100,-100,-100,-100,-100,-100,-100,-100,-100,-100,-100,-100,-100,-100,-100,-100,-100,-100,-100,-100,-100,-100,-100,-100.0,-100.0,-100,-100,-100.0,-100.0,-100.0,-100,-100,-100,-100,-100.0,-100,-100,-100,-100,-100,-100,-100,-100,-100,-100,-100,-100,-100,-100,-100,-100,-100,-100,-100,-100.0,-100,-100,-100,-100,-100,-100,-100,-100,-100,-100,-100.0,-100,-100,-100,-100,-100.0,-100,-100,-100.0,-100,-100,-100,-100.0,-100,-100,-100,-100,-100,-100,-100,-100,-100,-100,-100,-100,-100,-100,-100,-100,-100,-100,-100,-100,-100,-100,-100,-100,-100,-100,-100,-100,-100,-100,-100,-100,-100,-100,-100,-100,-100,-100,-100,-100,-100,-100,-100,-100,-100,-100,-100,-100,-100,-100,-100,-100,-100,-100,-100,-100,-100,-100,-100,-100,-100.0,-100,-100,-100,-100,-100,-100,-100,-100,-100.0,-100,-100,-100,-100,-100,-100,-100,-100,-100,-100,-100,-100,-100,-100,-100,-100,-100,-100,-100,-100,-100,-100,-100
15.9221,-63.81100723287964,-100.0,-100.0,-100.0,-100.0,-100.0,-100.0,-100,-76.06879948937585,-100.0,-100,-100.0,-100.0,-100.0,-69.80331155863838,-100.0,-100.0,-100,-100.0,-100.0,-100.0,-100,-100.0,-100.0,-100.0,-100.0,-100.0,-91.7734375,-100,-100,-100,-100,-100,-81.05140866924445,-100,-100,-74.50230495768572,-75.22634320812591,-100.0,-100,-100.0,-100.0,-100.0,-100.0,-100.0,-71.78640534766305,-100,-100,-100,-100,-100,-100.0,-100,-100.0,-100.0,-100.0,-100,-86.21985142252687,-71.19225778499086,-71.41645904415921,-74.37219054955376,-100,-100.0,-100.0,-100.0,-100,-100,-100,-100,-100,-100,-100,-100,-100,-100,-100,-100,-100,-100,-100,-100,-100,-100,-100,-100,-100,-100,-100,-100,-100.0,-100.0,-100,-100,-100.0,-100.0,-100.0,-100,-100,-100,-100,-100.0,-100,-100,-100,-100,-100,-100,-100,-100,-100,-100,-100,-100,-100,-100,-100,-100,-100,-100,-100,-100.0,-100,-100,-100,-100,-100,-100,-100,-100,-100,-100,-100.0,-100,-100,-100,-100,-100.0,-100,-100,-100.0,-100,-100,-100,-100.0,-100,-100,-100,-100,-100,-100,-100,-100,-100,-100,-100,-100,-100,-100,-100,-100,-100,-100,-100,-100,-100,-100,-100,-100,-100,-100,-100,-100,-100,-100,-100,-100,-100,-100,-100,-100,-100,-100,-100,-100,-100,-100,-100,-100,-100,-100,-100,-100,-100,-100,-100,-100,-100,-100,-100,-100,-100,-100,-100,-100,-100.0,-100,-100,-100,-100,-100,-100,-100,-100,-100.0,-100,-100,-100,-100,-100,-100,-100,-100,-100,-100,-100,-100,-100,-100,-100,-100,-100,-100,-100,-100,-100,-100,-100
17.9333,-62.73709673707972,-100.0,-100.0,-100.0,-100.0,-100.0,-100.0,-100,-75.48916486431024,-100.0,-100,-100.0,-100.0,-100.0,-69.01336141636479,-100.0,-100.0,-100,-100.0,-100.0,-100.0,-100,-100.0,-100.0,-100.0,-100.0,-100.0,-100.0,-100,-100,-100,-100,-100,-81.60050568067729,-100,-100,-72.12013579549762,-76.28972865682738,-100.0,-100,-100.0,-100.0,-100.0,-100.0,-100.0,-71.84659456404984,-100,-100,-100,-100,-100,-100.0,-100,-100.0,-100.0,-100.0,-100,-85.31252377231007,-71.41987289815965,-71.58089608636682,-72.30665595954281,-100,-91.22562348606324,-100.0,-100.0,-100,-100,-100,-100,-100,-100,-100,-100,-100,-100,-100,-100,-100,-100,-100,-100,-100,-100,-100,-100,-100,-100,-100,-100,-100.0,-100.0,-100,-100,-100.0,-100.0,-100.0,-100,-100,-100,-100,-100.0,-100,-100,-100,-100,-100,-100,-100,-100,-100,-100,-100,-100,-100,-100,-100,-100,-100,-100,-100,-100.0,-100,-100,-100,-100,-100,-100,-100,-100,-100,-100,-100.0,-100,-100,-100,-100,-100.0,-100,-100,-100.0,-100,-100,-100,-100.0,-100,-100,-100,-100,-100,-100,-100,-100,-100,-100,-100,-100,-100,-100,-100,-100,-100,-100,-100,-100,-100,-100,-100,-100,-100,-100,-100,-100,-100,-100,-100,-100,-100,-100,-100,-100,-100,-100,-100,-100,-100,-100,-100,-100,-100,-100,-100,-100,-100,-100,-100,-100,-100,-100,-100,-100,-100,-100,-100,-100,-100.0,-100,-100,-100,-100,-100,-100,-100,-100,-100.0,-100,-100,-100,-100,-100,-100,-100,-100,-100,-100,-100,-100,-100,-100,-100,-100,-100,-100,-100,-100,-100,-100,-100
19.9341,-65.34992887884904,-100.0,-100.0,-100.0,-100.0,-100.0,-100.0,-100,-74.78910527195893,-100.0,-100,-100.0,-100.0,-100.0,-69.0095924967133,-100.0,-100.0,-100,-100.0,-100.0,-100.0,-100,-92.2265625,-100.0,-100.0,-100.0,-100.0,-92.08306294613887,-100,-100,-100,-100,-100,-80.58489354460379,-100,-100,-72.6488339896385,-75.36177890627063,-100.0,-100,-100.0,-100.0,-100.0,-100.0,-100.0,-71.60779152085588,-100,-100,-100,-100,-100,-100.0,-100,-100.0,-100.0,-100.0,-100,-85.50644353304007,-72.71181160953344,-72.82741420445836,-72.78289670826537,-100,-91.44099585391524,-100.0,-100.0,-100,-100,-100,-100,-100,-100,-100,-100,-100,-100,-100,-100,-100,-100,-100,-100,-100,-100,-100,-100,-100,-100,-100,-100,-100.0,-100.0,-100,-100,-100.0,-100.0,-100.0,-100,-100,-100,-100,-100.0,-100,-100,-100,-100,-100,-100,-100,-100,-100,-100,-100,-100,-100,-100,-100,-100,-100,-100,-100,-100.0,-100,-100,-100,-100,-100,-100,-100,-100,-100,-100,-100.0,-100,-100,-100,-100,-100.0,-100,-100,-100.0,-100,-100,-100,-100.0,-100,-100,-100,-100,-100,-100,-100,-100,-100,-100,-100,-100,-100,-100,-100,-100,-100,-100,-100,-100,-100,-100,-100,-100,-100,-100,-100,-100,-100,-100,-100,-100,-100,-100,-100,-100,-100,-100,-100,-100,-100,-100,-100,-100,-100,-100,-100,-100,-100,-100,-100,-100,-100,-100,-100,-100,-100,-100,-100,-100,-100.0,-100,-100,-100,-100,-100,-100,-100,-100,-91.73669015045546,-100,-100,-100,-100,-100,-100,-100,-100,-100,-100,-100,-100,-100,-100,-100,-100,-100,-100,-100,-100,-100,-100,-100
21.9504,-64.12228874595118,-100.0,-100.0,-100.0,-100.0,-100.0,-100.0,-100,-74.56674189606804,-100.0,-100,-100.0,-100.0,-100.0,-68.16022308504348,-100.0,-100.0,-100,-100.0,-100.0,-100.0,-100,-100.0,-89.20116805958376,-100.0,-100.0,-89.0,-100.0,-100,-100,-100,-100,-100,-81.83092814117286,-100,-100,-73.59316501075173,-75.82411887026429,-100.0,-100,-100.0,-100.0,-100.0,-100.0,-100.0,-72.84736383369754,-100,-100,-100,-100,-100,-100.0,-100,-100.0,-100.0,-100.0,-100,-85.64573540276177,-72.51092361268024,-72.59390075809793,-74.53482528527337,-100,-100.0,-100.0,-100.0,-100,-100,-100,-100,-100,-100,-100,-100,-100,-100,-100,-100,-100,-100,-100,-100,-100,-100,-100,-100,-100,-100,-100,-100,-100.0,-100.0,-100,-100,-100.0,-100.0,-100.0,-100,-100,-100,-100,-100.0,-100,-100,-100,-100,-100,-100,-100,-100,-100,-100,-100,-100,-100,-100,-100,-100,-100,-100,-100,-100.0,-100,-100,-100,-100,-100,-100,-100,-100,-100,-100,-100.0,-100,-100,-100,-100,-100.0,-100,-100,-100.0,-100,-100,-100,-100.0,-100,-100,-100,-100,-100,-100,-100,-100,-100,-100,-100,-100,-100,-100,-100,-100,-100,-100,-100,-100,-100,-100,-100,-100,-100,-100,-100,-100,-100,-100,-100,-100,-100,-100,-100,-100,-100,-100,-100,-100,-100,-100,-100,-100,-100,-100,-100,-100,-100,-100,-100,-100,-100,-100,-100,-100,-100,-100,-100,-100,-87.9935107073329,-100,-100,-100,-100,-100,-100,-100,-100,-100.0,-100,-100,-100,-100,-100,-100,-100,-100,-100,-100,-100,-100,-100,-100,-100,-100,-100,-100,-100,-100,-100,-100,-100
23.9396,-65.78154244936725,-100.0,-100.0,-100.0,-100.0,-100.0,-100.0,-100,-74.9710279751849,-100.0,-100,-100.0,-100.0,-100.0,-70.3733598516951,-100.0,-100.0,-100,-100.0,-100.0,-100.0,-100,-100.0,-89.70516338764418,-100.0,-100.0,-100.0,-92.59415155200676,-100,-100,-100,-100,-100,-80.46717700357549,-100,-100,-74.27207265356569,-77.00295293169702,-100.0,-100,-100.0,-100.0,-100.0,-100.0,-100.0,-74.30193182313452,-100,-100,-100,-100,-100,-93.0,-100,-100.0,-100.0,-100.0,-100,-82.92278398554487,-72.36669197899487,-72.4262450176672,-76.07641367821108,-100,-100.0,-100.0,-100.0,-100,-100,-100,-100,-100,-100,-100,-100,-100,-100,-100,-100,-100,-100,-100,-100,-100,-100,-100,-100,-100,-100,-100,-100,-100.0,-100.0,-100,-100,-100.0,-100.0,-100.0,-100,-100,-100,-100,-100.0,-100,-100,-100,-100,-100,-100,-100,-100,-100,-100,-100,-100,-100,-100,-100,-100,-100,-100,-100,-100.0,-100,-100,-100,-100,-100,-100,-100,-100,-100,-100,-100.0,-100,-100,-100,-100,-100.0,-100,-100,-100.0,-100,-100,-100,-100.0,-100,-100,-100,-100,-100,-100,-100,-100,-100,-100,-100,-100,-100,-100,-100,-100,-100,-100,-100,-100,-100,-100,-100,-100,-100,-100,-100,-100,-100,-100,-100,-100,-100,-100,-100,-100,-100,-100,-100,-100,-100,-100,-100,-100,-100,-100,-100,-100,-100,-100,-100,-100,-100,-100,-100,-100,-100,-100,-100,-100,-86.92877161440431,-100,-100,-100,-100,-100,-100,-100,-100,-100.0,-100,-100,-100,-100,-100,-100,-100,-100,-100,-100,-100,-100,-100,-100,-100,-100,-100,-100,-100,-100,-100,-100,-100
25.9271,-65.56088598036685,-100.0,-100.0,-100.0,-100.0,-100.0,-100.0,-100,-75.82586669155302,-100.0,-100,-93.0,-100.0,-100.0,-70.2679474500933,-100.0,-100.0,-100,-100.0,-100.0,-100.0,-100,-100.0,-100.0,-100.0,-100.0,-100.0,-100.0,-100,-100,-100,-100,-100,-79.20593840443502,-100,-100,-75.32417105574028,-78.41379217966526,-100.0,-100,-100.0,-100.0,-100.0,-100.0,-100.0,-74.49902061741997,-100,-100,-100,-100,-100,-100.0,-100,-100.0,-100.0,-100.0,-100,-81.81524636733558,-71.98082755596789,-72.30590130427888,-75.77262741692357,-100,-100.0,-100.0,-100.0,-100,-100,-100,-100,-100,-100,-100,-100,-100,-100,-100,-100,-100,-100,-100,-100,-100,-100,-100,-100,-100,-100,-100,-100,-100.0,-100.0,-100,-100,-100.0,-100.0,-100.0,-100,-100,-100,-100,-100.0,-100,-100,-100,-100,-100,-100,-100,-100,-100,-100,-100,-100,-100,-100,-100,-100,-100,-100,-100,-100.0,-100,-100,-100,-100,-100,-100,-100,-100,-100,-100,-100.0,-100,-100,-100,-100,-100.0,-100,-100,-100.0,-100,-100,-100,-100.0,-100,-100,-100,-100,-100,-100,-100,-100,-100,-100,-100,-100,-100,-100,-100,-100,-100,-100,-100,-100,-100,-100,-100,-100,-100,-100,-100,-100,-100,-100,-100,-100,-100,-100,-100,-100,-100,-100,-100,-100,-100,-100,-100,-100,-100,-100,-100,-100,-100,-100,-100,-100,-100,-100,-100,-100,-100,-100,-100,-100,-82.56161935792024,-100,-100,-100,-100,-100,-100,-100,-100,-100.0,-100,-100,-100,-100,-100,-100,-100,-100,-100,-100,-100,-100,-100,-100,-100,-100,-100,-100,-100,-100,-100,-100,-100
27.9606,-64.55545370086422,-100.0,-91.546875,-88.0,-89.0,-100.0,-100.0,-100,-100.0,-100.0,-100,-100.0,-91.0,-90.0,-71.88641844109307,-100.0,-100.0,-100,-100.0,-100.0,-89.0,-100,-100.0,-88.38187025815785,-100.0,-100.0,-100.0,-100.0,-100,-100,-100,-100,-100,-100.0,-100,-100,-74.6680671294113,-77.16753797301007,-100.0,-100,-100.0,-100.0,-100.0,-100.0,-100.0,-76.05224705337415,-100,-100,-100,-100,-100,-100.0,-100,-100.0,-100.0,-100.0,-100,-82.14976691983473,-72.26859551013976,-72.50188321374928,-74.98992610498784,-100,-100.0,-100.0,-100.0,-100,-100,-100,-100,-100,-100,-100,-100,-100,-100,-100,-100,-100,-100,-100,-100,-100,-100,-100,-100,-100,-100,-100,-100,-100.0,-100.0,-100,-100,-100.0,-100.0,-100.0,-100,-100,-100,-100,-100.0,-100,-100,-100,-100,-100,-100,-100,-100,-100,-100,-100,-100,-100,-100,-100,-100,-100,-100,-100,-100.0,-100,-100,-100,-100,-100,-100,-100,-100,-100,-100,-100.0,-100,-100,-100,-100,-100.0,-100,-100,-100.0,-100,-100,-100,-100.0,-100,-100,-100,-100,-100,-100,-100,-100,-100,-100,-100,-100,-100,-100,-100,-100,-100,-100,-100,-100,-100,-100,-100,-100,-100,-100,-100,-100,-100,-100,-100,-100,-100,-100,-100,-100,-100,-100,-100,-100,-100,-100,-100,-100,-100,-100,-100,-100,-100,-100,-100,-100,-100,-100,-100,-100,-100,-100,-100,-100,-74.33983596951717,-100,-100,-100,-100,-100,-100,-100,-100,-90.69742851073771,-100,-100,-100,-100,-100,-100,-100,-100,-100,-100,-100,-100,-100,-100,-100,-100,-100,-100,-100,-100,-100,-100,-100
30.0961,-63.83388354152627,-100.0,-91.1563919532771,-88.6796875,-89.90625,-100.0,-100.0,-100,-75.31043203698123,-100.0,-100,-100.0,-90.546875,-100.0,-71.63612508004985,-88.0,-89.0,-100,-100.0,-100.0,-88.546875,-100,-100.0,-86.58351170508566,-100.0,-100.0,-100.0,-100.0,-100,-100,-100,-100,-100,-80.84191793024038,-100,-100,-75.89112163137055,-77.12023114767446,-100.0,-100,-87.0,-100.0,-100.0,-100.0,-100.0,-75.47276473569286,-100,-100,-100,-100,-100,-100.0,-100,-100.0,-100.0,-100.0,-100,-82.67220760346586,-73.03984797787116,-73.20726344696976,-75.83977409167291,-100,-100.0,-100.0,-100.0,-100,-100,-100,-100,-100,-100,-100,-100,-100,-100,-100,-100,-100,-100,-100,-100,-100,-100,-100,-100,-100,-100,-100,-100,-100.0,-100.0,-100,-100,-100.0,-100.0,-100.0,-100,-100,-100,-100,-100.0,-100,-100,-100,-100,-100,-100,-100,-100,-100,-100,-100,-100,-100,-100,-100,-100,-100,-100,-100,-100.0,-100,-100,-100,-100,-100,-100,-100,-100,-100,-100,-100.0,-100,-100,-100,-100,-100.0,-100,-100,-100.0,-100,-100,-100,-100.0,-100,-100,-100,-100,-100,-100,-100,-100,-100,-100,-100,-100,-100,-100,-100,-100,-100,-100,-100,-100,-100,-100,-100,-100,-100,-100,-100,-100,-100,-100,-100,-100,-100,-100,-100,-100,-100,-100,-100,-100,-100,-100,-100,-100,-100,-100,-100,-100,-100,-100,-100,-100,-100,-100,-100,-100,-100,-100,-100,-100,-71.16264958473145,-100,-100,-100,-100,-100,-100,-100,-100,-100.0,-100,-100,-100,-100,-100,-100,-100,-100,-100,-100,-100,-100,-100,-100,-100,-100,-100,-100,-100,-100,-100,-100,-100
31.9628,-65.57501035128739,-100.0,-90.58146052562002,-100.0,-100.0,-100.0,-100.0,-100,-74.9404517417594,-100.0,-100,-100.0,-100.0,-100.0,-70.60939214317524,-100.0,-100.0,-100,-100.0,-100.0,-100.0,-100,-91.66450356911096,-100.0,-100.0,-100.0,-100.0,-100.0,-100,-100,-100,-100,-100,-100.0,-100,-100,-74.79244582056916,-76.52154130472907,-100.0,-100,-100.0,-100.0,-100.0,-100.0,-100.0,-75.9040102824492,-100,-100,-100,-100,-100,-100.0,-100,-100.0,-100.0,-100.0,-100,-84.45898686110824,-73.8757063469771,-73.99584869634477,-74.47324196340546,-100,-100.0,-100.0,-100.0,-100,-100,-100,-100,-100,-100,-100,-100,-100,-100,-100,-100,-100,-100,-100,-100,-100,-100,-100,-100,-100,-100,-100,-100,-100.0,-100.0,-100,-100,-100.0,-100.0,-100.0,-100,-100,-100,-100,-100.0,-100,-100,-100,-100,-100,-100,-100,-100,-100,-100,-100,-100,-100,-100,-100,-100,-100,-100,-100,-100.0,-100,-100,-100,-100,-100,-100,-100,-100,-100,-100,-100.0,-100,-100,-100,-100,-100.0,-100,-100,-100.0,-100,-100,-100,-100.0,-100,-100,-100,-100,-100,-100,-100,-100,-100,-100,-100,-100,-100,-100,-100,-100,-100,-100,-100,-100,-100,-100,-100,-100,-100,-100,-100,-100,-100,-100,-100,-100,-100,-100,-100,-100,-100,-100,-100,-100,-100,-100,-100,-100,-100,-100,-100,-100,-100,-100,-100,-100,-100,-100,-100,-100,-100,-100,-100,-100,-68.30447798368412,-100,-100,-100,-100,-100,-100,-100,-100,-100.0,-100,-100,-100,-100,-100,-100,-100,-100,-100,-100,-100,-100,-100,-100,-100,-100,-100,-100,-100,-100,-100,-100,-100
33.9168,-64.00077904101168,-100.0,-90.97037801507967,-100.0,-100.0,-91.0,-90.0,-100,-75.23961998988628,-100.0,-100,-100.0,-90.1563919532771,-100.0,-71.28443478913833,-88.453125,-100.0,-100,-100.0,-100.0,-100.0,-100,-100.0,-85.85476800237349,-100.0,-100.0,-100.0,-100.0,-100,-100,-100,-100,-100,-100.0,-100,-100,-74.85105181381118,-76.9390178334511,-100.0,-100,-100.0,-100.0,-100.0,-100.0,-100.0,-76.77823358295566,-100,-100,-100,-100,-100,-100.0,-100,-100.0,-100.0,-100.0,-100,-100.0,-74.47554910422622,-74.56176652141488,-74.621979888209,-100,-91.31743798001187,-100.0,-100.0,-100,-100,-100,-100,-100,-100,-100,-100,-100,-100,-100,-100,-100,-100,-100,-100,-100,-100,-100,-100,-100,-100,-100,-100,-100.0,-100.0,-100,-100,-100.0,-100.0,-100.0,-100,-100,-100,-100,-100.0,-100,-100,-100,-100,-100,-100,-100,-100,-100,-100,-100,-100,-100,-100,-100,-100,-100,-100,-100,-100.0,-100,-100,-100,-100,-100,-100,-100,-100,-100,-100,-100.0,-100,-100,-100,-100,-100.0,-100,-100,-100.0,-100,-100,-100,-100.0,-100,-100,-100,-100,-100,-100,-100,-100,-100,-100,-100,-100,-100,-100,-100,-100,-100,-100,-100,-100,-100,-100,-100,-100,-100,-100,-100,-100,-100,-100,-100,-100,-100,-100,-100,-100,-100,-100,-100,-100,-100,-100,-100,-100,-100,-100,-100,-100,-100,-100,-100,-100,-100,-100,-100,-100,-100,-100,-100,-100,-69.06405391941229,-100,-100,-100,-100,-100,-100,-100,-100,-100.0,-100,-100,-100,-100,-100,-100,-100,-100,-100,-100,-100,-100,-100,-100,-100,-100,-100,-100,-100,-100,-100,-100,-100
35.9579,-64.5653074743038,-100.0,-100.0,-89.0129785853342,-89.425048669695,-90.546875,-100.0,-100,-100.0,-100.0,-100,-100.0,-100.0,-100.0,-70.92174353386804,-100.0,-100.0,-100,-100.0,-100.0,-100.0,-100,-90.68748347522606,-100.0,-100.0,-100.0,-100.0,-100.0,-100,-100,-100,-100,-100,-82.01601391977134,-100,-100,-74.89311032535328,-78.0857344531434,-100.0,-100,-100.0,-100.0,-100.0,-100.0,-100.0,-77.4056031135301,-100,-100,-100,-100,-100,-100.0,-100,-100.0,-100.0,-100.0,-100,-83.48226303900243,-74.34126630294038,-74.40313814530442,-100.0,-100,-100.0,-100.0,-100.0,-100,-100,-100,-100,-100,-100,-100,-100,-100,-100,-100,-100,-100,-100,-100,-100,-100,-100,-100,-100,-100,-100,-100,-100,-100.0,-100.0,-100,-100,-100.0,-100.0,-100.0,-100,-100,-100,-100,-100.0,-100,-100,-100,-100,-100,-100,-100,-100,-100,-100,-100,-100,-100,-100,-100,-100,-100,-100,-100,-100.0,-100,-100,-100,-100,-100,-100,-100,-100,-100,-100,-100.0,-100,-100,-100,-100,-100.0,-100,-100,-100.0,-100,-100,-100,-100.0,-100,-100,-100,-100,-100,-100,-100,-100,-100,-100,-100,-100,-100,-100,-100,-100,-100,-100,-100,-100,-100,-100,-100,-100,-100,-100,-100,-100,-100,-100,-100,-100,-100,-100,-100,-100,-100,-100,-100,-100,-100,-100,-100,-100,-100,-100,-100,-100,-100,-100,-100,-100,-100,-100,-100,-100,-100,-100,-100,-100,-69.89221049927954,-100,-100,-100,-100,-100,-100,-100,-100,-100.0,-100,-100,-100,-100,-100,-100,-100,-100,-100,-100,-100,-100,-100,-100,-100,-100,-100,-100,-100,-100,-100,-100,-100
37.9554,-62.99380416945369,-100.0,-100.0,-100.0,-100.0,-100.0,-90.2265625,-100,-75.7366893298487,-100.0,-100,-92.3203125,-100.0,-100.0,-73.20284063273789,-100.0,-100.0,-100,-100.0,-100.0,-100.0,-100,-91.04733291255843,-100.0,-100.0,-100.0,-100.0,-100.0,-100,-100,-100,-100,-100,-83.70571255969979,-100,-100,-74.35854745278584,-79.1910249103819,-100.0,-100,-88.5859375,-100.0,-100.0,-100.0,-100.0,-75.87919631626986,-100,-100,-100,-100,-100,-100.0,-100,-100.0,-100.0,-100.0,-100,-85.88745226041776,-74.52727618410599,-74.57167696935393,-73.88161121227498,-100,-90.66567533027829,-100.0,-100.0,-100,-100,-100,-100,-100,-100,-100,-100,-100,-100,-100,-100,-100,-100,-100,-100,-100,-100,-100,-100,-100,-100,-100,-100,-100.0,-100.0,-100,-100,-100.0,-100.0,-100.0,-100,-100,-100,-100,-100.0,-100,-100,-100,-100,-100,-100,-100,-100,-100,-100,-100,-100,-100,-100,-100,-100,-100,-100,-100,-100.0,-100,-100,-100,-100,-100,-100,-100,-100,-100,-100,-100.0,-100,-100,-100,-100,-100.0,-100,-100,-100.0,-100,-100,-100,-100.0,-100,-100,-100,-100,-100,-100,-100,-100,-100,-100,-100,-100,-100,-100,-100,-100,-100,-100,-100,-100,-100,-100,-100,-100,-100,-100,-100,-100,-100,-100,-100,-100,-100,-100,-100,-100,-100,-100,-100,-100,-100,-100,-100,-100,-100,-100,-100,-100,-100,-100,-100,-100,-100,-100,-100,-100,-100,-100,-100,-100,-100.0,-100,-100,-100,-100,-100,-100,-100,-100,-100.0,-100,-100,-100,-100,-100,-100,-100,-100,-100,-100,-100,-100,-100,-100,-100,-100,-100,-100,-100,-100,-100,-100,-100
39.9721,-64.40743022520627,-100.0,-100.0,-100.0,-100.0,-100.0,-100.0,-100,-74.96393013947717,-100.0,-100,-100.0,-100.0,-100.0,-73.71031405045761,-100.0,-100.0,-100,-100.0,-100.0,-100.0,-100,-100.0,-86.4601969571935,-100.0,-100.0,-100.0,-91.88291938180205,-100,-100,-100,-100,-100,-84.63592974438556,-100,-100,-73.41018027849518,-78.28995829002575,-100.0,-100,-100.0,-100.0,-100.0,-100.0,-100.0,-74.78380708786645,-100,-100,-100,-100,-100,-100.0,-100,-100.0,-100.0,-100.0,-100,-87.04873263781789,-74.66076171402574,-74.41024951291658,-73.06792257161491,-100,-91.60526060010552,-100.0,-100.0,-100,-100,-100,-100,-100,-100,-100,-100,-100,-100,-100,-100,-100,-100,-100,-100,-100,-100,-100,-100,-100,-100,-100,-100,-100.0,-100.0,-100,-100,-100.0,-100.0,-100.0,-100,-100,-100,-100,-100.0,-100,-100,-100,-100,-100,-100,-100,-100,-100,-100,-100,-100,-100,-100,-100,-100,-100,-100,-100,-100.0,-100,-100,-100,-100,-100,-100,-100,-100,-100,-100,-100.0,-100,-100,-100,-100,-100.0,-100,-100,-100.0,-100,-100,-100,-100.0,-100,-100,-100,-100,-100,-100,-100,-100,-100,-100,-100,-100,-100,-100,-100,-100,-100,-100,-100,-100,-100,-100,-100,-100,-100,-100,-100,-100,-100,-100,-100,-100,-100,-100,-100,-100,-100,-100,-100,-100,-100,-100,-100,-100,-100,-100,-100,-100,-100,-100,-100,-100,-100,-100,-100,-100,-100,-100,-100,-100,-72.1803968253985,-100,-100,-100,-100,-100,-100,-100,-100,-100.0,-100,-100,-100,-100,-100,-100,-100,-100,-100,-100,-100,-100,-100,-100,-100,-100,-100,-100,-100,-100,-100,-100,-100
41.937,-62.88050445074319,-100.0,-100.0,-100.0,-100.0,-100.0,-100.0,-100,-74.97411528716559,-100.0,-100,-100.0,-100.0,-100.0,-74.07448975597845,-100.0,-100.0,-100,-100.0,-100.0,-100.0,-100,-91.31229209288516,-87.45946879180333,-100.0,-100.0,-100.0,-91.08111152424114,-100,-100,-100,-100,-100,-100.0,-100,-100,-73.85910551002935,-77.92570568222673,-100.0,-100,-100.0,-100.0,-100.0,-100.0,-100.0,-73.99772818965299,-100,-100,-100,-100,-100,-100.0,-100,-100.0,-100.0,-100.0,-100,-86.75259644328638,-74.47417879942404,-74.29440510454802,-73.613491403685,-100,-91.71660666109655,-100.0,-100.0,-100,-100,-100,-100,-100,-100,-100,-100,-100,-100,-100,-100,-100,-100,-100,-100,-100,-100,-100,-100,-100,-100,-100,-100,-100.0,-100.0,-100,-100,-100.0,-100.0,-100.0,-100,-100,-100,-100,-100.0,-100,-100,-100,-100,-100,-100,-100,-100,-100,-100,-100,-100,-100,-100,-100,-100,-100,-100,-100,-100.0,-100,-100,-100,-100,-100,-100,-100,-100,-100,-100,-100.0,-100,-100,-100,-100,-100.0,-100,-100,-100.0,-100,-100,-100,-100.0,-100,-100,-100,-100,-100,-100,-100,-100,-100,-100,-100,-100,-100,-100,-100,-100,-100,-100,-100,-100,-100,-100,-100,-100,-100,-100,-100,-100,-100,-100,-100,-100,-100,-100,-100,-100,-100,-100,-100,-100,-100,-100,-100,-100,-100,-100,-100,-100,-100,-100,-100,-100,-100,-100,-100,-100,-100,-100,-100,-100,-74.67013451369294,-100,-100,-100,-100,-100,-100,-100,-100,-92.18309884894406,-100,-100,-100,-100,-100,-100,-100,-100,-100,-100,-100,-100,-100,-100,-100,-100,-100,-100,-100,-100,-100,-100,-100
44.059,-62.349495894331085,-100.0,-90.97861658755437,-89.00951826979006,-89.31172333562476,-90.1563919532771,-90.16937053861129,-100,-100.0,-100.0,-100,-100.0,-90.11469515097033,-90.0,-73.48870448427729,-89.34847501622323,-89.453125,-100,-100.0,-93.0,-89.16612589227775,-100,-90.94461511928655,-87.61207945022855,-100.0,-100.0,-100.0,-100.0,-100,-100,-100,-100,-100,-85.30348220855633,-100,-100,-73.61651533283175,-77.94668458414574,-100.0,-100,-100.0,-100.0,-93.0,-100.0,-100.0,-74.28074528484497,-100,-100,-100,-100,-100,-93.0,-100,-100.0,-100.0,-100.0,-100,-88.51671010114767,-74.34028228050653,-74.2112722890396,-100.0,-100,-100.0,-100.0,-100.0,-100,-100,-100,-100,-100,-100,-100,-100,-100,-100,-100,-100,-100,-100,-100,-100,-100,-100,-100,-100,-100,-100,-100,-100,-100.0,-100.0,-100,-100,-100.0,-100.0,-100.0,-100,-100,-100,-100,-100.0,-100,-100,-100,-100,-100,-100,-100,-100,-100,-100,-100,-100,-100,-100,-100,-100,-100,-100,-100,-100.0,-100,-100,-100,-100,-100,-100,-100,-100,-100,-100,-100.0,-100,-100,-100,-100,-100.0,-100,-100,-100.0,-100,-100,-100,-100.0,-100,-100,-100,-100,-100,-100,-100,-100,-100,-100,-100,-100,-100,-100,-100,-100,-100,-100,-100,-100,-100,-100,-100,-100,-100,-100,-100,-100,-100,-100,-100,-100,-100,-100,-100,-100,-100,-100,-100,-100,-100,-100,-100,-100,-100,-100,-100,-100,-100,-100,-100,-100,-100,-100,-100,-100,-100,-100,-100,-100,-77.58661287683628,-100,-100,-100,-100,-100,-100,-100,-100,-100.0,-100,-100,-100,-100,-100,-100,-100,-100,-100,-100,-100,-100,-100,-100,-100,-100,-100,-100,-100,-100,-100,-100,-100
45.9768,-61.4036798401385,-100.0,-91.26478699428614,-100.0,-100.0,-90.11469515097033,-90.1242134207604,-100,-100.0,-100.0,-100,-100.0,-100.0,-100.0,-74.19783316827191,-100.0,-100.0,-100,-100.0,-100.0,-100.0,-100,-90.11646344094825,-86.02748340713597,-100.0,-100.0,-100.0,-100.0,-100,-100,-100,-100,-100,-86.0649112293978,-100,-100,-73.1600510191528,-77.67936391674111,-100.0,-100,-100.0,-100.0,-100.0,-100.0,-100.0,-74.48384529693894,-100,-100,-100,-100,-100,-100.0,-100,-100.0,-100.0,-100.0,-100,-100.0,-74.24419485302079,-74.43398978293935,-100.0,-100,-100.0,-100.0,-100.0,-100,-100,-100,-100,-100,-100,-100,-100,-100,-100,-100,-100,-100,-100,-100,-100,-100,-100,-100,-100,-100,-100,-100,-100,-100.0,-100.0,-100,-100,-100.0,-100.0,-100.0,-100,-100,-100,-100,-100.0,-100,-100,-100,-100,-100,-100,-100,-100,-100,-100,-100,-100,-100,-100,-100,-100,-100,-100,-100,-100.0,-100,-100,-100,-100,-100,-100,-100,-100,-100,-100,-100.0,-100,-100,-100,-100,-100.0,-100,-100,-100.0,-100,-100,-100,-100.0,-100,-100,-100,-100,-100,-100,-100,-100,-100,-100,-100,-100,-100,-100,-100,-100,-100,-100,-100,-100,-100,-100,-100,-100,-100,-100,-100,-100,-100,-100,-100,-100,-100,-100,-100,-100,-100,-100,-100,-100,-100,-100,-100,-100,-100,-100,-100,-100,-100,-100,-100,-100,-100,-100,-100,-100,-100,-100,-100,-100,-81.3739434640696,-100,-100,-100,-100,-100,-100,-100,-100,-92.13160362362186,-100,-100,-100,-100,-100,-100,-100,-100,-100,-100,-100,-100,-100,-100,-100,-100,-100,-100,-100,-100,-100,-100,-100
47.9521,-61.28969047547861,-100.0,-100.0,-100.0,-100.0,-90.35741701067859,-100.0,-100,-74.98142446243055,-100.0,-100,-100.0,-100.0,-100.0,-74.98909690021881,-89.78880016921369,-100.0,-100,-100.0,-100.0,-100.0,-100,-89.80185322529005,-84.89026388215093,-100.0,-100.0,-100.0,-100.0,-100,-100,-100,-100,-100,-86.61133250393651,-100,-100,-73.1148565179651,-77.20515240834278,-100.0,-100,-100.0,-100.0,-100.0,-100.0,-100.0,-74.34721915783616,-100,-100,-100,-100,-100,-100.0,-100,-100.0,-100.0,-100.0,-100,-100.0,-73.8928644998372,-74.02906595956993,-100.0,-100,-100.0,-100.0,-100.0,-100,-100,-100,-100,-100,-100,-100,-100,-100,-100,-100,-100,-100,-100,-100,-100,-100,-100,-100,-100,-100,-100,-100,-100,-100.0,-100.0,-100,-100,-100.0,-100.0,-100.0,-100,-100,-100,-100,-100.0,-100,-100,-100,-100,-100,-100,-100,-100,-100,-100,-100,-100,-100,-100,-100,-100,-100,-100,-100,-100.0,-100,-100,-100,-100,-100,-100,-100,-100,-100,-100,-100.0,-100,-100,-100,-100,-100.0,-100,-100,-100.0,-100,-100,-100,-100.0,-100,-100,-100,-100,-100,-100,-100,-100,-100,-100,-100,-100,-100,-100,-100,-100,-100,-100,-100,-100,-100,-100,-100,-100,-100,-100,-100,-100,-100,-100,-100,-100,-100,-100,-100,-100,-100,-100,-100,-100,-100,-100,-100,-100,-100,-100,-100,-100,-100,-100,-100,-100,-100,-100,-100,-100,-100,-100,-100,-100,-82.68017896761592,-100,-100,-100,-100,-100,-100,-100,-100,-92.09451880481767,-100,-100,-100,-100,-100,-100,-100,-100,-100,-100,-100,-100,-100,-100,-100,-100,-100,-100,-100,-100,-100,-100,-100
49.9474,-61.49026461177166,-100.0,-100.0,-100.0,-100.0,-100.0,-100.0,-100,-74.98666972853931,-100.0,-100,-100.0,-100.0,-100.0,-73.58029726133182,-100.0,-100.0,-100,-100.0,-100.0,-100.0,-100,-89.85774544904052,-84.63887999678094,-100.0,-100.0,-100.0,-90.49802732286348,-100,-100,-100,-100,-100,-100.0,-100,-100,-73.36479947713977,-77.14722235715908,-100.0,-100,-89.95262816353018,-88.0,-100.0,-100.0,-100.0,-73.96679722957536,-100,-100,-100,-100,-100,-100.0,-100,-100.0,-100.0,-100.0,-100,-100.0,-74.48786832339195,-74.58560980306717,-73.72263174126141,-100,-100.0,-100.0,-92.0,-100,-100,-100,-100,-100,-100,-100,-100,-100,-100,-100,-100,-100,-100,-100,-100,-100,-100,-100,-100,-100,-100,-100,-100,-100.0,-100.0,-100,-100,-100.0,-100.0,-100.0,-100,-100,-100,-100,-100.0,-100,-100,-100,-100,-100,-100,-100,-100,-100,-100,-100,-100,-100,-100,-100,-100,-100,-100,-100,-100.0,-100,-100,-100,-100,-100,-100,-100,-100,-100,-100,-100.0,-100,-100,-100,-100,-100.0,-100,-100,-100.0,-100,-100,-100,-100.0,-100,-100,-100,-100,-100,-100,-100,-100,-100,-100,-100,-100,-100,-100,-100,-100,-100,-100,-100,-100,-100,-100,-100,-100,-100,-100,-100,-100,-100,-100,-100,-100,-100,-100,-100,-100,-100,-100,-100,-100,-100,-100,-100,-100,-100,-100,-100,-100,-100,-100,-100,-100,-100,-100,-100,-100,-100,-100,-100,-100,-83.05285694070423,-100,-100,-100,-100,-100,-100,-100,-100,-91.22163284595166,-100,-100,-100,-100,-100,-100,-100,-100,-100,-100,-100,-100,-100,-100,-100,-100,-100,-100,-100,-100,-100,-100,-100
51.931,-61.069450115585475,-100.0,-100.0,-100.0,-100.0,-100.0,-100.0,-100,-73.86093266297026,-100.0,-100,-100.0,-100.0,-100.0,-74.54593817752345,-100.0,-100.0,-100,-100.0,-100.0,-100.0,-100,-100.0,-85.02322326990424,-100.0,-100.0,-100.0,-90.63920350318253,-100,-100,-100,-100,-100,-86.438707186891,-100,-100,-72.6970376442607,-77.10565034265517,-100.0,-100,-100.0,-100.0,-100.0,-100.0,-100.0,-74.2585485735045,-100,-100,-100,-100,-100,-100.0,-100,-100.0,-100.0,-100.0,-100,-88.65317937215455,-75.19723323583418,-75.26737489786552,-72.95382778313775,-100,-100.0,-100.0,-100.0,-100,-100,-100,-100,-100,-100,-100,-100,-100,-100,-100,-100,-100,-100,-100,-100,-100,-100,-100,-100,-100,-100,-100,-100,-100.0,-100.0,-100,-100,-100.0,-100.0,-100.0,-100,-100,-100,-100,-100.0,-100,-100,-100,-100,-100,-100,-100,-100,-100,-100,-100,-100,-100,-100,-100,-100,-100,-100,-100,-100.0,-100,-100,-100,-100,-100,-100,-100,-100,-100,-100,-100.0,-100,-100,-100,-100,-100.0,-100,-100,-100.0,-100,-100,-100,-100.0,-100,-100,-100,-100,-100,-100,-100,-100,-100,-100,-100,-100,-100,-100,-100,-100,-100,-100,-100,-100,-100,-100,-100,-100,-100,-100,-100,-100,-100,-100,-100,-100,-100,-100,-100,-100,-100,-100,-100,-100,-100,-100,-100,-100,-100,-100,-100,-100,-100,-100,-100,-100,-100,-100,-100,-100,-100,-100,-100,-100,-82.75555877319232,-100,-100,-100,-100,-100,-100,-100,-100,-100.0,-100,-100,-100,-100,-100,-100,-100,-100,-100,-100,-100,-100,-100,-100,-100,-100,-100,-100,-100,-100,-100,-100,-100
53.9285,-61.61459047578293,-100.0,-100.0,-100.0,-100.0,-100.0,-100.0,-100,-73.90020187079227,-100.0,-100,-100.0,-100.0,-100.0,-73.54465142967064,-100.0,-100.0,-100,-100.0,-100.0,-100.0,-100,-90.18011336994182,-100.0,-100.0,-100.0,-100.0,-90.45908121291306,-100,-100,-100,-100,-100,-100.0,-100,-100,-73.91208957332707,-77.35819294633686,-100.0,-100,-100.0,-100.0,-100.0,-100.0,-100.0,-74.46791643339343,-100,-100,-100,-100,-100,-100.0,-100,-100.0,-100.0,-100.0,-100,-89.03348871186442,-75.14153936431417,-75.19187472596793,-74.09636765670732,-100,-100.0,-100.0,-100.0,-100,-100,-100,-100,-100,-100,-100,-100,-100,-100,-100,-100,-100,-100,-100,-100,-100,-100,-100,-100,-100,-100,-100,-100,-100.0,-100.0,-100,-100,-100.0,-100.0,-100.0,-100,-100,-100,-100,-100.0,-100,-100,-100,-100,-100,-100,-100,-100,-100,-100,-100,-100,-100,-100,-100,-100,-100,-100,-100,-100.0,-100,-100,-100,-100,-100,-100,-100,-100,-100,-100,-100.0,-100,-100,-100,-100,-100.0,-100,-100,-100.0,-100,-100,-100,-100.0,-100,-100,-100,-100,-100,-100,-100,-100,-100,-100,-100,-100,-100,-100,-100,-100,-100,-100,-100,-100,-100,-100,-100,-100,-100,-100,-100,-100,-100,-100,-100,-100,-100,-100,-100,-100,-100,-100,-100,-100,-100,-100,-100,-100,-100,-100,-100,-100,-100,-100,-100,-100,-100,-100,-100,-100,-100,-100,-100,-100,-81.69508584205639,-100,-100,-100,-100,-100,-100,-100,-100,-90.03020051397722,-100,-100,-100,-100,-100,-100,-100,-100,-100,-100,-100,-100,-100,-100,-100,-100,-100,-100,-100,-100,-100,-100,-100
55.9255,-62.28817214607335,-100.0,-100.0,-100.0,-100.0,-100.0,-100.0,-100,-75.34026038355651,-100.0,-100,-100.0,-100.0,-100.0,-72.26135232743786,-100.0,-100.0,-100,-100.0,-100.0,-100.0,-100,-90.41156399221732,-85.29903982466675,-100.0,-100.0,-100.0,-90.61166080409212,-100,-100,-100,-100,-100,-84.62057343713037,-100,-100,-73.93691334060817,-76.69229657611841,-100.0,-100,-100.0,-100.0,-100.0,-100.0,-100.0,-74.33578820569846,-100,-100,-100,-100,-100,-100.0,-100,-100.0,-100.0,-100.0,-100,-100.0,-74.5368206997147,-74.57294257867997,-73.78678019125091,-100,-100.0,-100.0,-100.0,-100,-100,-100,-100,-100,-100,-100,-100,-100,-100,-100,-100,-100,-100,-100,-100,-100,-100,-100,-100,-100,-100,-100,-100,-100.0,-100.0,-100,-100,-100.0,-100.0,-100.0,-100,-100,-100,-100,-100.0,-100,-100,-100,-100,-100,-100,-100,-100,-100,-100,-100,-100,-100,-100,-100,-100,-100,-100,-100,-100.0,-100,-100,-100,-100,-100,-100,-100,-100,-100,-100,-100.0,-100,-100,-100,-100,-100.0,-100,-100,-100.0,-100,-100,-100,-100.0,-100,-100,-100,-100,-100,-100,-100,-100,-100,-100,-100,-100,-100,-100,-100,-100,-100,-100,-100,-100,-100,-100,-100,-100,-100,-100,-100,-100,-100,-100,-100,-100,-100,-100,-100,-100,-100,-100,-100,-100,-100,-100,-100,-100,-100,-100,-100,-100,-100,-100,-100,-100,-100,-100,-100,-100,-100,-100,-100,-100,-84.04018539063748,-100,-100,-100,-100,-100,-100,-100,-100,-100.0,-100,-100,-100,-100,-100,-100,-100,-100,-100,-100,-100,-100,-100,-100,-100,-100,-100,-100,-100,-100,-100,-100,-100
57.9223,-63.336302116497755,-84.359375,-91.1903175696459,-100.0,-100.0,-90.25801091233362,-90.09015813175941,-100,-76.37368170801767,-100.0,-100,-100.0,-100.0,-100.0,-100.0,-100.0,-100.0,-100,-100.0,-100.0,-100.0,-100,-100.0,-85.21459847530458,-100.0,-100.0,-100.0,-90.43903744133435,-100,-100,-100,-100,-100,-84.16296297209588,-100,-100,-73.3899760950624,-76.214433154085,-100.0,-100,-100.0,-100.0,-100.0,-100.0,-100.0,-74.52334547282236,-100,-100,-100,-100,-100,-93.0,-100,-95.0,-100.0,-100.0,-100,-89.87115931952955,-73.82048419123379,-73.84640612951715,-73.56461262947983,-100,-91.51436540125856,-100.0,-100.0,-100,-100,-100,-100,-100,-100,-100,-100,-100,-100,-100,-100,-100,-100,-100,-100,-100,-100,-100,-100,-100,-100,-100,-100,-100.0,-100.0,-100,-100,-100.0,-100.0,-100.0,-100,-100,-100,-100,-100.0,-100,-100,-100,-100,-100,-100,-100,-100,-100,-100,-100,-100,-100,-100,-100,-100,-100,-100,-100,-100.0,-100,-100,-100,-100,-100,-100,-100,-100,-100,-100,-100.0,-100,-100,-100,-100,-100.0,-100,-100,-100.0,-100,-100,-100,-100.0,-100,-100,-100,-100,-100,-100,-100,-100,-100,-100,-100,-100,-100,-100,-100,-100,-100,-100,-100,-100,-100,-100,-100,-100,-100,-100,-100,-100,-100,-100,-100,-100,-100,-100,-100,-100,-100,-100,-100,-100,-100,-100,-100,-100,-100,-100,-100,-100,-100,-100,-100,-100,-100,-100,-100,-100,-100,-100,-100,-100,-100.0,-100,-100,-100,-100,-100,-100,-100,-100,-100.0,-100,-100,-100,-100,-100,-100,-100,-100,-100,-100,-100,-100,-100,-100,-100,-100,-100,-100,-100,-100,-100,-100,-100
59.9299,-64.37084135485506,-86.2881245944192,-91.41847941954221,-89.55524376513937,-89.50042646105557,-90.74608005430856,-90.8994537676147,-100,-76.26816308596474,-100.0,-100,-100.0,-90.08324946265907,-100.0,-73.03467986767086,-100.0,-100.0,-100,-100.0,-100.0,-100.0,-100,-88.88369227743183,-85.15400116619328,-100.0,-100.0,-100.0,-90.59739486358822,-100,-100,-100,-100,-100,-83.83457052558008,-100,-100,-73.27985632450783,-75.58913105181932,-100.0,-100,-90.2318756279414,-100.0,-100.0,-91.0,-92.0,-74.37556543089002,-100,-100,-100,-100,-100,-100.0,-100,-100.0,-100.0,-100.0,-100,-100.0,-74.15355078821665,-74.1721530011457,-74.25230676592984,-100,-100.0,-100.0,-100.0,-100,-100,-100,-100,-100,-100,-100,-100,-100,-100,-100,-100,-100,-100,-100,-100,-100,-100,-100,-100,-100,-100,-100,-100,-100.0,-100.0,-100,-100,-100.0,-100.0,-100.0,-100,-100,-100,-100,-100.0,-100,-100,-100,-100,-100,-100,-100,-100,-100,-100,-100,-100,-100,-100,-100,-100,-100,-100,-100,-100.0,-100,-100,-100,-100,-100,-100,-100,-100,-100,-100,-100.0,-100,-100,-100,-100,-100.0,-100,-100,-100.0,-100,-100,-100,-100.0,-100,-100,-100,-100,-100,-100,-100,-100,-100,-100,-100,-100,-100,-100,-100,-100,-100,-100,-100,-100,-100,-100,-100,-100,-100,-100,-100,-100,-100,-100,-100,-100,-100,-100,-100,-100,-100,-100,-100,-100,-100,-100,-100,-100,-100,-100,-100,-100,-100,-100,-100,-100,-100,-100,-100,-100,-100,-100,-100,-100,-100.0,-100,-100,-100,-100,-100,-100,-100,-100,-100.0,-100,-100,-100,-100,-100,-100,-100,-100,-100,-100,-100,-100,-100,-100,-100,-100,-100,-100,-100,-100,-100,-100,-100
61.9341,-66.80750603197168,-100.0,-91.86458661597935,-100.0,-100.0,-100.0,-100.0,-100,-77.03956739719835,-100.0,-100,-100.0,-100.0,-100.0,-73.8720142027424,-100.0,-100.0,-100,-100.0,-100.0,-100.0,-100,-86.94005059498181,-100.0,-100.0,-100.0,-100.0,-90.99339881328157,-100,-100,-100,-100,-100,-83.31653242256456,-100,-100,-73.76558309058403,-75.70515045696946,-100.0,-100,-90.44247040360274,-100.0,-100.0,-91.6796875,-100.0,-74.55189057686204,-100,-100,-100,-100,-100,-100.0,-100,-100.0,-100.0,-94.0,-100,-90.18991647634844,-73.82781608168312,-73.84116548179178,-74.7458128345202,-100,-90.8045703937366,-100.0,-100.0,-100,-100,-100,-100,-100,-100,-100,-100,-100,-100,-100,-100,-100,-100,-100,-100,-100,-100,-100,-100,-100,-100,-100,-100,-100.0,-100.0,-100,-100,-100.0,-100.0,-100.0,-100,-100,-100,-100,-100.0,-100,-100,-100,-100,-100,-100,-100,-100,-100,-100,-100,-100,-100,-100,-100,-100,-100,-100,-100,-100.0,-100,-100,-100,-100,-100,-100,-100,-100,-100,-100,-100.0,-100,-100,-100,-100,-100.0,-100,-100,-100.0,-100,-100,-100,-100.0,-100,-100,-100,-100,-100,-100,-100,-100,-100,-100,-100,-100,-100,-100,-100,-100,-100,-100,-100,-100,-100,-100,-100,-100,-100,-100,-100,-100,-100,-100,-100,-100,-100,-100,-100,-100,-100,-100,-100,-100,-100,-100,-100,-100,-100,-100,-100,-100,-100,-100,-100,-100,-100,-100,-100,-100,-100,-100,-100,-100,-100.0,-100,-100,-100,-100,-100,-100,-100,-100,-100.0,-100,-100,-100,-100,-100,-100,-100,-100,-100,-100,-100,-100,-100,-100,-100,-100,-100,-100,-100,-100,-100,-100,-100
63.9304,-66.29711025818706,-100.0,-91.90280308098032,-100.0,-100.0,-100.0,-100.0,-100,-76.18126745987692,-100.0,-100,-100.0,-100.0,-100.0,-74.75528136888593,-100.0,-100.0,-100,-100.0,-100.0,-100.0,-100,-88.36880216938373,-83.98101303992148,-100.0,-100.0,-100.0,-100.0,-100,-100,-100,-100,-100,-82.38002429544245,-100,-100,-74.96127951088135,-75.22365740991458,-100.0,-100,-100.0,-100.0,-100.0,-100.0,-100.0,-73.54892300313932,-100,-100,-100,-100,-100,-100.0,-100,-100.0,-100.0,-100.0,-100,-87.03015610415389,-73.87643663545619,-74.16839218540838,-75.0999647992086,-100,-90.01274315435118,-100.0,-100.0,-100,-100,-100,-100,-100,-100,-100,-100,-100,-100,-100,-100,-100,-100,-100,-100,-100,-100,-100,-100,-100,-100,-100,-100,-100.0,-100.0,-100,-100,-100.0,-100.0,-100.0,-100,-100,-100,-100,-100.0,-100,-100,-100,-100,-100,-100,-100,-100,-100,-100,-100,-100,-100,-100,-100,-100,-100,-100,-100,-100.0,-100,-100,-100,-100,-100,-100,-100,-100,-100,-100,-100.0,-100,-100,-100,-100,-100.0,-100,-100,-100.0,-100,-100,-100,-100.0,-100,-100,-100,-100,-100,-100,-100,-100,-100,-100,-100,-100,-100,-100,-100,-100,-100,-100,-100,-100,-100,-100,-100,-100,-100,-100,-100,-100,-100,-100,-100,-100,-100,-100,-100,-100,-100,-100,-100,-100,-100,-100,-100,-100,-100,-100,-100,-100,-100,-100,-100,-100,-100,-100,-100,-100,-100,-100,-100,-100,-86.57021574007454,-100,-100,-100,-100,-100,-100,-100,-100,-100.0,-100,-100,-100,-100,-100,-100,-100,-100,-100,-100,-100,-100,-100,-100,-100,-100,-100,-100,-100,-100,-100,-100,-100
65.9485,-63.67183227771358,-100.0,-100.0,-100.0,-100.0,-100.0,-100.0,-100,-100.0,-100.0,-100,-100.0,-100.0,-100.0,-74.82438396266855,-100.0,-100.0,-100,-100.0,-100.0,-100.0,-100,-100.0,-84.55112567680594,-100.0,-100.0,-100.0,-91.2776172160309,-100,-100,-100,-100,-100,-83.40221744125024,-100,-100,-74.40746184421857,-73.18387212071323,-91.0,-100,-100.0,-100.0,-100.0,-100.0,-100.0,-71.9820420077616,-100,-100,-100,-100,-100,-100.0,-100,-100.0,-100.0,-100.0,-100,-86.45688936869672,-73.62895223046947,-73.83846662878622,-74.22461009282011,-100,-89.7267905392312,-100.0,-100.0,-100,-100,-100,-100,-100,-100,-100,-100,-100,-100,-100,-100,-100,-100,-100,-100,-100,-100,-100,-100,-100,-100,-100,-100,-100.0,-100.0,-100,-100,-100.0,-100.0,-100.0,-100,-100,-100,-100,-100.0,-100,-100,-100,-100,-100,-100,-100,-100,-100,-100,-100,-100,-100,-100,-100,-100,-100,-100,-100,-100.0,-100,-100,-100,-100,-100,-100,-100,-100,-100,-100,-100.0,-100,-100,-100,-100,-100.0,-100,-100,-100.0,-100,-100,-100,-100.0,-100,-100,-100,-100,-100,-100,-100,-100,-100,-100,-100,-100,-100,-100,-100,-100,-100,-100,-100,-100,-100,-100,-100,-100,-100,-100,-100,-100,-100,-100,-100,-100,-100,-100,-100,-100,-100,-100,-100,-100,-100,-100,-100,-100,-100,-100,-100,-100,-100,-100,-100,-100,-100,-100,-100,-100,-100,-100,-100,-100,-86.97395177502607,-100,-100,-100,-100,-100,-100,-100,-100,-100.0,-100,-100,-100,-100,-100,-100,-100,-100,-100,-100,-100,-100,-100,-100,-100,-100,-100,-100,-100,-100,-100,-100,-100
67.901,-62.63499608236393,-100.0,-100.0,-100.0,-100.0,-100.0,-100.0,-100,-72.74157362738487,-100.0,-100,-92.23945489941596,-100.0,-100.0,-72.61496809499343,-100.0,-100.0,-100,-100.0,-100.0,-100.0,-100,-100.0,-84.96025249427828,-100.0,-100.0,-100.0,-90.63449829866352,-100,-100,-100,-100,-100,-100.0,-100,-100,-72.88052604241649,-72.28482401436135,-100.0,-100,-100.0,-100.0,-100.0,-100.0,-100.0,-71.70473721222909,-100,-100,-100,-100,-100,-100.0,-100,-100.0,-100.0,-100.0,-100,-83.50411797430871,-70.90997014176136,-71.06032276601229,-72.46693149689662,-100,-87.5450169157535,-100.0,-100.0,-100,-100,-100,-100,-100,-100,-100,-100,-100,-100,-100,-100,-100,-100,-100,-100,-100,-100,-100,-100,-100,-100,-100,-100,-100.0,-100.0,-100,-100,-100.0,-100.0,-100.0,-100,-100,-100,-100,-100.0,-100,-100,-100,-100,-100,-100,-100,-100,-100,-100,-100,-100,-100,-100,-100,-100,-100,-100,-100,-100.0,-100,-100,-100,-100,-100,-100,-100,-100,-100,-100,-100.0,-100,-100,-100,-100,-100.0,-100,-100,-100.0,-100,-100,-100,-100.0,-100,-100,-100,-100,-100,-100,-100,-100,-100,-100,-100,-100,-100,-100,-100,-100,-100,-100,-100,-100,-100,-100,-100,-100,-100,-100,-100,-100,-100,-100,-100,-100,-100,-100,-100,-100,-100,-100,-100,-100,-100,-100,-100,-100,-100,-100,-100,-100,-100,-100,-100,-100,-100,-100,-100,-100,-100,-100,-100,-100,-84.15755124394121,-100,-100,-100,-100,-100,-100,-100,-100,-100.0,-100,-100,-100,-100,-100,-100,-100,-100,-100,-100,-100,-100,-100,-100,-100,-100,-100,-100,-100,-100,-100,-100,-100
69.9096,-62.173312925471066,-100.0,-100.0,-100.0,-100.0,-100.0,-100.0,-100,-100.0,-100.0,-100,-92.44222939030193,-100.0,-100.0,-70.46468617845709,-100.0,-100.0,-100,-100.0,-100.0,-100.0,-100,-89.9588839623542,-100.0,-100.0,-100.0,-100.0,-100.0,-100,-100,-100,-100,-100,-100.0,-100,-100,-70.37288131983755,-72.76914802725535,-100.0,-100,-100.0,-100.0,-100.0,-100.0,-100.0,-70.65860946302531,-100,-100,-100,-100,-100,-100.0,-100,-100.0,-100.0,-100.0,-100,-83.07939161576833,-70.08826529732535,-70.19616199464161,-70.92320291527804,-100,-100.0,-100.0,-92.0,-100,-100,-100,-100,-100,-100,-100,-100,-100,-100,-100,-100,-100,-100,-100,-100,-100,-100,-100,-100,-100,-100,-100,-100,-100.0,-100.0,-100,-100,-100.0,-100.0,-100.0,-100,-100,-100,-100,-100.0,-100,-100,-100,-100,-100,-100,-100,-100,-100,-100,-100,-100,-100,-100,-100,-100,-100,-100,-100,-100.0,-100,-100,-100,-100,-100,-100,-100,-100,-100,-100,-100.0,-100,-100,-100,-100,-100.0,-100,-100,-100.0,-100,-100,-100,-100.0,-100,-100,-100,-100,-100,-100,-100,-100,-100,-100,-100,-100,-100,-100,-100,-100,-100,-100,-100,-100,-100,-100,-100,-100,-100,-100,-100,-100,-100,-100,-100,-100,-100,-100,-100,-100,-100,-100,-100,-100,-100,-100,-100,-100,-100,-100,-100,-100,-100,-100,-100,-100,-100,-100,-100,-100,-100,-100,-100,-100,-82.41880875708226,-100,-100,-100,-100,-100,-100,-100,-100,-89.4570832620582,-100,-100,-100,-100,-100,-100,-100,-100,-100,-100,-100,-100,-100,-100,-100,-100,-100,-100,-100,-100,-100,-100,-100
71.928,-59.58299230243279,-100.0,-100.0,-100.0,-100.0,-91.66122147518661,-100.0,-100,-68.01416015278446,-100.0,-100,-92.04681689468117,-100.0,-100.0,-68.6392159186896,-100.0,-100.0,-100,-100.0,-100.0,-100.0,-100,-100.0,-85.81860322783197,-100.0,-100.0,-100.0,-91.86718537187136,-100,-100,-100,-100,-100,-100.0,-100,-100,-70.267588697589,-72.55195931764132,-100.0,-100,-100.0,-100.0,-100.0,-100.0,-100.0,-70.47263415743363,-100,-100,-100,-100,-100,-92.20014806197452,-100,-100.0,-100.0,-100.0,-100,-82.77459765743059,-69.78096562643202,-69.85839491873477,-69.53301006744927,-100,-87.6734905265431,-100.0,-100.0,-100,-100,-100,-100,-100,-100,-100,-100,-100,-100,-100,-100,-100,-100,-100,-100,-100,-100,-100,-100,-100,-100,-100,-100,-100.0,-100.0,-100,-100,-100.0,-100.0,-100.0,-100,-100,-100,-100,-100.0,-100,-100,-100,-100,-100,-100,-100,-100,-100,-100,-100,-100,-100,-100,-100,-100,-100,-100,-100,-100.0,-100,-100,-100,-100,-100,-100,-100,-100,-100,-100,-100.0,-100,-100,-100,-100,-100.0,-100,-100,-100.0,-100,-100,-100,-100.0,-100,-100,-100,-100,-100,-100,-100,-100,-100,-100,-100,-100,-100,-100,-100,-100,-100,-100,-100,-100,-100,-100,-100,-100,-100,-100,-100,-100,-100,-100,-100,-100,-100,-100,-100,-100,-100,-100,-100,-100,-100,-100,-100,-100,-100,-100,-100,-100,-100,-100,-100,-100,-100,-100,-100,-100,-100,-100,-100,-100,-82.86529869109567,-100,-100,-100,-100,-100,-100,-100,-100,-100.0,-100,-100,-100,-100,-100,-100,-100,-100,-100,-100,-100,-100,-100,-100,-100,-100,-100,-100,-100,-100,-100,-100,-100
73.9326,-58.57124235683105,-100.0,-100.0,-100.0,-100.0,-100.0,-100.0,-100,-64.62165332833924,-100.0,-100,-91.75567243296604,-100.0,-100.0,-68.1763411825619,-100.0,-100.0,-100,-100.0,-100.0,-100.0,-100,-100.0,-85.02269821958063,-100.0,-100.0,-100.0,-100.0,-100,-100,-100,-100,-100,-100.0,-100,-100,-69.62727676061861,-72.11372372496824,-90.546875,-100,-100.0,-100.0,-100.0,-100.0,-100.0,-69.20967097372613,-100,-100,-100,-100,-100,-100.0,-100,-100.0,-100.0,-100.0,-100,-81.70874301731882,-68.71331282565227,-68.76887796764075,-70.22962806633504,-100,-88.61280633711112,-100.0,-100.0,-100,-100,-100,-100,-100,-100,-100,-100,-100,-100,-100,-100,-100,-100,-100,-100,-100,-100,-100,-100,-100,-100,-100,-100,-100.0,-100.0,-100,-100,-100.0,-100.0,-100.0,-100,-100,-100,-100,-100.0,-100,-100,-100,-100,-100,-100,-100,-100,-100,-100,-100,-100,-100,-100,-100,-100,-100,-100,-100,-100.0,-100,-100,-100,-100,-100,-100,-100,-100,-100,-100,-100.0,-100,-100,-100,-100,-100.0,-100,-100,-100.0,-100,-100,-100,-100.0,-100,-100,-100,-100,-100,-100,-100,-100,-100,-100,-100,-100,-100,-100,-100,-100,-100,-100,-100,-100,-100,-100,-100,-100,-100,-100,-100,-100,-100,-100,-100,-100,-100,-100,-100,-100,-100,-100,-100,-100,-100,-100,-100,-100,-100,-100,-100,-100,-100,-100,-100,-100,-100,-100,-100,-100,-100,-100,-100,-100,-83.1857107468645,-100,-100,-100,-100,-100,-100,-100,-100,-89.32803284550488,-100,-100,-100,-100,-100,-100,-100,-100,-100,-100,-100,-100,-100,-100,-100,-100,-100,-100,-100,-100,-100,-100,-100
75.9037,-59.257064487040076,-100.0,-100.0,-100.0,-100.0,-100.0,-100.0,-100,-64.44611353732142,-100.0,-100,-100.0,-100.0,-100.0,-68.69129811062629,-100.0,-100.0,-100,-100.0,-100.0,-100.0,-100,-89.40574840341792,-85.58104017171625,-100.0,-100.0,-100.0,-100.0,-100,-100,-100,-100,-100,-100.0,-100,-100,-69.45014904868027,-72.36398660508951,-100.0,-100,-100.0,-100.0,-100.0,-100.0,-100.0,-69.15046498656298,-100,-100,-100,-100,-100,-100.0,-100,-100.0,-100.0,-100.0,-100,-82.63811399848628,-69.35901770832908,-69.39889260466828,-69.60003528930423,-100,-88.43976563350832,-100.0,-100.0,-100,-100,-100,-100,-100,-100,-100,-100,-100,-100,-100,-100,-100,-100,-100,-100,-100,-100,-100,-100,-100,-100,-100,-100,-100.0,-100.0,-100,-100,-100.0,-100.0,-100.0,-100,-100,-100,-100,-100.0,-100,-100,-100,-100,-100,-100,-100,-100,-100,-100,-100,-100,-100,-100,-100,-100,-100,-100,-100,-100.0,-100,-100,-100,-100,-100,-100,-100,-100,-100,-100,-100.0,-100,-100,-100,-100,-100.0,-100,-100,-100.0,-100,-100,-100,-100.0,-100,-100,-100,-100,-100,-100,-100,-100,-100,-100,-100,-100,-100,-100,-100,-100,-100,-100,-100,-100,-100,-100,-100,-100,-100,-100,-100,-100,-100,-100,-100,-100,-100,-100,-100,-100,-100,-100,-100,-100,-100,-100,-100,-100,-100,-100,-100,-100,-100,-100,-100,-100,-100,-100,-100,-100,-100,-100,-100,-100,-81.15664072547644,-100,-100,-100,-100,-100,-100,-100,-100,-100.0,-100,-100,-100,-100,-100,-100,-100,-100,-100,-100,-100,-100,-100,-100,-100,-100,-100,-100,-100,-100,-100,-100,-100
77.9441,-59.749227115815486,-100.0,-100.0,-100.0,-100.0,-100.0,-100.0,-100,-62.34351204576126,-100.0,-100,-90.42323184518884,-100.0,-100.0,-68.49609232540821,-100.0,-100.0,-100,-100.0,-100.0,-100.0,-100,-100.0,-83.72271439694802,-100.0,-100.0,-100.0,-100.0,-100,-100,-100,-100,-100,-83.5710167062424,-100,-100,-69.0406622015775,-72.54358133022305,-100.0,-100,-100.0,-100.0,-100.0,-100.0,-100.0,-67.41372315448146,-100,-100,-100,-100,-100,-100.0,-100,-100.0,-100.0,-100.0,-100,-81.32842332977238,-67.56338565625981,-67.59200085098726,-70.27772699499899,-100,-86.33896233838918,-100.0,-92.26661731267517,-100,-100,-100,-100,-100,-100,-100,-100,-100,-100,-100,-100,-100,-100,-100,-100,-100,-100,-100,-100,-100,-100,-100,-100,-100.0,-100.0,-100,-100,-100.0,-100.0,-100.0,-100,-100,-100,-100,-100.0,-100,-100,-100,-100,-100,-100,-100,-100,-100,-100,-100,-100,-100,-100,-100,-100,-100,-100,-100,-100.0,-100,-100,-100,-100,-100,-100,-100,-100,-100,-100,-100.0,-100,-100,-100,-100,-100.0,-100,-100,-100.0,-100,-100,-100,-100.0,-100,-100,-100,-100,-100,-100,-100,-100,-100,-100,-100,-100,-100,-100,-100,-100,-100,-100,-100,-100,-100,-100,-100,-100,-100,-100,-100,-100,-100,-100,-100,-100,-100,-100,-100,-100,-100,-100,-100,-100,-100,-100,-100,-100,-100,-100,-100,-100,-100,-100,-100,-100,-100,-100,-100,-100,-100,-100,-100,-100,-100.0,-100,-100,-100,-100,-100,-100,-100,-100,-100.0,-100,-100,-100,-100,-100,-100,-100,-100,-100,-100,-100,-100,-100,-100,-100,-100,-100,-100,-100,-100,-100,-100,-100
79.9228,-58.69053649904887,-100.0,-100.0,-100.0,-100.0,-100.0,-100.0,-100,-61.68176120077783,-100.0,-100,-100.0,-100.0,-100.0,-67.79125651742541,-100.0,-100.0,-100,-100.0,-100.0,-100.0,-100,-100.0,-83.51863741742017,-100.0,-100.0,-100.0,-100.0,-100,-100,-100,-100,-100,-100.0,-100,-100,-70.72343436085177,-71.54296008531868,-100.0,-100,-100.0,-100.0,-100.0,-100.0,-100.0,-67.0145220946039,-100,-100,-100,-100,-100,-92.14527395858211,-100,-100.0,-100.0,-100.0,-100,-80.67093317123282,-66.55717215100448,-66.57770711020096,-71.32880642582778,-100,-86.24324774597511,-100.0,-100.0,-100,-100,-100,-100,-100,-100,-100,-100,-100,-100,-100,-100,-100,-100,-100,-100,-100,-100,-100,-100,-100,-100,-100,-100,-100.0,-100.0,-100,-100,-100.0,-100.0,-100.0,-100,-100,-100,-100,-100.0,-100,-100,-100,-100,-100,-100,-100,-100,-100,-100,-100,-100,-100,-100,-100,-100,-100,-100,-100,-100.0,-100,-100,-100,-100,-100,-100,-100,-100,-100,-100,-100.0,-100,-100,-100,-100,-100.0,-100,-100,-100.0,-100,-100,-100,-100.0,-100,-100,-100,-100,-100,-100,-100,-100,-100,-100,-100,-100,-100,-100,-100,-100,-100,-100,-100,-100,-100,-100,-100,-100,-100,-100,-100,-100,-100,-100,-100,-100,-100,-100,-100,-100,-100,-100,-100,-100,-100,-100,-100,-100,-100,-100,-100,-100,-100,-100,-100,-100,-100,-100,-100,-100,-100,-100,-100,-100,-78.85340365349786,-100,-100,-100,-100,-100,-100,-100,-100,-100.0,-100,-100,-100,-100,-100,-100,-100,-100,-100,-100,-100,-100,-100,-100,-100,-100,-100,-100,-100,-100,-100,-100,-100
81.9353,-57.08366729379197,-100.0,-92.49483314238886,-100.0,-100.0,-100.0,-100.0,-100,-61.7716241032205,-100.0,-100,-100.0,-100.0,-100.0,-67.85020060362939,-100.0,-100.0,-100,-100.0,-100.0,-100.0,-100,-89.57354972687422,-85.0664409868899,-100.0,-100.0,-100.0,-100.0,-100,-100,-100,-100,-100,-100.0,-100,-100,-69.9544026873518,-71.67201704938479,-89.65152498377677,-100,-100.0,-100.0,-100.0,-100.0,-100.0,-67.29279710415823,-100,-100,-100,-100,-100,-91.82674626583857,-100,-100.0,-100.0,-100.0,-100,-100.0,-65.83508888474717,-65.8498252705456,-100.0,-100,-86.45693603661034,-100.0,-100.0,-100,-100,-100,-100,-100,-100,-100,-100,-100,-100,-100,-100,-100,-100,-100,-100,-100,-100,-100,-100,-100,-100,-100,-100,-100.0,-100.0,-100,-100,-100.0,-100.0,-100.0,-100,-100,-100,-100,-100.0,-100,-100,-100,-100,-100,-100,-100,-100,-100,-100,-100,-100,-100,-100,-100,-100,-100,-100,-100,-100.0,-100,-100,-100,-100,-100,-100,-100,-100,-100,-100,-100.0,-100,-100,-100,-100,-100.0,-100,-100,-100.0,-100,-100,-100,-100.0,-100,-100,-100,-100,-100,-100,-100,-100,-100,-100,-100,-100,-100,-100,-100,-100,-100,-100,-100,-100,-100,-100,-100,-100,-100,-100,-100,-100,-100,-100,-100,-100,-100,-100,-100,-100,-100,-100,-100,-100,-100,-100,-100,-100,-100,-100,-100,-100,-100,-100,-100,-100,-100,-100,-100,-100,-100,-100,-100,-100,-78.04767181608236,-100,-100,-100,-100,-100,-100,-100,-100,-100.0,-100,-100,-100,-100,-100,-100,-100,-100,-100,-100,-100,-100,-100,-100,-100,-100,-100,-100,-100,-100,-100,-100,-100
83.9433,-55.08341181057187,-100.0,-100.0,-100.0,-100.0,-100.0,-100.0,-100,-61.271360513861595,-100.0,-100,-90.02295819531936,-100.0,-100.0,-69.0220030969683,-100.0,-100.0,-100,-100.0,-100.0,-100.0,-100,-100.0,-84.7653039713903,-100.0,-100.0,-100.0,-100.0,-100,-100,-100,-100,-100,-84.82165394249934,-100,-100,-68.27302408349037,-73.17650994402021,-100.0,-100,-100.0,-100.0,-100.0,-100.0,-100.0,-65.23348844515495,-100,-100,-100,-100,-100,-91.87528836175342,-100,-100.0,-100.0,-100.0,-100,-79.06959946941883,-66.44640716797085,-66.45698235657103,-70.10645669801393,-100,-84.35127931322796,-100.0,-90.00017911364334,-100,-100,-100,-100,-100,-100,-100,-100,-100,-100,-100,-100,-100,-100,-100,-100,-100,-100,-100,-100,-100,-100,-100,-100,-100.0,-100.0,-100,-100,-100.0,-100.0,-100.0,-100,-100,-100,-100,-100.0,-100,-100,-100,-100,-100,-100,-100,-100,-100,-100,-100,-100,-100,-100,-100,-100,-100,-100,-100,-100.0,-100,-100,-100,-100,-100,-100,-100,-100,-100,-100,-100.0,-100,-100,-100,-100,-100.0,-100,-100,-100.0,-100,-100,-100,-100.0,-100,-100,-100,-100,-100,-100,-100,-100,-100,-100,-100,-100,-100,-100,-100,-100,-100,-100,-100,-100,-100,-100,-100,-100,-100,-100,-100,-100,-100,-100,-100,-100,-100,-100,-100,-100,-100,-100,-100,-100,-100,-100,-100,-100,-100,-100,-100,-100,-100,-100,-100,-100,-100,-100,-100,-100,-100,-100,-100,-100,-100.0,-100,-100,-100,-100,-100,-100,-100,-100,-89.51776581410314,-100,-100,-100,-100,-100,-100,-100,-100,-100,-100,-100,-100,-100,-100,-100,-100,-100,-100,-100,-100,-100,-100,-100
85.9002,-53.93035555798603,-100.0,-92.07279003620653,-100.0,-100.0,-100.0,-100.0,-100,-59.78285641931889,-100.0,-100,-100.0,-100.0,-100.0,-68.45103856488993,-100.0,-100.0,-100,-100.0,-100.0,-100.0,-100,-100.0,-84.83157642578475,-100.0,-100.0,-100.0,-100.0,-100,-100,-100,-100,-100,-100.0,-100,-100,-69.32543150236457,-71.71478934506614,-100.0,-100,-100.0,-100.0,-100.0,-100.0,-100.0,-65.44993267904415,-100,-100,-100,-100,-100,-100.0,-100,-100.0,-100.0,-100.0,-100,-80.1794490552643,-65.19084984864838,-65.19843886100591,-70.92352300215987,-100,-83.96971094936987,-100.0,-90.00012929791573,-100,-100,-100,-100,-100,-100,-100,-100,-100,-100,-100,-100,-100,-100,-100,-100,-100,-100,-100,-100,-100,-100,-100,-100,-100.0,-100.0,-100,-100,-100.0,-100.0,-100.0,-100,-100,-100,-100,-100.0,-100,-100,-100,-100,-100,-100,-100,-100,-100,-100,-100,-100,-100,-100,-100,-100,-100,-100,-100,-100.0,-100,-100,-100,-100,-100,-100,-100,-100,-100,-100,-100.0,-100,-100,-100,-100,-100.0,-100,-100,-100.0,-100,-100,-100,-100.0,-100,-100,-100,-100,-100,-100,-100,-100,-100,-100,-100,-100,-100,-100,-100,-100,-100,-100,-100,-100,-100,-100,-100,-100,-100,-100,-100,-100,-100,-100,-100,-100,-100,-100,-100,-100,-100,-100,-100,-100,-100,-100,-100,-100,-100,-100,-100,-100,-100,-100,-100,-100,-100,-100,-100,-100,-100,-100,-100,-100,-77.46945906363511,-100,-100,-100,-100,-100,-100,-100,-100,-89.65393177094991,-100,-100,-100,-100,-100,-100,-100,-100,-100,-100,-100,-100,-100,-100,-100,-100,-100,-100,-100,-100,-100,-100,-100
87.9426,-50.56151310224958,-100.0,-92.05223743990557,-100.0,-100.0,-100.0,-100.0,-100,-58.14991831236319,-100.0,-100,-100.0,-100.0,-100.0,-69.45317902065909,-100.0,-100.0,-100,-100.0,-100.0,-100.0,-100,-90.54109338065865,-100.0,-100.0,-100.0,-100.0,-100.0,-100,-100,-100,-100,-100,-100.0,-100,-100,-69.51591325147005,-69.81869602940269,-89.21119983078631,-100,-100.0,-100.0,-100.0,-100.0,-100.0,-66.17000971397138,-100,-100,-100,-100,-100,-100.0,-100,-100.0,-100.0,-100.0,-100,-100.0,-65.98408557816333,-65.98953163787348,-100.0,-100,-100.0,-100.0,-100.0,-100,-100,-100,-100,-100,-100,-100,-100,-100,-100,-100,-100,-100,-100,-100,-100,-100,-100,-100,-100,-100,-100,-100,-100,-100.0,-100.0,-100,-100,-100.0,-100.0,-100.0,-100,-100,-100,-100,-100.0,-100,-100,-100,-100,-100,-100,-100,-100,-100,-100,-100,-100,-100,-100,-100,-100,-100,-100,-100,-100.0,-100,-100,-100,-100,-100,-100,-100,-100,-100,-100,-100.0,-100,-100,-100,-100,-100.0,-100,-100,-100.0,-100,-100,-100,-100.0,-100,-100,-100,-100,-100,-100,-100,-100,-100,-100,-100,-100,-100,-100,-100,-100,-100,-100,-100,-100,-100,-100,-100,-100,-100,-100,-100,-100,-100,-100,-100,-100,-100,-100,-100,-100,-100,-100,-100,-100,-100,-100,-100,-100,-100,-100,-100,-100,-100,-100,-100,-100,-100,-100,-100,-100,-100,-100,-100,-100,-75.07788966910425,-100,-100,-100,-100,-100,-100,-100,-100,-100.0,-100,-100,-100,-100,-100,-100,-100,-100,-100,-100,-100,-100,-100,-100,-100,-100,-100,-100,-100,-100,-100,-100,-100
89.9309,-50.40295544911705,-87.01115752736501,-91.47275783672936,-100.0,-100.0,-100.0,-100.0,-100,-56.695706543934584,-100.0,-100,-100.0,-100.0,-100.0,-68.19570949471952,-100.0,-100.0,-100,-100.0,-100.0,-100.0,-100,-100.0,-84.03200806180412,-100.0,-100.0,-100.0,-100.0,-100,-100,-100,-100,-100,-100.0,-100,-100,-69.08785619181717,-70.43464325656612,-100.0,-100,-100.0,-100.0,-100.0,-100.0,-100.0,-66.68675449489555,-100,-100,-100,-100,-100,-100.0,-100,-100.0,-100.0,-100.0,-100,-80.12877700336549,-66.55333081636324,-66.55723904117158,-100.0,-100,-85.10776651369886,-100.0,-90.28027229026128,-100,-100,-100,-100,-100,-100,-100,-100,-100,-100,-100,-100,-100,-100,-100,-100,-100,-100,-100,-100,-100,-100,-100,-100,-100.0,-100.0,-100,-100,-100.0,-100.0,-100.0,-100,-100,-100,-100,-100.0,-100,-100,-100,-100,-100,-100,-100,-100,-100,-100,-100,-100,-100,-100,-100,-100,-100,-100,-100,-100.0,-100,-100,-100,-100,-100,-100,-100,-100,-100,-100,-100.0,-100,-100,-100,-100,-100.0,-100,-100,-100.0,-100,-100,-100,-100.0,-100,-100,-100,-100,-100,-100,-100,-100,-100,-100,-100,-100,-100,-100,-100,-100,-100,-100,-100,-100,-100,-100,-100,-100,-100,-100,-100,-100,-100,-100,-100,-100,-100,-100,-100,-100,-100,-100,-100,-100,-100,-100,-100,-100,-100,-100,-100,-100,-100,-100,-100,-100,-100,-100,-100,-100,-100,-100,-100,-100,-74.49114412786884,-100,-100,-100,-100,-100,-100,-100,-100,-90.31639124907319,-100,-100,-100,-100,-100,-100,-100,-100,-100,-100,-100,-100,-100,-100,-100,-100,-100,-100,-100,-100,-100,-100,-100
91.9055,-48.31254075077052,-100.0,-91.90400533154659,-100.0,-100.0,-100.0,-100.0,-100,-54.522626051416445,-100.0,-100,-100.0,-100.0,-100.0,-67.0109431053987,-100.0,-100.0,-100,-100.0,-100.0,-100.0,-100,-100.0,-100.0,-100.0,-100.0,-100.0,-100.0,-100,-100,-100,-100,-100,-100.0,-100,-100,-67.65116925785551,-70.8766619566814,-88.05662549895943,-100,-100.0,-100.0,-100.0,-100.0,-100.0,-66.49283171633061,-100,-100,-100,-100,-100,-100.0,-100,-100.0,-100.0,-100.0,-100,-78.39815933064456,-68.37371351479744,-68.3765181519049,-69.25086407092614,-100,-85.92446291638834,-100.0,-90.48269049658738,-100,-100,-100,-100,-100,-100,-100,-100,-100,-100,-100,-100,-100,-100,-100,-100,-100,-100,-100,-100,-100,-100,-100,-100,-100.0,-100.0,-100,-100,-100.0,-100.0,-100.0,-100,-100,-100,-100,-100.0,-100,-100,-100,-100,-100,-100,-100,-100,-100,-100,-100,-100,-100,-100,-100,-100,-100,-100,-100,-100.0,-100,-100,-100,-100,-100,-100,-100,-100,-100,-100,-100.0,-100,-100,-100,-100,-100.0,-100,-100,-100.0,-100,-100,-100,-100.0,-100,-100,-100,-100,-100,-100,-100,-100,-100,-100,-100,-100,-100,-100,-100,-100,-100,-100,-100,-100,-100,-100,-100,-100,-100,-100,-100,-100,-100,-100,-100,-100,-100,-100,-100,-100,-100,-100,-100,-100,-100,-100,-100,-100,-100,-100,-100,-100,-100,-100,-100,-100,-100,-100,-100,-100,-100,-100,-100,-100,-75.48195974689143,-100,-100,-100,-100,-100,-100,-100,-100,-90.7917965744375,-100,-100,-100,-100,-100,-100,-100,-100,-100,-100,-100,-100,-100,-100,-100,-100,-100,-100,-100,-100,-100,-100,-100
93.9128,-48.789038230958774,-100.0,-92.21348442024033,-100.0,-100.0,-100.0,-100.0,-100,-54.37504915633396,-100.0,-100,-100.0,-100.0,-100.0,-65.59597455775561,-100.0,-100.0,-100,-100.0,-100.0,-100.0,-100,-90.67067727553946,-100.0,-100.0,-100.0,-100.0,-100.0,-100,-100,-100,-100,-100,-100.0,-100,-100,-65.49066501247806,-69.49961114188416,-100.0,-100,-100.0,-100.0,-100.0,-100.0,-100.0,-66.07129232123029,-100,-100,-100,-100,-100,-91.62911984856868,-100,-100.0,-100.0,-100.0,-100,-76.59147463572644,-68.83293729315955,-68.8349499689114,-68.05052336976513,-100,-87.07529550744695,-100.0,-100.0,-100,-100,-100,-100,-100,-100,-100,-100,-100,-100,-100,-100,-100,-100,-100,-100,-100,-100,-100,-100,-100,-100,-100,-100,-100.0,-100.0,-100,-100,-100.0,-100.0,-100.0,-100,-100,-100,-100,-100.0,-100,-100,-100,-100,-100,-100,-100,-100,-100,-100,-100,-100,-100,-100,-100,-100,-100,-100,-100,-100.0,-100,-100,-100,-100,-100,-100,-100,-100,-100,-100,-100.0,-100,-100,-100,-100,-100.0,-100,-100,-100.0,-100,-100,-100,-100.0,-100,-100,-100,-100,-100,-100,-100,-100,-100,-100,-100,-100,-100,-100,-100,-100,-100,-100,-100,-100,-100,-100,-100,-100,-100,-100,-100,-100,-100,-100,-100,-100,-100,-100,-100,-100,-100,-100,-100,-100,-100,-100,-100,-100,-100,-100,-100,-100,-100,-100,-100,-100,-100,-100,-100,-100,-100,-100,-100,-100,-76.75774450817615,-100,-100,-100,-100,-100,-100,-100,-100,-100.0,-100,-100,-100,-100,-100,-100,-100,-100,-100,-100,-100,-100,-100,-100,-100,-100,-100,-100,-100,-100,-100,-100,-100
95.8963,-50.26048718798649,-100.0,-100.0,-100.0,-100.0,-100.0,-100.0,-100,-57.092901351002304,-100.0,-100,-89.45290521305924,-100.0,-100.0,-63.733431650368956,-100.0,-100.0,-100,-100.0,-100.0,-100.0,-100,-100.0,-100.0,-100.0,-100.0,-100.0,-100.0,-100,-100,-100,-100,-100,-85.71914162137406,-100,-100,-67.04636731478007,-67.94665461726309,-100.0,-100,-100.0,-100.0,-100.0,-100.0,-100.0,-65.2040340140113,-100,-100,-100,-100,-100,-100.0,-100,-100.0,-100.0,-100.0,-100,-74.44782670083274,-68.03298465291756,-68.03442899795292,-68.88338388643614,-100,-86.20690680939904,-100.0,-90.34667228438462,-100,-100,-100,-100,-100,-100,-100,-100,-100,-100,-100,-100,-100,-100,-100,-100,-100,-100,-100,-100,-100,-100,-100,-100,-100.0,-100.0,-100,-100,-100.0,-100.0,-100.0,-100,-100,-100,-100,-100.0,-100,-100,-100,-100,-100,-100,-100,-100,-100,-100,-100,-100,-100,-100,-100,-100,-100,-100,-100,-100.0,-100,-100,-100,-100,-100,-100,-100,-100,-100,-100,-100.0,-100,-100,-100,-100,-100.0,-100,-100,-100.0,-100,-100,-100,-100.0,-100,-100,-100,-100,-100,-100,-100,-100,-100,-100,-100,-100,-100,-100,-100,-100,-100,-100,-100,-100,-100,-100,-100,-100,-100,-100,-100,-100,-100,-100,-100,-100,-100,-100,-100,-100,-100,-100,-100,-100,-100,-100,-100,-100,-100,-100,-100,-100,-100,-100,-100,-100,-100,-100,-100,-100,-100,-100,-100,-100,-78.52040574785926,-100,-100,-100,-100,-100,-100,-100,-100,-100.0,-100,-100,-100,-100,-100,-100,-100,-100,-100,-100,-100,-100,-100,-100,-100,-100,-100,-100,-100,-100,-100,-100,-100
97.9143,-52.44593750596788,-100.0,-91.58845351194738,-100.0,-100.0,-100.0,-100.0,-100,-58.478546747978505,-100.0,-100,-88.19685259816177,-100.0,-100.0,-62.679201289150924,-100.0,-100.0,-100,-100.0,-100.0,-100.0,-100,-100.0,-83.74059406701583,-100.0,-100.0,-100.0,-100.0,-100,-100,-100,-100,-100,-100.0,-100,-100,-64.7742687429701,-68.2440937529763,-86.65025871555177,-100,-100.0,-100.0,-100.0,-100.0,-100.0,-63.45216559050507,-100,-100,-100,-100,-100,-91.73363082505533,-100,-100.0,-100.0,-100.0,-100,-73.75661993218603,-66.04704071569469,-66.04807721279525,-68.35156205042937,-100,-86.14848135546563,-100.0,-90.81303446842367,-100,-100,-100,-100,-100,-100,-100,-100,-100,-100,-100,-100,-100,-100,-100,-100,-100,-100,-100,-100,-100,-100,-100,-100,-100.0,-100.0,-100,-100,-100.0,-100.0,-100.0,-100,-100,-100,-100,-100.0,-100,-100,-100,-100,-100,-100,-100,-100,-100,-100,-100,-100,-100,-100,-100,-100,-100,-100,-100,-100.0,-100,-100,-100,-100,-100,-100,-100,-100,-100,-100,-100.0,-100,-100,-100,-100,-100.0,-100,-100,-100.0,-100,-100,-100,-100.0,-100,-100,-100,-100,-100,-100,-100,-100,-100,-100,-100,-100,-100,-100,-100,-100,-100,-100,-100,-100,-100,-100,-100,-100,-100,-100,-100,-100,-100,-100,-100,-100,-100,-100,-100,-100,-100,-100,-100,-100,-100,-100,-100,-100,-100,-100,-100,-100,-100,-100,-100,-100,-100,-100,-100,-100,-100,-100,-100,-100,-78.37345581254841,-100,-100,-100,-100,-100,-100,-100,-100,-100.0,-100,-100,-100,-100,-100,-100,-100,-100,-100,-100,-100,-100,-100,-100,-100,-100,-100,-100,-100,-100,-100,-100,-100
99.9377,-52.88476698454612,-100.0,-90.85753913439359,-100.0,-100.0,-100.0,-100.0,-100,-100.0,-100.0,-100,-100.0,-100.0,-100.0,-63.33453844069915,-100.0,-100.0,-100,-100.0,-100.0,-100.0,-100,-100.0,-83.81384399791243,-100.0,-100.0,-100.0,-100.0,-100,-100,-100,-100,-100,-100.0,-100,-100,-65.12038545993937,-67.89279191343152,-100.0,-100,-100.0,-100.0,-100.0,-100.0,-100.0,-62.477357928738186,-100,-100,-100,-100,-100,-100.0,-100,-100.0,-100.0,-100.0,-100,-73.26059315600355,-65.18663047247102,-65.18737428798129,-67.68753807945276,-100,-87.23605660998999,-100.0,-100.0,-100,-100,-100,-100,-100,-100,-100,-100,-100,-100,-100,-100,-100,-100,-100,-100,-100,-100,-100,-100,-100,-100,-100,-100,-100.0,-100.0,-100,-100,-100.0,-100.0,-100.0,-100,-100,-100,-100,-100.0,-100,-100,-100,-100,-100,-100,-100,-100,-100,-100,-100,-100,-100,-100,-100,-100,-100,-100,-100,-100.0,-100,-100,-100,-100,-100,-100,-100,-100,-100,-100,-100.0,-100,-100,-100,-100,-100.0,-100,-100,-100.0,-100,-100,-100,-100.0,-100,-100,-100,-100,-100,-100,-100,-100,-100,-100,-100,-100,-100,-100,-100,-100,-100,-100,-100,-100,-100,-100,-100,-100,-100,-100,-100,-100,-100,-100,-100,-100,-100,-100,-100,-100,-100,-100,-100,-100,-100,-100,-100,-100,-100,-100,-100,-100,-100,-100,-100,-100,-100,-100,-100,-100,-100,-100,-100,-100,-81.65650932092692,-100,-100,-100,-100,-100,-100,-100,-100,-88.59159419414434,-100,-100,-100,-100,-100,-100,-100,-100,-100,-100,-100,-100,-100,-100,-100,-100,-100,-100,-100,-100,-100,-100,-100
101.9399,-53.19968168362948,-100.0,-100.0,-100.0,-100.0,-100.0,-100.0,-100,-58.06104108076103,-100.0,-100,-100.0,-100.0,-100.0,-63.240072915625255,-100.0,-100.0,-100,-100.0,-100.0,-100.0,-100,-100.0,-100.0,-100.0,-100.0,-100.0,-100.0,-100,-100,-100,-100,-100,-100.0,-100,-100,-63.392137355119274,-69.3349433521452,-86.74824895545765,-100,-100.0,-100.0,-100.0,-100.0,-100.0,-62.06018795518099,-100,-100,-100,-100,-100,-91.24461715265748,-100,-100.0,-100.0,-100.0,-100,-73.46938367829856,-63.43967638612231,-63.72258586233775,-65.51676416276064,-100,-85.47514578688332,-100.0,-100.0,-100,-100,-100,-100,-100,-100,-100,-100,-100,-100,-100,-100,-100,-100,-100,-100,-100,-100,-100,-100,-100,-100,-100,-100,-100.0,-100.0,-100,-100,-100.0,-100.0,-100.0,-100,-100,-100,-100,-100.0,-100,-100,-100,-100,-100,-100,-100,-100,-100,-100,-100,-100,-100,-100,-100,-100,-100,-100,-100,-100.0,-100,-100,-100,-100,-100,-100,-100,-100,-100,-100,-100.0,-100,-100,-100,-100,-100.0,-100,-100,-100.0,-100,-100,-100,-100.0,-100,-100,-100,-100,-100,-100,-100,-100,-100,-100,-100,-100,-100,-100,-100,-100,-100,-100,-100,-100,-100,-100,-100,-100,-100,-100,-100,-100,-100,-100,-100,-100,-100,-100,-100,-100,-100,-100,-100,-100,-100,-100,-100,-100,-100,-100,-100,-100,-100,-100,-100,-100,-100,-100,-100,-100,-100,-100,-100,-100,-83.16538122115534,-100,-100,-100,-100,-100,-100,-100,-100,-86.73029324928963,-100,-100,-100,-100,-100,-100,-100,-100,-100,-100,-100,-100,-100,-100,-100,-100,-100,-100,-100,-100,-100,-100,-100
103.9076,-53.42567212533834,-100.0,-100.0,-100.0,-100.0,-100.0,-100.0,-100,-100.0,-100.0,-100,-85.88353081906776,-100.0,-100.0,-62.325155070571135,-100.0,-100.0,-100,-100.0,-100.0,-100.0,-100,-100.0,-84.71353701691349,-100.0,-100.0,-100.0,-100.0,-100,-100,-100,-100,-100,-100.0,-100,-100,-61.58715311972374,-66.41660652864307,-88.22526590523358,-100,-100.0,-100.0,-100.0,-100.0,-100.0,-58.65468398590612,-100,-100,-100,-100,-100,-100.0,-100,-100.0,-89.0,-100.0,-100,-69.66595708572885,-61.90364397988173,-61.82429099968204,-63.11183695354662,-100,-81.6700921184855,-100.0,-90.30135854503409,-100,-100,-100,-100,-100,-100,-100,-100,-100,-100,-100,-100,-100,-100,-100,-100,-100,-100,-100,-100,-100,-100,-100,-100,-100.0,-100.0,-100,-100,-100.0,-100.0,-100.0,-100,-100,-100,-100,-100.0,-100,-100,-100,-100,-100,-100,-100,-100,-100,-100,-100,-100,-100,-100,-100,-100,-100,-100,-100,-100.0,-100,-100,-100,-100,-100,-100,-100,-100,-100,-100,-100.0,-100,-100,-100,-100,-100.0,-100,-100,-100.0,-100,-100,-100,-100.0,-100,-100,-100,-100,-100,-100,-100,-100,-100,-100,-100,-100,-100,-100,-100,-100,-100,-100,-100,-100,-100,-100,-100,-100,-100,-100,-100,-100,-100,-100,-100,-100,-100,-100,-100,-100,-100,-100,-100,-100,-100,-100,-100,-100,-100,-100,-100,-100,-100,-100,-100,-100,-100,-100,-100,-100,-100,-100,-100,-100,-84.81293576045627,-100,-100,-100,-100,-100,-100,-100,-100,-85.9593258705285,-100,-100,-100,-100,-100,-100,-100,-100,-100,-100,-100,-100,-100,-100,-100,-100,-100,-100,-100,-100,-100,-100,-100
105.9393,-54.15259975100681,-100.0,-100.0,-100.0,-100.0,-100.0,-100.0,-100,-60.020434435981855,-100.0,-100,-83.09345073422716,-100.0,-100.0,-61.10383639665845,-100.0,-100.0,-100,-100.0,-100.0,-100.0,-100,-100.0,-100.0,-100.0,-100.0,-100.0,-100.0,-100,-100,-100,-100,-100,-100.0,-100,-100,-58.03284699527607,-64.03996140108472,-100.0,-100,-100.0,-100.0,-100.0,-100.0,-100.0,-57.34031435513152,-100,-100,-100,-100,-100,-89.20003596253103,-100,-100.0,-100.0,-100.0,-100,-68.06602850941675,-60.236598401372646,-60.179652774196654,-59.97412425853216,-100,-79.22186882222836,-100.0,-87.95791918337027,-100,-100,-100,-100,-100,-100,-100,-100,-100,-100,-100,-100,-100,-100,-100,-100,-100,-100,-100,-100,-100,-100,-100,-100,-100.0,-100.0,-100,-100,-100.0,-100.0,-100.0,-100,-100,-100,-100,-100.0,-100,-100,-100,-100,-100,-100,-100,-100,-100,-100,-100,-100,-100,-100,-100,-100,-100,-100,-100,-100.0,-100,-100,-100,-100,-100,-100,-100,-100,-100,-100,-100.0,-100,-100,-100,-100,-100.0,-100,-100,-100.0,-100,-100,-100,-100.0,-100,-100,-100,-100,-100,-100,-100,-100,-100,-100,-100,-100,-100,-100,-100,-100,-100,-100,-100,-100,-100,-100,-100,-100,-100,-100,-100,-100,-100,-100,-100,-100,-100,-100,-100,-100,-100,-100,-100,-100,-100,-100,-100,-100,-100,-100,-100,-100,-100,-100,-100,-100,-100,-100,-100,-100,-100,-100,-100,-100,-100.0,-100,-100,-100,-100,-100,-100,-100,-100,-84.27655829125983,-100,-100,-100,-100,-100,-100,-100,-100,-100,-100,-100,-100,-100,-100,-100,-100,-100,-100,-100,-100,-100,-100,-100
108.0492,-58.34514473200254,-100.0,-100.0,-100.0,-100.0,-100.0,-100.0,-100,-100.0,-100.0,-100,-100.0,-100.0,-100.0,-59.945012737357914,-100.0,-100.0,-100,-100.0,-100.0,-100.0,-100,-100.0,-100.0,-100.0,-100.0,-100.0,-100.0,-100,-100,-100,-100,-100,-100.0,-100,-100,-56.04694192922553,-61.48729600748608,-100.0,-100,-100.0,-100.0,-100.0,-100.0,-100.0,-55.26758797930526,-100,-100,-100,-100,-100,-87.44979132010222,-100,-100.0,-89.2265625,-100.0,-100,-67.20025657472293,-58.1931588901886,-58.152293324127854,-57.72242537002072,-100,-77.46496428277679,-100.0,-88.25213464613462,-100,-100,-100,-100,-100,-100,-100,-100,-100,-100,-100,-100,-100,-100,-100,-100,-100,-100,-100,-100,-100,-100,-100,-100,-89.0,-90.0,-100,-100,-90.0,-90.0,-90.0,-100,-100,-100,-100,-89.0,-100,-100,-100,-100,-100,-100,-100,-100,-100,-100,-100,-100,-100,-100,-100,-100,-100,-100,-100,-100.0,-100,-100,-100,-100,-100,-100,-100,-100,-100,-100,-100.0,-100,-100,-100,-100,-100.0,-100,-100,-100.0,-100,-100,-100,-100.0,-100,-100,-100,-100,-100,-100,-100,-100,-100,-100,-100,-100,-100,-100,-100,-100,-100,-100,-100,-100,-100,-100,-100,-100,-100,-100,-100,-100,-100,-100,-100,-100,-100,-100,-100,-100,-100,-100,-100,-100,-100,-100,-100,-100,-100,-100,-100,-100,-100,-100,-100,-100,-100,-100,-100,-100,-100,-100,-100,-100,-100.0,-100,-100,-100,-100,-100,-100,-100,-100,-81.65708465759315,-100,-100,-100,-100,-100,-100,-100,-100,-100,-100,-100,-100,-100,-100,-100,-100,-100,-100,-100,-100,-100,-100,-100
110.1224,-59.37718703254924,-100.0,-100.0,-100.0,-100.0,-100.0,-100.0,-100,-100.0,-100.0,-100,-84.47873932199164,-100.0,-100.0,-58.26628562715855,-100.0,-100.0,-100,-100.0,-100.0,-100.0,-100,-100.0,-100.0,-100.0,-100.0,-100.0,-100.0,-100,-100,-100,-100,-100,-100.0,-100,-100,-55.18655958089986,-59.93781697751356,-100.0,-100,-100.0,-100.0,-100.0,-100.0,-100.0,-53.78014915673514,-100,-100,-100,-100,-100,-85.91112670827418,-100,-100.0,-100.0,-100.0,-100,-65.44945480826536,-55.59723424895923,-55.567908125562546,-56.1065515226225,-100,-74.79228840494899,-100.0,-85.92210706486088,-100,-100,-100,-100,-100,-100,-100,-100,-100,-100,-100,-100,-100,-100,-100,-100,-100,-100,-100,-100,-100,-100,-100,-100,-88.7734375,-89.3203125,-100,-100,-89.3203125,-89.3203125,-89.546875,-100,-100,-100,-100,-88.546875,-100,-100,-100,-100,-100,-100,-100,-100,-100,-100,-100,-100,-100,-100,-100,-100,-100,-100,-100,-100.0,-100,-100,-100,-100,-100,-100,-100,-100,-100,-100,-100.0,-100,-100,-100,-100,-100.0,-100,-100,-100.0,-100,-100,-100,-100.0,-100,-100,-100,-100,-100,-100,-100,-100,-100,-100,-100,-100,-100,-100,-100,-100,-100,-100,-100,-100,-100,-100,-100,-100,-100,-100,-100,-100,-100,-100,-100,-100,-100,-100,-100,-100,-100,-100,-100,-100,-100,-100,-100,-100,-100,-100,-100,-100,-100,-100,-100,-100,-100,-100,-100,-100,-100,-100,-100,-100,-87.40713942045501,-100,-100,-100,-100,-100,-100,-100,-100,-79.21253481786538,-100,-100,-100,-100,-100,-100,-100,-100,-100,-100,-100,-100,-100,-100,-100,-100,-100,-100,-100,-100,-100,-100,-100
111.9265,-60.96493275842889,-100.0,-100.0,-100.0,-100.0,-100.0,-100.0,-100,-62.838421209172814,-100.0,-100,-82.93179246784294,-100.0,-100.0,-56.21446316492711,-100.0,-100.0,-100,-100.0,-100.0,-100.0,-100,-100.0,-100.0,-100.0,-100.0,-100.0,-100.0,-100,-100,-100,-100,-100,-100.0,-100,-100,-55.98100677775701,-59.955375951775494,-100.0,-100,-100.0,-100.0,-100.0,-100.0,-100.0,-50.453721338114164,-100,-100,-100,-100,-100,-84.24209331784905,-100,-100.0,-88.91693705386113,-100.0,-100,-65.04016399777582,-51.475330066370574,-51.17190923135507,-56.641215354503856,-100,-72.59193554232012,-100.0,-86.50883087667891,-100,-100,-100,-100,-100,-100,-100,-100,-100,-100,-100,-100,-100,-100,-100,-100,-100,-100,-100,-100,-100,-100,-100,-100,-88.07332900713823,-88.48215444516548,-100,-100,-88.48215444516548,-88.22972096041532,-88.65152498377677,-100,-100,-100,-100,-87.90395846852694,-100,-100,-100,-100,-100,-100,-100,-100,-100,-100,-100,-100,-100,-100,-100,-100,-100,-100,-100,-100.0,-100,-100,-100,-100,-100,-100,-100,-100,-100,-100,-100.0,-100,-100,-100,-100,-100.0,-100,-100,-100.0,-100,-100,-100,-100.0,-100,-100,-100,-100,-100,-100,-100,-100,-100,-100,-100,-100,-100,-100,-100,-100,-100,-100,-100,-100,-100,-100,-100,-100,-100,-100,-100,-100,-100,-100,-100,-100,-100,-100,-100,-100,-100,-100,-100,-100,-100,-100,-100,-100,-100,-100,-100,-100,-100,-100,-100,-100,-100,-100,-100,-100,-100,-100,-100,-100,-100.0,-100,-100,-100,-100,-100,-100,-100,-100,-78.02301748320876,-100,-100,-100,-100,-100,-100,-100,-100,-100,-100,-100,-100,-100,-100,-100,-100,-100,-100,-100,-100,-100,-100,-100
113.9009,-61.25721059130649,-100.0,-100.0,-100.0,-100.0,-100.0,-100.0,-100,-66.5549311823716,-100.0,-100,-100.0,-100.0,-100.0,-56.43627967556475,-100.0,-100.0,-100,-100.0,-100.0,-100.0,-100,-100.0,-100.0,-100.0,-100.0,-100.0,-100.0,-100,-100,-100,-100,-100,-100.0,-100,-100,-58.81012696338637,-61.944606571350675,-100.0,-100,-100.0,-100.0,-100.0,-100.0,-100.0,-51.73747994005459,-100,-100,-100,-100,-100,-84.17373468788213,-100,-100.0,-88.93908307334355,-100.0,-100,-66.72307683771066,-52.47061119249948,-52.25286902699113,-59.56628437981251,-100,-70.44815745867437,-100.0,-100.0,-100,-100,-100,-100,-100,-100,-100,-100,-100,-100,-100,-100,-100,-100,-100,-100,-100,-100,-100,-100,-100,-100,-100,-100,-87.78716091163874,-87.82036909735075,-100,-100,-88.35360372270107,-87.90185606260907,-88.47781714346148,-100,-100,-100,-100,-87.66294749087832,-100,-100,-100,-100,-100,-100,-100,-100,-100,-100,-100,-100,-100,-100,-100,-100,-100,-100,-100,-100.0,-100,-100,-100,-100,-100,-100,-100,-100,-100,-100,-92.0,-100,-100,-100,-100,-100.0,-100,-100,-100.0,-100,-100,-100,-100.0,-100,-100,-100,-100,-100,-100,-100,-100,-100,-100,-100,-100,-100,-100,-100,-100,-100,-100,-100,-100,-100,-100,-100,-100,-100,-100,-100,-100,-100,-100,-100,-100,-100,-100,-100,-100,-100,-100,-100,-100,-100,-100,-100,-100,-100,-100,-100,-100,-100,-100,-100,-100,-100,-100,-100,-100,-100,-100,-100,-100,-100.0,-100,-100,-100,-100,-100,-100,-100,-100,-73.78088267832868,-100,-100,-100,-100,-100,-100,-100,-100,-100,-100,-100,-100,-100,-100,-100,-100,-100,-100,-100,-100,-100,-100,-100
115.9517,-65.98496740570545,-100.0,-100.0,-100.0,-100.0,-100.0,-100.0,-100,-72.04574602599979,-100.0,-100,-100.0,-100.0,-100.0,-56.87783629072615,-100.0,-100.0,-100,-100.0,-100.0,-100.0,-100,-100.0,-82.81779732834849,-100.0,-100.0,-100.0,-100.0,-100,-100,-100,-100,-100,-100.0,-100,-100,-60.55799667104209,-65.63113237898625,-100.0,-100,-100.0,-100.0,-100.0,-100.0,-100.0,-53.505863401495226,-100,-100,-100,-100,-100,-83.27756696394196,-100,-100.0,-100.0,-100.0,-100,-71.31928434647884,-57.42048455971018,-57.2642274897636,-61.38300930675046,-100,-68.9097302036951,-100.0,-100.0,-100,-100,-100,-100,-100,-100,-100,-100,-100,-100,-100,-100,-100,-100,-100,-100,-100,-100,-100,-100,-100,-100,-100,-100,-86.47467674251988,-86.49878032138105,-100,-100,-86.88581931697996,-86.28375865715944,-86.97597744873939,-100,-100,-100,-100,-86.65868615877999,-100,-100,-100,-100,-100,-100,-100,-100,-100,-100,-100,-100,-100,-100,-100,-100,-100,-100,-100,-90.0,-100,-100,-100,-100,-100,-100,-100,-100,-100,-100,-100.0,-100,-100,-100,-100,-90.0,-100,-100,-100.0,-100,-100,-100,-100.0,-100,-100,-100,-100,-100,-100,-100,-100,-100,-100,-100,-100,-100,-100,-100,-100,-100,-100,-100,-100,-100,-100,-100,-100,-100,-100,-100,-100,-100,-100,-100,-100,-100,-100,-100,-100,-100,-100,-100,-100,-100,-100,-100,-100,-100,-100,-100,-100,-100,-100,-100,-100,-100,-100,-100,-100,-100,-100,-100,-100,-100.0,-100,-100,-100,-100,-100,-100,-100,-100,-73.27800470543187,-100,-100,-100,-100,-100,-100,-100,-100,-100,-100,-100,-100,-100,-100,-100,-100,-100,-100,-100,-100,-100,-100,-100
117.921,-66.55396363723933,-100.0,-100.0,-100.0,-100.0,-100.0,-100.0,-100,-74.85658542133974,-100.0,-100,-100.0,-100.0,-100.0,-58.60658652993997,-100.0,-100.0,-100,-100.0,-100.0,-100.0,-100,-100.0,-100.0,-100.0,-100.0,-100.0,-100.0,-100,-100,-100,-100,-100,-100.0,-100,-100,-64.63606741453484,-67.71192150314272,-100.0,-100,-100.0,-100.0,-100.0,-100.0,-100.0,-55.622025440373925,-100,-100,-100,-100,-100,-100.0,-100,-100.0,-87.31077922964074,-100.0,-100,-73.48813177590063,-60.69025829298322,-60.57812442193768,-62.96911096389949,-100,-68.65284450414066,-100.0,-100.0,-100,-100,-100,-100,-100,-100,-100,-100,-100,-100,-100,-100,-100,-100,-100,-100,-100,-100,-100,-100,-100,-100,-100,-100,-86.89890510661776,-100.0,-100,-100,-87.75194639541012,-87.59545658069952,-88.09515300424391,-100,-100,-100,-100,-100.0,-100,-100,-100,-100,-100,-100,-100,-100,-100,-100,-100,-100,-100,-100,-100,-100,-100,-100,-100,-100.0,-100,-100,-100,-100,-100,-100,-100,-100,-100,-100,-100.0,-100,-100,-100,-100,-90.453125,-100,-100,-100.0,-100,-100,-100,-91.0,-100,-100,-100,-100,-100,-100,-100,-100,-100,-100,-100,-100,-100,-100,-100,-100,-100,-100,-100,-100,-100,-100,-100,-100,-100,-100,-100,-100,-100,-100,-100,-100,-100,-100,-100,-100,-100,-100,-100,-100,-100,-100,-100,-100,-100,-100,-100,-100,-100,-100,-100,-100,-100,-100,-100,-100,-100,-100,-100,-100,-100.0,-100,-100,-100,-100,-100,-100,-100,-100,-70.09337031858603,-100,-100,-100,-100,-100,-100,-100,-100,-100,-100,-100,-100,-100,-100,-100,-100,-100,-100,-100,-100,-100,-100,-100
119.9461,-67.80941625018285,-100.0,-100.0,-100.0,-100.0,-100.0,-100.0,-100,-75.74420930120682,-100.0,-100,-100.0,-100.0,-100.0,-56.458671363392746,-100.0,-100.0,-100,-100.0,-100.0,-100.0,-100,-100.0,-100.0,-100.0,-100.0,-100.0,-100.0,-100,-100,-100,-100,-100,-100.0,-100,-100,-64.73883313169911,-68.64039495761524,-100.0,-100,-100.0,-100.0,-100.0,-100.0,-100.0,-58.270137534916,-100,-100,-100,-100,-100,-82.06969838215835,-100,-100.0,-86.66809703911193,-100.0,-100,-74.19742231426169,-61.06009751924954,-60.979627528099975,-63.54258466922644,-100,-69.31562417120075,-100.0,-100.0,-100,-100,-100,-100,-100,-100,-100,-100,-100,-100,-100,-100,-100,-100,-100,-100,-100,-100,-100,-100,-100,-100,-100,-100,-100.0,-100.0,-100,-100,-100.0,-100.0,-100.0,-100,-100,-100,-100,-100.0,-100,-100,-100,-100,-100,-100,-100,-100,-100,-100,-100,-100,-100,-100,-100,-100,-100,-100,-100,-100.0,-100,-100,-100,-100,-100,-100,-100,-100,-100,-100,-100.0,-100,-100,-100,-100,-100.0,-100,-100,-100.0,-100,-100,-100,-100.0,-100,-100,-100,-100,-100,-100,-100,-100,-100,-100,-100,-100,-100,-100,-100,-100,-100,-100,-100,-100,-100,-100,-100,-100,-100,-100,-100,-100,-100,-100,-100,-100,-100,-100,-100,-100,-100,-100,-100,-100,-100,-100,-100,-100,-100,-100,-100,-100,-100,-100,-100,-100,-100,-100,-100,-100,-100,-100,-100,-100,-100.0,-100,-100,-100,-100,-100,-100,-100,-100,-70.91413189258247,-100,-100,-100,-100,-100,-100,-100,-100,-100,-100,-100,-100,-100,-100,-100,-100,-100,-100,-100,-100,-100,-100,-100
121.9528,-69.27511094984648,-100.0,-100.0,-100.0,-100.0,-100.0,-100.0,-100,-76.38118977009688,-100.0,-100,-84.36287584661815,-100.0,-100.0,-55.48202662947785,-100.0,-100.0,-100,-100.0,-100.0,-100.0,-100,-100.0,-100.0,-100.0,-100.0,-100.0,-100.0,-100,-100,-100,-100,-100,-100.0,-100,-100,-65.09495600406873,-67.33006020115127,-100.0,-100,-100.0,-100.0,-100.0,-100.0,-100.0,-59.04098434882692,-100,-100,-100,-100,-100,-80.92052052799363,-100,-100.0,-86.20073091358644,-100.0,-100,-76.96543201211769,-61.60787883267126,-61.55013161128994,-64.51887473005614,-100,-70.35600236065143,-100.0,-100.0,-100,-100,-100,-100,-100,-100,-100,-100,-100,-100,-100,-100,-100,-100,-100,-100,-100,-100,-100,-100,-100,-100,-100,-100,-100.0,-100.0,-100,-100,-100.0,-100.0,-100.0,-100,-100,-100,-100,-100.0,-100,-100,-100,-100,-100,-100,-100,-100,-100,-100,-100,-100,-100,-100,-100,-100,-100,-100,-100,-100.0,-100,-100,-100,-100,-100,-100,-100,-100,-100,-100,-100.0,-100,-100,-100,-100,-100.0,-100,-100,-100.0,-100,-100,-100,-100.0,-100,-100,-100,-100,-100,-100,-100,-100,-100,-100,-100,-100,-100,-100,-100,-100,-100,-100,-100,-100,-100,-100,-100,-100,-100,-100,-100,-100,-100,-100,-100,-100,-100,-100,-100,-100,-100,-100,-100,-100,-100,-100,-100,-100,-100,-100,-100,-100,-100,-100,-100,-100,-100,-100,-100,-100,-100,-100,-100,-100,-100.0,-100,-100,-100,-100,-100,-100,-100,-100,-69.80887617861671,-100,-100,-100,-100,-100,-100,-100,-100,-100,-100,-100,-100,-100,-100,-100,-100,-100,-100,-100,-100,-100,-100,-100
123.9203,-70.32692908838195,-100.0,-100.0,-100.0,-100.0,-100.0,-100.0,-100,-75.99117534728134,-100.0,-100,-86.51937121975594,-100.0,-100.0,-54.78116263217161,-100.0,-100.0,-100,-100.0,-100.0,-100.0,-100,-100.0,-100.0,-100.0,-100.0,-100.0,-100.0,-100,-100,-100,-100,-100,-100.0,-100,-100,-64.50339134406296,-68.08398631047018,-100.0,-100,-100.0,-100.0,-100.0,-100.0,-100.0,-58.46465997254122,-100,-100,-100,-100,-100,-79.24871396220477,-100,-100.0,-85.30054852280998,-100.0,-100,-76.69281747563201,-62.84810710477283,-62.806666295228496,-65.78423559759187,-100,-71.1026030346215,-100.0,-100.0,-100,-100,-100,-100,-100,-100,-100,-100,-100,-100,-100,-100,-100,-100,-100,-100,-100,-100,-100,-100,-100,-100,-100,-100,-87.76776745168765,-87.47255207063087,-100,-100,-88.6619835174018,-87.98898045887886,-88.06849310983557,-100,-100,-100,-100,-87.30986074477653,-100,-100,-100,-100,-100,-100,-100,-100,-100,-100,-100,-100,-100,-100,-100,-100,-100,-100,-100,-100.0,-100,-100,-100,-100,-100,-100,-100,-100,-100,-100,-100.0,-100,-100,-100,-100,-100.0,-100,-100,-100.0,-100,-100,-100,-100.0,-100,-100,-100,-100,-100,-100,-100,-100,-100,-100,-100,-100,-100,-100,-100,-100,-100,-100,-100,-100,-100,-100,-100,-100,-100,-100,-100,-100,-100,-100,-100,-100,-100,-100,-100,-100,-100,-100,-100,-100,-100,-100,-100,-100,-100,-100,-100,-100,-100,-100,-100,-100,-100,-100,-100,-100,-100,-100,-100,-100,-100.0,-100,-100,-100,-100,-100,-100,-100,-100,-67.03908794453153,-100,-100,-100,-100,-100,-100,-100,-100,-100,-100,-100,-100,-100,-100,-100,-100,-100,-100,-100,-100,-100,-100,-100
125.9424,-70.79936365172107,-100.0,-100.0,-100.0,-100.0,-100.0,-100.0,-100,-75.99366721473585,-100.0,-100,-100.0,-100.0,-100.0,-54.56058129012322,-100.0,-100.0,-100,-100.0,-100.0,-100.0,-100,-100.0,-100.0,-100.0,-100.0,-100.0,-100.0,-100,-100,-100,-100,-100,-100.0,-100,-100,-64.9259972551139,-68.34264631371364,-100.0,-100,-100.0,-100.0,-100.0,-100.0,-100.0,-58.615826985459904,-100,-100,-100,-100,-100,-78.6137326797086,-100,-100.0,-85.49764819666431,-100.0,-100,-78.47381253155476,-63.173373662927126,-63.14363473082597,-63.86853234802769,-100,-70.50887903904047,-100.0,-88.05937275209354,-100,-100,-100,-100,-100,-100,-100,-100,-100,-100,-100,-100,-100,-100,-100,-100,-100,-100,-100,-100,-100,-100,-100,-100,-100.0,-100.0,-100,-100,-100.0,-100.0,-100.0,-100,-100,-100,-100,-100.0,-100,-100,-100,-100,-100,-100,-100,-100,-100,-100,-100,-100,-100,-100,-100,-100,-100,-100,-100,-100.0,-100,-100,-100,-100,-100,-100,-100,-100,-100,-100,-100.0,-100,-100,-100,-100,-100.0,-100,-100,-100.0,-100,-100,-100,-100.0,-100,-100,-100,-100,-100,-100,-100,-100,-100,-100,-100,-100,-100,-100,-100,-100,-100,-100,-100,-100,-100,-100,-100,-100,-100,-100,-100,-100,-100,-100,-100,-100,-100,-100,-100,-100,-100,-100,-100,-100,-100,-100,-100,-100,-100,-100,-100,-100,-100,-100,-100,-100,-100,-100,-100,-100,-100,-100,-100,-100,-100.0,-100,-100,-100,-100,-100,-100,-100,-100,-67.31042615485553,-100,-100,-100,-100,-100,-100,-100,-100,-100,-100,-100,-100,-100,-100,-100,-100,-100,-100,-100,-100,-100,-100,-100
127.908,-69.44413999959644,-100.0,-100.0,-100.0,-100.0,-100.0,-100.0,-100,-77.97208531227699,-100.0,-100,-100.0,-100.0,-100.0,-52.99040827745013,-100.0,-100.0,-100,-100.0,-100.0,-100.0,-100,-100.0,-83.99874971908231,-100.0,-100.0,-100.0,-100.0,-100,-100,-100,-100,-100,-100.0,-100,-100,-65.79402092009951,-69.0930184107362,-100.0,-100,-100.0,-100.0,-100.0,-100.0,-100.0,-58.72430810787413,-100,-100,-100,-100,-100,-78.44042961184671,-100,-100.0,-84.51104957100137,-100.0,-100,-76.92814090748458,-63.97154424255091,-64.2325785582316,-63.62327992164396,-100,-69.51805687776393,-100.0,-100.0,-100,-100,-100,-100,-100,-100,-100,-100,-100,-100,-100,-100,-100,-100,-100,-100,-100,-100,-100,-100,-100,-100,-100,-100,-100.0,-100.0,-100,-100,-89.03829096364505,-88.55456514165877,-88.6117154353391,-100,-100,-100,-100,-88.06358186013033,-100,-100,-100,-100,-100,-100,-100,-100,-100,-100,-100,-100,-100,-100,-100,-100,-100,-100,-100,-100.0,-100,-100,-100,-100,-100,-100,-100,-100,-100,-100,-100.0,-100,-100,-100,-100,-100.0,-100,-100,-100.0,-100,-100,-100,-100.0,-100,-100,-100,-100,-100,-100,-100,-100,-100,-100,-100,-100,-100,-100,-100,-100,-100,-100,-100,-100,-100,-100,-100,-100,-100,-100,-100,-100,-100,-100,-100,-100,-100,-100,-100,-100,-100,-100,-100,-100,-100,-100,-100,-100,-100,-100,-100,-100,-100,-100,-100,-100,-100,-100,-100,-100,-100,-100,-100,-100,-100.0,-100,-100,-100,-100,-100,-100,-100,-100,-67.22276935332462,-100,-100,-100,-100,-100,-100,-100,-100,-100,-100,-100,-100,-100,-100,-100,-100,-100,-100,-100,-100,-100,-100,-100
129.9471,-68.18922287352153,-100.0,-100.0,-100.0,-100.0,-100.0,-100.0,-100,-100.0,-100.0,-100,-87.2198333263652,-100.0,-100.0,-51.8636139622715,-100.0,-100.0,-100,-100.0,-100.0,-100.0,-100,-100.0,-100.0,-100.0,-100.0,-100.0,-100.0,-100,-100,-100,-100,-100,-100.0,-100,-100,-66.4169357984295,-69.63150366450724,-100.0,-100,-100.0,-100.0,-100.0,-100.0,-100.0,-58.80215679782993,-100,-100,-100,-100,-100,-78.59843863113237,-100,-100.0,-82.67349636420879,-100.0,-100,-77.2308078648844,-64.54433084912479,-64.73165541820194,-64.29440790827039,-100,-69.37177020627163,-100.0,-89.45447152608229,-100,-100,-100,-100,-100,-100,-100,-100,-100,-100,-100,-100,-100,-100,-100,-100,-100,-100,-100,-100,-100,-100,-100,-100,-100.0,-100.0,-100,-100,-100.0,-100.0,-100.0,-100,-100,-100,-100,-100.0,-100,-100,-100,-100,-100,-100,-100,-100,-100,-100,-100,-100,-100,-100,-100,-100,-100,-100,-100,-100.0,-100,-100,-100,-100,-100,-100,-100,-100,-100,-100,-100.0,-100,-100,-100,-100,-100.0,-100,-100,-100.0,-100,-100,-100,-100.0,-100,-100,-100,-100,-100,-100,-100,-100,-100,-100,-100,-100,-100,-100,-100,-100,-100,-100,-100,-100,-100,-100,-100,-100,-100,-100,-100,-100,-100,-100,-100,-100,-100,-100,-100,-100,-100,-100,-100,-100,-100,-100,-100,-100,-100,-100,-100,-100,-100,-100,-100,-100,-100,-100,-100,-100,-100,-100,-100,-100,-100.0,-100,-100,-100,-100,-100,-100,-100,-100,-65.46561052577792,-100,-100,-100,-100,-100,-100,-100,-100,-100,-100,-100,-100,-100,-100,-100,-100,-100,-100,-100,-100,-100,-100,-100
131.9148,-70.11242080578135,-100.0,-100.0,-100.0,-100.0,-100.0,-100.0,-100,-78.82709483003799,-100.0,-100,-100.0,-100.0,-100.0,-51.90212606461718,-100.0,-100.0,-100,-100.0,-100.0,-100.0,-100,-91.32842092767983,-100.0,-100.0,-100.0,-100.0,-100.0,-100,-100,-100,-100,-100,-100.0,-100,-100,-64.88732478146903,-71.99456364278393,-100.0,-100,-100.0,-100.0,-100.0,-100.0,-100.0,-58.85802290976683,-100,-100,-100,-100,-100,-78.42945413835183,-100,-100.0,-83.04796288274784,-100.0,-100,-76.31850624498288,-64.95537643893476,-65.08980510241693,-65.34077705473776,-100,-70.39629411998678,-100.0,-100.0,-100,-100,-100,-100,-100,-100,-100,-100,-100,-100,-100,-100,-100,-100,-100,-100,-100,-100,-100,-100,-100,-100,-100,-100,-87.83308117414664,-87.90051123844478,-100,-100,-89.02750088500181,-88.680085021401,-88.72113083233674,-100,-100,-100,-100,-88.04569992240818,-100,-100,-100,-100,-100,-100,-100,-100,-100,-100,-100,-100,-100,-100,-100,-100,-100,-100,-100,-100.0,-100,-100,-100,-100,-100,-100,-100,-100,-100,-100,-100.0,-100,-100,-100,-100,-100.0,-100,-100,-100.0,-100,-100,-100,-91.453125,-100,-100,-100,-100,-100,-100,-100,-100,-100,-100,-100,-100,-100,-100,-100,-100,-100,-100,-100,-100,-100,-100,-100,-100,-100,-100,-100,-100,-100,-100,-100,-100,-100,-100,-100,-100,-100,-100,-100,-100,-100,-100,-100,-100,-100,-100,-100,-100,-100,-100,-100,-100,-100,-100,-100,-100,-100,-100,-100,-100,-100.0,-100,-100,-100,-100,-100,-100,-100,-100,-64.7693820372715,-100,-100,-100,-100,-100,-100,-100,-100,-100,-100,-100,-100,-100,-100,-100,-100,-100,-100,-100,-100,-100,-100,-100
134.0342,-69.51592451023426,-100.0,-100.0,-100.0,-100.0,-100.0,-100.0,-100,-100.0,-100.0,-100,-87.72250647949903,-100.0,-100.0,-51.365011892998304,-100.0,-100.0,-100,-100.0,-100.0,-100.0,-100,-100.0,-85.9757326409026,-100.0,-100.0,-100.0,-100.0,-100,-100,-100,-100,-100,-100.0,-100,-100,-64.91914152473805,-70.8665959534265,-100.0,-100,-100.0,-100.0,-100.0,-100.0,-100.0,-58.89811378945561,-100,-100,-100,-100,-100,-77.17868406559408,-100,-100.0,-83.31675589433699,-100.0,-100,-75.38144073395179,-65.8151041364373,-65.62919771636149,-65.52692559280952,-100,-70.00201459585655,-100.0,-100.0,-100,-100,-100,-100,-100,-100,-100,-100,-100,-100,-100,-100,-100,-100,-100,-100,-100,-100,-100,-100,-100,-100,-100,-100,-88.44370107813249,-88.20973449048618,-100,-100,-89.01974357671301,-88.48825013415073,-88.79979281378436,-100,-100,-100,-100,-88.31461383593391,-100,-100,-100,-100,-100,-100,-100,-100,-100,-100,-100,-100,-100,-100,-100,-100,-100,-100,-100,-100.0,-100,-100,-100,-100,-100,-100,-100,-100,-100,-100,-100.0,-100,-100,-100,-100,-100.0,-100,-100,-88.0,-100,-100,-100,-100.0,-100,-100,-100,-100,-100,-100,-100,-100,-100,-100,-100,-100,-100,-100,-100,-100,-100,-100,-100,-100,-100,-100,-100,-100,-100,-100,-100,-100,-100,-100,-100,-100,-100,-100,-100,-100,-100,-100,-100,-100,-100,-100,-100,-100,-100,-100,-100,-100,-100,-100,-100,-100,-100,-100,-100,-100,-100,-100,-100,-100,-100.0,-100,-100,-100,-100,-100,-100,-100,-100,-64.83450294503218,-100,-100,-100,-100,-100,-100,-100,-100,-100,-100,-100,-100,-100,-100,-100,-100,-100,-100,-100,-100,-100,-100,-100
136.0849,-71.0644941442736,-100.0,-100.0,-100.0,-100.0,-100.0,-100.0,-100,-78.02879195938705,-100.0,-100,-88.6479884807853,-100.0,-100.0,-51.544317101745705,-100.0,-100.0,-100,-100.0,-100.0,-100.0,-100,-100.0,-87.39446363395268,-100.0,-100.0,-100.0,-100.0,-100,-100,-100,-100,-100,-100.0,-100,-100,-65.22434968910565,-69.77476322943322,-100.0,-100,-100.0,-100.0,-100.0,-100.0,-100.0,-58.92688397908389,-100,-100,-100,-100,-100,-77.41060371256515,-100,-100.0,-82.94496390557599,-100.0,-100,-75.83848253342606,-66.14968993074962,-66.01627896545733,-66.22526170011548,-100,-70.00144572294914,-100.0,-90.45563731797465,-100,-100,-100,-100,-100,-100,-100,-100,-100,-100,-100,-100,-100,-100,-100,-100,-100,-100,-100,-100,-100,-100,-100,-100,-88.88269387875194,-88.71421658759381,-100,-100,-89.01417152994745,-88.91489729503732,-88.57407469664936,-100,-100,-100,-100,-88.79001890233388,-100,-100,-100,-100,-100,-100,-100,-100,-100,-100,-100,-100,-100,-100,-100,-100,-100,-100,-100,-100.0,-100,-100,-100,-100,-100,-100,-100,-100,-100,-100,-100.0,-100,-100,-100,-100,-100.0,-100,-100,-87.7734375,-100,-100,-100,-100.0,-100,-100,-100,-100,-100,-100,-100,-100,-100,-100,-100,-100,-100,-100,-100,-100,-100,-100,-100,-100,-100,-100,-100,-100,-100,-100,-100,-100,-100,-100,-100,-100,-100,-100,-100,-100,-100,-100,-100,-100,-100,-100,-100,-100,-100,-100,-100,-100,-100,-100,-100,-100,-100,-100,-100,-100,-100,-100,-100,-100,-100.0,-100,-100,-100,-100,-100,-100,-100,-100,-65.16361098725221,-100,-100,-100,-100,-100,-100,-100,-100,-100,-100,-100,-100,-100,-100,-100,-100,-100,-100,-100,-100,-100,-100,-100
137.9491,-72.74053674215425,-100.0,-100.0,-100.0,-100.0,-100.0,-100.0,-100,-78.02066180981225,-100.0,-100,-89.59451374330736,-100.0,-100.0,-51.95536657348142,-100.0,-100.0,-100,-100.0,-100.0,-100.0,-100,-100.0,-88.41257947522651,-100.0,-100.0,-100.0,-100.0,-100,-100,-100,-100,-100,-100.0,-100,-100,-64.59624739721306,-70.40311601157092,-100.0,-100,-100.0,-100.0,-100.0,-100.0,-100.0,-59.22990586251584,-100,-100,-100,-100,-100,-77.29465920642146,-100,-100.0,-82.96050416107326,-100.0,-100,-75.60171544435897,-66.38979682847857,-66.29405787738176,-65.59690187847912,-100,-69.7186617897973,-100.0,-100.0,-100,-100,-100,-100,-100,-100,-100,-100,-100,-100,-100,-100,-100,-100,-100,-100,-100,-100,-100,-100,-100,-100,-100,-100,-89.1980208354399,-100.0,-100,-100,-89.01017096535146,-89.22121732403771,-100.0,-100,-100,-100,-100,-100.0,-100,-100,-100,-100,-100,-100,-100,-100,-100,-100,-100,-100,-100,-100,-100,-100,-100,-100,-100,-100.0,-100,-100,-100,-100,-100,-100,-100,-100,-100,-100,-100.0,-100,-100,-100,-100,-100.0,-100,-100,-100.0,-100,-100,-100,-100.0,-100,-100,-100,-100,-100,-100,-100,-100,-100,-100,-100,-100,-100,-100,-100,-100,-100,-100,-100,-100,-100,-100,-100,-100,-100,-100,-100,-100,-100,-100,-100,-100,-100,-100,-100,-100,-100,-100,-100,-100,-100,-100,-100,-100,-100,-100,-100,-100,-100,-100,-100,-100,-100,-100,-100,-100,-100,-100,-100,-100,-88.98642731994528,-100,-100,-100,-100,-100,-100,-100,-100,-65.39978691695624,-100,-100,-100,-100,-100,-100,-100,-100,-100,-100,-100,-100,-100,-100,-100,-100,-100,-100,-100,-100,-100,-100,-100
139.8995,-71.11954868344192,-100.0,-100.0,-100.0,-100.0,-100.0,-100.0,-100,-77.73245172075558,-100.0,-100,-100.0,-100.0,-100.0,-51.96796996836517,-100.0,-100.0,-100,-100.0,-100.0,-100.0,-100,-100.0,-88.01370136257425,-100.0,-100.0,-100.0,-100.0,-100,-100,-100,-100,-100,-100.0,-100,-100,-64.14550592723303,-70.57166154331104,-100.0,-100,-100.0,-100.0,-100.0,-100.0,-100.0,-59.72973742679945,-100,-100,-100,-100,-100,-78.05858168600842,-100,-100.0,-82.97165660434813,-100.0,-100,-76.56130841139804,-65.71497628543321,-65.6462716872989,-65.99310268727902,-100,-69.51572916662292,-100.0,-100.0,-100,-100,-100,-100,-100,-100,-100,-100,-100,-100,-100,-100,-100,-100,-100,-100,-100,-100,-100,-100,-100,-100,-100,-100,-89.42441625388484,-100.0,-100,-100,-89.00729934999315,-89.4410946135383,-88.97660754287406,-100,-100,-100,-100,-100.0,-100,-100,-100,-100,-100,-100,-100,-100,-100,-100,-100,-100,-100,-100,-100,-100,-100,-100,-100,-100.0,-100,-100,-100,-100,-100,-100,-100,-100,-100,-100,-100.0,-100,-100,-100,-100,-100.0,-100,-100,-100.0,-100,-100,-100,-100.0,-100,-100,-100,-100,-100,-100,-100,-100,-100,-100,-100,-100,-100,-100,-100,-100,-100,-100,-100,-100,-100,-100,-100,-100,-100,-100,-100,-100,-100,-100,-100,-100,-100,-100,-100,-100,-100,-100,-100,-100,-100,-100,-100,-100,-100,-100,-100,-100,-100,-100,-100,-100,-100,-100,-100,-100,-100,-100,-100,-100,-100.0,-100,-100,-100,-100,-100,-100,-100,-100,-65.00452111185389,-100,-100,-100,-100,-100,-100,-100,-100,-100,-100,-100,-100,-100,-100,-100,-100,-100,-100,-100,-100,-100,-100,-100
141.9254,-69.95628825622315,-100.0,-100.0,-100.0,-100.0,-100.0,-100.0,-100,-77.24324946009962,-100.0,-100,-89.99138861762269,-100.0,-100.0,-51.69463877471737,-100.0,-100.0,-100,-100.0,-100.0,-100.0,-100,-100.0,-86.59795395014196,-100.0,-100.0,-100.0,-100.0,-100,-100,-100,-100,-100,-100.0,-100,-100,-63.25729150135687,-70.97498960932452,-100.0,-100,-100.0,-100.0,-100.0,-100.0,-100.0,-60.08842870517189,-100,-100,-100,-100,-100,-78.88916672427835,-100,-100.0,-82.97966000847892,-100.0,-100,-77.53231134249792,-65.7954600552469,-65.74615596583794,-64.58317184012162,-100,-69.6524754803121,-100.0,-100.0,-100,-100,-100,-100,-100,-100,-100,-100,-100,-100,-100,-100,-100,-100,-100,-100,-100,-100,-100,-100,-100,-100,-100,-100,-100.0,-100.0,-100,-100,-100.0,-100.0,-100.0,-100,-100,-100,-100,-100.0,-100,-100,-100,-100,-100,-100,-100,-100,-100,-100,-100,-100,-100,-100,-100,-100,-100,-100,-100,-100.0,-100,-100,-100,-100,-100,-100,-100,-100,-100,-100,-100.0,-100,-100,-100,-100,-100.0,-100,-100,-100.0,-100,-100,-100,-100.0,-100,-100,-100,-100,-100,-100,-100,-100,-100,-100,-100,-100,-100,-100,-100,-100,-100,-100,-100,-100,-100,-100,-100,-100,-100,-100,-100,-100,-100,-100,-100,-100,-100,-100,-100,-100,-100,-100,-100,-100,-100,-100,-100,-100,-100,-100,-100,-100,-100,-100,-100,-100,-100,-100,-100,-100,-100,-100,-100,-100,-100.0,-100,-100,-100,-100,-100,-100,-100,-100,-64.72086876362053,-100,-100,-100,-100,-100,-100,-100,-100,-100,-100,-100,-100,-100,-100,-100,-100,-100,-100,-100,-100,-100,-100,-100
143.9011,-68.27437721353502,-100.0,-100.0,-100.0,-100.0,-100.0,-100.0,-100,-77.1745617244713,-100.0,-100,-89.99382026181426,-100.0,-100.0,-51.21611397102159,-100.0,-100.0,-100,-100.0,-100.0,-100.0,-100,-100.0,-100.0,-100.0,-100.0,-100.0,-100.0,-100,-100,-100,-100,-100,-100.0,-100,-100,-63.74939002680885,-70.41730054354657,-100.0,-100,-100.0,-100.0,-100.0,-100.0,-100.0,-59.78108289186363,-100,-100,-100,-100,-100,-78.35571195730958,-100,-100.0,-82.70302929026886,-100.0,-100,-76.81724816434806,-65.5708414684048,-65.81783535169231,-64.98324967806057,-100,-68.90348087009738,-100.0,-90.60935169185062,-100,-100,-100,-100,-100,-100,-100,-100,-100,-100,-100,-100,-100,-100,-100,-100,-100,-100,-100,-100,-100,-100,-100,-100,-89.58692345632103,-89.07690376373405,-100,-100,-89.28759287326325,-89.03419502443113,-89.54788122781969,-100,-100,-100,-100,-89.13150065914269,-100,-100,-100,-100,-100,-100,-100,-100,-100,-100,-100,-100,-100,-100,-100,-100,-100,-100,-100,-100.0,-100,-100,-100,-100,-100,-100,-100,-100,-100,-100,-100.0,-100,-100,-100,-100,-100.0,-100,-100,-100.0,-100,-100,-100,-100.0,-100,-100,-100,-100,-100,-100,-100,-100,-100,-100,-100,-100,-100,-100,-100,-100,-100,-100,-100,-100,-100,-100,-100,-100,-100,-100,-100,-100,-100,-100,-100,-100,-100,-100,-100,-100,-100,-100,-100,-100,-100,-100,-100,-100,-100,-100,-100,-100,-100,-100,-100,-100,-100,-100,-100,-100,-100,-100,-100,-100,-100.0,-100,-100,-100,-100,-100,-100,-100,-100,-64.51731294467697,-100,-100,-100,-100,-100,-100,-100,-100,-100,-100,-100,-100,-100,-100,-100,-100,-100,-100,-100,-100,-100,-100,-100
145.9554,-67.91452406073381,-100.0,-100.0,-100.0,-100.0,-100.0,-100.0,-100,-77.12526973600647,-100.0,-100,-89.43081398496227,-100.0,-100.0,-50.590337245756096,-100.0,-100.0,-100,-100.0,-100.0,-100.0,-100,-100.0,-86.99385767947355,-100.0,-100.0,-100.0,-100.0,-100,-100,-100,-100,-100,-100.0,-100,-100,-64.94965897695596,-70.01708931594047,-100.0,-100,-100.0,-100.0,-100.0,-100.0,-100.0,-60.69002685105094,-100,-100,-100,-100,-100,-77.69051615470848,-100,-100.0,-82.50451144410042,-100.0,-100,-77.15122853728657,-65.69202540751313,-65.86927422106805,-65.55273095413393,-100,-68.08360843821023,-100.0,-91.0020364267931,-100,-100,-100,-100,-100,-100,-100,-100,-100,-100,-100,-100,-100,-100,-100,-100,-100,-100,-100,-100,-100,-100,-100,-100,-100.0,-100.0,-100,-100,-100.0,-100.0,-100.0,-100,-100,-100,-100,-100.0,-100,-100,-100,-100,-100,-100,-100,-100,-100,-100,-100,-100,-100,-100,-100,-100,-100,-100,-100,-100.0,-100,-100,-100,-100,-100,-100,-100,-100,-100,-100,-100.0,-100,-100,-100,-100,-100.0,-100,-100,-100.0,-100,-100,-100,-100.0,-100,-100,-100,-100,-100,-100,-100,-100,-100,-100,-100,-100,-100,-100,-100,-100,-100,-100,-100,-100,-100,-100,-100,-100,-100,-100,-100,-100,-100,-100,-100,-100,-100,-100,-100,-100,-100,-100,-100,-100,-100,-100,-100,-100,-100,-100,-100,-100,-100,-100,-100,-100,-100,-100,-100,-100,-100,-100,-100,-100,-100.0,-100,-100,-100,-100,-100,-100,-100,-100,-64.08886064568081,-100,-100,-100,-100,-100,-100,-100,-100,-100,-100,-100,-100,-100,-100,-100,-100,-100,-100,-100,-100,-100,-100,-100
147.9103,-66.52678190794788,-100.0,-100.0,-100.0,-100.0,-100.0,-100.0,-100,-78.21939939160863,-100.0,-100,-89.30916259802257,-100.0,-100.0,-50.7060160511633,-100.0,-100.0,-100,-100.0,-100.0,-100.0,-100,-100.0,-100.0,-100.0,-100.0,-100.0,-100.0,-100,-100,-100,-100,-100,-100.0,-100,-100,-65.81100114676484,-70.01226370845544,-100.0,-100,-100.0,-100.0,-100.0,-100.0,-100.0,-61.059931430894,-100,-100,-100,-100,-100,-78.06028256674124,-100,-100.0,-82.36204987308994,-100.0,-100,-76.82614957766823,-65.77898994745625,-65.90618800389579,-63.984774685550654,-100,-68.90712653565151,-100.0,-100.0,-100,-100,-100,-100,-100,-100,-100,-100,-100,-100,-100,-100,-100,-100,-100,-100,-100,-100,-100,-100,-100,-100,-100,-100,-89.70355748875288,-100.0,-100,-100,-89.48875156527129,-89.02453955338152,-100.0,-100,-100,-100,-100,-100.0,-100,-100,-100,-100,-100,-100,-100,-100,-100,-100,-100,-100,-100,-100,-100,-100,-100,-100,-100,-100.0,-100,-100,-100,-100,-100,-100,-100,-100,-100,-100,-100.0,-100,-100,-100,-100,-100.0,-100,-100,-100.0,-100,-100,-100,-100.0,-100,-100,-100,-100,-100,-100,-100,-100,-100,-100,-100,-100,-100,-100,-100,-100,-100,-100,-100,-100,-100,-100,-100,-100,-100,-100,-100,-100,-100,-100,-100,-100,-100,-100,-100,-100,-100,-100,-100,-100,-100,-100,-100,-100,-100,-100,-100,-100,-100,-100,-100,-100,-100,-100,-100,-100,-100,-100,-100,-100,-100.0,-100,-100,-100,-100,-100,-100,-100,-100,-64.06376855899835,-100,-100,-100,-100,-100,-100,-100,-100,-100,-100,-100,-100,-100,-100,-100,-100,-100,-100,-100,-100,-100,-100,-100
149.9218,-68.91941276513273,-100.0,-100.0,-100.0,-100.0,-100.0,-100.0,-100,-77.87507063954547,-100.0,-100,-88.93948691678702,-100.0,-100.0,-50.50665427723875,-100.0,-100.0,-100,-100.0,-100.0,-100.0,-100,-100.0,-87.56034351376331,-100.0,-100.0,-100.0,-100.0,-100,-100,-100,-100,-100,-100.0,-100,-100,-66.14674552564213,-70.00880073524323,-100.0,-100,-100.0,-100.0,-100.0,-100.0,-100.0,-60.760632555247696,-100,-100,-100,-100,-100,-78.0432602350016,-100,-100.0,-82.25981586176879,-100.0,-100,-76.59286501556858,-65.27664642263915,-65.36792683934549,-64.27144964044473,-100,-69.21572744092639,-100.0,-100.0,-100,-100,-100,-100,-100,-100,-100,-100,-100,-100,-100,-100,-100,-100,-100,-100,-100,-100,-100,-100,-100,-100,-100,-100,-89.78726241754998,-100.0,-100,-100,-89.350742745727,-100.0,-100.0,-100,-100,-100,-100,-100.0,-100,-100,-100,-100,-100,-100,-100,-100,-100,-100,-100,-100,-100,-100,-100,-100,-100,-100,-100,-100.0,-100,-100,-100,-100,-100,-100,-100,-100,-100,-100,-100.0,-100,-100,-100,-100,-100.0,-100,-100,-100.0,-100,-100,-100,-100.0,-100,-100,-100,-100,-100,-100,-100,-100,-100,-100,-100,-100,-100,-100,-100,-100,-100,-100,-100,-100,-100,-100,-100,-100,-100,-100,-100,-100,-100,-100,-100,-100,-100,-100,-100,-100,-100,-100,-100,-100,-100,-100,-100,-100,-100,-100,-100,-100,-100,-100,-100,-100,-100,-100,-100,-100,-100,-100,-100,-100,-100.0,-100,-100,-100,-100,-100,-100,-100,-100,-64.61051326001531,-100,-100,-100,-100,-100,-100,-100,-100,-100,-100,-100,-100,-100,-100,-100,-100,-100,-100,-100,-100,-100,-100,-100
152.0365,-67.81266585716666,-100.0,-100.0,-100.0,-100.0,-100.0,-100.0,-100,-78.75747474305363,-100.0,-100,-88.39182296281501,-100.0,-100.0,-49.798836030752035,-100.0,-100.0,-100,-100.0,-100.0,-100.0,-100,-100.0,-100.0,-100.0,-100.0,-100.0,-100.0,-100,-100,-100,-100,-100,-100.0,-100,-100,-65.25818106730227,-70.28869131763017,-100.0,-100,-100.0,-100.0,-100.0,-100.0,-100.0,-61.110599800217614,-100,-100,-100,-100,-100,-78.03104459603144,-100,-100.0,-82.18645020414628,-100.0,-100,-75.57832725570462,-64.9161525003375,-64.98165754583357,-64.19479885926054,-100,-68.87243555849328,-100.0,-100.0,-100,-100,-100,-100,-100,-100,-100,-100,-100,-100,-100,-100,-100,-100,-100,-100,-100,-100,-100,-100,-100,-100,-100,-100,-89.28259298222034,-89.33742066360274,-100,-100,-88.96932972790898,-88.73524023572075,-88.82847542687215,-100,-100,-100,-100,-88.52978679303875,-100,-100,-100,-100,-100,-100,-100,-100,-100,-100,-100,-100,-100,-100,-100,-100,-100,-100,-100,-100.0,-100,-100,-100,-100,-100,-100,-100,-100,-100,-100,-100.0,-100,-100,-100,-100,-100.0,-100,-100,-88.33549643088904,-100,-100,-100,-100.0,-100,-100,-100,-100,-100,-100,-100,-100,-100,-100,-100,-100,-100,-100,-100,-100,-100,-100,-100,-100,-100,-100,-100,-100,-100,-100,-100,-100,-100,-100,-100,-100,-100,-100,-100,-100,-100,-100,-100,-100,-100,-100,-100,-100,-100,-100,-100,-100,-100,-100,-100,-100,-100,-100,-100,-100,-100,-100,-100,-100,-100.0,-100,-100,-100,-100,-100,-100,-100,-100,-65.28524624160623,-100,-100,-100,-100,-100,-100,-100,-100,-100,-100,-100,-100,-100,-100,-100,-100,-100,-100,-100,-100,-100,-100,-100
153.9509,-67.30081307390235,-100.0,-100.0,-100.0,-100.0,-100.0,-100.0,-100,-78.82595798131241,-100.0,-100,-100.0,-100.0,-100.0,-50.138015542731914,-100.0,-100.0,-100,-100.0,-100.0,-100.0,-100,-100.0,-88.81399460463206,-100.0,-100.0,-100.0,-100.0,-100,-100,-100,-100,-100,-100.0,-100,-100,-65.1852770086958,-69.07766912133762,-100.0,-100,-100.0,-100.0,-100.0,-100.0,-100.0,-61.64412049689494,-100,-100,-100,-100,-100,-77.17515126834347,-100,-100.0,-82.9809281345992,-100.0,-100,-74.28551890977471,-64.65745330029559,-64.70446131296983,-64.70454378802732,-100,-67.2142024796988,-100.0,-91.00146138977391,-100,-100,-100,-100,-100,-100,-100,-100,-100,-100,-100,-100,-100,-100,-100,-100,-100,-100,-100,-100,-100,-100,-100,-100,-89.48516921409038,-100.0,-100,-100,-89.26036442886507,-89.37474680279963,-100.0,-100,-100,-100,-100,-100.0,-100,-100,-100,-100,-100,-100,-100,-100,-100,-100,-100,-100,-100,-100,-100,-100,-100,-100,-100,-100.0,-100,-100,-100,-100,-100,-100,-100,-100,-100,-100,-100.0,-100,-100,-100,-100,-100.0,-100,-100,-100.0,-100,-100,-100,-92.34847501622323,-100,-100,-100,-100,-100,-100,-100,-100,-100,-100,-100,-100,-100,-100,-100,-100,-100,-100,-100,-100,-100,-100,-100,-100,-100,-100,-100,-100,-100,-100,-100,-100,-100,-100,-100,-100,-100,-100,-100,-100,-100,-100,-100,-100,-100,-100,-100,-100,-100,-100,-100,-100,-100,-100,-100,-100,-100,-100,-100,-100,-100.0,-100,-100,-100,-100,-100,-100,-100,-100,-68.87558368522438,-100,-100,-100,-100,-100,-100,-100,-100,-100,-100,-100,-100,-100,-100,-100,-100,-100,-100,-100,-100,-100,-100,-100
155.9184,-66.65111938049951,-100.0,-100.0,-100.0,-100.0,-100.0,-100.0,-100,-78.59272752136711,-100.0,-100,-100.0,-100.0,-100.0,-50.09904330777655,-100.0,-100.0,-100,-100.0,-100.0,-100.0,-100,-100.0,-100.0,-100.0,-100.0,-100.0,-100.0,-100,-100,-100,-100,-100,-100.0,-100,-100,-64.28583219600584,-68.20861016074925,-100.0,-100,-100.0,-100.0,-100.0,-100.0,-100.0,-61.17986082706645,-100,-100,-100,-100,-100,-77.40806850312954,-100,-100.0,-83.55106490204525,-100.0,-100,-73.64014391661411,-63.34230168244247,-63.658411470941914,-63.65847065704764,-100,-64.89471133636015,-100.0,-89.8715463633655,-100,-100,-100,-100,-100,-100,-100,-100,-100,-100,-100,-100,-100,-100,-100,-100,-100,-100,-100,-100,-100,-100,-100,-100,-100.0,-100.0,-100,-100,-100.0,-100.0,-100.0,-100,-100,-100,-100,-100.0,-100,-100,-100,-100,-100,-100,-100,-100,-100,-100,-100,-100,-100,-100,-100,-100,-100,-100,-100,-100.0,-100,-100,-100,-100,-100,-100,-100,-100,-100,-100,-100.0,-100,-100,-100,-100,-100.0,-100,-100,-100.0,-100,-100,-100,-100.0,-100,-100,-100,-100,-100,-100,-100,-100,-100,-100,-100,-100,-100,-100,-100,-100,-100,-100,-100,-100,-100,-100,-100,-100,-100,-100,-100,-100,-100,-100,-100,-100,-100,-100,-100,-100,-100,-100,-100,-100,-100,-100,-100,-100,-100,-100,-100,-100,-100,-100,-100,-100,-100,-100,-100,-100,-100,-100,-100,-100,-100.0,-100,-100,-100,-100,-100,-100,-100,-100,-70.04021861322946,-100,-100,-100,-100,-100,-100,-100,-100,-100,-100,-100,-100,-100,-100,-100,-100,-100,-100,-100,-100,-100,-100,-100
157.9245,-67.59676187667945,-100.0,-91.46251716672936,-100.0,-100.0,-100.0,-100.0,-100,-77.01347719426865,-100.0,-100,-100.0,-100.0,-100.0,-49.506324492541,-100.0,-100.0,-100,-100.0,-100.0,-100.0,-100,-90.1061805083908,-87.73701522312192,-100.0,-100.0,-100.0,-100.0,-100,-100,-100,-100,-100,-100.0,-100,-100,-61.09898747327852,-67.86732802526069,-100.0,-100,-100.0,-100.0,-100.0,-100.0,-100.0,-56.89343705890228,-100,-100,-100,-100,-100,-77.01046417937648,-100,-100.0,-83.96020893824945,-100.0,-100,-72.0475043518999,-61.55138982981103,-61.77823789673017,-60.64877758560737,-100,-64.9244422960498,-100.0,-89.6254428993071,-100,-100,-100,-100,-100,-100,-100,-100,-100,-100,-100,-100,-100,-100,-100,-100,-100,-100,-100,-100,-100,-100,-100,-100,-100.0,-100.0,-100,-100,-100.0,-100.0,-100.0,-100,-100,-100,-100,-100.0,-100,-100,-100,-100,-100,-100,-100,-100,-100,-100,-100,-100,-100,-100,-100,-100,-100,-100,-100,-100.0,-100,-100,-100,-100,-100,-100,-100,-100,-100,-100,-100.0,-100,-100,-100,-100,-100.0,-100,-100,-100.0,-100,-100,-100,-100.0,-100,-100,-100,-100,-100,-100,-100,-100,-100,-100,-100,-100,-100,-100,-100,-100,-100,-100,-100,-100,-100,-100,-100,-100,-100,-100,-100,-100,-100,-100,-100,-100,-100,-100,-100,-100,-100,-100,-100,-100,-100,-100,-100,-100,-100,-100,-100,-100,-100,-100,-100,-100,-100,-100,-100,-100,-100,-100,-100,-100,-100.0,-100,-100,-100,-100,-100,-100,-100,-100,-69.74648615819383,-100,-100,-100,-100,-100,-100,-100,-100,-100,-100,-100,-100,-100,-100,-100,-100,-100,-100,-100,-100,-100,-100,-100
159.9185,-65.45162095343588,-100.0,-91.89666463939987,-100.0,-100.0,-100.0,-100.0,-100,-100.0,-100.0,-100,-86.58692752841183,-100.0,-100.0,-49.36335076149324,-100.0,-100.0,-100,-100.0,-100.0,-100.0,-100,-90.35857336134072,-87.81127573256384,-100.0,-100.0,-100.0,-100.0,-100,-100,-100,-100,-100,-100.0,-100,-100,-59.65915733596518,-63.104404532313794,-100.0,-100,-100.0,-100.0,-100.0,-100.0,-100.0,-53.817395186171694,-100,-100,-100,-100,-100,-79.26651491842232,-100,-100.0,-100.0,-100.0,-100,-70.05746040456933,-56.3129282124822,-56.47571989858983,-59.05370008260106,-100,-66.35765643593895,-100.0,-87.47220336412472,-100,-100,-100,-100,-100,-100,-100,-100,-100,-100,-100,-100,-100,-100,-100,-100,-100,-100,-100,-100,-100,-100,-100,-100,-100.0,-100.0,-100,-100,-100.0,-100.0,-100.0,-100,-100,-100,-100,-100.0,-100,-100,-100,-100,-100,-100,-100,-100,-100,-100,-100,-100,-100,-100,-100,-100,-100,-100,-100,-100.0,-100,-100,-100,-100,-100,-100,-100,-100,-100,-100,-100.0,-100,-100,-100,-100,-100.0,-100,-100,-100.0,-100,-100,-100,-100.0,-100,-100,-100,-100,-100,-100,-100,-100,-100,-100,-100,-100,-100,-100,-100,-100,-100,-100,-100,-100,-100,-100,-100,-100,-100,-100,-100,-100,-100,-100,-100,-100,-100,-100,-100,-100,-100,-100,-100,-100,-100,-100,-100,-100,-100,-100,-100,-100,-100,-100,-100,-100,-100,-100,-100,-100,-100,-100,-100,-100,-100.0,-100,-100,-100,-100,-100,-100,-100,-100,-70.94757509026255,-100,-100,-100,-100,-100,-100,-100,-100,-100,-100,-100,-100,-100,-100,-100,-100,-100,-100,-100,-100,-100,-100,-100
161.9437,-63.065088603302144,-100.0,-100.0,-100.0,-100.0,-100.0,-100.0,-100,-74.1859146008784,-100.0,-100,-84.16218790675345,-100.0,-100.0,-48.695997945022704,-100.0,-100.0,-100,-100.0,-100.0,-100.0,-100,-100.0,-87.58219118282963,-100.0,-100.0,-100.0,-100.0,-100,-100,-100,-100,-100,-100.0,-100,-100,-58.62590023598131,-62.51017183756744,-100.0,-100,-100.0,-100.0,-100.0,-100.0,-100.0,-52.73945556308201,-100,-100,-100,-100,-100,-80.88551175955578,-100,-100.0,-100.0,-100.0,-100,-69.47648359057392,-53.68318362549544,-53.80000689591463,-58.19140939601144,-100,-69.36279560827062,-100.0,-85.6446105262742,-100,-100,-100,-100,-100,-100,-100,-100,-100,-100,-100,-100,-100,-100,-100,-100,-100,-100,-100,-100,-100,-100,-100,-100,-100.0,-100.0,-100,-100,-100.0,-100.0,-100.0,-100,-100,-100,-100,-100.0,-100,-100,-100,-100,-100,-100,-100,-100,-100,-100,-100,-100,-100,-100,-100,-100,-100,-100,-100,-100.0,-100,-100,-100,-100,-100,-100,-100,-100,-100,-100,-100.0,-100,-100,-100,-100,-100.0,-100,-100,-100.0,-100,-100,-100,-100.0,-100,-100,-100,-100,-100,-100,-100,-100,-100,-100,-100,-100,-100,-100,-100,-100,-100,-100,-100,-100,-100,-100,-100,-100,-100,-100,-100,-100,-100,-100,-100,-100,-100,-100,-100,-100,-100,-100,-100,-100,-100,-100,-100,-100,-100,-100,-100,-100,-100,-100,-100,-100,-100,-100,-100,-100,-100,-100,-100,-100,-100.0,-100,-100,-100,-100,-100,-100,-100,-100,-74.35088696417621,-100,-100,-100,-100,-100,-100,-100,-100,-100,-100,-100,-100,-100,-100,-100,-100,-100,-100,-100,-100,-100,-100,-100
163.9285,-61.63483068299633,-100.0,-91.92584402296204,-100.0,-100.0,-100.0,-100.0,-100,-100.0,-100.0,-100,-100.0,-100.0,-100.0,-50.193719217559554,-100.0,-100.0,-100,-100.0,-100.0,-100.0,-100,-100.0,-88.26492163068176,-100.0,-100.0,-100.0,-100.0,-100,-100,-100,-100,-100,-100.0,-100,-100,-58.16678552501193,-62.3661117097896,-89.00716315321439,-100,-100.0,-100.0,-100.0,-100.0,-100.0,-53.37777837208428,-100,-100,-100,-100,-100,-82.61209463290766,-100,-100.0,-100.0,-100.0,-100,-68.49480911660916,-52.92551778140778,-53.009352999518434,-57.57260864231197,-100,-72.08410790710992,-100.0,-100.0,-100,-100,-100,-100,-100,-100,-100,-100,-100,-100,-100,-100,-100,-100,-100,-100,-100,-100,-100,-100,-100,-100,-100,-100,-100.0,-100.0,-100,-100,-100.0,-100.0,-100.0,-100,-100,-100,-100,-100.0,-100,-100,-100,-100,-100,-100,-100,-100,-100,-100,-100,-100,-100,-100,-100,-100,-100,-100,-100,-100.0,-100,-100,-100,-100,-100,-100,-100,-100,-100,-100,-100.0,-100,-100,-100,-100,-100.0,-100,-100,-100.0,-100,-100,-100,-100.0,-100,-100,-100,-100,-100,-100,-100,-100,-100,-100,-100,-100,-100,-100,-100,-100,-100,-100,-100,-100,-100,-100,-100,-100,-100,-100,-100,-100,-100,-100,-100,-100,-100,-100,-100,-100,-100,-100,-100,-100,-100,-100,-100,-100,-100,-100,-100,-100,-100,-100,-100,-100,-100,-100,-100,-100,-100,-100,-100,-100,-100.0,-100,-100,-100,-100,-100,-100,-100,-100,-76.51081058242625,-100,-100,-100,-100,-100,-100,-100,-100,-100,-100,-100,-100,-100,-100,-100,-100,-100,-100,-100,-100,-100,-100,-100
165.942,-59.1965643579406,-100.0,-91.09965693801458,-100.0,-100.0,-100.0,-100.0,-100,-70.46253278637523,-100.0,-100,-84.39876567896526,-100.0,-100.0,-51.26852040315858,-100.0,-100.0,-100,-100.0,-100.0,-100.0,-100,-90.25732096877842,-86.21348432790496,-100.0,-100.0,-100.0,-100.0,-100,-100,-100,-100,-100,-100.0,-100,-100,-59.81394352304874,-61.98035496474959,-100.0,-100,-100.0,-100.0,-100.0,-100.0,-100.0,-56.09485990256179,-100,-100,-100,-100,-100,-82.43925398484475,-100,-100.0,-100.0,-100.0,-100,-68.637462743984,-54.076052534242606,-54.13621472427925,-59.669923447351835,-100,-74.60173914343903,-100.0,-85.4625881849345,-100,-100,-100,-100,-100,-100,-100,-100,-100,-100,-100,-100,-100,-100,-100,-100,-100,-100,-100,-100,-100,-100,-100,-100,-100.0,-100.0,-100,-100,-100.0,-100.0,-100.0,-100,-100,-100,-100,-100.0,-100,-100,-100,-100,-100,-100,-100,-100,-100,-100,-100,-100,-100,-100,-100,-100,-100,-100,-100,-100.0,-100,-100,-100,-100,-100,-100,-100,-100,-100,-100,-100.0,-100,-100,-100,-100,-100.0,-100,-100,-100.0,-100,-100,-100,-100.0,-100,-100,-100,-100,-100,-100,-100,-100,-100,-100,-100,-100,-100,-100,-100,-100,-100,-100,-100,-100,-100,-100,-100,-100,-100,-100,-100,-100,-100,-100,-100,-100,-100,-100,-100,-100,-100,-100,-100,-100,-100,-100,-100,-100,-100,-100,-100,-100,-100,-100,-100,-100,-100,-100,-100,-100,-100,-100,-100,-100,-88.14313282654206,-100,-100,-100,-100,-100,-100,-100,-100,-79.47270274602872,-100,-100,-100,-100,-100,-100,-100,-100,-100,-100,-100,-100,-100,-100,-100,-100,-100,-100,-100,-100,-100,-100,-100
167.9233,-56.03492670312877,-100.0,-90.5067649068299,-100.0,-100.0,-100.0,-100.0,-100,-66.9434164153085,-100.0,-100,-84.00378824737264,-100.0,-100.0,-53.734078032541305,-100.0,-100.0,-100,-100.0,-100.0,-100.0,-100,-90.74941114842059,-100.0,-100.0,-100.0,-100.0,-100.0,-100,-100,-100,-100,-100,-87.21032768078126,-100,-100,-59.58410565411924,-61.985902245253875,-88.4409928876253,-100,-100.0,-100.0,-100.0,-100.0,-100.0,-57.19757655605201,-100,-100,-100,-100,-100,-82.87997072735217,-100,-100.0,-100.0,-100.0,-100,-69.86933723853446,-56.313582715965005,-56.63913226183716,-60.61025613206432,-100,-76.97320389907227,-100.0,-87.02621867995377,-100,-100,-100,-100,-100,-100,-100,-100,-100,-100,-100,-100,-100,-100,-100,-100,-100,-100,-100,-100,-100,-100,-100,-100,-100.0,-100.0,-100,-100,-100.0,-100.0,-100.0,-100,-100,-100,-100,-100.0,-100,-100,-100,-100,-100,-100,-100,-100,-100,-100,-100,-100,-100,-100,-100,-100,-100,-100,-100,-100.0,-100,-100,-100,-100,-100,-100,-100,-100,-100,-100,-100.0,-100,-100,-100,-100,-100.0,-100,-100,-100.0,-100,-100,-100,-100.0,-100,-100,-100,-100,-100,-100,-100,-100,-100,-100,-100,-100,-100,-100,-100,-100,-100,-100,-100,-100,-100,-100,-100,-100,-100,-100,-100,-100,-100,-100,-100,-100,-100,-100,-100,-100,-100,-100,-100,-100,-100,-100,-100,-100,-100,-100,-100,-100,-100,-100,-100,-100,-100,-100,-100,-100,-100,-100,-100,-100,-100.0,-100,-100,-100,-100,-100,-100,-100,-100,-81.03347715582346,-100,-100,-100,-100,-100,-100,-100,-100,-100,-100,-100,-100,-100,-100,-100,-100,-100,-100,-100,-100,-100,-100,-100
169.9214,-55.46031285876398,-100.0,-100.0,-100.0,-100.0,-100.0,-100.0,-100,-63.8532615870207,-100.0,-100,-85.41459701768903,-100.0,-100.0,-58.04480337513328,-100.0,-100.0,-100,-100.0,-100.0,-100.0,-100,-90.53779565921964,-100.0,-100.0,-100.0,-100.0,-100.0,-100,-100,-100,-100,-100,-100.0,-100,-100,-62.242925374702,-63.9665129814579,-100.0,-100,-100.0,-100.0,-100.0,-100.0,-100.0,-58.83603991526439,-100,-100,-100,-100,-100,-100.0,-100,-100.0,-100.0,-100.0,-100,-71.60048740352732,-59.8959186279106,-60.12954089414306,-62.979315897105586,-100,-78.39264894736364,-100.0,-88.43069363287223,-100,-100,-100,-100,-100,-100,-100,-100,-100,-100,-100,-100,-100,-100,-100,-100,-100,-100,-100,-100,-100,-100,-100,-100,-100.0,-100.0,-100,-100,-100.0,-100.0,-100.0,-100,-100,-100,-100,-100.0,-100,-100,-100,-100,-100,-100,-100,-100,-100,-100,-100,-100,-100,-100,-100,-100,-100,-100,-100,-100.0,-100,-100,-100,-100,-100,-100,-100,-100,-100,-100,-100.0,-100,-100,-100,-100,-100.0,-100,-100,-100.0,-100,-100,-100,-100.0,-100,-100,-100,-100,-100,-100,-100,-100,-100,-100,-100,-100,-100,-100,-100,-100,-100,-100,-100,-100,-100,-100,-100,-100,-100,-100,-100,-100,-100,-100,-100,-100,-100,-100,-100,-100,-100,-100,-100,-100,-100,-100,-100,-100,-100,-100,-100,-100,-100,-100,-100,-100,-100,-100,-100,-100,-100,-100,-100,-100,-87.53796420275356,-100,-100,-100,-100,-100,-100,-100,-100,-83.84778098192022,-100,-100,-100,-100,-100,-100,-100,-100,-100,-100,-100,-100,-100,-100,-100,-100,-100,-100,-100,-100,-100,-100,-100
171.9493,-53.07132612581255,-100.0,-89.51653977526614,-100.0,-100.0,-100.0,-100.0,-100,-61.63569137951297,-100.0,-100,-100.0,-100.0,-100.0,-59.726406167657224,-100.0,-100.0,-100,-100.0,-100.0,-100.0,-100,-88.409305391273,-83.89419597317902,-100.0,-100.0,-100.0,-100.0,-100,-100,-100,-100,-100,-100.0,-100,-100,-62.739080545168804,-100.0,-100.0,-100,-100.0,-100.0,-100.0,-100.0,-100.0,-58.88233825832876,-100,-100,-100,-100,-100,-100.0,-100,-100.0,-100.0,-100.0,-100,-71.99567574719575,-61.61956285457434,-61.78721587074848,-63.54990797731453,-100,-78.28177442751803,-92.0,-88.87382760914875,-100,-100,-100,-100,-100,-100,-100,-100,-100,-100,-100,-100,-100,-100,-100,-100,-100,-100,-100,-100,-100,-100,-100,-100,-100.0,-100.0,-100,-100,-100.0,-100.0,-100.0,-100,-100,-100,-100,-100.0,-100,-100,-100,-100,-100,-100,-100,-100,-100,-100,-100,-100,-100,-100,-100,-100,-100,-100,-100,-100.0,-100,-100,-100,-100,-100,-100,-100,-100,-100,-100,-100.0,-100,-100,-100,-100,-100.0,-100,-100,-100.0,-100,-100,-100,-100.0,-100,-100,-100,-100,-100,-100,-100,-100,-100,-100,-100,-100,-100,-100,-100,-100,-100,-100,-100,-100,-100,-100,-100,-100,-100,-100,-100,-100,-100,-100,-100,-100,-100,-100,-100,-100,-100,-100,-100,-100,-100,-100,-100,-100,-100,-100,-100,-100,-100,-100,-100,-100,-100,-100,-100,-100,-100,-100,-100,-100,-83.71517213685068,-100,-100,-100,-100,-100,-100,-100,-100,-84.17313962924204,-100,-100,-100,-100,-100,-100,-100,-100,-100,-100,-100,-100,-100,-100,-100,-100,-100,-100,-100,-100,-100,-100,-100
173.9332,-52.2040582730011,-100.0,-100.0,-100.0,-100.0,-100.0,-100.0,-100,-59.1971820146792,-100.0,-100,-85.57990059225388,-100.0,-100.0,-61.78029228941501,-100.0,-100.0,-100,-100.0,-100.0,-100.0,-100,-100.0,-100.0,-100.0,-100.0,-100.0,-100.0,-100,-100,-100,-100,-100,-100.0,-100,-100,-64.50701203462609,-65.67022307839603,-87.75209407653486,-100,-100.0,-100.0,-100.0,-100.0,-100.0,-61.45694433968988,-100,-100,-100,-100,-100,-100.0,-100,-100.0,-100.0,-100.0,-100,-72.84402389947462,-61.72698905834674,-61.847300937370804,-63.39462732941418,-100,-80.46121374641808,-91.546875,-88.9094556257821,-100,-100,-100,-100,-100,-100,-100,-100,-100,-100,-100,-100,-100,-100,-100,-100,-100,-100,-100,-100,-100,-100,-100,-100,-100.0,-100.0,-100,-100,-100.0,-100.0,-100.0,-100,-100,-100,-100,-100.0,-100,-100,-100,-100,-100,-100,-100,-100,-100,-100,-100,-100,-100,-100,-100,-100,-100,-100,-100,-100.0,-100,-100,-100,-100,-100,-100,-100,-100,-100,-100,-100.0,-100,-100,-100,-100,-100.0,-100,-100,-100.0,-100,-100,-100,-100.0,-100,-100,-100,-100,-100,-100,-100,-100,-100,-100,-100,-100,-100,-100,-100,-100,-100,-100,-100,-100,-100,-100,-100,-100,-100,-100,-100,-100,-100,-100,-100,-100,-100,-100,-100,-100,-100,-100,-100,-100,-100,-100,-100,-100,-100,-100,-100,-100,-100,-100,-100,-100,-100,-100,-100,-100,-100,-100,-100,-100,-100.0,-100,-100,-100,-100,-100,-100,-100,-100,-84.40662490203522,-100,-100,-100,-100,-100,-100,-100,-100,-100,-100,-100,-100,-100,-100,-100,-100,-100,-100,-100,-100,-100,-100,-100
175.9077,-50.16980730321805,-100.0,-89.93543287797591,-100.0,-100.0,-100.0,-100.0,-100,-100.0,-100.0,-100,-100.0,-100.0,-100.0,-64.1013379761575,-100.0,-100.0,-100,-100.0,-100.0,-100.0,-100,-100.0,-84.48882385116107,-100.0,-100.0,-100.0,-100.0,-100,-100,-100,-100,-100,-100.0,-100,-100,-100.0,-69.15185241973295,-100.0,-100,-100.0,-100.0,-100.0,-100.0,-100.0,-61.892665755933706,-100,-100,-100,-100,-100,-100.0,-100,-100.0,-100.0,-100.0,-100,-76.84132750522726,-63.498334889812625,-63.58467361824484,-100.0,-100,-100.0,-100.0,-100.0,-100,-100,-100,-100,-100,-100,-100,-100,-100,-100,-100,-100,-100,-100,-100,-100,-100,-100,-100,-100,-100,-100,-100,-100,-100.0,-100.0,-100,-100,-100.0,-100.0,-100.0,-100,-100,-100,-100,-100.0,-100,-100,-100,-100,-100,-100,-100,-100,-100,-100,-100,-100,-100,-100,-100,-100,-100,-100,-100,-100.0,-100,-100,-100,-100,-100,-100,-100,-100,-100,-100,-100.0,-100,-100,-100,-100,-100.0,-100,-100,-100.0,-100,-100,-100,-100.0,-100,-100,-100,-100,-100,-100,-100,-100,-100,-100,-100,-100,-100,-100,-100,-100,-100,-100,-100,-100,-100,-100,-100,-100,-100,-100,-100,-100,-100,-100,-100,-100,-100,-100,-100,-100,-100,-100,-100,-100,-100,-100,-100,-100,-100,-100,-100,-100,-100,-100,-100,-100,-100,-100,-100,-100,-100,-100,-100,-100,-79.84234085719719,-100,-100,-100,-100,-100,-100,-100,-100,-100.0,-100,-100,-100,-100,-100,-100,-100,-100,-100,-100,-100,-100,-100,-100,-100,-100,-100,-100,-100,-100,-100,-100,-100
177.9325,-49.27473075938126,-100.0,-90.80079214076241,-100.0,-100.0,-100.0,-100.0,-100,-58.01199982150959,-100.0,-100,-100.0,-100.0,-100.0,-68.02598234038335,-100.0,-100.0,-100,-100.0,-100.0,-100.0,-100,-100.0,-100.0,-100.0,-100.0,-100.0,-100.0,-100,-100,-100,-100,-100,-100.0,-100,-100,-66.62284972742486,-71.08560285989593,-86.97518924210728,-100,-100.0,-100.0,-100.0,-100.0,-100.0,-64.46435560296938,-100,-100,-100,-100,-100,-100.0,-100,-100.0,-100.0,-100.0,-100,-78.29801124203343,-64.4871200129078,-64.54907878279619,-66.10695112383664,-100,-81.74285667434802,-91.40882543802725,-86.9583932854321,-100,-100,-100,-100,-100,-100,-100,-100,-100,-100,-100,-100,-100,-100,-100,-100,-100,-100,-100,-100,-100,-100,-100,-100,-100.0,-100.0,-100,-100,-100.0,-100.0,-100.0,-100,-100,-100,-100,-100.0,-100,-100,-100,-100,-100,-100,-100,-100,-100,-100,-100,-100,-100,-100,-100,-100,-100,-100,-100,-100.0,-100,-100,-100,-100,-100,-100,-100,-100,-100,-100,-100.0,-100,-100,-100,-100,-100.0,-100,-100,-100.0,-100,-100,-100,-100.0,-100,-100,-100,-100,-100,-100,-100,-100,-100,-100,-100,-100,-100,-100,-100,-100,-100,-100,-100,-100,-100,-100,-100,-100,-100,-100,-100,-100,-100,-100,-100,-100,-100,-100,-100,-100,-100,-100,-100,-100,-100,-100,-100,-100,-100,-100,-100,-100,-100,-100,-100,-100,-100,-100,-100,-100,-100,-100,-100,-100,-76.78072730999283,-100,-100,-100,-100,-100,-100,-100,-100,-86.26843378515393,-100,-100,-100,-100,-100,-100,-100,-100,-100,-100,-100,-100,-100,-100,-100,-100,-100,-100,-100,-100,-100,-100,-100
179.9355,-49.197153469953285,-88.92727133158199,-91.13941929247372,-100.0,-100.0,-100.0,-100.0,-100,-57.443859971302054,-100.0,-100,-100.0,-100.0,-100.0,-66.60676707829218,-100.0,-100.0,-100,-100.0,-100.0,-100.0,-100,-100.0,-85.19791896428869,-100.0,-100.0,-100.0,-100.0,-100,-100,-100,-100,-100,-100.0,-100,-100,-66.72934779818802,-70.49667930048693,-100.0,-100,-100.0,-100.0,-100.0,-100.0,-100.0,-66.02748704309619,-100,-100,-100,-100,-100,-100.0,-100,-100.0,-100.0,-100.0,-100,-77.36673302172733,-64.63194485629292,-64.67640797540285,-66.64150211804699,-100,-82.38021909218894,-100.0,-100.0,-100,-100,-100,-100,-100,-100,-100,-100,-100,-100,-100,-100,-100,-100,-100,-100,-100,-100,-100,-100,-100,-100,-100,-100,-100.0,-100.0,-100,-100,-100.0,-100.0,-100.0,-100,-100,-100,-100,-100.0,-100,-100,-100,-100,-100,-100,-100,-100,-100,-100,-100,-100,-100,-100,-100,-100,-100,-100,-100,-100.0,-100,-100,-100,-100,-100,-100,-100,-100,-100,-100,-100.0,-100,-100,-100,-100,-100.0,-100,-100,-100.0,-100,-100,-100,-100.0,-100,-100,-100,-100,-100,-100,-100,-100,-100,-100,-100,-100,-100,-100,-100,-100,-100,-100,-100,-100,-100,-100,-100,-100,-100,-100,-100,-100,-100,-100,-100,-100,-100,-100,-100,-100,-100,-100,-100,-100,-100,-100,-100,-100,-100,-100,-100,-100,-100,-100,-100,-100,-100,-100,-100,-100,-100,-100,-100,-100,-78.53689876524139,-100,-100,-100,-100,-100,-100,-100,-100,-100.0,-100,-100,-100,-100,-100,-100,-100,-100,-100,-100,-100,-100,-100,-100,-100,-100,-100,-100,-100,-100,-100,-100,-100
181.9179,-49.14148212163124,-100.0,-91.10005067284808,-100.0,-100.0,-100.0,-100.0,-100,-57.883276095177784,-100.0,-100,-100.0,-100.0,-100.0,-67.00018219442742,-100.0,-100.0,-100,-100.0,-100.0,-100.0,-100,-100.0,-100.0,-100.0,-100.0,-100.0,-100.0,-100,-100,-100,-100,-100,-86.86856055954436,-100,-100,-66.80577340208316,-70.07405344113205,-100.0,-100,-100.0,-100.0,-100.0,-100.0,-100.0,-63.76071980114598,-100,-100,-100,-100,-100,-100.0,-100,-100.0,-100.0,-100.0,-100,-77.54555222555175,-65.01825037983826,-65.05015819473752,-67.02510890315145,-100,-82.27285446135106,-100.0,-84.99351213848415,-100,-100,-100,-100,-100,-100,-100,-100,-100,-100,-100,-100,-100,-100,-100,-100,-100,-100,-100,-100,-100,-100,-100,-100,-100.0,-100.0,-100,-100,-100.0,-100.0,-100.0,-100,-100,-100,-100,-100.0,-100,-100,-100,-100,-100,-100,-100,-100,-100,-100,-100,-100,-100,-100,-100,-100,-100,-100,-100,-100.0,-100,-100,-100,-100,-100,-100,-100,-100,-100,-100,-100.0,-100,-100,-100,-100,-100.0,-100,-100,-100.0,-100,-100,-100,-100.0,-100,-100,-100,-100,-100,-100,-100,-100,-100,-100,-100,-100,-100,-100,-100,-100,-100,-100,-100,-100,-100,-100,-100,-100,-100,-100,-100,-100,-100,-100,-100,-100,-100,-100,-100,-100,-100,-100,-100,-100,-100,-100,-100,-100,-100,-100,-100,-100,-100,-100,-100,-100,-100,-100,-100,-100,-100,-100,-100,-100,-78.38529160265627,-100,-100,-100,-100,-100,-100,-100,-100,-100.0,-100,-100,-100,-100,-100,-100,-100,-100,-100,-100,-100,-100,-100,-100,-100,-100,-100,-100,-100,-100,-100,-100,-100
183.8948,-49.66628240130136,-100.0,-91.35417449011598,-100.0,-100.0,-100.0,-100.0,-100,-57.916236089056696,-100.0,-100,-86.26327784704313,-100.0,-100.0,-67.28250644327683,-100.0,-100.0,-100,-100.0,-100.0,-100.0,-100,-88.29372749728306,-100.0,-100.0,-100.0,-100.0,-100.0,-100,-100,-100,-100,-100,-100.0,-100,-100,-69.40199953802555,-69.77076685301405,-100.0,-100,-100.0,-100.0,-100.0,-100.0,-100.0,-64.11066240999463,-100,-100,-100,-100,-100,-100.0,-100,-100.0,-100.0,-100.0,-100,-77.95625292834292,-64.73072121999915,-64.75361904345432,-69.84177572042185,-100,-100.0,-100.0,-85.56009554500945,-100,-100,-100,-100,-100,-100,-100,-100,-100,-100,-100,-100,-100,-100,-100,-100,-100,-100,-100,-100,-100,-100,-100,-100,-100.0,-100.0,-100,-100,-100.0,-100.0,-100.0,-100,-100,-100,-100,-100.0,-100,-100,-100,-100,-100,-100,-100,-100,-100,-100,-100,-100,-100,-100,-100,-100,-100,-100,-100,-100.0,-100,-100,-100,-100,-100,-100,-100,-100,-100,-100,-100.0,-100,-100,-100,-100,-100.0,-100,-100,-100.0,-100,-100,-100,-100.0,-100,-100,-100,-100,-100,-100,-100,-100,-100,-100,-100,-100,-100,-100,-100,-100,-100,-100,-100,-100,-100,-100,-100,-100,-100,-100,-100,-100,-100,-100,-100,-100,-100,-100,-100,-100,-100,-100,-100,-100,-100,-100,-100,-100,-100,-100,-100,-100,-100,-100,-100,-100,-100,-100,-100,-100,-100,-100,-100,-100,-78.55887031427173,-100,-100,-100,-100,-100,-100,-100,-100,-87.03976169658993,-100,-100,-100,-100,-100,-100,-100,-100,-100,-100,-100,-100,-100,-100,-100,-100,-100,-100,-100,-100,-100,-100,-100
185.9201,-51.17239462118234,-100.0,-90.68941283029157,-100.0,-100.0,-100.0,-100.0,-100,-58.78701607010272,-100.0,-100,-86.47131027781016,-100.0,-100.0,-66.63798209744063,-100.0,-100.0,-100,-100.0,-100.0,-100.0,-100,-87.3636589056965,-100.0,-100.0,-100.0,-100.0,-100.0,-100,-100,-100,-100,-100,-100.0,-100,-100,-68.72373324637722,-68.42361824183135,-100.0,-100,-100.0,-100.0,-100.0,-100.0,-100.0,-64.92654112332026,-100,-100,-100,-100,-100,-85.45524534191927,-100,-100.0,-100.0,-100.0,-100,-77.1214789497726,-63.95963191457127,-63.97606394918847,-69.039327323129,-100,-83.32530977739623,-100.0,-100.0,-100,-100,-100,-100,-100,-100,-100,-100,-100,-100,-100,-100,-100,-100,-100,-100,-100,-100,-100,-100,-100,-100,-100,-100,-100.0,-100.0,-100,-100,-100.0,-100.0,-100.0,-100,-100,-100,-100,-100.0,-100,-100,-100,-100,-100,-100,-100,-100,-100,-100,-100,-100,-100,-100,-100,-100,-100,-100,-100,-100.0,-100,-100,-100,-100,-100,-100,-100,-100,-100,-100,-100.0,-100,-100,-100,-100,-100.0,-100,-100,-100.0,-100,-100,-100,-100.0,-100,-100,-100,-100,-100,-100,-100,-100,-100,-100,-100,-100,-100,-100,-100,-100,-100,-100,-100,-100,-100,-100,-100,-100,-100,-100,-100,-100,-100,-100,-100,-100,-100,-100,-100,-100,-100,-100,-100,-100,-100,-100,-100,-100,-100,-100,-100,-100,-100,-100,-100,-100,-100,-100,-100,-100,-100,-100,-100,-100,-77.8363075279788,-100,-100,-100,-100,-100,-100,-100,-100,-100.0,-100,-100,-100,-100,-100,-100,-100,-100,-100,-100,-100,-100,-100,-100,-100,-100,-100,-100,-100,-100,-100,-100,-100
187.9459,-51.12371457001731,-100.0,-89.92998801053281,-100.0,-100.0,-100.0,-100.0,-100,-59.69428464395451,-100.0,-100,-100.0,-100.0,-100.0,-65.32832867404812,-100.0,-100.0,-100,-100.0,-100.0,-100.0,-100,-87.26097046923583,-100.0,-100.0,-100.0,-87.1875,-92.18706141585514,-100,-100,-100,-100,-100,-88.88230573543078,-100,-100,-67.67224147873767,-70.56300431492326,-100.0,-100,-100.0,-100.0,-100.0,-100.0,-100.0,-64.66490842863178,-100,-100,-100,-100,-100,-100.0,-100,-100.0,-100.0,-100.0,-100,-77.0871762467657,-63.971030880795546,-63.982822908198926,-69.59297363513897,-100,-100.0,-100.0,-100.0,-100,-100,-100,-100,-100,-100,-100,-100,-100,-100,-100,-100,-100,-100,-100,-100,-100,-100,-100,-100,-100,-100,-100,-100,-100.0,-100.0,-100,-100,-100.0,-100.0,-100.0,-100,-100,-100,-100,-100.0,-100,-100,-100,-100,-100,-100,-100,-100,-100,-100,-100,-100,-100,-100,-100,-100,-100,-100,-100,-100.0,-100,-100,-100,-100,-100,-100,-100,-100,-100,-100,-100.0,-100,-100,-100,-100,-100.0,-100,-100,-100.0,-100,-100,-100,-100.0,-100,-100,-100,-100,-100,-100,-100,-100,-100,-100,-100,-100,-100,-100,-100,-100,-100,-100,-100,-100,-100,-100,-100,-100,-100,-100,-100,-100,-100,-100,-100,-100,-100,-100,-100,-100,-100,-100,-100,-100,-100,-100,-100,-100,-100,-100,-100,-100,-100,-100,-100,-100,-100,-100,-100,-100,-100,-100,-100,-100,-100.0,-100,-100,-100,-100,-100,-100,-100,-100,-100.0,-100,-100,-100,-100,-100,-100,-100,-100,-100,-100,-100,-100,-100,-100,-100,-100,-100,-100,-100,-100,-100,-100,-100
189.9162,-53.347786151208965,-100.0,-90.23213339084785,-100.0,-100.0,-100.0,-100.0,-100,-61.75724110332853,-100.0,-100,-86.05584801392132,-100.0,-100.0,-67.21224650904885,-100.0,-100.0,-100,-100.0,-100.0,-100.0,-100,-100.0,-100.0,-100.0,-100.0,-100.0,-100.0,-100,-100,-100,-100,-100,-100.0,-100,-100,-66.91766543095787,-70.40402557957393,-100.0,-100,-100.0,-100.0,-100.0,-100.0,-100.0,-65.32428153661876,-100,-100,-100,-100,-100,-100.0,-100,-100.0,-100.0,-100.0,-100,-76.78018409727176,-63.41445966374175,-63.422921909198344,-70.27265938051428,-100,-100.0,-100.0,-87.37856804824847,-100,-100,-100,-100,-100,-100,-100,-100,-100,-100,-100,-100,-100,-100,-100,-100,-100,-100,-100,-100,-100,-100,-100,-100,-100.0,-100.0,-100,-100,-100.0,-100.0,-100.0,-100,-100,-100,-100,-100.0,-100,-100,-100,-100,-100,-100,-100,-100,-100,-100,-100,-100,-100,-100,-100,-100,-100,-100,-100,-100.0,-100,-100,-100,-100,-100,-100,-100,-100,-100,-100,-100.0,-100,-100,-100,-100,-100.0,-100,-100,-100.0,-100,-100,-100,-100.0,-100,-100,-100,-100,-100,-100,-100,-100,-100,-100,-100,-100,-100,-100,-100,-100,-100,-100,-100,-100,-100,-100,-100,-100,-100,-100,-100,-100,-100,-100,-100,-100,-100,-100,-100,-100,-100,-100,-100,-100,-100,-100,-100,-100,-100,-100,-100,-100,-100,-100,-100,-100,-100,-100,-100,-100,-100,-100,-100,-100,-80.14153587273807,-100,-100,-100,-100,-100,-100,-100,-100,-89.00516383272989,-100,-100,-100,-100,-100,-100,-100,-100,-100,-100,-100,-100,-100,-100,-100,-100,-100,-100,-100,-100,-100,-100,-100
191.9198,-54.94383397142384,-100.0,-90.44896025911241,-100.0,-100.0,-100.0,-100.0,-100,-64.36717158091643,-100.0,-100,-86.3224535882315,-100.0,-100.0,-66.0228104687948,-100.0,-100.0,-100,-100.0,-100.0,-100.0,-100,-100.0,-100.0,-100.0,-100.0,-100.0,-100.0,-100,-100,-100,-100,-100,-100.0,-100,-100,-65.24666053544044,-70.00756287916067,-100.0,-100,-100.0,-100.0,-100.0,-100.0,-100.0,-64.66796091971932,-100,-100,-100,-100,-100,-87.86807638673424,-100,-100.0,-100.0,-100.0,-100,-78.25413324646297,-64.42692911218654,-64.43300182519152,-70.4780426942635,-100,-84.9277043793129,-100.0,-88.96592380875319,-100,-100,-100,-100,-100,-100,-100,-100,-100,-100,-100,-100,-100,-100,-100,-100,-100,-100,-100,-100,-100,-100,-100,-100,-100.0,-100.0,-100,-100,-100.0,-100.0,-100.0,-100,-100,-100,-100,-100.0,-100,-100,-100,-100,-100,-100,-100,-100,-100,-100,-100,-100,-100,-100,-100,-100,-100,-100,-100,-100.0,-100,-100,-100,-100,-100,-100,-100,-100,-100,-100,-100.0,-100,-100,-100,-100,-100.0,-100,-100,-100.0,-100,-100,-100,-100.0,-100,-100,-100,-100,-100,-100,-100,-100,-100,-100,-100,-100,-100,-100,-100,-100,-100,-100,-100,-100,-100,-100,-100,-100,-100,-100,-100,-100,-100,-100,-100,-100,-100,-100,-100,-100,-100,-100,-100,-100,-100,-100,-100,-100,-100,-100,-100,-100,-100,-100,-100,-100,-100,-100,-100,-100,-100,-100,-100,-100,-100.0,-100,-100,-100,-100,-100,-100,-100,-100,-100.0,-100,-100,-100,-100,-100,-100,-100,-100,-100,-100,-100,-100,-100,-100,-100,-100,-100,-100,-100,-100,-100,-100,-100
193.9367,-55.24206958896944,-87.83500457160487,-100.0,-100.0,-100.0,-100.0,-91.768162389275,-100,-100.0,-100.0,-100,-87.64327901240087,-100.0,-100.0,-69.68725339644969,-100.0,-100.0,-100,-100.0,-100.0,-100.0,-100,-100.0,-85.70678285122617,-100.0,-100.0,-100.0,-100.0,-100,-100,-100,-100,-100,-100.0,-100,-100,-68.28314225244269,-72.54680857104206,-100.0,-100,-100.0,-100.0,-100.0,-100.0,-100.0,-66.45597486292124,-100,-100,-100,-100,-100,-87.05820132048294,-100,-100.0,-100.0,-100.0,-100,-79.31187497859452,-66.28300457982945,-66.28736250627226,-71.4725578402028,-100,-100.0,-100.0,-100.0,-100,-100,-100,-100,-100,-100,-100,-100,-100,-100,-100,-100,-100,-100,-100,-100,-100,-100,-100,-100,-100,-100,-100,-100,-100.0,-100.0,-100,-100,-100.0,-100.0,-100.0,-100,-100,-100,-100,-100.0,-100,-100,-100,-100,-100,-100,-100,-100,-100,-100,-100,-100,-100,-100,-100,-100,-100,-100,-100,-100.0,-100,-100,-100,-100,-100,-100,-100,-100,-100,-100,-100.0,-100,-100,-100,-100,-100.0,-100,-100,-100.0,-100,-100,-100,-100.0,-100,-100,-100,-100,-100,-100,-100,-100,-100,-100,-100,-100,-100,-100,-100,-100,-100,-100,-100,-100,-100,-100,-100,-100,-100,-100,-100,-100,-100,-100,-100,-100,-100,-100,-100,-100,-100,-100,-100,-100,-100,-100,-100,-100,-100,-100,-100,-100,-100,-100,-100,-100,-100,-100,-100,-100,-100,-100,-100,-100,-100.0,-100,-100,-100,-100,-100,-100,-100,-100,-100.0,-100,-100,-100,-100,-100,-100,-100,-100,-100,-100,-100,-100,-100,-100,-100,-100,-100,-100,-100,-100,-100,-100,-100
195.9284,-57.150344893166604,-87.8812328618604,-90.3221847934203,-100.0,-100.0,-92.32027002893358,-100.0,-100,-63.6987398579015,-100.0,-100,-100.0,-100.0,-100.0,-68.36368695570039,-100.0,-100.0,-100,-100.0,-100.0,-100.0,-100,-100.0,-85.50720455160007,-100.0,-92.0,-87.64503569110967,-100.0,-100,-100,-100,-100,-100,-86.37415847049331,-100,-100,-70.46219533082746,-72.1100274240178,-100.0,-100,-100.0,-100.0,-100.0,-100.0,-100.0,-68.58622421260856,-100,-100,-100,-100,-100,-100.0,-100,-100.0,-100.0,-100.0,-100,-80.07093615279211,-67.61496944523118,-67.61809679916102,-72.46862177562565,-100,-86.07762169004212,-100.0,-100.0,-100,-100,-100,-100,-100,-100,-100,-100,-100,-100,-100,-100,-100,-100,-100,-100,-100,-100,-100,-100,-100,-100,-100,-100,-100.0,-100.0,-100,-100,-100.0,-100.0,-100.0,-100,-100,-100,-100,-100.0,-100,-100,-100,-100,-100,-100,-100,-100,-100,-100,-100,-100,-100,-100,-100,-100,-100,-100,-100,-100.0,-100,-100,-100,-100,-100,-100,-100,-100,-100,-100,-100.0,-100,-100,-100,-100,-100.0,-100,-100,-100.0,-100,-100,-100,-100.0,-100,-100,-100,-100,-100,-100,-100,-100,-100,-100,-100,-100,-100,-100,-100,-100,-100,-100,-100,-100,-100,-100,-100,-100,-100,-100,-100,-100,-100,-100,-100,-100,-100,-100,-100,-100,-100,-100,-100,-100,-100,-100,-100,-100,-100,-100,-100,-100,-100,-100,-100,-100,-100,-100,-100,-100,-100,-100,-100,-100,-80.10156958214662,-100,-100,-100,-100,-100,-100,-100,-100,-100.0,-100,-100,-100,-100,-100,-100,-100,-100,-100,-100,-100,-100,-100,-100,-100,-100,-100,-100,-100,-100,-100,-100,-100
197.9041,-56.82551545317176,-100.0,-90.79595903033564,-100.0,-100.0,-100.0,-100.0,-100,-100.0,-100.0,-100,-88.02638404572173,-100.0,-100.0,-69.955244775178,-100.0,-100.0,-100,-100.0,-100.0,-100.0,-100,-100.0,-100.0,-100.0,-100.0,-100.0,-100.0,-100,-100,-100,-100,-100,-83.7271239469525,-100,-100,-72.02593677930416,-72.92608544195068,-100.0,-100,-100.0,-100.0,-100.0,-100.0,-100.0,-100.0,-100,-100,-100,-100,-100,-88.45364516273429,-100,-100.0,-100.0,-100.0,-100,-80.61565689952218,-68.57081980454748,-68.57306406973436,-72.33629437551276,-100,-86.90283029966491,-100.0,-100.0,-100,-100,-100,-100,-100,-100,-100,-100,-100,-100,-100,-100,-100,-100,-100,-100,-100,-100,-100,-100,-100,-100,-100,-100,-100.0,-100.0,-100,-100,-100.0,-100.0,-100.0,-100,-100,-100,-100,-100.0,-100,-100,-100,-100,-100,-100,-100,-100,-100,-100,-100,-100,-100,-100,-100,-100,-100,-100,-100,-100.0,-100,-100,-100,-100,-100,-100,-100,-100,-100,-100,-100.0,-100,-100,-100,-100,-100.0,-100,-100,-100.0,-100,-100,-100,-100.0,-100,-100,-100,-100,-100,-100,-100,-100,-100,-100,-100,-100,-100,-100,-100,-100,-100,-100,-100,-100,-100,-100,-100,-100,-100,-100,-100,-100,-100,-100,-100,-100,-100,-100,-100,-100,-100,-100,-100,-100,-100,-100,-100,-100,-100,-100,-100,-100,-100,-100,-100,-100,-100,-100,-100,-100,-100,-100,-100,-100,-100.0,-100,-100,-100,-100,-100,-100,-100,-100,-89.85083278025114,-100,-100,-100,-100,-100,-100,-100,-100,-100,-100,-100,-100,-100,-100,-100,-100,-100,-100,-100,-100,-100,-100,-100
199.9599,-56.02765856016287,-100.0,-100.0,-100.0,-100.0,-100.0,-100.0,-100,-61.807178527348334,-100.0,-100,-100.0,-100.0,-100.0,-70.53263395519782,-100.0,-100.0,-100,-100.0,-100.0,-100.0,-100,-100.0,-86.49348509777359,-100.0,-100.0,-100.0,-100.0,-100,-100,-100,-100,-100,-80.98042055120558,-100,-100,-100.0,-73.51170850898919,-100.0,-100,-100.0,-100.0,-100.0,-100.0,-100.0,-70.11494291925239,-100,-100,-100,-100,-100,-100.0,-100,-100.0,-100.0,-100.0,-100,-80.15943465781612,-69.53913694938564,-69.54074748862807,-71.1118302326128,-100,-86.93026866143956,-100.0,-100.0,-100,-100,-100,-100,-100,-100,-100,-100,-100,-100,-100,-100,-100,-100,-100,-100,-100,-100,-100,-100,-100,-100,-100,-100,-100.0,-100.0,-100,-100,-100.0,-100.0,-100.0,-100,-100,-100,-100,-100.0,-100,-100,-100,-100,-100,-100,-100,-100,-100,-100,-100,-100,-100,-100,-100,-100,-100,-100,-100,-100.0,-100,-100,-100,-100,-100,-100,-100,-100,-100,-100,-100.0,-100,-100,-100,-100,-100.0,-100,-100,-100.0,-100,-100,-100,-100.0,-100,-100,-100,-100,-100,-100,-100,-100,-100,-100,-100,-100,-100,-100,-100,-100,-100,-100,-100,-100,-100,-100,-100,-100,-100,-100,-100,-100,-100,-100,-100,-100,-100,-100,-100,-100,-100,-100,-100,-100,-100,-100,-100,-100,-100,-100,-100,-100,-100,-100,-100,-100,-100,-100,-100,-100,-100,-100,-100,-100,-81.76714297744864,-100,-100,-100,-100,-100,-100,-100,-100,-100.0,-100,-100,-100,-100,-100,-100,-100,-100,-100,-100,-100,-100,-100,-100,-100,-100,-100,-100,-100,-100,-100,-100,-100
201.9283,-57.996478327876744,-100.0,-100.0,-100.0,-100.0,-100.0,-100.0,-100,-64.40300789006582,-100.0,-100,-100.0,-100.0,-100.0,-72.35886094421136,-100.0,-100.0,-100,-100.0,-100.0,-100.0,-100,-100.0,-87.76601538039952,-100.0,-100.0,-100.0,-100.0,-100,-100,-100,-100,-100,-82.11545209617941,-100,-100,-71.1714857748098,-74.49671724705962,-100.0,-100,-100.0,-100.0,-100.0,-100.0,-100.0,-71.49436431305195,-100,-100,-100,-100,-100,-100.0,-100,-100.0,-100.0,-100.0,-100,-83.22054684273289,-70.51640056250542,-70.51755632460814,-71.36262778895832,-100,-100.0,-100.0,-100.0,-100,-100,-100,-100,-100,-100,-100,-100,-100,-100,-100,-100,-100,-100,-100,-100,-100,-100,-100,-100,-100,-100,-100,-100,-100.0,-100.0,-100,-100,-100.0,-100.0,-100.0,-100,-100,-100,-100,-100.0,-100,-100,-100,-100,-100,-100,-100,-100,-100,-100,-100,-100,-100,-100,-100,-100,-100,-100,-100,-100.0,-100,-100,-100,-100,-100,-100,-100,-100,-100,-100,-100.0,-100,-100,-100,-100,-100.0,-100,-100,-100.0,-100,-100,-100,-100.0,-100,-100,-100,-100,-100,-100,-100,-100,-100,-100,-100,-100,-100,-100,-100,-100,-100,-100,-100,-100,-100,-100,-100,-100,-100,-100,-100,-100,-100,-100,-100,-100,-100,-100,-100,-100,-100,-100,-100,-100,-100,-100,-100,-100,-100,-100,-100,-100,-100,-100,-100,-100,-100,-100,-100,-100,-100,-100,-100,-100,-84.09190171031123,-100,-100,-100,-100,-100,-100,-100,-100,-100.0,-100,-100,-100,-100,-100,-100,-100,-100,-100,-100,-100,-100,-100,-100,-100,-100,-100,-100,-100,-100,-100,-100,-100
203.9123,-61.10360541989855,-100.0,-100.0,-88.84457022296365,-88.80499890370417,-100.0,-100.0,-100,-67.11296521784033,-100.0,-100,-100.0,-100.0,-100.0,-72.53990303140432,-100.0,-100.0,-100,-100.0,-100.0,-100.0,-100,-100.0,-100.0,-100.0,-100.0,-100.0,-100.0,-100,-100,-100,-100,-100,-80.10622135727584,-100,-100,-73.38206792879332,-73.79170497638718,-100.0,-100,-100.0,-100.0,-100.0,-100.0,-100.0,-71.91951923826858,-100,-100,-100,-100,-100,-100.0,-100,-100.0,-100.0,-100.0,-100,-84.57014825512582,-72.34721146708098,-72.34804087005539,-71.54260621074366,-100,-100.0,-100.0,-100.0,-100,-100,-100,-100,-100,-100,-100,-100,-100,-100,-100,-100,-100,-100,-100,-100,-100,-100,-100,-100,-100,-100,-100,-100,-100.0,-100.0,-100,-100,-100.0,-100.0,-100.0,-100,-100,-100,-100,-100.0,-100,-100,-100,-100,-100,-100,-100,-100,-100,-100,-100,-100,-100,-100,-100,-100,-100,-100,-100,-100.0,-100,-100,-100,-100,-100,-100,-100,-100,-100,-100,-100.0,-100,-100,-100,-100,-100.0,-100,-100,-100.0,-100,-100,-100,-100.0,-100,-100,-100,-100,-100,-100,-100,-100,-100,-100,-100,-100,-100,-100,-100,-100,-100,-100,-100,-100,-100,-100,-100,-100,-100,-100,-100,-100,-100,-100,-100,-100,-100,-100,-100,-100,-100,-100,-100,-100,-100,-100,-100,-100,-100,-100,-100,-100,-100,-100,-100,-100,-100,-100,-100,-100,-100,-100,-100,-100,-100.0,-100,-100,-100,-100,-100,-100,-100,-100,-100.0,-100,-100,-100,-100,-100,-100,-100,-100,-100,-100,-100,-100,-100,-100,-100,-100,-100,-100,-100,-100,-100,-100,-100
206.1817,-62.48622824797049,-89.60209180930727,-89.44169676056866,-86.36650544608155,-85.77766275027521,-100.0,-100.0,-100,-69.62244785096355,-87.0,-100,-100.0,-89.50384866534108,-89.49513303049967,-75.77595589060223,-100.0,-89.8436080467229,-100,-86.0,-91.8671875,-88.85521654063773,-100,-86.62252735966449,-85.57308138122094,-93.0,-100.0,-100.0,-100.0,-100,-100,-100,-100,-100,-78.38197285081344,-100,-100,-74.96843540819832,-74.9800252131905,-87.82919795496915,-100,-100.0,-100.0,-100.0,-100.0,-100.0,-71.94224504938737,-100,-100,-100,-100,-100,-100.0,-100,-100.0,-100.0,-100.0,-100,-100.0,-74.22579726025423,-74.22639245998637,-73.64839297328315,-100,-100.0,-100.0,-100.0,-100,-100,-100,-100,-100,-100,-100,-100,-100,-100,-100,-100,-100,-100,-100,-100,-100,-100,-100,-100,-100,-100,-100,-100,-100.0,-100.0,-100,-100,-100.0,-100.0,-100.0,-100,-100,-100,-100,-100.0,-100,-100,-100,-100,-100,-100,-100,-100,-100,-100,-100,-100,-100,-100,-100,-100,-100,-100,-100,-100.0,-100,-100,-100,-100,-100,-100,-100,-100,-100,-100,-100.0,-100,-100,-100,-100,-100.0,-100,-100,-100.0,-100,-100,-100,-100.0,-100,-100,-100,-100,-100,-100,-100,-100,-100,-100,-100,-100,-100,-100,-100,-100,-100,-100,-100,-100,-100,-100,-100,-100,-100,-100,-100,-100,-100,-100,-100,-100,-100,-100,-100,-100,-100,-100,-100,-100,-100,-100,-100,-100,-100,-100,-100,-100,-100,-100,-100,-100,-100,-100,-100,-100,-100,-100,-100,-100,-100.0,-100,-100,-100,-100,-100,-100,-100,-100,-100.0,-100,-100,-100,-100,-100,-100,-100,-100,-100,-100,-100,-100,-100,-100,-100,-100,-100,-100,-100,-100,-100,-100,-100
