AppTimestamp(s),SensorTimestamp(s),acc_x,acc_y,acc_z,gyro_x,gyro_y,gyro_z,mag_x,mag_y,mag_z
45.006,6748.3987,-0.08773272136748156,0.03531582160022632,-0.1670869449978163,-0.04569,0.057,0.00248,13.5,-21.2,6.7
45.0306,6748.4187,-0.09283230445071894,0.04444847585139263,-0.13808296661706443,-0.03958,0.03684,-0.00057,13.5,-21.1,6.8
45.047,6748.4387,-0.10361077623558322,0.04412869835713587,-0.10927782876605541,-0.04997,0.01973,-0.02134,13.5,-21.2,6.8
45.0641,6748.4587,-0.1190989432451304,0.033721506930302805,-0.08108524975102327,-0.04142,-0.01936,-0.00973,13.5,-21.2,6.8
45.0913,6748.4787,-0.1364550960471632,0.014166295258664195,-0.05436179250274975,-0.02798,0.00507,0.01531,13.5,-21.2,6.8
45.1093,6748.4987,-0.15238363940283461,-0.013794869103566238,-0.030183643552062378,-0.00477,0.04478,0.01409,13.5,-21.2,6.9
45.1278,6748.5187,-0.16463128361710028,-0.042193688022379765,-0.009541896004725103,-0.00049,0.08632,-0.00057,13.5,-21.2,6.9
45.1436,6748.5387,-0.17478043975447585,-0.06912907428589693,0.006809586482823704,-0.02737,0.03867,0.0202,13.6,-21.2,7.0
45.1656,6748.5587,-0.18338914626293387,-0.0963895051920973,0.01844263577067551,-0.01271,0.0008,0.0428,13.6,-21.2,7.0
45.1832,6748.5787,-0.18564995947059365,-0.12475855118707364,0.025380506347891796,0.05693,-0.0047,0.04463,13.6,-21.2,7.0
45.2086,6748.5986,-0.18095948579298732,-0.1562692221497751,0.02782437143486227,0.1113,-0.01386,0.05441,13.6,-21.1,7.1
45.2258,6748.6186,-0.15908691217656462,-0.17118278530036513,0.02646520215562198,0.04655,0.04722,0.06235,13.6,-21.2,7.2
45.2504,6748.6386,-0.12545567944724925,-0.1721914268448952,0.02079613759609522,-0.01698,0.08632,0.04708,13.7,-21.2,7.2
45.2676,6748.6586,-0.08864772748085066,-0.16459717228874682,0.009315733414481997,-0.03164,0.06311,0.01531,13.7,-21.3,7.4
45.2866,6748.6786,-0.05383039402909435,-0.1545086716606844,-0.009895319952766712,0.02456,0.01668,0.01104,13.8,-21.3,7.5
45.3038,6748.6986,-0.022565791277747854,-0.14081999113908308,-0.038003595799244394,0.08076,0.00141,0.04647,13.7,-21.3,7.5
45.3237,6748.7186,0.0056388584044582656,-0.11972925944974402,-0.07436612790523078,0.12229,0.01302,0.06601,13.7,-21.3,7.5
45.3459,6748.7386,0.03135089345719738,-0.08513494914737531,-0.11602608977049478,0.07709,0.06799,0.03242,13.7,-21.3,7.6
45.3631,6748.7586,0.051078944562451066,-0.03805798919992452,-0.15827814915089888,0.00195,0.02645,0.01287,13.7,-21.3,7.7
45.3838,6748.7786,0.059945348121772386,0.004770410493432283,-0.19572022433237102,0.01295,0.00019,-0.0079,13.7,-21.3,7.7
45.4095,6748.7986,0.056791592215288754,0.03225746071827732,-0.22337642829927873,0.0441,-0.01081,-0.0305,13.7,-21.3,7.8
45.4239,6748.8186,0.03988850924786376,0.044211013465379825,-0.23794225771757915,0.01906,-0.00959,-0.03356,13.6,-21.3,7.8
45.4441,6748.8386,0.016881064434656815,0.04090013278350646,-0.23848350688052022,-0.01698,0.03745,-0.02256,13.6,-21.3,7.7
45.4664,6748.8586,-0.009664302694160375,0.02692400239088196,-0.2264040113185608,-0.02798,0.00507,-0.00301,13.6,-21.4,7.9
45.4849,6748.8786,-0.0356581104889966,0.0037690252507217407,-0.20497302981275922,-0.00721,-0.01325,0.00371,13.6,-21.4,7.9
45.5108,6748.8986,-0.05757502301510898,-0.024357116577037742,-0.17845786846492118,0.00928,-0.05235,0.0092,13.6,-21.4,8.0
45.5311,6748.9186,-0.0663809163728207,-0.052004233156647116,-0.15106660130339655,0.01661,-0.00898,0.01592,13.6,-21.3,8.0
45.5452,6748.9386,-0.060108806637377575,-0.07177125012016296,-0.12628891610142823,0.00318,-0.09205,0.00493,13.5,-21.3,8.1
45.578,6748.9586,-0.044840210968623666,-0.08246177534219742,-0.10674941293969731,0.027,0.03684,-0.01095,13.5,-21.3,8.1
45.5875,6748.9786,-0.021667185636441294,-0.08196605301602158,-0.09421683983056006,-0.00782,-0.02058,0.00798,13.5,-21.3,8.2
45.6138,6748.9986,-0.0007214738914558332,-0.07081064351550849,-0.08990037300985065,-0.03836,-0.03585,0.01776,13.5,-21.3,8.2
45.6274,6749.0186,0.020002873669289874,-0.05847058060492143,-0.09445617629066128,-0.01454,-0.03158,0.01287,13.5,-21.4,8.3
45.6521,6749.0385,0.0331698284574674,-0.04624494492839253,-0.10761841017384022,0.02944,0.00874,0.00493,13.5,-21.4,8.3
45.6661,6749.0585,0.0410751503399621,-0.03168396546279002,-0.1279190162769961,0.027,-0.04868,-0.01828,13.5,-21.4,8.4
45.6847,6749.0785,0.040482282249080785,-0.016432078005149654,-0.15256395351999252,-0.02187,0.00141,-0.03172,13.5,-21.4,8.5
45.7079,6749.0985,0.030356853969023222,-0.0013606663683866519,-0.17770770859089957,-0.02126,-0.01814,-0.0531,13.4,-21.4,8.4
45.7233,6749.1185,0.003514052483277624,0.006113776965313918,-0.19909898472511323,-0.00965,0.05211,-0.05188,13.5,-21.4,8.4
45.7503,6749.1385,-0.032940300475914105,0.006174216933379051,-0.21289908296484406,-0.03775,-0.05418,-0.03111,13.5,-21.4,8.6
45.7701,6749.1585,-0.0744078727468425,-0.005873762710774372,-0.21615943008902327,-0.02004,-0.06823,-0.02561,13.5,-21.4,8.5
45.7872,6749.1785,-0.10880658860065784,-0.025432694696399687,-0.20700505681872805,-0.00782,-0.00042,-0.03661,13.5,-21.4,8.3
45.8034,6749.1985,-0.12802826569840892,-0.04760977351736023,-0.18473719727447246,-0.03042,-0.01447,-0.03905,13.5,-21.4,8.3
45.8306,6749.2185,-0.12554145619765925,-0.06384873629387022,-0.15001020392184117,-0.06463,0.01668,-0.03111,13.6,-21.5,8.2
45.8437,6749.2385,-0.11368945229800917,-0.08475835209302249,-0.10548494785310503,-0.03287,0.02279,-0.00851,13.6,-21.5,8.2
45.8633,6749.2585,-0.09314733901886361,-0.10255555689382288,-0.05523240702101617,-0.02126,0.00935,0.00615,13.6,-21.5,8.2
45.8846,6749.2785,-0.06907736864022429,-0.1200832614635389,-0.004825449806588722,-0.01271,-0.05418,0.03242,13.7,-21.5,8.1
45.9135,6749.2985,-0.043459460267951874,-0.13621860986662218,0.03953459702992923,0.03005,-0.04929,0.00676,13.7,-21.5,8.1
45.9323,6749.3185,-0.017248485161155347,-0.14517353424454812,0.07196657915142701,0.02517,0.01302,-0.0305,13.7,-21.5,8.0
45.9472,6749.3385,-0.003455099686773898,-0.14912749747320095,0.08769819471454632,-0.00965,0.0344,-0.04577,13.7,-21.5,8.0
45.9696,6749.3585,-0.005447539961401889,-0.1525596383228849,0.08396309409130787,0.00134,0.03195,-0.03661,13.7,-21.5,7.9
45.9868,6749.3785,-0.028454397896716582,-0.15476820469894975,0.060512086357828565,0.04777,-0.01264,-0.02195,13.7,-21.5,7.9
46.0075,6749.3985,-0.06031552380837674,-0.15518439762731864,0.019760066699594958,0.0832,-0.03402,-0.025,13.7,-21.5,7.9
46.0274,6749.4185,-0.08908713890934863,-0.14595578571429615,-0.033141846101559125,0.06304,0.00141,-0.03111,13.7,-21.5,8.0
46.0455,6749.4386,-0.10920994446655145,-0.12685328464447934,-0.09116405550969553,0.02517,0.05333,-0.02989,13.7,-21.5,7.9
46.067,6749.4586,-0.11992398410308741,-0.10708357940940509,-0.14640258725704314,0.02761,0.05761,0.00187,13.7,-21.5,7.9
46.0878,6749.4786,-0.12326277975342848,-0.09253790897847924,-0.1910889705221379,0.08076,-0.02608,0.02753,13.7,-21.5,8.0
46.1205,6749.4987,-0.11924103804279435,-0.09256832688052344,-0.21905027400837085,0.07587,-0.0554,0.02081,13.8,-21.4,8.0
46.1284,6749.5187,-0.09924255643496355,-0.09012312667816783,-0.22687330151635088,0.01478,0.01179,-0.00118,13.7,-21.4,7.9
46.1443,6749.5387,-0.07347795208095628,-0.09809886414870447,-0.21590680898369818,-0.0292,0.05211,-0.025,13.7,-21.4,7.8
46.1643,6749.5587,-0.05089409557186154,-0.11399881926083469,-0.191664071075353,-0.03348,0.04539,-0.01645,13.7,-21.4,7.7
46.1861,6749.5788,-0.04082550540000878,-0.13633182415759182,-0.162710818483923,0.00318,-0.00775,-0.00301,13.7,-21.3,7.8
46.2085,6749.5988,-0.04149803976199765,-0.15680589415661952,-0.13791144327267624,0.03005,-0.04441,0.00065,13.7,-21.3,7.7
46.227,6749.6188,-0.04315954743290481,-0.1620585938032307,-0.12327905174368148,0.03616,-0.01875,-0.00485,13.7,-21.3,7.7
46.2468,6749.6389,-0.0404947736175629,-0.1483436367202689,-0.11996094179695937,0.02028,0.03806,-0.01951,13.7,-21.4,7.8
46.2637,6749.6589,-0.03678449971835506,-0.1211121990330594,-0.12396985462578414,0.00195,0.08754,-0.00546,13.8,-21.3,7.8
46.2931,6749.6789,-0.03458567445988292,-0.0964190000095815,-0.12794272804385898,0.01784,0.02462,0.01531,13.8,-21.3,7.8
46.3096,6749.6989,-0.03622421201116131,-0.082406306152379,-0.12419084268245406,0.02089,-0.0554,0.00798,13.8,-21.3,7.9
46.3269,6749.719,-0.037860617478988154,-0.08691594500312239,-0.10828812612928296,0.01845,-0.04502,-0.00362,13.8,-21.4,7.9
46.3459,6749.739,-0.03717468927410069,-0.10843280178111395,-0.08127796531803888,-0.02309,0.00813,-0.00973,13.9,-21.3,8.0
46.3677,6749.759,-0.035909789776965545,-0.1422472613580702,-0.0498760015217119,-0.05119,0.03989,-0.02012,13.9,-21.3,7.9
46.3842,6749.7791,-0.04056140156812507,-0.18575997893806612,-0.02443145308303052,-0.02737,0.01973,-0.00423,13.8,-21.3,7.9
46.4074,6749.7991,-0.0501371455573604,-0.22949425142442234,-0.014974664482242162,0.05143,-0.03402,-0.00607,13.8,-21.3,7.9
46.4258,6749.8191,-0.05889314159750638,-0.2546998746710722,-0.026953320260757252,0.11619,-0.04196,-0.00362,13.9,-21.3,7.7
46.4446,6749.8391,-0.06060435747708496,-0.25178371052528287,-0.05917796597925218,0.07587,0.02035,0.01104,14.0,-21.4,7.5
46.4697,6749.8592,-0.05292014468316039,-0.22233651665880386,-0.1043881112143481,0.04044,0.06555,0.02753,14.0,-21.3,7.4
46.4882,6749.8792,-0.03854316916471877,-0.17234259777439465,-0.151877678858515,0.01234,0.03806,0.02509,14.0,-21.3,7.3
46.5143,6749.8992,-0.020718653625395003,-0.12369528913108327,-0.1912672743819943,0.01539,-0.02119,0.00432,14.1,-21.3,7.1
46.5244,6749.9193,-0.0023649852431449794,-0.08911906799248154,-0.21494159071274588,0.02211,-0.03097,-0.00851,14.1,-21.3,6.9
46.5459,6749.9393,0.012914831053167736,-0.07884670630449805,-0.2198295721073702,0.01539,0.03134,-0.02073,14.1,-21.3,6.4
46.5646,6749.9593,0.02080663497910656,-0.0890317405193926,-0.20734659817249224,-0.00232,0.00813,-0.01401,14.2,-21.3,6.3
46.5842,6749.9793,0.02045781138408841,-0.1132407970013176,-0.18240481154192878,0.01356,0.00019,-0.02012,14.2,-21.3,6.1
46.608,6749.9993,0.014852301396315137,-0.14160837521960673,-0.15181975386794555,-0.02737,-0.02058,-0.0305,14.2,-21.3,5.8
46.6268,6750.0193,0.002407347153919466,-0.16861470764402528,-0.1228573846331944,-0.03103,0.02768,-0.0531,14.3,-21.3,5.7
46.6569,6750.0393,-0.011974843722489286,-0.18643707348314423,-0.10182904753318311,-0.00843,0.04967,-0.02073,14.3,-21.3,5.5
46.6688,6750.0593,-0.033633721427935616,-0.18666363520588575,-0.09297944712506734,0.03128,-0.02119,-0.00301,14.3,-21.3,5.5
46.6864,6750.0793,-0.05350650853829072,-0.16602955234032474,-0.097841088783996,0.04655,-0.02791,0.00676,14.4,-21.3,5.4
46.7104,6750.0993,-0.06384548503594273,-0.1224352478291984,-0.11500500511010081,0.016,-0.02547,0.01043,14.4,-21.3,5.4
46.7274,6750.1193,-0.05873531471397471,-0.06157096661185987,-0.14076031658511035,-0.02309,0.02218,-0.00301,14.4,-21.2,5.4
46.751,6750.1393,-0.039233672126933995,0.0015030466017983376,-0.16993539512997202,-0.03225,0.02035,-0.02806,14.4,-21.2,5.4
46.7678,6750.1593,-0.01068501410449194,0.045296097233169685,-0.19662544832080364,-0.02248,-0.02119,-0.01034,14.4,-21.2,5.3
46.7882,6750.1793,0.024890230104455305,0.059732795743414134,-0.21523261950046013,-0.00599,-0.11832,0.01715,14.4,-21.3,5.3
46.8178,6750.1993,0.06518090142288206,0.043619995216662766,-0.22176918844727567,-0.05119,-0.11099,-0.00668,14.4,-21.2,5.3
46.832,6750.2193,0.11391898789489595,-0.00998983098266254,-0.214880402347724,-0.0463,-0.01386,-0.03172,14.4,-21.2,5.4
46.8471,6750.2393,0.15257955214448007,-0.0897350747142754,-0.19633807281300086,-0.10617,-0.04318,-0.05982,14.4,-21.2,5.6
46.8627,6750.2592,0.16800835699693897,-0.1875338798057657,-0.1709412345295238,-0.10311,-0.08228,-0.06654,14.4,-21.2,5.6
46.8833,6750.2792,0.154351486687487,-0.2892084977573527,-0.14556383994931643,-0.03592,-0.10061,-0.06838,14.4,-21.2,5.5
46.9067,6750.2992,0.11474262502397478,-0.37987730719368407,-0.1271594197042969,0.01112,-0.07495,-0.09281,14.4,-21.2,5.5
46.924,6750.3192,0.05638798564401672,-0.4394582049999596,-0.12017550289262147,-0.00538,-0.03524,-0.08792,14.5,-21.1,5.3
46.9584,6750.3392,-0.0029559919468289965,-0.4514212761053587,-0.12551883265662056,-0.04386,-0.02486,-0.06838,14.5,-21.1,5.2
46.9685,6750.3592,-0.06020768101259719,-0.4326282232510321,-0.1420616070216827,-0.06463,-0.06823,-0.02134,14.6,-21.0,5.1
46.9866,6750.3792,-0.09894080565598659,-0.38070155682081064,-0.16494185498044622,-0.03409,-0.04807,0.00126,14.6,-21.0,5.1
47.0069,6750.3992,-0.11363574853758654,-0.3121012236482379,-0.18813270496147005,0.01661,-0.04013,0.00982,14.7,-21.0,5.1
47.0276,6750.4192,-0.10295556170254615,-0.23654931004396257,-0.20456687756844794,0.016,-0.06579,0.04036,14.7,-20.9,5.1
47.0439,6750.4392,-0.06795690949524297,-0.16013337256337407,-0.20809029441229043,0.0099,-0.06884,0.07884,14.7,-20.9,5.1
47.0648,6750.4592,-0.024815940492910686,-0.09134243649530585,-0.19549621613866286,-0.02615,-0.04807,0.05197,14.7,-20.9,5.0
47.0863,6750.4792,0.01712368009665555,-0.040331832878431985,-0.16723939938779253,-0.08418,-0.00714,0.01653,14.8,-20.9,5.0
47.1082,6750.4992,0.04633081442492971,-0.01721050949216403,-0.12734188744592423,-0.08723,-0.0609,0.00187,14.8,-20.8,5.0
47.1251,6750.5192,0.057709677999752775,-0.02926189477051434,-0.08217367050679947,-0.06463,-0.08595,-0.01645,14.8,-20.8,4.9
47.1459,6750.5392,0.051576307260113995,-0.06485549346778152,-0.03862595547229475,-0.04142,-0.02852,-0.04638,14.9,-20.8,4.8
47.1719,6750.5592,0.035813554782874714,-0.1134484822396685,-0.002236090217028419,-0.03164,0.01729,-0.04333,14.8,-20.8,4.8
47.2006,6750.5792,0.015331262916177795,-0.1648278139612979,0.023958881398840504,-0.02981,0.02096,-0.02867,14.9,-20.8,4.7
47.2132,6750.5992,-0.014374060057842884,-0.21709615537508103,0.039158325849610875,-0.02798,-0.00714,-0.04822,15.0,-20.7,4.8
47.2251,6750.6192,-0.04063788030925026,-0.2631376855382158,0.04413402998285498,-0.00538,-0.0218,-0.05555,14.9,-20.8,4.8
47.245,6750.6392,-0.057192582064111354,-0.3027148482950515,0.04011403936868341,0.01478,-0.03524,-0.01828,15.0,-20.7,4.8
47.2664,6750.6591,-0.05865265179178768,-0.33445968551279653,0.028246176822911195,0.03494,-0.00103,-0.0189,15.0,-20.7,4.7
47.286,6750.6791,-0.04637317559544289,-0.3538200604009218,0.009520269056842778,0.04533,0.09487,-0.04089,14.9,-20.7,4.7
47.3076,6750.6991,-0.025781462194855956,-0.3602235003173708,-0.015181421293137376,0.02517,0.03745,-0.04516,14.9,-20.8,4.7
47.3275,6750.7191,-0.007814761087304811,-0.3536404052685812,-0.044555755428117294,0.03616,0.05333,-0.02073,14.9,-20.8,4.6
47.3461,6750.7391,0.006163595684439073,-0.3370131557375563,-0.07664128109654733,0.04899,-0.03036,0.01653,14.9,-20.8,4.6
47.377,6750.7591,0.017881690354676457,-0.32111222712825604,-0.10893488868646806,0.07526,0.00568,0.02203,15.0,-20.8,4.6
47.3866,6750.7791,0.03568592429568403,-0.2833629622382344,-0.13722526740609098,0.06487,0.02218,0.01104,14.9,-20.7,4.5
47.4131,6750.7991,0.05856220683744959,-0.24866888248804137,-0.15869813066818672,0.05449,0.03806,-0.01767,14.9,-20.7,4.6
47.4248,6750.8191,0.07165001786910706,-0.2086308626543519,-0.16997768549386016,0.02089,0.06494,-0.025,14.9,-20.7,4.6
47.4455,6750.8391,0.07761005488796457,-0.17782473161553544,-0.16979859946657783,-0.03042,0.01057,4e-05,14.9,-20.7,4.6
47.4667,6750.8591,0.07305552043327307,-0.16457282126104694,-0.15869549208889566,0.00318,-0.01325,4e-05,14.9,-20.7,4.6
47.4879,6750.8791,0.062079016931256344,-0.1713382654196598,-0.1393537855770397,0.05571,-0.02486,-0.00607,14.9,-20.8,4.6
47.5108,6750.8991,0.04819693002981863,-0.19346732205826683,-0.11610499167666077,0.02578,0.04111,-0.00973,14.9,-20.7,4.5
47.5253,6750.9191,0.03191711755060604,-0.22164572449010145,-0.09404048975067525,-0.01515,0.01302,-0.00423,14.8,-20.8,4.5
47.5502,6750.9391,0.018135428983273007,-0.25139984529350706,-0.07815125806961198,0.00318,0.00507,-0.0134,14.8,-20.8,4.5
47.5691,6750.9591,0.008419951266596086,-0.27572711029776326,-0.07205890008739857,0.02517,-0.02242,-0.03539,14.9,-20.8,4.7
47.586,6750.9791,0.005994782973404065,-0.2893448936134123,-0.07718977870983323,0.03066,0.04783,-0.03539,14.9,-20.7,4.7
47.6104,6750.9991,0.01243012988808119,-0.29273404073574644,-0.09240773676107672,0.02028,0.05211,-0.00912,15.0,-20.7,4.7
47.627,6751.0191,0.02034272584831744,-0.28073548660920955,-0.11389147240824826,0.05205,0.02645,0.02264,15.0,-20.6,4.6
47.6527,6751.0391,0.02762777853030508,-0.26466108496141894,-0.13679465454407946,0.07037,-0.04074,0.03242,14.9,-20.6,4.6
47.6763,6751.0591,0.04211321994195167,-0.2406168879031962,-0.1558586680145826,0.0441,-0.02425,0.01348,14.9,-20.6,4.7
47.691,6751.079,0.06236975921717361,-0.21419524853911856,-0.16750358208173033,-0.01026,0.02096,-0.0134,14.9,-20.6,4.7
47.7177,6751.099,0.08879677678858384,-0.19164516378960364,-0.17032088467068185,-0.03714,0.09609,-0.04822,14.9,-20.6,4.6
47.7399,6751.119,0.09747833380969514,-0.18420458243446305,-0.16481066976117198,-0.0292,0.0741,-0.04516,14.9,-20.6,4.7
47.7472,6751.139,0.08358878778412364,-0.19312998242215598,-0.15290541476556108,0.01417,-0.02975,-0.0134,15.0,-20.5,4.7
47.7663,6751.159,0.05587837412740382,-0.21469727017948056,-0.13744434540342176,0.03005,-0.06334,0.02753,14.9,-20.6,4.6
47.7861,6751.179,0.028726601944982073,-0.23901882437314168,-0.12122047747323528,0.03616,-0.04318,0.02814,14.9,-20.6,4.7
47.8104,6751.199,0.013074316454874406,-0.2583965961117286,-0.1066215751931967,0.01967,0.00752,-0.00546,14.9,-20.6,4.8
47.8248,6751.219,0.004747652247426538,-0.2717825205200493,-0.09582151528799265,-0.01148,0.0625,-0.02989,15.0,-20.6,4.6
47.8486,6751.239,-0.000419135028653696,-0.2829761642292789,-0.09089361082812886,-0.02492,-0.00226,-0.00973,14.9,-20.5,4.7
47.8691,6751.259,-0.007551137778293095,-0.2954278680899716,-0.0934578180580683,0.03677,-0.04013,0.02264,14.9,-20.5,4.7
47.8891,6751.279,-0.010140241257816556,-0.304400961533178,-0.10398502484476424,0.06915,-0.03952,0.03669,14.9,-20.5,4.6
47.9126,6751.299,-0.0028841815548140463,-0.30372215346359854,-0.12154834678444892,0.06426,0.01118,0.01104,14.9,-20.5,4.6
47.9247,6751.319,0.010691797978284926,-0.28963854251932447,-0.14382566982672174,-0.02187,0.08204,-0.00362,15.0,-20.4,4.6
47.9448,6751.339,0.0242658418198693,-0.27181838279134296,-0.1675538467048341,-0.02859,0.02523,0.01959,15.0,-20.4,4.7
47.9712,6751.359,0.031215926488206668,-0.26010712941702124,-0.18841288572959236,0.0606,-0.01997,0.0257,15.0,-20.4,4.6
47.9895,6751.3791,0.03682755282762658,-0.24923496108530024,-0.20133074167737952,0.08259,-0.00959,4e-05,15.0,-20.4,4.6
48.0096,6751.3991,0.046111513420773964,-0.23850000477085623,-0.20207735855274755,-0.00171,0.0344,-0.00179,15.0,-20.4,4.7
48.0248,6751.4191,0.058293279419438654,-0.22925748085885908,-0.18848449873391715,-0.05974,0.08143,-0.00729,15.0,-20.4,4.7
48.0491,6751.4392,0.07511862702479156,-0.22245543545264482,-0.16156169803008424,-0.06891,0.04661,-0.0079,14.9,-20.4,4.6
48.0651,6751.4592,0.08876673383390085,-0.2326441765265502,-0.12600188732276507,-0.02309,-0.01753,-0.00301,14.9,-20.4,4.7
48.087,6751.4792,0.102040432869965,-0.2529481369794938,-0.08855114437233524,0.03189,-0.06701,0.01531,14.9,-20.3,4.7
48.1164,6751.4992,0.12088036705858514,-0.27721367167199107,-0.05646940076812612,0.03983,-0.04318,0.02753,14.9,-20.3,4.7
48.1271,6751.5193,0.15360635534115885,-0.2882667023864186,-0.03493099201758021,0.01661,0.04417,0.0092,14.9,-20.3,4.9
48.145,6751.5393,0.19068033712447255,-0.29400073934362364,-0.026269070342621603,0.01417,0.03195,-0.02684,15.0,-20.3,4.9
48.1664,6751.5593,0.22091953710156673,-0.298515557684195,-0.029151156290996738,0.03616,0.02462,-0.05677,15.0,-20.3,4.9
48.1849,6751.5794,0.23342340255662405,-0.3042504903900849,-0.03995602174220281,0.04594,-0.03219,-0.04089,15.0,-20.3,5.0
48.2083,6751.5994,0.2300964408159987,-0.3137857539158038,-0.05527374637056681,0.03066,-0.09205,-0.01095,14.9,-20.3,5.1
48.25,6751.6194,0.2203528649059362,-0.3264318419148618,-0.0733829028371158,0.0325,-0.04135,-0.04028,14.9,-20.4,5.1
48.251,6751.6394,0.1996675088010652,-0.32545940070314383,-0.09364086114172743,0.01845,0.01607,-0.07021,14.9,-20.4,5.1
48.2714,6751.6595,0.18178193535169818,-0.3236868152447965,-0.11771423138910286,0.01112,-0.02364,-0.07937,14.9,-20.4,5.1
48.2875,6751.6795,0.15519979308393708,-0.31426023389425833,-0.14533450473356702,0.05205,-0.04563,-0.05371,14.9,-20.4,5.1
48.3323,6751.6995,0.1212567381790779,-0.31430003610321,-0.17522673501908592,0.07953,-0.05357,-0.02867,14.9,-20.4,5.1
48.3374,6751.7196,0.08910252009207176,-0.2864379677426127,-0.20226002774187712,0.04105,-0.05907,-0.02256,15.0,-20.4,5.0
48.348,6751.7396,0.055792845085387684,-0.26115285136003386,-0.22236175126928792,-0.00721,-0.03158,-0.01828,14.9,-20.4,5.1
48.367,6751.7596,0.022983913819158146,-0.24170131038034376,-0.23142716340488434,-0.02309,-0.04502,-0.03172,14.9,-20.4,5.0
48.3849,6751.7796,-0.010035044096519313,-0.23361793083382462,-0.22766713183032117,-0.01332,-0.02852,-0.06043,14.9,-20.4,5.1
48.4074,6751.7997,-0.0436012789938132,-0.23768586990076968,-0.21191256051138652,-0.03714,0.00691,-0.08059,14.8,-20.4,5.1
48.4264,6751.8197,-0.08471284383909283,-0.2563332260387646,-0.18728554416805387,-0.04386,0.00752,-0.06471,14.9,-20.4,5.1
48.446,6751.8397,-0.1296582472281615,-0.28588776248729,-0.15776925847220724,0.00257,0.0179,-0.02439,14.8,-20.3,5.1
48.4759,6751.8598,-0.17107140962443185,-0.32343163997118995,-0.1270584581273777,0.03005,0.01363,0.01653,14.8,-20.4,5.1
48.4873,6751.8798,-0.2027796032597985,-0.35795416664435664,-0.09753583152696699,0.02517,0.02645,0.01287,14.7,-20.4,5.0
48.5142,6751.8998,-0.21540321020493272,-0.38973897932320706,-0.07084174464768189,-0.0182,0.04417,-0.00973,14.8,-20.4,5.0
48.5344,6751.9198,-0.21109535846712613,-0.41792608338885506,-0.04839859519676004,-0.01576,0.04356,0.00798,14.8,-20.4,4.9
48.5477,6751.9398,-0.19099571316531977,-0.4431242677192377,-0.03174526298718483,0.01356,0.05089,0.05319,14.8,-20.4,5.0
48.5685,6751.9598,-0.1585528562909078,-0.4652630869077596,-0.022505985905123538,0.0441,0.06921,0.08984,14.8,-20.4,5.0
48.5885,6751.9798,-0.118250639389796,-0.4786694605409023,-0.021612269757916636,0.0606,0.06005,0.08556,14.8,-20.4,5.0
48.6136,6751.9998,-0.07878898485783246,-0.4828700761065781,-0.029170048063194898,0.07281,0.02829,0.08434,14.8,-20.4,4.9
48.6362,6752.0198,-0.038563421316565885,-0.47191315974240666,-0.04340013827615685,0.07281,0.06005,0.10206,14.8,-20.4,4.9
48.6524,6752.0398,0.004330440915770741,-0.4473308460788796,-0.06154307727972963,0.04655,0.05822,0.08862,14.8,-20.4,4.8
48.6673,6752.0598,0.047538416933313794,-0.4180597086774746,-0.08033954878379745,0.04838,0.10831,0.05197,14.8,-20.4,4.8
48.6869,6752.0798,0.09234779665967457,-0.39109389075625306,-0.09648222063974288,0.04471,0.17001,0.02753,14.8,-20.5,4.7
48.7149,6752.0998,0.13116113604507662,-0.37041597109321955,-0.10767212528616632,0.01723,0.1303,0.05441,14.8,-20.5,4.7
48.7359,6752.1198,0.15752549020563472,-0.35547842835431864,-0.11351983095125462,0.03189,0.00568,0.10206,14.8,-20.6,4.7
48.7465,6752.1398,0.19303113578352663,-0.34143043258135986,-0.11629280785009577,0.04594,-0.09328,0.14604,14.8,-20.6,4.6
48.7767,6752.1598,0.20681723841600258,-0.3390036783913826,-0.11931479726201566,0.08809,-0.02425,0.16131,14.8,-20.7,4.6
48.7979,6752.1798,0.2378261410801753,-0.32469411536782294,-0.12582371374185186,0.06732,0.07288,0.07884,14.8,-20.7,4.7
48.8162,6752.1998,0.26167314434433214,-0.30254268201103995,-0.1366582560093832,-0.0121,0.05578,0.0147,14.8,-20.7,4.7
48.8268,6752.2198,0.25881071854432086,-0.2810517256256646,-0.1495499753575409,-0.00721,0.02096,4e-05,14.8,-20.8,4.7
48.848,6752.2398,0.2278256126623324,-0.26900556624132216,-0.15995561390618995,0.01539,0.02523,0.00065,14.6,-20.9,4.7
48.8682,6752.2598,0.1727209182381993,-0.2741968442703893,-0.16263195703649203,-0.0011,-0.0047,0.01776,14.6,-20.9,4.7
48.8944,6752.2798,0.10772679750460835,-0.29816648205950197,-0.15394629527831327,-0.00904,-0.00714,0.03486,14.5,-21.0,4.8
48.9147,6752.2998,0.049476594021036914,-0.33657945263605116,-0.13348066890193522,0.027,0.03806,0.01776,14.4,-21.0,4.9
48.9287,6752.3197,0.004608919499616743,-0.3849432424815733,-0.10491265085263635,-0.02309,0.01118,0.01531,14.3,-21.1,5.0
48.9517,6752.3397,-0.023896890833718133,-0.43618695334697477,-0.07557985043112936,-0.0011,0.01607,-0.00301,14.3,-21.1,5.1
48.9651,6752.3597,-0.03746884122513036,-0.4819167257019447,-0.05463462412568276,0.02028,0.00385,-0.01767,14.2,-21.1,5.2
48.993,6752.3797,-0.0341835237284371,-0.5211673186262384,-0.050635850619620726,0.06671,0.01729,0.0147,14.2,-21.1,5.3
49.0093,6752.3997,-0.02416198651264753,-0.5282910807319482,-0.06692146707232105,0.1284,0.04661,0.00982,14.2,-21.2,5.3
49.0272,6752.4197,-0.010989624803901725,-0.5082005072073099,-0.10233902374402248,0.10824,-0.00959,0.03486,14.1,-21.1,5.3
49.0446,6752.4397,0.005316802426616064,-0.46198820743177116,-0.14917797063604787,0.12535,-0.18491,0.06235,14.0,-21.1,5.4
49.0682,6752.4597,0.018361078356043697,-0.40975154422578075,-0.19587946225980346,0.20232,-0.25271,0.08006,13.9,-21.1,5.4
49.0906,6752.4797,0.04809611785902786,-0.34839063520450847,-0.2285028043335693,0.1901,-0.20018,0.11183,13.9,-21.1,5.5
49.1125,6752.4997,0.09577419551889693,-0.28650492452593523,-0.2368334422075975,0.12413,-0.13726,0.12954,13.8,-21.1,5.4
49.1327,6752.5197,0.15869304088543593,-0.23212819810182705,-0.2174117394114372,0.07343,-0.13298,0.11,13.8,-21.1,5.6
49.1538,6752.5397,0.2250090935557659,-0.19703791214509722,-0.17499781444057483,0.00318,-0.1397,0.05807,13.8,-21.1,5.7
49.1673,6752.5597,0.2912778363819896,-0.18913626321807797,-0.12140922389829534,-0.01943,-0.11588,0.00065,13.8,-21.1,5.8
49.1891,6752.5797,0.33902143095840465,-0.20624250983396503,-0.0714483036520086,-0.0121,-0.04135,-0.03172,13.8,-21.1,5.9
49.2158,6752.5997,0.3590141683122795,-0.2434833226682857,-0.03919135966394194,0.02883,0.00019,-0.02806,13.7,-21.1,5.8
49.2263,6752.6197,0.3490185262181601,-0.27655197717167485,-0.03371129405316786,0.07526,-0.07373,-0.00668,13.7,-21.1,5.8
49.2528,6752.6397,0.30455949815520117,-0.3095421249088098,-0.0576954342541498,0.0496,-0.13604,-0.00912,13.8,-21.1,5.8
49.2713,6752.6597,0.2485137294596484,-0.3209870484669731,-0.10667491419186348,0.01417,-0.10794,-0.04516,13.7,-21.1,5.8
49.2905,6752.6797,0.1851943870835949,-0.31771242150408546,-0.17040766361446202,0.03066,-0.03524,-0.10686,13.7,-21.1,5.9
49.3102,6752.6997,0.1127704363024803,-0.3076191583790557,-0.23541705291528103,-0.00415,0.04417,-0.11969,13.9,-21.1,6.0
49.3251,6752.7196,0.023022767831088288,-0.3001549741091608,-0.2884256898919002,-0.03531,-0.02058,-0.07693,13.9,-21.1,6.0
49.3532,6752.7396,-0.07530852097139214,-0.29858058449462654,-0.31939944136108167,-0.01515,-0.08228,-0.01951,13.9,-21.1,5.9
49.3675,6752.7596,-0.16830498104903657,-0.3070083886328396,-0.3233857662920503,-0.00843,-0.06518,0.00432,13.9,-21.1,5.8
49.3912,6752.7796,-0.24288348189803574,-0.31417795523437436,-0.3006368915983977,-0.08296,-0.01692,-0.00668,13.9,-21.1,5.9
49.4162,6752.7996,-0.2849251650402179,-0.32096168524595037,-0.2566919506815939,-0.09701,0.03073,0.01653,13.9,-21.1,5.9
49.4321,6752.8196,-0.2914549310872436,-0.3335533742652545,-0.20054173061624958,-0.05547,0.0344,0.05685,13.9,-21.2,5.8
49.449,6752.8396,-0.26360492652868517,-0.34208946077388014,-0.1409829085076435,0.00928,0.02829,0.0874,13.9,-21.2,5.8
49.4664,6752.8596,-0.20496254103870803,-0.34492320990470826,-0.08481736328293366,0.02456,0.00446,0.1216,13.9,-21.2,5.7
49.4964,6752.8797,-0.13721622164632172,-0.3476165419984249,-0.03597310270408727,0.03738,-0.00348,0.13993,13.8,-21.1,5.7
49.5147,6752.8997,-0.03832246886437706,-0.3465806810391097,0.005302371145290863,0.02944,0.00935,0.14665,13.9,-21.1,5.7
49.5447,6752.9197,0.05761371389632036,-0.35519070426046057,0.038081065932244584,0.03555,-0.00959,0.10755,13.9,-21.2,5.7
49.5521,6752.9398,0.1506385468821929,-0.37382500075159736,0.06144579388146987,0.0215,0.0515,0.02081,13.8,-21.2,5.6
49.5698,6752.9598,0.2189212991610587,-0.40552066285461896,0.07315143695186244,-0.02737,0.09487,-0.03417,13.9,-21.2,5.7
49.5853,6752.9798,0.2511464467485537,-0.44724118794047135,0.07038116015532125,-0.02615,0.05822,-0.03905,13.8,-21.3,5.6
49.6069,6752.9998,0.2548264932800856,-0.4904116118666747,0.050402827224752755,0.02883,0.03989,-0.01767,13.6,-21.3,5.4
49.627,6753.0199,0.2384241907771797,-0.5207701739542508,0.012746496053885892,0.08625,0.03684,-0.00973,13.6,-21.4,5.4
49.6457,6753.0399,0.21790215384477613,-0.5253132249543147,-0.039572899164321385,0.07831,0.07349,-0.01156,13.5,-21.4,5.4
49.6721,6753.0599,0.2053931373216716,-0.5078785246425503,-0.10012386903389192,0.05205,0.07166,0.00493,13.5,-21.4,5.5
49.6914,6753.08,0.19657193427624467,-0.4647369272650783,-0.1587438932517795,0.08748,0.07593,0.02875,13.5,-21.5,5.4
49.7122,6753.1,0.1893972457169805,-0.41588589866956716,-0.20613377794710175,0.10153,0.04173,0.00554,13.4,-21.5,5.4
49.7328,6753.12,0.1782989502032861,-0.3733606142818673,-0.2349434157214283,0.04655,-0.00775,-0.02928,13.4,-21.5,5.4
49.7514,6753.14,0.15922213416893738,-0.34760782056362005,-0.24237980890988808,-0.02187,-0.01753,-0.05982,13.4,-21.5,5.4
49.7684,6753.1601,0.13073396727057926,-0.345320232754574,-0.2307612997992603,-0.02492,0.03256,-0.06043,13.4,-21.5,5.3
49.7872,6753.1801,0.09741955520804997,-0.36404335248752584,-0.20648443539150207,-0.0182,0.06372,-0.04883,13.3,-21.6,5.3
49.8155,6753.2001,0.07013825185028001,-0.39362709055602724,-0.17800169341221483,-0.03531,0.07838,-0.04211,13.3,-21.6,5.3
49.8279,6753.2202,0.039730367427397,-0.4292164489488146,-0.1536032831426155,-0.01332,0.02035,-0.02561,13.3,-21.6,5.3
49.8474,6753.2402,0.026410760594868934,-0.45850949299777044,-0.13894625459361798,0.04349,0.04173,4e-05,13.4,-21.6,5.3
49.8789,6753.2602,0.03184337370349895,-0.481409670414864,-0.136347109208117,0.06976,-0.00348,0.05074,13.4,-21.6,5.3
49.9019,6753.2802,0.06347823074201443,-0.48026019691051214,-0.1440980089819508,0.06243,0.00507,0.04891,13.5,-21.6,5.4
49.9186,6753.3003,0.11196402145576329,-0.46009778582239197,-0.1603159189738559,0.01173,0.0686,0.02814,13.5,-21.6,5.5
49.928,6753.3203,0.159294723981239,-0.4353572215044907,-0.1840242631167488,-0.05058,0.06983,0.01776,13.5,-21.6,5.6
49.9541,6753.3403,0.19255758884441856,-0.40302639295747456,-0.21436877865213333,-0.07318,0.02523,0.00676,13.6,-21.5,5.6
49.9751,6753.3604,0.2015839104388059,-0.38327573099086276,-0.25116557451289623,-0.0628,-0.0047,-0.01279,13.6,-21.5,5.5
49.9926,6753.3804,0.18668644891809763,-0.3745595505876747,-0.29091339149693063,-0.05486,0.04967,-0.03295,13.6,-21.5,5.5
50.0058,6753.4004,0.15067928162398314,-0.37193818133540507,-0.3260371526718835,-0.02309,0.07716,-0.06899,13.7,-21.5,5.5
50.0271,6753.4204,0.1102853998809103,-0.36805937643992304,-0.34574671626580056,-0.04814,0.11442,-0.03966,13.7,-21.5,5.6
50.0496,6753.4405,0.06716818052556216,-0.36783001296611995,-0.3393222117713499,-0.07929,0.05333,0.01837,13.7,-21.4,5.6
50.0709,6753.4605,0.03236876232846002,-0.3799384476169598,-0.30066958650103714,-0.07257,-0.00165,0.01287,13.7,-21.4,5.7
50.088,6753.4805,0.019445814509643302,-0.41242268784169905,-0.23172786789454847,-0.07929,-0.01142,-0.00423,13.7,-21.4,5.8
50.1094,6753.5005,0.03310601201311639,-0.45746561918081186,-0.14319683231142477,-0.08173,-0.00959,0.00493,13.7,-21.4,5.9
50.1294,6753.5204,0.06977660447232806,-0.5106493400133876,-0.05356780653124993,-0.05119,0.02523,0.00493,13.7,-21.4,5.9
50.1469,6753.5404,0.11647199126171733,-0.5597834798350328,0.01605225263628718,-0.04081,0.09487,0.00554,13.6,-21.4,5.8
50.1656,6753.5604,0.16105444930818347,-0.5912198171375029,0.0477569380481615,-0.02065,0.06005,0.01348,13.5,-21.4,5.6
50.1852,6753.5804,0.19563297629114282,-0.596326946534463,0.03189084821876165,0.03433,0.01363,0.00982,13.4,-21.4,5.6
50.207,6753.6004,0.2201082735663734,-0.5698713584555868,-0.029895183176764206,0.04655,0.03562,-0.00912,13.4,-21.4,5.6
50.2277,6753.6204,0.23622727651539616,-0.5103672707050027,-0.12501982642070786,0.02578,0.09426,-0.00851,13.4,-21.5,5.5
50.2468,6753.6404,0.2438995589359662,-0.4292807011855418,-0.23421466736483332,-0.02065,0.11381,0.00371,13.4,-21.5,5.6
50.2671,6753.6604,0.2436396618082798,-0.34684173426750586,-0.33685886430934,-0.07685,0.10037,-0.01584,13.3,-21.4,5.6
50.2878,6753.6804,0.23426584665354858,-0.28611662454928405,-0.4159361468018563,-0.08723,0.03378,-0.03417,13.3,-21.5,5.6
50.3074,6753.7004,0.21686916607809265,-0.26240579647194645,-0.4613466856111472,-0.0402,0.03012,-0.02745,13.2,-21.5,5.6
50.3299,6753.7204,0.19716678137282903,-0.27445846388915796,-0.4707960574577008,-0.04264,0.07532,-0.05066,13.2,-21.5,5.5
50.3475,6753.7404,0.17127515807389856,-0.319153504202125,-0.44847274945104765,-0.12083,0.08388,-0.09037,13.2,-21.5,5.4
50.3669,6753.7604,0.14733136505714683,-0.3797496249420926,-0.4024466428736613,-0.14282,0.07899,-0.13801,13.2,-21.6,5.3
50.431,6753.7804,0.18476748728667491,-0.38082610071363077,-0.3404167477627773,-0.14038,0.05455,-0.12885,13.3,-21.6,5.3
50.4361,6753.8004,0.15990346438615807,-0.4605073497621105,-0.2755035723084269,-0.13305,0.03806,-0.06654,13.3,-21.6,5.2
50.4432,6753.8204,0.16333219134833016,-0.5162023335134179,-0.21292222558776963,-0.1306,-0.01508,0.00676,13.4,-21.5,5.1
50.4555,6753.8404,0.1981585697760769,-0.5359406440582842,-0.15626846897989743,-0.07624,-0.08167,0.06907,13.4,-21.6,5.1
50.4654,6753.8604,0.27211867004072443,-0.5215878831019424,-0.10700838991103367,-0.06096,-0.1061,0.10328,13.5,-21.5,5.3
50.485,6753.8804,0.3611556569811807,-0.4659374504458498,-0.06360663220991825,-0.10739,-0.07617,0.10572,13.6,-21.5,5.3
50.5086,6753.9004,0.45311325046379697,-0.3891293001276096,-0.026185366176147085,-0.16848,-0.06945,0.11,13.7,-21.6,5.2
50.5295,6753.9204,0.5309633552789994,-0.3243319667632441,0.003634548364647827,-0.1471,-0.11038,0.06601,13.7,-21.6,5.2
50.5449,6753.9403,0.5797736937406563,-0.2904910061907397,0.02348987260347002,-0.09578,-0.18491,0.0257,13.7,-21.6,5.1
50.5682,6753.9603,0.5796775992010904,-0.2759032892673516,0.03171579685257875,-0.09456,-0.22278,-0.02928,13.7,-21.5,5.0
50.5939,6753.9803,0.5464961794085742,-0.2812948017955353,0.025175228695550445,-0.17398,-0.12382,-0.07509,13.8,-21.5,5.0
50.6146,6754.0003,0.48449540916250916,-0.31664381712652506,0.0036335862028842314,-0.17764,-0.05662,-0.12274,13.8,-21.5,4.8
50.6295,6754.0203,0.3952424831659293,-0.3772704327161095,-0.029913369195762485,-0.07624,-0.06212,-0.14962,13.8,-21.5,4.7
50.6476,6754.0403,0.29404752120240774,-0.4440356668863509,-0.0701006683373322,0.00195,-0.16841,-0.11297,13.9,-21.5,4.7
50.6687,6754.0603,0.1963852290178806,-0.5000911114369393,-0.109318069812959,0.02517,-0.17391,-0.09953,13.9,-21.4,4.5
50.6872,6754.0803,0.11648721726532271,-0.5313783555258285,-0.1389687626569991,-0.06768,-0.05846,-0.09525,13.9,-21.4,4.4
50.7101,6754.1003,0.05870905222676984,-0.535901836293011,-0.15179905327338084,-0.15993,0.04173,-0.11175,13.9,-21.5,4.3
50.7293,6754.1203,0.0046124960740200885,-0.5398712783467126,-0.1444764855945273,-0.1471,0.04111,-0.12946,13.9,-21.4,4.4
50.7528,6754.1403,-0.047629181306111566,-0.5512938934331675,-0.11549974726947099,-0.07074,-0.04929,-0.12457,13.9,-21.4,4.3
50.781,6754.1603,-0.09432872577923929,-0.5785240552240727,-0.06559623611367194,-0.02859,-0.03524,-0.0922,13.9,-21.4,4.1
50.7966,6754.1803,-0.13046557992854937,-0.6217342313149827,0.002650277244910626,-0.04814,0.01668,-0.04883,13.8,-21.4,4.0
50.8116,6754.2003,-0.1329678139922938,-0.672184321210456,0.08435011740166587,-0.05058,0.08876,-0.01034,13.8,-21.3,4.0
50.826,6754.2203,-0.09231045989113087,-0.727638534926878,0.1698751732035717,-0.04447,0.06494,0.06174,13.9,-21.3,3.8
50.8465,6754.2403,-0.010823929191733257,-0.7832894439463264,0.2451500743084729,-0.01882,-0.07006,0.13688,13.9,-21.3,3.7
50.8847,6754.2603,0.09018809360349012,-0.8436045791263457,0.29272463208132926,0.09603,-0.1397,0.11977,13.9,-21.3,3.6
50.9116,6754.2804,0.25309802486211486,-0.8737988239303963,0.29845612560271917,0.12718,-0.06029,0.06968,13.9,-21.3,3.5
50.9173,6754.3004,0.44690244417617797,-0.8327740344935278,0.253942576072804,0.11924,0.02218,0.05013,13.9,-21.3,3.6
50.9324,6754.3204,0.6103777748608871,-0.7546451223118783,0.15663821975596903,0.13451,0.03501,0.01653,13.9,-21.3,3.5
50.9545,6754.3405,0.7125324952011837,-0.6470800034403541,0.019514663146448896,0.14062,-0.04074,-0.02195,13.8,-21.3,3.4
50.9899,6754.3605,0.7424147909267546,-0.538781949972101,-0.1351385845255173,0.11435,-0.05418,-0.0696,13.8,-21.3,3.4
50.9916,6754.3806,0.6790908762863377,-0.3951103528401519,-0.27425915301243897,0.11435,-0.01631,-0.14107,13.8,-21.3,3.4
51.007,6754.4007,0.5699932666045915,-0.2952708628833224,-0.37629832108055616,0.03128,0.05516,-0.21743,13.8,-21.3,3.3
51.027,6754.4207,0.4293702668107453,-0.24480945637075677,-0.4200186922794078,-0.06402,0.04295,-0.23942,13.8,-21.3,3.3
51.0483,6754.4408,0.2682325076657319,-0.25577477011376054,-0.39801882863086746,-0.07807,0.04478,-0.21926,13.8,-21.3,3.3
51.067,6754.4609,0.1063134472974377,-0.33055518874184797,-0.31907195403177546,-0.03714,-0.09389,-0.10319,13.9,-21.4,3.4
51.0883,6754.4809,-0.02362889738037198,-0.4510210256163268,-0.2043742200061338,0.01906,-0.12748,-0.03172,13.9,-21.3,3.3
51.1129,6754.501,-0.09977408058603894,-0.5898990449079433,-0.08044372385758258,0.04471,-0.04502,-0.01462,13.9,-21.4,3.3
51.1322,6754.521,-0.1164106837125668,-0.7128242893230547,0.027702645920088642,0.03738,0.03134,-0.02256,13.9,-21.4,3.3
51.1562,6754.5411,-0.09032826209908021,-0.8034198852792198,0.100269353970182,0.04899,-0.00592,-0.02256,13.9,-21.4,3.4
51.1708,6754.5612,-0.04452146707286083,-0.8470155651756193,0.12710528528900866,0.07098,-0.0328,-0.01401,13.9,-21.4,3.4
51.1882,6754.5812,0.007228928583314145,-0.8534504010428826,0.10659289432898333,0.09175,-0.01508,0.01348,13.9,-21.4,3.4
51.2183,6754.6013,0.058717600239187005,-0.8442009147892023,0.04467716017864021,0.13512,0.01057,-0.00362,14.0,-21.4,3.4
51.238,6754.6213,0.10496490614187905,-0.7976027442812887,-0.04361572941507674,0.13879,0.03256,-0.03539,14.0,-21.3,3.5
51.2474,6754.6414,0.13606648561023016,-0.7246963044974098,-0.14423758583165025,0.10947,0.03378,-0.04211,14.0,-21.3,3.5
51.2738,6754.6615,0.1570804265884624,-0.6636286272878287,-0.2460043412378461,0.07404,-0.01203,-0.036,14.1,-21.3,3.6
51.2935,6754.6815,0.16317697179501828,-0.602052129760406,-0.33589254468545526,0.05876,-0.02242,-0.03233,14.1,-21.3,3.5
51.3126,6754.7016,0.16300883325936358,-0.5497259760983166,-0.40531380454311794,0.06854,0.00385,-0.02256,14.1,-21.3,3.6
51.3312,6754.7217,0.16300160897635763,-0.5061216972863523,-0.44720517145948513,0.0551,0.06433,-0.04394,14.1,-21.2,3.6
51.3666,6754.7417,0.1767830745110809,-0.47184713345873736,-0.45684801819039755,0.00257,0.03806,-0.05188,14.1,-21.2,3.6
51.3692,6754.7618,0.17802323201016862,-0.4470124660062665,-0.43137297101323036,-0.02065,0.02951,-0.03417,14.1,-21.1,3.6
51.3874,6754.7818,0.19145872973432418,-0.4349359930356859,-0.3725924135035168,-0.02004,-0.0499,-0.00057,14.0,-21.1,3.6
51.4129,6754.8019,0.21136159832556742,-0.4398280242147928,-0.28636284395694567,0.01784,-0.08289,0.0373,14.0,-21.1,3.7
51.4277,6754.822,0.2561275299411034,-0.45726115117057337,-0.18369702334082838,0.04227,-0.08228,0.06357,14.0,-21.1,3.8
51.4488,6754.842,0.3096419549296766,-0.4827107675335032,-0.07919402153006772,-0.01698,-0.07067,0.04036,14.0,-21.0,3.9
51.4711,6754.862,0.36721504182031883,-0.5109107685997024,0.010113139028739226,-0.02126,-0.08167,-0.00546,14.0,-21.0,3.9
51.4949,6754.8821,0.41296868402322146,-0.5399356393226092,0.06858772715695771,0.01051,-0.07617,-0.05921,14.1,-21.0,3.9
51.5128,6754.9021,0.42869403982678306,-0.5655624492846828,0.08612952172711807,0.02211,-0.07312,-0.10991,14.0,-21.0,3.9
51.5423,6754.9221,0.4128961776947633,-0.5875765324192597,0.06020065788394824,0.02333,-0.05296,-0.12274,14.1,-21.0,4.0
51.5539,6754.9421,0.34735447709356443,-0.5884854141567414,-0.0005331118848754812,0.03189,-0.01508,-0.10625,14.0,-21.1,3.9
51.5669,6754.9621,0.25418684077786724,-0.5770230613146115,-0.08288354888583171,0.02761,-0.0102,-0.1148,14.0,-21.1,3.9
51.5886,6754.9821,0.15253752947475566,-0.5587636042603331,-0.16912962461069903,-0.00232,-0.01081,-0.12274,14.0,-21.1,4.0
51.6156,6755.0021,0.049962149109001236,-0.5424678353237766,-0.2420267460869816,-0.0066,-0.06456,-0.07571,14.0,-21.1,3.9
51.6485,6755.0221,-0.042991773695482086,-0.5386629931841753,-0.2890977040304321,0.03555,-0.07861,-0.00301,14.2,-21.1,4.0
51.6536,6755.0421,-0.09121332601496807,-0.5370577270117838,-0.3030185784855579,0.05388,-0.0719,0.04219,14.2,-21.1,3.9
51.6701,6755.0621,-0.1080515693587964,-0.5480771898521553,-0.2848883318855844,0.03616,-0.02547,0.04463,14.2,-21.1,3.9
51.6904,6755.0821,-0.09041128090512864,-0.562689270428984,-0.2410757489865123,-0.01515,-0.01325,0.0428,14.3,-21.1,3.9
51.7125,6755.1021,-0.046249125166281525,-0.5774761443523647,-0.1828737763902044,-0.04875,-0.0157,0.03669,14.3,-21.1,3.8
51.7274,6755.1221,0.012977944078944583,-0.5935962574212224,-0.12364284531813752,-0.00232,0.03134,0.02753,14.3,-21.1,3.7
51.7502,6755.1421,0.07599766367887827,-0.6058857651016425,-0.07490559487304083,0.01906,0.03867,0.01715,14.4,-21.1,3.6
51.7726,6755.1621,0.13566895177197508,-0.6106973306888946,-0.04406182854357965,0.01784,0.04111,0.01715,14.4,-21.1,3.6
51.7948,6755.182,0.1879369987989267,-0.6043886064497976,-0.03292824468192457,0.04533,0.02645,0.00432,14.4,-21.1,3.6
51.8118,6755.202,0.2322802452382947,-0.5861027252793407,-0.03832693434312873,0.02822,0.04722,0.02509,14.4,-21.1,3.5
51.8281,6755.222,0.2707155588872548,-0.5625767609291634,-0.05424443991411465,0.01845,0.03623,0.01592,14.5,-21.1,3.4
51.8499,6755.242,0.3064982821937791,-0.5403709580539136,-0.07383126366494075,0.01723,0.03684,0.00798,14.5,-21.1,3.7
51.8834,6755.262,0.34669430032585397,-0.5216494389347782,-0.09150924182207554,-0.02553,0.1248,-0.03233,14.5,-21.0,3.7
51.8896,6755.282,0.3509483668457935,-0.5202351219335788,-0.10320964693509715,-0.04936,0.14863,-0.02317,14.5,-21.0,3.6
51.92,6755.302,0.36474454422648406,-0.5231627650892763,-0.10913924581650214,-0.02431,0.12297,-0.04394,14.5,-21.0,3.8
51.9338,6755.322,0.3425979247330151,-0.543744460839315,-0.10955452938259569,-0.02798,0.10037,-0.04761,14.3,-21.0,3.6
51.9492,6755.342,0.30903060262420173,-0.5727726289243678,-0.10685712595052976,-0.0066,0.04417,-0.03356,14.4,-21.0,3.6
51.9706,6755.362,0.27156107713831684,-0.6079194020939279,-0.10284093682851392,0.04105,0.04783,-0.0189,14.3,-21.0,3.6
51.9874,6755.382,0.23626188734754494,-0.640727471218089,-0.09804352289720164,0.0551,0.00874,0.02692,14.3,-21.0,3.6
52.0085,6755.402,0.21159841261095755,-0.6699108378583785,-0.09293440018177535,0.05205,-0.03463,0.05319,14.3,-21.1,3.6
52.0269,6755.422,0.20963563304558544,-0.6881846938900055,-0.08791187288642277,0.02822,-0.02119,0.06479,14.3,-21.1,3.6
52.0469,6755.442,0.22960888512085603,-0.6962191392213724,-0.08484166196693543,0.02944,0.03134,0.03486,14.3,-21.1,3.5
52.068,6755.462,0.26190233176265426,-0.6967602788757176,-0.08698336736145329,0.01173,0.05761,4e-05,14.2,-21.1,3.5
52.0865,6755.482,0.28785435472753007,-0.6941872834568484,-0.09788922604433026,0.01356,0.03501,4e-05,14.2,-21.0,3.6
52.1091,6755.502,0.29345344821734987,-0.6936573000682751,-0.11992316692715832,0.07953,-0.01325,0.00615,14.2,-21.0,3.7
52.1289,6755.522,0.2761257611957082,-0.6853216950818595,-0.15176980450710964,0.13085,-0.02486,0.00676,14.2,-21.0,3.6
52.1473,6755.542,0.2409593114892441,-0.6637960013038156,-0.18896562655322313,0.07648,-0.00348,-0.01462,14.3,-21.0,3.6
52.1698,6755.562,0.19651963426513702,-0.63179744084634,-0.22456837389914952,0.01051,0.08326,-0.03111,14.3,-21.1,3.5
52.1947,6755.582,0.14721560729251543,-0.5971316525743995,-0.2505193815196254,-0.03714,0.09548,-0.02867,14.3,-21.2,3.6
52.2157,6755.6019,0.09535915088981188,-0.5730917662154887,-0.2599989967440308,0.01845,0.02951,0.00615,14.4,-21.2,3.6
52.2291,6755.6219,0.059547543082815825,-0.5610670031337788,-0.24839715077208346,0.07159,-0.02852,0.04463,14.4,-21.2,3.7
52.2535,6755.6419,0.04679089320953066,-0.5641004287153757,-0.2149200020687161,0.04288,-0.01508,0.10083,14.4,-21.2,3.7
52.269,6755.6619,0.08150622320400777,-0.5696907068919269,-0.16241801544316736,0.00867,0.02584,0.1326,14.5,-21.2,3.7
52.287,6755.6819,0.14998427600986605,-0.5805662122317159,-0.09904401776269012,0.00318,0.01912,0.12893,14.5,-21.2,3.8
52.3316,6755.7019,0.21886070486177478,-0.600052516107247,-0.036161345841923875,0.00195,-0.01264,0.10083,14.4,-21.2,3.9
52.3331,6755.7219,0.32133235497782275,-0.6193888507561593,0.012597080123482485,0.03861,-0.01997,0.07518,14.4,-21.2,3.8
52.3499,6755.7419,0.39767213160897563,-0.6446571667437938,0.036261588931237654,0.09236,0.01363,0.03058,14.4,-21.2,3.9
52.3784,6755.7619,0.4416444602179525,-0.6660480317067262,0.028488086803964308,0.07465,0.02035,-0.0079,14.3,-21.2,3.9
52.3872,6755.7819,0.44364732750078645,-0.6571987579719308,-0.009043700402614263,0.02333,0.01485,-0.01645,14.3,-21.3,3.8
52.4377,6755.8019,0.42619925483831417,-0.6437730262000143,-0.07230690343544133,0.02333,0.01424,-0.03905,14.3,-21.3,3.8
52.4415,6755.8219,0.35620851516174395,-0.6040470277936607,-0.14558238397600576,0.05021,0.03745,-0.04883,14.3,-21.3,3.9
52.4477,6755.8419,0.27126026300860245,-0.5625768807686891,-0.21587823371552162,0.06243,0.07349,-0.04638,14.2,-21.3,3.9
52.4724,6755.8619,0.19108574028985675,-0.540259927527202,-0.2686839920547719,0.05327,0.06433,-0.01828,14.1,-21.3,3.9
52.4882,6755.8819,0.11463113947212465,-0.529701359334787,-0.291127639087291,0.03005,0.02218,0.01104,14.0,-21.3,3.9
52.5089,6755.9019,0.0563055737631664,-0.5413308724392644,-0.27864286861841236,-0.0011,-0.01325,0.01898,13.9,-21.3,3.8
52.5296,6755.9219,0.023344263299263614,-0.5752877154510466,-0.2340329688495757,-0.03714,0.04295,0.03425,13.9,-21.3,3.8
52.5483,6755.9419,0.01695087489318507,-0.6294862808163972,-0.1673615919630027,-0.04386,0.02218,0.05135,13.9,-21.3,3.9
52.5674,6755.9619,0.03258225421045432,-0.6937387290307131,-0.09297781077114209,-0.01393,0.02218,0.07762,13.8,-21.4,3.9
52.6004,6755.9818,0.05047672564230513,-0.7599412268713197,-0.026221821418213054,0.06243,-0.00775,0.15642,13.8,-21.4,3.9
52.6166,6756.0018,0.10358690631475082,-0.796348225418802,0.022009566721500562,0.10153,-0.02669,0.18697,13.8,-21.4,4.0
52.6294,6756.0218,0.17445386271933214,-0.7964047919000752,0.04416113229684804,0.09236,-0.01631,0.19246,13.8,-21.5,4.0
52.6479,6756.0418,0.23834488482672034,-0.7668142337716866,0.037415186077186746,0.08564,-0.03585,0.1943,13.8,-21.5,4.1
52.6737,6756.0618,0.2808484163871433,-0.7159516371302468,0.0036797742609007145,0.07587,-0.07067,0.20407,13.7,-21.5,4.1
52.6971,6756.0818,0.31677833276353723,-0.6517895515738704,-0.0523870912567439,0.06487,-0.09022,0.19491,13.7,-21.5,4.2
52.7178,6756.1018,0.3452064651027627,-0.5863254617563592,-0.12343164760040715,0.06426,-0.09083,0.15031,13.6,-21.5,4.3
52.7285,6756.1218,0.3699570252858663,-0.5235173060706808,-0.19975068595852008,0.0551,0.00691,0.11244,13.6,-21.6,4.2
52.747,6756.1418,0.3676227083347051,-0.47429894791094346,-0.2701690554667646,0.01173,0.00752,0.09656,13.6,-21.6,4.2
52.7791,6756.1618,0.3332760803670449,-0.435459306892287,-0.32461121436132245,-0.02676,-0.0438,0.09228,13.6,-21.7,4.2
52.7948,6756.1818,0.2982346158404458,-0.4240671935984789,-0.3585471341560922,-0.06158,-0.08595,0.08373,13.6,-21.7,4.4
52.8081,6756.2019,0.2583101322387608,-0.43868433185614386,-0.36950836416037625,-0.02859,-0.07678,0.06052,13.7,-21.8,4.5
52.8282,6756.2219,0.21431985489162525,-0.4768346206287661,-0.35923278988213525,0.03311,-0.05051,0.0202,13.6,-21.9,4.4
52.8525,6756.242,0.17531340202847862,-0.5318480589100002,-0.3319285681964548,0.00134,-0.00042,-0.00912,13.6,-21.9,4.4
52.8897,6756.262,0.14542745866468368,-0.5901288729988678,-0.29195598183855154,-0.03958,0.00019,-0.01767,13.5,-22.0,4.4
52.8942,6756.2821,0.1134079736593451,-0.6642328893951197,-0.24482073506273672,-0.07257,-0.02486,-0.03783,13.5,-22.0,4.5
52.9148,6756.3021,0.0947270582714926,-0.7278300522038137,-0.19346921033067233,-0.06524,0.00019,-0.01218,13.4,-22.0,4.4
52.9283,6756.3222,0.09348094267207918,-0.7875896184166671,-0.14241398640529113,-0.02492,0.01485,0.04341,13.4,-22.0,4.4
52.9571,6756.3423,0.10494353152725244,-0.8261293788918984,-0.09396663499104463,-0.03287,-0.01875,0.09839,13.3,-22.1,4.5
52.9743,6756.3623,0.15095936499008725,-0.8430223196405925,-0.05164237224099466,-0.00965,0.0063,0.14848,13.3,-22.1,4.6
52.9887,6756.3824,0.2256845058415493,-0.8311751160228342,-0.017826672481175976,0.04288,-0.0273,0.16192,13.3,-22.1,4.5
53.0092,6756.4024,0.30952305771915156,-0.7944778505069225,0.004835229090232929,0.0441,-0.0554,0.16375,13.3,-22.1,4.6
53.0297,6756.4225,0.4008765708109593,-0.7402104966490156,0.013333857396329307,0.0215,-0.00837,0.14909,13.3,-22.1,4.6
53.0478,6756.4426,0.4882418045294432,-0.6800013588730978,0.005027655810470932,0.04655,0.00202,0.11733,13.3,-22.1,4.6
53.0716,6756.4626,0.5513352837401684,-0.6295850121126241,-0.021184434251765083,0.06304,-0.00287,0.06601,13.2,-22.1,4.6
53.0911,6756.4827,0.584949120420169,-0.593099102001702,-0.06411156723694766,0.04533,-0.01753,0.00371,13.1,-22.1,4.6
53.1141,6756.5028,0.5823924054798081,-0.5773518100685461,-0.11999338134361714,0.04594,0.01729,-0.0305,13.0,-22.1,4.5
53.1331,6756.5228,0.5432629769797893,-0.5781821588555957,-0.1821666548267622,0.00806,-0.01264,-0.07082,13.0,-22.2,4.5
53.1515,6756.5429,0.4766149951871053,-0.5923416835288362,-0.24285092599652103,0.02333,-0.01875,-0.09648,13.0,-22.2,4.5
53.1693,6756.5629,0.3956284656297479,-0.6129295400262239,-0.2938896670251605,0.01661,-0.01142,-0.10381,13.0,-22.1,4.5
53.1895,6756.583,0.31755327811809697,-0.63287227516963,-0.32850822393446855,-0.03958,0.04906,-0.08731,13.0,-22.1,4.5
53.2206,6756.6031,0.2615973940550269,-0.6442695476660222,-0.34256505625376477,-0.02615,0.04845,-0.05982,13.0,-22.2,4.5
53.2295,6756.6231,0.21229328232971875,-0.6556783157122331,-0.3357772408987234,-0.01515,0.046,-0.03172,13.0,-22.1,4.6
53.2511,6756.6432,0.19518198567200917,-0.6572741558928927,-0.31134757227183485,-0.04997,0.04845,-0.01523,13.1,-22.1,4.6
53.2966,6756.6633,0.20174286142159825,-0.6541403769062284,-0.27511801704219074,-0.03164,-0.00837,-0.00301,13.1,-22.1,4.6
53.3059,6756.6833,0.23222373529840848,-0.6553481742489137,-0.2343035568481131,0.01234,-0.0102,0.0202,13.0,-22.1,4.6
53.3243,6756.7034,0.2771845346677715,-0.6568257347130566,-0.19423983849798,0.03128,-0.00348,0.02203,13.0,-22.0,4.7
53.3385,6756.7234,0.32959840859262624,-0.6565474041082158,-0.15863549811898636,-0.00293,0.01424,0.00676,13.1,-22.0,4.7
53.3487,6756.7435,0.3768450336406459,-0.6578765373873571,-0.1294168551923569,-0.03287,0.04539,-0.01034,13.1,-22.0,4.8
53.3685,6756.7636,0.4119300401985563,-0.6615894624924396,-0.10718340093698053,-0.0347,0.02829,-0.01462,13.1,-22.1,4.8
53.4033,6756.7836,0.4305280258875923,-0.6715324789236843,-0.09247100761663951,-0.00049,-0.02303,-0.03783,13.2,-22.1,4.8
53.4184,6756.8036,0.42132941335019425,-0.684748026092588,-0.085251461846509,0.01051,-0.00103,-0.05371,13.2,-22.1,4.8
53.4288,6756.8236,0.390471434651752,-0.6933164532684274,-0.08612214833027387,-0.02309,0.00446,-0.05188,13.2,-22.1,4.8
53.4511,6756.8436,0.35064265559687635,-0.6883269056061008,-0.09538552325138916,-0.04142,0.03562,-0.06104,13.2,-22.1,4.9
53.469,6756.8636,0.29754752182432653,-0.6759228381817676,-0.11234490359172966,-0.05119,0.01729,-0.05494,13.2,-22.1,4.9
53.4943,6756.8836,0.24308386469757756,-0.6597224795601992,-0.13449933626847432,-0.02126,0.00202,-0.04089,13.2,-22.1,5.0
53.5146,6756.9036,0.18812403428432858,-0.6480872528083041,-0.15692657902608254,0.01723,0.0515,-0.05982,13.2,-22.1,5.0
53.5338,6756.9236,0.14385017720626503,-0.6416163533384998,-0.17302024724892462,0.00928,0.04783,-0.03172,13.2,-22.1,5.0
53.5503,6756.9436,0.11689569038200355,-0.6416747173956057,-0.1767774843883938,-0.03531,0.09609,-0.00423,13.2,-22.1,5.0
53.5781,6756.9636,0.12487279711944042,-0.6396280585323436,-0.16485098157738776,-0.10006,0.18711,-0.01706,13.2,-22.2,4.9
53.5962,6756.9836,0.14234246072600548,-0.6612942839430371,-0.1406042324597827,-0.13732,0.17306,-0.01584,13.2,-22.2,4.8
53.6145,6757.0036,0.1727410525719292,-0.6994396176568489,-0.1103551384513608,-0.1025,0.09915,0.0031,13.2,-22.2,4.7
53.6309,6757.0236,0.21023927772715012,-0.7494780384835837,-0.08293873350210035,0.00195,0.00568,0.02081,13.3,-22.3,4.8
53.6566,6757.0436,0.25001147617587266,-0.8021878596186403,-0.06568079342040356,0.08442,-0.03952,0.0373,13.3,-22.3,4.7
53.6697,6757.0636,0.30644792460111425,-0.8275724880679273,-0.06027984002089504,0.08992,-0.01325,0.06601,13.3,-22.2,4.7
53.6912,6757.0836,0.3694833439412293,-0.8348579894280932,-0.06573701805806387,0.05082,0.01912,0.04097,13.2,-22.1,4.7
53.7156,6757.1036,0.43889048493001237,-0.8226668790970296,-0.0768142328710173,0.04105,0.0515,-0.02867,13.2,-22.1,4.6
53.7292,6757.1236,0.49763585431558094,-0.8048399159130041,-0.08822034274222368,0.00134,0.02096,-0.0586,13.2,-22.2,4.7
53.7517,6757.1436,0.5457742847584363,-0.7968676376656807,-0.09781915092739091,-0.00904,-0.02486,-0.036,13.2,-22.2,4.7
53.769,6757.1636,0.5744678343352049,-0.800441093872939,-0.10587175268461557,0.05021,-0.05113,-0.02745,13.2,-22.2,4.7
53.7887,6757.1836,0.5856402686247606,-0.8106137953362688,-0.11634350403566529,0.08686,-0.089,-0.01462,13.2,-22.2,4.6
53.8226,6757.2036,0.5717101868029351,-0.8231555354473206,-0.13422149646390658,0.04716,-0.14214,0.01653,13.2,-22.2,4.5
53.8371,6757.2235,0.5741398374499952,-0.8046644696116657,-0.1633941584373204,0.03128,-0.13848,0.02631,13.2,-22.2,4.4
53.8565,6757.2435,0.5786771602272621,-0.7672801944127351,-0.20414816063505725,0.05938,-0.11527,-0.0079,13.2,-22.2,4.4
53.8796,6757.2635,0.5931668675767383,-0.7129481852461036,-0.2520652879955385,0.04349,-0.05479,-0.03844,13.2,-22.2,4.6
53.9002,6757.2835,0.6126555231387788,-0.6502026636798146,-0.2983667251063373,-0.01393,-0.05479,-0.06104,13.2,-22.2,4.7
53.917,6757.3035,0.626713940075809,-0.5944265813716316,-0.33298789468698864,-0.01943,-0.0664,-0.06288,13.2,-22.1,4.7
53.9359,6757.3235,0.6281485275965201,-0.5592679681278753,-0.34787691373591656,-0.00965,-0.18918,-0.0531,13.1,-22.1,4.6
53.9519,6757.3435,0.6182080634180607,-0.5526496342896206,-0.3398503299604627,-0.04203,-0.26065,-0.08059,13.1,-22.2,4.6
53.9786,6757.3635,0.595186186694489,-0.5695284883570825,-0.31022566028094367,-0.09456,-0.16719,-0.13374,13.0,-22.2,4.5
53.9933,6757.3835,0.5519971649270407,-0.6177622183278757,-0.26492839789178646,-0.11839,-0.06518,-0.1765,13.0,-22.2,4.4
54.0115,6757.4035,0.4859373387687082,-0.6805509046008962,-0.21046889972915928,-0.10861,-0.01875,-0.21926,13.0,-22.2,4.4
54.0311,6757.4235,0.3875819043094488,-0.7512393726918148,-0.15332889525664584,-0.12388,-0.05907,-0.24125,13.1,-22.1,4.3
54.0513,6757.4435,0.25984482429947764,-0.8217466199581654,-0.0994635138550084,-0.18314,-0.12015,-0.20704,13.1,-22.1,4.3
54.0677,6757.4635,0.12393204602494336,-0.8851660518175289,-0.054062346907620906,-0.12388,-0.16169,-0.1429,13.2,-22.0,4.2
54.0877,6757.4835,0.01566264417694417,-0.9212859985667348,-0.01898430895478853,-0.04875,-0.13909,-0.10564,13.2,-22.0,4.2
54.1114,6757.5035,-0.03832611263655764,-0.9214135942186955,0.0057732500115914576,-0.15015,-0.05785,-0.10686,13.2,-21.9,4.1
54.1313,6757.5235,-0.032120610180790855,-0.8996619907525139,0.019971989837671345,-0.19536,0.02035,-0.06288,13.3,-21.9,4.1
54.149,6757.5435,0.029055527214555243,-0.867685075710925,0.02480343805060059,-0.11106,0.00813,-0.04516,13.2,-21.9,4.0
54.1707,6757.5635,0.1365756609384326,-0.834001777436854,0.021842362035286556,-0.02248,-0.01325,-0.03905,13.3,-21.9,3.9
54.1991,6757.5835,0.28157274285541045,-0.8066544020539476,0.010852399047257322,-0.07868,0.02279,-0.09892,13.4,-21.8,3.7
54.228,6757.6035,0.4435894038386444,-0.7909957732137245,-0.011099153226737712,-0.16359,0.11808,-0.16734,13.4,-21.8,3.7
54.231,6757.6234,0.5278166864192857,-0.814821468666582,-0.0470084729696687,-0.119,0.11014,-0.25041,13.5,-21.7,3.5
54.2482,6757.6434,0.6125207757894057,-0.8269531554142056,-0.10239142725202122,-0.11228,0.12847,-0.35487,13.6,-21.7,3.5
54.2694,6757.6634,0.6686596490582633,-0.8263419543035123,-0.1803449990218109,-0.12877,0.08021,-0.38908,13.7,-21.6,3.4
54.2923,6757.6834,0.6938468593354818,-0.8033702166411653,-0.27914461359701015,-0.0573,0.18772,-0.40496,13.8,-21.6,3.3
54.3142,6757.7034,0.6810494139392465,-0.7462786743271608,-0.3890400343737639,0.038,0.32761,-0.39152,13.8,-21.5,3.3
54.3355,6757.7234,0.6359794899812405,-0.6468862620246196,-0.4945042828931516,0.14184,0.2256,-0.32494,13.9,-21.5,3.2
54.3537,6757.7434,0.5636206267850468,-0.5076987597321645,-0.5772923530822407,0.05999,0.08815,-0.2608,13.9,-21.4,3.1
54.3675,6757.7634,0.4848331528878816,-0.3563934075244798,-0.6229479754218623,-0.06035,0.00568,-0.20338,14.0,-21.4,3.1
54.3938,6757.7834,0.44565403273701115,-0.21991504187120006,-0.6228969772073825,-0.13183,-0.00898,-0.22598,14.1,-21.3,3.1
54.4381,6757.8034,0.47136652121660105,-0.10641290436962224,-0.5745158246307529,-0.17886,0.12053,-0.23697,14.2,-21.2,3.1
54.4402,6757.8234,0.4110132729690962,-0.14478264389100926,-0.47626281373526425,-0.21735,0.09793,-0.22903,14.3,-21.1,3.1
54.4493,6757.8434,0.36763092925214824,-0.25037786574769555,-0.3443123128146546,-0.27538,0.0796,-0.19177,14.4,-21.0,3.2
54.4696,6757.8634,0.33665500591220493,-0.3960138382970869,-0.19525458121317385,-0.28882,0.04783,-0.15695,14.5,-20.9,3.2
54.488,6757.8834,0.2909547915984968,-0.5867914294115438,-0.04902176953549642,-0.20635,-0.04013,-0.13129,14.6,-20.9,3.3
54.5079,6757.9034,0.23951185599001298,-0.784941598757489,0.07451202366602239,-0.16298,-0.04441,-0.11969,14.8,-20.8,3.3
54.5321,6757.9234,0.1880992973635018,-0.9594367226485858,0.1596305056622409,-0.16054,-0.13848,-0.13801,15.0,-20.7,3.4
54.5497,6757.9434,0.13950082739739925,-1.104793141089926,0.19560792265964722,-0.09395,-0.14337,-0.13924,15.1,-20.6,3.5
54.5696,6757.9634,0.10278408161445078,-1.1995914418724745,0.18270915848030178,-0.00293,-0.10733,-0.05555,15.2,-20.6,3.5
54.59,6757.9834,0.08434014016365435,-1.2382431409828905,0.12996399931246216,0.05327,-0.07312,0.03547,15.3,-20.5,3.5
54.6087,6758.0034,0.08737978914101899,-1.2207001007456209,0.05379600275339236,0.04166,-0.04257,0.06052,15.3,-20.5,3.4
54.6316,6758.0234,0.10055387292841628,-1.1614697232903213,-0.02713906061179472,-0.03653,-0.13115,0.0654,15.4,-20.4,3.4
54.6499,6758.0433,0.13184924868657213,-1.0895077649765847,-0.09652337170145131,-0.01454,-0.20506,0.08617,15.4,-20.3,3.4
54.668,6758.0633,0.1756500960992685,-1.0281520701692588,-0.14122643679144709,0.08748,-0.20323,0.10267,15.5,-20.3,3.4
54.6935,6758.0833,0.22294976461139057,-0.9923205701273519,-0.15394663450064527,0.12779,-0.18918,0.12283,15.4,-20.3,3.3
54.7168,6758.1033,0.2946892690139988,-0.9679610756777853,-0.13402252995634711,0.05632,-0.01325,0.10633,15.4,-20.3,3.1
54.7309,6758.1233,0.3830132522390459,-0.9523174893198973,-0.0910251849966599,-0.04508,-0.01508,0.04586,15.4,-20.3,3.0
54.7521,6758.1433,0.4593969313092509,-0.9427840819354795,-0.04127802896917743,-0.07501,-0.1788,4e-05,15.3,-20.3,2.9
54.7723,6758.1633,0.5221386208645042,-0.9470415184717865,-0.006495957810797037,0.00134,-0.25577,0.01776,15.4,-20.3,2.8
54.7891,6758.1833,0.5776739042332123,-0.954059277939743,-0.004536709607439349,0.13146,-0.20934,-0.00668,15.3,-20.3,2.6
54.8093,6758.2033,0.6204843615365443,-0.9513597203390259,-0.04330486626529151,0.19621,-0.16719,-0.07326,15.2,-20.2,2.4
54.8305,6758.2233,0.6520878242098755,-0.9186442663081984,-0.11722567179006127,0.11985,-0.1226,-0.1539,15.1,-20.2,2.3
54.8775,6758.2433,0.6862810655354518,-0.8698342719710691,-0.21285455909045226,0.03066,-0.04502,-0.18016,15.1,-20.3,2.1
54.8917,6758.2633,0.6504839185090053,-0.7938871961958197,-0.3016117028733145,-0.02126,0.01118,-0.19605,15.1,-20.3,2.0
54.9109,6758.2833,0.5865284317681423,-0.7330931523464533,-0.3681841668901278,-0.06891,-0.00898,-0.21987,15.0,-20.3,1.8
54.9255,6758.3033,0.4888837795281649,-0.7022524896191625,-0.39800508048008965,-0.01332,-0.00287,-0.25163,15.0,-20.3,1.9
54.9349,6758.3233,0.37096253838305543,-0.7019556217779501,-0.3868701845686253,-0.01637,0.03684,-0.22903,15.0,-20.3,2.0
54.9543,6758.3433,0.27386721445758094,-0.7227956534161806,-0.34073783996281826,-0.08235,0.08998,-0.15206,15.1,-20.3,2.0
54.9732,6758.3633,0.1872479178052386,-0.7598090298683191,-0.27098640893972714,-0.07074,0.03012,-0.08792,15.1,-20.3,1.9
54.9955,6758.3833,0.12070714522702004,-0.8065078632749852,-0.1929020136242272,0.00867,-0.07617,-0.02684,15.2,-20.3,1.9
55.0145,6758.4033,0.0786779761258132,-0.8561043685328074,-0.12051687025398472,0.05021,-0.00226,-0.00729,15.2,-20.3,1.8
55.0279,6758.4233,0.05734594733950385,-0.900756117136305,-0.06402594759603808,-0.00049,0.03256,-0.01218,15.2,-20.2,1.7
55.0503,6758.4433,0.044772086457527206,-0.9411602853163715,-0.029887794748555407,-0.0121,0.02829,-0.02134,15.3,-20.2,1.7
55.0715,6758.4632,0.021499118699713465,-0.9769804556947467,-0.02019900575636946,0.06426,0.00141,0.0031,15.3,-20.2,1.7
55.0904,6758.4832,-0.019945382779230615,-1.0052130432692115,-0.03312987978810966,0.15223,-0.05235,0.01531,15.5,-20.2,1.7
55.1194,6758.5032,-0.08453585532093844,-1.0356309308522418,-0.06515476143020571,0.13757,-0.0554,0.05563,15.6,-20.2,1.8
55.1408,6758.5232,-0.13707515148710367,-1.039605567976234,-0.10595195870364549,0.15895,-0.0664,0.09411,15.6,-20.3,1.8
55.1532,6758.5432,-0.1541459192356494,-1.0122496002417996,-0.14589410913155199,0.18155,-0.04502,0.12405,15.7,-20.2,1.9
55.1723,6758.5632,-0.14404504767428417,-0.9802726926664245,-0.1793213923889816,0.16933,-0.01508,0.12466,15.7,-20.2,1.9
55.1938,6758.5832,-0.09819617609831773,-0.9405163799785927,-0.19881827766761262,0.15162,0.00507,0.13626,15.7,-20.1,2.0
55.2211,6758.6032,-0.02796463436433015,-0.8995122605489473,-0.20131612590318504,0.11069,0.00446,0.17414,15.8,-20.1,2.0
55.2446,6758.6232,0.06988826983651861,-0.8548629054232718,-0.1869271186099244,0.05815,0.00507,0.19552,15.8,-20.1,1.8
55.2542,6758.6432,0.19425390309169288,-0.815707565352094,-0.16146853627661706,0.05205,-0.00592,0.13626,15.7,-20.1,1.8
55.2761,6758.6632,0.3020490843635833,-0.7953960806224587,-0.13312940781532667,0.01539,0.01179,0.07212,15.7,-20.1,1.8
55.295,6758.6833,0.3900030817522615,-0.7919391022331224,-0.10970723728676646,0.00257,0.05578,0.02509,15.7,-20.1,1.7
55.3156,6758.7033,0.44220242883799993,-0.8025880759835567,-0.09704385920927727,0.027,0.16451,0.06724,15.7,-20.1,1.9
55.3294,6758.7233,0.44589236893999973,-0.8233604949742848,-0.09771220192869912,-0.01332,0.18589,0.08617,15.7,-20.1,1.9
55.3498,6758.7433,0.40885897545410843,-0.8503677089377665,-0.11167973618039007,-0.04386,0.08021,0.01837,15.6,-20.2,2.0
55.3741,6758.7634,0.33921210174806526,-0.8816404570030107,-0.13590190423521697,0.00195,0.04295,-0.02256,15.6,-20.2,1.9
55.3918,6758.7834,0.24900629123023235,-0.9147540099495721,-0.16508190597675387,0.02333,0.11564,0.04708,15.5,-20.2,2.0
55.4235,6758.8034,0.16110523049720085,-0.9496485007802029,-0.19311475336719397,0.00379,0.17612,0.11855,15.4,-20.2,2.0
55.4356,6758.8235,0.08507818932535881,-0.9774560351086973,-0.21266896420872783,0.02272,0.17612,0.14359,15.4,-20.2,2.0
55.4499,6758.8435,0.03805274002987968,-1.003289752559632,-0.219497599466834,0.03555,0.12847,0.1155,15.4,-20.2,1.9
55.4753,6758.8635,0.023484235945949974,-1.0309498277344058,-0.2122961108680208,0.05815,0.0741,0.13688,15.4,-20.2,1.9
55.4918,6758.8835,0.05583381708943683,-1.0538992173081212,-0.1931812614333399,0.03738,0.08632,0.1833,15.4,-20.3,2.0
55.5099,6758.9036,0.12534671393130142,-1.0740677334716773,-0.17005163272318136,0.0325,0.14191,0.22789,15.3,-20.3,2.0
55.5323,6758.9236,0.21732522188304734,-1.0876913896680869,-0.15381409858700223,0.07526,0.19017,0.24194,15.3,-20.3,2.1
55.5515,6758.9436,0.32290058523106124,-1.0787258471907566,-0.1546815674313997,0.11802,0.13336,0.24072,15.3,-20.3,2.1
55.5798,6758.9637,0.4178189532314512,-1.0451031823668118,-0.18017080916768968,0.11558,0.10464,0.1943,15.2,-20.3,2.2
55.5924,6758.9837,0.5043032796357272,-0.9612695636171757,-0.2282819592287222,0.06854,0.20849,0.18269,15.2,-20.4,2.2
55.6145,6759.0037,0.5636056144003434,-0.8548692046963581,-0.2917920434246355,0.06793,0.27508,0.13932,15.2,-20.5,2.2
55.6293,6759.0237,0.5814340137033435,-0.7317871935484053,-0.35234734512713395,0.08442,0.26225,0.10511,15.2,-20.5,2.3
55.6598,6759.0438,0.5668584601184014,-0.621646334546583,-0.39159627910612294,0.01723,0.21643,0.10389,15.2,-20.5,2.3
55.6762,6759.0638,0.5164022351441662,-0.5420045650427914,-0.39300649371308616,-0.05058,0.10464,0.10633,15.1,-20.5,2.5
55.6931,6759.0838,0.45426795358836763,-0.5132720558338056,-0.3512930235820644,-0.11289,0.0405,0.08984,15.1,-20.6,2.6
55.7151,6759.1039,0.39747726917424053,-0.5407200528885642,-0.27149089186007735,-0.19291,-0.00898,0.10511,15.1,-20.7,2.6
55.7319,6759.1239,0.366757069493958,-0.6402428336681837,-0.17002702411648762,-0.12572,0.02462,0.10633,15.0,-20.7,2.7
55.7605,6759.1439,0.35692006854931363,-0.7787940293086124,-0.06643484471724115,-0.02981,0.08449,0.10633,14.9,-20.8,2.7
55.781,6759.1639,0.3727237197524438,-0.9392105664941689,0.016715491930790805,-0.01576,0.0686,0.12771,14.8,-20.9,2.8
55.7949,6759.184,0.40806584594201684,-1.0819641424971613,0.06253907035764428,-0.02248,0.0179,0.1381,14.7,-21.0,2.7
55.8183,6759.204,0.4465269116840907,-1.1787033352021716,0.06087029694137591,-0.01148,0.0124,0.10939,14.6,-21.0,2.8
55.8322,6759.224,0.49457901469503834,-1.2165775044156668,0.0077592198370837195,0.02272,0.08571,0.08495,14.5,-21.1,2.9
55.8558,6759.2441,0.5413003465669194,-1.1941927175161802,-0.0913522189778444,0.05327,0.14008,0.05868,14.5,-21.1,2.9
55.8754,6759.264,0.5738001195968103,-1.1133881248301536,-0.22047828170167705,0.05938,0.17917,0.0428,14.4,-21.2,3.0
55.8927,6759.284,0.5834645071522035,-0.9892250295349616,-0.35588455617163994,0.07892,0.19505,0.03425,14.4,-21.2,3.0
55.9194,6759.304,0.5801115758249025,-0.8514508050325409,-0.4708871552924343,0.04777,0.17551,0.02325,14.3,-21.2,3.1
55.9414,6759.3241,0.5566494422927543,-0.7250694082054234,-0.5377315378888614,-0.04081,0.12297,-0.0024,14.2,-21.3,3.1
55.9542,6759.3441,0.5192069721245856,-0.6515440491661904,-0.5381952277050814,-0.08357,0.15474,-0.00607,14.2,-21.3,3.2
55.9734,6759.3641,0.48775912928582055,-0.6424917588916942,-0.4654931889755254,-0.13121,0.08937,0.00432,14.2,-21.3,3.2
55.9907,6759.3842,0.4639226393721746,-0.7132910749717181,-0.32830491594476996,-0.15993,0.00202,-0.00485,14.1,-21.3,3.2
56.0125,6759.4042,0.4524805687836327,-0.8424192145409629,-0.14870008802700063,-0.13244,-0.03036,-0.00912,14.0,-21.3,3.1
56.0318,6759.4242,0.453596226789937,-1.0087155546611977,0.040001808160811336,-0.07196,0.00874,0.0202,14.0,-21.3,3.1
56.0519,6759.4442,0.46327132305020946,-1.1717772722687998,0.20247016648948168,-0.04142,0.00507,0.06479,14.0,-21.3,3.1
56.0693,6759.4643,0.4770240530683539,-1.2996747340770385,0.3078415086204327,-0.03897,-0.01814,0.0654,14.0,-21.3,3.1
56.0922,6759.4843,0.485296489767168,-1.3721641673236007,0.3373697550806476,0.07953,0.00874,0.03608,14.0,-21.3,3.1
56.11,6759.5043,0.4869370211459798,-1.3720749403371624,0.2898497734463259,0.14367,0.03317,0.03669,14.0,-21.3,3.0
56.1338,6759.5244,0.4782643809083612,-1.3135032147283134,0.17845182318018793,0.11435,0.03317,0.03181,13.9,-21.4,2.9
56.1581,6759.5444,0.46067619587137104,-1.2056300870796293,0.03065809620846771,0.1003,0.07899,0.02081,13.9,-21.4,2.9
56.173,6759.5645,0.4312855543984863,-1.0685161708047057,-0.12123238590176477,0.06243,0.07166,-0.00729,13.8,-21.4,2.9
56.1973,6759.5845,0.4045688817796436,-0.9445318857486286,-0.2502407181756663,0.04655,0.12541,-0.02317,13.8,-21.5,2.8
56.2137,6759.6046,0.3731465263855733,-0.8519064895087257,-0.33427765368814377,-0.02798,0.17062,-0.02317,13.8,-21.5,2.8
56.2348,6759.6247,0.3581701229477021,-0.8000990672440252,-0.3645746872568978,-0.12449,0.25125,-0.03905,13.8,-21.5,2.7
56.2518,6759.6447,0.34571286205198976,-0.7978533487929922,-0.3445588313889516,-0.15259,0.35388,-0.06838,13.8,-21.6,2.6
56.2745,6759.6648,0.35567006926043165,-0.8232830081216043,-0.2878130140446,-0.17886,0.4058,-0.09464,13.7,-21.7,2.6
56.3065,6759.6848,0.379983922619056,-0.8628609355134321,-0.2144371453182803,-0.17214,0.36243,-0.07265,13.7,-21.7,2.6
56.3285,6759.7049,0.3577599439038673,-0.9379276185295696,-0.14669425967008998,-0.10922,0.16023,-0.03233,13.6,-21.8,2.7
56.3497,6759.725,0.3188357787708988,-1.0155947219795978,-0.10081277037010317,0.05266,-0.05907,0.01165,13.6,-21.8,2.7
56.36,6759.745,0.2967127409110178,-1.060643127987533,-0.08275439571135657,0.16567,-0.11832,0.05746,13.6,-21.8,2.7
56.3774,6759.7651,0.2940246964866964,-1.0759675480197528,-0.09079020441722285,0.08564,0.00507,0.13199,13.6,-21.8,2.8
56.3931,6759.7852,0.32441834556261234,-1.053874154321625,-0.11508683954589571,0.00867,0.07593,0.1326,13.6,-21.8,2.9
56.4266,6759.8052,0.3697633807987299,-1.012796503005755,-0.14523458240087628,0.0044,0.05944,0.0874,13.6,-21.8,3.0
56.4313,6759.8253,0.4323639382254411,-0.9718604335607955,-0.17330874270787255,0.01845,-0.00531,0.06724,13.6,-21.8,3.0
56.4528,6759.8453,0.4814937604786258,-0.948275224728074,-0.19367187671531383,0.03922,0.00446,0.08495,13.6,-21.8,3.0
56.4712,6759.8654,0.520636749228706,-0.9426557004188026,-0.2045076923579785,0.03922,0.01546,0.08312,13.6,-21.8,3.1
56.4898,6759.8855,0.5461187719914777,-0.9528845063700561,-0.2063884260434481,0.038,0.04539,0.05258,13.5,-21.8,3.2
56.5155,6759.9055,0.5565485624206533,-0.9763080973457002,-0.20132340340244603,0.03066,0.01912,0.02997,13.5,-21.9,3.2
56.5334,6759.9256,0.5556575814764233,-1.0057564504009795,-0.19158564474478013,0.03066,-0.00103,0.03303,13.4,-21.9,3.2
56.5557,6759.9456,0.5466555652958773,-1.0417642694226135,-0.1803794007288495,0.02028,0.00324,0.03364,13.4,-21.9,3.3
56.5749,6759.9656,0.537293905478596,-1.0784455348435573,-0.17069099336240612,0.04105,0.03012,0.02325,13.4,-21.9,3.3
56.5935,6759.9856,0.5317656124248311,-1.1098619141498591,-0.16528835910629525,0.07831,0.00019,0.02753,13.4,-21.9,3.4
56.6142,6760.0057,0.5306385669820445,-1.1306774438273517,-0.1663090079991747,0.08564,0.01485,0.01104,13.4,-21.9,3.5
56.6358,6760.0257,0.5308076112248334,-1.1365022732325063,-0.1745629514867435,0.0441,0.04783,0.01348,13.4,-21.9,3.5
56.6552,6760.0457,0.5276246328361691,-1.1285054619304087,-0.18945397911736706,0.04471,0.02584,0.01226,13.3,-21.9,3.7
56.6741,6760.0658,0.5191615511265315,-1.113583634648984,-0.20879697798820196,0.07343,0.02279,0.01776,13.4,-22.0,3.7
56.6953,6760.0858,0.5069142798934192,-1.098261117744254,-0.22835656524604886,0.09175,0.04111,0.00982,13.4,-22.0,3.8
56.723,6760.1058,0.4952509785828936,-1.0866930109352644,-0.24275419861595715,0.07098,0.03195,0.00187,13.4,-22.0,3.8
56.7354,6760.1258,0.48061368211567157,-1.0673235163322232,-0.24537724174173725,0.04288,0.06738,0.00615,13.3,-22.0,3.8
56.753,6760.1458,0.47119611202428935,-1.054046430777378,-0.23608783903324948,0.02578,0.05272,0.02875,13.3,-22.0,3.9
56.7717,6760.1658,0.4685846590756447,-1.0468714499022442,-0.21698733088828526,0.04471,0.04295,0.06174,13.3,-22.0,3.9
56.7991,6760.1858,0.4733778583142875,-1.0492985426665704,-0.1944030620653301,0.0606,0.02462,0.07457,13.3,-22.0,4.1
56.8199,6760.2058,0.4912188831727272,-1.0466477397326588,-0.1750715580117852,0.07831,0.04783,0.06235,13.4,-22.0,4.3
56.8393,6760.2258,0.5179918793305996,-1.0339432396716128,-0.1659294059587193,0.08809,0.02157,0.02875,13.4,-22.0,4.5
56.8659,6760.2458,0.5485565939622272,-1.011328307588522,-0.17165885234090617,0.05082,0.03501,0.01837,13.5,-22.0,4.4
56.8834,6760.2658,0.5733121146361386,-0.9718363740141234,-0.19175911198916573,0.01723,0.03684,-0.00607,13.4,-22.1,4.5
56.9034,6760.2858,0.5886222314257056,-0.9268020557720859,-0.22357498684687194,0.01906,0.0686,-0.02623,13.4,-22.1,4.4
56.9167,6760.3058,0.5854336547093025,-0.8849662387546836,-0.2602593152354622,0.016,0.0515,-0.03417,13.4,-22.1,4.4
56.9351,6760.3258,0.5682658496349259,-0.8561768103567201,-0.2939976971434657,-0.00599,0.03501,-0.01828,13.3,-22.1,4.3
56.9545,6760.3458,0.5355705449018222,-0.8472925447378988,-0.3164953485330013,0.01295,0.00019,-0.02989,13.3,-22.1,4.2
56.9806,6760.3659,0.4909531280596597,-0.8605746862262684,-0.3215746196693736,0.01234,0.00019,-0.02623,13.3,-22.1,4.2
56.9944,6760.3859,0.44221057510460254,-0.8947372947638701,-0.30673658154370287,-0.03042,-0.02242,-0.00057,13.2,-22.1,4.3
57.0146,6760.4059,0.39811479978897774,-0.9414644855699955,-0.27331983949541794,-0.05363,-0.03341,0.00554,13.2,-22.2,4.3
57.0325,6760.426,0.3685045268116588,-0.9978076958098961,-0.22726726074966486,-0.06035,-0.01753,-0.00668,13.2,-22.2,4.3
57.0533,6760.446,0.3568209869058819,-1.0550850328448,-0.1762292519496036,-0.03653,0.00813,-0.02378,13.3,-22.2,4.3
57.072,6760.466,0.3614119742665884,-1.1077487463595563,-0.1281526243480009,0.01417,-0.01936,0.00554,13.2,-22.2,4.3
57.0985,6760.486,0.37573584978876845,-1.150632740031996,-0.0887189262887631,0.05266,-0.0328,0.06235,13.2,-22.3,4.2
57.1194,6760.5061,0.4080651149921919,-1.1696300555040917,-0.05987167313754327,0.05266,-0.01447,0.10572,13.2,-22.3,4.3
57.1324,6760.5261,0.4573573609261245,-1.164276412341017,-0.042204241779590035,0.01784,0.03195,0.06052,13.1,-22.3,4.1
57.1523,6760.5461,0.5110026510574717,-1.1447141214238132,-0.03581959941097779,-0.02004,0.03928,-0.00668,13.0,-22.2,4.1
57.1747,6760.5662,0.5578716475428733,-1.1232413553247826,-0.04065191777141841,-0.00415,0.01729,-0.03478,13.0,-22.2,4.1
57.1957,6760.5862,0.5842537195876574,-1.1123760389586654,-0.05609280080481227,0.03066,-0.00409,-0.01767,13.0,-22.2,4.0
57.2176,6760.6062,0.588458373497581,-1.1145464675509773,-0.08039781321661899,0.09603,-0.01753,0.02325,13.1,-22.2,4.0
57.2424,6760.6262,0.5778959957696084,-1.123450268073869,-0.11063048019041766,0.14245,-0.03341,0.05135,13.1,-22.2,4.2
57.2632,6760.6463,0.5657454295959646,-1.1204305033995627,-0.14237154546261443,0.09419,0.00752,0.03181,13.0,-22.3,4.3
57.277,6760.6663,0.5545481328881988,-1.1055978298357934,-0.17335636470423488,0.00928,0.02096,-0.0134,13.1,-22.2,4.3
57.2973,6760.6863,0.5437677770268949,-1.0894941477624918,-0.2039307299713098,-0.00477,0.00752,-0.02989,13.1,-22.2,4.2
57.3175,6760.7064,0.5301567496844486,-1.0758692927607987,-0.235035913761239,0.04777,-0.01264,-0.02623,13.1,-22.2,4.2
57.3323,6760.7264,0.5115616312252356,-1.0615692737781295,-0.2672999393941815,0.07587,-0.0102,-0.02439,13.1,-22.2,4.2
57.3541,6760.7464,0.49141240533061464,-1.0484250765315517,-0.3009416910015119,0.04166,0.03317,-0.01279,13.0,-22.2,4.2
57.3727,6760.7664,0.4687479548756869,-1.028826086667038,-0.33238807507605195,0.03555,0.04906,0.00493,13.0,-22.2,4.2
57.394,6760.7865,0.447218111964275,-1.0080518208077458,-0.35714603486561103,0.04471,-0.00348,0.01287,13.1,-22.1,4.4
57.4181,6760.8065,0.43167849890103005,-0.9905428627141721,-0.36930175323417913,0.01051,-0.04196,-0.0024,13.2,-22.1,4.4
57.4351,6760.8265,0.4245395889790643,-0.9834287894100923,-0.3638537101502841,-0.0182,0.01668,-0.02439,13.2,-22.1,4.6
57.4583,6760.8466,0.42566500151694076,-0.990809149711599,-0.3383580248435667,-0.03287,0.02829,-0.00912,13.2,-22.0,4.5
57.4796,6760.8666,0.43162224657011106,-1.0164443863569752,-0.2947012195379628,-0.03714,-0.00959,0.02875,13.3,-22.0,4.6
57.4922,6760.8866,0.44595523941490217,-1.0567900622108102,-0.23904071630282253,0.00012,-0.06395,0.04402,13.3,-22.0,4.6
57.5155,6760.9066,0.4611026547400036,-1.0990993460107181,-0.17945773100824525,-0.01393,-0.04929,0.01837,13.4,-22.0,4.6
57.5401,6760.9266,0.4805983481006228,-1.1352732786427788,-0.1261248916112354,-0.03592,0.00813,-0.0024,13.3,-22.0,4.5
57.553,6760.9466,0.4995056625583499,-1.1622711448533947,-0.08777563025683222,-0.01515,0.00935,0.01287,13.3,-22.1,4.4
57.5752,6760.9666,0.5107279922152015,-1.1763447546097692,-0.06893811891958279,0.01845,-0.00409,0.01287,13.3,-22.1,4.4
57.5945,6760.9866,0.5122151882844471,-1.1765801603803914,-0.06951034595920014,0.04777,-0.00714,0.00554,13.4,-22.0,4.4
57.619,6761.0066,0.5060599816645562,-1.165910216495812,-0.08532124946086483,0.05632,0.00996,0.00554,13.4,-22.0,4.4
57.6391,6761.0266,0.49879103218477844,-1.1420106356647257,-0.10899859376467091,0.04533,0.0124,0.02142,13.4,-22.0,4.3
57.667,6761.0466,0.4950211969607916,-1.1161045906860172,-0.1344179688148568,0.00928,-0.03463,0.02875,13.4,-22.0,4.3
57.6767,6761.0666,0.5035606360399246,-1.0897498880240224,-0.15625906686464752,0.03128,-0.00714,0.01226,13.4,-22.1,4.3
57.6927,6761.0866,0.5203137331411701,-1.0751274384004397,-0.17229682636679655,0.0496,0.02401,0.02692,13.4,-22.1,4.2
57.7143,6761.1066,0.5412207102191695,-1.0743595978706926,-0.18142947590456515,0.04655,0.03317,0.04158,13.3,-22.1,4.2
57.7333,6761.1266,0.5636083618898513,-1.0817500704365905,-0.18339304346248753,0.04227,-0.02975,0.03181,13.2,-22.1,4.1
57.7599,6761.1466,0.5835560514617786,-1.097440563908054,-0.17964968504239742,0.02211,-0.05113,-0.01095,13.2,-22.1,4.1
57.7809,6761.1666,0.6020577439570239,-1.113788457696777,-0.172115213525462,0.00867,-0.03891,-0.03172,13.2,-22.1,4.2
57.7929,6761.1866,0.61299383702249,-1.1285899793339804,-0.16395757435059188,0.01906,0.02951,-0.03417,13.2,-22.1,4.2
57.8166,6761.2066,0.6172730667630786,-1.1389245982049554,-0.1594977577092589,0.00134,0.00996,-0.01156,13.2,-22.1,4.3
57.834,6761.2266,0.611786613805176,-1.1405367251108682,-0.16245117583438606,0.00501,-0.01936,-0.02134,13.2,-22.1,4.4
57.8658,6761.2466,0.6044854289633311,-1.1366223276539102,-0.17623887482870515,0.05021,-0.04685,-0.04516,13.2,-22.0,4.5
57.8796,6761.2666,0.5939751847953291,-1.1119995549235657,-0.19798820396051475,0.06243,0.00324,-0.0415,13.2,-22.1,4.4
57.906,6761.2866,0.589509948141724,-1.0825860598392325,-0.22506120427594567,0.0441,0.05944,-0.02684,13.2,-22.1,4.4
57.9171,6761.3066,0.5766286386664683,-1.0494490712413629,-0.24872842106661253,-0.00721,0.02768,-0.02928,13.2,-22.1,4.4
57.9488,6761.3266,0.5625943168197289,-1.0316846229276497,-0.26336222156716005,0.00623,-0.05723,-0.036,13.1,-22.2,4.4
57.9596,6761.3466,0.5421323320145283,-1.032856105159964,-0.2635617376043502,0.03494,-0.04196,-0.02928,13.1,-22.2,4.4
57.9749,6761.3666,0.5179470663711367,-1.0559733324208915,-0.2490791313149021,0.00257,-0.0383,-0.03966,13.1,-22.1,4.4
57.9968,6761.3867,0.4937520276963605,-1.094727418533994,-0.22357255130501485,-0.02615,-0.02608,-0.05433,13.2,-22.1,4.4
58.016,6761.4067,0.46986671161025134,-1.1401281580054663,-0.19342649645927246,0.00012,-0.01447,-0.07326,13.3,-22.2,4.4
58.0324,6761.4267,0.44556304977616595,-1.1810224140193533,-0.16526601849329658,0.04166,0.03012,-0.05799,13.3,-22.1,4.5
58.0529,6761.4467,0.4246249801773539,-1.2094416726946269,-0.1442770919570613,0.04166,0.03501,-0.03295,13.3,-22.2,4.6
58.0758,6761.4668,0.404947339298771,-1.2209848915308075,-0.13233528342740364,0.0325,0.03684,0.01531,13.3,-22.2,4.5
58.1039,6761.4868,0.3880859553797195,-1.218981774539877,-0.12900412992408938,0.05143,-0.02547,0.04097,13.3,-22.1,4.5
58.1158,6761.5068,0.39053890570621763,-1.1960754399023499,-0.1308295157044146,0.07404,-0.03952,0.03975,13.3,-22.1,4.4
58.1343,6761.5269,0.4063371948286483,-1.1718954224244926,-0.13628373806060878,0.05082,0.01485,0.02203,13.3,-22.1,4.5
58.1525,6761.5469,0.43317214184171904,-1.148605377587315,-0.14279763730114503,0.03555,0.06127,0.00371,13.3,-22.1,4.4
58.1781,6761.5669,0.46239282755175937,-1.1332853474545108,-0.15008696276050948,0.01967,0.08326,0.0147,13.3,-22.1,4.5
58.1947,6761.5869,0.48130008877686786,-1.1233040754985433,-0.15861804478277364,0.03677,0.0124,0.02203,13.3,-22.1,4.5
58.2253,6761.607,0.48689820158423947,-1.1250427193348864,-0.17177368254885117,0.05693,-0.03891,0.0312,13.3,-22.1,4.6
58.2377,6761.627,0.4974791592511154,-1.1143796973739615,-0.19027746359085107,0.0777,-0.05418,0.03058,13.4,-22.1,4.6
58.2718,6761.647,0.5075070137674293,-1.113615045042626,-0.2167552970659763,0.07648,0.04478,0.03547,13.3,-22.2,4.7
58.281,6761.6671,0.5233966999108611,-1.0859058941354058,-0.2438053025387017,0.08259,0.06188,0.04097,13.3,-22.2,4.6
58.2999,6761.6871,0.5390827616613691,-1.064724977019321,-0.2678869249084972,0.07709,0.04417,0.0373,13.2,-22.2,4.6
58.317,6761.7071,0.5511316207117001,-1.0485061491979117,-0.2801223903564125,0.06304,-0.01447,0.04158,13.1,-22.2,4.6
58.3327,6761.7271,0.5593480123061351,-1.0464489895166453,-0.27516531822813306,0.03189,-0.04563,0.03242,13.1,-22.3,4.6
58.3618,6761.7472,0.5578530290101967,-1.0650386476081761,-0.2524001238565958,-0.0237,-0.00837,0.03608,13.2,-22.2,4.5
58.3853,6761.7672,0.554056922994122,-1.1056978887629567,-0.2181603580954654,-0.01454,0.00996,0.01715,13.1,-22.3,4.5
58.3927,6761.7872,0.5452679146665985,-1.1561944825825654,-0.18193664935156306,0.03677,0.01424,4e-05,13.1,-22.3,4.6
58.4363,6761.8073,0.5413751703245546,-1.2117739809547499,-0.1563373685827134,0.05754,-0.02425,-0.01584,13.1,-22.3,4.7
58.4378,6761.8273,0.519256496815255,-1.2370696192775896,-0.14531356148690122,0.01539,0.05516,-0.02867,13.1,-22.2,4.7
58.4521,6761.8473,0.5053689440463379,-1.2385228856217285,-0.15449552130863786,-0.01882,0.11869,-0.0079,13.1,-22.2,4.9
58.4753,6761.8673,0.4959082501856439,-1.2219954276620335,-0.18070171541714153,0.03861,0.03989,0.03364,13.1,-22.2,4.9
58.4952,6761.8874,0.49319347419647275,-1.1934167688960766,-0.21551571453240115,0.08686,-0.04013,0.05746,13.1,-22.2,5.0
58.5149,6761.9074,0.504746138112811,-1.1600841338532553,-0.2487336768221038,0.07526,-0.02364,0.07273,13.1,-22.2,5.0
58.5436,6761.9274,0.5297476165236801,-1.1312518558689326,-0.27156661821847905,0.02883,0.01485,0.05441,13.0,-22.2,5.2
58.5587,6761.9474,0.5681276198049211,-1.1085221377757024,-0.2787685516687102,-0.0066,0.04967,0.02325,13.0,-22.2,5.2
58.5765,6761.9674,0.603140479930007,-1.1038769227660012,-0.27052212450220736,-0.0011,0.02401,0.00371,13.0,-22.2,5.2
58.5959,6761.9874,0.6253280764347454,-1.1187112203488925,-0.25021335013196655,0.02456,-0.01447,-0.01645,13.1,-22.2,5.2
58.617,6762.0074,0.6322069246425676,-1.1465688126452371,-0.22288699756774655,0.03066,-0.01875,-0.0189,13.1,-22.2,5.2
58.635,6762.0274,0.6256373253723463,-1.1760456759301152,-0.19345603976502268,0.02211,0.02279,-0.02561,13.1,-22.1,5.3
58.6607,6762.0474,0.6122145862909603,-1.2021178102135535,-0.16683847845113497,0.01234,0.04356,-0.01584,13.0,-22.2,5.3
58.6884,6762.0674,0.5935500429132591,-1.2226862001060745,-0.14655175168720191,0.00867,-0.00042,0.00126,13.0,-22.2,5.4
58.6971,6762.0874,0.5773478262340997,-1.2299549508402448,-0.13440580824371473,0.04716,-0.03097,0.00798,13.1,-22.2,5.4
58.7195,6762.1074,0.5669677371514312,-1.2334080295285292,-0.13294589014389935,0.06793,-0.01447,0.01104,13.1,-22.2,5.3
58.7353,6762.1274,0.5680217257810112,-1.2216697868484827,-0.14113841151237771,0.04899,-0.00959,0.00982,13.0,-22.2,5.4
58.7537,6762.1473,0.5762738107649665,-1.2008984861922627,-0.1585191476016341,0.03128,0.04234,0.01348,13.0,-22.2,5.5
58.7734,6762.1673,0.5848179570545741,-1.1755788248756167,-0.1829687645258602,0.04166,0.01302,0.01776,13.0,-22.2,5.4
58.7952,6762.1873,0.5866414585208987,-1.1515080849028942,-0.21112858181222904,0.07648,0.00446,0.02325,13.0,-22.2,5.4
58.8136,6762.2073,0.579792587727066,-1.1291302060663204,-0.23827788374263825,0.06121,-0.02486,0.01959,13.0,-22.2,5.5
58.8327,6762.2273,0.5651257801611478,-1.1140289250831796,-0.26038976957613613,0.0215,-0.00348,0.00982,13.1,-22.2,5.5
58.854,6762.2473,0.546499099533293,-1.1101015704831867,-0.2745162638988141,-0.01515,-0.00226,0.00615,13.1,-22.2,5.6
58.8753,6762.2673,0.5283304499505215,-1.1184634319817133,-0.27954483582841405,0.02089,-0.0047,0.00187,13.1,-22.2,5.6
58.9003,6762.2873,0.5141977224654638,-1.1357425005307469,-0.27637099593585823,0.03311,0.04906,-0.01645,13.0,-22.2,5.7
58.919,6762.3073,0.5044906328021761,-1.1550536811014784,-0.26761288192891364,-0.02187,0.02523,-0.00423,13.0,-22.2,5.7
58.9386,6762.3273,0.5033178897046546,-1.1687929129021224,-0.2573712998365245,-0.02798,-0.02669,-0.01034,13.0,-22.2,5.7
58.9546,6762.3473,0.5121122260025756,-1.169752869447406,-0.24956531284150607,0.01173,-0.01875,-0.01462,13.0,-22.1,5.8
58.9753,6762.3673,0.5292613679265805,-1.1524080560945684,-0.24639958865113876,0.03066,0.00996,-0.01156,13.0,-22.1,5.9
58.9922,6762.3873,0.5478550856590192,-1.1167226923743547,-0.24731316080381838,-0.01148,0.05578,0.00798,13.0,-22.1,5.8
59.0132,6762.4073,0.5604769935484966,-1.0704786287992896,-0.24894256072227705,-0.04997,0.02768,0.02692,12.9,-22.2,6.0
59.0337,6762.4273,0.5596809751853713,-1.0283807210145985,-0.2456028244220807,-0.04508,0.0063,-0.00851,12.9,-22.2,5.8
59.062,6762.4473,0.5429528611506409,-0.9982869147313095,-0.22983692661559374,-0.01515,0.01485,-0.03172,12.9,-22.2,5.9
59.0759,6762.4673,0.50922185078161,-0.9979065812782384,-0.19658965262898676,-0.03042,-0.00348,-0.02073,12.9,-22.2,5.9
59.1046,6762.4873,0.46802917700824376,-1.0103132443708194,-0.1416756894368838,-0.14404,-0.05601,-0.0024,12.9,-22.2,6.0
59.1249,6762.5073,0.4379693157884721,-1.0589490628999572,-0.07116073680501778,-0.1306,-0.04563,-0.00118,12.8,-22.3,5.8
59.1336,6762.5273,0.4394201932764551,-1.1287588045798722,0.006894200156461139,-0.03592,-0.01692,0.02509,12.8,-22.3,5.8
59.1535,6762.5472,0.4692888267764927,-1.1850346503255926,0.08324245863326496,0.03128,-0.00348,0.10878,12.9,-22.3,5.8
59.1721,6762.5672,0.5255459781992131,-1.207769255019571,0.14493051580111427,-0.03409,-0.05296,0.19979,12.9,-22.3,5.8
59.1948,6762.5872,0.5710253132105935,-1.194664729132337,0.17924338530895056,-0.10434,-0.12809,0.30731,12.9,-22.3,5.8
59.2158,6762.6072,0.5992586357972621,-1.1723883663026646,0.1720372119363951,0.00867,-0.33457,0.31952,12.9,-22.4,5.7
59.236,6762.6273,0.6075132075548583,-1.1516242581613243,0.11761841550300822,0.37153,-0.88923,0.18574,12.9,-22.5,5.6
59.2612,6762.6473,0.5853292748450981,-1.1370719656419717,0.02079024294237186,0.42956,-0.8593,0.02814,12.8,-22.5,5.7
59.2833,6762.6673,0.6010884378511985,-1.0686175461886807,-0.1012822034164742,0.16444,-0.46285,-0.07082,12.8,-22.6,5.6
59.3009,6762.6873,0.6373623818742258,-0.9664097767419407,-0.22905131568504977,-0.15809,-0.10183,-0.14046,12.8,-22.6,5.5
59.3279,6762.7074,0.686954657009527,-0.8580066893589704,-0.34233874193643565,-0.26805,0.13336,-0.25713,12.8,-22.6,5.4
59.3454,6762.7274,0.6744849180768623,-0.8337003859237293,-0.424002037631384,-0.21612,0.04478,-0.30234,12.7,-22.6,5.5
59.3562,6762.7474,0.6095925475498121,-0.8957380522338863,-0.46327790494408383,-0.17275,-0.22156,-0.26324,12.8,-22.7,5.3
59.3821,6762.7675,0.5153979673610489,-1.0032554930933981,-0.45882390287842334,-0.10067,-0.33823,-0.14351,12.8,-22.6,5.2
59.3964,6762.7875,0.43049219857039767,-1.1442234451911202,-0.42223709119569364,-0.08601,-0.28203,-0.09281,12.8,-22.6,5.1
59.4179,6762.8075,0.37756469869625586,-1.2729338056174304,-0.365396619900368,-0.13854,0.00996,-0.11602,12.9,-22.6,5.1
59.4418,6762.8275,0.3646334669760408,-1.3704356707729641,-0.303832513252539,-0.1697,0.1639,-0.13496,12.9,-22.6,4.9
59.4554,6762.8476,0.35137884837671823,-1.4542750522537407,-0.25489160034770286,-0.15565,0.11564,-0.09403,12.8,-22.6,4.7
59.4756,6762.8676,0.34641953568893696,-1.5015800361394496,-0.22647374559675804,-0.10006,-0.10366,-0.06532,12.8,-22.6,4.5
59.4935,6762.8876,0.3467768112512163,-1.5225947689973889,-0.22253298337644445,0.04838,-0.21667,-0.0696,12.8,-22.6,4.4
59.5239,6762.9077,0.3574719584559977,-1.5278416851276837,-0.238731941212583,0.17972,-0.08106,-0.025,12.8,-22.5,4.3
59.536,6762.9277,0.40026321103089196,-1.4780231654103828,-0.2574327574160957,0.14062,0.09365,0.06601,12.9,-22.4,4.3
59.5593,6762.9477,0.4562638993385385,-1.4137228912756292,-0.2712152922732045,-0.04875,0.06677,0.0709,12.9,-22.4,4.3
59.5809,6762.9677,0.512520992367135,-1.3523715401098169,-0.27249605102345775,-0.05608,-0.00409,-0.03111,13.0,-22.4,4.3
59.6058,6762.9878,0.560321262305453,-1.3180400114890103,-0.2608148120778484,0.02028,0.01607,-0.0531,13.0,-22.4,4.3
59.6383,6763.0078,0.5984784092741625,-1.3190495044910537,-0.24013468971450003,0.04594,0.03012,-0.00607,13.0,-22.4,4.3
59.6444,6763.0278,0.613971985921445,-1.3338541357474734,-0.21414653532823102,0.02517,0.11869,0.05624,13.1,-22.3,4.3
59.654,6763.0479,0.6194453321892808,-1.3552590819504893,-0.191840319636297,0.01723,0.18711,0.06724,13.1,-22.3,4.3
59.6773,6763.0679,0.6185823919193189,-1.3759910234261874,-0.180600204813393,0.05815,0.1303,0.05135,13.1,-22.3,4.4
59.6962,6763.0879,0.6110408946342797,-1.3826716096397829,-0.18343359054572694,0.07343,0.0063,0.04158,13.1,-22.3,4.5
59.7187,6763.1079,0.6055456930013896,-1.3748984027620674,-0.2012859279455217,0.07281,0.00691,0.02692,13.3,-22.4,4.6
59.7369,6763.128,0.6076756443241836,-1.3469454479115603,-0.22956312784529764,0.0606,0.08449,0.02936,13.3,-22.4,4.6
59.7573,6763.148,0.6180435606519045,-1.3075099215373405,-0.261931603517052,0.06976,0.14802,0.0819,13.3,-22.4,4.6
59.7731,6763.168,0.6365198315907243,-1.2600737278343033,-0.289802158819672,0.08503,0.10098,0.13138,13.3,-22.4,4.7
59.797,6763.1881,0.6604030442665746,-1.219837288457874,-0.3069739850836317,0.0661,0.03134,0.11672,13.4,-22.4,4.7
59.8226,6763.2081,0.693585560594892,-1.1880424248376864,-0.30912918118752586,0.04288,-0.00042,0.04219,13.4,-22.4,4.9
59.8336,6763.2281,0.7362459305862448,-1.1633445231879593,-0.2961956948577811,0.02395,0.04234,0.0202,13.3,-22.4,4.8
59.8531,6763.2481,0.7744893106896131,-1.1533392642646267,-0.2728706979626754,0.027,0.04356,0.04769,13.3,-22.5,4.8
59.8734,6763.2681,0.8032379874696063,-1.1535314120078155,-0.2463357743287915,0.027,0.03134,0.06968,13.3,-22.5,4.8
59.8949,6763.2881,0.8201554557556988,-1.1590312346456866,-0.2249412595869007,0.027,0.00507,0.03486,13.3,-22.5,4.7
59.9134,6763.3081,0.8229157937090957,-1.162786740613398,-0.2149207969046234,0.03738,0.04295,-0.01951,13.3,-22.5,4.8
59.9387,6763.3281,0.8098528787545687,-1.1636397376670589,-0.21901390858985614,0.03616,0.08143,-0.01584,13.3,-22.5,4.8
59.9544,6763.348,0.7742225254723487,-1.1565277014667774,-0.23369129453980442,0.02211,0.04478,0.01165,13.3,-22.5,4.8
59.9732,6763.368,0.725646284702116,-1.148364295361079,-0.25343287265638104,0.01539,-0.00287,0.00248,13.3,-22.5,4.6
59.9948,6763.388,0.6754825535240718,-1.1448977445169073,-0.2698444992279132,0.01478,0.02584,-0.02439,13.3,-22.5,4.6
60.0225,6763.408,0.6346389654634137,-1.152318375872471,-0.274713391299672,-0.0182,0.04173,-0.04028,13.1,-22.4,4.5
60.0328,6763.428,0.5995914569688199,-1.1747200483898408,-0.262057595014344,-0.02309,0.0063,-0.00729,13.1,-22.5,4.6
60.0547,6763.448,0.5762928839795458,-1.2072815034679345,-0.23128121629171794,0.02761,0.00996,0.02814,13.1,-22.5,4.6
60.0727,6763.468,0.5711941436551431,-1.2445868538616727,-0.18812010477192942,-0.05486,-0.11221,0.06907,13.1,-22.6,4.6
60.0966,6763.488,0.5836682788805716,-1.2744080957142747,-0.1420598447536605,-0.08235,-0.03646,0.05135,13.1,-22.6,4.6
60.1299,6763.508,0.6175026594461795,-1.287337016769939,-0.10509332960558204,-0.0402,0.00263,0.01837,13.1,-22.6,4.5
60.1359,6763.528,0.6575619703566614,-1.296203450544441,-0.08869300762422405,0.00684,0.07471,4e-05,13.1,-22.6,4.6
60.1576,6763.548,0.6943738614330693,-1.284321306604972,-0.09461680592438526,-0.05669,0.09487,-0.00362,13.1,-22.6,4.6
60.1776,6763.568,0.7106226018349759,-1.2670783679631001,-0.12063579492392762,-0.05791,0.07166,-0.02073,13.1,-22.6,4.5
60.1934,6763.588,0.7027422900101252,-1.2566123846338408,-0.15881635482597467,-0.00538,0.06983,-0.04761,13.2,-22.6,4.5
60.2197,6763.608,0.691465604920814,-1.2552921228220426,-0.1992908948295824,-0.02492,0.11503,-0.08609,13.2,-22.7,4.4
60.2383,6763.628,0.6535748817684447,-1.2812148971016555,-0.23309972044178195,-0.11961,0.12419,-0.12641,13.1,-22.7,4.2
60.2531,6763.648,0.5976552973245982,-1.3331120994267565,-0.25684566709743706,-0.10434,0.0515,-0.14718,13.2,-22.7,4.3
60.2752,6763.668,0.54349015081624,-1.394335144855563,-0.27237370964892094,-0.02187,-0.07923,-0.07754,13.3,-22.7,4.3
60.2973,6763.688,0.5057920647017697,-1.4464036579363324,-0.2850673820492169,0.08381,-0.10122,-0.00057,13.3,-22.8,4.2
60.3169,6763.708,0.5041869362290974,-1.4585526525307364,-0.2984566315727122,0.09481,0.03989,0.04525,13.3,-22.8,4.2
60.3362,6763.728,0.5376630818375255,-1.4144370334821013,-0.31309234305485667,0.02639,0.192,0.04463,13.3,-22.7,4.2
60.3557,6763.7479,0.5887572539278306,-1.3158090656588042,-0.3261182310507049,0.00928,0.06127,0.05991,13.3,-22.7,4.2
60.3742,6763.7679,0.6405376195220841,-1.179351089006696,-0.33277976990914837,0.06976,-0.15009,0.0312,13.3,-22.7,4.2
60.4073,6763.7879,0.6826564969066117,-1.027206364660654,-0.3283886610143316,-0.00599,-0.10549,-0.06104,13.3,-22.7,4.2
60.4193,6763.8079,0.7154630995089367,-0.9046715772126461,-0.3131490016646996,-0.1471,-0.00287,-0.12763,13.3,-22.7,4.2
60.436,6763.828,0.7365195880491331,-0.8281390873062661,-0.286922085106216,-0.15626,0.01729,-0.12457,13.3,-22.7,4.2
60.4545,6763.848,0.7393046243205371,-0.8121395240787944,-0.25266315538012485,-0.13305,0.04783,-0.11602,13.3,-22.7,4.2
60.4757,6763.868,0.719998687618994,-0.8475003853037818,-0.21389128644999822,-0.24545,0.05883,-0.09709,13.3,-22.7,4.3
60.4977,6763.8881,0.6823480986823193,-0.9273797116783956,-0.17560773455218737,-0.49224,-0.01203,0.01348,13.3,-22.7,4.3
60.5195,6763.9081,0.6440925950358259,-1.0554067409324706,-0.14426038267455077,-0.53255,-0.39565,-0.12763,13.3,-22.6,4.3
60.5671,6763.9281,0.6166137141566096,-1.1520869464763197,-0.1148043300827144,-0.33219,-0.43964,-0.34815,13.3,-22.6,4.4
60.5692,6763.9481,0.5964764814658363,-1.3753433508736428,-0.10716954911834087,-0.0683,-0.32968,-0.39458,13.2,-22.5,4.3
60.5733,6763.9682,0.5812711134428968,-1.5618967270465032,-0.09948136856673884,0.04533,-0.19407,-0.28035,13.2,-22.5,4.3
60.5955,6763.9882,0.5785858778573593,-1.715308101440625,-0.08605097690987229,0.07098,-0.07556,-0.11602,13.2,-22.5,4.3
60.6162,6764.0082,0.5799555138492767,-1.8075528112253256,-0.05677754105840016,0.03922,0.02218,-0.07143,13.2,-22.5,4.2
60.6359,6764.0283,0.5860071109913575,-1.8473594341682862,-0.01573835824245151,0.04899,0.0967,-0.09892,13.2,-22.4,4.2
60.6565,6764.0483,0.5882571180925411,-1.8517040832490832,0.021749601121911155,0.10519,0.10403,-0.17406,13.2,-22.3,4.2
60.6744,6764.0683,0.5691601647482116,-1.823352195625104,0.037186871484633954,0.21331,0.0289,-0.18016,13.3,-22.3,4.1
60.6979,6764.0883,0.5371601021538689,-1.7813814144710316,0.009689836672478691,0.37519,-0.20018,-0.13557,13.3,-22.3,4.0
60.7229,6764.1084,0.5144473536502908,-1.7021472828889452,-0.06294227863909185,0.55723,-0.20629,-0.05494,13.3,-22.3,4.0
60.7487,6764.1284,0.5258480363913973,-1.5665671930272398,-0.16807306870311933,0.57983,0.07716,0.00371,13.4,-22.2,3.8
60.7574,6764.1484,0.5662054398878454,-1.3066011178429162,-0.2731160769821859,0.33182,0.14618,-0.03111,13.4,-22.2,3.8
60.7761,6764.1685,0.6207726773566598,-1.0742076442964925,-0.37470565917053733,0.24447,-0.18857,-0.10319,13.5,-22.2,3.8
60.7971,6764.1885,0.6752052683545522,-0.8778277741576305,-0.44952726916036845,0.18338,-0.47629,-0.1258,13.6,-22.1,3.8
60.8233,6764.2085,0.7274121011404803,-0.7510317477243909,-0.4888780298404498,-0.02676,-0.28387,-0.04761,13.7,-22.0,3.8
60.8367,6764.2285,0.7865718611993816,-0.7119590113708422,-0.4944643025968727,-0.10128,0.00568,0.02814,13.7,-22.0,3.9
60.8552,6764.2486,0.8324626192326552,-0.7498898341277086,-0.4719915790485487,-0.00415,0.04417,-0.21437,13.8,-22.0,3.9
60.8801,6764.2686,0.851357345280117,-0.8369553398000611,-0.43035344762904515,-0.02615,-0.16291,-0.16428,13.9,-22.0,4.0
60.9162,6764.2886,0.8301765676404335,-0.9370415618241429,-0.377420895014005,-0.15504,-0.05357,-0.04577,14.0,-22.0,4.1
60.938,6764.3087,0.7742450724474906,-1.0475134726315387,-0.32328131966125007,-0.10617,-0.0102,-0.00851,14.1,-22.0,4.1
60.9388,6764.3287,0.7059910277384573,-1.1665896869788668,-0.2765287733484314,-0.04264,-0.00653,-0.03722,14.1,-22.0,4.0
60.9558,6764.3487,0.6523746815827087,-1.2549210712609873,-0.23762803853035486,-0.13977,0.07532,-0.07265,14.1,-21.9,4.1
60.9768,6764.3687,0.6146437875955517,-1.323900894377124,-0.20852661212554935,-0.06585,0.14741,-0.03905,14.2,-21.9,4.2
60.9991,6764.3888,0.5844240278148493,-1.3794459480135874,-0.18950596300461697,-0.02492,0.03989,-0.00607,14.2,-21.8,4.2
61.0192,6764.4088,0.5559664833068656,-1.4248125206843263,-0.18095133418653475,-0.05241,0.03562,0.00554,14.3,-21.8,4.3
61.0333,6764.4288,0.5318450676483902,-1.4508326530759628,-0.18214226037885162,0.11985,-0.00348,-0.00912,14.3,-21.8,4.3
61.0547,6764.4488,0.5109338889076617,-1.4606202960366035,-0.19352164397795057,0.18094,0.01363,0.00737,14.3,-21.7,4.3
61.0751,6764.4688,0.49409669831358755,-1.442321653621033,-0.21199551593226218,0.06793,0.02157,0.01837,14.4,-21.7,4.3
61.0931,6764.4888,0.47829846567100215,-1.3989819427351693,-0.2343541924300716,0.08931,0.04173,-0.00118,14.4,-21.7,4.3
61.1154,6764.5088,0.4622385319377375,-1.3489500671709613,-0.2574148036465278,0.15223,0.02096,-0.00607,14.4,-21.7,4.3
61.1352,6764.5288,0.44657178112853546,-1.2943862390178702,-0.27427930698665826,0.14795,-0.03646,0.00187,14.3,-21.7,4.3
61.1595,6764.5488,0.4334302826386751,-1.2501994069234397,-0.28033993861069284,0.05938,-0.15253,0.05991,14.3,-21.7,4.2
61.1744,6764.5688,0.45499858665605414,-1.2165442654590155,-0.2729008080524462,0.00134,-0.17452,0.12527,14.3,-21.6,4.2
61.1963,6764.5888,0.4933075021913084,-1.203704254412572,-0.25258722154533153,0.038,-0.11588,0.13504,14.2,-21.6,4.3
61.2234,6764.6089,0.5523832349381748,-1.2028312492050823,-0.22351905706277364,0.07526,0.03562,0.13321,14.2,-21.6,4.4
61.2487,6764.6289,0.6293610532669542,-1.2055930620182749,-0.19366187772043375,-0.03714,-0.05968,0.08801,14.1,-21.7,4.3
61.2622,6764.649,0.7000084030512267,-1.2158614929412872,-0.1724971875875223,-0.09578,0.04906,0.03608,14.2,-21.7,4.3
61.2766,6764.6691,0.7375241662170811,-1.2309157460675204,-0.1657457112741305,0.03128,0.03501,-0.03661,14.2,-21.7,4.3
61.2993,6764.6891,0.7348800277293973,-1.2564525108242077,-0.1761789480754974,0.15528,0.03806,-0.07387,14.1,-21.8,4.2
61.3175,6764.7092,0.6857605062053029,-1.273896807382437,-0.19771644728383642,0.03677,0.01057,-0.04394,14.1,-21.8,4.1
61.3356,6764.7292,0.6085439508011662,-1.2764660037743165,-0.22415349359465075,-0.03042,0.02523,0.00554,14.1,-21.8,4.1
61.3619,6764.7493,0.528879846072156,-1.258761756189615,-0.2500493338691552,0.01112,0.07349,0.04647,14.1,-21.8,4.0
61.3782,6764.7694,0.46734762469036917,-1.2432895612647272,-0.276184303903829,-0.0121,0.12053,0.10878,14.1,-21.9,4.0
61.3961,6764.7894,0.43716007302928883,-1.2337150302937063,-0.30353351894164327,-0.09517,0.1584,0.07945,14.1,-21.9,4.0
61.422,6764.8095,0.43878006578711776,-1.2418228996528429,-0.3342745852667228,0.32021,0.08204,0.01287,14.2,-21.9,4.1
61.4385,6764.8296,0.47402139230893553,-1.2110868060666942,-0.35940810629084297,0.32021,-0.14764,0.00432,14.2,-21.9,4.2
61.4554,6764.8496,0.5312361301970013,-1.1509430950125266,-0.37465227098924636,0.05938,0.08021,0.08556,14.2,-21.9,4.3
61.4752,6764.8697,0.5917673821552418,-1.0755109651655976,-0.374400336546012,-0.1306,0.17917,0.0538,14.1,-22.0,4.3
61.5005,6764.8897,0.6310093136523965,-1.0128927474013814,-0.3558461783840432,-0.20818,0.0796,0.03975,14.1,-22.0,4.4
61.5203,6764.9098,0.6323947267979659,-0.9975663868825487,-0.32186801667092446,-0.0066,-0.22095,-0.12335,14.1,-22.0,4.4
61.5376,6764.9299,0.5978384682535652,-1.0173019576764661,-0.2782971416480393,-0.13305,-0.21301,-0.07937,14.0,-22.0,4.5
61.5627,6764.9499,0.5450585400160534,-1.027887706597265,-0.23411963452422668,-0.34807,0.03867,-0.05677,14.0,-22.0,4.6
61.576,6764.97,0.4628810311652928,-1.0729255278948318,-0.2075292144848362,-0.35235,0.25492,-0.047,13.9,-22.0,4.7
61.595,6764.9901,0.37304903882576235,-1.1102009322146544,-0.2054432965758508,-0.12083,0.21155,-0.01523,13.9,-22.0,4.8
61.6201,6765.0101,0.2719941220154691,-1.151130463237788,-0.2302019796999346,0.10091,0.04783,0.00798,13.9,-22.0,4.9
61.6356,6765.0302,0.1728433032436936,-1.1672018820435446,-0.26927763227624446,0.12535,-0.03158,0.06785,14.0,-22.0,5.1
61.6545,6765.0502,0.09699178466694479,-1.1558664318054008,-0.30571410413783084,-0.02065,-0.00165,0.09411,13.9,-22.0,5.1
61.6765,6765.0703,0.05837255058627008,-1.122873772791837,-0.32362613305880217,-0.17886,0.01851,0.08617,13.8,-22.0,5.2
61.7021,6765.0904,0.057280302003284385,-1.0929487648441238,-0.31723610700445803,-0.18131,-0.00103,0.06724,13.8,-22.0,5.2
61.7185,6765.1104,0.09405362535107441,-1.1082683836109641,-0.29428832191233134,-0.108,-0.0719,0.06418,13.7,-22.0,5.2
61.7367,6765.1305,0.15945278560135462,-1.1449834012581883,-0.26509692485408287,-0.01271,-0.078,0.07884,13.6,-22.0,5.3
61.7553,6765.1505,0.2569518438849601,-1.1818471801703927,-0.2449138737165768,0.03738,-0.09938,0.03303,13.6,-22.0,5.3
61.7781,6765.1705,0.3850575148801984,-1.1994038810160568,-0.24645458583959012,0.0606,-0.07984,0.03303,13.7,-22.0,5.3
61.7969,6765.1906,0.5400043158626566,-1.1886929703848237,-0.2757821362438371,0.00745,-0.07495,-0.00668,13.6,-22.0,5.2
61.8193,6765.2106,0.699733938793963,-1.1631053157228963,-0.3313931588741852,0.05266,-0.10183,-0.06532,13.7,-22.0,5.3
61.8364,6765.2306,0.8496549927461637,-1.131242803167326,-0.4042291632524897,0.05693,-0.22644,-0.11663,13.7,-22.0,5.2
61.8676,6765.2506,0.9721604611008873,-1.1005155256045096,-0.48236092560618005,-0.06341,-0.359,-0.17711,13.7,-22.1,5.2
61.8782,6765.2706,1.069008663866256,-1.0729281234782428,-0.5570898643242597,-0.09701,-0.31807,-0.24369,13.7,-22.1,5.1
61.8944,6765.2906,1.1319963932985646,-1.0314270716442384,-0.620228088899033,-0.14649,-0.14825,-0.2779,13.7,-22.1,5.2
61.9197,6765.3106,1.1626094653252235,-0.9656074038091076,-0.6672135860845625,-0.12449,-0.22095,-0.31272,13.7,-22.0,5.3
61.9361,6765.3306,1.1393063580272018,-0.8797734046838691,-0.6897109726182507,0.00073,-0.27226,-0.2944,13.7,-22.0,5.3
61.9603,6765.3506,1.08929002026071,-0.7760419234837742,-0.67955418232048,0.05876,-0.3193,-0.27729,13.8,-22.0,5.2
61.9785,6765.3706,1.033426300419619,-0.6440571214139844,-0.6223384503373701,0.08992,-0.26004,-0.24247,13.8,-22.0,5.2
61.9954,6765.3906,0.9978033820819452,-0.5049056770418197,-0.5091387050967366,-0.07135,-0.19834,-0.25408,13.8,-21.9,5.1
62.0184,6765.4105,1.003726786040253,-0.36668358378463495,-0.34035033066898635,-0.33647,-0.05601,-0.19482,14.0,-21.9,5.1
62.0372,6765.4305,1.0309040075028104,-0.27850020202017234,-0.1301722569471817,-0.50445,-0.07067,-0.12641,14.0,-21.8,4.9
62.0624,6765.4505,1.0714657407907469,-0.21303396182440495,0.09196414865198577,-0.56004,-0.24416,-0.09098,14.1,-21.8,4.6
62.0778,6765.4705,1.1147615837250529,-0.25006897145799883,0.28259617187990393,-0.41954,-0.38771,-0.04455,14.2,-21.7,4.4
62.0994,6765.4905,1.1450104839060458,-0.2961638572499559,0.4022763009428587,-0.16848,-0.41703,-0.01401,14.2,-21.7,4.1
62.1209,6765.5105,1.1728441623771622,-0.3305503156023517,0.42157931301025364,0.02211,-0.32418,-0.01523,14.3,-21.6,3.8
62.1401,6765.5305,1.194551991647273,-0.30829544201704273,0.3400747806938611,0.11069,-0.17513,-0.0415,14.3,-21.6,3.5
62.158,6765.5505,1.188858949585255,-0.22062182699277272,0.186583866675182,0.06671,-0.11649,-0.08181,14.5,-21.5,3.4
62.1761,6765.5705,1.1390808351454986,-0.09953089522193062,0.007032061606127016,-0.04081,-0.19834,-0.10197,14.5,-21.4,3.2
62.1953,6765.5905,1.0453082240583242,0.0055934897695116385,-0.1509138770038181,-0.06646,-0.25821,-0.11724,14.5,-21.4,2.8
62.2203,6765.6105,0.9259997012976708,0.054966564754529185,-0.2513457848835987,-0.0292,-0.19407,-0.12091,14.6,-21.3,2.5
62.2398,6765.6305,0.8035278297220185,0.023885841439086265,-0.27737954405720444,-0.09456,-0.10794,-0.14046,14.6,-21.3,2.3
62.2555,6765.6505,0.693887491400423,-0.07520237888986095,-0.23310019271869997,-0.08662,0.03317,-0.12457,14.7,-21.3,2.1
62.2771,6765.6705,0.6181078344333086,-0.20790095574417006,-0.14033384201015942,0.00623,0.08571,-0.06654,14.7,-21.2,1.8
62.2981,6765.6905,0.5744377639494818,-0.3368028749607861,-0.027841349189543507,0.05143,0.03501,0.0031,14.7,-21.2,1.6
62.3271,6765.7105,0.5659531560059696,-0.4389262323646172,0.07647354315107613,0.06487,0.02462,0.06846,14.6,-21.2,1.2
62.341,6765.7305,0.6082089871413431,-0.4714871933940619,0.15561361557773878,0.18155,0.06005,0.08251,14.6,-21.2,1.0
62.3569,6765.7505,0.6834638539944956,-0.45295727345400744,0.2067000760987181,0.32449,0.20238,0.07823,14.6,-21.2,1.0
62.3834,6765.7705,0.7722922442990411,-0.42769909289550534,0.23970962963676534,0.36786,0.29279,0.08556,14.6,-21.2,0.9
62.3997,6765.7905,0.8433295576360882,-0.3575501715792613,0.2775194017049465,0.29089,0.24087,0.0819,14.6,-21.2,0.8
62.4199,6765.8104,0.8817458667046947,-0.3314474520630503,0.3371661287030481,0.20965,0.13763,0.05868,14.6,-21.2,0.7
62.4351,6765.8304,0.8879182552532542,-0.37401397062163594,0.4310715513813381,0.2011,0.03928,0.02814,14.6,-21.2,0.6
62.4625,6765.8504,0.8748738295115231,-0.5429387102482208,0.558320498001283,0.18338,0.13336,0.03547,14.5,-21.3,0.3
62.4755,6765.8704,0.853667100574718,-0.7906659393503934,0.709521153980667,0.12107,0.26286,0.06174,14.5,-21.3,0.1
62.5012,6765.8904,0.8514752899364143,-1.1170300891554525,0.859515120114553,0.03616,0.28913,0.08129,14.6,-21.3,0.0
62.5221,6765.9104,0.8550471962418512,-1.4774412104207537,0.9786305211022892,-0.03958,0.22621,0.09473,14.7,-21.3,-0.2
62.537,6765.9304,0.8638303581995506,-1.8324084167409918,1.0304287660195453,0.07098,0.17489,0.10145,14.7,-21.5,-0.4
62.5577,6765.9504,0.8774849638884831,-2.1482977952405093,0.980505200864151,0.25852,0.17489,0.16314,14.7,-21.5,-0.5
62.5786,6765.9704,0.8928571310287878,-2.3727183666950227,0.813288085818554,0.3642,0.20666,0.25844,14.7,-21.5,-0.7
62.5958,6765.9904,0.908027732105704,-2.456803922519666,0.5388840112755737,0.3813,0.23415,0.29692,14.7,-21.6,-0.8
62.6231,6766.0104,0.8959208226818103,-2.451563064430718,0.17446047807380793,0.39169,0.24575,0.3012,14.7,-21.6,-0.8
62.6408,6766.0304,0.8627064292286138,-2.3100988052541136,-0.21871268353035944,0.47293,0.26591,0.27493,14.7,-21.7,-1.0
62.6574,6766.0504,0.7939276451706286,-2.1131265174101648,-0.5957296741534002,0.51936,0.2818,0.25355,14.7,-21.8,-1.0
62.6876,6766.0704,0.6902649566842054,-1.9666117697939332,-0.9193004816023205,0.4485,0.28363,0.2676,14.6,-21.8,-1.1
62.7067,6766.0904,0.5769846555478447,-1.808795740664847,-1.1321498741182463,0.37214,0.30073,0.22973,14.6,-21.9,-1.1
62.7307,6766.1104,0.4658516861698942,-1.7171058288341188,-1.2328471806483883,0.23469,0.32822,0.2566,14.6,-22.0,-1.2
62.7361,6766.1304,0.3796318268107638,-1.6799747041647453,-1.2281121028701332,0.05693,0.30867,0.2902,14.5,-22.1,-1.1
62.7583,6766.1504,0.30817434732164334,-1.7053404465706272,-1.1486885858439422,-0.05547,0.13641,0.24072,14.4,-22.1,-1.0
62.7756,6766.1704,0.27271236070521465,-1.7721791528646083,-1.03310380768494,-0.06341,-0.05235,0.12099,14.4,-22.3,-0.8
62.7947,6766.1904,0.26946384411397556,-1.842744763773357,-0.9163842110170677,0.02822,-0.04257,-0.00912,14.2,-22.4,-0.8
62.8169,6766.2104,0.2969281491595609,-1.8774064557633383,-0.8235634268612841,0.07159,0.13397,-0.07265,14.1,-22.6,-0.7
62.8351,6766.2303,0.33051524338636834,-1.8375118913075625,-0.7627086032326762,0.03494,0.20788,-0.0977,14.0,-22.6,-0.7
62.8611,6766.2503,0.3708559631787325,-1.713613254695526,-0.7318564337036708,-0.01393,0.23842,-0.07265,13.8,-22.7,-0.7
62.8759,6766.2703,0.3759446482100706,-1.521362499572789,-0.7197180536605536,-0.0182,0.19689,-0.03783,13.7,-22.9,-0.6
62.8943,6766.2903,0.37716654223988333,-1.293358894462454,-0.7144151726287262,0.01234,0.10464,4e-05,13.6,-23.0,-0.6
62.9187,6766.3103,0.38733359559148867,-1.0696694083065785,-0.7033607523088108,0.06487,0.04845,-0.01034,13.6,-23.1,-0.5
62.9434,6766.3304,0.414951006988763,-0.8751603706597643,-0.6753150060500115,0.09481,0.07044,-0.01645,13.5,-23.1,-0.4
62.9582,6766.3504,0.4559090994032773,-0.7153325754241942,-0.6237808563592697,0.06915,0.06616,-0.01584,13.5,-23.1,-0.4
62.98,6766.3704,0.5055091104820316,-0.6051174147249666,-0.5509697386666499,-0.03775,0.04539,0.00859,13.4,-23.2,-0.3
63.0002,6766.3905,0.5491477745899024,-0.5458632092375972,-0.46362404523031486,-0.13977,-0.03952,0.0092,13.4,-23.2,-0.3
63.0177,6766.4106,0.576540193786418,-0.5432850143079452,-0.3725332962371475,-0.16237,-0.08961,-0.01156,13.4,-23.2,-0.4
63.0447,6766.4306,0.5773598350373103,-0.5799477444752199,-0.2872032350342604,-0.108,-0.09816,-0.05005,13.3,-23.2,-0.6
63.0591,6766.4507,0.5496392358799078,-0.6637841676188068,-0.21545599142821814,-0.01026,-0.10305,-0.06715,13.3,-23.3,-0.7
63.0779,6766.4708,0.4971379362378804,-0.7677784844286109,-0.1567353924881143,0.11985,-0.13909,-0.07632,13.3,-23.3,-0.9
63.0976,6766.4908,0.4368858716661762,-0.8697361906577976,-0.10424358188137361,0.15467,-0.18674,-0.0696,13.4,-23.3,-0.8
63.1231,6766.5109,0.38957836786715094,-0.9536616672764534,-0.04788837555141967,0.11863,-0.08533,-0.02378,13.4,-23.3,-0.8
63.1374,6766.5309,0.3788125572395955,-0.9928351762109564,0.021604388025876275,0.02578,-0.01142,0.04952,13.4,-23.2,-0.9
63.1578,6766.551,0.3978423037954575,-0.9924148849551616,0.10456857473369041,-0.04447,-0.03036,0.1497,13.4,-23.2,-1.0
63.1815,6766.5711,0.43747119425010483,-0.9523180025334608,0.19385249706887997,-0.09334,-0.14459,0.19613,13.4,-23.2,-1.0
63.2036,6766.5911,0.5006939429709164,-0.8784838497150639,0.2771234376784477,-0.00904,-0.20629,0.1497,13.4,-23.1,-1.0
63.2272,6766.6112,0.576793404451508,-0.7681429320187462,0.34600195375052856,0.04288,-0.17452,0.03058,13.3,-23.1,-1.1
63.2485,6766.6312,0.6596327190738323,-0.6260317754623707,0.39963052233014373,-0.06463,-0.00898,-0.03356,13.3,-23.2,-1.3
63.2601,6766.6513,0.7058653588519133,-0.5000361599069161,0.44756390822611003,-0.19902,0.22132,-0.10869,13.3,-23.2,-1.4
63.2777,6766.6714,0.7274139407995199,-0.4252375725724332,0.5044978246877214,-0.33952,0.34288,-0.1429,13.3,-23.2,-1.6
63.3042,6766.6914,0.7317585737729697,-0.4370919994674696,0.5852633970896335,-0.48063,0.23232,-0.14107,13.3,-23.1,-1.7
63.3198,6766.7115,0.684913917919585,-0.6781655638274329,0.6938278816469925,-0.56371,0.07532,-0.13679,13.3,-23.1,-1.7
63.3453,6766.7316,0.6593978156190402,-1.031828609046049,0.8211169800714675,-0.59425,-0.10977,-0.14229,13.3,-23.1,-1.6
63.3693,6766.7516,0.6653833265298287,-1.519106894091028,0.9328664171902226,-0.56615,-0.02425,-0.21437,13.3,-23.0,-1.7
63.3817,6766.7717,0.6812092328535698,-2.1195330120555744,0.9701511920527146,-0.52644,0.11442,-0.2382,13.3,-23.0,-1.9
63.4021,6766.7917,0.738363422889927,-2.63954244874927,0.8920098883964673,-0.30775,0.08815,-0.2779,13.3,-22.9,-2.2
63.4219,6766.8118,0.7903441121139083,-3.035884558191303,0.6558167723285955,0.01967,-0.01631,-0.24492,13.3,-22.8,-2.5
63.4406,6766.8319,0.8288057730459288,-3.2275368528845054,0.2664784787531893,0.37764,0.06311,-0.20949,13.3,-22.8,-2.7
63.4578,6766.8519,0.8586235094965545,-3.165988401385946,-0.22009637823109962,0.55295,0.20299,-0.18627,13.4,-22.7,-2.8
63.4817,6766.872,0.8989131546956879,-2.9098678690121256,-0.7317120763758744,0.4992,0.15596,-0.14596,13.5,-22.6,-3.0
63.5008,6766.8921,0.9289888645706097,-2.4776346481948774,-1.1562557937885298,0.43139,0.11931,-0.03478,13.5,-22.5,-3.1
63.5246,6766.9121,0.9572995622401317,-2.018858153220062,-1.4384309811878015,0.33732,0.04783,0.05991,13.6,-22.4,-3.2
63.5408,6766.9321,0.9999206251417605,-1.610362567231011,-1.5417398842244445,0.17788,-0.10427,0.13749,13.7,-22.3,-3.3
63.559,6766.9522,1.0530160200101555,-1.339829364451239,-1.4801458585851286,0.0044,-0.29975,0.16559,13.8,-22.3,-3.5
63.5782,6766.9722,1.1162370026526198,-1.2221910884207683,-1.2972532554893288,-0.07929,-0.26432,0.10939,13.9,-22.2,-3.6
63.5996,6766.9922,1.1770780199156738,-1.2305353064482714,-1.0587589038910075,-0.12572,-0.18185,-0.00973,13.9,-22.2,-3.7
63.6253,6767.0122,1.2159828687695176,-1.3129663375892002,-0.8358204218332244,-0.08479,-0.21606,-0.10442,14.0,-22.2,-3.9
63.6404,6767.0322,1.215817122575339,-1.4027916441261348,-0.6869857236030334,0.07404,-0.24294,-0.11541,14.1,-22.2,-4.1
63.6603,6767.0521,1.1624940171200908,-1.4418694465525426,-0.6438737201984743,0.20232,-0.19285,-0.07204,14.2,-22.1,-4.1
63.6772,6767.0721,1.0698999599438357,-1.3767010270220243,-0.7040083039422083,0.27073,-0.22156,-0.02378,14.3,-22.1,-3.9
63.6972,6767.0921,0.9507835139532101,-1.217527485665966,-0.8379890692126377,0.2854,-0.26859,-0.03783,14.4,-22.0,-3.9
63.7285,6767.1121,0.819220350538905,-1.0139487101038742,-0.9969585703210893,0.23286,-0.22461,-0.06715,14.4,-22.0,-3.9
63.7412,6767.1321,0.7222834762876591,-0.7612976877314038,-1.1214033082684391,0.18399,-0.29792,-0.09586,14.5,-22.0,-3.8
63.7739,6767.1521,0.6404835265348084,-0.5886399864970279,-1.1688087406147485,0.15223,-0.32296,-0.10258,14.5,-22.0,-3.9
63.779,6767.1721,0.6185322308965733,-0.4739604042973719,-1.108525856858595,0.13451,-0.27165,-0.04761,14.5,-22.0,-3.9
63.812,6767.1921,0.5999336035167285,-0.49009628317449033,-0.9358588326433352,0.1003,-0.24782,0.04952,14.5,-21.9,-3.9
63.82,6767.2121,0.667999025272466,-0.5908590120101193,-0.6749394722952413,0.04899,-0.23316,0.12649,14.4,-21.9,-3.8
63.8387,6767.2321,0.7545834758266247,-0.7681374457221377,-0.36286302498397305,0.09419,-0.11832,0.16314,14.4,-21.9,-4.0
63.8605,6767.2521,0.8734039002815986,-0.9785485155552007,-0.05222875117182646,0.17788,0.02706,0.13504,14.4,-21.9,-3.9
63.8812,6767.2721,1.0120258585099675,-1.1654680952851337,0.20913947508348407,0.24141,0.25919,0.03425,14.4,-21.8,-3.9
63.9079,6767.2921,1.1454051513591492,-1.2957765909079648,0.3881894993737891,0.2292,0.41496,-0.05371,14.5,-21.8,-3.8
63.9284,6767.3121,1.2100597098728814,-1.3092257739520479,0.48684647120008506,0.2353,0.37465,-0.06532,14.5,-21.7,-3.7
63.9512,6767.3321,1.2045012342041261,-1.2225762604137909,0.520143073447322,0.25119,0.24759,-0.07571,14.5,-21.7,-3.6
63.9625,6767.3521,1.1098350605597846,-1.0238781138237618,0.5308987606771733,0.24997,0.27447,-0.07998,14.4,-21.7,-3.6
63.98,6767.3721,0.9872995112634826,-0.8067630243686496,0.5515070062755179,0.23164,0.39175,-0.0696,14.4,-21.6,-3.7
63.9992,6767.3921,0.8525631792723837,-0.6273603664389047,0.619948500246311,0.17666,0.4113,-0.01645,14.4,-21.6,-3.5
64.0227,6767.4122,0.7290688980926688,-0.5569758195199482,0.7514839337726631,0.08686,0.36304,0.07151,14.4,-21.6,-3.4
64.0374,6767.4322,0.6279385903932131,-0.6309494161835104,0.9346358211304242,-0.01026,0.22865,0.1497,14.5,-21.5,-3.3
64.0619,6767.4522,0.560076650289202,-0.8489096147209005,1.1308668017198578,-0.09395,0.08754,0.16681,14.4,-21.5,-3.2
64.0797,6767.4723,0.5426213755107171,-1.2019436325245225,1.2808224904420236,-0.29248,0.03928,0.20896,14.5,-21.5,-3.1
64.0972,6767.4923,0.5597423413767724,-1.62209002199595,1.3212658708022005,-0.41343,0.00507,0.29265,14.5,-21.5,-3.1
64.1313,6767.5123,0.568178923647006,-2.0013295926075183,1.2032602844406952,-0.20391,0.1077,0.30364,14.5,-21.5,-3.0
64.1436,6767.5323,0.6039993350903292,-2.3201842701806408,0.8862058963339319,0.14734,0.30073,0.26882,14.6,-21.5,-2.7
64.158,6767.5524,0.6020444597037641,-2.462806065094971,0.40150018440343693,0.35992,0.49682,0.26821,14.6,-21.4,-2.6
64.1786,6767.5724,0.5499206393762391,-2.41816114655738,-0.1828527164356739,0.34831,0.53653,0.29204,14.6,-21.5,-2.5
64.2,6767.5924,0.4457700579672873,-2.202104116574533,-0.7613164163457373,0.27807,0.56279,0.31158,14.6,-21.5,-2.5
64.2283,6767.6124,0.3208175889752386,-1.9225246204342805,-1.2407002256401967,0.23592,0.53469,0.25905,14.6,-21.5,-2.3
64.2401,6767.6325,0.1840858893543128,-1.6628827582362036,-1.5436626686638473,0.15956,0.48705,0.17964,14.7,-21.6,-2.2
64.2627,6767.6525,0.09302932639280126,-1.5515044017588282,-1.6488077530931378,0.04227,0.32456,0.14604,14.6,-21.7,-2.0
64.2879,6767.6725,0.04596307931793193,-1.61885583831514,-1.564678262951702,-0.01087,0.06616,0.16131,14.5,-21.7,-1.9
64.3014,6767.6926,0.0713091269741747,-1.8558934587551175,-1.3397882660333416,-0.06341,-0.2692,0.17169,14.5,-21.8,-1.8
64.3281,6767.7126,0.1147354165768274,-2.184009353271317,-1.0401242822117212,-0.14282,-0.41703,0.08068,14.5,-21.8,-1.6
64.3484,6767.7326,0.22718351045419857,-2.536838976540034,-0.7502045290152655,-0.20146,-0.27898,-0.04394,14.5,-21.9,-1.5
64.3591,6767.7526,0.37376415051122064,-2.827327821409188,-0.543753239506529,-0.14954,0.01485,-0.18505,14.5,-22.0,-1.4
64.3802,6767.7727,0.5589153090377339,-2.9547089014197416,-0.4614689850267979,-0.02981,0.34349,-0.27302,14.5,-22.1,-1.4
64.4045,6767.7927,0.7385397435738571,-2.890609430542288,-0.5175786495253156,0.07098,0.53775,-0.23025,14.5,-22.1,-1.4
64.4266,6767.8127,0.8444504912573209,-2.633734624079045,-0.6815140101326271,0.13146,0.5182,-0.12702,14.5,-22.1,-1.4
64.4404,6767.8328,0.8546561188027435,-2.2074870816309207,-0.8954195100767812,0.2408,0.37465,-0.08792,14.5,-22.2,-1.3
64.4863,6767.8528,0.8712559281912489,-1.7624577564011674,-1.1281592828477276,0.29028,0.21521,-0.06288,14.4,-22.3,-1.2
64.4906,6767.8728,0.8099742509901569,-1.2079909055692555,-1.2831675287280362,0.26157,0.14557,-0.01401,14.4,-22.3,-1.0
64.5038,6767.8928,0.7497388383166791,-0.7340230940360474,-1.360407779490446,0.17727,0.15351,0.01043,14.4,-22.3,-0.8
64.5186,6767.9129,0.6848268033650085,-0.38336603901534755,-1.3421238915551648,0.10275,0.25858,0.03364,14.4,-22.3,-0.6
64.5397,6767.9329,0.616647851048742,-0.19152831231014178,-1.2326254427881143,0.0215,0.26225,0.0202,14.3,-22.3,-0.4
64.559,6767.9529,0.5434869320415674,-0.1648325329706408,-1.0486394957798915,-0.0683,0.12358,0.01898,14.3,-22.3,-0.2
64.5773,6767.9729,0.4750325977468517,-0.28391188760312597,-0.8148077793913373,-0.07807,0.00752,0.00798,14.3,-22.3,-0.1
64.5984,6767.9929,0.420401767098501,-0.49995093297429055,-0.5577776699321362,-0.08479,-0.02486,0.02081,14.3,-22.3,0.0
64.6231,6768.0129,0.38036281288869034,-0.7507348102213723,-0.3018931546427801,-0.10495,-0.10122,0.10022,14.3,-22.2,0.1
64.6478,6768.0329,0.3586507565243115,-0.9746628515426812,-0.06627518817058053,-0.10067,-0.20384,0.17964,14.3,-22.2,0.3
64.6633,6768.0529,0.39072917496272846,-1.118882107933478,0.13813406485424196,-0.01637,-0.22095,0.24561,14.3,-22.1,0.5
64.6816,6768.0729,0.44524776573019337,-1.1452370254173634,0.315572195019838,-0.03653,-0.28387,0.23156,14.3,-22.1,0.7
64.6984,6768.0929,0.532380992713787,-1.0597416132627746,0.4784737480153822,-0.04386,-0.20873,0.14543,14.2,-22.1,0.9
64.7247,6768.1129,0.6238112212565278,-0.904569100867374,0.6475163058909317,-0.03225,-0.11343,0.03242,14.1,-22.1,1.0
64.7442,6768.1329,0.7223166465080189,-0.7605627909497034,0.8396880941679683,-0.09762,-0.03585,0.02264,14.0,-22.2,1.1
64.7577,6768.1529,0.8126226567108631,-0.7174824498235555,1.0625826856620382,-0.20452,-0.06151,0.07273,14.0,-22.2,1.1
64.7835,6768.1729,0.8773094272706603,-0.7832635927658801,1.3100112717900743,-0.34135,-0.06334,0.12344,14.0,-22.2,1.0
64.8,6768.1929,0.9507492077711979,-1.0594848270718256,1.5420590268267063,-0.56737,0.04906,0.07151,14.0,-22.2,1.1
64.834,6768.2129,1.0235148551122488,-1.3456625113204719,1.7285874080323609,-0.70482,0.06616,0.00859,13.9,-22.3,1.0
64.8438,6768.2329,1.0856559326497985,-1.9170765343511489,1.7720800276727182,-0.67183,0.03073,-0.13313,13.9,-22.3,0.9
64.8618,6768.2529,1.14433313599527,-2.436049787736832,1.6413153372107256,-0.42993,0.04356,-0.26874,13.9,-22.3,0.8
64.8924,6768.2728,1.2243453146612462,-2.8552482380626962,1.296872203428192,-0.06096,0.11075,-0.31578,13.9,-22.3,0.6
64.9167,6768.2928,1.2440142040137145,-3.1209157446397664,0.7568757222239721,0.28967,0.23232,-0.2608,13.8,-22.3,0.6
64.9265,6768.3128,1.1898437448262977,-3.087144695850195,0.1269023838253407,0.53585,0.15779,-0.12641,13.8,-22.3,0.5
64.9556,6768.3328,1.1355606997808925,-2.928275471711359,-0.5427427150622943,0.56151,-0.09389,-0.02439,13.8,-22.2,0.4
64.9571,6768.3528,1.1213883625676138,-2.4821048570431903,-1.0825719936495855,0.45033,-0.29303,0.03425,13.7,-22.3,0.3
64.9833,6768.3728,1.0861728742382735,-2.086847533773698,-1.491013612084508,0.30128,-0.35839,0.02814,13.7,-22.3,0.2
64.9986,6768.3929,1.1020601914984276,-1.7111710412877665,-1.7230714238356981,0.1449,-0.3981,-0.047,13.8,-22.3,0.1
65.019,6768.4129,1.1177152936629962,-1.4421575752365272,-1.8038988028632659,-0.00415,-0.37672,-0.21132,13.8,-22.3,0.1
65.0399,6768.4329,1.1134738052548478,-1.2812987969980938,-1.7753110013091273,-0.12327,-0.26859,-0.32677,13.9,-22.2,0.2
65.0583,6768.4529,1.0665388009629106,-1.20325005813058,-1.684706881124713,-0.13793,-0.24477,-0.3286,14.0,-22.2,0.1
65.0832,6768.473,0.9850843751805939,-1.1564219633075081,-1.572425611071731,-0.08051,-0.2576,-0.23881,14.0,-22.2,-0.1
65.1055,6768.493,0.8845549760628331,-1.1036950862184356,-1.4640077196549974,-0.05852,-0.29181,-0.10625,13.9,-22.2,-0.3
65.1268,6768.513,0.8023638117010922,-1.0184230938788117,-1.3673602997174008,-0.04692,-0.2185,-0.01095,14.0,-22.2,-0.4
65.1404,6768.5331,0.7765514545401689,-0.9024645228136762,-1.2756666416799707,-0.02492,-0.22828,0.03792,14.1,-22.1,-0.5
65.1672,6768.5531,0.7922114690099633,-0.7742903574072686,-1.170169992431946,-0.03592,-0.23011,0.00126,14.2,-22.2,-0.6
65.1791,6768.5731,0.8647554899942101,-0.6749086157951715,-1.038519142419668,-0.06402,-0.20323,-0.03111,14.2,-22.1,-0.7
65.2049,6768.5931,0.951746375121376,-0.6183040201052756,-0.8695898959968922,-0.09151,-0.18002,-0.06593,14.3,-22.1,-0.7
65.2246,6768.6132,1.0372296412957376,-0.6289544485015484,-0.6674227096639846,-0.1135,-0.14948,-0.0586,14.3,-22.1,-0.8
65.238,6768.6332,1.1025688999816157,-0.7036025423007832,-0.4443943167697242,-0.09517,-0.11404,-0.05249,14.3,-22.1,-0.8
65.2609,6768.6532,1.1431302700784909,-0.8105558372877967,-0.21867178478426474,-0.05241,-0.03646,-0.06043,14.3,-22.1,-0.8
65.2854,6768.6733,1.1622494409277913,-0.9315104577667069,-0.010140234918814883,0.0441,-0.01753,-0.05738,14.3,-22.1,-0.9
65.3005,6768.6933,1.1615710322109378,-1.0115185167567826,0.17226427732838268,0.19865,0.00446,-0.06166,14.4,-22.0,-1.1
65.3346,6768.7133,1.1629935283284432,-1.0737125509619263,0.32221638571179767,0.27562,-0.04807,-0.09709,14.4,-22.0,-1.1
65.3468,6768.7333,1.154104967852521,-1.0100799249117836,0.46360002992383365,0.24325,-0.10183,-0.11908,14.4,-22.0,-1.2
65.3599,6768.7534,1.1509219721878623,-0.9041328217231747,0.6034499694666593,0.19132,-0.1733,-0.10747,14.5,-21.9,-1.1
65.3876,6768.7734,1.1493929503323366,-0.8463201832718525,0.7491951212556582,0.2182,-0.25943,-0.09403,14.5,-21.9,-1.0
65.401,6768.7934,1.1509061908734455,-0.8059784802391942,0.9050838046967389,0.23714,-0.20445,-0.11969,14.5,-21.9,-1.1
65.4345,6768.8135,1.1512591679471078,-0.8509352871828147,1.0493985082237707,0.01417,-0.14703,-0.1765,14.5,-21.8,-1.0
65.4445,6768.8335,1.095933699852177,-1.0028067649725307,1.1539346718595276,-0.37128,-0.02058,-0.23575,14.5,-21.8,-1.0
65.461,6768.8535,1.0117904806397893,-1.2032341151275223,1.1830836727983236,-0.7433,-0.07739,-0.38908,14.5,-21.7,-1.0
65.4783,6768.8735,0.8747186404501306,-1.4601365570509193,1.106425818587244,-0.82149,-0.00531,-0.55096,14.5,-21.7,-1.0
65.4986,6768.8936,0.6852644415866499,-1.7354326970067158,0.9097480132451174,-0.58142,0.13946,-0.55035,14.5,-21.7,-1.2
65.5249,6768.9136,0.43956034345424116,-1.988165199143473,0.6014538937986007,-0.28271,0.11808,-0.40924,14.6,-21.6,-1.3
65.5446,6768.9336,0.1109028385234617,-2.1874179306872685,0.21325794579735202,-0.06707,-0.02852,-0.13801,14.7,-21.5,-1.4
65.5697,6768.9537,-0.21863420954155527,-2.272603452527424,-0.1960318337095135,0.06243,-0.3364,0.14665,14.7,-21.5,-1.4
65.5855,6768.9737,-0.42684401934723276,-2.253245912205586,-0.5610167141750129,0.02578,-0.27531,0.28348,14.8,-21.4,-1.5
65.6026,6768.9937,-0.4996645373593771,-2.1838713946271557,-0.8336530728366434,-0.13732,-0.19834,0.28898,14.8,-21.4,-1.6
65.6216,6769.0137,-0.44658747870672544,-2.123709326808255,-0.9955078385398561,-0.1587,-0.1904,0.2786,14.8,-21.2,-1.7
65.6438,6769.0337,-0.3194479487908955,-2.1118415165093007,-1.0578813722141707,-0.07074,-0.1959,0.25111,14.9,-21.2,-1.8
65.6586,6769.0537,-0.13483818260020786,-2.1672323083515055,-1.0524128347749997,-0.06891,-0.3645,0.28226,14.8,-21.1,-2.0
65.678,6769.0737,0.030771695250656657,-2.2539524594240485,-1.0129472033631242,-0.07501,-0.36694,0.27004,14.7,-21.1,-2.2
65.7024,6769.0936,0.16900431779055697,-2.334586900407511,-0.9698591542472705,-0.09395,-0.17635,0.16009,14.7,-21.0,-2.2
65.7222,6769.1136,0.2847291157782538,-2.3921019622227857,-0.9474281094128347,-0.13549,0.04111,0.03914,14.7,-21.0,-2.6
65.7423,6769.1336,0.35108061784991573,-2.4113280437675577,-0.9518483755505098,-0.17214,0.13702,-0.00362,14.6,-20.9,-2.9
65.7631,6769.1536,0.364507369208891,-2.396150330135923,-0.9786263404433324,-0.08357,0.02035,0.05197,14.6,-21.0,-3.1
65.7778,6769.1736,0.3499538486412015,-2.345798805936118,-1.0137760823573458,0.13146,0.03012,0.15215,14.4,-21.0,-3.2
65.7987,6769.1936,0.3383542661005665,-2.266073015008839,-1.0429784057399054,0.20843,0.19444,0.21384,14.4,-21.0,-3.2
65.8246,6769.2136,0.35248525746005505,-2.160116016416204,-1.053755691014322,0.10519,0.31356,0.22056,14.3,-21.0,-3.3
65.8456,6769.2336,0.39204570267268435,-2.0314578228185978,-1.0385780221525138,0.07648,0.24087,0.17353,14.2,-21.1,-3.5
65.8644,6769.2536,0.442626240964567,-1.9045966298782038,-0.9992758824818857,0.24569,0.03256,0.12893,14.1,-21.2,-3.7
65.8833,6769.2736,0.4926655344953979,-1.7966256958604312,-0.937644470914412,0.32083,0.18284,0.10328,14.0,-21.2,-3.8
65.9064,6769.2936,0.536134316939578,-1.7196907545652855,-0.8536140658364015,0.30189,0.13519,0.09534,13.9,-21.3,-3.7
65.9251,6769.3136,0.5723253914787442,-1.6428239739524242,-0.7370640553360879,0.27929,0.17428,0.12038,13.8,-21.4,-3.8
65.9484,6769.3336,0.6009817679796541,-1.5781088912218388,-0.5849534629871229,0.17972,0.1303,0.10633,13.7,-21.5,-4.0
65.9606,6769.3536,0.6413196139337132,-1.4938424808306314,-0.3887660961822448,0.12779,-0.0328,0.15948,13.7,-21.6,-4.1
65.9793,6769.3736,0.6876063318885184,-1.4062837303818443,-0.15047429159794135,0.05205,-0.09816,0.14298,13.6,-21.6,-4.0
66.001,6769.3936,0.7504631703646838,-1.3169542805749612,0.12421765213263747,-0.06158,-0.22767,0.09411,13.5,-21.7,-3.9
66.0204,6769.4136,0.8454800063737213,-1.2605649157160252,0.4192248836804353,-0.07135,-0.20934,0.07273,13.5,-21.8,-3.9
66.0382,6769.4336,0.9695242078947118,-1.2807909798073933,0.7143544077072246,-0.04325,-0.20018,0.02203,13.4,-21.8,-3.8
66.0601,6769.4536,1.1106680088027177,-1.4086857376580884,0.9871684788322135,-0.04264,-0.19285,-0.02012,13.3,-21.8,-3.8
66.0781,6769.4736,1.2565429022264052,-1.6512639697946674,1.2136960069393723,-0.16298,-0.08167,-0.10442,13.3,-21.9,-3.9
66.1033,6769.4935,1.3864145579845626,-1.9451786377056786,1.3782141051348198,-0.55821,-0.1397,-0.17894,13.3,-21.9,-3.8
66.1229,6769.5135,1.4706163505658643,-2.3374633556208755,1.4426677721284467,-0.89419,-0.3816,-0.22659,13.2,-21.9,-4.0
66.1402,6769.5335,1.5076721709878054,-2.7816032493037333,1.3675222996216405,-0.77934,-0.46896,-0.27302,13.1,-21.9,-4.1
66.1582,6769.5535,1.5121814035319376,-3.1883377324665476,1.1171929020803848,-0.37006,-0.34373,-0.38175,13.1,-21.9,-4.2
66.1811,6769.5735,1.507173734548054,-3.4737121131074473,0.6751835910535,0.0722,-0.16047,-0.40069,13.0,-21.8,-4.4
66.2096,6769.5935,1.4954996613140703,-3.587432832620703,0.06725305531363546,0.42101,-0.00775,-0.29195,13.0,-21.8,-4.7
66.2287,6769.6135,1.4529006835050908,-3.409445694453752,-0.5837526878134351,0.57495,-0.04257,-0.17772,12.9,-21.7,-4.8
66.2409,6769.6335,1.409653743470078,-2.9906376080308914,-1.1775566916769442,0.63237,-0.23744,-0.09098,12.9,-21.6,-4.9
66.2586,6769.6535,1.3635375885597167,-2.506881551329071,-1.6509923565945108,0.51691,-0.42559,-0.10381,12.9,-21.6,-4.9
66.2791,6769.6735,1.329254434883322,-2.0458529208393506,-1.9432530115009792,0.22553,-0.45552,-0.16306,12.9,-21.5,-5.1
66.304,6769.6935,1.3052297317147827,-1.688674521004467,-2.042380403896061,-0.07746,-0.38221,-0.25347,12.8,-21.5,-5.3
66.3259,6769.7135,1.2733625696184656,-1.481508000653134,-1.9725689334439735,-0.21979,-0.30525,-0.31272,12.8,-21.4,-5.4
66.3387,6769.7335,1.19847435656905,-1.435825680771655,-1.7801449103159577,-0.21124,-0.24172,-0.31211,12.8,-21.4,-5.6
66.3599,6769.7535,1.0928561128980443,-1.4892797536408409,-1.5231066337375907,-0.11533,-0.15497,-0.23209,12.8,-21.3,-5.7
66.3835,6769.7735,0.9601111225342797,-1.5835138642914088,-1.2600589678678737,-0.09334,-0.23988,-0.18444,12.9,-21.2,-5.8
66.3978,6769.7935,0.8234120450469643,-1.6627885275375132,-1.0385484481215208,-0.10861,-0.22705,-0.1484,12.9,-21.1,-6.0
66.4205,6769.8135,0.7057231071495301,-1.677284078207288,-0.8833041251785492,-0.12877,-0.18185,-0.10381,12.9,-21.0,-6.2
66.4385,6769.8335,0.6191918275586235,-1.6285759409065668,-0.802137775068779,-0.06768,-0.17391,-0.04394,13.0,-20.9,-6.4
66.4593,6769.8535,0.5578918125699094,-1.523762307048376,-0.7805399692320432,0.00684,-0.17452,0.01104,13.0,-20.8,-6.6
66.4806,6769.8735,0.5148775062678913,-1.3868226530286312,-0.7915984489291716,0.0661,-0.18918,0.07823,13.2,-20.8,-6.8
66.4991,6769.8935,0.4953164232408674,-1.2365973657638711,-0.8012455628602719,0.16322,-0.27043,0.12832,13.3,-20.8,-7.0
66.5274,6769.9134,0.47319898687693956,-1.105664264038445,-0.7776520694921114,0.19621,-0.235,0.14604,13.4,-20.8,-7.3
66.5493,6769.9334,0.5014393873180917,-0.9941098584260305,-0.698911891548045,0.09419,-0.19346,0.12893,13.4,-20.7,-7.6
66.5615,6769.9534,0.5890154573408912,-0.9238011631138021,-0.5590841470595649,0.00318,-0.12871,0.14054,13.4,-20.7,-7.9
66.5806,6769.9734,0.7107022501947079,-0.9051916681030603,-0.3657899723038991,0.0551,-0.0218,0.17108,13.4,-20.6,-8.1
66.6051,6769.9934,0.8618386368201912,-0.9383777883379409,-0.14176831309974602,0.11069,0.02462,0.20285,13.4,-20.6,-8.5
66.6312,6770.0134,1.0289880648770582,-1.0134093409599714,0.08159031422580654,0.22859,0.00874,0.2957,13.4,-20.6,-8.8
66.648,6770.0334,1.236724360001785,-1.073613675663922,0.27055458062068816,0.39108,-0.0554,0.3464,13.4,-20.6,-9.0
66.6609,6770.0534,1.4551908543614929,-1.0882382513896272,0.39994278795654914,0.47782,-0.05296,0.30242,13.4,-20.6,-9.2
66.6786,6770.0734,1.6298864348735727,-1.0690080264441046,0.458552839847437,0.45827,-0.02242,0.17536,13.4,-20.6,-9.4
66.6987,6770.0934,1.745445886710123,-1.0021727912085439,0.4523122278263152,0.34098,0.02584,-0.03417,13.3,-20.7,-9.6
66.7292,6770.1134,1.7853277531093465,-0.9247949149414129,0.4018266587806494,0.18277,0.08449,-0.16672,13.3,-20.7,-9.7
66.7461,6770.1334,1.6935502574761616,-0.8141810452007485,0.3546914251973572,0.11008,0.13946,-0.21559,13.3,-20.8,-9.7
66.7588,6770.1534,1.4845836058654178,-0.7457533065800849,0.33990527017208017,0.01784,0.2598,-0.1765,13.2,-20.8,-9.6
66.7812,6770.1734,1.241661203815171,-0.7496186892760931,0.3717772458097137,-0.13916,0.47605,-0.14962,13.0,-20.9,-9.6
66.7979,6770.1934,0.9538858648854094,-0.8677968287773141,0.45892991320985566,-0.3609,0.54752,-0.16428,13.0,-20.9,-9.4
66.8243,6770.2134,0.726243668370524,-1.0601656081569182,0.5807230207463778,-0.43665,0.47666,-0.18077,12.9,-20.9,-9.2
66.8448,6770.2334,0.4964172433373065,-1.3589427637672142,0.7040860842191048,-0.39572,0.34716,-0.15817,13.0,-20.9,-9.1
66.8583,6770.2534,0.28116197060219666,-1.722519084424136,0.7809676198855318,-0.33585,0.32456,0.05624,13.0,-20.9,-9.0
66.8826,6770.2734,0.1156930963434933,-2.0340188183847836,0.782815043434093,-0.31814,0.23232,0.24683,13.0,-21.0,-9.1
66.9161,6770.2934,-0.004258050740867041,-2.283829480755716,0.6880866363125833,-0.17703,0.29218,0.30425,13.0,-20.9,-9.0
66.9303,6770.3133,-0.06432960402524139,-2.4737738828649856,0.49879589809751934,0.02944,0.51576,0.32563,13.1,-20.9,-9.0
66.9415,6770.3333,-0.08660207863572304,-2.5623155201197636,0.2551194356658044,0.17483,0.64098,0.34396,13.1,-20.9,-8.9
66.9663,6770.3533,-0.05622993999409896,-2.592547037860356,-0.006201950484877372,0.15895,0.63915,0.31952,13.2,-20.9,-8.9
66.981,6770.3733,-0.02980518869575752,-2.5506592117892377,-0.23688815933224383,0.08686,0.61411,0.3409,13.2,-20.9,-8.9
66.9991,6770.3933,0.0098854958642475,-2.493438165241081,-0.4250581392975672,0.09908,0.24881,0.42154,13.2,-20.9,-8.8
67.0226,6770.4133,0.053378944065517034,-2.4433384585776623,-0.5740168542515036,0.13146,-0.13115,0.47102,13.3,-21.0,-8.7
67.0403,6770.4333,0.16371495620846063,-2.39894721565972,-0.6996090163212276,0.13207,-0.39443,0.44719,13.4,-21.0,-8.6
67.0579,6770.4533,0.3253791206982045,-2.35370483002686,-0.8231718268722439,0.14184,-0.31563,0.38916,13.4,-21.0,-8.6
67.0795,6770.4733,0.5144757138856139,-2.297408705975902,-0.9589993674961228,0.17666,-0.19224,0.32563,13.4,-21.1,-8.6
67.0987,6770.4933,0.737881288998826,-2.2063815171932557,-1.1066753697896026,0.19926,-0.01081,0.17169,13.3,-21.2,-8.6
67.1211,6770.5133,0.9597571381628548,-2.0798495794115923,-1.2553145228807185,0.12107,0.42963,0.03486,13.3,-21.2,-8.7
67.1453,6770.5333,1.1403334165680998,-1.9212787635661968,-1.3823446760024076,-0.02798,0.82119,-0.05188,13.2,-21.3,-8.7
67.1615,6770.5533,1.1958802406328763,-1.7678886142458279,-1.461358868040195,-0.10983,0.77782,-0.07754,13.2,-21.4,-8.7
67.1816,6770.5733,1.1726157677522746,-1.6296210116252299,-1.4832170296776575,-0.12755,0.32761,0.00982,13.1,-21.5,-8.6
67.2008,6770.5933,1.094268978432541,-1.5188206031894447,-1.4492649830689714,-0.08601,0.10342,0.08006,13.1,-21.6,-8.5
67.2249,6770.6133,1.0197309826017347,-1.4240621337154309,-1.3701357424982898,0.02944,0.11136,0.10633,13.0,-21.7,-8.4
67.2415,6770.6333,0.986598850413474,-1.336060812799796,-1.25628337966228,0.0606,0.36182,0.12954,13.0,-21.8,-8.4
67.2666,6770.6533,1.0081586862022691,-1.2570531620073202,-1.114592018388171,0.0325,0.57012,0.14665,12.9,-21.9,-8.2
67.2789,6770.6733,1.0455369951415279,-1.2049850717659225,-0.9439167575639367,0.01417,0.24759,0.06235,12.9,-21.9,-8.2
67.2984,6770.6933,1.1028173972523772,-1.2006783937741374,-0.7447664398878935,-0.09395,0.0515,0.00371,12.9,-22.0,-8.2
67.3312,6770.7132,1.1713924870043182,-1.2462652940021233,-0.5132313318187975,-0.15137,-0.00226,-0.08365,12.9,-22.0,-8.2
67.357,6770.7332,1.2237412677396073,-1.3725417783527405,-0.250576150463548,-0.16176,0.00141,-0.17039,12.8,-22.0,-8.1
67.369,6770.7532,1.2368864060686868,-1.5813159650811552,0.03630841926484507,-0.19902,-0.02303,-0.18566,12.8,-22.0,-8.1
67.38,6770.7732,1.2122972766831124,-1.8165340584335494,0.33507361325317575,-0.04508,-0.18491,-0.07509,12.9,-22.0,-8.1
67.3984,6770.7932,1.1588947007183552,-2.0494618024686586,0.6204795407055137,0.23958,-0.00837,-0.13191,13.0,-22.0,-8.1
67.4229,6770.8132,1.0942617811369577,-2.2692260083491744,0.8606242772210919,0.37397,-0.04135,-0.30234,13.1,-22.0,-8.1
67.4456,6770.8332,1.0248834355971737,-2.4261166628500734,1.0382068039687766,0.42406,-0.20567,-0.43856,13.2,-21.9,-8.0
67.4627,6770.8532,0.9597471690588434,-2.47751236332935,1.144536128279663,0.49309,-0.10366,-0.39152,13.3,-21.9,-7.9
67.479,6770.8732,0.9337084744887302,-2.4542874605983864,1.1611270029357144,0.41979,-0.08411,-0.3451,13.3,-21.9,-7.8
67.5023,6770.8932,0.9842129865605477,-2.3897082155780685,1.0765177031002153,0.20354,0.08998,-0.25652,13.5,-21.8,-7.7
67.5293,6770.9132,1.0924046178509415,-2.2880396119958544,0.8978217040739285,-0.23079,0.13458,-0.24736,13.6,-21.8,-7.9
67.5438,6770.9332,1.193923317105348,-2.250130039263887,0.6252528011108271,-0.35174,-0.12871,-0.27485,13.7,-21.7,-7.8
67.5633,6770.9532,1.2933122060010434,-2.276077086160449,0.28221893477005544,-0.07196,-0.44452,-0.35121,13.8,-21.7,-7.8
67.5777,6770.9732,1.3600150711256407,-2.355712509031309,-0.09767460469421962,0.07953,-0.53127,-0.39458,14.0,-21.6,-7.8
67.5985,6770.9932,1.3852270536664972,-2.442900264082916,-0.47337528143122043,0.16506,-0.44574,-0.33838,14.2,-21.5,-7.8
67.6204,6771.0132,1.3745928344620768,-2.477599776883113,-0.8020370002478554,0.2011,-0.35045,-0.19727,14.4,-21.4,-7.7
67.6402,6771.0332,1.3381059486570188,-2.4430478465184122,-1.0564203148900226,0.14062,-0.30708,-0.04089,14.7,-21.3,-7.6
67.6614,6771.0532,1.27657187408242,-2.3719491465491136,-1.2296420824649896,0.19743,-0.3871,-0.047,15.2,-21.3,-7.4
67.6802,6771.0732,1.2089877799093562,-2.2815039906410104,-1.3221693432781088,0.46682,-0.50989,-0.02317,15.4,-21.3,-7.3
67.6987,6771.0932,1.1483569541215237,-2.1882091898964613,-1.3423273320986269,0.48515,-0.62839,0.04708,15.8,-21.2,-7.2
67.7227,6771.1132,1.0966168232209548,-2.1042931901036157,-1.3049802834476978,0.15345,-0.58014,0.03425,16.2,-21.2,-7.0
67.741,6771.1332,1.097686964904628,-2.0210976456599212,-1.2332319439634123,-0.09578,-0.43414,-0.0641,16.3,-21.1,-7.1
67.7635,6771.1531,1.1212197875910026,-1.9631232567268275,-1.1533033402793347,-0.22223,-0.06151,-0.15878,16.7,-21.1,-7.0
67.7787,6771.1731,1.1336303121455054,-1.952659176437961,-1.089811679674325,-0.01393,0.04906,-0.10625,17.2,-21.1,-7.0
67.8049,6771.1931,1.122762297922329,-1.9748194579518958,-1.0567514612503341,0.18216,-0.18185,-0.07998,17.6,-21.1,-6.7
67.8237,6771.2131,1.092509817376225,-1.9666182849511482,-1.0501501104813666,0.173,-0.18063,-0.11908,17.9,-21.1,-6.6
67.8383,6771.2331,1.066770661470077,-1.8876402367814589,-1.0618225456697417,0.12474,-0.09633,-0.08304,18.2,-21.1,-6.5
67.8682,6771.2531,1.0720388726608951,-1.7336513609471849,-1.0823272332714442,0.04594,0.03134,-0.11724,18.4,-21.0,-6.4
67.8837,6771.2731,1.0658238716881607,-1.5268202973292275,-1.0940819193304971,-0.12572,0.39297,-0.02684,18.7,-21.0,-6.3
67.9198,6771.2931,1.0705395429104376,-1.30840805404598,-1.0892483035787421,-0.06402,0.37587,0.05502,18.7,-20.9,-6.4
67.9284,6771.3131,1.0331151396480984,-1.1136151640926666,-1.0512259844174139,0.20171,0.10587,0.08617,18.7,-20.8,-6.5
67.944,6771.3331,0.9933538397495415,-0.9753127689378935,-0.9793457251738129,0.24752,0.02157,0.01776,18.6,-20.7,-6.4
67.9622,6771.3531,0.9662461938980682,-0.8803565440226399,-0.8715884153005149,0.16322,0.10037,-0.06715,18.4,-20.5,-6.6
67.984,6771.3731,0.9637823782653806,-0.8079365459434795,-0.7324804868137456,-0.14893,0.00813,-0.0189,18.2,-20.4,-6.9
67.9986,6771.3932,0.9897025962359174,-0.78195917743396,-0.5742737387899624,-0.31753,-0.09022,0.09656,18.1,-20.3,-7.0
68.0194,6771.4132,1.0380514472626317,-0.7889369522321115,-0.40631302337332365,-0.22468,-0.03646,0.18086,17.8,-20.1,-7.3
68.0409,6771.4332,1.1011239746850732,-0.842609389456948,-0.23920918234100164,-0.06646,0.00568,0.24256,17.8,-20.0,-7.5
68.0585,6771.4532,1.1762885654629094,-0.9111438016745811,-0.07726031637174913,0.09908,-0.01325,0.19491,17.6,-19.9,-7.8
68.0837,6771.4733,1.2229609436877613,-0.949542689721316,0.08556384912233206,-0.07501,-0.224,0.18697,17.3,-19.7,-8.0
68.1038,6771.4933,1.2632866157312241,-0.9751305393874833,0.24581724430346696,-0.27538,-0.18674,0.15337,16.9,-19.6,-8.2
68.1185,6771.5133,1.270688349652743,-1.0311961149708941,0.4063791502063605,-0.28332,0.16634,-0.00668,16.6,-19.4,-8.5
68.1455,6771.5334,1.240559206672716,-1.1458912376595727,0.569915453863592,0.15162,0.08388,-0.14901,16.4,-19.2,-8.7
68.1641,6771.5535,1.133608413866531,-1.297285581720189,0.7449902397666914,0.40146,-0.15986,-0.11969,16.1,-19.2,-9.0
68.1794,6771.5735,0.9847902960437505,-1.4460729297252883,0.9256882393690642,0.1449,-0.52149,0.12344,15.9,-19.1,-9.2
68.1994,6771.5936,0.8105460880271392,-1.5803287017245575,1.0947797076072234,-0.05547,-0.66566,0.31342,15.8,-19.0,-9.2
68.2248,6771.6136,0.6650269420566887,-1.698834908061578,1.2216045497851127,-0.01026,-0.26493,0.35129,15.6,-18.9,-9.4
68.243,6771.6337,0.6358622163681753,-1.8407617364253246,1.2649710198503907,0.00623,0.19505,0.28226,15.5,-18.9,-9.5
68.2643,6771.6538,0.6687494490750991,-1.9965549954855712,1.202482385268416,0.08381,0.43207,0.07945,15.5,-18.9,-9.6
68.2858,6771.6738,0.7164186459166572,-2.1337535304557034,1.0280050647605314,0.06548,0.50354,-0.0867,15.7,-18.9,-9.3
68.2996,6771.6939,0.6945905145477331,-2.2146312891125093,0.760449850037471,-0.04203,0.52248,-0.09892,15.6,-18.9,-9.4
68.3212,6771.7139,0.6589132632485365,-2.2262733624915376,0.42446556518784995,-0.03042,0.65137,-0.05677,15.8,-18.9,-9.4
68.3453,6771.734,0.5868013983924448,-2.1743735305070064,0.05753487889003672,0.00195,0.69535,0.0819,15.7,-18.9,-9.2
68.3593,6771.7541,0.48494726006858524,-2.052496441879967,-0.29853673754757715,0.22553,0.62938,0.32808,15.7,-18.8,-9.0
68.3796,6771.7741,0.4104800752501589,-1.8943075260839537,-0.6143137997445809,0.443,0.56768,0.43864,15.7,-18.8,-8.8
68.402,6771.7942,0.38401338281737296,-1.713060409064564,-0.8581386254831873,0.49187,0.54752,0.42826,15.9,-18.8,-8.6
68.4487,6771.8143,0.41254614992892935,-1.6233188382913282,-1.0279064413692964,0.40696,0.58295,0.32624,15.9,-18.8,-8.2
68.4529,6771.8343,0.44580555785955295,-1.4499343411531889,-1.0835700265579842,0.24569,0.6196,0.18819,15.8,-18.8,-7.9
68.4632,6771.8544,0.4700300344675254,-1.4024230060341638,-1.0742390879385155,0.03922,0.48277,0.07945,15.5,-18.8,-7.1
68.4809,6771.8744,0.46474176509804627,-1.4668640528333317,-1.0188981323939021,-0.20879,0.34533,0.05319,15.1,-18.8,-6.1
68.4992,6771.8945,0.42184009944499185,-1.6255632912225988,-0.9449243028321987,-0.38411,0.21704,0.06907,13.8,-18.3,-5.5
68.5227,6771.9146,0.37154215177085914,-1.8225366940209746,-0.879798677951527,-0.35418,0.33677,0.05197,13.0,-18.1,-4.9
68.5429,6771.9346,0.33010668944766824,-2.0233300296866807,-0.8541509143764543,-0.12388,0.5463,0.07335,12.5,-18.2,-5.3
68.5615,6771.9547,0.3081296574984772,-2.149127453776418,-0.877783052381309,0.12168,0.62632,0.14787,11.4,-18.0,-4.4
68.5847,6771.9747,0.3113524972762799,-2.1546688694686096,-0.9432083674815761,0.19438,0.5634,0.23767,11.1,-18.1,-4.8
68.5996,6771.9947,0.3285425315301831,-2.011884567541606,-1.0197916237681124,0.16567,0.46261,0.33907,10.7,-17.7,-3.4
68.6245,6772.0148,0.37132172511297085,-1.794401856721732,-1.0840217185663832,0.11985,0.41313,0.34274,10.4,-18.2,-3.5
68.6498,6772.0348,0.44736122735640454,-1.564193166435814,-1.104270933837057,0.15162,0.43207,0.27004,10.4,-18.1,-2.3
68.66,6772.0548,0.5514567500835178,-1.3856036316896887,-1.0577850389687296,0.18582,0.41802,0.20468,9.8,-18.2,-2.7
68.6793,6772.0749,0.6791788493504377,-1.3470436910156718,-0.9421776315523651,0.17788,0.30806,0.19552,9.6,-18.0,-2.3
68.7018,6772.0949,0.8267481497081286,-1.4639267674870224,-0.7648730869515479,0.1846,0.13213,0.21446,9.6,-17.9,-2.1
68.7239,6772.1149,1.00584040084876,-1.7009344890808713,-0.5498712099329293,0.21637,0.01118,0.21934,9.3,-17.8,-2.4
68.7397,6772.1349,1.2276938950903817,-1.9689719848060727,-0.3292485416598776,0.2915,0.0008,0.1888,8.7,-17.7,-2.0
68.762,6772.1549,1.4569796191035522,-2.202187956805228,-0.14079788861502962,0.25119,-0.07067,0.05197,8.3,-17.7,-1.8
68.7795,6772.1749,1.6627804851143826,-2.2979685623408512,-0.006313471141027094,0.18399,-0.20873,-0.04333,7.8,-17.6,-1.5
68.7995,6772.1949,1.8064842178946823,-2.2401472430780474,0.060543233539766206,0.39902,-0.32968,-0.03478,7.5,-17.7,-1.3
68.8244,6772.2149,1.8986692383133734,-2.058642015995753,0.06704362861777469,0.73499,-0.23377,-0.08304,7.2,-17.8,-1.1
68.843,6772.2349,1.9499946977420703,-1.7210127324340285,0.06796096133593466,0.71789,0.20361,-0.28279,7.0,-17.8,-0.6
68.8623,6772.2549,1.9789314101040474,-1.3644211585447974,0.08985947358453572,0.42162,0.74605,-0.47216,6.8,-18.0,-0.2
68.8835,6772.2749,1.9917040423819008,-1.1026057269188272,0.15258620048781424,-0.05608,0.89755,-0.54546,6.8,-18.1,0.2
68.9122,6772.2949,2.011504372465017,-0.984380245989055,0.2561837904097395,-0.64678,0.5634,-0.52652,7.0,-18.3,0.7
68.9233,6772.3149,1.9218176998103345,-1.3236088162142692,0.38023545651364543,-1.15747,-0.20506,-0.48193,7.0,-18.4,1.1
68.9443,6772.3349,1.8226626543112143,-1.8161122027050483,0.49506714837208854,-1.20023,-0.86785,-0.35976,7.3,-18.6,1.6
68.9706,6772.3549,1.6989573331215384,-2.434330882676842,0.5327991269832317,-0.64129,-0.97109,-0.31822,7.3,-18.6,1.7
68.9882,6772.3748,1.6135315729189417,-3.0532148766377865,0.40505195092108615,-0.00415,-0.54043,-0.34693,8.7,-19.1,2.9
69.0043,6772.3948,1.5442635637984947,-3.4228455302129706,0.11287372207949531,0.36908,0.01668,-0.3622,9.2,-19.4,2.5
69.024,6772.4148,1.475564996889571,-3.453338724765982,-0.2992918433702769,0.43872,0.16207,-0.36465,9.7,-19.5,3.3
69.0452,6772.4348,1.364746613291773,-3.157066566507126,-0.7387138766167194,0.3758,0.23354,-0.26935,10.2,-19.7,3.9
69.0738,6772.4548,1.2141436675256922,-2.673775796019889,-1.1280096742781573,0.30739,0.18894,-0.19605,9.8,-19.8,3.8
69.0831,6772.4748,1.0181476000427272,-2.121734731483466,-1.3962277459409478,0.17239,-0.0835,-0.14473,10.0,-19.7,3.8
69.0996,6772.4948,0.8540324380323341,-1.6834027153822604,-1.5443943317102349,-0.0237,-0.44574,-0.16245,10.2,-19.8,3.4
69.1232,6772.5148,0.7441451884061139,-1.4142243464836566,-1.5760190174400002,-0.21185,-0.55998,-0.22476,10.3,-19.8,4.0
69.1407,6772.5348,0.7005419345257953,-1.33516149010536,-1.5222876760976778,-0.23873,-0.37855,-0.23514,10.5,-19.8,4.0
69.1593,6772.5548,0.7072503498096263,-1.3839884401828504,-1.4173882063073293,-0.26988,-0.19651,-0.23759,10.8,-19.8,4.0
69.181,6772.5748,0.7471881966559115,-1.4770431633933128,-1.296472600342348,-0.29615,-0.03708,-0.17955,11.0,-19.8,3.9
69.1993,6772.5948,0.7934091709127364,-1.5577419284075211,-1.1879271940501006,-0.2711,0.00141,-0.12396,11.0,-19.8,3.7
69.2255,6772.6148,0.8440908172752806,-1.5597045184272265,-1.099819893740145,-0.18436,-0.06151,-0.14901,11.2,-19.8,3.5
69.2435,6772.6348,0.8793761560361266,-1.4995718399594162,-1.029674106089967,-0.12144,-0.05235,-0.12885,11.1,-19.8,3.2
69.2613,6772.6548,0.9071857819405034,-1.3828921623637391,-0.9574629133355828,-0.10067,-0.07128,-0.07326,11.2,-19.9,3.1
69.2807,6772.6748,0.9308487579532211,-1.2440517996325542,-0.8613724374821174,-0.15443,-0.10427,0.02875,11.2,-19.9,2.9
69.313,6772.6948,0.9445998704003103,-1.1036769028666635,-0.7227642540156562,-0.18131,0.00019,0.09839,11.1,-19.8,2.7
69.3332,6772.7148,0.9769088237667659,-1.043284108467876,-0.5474382362474088,-0.2259,0.02462,0.14726,11.1,-19.7,2.4
69.3467,6772.7348,1.036723437718078,-1.0766203051864836,-0.34608729110066605,-0.17764,0.02035,0.19369,11.0,-19.7,2.1
69.3619,6772.7548,1.119266225516311,-1.1860227341089968,-0.13929255930506912,-0.06096,-0.03463,0.22851,11.0,-19.7,1.8
69.3792,6772.7748,1.2249676635761597,-1.34828299569932,0.04406691910699401,0.10641,0.12541,0.2566,11.1,-19.7,1.5
69.3996,6772.7947,1.3422432278304064,-1.5217593079952492,0.1789849194576103,0.21454,0.14618,0.3128,11.2,-19.8,1.2
69.4297,6772.8147,1.4318684768784886,-1.6725012985428593,0.2521180397508296,0.24019,0.07777,0.38305,11.3,-19.9,0.9
69.4402,6772.8347,1.562668353028772,-1.6809188054747308,0.26496443842536266,0.3251,0.04173,0.39405,11.5,-20.1,0.7
69.466,6772.8547,1.6167867565601994,-1.6430818908159244,0.2299620106739706,0.37336,-0.02852,0.31647,11.6,-20.2,0.5
69.4892,6772.8747,1.639460986096444,-1.5193181104159483,0.17797977231996853,0.44666,0.03073,0.15764,11.8,-20.4,0.5
69.5007,6772.8947,1.60467216156995,-1.2861586734303636,0.16054282957018629,0.61099,0.28852,0.0147,12.2,-20.6,0.6
69.5259,6772.9147,1.5342055019398226,-1.1265443004794213,0.193791610254344,0.57922,0.4339,-0.05127,12.4,-20.8,0.7
69.5421,6772.9347,1.389967445927362,-0.9893300527495532,0.3171320288192536,0.24569,0.49865,-0.11847,12.6,-20.9,1.0
69.5602,6772.9547,1.2302107908553905,-0.9741235317687713,0.5058025079236401,-0.11411,0.60494,-0.16001,13.1,-21.1,1.3
69.5879,6772.9747,1.0960972903949626,-1.0817751617805371,0.7196539269250213,-0.27843,0.50721,-0.09403,13.0,-21.3,1.2
69.6075,6772.9947,0.9568875961363522,-1.3634831703789885,0.899461014733367,-0.26683,0.12908,0.04402,14.0,-21.8,1.6
69.6213,6773.0147,0.8607588466276064,-1.755947591198469,0.9815662421287463,-0.20513,-0.41764,0.13993,14.8,-22.2,1.8
69.639,6773.0347,0.8029874552466318,-2.154772939744413,0.9304090138926977,-0.02248,-0.37855,0.26332,15.2,-22.3,2.1
69.6688,6773.0547,0.7732003433151081,-2.515773542656538,0.7370260474806152,0.32999,-0.01264,0.36595,14.7,-22.3,2.7
69.6821,6773.0747,0.8622463995252861,-2.672869491641132,0.46055502449709884,0.41062,0.45406,0.42643,14.7,-22.6,2.3
69.6999,6773.0947,0.9849732380299773,-2.6898984640533805,0.15342326860206867,0.15589,0.69108,0.37695,14.9,-22.7,2.4
69.7257,6773.1147,1.1179440664661289,-2.6025055182919696,-0.1268958567575389,-0.1025,0.6251,0.27982,15.1,-22.7,2.7
69.7462,6773.1347,1.2080165836961179,-2.505959457762902,-0.3553774211693792,-0.15748,0.51515,0.18208,15.1,-22.8,2.9
69.7599,6773.1547,1.2488205517036475,-2.481689686143169,-0.5409007761610365,-0.12511,0.30073,0.1497,15.1,-22.9,2.9
69.7821,6773.1747,1.2365741259234049,-2.520888364230848,-0.7007038093829152,-0.09701,0.02645,0.16253,15.0,-22.9,2.9
69.8002,6773.1946,1.1953876807046067,-2.594953445531608,-0.8678355773956756,-0.00049,-0.16352,0.13688,14.7,-22.9,2.7
69.8201,6773.2146,1.137878537331754,-2.6403605547450115,-1.0593120938681402,0.06854,-0.04013,0.08556,14.5,-22.9,2.7
69.8507,6773.2346,1.0890254256133518,-2.613263582205017,-1.2759254582508177,0.08137,0.24209,0.02692,14.5,-23.0,2.4
69.8683,6773.2546,1.0224960951673066,-2.4998934756393925,-1.49109435560041,0.03189,0.39358,0.01715,14.1,-23.0,2.2
69.8972,6773.2746,0.9609045584223008,-2.335050820322001,-1.675939149124714,0.04227,0.28424,0.00798,14.1,-23.1,2.2
69.9074,6773.2946,0.8792139143135846,-2.1429743430254207,-1.784767895667489,0.11252,0.02768,0.02203,13.7,-23.0,2.0
69.9245,6773.3146,0.8177848224884218,-1.9686223724738638,-1.7949870995464092,0.09481,-0.10244,0.06296,13.3,-23.0,1.8
69.9402,6773.3346,0.7953066856861006,-1.8244860370399698,-1.6943048710232151,-0.00599,-0.11954,0.07884,12.9,-23.0,1.6
69.9658,6773.3546,0.8060005740645803,-1.7164302855907416,-1.4926853737633223,-0.08173,-0.12565,0.04525,12.6,-23.0,1.4
69.9815,6773.3746,0.8527026003661644,-1.6560953778116516,-1.223397782559962,-0.06891,-0.04868,-0.00729,12.4,-23.1,1.3
70.0032,6773.3946,0.9045050901020244,-1.6399772293425245,-0.9244281847823181,0.06304,0.01179,-0.00057,12.2,-23.1,1.2
70.0225,6773.4146,0.9433056589412311,-1.654647878199103,-0.633090466439894,0.17605,-0.0157,0.00065,11.9,-23.1,1.1
70.0391,6773.4346,0.961525897657218,-1.6797055235510783,-0.37713360291301257,0.1113,0.03134,-0.01095,11.9,-23.2,0.9
70.0619,6773.4546,0.969298236143698,-1.7066924046642098,-0.17404365295022295,0.00562,0.10464,-0.04394,11.9,-23.3,0.9
70.0831,6773.4746,0.9628010512516523,-1.7247375094334412,-0.025568054791282435,-0.03592,0.22926,-0.0305,11.8,-23.4,0.7
70.1005,6773.4946,0.9380374030958851,-1.726536119598769,0.07579771467485408,-0.01515,0.11869,0.01165,12.0,-23.6,0.8
70.1257,6773.5146,0.8949622117501508,-1.6883075670162893,0.1452372704787681,0.04716,-0.07739,0.05135,12.3,-23.7,0.9
70.1446,6773.5346,0.863307765312124,-1.5780045271663885,0.1986040263463167,0.09419,-0.24416,0.09656,12.4,-23.9,1.1
70.1608,6773.5546,0.8697608395912889,-1.3887134453390573,0.24762109605629057,0.12901,-0.31441,0.07335,12.6,-24.0,1.1
70.1786,6773.5746,0.9250450949429173,-1.1648414866121877,0.2944129317677042,0.23958,0.05516,-0.02317,12.8,-24.1,1.1
70.2016,6773.5945,1.028815884037616,-0.9847573194868557,0.33065017513466266,0.20049,0.14496,-0.02928,13.0,-24.2,1.3
70.2304,6773.6145,1.1592093084823694,-0.8971007760288274,0.3427502561747442,-0.02248,0.13336,-0.08365,13.3,-24.4,1.5
70.2602,6773.6345,1.2849106424401537,-0.9063939543912563,0.31872134230859395,-0.45497,0.01729,-0.24308,13.8,-24.5,1.7
70.273,6773.6545,1.3663563308434652,-1.2299019897573424,0.24062793995238252,-1.18068,-0.09877,-0.58395,14.4,-24.7,1.6
70.2838,6773.6745,1.4179707197821643,-1.7912313438290488,0.11917639426527238,-1.7048,0.21094,-0.76415,14.5,-24.6,1.7
70.3004,6773.6945,1.5164763636898506,-2.382545098863953,-0.01144815733649196,-1.75245,0.80897,-1.0592,14.6,-24.6,1.6
70.3241,6773.7145,1.7214513214282976,-2.901288832836128,-0.1382974467829854,-1.2717,1.13762,-1.32859,14.9,-24.5,1.5
70.3395,6773.7345,1.752442924442298,-3.440320788614705,-0.2850733332806783,-0.56432,1.18832,-1.13311,15.3,-24.5,1.4
70.3752,6773.7545,1.8908646408668623,-3.6898142211291627,-0.447980908492875,-0.18314,0.6251,-0.51492,15.5,-24.3,1.4
70.3911,6773.7745,1.8143284041579275,-3.696572185749784,-0.5862151701067511,0.12352,0.16512,0.099,15.8,-24.1,1.4
70.4023,6773.7945,1.7810472976617497,-3.4022699959764964,-0.6877740858488384,0.39596,-0.08656,0.40871,15.8,-23.9,1.3
70.4231,6773.8145,1.7839483887583942,-2.9624466191706507,-0.7466831040223774,0.48637,-0.28631,0.50156,15.7,-23.6,1.0
70.442,6773.8345,1.8674265793655336,-2.4557222188461774,-0.7458667776926244,0.35076,-0.43169,0.42093,15.7,-23.3,0.4
70.4594,6773.8545,1.9875794725890326,-2.0138572144336266,-0.7006760482111343,0.22248,-0.61557,0.2395,15.8,-23.1,-0.1
70.4788,6773.8745,2.081757491031429,-1.7306545426621307,-0.6366287410550431,0.21331,-0.73407,0.0257,15.7,-22.8,-0.5
70.5107,6773.8945,2.113365748020399,-1.6331344263598446,-0.5818727121669856,0.21209,-0.505,-0.11053,15.8,-22.7,-0.8
70.5285,6773.9145,2.0976875484621207,-1.6266902735819717,-0.5535644684040548,0.07343,-0.0945,-0.20154,15.7,-22.6,-1.2
70.5432,6773.9345,2.007264124322447,-1.6771784310281945,-0.5583500700677497,-0.03775,0.06921,-0.24614,15.6,-22.4,-1.8
70.5644,6773.9545,1.8666063271653264,-1.7358419438837929,-0.5981575944855582,0.02456,-0.00837,-0.23148,15.4,-22.2,-2.1
70.5794,6773.9745,1.6788593378830192,-1.769079528714381,-0.6599975952767281,0.25485,-0.25454,-0.15634,15.4,-22.0,-2.5
70.6158,6773.9945,1.4748250479534375,-1.862053200054305,-0.7469101382835213,0.48393,-0.43108,-0.08304,15.3,-21.8,-2.7
70.6419,6774.0144,1.3175764157636345,-1.868768025858456,-0.8098884077362634,0.64642,-0.41887,-0.08976,15.3,-21.8,-2.9
70.6479,6774.0344,1.2223714283701088,-1.753121956355774,-0.8130127211284979,0.45522,-0.21362,-0.13129,15.1,-21.7,-3.1
70.6598,6774.0544,1.1694492859428869,-1.6759967930418667,-0.7706004704963583,0.11313,-0.03036,-0.10991,15.1,-21.7,-3.3
70.6815,6774.0744,1.14441238477947,-1.649663579442517,-0.686078408066706,-0.03653,-0.10366,-0.09342,15.1,-21.8,-3.6
70.6994,6774.0944,1.1233920174408871,-1.7006409805465315,-0.5815838407561937,0.03616,-0.22705,-0.04577,15.1,-21.8,-3.9
70.7197,6774.1144,1.101195434042565,-1.82550969109731,-0.48599926425648654,0.28601,-0.13848,0.06601,15.3,-21.9,-4.0
70.7421,6774.1344,1.0824579126600853,-1.9797221143097357,-0.41972768611267597,0.59572,-0.00653,0.25844,15.6,-21.9,-3.8
70.7604,6774.1544,1.0869758303677062,-2.0457599172725676,-0.37259394064459705,0.71117,0.08632,0.41299,15.6,-21.9,-3.8
70.7832,6774.1744,1.0912269141825937,-2.023753512393364,-0.3302972890406952,0.62748,0.14557,0.46613,15.9,-22.0,-3.6
70.8102,6774.1944,1.0748947362717711,-1.9117540957365662,-0.2607525168001761,0.52791,0.07471,0.50339,16.1,-22.1,-3.6
70.8251,6774.2144,1.0925620704875982,-1.6843610753414073,-0.13322140901430402,0.54501,-0.16108,0.48873,16.3,-22.2,-3.4
70.8499,6774.2344,1.0565859154317991,-1.5620896113525464,0.04308698197752214,0.60732,-0.28814,0.41238,16.6,-22.4,-3.1
70.8621,6774.2544,1.0731991249000377,-1.4751949310783639,0.2684315328242377,0.59449,-0.30769,0.30303,16.9,-22.5,-3.0
70.8827,6774.2744,1.0836749497959168,-1.579795034737125,0.4994121042784201,0.4375,-0.11893,0.10633,17.1,-22.6,-2.7
70.9077,6774.2944,1.1174313280614399,-1.7917067815624261,0.7010780835501151,0.13757,0.33433,-0.01951,17.2,-22.7,-2.5
70.9239,6774.3144,1.1208236939246847,-2.078739609461402,0.8343648610593739,-0.31081,0.58173,-0.11602,17.3,-22.8,-2.3
70.96,6774.3344,1.1215136978339952,-2.2802886155491064,0.8844887423982861,-0.66817,0.35082,-0.11969,17.5,-22.9,-2.1
70.9675,6774.3544,1.0124664029829897,-2.677991434082846,0.767752940355658,-0.52217,-0.04502,-0.08487,17.5,-23.0,-2.0
70.9827,6774.3744,0.8657404721215258,-3.0108816351929044,0.5166981140276565,0.12535,-0.03585,0.00126,17.5,-22.9,-1.8
71.001,6774.3944,0.714889837153145,-3.246596560522796,0.1635175906536972,0.57556,0.31417,0.15276,17.3,-23.0,-1.7
71.028,6774.4144,0.6044702102871478,-3.3492781850103457,-0.21767767314788067,0.4711,0.51087,0.32319,17.1,-23.0,-1.7
71.0422,6774.4345,0.5408002405458818,-3.2441549624630284,-0.5141474205502465,0.02272,0.55302,0.3971,16.7,-23.0,-1.9
71.0651,6774.4545,0.5329328899828458,-3.075185349985341,-0.7076437821805719,-0.24239,0.45467,0.44231,16.5,-23.0,-1.8
71.0842,6774.4745,0.5932036268929909,-2.9533887785491664,-0.809232497399158,-0.12205,0.21277,0.49545,16.1,-22.9,-1.8
71.1057,6774.4946,0.7001999133631679,-2.9362054282548242,-0.8532789085263346,0.15895,-0.02303,0.51378,15.8,-22.9,-1.7
71.128,6774.5146,0.842794125018625,-2.997448948711613,-0.8823695229725335,0.23164,-0.15253,0.40505,15.5,-22.8,-1.9
71.1524,6774.5346,0.9954454610407507,-3.057521169607582,-0.9330377121361639,0.12901,-0.01508,0.2224,15.1,-22.7,-1.9
71.1704,6774.5546,1.130450103372113,-3.034295819641494,-1.0254662557192606,0.08259,0.2201,0.07701,14.6,-22.7,-2.1
71.181,6774.5747,1.197177678076646,-2.9121750129217414,-1.1656856332107957,0.09175,0.37953,0.05624,14.2,-22.7,-2.2
71.2013,6774.5947,1.2083055673874163,-2.7109215681759857,-1.341320508473089,0.16689,0.34777,0.12466,13.9,-22.6,-2.4
71.2274,6774.6147,1.1573353048211787,-2.468041424182714,-1.5134664775607245,0.31777,0.22987,0.19307,13.7,-22.6,-2.4
71.2431,6774.6348,1.0863575353253119,-2.1674060472595387,-1.624900864809458,0.34343,-0.01203,0.24561,13.3,-22.6,-2.5
71.2632,6774.6548,1.0222663145255138,-1.88101861756377,-1.6544102000978924,0.20049,-0.19712,0.25416,13.1,-22.6,-2.5
71.2843,6774.6748,0.9954847382382703,-1.6325478274932401,-1.591233850888317,0.00257,-0.13115,0.17231,13.0,-22.7,-2.4
71.3079,6774.6948,1.0044328184067903,-1.453082604724416,-1.4487884031380034,-0.0518,0.01851,0.05563,12.8,-22.8,-2.3
71.3453,6774.7149,1.0285059037277957,-1.350987767224986,-1.2525487268478877,-0.06952,0.11503,-0.02623,12.8,-22.9,-2.1
71.3469,6774.7349,1.0219304054637606,-1.3641998432151994,-1.0372220623598913,-0.06646,0.02523,-0.04455,13.0,-23.1,-1.8
71.3632,6774.7549,0.9823656240033384,-1.4325854353896204,-0.8250735736747661,-0.01271,-0.15253,-0.04272,13.1,-23.3,-1.8
71.3801,6774.775,0.9147889293213647,-1.5301688289506603,-0.6339698667180187,0.03738,-0.21484,-0.04211,13.0,-23.3,-1.9
71.4208,6774.795,0.850040819350447,-1.6351474436066875,-0.4696809681154619,0.04716,-0.0835,-0.04577,13.2,-23.4,-1.6
71.4296,6774.815,0.7877320038911177,-1.6989667933437083,-0.31577470627892446,0.04899,0.04295,-0.06166,13.3,-23.4,-1.6
71.442,6774.835,0.7501901921125135,-1.7285254117240694,-0.15890593341086934,-0.00904,-0.02303,-0.04883,13.5,-23.5,-1.3
71.4618,6774.8551,0.7303145192627329,-1.7247429093134259,0.019024973513708687,-0.08051,-0.24905,0.02936,13.8,-23.6,-1.1
71.4801,6774.8751,0.7421876099613486,-1.709673011936661,0.22591812944622625,-0.08662,-0.38771,0.12099,14.1,-23.7,-0.7
71.5055,6774.8951,0.7867237659520246,-1.7132373556845535,0.46048252824116,-0.02004,-0.3193,0.07762,14.4,-23.7,-0.5
71.5246,6774.9152,0.899548023576544,-1.7688569735107533,0.7065106419203495,0.01845,-0.0945,0.00676,14.4,-23.8,-0.4
71.5434,6774.9352,1.0601150117306677,-1.902949124633157,0.9401327830007329,-0.02553,0.01057,-0.01828,14.6,-23.8,-0.3
71.5629,6774.9552,1.2466352225942114,-2.1230874939600373,1.1293166122807445,-0.12388,-0.08411,-0.02684,14.7,-23.9,-0.3
71.5925,6774.9752,1.4231932729889678,-2.3806078870892446,1.2469825786905862,-0.30104,-0.26004,-0.06166,14.7,-23.8,-0.3
71.6041,6774.9952,1.610334617683092,-2.7456905404141767,1.2279867199134937,-0.48063,-0.48301,-0.11847,14.7,-23.7,-0.4
71.6243,6775.0152,1.7503683635045275,-3.05961305421088,1.0677739782683258,-0.49407,-0.58075,-0.16001,14.6,-23.6,-0.6
71.645,6775.0352,1.8574211731355807,-3.3047758131276685,0.7328559449070102,-0.28454,-0.55875,-0.21804,14.3,-23.3,-1.0
71.6629,6775.0552,1.9256128195026208,-3.4096644526463744,0.2378891398435634,0.07098,-0.33029,-0.28401,13.9,-23.0,-1.2
71.695,6775.0752,1.977982770142285,-3.3516780722760644,-0.370148592694024,0.38802,-0.01753,-0.32494,13.5,-22.8,-1.4
71.7019,6775.0952,1.8680244408206017,-3.030645030597005,-0.9245508254456141,0.33426,0.25553,-0.29501,13.5,-22.6,-1.5
71.7256,6775.1152,1.7447457336033898,-2.6293736646625074,-1.3922278700401556,0.12596,0.22865,-0.26691,13.3,-22.7,-1.9
71.7456,6775.1352,1.5575537310045742,-2.2429811188712687,-1.681149617002406,-0.05669,-0.03036,-0.20093,13.1,-22.6,-1.8
71.7625,6775.1552,1.3688862594406481,-1.9968845808189049,-1.7774079388467907,-0.10861,-0.36022,-0.13679,12.8,-22.4,-2.1
71.7823,6775.1752,1.2212243249216377,-1.9428057691774072,-1.6981969024532901,-0.12877,-0.57952,-0.07265,12.5,-22.3,-2.6
71.8093,6775.1952,1.1235800080373126,-2.054270675277428,-1.4875953366568826,-0.19963,-0.60396,-0.0305,12.3,-22.2,-2.8
71.8321,6775.2152,1.1087714002132163,-2.26392280125438,-1.2171144726529572,-0.23506,-0.50133,-0.01951,12.1,-22.1,-3.2
71.8482,6775.2352,1.170648536086484,-2.4849131115164784,-0.9597927392795835,-0.23567,-0.30158,-0.00301,11.8,-22.0,-3.6
71.8674,6775.2552,1.2714111012537752,-2.62017348875004,-0.7700715606140704,-0.18436,-0.08411,-0.01645,11.6,-21.8,-3.8
71.8822,6775.2752,1.3803138270208863,-2.631440062949833,-0.6864034438161113,-0.02431,-0.0047,-0.05555,11.5,-21.7,-4.1
71.8995,6775.2953,1.4666899775866353,-2.5058393640545717,-0.709463503814213,0.15834,-0.05601,-0.09586,11.4,-21.6,-4.2
71.9413,6775.3153,1.520162692508267,-2.310430270573944,-0.822519141722907,0.19132,-0.15742,-0.10319,11.4,-21.6,-4.3
71.9464,6775.3353,1.52430377651204,-1.9872164601898543,-0.9502699012782827,0.10153,-0.15192,-0.12091,11.4,-21.6,-4.2
71.9632,6775.3554,1.5082567155786508,-1.6737246407129125,-1.0721114168551882,-0.02431,-0.07861,-0.15206,11.7,-21.6,-4.2
71.9822,6775.3754,1.4827302068609354,-1.4175979222336632,-1.150848738011609,-0.15687,0.00141,-0.21376,11.8,-21.6,-4.2
72.0043,6775.3954,1.456079928834049,-1.2637521525413675,-1.1664178762620807,-0.21124,0.06921,-0.24125,11.9,-21.6,-4.2
72.0233,6775.4154,1.4204098579424422,-1.2422055695127712,-1.1127143604850893,-0.14526,0.05089,-0.14718,12.1,-21.6,-4.2
72.0516,6775.4355,1.3946356099897044,-1.3281964887375854,-0.9987288597318091,0.01295,-0.03524,-0.04638,12.2,-21.6,-4.2
72.0626,6775.4555,1.3899761996876558,-1.4687584434819154,-0.8408231867028899,0.12474,-0.00775,0.01104,12.4,-21.6,-4.1
72.0804,6775.4755,1.4266098813975705,-1.6229410851598527,-0.662669034597819,0.08137,0.16451,0.02509,12.6,-21.7,-3.9
72.1011,6775.4955,1.5048167567829218,-1.7524540978098964,-0.4828094890311654,0.08625,0.24453,-0.05371,12.9,-21.7,-3.8
72.1231,6775.5156,1.5950690975063488,-1.8442737407393492,-0.31259653021605693,0.1394,0.23048,-0.08914,13.1,-21.7,-3.7
72.1408,6775.5356,1.6524485826860709,-1.8864460358452804,-0.1506026344157796,0.25119,0.06616,-0.04577,13.3,-21.6,-3.6
72.1675,6775.5556,1.6601869512319674,-1.9091473118374933,0.0030615755618637053,0.33854,-0.12443,0.04647,13.4,-21.7,-3.5
72.1838,6775.5757,1.625427377396668,-1.8477817768100673,0.1716666667121629,0.34282,-0.04868,0.02142,13.6,-21.6,-3.3
72.2082,6775.5957,1.5737675897394434,-1.7787651440060384,0.35205802208694337,0.25241,0.23232,-0.09342,13.6,-21.6,-3.2
72.2249,6775.6157,1.4987356552740045,-1.717640481907989,0.5536393467962526,0.14429,0.3887,-0.1881,13.5,-21.6,-3.2
72.2467,6775.6357,1.4437641469044886,-1.7477745905260165,0.7534075819877799,0.05388,0.37953,-0.24614,13.4,-21.5,-3.3
72.2652,6775.6558,1.3688094130083073,-1.901893196650962,0.9295117110885798,-0.01515,0.25309,-0.24553,13.1,-21.3,-3.3
72.2822,6775.6758,1.276439066559948,-2.1732226055950328,1.0413835151095086,-0.09334,-0.04196,-0.15267,12.9,-21.2,-3.4
72.3411,6775.6958,1.0365111564968623,-2.3689753646236213,1.0930176059507914,-0.31753,-0.50622,0.0593,12.7,-21.1,-3.4
72.3482,6775.7159,0.974367685375476,-2.7500063069853997,0.9490479226005029,-0.41343,-0.77622,0.14115,12.4,-21.0,-3.5
72.3512,6775.7359,0.9439225032223634,-3.0610258739251375,0.6512310453134393,-0.18741,-0.48667,0.08556,12.2,-20.9,-3.4
72.3668,6775.7559,0.9053943794820948,-3.231588604523435,0.23231399375184125,0.19499,0.06188,-0.02012,11.8,-20.8,-3.7
72.3848,6775.7759,0.8872560336370289,-3.2315793242066357,-0.2451428768533166,0.30861,0.70085,0.0031,11.5,-20.6,-3.9
72.4032,6775.796,0.8590505718953212,-3.0658608444823234,-0.6883615130502889,-0.02187,0.76682,0.0483,11.1,-20.6,-4.0
72.4258,6775.816,0.8246647639942818,-2.8095568249328027,-1.0266345188364525,-0.24422,0.75583,0.08373,10.8,-20.5,-4.0
72.4439,6775.836,0.7768603300059818,-2.58492690727805,-1.2307118899146836,-0.19352,0.57074,0.15703,10.5,-20.5,-4.1
72.4641,6775.856,0.756229902347672,-2.4609549839444878,-1.3024075686077818,-0.04508,0.31356,0.20529,10.2,-20.4,-4.2
72.4854,6775.876,0.7677826409718254,-2.4551955869291926,-1.2703701447212072,-0.07257,-0.16658,0.21812,9.9,-20.4,-4.3
72.5052,6775.896,0.8150018375590498,-2.5297534745915735,-1.1801316919672118,-0.11167,-0.36328,0.21995,9.8,-20.4,-4.3
72.527,6775.916,0.8832386293263309,-2.6235918700200695,-1.0811291529069145,-0.14099,-0.27531,0.10878,9.7,-20.4,-4.3
72.5443,6775.936,0.9673906802229517,-2.6933281197754195,-1.0193747927045553,-0.15259,0.07899,-0.08426,9.6,-20.4,-4.3
72.5624,6775.956,1.0355260670997426,-2.7024468634388774,-1.013094857195549,-0.09578,0.48766,-0.24186,9.7,-20.5,-4.3
72.5897,6775.976,1.0986540715031785,-2.6335730137543965,-1.0567481332422517,-0.03103,0.65687,-0.25225,9.8,-20.6,-4.1
72.6056,6775.996,1.033632013607399,-2.520461568588578,-1.1155851076960008,-0.04875,0.54202,-0.18322,9.7,-20.7,-4.1
72.636,6776.016,0.9390652656332186,-2.3676918860201552,-1.1618885148159617,-0.04508,0.20483,-0.06471,9.9,-20.8,-3.8
72.6469,6776.036,0.8286132080086506,-2.2159719479822577,-1.1719661005717956,0.00195,-0.15314,0.0428,9.9,-20.9,-3.7
72.6657,6776.0559,0.7621251469872381,-2.0881684134556324,-1.1338312921132196,0.10763,-0.11221,0.11244,10.0,-20.9,-3.5
72.6859,6776.0759,0.7712718501479492,-1.999296666549081,-1.0448469048661213,0.20415,0.0289,0.16131,10.2,-21.0,-3.2
72.7012,6776.0959,0.848547924510705,-1.937173884086378,-0.9069906228290439,0.25058,0.12847,0.12954,10.4,-21.0,-2.9
72.7306,6776.1159,0.9504349297212996,-1.9367700296319954,-0.7398663571056989,0.21698,0.07838,0.09167,10.6,-21.1,-2.7
72.7586,6776.1359,1.0461117817917887,-1.9609182906651912,-0.553507283421597,0.14062,-0.16475,0.06479,10.7,-21.2,-2.5
72.7734,6776.1559,1.139153868905467,-1.9871517126574376,-0.36599282540650435,0.10397,-0.2912,0.07579,10.9,-21.2,-2.4
72.7845,6776.1759,1.2144195562987268,-2.0103602017461384,-0.19355728624348956,0.18827,-0.07495,0.06846,10.9,-21.3,-2.2
72.8024,6776.1959,1.2614763441438386,-2.0190449515932314,-0.04402534402331071,0.19377,0.08937,0.0373,10.9,-21.3,-2.2
72.8449,6776.216,1.26727215785303,-2.0170461668575266,0.08209488767688988,0.10763,-0.07495,0.00737,10.8,-21.2,-2.2
72.8468,6776.236,1.2638458694131431,-1.910357806111398,0.20784735087073436,0.10275,-0.36633,-0.00912,10.6,-21.2,-2.1
72.8626,6776.256,1.2307527868591663,-1.8066994302122918,0.32808083319732084,0.17177,-0.41154,0.00065,10.2,-21.2,-2.1
72.8921,6776.2761,1.1974223174161573,-1.7534370852624928,0.4441084419768213,0.14245,-0.32357,0.04341,9.9,-21.0,-2.1
72.9099,6776.2961,1.2217961527835965,-1.7557194358398704,0.5523285897863399,0.02639,-0.08595,0.02692,9.7,-21.0,-2.1
72.9266,6776.3161,1.2877978450922194,-1.863899063307116,0.6360736554883495,-0.14588,0.11442,-0.03661,9.3,-20.9,-2.3
72.9678,6776.3361,1.3624483655184962,-1.9723227736095157,0.6969469716576917,-0.39755,-0.07984,-0.06899,9.1,-20.9,-2.5
72.9685,6776.3562,1.4639651475658324,-2.3841017267867226,0.641718223060348,-0.65289,-0.49339,-0.12335,8.8,-20.8,-2.5
72.9874,6776.3762,1.512140404700246,-2.7117530412615856,0.5203819198189912,-0.70909,-0.73468,-0.16123,8.3,-20.7,-2.8
73.0042,6776.3962,1.5548692570224238,-3.0189610134242155,0.2816049986074667,-0.50262,-0.55692,-0.2101,7.9,-20.7,-3.0
73.0261,6776.4163,1.6046895746830496,-3.2038823823256446,-0.06251311795735681,-0.13427,-0.06151,-0.24003,7.5,-20.6,-3.2
73.0452,6776.4363,1.6473942776838448,-3.225052655552988,-0.47088146780222573,0.1339,0.1975,-0.22292,7.1,-20.6,-3.3
73.0683,6776.4563,1.6731947465640955,-3.073085091767831,-0.8704570887564635,0.08381,0.01302,-0.16184,6.8,-20.5,-3.5
73.0869,6776.4763,1.6674230912314327,-2.7988376117605793,-1.1871348809385474,-0.05363,-0.15986,-0.10564,6.5,-20.5,-3.6
73.1041,6776.4964,1.66299418559906,-2.500517582769688,-1.384942920228747,-0.12755,-0.3645,-0.06288,6.4,-20.4,-3.6
73.142,6776.5164,1.6472660021947536,-2.2307216614742127,-1.4431247477993523,-0.17642,-0.41093,-0.07143,6.3,-20.5,-3.5
73.1477,6776.5364,1.6934687670301969,-2.1152305626053782,-1.4215161910503937,-0.27416,-0.43414,-0.13862,6.2,-20.5,-3.7
73.1626,6776.5565,1.7275147162155695,-2.0774016778244206,-1.3324547482312692,-0.30898,-0.35473,-0.22354,6.2,-20.6,-3.7
73.1878,6776.5765,1.7451308227356828,-2.076249790008952,-1.2300335122396877,-0.29859,-0.2295,-0.2889,6.3,-20.8,-3.8
73.2076,6776.5965,1.7178208121990075,-2.0994753506767045,-1.1639062512512446,-0.18741,-0.23072,-0.30539,6.5,-20.9,-3.7
73.2281,6776.6165,1.6457696125225278,-2.0948074113246844,-1.155880353542127,-0.16176,-0.17086,-0.31333,6.5,-20.8,-3.8
73.249,6776.6366,1.5341552335956516,-2.040686981377823,-1.2047344570717335,-0.23506,-0.07495,-0.24797,6.7,-20.9,-3.7
73.2711,6776.6566,1.4005770125299857,-1.934543172903976,-1.2888834841439767,-0.23689,-0.30891,-0.13191,6.9,-21.0,-3.8
73.2828,6776.6766,1.283454215131509,-1.8268830214575724,-1.3862875562504264,-0.32791,-0.34556,-0.03905,7.2,-21.1,-3.7
73.3056,6776.6967,1.190103500644092,-1.68494949440509,-1.448818354650692,-0.44459,-0.28081,0.02997,7.5,-21.2,-3.6
73.3316,6776.7167,1.149856586852286,-1.5600000234241533,-1.458302249756942,-0.48613,-0.21911,0.12527,7.8,-21.3,-3.5
73.3441,6776.7367,1.1959760631475056,-1.533859553094288,-1.4139003141348478,-0.46841,-0.08961,0.21018,8.0,-21.4,-3.5
73.3653,6776.7567,1.2812225311102439,-1.5226005988958398,-1.2882152931703104,-0.40671,0.05516,0.21446,8.2,-21.5,-3.5
73.3953,6776.7768,1.3849659660455538,-1.5102342394989694,-1.0841774105475945,-0.45619,0.17001,0.19124,8.4,-21.5,-3.4
73.4083,6776.7968,1.5247870785385684,-1.6052297712509362,-0.842994458590514,-0.61563,0.03501,0.20285,8.5,-21.5,-3.5
73.4287,6776.8168,1.658937375728921,-1.6869716570875917,-0.5636588008047454,-0.61441,-0.11588,0.20896,8.5,-21.5,-3.7
73.4457,6776.8368,1.791141690137757,-1.800362631312757,-0.28501697258585246,-0.43848,0.30195,0.11244,8.5,-21.5,-3.9
73.4618,6776.8568,1.8996563640961392,-1.9209242601279597,-0.026970228851331157,-0.40855,0.38076,0.02325,8.3,-21.4,-4.1
73.496,6776.8768,1.9769793811343577,-1.9832670411506856,0.20467221509916023,-0.33647,0.09854,0.01165,8.2,-21.3,-4.2
73.516,6776.8967,1.9821136578710263,-2.1034580095238375,0.38729935421557826,-0.15137,-0.12565,-0.07021,7.9,-21.1,-4.4
73.5282,6776.9167,1.9338131770433582,-2.228987253618775,0.5326072410434985,0.14429,-0.23194,-0.24308,7.9,-21.1,-4.5
73.5451,6776.9367,1.8626249761949385,-2.3639305060803237,0.6482015127133902,0.29212,0.05516,-0.25041,7.6,-21.0,-4.8
73.5634,6776.9567,1.7883848662244233,-2.495912329181482,0.7479993221323831,0.13146,0.2934,-0.11724,7.4,-20.9,-4.9
73.5946,6776.9767,1.7627804129464417,-2.6299516658873787,0.8270867973995895,-0.0182,0.35327,-0.11358,7.1,-20.9,-5.1
73.6034,6776.9967,1.6364190872306004,-2.800314098505707,0.8889562284374666,0.03983,0.2427,-0.21926,6.8,-20.7,-5.4
73.6299,6777.0167,1.5177834786863982,-3.0365412319691405,0.8782139858940319,0.1168,-0.03036,-0.30417,6.6,-20.6,-5.6
73.6425,6777.0367,1.3698698112458318,-3.240612441363873,0.7935649409297785,0.46988,-0.67665,-0.35548,6.4,-20.5,-5.7
73.6686,6777.0567,1.2205964513489163,-3.461743143988043,0.5933892966195646,0.78997,-0.58624,-0.24064,6.3,-20.4,-5.8
73.6871,6777.0767,1.1383361648893489,-3.5039284125571544,0.3367868244083958,0.43445,-0.09328,-0.171,6.2,-20.4,-6.1
73.7026,6777.0967,1.105364253547801,-3.3890568535075354,0.05267318965914569,0.24019,0.52553,-0.03478,6.1,-20.4,-6.2
73.7249,6777.1167,1.1118998541741298,-3.193534498889852,-0.23610246442969007,0.39291,0.67275,0.05991,6.2,-20.4,-6.0
73.7544,6777.1367,1.1191218671217806,-2.989576449829764,-0.4985253346790248,0.38008,0.44001,0.00737,6.3,-20.4,-6.0
73.7782,6777.1567,1.0869142527245332,-2.8021052906374697,-0.6980737021233381,0.2408,0.21949,-0.01828,6.4,-20.5,-5.9
73.7857,6777.1767,1.0204562273936844,-2.6237941737193715,-0.8153860139471671,0.443,0.26836,-0.07571,6.5,-20.6,-5.9
73.8034,6777.1967,0.9818575672501697,-2.5559873817919585,-0.890706725861941,0.37092,0.43757,-0.01218,6.6,-20.6,-5.9
73.825,6777.2167,0.9528690564985149,-2.5592422770557475,-0.9281406639551779,-0.08784,0.19566,0.06174,6.7,-20.7,-5.9
73.8522,6777.2367,0.9254589661924295,-2.6116809824007747,-0.9470007993724412,-0.08845,-0.01203,0.02387,6.8,-20.7,-5.7
73.8638,6777.2567,0.9122966942095782,-2.7021260982470516,-0.9731952291992112,0.00684,-0.01692,0.03181,6.8,-20.8,-5.5
73.8825,6777.2766,0.9201914613316109,-2.7836878882356086,-1.016472173340711,0.05388,0.13885,0.00187,6.9,-20.8,-5.6
73.9043,6777.2966,0.9548448904295466,-2.8208156909015694,-1.0796065239418056,0.038,0.31723,-0.02684,7.0,-20.9,-5.5
73.9386,6777.3166,1.023674315380843,-2.7962942796086474,-1.15937521697915,0.01173,0.44795,-0.01706,7.0,-21.0,-5.5
73.9521,6777.3366,1.0294227462518448,-2.6836902782896566,-1.2266370740180754,0.09175,0.39847,0.05563,7.0,-21.0,-5.6
73.9641,6777.3566,1.0162618640988532,-2.5116153049284,-1.2805728336056124,0.21087,0.18772,0.13504,7.0,-21.1,-5.6
73.989,6777.3766,0.9833177782619311,-2.3280213103108456,-1.3192164021056048,0.16139,0.04783,0.13382,7.1,-21.0,-5.5
74.0018,6777.3966,0.9506790849404372,-2.1272056743700944,-1.3293847744045326,0.10763,0.12541,0.17231,7.1,-21.0,-5.5
74.0242,6777.4166,0.9067385910292483,-1.976596413647133,-1.316627211725839,0.24874,0.08449,0.18391,7.1,-21.0,-5.5
74.0437,6777.4366,0.860508733653418,-1.8665777444829057,-1.2716646889832148,0.21881,-0.19773,-0.0641,7.1,-21.0,-5.5
74.0638,6777.4566,0.8047900121602745,-1.806142292417685,-1.1917196347839116,0.016,-0.02975,0.04952,7.1,-21.0,-5.5
74.0814,6777.4766,0.7369373237547807,-1.7995285483616894,-1.077337405071603,-0.08784,-0.07495,0.10816,7.1,-21.0,-5.5
74.1029,6777.4966,0.6437083941015838,-1.8435334721742886,-0.9325856339432725,-0.17214,-0.34434,0.11122,7.1,-21.0,-5.4
74.1217,6777.5166,0.5410729035476043,-1.9304953155375657,-0.7702757148171191,-0.26499,-0.49889,0.2224,7.1,-21.0,-5.5
74.1414,6777.5366,0.4294905924230375,-2.0065374912688125,-0.5975452171358473,0.01417,-0.62412,0.23767,7.1,-21.0,-5.7
74.1637,6777.5566,0.32496307950425946,-2.0047307682881352,-0.4194110244278253,0.06854,-0.69192,0.32319,7.1,-20.9,-5.9
74.1837,6777.5766,0.27612608680607126,-1.9170712679643789,-0.24858826496423347,-0.524,-0.17147,0.38183,7.1,-20.9,-6.0
74.2071,6777.5966,0.26211350582749926,-1.7833301354915163,-0.09374941009365934,-0.60097,0.43818,0.31464,7.0,-20.9,-6.2
74.2267,6777.6166,0.2723067101802042,-1.6960838974903427,0.04101283046336235,0.17666,0.16268,0.19491,7.0,-20.8,-6.2
74.2625,6777.6366,0.25661731588133896,-1.7141219329036665,0.168095312787786,0.37519,0.01485,0.26516,7.0,-20.7,-6.3
74.267,6777.6566,0.31953327360343237,-1.8072154182444038,0.3062714134480462,-0.18375,-0.05723,0.30242,6.9,-20.7,-6.3
74.2833,6777.6766,0.3926737875270336,-1.9961126611806896,0.45726155264274304,-0.75857,0.0063,0.27493,6.8,-20.7,-6.5
74.3015,6777.6965,0.5227287447651421,-2.3071996692351178,0.5979768211654175,-0.83982,-0.00959,0.19857,6.7,-20.6,-6.5
74.3222,6777.7165,0.7094457304320744,-2.740740877765224,0.6818304990557635,-0.58264,-0.01875,0.1943,6.7,-20.6,-6.6
74.3432,6777.7365,0.9408939491883216,-3.246566152249386,0.6452060469880845,-0.1135,-0.0664,0.25783,6.8,-20.5,-6.7
74.3613,6777.7565,1.205297637030165,-3.6693313277619812,0.45438233350088986,0.25913,0.05211,0.34213,6.7,-20.4,-6.8
74.384,6777.7765,1.4713140011818404,-3.8801567034950923,0.11518411179742394,0.31227,0.26103,0.43925,6.6,-20.3,-6.9
74.4048,6777.7965,1.7247148339386869,-3.8008718320264228,-0.32027560730857374,0.28845,0.52614,0.46369,6.5,-20.3,-7.1
74.4243,6777.8165,1.9283214175926446,-3.4779284984919103,-0.7870242141949699,0.42956,0.43879,0.42826,6.4,-20.2,-7.2
74.4413,6777.8365,2.0525877955001577,-3.0115809475303,-1.2098385715296747,0.45033,0.41313,0.34823,6.4,-20.1,-7.3
74.463,6777.8565,2.091829651841292,-2.532786962913656,-1.529375447231791,0.20598,0.55058,0.27188,6.3,-20.1,-7.4
74.4831,6777.8765,2.049141627376874,-2.1371701286841622,-1.7034970644136145,-0.08173,0.45467,0.23156,6.2,-20.1,-7.2
74.5013,6777.8965,1.9534247239662188,-1.9109598685165101,-1.732684374035296,-0.38411,0.23598,0.15093,6.1,-20.1,-7.1
74.5269,6777.9165,1.8359545348081376,-1.850460556253252,-1.63183324971056,-0.48002,0.1022,0.10328,6.1,-20.0,-7.2
74.5417,6777.9365,1.741511693609561,-1.9970782334111068,-1.459705316415457,-0.39389,0.05883,0.13382,6.0,-20.0,-7.2
74.565,6777.9565,1.662568291508508,-2.2052998132188795,-1.2420686351412442,-0.38533,0.03867,0.2224,6.0,-20.0,-7.4
74.5833,6777.9765,1.6336449795496981,-2.425360461093031,-1.0415318229015451,-0.35113,0.03378,0.3348,5.9,-20.0,-7.5
74.6015,6777.9965,1.646565962576087,-2.563598576967841,-0.8898625187345708,-0.30042,-0.0328,0.33785,5.9,-19.9,-7.7
74.623,6778.0165,1.6898471900362968,-2.5694529604335745,-0.8056878378020293,-0.24361,0.18467,0.234,5.8,-19.9,-7.9
74.6456,6778.0365,1.745721697683341,-2.448037314826682,-0.7932297459537292,-0.17825,0.51454,0.11,5.7,-19.9,-8.1
74.6642,6778.0565,1.76092702821698,-2.249096932609765,-0.8334692239850323,-0.18802,0.59212,0.02753,5.7,-19.9,-8.3
74.6842,6778.0765,1.7166834932229986,-2.014574460080881,-0.8903584673354636,-0.21002,0.52675,-0.01279,5.7,-19.9,-8.4
74.7112,6778.0964,1.6293418064943648,-1.7829454174332233,-0.9272902386412927,-0.25583,0.45039,-0.00485,5.7,-19.8,-8.6
74.7376,6778.1164,1.5100707780607763,-1.625293366239769,-0.9196569986076462,-0.26072,0.43207,0.01592,5.7,-19.7,-8.6
74.7566,6778.1364,1.395925310235057,-1.5898353666547094,-0.8578888836842005,-0.2485,0.39603,0.03547,5.7,-19.6,-8.9
74.7641,6778.1564,1.3363511299413176,-1.666372326883617,-0.7448212342666345,-0.1361,0.24209,0.13443,5.7,-19.5,-9.0
74.7822,6778.1764,1.349910340130253,-1.7996441755379486,-0.5891576293975085,0.02395,-0.00348,0.22056,5.7,-19.4,-9.4
74.8026,6778.1964,1.4440805741392289,-1.9532736721625399,-0.41179707468869076,0.11435,0.12358,0.28715,5.8,-19.3,-9.6
74.8304,6778.2164,1.599333310399924,-2.075762982642832,-0.22801686393274956,0.09358,0.27874,0.29814,5.9,-19.2,-9.7
74.8463,6778.2364,1.792677183427361,-2.1258833160398884,-0.048639892155469155,0.016,0.32211,0.31708,5.9,-19.1,-9.8
74.8637,6778.2564,1.9658655041881643,-2.1219173280327412,0.1194557058301573,0.02089,0.19383,0.27004,6.0,-19.0,-9.9
74.8853,6778.2764,2.087650175746285,-2.1059844759251964,0.2729697125636683,0.14673,0.04234,0.17719,6.1,-18.9,-10.0
74.9017,6778.2964,2.159053445994223,-2.0970039137793792,0.41764376557152083,0.29334,0.01546,0.10145,6.3,-18.9,-9.9
74.9451,6778.3164,2.219290852814243,-2.196161124067996,0.5365944356558909,0.31105,0.26103,0.1271,6.4,-18.8,-10.0
74.9467,6778.3364,2.1862767832284535,-2.2835066120703695,0.6771815435380724,0.14551,0.42779,0.12893,6.4,-18.7,-10.1
74.9655,6778.3564,2.1514765162338993,-2.442658370382349,0.7924475551062713,-0.20818,0.33494,0.03303,6.5,-18.7,-10.2
74.9807,6778.3764,2.085733855455636,-2.7041994191003216,0.8540479316470364,-0.4397,0.08082,-0.10869,6.5,-18.6,-10.1
75.0046,6778.3964,1.9853793913915512,-3.010310216095622,0.8366149996194672,-0.43298,-0.21728,-0.11175,6.6,-18.6,-10.2
75.0216,6778.4164,1.8782698948545027,-3.3763003791515698,0.6885759282952915,-0.16481,-0.21606,-0.08792,6.7,-18.5,-10.3
75.041,6778.4364,1.762750941792266,-3.695300423678181,0.41644831593413834,0.15101,0.12236,-0.05005,6.7,-18.5,-10.3
75.0626,6778.4564,1.637269453986677,-3.8952207664494796,0.057385916807204396,0.34282,0.32333,-0.02195,6.7,-18.5,-10.3
75.087,6778.4764,1.495455313621778,-3.9444431647859473,-0.32083697010935985,0.39841,0.24209,-0.03905,6.7,-18.5,-10.4
75.1069,6778.4964,1.325128655926341,-3.848956848926054,-0.6365726118539623,0.42895,0.23965,-0.00485,6.8,-18.5,-10.4
75.1277,6778.5163,1.1837976195720497,-3.698146013108911,-0.8554702178262552,0.48148,0.26164,0.1326,6.8,-18.5,-10.4
75.1421,6778.5363,1.0982757712959987,-3.5294185363182953,-0.9451775491141579,0.6006,0.2372,0.19124,6.9,-18.5,-10.5
75.1621,6778.5563,1.105007590926518,-3.4472650644020852,-0.9444918841329457,0.65497,0.08388,0.1888,6.9,-18.6,-10.4
75.184,6778.5763,1.1873491481216056,-3.437920796510435,-0.8806029507493154,0.51325,-0.16475,0.11855,7.0,-18.6,-10.5
75.2059,6778.5963,1.3253871613763646,-3.4746985641975736,-0.8054741839025912,0.23958,-0.26798,-0.01218,6.9,-18.7,-10.7
75.2286,6778.6163,1.495333376182804,-3.5322150358777153,-0.7803344615062038,0.24935,-0.1959,-0.1374,7.0,-18.8,-10.6
75.2456,6778.6363,1.6508236568205494,-3.55082468004822,-0.8368762159076635,0.47904,-0.04318,-0.24186,7.0,-18.9,-10.6
75.264,6778.6563,1.7592662446744005,-3.501721964065379,-0.9888605027140027,0.59755,0.11992,-0.26996,7.1,-18.9,-10.5
75.2913,6778.6763,1.8211352076998446,-3.3841023361040015,-1.2254712690648404,0.56212,0.18222,-0.24553,7.1,-19.1,-10.5
75.3043,6778.6963,1.7372156291696155,-3.097447695443552,-1.4374689038593278,0.56456,0.13091,-0.21559,7.1,-19.2,-10.4
75.3223,6778.7163,1.6080880576870782,-2.7589122803973134,-1.6237139610623714,0.589,0.03134,-0.13801,7.2,-19.3,-10.3
75.3419,6778.7363,1.458460653798199,-2.4047464641262852,-1.7371789686654129,0.40451,-0.07739,-0.1258,7.2,-19.4,-10.2
75.3687,6778.7563,1.3255400970762956,-2.097004779536673,-1.7624444855018986,0.20232,-0.00226,-0.1936,7.2,-19.6,-10.2
75.3814,6778.7763,1.1914610691541045,-1.8698139798134905,-1.693993121558206,0.00195,-0.03769,-0.22903,7.3,-19.7,-9.9
75.4013,6778.7963,1.083061069481247,-1.7606657163235417,-1.5576032263088635,-0.10678,-0.13665,-0.21865,7.4,-19.8,-9.8
75.4253,6778.8163,0.9950735189424413,-1.7682609604212047,-1.3776356737924615,-0.1135,-0.16291,-0.19544,7.5,-19.9,-9.7
75.4425,6778.8363,0.916740454213289,-1.8824936542121489,-1.1807385761368625,-0.05913,-0.02058,-0.2101,7.5,-20.1,-9.7
75.4627,6778.8563,0.8583493767841148,-2.051246465159653,-0.9842459393559277,0.01784,0.14313,-0.19177,7.6,-20.2,-9.6
75.4842,6778.8763,0.8118719519165697,-2.2301454195847246,-0.7965697752186891,0.10824,0.15229,-0.08914,7.6,-20.3,-9.5
75.5027,6778.8963,0.7712852594162977,-2.37367133833372,-0.615648694565401,0.11741,-0.0157,0.04036,7.7,-20.3,-9.4
75.5285,6778.9162,0.7424154057195855,-2.464510013249528,-0.4385691690189848,0.07098,-0.22095,0.0764,7.8,-20.4,-9.3
75.5474,6778.9362,0.7591477864930811,-2.480204846025263,-0.25777642429127035,0.09725,-0.33884,0.03975,7.8,-20.5,-9.3
75.5649,6778.9562,0.8339256259058737,-2.4383388687456993,-0.07304831108878673,0.15895,-0.31258,0.07457,7.9,-20.6,-9.2
75.5825,6778.9762,0.9719134344413518,-2.3662919556904756,0.11170227107557729,0.2011,-0.23805,0.16925,8.0,-20.6,-9.3
75.6071,6778.9962,1.1630028394453773,-2.3124159941168845,0.28390110252076184,0.16933,-0.09755,0.18391,8.0,-20.6,-9.2
75.6282,6779.0162,1.4135270703548493,-2.285491443559155,0.4302281670306112,0.07159,-0.00898,0.14054,8.0,-20.6,-9.3
75.6472,6779.0362,1.6986682656676686,-2.3200811834357356,0.5254558345950482,-0.03348,-0.08167,0.03669,8.0,-20.7,-9.4
75.6655,6779.0562,1.9855529007607937,-2.4305935388292497,0.5439208242601126,-0.23201,-0.34251,-0.10136,8.0,-20.7,-9.4
75.6808,6779.0762,2.245188931921245,-2.6130262831139413,0.46070269769746375,-0.46047,-0.33762,-0.18139,8.0,-20.7,-9.5
75.7058,6779.0962,2.449198221385194,-2.767176190743679,0.27857233784808244,-0.54416,-0.14703,-0.24553,8.0,-20.8,-9.6
75.7265,6779.1162,2.581374031689226,-2.9155464488457814,-0.02134310891868907,-0.44031,0.09365,-0.40435,8.0,-20.8,-9.8
75.7412,6779.1362,2.587660096629304,-3.0165750499596355,-0.40747132538194997,-0.24361,0.22621,-0.55707,8.0,-20.8,-9.9
75.7611,6779.1562,2.503086040252832,-3.0007313589820144,-0.8251155980056168,-0.02798,0.29523,-0.54607,8.0,-20.7,-10.0
75.7832,6779.1762,2.318533686788426,-2.8935180623370274,-1.2040823688045617,0.10519,0.16817,-0.36342,8.0,-20.8,-10.3
75.8057,6779.1962,2.068108269117277,-2.7320599086377615,-1.4788422096898977,0.14612,-0.05968,-0.16123,8.1,-20.8,-10.4
75.8301,6779.2162,1.817688475375186,-2.567432772766046,-1.6143020255150748,0.11924,-0.2857,-0.03111,8.1,-20.8,-10.7
75.8534,6779.2362,1.6323038831958472,-2.4412357194451677,-1.6092412226494197,0.03922,-0.50133,0.0147,8.2,-20.7,-10.8
75.8624,6779.2562,1.5836395655475888,-2.3882810655401547,-1.5033953529294806,-0.17092,-0.66382,-0.036,8.3,-20.7,-11.1
75.8856,6779.2762,1.5902043673706736,-2.397542382919721,-1.3303562057237261,-0.23934,-0.51172,-0.12763,8.4,-20.6,-11.2
75.9045,6779.2962,1.6582310848187536,-2.4541780124235353,-1.1608159338483652,-0.19841,-0.25577,-0.15145,8.4,-20.6,-11.4
75.9239,6779.3162,1.731350132874527,-2.506429997119186,-1.0417066316182026,-0.11594,-0.02303,-0.12824,8.4,-20.6,-11.6
75.9551,6779.3361,1.7722062211835232,-2.5102087103441284,-1.002794897960996,-0.05363,-0.07128,-0.08181,8.5,-20.6,-11.8
75.968,6779.3561,1.7584088275500906,-2.4415818117548196,-1.0458142431857684,0.06243,-0.22889,-0.06227,8.5,-20.5,-12.0
75.9804,6779.3761,1.7056910921951385,-2.292463827522965,-1.1471738180328774,0.19132,-0.26554,-0.04638,8.6,-20.5,-12.1
76.0034,6779.3961,1.6231274829159708,-2.102634355060149,-1.268988641894543,0.18216,-0.23683,0.00554,8.6,-20.5,-12.2
76.0299,6779.4161,1.5356015998643229,-1.88435146616156,-1.362137729320212,0.03738,-0.15681,0.05074,8.7,-20.5,-12.1
76.0455,6779.4361,1.47124079655458,-1.6799153397510456,-1.3961864645079416,-0.14221,-0.14214,0.08556,8.7,-20.5,-12.2
76.0616,6779.4561,1.4215323189445475,-1.5310483001533521,-1.3533610099944635,-0.21612,-0.11527,0.00982,8.7,-20.4,-12.3
76.082,6779.4761,1.384885571422626,-1.4478001743815985,-1.2325169286552367,-0.17703,-0.12993,-0.08304,8.7,-20.4,-12.3
76.1014,6779.4961,1.36481656032399,-1.43761626376195,-1.0506034287415726,-0.13366,-0.21606,-0.05677,8.6,-20.4,-12.4
76.1237,6779.5162,1.3615455435834845,-1.4819059724304307,-0.8300790092506372,-0.13305,-0.20873,0.06235,8.6,-20.4,-12.5
76.1436,6779.5362,1.3853290963001679,-1.5614537731781182,-0.596846397418112,-0.06402,-0.13909,0.14482,8.5,-20.4,-12.6
76.1639,6779.5562,1.4282546029529517,-1.6555460510842515,-0.36815157921535047,0.01478,-0.16963,0.21323,8.4,-20.4,-12.6
76.1975,6779.5763,1.417824242444311,-1.7530538497868113,-0.1431092778504066,-0.108,-0.36328,0.26577,8.3,-20.4,-12.8
76.2071,6779.5963,1.5068842426783793,-1.8971668045399217,0.04589826373664607,-0.17459,-0.62534,0.24439,8.3,-20.4,-12.9
76.2294,6779.6163,1.5115249088221976,-2.113532941862758,0.22656114390027682,-0.09029,-0.89045,0.1607,8.3,-20.5,-13.0
76.278,6779.6363,1.4201723950124872,-2.5161730465245986,0.38027745904696,0.29089,-0.82448,-0.05799,8.1,-20.4,-13.1
76.2832,6779.6564,1.4519173186104597,-2.7939006968292546,0.5552195447454302,0.51203,-0.09877,-0.01462,8.0,-20.5,-13.1
76.2866,6779.6764,1.464358709980108,-3.0793226011080557,0.7436860558816765,0.21698,0.53408,0.08984,7.9,-20.6,-13.4
76.3019,6779.6964,1.5285757754625864,-3.3319816220576737,0.928975339108522,-0.16237,0.84318,0.07396,7.8,-20.6,-13.5
76.3258,6779.7165,1.6249089915258113,-3.4806996144352813,1.0938160678901276,-0.34807,0.91404,0.12893,7.7,-20.6,-13.7
76.3416,6779.7365,1.667888751839594,-3.620980903527145,1.1595666203781576,-0.32486,0.76194,0.31769,7.7,-20.7,-13.8
76.3654,6779.7565,1.6786932233921756,-3.70962183172186,1.0769229564502112,0.0099,0.39481,0.34885,7.6,-20.8,-13.9
76.3847,6779.7765,1.6672650923844083,-3.7264653340684557,0.8206592383843763,0.33182,0.06311,0.10083,7.5,-20.8,-14.0
76.4019,6779.7966,1.634678295385974,-3.6141877290566726,0.43112201706982667,0.33976,0.46811,-0.06471,7.5,-20.9,-13.9
76.4253,6779.8166,1.6068724044860003,-3.384530710308633,-0.027175509934563635,0.19193,0.82241,-0.05249,7.5,-21.0,-14.0
76.4472,6779.8366,1.5321303113387383,-3.086921963679925,-0.460665629763243,-0.02126,1.03621,-0.02073,7.5,-21.2,-13.9
76.463,6779.8567,1.3973999138637843,-2.8516704671966995,-0.8126263509409775,-0.21979,1.00567,0.04647,7.5,-21.3,-14.0
76.486,6779.8767,1.3028254161707926,-2.7240728162918604,-1.049720302319182,-0.22651,0.77293,0.09839,7.6,-21.4,-13.9
76.5065,6779.8967,1.248130923831276,-2.7550526346124258,-1.175040943842939,-0.05913,0.37953,0.13443,7.6,-21.5,-13.7
76.5362,6779.9167,1.245818960923781,-2.900849343559081,-1.2135052029304205,0.10214,0.00019,0.21201,7.7,-21.6,-13.6
76.5537,6779.9368,1.3202380573503467,-3.0621831368220365,-1.2040812965668444,0.06548,-0.14886,0.22362,7.9,-21.7,-13.4
76.564,6779.9568,1.445719827199171,-3.1666864193655258,-1.1938935207573813,-0.04142,-0.06823,0.18941,8.0,-21.9,-13.4
76.5825,6779.9768,1.5645587151470939,-3.174442164924565,-1.2212421187735405,-0.00782,0.10342,0.11611,8.1,-21.9,-13.1
76.6103,6779.9969,1.6632495781704832,-3.073891964711486,-1.3093978106973463,0.11008,0.24331,0.04463,8.2,-22.1,-13.0
76.6337,6780.0169,1.6947962590903998,-2.878281217145193,-1.443624742166799,0.21637,0.31417,0.01837,8.2,-22.2,-13.0
76.6446,6780.0369,1.626995837033575,-2.610517532463282,-1.5808376791852865,0.17972,0.23842,0.02875,8.3,-22.3,-12.9
76.6617,6780.0569,1.5054830606731553,-2.339104540934882,-1.6928839014771206,0.10641,0.14679,0.04891,8.5,-22.4,-12.7
76.6848,6780.077,1.3514641283724993,-2.112813979232667,-1.7433045644963983,0.05388,-0.01631,0.07212,8.5,-22.5,-12.6
76.7034,6780.097,1.2061951622226474,-1.965290798398394,-1.7135810787620507,0.0099,-0.11893,0.10816,8.6,-22.6,-12.5
76.7351,6780.117,1.0792245617973941,-1.922502674459395,-1.6023301659786373,0.02028,-0.12321,0.10267,8.7,-22.6,-12.4
76.7474,6780.137,1.019687721836122,-1.9707926081743286,-1.4262674409069014,0.0044,-0.11038,0.0483,8.7,-22.7,-12.3
76.7651,6780.157,0.9989818490801975,-2.0982787592710936,-1.2074406875222188,-0.01271,-0.10305,0.05319,8.7,-22.8,-12.2
76.7851,6780.177,1.011720476654589,-2.2741668912024537,-0.9724032533569353,0.03861,-0.08411,0.07212,8.8,-22.8,-12.1
76.818,6780.1971,1.0354160809487418,-2.4689264343099318,-0.7425125630202754,0.06732,-0.04135,0.08495,8.8,-22.9,-12.1
76.8349,6780.2171,1.0777784062033737,-2.6356683849065248,-0.5284516794598382,0.00318,-0.03341,0.10022,8.8,-23.0,-12.0
76.8453,6780.2371,1.1266601491617951,-2.7542821755216593,-0.3347975452505345,-0.01454,-0.14276,0.13504,8.7,-23.1,-12.1
76.8707,6780.2572,1.1392662866823131,-2.8282190268524263,-0.1596543919845459,0.04594,-0.2576,0.11916,8.7,-23.1,-12.0
76.8912,6780.2772,1.1632971466611055,-2.83987095644453,0.002253682712623828,0.13268,-0.30341,0.10939,8.7,-23.2,-12.2
76.9208,6780.2972,1.192816091613004,-2.8256972530798623,0.1522088806652402,0.20598,-0.20751,0.06968,8.6,-23.3,-12.2
76.9282,6780.3172,1.2945236046165938,-2.736940415794792,0.30695061208013996,0.17422,-0.13726,0.07335,8.6,-23.3,-12.3
76.9436,6780.3373,1.448104377620143,-2.680153238803336,0.44316991745874645,0.07953,-0.13298,0.10328,8.5,-23.4,-12.3
76.9668,6780.3573,1.662597399819084,-2.6722595948016377,0.547581940526225,-0.03164,-0.06395,0.11855,8.3,-23.5,-12.4
76.9852,6780.3774,1.9305702880547113,-2.733527643543186,0.5936276810731389,-0.20085,-0.07434,-0.0079,8.2,-23.6,-12.4
77.0037,6780.3975,2.201506296098329,-2.8700484438663008,0.5541805159499393,-0.44092,-0.40665,-0.20154,8.2,-23.6,-12.5
77.0254,6780.4175,2.4158341086103037,-3.055046453337778,0.40857354988510686,-0.51728,-0.70231,-0.26935,8.1,-23.7,-12.5
77.0452,6780.4376,2.542660755680504,-3.261976343284715,0.13563198498161988,-0.33891,-0.5728,-0.35976,8.0,-23.7,-12.6
77.0635,6780.4576,2.5453642027250805,-3.4185822888488544,-0.24560605200352015,-0.04081,-0.19896,-0.53752,7.9,-23.7,-12.7
77.0911,6780.4777,2.446256901478864,-3.467719330992594,-0.6897865710970876,0.13085,0.12175,-0.57723,7.9,-23.8,-12.8
77.1094,6780.4978,2.1756803338466275,-3.390735890873139,-1.0935610811600203,0.10091,0.057,-0.4575,7.9,-23.8,-12.9
77.13,6780.5178,1.8383844251239865,-3.223376945883866,-1.4007126780568555,0.038,-0.05296,-0.31028,8.0,-23.8,-13.0
77.1441,6780.5379,1.5033266760440078,-3.030688341558605,-1.57151912205987,0.0215,-0.05723,-0.12763,8.1,-23.9,-13.0
77.1698,6780.5579,1.238180008364549,-2.878628522741471,-1.6054764595182665,-0.03042,-0.15375,0.09839,8.2,-23.9,-13.0
77.1872,6780.578,1.1198723420497652,-2.8078544349788968,-1.5367732589659404,-0.07074,-0.40726,0.23828,8.2,-23.9,-13.0
77.2059,6780.5981,1.1349685286679683,-2.8184423017268596,-1.409372868407095,0.01356,-0.54959,0.21995,8.3,-23.8,-13.0
77.2343,6780.6181,1.2485319979505816,-2.8762268217920024,-1.2774837296589983,0.10702,-0.39382,0.09839,8.3,-23.9,-13.0
77.246,6780.6382,1.4577520070282384,-2.8916352336964724,-1.1847091837167198,0.08931,0.01546,-0.03172,8.3,-23.9,-13.0
77.2699,6780.6583,1.6750663106130483,-2.836195953947519,-1.1629848412291288,0.06548,0.19017,-0.03905,8.4,-23.8,-13.0
77.2876,6780.6783,1.822156130215045,-2.6874859020233686,-1.2076830265664942,0.17727,-0.01081,0.05135,8.5,-23.8,-13.0
77.3057,6780.6984,1.8765619869788146,-2.4686594748485926,-1.2973488269648907,0.41612,-0.29364,0.11611,8.5,-23.8,-13.0
77.335,6780.7184,1.8253768183605268,-2.2701123781699444,-1.4004197383138255,0.5389,-0.52943,0.13504,8.5,-23.9,-13.1
77.3731,6780.7385,1.7293469527870955,-2.094969813520829,-1.4661306704076171,0.53768,-0.60701,0.07518,8.5,-23.9,-13.1
77.3832,6780.7585,1.6752315065927377,-1.81738977211188,-1.434510212979962,0.27073,-0.39199,-0.07265,8.5,-24.0,-13.1
77.3852,6780.7785,1.590171899771174,-1.653367373882655,-1.3198821912946244,-0.13305,0.03317,-0.25163,8.5,-24.1,-13.1
77.4146,6780.7986,1.5325846216310173,-1.5799234888172822,-1.1257027979745757,-0.32975,0.02157,-0.29012,8.4,-24.1,-12.9
77.4349,6780.8186,1.4331818150170947,-1.6957030101423731,-0.8745099826815714,-0.27171,-0.08778,-0.21498,8.2,-24.2,-12.9
77.4443,6780.8386,1.3187035052067528,-1.965512273510628,-0.600404149843973,-0.10495,-0.16169,-0.0977,8.2,-24.2,-13.0
77.4704,6780.8586,1.2266667930870718,-2.303246013335174,-0.3385312467653918,0.08503,-0.08717,0.00493,8.1,-24.2,-12.9
77.4842,6780.8787,1.1883534214824427,-2.609229762992521,-0.11218703295159926,0.18521,0.30562,0.0935,8.1,-24.3,-12.9
77.5044,6780.8987,1.2232073305425073,-2.838191112960024,0.06124007008194532,0.20232,0.45162,0.13077,8.0,-24.4,-13.1
77.5261,6780.9187,1.3147796669699325,-2.958379928894508,0.1860512005707875,0.23958,0.36671,0.18391,8.0,-24.4,-13.1
77.5485,6780.9388,1.4370155121911197,-2.992678425910677,0.2723409533050134,0.30983,0.14741,0.19735,8.1,-24.5,-13.1
77.5669,6780.9587,1.5875853395305468,-2.9629553025493034,0.34037758411272456,0.49248,-0.02119,0.26638,8.0,-24.5,-13.1
77.5865,6780.9787,1.761371896406328,-2.9286662503369714,0.3998742789814731,0.66719,-0.16291,0.35862,8.0,-24.6,-13.1
77.6121,6780.9987,1.937758885779763,-2.9441590173406245,0.4507929343557677,0.63786,-0.18613,0.34823,7.9,-24.8,-13.1
77.6272,6781.0187,2.1352941661979523,-2.910880843895165,0.5049736852608344,0.40757,-0.04685,0.29509,7.9,-24.9,-13.1
77.646,6781.0387,2.2704298532400737,-2.9229688181901174,0.516854040426205,0.14429,0.04967,0.21323,7.9,-25.0,-12.9
77.6687,6781.0587,2.3032114297687714,-2.973195486226925,0.4529997288372112,-0.10311,-0.0664,0.11488,7.8,-25.1,-12.8
77.6865,6781.0787,2.2266442300021634,-3.0679385012671023,0.2759712772189822,-0.24239,-0.18429,-0.03783,7.9,-25.2,-12.8
77.7134,6781.0987,2.0559578512144236,-3.1591841170135337,-0.015162893407058675,-0.11228,-0.09694,-0.27607,7.8,-25.3,-12.8
77.734,6781.1187,1.7848249125552245,-3.22188640915983,-0.38535158134514447,-0.00049,0.26408,-0.4239,7.7,-25.4,-12.8
77.745,6781.1387,1.3985678297925552,-3.2315929451932903,-0.764610416384075,-0.01332,0.59273,-0.40252,7.7,-25.5,-12.7
77.7654,6781.1587,1.0490243208086245,-3.1683856760804345,-1.0929233730586496,-0.11716,0.69352,-0.2327,7.6,-25.7,-12.6
77.784,6781.1787,0.7346045409829747,-3.0959447492356627,-1.3204516150972339,-0.18497,0.57501,-0.0922,7.7,-25.7,-12.5
77.8096,6781.1987,0.5384900542471428,-3.04729780572709,-1.4266979318142514,-0.14832,0.50476,0.02875,7.7,-25.8,-12.4
77.8291,6781.2187,0.4644728933558594,-3.066816383814182,-1.4242668741180342,-0.10128,0.32333,0.09045,7.8,-26.0,-12.4
77.8519,6781.2387,0.5083359194647646,-3.135967530939543,-1.3370847493241858,-0.18436,0.05578,0.08373,7.8,-26.0,-12.2
77.8713,6781.2588,0.6319962681902609,-3.243717267151286,-1.2135026043462425,-0.31753,-0.16291,0.05013,7.9,-26.1,-12.2
77.9103,6781.2788,0.7653786580794147,-3.3135708019712813,-1.0830028180677935,-0.29004,-0.12565,0.01409,8.0,-26.1,-12.2
77.9208,6781.2988,0.898132228608265,-3.402415817649466,-1.0201743879108545,-0.13854,0.16879,-0.07021,8.1,-26.1,-12.0
77.9286,6781.3189,0.9636263614125435,-3.4219835435110957,-1.0123678434600585,-0.03775,0.48155,-0.09892,8.2,-26.1,-12.0
77.9488,6781.3389,1.011854742787752,-3.3330931301467737,-1.0433212349108434,-0.10983,0.74056,-0.11053,8.3,-26.0,-12.1
77.9661,6781.3589,0.9762535559723488,-3.1768139733977434,-1.089612151287854,-0.19352,0.80225,-0.07509,8.5,-26.0,-12.1
77.9886,6781.3789,0.8943449729812991,-2.979127647436338,-1.125584842757366,-0.19413,0.55791,0.00065,8.6,-25.9,-12.1
78.0059,6781.399,0.7770644456897079,-2.8046460293767432,-1.1438594960592088,-0.108,0.19872,0.1045,8.8,-25.8,-12.1
78.027,6781.419,0.6727665052010986,-2.6660183208218218,-1.136954654832751,0.01723,-0.12687,0.20712,8.9,-25.8,-12.0
78.0442,6781.439,0.6228358862091969,-2.557493121895008,-1.1040277486632206,0.17239,-0.06151,0.21934,9.1,-25.8,-12.2
78.0729,6781.4604,0.6159458916772212,-2.49210798015086,-1.0533630478667604,0.15772,0.2482,0.19857,9.3,-25.8,-12.2
78.0851,6781.4804,0.6436047947058516,-2.4279663085255208,-0.9787600622807489,0.11008,0.2537,0.14421,9.3,-25.8,-12.3
78.1047,6781.5005,0.6773544462560686,-2.411489688722556,-0.8934645112017101,0.11985,0.16329,0.12527,9.3,-25.8,-12.2
78.129,6781.5205,0.7033118953260749,-2.447262353633834,-0.7946554811687285,0.16811,0.03562,0.11427,9.3,-25.8,-12.1
78.1529,6781.5405,0.7263509507036633,-2.5171893812351565,-0.6731706022842783,0.16322,-0.0157,0.13443,9.3,-25.8,-12.1
78.1711,6781.5606,0.76798968118507,-2.592123826573251,-0.5206576076132396,0.01112,-0.02058,0.17658,9.4,-25.9,-12.1
78.1876,6781.5806,0.8365945402514577,-2.6555661393243275,-0.33692946120473444,-0.04569,-0.03891,0.18269,9.4,-25.9,-12.1
78.205,6781.6006,0.9327122193098961,-2.6965183565313717,-0.12873543877796223,0.03494,-0.1959,0.19185,9.4,-26.0,-12.1
78.2506,6781.6206,0.9876340049260875,-2.7613569623587915,0.0851665593421469,0.11863,-0.2747,0.18391,9.3,-26.0,-12.0
78.2517,6781.6407,1.1957695312635448,-2.740945861982817,0.3017793246865246,0.1113,-0.2411,0.17292,9.4,-26.2,-12.1
78.267,6781.6607,1.4088808336379648,-2.7644668619058432,0.4855431163515078,0.02639,-0.15009,0.1662,9.3,-26.2,-12.1
78.284,6781.6807,1.6430518962214857,-2.8314018758324315,0.6189317246954378,-0.119,0.02401,0.14237,9.2,-26.3,-12.0
78.3059,6781.7008,1.8610076372050661,-2.94581692615118,0.6873840414773351,-0.42321,-0.03402,0.03486,9.0,-26.4,-12.0
78.327,6781.7208,2.03659552071216,-3.1424758439116047,0.6649848230500162,-0.74697,-0.4543,-0.18139,9.0,-26.5,-12.0
78.3518,6781.7408,2.1385207774947297,-3.392339942549828,0.5435725752128295,-0.805,-0.65955,-0.2889,8.9,-26.5,-11.9
78.3708,6781.7608,2.1870295927007253,-3.7085926579905912,0.29088664351175275,-0.59242,-0.50866,-0.40802,8.7,-26.5,-11.9
78.3863,6781.7809,2.171188994523371,-3.9748316813178057,-0.06392109832667359,-0.25827,-0.10549,-0.44345,8.6,-26.5,-12.0
78.4045,6781.8009,2.1063642709136894,-4.0884151416060766,-0.46567987337042105,-0.05425,0.27752,-0.34754,8.6,-26.5,-12.1
78.4345,6781.8209,2.0346675582802525,-4.009705117692711,-0.853495790305546,-0.07013,0.35754,-0.2553,8.6,-26.4,-12.1
78.4485,6781.8409,1.8639287423947408,-3.8165521957436317,-1.1699006829223038,-0.10861,0.23048,-0.05616,8.5,-26.4,-12.3
78.4643,6781.8609,1.6939923833897839,-3.553743819904715,-1.3915922512028054,0.027,0.05394,0.07151,8.4,-26.4,-12.4
78.4869,6781.8809,1.5418175159008307,-3.3030670895846144,-1.5167093222608532,0.15162,-0.24721,0.09595,8.4,-26.4,-12.5
78.5108,6781.9009,1.436451153941532,-3.1031252060902483,-1.5604235788632046,0.12779,-0.52271,0.04097,8.4,-26.3,-12.6
78.5379,6781.9209,1.3866791247023895,-2.9570892391936305,-1.5501133547991195,0.07037,-0.43475,-0.01523,8.4,-26.3,-12.8
78.5499,6781.9409,1.402856635732401,-2.8295880162168854,-1.5160647184215907,0.06671,-0.20873,-0.05005,8.3,-26.2,-12.8
78.5669,6781.9609,1.435017008970158,-2.7233073774609773,-1.4905740784692103,0.01723,0.00019,-0.11053,8.3,-26.2,-13.0
78.5871,6781.9809,1.4627086003079488,-2.625270326148287,-1.4888299498101105,-0.01515,0.08632,-0.14351,8.3,-26.2,-13.1
78.6086,6782.0009,1.4633184380361617,-2.5357817890410423,-1.507358791260014,0.11985,-0.02425,-0.15695,8.3,-26.1,-13.2
78.6338,6782.0209,1.4366684883389962,-2.4556313932772014,-1.5266862945102453,0.24202,-0.1733,-0.13557,8.3,-26.0,-13.3
78.6472,6782.0408,1.3971772492792203,-2.3560024917012434,-1.511017034158714,0.16811,-0.25577,-0.11236,8.3,-26.0,-13.4
78.6678,6782.0608,1.375433670220546,-2.272350909479909,-1.4481316869119851,-0.02492,-0.078,-0.18505,8.3,-26.0,-13.4
78.6854,6782.0808,1.371734341252293,-2.2266317529136344,-1.3280240512085069,-0.13244,0.10831,-0.21804,8.4,-26.0,-13.3
78.714,6782.1008,1.4009420401384358,-2.2312640963108565,-1.157463810245087,-0.08296,0.12114,-0.19849,8.4,-26.0,-13.3
78.7354,6782.1208,1.4256057314530326,-2.309497845574929,-0.9542284317532026,-0.01698,-0.04685,-0.12274,8.4,-26.1,-13.3
78.7458,6782.1408,1.4559638737624625,-2.426626757571882,-0.7407457221708587,-0.03287,-0.09938,-0.03966,8.4,-26.1,-13.2
78.7657,6782.1608,1.5107941859411145,-2.535415818618614,-0.5407692027318589,-0.01087,0.16023,-0.00423,8.5,-26.1,-13.3
78.7876,6782.1808,1.5884034505559317,-2.611093960942587,-0.37513978201818077,0.0551,0.31417,0.0257,8.5,-26.1,-13.2
78.8057,6782.2008,1.6637113233238532,-2.6477601406930438,-0.2532963250218909,0.11069,0.28607,0.06418,8.5,-26.1,-13.1
78.8318,6782.2208,1.722271780589241,-2.6752842472541833,-0.17940034021047957,0.36359,0.13274,0.0874,8.6,-26.1,-13.1
78.8547,6782.2408,1.7420322714669312,-2.6636113087828215,-0.12350123735554419,0.51997,-0.0157,0.09106,8.7,-26.1,-13.1
78.875,6782.2608,1.7323468799830388,-2.6012085063307104,-0.05700353596946428,0.44789,-0.12504,0.08129,8.8,-26.1,-13.0
78.9044,6782.2808,1.7097922289623426,-2.5432635478322863,0.029138123342383082,0.33243,0.00202,0.03058,8.8,-26.1,-12.9
78.9196,6782.3008,1.673928554961941,-2.4490387210979607,0.16214642334280427,0.30067,0.23048,-0.02867,8.9,-26.2,-12.8
78.9415,6782.3208,1.6516653065139681,-2.4283240612079435,0.30945885632984726,0.25668,0.23781,-0.03844,8.9,-26.3,-12.7
78.9602,6782.3408,1.6271957630932965,-2.488307446318488,0.4528119776770527,0.2463,0.27324,-0.01951,9.0,-26.3,-12.6
78.9731,6782.3608,1.5885784692236524,-2.627250100439014,0.5583576010515294,0.24202,0.30318,-0.02378,9.0,-26.3,-12.4
78.991,6782.3808,1.5390464532892192,-2.838142809649868,0.5837241902527701,0.04533,0.20422,-0.00118,9.1,-26.4,-12.3
79.0054,6782.4008,1.4548440667546012,-3.090253302350058,0.5016230839906104,-0.19169,-0.12687,-0.03233,9.1,-26.4,-12.2
79.0283,6782.4208,1.3226966031070653,-3.336506994382728,0.30493238084508256,-0.2149,-0.53737,-0.18566,9.1,-26.5,-12.0
79.0446,6782.4407,1.167170525707333,-3.552630343231986,-8.352932166566518e-05,-0.03897,-0.3309,-0.25102,9.1,-26.6,-12.0
79.071,6782.4607,1.02966015408941,-3.6802072397549095,-0.3669121982465544,0.10458,0.23293,-0.2498,9.1,-26.7,-11.8
79.0873,6782.4807,0.8528309342490457,-3.7018867455637063,-0.7268423647384346,0.07037,0.7656,-0.13862,9.1,-26.7,-11.8
79.1069,6782.5007,0.6923641973125845,-3.6334491799469,-1.0280994500260636,-0.07624,0.7039,0.01776,9.2,-26.8,-11.6
79.1275,6782.5207,0.5558472895318336,-3.528188112291899,-1.239983347269261,-0.06707,0.48705,0.17536,9.1,-26.9,-11.4
79.1464,6782.5407,0.4788317851448671,-3.433973950583236,-1.3561983912677906,0.10702,0.31478,0.2786,9.1,-27.0,-11.3
79.1664,6782.5607,0.49268121060717107,-3.3742892853320536,-1.3878947886224324,0.10641,0.02706,0.28715,9.2,-27.0,-11.1
79.1845,6782.5807,0.6067140344001598,-3.3450137150696118,-1.3590340054050998,-0.0854,-0.11343,0.26882,9.2,-27.1,-11.2
79.2068,6782.6007,0.7819607710005202,-3.3308394977600466,-1.3028899604898978,-0.24361,-0.08106,0.19674,9.2,-27.1,-11.0
79.2358,6782.6207,0.9814058013197078,-3.312754436345078,-1.254609780150778,-0.119,0.01057,0.15154,9.2,-27.2,-10.8
79.2514,6782.6407,1.1806127053977398,-3.281520852002796,-1.2439980008993619,0.05999,0.13641,0.13565,9.2,-27.2,-10.8
79.2707,6782.6607,1.3281289876400022,-3.208105088564087,-1.2673826102516426,0.11496,0.2598,0.11672,9.2,-27.3,-10.8
79.2843,6782.6807,1.398276447933021,-3.080298348605714,-1.3049533605050296,0.07831,0.30195,0.1216,9.2,-27.3,-10.7
79.3044,6782.7007,1.3982808914566935,-2.9240633557157203,-1.3389807923604327,0.07709,0.23109,0.12283,9.2,-27.4,-10.7
79.3301,6782.7207,1.339316517311419,-2.7667687160438845,-1.3487874096358965,0.03555,0.10403,0.11183,9.2,-27.4,-10.6
79.3507,6782.7407,1.2542195524631343,-2.6355757868571117,-1.3246258958821038,0.00623,-0.00775,0.1155,9.2,-27.5,-10.5
79.371,6782.7608,1.1712312460713412,-2.5532943888176383,-1.2666714382668758,0.00257,-0.0383,0.11244,9.2,-27.6,-10.4
79.3869,6782.7808,1.1150674017574247,-2.5287691941930297,-1.1808284872152086,0.05388,0.03989,0.13016,9.1,-27.6,-10.2
79.4064,6782.8008,1.0885500123129712,-2.569544038535563,-1.0754304745079732,0.16017,-0.00348,0.14115,9.1,-27.6,-10.2
79.4281,6782.8209,1.0917604353412078,-2.6641822526972594,-0.9536246141312059,0.28234,-0.05479,0.17231,9.0,-27.7,-10.1
79.4472,6782.8409,1.1180106898400457,-2.7690931274391937,-0.8057028068477763,0.29212,-0.09511,0.14787,9.0,-27.7,-10.0
79.4654,6782.8609,1.1519045316453504,-2.8601131121683614,-0.6253232343327166,0.06732,-0.21117,0.10572,8.9,-27.7,-9.8
79.488,6782.8809,1.171880043444036,-2.9248992298667913,-0.4128499932378755,-0.16481,-0.21789,0.06724,8.9,-27.7,-9.5
79.5135,6782.901,1.181723680421924,-2.9722872094954105,-0.18645985262337028,-0.16481,-0.18979,0.03547,8.9,-27.8,-9.4
79.5295,6782.921,1.2026878123058984,-3.0283997837117886,0.020992375196918545,0.00745,-0.11649,-0.02623,8.8,-27.9,-9.3
79.5456,6782.941,1.2322186375112958,-3.083427969921765,0.1883713542629497,0.2127,-0.07006,-0.11847,8.8,-27.9,-9.3
79.5675,6782.9611,1.2904324589941993,-3.129404931099869,0.29439961509652335,0.17177,-0.05723,-0.15573,8.7,-28.0,-9.2
79.5871,6782.9811,1.3705496252993186,-3.1388584566039146,0.33470006475225667,-0.03225,-0.17574,-0.19544,8.7,-28.0,-8.9
79.6111,6783.0011,1.479635113965154,-3.1199022042066757,0.302417245971748,-0.31997,-0.40787,-0.1765,8.6,-28.1,-8.8
79.6343,6783.0211,1.6342607727723824,-3.1292672040434852,0.18489091883939146,-0.47452,-0.49217,-0.03478,8.6,-28.1,-8.8
79.6456,6783.0412,1.8712920482427735,-3.2249548264648302,-0.029468300887424803,-0.27721,-0.37672,0.00982,8.5,-28.1,-8.7
79.6652,6783.0612,2.117032511713972,-3.351873702616899,-0.29678235234510986,-0.01759,-0.23316,-0.10503,8.4,-28.1,-8.6
79.687,6783.0812,2.3411465997857577,-3.4826347112497933,-0.5859654799972702,-0.03836,-0.1678,-0.29256,8.4,-28.2,-8.7
79.7131,6783.1013,2.4983192611770186,-3.571596085455288,-0.8520357243086334,-0.17703,-0.13787,-0.4465,8.4,-28.2,-8.5
79.7301,6783.1213,2.5209133133835953,-3.6325180966859216,-1.0628904530425913,-0.26499,-0.1507,-0.4691,8.4,-28.2,-8.6
79.7472,6783.1413,2.4369385975617943,-3.6579800097666433,-1.2102144101556647,-0.22773,-0.08289,-0.40313,8.4,-28.2,-8.6
79.7691,6783.1613,2.278038520793141,-3.6501028364838533,-1.30215861643992,-0.08601,-0.10916,-0.29012,8.5,-28.1,-8.7
79.7883,6783.1814,2.0726780326566008,-3.610431042307973,-1.3561454957572927,0.03372,-0.23683,-0.15939,8.5,-28.1,-8.7
79.807,6783.2014,1.8700879391759995,-3.5195677028910533,-1.3899765823920305,0.0215,-0.3535,-0.09709,8.6,-28.1,-8.7
79.8298,6783.2214,1.70948546175466,-3.3701560903682366,-1.420148533014041,-0.08479,-0.25271,-0.13252,8.7,-28.0,-8.7
79.8458,6783.2415,1.6016212050473564,-3.182274487316304,-1.4602751457203045,-0.12205,-0.01936,-0.2327,8.8,-28.0,-8.6
79.8669,6783.2615,1.539204253552827,-2.976500212511923,-1.5111694897005474,-0.08906,0.20727,-0.22598,8.9,-27.9,-8.5
79.8892,6783.2815,1.47936377501504,-2.7931959231085886,-1.565316918972906,-0.09456,0.22193,-0.14962,9.0,-27.9,-8.7
79.9086,6783.3015,1.3985407598624355,-2.653923902082495,-1.605728699446118,-0.00049,-0.14459,-0.00118,9.1,-27.9,-8.6
79.9401,6783.3216,1.2969182765580332,-2.5681805171203855,-1.6145818937500636,0.11802,-0.30158,0.03608,9.2,-27.8,-8.7
79.9483,6783.3416,1.2442543714558583,-2.487580726974767,-1.5703076300364458,0.10275,-0.23194,0.02081,9.3,-27.8,-8.8
79.9791,6783.3616,1.207610978872279,-2.440390890309793,-1.4656377572282366,-0.00232,-0.0328,0.04708,9.5,-27.8,-8.8
79.9904,6783.3817,1.2307620659834833,-2.416348460134277,-1.302282193364551,-0.08296,0.01851,0.06601,9.5,-27.7,-8.7
80.0064,6783.4017,1.3026391805212072,-2.419743070538059,-1.088588196623002,-0.0463,-0.02975,0.05441,9.6,-27.7,-8.8
80.027,6783.4217,1.422957876384716,-2.4570256038988827,-0.8445772225112691,0.05388,-0.12382,0.02631,9.6,-27.7,-8.7
80.0473,6783.4417,1.5961384527616729,-2.520517943150503,-0.5942763241637774,0.16811,-0.14398,0.14909,9.6,-27.7,-8.6
80.0653,6783.4618,1.825337382566191,-2.5770824198000377,-0.3587963657593143,0.30678,-0.08228,0.33357,9.7,-27.7,-8.5
80.0873,6783.4818,2.0787579511794694,-2.6188946832077606,-0.1597232087221272,0.40635,0.08632,0.39222,9.7,-27.8,-8.4
80.1108,6783.5018,2.3255591367900634,-2.6270915487321376,-0.010520736584139101,0.39291,0.09548,0.34762,9.7,-27.8,-8.3
80.1313,6783.5219,2.5289693522511025,-2.594648205429874,0.08296306916207108,0.37703,-0.13604,0.21018,9.6,-28.0,-8.3
80.1505,6783.5419,2.6446328277246227,-2.545587948697275,0.12308441159699157,0.45033,-0.43047,0.05624,9.7,-28.1,-8.3
80.1668,6783.5619,2.6508594057722807,-2.4825372514832225,0.1284129227175672,0.49981,-0.31319,-0.00118,9.6,-28.2,-8.3
80.19,6783.5819,2.546768293185083,-2.45868525975189,0.11150581647191693,0.2854,0.03134,-0.02867,9.6,-28.3,-8.0
80.2104,6783.602,2.3442281148822035,-2.467765315475894,0.09960425023804831,0.01478,0.25186,-0.0977,9.5,-28.4,-7.9
80.2315,6783.622,2.072017196299791,-2.5575880320299436,0.09448801968589038,-0.20574,0.25675,-0.1765,9.5,-28.5,-7.7
80.2671,6783.642,1.7914892211450633,-2.690338071924293,0.09846496950099137,-0.37251,-0.00409,-0.24675,9.5,-28.6,-7.5
80.272,6783.6621,1.4426562706850905,-3.048263664197912,0.05412155848257427,-0.42321,-0.09022,-0.32555,9.5,-28.7,-7.4
80.2877,6783.6821,1.1370912368450863,-3.3887085220515867,-0.025461337902591197,-0.43604,-0.06395,-0.29378,9.5,-28.8,-7.3
80.3058,6783.7021,0.8801949366593211,-3.6837208180678425,-0.16411493618737794,-0.34074,-0.00287,-0.19055,9.5,-28.9,-7.2
80.3268,6783.7221,0.6822572308361514,-3.8750902922212327,-0.3632406813437541,-0.13488,0.1413,-0.06166,9.6,-29.0,-7.4
80.349,6783.7422,0.5388758777082714,-3.93376771829246,-0.6041987266457216,-0.02126,0.27813,0.03364,9.6,-29.0,-7.3
80.3686,6783.7623,0.4452467669976897,-3.867017330805072,-0.8502565603488534,-0.04875,0.28118,0.09228,9.7,-29.1,-7.3
80.3868,6783.7823,0.4098452301166054,-3.7250116510215867,-1.0622323648803373,-0.04386,0.27385,0.11855,9.7,-29.1,-7.3
80.4088,6783.8024,0.44816692521949614,-3.580291774698761,-1.2110279190582212,-0.05913,0.48827,0.12038,9.8,-29.2,-7.4
80.4348,6783.8224,0.5629730309448711,-3.4907038659618466,-1.2824963456863152,-0.15015,0.66481,0.0935,9.9,-29.2,-7.3
80.4548,6783.8425,0.7023624837714786,-3.5042907669762307,-1.2882558611902333,-0.23384,0.6477,0.03608,9.9,-29.2,-7.2
80.4714,6783.8626,0.8411852243679497,-3.6186766815637137,-1.253841934868353,-0.3438,0.3887,-0.00301,10.2,-29.2,-7.1
80.4871,6783.8826,0.9616639218665625,-3.786972020011211,-1.2128413091801065,-0.35662,0.06433,0.04036,10.3,-29.2,-7.1
80.5136,6783.9027,1.0487091117272638,-3.9227840094038937,-1.1905762753474143,-0.16237,-0.03769,0.10389,10.4,-29.2,-7.3
80.5345,6783.9227,1.1331537830264102,-3.9822434235773576,-1.2228485581656496,-0.02126,0.21827,0.11,10.5,-29.2,-7.4
80.5472,6783.9428,1.1984263528991415,-3.9037172757273555,-1.2973278456791153,0.0325,0.56218,0.099,10.6,-29.2,-7.4
80.5674,6783.9628,1.2662633425711112,-3.680790319083343,-1.3904342789428572,0.04105,0.73017,0.04402,10.7,-29.2,-7.4
80.589,6783.9828,1.2971173537965832,-3.3600856172619507,-1.462913157258619,-0.00721,0.64587,0.0257,10.8,-29.2,-7.4
80.6068,6784.0028,1.27854944580553,-3.024504786978389,-1.4840093635249882,-0.06096,0.31845,0.07823,10.8,-29.3,-7.4
80.6322,6784.0229,1.242778613317224,-2.7435982241841126,-1.4355564844911797,-0.07013,-0.01264,0.13749,10.9,-29.3,-7.3
80.6499,6784.0429,1.2377707349508953,-2.571030745049248,-1.3208982024223541,-0.02431,-0.11527,0.1552,10.9,-29.3,-7.2
80.6677,6784.0629,1.2737892262313217,-2.517598822649231,-1.152311235619198,0.08076,-0.10733,0.16375,11.0,-29.3,-7.1
80.6936,6784.0829,1.3403056726032374,-2.575967321871301,-0.9566923321751677,0.15039,-0.00165,0.13199,11.0,-29.3,-7.0
80.7306,6784.103,1.426294245887564,-2.7146272647220946,-0.7647229534579463,0.13573,0.15718,0.06418,11.1,-29.3,-7.0
80.7342,6784.123,1.4772533079966117,-2.8556648192695233,-0.5833884545570935,0.08992,0.0796,-0.00301,11.1,-29.4,-6.9
80.7464,6784.143,1.4912560224547142,-3.0102921732892503,-0.44225781925763386,0.13207,-0.10122,-0.01523,11.1,-29.4,-6.9
80.7683,6784.1631,1.460432294325268,-3.1517092409475893,-0.3432428152338254,0.21637,-0.1452,0.01653,11.0,-29.4,-6.9
80.7867,6784.1831,1.3995738533523838,-3.2193105483448785,-0.2645529606799961,0.21148,-0.07373,0.05746,11.0,-29.4,-6.8
80.8092,6784.2031,1.323540351141744,-3.2038704194346166,-0.18869398806306314,0.12291,-0.13237,0.10511,11.0,-29.5,-6.6
80.8291,6784.2231,1.2608250599999002,-3.1029585251296616,-0.09571913037286706,0.11863,-0.18429,0.15031,11.1,-29.5,-6.3
80.8474,6784.2432,1.2367237326738818,-2.9600895046945794,0.02022489728804011,0.20232,-0.235,0.15887,11.0,-29.5,-6.2
80.8736,6784.2632,1.25022943829992,-2.857945028920934,0.15062508218325377,0.18827,-0.34862,0.20163,11.0,-29.6,-6.0
80.9001,6784.2832,1.3396670031978684,-2.8128250285886636,0.28789441067716126,0.11069,-0.26249,0.27371,11.0,-29.6,-5.8
80.9197,6784.3033,1.5215679988705344,-2.8373674752626026,0.4084877249430878,-0.06219,-0.07495,0.19857,11.0,-29.6,-5.7
80.9307,6784.3233,1.7656918042035612,-2.992894137674258,0.46601151156646914,-0.44092,-0.11588,0.03792,10.9,-29.6,-5.6
80.9493,6784.3433,1.983949578928644,-3.222323216537701,0.4500124466836475,-0.72009,-0.47934,-0.2046,10.9,-29.7,-5.5
80.9662,6784.3633,2.147232513749627,-3.548293149585529,0.31507353169400965,-0.57226,-0.629,-0.28157,10.9,-29.7,-5.5
80.9913,6784.3833,2.2137139924423597,-3.8812620485320948,0.058318919096317146,-0.17947,-0.5838,-0.30783,10.9,-29.7,-5.6
81.0176,6784.4033,2.1995718905187265,-4.149984466997997,-0.31602486014114284,0.2011,-0.27898,-0.30417,10.9,-29.7,-5.5
81.0267,6784.4233,2.0757179006199107,-4.212507124645687,-0.7158827551561426,0.29517,-0.00898,-0.26568,10.9,-29.7,-5.7
81.0465,6784.4433,1.9102458110107834,-4.11500794339797,-1.1088412236158387,0.19071,0.01729,-0.21682,10.9,-29.7,-5.7
81.0693,6784.4633,1.7060037219936972,-3.893809711280327,-1.42696437764892,0.12168,-0.03219,-0.12946,10.9,-29.7,-5.8
81.0864,6784.4832,1.4978547210531128,-3.6294718170271354,-1.6429156121848223,0.09419,-0.22583,-0.08548,11.0,-29.7,-5.8
81.1063,6784.5032,1.3268932544705252,-3.400217900205243,-1.7620920276737522,0.05388,-0.41215,-0.04883,11.0,-29.6,-5.8
81.1305,6784.5232,1.2164319965186419,-3.232997745084798,-1.8013193798682838,-0.0121,-0.40665,-0.03111,11.1,-29.6,-6.1
81.1474,6784.5432,1.18679596220533,-3.115495168146989,-1.7905134411508818,-0.0744,-0.13787,-0.03111,11.2,-29.5,-6.2
81.1676,6784.5632,1.2103134177481216,-3.0176548755064236,-1.7594570328679815,-0.10311,0.11808,-0.07387,11.2,-29.5,-6.3
81.1892,6784.5832,1.2584767530317715,-2.911825434724415,-1.734396483757596,-0.108,0.15474,-0.11297,11.3,-29.5,-6.4
81.2085,6784.6032,1.296503697902416,-2.786497791677521,-1.7271946939965286,-0.04569,0.10464,-0.09892,11.4,-29.4,-6.5
81.2395,6784.6232,1.3192768425474273,-2.638907340431606,-1.7323212144314226,0.03555,0.00263,-0.01828,11.5,-29.4,-6.6
81.251,6784.6432,1.334921706489468,-2.468645712067182,-1.7270641632054762,0.0661,-0.05357,0.04402,11.6,-29.3,-6.8
81.2689,6784.6632,1.3604777612846701,-2.305504205831402,-1.690908611294665,-0.02431,-0.04868,0.01531,11.7,-29.3,-6.8
81.2876,6784.6832,1.4125055174754408,-2.1741138689547848,-1.6049028975051165,-0.15076,-0.00775,-0.09403,11.8,-29.3,-6.7
81.3098,6784.7032,1.4957024507270806,-2.0948147188300252,-1.45988739740908,-0.21979,0.10281,-0.13618,12.0,-29.2,-6.8
81.3377,6784.7232,1.6039296144212742,-2.0770305722829563,-1.2591699726185368,-0.22162,0.09365,-0.14779,12.1,-29.2,-6.8
81.3483,6784.7432,1.6951106223358139,-2.173960972403894,-1.0268642052798498,-0.20207,0.1077,-0.10381,12.2,-29.2,-6.7
81.3719,6784.7632,1.785646237042422,-2.312977530306431,-0.7814690141008747,-0.08479,0.09365,-0.03966,12.3,-29.1,-6.7
81.3869,6784.7832,1.8487491339843647,-2.482700724676192,-0.5547735117652426,0.09236,0.07044,0.02631,12.4,-29.1,-6.8
81.4125,6784.8032,1.8795393402610394,-2.6558656760126054,-0.3751601584101163,0.162,0.12969,0.04097,12.5,-29.1,-6.8
81.4387,6784.8232,1.8581070726069093,-2.7980084604567934,-0.25199920027061395,0.14429,0.15718,0.03792,12.6,-29.1,-6.9
81.4472,6784.8432,1.7613780814060118,-2.8783808595171574,-0.17435346050586986,0.12535,0.12664,0.04219,12.7,-29.1,-6.9
81.4678,6784.8632,1.6045187391073685,-2.9428633691659534,-0.14057910548581987,0.16506,0.00446,0.07884,12.7,-29.0,-6.9
81.4885,6784.8832,1.410013317403487,-2.988089406277917,-0.1198331799761796,0.24019,-0.15009,0.12832,12.8,-29.0,-6.9
81.5076,6784.9031,1.2308065733779268,-3.0184160867853005,-0.08209276338247662,0.25913,-0.18613,0.19369,12.8,-29.0,-7.0
81.5287,6784.9231,1.1126431322546106,-3.0543901165098704,-0.007954170390256365,0.25302,-0.03891,0.369,12.9,-29.1,-7.0
81.5476,6784.9431,1.106965143423966,-3.09416582486912,0.10882258662448763,0.06365,0.1358,0.57914,12.9,-29.1,-6.9
81.5666,6784.9631,1.2105879550640153,-3.149289959614783,0.2489185067608144,-0.10373,0.35021,0.59564,12.9,-29.1,-6.9
81.5925,6784.9831,1.3666829937790783,-3.194791686975145,0.38469484113066343,-0.38595,0.23109,0.38855,13.0,-29.2,-6.8
81.6116,6785.0031,1.565092109788334,-3.2907883135725022,0.44186146078777355,-0.62113,0.0741,0.16742,12.9,-29.2,-6.8
81.6323,6785.0231,1.7208273020283233,-3.4205241697912556,0.3855292635165206,-0.67183,0.13458,-0.06166,12.9,-29.2,-6.8
81.6473,6785.0431,1.7712624343984518,-3.639222138433584,0.18101660757342053,-0.53255,0.22499,-0.3396,12.8,-29.3,-7.0
81.671,6785.0631,1.733449413466161,-3.8563687147822474,-0.13009096500976725,-0.12755,0.22254,-0.42023,12.8,-29.3,-7.0
81.6864,6785.0831,1.5390357618455677,-4.062566585316241,-0.4809602996165392,0.02639,0.2256,-0.37503,12.8,-29.3,-7.2
81.7109,6785.1031,1.297412218378298,-4.163730556600389,-0.7853050550797978,-0.18436,0.22376,-0.11602,12.9,-29.3,-7.2
81.7329,6785.1231,1.048765792958224,-4.175219888355251,-1.0065308924398053,-0.49834,0.11198,0.33235,12.9,-29.3,-7.3
81.7466,6785.1431,0.916292879481365,-4.142998667624526,-1.1681952311364636,-0.47819,0.09976,0.66222,12.8,-29.3,-7.4
81.7719,6785.1631,0.8457796581089898,-4.0700693058149335,-1.2802235828627904,-0.00232,-0.22034,0.65367,12.7,-29.3,-7.6
81.788,6785.1831,0.9519281219656975,-3.937391140113409,-1.3718145561758561,0.39841,-0.53982,0.37695,12.7,-29.3,-7.8
81.8067,6785.2031,1.122618081686291,-3.7436120578883605,-1.4555993519774297,0.30433,-0.44025,0.16986,12.6,-29.3,-7.9
81.835,6785.2231,1.3052563405148425,-3.476631796733331,-1.530715245946185,-0.04692,-0.07495,0.02692,12.6,-29.2,-8.0
81.8478,6785.2431,1.4319485693704668,-3.190435055182058,-1.599884908165711,-0.254,0.35632,-0.0977,12.6,-29.2,-8.2
81.8709,6785.2631,1.4965436897572255,-2.9290600744995494,-1.647571530613181,-0.24545,0.40214,-0.14412,12.5,-29.1,-8.5
81.888,6785.2831,1.4688094071904678,-2.8008582412952925,-1.6652386246828623,-0.12327,0.20849,-0.1484,12.4,-29.0,-8.8
81.9116,6785.3031,1.4067005282001712,-2.795726662684752,-1.6260222573741778,0.03983,-0.07067,-0.08548,12.4,-29.0,-8.8
81.9472,6785.323,1.3479024775018071,-2.88791394080628,-1.5192091816066107,0.11191,-0.08045,0.00126,12.4,-29.0,-8.9
81.952,6785.343,1.3489585482522015,-3.0079479665068174,-1.3473723497448962,-0.04264,-0.03524,0.0483,12.4,-29.0,-8.9
81.9721,6785.3631,1.4022730038473699,-3.141942813618563,-1.1414957501289553,-0.05363,0.00691,-0.05555,12.4,-29.0,-9.0
81.9893,6785.3831,1.4864093603480053,-3.2762693816122943,-0.940703982887209,0.14978,-0.04074,-0.10319,12.3,-28.9,-9.2
82.0109,6785.4031,1.5660082853281625,-3.4091218533547596,-0.782833625607152,0.3416,-0.03585,-0.05371,12.2,-29.0,-9.3
82.0303,6785.4232,1.602274937111589,-3.4967501631602076,-0.6730780721572813,0.48515,0.04295,0.01592,12.2,-28.9,-9.2
82.0472,6785.4432,1.578244812564792,-3.4977771760343175,-0.5972621614386942,0.51569,0.10831,-0.0134,12.2,-28.9,-9.3
82.067,6785.4632,1.5047074588664944,-3.4157171085592757,-0.5407682706410917,0.38313,0.16817,-0.05371,12.2,-28.9,-9.2
82.0886,6785.4832,1.3930224450914475,-3.2575740944464973,-0.475591689476321,0.25913,0.14252,-0.08976,12.2,-28.9,-9.1
82.1124,6785.5033,1.2672824962875378,-3.0724825432015583,-0.38650628973812395,0.19804,0.0344,-0.07998,12.3,-28.9,-9.0
82.1273,6785.5233,1.1633616429808564,-2.9038960565821608,-0.2625179964121198,0.20476,-0.07739,0.01287,12.4,-28.9,-9.0
82.1499,6785.5433,1.132624580531256,-2.8426483809361995,-0.12082820973027353,0.27318,-0.10427,0.07701,12.5,-28.9,-8.9
82.1674,6785.5634,1.212052045267766,-2.8843246791520043,0.03406720986886569,0.19254,-0.09816,0.04463,12.6,-28.9,-8.8
82.1955,6785.5834,1.3992449974641195,-3.032824725390335,0.17936477161118347,-0.12572,-0.11588,-0.10197,12.7,-28.9,-8.7
82.2118,6785.6034,1.6585000925868563,-3.3025043203035835,0.2775749980406186,-0.4788,-0.24477,-0.28157,12.8,-28.9,-8.7
82.2698,6785.6234,1.9014753023847828,-3.376134747686493,0.4007648182430188,-0.68588,-0.36694,-0.31333,12.8,-28.9,-8.7
82.2759,6785.6435,2.1381588750357885,-3.817467520591624,0.3007603264103693,-0.60219,-0.40787,-0.29745,12.9,-28.8,-8.8
82.2782,6785.6635,2.2978792677816626,-4.185174200748432,0.07499528872191519,-0.2259,-0.42986,-0.28584,13.0,-28.8,-8.8
82.2877,6785.6835,2.3576229495695067,-4.390631415351314,-0.2597699615881961,0.26279,-0.28692,-0.33471,13.0,-28.7,-8.6
82.3091,6785.7036,2.3441688762399417,-4.4391097068221645,-0.6838797602134772,0.52424,-0.09389,-0.28401,13.1,-28.6,-8.5
82.329,6785.7236,2.248148732192083,-4.280763230002489,-1.0866006816787142,0.31716,0.01485,-0.19177,13.2,-28.6,-8.6
82.3474,6785.7436,2.0925280991596527,-3.99254712192504,-1.4009528771627924,0.07465,-0.03769,-0.16856,13.2,-28.5,-8.6
82.3684,6785.7636,1.9144495325620137,-3.689169917013185,-1.6012173765325883,-0.04692,-0.24844,-0.14351,13.3,-28.4,-8.7
82.3894,6785.7837,1.746357878700981,-3.457089772388249,-1.6921902766898462,-0.10739,-0.4207,-0.09586,13.4,-28.4,-8.7
82.4074,6785.8037,1.6162057136834849,-3.3239883772386714,-1.7031246409127405,-0.10495,-0.52027,-0.08731,13.4,-28.3,-8.9
82.4282,6785.8237,1.513270627184501,-3.257812596306206,-1.6708473738398322,-0.10189,-0.45491,-0.09831,13.4,-28.3,-8.9
82.4496,6785.8438,1.4310929942285802,-3.2027825149339386,-1.639936082420041,-0.15565,-0.18674,-0.12824,13.4,-28.1,-9.1
82.4673,6785.8638,1.347373613072211,-3.120832080312605,-1.6468453492185606,-0.18986,0.04722,-0.1429,13.4,-28.0,-9.2
82.495,6785.8838,1.2600459157352497,-2.97879997147929,-1.7001797133080068,-0.14099,0.0625,-0.17222,13.5,-27.9,-9.4
82.5138,6785.9038,1.1289460342130528,-2.8192214643137694,-1.790922750948221,-0.07929,0.19505,-0.12091,13.5,-27.9,-9.7
82.5466,6785.9239,0.9904430609152046,-2.643846504556025,-1.8756880333417074,-0.1416,0.38198,0.07396,13.5,-27.8,-9.6
82.5496,6785.9439,0.8509902576981142,-2.544220425731215,-1.9251697729029926,-0.21551,0.19933,0.12832,13.6,-27.7,-9.7
82.5696,6785.9639,0.7529458267183882,-2.479189959255779,-1.8790289725882472,-0.26622,-0.078,0.10328,13.6,-27.7,-9.7
82.5873,6785.9839,0.7398817918242098,-2.4948738757478415,-1.7286985858810695,-0.40183,0.00263,0.16131,13.7,-27.6,-9.8
82.608,6786.0039,0.8211129790139187,-2.5722734836507932,-1.4722773367756297,-0.4342,0.23048,0.20468,13.7,-27.6,-10.0
82.6355,6786.0239,0.9795372838500624,-2.686805702860966,-1.1336204883326815,-0.26438,0.17734,0.22362,13.7,-27.6,-10.1
82.6479,6786.0439,1.2206144781406405,-2.8501196878542983,-0.771319202474988,-0.10006,-0.00042,0.26516,13.7,-27.5,-10.2
82.6684,6786.0639,1.4747502623658004,-3.0012911823728463,-0.41896658257727104,0.016,-0.05785,0.29448,13.7,-27.4,-10.3
82.6935,6786.0839,1.7305918107782319,-3.123964530337111,-0.12341494815847831,0.13329,-0.02913,0.26455,13.7,-27.4,-10.3
82.7079,6786.1039,1.9906033431010337,-3.162576490438633,0.09435438609008351,0.29028,0.03012,0.06601,13.7,-27.4,-10.4
82.731,6786.1239,2.2184731750300326,-3.1509599135665654,0.21325418295796794,0.19743,0.17428,0.00248,13.7,-27.4,-10.5
82.7497,6786.1438,2.369837467404655,-3.081548754726386,0.25101901220512524,0.20965,0.17795,-0.05555,13.8,-27.4,-10.6
82.7677,6786.1638,2.4212274434119156,-2.991266976683596,0.22556320176683897,0.28601,0.09487,-0.04272,13.7,-27.4,-10.6
82.7881,6786.1838,2.3686557924100407,-2.91614200542565,0.1604354537603676,0.4039,0.03562,-0.00485,13.7,-27.5,-10.4
82.8093,6786.2038,2.2278879865819414,-2.8647837631113493,0.08257984976686039,0.48393,-0.02486,0.05135,13.7,-27.4,-10.4
82.8331,6786.2238,2.042715095252871,-2.848758237335738,0.00435747015725596,0.432,0.04722,0.13626,13.6,-27.5,-10.4
82.8506,6786.2438,1.8520717492682899,-2.8470934259000797,-0.06146093929099905,0.35259,0.3942,0.14054,13.6,-27.5,-10.3
82.8766,6786.2638,1.712511856422964,-2.9195465511472367,-0.13908717554353167,0.23225,0.77782,0.11733,13.5,-27.5,-10.3
82.8991,6786.2838,1.5888778305682405,-3.063284645450413,-0.22719661175377937,0.1339,0.73506,0.12283,13.5,-27.5,-10.2
82.9164,6786.3038,1.4734965190106897,-3.285362819666607,-0.3402612956048223,-0.04325,0.36915,0.1552,13.5,-27.6,-10.0
82.9313,6786.3238,1.3959931175649218,-3.5528512967445063,-0.4880499403105105,-0.1361,-0.03097,0.30486,13.4,-27.6,-9.9
82.9497,6786.3438,1.370529404449556,-3.813414098804256,-0.6664517404733523,-0.00965,-0.21117,0.50034,13.4,-27.7,-9.7
82.974,6786.3638,1.4220864827428035,-4.018726369549835,-0.8646138270387844,0.14001,0.12175,0.61885,13.4,-27.8,-9.7
82.9891,6786.3838,1.58195052964628,-4.105890899243491,-1.0535799166457682,0.17911,0.53408,0.53516,13.3,-27.8,-9.6
83.0071,6786.4038,1.7600890143133587,-4.098211359624184,-1.2131224106663883,0.14062,0.45528,0.39527,13.1,-27.9,-9.6
83.0285,6786.4238,1.8905096854159271,-4.032258195529326,-1.3273935500468532,0.07587,-0.00653,0.23095,13.1,-28.0,-9.3
83.0486,6786.4438,1.9488572428505608,-3.9455265166319835,-1.3941622013854875,0.01661,-0.26249,0.15703,13.0,-28.1,-9.2
83.0669,6786.4638,1.9487267299688036,-3.8638671952127255,-1.4276430756983007,-0.06768,-0.14764,0.13382,13.0,-28.1,-9.0
83.0875,6786.4838,1.9047820325440523,-3.793763018461229,-1.445643526011148,-0.16481,0.12419,-0.02134,12.9,-28.2,-9.0
83.1086,6786.5038,1.8288293815258563,-3.7334975093166625,-1.4662408085175223,-0.0909,0.07349,-0.1148,12.8,-28.2,-8.9
83.132,6786.5238,1.7213214948652522,-3.6741077260440256,-1.497833505985442,0.016,-0.04746,-0.13557,12.7,-28.3,-8.8
83.1567,6786.5437,1.5861995610995834,-3.6076558158216505,-1.5400038056683218,-0.00049,-0.21239,-0.04516,12.6,-28.3,-8.8
83.1708,6786.5637,1.4782779990014399,-3.5088893507141843,-1.5812643386720175,0.0215,-0.37061,0.07518,12.6,-28.4,-8.8
83.1873,6786.5837,1.422166180050206,-3.389592385972055,-1.608106424933343,0.13757,-0.41581,0.19124,12.4,-28.4,-8.9
83.2152,6786.6037,1.415195945503238,-3.2756628364134603,-1.6035617308140235,0.14673,-0.40054,0.29142,12.3,-28.5,-8.8
83.2348,6786.6237,1.539382384735458,-3.1437937652440957,-1.5524689361823896,-0.06524,-0.10916,0.28165,12.2,-28.5,-8.8
83.2474,6786.6437,1.7523836900626764,-3.0401320789667214,-1.4631336483146224,-0.16848,0.17673,0.21262,12.1,-28.6,-8.9
83.2716,6786.6637,1.9956124966901165,-2.9645764899350584,-1.3384594747102465,-0.18314,0.18711,0.07884,12.1,-28.6,-8.8
83.2903,6786.6837,2.226801176963954,-2.9707270936524224,-1.2128575037912182,-0.23445,0.20361,-0.01951,12.0,-28.6,-9.0
83.3094,6786.7037,2.413917833301834,-3.04312336751064,-1.1012846121015905,-0.00843,-0.18918,-0.00729,11.9,-28.6,-9.0
83.3322,6786.7237,2.5498292898049906,-3.1538031683729497,-1.0176989834134318,0.09908,-0.3816,-0.02561,11.8,-28.5,-9.1
83.3494,6786.7437,2.6593186462401066,-3.2371370135299893,-0.96197786685393,0.0832,-0.23377,-0.02561,11.8,-28.5,-9.2
83.3679,6786.7637,2.751593541657438,-3.268105772551985,-0.9302300656113438,0.18766,-0.21178,-0.04089,11.7,-28.5,-9.2
83.3952,6786.7837,2.8244170800407464,-3.2544692859867563,-0.9141255294171557,0.17116,-0.37,-0.0415,11.6,-28.5,-9.4
83.4102,6786.8037,2.9193753596774257,-3.1776589989175568,-0.9011366171389419,-0.03897,-0.80799,-0.16795,11.6,-28.5,-9.5
83.4298,6786.8237,3.0197630944453633,-3.116382217931204,-0.892593756615625,-0.14832,-0.82631,-0.18505,11.5,-28.5,-9.6
83.4481,6786.8437,3.1542989678610547,-3.092435591969795,-0.8865028853538597,-0.01271,-0.81654,-0.20887,11.4,-28.5,-9.8
83.4686,6786.8637,3.3191737713737846,-3.1310423273234753,-0.8793981691582644,-0.04264,-1.16168,-0.45994,11.3,-28.5,-10.1
83.4873,6786.8837,3.5168062512710403,-3.2316149336321667,-0.8717963509364832,-0.47574,-1.08776,-0.59738,11.3,-28.5,-10.2
83.5075,6786.9037,3.7229330115513593,-3.4104017006362053,-0.8714645776549066,-0.77201,-0.87457,-0.78797,11.2,-28.4,-10.5
83.5318,6786.9237,3.908579678324911,-3.6756819971146104,-0.8927413457376598,-0.71337,-0.9381,-0.94619,11.2,-28.3,-10.7
83.5472,6786.9437,4.022775577727408,-4.0193366697459725,-0.9445818215122532,-0.42809,-1.09021,-1.02804,11.1,-28.3,-11.0
83.573,6786.9636,4.058380738735226,-4.371520786158567,-1.0321870428237272,-0.42076,-1.07982,-1.04942,11.0,-28.2,-11.3
83.5909,6786.9836,3.99592559421513,-4.661128972461738,-1.1441592956059257,-0.62724,-1.06394,-1.07203,11.1,-28.0,-11.4
83.6069,6787.0036,3.8479083722728977,-4.858891208065426,-1.2871129706904387,-0.60341,-1.07371,-1.1606,11.1,-27.8,-11.7
83.6268,6787.0236,3.6227842287636496,-4.9697573880050925,-1.4635753887950784,-0.34746,-1.20627,-1.19176,11.2,-27.6,-12.2
83.6544,6787.0436,3.3294700981061314,-5.0165673627848975,-1.6645510362439122,-0.15443,-1.21727,-1.15266,11.2,-27.4,-12.6
83.6858,6787.0636,2.9934340740111387,-4.992245596805496,-1.8506793490038413,-0.16115,-1.15435,-1.12945,11.3,-27.2,-13.1
83.6911,6787.0836,2.705886677322289,-4.849206317782105,-1.969874820828494,-0.25827,-1.16168,-1.07203,11.4,-26.9,-13.6
83.7083,6787.1036,2.4195320580023627,-4.7243345542819535,-2.0390211116816506,-0.28393,-1.20505,-1.03293,11.5,-26.6,-14.0
83.7293,6787.1236,2.174157418890625,-4.637917063037195,-2.0508138939241665,-0.26194,-1.22704,-1.01155,11.6,-26.3,-14.6
83.7481,6787.1436,1.9948187732587273,-4.612464963382059,-2.014638434537491,-0.22407,-1.18489,-1.06409,11.7,-25.9,-15.0
83.7684,6787.1636,1.8770590918694676,-4.6526908392316,-1.9445738974345703,-0.31753,-1.05233,-1.08852,11.8,-25.4,-15.6
83.7921,6787.1836,1.807023292039711,-4.738875713336248,-1.8599093479303086,-0.4171,-1.12258,-0.99689,12.0,-25.2,-16.1
83.8104,6787.2036,1.7840959760219517,-4.855877500771928,-1.8004069593200338,-0.40671,-1.29851,-0.90709,12.1,-24.8,-16.7
83.8333,6787.2236,1.7782329458826296,-4.959043328865079,-1.7857436995130627,-0.37251,-1.25514,-0.86128,12.2,-24.4,-17.1
83.8486,6787.2436,1.8271551092662304,-5.0180283164638855,-1.850861563631379,-0.28393,-1.25453,-0.85639,12.4,-24.1,-17.5
83.8699,6787.2636,1.8820781920853131,-4.971507414784926,-1.9703808404356673,-0.28699,-1.26553,-0.868,12.4,-23.8,-18.2
83.8895,6787.2836,1.9711031975340225,-4.794898533453639,-2.1285552490584694,-0.39694,-1.25697,-0.90465,12.4,-23.4,-18.7
83.9068,6787.3036,2.0883566413027665,-4.492128248642255,-2.287823202892281,-0.48246,-1.1855,-0.98467,12.4,-23.1,-19.3
83.9354,6787.3236,2.2198688702989418,-4.091364723398121,-2.3975127396268583,-0.53377,-1.14824,-1.09341,12.4,-22.7,-19.8
83.9537,6787.3436,2.3488128617369717,-3.6714497683996696,-2.4222145909484425,-0.54416,-1.06211,-1.14961,12.4,-22.3,-20.3
83.9693,6787.3635,2.442613162369659,-3.293283617527723,-2.316921409340808,-0.57654,-1.01629,-1.10868,12.3,-22.0,-20.7
83.9875,6787.3835,2.4878564587040057,-3.0136614751552377,-2.0683735232866045,-0.67733,-1.20139,-1.10196,12.2,-21.6,-21.2
84.0081,6787.4035,2.4748330761704573,-2.8652896755873156,-1.6918055695135745,-0.81599,-1.4329,-1.18748,12.1,-21.2,-21.6
84.0291,6787.4235,2.4021428686317066,-2.8558442818317764,-1.229443125185865,-0.86731,-1.38098,-1.2956,12.0,-20.8,-22.1
84.0465,6787.4435,2.263695513132234,-2.977901691503556,-0.7407045465409521,-0.84776,-1.27713,-1.30843,11.8,-20.0,-22.9
84.0705,6787.4635,2.1420565068016253,-3.1667393253401594,-0.29964903756881256,-0.78301,-0.96498,-1.32187,11.6,-18.9,-24.4
84.0871,6787.4835,1.9769746448326595,-3.3842281123900557,0.04883954101416066,-0.52644,-0.68704,-1.34814,11.2,-18.3,-24.7
84.1137,6787.5035,1.8944589742766487,-3.5829111185091396,0.2421097161317114,-0.25278,-0.5728,-1.25468,11.1,-17.6,-25.5
84.1352,6787.5235,1.8407616038988315,-3.6927452883981693,0.2992849964294866,-0.0683,-0.63572,-1.03415,10.9,-17.3,-26.2
84.1475,6787.5435,1.8613201897470415,-3.6982585375981416,0.24093867248632783,0.0325,-0.68887,-0.8289,10.8,-16.9,-26.2
84.1676,6787.5635,1.9506530813159504,-3.6585074785119605,0.09939027260256772,0.12168,-0.70048,-0.65481,10.7,-16.8,-26.5
84.1976,6787.5835,2.061338874446485,-3.5990090330129947,-0.06353652556401457,0.14123,-0.7298,-0.5815,10.7,-16.5,-26.7
84.2149,6787.6035,2.20892103378779,-3.542232125901354,-0.21066959355952974,0.02028,-0.74568,-0.52897,10.5,-16.4,-26.9
84.2373,6787.6235,2.319475643222875,-3.5034355128019343,-0.3086479812234373,-0.11106,-0.65466,-0.59555,10.4,-16.2,-27.2
84.2798,6787.6435,2.4101716677155878,-3.4993619919555154,-0.3693734640647417,-0.20085,-0.4036,-0.67191,10.3,-15.7,-27.5
84.2804,6787.6635,2.3057132691882924,-3.4202181591254526,-0.324566876503944,-0.17336,-0.24844,-0.70429,10.2,-15.4,-27.9
84.2945,6787.6835,2.147529782388653,-3.328134875422486,-0.25591306910158274,-0.08723,-0.29058,-0.62548,10.0,-15.1,-28.3
84.3085,6787.7035,1.933152708963554,-3.1909241781017093,-0.17235267968465884,0.12657,-0.49156,-0.49965,9.9,-14.8,-28.6
84.3286,6787.7235,1.695233706761234,-3.028106327964113,-0.10207764988082779,0.31166,-0.68765,-0.36953,9.7,-14.6,-28.8
84.3467,6787.7435,1.5086072142685842,-2.867136340978421,-0.0703480073335605,0.32755,-0.57708,-0.26568,9.5,-14.4,-29.0
84.3689,6787.7634,1.3785442441626914,-2.7455546393410195,-0.08222496538627233,0.27379,-0.46651,-0.21437,9.4,-14.3,-29.1
84.3869,6787.7834,1.322667745948395,-2.6817860761702277,-0.13715535679081547,0.20293,-0.44025,-0.22231,9.3,-14.2,-29.2
84.4116,6787.8034,1.2817905216211725,-2.6683151819167943,-0.2225498167972546,0.12352,-0.39321,-0.24125,9.1,-14.2,-29.2
84.4379,6787.8234,1.2380647919869263,-2.6789290878190046,-0.3347697851120248,0.12596,-0.43047,-0.29623,9.0,-14.2,-29.2
84.4497,6787.8434,1.1932074654518063,-2.684344569526321,-0.47632177487451344,0.08014,-0.49645,-0.40191,8.8,-14.2,-29.4
84.4691,6787.8634,1.139681320997525,-2.6587662666810563,-0.6466843114066663,0.01295,-0.43231,-0.44956,8.6,-14.2,-29.6
84.4951,6787.8834,1.11210162192744,-2.600551964122976,-0.847122462091642,0.07037,-0.28753,-0.43734,8.4,-14.3,-29.6
84.5073,6787.9034,1.1488966743433888,-2.4814825485584078,-1.0569093463262575,0.15101,-0.10977,-0.37931,8.3,-14.3,-29.6
84.5348,6787.9234,1.2808332495050585,-2.373951358651041,-1.2712580694397406,0.05266,-0.03524,-0.35121,8.2,-14.3,-29.6
84.5496,6787.9434,1.4947531217029895,-2.2398707559821336,-1.444312697421573,-0.01943,0.06616,-0.31272,8.1,-14.3,-29.7
84.5683,6787.9634,1.7773229094937841,-2.140905406136883,-1.5635725500697433,0.016,-0.08106,-0.18872,7.9,-14.4,-29.8
84.5894,6787.9834,2.0894173522035464,-2.0955215699913268,-1.612720573620086,0.07404,-0.19285,-0.00973,7.8,-14.4,-29.9
84.6119,6788.0034,2.3933987865658106,-2.1157467057735393,-1.590521039673483,0.03372,-0.15314,-0.00851,7.7,-14.5,-29.8
84.6394,6788.0234,2.6555479869720378,-2.1951454805783106,-1.507730773680727,-0.02676,-0.06884,-0.03539,7.6,-14.5,-29.8
84.649,6788.0434,2.8338944723013,-2.308370739573541,-1.3755311845854248,-0.06341,-0.07251,-0.1258,7.6,-14.6,-29.8
84.676,6788.0634,2.9225811963239057,-2.4256637829998895,-1.2134726223631578,-0.0909,-0.16169,-0.18749,7.5,-14.5,-30.0
84.6884,6788.0834,2.8928495686901172,-2.5171977578663243,-1.0243626516859177,-0.07074,-0.25454,-0.18322,7.4,-14.6,-30.0
84.7077,6788.1034,2.7788577458487365,-2.5771611051084444,-0.8288268996328831,0.03677,-0.30586,-0.14596,7.3,-14.7,-30.0
84.7432,6788.1234,2.5986496558240915,-2.6068710284163545,-0.6361613996845463,0.11985,-0.29181,-0.07326,7.2,-14.7,-30.2
84.7474,6788.1434,2.4813466336769885,-2.6296908955762897,-0.4865498133033306,0.14978,-0.1507,0.03975,7.2,-14.7,-30.1
84.7676,6788.1634,2.3842121071268645,-2.6362821944157795,-0.35775217398912673,0.14367,-0.12382,0.08923,7.1,-14.7,-30.1
84.7887,6788.1833,2.351379526900637,-2.6323463732643195,-0.2556076787643722,0.10153,-0.26249,0.07029,7.0,-14.7,-30.1
84.8142,6788.2033,2.3656840692816954,-2.619610834576512,-0.1685126963222583,0.06793,-0.41276,0.06052,6.9,-14.8,-30.2
84.8314,6788.2233,2.425699368121669,-2.6493059596398845,-0.10171727993522772,0.0832,-0.50622,0.04952,6.8,-14.9,-30.3
84.85,6788.2433,2.4835702894507343,-2.724961419735082,-0.03569246795241554,0.13879,-0.26737,0.05563,6.7,-15.0,-30.3
84.8717,6788.2633,2.517000023796322,-2.8628927335438084,0.03725298747285066,0.10336,-0.0554,0.08373,6.6,-15.0,-30.2
84.8935,6788.2833,2.52219274370189,-3.066597370969748,0.11732072932256976,-0.06341,-0.00653,0.05502,6.5,-15.1,-30.2
84.9084,6788.3033,2.463124367794382,-3.3251761496087258,0.2065540649480404,-0.30104,-0.06884,-0.09586,6.4,-15.2,-30.3
84.9371,6788.3233,2.3857438368683996,-3.5867512910350707,0.28733139628555016,-0.47147,-0.23194,-0.24308,6.4,-15.3,-30.3
84.9511,6788.3433,2.1722341509789613,-3.8693110029349316,0.3431529795909345,-0.40488,-0.43047,-0.25286,6.2,-15.3,-30.3
84.9717,6788.3633,1.9055373708809613,-4.102476593266411,0.3332413625990718,-0.1361,-0.63145,-0.23636,6.0,-15.4,-30.3
84.9928,6788.3834,1.6138186800431011,-4.283670973838521,0.21655246799358352,0.14245,-0.53432,-0.30234,5.8,-15.4,-30.4
85.0105,6788.4034,1.3773790876451846,-4.396363509592079,-0.020894863003812603,0.32327,-0.32479,-0.39336,5.7,-15.4,-30.4
85.032,6788.4234,1.2139103268332376,-4.442976069564109,-0.35098910254169624,0.35137,-0.12443,-0.43245,5.5,-15.5,-30.4
85.0482,6788.4435,1.154181833951305,-4.391606657967822,-0.7017679816652365,0.297,0.07471,-0.39091,5.4,-15.6,-30.5
85.0727,6788.4635,1.137513527691165,-4.30542336942356,-1.028656095041244,0.14856,0.19505,-0.38236,5.3,-15.6,-30.4
85.0902,6788.4835,1.1226306799776335,-4.140264125595819,-1.2561531917900162,0.038,0.04295,-0.47643,5.2,-15.7,-30.4
85.1096,6788.5035,1.0741221232220703,-3.9477994395199825,-1.3890592219774813,-0.00171,-0.18491,-0.50881,5.1,-15.7,-30.4
85.1364,6788.5236,0.9842962744517798,-3.7470848095200564,-1.453004069929312,0.08259,-0.44147,-0.45566,5.1,-15.7,-30.3
85.1495,6788.5436,0.9284868470391303,-3.5424766778285854,-1.4965502009759497,0.21209,-0.49095,-0.38847,5.0,-15.8,-30.4
85.1686,6788.5636,0.9144916312753576,-3.361656942769703,-1.5698797146762935,0.29334,-0.28264,-0.23087,5.0,-15.8,-30.4
85.1916,6788.5837,0.98130713665863,-3.2118532185965005,-1.7008238690983717,0.26646,-0.13909,-0.08243,4.9,-15.8,-30.3
85.2102,6788.6037,1.1540800665198496,-3.0906959567049612,-1.8883339006070532,0.22125,-0.1507,-0.01218,4.9,-15.9,-30.3
85.2299,6788.6237,1.3950468199883017,-2.9981010459190265,-2.1031965552759546,0.25485,-0.25088,-0.01523,4.7,-16.0,-30.3
85.2491,6788.6438,1.6714301481592908,-2.93626587861606,-2.304478928581122,0.25119,-0.34862,-0.02378,4.7,-16.1,-30.2
85.2732,6788.6639,1.9339966913697333,-2.9017965633256795,-2.4445991153168825,0.15711,-0.36267,-0.025,4.7,-16.2,-30.2
85.2889,6788.6839,2.17022764237919,-2.9017320352656215,-2.49804210365632,0.04349,-0.30525,-0.04577,4.6,-16.4,-30.2
85.3088,6788.704,2.3379526865818496,-2.9202778563654963,-2.4361020687009223,0.00379,-0.19834,-0.06227,4.6,-16.5,-30.1
85.3345,6788.7241,2.435355519906818,-2.952919748733936,-2.2596409059083795,-0.03042,-0.19101,-0.12091,4.5,-16.7,-30.0
85.3493,6788.7441,2.4619558148390155,-3.0017718115015124,-1.9859913420815438,-0.11289,-0.17757,-0.11969,4.5,-16.8,-29.9
85.3746,6788.7642,2.4470033953414596,-3.0696254774706087,-1.6535729670965367,-0.16115,-0.17696,-0.10503,4.4,-16.9,-29.9
85.408,6788.7842,2.3958289130680273,-3.1690428393796375,-1.304923329098358,-0.06524,-0.09083,-0.09037,4.3,-17.0,-29.9
85.4167,6788.8043,2.342714220069715,-3.285444326725661,-0.9830565568164218,0.12474,-0.03463,-0.06532,4.2,-17.1,-29.8
85.4372,6788.8244,2.2974045713039843,-3.4146511165502007,-0.721957669137085,0.25852,-0.02242,-0.02378,4.0,-17.2,-29.8
85.4507,6788.8444,2.322365311705153,-3.5243977904366406,-0.5451159825874363,0.2408,-0.04441,0.0312,3.9,-17.3,-29.7
85.469,6788.8645,2.404968950862199,-3.5994912862789663,-0.4460088370766009,0.13757,-0.06334,0.03181,3.8,-17.4,-29.7
85.4895,6788.8845,2.5374771817149187,-3.6366770270229636,-0.40706306067701625,0.15162,0.03623,-0.06899,3.7,-17.5,-29.7
85.5109,6788.9046,2.6869098431450764,-3.641249187127598,-0.3934066847545843,0.26096,0.21704,-0.19055,3.6,-17.6,-29.8
85.5363,6788.9247,2.8097252885506663,-3.6345355271013102,-0.3666955128374685,0.23775,0.30134,-0.25958,3.5,-17.7,-29.7
85.5581,6788.9447,2.881740112005012,-3.5972666639324524,-0.28500707071816045,0.09786,0.24514,-0.26874,3.5,-17.8,-29.7
85.5747,6788.9648,2.864774650995379,-3.540616840146127,-0.1346201604890389,-0.04875,0.2427,-0.24858,3.5,-17.8,-29.7
85.5899,6788.9848,2.7351766980683223,-3.497357223303833,0.0582685627171422,-0.2149,0.27447,-0.13557,3.5,-17.8,-29.6
85.6087,6789.0048,2.511276219863447,-3.4691651543694477,0.242135504914744,-0.34868,0.06799,-0.02439,3.5,-17.9,-29.7
85.6347,6789.0248,2.23022013809021,-3.4304849537110162,0.35778133825203007,-0.38656,-0.13237,0.01104,3.6,-17.9,-29.8
85.6487,6789.0449,1.868393312252584,-3.3900605584678787,0.35201989952699897,-0.24728,-0.0609,-0.00912,3.6,-18.0,-29.7
85.6689,6789.0649,1.5310478009923887,-3.310871395634429,0.18765560726606978,0.03066,0.20483,-0.01034,3.7,-18.0,-29.7
85.6994,6789.0849,1.2512201367735456,-3.2036262168286602,-0.12371052318719578,0.22431,0.48094,0.02692,3.8,-18.0,-29.7
85.7195,6789.105,1.0972382599432007,-3.0092703071854414,-0.5010885305460064,0.23347,0.50171,0.09595,3.9,-18.0,-29.7
85.7328,6789.125,1.0638745293711427,-2.778153391514303,-0.8603832404519594,0.15039,0.55791,0.20896,4.0,-18.1,-29.7
85.7516,6789.145,1.1006065823219966,-2.606583203859154,-1.1324908885618985,0.03616,0.61288,0.32685,4.2,-18.1,-29.7
85.7688,6789.165,1.1594649669245036,-2.537912853912005,-1.2675513377652639,-0.05302,0.4956,0.3409,4.4,-18.1,-29.5
85.7966,6789.1851,1.2020302362689343,-2.5834483675678634,-1.2589583570004805,-0.09884,0.32639,0.30792,4.5,-18.2,-29.5
85.8134,6789.2051,1.189551054027798,-2.7390930499602857,-1.1451218648501413,-0.08296,-0.12199,0.24011,4.7,-18.2,-29.5
85.8349,6789.2251,1.12724516323464,-2.9258784620437623,-0.982090457143661,0.027,-0.44941,0.18941,4.8,-18.2,-29.5
85.8561,6789.2451,1.0536047172933656,-3.1062256256223515,-0.8533273840589573,0.15162,-0.43231,0.13565,4.9,-18.2,-29.6
85.8738,6789.2651,1.0298659377769948,-3.2455332111459607,-0.8292542247897305,0.17177,-0.24355,0.0483,4.9,-18.3,-29.6
85.8948,6789.2851,1.0805069261152715,-3.3050265377931747,-0.9356646813192029,0.12291,0.17551,-0.04883,5.0,-18.4,-29.5
85.9112,6789.3051,1.2079311261498722,-3.2466205410843187,-1.1483488693884478,0.08564,0.43024,-0.12702,5.0,-18.4,-29.5
85.9362,6789.3251,1.3759710720638325,-3.105596726601822,-1.424452411929936,0.12596,0.36182,-0.15451,5.0,-18.5,-29.5
85.9505,6789.3451,1.5528313309453043,-2.858423973572183,-1.6770490793957027,0.17239,0.13458,-0.13679,5.1,-18.6,-29.5
85.9696,6789.3651,1.7068429311773168,-2.6030174909928663,-1.8638650130184393,0.16261,-0.03341,-0.04028,5.2,-18.7,-29.4
85.9905,6789.3851,1.8289256048126892,-2.3904939540210015,-1.9465061673882191,0.13085,-0.01264,0.06357,5.3,-18.8,-29.5
86.0082,6789.4051,1.9204116648002605,-2.27022274884549,-1.9142433034490933,0.07159,-0.05418,0.10939,5.3,-18.9,-29.4
86.0337,6789.425,1.974377763138788,-2.256098647963305,-1.7698110085314749,-0.00232,-0.09694,0.11977,5.3,-19.0,-29.4
86.0503,6789.445,2.006834198348537,-2.3565920741582356,-1.5422308036789314,0.038,-0.10488,0.07396,5.3,-19.1,-29.4
86.0684,6789.465,2.028791096553996,-2.531703757220952,-1.2608496120402002,0.08503,-0.01997,0.08068,5.3,-19.2,-29.6
86.092,6789.485,2.0575897877186327,-2.726756542341993,-0.9574733902177304,0.05388,-0.089,0.1552,5.3,-19.3,-29.5
86.1116,6789.505,2.123004807307483,-2.9130927593709757,-0.6703637787592118,0.01906,-0.33335,0.19674,5.3,-19.4,-29.5
86.1346,6789.525,2.221918666240245,-3.0564033930710375,-0.41739456876693026,-0.00782,-0.41703,0.16192,5.3,-19.4,-29.5
86.1479,6789.545,2.343901943475175,-3.1995914299561723,-0.22450227632104003,-0.03103,-0.31685,0.05319,5.3,-19.5,-29.4
86.1734,6789.565,2.4403925079616697,-3.3222090715932953,-0.07158846315197032,-0.02676,-0.19529,-0.0812,5.3,-19.6,-29.3
86.1888,6789.585,2.4855413821643246,-3.457647353746222,0.04998558199470793,-0.05425,-0.07251,-0.16001,5.3,-19.6,-29.3
86.2093,6789.605,2.472267513583871,-3.6205673076332343,0.1521797128969915,-0.243,0.02951,-0.2162,5.4,-19.7,-29.2
86.2358,6789.625,2.435310904051062,-3.8051906131194904,0.23594880500116844,-0.60647,0.01851,-0.25958,5.3,-19.7,-29.0
86.2794,6789.645,2.4933691505197344,-3.9659813684424634,0.28193616738233196,-0.91984,-0.18491,-0.29073,5.3,-19.7,-29.0
86.2843,6789.665,2.118979925608211,-4.198646423543645,0.34427621224729954,-0.87525,-0.33029,-0.26691,5.3,-19.6,-29.1
86.2978,6789.685,1.7602654297496494,-4.382551378872503,0.3053700215189341,-0.47147,-0.41398,-0.28523,5.2,-19.5,-29.1
86.3083,6789.705,1.4164135576250572,-4.500187352920421,0.1297049485972046,0.01539,-0.32174,-0.33899,5.1,-19.4,-29.1
86.3281,6789.725,1.1557725172346618,-4.544965410662187,-0.2005099267381425,0.29883,0.00324,-0.39824,5.0,-19.2,-29.3
86.3511,6789.745,1.0423094365634353,-4.499960479016261,-0.6424780253070814,0.22309,0.27324,-0.42756,4.9,-19.1,-29.4
86.3713,6789.765,1.076022090230902,-4.326531952690987,-1.0919656926324688,0.09358,0.33128,-0.38725,4.9,-19.0,-29.4
86.3948,6789.785,1.1825611355915924,-4.072438983771003,-1.469800654598135,0.06121,0.11564,-0.3286,4.9,-18.9,-29.5
86.4116,6789.805,1.2967007708137306,-3.77264177504777,-1.7153204890743492,0.08992,-0.24844,-0.24614,4.9,-18.8,-29.6
86.4345,6789.8249,1.3742859992755163,-3.497352570806005,-1.828287277468399,0.11619,-0.51905,-0.21498,4.9,-18.7,-29.6
86.4498,6789.8449,1.434627068617746,-3.29665200150601,-1.8467604934122095,0.09236,-0.46407,-0.20277,4.9,-18.6,-29.6
86.4722,6789.8649,1.4729734398714134,-3.172994897166964,-1.8076369066083053,0.03677,-0.22889,-0.19055,4.9,-18.5,-29.7
86.4904,6789.8849,1.5127979778145466,-3.112649858758352,-1.7531632544549396,0.00867,-0.02119,-0.18688,4.9,-18.4,-29.7
86.5127,6789.9049,1.561306036978923,-3.0909928866898144,-1.7106411625170352,0.0441,0.03623,-0.14473,4.9,-18.2,-29.7
86.5434,6789.9249,1.6237885574230762,-3.079921103603729,-1.6893360379202829,0.08503,-0.02608,-0.09342,5.0,-18.2,-29.8
86.5504,6789.9449,1.7264043301129792,-3.060751638072388,-1.688634227588608,0.07098,-0.11832,-0.03539,5.0,-18.2,-30.0
86.5692,6789.9649,1.8472303886124672,-3.0439987551513132,-1.6959300150535501,0.05388,-0.1959,-0.03966,5.0,-18.2,-29.9
86.5923,6789.9849,1.9820322547155407,-3.0430040767265374,-1.6967039819065395,0.04838,-0.10733,-0.05066,5.1,-18.3,-29.9
86.6145,6790.0049,2.1202550853579107,-3.067654206495965,-1.674572278760996,0.09053,-0.01753,-0.04394,5.1,-18.3,-30.0
86.638,6790.0249,2.245581742981598,-3.1164779351208693,-1.6132567953350012,0.10519,0.06311,-0.06104,5.2,-18.4,-29.9
86.6535,6790.0449,2.3463996139282397,-3.1715876640644316,-1.4997283666184273,0.04227,0.09793,-0.08304,5.1,-18.4,-29.8
86.6768,6790.0649,2.404176930925339,-3.2432906225423133,-1.3384207424520635,0.05082,0.10464,-0.07937,5.2,-18.5,-29.7
86.6973,6790.0849,2.4205622937393008,-3.3199811681681775,-1.1385349403208593,0.13451,0.06799,-0.02073,5.2,-18.5,-29.7
86.7235,6790.1049,2.3965702458329523,-3.4134217933956394,-0.9223648121486292,0.25546,0.181,0.04708,5.2,-18.5,-29.7
86.7408,6790.1249,2.3841967975471863,-3.500693086695392,-0.7119168034092009,0.30433,0.39908,0.08923,5.2,-18.6,-29.6
86.7634,6790.1449,2.3727863208331774,-3.595610825310802,-0.5205008483722615,0.28295,0.39297,0.09656,5.3,-18.7,-29.6
86.7709,6790.1649,2.427913156400094,-3.658640147744352,-0.35221812186912693,0.34221,0.2934,0.09961,5.4,-18.7,-29.4
86.7963,6790.1849,2.427763632143127,-3.7508172582992234,-0.19502536653243574,0.45399,0.24392,0.13199,5.4,-18.8,-29.4
86.8256,6790.2049,2.4079759047575076,-3.8658080845039797,-0.050397735394774656,0.50653,0.3044,0.19002,5.5,-19.0,-29.4
86.8449,6790.2248,2.4226845694766936,-3.987077192599478,0.07226166188549676,0.34343,0.39725,0.22606,5.5,-19.1,-29.3
86.8561,6790.2448,2.419212590585827,-4.1035771372560825,0.17272885262306126,0.13879,0.47483,0.20712,5.6,-19.2,-29.2
86.8756,6790.2648,2.353407216646737,-4.188813340758489,0.23881036472355888,-0.06891,0.2989,0.18819,5.7,-19.3,-29.0
86.8935,6790.2848,2.2063677384647455,-4.204891272876645,0.24852105263194346,-0.24545,-0.10855,0.09167,5.8,-19.4,-28.9
86.9091,6790.3048,1.9753407544070203,-4.1358017114627454,0.17268623636040203,-0.22712,-0.27165,-0.03905,5.9,-19.5,-28.6
86.9314,6790.3248,1.7057514196515768,-3.97940496268778,-0.009690351918715479,-0.06952,0.01057,-0.14046,6.1,-19.5,-28.5
86.9556,6790.3448,1.4463220374420178,-3.760668033244761,-0.29115345578482277,0.13879,0.48338,-0.16428,6.3,-19.6,-28.4
86.9724,6790.3648,1.254114314617968,-3.448752145978012,-0.603404221438776,0.16444,0.74605,-0.11602,6.3,-19.7,-28.2
86.9883,6790.3848,1.1404100017346088,-3.1061137549596514,-0.8882514905667822,-0.02981,0.81203,-0.02867,6.5,-19.8,-28.1
87.0117,6790.4048,1.0905108347274115,-2.821014284480528,-1.1006225852745875,-0.20024,0.67825,0.05074,6.5,-20.0,-28.1
87.0329,6790.4248,1.0405089330024118,-2.6080169127109434,-1.196590944688431,-0.11961,0.4284,0.11916,6.7,-20.0,-27.8
87.061,6790.4448,0.9637589567054924,-2.4955629418958476,-1.1845383612956564,0.03189,0.04661,0.16986,6.9,-20.0,-27.7
87.0715,6790.4648,0.8780549037229007,-2.53257648425511,-1.1188854144886697,0.04533,-0.35961,0.21812,7.1,-20.1,-27.5
87.0922,6790.4848,0.791803949567073,-2.6271466182883496,-1.0342769672278447,-0.02981,-0.39138,0.21446,7.3,-20.0,-27.3
87.1128,6790.5048,0.7503991663164702,-2.774391056400027,-0.9983886441282941,0.00806,-0.11466,0.1552,7.4,-20.1,-27.3
87.136,6790.5248,0.7739856588441223,-2.9272192779285153,-1.0487942615167718,0.06854,0.19627,0.09534,7.5,-20.0,-27.4
87.1532,6790.5448,0.8661838267104223,-3.0238846025099932,-1.1841718064798492,0.08381,0.3606,0.0709,7.7,-20.0,-27.2
87.1825,6790.5648,0.9973522746180559,-3.05666016283906,-1.3786002125675552,0.14856,0.36182,0.06907,7.7,-20.0,-27.3
87.1932,6790.5848,1.1785318113174221,-2.9831767339422797,-1.5674438123742132,0.19804,0.16451,0.08556,7.7,-20.1,-27.3
87.2171,6790.6048,1.3451269273613455,-2.8759714009643447,-1.707223135602657,0.12413,0.0289,0.09473,7.8,-20.2,-27.4
87.2411,6790.6248,1.4957071798627917,-2.7761857365784945,-1.7606495138771638,0.01295,0.00507,0.07579,7.8,-20.3,-27.4
87.2534,6790.6448,1.6098112883811426,-2.7251285852583527,-1.7107246085319616,-0.04447,0.06555,0.03608,7.9,-20.3,-27.3
87.2769,6790.6647,1.6888340345588764,-2.7340918769340052,-1.5616836474618871,-0.06952,0.16146,0.00859,8.0,-20.3,-27.4
87.2943,6790.6847,1.7288376479375631,-2.793280400379624,-1.334491250450494,-0.04386,0.21155,0.01226,8.0,-20.3,-27.4
87.3232,6790.7047,1.7495656623505245,-2.8973140553710968,-1.0720632226968085,0.05205,0.1975,0.04952,8.1,-20.3,-27.2
87.3443,6790.7247,1.7763396741832407,-3.00661753159574,-0.8098994684822483,0.14001,0.15474,0.08251,8.1,-20.3,-27.2
87.361,6790.7447,1.8444085112501252,-3.1042498469590365,-0.5834176577035954,0.20171,0.10587,0.13443,8.0,-20.5,-27.3
87.3707,6790.7647,1.983992879581233,-3.184533408610103,-0.41486379589217925,0.21148,-0.00898,0.18758,8.1,-20.5,-27.3
87.3919,6790.7847,2.1586944512702537,-3.224661064601273,-0.29065813036077515,0.11619,-0.1623,0.21934,8.1,-20.5,-27.3
87.4095,6790.8047,2.3750457641313356,-3.25988711287999,-0.21358863683625628,0.03555,-0.22156,0.18025,8.1,-20.5,-27.3
87.4334,6790.8247,2.5729330663511005,-3.298115807783486,-0.15597727672576767,0.06426,-0.19834,0.10206,8.2,-20.6,-27.1
87.4478,6790.8447,2.7355360550975982,-3.38148458788471,-0.11374175960915878,0.17666,-0.11221,0.07945,8.0,-20.6,-27.2
87.4685,6790.8647,2.8073473650714833,-3.5014585584991638,-0.06357658085573448,0.13024,-0.03952,0.12954,8.1,-20.7,-27.1
87.4934,6790.8847,2.7911275978360046,-3.651141820531352,-0.010867458118378082,-0.16726,0.06066,0.12771,8.2,-20.7,-27.0
87.5166,6790.9047,2.6767632004085793,-3.816381854945039,0.03336787549606868,-0.34135,-0.05846,0.03608,8.1,-20.7,-27.0
87.5446,6790.9247,2.4759828192790403,-3.9530050148585247,0.05390614723344278,-0.43665,-0.46835,-0.12274,8.1,-20.7,-27.0
87.5612,6790.9447,2.150002775409791,-4.082952495062573,0.013346365436925467,-0.378,-0.66627,-0.18444,8.0,-20.7,-27.1
87.577,6790.9647,1.805613283415037,-4.146559121869277,-0.12643514842331705,-0.1471,-0.60335,-0.23942,8.0,-20.7,-27.1
87.5884,6790.9847,1.5336772160174712,-4.123749448126936,-0.38646973065589485,0.14001,-0.27043,-0.24247,7.9,-20.7,-27.1
87.6125,6791.0047,1.3682445042892277,-4.030012615339193,-0.7517795454136245,0.27379,0.04539,-0.14779,7.8,-20.7,-27.2
87.6362,6791.0247,1.3477600584932068,-3.847422672932631,-1.1548665168789292,0.19132,0.0063,-0.09953,7.7,-20.7,-27.3
87.6521,6791.0446,1.4498768828224486,-3.60996686138694,-1.5260027269880236,0.02089,-0.35717,-0.11419,7.6,-20.6,-27.2
87.6732,6791.0646,1.6009215705830153,-3.370697719262268,-1.809334436162203,-0.1752,-0.94238,-0.12885,7.5,-20.6,-27.4
87.6896,6791.0846,1.739217864505894,-3.2192590147244173,-1.99637425783164,-0.4,-1.08899,-0.09525,7.3,-20.6,-27.5
87.7141,6791.1046,1.8534475772005727,-3.1272513965383433,-2.0733761385964318,-0.73964,-0.62167,-0.03905,7.2,-20.5,-27.5
87.7363,6791.1246,1.8739068169516524,-3.131702600503542,-2.064257589092575,-0.80561,-0.44086,-0.06471,6.9,-20.4,-27.7
87.7609,6791.1446,1.8125820406335962,-3.1763183208079315,-1.9855520015065178,-0.65656,-0.31319,-0.1374,6.7,-20.2,-27.7
87.7764,6791.1646,1.6419643459074311,-3.2329905094276645,-1.8586395825953899,-0.54782,-0.42742,-0.15573,6.6,-20.0,-27.8
87.8023,6791.1846,1.4987989754137647,-3.222923995034832,-1.7129626231886075,-0.46047,-0.58441,-0.16001,6.3,-19.8,-28.0
87.8102,6791.2046,1.3530601138007787,-3.2220301651230034,-1.592151659093533,-0.43787,-0.63633,-0.13496,6.1,-19.6,-28.2
87.8309,6791.2246,1.3318526602280392,-3.1525922388150303,-1.4943533709927141,-0.41099,-0.55998,-0.03172,5.9,-19.4,-28.5
87.8532,6791.2446,1.3967608141558356,-3.0901582920502837,-1.4382070168811225,-0.27416,-0.27104,0.13871,5.7,-19.1,-28.7
87.8686,6791.2646,1.5196422093995858,-3.0764234164669384,-1.4202117401376864,-0.01576,0.06433,0.12344,5.5,-18.9,-28.9
87.8871,6791.2846,1.6811536271876155,-3.105801420719015,-1.413325503718804,0.15284,0.11992,0.01165,5.2,-18.7,-29.1
87.9097,6791.3046,1.8529576357798707,-3.17870800351519,-1.389900209960805,0.15223,0.27019,-0.09525,5.0,-18.5,-29.3
87.9372,6791.3246,2.0026319780218307,-3.2738453798255467,-1.318365603313575,-0.11778,0.40641,-0.08548,4.8,-18.3,-29.6
87.9494,6791.3446,2.0496579654479135,-3.3587581755743785,-1.161277333717468,-0.23445,0.13824,-0.02195,4.6,-18.1,-29.9
87.9723,6791.3646,1.9960090831311108,-3.463455012793797,-0.9414826459608996,0.00623,-0.01264,0.09411,4.4,-17.9,-30.1
87.9884,6791.3846,1.8685105407491536,-3.5987160822268787,-0.7002049742791883,0.3361,0.01424,0.1326,4.3,-17.7,-30.4
88.011,6791.4046,1.7163780241212494,-3.7613163863021284,-0.4903640618925085,0.43261,0.45162,0.17658,4.2,-17.6,-30.6
88.0328,6791.4246,1.6224814453206422,-3.8987627286661284,-0.3471280451269436,0.36847,0.62938,0.15154,4.2,-17.4,-30.7
88.0501,6791.4445,1.6395251794857495,-3.953467047293811,-0.2746301746746518,0.52485,0.11747,0.05074,4.1,-17.4,-30.8
88.072,6791.4645,1.7184133499287988,-3.939334619521598,-0.25671471506224286,0.86755,-0.35228,-0.02378,4.1,-17.4,-30.9
88.1031,6791.4845,1.8048554994632866,-3.912815209853939,-0.2626767627253681,0.95002,0.13824,0.00187,4.1,-17.4,-30.9
88.1121,6791.5045,2.1230254997892604,-3.832286063186384,-0.26930845355851396,0.66596,0.49193,0.03975,4.1,-17.5,-30.8
88.1306,6791.5245,2.36726040500914,-3.822755010933529,-0.23886063832729754,0.36298,0.63732,0.0428,4.2,-17.7,-30.7
88.1501,6791.5445,2.514606176500653,-3.8513122064637013,-0.15455998247115765,0.05205,0.60678,-0.04822,4.3,-17.9,-30.7
88.1683,6791.5645,2.4861847603572396,-3.8914384354067173,-0.02089790316409257,-0.31753,0.338,-0.07815,4.4,-18.1,-30.5
88.1885,6791.5845,2.2589577449803078,-3.9130435862894792,0.1248877387225189,-0.41588,-0.18796,-0.09525,4.6,-18.2,-30.3
88.2144,6791.6045,1.8534068512244748,-3.8743265128132798,0.23020110631584778,-0.28515,-0.64,-0.07998,4.8,-18.3,-30.2
88.2301,6791.6245,1.3495161825598838,-3.806698929455557,0.2110452061235737,0.09603,-0.3254,-0.02561,4.9,-18.5,-30.1
88.2954,6791.6445,0.6701951132405237,-3.7587417455413945,0.0255353272583676,0.57922,0.29951,0.10267,5.0,-18.7,-29.8
88.2965,6791.6646,0.4364522912186864,-3.5109951920828646,-0.26435241681044097,0.56517,0.60128,0.13749,5.1,-18.9,-29.6
88.2985,6791.6846,0.37624394228294605,-3.219230013612233,-0.6107500056927773,0.34221,0.69657,0.18391,5.2,-19.1,-29.4
88.3126,6791.7046,0.43342705241318613,-2.9811765036741193,-0.9568634499164759,0.21454,0.65565,0.29448,5.3,-19.3,-29.4
88.3328,6791.7246,0.5564488108213032,-2.813396635018426,-1.2297528770285613,0.35076,0.47055,0.42581,5.4,-19.5,-29.2
88.3528,6791.7447,0.6957104910475853,-2.760747297632147,-1.3995768830241353,0.34709,0.23476,0.56631,5.5,-19.8,-29.2
88.3776,6791.7647,0.8059060716715104,-2.8385165464134183,-1.4651650221301136,0.1339,0.20177,0.62496,5.6,-20.0,-29.1
88.3945,6791.7847,0.8907518603615772,-3.0607232607299446,-1.4630146747412347,-0.08845,0.34227,0.57181,5.7,-20.2,-29.0
88.4115,6791.8048,0.9228830683077099,-3.3567816305913634,-1.4187400712965577,-0.1642,0.34105,0.36351,5.8,-20.3,-28.9
88.4403,6791.8248,0.9265328729313445,-3.662336283080371,-1.3686322021645694,-0.14771,0.33067,0.1607,5.9,-20.5,-28.7
88.4539,6791.8448,0.865296861307131,-3.9147548135107155,-1.3318846605579306,-0.08173,0.32089,0.0819,5.9,-20.6,-28.6
88.4728,6791.8648,0.8130708318482441,-4.087514440301443,-1.3348826795750437,-0.09945,0.49926,0.06357,6.0,-20.7,-28.6
88.4975,6791.8849,0.7997745103731876,-4.169781999417606,-1.3831697203676896,0.12291,0.52431,0.12893,6.0,-20.8,-28.7
88.5187,6791.9049,0.8332328006995694,-4.159218735450529,-1.464555896984324,0.12962,0.34594,0.21262,6.0,-21.0,-28.5
88.5412,6791.9249,0.9108093731124034,-4.097248288781449,-1.5747051378581105,0.12718,0.06677,0.21812,6.2,-21.1,-28.2
88.5498,6791.945,1.07336761891953,-4.028002475389962,-1.7092093097239935,0.33854,-0.07617,0.09045,6.2,-21.2,-28.1
88.5741,6791.965,1.2195710868223653,-3.98138822558969,-1.8367142108221763,0.45766,-0.3535,-0.07265,6.3,-21.3,-28.1
88.5902,6791.985,1.4328412033739573,-3.9752515559723562,-1.946978140266241,0.25119,-0.30891,-0.06043,6.4,-21.5,-28.0
88.6123,6792.005,1.6504746416007954,-4.0132572487409846,-2.009511520108224,0.02761,-0.23377,-0.01767,6.4,-21.6,-27.9
88.6319,6792.0251,1.843492256227141,-4.101140164874151,-2.0085379125996674,-0.11167,-0.41093,-0.10808,6.4,-21.7,-27.8
88.6491,6792.0451,1.9578263557657984,-4.2327876620003515,-1.9279610625081123,-0.25461,-0.39871,-0.17955,6.4,-21.7,-27.7
88.6684,6792.0651,1.9728806571151603,-4.381738310341233,-1.762983637682213,-0.2149,-0.52516,-0.28768,6.4,-21.7,-27.6
88.695,6792.0852,1.910067984239851,-4.505293554421324,-1.5268170893609767,-0.10128,-1.09326,-0.35182,6.4,-21.7,-27.6
88.7085,6792.1052,1.812292882145185,-4.633748985306617,-1.289301616120527,-0.39572,-1.17878,-0.35609,6.3,-21.8,-27.6
88.7311,6792.1252,1.7240590338533688,-4.725670919180175,-1.0829562018841354,-0.57654,-0.47507,-0.43978,6.2,-21.7,-27.5
88.7506,6792.1452,1.6402677504995362,-4.783260930154681,-0.9439513485566078,0.00623,-0.45308,-0.55646,6.2,-21.6,-27.6
88.7689,6792.1653,1.5816198468697582,-4.77459314224341,-0.873378512721521,0.30311,-0.67665,-0.5198,6.1,-21.6,-27.6
88.7912,6792.1853,1.5594124075654399,-4.691302192690524,-0.8545850921743021,0.17727,-1.01324,-0.49293,6.0,-21.5,-27.7
88.8109,6792.2053,1.6186552662786913,-4.572529222721366,-0.8787317644383936,0.04899,-1.19894,-0.50148,5.9,-21.5,-27.8
88.8319,6792.2254,1.7100153471186685,-4.481698675265674,-0.9243206145413492,-0.08235,-1.15129,-0.51736,5.7,-21.5,-28.0
88.8482,6792.2454,1.7732665251854633,-4.468026614150009,-0.9672652198900415,-0.1361,-1.0615,-0.60227,5.5,-21.5,-28.2
88.8725,6792.2654,1.7308762462695695,-4.523456828782091,-0.9695831643661972,-0.15504,-0.9436,-0.72628,5.2,-21.4,-28.4
88.8927,6792.2853,1.5644506894450954,-4.607757827164364,-0.9117126330913852,-0.30775,-1.17329,-0.80691,4.9,-21.3,-28.5
88.9081,6792.3053,1.267828012672008,-4.688515007795911,-0.8016679570414045,-0.73719,-1.60883,-0.85089,4.7,-21.2,-28.7
88.9449,6792.3253,0.9389442182550326,-4.699931844366477,-0.659440209237836,-0.76835,-1.58562,-1.03599,4.4,-21.0,-28.9
88.9502,6792.3453,0.46977649474150984,-4.702672368746375,-0.5547663754029646,-0.60647,-1.28935,-1.14411,4.0,-20.8,-29.1
88.9723,6792.3654,0.045007141646178306,-4.665092094371206,-0.5332300956415317,-0.40916,-1.10242,-1.15083,3.7,-20.6,-29.3
88.9922,6792.3854,-0.32142385058326733,-4.573264299090357,-0.6092117037518197,-0.43359,-0.90756,-1.18015,3.4,-20.4,-29.7
89.0098,6792.4054,-0.586747377985912,-4.433830316941718,-0.7782839417757987,-0.35113,-0.95215,-1.11051,3.1,-20.2,-30.0
89.0309,6792.4254,-0.7483343152068666,-4.274907976600426,-1.0166728029226206,-0.14282,-1.34677,-1.10868,2.7,-20.0,-30.2
89.0515,6792.4455,-0.8304070282749705,-4.145359384148747,-1.2926235048196055,-0.24606,-1.41213,-1.04942,2.4,-19.7,-30.3
89.0695,6792.4655,-0.8748443159646465,-4.0857335219792565,-1.5680100617248485,-0.30348,-1.29424,-1.00361,2.1,-19.5,-30.5
89.0903,6792.4855,-0.9248657557295223,-4.072732271272309,-1.7854424302323242,-0.21246,-1.48666,-1.02438,1.7,-19.3,-30.6
89.1118,6792.5056,-0.9993700168939396,-4.090158547845247,-1.910303686520959,-0.31264,-1.63327,-1.0311,1.3,-19.0,-30.9
89.1371,6792.5256,-1.0938874497376074,-4.095366086856274,-1.9174469000592893,-0.54477,-1.70352,-1.13495,0.9,-18.7,-31.1
89.152,6792.5456,-1.2128159820487008,-4.121714176331712,-1.8455699205822063,-0.69443,-1.66992,-1.24368,0.5,-18.4,-31.2
89.172,6792.5656,-1.3074245241443923,-4.085353434426831,-1.67995406453233,-0.77446,-1.64915,-1.28644,0.1,-18.1,-31.5
89.1912,6792.5857,-1.3631407022612876,-3.9955306728442883,-1.4653426903240696,-0.81661,-1.73711,-1.26323,-0.2,-17.8,-31.8
89.2112,6792.6057,-1.3506378047500893,-3.8508492257975417,-1.2358357884344606,-0.7824,-1.81653,-1.23452,-0.7,-17.5,-31.9
89.2386,6792.6257,-1.222106333615193,-3.6348670829385425,-1.0069692548111462,-0.72131,-2.07248,-1.22963,-1.3,-17.2,-32.1
89.2527,6792.6458,-1.0927634907658919,-3.5066015340430368,-0.8720160706872591,-0.77995,-2.04499,-1.1942,-1.8,-16.9,-32.2
89.2729,6792.6658,-0.8765087212348035,-3.361031211080478,-0.7667109296689869,-0.80133,-2.06942,-1.18259,-3.0,-16.3,-32.3
89.2945,6792.6858,-0.6174313697169899,-3.2373328607031064,-0.6934837808500536,-0.79645,-2.18671,-1.21925,-4.9,-15.5,-32.2
89.313,6792.7058,-0.36901571548642287,-3.164960236816888,-0.6422555661762939,-0.86242,-2.29728,-1.28461,-5.9,-15.0,-32.6
89.3473,6792.7259,0.013870142449366322,-3.0725720092443596,-0.5665628574348656,-1.05057,-2.14762,-1.33287,-7.4,-14.7,-33.1
89.3622,6792.7459,0.22752034014591266,-3.0589933023235787,-0.4959448452276938,-1.09394,-1.99368,-1.38968,-8.7,-14.2,-33.7
89.3758,6792.7659,0.43413455180655836,-3.034865554022334,-0.40053030836349457,-1.03957,-1.81714,-1.43732,-9.0,-13.9,-32.1
89.3981,6792.786,0.7194301447320649,-2.9897405841149913,-0.2993707157457788,-1.02735,-1.78293,-1.46787,-10.3,-13.5,-31.9
89.4118,6792.806,0.9805275354000367,-2.918263470345048,-0.2077194439329748,-0.91801,-1.83546,-1.5088,-11.1,-13.0,-32.7
89.435,6792.826,1.3271415668252178,-2.8559973522378295,-0.16580031482961033,-0.82516,-1.6968,-1.57233,-12.1,-12.8,-32.5
89.4532,6792.846,1.6846627418323694,-2.8170306335611737,-0.17859590716137141,-0.76835,-1.3486,-1.58638,-13.6,-12.5,-29.9
89.4732,6792.8661,2.078739131198476,-2.832349739643778,-0.2517477570472906,-0.70604,-1.20077,-1.55766,-14.4,-12.4,-31.6
89.4917,6792.8861,2.5020976133669723,-2.8922606071608365,-0.3607198050161706,-0.64678,-0.96131,-1.51613,-14.8,-12.3,-31.5
89.5146,6792.9061,2.935133608075905,-3.0219263500033215,-0.47812039845564414,-0.50934,-0.87457,-1.44404,-14.5,-12.2,-30.9
89.5381,6792.9262,3.3442501490755348,-3.198879684092518,-0.5540970074256215,-0.26255,-0.72124,-1.38357,-14.7,-12.3,-31.4
89.5571,6792.9462,3.711520790336542,-3.3955731920512355,-0.5482066432705679,-0.14832,-0.55509,-1.28644,-14.8,-12.1,-30.1
89.5721,6792.9662,4.017497510382867,-3.597034259941567,-0.44291555875105004,-0.0683,-0.36878,-1.13189,-15.1,-12.4,-30.6
89.5937,6792.9862,4.198067838982735,-3.8052988235187466,-0.23352017585335894,-0.00965,-0.18368,-0.94985,-15.2,-12.3,-30.5
89.6131,6793.0062,4.297485789181583,-3.9602008949581102,0.037157806888906464,0.00806,-0.18918,-0.80447,-15.4,-12.2,-30.6
89.6484,6793.0262,4.25076129581561,-4.065512251659613,0.3308828374079642,-0.01943,-0.34251,-0.70429,-15.8,-12.2,-30.3
89.6623,6793.0462,4.175285478331255,-4.050496324029418,0.5573337675261314,0.08686,-0.2014,-0.62548,-16.1,-12.3,-30.0
89.6712,6793.0662,4.0434659497751735,-3.9610966412352537,0.6547030099735398,0.25913,0.11625,-0.59494,-16.5,-12.4,-29.8
89.7015,6793.0862,3.7175818193566155,-3.78017459028584,0.6507517074701443,0.40513,0.31112,-0.56684,-16.7,-12.6,-29.7
89.7125,6793.1061,3.524486103172776,-3.6309800091641278,0.38983807311385377,0.53707,0.327,-0.44956,-16.9,-12.8,-29.4
89.7347,6793.1261,3.2934404111599616,-3.451280975220237,0.006801309485492624,0.6568,0.18894,-0.25591,-16.9,-13.0,-29.3
89.7495,6793.1461,3.1235225923543535,-3.3695185171196034,-0.5017420873143035,0.71422,0.22865,-0.05371,-16.8,-13.3,-29.2
89.7722,6793.1661,2.936224402718604,-3.3083899868616857,-0.9979620019596069,0.70811,0.40091,0.0483,-16.7,-13.6,-29.0
89.7898,6793.1861,2.7723189953400706,-3.33528213047431,-1.4491204955044594,0.68673,0.46017,0.09411,-16.7,-13.9,-28.9
89.8103,6793.2061,2.616655524982737,-3.3764019822504774,-1.7781101387707245,0.62992,0.31051,0.06601,-16.5,-14.3,-28.8
89.8404,6793.2261,2.4779284822537413,-3.383854858743565,-1.955266530546055,0.50347,0.08204,0.03914,-16.4,-14.7,-28.6
89.8522,6793.2461,2.3897907989026628,-3.4355960227197184,-2.0414032099325388,0.35137,0.02523,0.03058,-16.3,-15.0,-28.6
89.8835,6793.2661,2.3243547526566224,-3.4231640882010157,-2.015021894082012,0.21087,0.01607,0.01898,-16.1,-15.4,-28.5
89.8972,6793.2861,2.288243357675543,-3.4213209306764503,-1.951392087618828,0.18399,0.09548,0.0092,-16.0,-15.7,-28.4
89.9226,6793.3061,2.2525498037988103,-3.3960409535123572,-1.862367269371581,0.26279,0.24759,0.00432,-15.9,-16.0,-28.3
89.9371,6793.3261,2.250028592538162,-3.40747299172458,-1.8038634209456745,0.36908,0.32272,-0.02806,-15.7,-16.3,-28.4
89.9556,6793.3461,2.2476011658585957,-3.445652624282129,-1.7644701326265917,0.43078,0.31417,-0.0415,-15.4,-16.6,-28.3
89.9717,6793.3661,2.258077731712893,-3.537316025798251,-1.747371872269044,0.35503,0.27752,-0.01584,-15.3,-16.9,-28.2
89.9916,6793.3861,2.2624079047472216,-3.661239325019521,-1.7215443862887074,0.28845,0.14679,-0.01401,-15.2,-17.2,-28.1
90.0113,6793.4061,2.25818124951722,-3.804676823201347,-1.6691719394940616,0.23042,0.05516,0.02814,-15.0,-17.5,-28.1
90.0295,6793.4261,2.2309623431894723,-3.9419424994590737,-1.574234130888362,0.23775,-0.01325,0.10511,-14.9,-17.7,-27.9
90.0546,6793.4461,2.1704890421313308,-4.031039120044652,-1.4259975669137201,0.27684,0.05822,0.10267,-14.8,-17.9,-27.8
90.0723,6793.4661,2.087435331826582,-4.09813018765484,-1.2609788985545354,0.37519,0.12358,0.02264,-14.7,-18.1,-27.9
90.0898,6793.4861,2.001734709401837,-4.1263141936937995,-1.0993666133595728,0.41979,0.11931,-0.05371,-14.6,-18.3,-28.0
90.1125,6793.506,1.9324789755044545,-4.107881234680202,-0.9609883295058932,0.33732,0.08693,-0.00423,-14.6,-18.5,-27.9
90.1336,6793.526,1.9035445534498,-4.078818876185596,-0.8780280130285743,0.32266,-0.0218,0.05135,-14.5,-18.7,-27.9
90.151,6793.546,1.9101459241352718,-4.067069919249756,-0.8608039858962169,0.36664,-0.06518,0.03364,-14.5,-18.8,-27.7
90.1735,6793.566,1.9376894336608006,-4.068628310017991,-0.8905805671849691,0.34648,-0.00042,0.01226,-14.3,-19.0,-27.5
90.1921,6793.586,1.9798634924424645,-4.125560557492134,-0.9589570614710521,0.33243,-0.04868,-0.01218,-14.3,-19.2,-27.4
90.2093,6793.606,2.0253621210595107,-4.2294727336799705,-1.0248820946051183,0.31655,-0.11404,0.00615,-14.2,-19.4,-27.3
90.2328,6793.626,2.059228765349886,-4.340554320571587,-1.0305838728579175,0.29517,-0.1226,0.04097,-14.2,-19.6,-27.1
90.2603,6793.646,2.0645481191245705,-4.443727802642944,-0.9409470895393195,0.22003,-0.05418,0.1271,-14.3,-19.7,-27.0
90.2695,6793.666,2.0012517208452714,-4.528635165317437,-0.7413003463213901,0.04044,0.01302,0.14543,-14.3,-19.9,-26.8
90.2894,6793.686,1.893438339333144,-4.532140383310522,-0.43285396920980546,-0.23079,0.00446,0.08251,-14.3,-20.0,-26.5
90.3112,6793.706,1.7468530668629092,-4.430007339368263,-0.0572213460478892,-0.37739,-0.23133,-0.07693,-14.4,-20.1,-26.5
90.3405,6793.726,1.594801688941865,-4.224592954230109,0.3083523103114221,-0.34929,-0.44513,-0.1765,-14.4,-20.2,-26.3
90.3508,6793.746,1.4096522712425033,-3.864025833437374,0.6107073643176797,-0.23506,-0.46041,-0.21254,-14.5,-20.4,-26.2
90.3785,6793.766,1.2252731710841156,-3.458766755715789,0.7340753513383049,-0.02065,-0.21789,-0.26324,-14.6,-20.4,-25.9
90.392,6793.786,1.0781832673826166,-3.0741709577856575,0.6278448696485057,0.26096,-0.0835,-0.37014,-14.7,-20.5,-25.6
90.4179,6793.806,0.9332965309836848,-2.713625688583414,0.3213923170182671,0.48759,0.01424,-0.37564,-14.8,-20.6,-25.5
90.4401,6793.826,0.8874215060442429,-2.479464624853342,-0.1470653140717122,0.57433,-0.01508,-0.2944,-14.9,-20.7,-25.5
90.4529,6793.846,0.950164724155529,-2.4153274325238474,-0.6879403751944473,0.49798,-0.1623,-0.20399,-14.9,-20.8,-25.5
90.4729,6793.866,1.0639945962936777,-2.423976776766392,-1.1805204373738505,0.31227,-0.30891,-0.16367,-15.0,-21.0,-25.7
90.4929,6793.886,1.199008808500197,-2.497372919405411,-1.563508733093192,0.14978,-0.36633,-0.14412,-14.9,-21.0,-25.5
90.5152,6793.9059,1.322186788065132,-2.5901139472894417,-1.806936631274409,0.03738,-0.4262,-0.13496,-14.9,-21.1,-25.2
90.5391,6793.9259,1.4159178576671574,-2.67636026749871,-1.923467475887743,0.04777,-0.29181,-0.09709,-14.9,-21.2,-25.1
90.5565,6793.9459,1.470989542530489,-2.75943043751454,-1.9567115555808963,0.1003,-0.2802,-0.02684,-15.0,-21.3,-25.0
90.5748,6793.9659,1.4978792679604092,-2.8503265797117097,-1.959064371121917,0.15039,-0.31624,0.08923,-15.1,-21.5,-24.9
90.5957,6793.9859,1.5051278023180126,-2.967457215105473,-1.9727023998573605,0.14367,-0.30158,0.18025,-15.2,-21.6,-24.8
90.6199,6794.0059,1.4997669231134316,-3.124196490452951,-2.0173666849070324,0.14429,-0.20812,0.18269,-15.2,-21.7,-24.7
90.646,6794.0259,1.4875537096378777,-3.3226975560272782,-2.0884471670556755,0.12596,-0.13848,0.13138,-15.2,-21.9,-24.7
90.6583,6794.0459,1.4663634750541499,-3.557209268726315,-2.1634347164792365,0.05021,-0.10855,0.09228,-15.3,-22.0,-24.5
90.6767,6794.0659,1.4743558813757642,-3.7823686488694546,-2.204086318030007,0.00928,-0.05418,0.06479,-15.3,-22.2,-24.4
90.7014,6794.0859,1.510568248489663,-3.9773072548999386,-2.1776924691458435,-0.03225,-0.05968,0.0312,-15.4,-22.3,-24.2
90.7104,6794.1059,1.5612904013452624,-4.115300666525982,-2.05612643642063,-0.07379,0.01912,0.00126,-15.5,-22.4,-24.0
90.7349,6794.1259,1.61786898305417,-4.206150485334582,-1.8461640429333297,-0.10617,0.04539,0.01592,-15.5,-22.4,-23.7
90.7522,6794.1459,1.658915264110866,-4.234169322578163,-1.5544259729595566,-0.10128,-0.00775,-0.02378,-15.6,-22.4,-23.5
90.7743,6794.1659,1.6662173054524605,-4.217227534009065,-1.219069061306433,0.00012,0.03073,-0.03722,-15.7,-22.5,-23.3
90.7951,6794.1859,1.6342342345976655,-4.171013088754143,-0.8855743232210109,0.12657,0.12725,-0.04883,-15.9,-22.5,-23.4
90.8109,6794.2059,1.5808058582572317,-4.135100334983007,-0.6097566935444885,0.28967,0.1584,-0.07571,-16.1,-22.5,-23.3
90.837,6794.2259,1.5076072218777252,-4.104377974372025,-0.4077402976184068,0.3642,0.11442,-0.07021,-16.2,-22.5,-23.3
90.8598,6794.2459,1.4634310367020726,-4.138872366108446,-0.30961834216508954,0.35442,0.06555,-0.03539,-16.2,-22.5,-23.2
90.8791,6794.2659,1.4603539369754077,-4.243655637899984,-0.29400166993909593,0.33304,0.08326,-0.00912,-16.2,-22.6,-23.2
90.9017,6794.2859,1.488386556952284,-4.376179473903522,-0.30487549677668824,0.29945,0.2482,-0.03722,-16.2,-22.6,-23.2
90.9179,6794.3059,1.56262970157959,-4.512660499583077,-0.30188803677234155,0.24691,0.38809,-0.09525,-16.2,-22.6,-23.1
90.9639,6794.3259,1.564985078480068,-4.584629756456719,-0.21959610383780692,0.08503,0.42413,-0.11908,-16.2,-22.7,-23.0
90.9703,6794.3459,1.707971969994137,-4.540344604965844,-0.08154689317353103,-0.09762,0.35754,-0.11236,-16.1,-22.7,-23.0
90.9736,6794.3659,1.8419300874276516,-4.350535466204091,0.10915263047176715,-0.24056,0.18039,-0.09709,-16.1,-22.7,-22.9
90.9908,6794.386,1.954769097459232,-4.092194327546287,0.264181242959193,-0.39266,-0.14276,-0.02989,-16.0,-22.8,-22.9
91.0111,6794.406,2.035504198455341,-3.764268913450048,0.33207700029054976,-0.41649,-0.21789,-0.01951,-15.9,-22.8,-22.8
91.0341,6794.426,2.0584549196494515,-3.402035874883113,0.2673540527675282,-0.22773,-0.03952,-0.0977,-15.8,-22.8,-22.9
91.0504,6794.4461,2.0442905394343343,-3.0543679051815906,0.04852784377513153,0.1168,0.31906,-0.12519,-15.7,-22.9,-22.8
91.0719,6794.4661,2.0070179798010583,-2.788432360517743,-0.302204145829025,0.19071,0.51026,-0.03539,-15.5,-23.0,-22.8
91.0961,6794.4861,1.9863983689811027,-2.640018067350594,-0.7215861545006987,0.06732,0.49682,0.06907,-15.4,-23.1,-22.8
91.1121,6794.5061,2.0111339493009655,-2.593786806003079,-1.1235381462724785,-0.07624,0.462,0.10755,-15.2,-23.1,-23.0
91.14,6794.5262,2.0288766229698103,-2.6161141653177458,-1.4224719557633918,-0.15748,0.41985,0.11427,-15.1,-23.2,-23.0
91.1541,6794.5462,2.038321397711903,-2.6204634806025955,-1.5672575739284689,-0.12205,0.25309,0.10267,-14.9,-23.2,-23.2
91.1753,6794.5662,2.0271598952271064,-2.5980649435159235,-1.5689634970922697,-0.04692,0.01912,0.13993,-14.7,-23.2,-23.2
91.1907,6794.5863,1.9841216489757334,-2.5432796585791957,-1.4696909166222145,0.00012,-0.16475,0.1888,-14.7,-23.2,-23.3
91.2128,6794.6063,1.931633268860985,-2.4712631945951427,-1.337127778624314,0.04533,-0.11038,0.18574,-14.5,-23.2,-23.4
91.244,6794.6263,1.869939756870592,-2.414691799963133,-1.2307966908383055,0.04533,0.0234,0.11366,-14.5,-23.2,-23.3
91.2518,6794.6463,1.7986415486384557,-2.401445093529225,-1.1881135129451987,-0.0066,0.13091,0.04097,-14.4,-23.2,-23.4
91.2726,6794.6664,1.7393404122413307,-2.432973132285869,-1.2189883808424469,-0.04264,0.11625,-0.01218,-14.3,-23.1,-23.6
91.2936,6794.6864,1.709959995283805,-2.5017676003289124,-1.308152692359693,0.0661,0.2372,-0.0189,-14.2,-23.1,-23.7
91.3167,6794.7064,1.7136034066606063,-2.5999669987911425,-1.4239718182360406,0.13329,0.13274,-0.00485,-14.1,-23.1,-23.8
91.3407,6794.7264,1.7463209475887471,-2.7213613169842628,-1.5313805119581225,0.09603,0.06616,0.03181,-14.1,-23.1,-23.9
91.3645,6794.7465,1.7969372310518248,-2.85636093353875,-1.5992508050068235,0.09297,-0.01631,0.0092,-14.1,-23.2,-24.0
91.3733,6794.7665,1.8507260658889497,-3.0041244216651415,-1.6102903796763641,0.14978,-0.09938,-0.0134,-14.1,-23.1,-24.1
91.3931,6794.7865,1.9042867384492104,-3.1184813855136766,-1.5453669289668106,0.16261,-0.12199,0.03669,-14.1,-23.1,-24.1
91.4119,6794.8066,1.9465453674492557,-3.205807555485907,-1.4128624774744623,0.13451,-0.12199,0.0654,-14.1,-23.1,-24.1
91.444,6794.8266,1.9786947372391623,-3.2503053755745346,-1.2236022277823917,0.1675,-0.18124,0.04341,-14.1,-23.2,-24.1
91.4536,6794.8466,1.9784347146415617,-3.328129288040288,-1.0222977627565353,0.18521,-0.16536,-0.00729,-14.1,-23.1,-24.0
91.47,6794.8667,1.96594884813453,-3.4187233440124314,-0.827780382234355,0.05449,-0.07678,-0.01095,-14.1,-23.2,-23.9
91.4944,6794.8867,1.9556727921942663,-3.535099647223949,-0.6678841993566706,0.00928,-0.14703,0.02081,-14.1,-23.2,-23.8
91.5144,6794.9067,1.9503248205241017,-3.689281702929519,-0.5612408895663492,0.14856,-0.30463,0.05013,-14.1,-23.2,-23.7
91.5368,6794.9267,1.9595434404220375,-3.8694813684238563,-0.5090386708833119,0.28356,-0.2802,0.0593,-14.1,-23.2,-23.8
91.5544,6794.9467,1.96826043893492,-4.0821226625216305,-0.505679840917292,0.17055,-0.24477,0.06663,-14.1,-23.2,-23.6
91.5732,6794.9667,1.9780082564606456,-4.278990040935441,-0.521628232111583,-0.06463,-0.15925,0.03425,-14.2,-23.3,-23.5
91.5956,6794.9867,1.9804867809973583,-4.413896256688261,-0.5254343217684152,-0.22346,-0.01814,-0.06104,-14.2,-23.4,-23.5
91.6218,6795.0067,1.9689442300078315,-4.449253359412427,-0.49237042745563997,-0.41405,-0.11343,-0.15756,-14.2,-23.5,-23.3
91.6338,6795.0267,1.9404575380146087,-4.267356978204835,-0.365946400136254,-0.63151,-0.28081,-0.16489,-14.3,-23.5,-23.2
91.6496,6795.0467,1.8966166520037915,-3.9764494772392216,-0.20919888038693735,-0.73047,-0.34495,-0.15023,-14.3,-23.5,-23.1
91.6756,6795.0667,1.862559642602772,-3.670440845703034,-0.08811271375774865,-0.67122,-0.3535,-0.08243,-14.4,-23.5,-23.0
91.6955,6795.0867,1.7874767887594245,-3.3074180896647523,-0.009354316309625688,-0.48613,-0.29669,0.08617,-14.4,-23.5,-23.1
91.7145,6795.1067,1.6705503840765947,-2.9831241788022616,-0.03768032216420458,-0.18741,-0.20995,0.15948,-14.5,-23.4,-23.1
91.734,6795.1267,1.5149253496656268,-2.754401149337507,-0.1900125822887393,0.24569,-0.00959,0.13688,-14.5,-23.3,-23.2
91.7536,6795.1466,1.3456930114825512,-2.657233655038481,-0.43795484373108984,0.44972,0.16573,0.0654,-14.7,-23.3,-23.3
91.7762,6795.1666,1.2031801389284587,-2.679325103489267,-0.7134410960432103,0.38863,0.1694,0.08617,-14.8,-23.3,-23.3
91.7904,6795.1866,1.1214781595970662,-2.7993005908070434,-0.9477775356875284,0.19499,0.00996,0.1045,-14.9,-23.2,-23.3
91.8144,6795.2066,1.1094481322867682,-2.9062364550314976,-1.0716891859836668,0.01356,-0.32785,0.08678,-15.0,-23.2,-23.3
91.8445,6795.2267,1.145563685634125,-2.952443512372658,-1.072807252376693,-0.00293,-0.56853,0.02814,-15.1,-23.2,-23.3
91.8623,6795.2467,1.1387924199116015,-2.9473828869530454,-0.987307861700037,0.0551,-0.56181,-0.06715,-15.2,-23.1,-23.2
91.8785,6795.2667,1.1048118983058972,-2.911812674930564,-0.8898191764759869,0.10702,-0.27226,-0.16184,-15.4,-23.1,-23.3
91.9058,6795.2867,1.0344218964525698,-2.8851854399117576,-0.8552975633220115,0.03555,0.02584,-0.20277,-15.5,-23.0,-23.2
91.9228,6795.3068,0.9875537813717206,-2.9028530059076636,-0.9412827325278634,0.01845,0.09243,-0.21682,-15.7,-23.0,-23.3
91.9386,6795.3268,0.9734132872413164,-2.9679232202181245,-1.1522585419065177,0.11313,0.0008,-0.17161,-15.9,-22.9,-23.3
91.9733,6795.3468,0.9742281033965238,-3.044583475806946,-1.4392885266855977,0.19926,-0.1788,-0.17406,-16.0,-22.9,-23.2
91.9785,6795.3669,1.0379455781641487,-3.2013853303629394,-1.7742948299676566,0.22064,-0.09083,-0.21193,-16.1,-23.0,-23.0
91.9948,6795.3869,1.1052585681647944,-3.3564944002122115,-2.056763498390662,0.05388,0.10098,-0.2663,-16.2,-23.1,-22.8
92.0134,6795.4069,1.1895810219861458,-3.4987775444799754,-2.231667100987309,-0.14099,0.21032,-0.27851,-16.4,-23.2,-22.8
92.0333,6795.4269,1.2983101748431076,-3.5998117169799873,-2.260276750557856,-0.21307,0.09731,-0.24308,-16.4,-23.3,-22.5
92.0546,6795.447,1.4274932430760807,-3.644746800542606,-2.136570740582161,-0.20024,-0.04685,-0.12763,-16.4,-23.4,-22.3
92.078,6795.467,1.5560590214003975,-3.643517413501325,-1.8896713405775563,-0.0909,-0.07556,0.01409,-16.4,-23.5,-22.4
92.0913,6795.487,1.652681919691921,-3.6275054605650237,-1.572501131364671,0.01784,0.04295,0.0654,-16.4,-23.5,-22.3
92.1203,6795.5071,1.6947463108606307,-3.636634311613196,-1.2429934669789677,0.04288,0.38809,0.02692,-16.4,-23.6,-22.2
92.1379,6795.5271,1.72273397040578,-3.698254343558687,-0.9510025999986969,0.10641,0.28546,-0.01584,-16.4,-23.7,-22.1
92.1559,6795.5471,1.753768713709114,-3.8055067283986896,-0.7044686306116947,0.15772,0.05211,0.05258,-16.4,-23.8,-22.1
92.1791,6795.5671,1.8063163424898523,-3.922969807009909,-0.4792337609440658,0.19438,-0.07923,0.14421,-16.4,-23.9,-22.0
92.1957,6795.5872,1.8498281139547175,-4.056313189680316,-0.25077939270525995,0.29395,-0.08595,0.22606,-16.3,-24.0,-21.9
92.2186,6795.6072,1.8777718295847508,-4.1513358493219705,0.01623874885454768,0.28478,0.08937,0.18452,-16.2,-24.0,-21.7
92.2327,6795.6272,1.8740616391675489,-4.208905231038455,0.3116799795783969,-0.06219,0.327,0.10694,-16.1,-24.1,-21.6
92.2786,6795.6473,1.837331335762227,-4.3051894171189025,0.5647600608759156,-0.36945,0.36548,0.00371,-16.1,-24.1,-21.4
92.2856,6795.6673,1.8295149923010265,-4.123764990257567,0.8348982990667029,-0.53988,-0.06334,-0.1093,-16.0,-24.2,-21.5
92.299,6795.6873,1.835129106268542,-3.8648289760940813,0.9750845921655422,-0.48307,-0.16658,-0.11724,-15.9,-24.2,-21.5
92.3106,6795.7073,1.8515825759979472,-3.5263033866331073,0.9377017496552842,-0.22956,-0.02486,-0.11297,-15.9,-24.2,-21.5
92.3327,6795.7274,1.8592195848876645,-3.1873039125773746,0.6900670591596967,0.03555,0.26958,-0.03783,-15.9,-24.3,-21.6
92.3552,6795.7474,1.8762271803399002,-2.8973549974005386,0.2599757247592045,0.22675,0.45711,0.03181,-15.9,-24.3,-21.7
92.3723,6795.7674,1.9286409001129974,-2.72394082517665,-0.2827800448971356,0.30006,0.39236,0.10206,-15.9,-24.3,-21.5
92.3948,6795.7875,1.9841506187987736,-2.647948737895889,-0.8131391364427536,0.20904,0.23537,0.15093,-15.8,-24.3,-21.5
92.4165,6795.8075,2.0285165033443158,-2.6431162276771647,-1.2254302569107178,0.07953,0.26225,0.21384,-15.8,-24.4,-21.7
92.4394,6795.8275,2.0457118313062357,-2.650815545607221,-1.450098819245154,0.05876,0.30928,0.23217,-15.8,-24.5,-21.7
92.4533,6795.8475,2.0178243106532046,-2.6340012830862065,-1.4786545073934363,0.01234,0.05455,0.26271,-15.7,-24.5,-21.7
92.4755,6795.8675,1.9885218782253145,-2.5744938070329777,-1.37042282272391,-0.11839,-0.37672,0.26332,-15.7,-24.5,-21.7
92.4952,6795.8875,1.932545547027056,-2.4913746269926698,-1.206297257434672,-0.14038,-0.31868,0.15764,-15.8,-24.5,-21.9
92.5117,6795.9075,1.8590104340434332,-2.4126176787294513,-1.0784564750855363,-0.07685,-0.02119,-0.00729,-15.8,-24.5,-22.1
92.5447,6795.9275,1.7658239271588376,-2.3758325436125496,-1.0528673610365225,0.016,0.37404,-0.0586,-15.8,-24.5,-22.2
92.5591,6795.9475,1.7489146238933286,-2.382575481864504,-1.1609951528232987,0.10458,0.40763,-0.0531,-15.8,-24.6,-22.5
92.5781,6795.9674,1.7776464507446528,-2.44194958475386,-1.3661143344654594,0.17544,0.22682,0.0202,-15.8,-24.5,-22.5
92.5936,6795.9874,1.8489404718377493,-2.560762562033915,-1.6097727390583039,0.21392,0.04661,0.05746,-15.8,-24.6,-22.5
92.6143,6796.0074,1.9221295552865878,-2.715777863272357,-1.8138405075093225,0.08137,-0.03341,0.06724,-15.7,-24.6,-22.4
92.6426,6796.0274,1.9690291785893825,-2.8881249428363134,-1.9211045674953269,-0.06585,0.01118,0.0593,-15.7,-24.6,-22.3
92.6556,6796.0474,1.964652576095777,-3.0349422308430785,-1.8941552983683918,-0.09823,0.01729,0.06357,-15.7,-24.6,-22.2
92.6793,6796.0674,1.932079968865897,-3.136741876381518,-1.7446060017238434,0.01295,0.01973,0.04463,-15.7,-24.5,-22.3
92.7091,6796.0874,1.892959241160428,-3.177589321754442,-1.50731711219008,0.12779,-0.04257,-0.00179,-15.7,-24.6,-22.3
92.7174,6796.1074,1.8650598566533783,-3.217449335259654,-1.255345754262791,0.13024,-0.12443,-0.00118,-15.7,-24.5,-22.3
92.7383,6796.1274,1.8675006726536112,-3.256602034967759,-1.0352126064967244,0.13146,-0.11404,0.01409,-15.7,-24.5,-22.3
92.7608,6796.1474,1.8939890739222638,-3.3542159495263273,-0.8957994598189742,0.06304,-0.05174,0.00248,-15.7,-24.4,-22.3
92.773,6796.1674,1.9377741670037896,-3.5342183106739165,-0.852364381644863,0.00928,-0.0945,-0.04089,-15.6,-24.5,-22.2
92.7983,6796.1874,1.9911396788058353,-3.7805573375691885,-0.8823005497812542,0.07648,-0.30097,-0.08914,-15.5,-24.5,-22.1
92.815,6796.2074,2.0324610219184307,-4.0868001693588285,-0.9455845757989358,0.14917,-0.3645,-0.11358,-15.5,-24.5,-22.0
92.8383,6796.2274,2.050853837459624,-4.394858060224383,-0.9769795068167575,0.12779,-0.55081,0.01287,-15.5,-24.6,-21.9
92.8529,6796.2474,1.9869097401471465,-4.672637973290501,-0.9253193294040631,-0.07257,-0.42559,0.15154,-15.6,-24.6,-21.8
92.8779,6796.2674,1.8492975640216391,-4.882495177703337,-0.7795295835395173,-0.55149,0.26469,0.03975,-15.6,-24.6,-21.6
92.9041,6796.2874,1.6397955913837785,-4.968805900148136,-0.5362229192796448,-0.85631,0.31906,-0.25897,-15.7,-24.6,-21.5
92.912,6796.3074,1.428397387621709,-4.654502092311022,-0.10118362013500004,-1.18068,-0.49706,-0.45444,-15.7,-24.6,-21.6
92.9322,6796.3274,1.2577736937709092,-4.258311013249049,0.30373690822964683,-1.29003,-0.79333,-0.38786,-15.7,-24.5,-21.5
92.9568,6796.3474,1.1525994892981652,-3.7361756158446306,0.6437188060394998,-0.97482,-0.71697,-0.33838,-15.8,-24.5,-21.5
92.9725,6796.3673,1.0449265319704704,-3.1099383658052817,0.8506181220007729,-0.50445,-0.35534,-0.30173,-16.0,-24.4,-21.5
92.9927,6796.3873,0.9321021536053661,-2.5982392753096772,0.8200892961384536,-0.30287,-0.00165,-0.18749,-16.0,-24.3,-21.6
93.0142,6796.4074,0.8304374256384518,-2.263864622025205,0.5612398882228113,-0.34196,0.05944,-0.10258,-16.1,-24.2,-21.6
93.034,6796.4274,0.7828821111491573,-2.0962914963816814,0.14590186225874646,-0.32975,-0.1452,-0.14351,-16.2,-24.0,-21.7
93.0519,6796.4474,0.8003793407147805,-2.046131284366212,-0.3198410593045047,-0.17031,-0.45124,-0.23697,-16.3,-23.9,-21.9
93.0746,6796.4675,0.8861699502819628,-2.061558914243736,-0.7358705269106647,-0.02126,-0.65161,-0.27546,-16.5,-23.8,-22.0
93.0928,6796.4875,0.9882973935381794,-2.114276062650428,-1.0343071182682042,-0.05363,-0.73713,-0.24797,-16.6,-23.7,-22.1
93.1157,6796.5075,1.0997225014793968,-2.190895474344332,-1.1978142394589604,-0.22468,-0.52638,-0.20887,-16.6,-23.5,-22.1
93.137,6796.5275,1.180488879619508,-2.279161045349612,-1.243680943572084,-0.29309,-0.20873,-0.23636,-16.7,-23.3,-22.2
93.1527,6796.5476,1.2297576210906385,-2.3588504980931355,-1.215486590797509,-0.20818,0.00446,-0.25897,-16.7,-23.2,-22.3
93.1725,6796.5676,1.2425815829616011,-2.448670564493926,-1.1726382274458444,-0.01087,-0.03769,-0.16672,-16.7,-23.1,-22.5
93.1962,6796.5876,1.2342605982737425,-2.549605320159452,-1.1601176425388147,0.21637,-0.14092,-0.03478,-16.8,-22.9,-22.5
93.2148,6796.6077,1.2066740250556354,-2.706146555584171,-1.2087315313494642,0.38069,-0.26798,0.04891,-16.8,-22.9,-22.6
93.2478,6796.6277,1.1899378283354778,-2.86515757265794,-1.2967616605886114,0.39902,-0.27226,0.02875,-16.9,-22.8,-22.7
93.2644,6796.6477,1.1554593819846914,-3.1233356795062472,-1.4267409528916417,0.30494,-0.16169,-0.08243,-17.0,-22.9,-22.7
93.2784,6796.6677,1.1599944007803547,-3.3824383232788513,-1.5447081687369941,0.19499,-0.09633,-0.19116,-17.0,-22.9,-22.7
93.2974,6796.6878,1.219841287479258,-3.5862536430579683,-1.6047924777101112,0.10519,0.03623,-0.2608,-17.0,-22.9,-22.5
93.3142,6796.7078,1.362638260118518,-3.708955573703408,-1.5842314866161296,0.01539,0.20361,-0.27363,-17.1,-22.9,-22.3
93.3444,6796.7278,1.5435121487270882,-3.7469924735187545,-1.473466199975526,-0.11106,0.15046,-0.20521,-17.0,-23.1,-22.2
93.3584,6796.7479,1.785511722917961,-3.6850238953758825,-1.2865154056628487,-0.05974,0.05639,-0.06227,-16.9,-23.2,-22.1
93.3744,6796.7679,2.002589347452138,-3.5673887307492396,-1.0574259101688064,0.18521,0.03317,0.04219,-16.9,-23.2,-22.0
93.3922,6796.7879,2.1498026680687605,-3.43872933903166,-0.8274296700391499,0.38436,0.13274,0.15826,-16.9,-23.2,-21.9
93.4121,6796.8079,2.2046488695293145,-3.347507956088334,-0.6307339138223664,0.42895,0.08815,0.26332,-16.9,-23.3,-21.7
93.4397,6796.828,2.186088238480412,-3.302112068270988,-0.47403793540243555,0.4149,0.04967,0.27982,-16.9,-23.4,-21.7
93.4551,6796.848,2.066846844386413,-3.3973557903773473,-0.36323848273476855,0.41368,-0.07067,0.33968,-17.0,-23.5,-21.5
93.473,6796.868,1.903603622320621,-3.536010144486253,-0.2490731043052925,0.34831,-0.09328,0.43742,-17.0,-23.6,-21.4
93.4945,6796.8881,1.720430620600263,-3.6733612454018942,-0.10302015146031174,0.08686,0.0741,0.38366,-17.1,-23.7,-21.4
93.5123,6796.9081,1.5272308800163055,-3.7619787823013415,0.08370249647476768,-0.14526,0.30562,0.23217,-17.2,-23.7,-21.2
93.5463,6796.9281,1.356747062450209,-3.8123622113916737,0.2695116653789409,-0.28821,0.29279,0.04036,-17.2,-23.7,-21.2
93.5665,6796.9481,1.26204848245365,-3.691131735612361,0.4505342597995181,-0.50751,0.09609,-0.16428,-17.2,-23.7,-21.0
93.5729,6796.9682,1.302317821620631,-3.3694483401718,0.576003343313733,-0.53255,0.21032,-0.29562,-17.2,-23.7,-21.0
93.5925,6796.9882,1.3855504038107058,-3.0273104734316343,0.5558725813783987,-0.34318,0.31356,-0.3903,-17.2,-23.7,-21.1
93.6184,6797.0082,1.511180874064065,-2.643248542285002,0.3903382130983193,-0.02309,0.38137,-0.37931,-17.2,-23.7,-21.1
93.6354,6797.0282,1.741826544400661,-2.275739435483985,0.08233591550781938,0.2634,0.46017,-0.3225,-17.3,-23.6,-21.2
93.6563,6797.0482,1.9686116790546355,-1.9858543844410128,-0.3015898424209489,0.4149,0.55058,-0.19605,-17.3,-23.6,-21.2
93.6739,6797.0682,2.1911137474910722,-1.8263566684534434,-0.6908624578841529,0.2634,0.58906,-0.02256,-17.2,-23.6,-21.2
93.694,6797.0882,2.3497421212345793,-1.7756237059937479,-0.9992087940373207,0.08748,0.57745,0.19979,-17.1,-23.6,-21.3
93.7155,6797.1082,2.4378233107327403,-1.7996775297162177,-1.1835930450825973,-0.05852,0.46567,0.37878,-17.0,-23.6,-21.5
93.7402,6797.1282,2.460577847639786,-1.8548659621565482,-1.2413403112429489,-0.13488,0.18772,0.54677,-16.9,-23.6,-21.5
93.7539,6797.1482,2.3681143084825123,-1.92265613821562,-1.1900356913229206,-0.04692,-0.08411,0.59686,-16.8,-23.5,-21.6
93.7759,6797.1682,2.2339213878423756,-1.9880096826914069,-1.100354896407346,0.12413,-0.00409,0.51011,-16.7,-23.4,-21.7
93.7985,6797.1881,2.0493997965519024,-2.0755753375908332,-1.0273150220550384,0.22187,0.32456,0.36412,-16.5,-23.3,-21.8
93.8175,6797.2081,1.8616697533523925,-2.2044167526884064,-1.0194129883782335,0.14184,0.55791,0.30425,-16.4,-23.3,-22.1
93.8396,6797.2281,1.7096479365296413,-2.357077073262713,-1.083437483744346,0.15162,0.45956,0.17964,-16.3,-23.3,-22.1
93.858,6797.2481,1.619999931277331,-2.5242945151455576,-1.19924395451873,0.21026,0.32089,0.22789,-16.2,-23.2,-22.2
93.8749,6797.2681,1.572667050780484,-2.6868442664889773,-1.3238572486255666,0.15039,0.29585,0.28409,-16.0,-23.2,-22.4
93.9001,6797.2881,1.5519331487158823,-2.8150911420606417,-1.4152915052492165,0.16017,0.15962,0.28898,-15.9,-23.2,-22.4
93.9138,6797.3081,1.5118782421475494,-2.9322863461282616,-1.4565406465028499,0.2292,-0.15497,0.21751,-15.9,-23.2,-22.5
93.9354,6797.3281,1.479578303359017,-2.9860903204241227,-1.4336748743827474,0.20904,-0.41581,0.1497,-15.9,-23.2,-22.5
93.9549,6797.3481,1.434084835875458,-3.002921075963316,-1.3630216018606855,0.32021,-0.27531,0.10145,-15.9,-23.1,-22.6
93.9778,6797.3681,1.3869135886254973,-2.9822244734972574,-1.2629501042468902,0.35992,-0.20018,0.05135,-16.0,-23.1,-22.5
93.9927,6797.3881,1.3451349706695652,-2.975762355834934,-1.1679509978533869,0.22614,-0.07617,-0.02134,-16.1,-23.1,-22.5
94.0151,6797.4081,1.3131976213350318,-2.9721301126689936,-1.084835368031074,0.0606,0.16512,-0.10869,-16.2,-23.1,-22.4
94.035,6797.4281,1.3109718472326903,-2.9911326607365165,-1.0280562857775806,0.05754,0.06799,-0.09098,-16.3,-23.1,-22.5
94.055,6797.4481,1.3327841116909305,-3.033916591946746,-0.9964898705388254,0.08564,-0.26432,0.03792,-16.4,-23.2,-22.5
94.0744,6797.4681,1.358261465020782,-3.1043523693327004,-0.9814526914709862,0.10947,-0.33151,0.0935,-16.5,-23.2,-22.4
94.0929,6797.4881,1.3583234290084825,-3.202111299275438,-0.9643335014913053,0.173,-0.22034,0.14359,-16.6,-23.2,-22.4
94.1122,6797.5081,1.3156014467327606,-3.308563052225224,-0.9178963279659502,0.14612,-0.17452,0.18758,-16.7,-23.2,-22.2
94.1355,6797.5281,1.2254257008691811,-3.397029271397768,-0.8172086689858347,-0.05058,-0.12321,0.11611,-16.7,-23.2,-22.2
94.1575,6797.5481,1.097448722599526,-3.4366325263644404,-0.6476529275778073,-0.29859,0.12603,-0.03295,-16.9,-23.2,-22.1
94.1759,6797.5681,0.968973380450465,-3.373014288407378,-0.4016661425609609,-0.70787,0.10342,-0.17039,-17.0,-23.2,-21.9
94.1983,6797.5881,0.8783293983658081,-3.236908194261003,-0.1168657072960535,-0.92534,-0.42375,-0.24308,-17.1,-23.2,-22.0
94.2151,6797.608,0.8062347889303021,-2.968275916723623,0.1875583998250221,-0.8221,-0.80677,-0.25591,-17.2,-23.2,-22.0
94.2602,6797.628,0.8185888997802377,-2.783561157121167,0.38883345289651317,-0.70726,-0.68581,-0.29501,-17.3,-23.1,-22.0
94.2652,6797.648,0.696492577209713,-2.464603174824978,0.5212472531615067,-0.34135,-0.30891,-0.29745,-17.3,-23.0,-21.9
94.274,6797.668,0.5396513757003556,-2.2459984412433727,0.5025616738673104,0.46071,-0.40176,-0.34082,-17.4,-23.0,-22.1
94.2924,6797.688,0.35836673147321085,-2.119237074833091,0.3739742574138649,0.3758,-0.4378,-0.22048,-17.5,-22.9,-22.1
94.3113,6797.708,0.18477098793601246,-2.1185241137594186,0.19807473276032184,0.03311,-0.47812,-0.08304,-17.6,-22.9,-22.1
94.3347,6797.728,0.04946003222141197,-2.1840982556771267,0.057157597574116537,-0.18864,-0.78233,-0.09098,-17.7,-22.8,-22.0
94.354,6797.748,-0.08758028713755425,-2.251984574429123,0.0032082382842926194,-0.15076,-1.01446,-0.25835,-17.9,-22.7,-21.9
94.376,6797.768,-0.19278604298734914,-2.26749528849469,0.04051298156830008,-0.22284,-1.06883,-0.39091,-18.0,-22.7,-21.9
94.3931,6797.788,-0.2904924886463169,-2.221457673523596,0.12436268395718564,-0.3664,-0.9888,-0.48499,-18.1,-22.7,-21.6
94.4133,6797.808,-0.3429753913266027,-2.121596424473787,0.19120851523901017,-0.3273,-0.6626,-0.5363,-18.2,-22.6,-21.5
94.435,6797.828,-0.34249691454052783,-1.9822560172311174,0.1857750946002934,-0.04508,-0.56364,-0.58395,-18.3,-22.6,-21.4
94.453,6797.848,-0.2748955557417727,-1.8496289692960426,0.07673592524914241,0.16872,-0.60518,-0.62487,-18.3,-22.6,-21.2
94.4737,6797.868,-0.14082732916487375,-1.7425298399235174,-0.12592549788132956,0.11924,-0.80066,-0.60044,-18.5,-22.6,-21.0
94.4937,6797.888,0.039253641631226056,-1.688051918087578,-0.38655487258874643,-0.21368,-0.74934,-0.61571,-18.6,-22.7,-20.7
94.5168,6797.908,0.24288823502405957,-1.6660272519571062,-0.649134720447833,-0.2711,-0.72735,-0.65358,-18.7,-22.8,-20.4
94.5309,6797.928,0.4445306214910042,-1.6564951599083235,-0.8609008828334375,-0.12755,-0.73713,-0.72872,-18.8,-22.9,-20.3
94.5536,6797.948,0.6244392266285106,-1.6461036413715953,-0.984017878468153,-0.17336,-0.48179,-0.68352,-18.9,-23.1,-20.0
94.5761,6797.968,0.7649267780146969,-1.6443412060255616,-1.0042862364995102,-0.22956,-0.43841,-0.62487,-18.9,-23.2,-19.6
94.5934,6797.988,0.8592650490813105,-1.6526577786402585,-0.9272714147635668,-0.28515,-0.41703,-0.66214,-18.9,-23.2,-19.4
94.6115,6798.0079,0.8867775215241681,-1.6733593375360727,-0.7745811614044769,-0.2314,-0.36511,-0.58639,-19.0,-23.4,-19.1
94.6354,6798.0279,0.8477764884054247,-1.7045002287252884,-0.5803055163858897,-0.07624,-0.55998,-0.48071,-19.0,-23.6,-19.0
94.6514,6798.0479,0.7327665037124661,-1.7496172133830958,-0.3835046041438943,-0.05363,-0.68581,-0.44772,-19.0,-23.7,-18.9
94.6738,6798.0679,0.5564893324045717,-1.8042583119123992,-0.22243732418360196,-0.08112,-0.5838,-0.51614,-18.9,-23.9,-18.7
94.6935,6798.0879,0.3291417428649437,-1.868059168634108,-0.12710538124098392,-0.04142,-0.38466,-0.65297,-19.0,-24.1,-18.7
94.7137,6798.1079,0.09117853086572691,-1.9236596528742103,-0.10861699297330496,0.0551,-0.26982,-0.83684,-19.0,-24.3,-18.6
94.7355,6798.1279,-0.11273333444483236,-1.9582341488580748,-0.15444569211252812,0.06854,-0.26126,-1.02194,-18.9,-24.5,-18.4
94.7552,6798.1479,-0.21944285151076803,-1.9914705398766936,-0.23580185641815987,0.01723,-0.33762,-1.15144,-18.9,-24.6,-18.3
94.7752,6798.1679,-0.22133930195412124,-2.0221099179932316,-0.31183986297387456,-0.12449,-0.45979,-1.20825,-18.7,-24.8,-18.3
94.7914,6798.1879,-0.10885398886662417,-2.054769800511099,-0.3539733463427073,-0.36029,-0.72735,-1.19481,-18.5,-25.0,-18.2
94.8131,6798.2079,0.05514991822853413,-2.074822479789525,-0.35464420401152985,-0.52278,-1.04378,-1.23207,-18.3,-25.2,-18.0
94.8356,6798.2279,0.2509974863797933,-2.078011757123454,-0.33235337783731467,-0.54416,-1.09571,-1.38479,-18.1,-25.5,-17.9
94.8516,6798.2479,0.4777530357062049,-2.064819606000402,-0.3229011825178407,-0.43848,-1.03034,-1.48558,-17.9,-25.8,-17.9
94.875,6798.2679,0.6644768369589635,-2.0592668421723372,-0.360903442202563,-0.33952,-0.79027,-1.53873,-17.6,-26.0,-17.8
94.9071,6798.2879,0.795984304358464,-2.0933538858610987,-0.46225901246429935,-0.34196,-0.55387,-1.54606,-17.4,-26.3,-17.7
94.9191,6798.3079,1.0889205512892461,-2.2286975675644607,-0.645752123116468,-0.39083,-0.53921,-1.5088,-17.0,-26.5,-17.7
94.9373,6798.3279,1.3603222810134818,-2.439786731310939,-0.8546384241775247,-0.46291,-0.64244,-1.43855,-16.6,-26.8,-17.5
94.9632,6798.3479,1.58387286200188,-2.7187779580478626,-1.0344916888918494,-0.52156,-0.69437,-1.36707,-16.2,-27.0,-17.3
94.9748,6798.368,1.8792151841424385,-2.9593529704077057,-1.1366606121129443,-0.45497,-0.62106,-1.13128,-15.8,-27.3,-17.3
94.994,6798.388,2.1014459592666657,-3.1662150009190113,-1.1154319072868972,-0.21429,-0.79211,-0.80508,-15.4,-27.5,-17.2
95.0126,6798.408,2.2752362953561427,-3.2884840527239234,-0.9592356864819038,-0.00354,-0.98941,-0.45872,-14.8,-27.8,-17.2
95.0368,6798.428,2.428000449623759,-3.3442728254235115,-0.7001207907664107,0.22981,-1.41397,-0.13557,-14.4,-28.1,-17.1
95.0562,6798.4481,2.487510594053661,-3.2988406287742302,-0.3354248955481456,0.28234,-1.74078,0.07029,-14.1,-28.3,-17.0
95.0739,6798.4681,2.472387839633527,-3.1671374608486698,0.07878005644238328,0.23958,-1.95519,0.0593,-13.8,-28.6,-16.9
95.0975,6798.4881,2.4979138148002202,-3.008170457037582,0.43063730200185724,0.27196,-2.04377,-0.19238,-13.6,-28.8,-16.8
95.1167,6798.5082,2.454679590065159,-2.779089890072081,0.686618018751691,0.3416,-1.99184,-0.49842,-13.5,-28.9,-16.6
95.1375,6798.5282,2.412600355477978,-2.5550878323715684,0.7468257745352993,0.34587,-1.82691,-0.7556,-13.3,-29.0,-16.4
95.1524,6798.5482,2.2896198185996313,-2.3748171986688047,0.5984637687752254,0.30189,-1.65159,-0.93458,-13.3,-29.1,-16.1
95.1782,6798.5682,2.1875121194618443,-2.269021747796856,0.24096278731910026,0.2353,-1.42741,-1.07264,-13.2,-29.4,-15.8
95.1937,6798.5883,1.9925779693275751,-2.273580454475039,-0.23443202916658024,0.24508,-1.20077,-1.17099,-13.1,-29.5,-15.5
95.2131,6798.6083,1.792556280587787,-2.3588075387764995,-0.7424162345808689,0.25424,-1.17206,-1.19115,-13.1,-29.8,-15.0
95.2429,6798.6283,1.617487593457721,-2.5008417527272933,-1.1897079713470493,0.2072,-1.33211,-1.18015,-13.1,-30.0,-14.6
95.2619,6798.6484,1.4270749123541193,-2.7110635454706062,-1.5107352866798571,0.00928,-1.42435,-1.17282,-13.0,-30.2,-14.2
95.2811,6798.6684,1.2656618998831592,-2.936296117985233,-1.6797081161234733,-0.26805,-1.42007,-1.21558,-12.8,-30.4,-13.4
95.3083,6798.6884,1.11737059991803,-3.1483126917626847,-1.7034876478611576,-0.43848,-1.23498,-1.2168,-12.8,-30.6,-13.0
95.3155,6798.7084,1.1132348401574386,-3.3563127471440617,-1.6469232767499502,-0.45314,-0.9943,-1.2168,-12.8,-30.8,-12.6
95.3528,6798.7285,1.0206296049923627,-3.5110343080144806,-1.5092293436501514,-0.38167,-0.88068,-1.20947,-12.7,-31.1,-12.2
95.3594,6798.7485,1.1050610708701585,-3.7401546382014064,-1.4236274053017297,-0.29737,-0.88557,-1.13983,-12.6,-31.3,-11.8
95.3749,6798.7685,1.1656108739530082,-3.9804022992270074,-1.3673155115963453,-0.23873,-0.97903,-1.04515,-12.3,-31.5,-11.5
95.3928,6798.7886,1.2040136436080442,-4.2374276979665755,-1.3516793059389816,-0.24972,-1.07982,-0.96207,-12.0,-31.8,-11.1
95.4173,6798.8086,1.1956253791435614,-4.485812386520438,-1.3534985624183609,-0.24422,-1.05783,-0.91381,-11.6,-32.0,-10.8
95.4371,6798.8286,1.1967922794649488,-4.695998466337144,-1.348763701957651,-0.1752,-0.83853,-0.80202,-11.1,-32.3,-10.5
95.4579,6798.8486,1.2120708711838082,-4.854494931544134,-1.3132544766316006,-0.03042,-0.64305,-0.58944,-10.7,-32.5,-10.4
95.4793,6798.8687,1.25795636725817,-4.960248444214696,-1.237153412767201,0.09542,-0.64733,-0.37564,-10.2,-32.6,-10.1
95.4958,6798.8887,1.3244622287663865,-5.00277062591584,-1.1102528312115982,0.20782,-0.79455,-0.2217,-9.8,-32.8,-10.0
95.5142,6798.9087,1.399953995338923,-4.988853223686014,-0.9419766268657472,0.21454,-0.8141,-0.16856,-9.3,-32.9,-10.0
95.5417,6798.9287,1.4763116991770504,-4.9428424223004255,-0.7616671739945513,0.23286,-0.62839,-0.11053,-8.9,-33.0,-9.9
95.5581,6798.9487,1.4796065319273433,-4.8227698622957815,-0.5586791219320499,0.2292,-0.52516,-0.02317,-8.6,-33.1,-9.6
95.5761,6798.9687,1.4123562642412164,-4.679411064571661,-0.38593413591324044,0.20598,-0.49339,0.06785,-8.2,-33.2,-9.6
95.5969,6798.9887,1.270929861487522,-4.529609648934823,-0.26522659676675353,0.22309,-0.30036,0.13138,-7.9,-33.2,-9.5
95.6129,6799.0087,1.0409000208775139,-4.369492352995224,-0.1886006942780618,0.33243,-0.05723,0.20346,-7.6,-33.3,-9.5
95.638,6799.0287,0.8020933663867118,-4.226975626034066,-0.15464145845142419,0.32938,-0.0554,0.19552,-7.5,-33.3,-9.4
95.6547,6799.0487,0.5470670215228963,-4.08489397463027,-0.1220109662194524,0.12229,-0.0438,0.1155,-7.3,-33.3,-9.2
95.676,6799.0687,0.3659350526717924,-3.9515399903531523,-0.07293393114431623,-0.19536,0.03317,-0.02012,-7.3,-33.4,-9.2
95.6928,6799.0887,0.3475299190453717,-3.821842541663234,0.007318714080557953,-0.52461,0.00141,-0.14412,-7.2,-33.4,-9.1
95.7215,6799.1087,0.4360985908118009,-3.691880916427718,0.12204196979523196,-0.73903,-0.07312,-0.19482,-7.2,-33.5,-9.2
95.7383,6799.1287,0.8085960722026037,-3.555183790756127,0.24216264588380199,-0.74697,-0.13481,-0.24308,-7.1,-33.5,-9.1
95.7579,6799.1487,1.2941027647105718,-3.396548208426011,0.3280163808562637,-0.51606,-0.11282,-0.27424,-7.1,-33.4,-9.0
95.7765,6799.1687,1.817054189010435,-3.201924147558178,0.3219037986310269,-0.27355,-0.12626,-0.28035,-7.1,-33.5,-9.1
95.7946,6799.1887,2.2614461796406644,-2.967632681340933,0.17999121310640298,0.05266,0.00202,-0.24919,-7.1,-33.5,-9.1
95.8185,6799.2087,2.5604981436804297,-2.6924879805589614,-0.10883391171720191,0.38863,0.13824,-0.1765,-7.1,-33.5,-9.1
95.8464,6799.2287,2.683704353134632,-2.4127315032754635,-0.5178625179731284,0.55418,0.15168,-0.10075,-7.1,-33.5,-9.1
95.863,6799.2486,2.5596984444875925,-2.219329378620931,-0.9693932604827928,0.58716,0.07044,-0.09892,-7.1,-33.5,-9.3
95.8815,6799.2686,2.31788153633391,-2.101676331197129,-1.3980080005700017,0.47965,0.0625,-0.16672,-7.1,-33.5,-9.4
95.9046,6799.2886,2.0416936838037083,-2.069554834162973,-1.7461841609796647,0.24813,-0.04502,-0.23025,-7.1,-33.6,-9.3
95.9172,6799.3086,1.7838155740790709,-2.1265503868540607,-1.9829805970512737,0.01478,-0.20751,-0.23087,-7.0,-33.6,-9.3
95.933,6799.3286,1.60239783732554,-2.232877360208649,-2.1078173809631604,0.00867,-0.15681,-0.15634,-6.9,-33.6,-9.3
95.9606,6799.3486,1.494209509520312,-2.3606128091582352,-2.139463770958855,0.08748,-0.17086,-0.08976,-6.8,-33.6,-9.2
95.9739,6799.3686,1.4114089081701118,-2.4790575554316825,-2.1024747918452027,0.08564,-0.18613,-0.0586,-6.6,-33.6,-9.1
95.997,6799.3886,1.3298871552406843,-2.5880806895024757,-2.033401262843565,0.06854,-0.32296,0.01165,-6.5,-33.6,-9.1
96.015,6799.4086,1.2038014989699315,-2.6585914952402674,-1.9396938166504034,0.15039,-0.4824,0.09717,-6.3,-33.6,-9.0
96.0346,6799.4286,1.0362884253941524,-2.6990742693580563,-1.8298544476197867,0.18399,-0.42253,0.13321,-6.3,-33.6,-9.0
96.0516,6799.4486,0.8329037891205232,-2.705060454776602,-1.694554956908263,0.12291,-0.2411,0.14115,-6.2,-33.6,-8.9
96.0734,6799.4686,0.6278279863402225,-2.7039349802311063,-1.5354137630325635,-0.01393,0.04661,0.07579,-6.1,-33.6,-8.6
96.0948,6799.4886,0.4558621317239961,-2.7122494329595668,-1.3539916820714932,-0.20085,0.18956,-0.04211,-6.1,-33.6,-8.4
96.112,6799.5086,0.37144125955009777,-2.7594436158296434,-1.1624040121196497,-0.31142,0.2201,-0.12763,-6.1,-33.7,-8.3
96.1358,6799.5286,0.36733272821017016,-2.8379173552844885,-0.9629357341708911,-0.30348,0.046,-0.2272,-6.0,-33.6,-8.1
96.1516,6799.5486,0.47755289029346243,-2.9597120844459504,-0.7716072130640637,-0.19291,0.0344,-0.15573,-5.9,-33.7,-8.0
96.1847,6799.5686,0.6294428184856277,-3.081681516933404,-0.5860290715368688,-0.09701,0.03806,-0.02745,-5.8,-33.6,-7.8
96.1976,6799.5886,0.8097059589680079,-3.179982657333789,-0.4129984373444415,0.03311,0.06921,0.1155,-5.8,-33.5,-7.8
96.2179,6799.6086,0.9770261179803349,-3.2321125163604534,-0.25420894243498005,0.19132,0.0741,0.15642,-5.7,-33.5,-7.7
96.235,6799.6286,1.0922609426021237,-3.225740780909673,-0.1076615514100201,0.26157,0.09487,0.15459,-5.7,-33.4,-7.7
96.2738,6799.6485,1.20841378385567,-3.1689101453316395,0.01737258261914576,0.26707,0.12847,0.13626,-5.6,-33.4,-7.7
96.276,6799.6685,1.188536150843812,-3.1122792081820503,0.12474391020356101,0.25119,0.18161,0.05074,-5.6,-33.3,-7.8
96.2917,6799.6885,1.1793091009025882,-3.0542642325437015,0.2043615193997752,0.23103,0.19139,-0.036,-5.6,-33.3,-7.7
96.3137,6799.7085,1.192389279394072,-3.0184247896010663,0.25760931794835784,0.25424,0.13824,-0.13313,-5.5,-33.3,-7.7
96.3362,6799.7285,1.2389652869830003,-3.02750964386009,0.2887457124611519,0.30067,0.21827,-0.16184,-5.5,-33.2,-7.7
96.3548,6799.7485,1.3233533603057368,-3.0942087535238967,0.3042103581226865,0.24264,0.26347,-0.17528,-5.5,-33.2,-7.6
96.378,6799.7685,1.4652136833418319,-3.1768994228142704,0.31667338896786923,0.1284,0.24637,-0.20215,-5.4,-33.2,-7.6
96.3936,6799.7885,1.65056877399454,-3.3000600085499836,0.3088605611966635,0.03555,0.23965,-0.18933,-5.2,-33.2,-7.6
96.4132,6799.8085,1.8656031901169199,-3.4125819156136425,0.27278748054374624,-0.04203,0.2091,-0.11663,-5.1,-33.2,-7.6
96.4428,6799.8285,2.0735198246882485,-3.5059365645487746,0.18339755986530193,-0.0964,0.04356,-0.05677,-5.0,-33.1,-7.5
96.4533,6799.8485,2.271768845786964,-3.5685287426536627,0.014564171724860131,-0.05302,-0.04135,-0.00729,-4.9,-33.0,-7.5
96.4726,6799.8685,2.4117125099465526,-3.5815222705830916,-0.2269433587988825,0.07709,0.03256,0.0654,-4.8,-33.0,-7.5
96.4982,6799.8885,2.4816519736235536,-3.539877152375768,-0.5154590692823344,0.29212,0.32272,0.13443,-4.7,-33.0,-7.5
96.5124,6799.9085,2.4302498773451187,-3.4962374891110413,-0.8078823238626267,0.29761,0.47483,0.23278,-4.6,-33.0,-7.5
96.5427,6799.9285,2.330038934424988,-3.4516096025523826,-1.0643146882310255,0.05327,0.36915,0.31464,-4.5,-33.0,-7.4
96.5557,6799.9485,2.2022826681259127,-3.430769183708651,-1.2535947004724797,-0.10922,0.17673,0.34396,-4.5,-33.1,-7.5
96.5752,6799.9685,2.112427284792001,-3.4311822268665595,-1.3745559098493239,-0.02065,0.05578,0.34335,-4.5,-33.0,-7.4
96.5945,6799.9885,2.079751722944174,-3.4273312003543674,-1.4362027481012891,0.04288,-0.09816,0.32869,-4.4,-33.0,-7.4
96.617,6800.0085,2.084360083537369,-3.4137976457610577,-1.4687762439304493,-0.02981,-0.11588,0.28532,-4.4,-33.0,-7.4
96.6427,6800.0285,2.0804214715800327,-3.382221106389662,-1.5014387937679228,-0.05486,0.07471,0.22973,-4.4,-33.0,-7.3
96.6527,6800.0485,2.0338988538389926,-3.3243672787271143,-1.5558907243280906,-0.04569,0.18711,0.2224,-4.4,-33.0,-7.4
96.6748,6800.0684,1.9174288182347998,-3.269562678470516,-1.648734810368115,-0.04203,0.26225,0.2224,-4.4,-32.9,-7.5
96.6923,6800.0884,1.7342725561547188,-3.2212395256222064,-1.7684517872314522,0.0325,0.24514,0.27127,-4.4,-32.8,-7.5
96.7167,6800.1084,1.5028441752406332,-3.1896805199886296,-1.8895303064511575,0.09053,0.19689,0.31464,-4.4,-32.8,-7.4
96.7363,6800.1284,1.2353435500896341,-3.16702928441085,-1.9690438385037918,0.14001,0.13397,0.391,-4.6,-32.7,-7.5
96.7539,6800.1484,0.9684703042411789,-3.151010831620123,-1.974507341669904,0.11802,-0.00348,0.40199,-4.7,-32.7,-7.5
96.7744,6800.1684,0.7510066724323315,-3.1503305286385364,-1.8909031488572356,0.05815,-0.09205,0.37328,-4.8,-32.6,-7.4
96.7963,6800.1884,0.6185129468390931,-3.158084572782212,-1.7107456709846858,0.05999,-0.19101,0.29753,-5.0,-32.5,-7.4
96.8144,6800.2084,0.5838659084508325,-3.1540087320476,-1.4364280400131406,0.08809,-0.21423,0.23278,-5.1,-32.4,-7.5
96.8393,6800.2284,0.6522529280201292,-3.154684392956007,-1.0991552885856315,0.0496,-0.27776,0.1778,-5.3,-32.4,-7.6
96.8559,6800.2484,0.7819438509794086,-3.129944408229193,-0.7212346085782979,-0.0011,-0.16719,0.12405,-5.4,-32.3,-7.5
96.8897,6800.2684,0.9451995253174084,-3.1355498589514963,-0.36366699497466115,-0.05974,-0.09694,0.09595,-5.6,-32.3,-7.5
96.9128,6800.2884,1.1013189769364213,-3.131231616802623,-0.05477366769803815,-0.05608,-0.34678,0.12099,-5.7,-32.2,-7.5
96.9261,6800.3084,1.2038334304515093,-3.1041914395407866,0.1747443459809812,0.00012,-0.65588,0.09411,-5.8,-32.1,-7.5
96.9351,6800.3284,1.223266788608642,-3.0705026888885683,0.302370086490237,0.05143,-0.64672,-0.01584,-5.9,-32.0,-7.5
96.9541,6800.3484,1.1920967844693307,-3.066448810907095,0.32063226225280417,0.09419,-0.3419,-0.13679,-6.0,-31.9,-7.4
96.9833,6800.3684,1.1426074879169352,-3.0746617222929604,0.26694352353779216,0.05632,-0.21667,-0.18444,-6.1,-31.9,-7.4
96.995,6800.3884,1.124859233313296,-3.1206688366567463,0.1801705259602553,-0.0909,-0.19896,-0.19605,-6.3,-31.9,-7.3
97.0116,6800.4084,1.2176919577177812,-3.188915091207238,0.10588445464653873,-0.29676,-0.21789,-0.29195,-6.4,-31.8,-7.4
97.0339,6800.4284,1.4236937575216957,-3.270857154355037,0.07572879733236881,-0.57715,-0.32907,-0.46971,-6.5,-31.8,-7.5
97.052,6800.4484,1.789123898757647,-3.357888070460365,0.08050621251581802,-0.89541,-0.46957,-0.55768,-6.5,-31.8,-7.5
97.0735,6800.4683,2.215150128644927,-3.433642088184443,0.09411107596623047,-1.03346,-0.59541,-0.47582,-6.5,-31.8,-7.6
97.0937,6800.4883,2.6809711469258635,-3.4532308319729546,0.0525668411222,-0.76224,-0.60762,-0.42451,-6.6,-31.7,-7.8
97.1117,6800.5083,3.0878313960999453,-3.3828525336032116,-0.10016005749758605,-0.19719,-0.36083,-0.41474,-6.5,-31.7,-7.8
97.1401,6800.5283,3.3354044649129526,-3.210575472174836,-0.38050888224188206,0.26157,0.00874,-0.34143,-6.5,-31.6,-7.9
97.1561,6800.5483,3.3191187264030653,-3.019617545670395,-0.7552194869611544,0.2518,0.07227,-0.24308,-6.4,-31.6,-8.0
97.1747,6800.5683,3.084910645387508,-2.8282613884304175,-1.1539002692018236,0.09725,0.08937,-0.22537,-6.3,-31.6,-8.2
97.2003,6800.5883,2.715471319875029,-2.664377436667862,-1.4979803275152435,-0.01698,0.22071,-0.182,-6.2,-31.6,-8.4
97.2167,6800.6083,2.3432784378792717,-2.5819415781781427,-1.7492210438416773,-0.08479,0.24453,-0.13496,-6.1,-31.6,-8.5
97.2481,6800.6283,2.035207386467642,-2.552746899693132,-1.8630151187517878,-0.17336,-0.02425,-0.10625,-5.9,-31.5,-8.7
97.2568,6800.6483,1.8717903055723284,-2.5540809341510964,-1.8485587660094707,-0.16726,-0.27531,-0.05005,-5.8,-31.6,-9.0
97.2742,6800.6683,1.8079767473785693,-2.5700260248445552,-1.7263305684856007,0.05021,-0.28997,0.03303,-5.6,-31.6,-9.1
97.2925,6800.6883,1.7942003657381778,-2.5610082673566463,-1.533580774248291,0.09175,-0.18735,0.13626,-5.5,-31.6,-9.3
97.3147,6800.7083,1.774894569445033,-2.514606057108359,-1.3182883460972512,0.00623,-0.09389,0.16559,-5.3,-31.5,-9.4
97.3435,6800.7283,1.719965352606747,-2.439177561803207,-1.127550474717511,-0.02431,-0.03219,0.12038,-5.2,-31.5,-9.6
97.3543,6800.7483,1.614248528545392,-2.3263916281788197,-0.9857734188772245,0.08198,-0.09694,0.09778,-5.2,-31.5,-9.6
97.3748,6800.7683,1.4878635226392878,-2.230847665999097,-0.9194820047255092,0.18338,-0.21789,0.06418,-5.1,-31.5,-9.7
97.3965,6800.7883,1.3379879249334294,-2.1531803248832357,-0.9137232502488573,0.15895,-0.14642,-0.0305,-5.1,-31.5,-9.8
97.4282,6800.8083,1.1740331820373322,-2.0925959274676917,-0.9425038443077671,0.01661,0.04478,-0.10442,-5.0,-31.5,-9.8
97.4406,6800.8283,1.0188626740854747,-2.0933332822417303,-0.9858974161862069,-0.07563,0.12297,-0.15023,-5.0,-31.5,-9.7
97.4563,6800.8483,0.9027776006374916,-2.1357516769127636,-1.0106299449183016,-0.06646,0.11381,-0.16184,-5.0,-31.5,-9.8
97.4725,6800.8683,0.8456996916625565,-2.216839685147738,-0.9948986268376547,-0.01759,0.00019,-0.11358,-4.9,-31.4,-9.7
97.4918,6800.8882,0.8479682712836846,-2.314737561490255,-0.9249743511503272,0.09481,-0.08717,-0.06104,-4.9,-31.4,-9.8
97.5164,6800.9082,0.8969474840206778,-2.4007104588330277,-0.7999643421029301,0.19804,-0.06945,-0.04089,-4.9,-31.4,-9.8
97.5373,6800.9282,0.9510850393111255,-2.4567763813963066,-0.6313870480696089,0.20293,0.13702,-0.0305,-5.0,-31.4,-9.8
97.5578,6800.9482,0.9985913513231416,-2.484429388125045,-0.4450644120683602,0.21392,0.24087,-0.05433,-4.9,-31.4,-9.8
97.5746,6800.9682,1.0299412806776296,-2.51148226115792,-0.2724071519164486,0.24813,0.17367,-0.09281,-5.0,-31.4,-9.9
97.5925,6800.9882,1.0572602099169102,-2.5504206687663786,-0.13360481266399304,0.30311,0.00202,-0.17406,-5.0,-31.3,-9.9
97.6164,6801.0082,1.1045266618080538,-2.6018487851444076,-0.03264150725284587,0.36114,-0.1678,-0.24553,-5.0,-31.4,-10.1
97.6365,6801.0282,1.1360737115679544,-2.6775939312025665,0.04471695821590593,0.42528,-0.09511,-0.30234,-5.0,-31.5,-10.0
97.6522,6801.0482,1.1569796660150224,-2.778868419438268,0.11915859819155195,0.41429,0.22743,-0.29989,-4.9,-31.5,-10.0
97.6753,6801.0682,1.2273889930154416,-2.855883508457972,0.21550726421176947,0.29456,0.24392,-0.31272,-4.8,-31.5,-10.0
97.6938,6801.0882,1.3384449156982448,-2.9671827938364967,0.319400056540859,0.11191,0.23476,-0.34693,-4.7,-31.6,-10.0
97.7119,6801.1082,1.5151468264730454,-3.0991669802606387,0.40784864165470225,-0.04447,0.00935,-0.36953,-4.6,-31.6,-10.0
97.7372,6801.1282,1.7393310785548275,-3.2433710893190386,0.4397304820186303,-0.07563,-0.34007,-0.33655,-4.5,-31.7,-10.1
97.7635,6801.1482,1.9823705090406212,-3.389085688387571,0.3669019808032843,-0.08906,-0.49706,-0.26568,-4.4,-31.8,-10.0
97.7725,6801.1682,2.1823583771257398,-3.4830836088343404,0.1749051644914914,0.00562,-0.37244,-0.21804,-4.4,-31.9,-9.9
97.7941,6801.1882,2.308002349016566,-3.50252659619987,-0.1280184093983774,0.25058,0.08204,-0.2046,-4.3,-32.0,-9.9
97.816,6801.2082,2.317829641804963,-3.4757031358532506,-0.49938654293883467,0.34221,0.42963,-0.14534,-4.2,-32.1,-9.9
97.8378,6801.2282,2.2269751854451094,-3.4555353340918917,-0.8795654384914346,0.25302,0.32761,-0.05677,-4.1,-32.2,-9.9
97.8579,6801.2482,2.0984326683049694,-3.466563289447975,-1.2006073233842347,0.0832,-0.07128,0.03364,-3.9,-32.2,-9.7
97.8742,6801.2682,2.0135162464030576,-3.47953272087588,-1.3995280175866611,0.03555,-0.2631,0.20651,-3.8,-32.2,-9.6
97.8937,6801.2881,2.0308358001825693,-3.4814006965809554,-1.4570077404717878,0.10397,-0.26432,0.28654,-3.6,-32.3,-9.4
97.9112,6801.3081,2.1487989060735457,-3.4431332170399678,-1.3831882607649817,0.0044,-0.27531,0.25905,-3.6,-32.3,-9.2
97.9406,6801.3281,2.3169829051237123,-3.412280421372068,-1.2493074535930067,-0.18314,-0.30219,0.15703,-3.5,-32.3,-9.1
97.9544,6801.3481,2.506419000409935,-3.325011623676059,-1.1078611492162729,-0.15748,-0.25821,0.04341,-3.5,-32.4,-9.1
97.9779,6801.3681,2.643230420518862,-3.241002163517795,-1.040435494226358,0.03861,-0.19285,-0.01156,-3.5,-32.5,-9.1
97.9938,6801.3881,2.6675512874565643,-3.1485384294823766,-1.0679512455474995,0.24813,0.00202,-0.05188,-3.5,-32.5,-9.1
98.0119,6801.4081,2.5565717846991127,-3.0565687755583517,-1.1822667628257069,0.23714,0.2818,-0.00485,-3.6,-32.5,-9.1
98.0331,6801.4281,2.324207990667182,-2.976076662346813,-1.346334927359095,0.06243,0.28974,0.05563,-3.6,-32.6,-9.1
98.0563,6801.4481,2.024735654455195,-2.9204261533110873,-1.5153876140462081,0.05449,0.12358,0.05258,-3.6,-32.6,-9.0
98.0721,6801.4681,1.7221438119199064,-2.8821660581125186,-1.6410744777963124,0.1339,-0.05418,0.07701,-3.6,-32.6,-9.0
98.0965,6801.4881,1.481757906950294,-2.8584654633555617,-1.6927980507659175,0.14062,-0.12993,0.08068,-3.7,-32.6,-9.0
98.1151,6801.5081,1.3161044523362753,-2.8371718730469473,-1.6496715578871015,0.04899,-0.06579,0.01653,-3.7,-32.6,-9.0
98.1366,6801.5281,1.2370892325319998,-2.8314391145481177,-1.5236051328337137,-0.03103,-0.00592,-0.04028,-3.8,-32.6,-8.9
98.1608,6801.5481,1.2377110216650373,-2.849258996253738,-1.33898309745204,-0.00782,-0.01875,-0.06776,-3.9,-32.6,-8.8
98.176,6801.5681,1.2990507510146863,-2.9020727340540806,-1.1302600300676584,0.05999,-0.02975,-0.06654,-4.0,-32.6,-8.7
98.1923,6801.5881,1.3876571319679087,-2.979988189236669,-0.9269772872670092,0.04288,-0.04135,-0.07448,-4.0,-32.6,-8.7
98.2142,6801.6081,1.4649562781742844,-3.0729494596864018,-0.7558643558479439,0.01967,-0.08045,-0.07815,-4.1,-32.6,-8.7
98.2392,6801.6281,1.4910031501926777,-3.1708924620229046,-0.6345445368712586,0.03677,-0.22705,-0.07693,-4.2,-32.6,-8.7
98.2742,6801.6481,1.4450547280790156,-3.2628079884417485,-0.5677053079320835,0.02883,-0.30097,-0.04883,-4.1,-32.6,-8.6
98.2799,6801.6681,1.3108437898989136,-3.303826282581101,-0.5279668448752695,0.027,-0.2631,-0.07204,-4.1,-32.6,-8.4
98.293,6801.688,1.1345563260731941,-3.321238307908831,-0.5020832537706372,0.0606,-0.1904,-0.11236,-4.1,-32.6,-8.4
98.3113,6801.708,0.9723069741370934,-3.3215286385232594,-0.45704894923498607,0.05938,-0.14581,-0.09892,-4.1,-32.6,-8.3
98.3343,6801.728,0.8873324960204099,-3.3217976392165407,-0.3658175059991535,-0.02859,-0.21789,-0.04638,-4.1,-32.6,-8.2
98.3532,6801.748,0.9358695377030165,-3.3255998187115017,-0.21315509281596157,-0.21002,-0.2576,0.00187,-4.1,-32.6,-8.2
98.3745,6801.768,1.1310640366164428,-3.335523551886021,-0.006764613455267465,-0.41038,-0.28753,-0.03966,-4.1,-32.7,-8.2
98.392,6801.788,1.486180211968344,-3.3340571129505974,0.22153842857108152,-0.61563,-0.39016,-0.16611,-4.1,-32.7,-8.0
98.4152,6801.808,1.8972723088363954,-3.3190660858615,0.42297429575124745,-0.73414,-0.46102,-0.27973,-4.1,-32.7,-7.8
98.4426,6801.828,2.3297494299644375,-3.267504183331648,0.5316480669821448,-0.51239,-0.35473,-0.36159,-4.0,-32.7,-8.0
98.4572,6801.848,2.7600191442726283,-3.1772545202158877,0.47634310060794505,-0.09212,-0.23927,-0.37931,-4.0,-32.6,-8.0
98.4785,6801.868,3.0660738160081293,-3.027096716617868,0.2580061534352023,0.31472,-0.12993,-0.29806,-3.9,-32.6,-8.1
98.4965,6801.888,3.1597261601922697,-2.8511577671222823,-0.07641433686339738,0.52241,-0.08411,-0.20949,-3.9,-32.6,-8.2
98.5152,6801.908,3.049921097029277,-2.673056903958572,-0.4505978314965411,0.40757,-0.10183,-0.15512,-3.8,-32.6,-8.3
98.5444,6801.928,2.8174088880041097,-2.5239850503074446,-0.797296814531709,0.11985,-0.22156,-0.10564,-3.7,-32.6,-8.2
98.5596,6801.948,2.5203371005633928,-2.3995046348040363,-1.0524148398700781,-0.03592,-0.31074,-0.1374,-3.7,-32.6,-8.3
98.5802,6801.968,2.26261250051429,-2.3121124743395693,-1.2107353163291847,0.01478,-0.20629,-0.19788,-3.7,-32.6,-8.3
98.5949,6801.988,2.0719076454457444,-2.2649097535098157,-1.2817157697135517,-0.02187,-0.00165,-0.23759,-3.6,-32.6,-8.2
98.6125,6802.008,1.9338521138313751,-2.248690831075434,-1.2896124679525744,-0.15687,0.16817,-0.26324,-3.6,-32.6,-8.2
98.6369,6802.028,1.813288760595271,-2.2490915440635035,-1.2645360177842466,-0.26499,0.20605,-0.2663,-3.5,-32.6,-8.3
98.6546,6802.048,1.7247543911521357,-2.3019821744787405,-1.257287827859713,-0.25766,0.08876,-0.21315,-3.4,-32.5,-8.3
98.6732,6802.068,1.6512679660008431,-2.376539716006406,-1.2816549255551468,-0.10678,-0.11832,-0.15817,-3.2,-32.5,-8.3
98.702,6802.088,1.5925947758413097,-2.4618860116455057,-1.3442160080824337,0.02028,-0.35411,-0.13557,-3.2,-32.4,-8.4
98.715,6802.1079,1.5182049406266216,-2.5215680278251638,-1.4227675916326952,0.10519,-0.39321,-0.14473,-3.1,-32.4,-8.4
98.7458,6802.1279,1.444488033691166,-2.5743539296407816,-1.5083548281134576,0.12291,-0.21911,-0.13252,-2.9,-32.4,-8.4
98.7551,6802.1479,1.3406965844521979,-2.6249336048275422,-1.5742975738575904,-0.00599,0.01607,-0.07143,-2.8,-32.4,-8.4
98.7737,6802.1679,1.2365802293285726,-2.6911299761328915,-1.6091049261038552,-0.11716,0.08021,-0.03844,-2.7,-32.4,-8.3
98.7924,6802.1879,1.149599885361294,-2.782883871381158,-1.6011314586401344,-0.08051,-0.04563,-0.05371,-2.7,-32.3,-8.2
98.8125,6802.2079,1.0921019679109665,-2.893223316061211,-1.5396814310757474,-0.07624,0.11442,-0.07509,-2.6,-32.3,-8.1
98.8387,6802.2279,1.0663991611754062,-3.0066123582289745,-1.4183268982759731,-0.14649,0.19627,0.00798,-2.5,-32.2,-8.1
98.8616,6802.2479,1.0887857596935222,-3.117133017914789,-1.2444187213584321,-0.14099,0.15046,0.07884,-2.4,-32.2,-8.1
98.8754,6802.2679,1.1630403956722737,-3.1935913730761314,-1.0215392576209297,-0.05608,-0.01386,0.13932,-2.3,-32.2,-8.1
98.9059,6802.2879,1.2742106621726585,-3.2390301241335213,-0.7675424038963499,0.07892,-0.1226,0.20102,-2.2,-32.1,-8.1
98.9132,6802.3079,1.406789378440906,-3.182915671601028,-0.4759186483085145,0.05082,0.27813,0.28287,-2.2,-32.0,-8.2
98.9416,6802.3279,1.5505262585375008,-3.0738807206522596,-0.18447644932055063,-0.00171,0.42901,0.28165,-2.1,-32.0,-8.0
98.9645,6802.3479,1.6877119400207992,-2.9296758667399705,0.08317243469550739,0.10397,0.3441,0.20224,-2.1,-32.0,-8.1
98.978,6802.3679,1.7978345455549467,-2.8104328316961986,0.29601421778387405,0.18888,0.17245,0.07701,-2.1,-32.0,-8.0
98.9923,6802.3879,1.8713394273191823,-2.7455631866771957,0.4383747831952114,0.30983,0.11381,-0.02073,-2.2,-32.0,-8.0
99.0158,6802.4079,1.9204130574696976,-2.7376582957125755,0.5055231278016805,0.34221,-0.00287,-0.09098,-2.2,-31.9,-8.0
99.0381,6802.4279,1.889754955867199,-2.759640268049816,0.5203135015924296,0.35992,-0.01875,-0.12457,-2.2,-31.8,-7.9
99.0587,6802.4479,1.7796748974467924,-2.7876246197768895,0.49877149513664953,0.4992,0.54691,-0.20215,-2.2,-31.8,-7.8
99.0759,6802.4679,1.6202747854766861,-2.836842621108995,0.4396211453792258,0.41795,0.79431,-0.23575,-2.2,-31.8,-7.8
99.0985,6802.4879,1.5039147691832393,-2.880076345714647,0.33827184936063226,0.32632,0.55241,-0.13862,-2.2,-31.8,-7.7
99.1127,6802.5078,1.4139466708777952,-2.9910145203216674,0.17226912570087904,0.45644,0.11808,-0.1484,-2.2,-31.8,-7.7
99.1393,6802.5278,1.441041325263982,-3.135174291406792,-0.0700295199320653,0.37703,-0.38466,-0.15329,-2.2,-31.9,-7.6
99.1547,6802.5478,1.4917864181939544,-3.252880271975778,-0.3580495407441564,0.11435,-0.78905,-0.01951,-2.2,-31.9,-7.5
99.1743,6802.5678,1.5864880133156651,-3.3368255694362743,-0.6790813512722096,-0.08173,-0.3755,0.00065,-2.2,-32.0,-7.5
99.1963,6802.5878,1.7175344109010824,-3.354961319999254,-0.9924103511791404,-0.04753,0.41374,-0.00423,-2.2,-32.0,-7.3
99.2146,6802.6078,1.882164869256261,-3.3404638629630306,-1.2720297586873084,0.11863,0.8725,-0.02317,-2.2,-32.0,-7.1
99.2414,6802.6278,2.086586171208231,-3.2864796685078286,-1.4776845340184792,0.2292,0.75338,0.06296,-2.2,-32.0,-7.1
99.2556,6802.6478,2.2626055906006335,-3.2777513082892753,-1.594271983046747,0.25791,0.3942,0.20163,-2.1,-32.0,-6.9
99.2731,6802.6678,2.440253689487413,-3.2562096895431076,-1.591960637774294,0.09664,0.16207,0.36045,-2.1,-32.0,-6.8
99.2938,6802.6878,2.609122862603213,-3.213271083105478,-1.47755864460607,-0.10006,-0.10061,0.48079,-2.1,-32.0,-6.7
99.3134,6802.7078,2.7679005918299455,-3.1060106785023427,-1.2775850508405746,-0.16176,-0.31258,0.5095,-2.1,-32.0,-6.5
99.3376,6802.7278,2.896367762475739,-2.9366893062775294,-1.0550480187650333,-0.0518,-0.15314,0.4191,-2.1,-32.0,-6.5
99.3516,6802.7478,2.9509135770379658,-2.682276198903719,-0.8625020077024601,0.18644,0.18222,0.15887,-2.2,-32.1,-6.6
99.3737,6802.7678,2.900485487884731,-2.3958794860116304,-0.759320526387425,0.23408,0.5011,-0.06104,-2.3,-32.0,-6.4
99.3923,6802.7878,2.7106477159567945,-2.1747983528732995,-0.7674204720536135,0.1565,0.50965,-0.20887,-2.3,-31.9,-6.3
99.4161,6802.8078,2.4193353502118846,-2.0440958491672014,-0.866364821955429,0.14551,0.40824,-0.19238,-2.3,-31.9,-6.2
99.4405,6802.8278,2.0801791318270935,-2.0363592394047094,-1.0178150966687003,0.0832,0.10587,-0.04577,-2.3,-31.8,-6.1
99.454,6802.8478,1.7617148329232326,-2.1077828915362313,-1.1700105222374546,-0.03653,-0.06518,0.03669,-2.4,-31.7,-6.0
99.4727,6802.8678,1.5155387703263135,-2.2027975881894526,-1.2802453422054594,0.01539,0.03806,-0.01095,-2.5,-31.6,-5.7
99.495,6802.8878,1.3606875706931005,-2.292497962673711,-1.3285370329989714,0.0606,0.05578,-0.06043,-2.5,-31.5,-5.7
99.5162,6802.9078,1.2829111559683823,-2.375818391146393,-1.3187882978547627,0.0496,-0.06823,-0.10991,-2.5,-31.5,-5.6
99.5409,6802.9277,1.257741053029897,-2.462136740914644,-1.2706602852031175,-0.06219,-0.06273,-0.10136,-2.5,-31.5,-5.5
99.5591,6802.9477,1.2788568755466263,-2.5689215172277624,-1.2126280848707687,-0.17947,0.04539,-0.06838,-2.6,-31.5,-5.5
99.5808,6802.9677,1.3367877545024283,-2.6956778738904736,-1.1626913992264516,0.01356,-0.16536,-0.10747,-2.7,-31.4,-5.5
99.5953,6802.9877,1.4218927991638686,-2.840696448275008,-1.1286148507238138,0.07892,-0.1904,-0.11053,-2.7,-31.4,-5.4
99.6132,6803.0077,1.5181797263720587,-2.996193255993937,-1.1049443859047638,0.09542,-0.25027,-0.14718,-2.6,-31.4,-5.5
99.636,6803.0277,1.5985246131732862,-3.151810563069326,-1.0768848000170888,0.02333,-0.28814,-0.20826,-2.6,-31.4,-5.3
99.659,6803.0477,1.6428350292339222,-3.2990451728208585,-1.0313344019019919,-0.11045,-0.28448,-0.18077,-2.5,-31.3,-5.1
99.6745,6803.0677,1.6582633174451689,-3.4218400916142278,-0.9621290481947398,-0.08845,-0.20873,-0.01584,-2.4,-31.3,-5.2
99.6916,6803.0877,1.6368020815512898,-3.513187513534553,-0.8670828509442181,0.1168,-0.2973,0.09595,-2.4,-31.3,-5.3
99.7162,6803.1077,1.5960341087500836,-3.584393306943091,-0.7534209403353831,0.31716,-0.34556,0.13626,-2.4,-31.2,-5.3
99.7451,6803.1277,1.5374598711972003,-3.626314802932858,-0.6103943862475525,0.36786,-0.43658,0.12466,-2.4,-31.2,-5.2
99.7534,6803.1477,1.3902742862413475,-3.569867285684349,-0.39032807481859066,0.35442,-0.39871,0.11733,-2.3,-31.2,-5.3
99.7733,6803.1677,1.3003377823859332,-3.5107944730767606,-0.15123068018557362,0.10214,-0.24049,0.09045,-2.2,-31.2,-5.1
99.7932,6803.1877,1.2968023234220123,-3.4376327924307044,0.0992570640872863,-0.1471,-0.08045,0.02142,-2.3,-31.2,-5.1
99.8118,6803.2077,1.4296267815708732,-3.3638343888348237,0.32703592705404105,-0.19169,-0.05113,-0.04638,-2.3,-31.2,-5.2
99.8368,6803.2277,1.6784541135406068,-3.2889237185017968,0.5014656756982401,-0.21063,-0.19224,-0.09098,-2.3,-31.1,-5.2
99.8612,6803.2477,2.023283606446109,-3.1922285384257,0.5923947415049682,-0.48491,-0.22339,-0.18322,-2.3,-31.1,-5.2
99.8762,6803.2677,2.439524036348267,-3.076316098309332,0.5609556615940026,-0.4,0.07471,-0.25041,-2.2,-31.0,-5.0
99.8949,6803.2878,2.809093495279514,-2.9178603874783113,0.4075483020847166,-0.06524,0.23354,-0.28951,-2.2,-31.0,-5.1
99.9135,6803.3078,3.0814868061384586,-2.7443717566524386,0.13215017912282256,0.09908,0.14313,-0.12335,-2.2,-30.9,-5.0
99.9333,6803.3278,3.2141915685254423,-2.569969166552842,-0.22487561169218218,0.34282,-0.10183,-0.12641,-2.1,-30.9,-5.1
99.9531,6803.3478,3.1945658095616145,-2.396456636531564,-0.591985767485177,0.36847,-0.13909,-0.08792,-2.1,-30.8,-5.0
99.9736,6803.3679,3.0634260419293677,-2.221612366325806,-0.8978960365534441,0.30372,-0.09328,-0.09648,-2.0,-30.7,-4.9
99.9966,6803.3879,2.8974234113258523,-2.0638356977809016,-1.100317001161212,0.10458,-0.01753,-0.07937,-2.0,-30.7,-4.8
100.0122,6803.4079,2.773772049312474,-1.9650318438836643,-1.1944056323531917,-0.10311,0.03134,-0.00362,-1.9,-30.6,-4.6
100.0348,6803.428,2.7355878874176884,-1.9603491204817296,-1.2022217028581466,-0.19291,-0.16658,0.03792,-1.8,-30.5,-4.5
100.0523,6803.448,2.7941476188826013,-2.030934686433293,-1.1607049365473543,-0.21246,-0.64489,-0.05982,-1.9,-30.5,-4.6
100.072,6803.468,2.893139262789617,-2.156818342086754,-1.1085447542117954,-0.44276,-0.54776,-0.06532,-1.8,-30.5,-4.8
100.1014,6803.488,2.9617579843689663,-2.2830565300481873,-1.07286541658544,-0.535,-0.04929,-0.17711,-1.7,-30.4,-4.8
100.1124,6803.5081,3.0326587604547774,-2.41497301700984,-1.1127127851696255,-0.1361,0.22987,-0.18627,-1.7,-30.4,-4.8
100.1381,6803.5281,3.0154088497696976,-2.510957887219888,-1.2000719754645814,0.13268,0.29401,-0.07571,-1.6,-30.3,-4.7
100.1536,6803.5481,2.9083072687589935,-2.6363510505521437,-1.3323143585320842,0.02456,0.0967,0.1271,-1.5,-30.2,-4.7
100.1718,6803.5682,2.735187244303235,-2.7670371693869513,-1.4669947184364034,-0.07379,-0.10183,0.28043,-1.4,-30.1,-4.6
100.1924,6803.5882,2.547693815103153,-2.8856699084768866,-1.5654127411510146,-0.00477,-0.27226,0.26882,-1.3,-30.0,-4.4
100.2144,6803.6082,2.4001388709489113,-2.9688513305587207,-1.5962010559804067,0.05388,-0.23377,0.20346,-1.3,-30.0,-4.4
100.2498,6803.6282,2.3146793772372813,-3.0287287750037812,-1.5512815553980204,-0.05058,0.13641,0.17658,-1.4,-30.0,-4.4
100.2524,6803.6483,2.321639043178693,-3.0757394995413914,-1.4480388751130722,-0.10922,0.30623,0.19979,-1.4,-30.0,-4.4
100.2759,6803.6683,2.3621616339274465,-3.1417022711630147,-1.3052805639090526,-0.14893,0.35693,0.234,-1.4,-30.0,-4.5
100.2936,6803.6883,2.4356300944697167,-3.2419901866486986,-1.160965399002702,-0.03164,0.25247,0.27371,-1.5,-29.9,-4.5
100.3123,6803.7084,2.5076921864360955,-3.365452598771967,-1.032864027266049,0.06732,0.1694,0.24622,-1.5,-29.9,-4.6
100.334,6803.7284,2.5561496301352693,-3.4925511386515335,-0.9296644608648457,0.08198,0.32639,0.33968,-1.6,-29.9,-4.6
100.3521,6803.7484,2.5593975543385987,-3.6019673102545187,-0.8460736902867527,0.14001,0.49499,0.42215,-1.6,-29.8,-4.5
100.3768,6803.7684,2.533702258804958,-3.6881745054678094,-0.782205103028252,0.162,0.61655,0.44048,-1.7,-29.7,-4.3
100.3995,6803.7885,2.485885417671613,-3.7574041032570813,-0.7343505485506405,0.11985,0.67275,0.46063,-1.8,-29.7,-4.3
100.4167,6803.8085,2.44141123517677,-3.8150212998163284,-0.7040590143693883,0.07404,0.69963,0.49423,-1.9,-29.7,-4.2
100.435,6803.8285,2.430934188461517,-3.855485996003884,-0.6939263660794541,0.11619,0.67519,0.55226,-2.0,-29.7,-4.2
100.4564,6803.8485,2.464236341530714,-3.871584295869539,-0.7056572155950569,0.18827,0.71184,0.62435,-2.1,-29.7,-4.1
100.4722,6803.8685,2.509036770875522,-3.8511436267741823,-0.731478443048518,0.21026,0.81264,0.70315,-2.3,-29.7,-4.1
100.4979,6803.8885,2.574725975898748,-3.798444990094584,-0.7826266525742795,0.18949,0.93909,0.75874,-2.5,-29.7,-4.2
100.5144,6803.9085,2.5975769823223573,-3.717857084504386,-0.8469716685399735,0.22003,0.92687,0.79294,-2.7,-29.7,-4.2
100.5352,6803.9285,2.601359038258736,-3.62721180596044,-0.9373231027090636,0.27623,0.84379,0.79233,-3.0,-29.7,-4.1
100.5517,6803.9485,2.5580214141342776,-3.531778709750447,-1.0401508903929724,0.35076,0.85601,0.81249,-3.2,-29.7,-4.1
100.5814,6803.9685,2.526760308674127,-3.442659997827668,-1.164329186877632,0.35259,0.85295,0.80211,-3.5,-29.6,-4.1
100.5979,6803.9885,2.4278520928332186,-3.3569342337959713,-1.2695209891965025,0.30494,0.9904,0.77951,-3.7,-29.6,-4.0
100.6154,6804.0085,2.326481973044382,-3.2835503571985414,-1.3624727117310478,0.15895,1.20237,0.74652,-4.0,-29.6,-3.9
100.6408,6804.0285,2.2448441870611977,-3.225272754836896,-1.4369730917720016,0.07159,1.21642,0.7117,-4.2,-29.6,-3.8
100.6553,6804.0485,2.2055016603051905,-3.195937738556196,-1.4952244377382353,-0.0121,1.16144,0.72025,-4.4,-29.6,-3.7
100.6825,6804.0685,2.204828461697749,-3.1805575373932347,-1.526732768165509,-0.08357,1.12112,0.74652,-4.8,-29.6,-3.7
100.696,6804.0885,2.2681226287530016,-3.15951782328437,-1.5326092589127907,-0.10556,1.16755,0.75507,-5.1,-29.5,-3.6
100.7148,6804.1085,2.36473875611537,-3.123937793450343,-1.5076345919130425,-0.00415,1.28667,0.76057,-5.5,-29.4,-3.6
100.7426,6804.1285,2.480251022244819,-3.0670342356273763,-1.4535281929039137,0.07037,1.37647,0.78928,-5.9,-29.4,-3.6
100.7684,6804.1484,2.6088869625332367,-3.0181523640059313,-1.3871960382419992,0.04471,1.33065,0.80211,-6.3,-29.3,-3.6
100.7811,6804.1684,2.752872211024223,-2.993486929101713,-1.3210433803440775,-0.03287,1.22864,0.80822,-6.6,-29.3,-3.6
100.8008,6804.1884,2.895815871430243,-2.972073577809416,-1.2471725835584753,-0.06768,1.07959,0.77095,-6.9,-29.2,-3.6
100.8171,6804.2084,3.038051896290327,-2.9438517637209953,-1.1667454027476314,-0.0182,1.19932,0.73919,-7.3,-29.1,-3.7
100.8431,6804.2284,3.149576998959403,-2.8783458624612184,-1.06363482475183,0.04105,1.44672,0.7288,-7.6,-28.9,-3.8
100.8585,6804.2484,3.2589074429852394,-2.8310068935087873,-0.9708172845114351,0.01478,1.47115,0.73736,-8.0,-28.8,-3.9
100.8788,6804.2684,3.34160731372484,-2.777315938242503,-0.8746416206489478,0.02395,1.21581,0.78561,-8.3,-28.7,-3.9
100.9013,6804.2884,3.3981303162464838,-2.7257641103359167,-0.7803998447651814,0.1058,0.98979,0.82349,-8.6,-28.5,-4.0
100.9117,6804.3084,3.413848422373362,-2.683358998030877,-0.6868462864821776,0.11802,1.04965,0.81616,-8.9,-28.4,-4.1
100.9541,6804.3284,3.3589121515042577,-2.5801906737326648,-0.5660783577054573,0.04105,1.24147,0.77279,-9.2,-28.3,-4.3
100.9557,6804.3484,3.3314685957778796,-2.5483509401401383,-0.49550913166307176,-0.00477,1.2885,0.68543,-9.6,-28.2,-4.5
100.9797,6804.3684,3.2500202032756143,-2.4777877643571578,-0.4174299906123746,0.01723,1.18404,0.60846,-9.8,-28.0,-4.8
100.9974,6804.3884,3.199149015566917,-2.4318332695674876,-0.3785908123023223,0.05815,1.11135,0.59808,-10.1,-27.9,-5.2
101.0123,6804.4084,3.1691408985584157,-2.4015478084755797,-0.36804109388850037,0.08931,1.1254,0.65122,-10.3,-27.8,-5.3
101.0342,6804.4284,3.134270027697077,-2.362082384832551,-0.36308797986397856,0.15956,1.2433,0.69948,-10.5,-27.6,-5.6
101.0553,6804.4484,3.0918570869641546,-2.3366622867290756,-0.36049057629466574,0.2011,1.18404,0.73247,-10.7,-27.5,-5.9
101.0737,6804.4684,3.0364477179470715,-2.3360926895917076,-0.3552428747979963,0.21576,1.0973,0.76973,-11.0,-27.4,-6.2
101.0923,6804.4884,2.9683136285022607,-2.352629631323927,-0.34466505399465497,0.20659,1.06676,0.79478,-11.2,-27.2,-6.4
101.1179,6804.5084,2.901795333406436,-2.3659332167653155,-0.3330253908483254,0.24019,0.91954,0.76607,-11.4,-27.0,-6.6
101.1354,6804.5284,2.819349669132077,-2.3971614428454746,-0.3293956770876587,0.30617,0.8389,0.75874,-11.6,-26.9,-6.8
101.1544,6804.5484,2.733532514823265,-2.4247410433211676,-0.34285759014535344,0.35809,0.89572,0.77462,-11.8,-26.7,-7.0
101.1738,6804.5683,2.6450018749914745,-2.45427664663343,-0.3832725690074543,0.28234,0.97268,0.73247,-12.0,-26.6,-7.3
101.1937,6804.5883,2.5654073410576204,-2.485204558787974,-0.4566229515506226,0.17788,0.98735,0.66772,-12.2,-26.5,-7.6
101.2218,6804.6083,2.512773989292744,-2.498586569376618,-0.5583488512960084,0.17972,0.86029,0.61763,-12.3,-26.4,-7.9
101.2425,6804.6283,2.4916197432271017,-2.501714093930044,-0.6800533342496653,0.20659,0.81814,0.60052,-12.5,-26.2,-8.1
101.2542,6804.6483,2.4906782466892876,-2.4953694898810603,-0.8025325929452958,0.27135,0.8163,0.62007,-12.6,-26.1,-8.3
101.2743,6804.6683,2.5119913509824725,-2.449223610869324,-0.9003141927919884,0.28295,0.89144,0.63901,-12.7,-25.9,-8.5
101.2987,6804.6883,2.5400594396611145,-2.3728594390437148,-0.9575893721909843,0.23653,0.91038,0.68177,-12.9,-25.8,-8.6
101.3194,6804.7083,2.558731701773921,-2.278250727092104,-0.9665869289509743,0.20843,0.79004,0.68726,-13.1,-25.6,-8.8
101.3369,6804.7283,2.559901563299609,-2.161977023795785,-0.927978155336362,0.22064,0.79126,0.68238,-13.2,-25.5,-9.0
101.3563,6804.7483,2.5411984486580703,-2.023576649815489,-0.8554615067210385,0.26829,0.76682,0.72453,-13.4,-25.4,-9.2
101.3743,6804.7683,2.490014194195059,-1.8843588331655194,-0.772192838139862,0.25424,0.78148,0.76546,-13.6,-25.2,-9.2
101.3959,6804.7883,2.4096161123415603,-1.7571515027746758,-0.705344841874691,0.20843,0.85112,0.77156,-13.7,-25.1,-9.4
101.4265,6804.8083,2.301470785663288,-1.64928185714161,-0.6756979260678584,0.24325,0.91954,0.72147,-13.9,-25.0,-9.6
101.4401,6804.8283,2.1796145092749013,-1.6085473281569578,-0.7033701840583504,0.2915,0.95863,0.67932,-14.0,-24.9,-9.8
101.4589,6804.8483,2.062961064312307,-1.6067598799455287,-0.7813197154027911,0.32571,1.07836,0.64939,-14.1,-24.8,-10.0
101.4743,6804.8683,1.9840415542415204,-1.65771985730486,-0.8998866556864424,0.2634,1.19626,0.62923,-14.2,-24.6,-10.1
101.4945,6804.8883,1.946754620273452,-1.7400554136222341,-1.0289984957832683,0.18644,1.16694,0.65306,-14.4,-24.5,-10.3
101.5148,6804.9083,1.9646789650015166,-1.8386751725001496,-1.1420694036208996,0.12596,1.13395,0.6555,-14.6,-24.4,-10.6
101.5351,6804.9283,2.0284484848716873,-1.9294496170199116,-1.212220253515845,0.06854,1.24208,0.68116,-14.7,-24.2,-10.9
101.5537,6804.9483,2.1232869824282052,-1.9941116453201875,-1.2225159663442486,0.03311,1.2995,0.71903,-14.9,-24.1,-11.1
101.5782,6804.9682,2.2187831569698884,-2.032679786891179,-1.1670225499811941,-0.00171,1.36425,0.77218,-15.0,-23.9,-11.3
101.5938,6804.9882,2.3183224407098204,-2.033740443570524,-1.0551359377959475,-0.02981,1.42106,0.87663,-15.0,-23.7,-11.5
101.6213,6805.0082,2.388242902248922,-2.030782997584306,-0.9040950111455235,-0.07868,1.38441,0.99148,-15.1,-23.6,-11.7
101.6472,6805.0282,2.4222423282739984,-2.013084869426533,-0.7315163695924358,-0.09456,1.34531,1.09654,-15.1,-23.4,-12.1
101.6574,6805.0482,2.3930261744173222,-1.969478201488139,-0.5503318125520575,-0.03836,1.41495,1.19795,-15.2,-23.3,-12.5
101.675,6805.0682,2.322639061876117,-1.93258265522738,-0.3932700753925005,0.0441,1.45893,1.24254,-15.2,-23.1,-12.9
101.6972,6805.0882,2.220695403520852,-1.8982090347902438,-0.27494156486360133,0.10824,1.55545,1.30485,-15.3,-22.9,-13.3
101.7193,6805.1082,2.098876328469562,-1.8653387627935671,-0.20251194701539887,0.16261,1.5078,1.32073,-15.4,-22.7,-13.7
101.7363,6805.1282,1.9697780498835107,-1.8320343591333434,-0.17427835694793004,0.19499,1.53102,1.30974,-15.4,-22.5,-14.0
101.7524,6805.1482,1.8454225592153541,-1.7933634973438195,-0.18094407068244323,0.19621,1.67213,1.29385,-15.5,-22.3,-14.4
101.7739,6805.1682,1.7267911834691925,-1.7507457831194198,-0.20910252794364403,0.23042,1.71977,1.29141,-15.5,-22.0,-14.8
101.7919,6805.1882,1.621374574105162,-1.7007696699012171,-0.2465535586290759,0.29273,1.69106,1.34578,-15.3,-21.8,-15.3
101.8221,6805.2082,1.505121501531283,-1.6468651694170218,-0.2805564565901637,0.40207,1.69289,1.37632,-15.4,-21.5,-15.7
101.8431,6805.2282,1.4028044927577337,-1.6118461058246198,-0.3135095494977804,0.52119,1.69045,1.31401,-15.3,-21.3,-16.0
101.8581,6805.2482,1.3223193516016911,-1.6100602627705949,-0.3446794369633679,0.61832,1.77231,1.29874,-15.3,-21.0,-16.5
101.8921,6805.2682,1.1919149690796542,-1.610972829317078,-0.3551526427089815,0.62626,1.82851,1.30363,-15.2,-20.7,-16.8
101.9054,6805.2882,1.1505008049937206,-1.649425417119116,-0.3645496193390976,0.57006,1.83584,1.26637,-15.1,-20.4,-17.3
101.9188,6805.3082,1.1168327048515403,-1.6812471800476019,-0.35096961496184775,0.42773,1.88776,1.20894,-15.0,-20.1,-17.7
101.948,6805.3282,1.0288056155418512,-1.734462927012755,-0.31261174221110544,0.2915,1.98733,1.15152,-14.9,-19.8,-18.0
101.9579,6805.3482,0.9697628101737242,-1.6972263236725043,-0.2446558255067366,0.26157,1.99039,1.08249,-14.7,-19.5,-18.4
101.9746,6805.3682,0.8533497799317633,-1.6568818332256152,-0.1666110952688662,0.26829,1.93174,1.06844,-14.6,-19.3,-18.7
101.9935,6805.3883,0.6946619466559673,-1.6151752067325935,-0.09981179936028717,0.30189,1.86638,1.02813,-14.4,-19.0,-19.0
102.0155,6805.4083,0.5067820761683572,-1.6043789954971375,-0.07239205949591465,0.37764,1.81568,1.02813,-14.1,-18.9,-19.3
102.0352,6805.4283,0.33694634158416126,-1.638754300214992,-0.10662009366798308,0.3923,1.74299,1.06295,-13.9,-18.7,-19.7
102.0572,6805.4484,0.19818349554198122,-1.752458688176411,-0.2158666083365528,0.35992,1.7045,1.00675,-13.5,-18.5,-20.0
102.0801,6805.4684,0.12342181431923714,-1.94038559757964,-0.3952116501605847,0.32755,1.72832,0.90107,-13.2,-18.4,-20.3
102.0929,6805.4884,0.1595653239480054,-2.1276321537485963,-0.6117671423025683,0.28295,1.73321,0.83021,-13.0,-18.2,-20.7
102.1156,6805.5084,0.25944045312341985,-2.3778803428146102,-0.8529444380935889,0.18216,1.73077,0.76912,-12.7,-18.1,-21.1
102.1422,6805.5285,0.4378166111114444,-2.6269776293384437,-1.0773677256240397,0.01906,1.76742,0.68726,-12.3,-18.0,-21.4
102.1611,6805.5485,0.6541286463947905,-2.766600983960421,-1.2241722105287156,-0.16481,1.82667,0.65306,-11.8,-17.9,-21.7
102.1863,6805.5685,0.8772805799615743,-2.871913643259732,-1.293204265529873,-0.26072,1.73688,0.59869,-11.4,-17.9,-22.2
102.2079,6805.5886,1.0489119054218592,-2.8765913251133415,-1.2467897284126366,-0.31814,1.55667,0.54982,-11.0,-17.8,-22.5
102.2241,6805.6086,1.1378689621644926,-2.795784964037969,-1.08972903998818,-0.39572,1.28361,0.49362,-10.5,-17.7,-22.8
102.2375,6805.6286,1.1526201912248029,-2.6791648328628948,-0.8606281507569662,-0.45681,1.00262,0.53149,-10.0,-17.6,-23.1
102.2543,6805.6486,1.1355340249029657,-2.573564447219112,-0.6126204945056735,-0.39694,0.79798,0.60846,-9.5,-17.4,-23.4
102.3009,6805.6687,1.1943145178477106,-2.5116304075428872,-0.4038595080026788,-0.21246,0.73811,0.68421,-9.0,-17.3,-23.7
102.3047,6805.6887,1.1369816793121224,-2.475998145862045,-0.23457980631984476,-0.1697,0.80103,0.70987,-8.6,-17.2,-24.1
102.3156,6805.7087,1.1393195784355423,-2.48441062243414,-0.14474288651481082,-0.22712,0.87678,0.63717,-8.1,-17.0,-24.4
102.3391,6805.7288,1.2172148995653733,-2.538860850964415,-0.13111616102117019,-0.20452,0.82974,0.53149,-7.7,-16.9,-24.8
102.3525,6805.7488,1.3052489311807924,-2.571635103133465,-0.14733059667519655,-0.18925,0.73445,0.47407,-7.3,-16.7,-25.1
102.3742,6805.7688,1.4203130379839088,-2.5980482703680248,-0.17066436687193054,-0.21979,0.72834,0.51317,-6.9,-16.5,-25.4
102.3932,6805.7888,1.509951363854494,-2.6046674043342226,-0.16320547385418926,-0.16115,0.62205,0.56998,-6.5,-16.3,-25.5
102.4171,6805.8089,1.570741794483497,-2.608069949375761,-0.11247356423782051,-0.12877,0.46933,0.5993,-6.1,-16.2,-25.7
102.4415,6805.8289,1.581129320649478,-2.626083272721939,-0.01964823111910796,-0.10067,0.45589,0.54005,-5.9,-16.0,-25.9
102.4546,6805.8489,1.5285159263250043,-2.6831877879482944,0.09382254314280658,-0.04264,0.36976,0.52966,-5.6,-15.8,-26.1
102.4755,6805.869,1.44276441235266,-2.7404661635332643,0.20354226532370134,0.0551,0.26103,0.56143,-5.3,-15.6,-26.4
102.5004,6805.889,1.3399936873092093,-2.7903278233285786,0.2742521676915839,0.16811,0.21765,0.56754,-5.2,-15.4,-26.5
102.5176,6805.909,1.2589329923201766,-2.85600111216418,0.264318614844834,0.13696,0.25186,0.53149,-5.1,-15.3,-26.7
102.5399,6805.929,1.2146356671514105,-2.9002527246582432,0.16625196525045105,0.03616,0.3044,0.47285,-5.0,-15.2,-26.9
102.5547,6805.949,1.2106158598092838,-2.9193262136908795,-0.016045449894775743,0.00623,0.46261,0.41848,-4.9,-15.2,-27.1
102.5732,6805.969,1.2416071533306081,-2.891333758799049,-0.2523016254216479,-0.01148,0.53347,0.33174,-4.7,-15.1,-27.3
102.5949,6805.989,1.295230069964667,-2.8103181225374803,-0.5002568270203032,-0.06219,0.39542,0.26821,-4.6,-15.0,-27.3
102.6152,6806.009,1.3528395986566188,-2.6835258565465527,-0.7133023669638732,-0.11106,0.26042,0.23522,-4.5,-14.9,-27.3
102.6377,6806.029,1.406650073079832,-2.5414394237736935,-0.8551845459617198,-0.11778,0.19566,0.22301,-4.4,-14.9,-27.3
102.6673,6806.049,1.448854988464723,-2.4156274311429833,-0.8993949180862746,-0.09701,0.19017,0.27493,-4.3,-14.8,-27.3
102.678,6806.069,1.4405375521880928,-2.3724407638013925,-0.8378027653526381,-0.06402,0.16573,0.3519,-4.3,-14.8,-27.4
102.6936,6806.089,1.4003869094569317,-2.405584893967905,-0.6699623837217441,0.01845,0.12053,0.42948,-4.2,-14.7,-27.5
102.7141,6806.109,1.3249205534965183,-2.5085769317856776,-0.4127434970096715,0.06793,0.03989,0.45636,-4.1,-14.6,-27.5
102.7386,6806.129,1.225546738811489,-2.6502437099141534,-0.09917192451251289,0.06976,-0.0438,0.4362,-4.1,-14.6,-27.7
102.7562,6806.149,1.1316985000791608,-2.848570799189177,0.2047020775568722,0.03738,-0.30036,0.40749,-4.1,-14.6,-27.6
102.7757,6806.169,1.0656858358772192,-3.05079776761128,0.4438630823149712,0.01295,-0.43475,0.34213,-4.1,-14.6,-27.7
102.7973,6806.189,1.0497228691947413,-3.261186103655312,0.5519166747270745,0.02761,-0.30463,0.20529,-4.2,-14.7,-27.8
102.8217,6806.2089,1.0907837123685544,-3.4791068925775566,0.48659441674787374,0.15589,0.11381,0.01959,-4.1,-14.6,-27.9
102.8513,6806.2289,1.1738224889797835,-3.6728771723901037,0.25451882294386863,0.29517,0.3044,-0.03295,-4.2,-14.6,-27.8
102.8611,6806.2489,1.3697117421826526,-3.744137937433706,-0.0812136420248013,0.38619,0.19444,0.0092,-4.2,-14.6,-27.8
102.8853,6806.2689,1.5424660802102093,-3.737087036537633,-0.45470827252913715,0.37397,-0.04624,0.02631,-4.2,-14.6,-27.7
102.9031,6806.2889,1.7390420025255044,-3.66473693322682,-0.8098744644144258,0.23714,-0.18429,0.00676,-4.2,-14.6,-27.7
102.916,6806.3089,1.9059541170440495,-3.564351604106849,-1.1024109310257195,0.07098,-0.0157,0.01165,-4.2,-14.6,-27.7
102.9505,6806.3289,2.0111965098769815,-3.4438290125119413,-1.3027273885064794,-0.02798,0.09915,0.0483,-4.2,-14.7,-27.6
102.9597,6806.3489,2.0381617020929714,-3.32785508280691,-1.4129457869374829,-0.00782,0.03684,0.13688,-4.3,-14.7,-27.7
102.9775,6806.3689,2.015152234263138,-3.208674090533415,-1.4479741801915278,0.08564,-0.03646,0.22728,-4.3,-14.7,-27.7
102.9927,6806.3889,1.9822238119630382,-3.111868137567718,-1.4441975771946858,0.16444,0.0008,0.30181,-4.4,-14.8,-27.7
103.0148,6806.4089,1.9696114300803065,-3.0306903795498896,-1.4197165560509521,0.20476,0.05089,0.36962,-4.5,-14.9,-27.7
103.0367,6806.4289,2.0058674721682346,-2.9847814829698,-1.3948767355349503,0.17544,0.0234,0.45514,-4.5,-14.9,-27.6
103.0544,6806.4489,2.091200952622813,-2.9837082613934816,-1.3741001753455588,0.20232,-0.06701,0.44292,-4.6,-14.9,-27.7
103.0756,6806.4689,2.191674015671148,-2.995170118222637,-1.3377955222282196,0.24325,-0.15803,0.35434,-4.6,-15.0,-27.6
103.0954,6806.4889,2.2914038829775847,-3.0229027742968677,-1.2859989370378013,0.25485,-0.12687,0.23706,-4.5,-15.0,-27.5
103.1184,6806.5089,2.3598481830408753,-3.0455121760620654,-1.2091778206611643,0.24386,0.04478,0.10633,-4.6,-15.1,-27.5
103.1367,6806.5289,2.387152948858239,-3.0459249364576495,-1.1055168033835034,0.17055,0.26042,-0.04638,-4.6,-15.2,-27.6
103.1545,6806.5489,2.3407655509478102,-3.0103360709922518,-0.9661116828180667,0.09908,0.36976,-0.19849,-4.6,-15.2,-27.5
103.1733,6806.5689,2.2039154808631243,-2.9473462661650904,-0.7928886455385111,0.12779,0.43634,-0.33716,-4.7,-15.3,-27.5
103.1953,6806.5889,1.9799359477680583,-2.8878507290334254,-0.6030844120184451,0.12657,0.51392,-0.46605,-4.8,-15.4,-27.4
103.2144,6806.6088,1.6993655305334778,-2.812120080797805,-0.41167004980050415,0.11435,0.56585,-0.50881,-4.8,-15.4,-27.4
103.2483,6806.6288,1.4015392174956511,-2.8608690417613416,-0.2926429655898293,0.07037,0.56279,-0.52286,-4.7,-15.5,-27.4
103.2595,6806.6488,1.1247305449720302,-2.764889161083413,-0.2034908392284258,0.09542,0.53347,-0.50209,-4.5,-15.6,-27.4
103.2748,6806.6688,0.8955638131299042,-2.7140889888578807,-0.23407826602541348,0.20843,0.47788,-0.53263,-4.4,-15.7,-27.3
103.2951,6806.6888,0.7186424490086386,-2.7039195930573174,-0.3979835772376994,0.3697,0.52736,-0.50453,-4.2,-15.7,-27.3
103.3153,6806.7088,0.624303927326622,-2.6870098427505913,-0.6741554077254364,0.52058,0.66053,-0.42756,-4.1,-15.9,-27.3
103.3414,6806.7288,0.6163501928113951,-2.6991895366518053,-1.03711611380065,0.51936,0.63304,-0.50637,-3.8,-16.0,-27.3
103.3555,6806.7488,0.7387965105980016,-2.5837970512316413,-1.3896726519219538,0.16444,0.75705,-0.61449,-3.5,-16.1,-27.2
103.4008,6806.7688,0.9986696902282036,-2.66705761782475,-1.7849096247426672,-0.24545,1.02094,-0.48254,-3.1,-16.3,-27.2
103.4022,6806.7888,1.1404114038742683,-2.4136589813616647,-1.9782708917629144,-0.42748,1.07226,-0.22964,-2.8,-16.4,-27.2
103.415,6806.8088,1.3260535629865813,-2.2412461230558294,-2.0915934940877197,-0.37434,1.02278,-0.04333,-2.4,-16.5,-27.1
103.4373,6806.8289,1.530699862625048,-2.145782504912311,-2.0987246932975117,-0.25278,1.10158,0.02997,-2.0,-16.5,-27.1
103.4593,6806.8489,1.72302552763579,-2.1055248220408234,-1.974080228122859,-0.12938,1.14312,0.18086,-1.5,-16.6,-27.2
103.4853,6806.8689,1.9096540245415812,-2.1465899102471124,-1.7201723292518505,-0.0628,0.95069,0.40688,-0.9,-16.7,-27.3
103.4983,6806.8889,2.0880397580161874,-2.272832948721908,-1.3444799184666838,-0.03409,0.66603,0.62801,-0.4,-16.7,-27.3
103.5164,6806.909,2.240820183267173,-2.4909891858773285,-0.8712670446416855,-0.11045,0.48399,0.71659,0.0,-16.7,-27.3
103.538,6806.929,2.3612452979725984,-2.770323939873631,-0.341683771931077,-0.25461,0.2818,0.8015,0.4,-16.7,-27.4
103.5593,6806.949,2.4381935282474774,-3.105308100072482,0.17215049155442586,-0.39328,0.04967,0.8015,0.7,-16.7,-27.3
103.5782,6806.9691,2.4559012639870477,-3.480762226477117,0.5837239121320135,-0.35174,0.14069,0.68055,1.1,-16.6,-27.4
103.5965,6806.9891,2.419373060662128,-3.8317756610734612,0.8198558259938764,-0.09029,0.32333,0.44536,1.3,-16.6,-27.5
103.6136,6807.0091,2.3518100816373715,-4.082203730149187,0.84099376003247,0.17666,0.31295,0.12893,1.6,-16.5,-27.5
103.6425,6807.0291,2.2677396837962336,-4.1892768981787585,0.6548668296678049,0.22859,0.1529,-0.05616,1.8,-16.5,-27.4
103.6579,6807.0492,2.2556837045919425,-4.082727488241963,0.32620617832007426,0.1675,0.01973,-0.10197,1.9,-16.4,-27.6
103.6733,6807.0692,2.291916099824274,-3.836784270820949,-0.07193982932744625,0.1058,0.02218,-0.13129,2.1,-16.4,-27.5
103.6981,6807.0892,2.3497593238492223,-3.5466673841216805,-0.46215777835860905,0.00623,0.06983,-0.1765,2.3,-16.3,-27.5
103.7137,6807.1093,2.37292652762304,-3.2529807772843253,-0.7533172090280065,0.00257,0.12664,-0.21193,2.4,-16.2,-27.4
103.7383,6807.1293,2.318794893265797,-3.0361847590798687,-0.9070947181026359,0.11863,0.05272,-0.20949,2.5,-16.2,-27.3
103.7577,6807.1493,2.181535094717056,-2.8835012829200926,-0.9046481122523105,0.15834,-0.24477,-0.19849,2.4,-16.2,-27.2
103.7769,6807.1693,1.97690843545119,-2.8034181838624517,-0.7783128603195237,0.02578,-0.45308,-0.20643,2.4,-16.2,-27.1
103.7939,6807.1894,1.735758676934396,-2.793137364271664,-0.5833011755239106,-0.108,-0.4207,-0.19421,2.4,-16.2,-27.1
103.8165,6807.2094,1.4943354512281748,-2.8368468769863,-0.3816167873043046,-0.13977,-0.29547,-0.17833,2.3,-16.3,-27.2
103.8365,6807.2294,1.2661210501555125,-2.91840799369495,-0.22989065651833407,0.01112,-0.13665,-0.1484,2.3,-16.3,-27.0
103.8803,6807.2495,1.0176748014735877,-3.001426722881364,-0.1601122912515791,0.26157,-0.14276,-0.07509,2.3,-16.3,-27.1
103.8845,6807.2695,0.9906750831488718,-3.0917838659282673,-0.2195016682515991,0.48637,-0.36389,0.05074,2.3,-16.4,-27.1
103.904,6807.2895,1.0036797025278807,-3.162290058071515,-0.366988531293428,0.50042,-0.4659,0.11672,2.3,-16.5,-27.1
103.9265,6807.3095,1.114175291412944,-3.2443096614485563,-0.582123204891694,0.49492,-0.40604,0.10083,2.2,-16.6,-27.0
103.9546,6807.3296,1.2718943267764269,-3.3427226002461965,-0.8135541795274275,0.432,-0.38221,0.02875,2.2,-16.7,-27.1
103.9587,6807.3496,1.558504809660237,-3.4867632581885606,-1.0463278492572083,0.41307,-0.4378,-0.0134,2.2,-16.8,-27.0
103.977,6807.3696,1.7396531620062516,-3.5994425797883136,-1.191322664136285,0.37275,-0.60213,-0.08059,2.1,-16.8,-26.9
103.9961,6807.3897,1.8495797527987257,-3.6825759392272386,-1.2487765180452648,0.22248,-0.60823,-0.24308,2.0,-16.9,-26.9
104.0135,6807.4097,1.8846417397540012,-3.7173577018519013,-1.2259028103508545,0.01906,-0.44452,-0.43551,1.9,-17.1,-26.9
104.0351,6807.4296,1.846201602333935,-3.693562979478658,-1.1460826421768022,-0.06524,-0.27348,-0.55218,1.8,-17.2,-26.9
104.0597,6807.4496,1.7562756491848575,-3.594630670131511,-1.0378993497955005,-0.04814,-0.19407,-0.57112,1.7,-17.3,-26.8
104.0734,6807.4696,1.630516309545643,-3.364700097694632,-0.9107754199587585,-0.03958,-0.16597,-0.52042,1.6,-17.3,-26.8
104.0975,6807.4896,1.5110795140430768,-3.077752523039527,-0.8209186133260786,-0.03164,-0.15375,-0.46666,1.5,-17.4,-26.8
104.1181,6807.5096,1.4082328198232723,-2.7191033535996865,-0.7654149196120219,0.03066,-0.10855,-0.40374,1.5,-17.5,-26.8
104.14,6807.5296,1.3213463939636545,-2.3377291902200703,-0.7426768963616279,0.09969,-0.15558,-0.33716,1.4,-17.7,-26.7
104.1529,6807.5496,1.2455987576472318,-1.957139122752991,-0.727206953078138,0.14673,-0.11588,-0.22598,1.3,-17.8,-26.6
104.1751,6807.5696,1.1461482626720894,-1.6367126191529984,-0.6936102638193553,0.1565,-0.04074,-0.07815,1.2,-17.9,-26.5
104.1938,6807.5896,1.0309035825258397,-1.395199517512391,-0.6213282987620925,0.09664,-0.05051,0.08862,1.2,-17.9,-26.3
104.2162,6807.6096,0.8999099292204893,-1.2507983834182559,-0.5073444101712337,0.00012,-0.05601,0.1888,1.2,-18.0,-26.3
104.2384,6807.6296,0.7719253862938329,-1.2251085815799863,-0.37187614894837395,-0.09517,-0.0554,0.26271,1.1,-18.0,-26.2
104.2764,6807.6496,0.6616614895784346,-1.3001366501441414,-0.2465516519785531,-0.00965,0.04539,0.28654,1.1,-18.0,-26.2
104.2846,6807.6696,0.6469147993842265,-1.5218753159096976,-0.1828022516586696,0.1565,0.31356,0.34396,1.1,-18.1,-26.2
104.2958,6807.6896,0.7327692740504989,-1.804514782989196,-0.20017742855195664,0.23775,0.56707,0.35495,1.0,-18.1,-26.2
104.3131,6807.7096,0.9124356444811432,-2.1080888776409514,-0.3001297869157149,0.29273,0.62571,0.34396,1.0,-18.2,-26.1
104.3358,6807.7296,1.1704237889988287,-2.3844066276362863,-0.45486897299944573,0.35198,0.41191,0.34335,1.0,-18.2,-26.0
104.3555,6807.7496,1.4975756568672736,-2.6124930583721784,-0.6284938616442091,0.27868,0.19261,0.27371,1.0,-18.3,-26.0
104.3742,6807.7696,1.8290280798455167,-2.8003187358166444,-0.7874377923865961,0.0777,0.18528,0.14848,1.0,-18.4,-26.0
104.4024,6807.7896,2.1140178663283415,-2.9580325537287906,-0.9109725592795819,-0.07563,0.35449,0.09167,1.0,-18.5,-25.9
104.415,6807.8096,2.2843026176376937,-3.064181872965516,-0.9730342323224086,-0.14282,0.43818,0.05441,1.0,-18.6,-25.8
104.436,6807.8295,2.355197261328125,-3.1311297738667574,-0.9855589168959362,-0.13793,0.38137,0.00676,1.0,-18.6,-25.7
104.4534,6807.8495,2.322835508807156,-3.1409073936587784,-0.949308236252552,-0.08784,0.2201,0.01837,1.0,-18.7,-25.7
104.475,6807.8695,2.235936653927497,-3.1042573666115407,-0.8883441704812824,-0.07135,0.13458,0.10878,1.0,-18.8,-25.7
104.4995,6807.8895,2.1335764297884805,-3.0398616249395007,-0.822489536347506,-0.08845,0.10587,0.18147,1.0,-18.9,-25.7
104.5139,6807.9095,2.036469831407438,-2.9870388803067414,-0.7679966916692749,-0.05363,0.14985,0.21629,1.0,-18.9,-25.5
104.5538,6807.9295,1.9483271800391715,-2.9182642616552514,-0.7109637429509057,0.02517,0.14313,0.22301,1.0,-19.0,-25.5
104.5611,6807.9495,1.8982375623134866,-2.912530935616714,-0.6768342053541545,0.09114,0.03867,0.25538,1.0,-19.1,-25.3
104.5741,6807.9695,1.8554063175471611,-2.914845811512202,-0.6380570939230648,0.1284,-0.12687,0.29204,1.0,-19.2,-25.4
104.5962,6807.9895,1.808929694944361,-2.912977584992801,-0.5915009338194626,0.11069,-0.13909,0.27554,1.1,-19.2,-25.3
104.6167,6808.0095,1.7752114718487875,-2.9328185380471963,-0.5574522352190758,0.04227,-0.01508,0.21446,1.0,-19.3,-25.4
104.641,6808.0295,1.741948997175947,-2.958228655164725,-0.5405450235092619,0.03372,0.08937,0.10572,1.0,-19.3,-25.3
104.6571,6808.0495,1.7066516031660508,-2.9730637383178453,-0.5461625730544579,0.07587,0.08449,0.06479,0.9,-19.3,-25.4
104.6797,6808.0695,1.6587208257936685,-2.9573745652173957,-0.5711396113515086,0.09786,-0.01325,0.08006,0.9,-19.3,-25.3
104.6948,6808.0895,1.6243203618960307,-2.9163132379998356,-0.6186051228763656,0.13451,-0.03952,0.09228,0.9,-19.3,-25.2
104.7176,6808.1095,1.598444082709172,-2.8627271465528707,-0.6804343680837288,0.1003,-0.0102,0.0483,0.8,-19.4,-25.1
104.742,6808.1295,1.5949238556668053,-2.822386302954459,-0.7511018196585404,0.0215,0.06311,-0.01095,0.8,-19.4,-25.1
104.7561,6808.1495,1.601034356267957,-2.7967718031995354,-0.8128909228321586,-0.00415,0.14802,-0.025,0.8,-19.4,-25.0
104.7769,6808.1695,1.6009928969456404,-2.7987673870600576,-0.8557687258687885,0.03616,0.14618,-0.01645,0.7,-19.5,-25.0
104.8024,6808.1895,1.5812554506589163,-2.8192405723373395,-0.8707692275242938,0.07831,0.00263,0.00737,0.7,-19.5,-24.9
104.827,6808.2095,1.547787284735004,-2.854988057807409,-0.8623967954624145,0.07953,-0.08411,0.05502,0.7,-19.5,-24.9
104.844,6808.2295,1.5231462161098779,-2.9140916220777027,-0.8480644061411535,0.08076,-0.08167,0.09289,0.6,-19.6,-24.9
104.8538,6808.2494,1.5147132186333279,-2.986672121011673,-0.839888961052333,0.07159,0.03745,0.06846,0.6,-19.6,-24.9
104.873,6808.2694,1.5171207746493083,-3.0516872637047823,-0.8428578987998225,0.02822,0.13763,0.03425,0.6,-19.6,-24.8
104.8949,6808.2894,1.5298467310375097,-3.090542015842393,-0.8579551000447321,0.00195,0.0515,0.01837,0.6,-19.6,-24.7
104.9135,6808.3094,1.5486165532522218,-3.0903711613172358,-0.8794260770871816,0.06365,-0.02608,0.01165,0.5,-19.6,-24.7
104.9432,6808.3294,1.5641657137231153,-3.0548837219249685,-0.8987744277706256,0.10458,-0.09938,4e-05,0.6,-19.7,-24.7
104.9602,6808.3494,1.6017372524175475,-3.002240292008555,-0.9140773697920732,0.06304,-0.08839,0.00065,0.6,-19.7,-24.6
104.9739,6808.3694,1.6541418334990947,-2.9455285124314443,-0.916183882636151,0.04288,-0.02791,0.01226,0.6,-19.8,-24.6
104.9951,6808.3894,1.7120072822222516,-2.889767785557729,-0.8973177102737608,0.03189,-0.05357,0.02448,0.6,-19.7,-24.7
105.0145,6808.4094,1.7723071289812535,-2.841129010793406,-0.8582647687435596,-0.00721,-0.11771,0.03792,0.6,-19.7,-24.6
105.0355,6808.4294,1.8271016275730751,-2.799721756215709,-0.8035856383615094,-0.02065,-0.17635,0.01776,0.7,-19.7,-24.6
105.054,6808.4494,1.8703841544192674,-2.76842072589378,-0.7429166863711991,-0.03836,-0.12015,-0.02806,0.6,-19.7,-24.6
105.0778,6808.4694,1.8990140971085798,-2.742018519039956,-0.6837052307544855,-0.0463,0.0124,-0.07204,0.6,-19.7,-24.5
105.0997,6808.4894,1.9040568938994378,-2.7118181373440358,-0.627234882719085,-0.03531,0.02401,-0.10442,0.6,-19.7,-24.5
105.1164,6808.5094,1.879756949596087,-2.672408734904173,-0.5709842627077144,-0.04936,-0.03952,-0.09525,0.6,-19.7,-24.6
105.1381,6808.5294,1.8341899600941307,-2.6385252350556034,-0.5169268003793501,-0.02431,-0.08533,-0.04638,0.6,-19.7,-24.5
105.1561,6808.5494,1.7787577732062805,-2.627347686148818,-0.4674236639487326,0.02395,-0.06884,0.00798,0.7,-19.8,-24.4
105.1898,6808.5694,1.7297828883344708,-2.6451172985643043,-0.4262391905555294,0.02089,-0.02608,0.03547,0.7,-19.7,-24.4
105.2004,6808.5894,1.7251452829952227,-2.7081337006144723,-0.4112283078759731,0.02211,-0.04074,0.06052,0.7,-19.8,-24.5
105.2153,6808.6094,1.774647410324524,-2.7806141522979084,-0.42894399710037767,0.02089,-0.09877,0.05135,0.7,-19.8,-24.4
105.2362,6808.6294,1.8888654264587381,-2.8275334667746916,-0.4917967623516297,-0.00599,-0.15131,0.04036,0.7,-19.7,-24.3
105.2556,6808.6493,2.073973953772925,-2.829716314039405,-0.6149565775307106,-0.00721,-0.09022,0.03364,0.7,-19.7,-24.4
105.2771,6808.6693,2.32538430492953,-2.779723581625002,-0.8053829214860695,-0.01637,-0.0328,-0.00973,0.7,-19.7,-24.3
105.2985,6808.6893,2.6233062252498174,-2.6979061095892076,-1.058378684528746,-0.13183,0.02035,-0.13313,0.7,-19.7,-24.3
105.3168,6808.7093,2.9106659482970936,-2.6120714305820876,-1.340943286661446,-0.33769,0.10587,-0.27302,0.7,-19.7,-24.4
105.3353,6808.7293,3.1300876857991775,-2.56535893020339,-1.6059975534668336,-0.55515,0.00202,-0.306,0.6,-19.7,-24.3
105.3662,6808.7493,3.2897166067932258,-2.5746226382342723,-1.8148926028362808,-0.68221,-0.50256,-0.26385,0.6,-19.7,-24.4
105.385,6808.7693,3.2293371746812403,-2.6950320486420503,-1.874003361389855,-0.7769,-0.94543,-0.10747,0.6,-19.6,-24.4
105.3954,6808.7893,2.9594011736555315,-2.977261561850129,-1.7801747401167969,-1.13609,-1.21666,0.17903,0.5,-19.5,-24.5
105.4159,6808.8094,2.6396962374121893,-3.2850088921765423,-1.5569197222776783,-1.12387,-1.07555,0.06357,0.4,-19.4,-24.7
105.4457,6808.8294,2.3067004992169275,-3.6294631726074265,-1.2627672798472886,-1.03774,-0.46712,-0.33044,0.2,-19.2,-24.9
105.4561,6808.8495,1.7841965001482492,-3.94007617112596,-0.9081387887884542,-0.78484,-0.2802,-0.72261,0.0,-18.9,-25.2
105.4796,6808.8696,1.3465404493462405,-4.134013663695325,-0.6087450173818105,-0.47758,-0.23805,-0.81852,0.0,-18.7,-25.5
105.4972,6808.8896,0.9520721165974796,-4.087211504699102,-0.34536939488475227,-0.44276,-0.38344,-0.65969,-0.1,-18.4,-25.7
105.5154,6808.9097,0.676587714696675,-3.8442121651916987,-0.16163901853736284,-0.40549,-0.58685,-0.47827,-0.2,-18.1,-26.0
105.5433,6808.9297,0.5512894930563029,-3.485489665975235,-0.07811028888169602,-0.30653,-0.61373,-0.33349,-0.4,-17.9,-26.4
105.5574,6808.9498,0.5293350506318338,-3.168396433056399,-0.11466283613392747,-0.0347,-0.36145,-0.30417,-0.5,-17.5,-26.6
105.5753,6808.9699,0.6142545305068519,-2.9332726471392663,-0.23840559207564205,0.01661,-0.15742,-0.25347,-0.7,-17.2,-27.0
105.603,6808.9899,0.7760409144421608,-2.799868623347386,-0.4099478443926916,-0.0402,-0.03036,-0.17711,-0.8,-17.0,-27.3
105.622,6809.01,0.9750155163182997,-2.7277929328522124,-0.5789700110487299,-0.04386,-0.10183,-0.07754,-1.0,-16.6,-27.6
105.6438,6809.0301,1.1669143605150265,-2.6992058690831215,-0.7121741628298057,-0.07257,-0.23866,-0.03844,-1.0,-16.3,-27.9
105.6579,6809.0501,1.3108593258495864,-2.7200621900564133,-0.7957847332073289,-0.03714,-0.43964,-0.09892,-1.1,-16.0,-28.2
105.6801,6809.0702,1.3992225981357427,-2.761848661205184,-0.8227031001246043,-0.08906,-0.30891,-0.24247,-1.3,-15.7,-28.4
105.6973,6809.0902,1.422814382060207,-2.8134930688083233,-0.7999910830240093,-0.15198,-0.15925,-0.28645,-1.4,-15.5,-28.6
105.7162,6809.1103,1.3972378573964768,-2.8504967665066143,-0.7386813920415332,-0.11716,-0.10794,-0.22598,-1.3,-15.3,-28.7
105.7412,6809.1304,1.3395883512013163,-2.858736259419054,-0.6539883286273902,-0.07074,-0.18185,-0.11053,-1.3,-15.1,-28.6
105.7566,6809.1504,1.258202332160501,-2.854622424183255,-0.567929190051828,-0.03531,-0.25332,-0.06838,-1.3,-15.0,-28.7
105.7779,6809.1705,1.1766017953917767,-2.8533513628693536,-0.5007350114575946,-0.0121,-0.1623,-0.10319,-1.4,-14.9,-28.7
105.7982,6809.1906,1.10707124366897,-2.873377704637492,-0.4670330949610708,0.00073,-0.10977,-0.17467,-1.5,-14.8,-28.8
105.8158,6809.2106,1.0534825155725844,-2.901643574930464,-0.4658570997163807,-0.01576,0.02401,-0.21559,-1.5,-14.7,-28.7
105.8465,6809.2307,1.0171170668820573,-2.933354543037587,-0.49432569299524864,-0.05852,-0.03646,-0.16795,-1.5,-14.6,-28.6
105.8786,6809.2507,0.9887971024937687,-2.9367532780152183,-0.5367739475082445,-0.02553,-0.12993,-0.1093,-1.6,-14.6,-28.6
105.8828,6809.2708,0.9726453225718668,-2.933285750906576,-0.593673412885618,0.01661,-0.12687,-0.05127,-1.6,-14.5,-28.5
105.9196,6809.2909,0.9710836149449921,-2.916044476926701,-0.655037242572357,0.03677,-0.08167,-0.00546,-1.6,-14.4,-28.5
105.9253,6809.3109,1.0113180808640418,-2.918304036169346,-0.7254836872058554,0.03861,-0.03158,0.01592,-1.6,-14.4,-28.4
105.9403,6809.331,1.0831942227285638,-2.9178909431660225,-0.7880041001716389,0.01784,0.00568,0.05135,-1.7,-14.3,-28.4
105.96,6809.351,1.181171645862794,-2.906816163159622,-0.831608886867782,0.04533,-0.12932,0.08434,-1.7,-14.3,-28.3
105.9777,6809.3711,1.2955817235728337,-2.8924640637161874,-0.8524060537150664,0.11558,-0.14581,0.10633,-1.8,-14.4,-28.4
106.0006,6809.3911,1.407133741045565,-2.8739196035992793,-0.8461975531689259,0.06365,-0.09511,0.11061,-1.8,-14.3,-28.4
106.0164,6809.4112,1.5144232091809406,-2.87279465953483,-0.8228487496082337,0.08503,-0.09572,0.06968,-1.9,-14.3,-28.4
106.0387,6809.4312,1.599433801369788,-2.872156988711125,-0.7808715784098919,0.06243,-0.03463,0.06785,-2.0,-14.3,-28.5
106.0551,6809.4512,1.6649957634799464,-2.875241827136958,-0.7309554503127629,0.04716,-0.0554,0.12588,-2.0,-14.3,-28.6
106.0854,6809.4711,1.7046719161406048,-2.8428774616930443,-0.6693071326786288,0.03677,-0.23316,0.15887,-2.1,-14.4,-28.6
106.1093,6809.4911,1.7348057488270539,-2.82508074394108,-0.6228283007971367,0.05327,-0.29303,0.16986,-2.1,-14.4,-28.5
106.1219,6809.5112,1.7853482897421038,-2.8531268918307022,-0.6112129711131988,0.14429,-0.30952,0.07823,-2.2,-14.4,-28.6
106.1403,6809.5312,1.8587011608101422,-2.891626301854707,-0.6239658185914294,0.14001,-0.20751,0.01348,-2.3,-14.5,-28.6
106.1616,6809.5512,1.971390090741494,-2.9489658459722614,-0.662736369242106,0.03433,-0.03952,0.0031,-2.4,-14.5,-28.7
106.1818,6809.5713,2.1186654790978863,-3.0133318335251364,-0.7165106878304339,-0.04386,0.03928,-0.01401,-2.5,-14.6,-28.8
106.2008,6809.5913,2.2719518887960257,-3.0693918595760423,-0.7675009758062306,-0.06768,-0.00042,-0.08487,-2.6,-14.6,-28.8
106.2174,6809.6113,2.3934427953299795,-3.110301958411333,-0.7991060456255656,-0.09029,-0.03585,-0.20154,-2.7,-14.6,-28.9
106.2601,6809.6313,2.4817385287916593,-3.1781239910894095,-0.8231518652145517,-0.19536,-0.18368,-0.27973,-2.8,-14.6,-28.8
106.2637,6809.6514,2.44098937564308,-3.1766150776647746,-0.7790166233715929,-0.16909,-0.11893,-0.35793,-2.9,-14.6,-28.8
106.2784,6809.6714,2.32096072131034,-3.1956606534329186,-0.7141734894147405,-0.13183,0.06127,-0.36159,-2.9,-14.6,-28.7
106.2966,6809.6914,2.125789656099351,-3.21848558070198,-0.6297853704103975,-0.13732,0.09548,-0.26996,-2.9,-14.6,-28.6
106.3161,6809.7115,1.8799118007057734,-3.227462329259519,-0.5365179877530064,-0.1642,0.00019,-0.26263,-3.0,-14.6,-28.6
106.341,6809.7315,1.6194577137644526,-3.2140333637500507,-0.4548914390674472,-0.17398,-0.06701,-0.29501,-3.0,-14.6,-28.5
106.3575,6809.7515,1.3603364532297155,-3.160459133594528,-0.40022713790519404,-0.07563,-0.23011,-0.30661,-3.1,-14.5,-28.5
106.3757,6809.7715,1.145847235378344,-3.0875701487277882,-0.40059203667279775,0.03066,-0.22156,-0.30356,-3.1,-14.5,-28.4
106.4004,6809.7916,0.9990317328869348,-3.0194285292150393,-0.46758543426178534,0.17483,0.01179,-0.30661,-3.1,-14.4,-28.3
106.421,6809.8116,0.9652134674535304,-2.939514398788108,-0.5838364457084779,0.20965,0.15718,-0.26691,-3.1,-14.4,-28.3
106.4406,6809.8316,1.0392344090864765,-2.8481425978623536,-0.7181585611202905,0.08442,0.18222,-0.17283,-3.1,-14.3,-28.2
106.4681,6809.8517,1.1816187490372094,-2.755782136656865,-0.8351908804576063,0.00867,0.03928,-0.02806,-3.0,-14.2,-28.2
106.4821,6809.8717,1.3502827175198366,-2.673403116410558,-0.9057330178422589,0.05082,-0.05418,0.02936,-3.0,-14.2,-28.1
106.5009,6809.8917,1.4923427849298314,-2.626670295858942,-0.9169808365869532,0.05571,-0.11771,-0.05066,-3.0,-14.2,-28.2
106.5184,6809.9117,1.5851892512604986,-2.624258434963923,-0.8717720626783336,0.02517,0.00935,-0.11908,-2.9,-14.2,-28.2
106.5427,6809.9318,1.6251208919639923,-2.659658787795047,-0.7862340049327852,-0.06158,0.046,-0.11175,-2.9,-14.2,-28.3
106.5583,6809.9518,1.6099710023165068,-2.6996550437510654,-0.677296027458139,-0.09578,0.01424,-0.03966,-2.8,-14.2,-28.3
106.5828,6809.9718,1.5591048519876123,-2.737022698285193,-0.574613104053725,-0.0518,-0.09511,0.02631,-2.8,-14.2,-28.3
106.5981,6809.9919,1.4853890792808846,-2.7805373880799458,-0.5060271819200963,0.06243,-0.04868,0.06113,-2.9,-14.2,-28.5
106.6265,6810.0119,1.4054144327887685,-2.821592488017414,-0.48415585376839054,0.13024,-0.0157,0.1045,-2.8,-14.3,-28.6
106.6493,6810.0319,1.3608497349383513,-2.8812431233890092,-0.5209449980867404,0.11558,0.02462,0.0764,-2.8,-14.3,-28.6
106.6594,6810.0519,1.3685267194898811,-2.9450858390495993,-0.602361613341234,0.07709,0.05455,0.0257,-2.8,-14.3,-28.5
106.6764,6810.072,1.4007947605061275,-2.997574930151642,-0.7014200371863737,0.05205,0.0344,0.02509,-2.8,-14.3,-28.6
106.7038,6810.092,1.4385630998831687,-3.0235092652262128,-0.7922970245671301,0.04716,-0.03891,0.02936,-2.7,-14.4,-28.7
106.7178,6810.112,1.4684492039230184,-3.027377714928459,-0.8614571543066898,0.04044,-0.07556,0.02936,-2.7,-14.4,-28.7
106.7428,6810.132,1.466738844991977,-3.000183207435991,-0.8960335758304634,0.06365,-0.01692,0.01592,-2.7,-14.4,-28.7
106.7593,6810.152,1.4410249512474398,-2.953895888984517,-0.9012327383780967,0.01539,-0.01692,-0.01462,-2.7,-14.5,-28.8
106.7782,6810.172,1.3953616498826034,-2.89183774269392,-0.8821592597997583,-0.02737,0.03134,-0.05433,-2.7,-14.6,-28.7
106.8052,6810.192,1.3490057706776826,-2.826923661012899,-0.8507030623245733,-0.08235,0.06555,-0.05066,-2.6,-14.5,-28.6
106.8262,6810.212,1.3014630438981192,-2.757174628579506,-0.8112718848937259,-0.11594,0.12969,0.00493,-2.6,-14.6,-28.7
106.8463,6810.232,1.266094347147672,-2.6996495605609256,-0.7759532385220371,-0.06524,0.11259,0.08251,-2.6,-14.6,-28.6
106.8582,6810.252,1.2572557944152922,-2.6706439950949403,-0.7541560723351726,0.03494,0.11503,0.16436,-2.6,-14.6,-28.5
106.8946,6810.272,1.275291720496636,-2.6700328271960276,-0.744393640830431,0.08748,0.17673,0.19185,-2.6,-14.6,-28.6
106.9164,6810.2919,1.3443488749497199,-2.7118730490064222,-0.7488619541175314,0.06182,0.18161,0.21201,-2.6,-14.6,-28.5
106.9278,6810.3119,1.4435736312388994,-2.784854550359556,-0.7546228215848423,-0.02004,0.15962,0.20163,-2.5,-14.6,-28.4
106.9413,6810.3319,1.5437815922933718,-2.8707384003974368,-0.746557887456019,-0.03287,0.12725,0.16192,-2.5,-14.6,-28.4
106.9652,6810.352,1.6217779569307367,-2.9557707722442053,-0.7153863255536628,0.00745,0.11136,0.08373,-2.5,-14.6,-28.6
106.9784,6810.372,1.65962112318414,-3.035773295082907,-0.6608647229641775,0.00012,0.04417,0.06601,-2.6,-14.6,-28.7
107.0018,6810.392,1.6621234436700385,-3.105288883415088,-0.5915059700918093,-0.0463,0.05211,0.05197,-2.5,-14.6,-28.7
107.0181,6810.4121,1.6260551782685688,-3.1614781655499207,-0.5188188002232756,-0.06768,0.11136,0.07823,-2.5,-14.6,-28.8
107.0385,6810.4321,1.5622820746325592,-3.200897060785202,-0.45782726479121116,-0.03775,0.12419,0.08251,-2.4,-14.5,-28.7
107.0607,6810.4521,1.4781050316075575,-3.218696917964548,-0.4205172780638442,0.05999,0.07655,0.08068,-2.4,-14.5,-28.7
107.0787,6810.4721,1.3964909287111174,-3.2158209213842155,-0.4180289201906664,0.11741,-0.01203,0.04952,-2.4,-14.4,-28.6
107.1112,6810.4922,1.3235710376886383,-3.19902668804541,-0.45299320129297627,0.08992,0.09059,0.02692,-2.4,-14.4,-28.7
107.1219,6810.5122,1.2964967960005458,-3.1594730946047758,-0.5189248454396544,0.01845,0.12603,0.02448,-2.4,-14.4,-28.6
107.1582,6810.5322,1.2873631257736373,-3.1308185289232338,-0.6083992256049715,0.04227,0.19078,0.00859,-2.4,-14.4,-28.7
107.1613,6810.5523,1.303696861724416,-3.0668297266077644,-0.689101219096024,0.05266,0.13702,0.03242,-2.4,-14.4,-28.8
107.1874,6810.5723,1.3144669992888627,-3.011713789606802,-0.7549795740903473,0.0722,0.07655,0.08678,-2.5,-14.5,-28.9
107.1969,6810.5923,1.334347526817769,-2.9796352642476513,-0.8004935280313337,0.07587,0.01607,0.12527,-2.5,-14.5,-28.9
107.2174,6810.6123,1.341447204457538,-2.974087776014481,-0.8178948479069525,0.06487,0.04845,0.12771,-2.4,-14.5,-28.9
107.2394,6810.6324,1.341114680948812,-3.004898927685646,-0.8130364022726617,0.06121,0.05028,0.1045,-2.4,-14.5,-28.9
107.2611,6810.6524,1.3320302341229513,-3.0611083905893293,-0.7908508426683305,0.03677,0.07838,0.11122,-2.4,-14.5,-28.9
107.2775,6810.6724,1.3135012149065548,-3.1240847625138812,-0.7586787378663935,0.03494,0.00019,0.11183,-2.4,-14.5,-28.8
107.299,6810.6925,1.2831452058647086,-3.167970222755741,-0.7229569140849339,0.05999,0.01912,0.11794,-2.4,-14.5,-28.8
107.3174,6810.7125,1.253148648943037,-3.187880282266863,-0.6978476761097383,0.09419,-0.01508,0.11488,-2.4,-14.6,-28.8
107.3433,6810.7325,1.2292378422720416,-3.1758886625091605,-0.6905796727191795,0.09419,0.04478,0.10328,-2.4,-14.6,-28.8
107.3634,6810.7525,1.232243478243486,-3.135874984034974,-0.7072286426815229,0.03983,0.14191,0.05074,-2.3,-14.6,-28.9
107.3773,6810.7726,1.259828584646558,-3.0628591259101574,-0.7399542303161368,0.00012,0.181,0.03181,-2.3,-14.6,-29.0
107.3966,6810.7926,1.3053356050825116,-2.9715412476758054,-0.7807351142443935,-0.00415,0.14863,0.0654,-2.4,-14.7,-29.0
107.4195,6810.8126,1.3584307209712059,-2.875253708562636,-0.816559310129513,0.04838,0.12419,0.11733,-2.3,-14.8,-29.0
107.4433,6810.8327,1.4151177618832065,-2.796074929265901,-0.8375129882359822,0.11496,0.11747,0.15093,-2.2,-14.8,-29.0
107.4643,6810.8527,1.4771313068719527,-2.755664592488347,-0.8375657341372982,0.04716,0.19994,0.18513,-2.2,-14.8,-28.8
107.479,6810.8727,1.535722786347629,-2.7625494250329754,-0.8118344678821234,-0.02065,0.19383,0.20285,-2.2,-14.8,-28.8
107.5026,6810.8927,1.5811643112006473,-2.8065220894981047,-0.7586726478440848,-0.06402,0.17489,0.18697,-2.2,-14.9,-28.9
107.5238,6810.9128,1.5955881880925844,-2.8774824834681834,-0.6839361869570926,-0.03531,0.17734,0.19369,-2.1,-14.9,-29.0
107.5426,6810.9328,1.5739366294947192,-2.9622723593455644,-0.6009912013035486,-0.00599,0.15168,0.20285,-2.1,-14.9,-29.0
107.5577,6810.9528,1.5250953981452795,-3.0486143651083073,-0.5274932425700438,0.0325,0.16268,0.20285,-2.1,-14.9,-29.0
107.577,6810.9728,1.4607478163879886,-3.123161905318469,-0.477290387247292,0.09603,0.21949,0.17292,-2.0,-14.9,-28.9
107.604,6810.9928,1.3919962719036978,-3.1776641463091444,-0.45778664618031684,0.10763,0.2598,0.17597,-1.9,-14.9,-28.9
107.6218,6811.0128,1.3435865493039163,-3.2029005784755236,-0.4687719183792556,0.08686,0.21216,0.18513,-2.0,-15.0,-28.8
107.6382,6811.0328,1.3131370912626439,-3.20612872244838,-0.5042538687295703,0.0887,0.11747,0.19857,-2.0,-15.0,-28.8
107.6626,6811.0528,1.2918330059695045,-3.196954883345167,-0.5546339589481946,0.09603,0.10953,0.17108,-2.0,-15.0,-28.7
107.6774,6811.0728,1.289530926895357,-3.1969323440755844,-0.6169209884849032,0.10824,0.07044,0.12588,-1.9,-15.0,-28.6
107.7038,6811.0928,1.2785852702728,-3.203606391181193,-0.6768184263850898,0.14245,0.08571,0.12588,-1.8,-15.0,-28.6
107.7243,6811.1127,1.2777731549616274,-3.2213659357786324,-0.7323077080796452,0.17361,0.06066,0.17108,-1.8,-15.0,-28.6
107.7481,6811.1327,1.2732752641543605,-3.240297443625118,-0.7755129133589698,0.18582,0.02401,0.17108,-1.8,-15.0,-28.6
107.7623,6811.1527,1.2847396398507172,-3.267979581865559,-0.8131182133212747,0.12413,-0.02119,0.15093,-1.8,-15.0,-28.6
107.7817,6811.1727,1.290752973864971,-3.286611973594826,-0.8396692046069276,0.11191,-0.00287,0.09106,-1.8,-15.1,-28.5
107.7998,6811.1927,1.2994651134618105,-3.2941612400509683,-0.8606072160478586,0.07648,0.02401,0.02997,-1.7,-15.1,-28.4
107.8185,6811.2127,1.3104778786049156,-3.2825804559174445,-0.8766928701245789,0.05571,0.0967,0.02753,-1.7,-15.1,-28.4
107.8533,6811.2327,1.3206770816464821,-3.2557800974228295,-0.8893753618476907,0.0441,0.1077,0.04708,-1.6,-15.1,-28.3
107.8628,6811.2527,1.3505746845894144,-3.200733695211068,-0.8935335682625265,0.06976,0.11992,0.06235,-1.6,-15.2,-28.2
107.8844,6811.2727,1.389453754874946,-3.140925735142847,-0.8899457264991941,0.0606,0.08204,0.09656,-1.5,-15.2,-28.2
107.905,6811.2927,1.4455558325270126,-3.090939130271003,-0.8784241637557226,0.03922,0.05028,0.13138,-1.5,-15.2,-28.3
107.9164,6811.3127,1.51720216016697,-3.072412253753122,-0.8620725086873815,0.02578,0.04539,0.15703,-1.5,-15.3,-28.4
107.9491,6811.3327,1.5900722139967725,-3.0671808328358168,-0.8327068258802512,0.00867,0.06799,0.16559,-1.5,-15.3,-28.3
107.9662,6811.3527,1.6566240647721382,-3.099009007628826,-0.8026340232307163,0.03555,0.0796,0.1607,-1.5,-15.3,-28.3
107.9763,6811.3727,1.7055239070391648,-3.1467658575783344,-0.7716904921532919,0.04044,0.04356,0.14421,-1.5,-15.3,-28.4
107.9974,6811.3927,1.721643631773754,-3.182295278908204,-0.7369867469620157,0.03922,0.02157,0.10267,-1.5,-15.3,-28.2
108.0182,6811.4127,1.7069789462666496,-3.2024197266396244,-0.7049343964454273,0.05938,-0.01631,0.03853,-1.5,-15.4,-28.3
108.0412,6811.4327,1.6635830123004847,-3.2000221159201296,-0.6759669003760678,0.03616,0.04783,-0.01401,-1.6,-15.4,-28.2
108.0599,6811.4527,1.5977005100455457,-3.1689415305095237,-0.6468896101726713,-0.00171,0.06738,-0.03783,-1.6,-15.4,-28.1
108.0773,6811.4727,1.51456474333359,-3.1138579774229167,-0.6154814219979965,0.0044,0.05516,-0.02928,-1.6,-15.4,-28.2
108.0978,6811.4927,1.4224657322495884,-3.049332389118208,-0.5837370445226622,0.00806,0.04478,0.00554,-1.5,-15.4,-28.1
108.1235,6811.5126,1.329371957226672,-2.9924335963407533,-0.556811772885613,0.03372,0.00691,0.04219,-1.6,-15.5,-28.2
108.1488,6811.5326,1.245698527626382,-2.958425945507027,-0.5424714548446303,0.06121,0.06127,0.05074,-1.6,-15.5,-28.1
108.1636,6811.5526,1.1884205792348275,-2.9569552885161494,-0.5492701375469089,0.08014,0.03012,0.07518,-1.6,-15.5,-28.1
108.1771,6811.5726,1.156410520030208,-2.985474421512357,-0.5795817313435503,0.11435,0.03317,0.12344,-1.6,-15.5,-28.1
108.1984,6811.5926,1.1380610734089576,-3.0300864426729532,-0.6294026982760315,0.11619,-0.00592,0.14848,-1.6,-15.6,-28.0
108.2201,6811.6126,1.13627587897433,-3.0867696870355363,-0.6971841832900072,0.10886,0.01057,0.12649,-1.6,-15.6,-28.0
108.2399,6811.6326,1.1483032039943364,-3.145777045058351,-0.776230370266255,0.12168,0.04111,0.0764,-1.7,-15.6,-28.0
108.2772,6811.6526,1.153073277811748,-3.1946269401115583,-0.8544957375979099,0.11252,0.0686,0.05197,-1.7,-15.7,-27.9
108.2816,6811.6726,1.1820905943595332,-3.2114117398342423,-0.9220726271399826,0.05205,0.03256,0.02753,-1.7,-15.7,-27.7
108.2962,6811.6926,1.205245259933075,-3.1997573491829026,-0.9702792951221806,0.01478,0.02645,-0.00912,-1.7,-15.8,-27.9
108.3177,6811.7126,1.2259389177853912,-3.1588355732807294,-0.994262792391222,0.01661,-0.03341,0.01226,-1.6,-15.8,-27.8
108.3371,6811.7326,1.2511823603833887,-3.103638522646914,-0.9967449363605922,0.03738,-0.08045,0.05868,-1.7,-15.8,-27.9
108.358,6811.7526,1.2882422261707875,-3.052296892010679,-0.9824654521608895,0.0496,-0.03891,0.099,-1.7,-15.8,-27.8
108.3776,6811.7726,1.343460282262551,-3.024180111586456,-0.9571118929353002,0.02456,0.05516,0.10633,-1.7,-15.9,-27.9
108.3965,6811.7926,1.411672662522905,-3.0264847498097613,-0.9219192314165419,-0.03409,0.05211,0.10755,-1.7,-15.9,-27.8
108.4284,6811.8126,1.4829210476487067,-3.0467044950857027,-0.8733989823914108,-0.04142,-0.03219,0.09473,-1.7,-15.9,-27.8
108.4436,6811.8326,1.5350635350912722,-3.101912357891156,-0.8196442184121455,-0.00538,-0.02975,0.08923,-1.8,-16.0,-28.0
108.4645,6811.8526,1.5632841453349082,-3.165809854385079,-0.7601454694277265,-0.01148,-0.12138,0.10145,-1.9,-16.0,-28.1
108.4796,6811.8726,1.5663025548636704,-3.2472038380338413,-0.7090139412851073,-0.01576,-0.08045,0.06785,-1.9,-16.0,-28.0
108.4987,6811.8926,1.5455982003288367,-3.330298465430849,-0.6714509994438753,0.01784,-0.01936,-0.00118,-1.9,-16.0,-28.0
108.5166,6811.9126,1.5060481563131494,-3.401672893736562,-0.6503030122834073,0.04044,0.06494,-0.06899,-1.9,-16.1,-27.9
108.5419,6811.9325,1.4496351433085963,-3.448333079000012,-0.6430473874793297,0.02517,0.03012,-0.08609,-1.8,-16.1,-27.9
108.5616,6811.9525,1.3855912996756645,-3.4561768793394965,-0.6437468013747907,0.02333,-0.12871,-0.07387,-1.8,-16.1,-27.8
108.5785,6811.9725,1.3244123443495994,-3.4421217027185604,-0.6564639961452698,0.03372,-0.21484,-0.07876,-1.8,-16.1,-28.0
108.5986,6811.9925,1.2752199207429844,-3.426002490048443,-0.6862087421648457,0.0496,-0.15803,-0.10808,-1.8,-16.1,-28.0
108.621,6812.0125,1.2496643962866973,-3.4195312485220613,-0.735934850029679,0.05082,-0.04318,-0.13496,-1.8,-16.1,-28.0
108.6461,6812.0325,1.2504929765808586,-3.412610272668141,-0.7992670126556582,0.0215,-0.06518,-0.11786,-1.8,-16.1,-28.0
108.6584,6812.0525,1.2790097675079792,-3.392398333059168,-0.8675384567423592,0.0044,-0.18307,-0.0586,-1.7,-16.2,-28.0
108.6832,6812.0725,1.3134993702544846,-3.341614242043722,-0.9252247246077765,0.027,-0.30952,-0.00485,-1.8,-16.2,-28.0
108.6993,6812.0925,1.3570184833098016,-3.291634480436775,-0.976694867377077,-0.00415,-0.31807,-0.04028,-1.8,-16.2,-28.0
108.7172,6812.1125,1.393961622496222,-3.236498085576771,-1.0078676397463333,-0.07074,-0.1959,-0.12885,-1.8,-16.2,-28.0
108.7457,6812.1325,1.423182879942293,-3.186106638127028,-1.0123301321027238,-0.13916,-0.05357,-0.20399,-1.9,-16.2,-28.1
108.7648,6812.1525,1.4084015954612858,-3.1222516816617976,-0.969716321879611,-0.1587,-0.03036,-0.19666,-1.9,-16.2,-27.9
108.7826,6812.1725,1.3483506572684059,-3.0533515011398853,-0.8808710806122395,-0.17764,-0.10366,-0.15084,-1.9,-16.1,-28.0
108.8043,6812.1925,1.2535111481092907,-2.9938535526567165,-0.759349040440469,-0.12205,-0.20262,-0.11114,-1.9,-16.1,-28.1
108.8161,6812.2125,1.1388869779248039,-2.9705564768877917,-0.6320637477628477,-0.03225,-0.24416,-0.08976,-2.0,-16.0,-28.0
108.8403,6812.2325,1.0393157253920586,-2.9761208917388893,-0.522604133674923,0.02333,-0.23439,-0.03356,-2.1,-16.0,-28.1
108.8601,6812.2525,0.9837391535185788,-3.028232437926377,-0.46173018793996157,0.01845,-0.15253,0.01348,-2.2,-16.0,-28.2
108.9053,6812.2725,0.9658081531286901,-3.0901224581528464,-0.4534446040333169,0.01051,-0.12809,0.03975,-2.3,-15.9,-28.1
108.9229,6812.2925,1.0264722690552752,-3.1818427046345024,-0.515409840108342,0.14367,-0.07373,-0.01095,-2.4,-15.9,-28.2
108.9313,6812.3125,1.150999892654128,-3.2590701930017887,-0.6265756662409832,0.17544,-0.01936,-0.05494,-2.4,-15.9,-28.1
108.938,6812.3325,1.3108281602331011,-3.3034382060947696,-0.7612481641358038,0.12107,-0.03708,-0.09098,-2.5,-15.8,-28.1
108.97,6812.3524,1.457021064467395,-3.3333514507616693,-0.8960698298755663,0.05327,-0.01997,-0.12335,-2.6,-15.8,-28.1
108.982,6812.3724,1.5974326339746712,-3.314302784205023,-0.9953157197213311,0.00562,-0.04074,-0.13557,-2.6,-15.8,-28.1
108.997,6812.3924,1.693955698332077,-3.2766227821109286,-1.0449937734985824,-0.02492,-0.03036,-0.13557,-2.6,-15.8,-28.1
109.0171,6812.4124,1.7376066521363476,-3.233826693216974,-1.0384530340306313,-0.04814,-0.06395,-0.12946,-2.7,-15.7,-28.0
109.04,6812.4324,1.7314417065476533,-3.1972174543601386,-0.9808653902750599,-0.10006,-0.15131,-0.12396,-2.7,-15.7,-27.8
109.0586,6812.4524,1.6824538253804173,-3.17172859084915,-0.8849614306695042,-0.0964,-0.08656,-0.14351,-2.7,-15.7,-27.7
109.0781,6812.4724,1.608057473638755,-3.158371285220633,-0.7701331538932088,-0.07318,-0.02913,-0.12763,-2.8,-15.7,-27.6
109.0978,6812.4924,1.520658380170397,-3.148202438435302,-0.6534411212336106,-0.05852,-0.06701,-0.08304,-2.8,-15.7,-27.6
109.1162,6812.5124,1.431885029153897,-3.1325103048164924,-0.550383724094031,-0.01393,-0.12443,-0.04822,-2.7,-15.8,-27.5
109.1463,6812.5324,1.3490918496327948,-3.103987949813858,-0.4719357873049237,0.03189,-0.13115,-0.05371,-2.8,-15.8,-27.6
109.1624,6812.5524,1.2898447897256236,-3.0715933435896083,-0.4301251360548992,0.02333,-0.10427,-0.07387,-2.8,-15.8,-27.5
109.1785,6812.5724,1.2524217797030894,-3.031446994693026,-0.42400350471762316,0.00928,-0.07434,-0.09892,-2.9,-15.9,-27.5
109.2028,6812.5924,1.2331822158157406,-2.9892659815900924,-0.4506908481872465,0.01234,0.00874,-0.10564,-2.9,-15.9,-27.4
109.2198,6812.6124,1.2286216080182526,-2.9334803394022435,-0.49803046158384134,0.03189,0.00752,-0.0867,-2.9,-15.9,-27.4
109.2466,6812.6324,1.2271901083343306,-2.878858333920815,-0.5586827101927909,0.05571,0.0515,-0.05555,-3.0,-15.9,-27.4
109.2657,6812.6524,1.2391951003168233,-2.8243967969772936,-0.6221026387683413,0.08564,-0.02547,-0.00485,-2.9,-15.9,-27.3
109.2834,6812.6724,1.2626060361206155,-2.786712891989176,-0.6822076445438459,0.0887,0.03073,0.01653,-3.0,-15.9,-27.3
109.2975,6812.6924,1.2953380103720198,-2.776208723246161,-0.7332471439032346,0.01478,0.02523,0.03914,-3.0,-16.0,-27.3
109.3165,6812.7124,1.3284178597335627,-2.795809380935412,-0.769831674393517,-0.01576,0.057,0.03792,-3.0,-16.0,-27.3
109.343,6812.7324,1.3532475317560742,-2.8408398798202783,-0.7883199859649324,0.02028,0.00996,0.04219,-3.1,-16.0,-27.3
109.3582,6812.7523,1.3671251609089632,-2.906651185437291,-0.7896334573538031,0.05082,0.0289,0.0709,-3.1,-16.0,-27.3
109.3814,6812.7723,1.366655726986224,-2.9774057425301055,-0.7738353166280092,0.04716,0.02584,0.11305,-3.0,-16.0,-27.3
109.3985,6812.7923,1.3617712482818285,-3.0548567162490436,-0.7506092454678388,0.03128,0.0179,0.1155,-3.1,-16.0,-27.2
109.418,6812.8123,1.3531476440236487,-3.1283479008406747,-0.7251043401251511,0.01112,0.00263,0.0764,-3.1,-16.0,-27.1
109.455,6812.8323,1.3450569979440699,-3.19424679793591,-0.7049454189420903,0.01661,0.02768,0.0202,-3.1,-16.0,-27.1
109.4646,6812.8523,1.3315032943221337,-3.241247152278093,-0.6916482702797992,-0.01393,0.11381,4e-05,-3.1,-16.0,-27.1
109.4825,6812.8723,1.3153358703876865,-3.2700696229148116,-0.6890403996795822,0.00318,0.05761,0.01898,-3.1,-16.0,-27.1
109.4966,6812.8923,1.2975458355305025,-3.2768434016905963,-0.6953056715631494,0.07159,0.03806,0.02875,-3.1,-16.0,-27.2
109.518,6812.9123,1.2758026452861646,-3.26769137489676,-0.7085209701270259,0.08198,0.05455,0.04525,-3.0,-16.0,-27.2
109.5415,6812.9323,1.2589392445105074,-3.2505441500918724,-0.727261777778212,0.06365,0.04173,0.05563,-3.0,-16.0,-27.3
109.5599,6812.9523,1.2551519442142736,-3.2361752401813937,-0.7511442363605187,0.03922,0.0179,0.03975,-3.0,-16.0,-27.3
109.5785,6812.9723,1.260487829141354,-3.228650391088771,-0.7773366073866992,0.00501,0.03745,0.00371,-3.0,-16.0,-27.3
109.6002,6812.9923,1.2701588967561133,-3.228056942804047,-0.8034416621340128,-0.0121,0.11931,-0.0079,-3.0,-15.9,-27.3
109.6169,6813.0123,1.2781396974322818,-3.2242723672904288,-0.8242993463595987,0.02517,0.09548,0.00859,-3.0,-16.0,-27.3
109.6414,6813.0323,1.2797005177501513,-3.216444264895546,-0.8380061354430985,0.06548,0.02645,0.02814,-3.0,-16.0,-27.3
109.6675,6813.0523,1.2790863833434496,-3.204420463553388,-0.84322581778809,0.04655,-0.00775,0.04036,-3.0,-16.1,-27.5
109.6813,6813.0723,1.2844483576204067,-3.198863214986969,-0.8423957947583656,0.02883,0.01912,0.02936,-2.9,-16.1,-27.5
109.6982,6813.0923,1.2888089350556162,-3.201660313954468,-0.8331466990533745,-0.02615,0.06983,0.00493,-2.9,-16.1,-27.6
109.7174,6813.1123,1.2888757361381584,-3.212025848297824,-0.8144803982668556,-0.03348,0.09059,-0.01706,-2.9,-16.1,-27.7
109.7394,6813.1323,1.2798325161072888,-3.2238113591303286,-0.7858034548615063,-0.02309,0.06616,-0.01279,-2.9,-16.1,-27.7
109.7666,6813.1523,1.2601119061939876,-3.2321523741573372,-0.7498167942410063,0.01295,-0.01692,0.01837,-2.9,-16.1,-27.7
109.7915,6813.1722,1.2386925567374294,-3.243768316889321,-0.71610941210613,0.04227,-0.05968,0.05135,-2.9,-16.1,-27.7
109.8033,6813.1922,1.2331822824047134,-3.271634892998819,-0.6972921667952363,0.05388,-0.00103,0.0538,-2.9,-16.2,-27.6
109.8218,6813.2122,1.2402714782724062,-3.308904405379994,-0.6943596067921298,0.03494,0.09304,0.02997,-2.9,-16.2,-27.6
109.8429,6813.2322,1.2583772624843,-3.3497581283112523,-0.7064707257693179,-0.00232,0.03012,0.00798,-2.9,-16.3,-27.5
109.8653,6813.2522,1.2777406300362912,-3.384039783848436,-0.7275964769430878,0.01661,-0.02242,-0.00851,-2.9,-16.3,-27.6
109.8843,6813.2722,1.292261305577967,-3.4058968424165226,-0.7520122218300802,0.05021,-0.03402,-0.01462,-2.9,-16.3,-27.6
109.9001,6813.2922,1.3004081853574279,-3.41383082827096,-0.7757251364007889,0.0606,0.00813,-0.01828,-2.9,-16.3,-27.6
109.9224,6813.3122,1.2988721052156118,-3.408946280418536,-0.7960771448954933,0.00379,0.01118,-0.03844,-2.9,-16.3,-27.6
109.9416,6813.3322,1.2896365009763802,-3.3880883560991757,-0.8108222207888893,-0.0011,-0.01997,-0.04944,-2.9,-16.3,-27.6
109.9608,6813.3522,1.2704174835112318,-3.3523239538669847,-0.8199118674848318,0.01173,-0.03036,-0.0641,-2.9,-16.3,-27.5
109.9812,6813.3722,1.2421639322855074,-3.3051080289389914,-0.8250754435990899,0.01234,-0.01264,-0.0641,-2.9,-16.3,-27.6
110.0004,6813.3922,1.2109303699323573,-3.2510080267942234,-0.8283409667881543,0.02517,-0.02486,-0.04028,-3.0,-16.3,-27.8
110.0156,6813.4122,1.1851860897475008,-3.194388976863317,-0.8301428649960538,0.038,0.03012,-0.04638,-3.0,-16.3,-27.6
110.0372,6813.4322,1.1691403077022244,-3.143796412117294,-0.8298557243791613,-0.00721,-0.00287,-0.04211,-3.0,-16.3,-27.6
110.0568,6813.4522,1.165304081652105,-3.1008418762148033,-0.8231414411674844,-0.02126,-0.01142,-0.01951,-3.1,-16.4,-27.6
110.0747,6813.4722,1.171221164841034,-3.072554731642278,-0.8074579906569053,-0.01515,-0.00592,0.01715,-3.0,-16.3,-27.6
110.0995,6813.4922,1.184367240469788,-3.063008608246553,-0.7812454572934193,0.00257,-0.04624,0.04158,-3.0,-16.3,-27.6
110.1178,6813.5122,1.205149892605019,-3.082181236990812,-0.7483279534165668,0.03372,-0.01753,0.03853,-3.0,-16.3,-27.7
110.1381,6813.5322,1.2330041601791564,-3.1260557053317513,-0.7110119999248159,0.02883,0.00813,0.03608,-3.0,-16.3,-27.6
110.1604,6813.5521,1.267014690805371,-3.1880868815191867,-0.6737798389028704,0.02028,0.00507,0.03975,-3.0,-16.3,-27.6
110.1807,6813.5721,1.3022283951088272,-3.2578177686133585,-0.6414248306295693,0.00806,0.01302,0.03181,-3.0,-16.3,-27.5
110.1997,6813.5921,1.3296036653027756,-3.323401936160344,-0.6184116668957245,0.01723,0.00752,0.01409,-3.0,-16.3,-27.6
110.2209,6813.6121,1.3409711244452556,-3.3753612257898054,-0.6089534662705791,0.03433,-0.01997,-0.00973,-3.1,-16.4,-27.6
110.2412,6813.6321,1.3363958120015649,-3.408261736316501,-0.6166257107182442,0.07037,-0.0273,-0.03111,-3.1,-16.4,-27.6
110.2705,6813.6521,1.3142406208766062,-3.42384789642607,-0.6424310526484387,0.09358,0.00263,-0.05188,-3.1,-16.4,-27.6
110.2758,6813.6721,1.303943367963184,-3.4016357427405817,-0.6780139497716391,0.0606,0.0234,-0.07632,-3.1,-16.4,-27.5
110.2969,6813.6921,1.28381909974385,-3.3694749482370314,-0.7214456453750664,0.02822,0.03745,-0.06471,-3.1,-16.4,-27.3
110.3159,6813.7121,1.2626736295764016,-3.322286830467321,-0.7613394186233666,0.03372,0.01546,-0.0586,-3.0,-16.4,-27.3
110.3373,6813.7321,1.2390481038186794,-3.273251832685265,-0.7931467933013199,0.05143,-0.05113,-0.05127,-3.1,-16.4,-27.3
110.3571,6813.7521,1.2192774708190979,-3.23028795424708,-0.8153175961616537,0.07404,-0.01386,-0.05066,-3.1,-16.4,-27.5
110.3766,6813.7721,1.2073062402322317,-3.1965806920626925,-0.8290589802546631,0.0606,0.01729,-0.03478,-3.1,-16.5,-27.5
110.397,6813.7921,1.2030045849010322,-3.168455385078633,-0.8366895066134745,0.01234,0.01302,-0.01034,-3.1,-16.5,-27.5
110.4181,6813.8121,1.2033133616218616,-3.140796275277538,-0.8415643609514589,0.04227,-0.07128,-0.00668,-3.1,-16.5,-27.4
110.4448,6813.8321,1.2038447663446843,-3.1122309594555486,-0.8471166222838011,0.07159,-0.04502,-0.01156,-3.1,-16.5,-27.4
110.4562,6813.8521,1.2172760877006439,-3.0820590827505807,-0.8556623983339282,0.05449,0.02279,-0.02378,-3.1,-16.6,-27.3
110.4792,6813.8721,1.23358908065645,-3.0568082235890546,-0.8644288751869311,-0.0011,0.08082,-0.01951,-3.1,-16.6,-27.4
110.4986,6813.8921,1.250859949864865,-3.030342832271927,-0.8643185181879431,-0.03348,0.08571,-0.00851,-3.2,-16.6,-27.4
110.5175,6813.9121,1.2587502267585489,-3.007936033211014,-0.8491848439753493,-0.03653,0.04417,0.02325,-3.1,-16.6,-27.3
110.5516,6813.9321,1.2506792113120253,-2.9895177134118236,-0.8152714673434343,-0.00843,-0.02913,0.07518,-3.1,-16.6,-27.3
110.5663,6813.9521,1.2272536781908694,-3.0085517529191885,-0.7766369408599818,0.02883,-0.0218,0.09961,-3.1,-16.6,-27.2
110.5831,6813.9721,1.1974214443532547,-3.0567203669949623,-0.7399060408171927,0.05143,-0.02547,0.09534,-3.1,-16.6,-27.0
110.5997,6813.9921,1.1732599683530995,-3.1311734813307,-0.7168987040282513,0.04533,0.05822,0.05991,-3.2,-16.6,-27.1
110.6172,6814.0122,1.1615579308506867,-3.217281838635361,-0.7141462275213026,-0.00904,0.07838,0.02936,-3.2,-16.6,-27.0
110.6431,6814.0322,1.1629360484671973,-3.3010135923606843,-0.7334906458028971,0.00684,0.0851,-0.00668,-3.1,-16.6,-27.0
110.6597,6814.0522,1.179007715228548,-3.3620858161182783,-0.768153249341168,0.05205,0.04661,-0.01706,-3.1,-16.6,-26.9
110.6825,6814.0723,1.207415325118987,-3.4047626536227797,-0.8130792165828957,0.07831,0.08204,-0.02134,-3.1,-16.6,-26.8
110.6985,6814.0923,1.2529639146333607,-3.4222500862925394,-0.8551870089955305,0.027,0.09304,-0.04272,-3.1,-16.6,-26.7
110.7208,6814.1123,1.3061225279653004,-3.430808508494587,-0.8865043384377369,-0.00293,0.13397,-0.06227,-3.0,-16.6,-26.7
110.7491,6814.1323,1.3572497310789702,-3.436697285706272,-0.8971792744399654,-0.01576,0.08449,-0.047,-3.1,-16.6,-26.6
110.7688,6814.1524,1.3903374180768118,-3.437554850003194,-0.8782469603141632,-0.00843,0.03256,-0.02439,-3.0,-16.5,-26.6
110.7815,6814.1724,1.3992843323423168,-3.4445969359566027,-0.8349372776124273,0.02272,0.0124,-0.02806,-3.0,-16.6,-26.7
110.7985,6814.1924,1.3826225151412486,-3.4628026971954715,-0.7788678184641284,0.01356,0.04295,-0.02378,-2.9,-16.6,-26.6
110.818,6814.2125,1.3424618333274665,-3.4852887570958107,-0.7241453416024353,0.0325,-0.05051,-0.00607,-2.9,-16.6,-26.6
110.8424,6814.2325,1.2874356526580877,-3.504723288163016,-0.6883898800643067,0.08809,-0.07312,-0.02073,-2.8,-16.6,-26.7
110.8598,6814.2525,1.243591042320253,-3.512041673241839,-0.688234554002662,0.08442,-0.03341,-0.05799,-2.8,-16.6,-26.8
110.8812,6814.2725,1.2170069377568848,-3.499608262546164,-0.7298316292906293,0.01478,0.06311,-0.10503,-2.7,-16.6,-26.9
110.9016,6814.2926,1.2100124076703656,-3.450475403556511,-0.803673723020939,-0.02187,0.06616,-0.16062,-2.7,-16.6,-26.9
110.9169,6814.3126,1.2175126223828616,-3.3521479095505113,-0.8892008977048089,0.01539,0.05516,-0.15634,-2.6,-16.6,-27.1
110.9448,6814.3326,1.2298006950666338,-3.2365721187354675,-0.9736665072467794,0.08809,0.00507,-0.12152,-2.6,-16.6,-27.2
110.9626,6814.3527,1.263843576423032,-3.093316888479582,-1.030226659379558,0.0832,0.07227,-0.15145,-2.6,-16.7,-27.1
110.9775,6814.3727,1.3122528831904932,-2.952089346638115,-1.0491799759100786,-0.08418,0.19078,-0.18077,-2.5,-16.7,-27.1
110.9967,6814.3927,1.371443890766593,-2.8431592629811533,-1.0319405914193052,-0.17581,0.19017,-0.19299,-2.4,-16.7,-27.2
111.0176,6814.4127,1.4260086859609722,-2.7693922509634117,-0.9817096034369968,-0.15504,0.12725,-0.12702,-2.4,-16.7,-27.2
111.0461,6814.4328,1.4737061209509608,-2.7363498463338534,-0.9153500802083183,-0.10373,0.10403,-0.02317,-2.3,-16.7,-27.4
111.0565,6814.4528,1.48875352493427,-2.735761989634061,-0.8461727010311311,-0.09823,0.09548,0.03853,-2.2,-16.7,-27.4
111.0936,6814.4728,1.5240375497207552,-2.753550541963097,-0.7963759645876216,-0.10189,-0.02791,0.09411,-2.2,-16.7,-27.3
111.0986,6814.4929,1.522881276834574,-2.8411817187477335,-0.7821066779349302,-0.12938,-0.03341,0.11611,-2.2,-16.6,-27.3
111.1206,6814.5129,1.527898726468137,-2.944276856224512,-0.7939712885137062,-0.13977,-0.00165,0.10939,-2.2,-16.6,-27.4
111.1442,6814.5329,1.514596728290873,-3.0675747528218986,-0.8208911895525244,-0.08296,0.14985,0.06601,-2.1,-16.6,-27.5
111.1566,6814.5529,1.4662505982294851,-3.1883132847017803,-0.8397953076444793,-0.09762,0.16879,0.08923,-2.1,-16.6,-27.4
111.1771,6814.5729,1.4085337467913668,-3.285584549311739,-0.8360553934897119,-0.15931,0.03195,0.06235,-2.1,-16.6,-27.5
111.2094,6814.5929,1.357662481708937,-3.3437492698315636,-0.8012243933327667,-0.24361,-0.10305,0.0312,-2.0,-16.6,-27.5
111.2209,6814.6129,1.2543924769078565,-3.3978849694138233,-0.7437721191207558,-0.23567,-0.07251,0.02814,-1.9,-16.5,-27.4
111.2403,6814.6329,1.1646666669541639,-3.4347963363795935,-0.6801650533055881,-0.14343,0.08143,-0.0024,-1.9,-16.4,-27.4
111.2588,6814.6529,1.0848252433174512,-3.453024092565261,-0.6220615005021397,-0.12205,0.20422,-0.05616,-1.8,-16.4,-27.5
111.2802,6814.6729,1.030430155253522,-3.442191054686239,-0.5767425076531456,-0.17459,0.12297,-0.04516,-1.8,-16.3,-27.5
111.3082,6814.6929,1.006518581898365,-3.3918605921589804,-0.5441773814270157,-0.16542,-0.04013,0.0092,-1.8,-16.2,-27.6
111.3214,6814.7129,0.9836690981388383,-3.3259992282665203,-0.5278725496811951,-0.11472,-0.08411,0.04708,-1.7,-16.1,-27.6
111.348,6814.7329,0.9920589632263422,-3.2511382161116678,-0.5275424879859223,-0.05363,-0.07556,0.05502,-1.8,-16.1,-27.6
111.3642,6814.7529,1.0132726559641472,-3.2084317119050847,-0.548234796306172,-0.06952,0.01546,0.08495,-1.8,-16.0,-27.6
111.3784,6814.7729,1.049029314992068,-3.191307989622651,-0.5807443295914663,-0.10922,0.11747,0.1326,-1.7,-16.0,-27.6
111.3968,6814.7928,1.0935323195599007,-3.188930766142557,-0.6155911064603856,-0.08723,0.14741,0.16498,-1.7,-15.8,-27.7
111.4212,6814.8128,1.134069301775268,-3.186666056114138,-0.6435239426649098,-0.03348,-0.01997,0.1833,-1.6,-15.7,-27.7
111.4514,6814.8328,1.1642278878772547,-3.1808630641399205,-0.6622218630844152,0.01539,-0.14337,0.15337,-1.7,-15.7,-27.7
111.457,6814.8528,1.1805432010456673,-3.220670318056079,-0.6901400541787961,-0.06707,-0.05601,0.10755,-1.7,-15.6,-27.9
111.4803,6814.8728,1.1967304626042308,-3.248909421757478,-0.7115555051171736,-0.07563,0.0179,0.08068,-1.6,-15.4,-27.9
111.4986,6814.8928,1.2049655311211387,-3.2827994116617245,-0.7330037163762242,-0.03714,0.03745,0.07945,-1.7,-15.4,-28.0
111.5174,6814.9128,1.2094849746710636,-3.312121115454884,-0.7508381060918339,-0.02676,0.04173,0.09534,-1.7,-15.3,-28.0
111.5431,6814.9328,1.2158731668127616,-3.3324722699070746,-0.761728209558358,-0.0292,0.01057,0.08678,-1.8,-15.3,-28.0
111.5594,6814.9528,1.218395931690357,-3.355845236497262,-0.7664663322954581,-0.05913,-0.00714,0.05868,-1.8,-15.3,-27.9
111.5797,6814.9728,1.2188291706793575,-3.3784933271958417,-0.7626878485069071,-0.0628,0.00141,0.03425,-1.9,-15.2,-27.9
111.6056,6814.9928,1.2123638638478895,-3.4020592230962383,-0.752042307045075,-0.04325,-0.01936,0.02631,-1.9,-15.2,-28.1
111.6224,6815.0128,1.1910232094624098,-3.4250572224687152,-0.7373357652721051,-0.01087,0.03256,0.00432,-1.9,-15.2,-28.1
111.6447,6815.0328,1.161900968945758,-3.4434671296801507,-0.7235496113468365,-0.03409,0.06066,-0.02439,-1.9,-15.1,-28.1
111.6619,6815.0528,1.1226461789985835,-3.45007929196487,-0.7121490626388507,-0.06158,0.03317,-0.03905,-2.0,-15.0,-28.2
111.683,6815.0728,1.0789850305090396,-3.4481623366379193,-0.706882933546467,-0.0237,0.04417,-0.03966,-2.0,-14.9,-28.4
111.6961,6815.0928,1.0342025779906903,-3.43503447961923,-0.7056600530505985,0.02639,0.01973,-0.04516,-2.1,-14.9,-28.4
111.7194,6815.1128,0.9956102976591208,-3.4259527452944565,-0.7110840292495606,0.02089,0.05516,-0.04577,-2.0,-14.9,-28.3
111.7506,6815.1328,0.9684154463549648,-3.4298561573859363,-0.7222931623156086,0.00379,0.06555,-0.03233,-2.1,-14.8,-28.2
111.756,6815.1528,0.9541916167083414,-3.4211919761281036,-0.7263878302728184,0.01845,0.09548,-0.047,-2.0,-14.8,-28.3
111.7802,6815.1728,0.945336500456457,-3.441550195455356,-0.7378605205785167,0.03616,0.13213,-0.07815,-2.0,-14.8,-28.4
111.7987,6815.1928,0.9403984753387667,-3.4561055434962307,-0.7465733118047773,0.04288,0.12603,-0.09831,-2.0,-14.7,-28.4
111.8239,6815.2127,0.9358534097752911,-3.4730620894171533,-0.7611015812777797,0.06548,0.04967,-0.08792,-2.0,-14.8,-28.5
111.8493,6815.2327,0.9370982302317105,-3.4827614696910607,-0.7848223003290808,0.027,0.07593,-0.10381,-2.0,-14.8,-28.6
111.864,6815.2527,0.9477251633210504,-3.469376534161834,-0.8165594331011281,0.01845,0.12786,-0.11175,-1.9,-14.7,-28.7
111.8874,6815.2727,0.9645915086649163,-3.4599035172935606,-0.8667406366168748,0.04105,0.16634,-0.13496,-1.8,-14.7,-28.8
111.9119,6815.2927,0.9857559333459507,-3.4366736158813103,-0.9233631539604463,0.03189,0.17734,-0.12702,-1.8,-14.7,-28.7
111.9299,6815.3127,1.0094183993572885,-3.385977889798232,-0.9714295742481269,0.01539,0.10648,-0.09342,-1.8,-14.7,-28.6
111.9397,6815.3327,1.0354165415178824,-3.3194309020168355,-1.0038954584427255,0.02395,0.08815,-0.05555,-1.6,-14.8,-28.6
111.9574,6815.3527,1.061100523375304,-3.2654256504891364,-1.0205886044423966,0.038,0.05578,-0.04272,-1.5,-14.8,-28.6
111.9815,6815.3727,1.0891683521317412,-3.233934245466014,-1.0184258908165766,-0.03103,0.10892,-0.04577,-1.5,-14.8,-28.5
111.9981,6815.3928,1.1125591529488263,-3.2205356493559614,-0.9931260002318876,-0.07624,0.10892,-0.02561,-1.4,-14.8,-28.5
112.0225,6815.4128,1.1366490896256143,-3.2341788098658446,-0.9523177154625913,-0.03103,0.11381,-0.0079,-1.4,-14.9,-28.6
112.0419,6815.4328,1.1555935095447936,-3.2600676954875665,-0.8977800094962642,-0.02187,0.05455,0.00676,-1.3,-14.9,-28.6
112.0585,6815.4529,1.17661792811248,-3.2957694096151666,-0.8397407693253616,-0.04814,0.02951,0.02631,-1.3,-14.9,-28.5
112.0766,6815.4729,1.2069251977684343,-3.336134463322911,-0.7875954721619429,-0.03714,-0.01814,0.06357,-1.2,-14.9,-28.5
112.1058,6815.4929,1.2515920572797228,-3.374780195106486,-0.74828517712543,-0.01148,0.06372,0.0373,-1.2,-14.9,-28.4
112.1209,6815.513,1.2997241143349494,-3.400175360539538,-0.721277459522705,-0.01576,0.10342,0.01592,-1.1,-14.9,-28.3
112.1502,6815.533,1.3492495412770444,-3.4100218181343984,-0.706057267384395,-0.02187,0.14008,-0.00851,-1.1,-14.9,-28.3
112.1705,6815.5531,1.3791808612147327,-3.3830441139203216,-0.6872124829312849,-0.01393,0.06555,-0.04272,-1.1,-14.9,-28.3
112.1795,6815.5732,1.3797952388598604,-3.320038828577649,-0.6552395905788906,0.00623,0.09304,-0.07021,-1.0,-14.9,-28.3
112.1993,6815.5933,1.3479294812748355,-3.258289801253882,-0.6132277895264835,0.01539,0.09976,-0.07509,-0.9,-14.8,-28.3
112.2306,6815.6134,1.2896967889029212,-3.219744713321406,-0.5612437329553401,-0.03592,0.13091,-0.0696,-0.9,-14.8,-28.4
112.2442,6815.6335,1.1967766898129657,-3.1839354179868633,-0.4882070603636528,-0.04875,0.12175,-0.03478,-0.9,-14.8,-28.4
112.2907,6815.6536,1.0996977947369617,-3.183661635338883,-0.41489152025341447,-0.03287,0.06738,0.0147,-0.9,-14.8,-28.3
112.2929,6815.6737,0.9978745491292618,-3.22841749453207,-0.357328774505671,0.00867,-0.05601,0.0935,-0.9,-14.8,-28.3
112.3012,6815.6938,0.9223251595100411,-3.305010831043722,-0.3318039852142096,0.1003,-0.12565,0.14421,-0.9,-14.8,-28.4
112.3211,6815.7139,0.8759934714085711,-3.391672827856418,-0.3470704124714654,0.14429,-0.04685,0.15948,-0.8,-14.7,-28.3
112.3448,6815.734,0.8748692520795115,-3.488457004502145,-0.4142082145689887,0.14978,0.04111,0.14909,-0.8,-14.8,-28.4
112.36,6815.7541,0.9330413902728731,-3.5781113080777502,-0.528619883577873,0.18216,0.08388,0.13077,-0.7,-14.7,-28.3
112.3793,6815.7741,1.008400885544687,-3.633760163672836,-0.66695940921384,0.18399,0.02829,0.08617,-0.7,-14.8,-28.3
112.4041,6815.7942,1.0758629283267767,-3.6444253929335835,-0.8061069801185905,0.21576,0.00507,0.01592,-0.7,-14.8,-28.4
112.4228,6815.8143,1.1409809944371994,-3.61384310638379,-0.930367278162409,0.17788,-0.08472,-0.03417,-0.7,-14.8,-28.4
112.4435,6815.8344,1.1792614802837744,-3.5564026763248533,-1.0269710038882671,0.09236,-0.10061,-0.05616,-0.7,-14.9,-28.4
112.4641,6815.8545,1.1890689499226168,-3.48804101026068,-1.0906504879282028,0.06426,0.05211,-0.07509,-0.7,-14.9,-28.3
112.4818,6815.8746,1.1735325963889165,-3.4164116322724225,-1.118155187074228,0.0832,0.11747,-0.08426,-0.7,-15.0,-28.4
112.5023,6815.8947,1.1391164321000702,-3.353859532709932,-1.112935103213843,0.07709,0.08082,-0.0531,-0.7,-15.0,-28.4
112.5241,6815.9148,1.099100185356915,-3.30478316918433,-1.0799484598772242,0.02028,0.04295,-0.03356,-0.7,-15.1,-28.4
112.5496,6815.9349,1.062587807815118,-3.2783582790095296,-1.0285107897198387,-0.02798,0.01424,-0.01767,-0.7,-15.2,-28.6
112.5673,6815.955,1.036227732784261,-3.283025562067984,-0.9697603218377502,0.03433,-0.04013,-0.00607,-0.7,-15.2,-28.7
112.5877,6815.9751,1.0227203564845189,-3.3205710732024794,-0.9136532111497893,0.05876,0.01485,0.02387,-0.7,-15.2,-28.7
112.6052,6815.9951,1.026891394986149,-3.3827652233561456,-0.8675619718776062,0.01723,0.01851,0.07396,-0.7,-15.3,-28.6
112.6304,6816.0152,1.043890460859976,-3.449189772657185,-0.832829158357157,0.03677,-0.00103,0.08617,-0.7,-15.3,-28.5
112.6557,6816.0352,1.0698266904617293,-3.5075299661366355,-0.8123076446670456,0.03861,-0.02975,0.07457,-0.6,-15.4,-28.6
112.6604,6816.0553,1.1104200374084006,-3.560232609640339,-0.8129645398621221,0.05143,-0.0719,0.03181,-0.6,-15.4,-28.6
112.6799,6816.0754,1.1394277345396095,-3.58315484221233,-0.8232838593661125,0.07831,-0.07678,-0.02561,-0.6,-15.4,-28.6
112.7081,6816.0954,1.1612741795258754,-3.584432811620718,-0.843270981635655,0.04594,0.05822,-0.05616,-0.6,-15.4,-28.5
112.724,6816.1155,1.1807004372141396,-3.547178793294994,-0.8590153529867557,0.0215,0.08449,-0.05555,-0.6,-15.4,-28.5
112.7456,6816.1355,1.1882515600261199,-3.4870707612838876,-0.865907443840527,-0.01026,0.03684,-0.05371,-0.6,-15.5,-28.5
112.7622,6816.1555,1.1781197754436687,-3.413241191650552,-0.8580613413799316,-0.02004,-0.07434,-0.03478,-0.6,-15.5,-28.5
112.7822,6816.1755,1.1509369090793142,-3.346141812745736,-0.8377618421120019,0.02089,-0.06823,-0.02378,-0.6,-15.5,-28.4
112.8026,6816.1955,1.1135773375713156,-3.2986640784705825,-0.8087990724583758,0.05021,0.00507,-0.02439,-0.6,-15.5,-28.4
112.8316,6816.2155,1.0734620063264637,-3.2728553969092338,-0.7743570201605703,0.04655,0.02768,0.00248,-0.6,-15.5,-28.3
112.8508,6816.2355,1.0443694581181637,-3.2658998755921242,-0.7391548850304535,0.00623,-0.01203,0.05013,-0.6,-15.5,-28.2
112.8828,6816.2555,1.0218193932443473,-3.269258291288567,-0.705421474153292,0.00867,-0.04685,0.05807,-0.6,-15.6,-28.1
112.9049,6816.2755,1.0082061607861152,-3.287529707132803,-0.6818513248086191,0.04044,-0.01875,0.0257,-0.6,-15.6,-28.2
112.9122,6816.2955,1.0092483172456985,-3.3140024234907735,-0.67335558987347,0.06732,0.01668,0.0092,-0.7,-15.6,-28.1
112.931,6816.3155,1.0104046487039575,-3.3354335548082705,-0.6790060349730371,0.0661,0.01973,0.03975,-0.7,-15.6,-28.2
112.9461,6816.3355,1.020378597302598,-3.349820104978357,-0.7022264384858623,0.06793,-0.01631,0.0654,-0.7,-15.6,-28.1
112.9614,6816.3555,1.0321999965070863,-3.353737943369563,-0.7413088187758969,0.06671,0.0405,0.04341,-0.7,-15.6,-28.0
112.9835,6816.3755,1.03590599857276,-3.3449176973736616,-0.7915324503281109,0.05693,0.11869,0.00615,-0.8,-15.7,-28.1
113.0038,6816.3955,1.0328889771631793,-3.3163511950125204,-0.844838818399479,0.07648,0.05333,-0.00179,-0.8,-15.8,-28.2
113.0191,6816.4155,1.0284811343843445,-3.271287439720217,-0.895096351760321,0.07281,-0.05846,0.00798,-0.8,-15.8,-28.3
113.0393,6816.4354,1.0247626255980427,-3.22407003482151,-0.9382127251906862,0.02883,0.0008,0.01959,-0.7,-15.8,-28.2
113.0617,6816.4554,1.0301705748632528,-3.1920124642805847,-0.9711180619863011,-0.00782,0.15229,0.00248,-0.7,-15.8,-28.1
113.0787,6816.4754,1.0416878773209841,-3.1787023129343823,-0.9851765991499395,-0.01637,0.2317,0.00737,-0.7,-15.9,-28.0
113.1116,6816.4954,1.0579573341947899,-3.1969070615002684,-0.9779718739614278,0.00073,0.13763,0.06479,-0.7,-15.9,-28.0
113.1233,6816.5154,1.0748908018488148,-3.242364669201085,-0.9453771140255469,0.02272,0.02279,0.14848,-0.7,-15.9,-28.1
113.146,6816.5354,1.0917582448354846,-3.3135785755776572,-0.8909850169086866,0.01845,0.04295,0.17353,-0.7,-16.0,-28.1
113.1591,6816.5554,1.1136370799601034,-3.427283412126996,-0.8328698998544013,0.00379,0.05333,0.16864,-0.7,-16.0,-28.2
113.1807,6816.5754,1.1378939251797942,-3.552250613163429,-0.775771804075772,-0.03531,0.00507,0.15154,-0.7,-16.0,-28.1
113.1986,6816.5954,1.159923305673091,-3.683205339102353,-0.7356823790923848,-0.02553,0.02462,0.14726,-0.7,-16.0,-28.1
113.2186,6816.6154,1.1773636811951538,-3.794351709971536,-0.7176113292689852,0.07159,0.02768,0.12099,-0.7,-16.0,-28.2
113.2481,6816.6354,1.1826654768772558,-3.863122420079035,-0.7191995767734429,0.10091,-0.00165,0.11,-0.7,-16.0,-28.2
113.2597,6816.6554,1.206745488016241,-3.899703193733267,-0.7474819196205047,0.08809,-0.05785,0.09411,-0.7,-16.0,-28.2
113.2822,6816.6754,1.215915185503872,-3.8803787501615905,-0.7785698057331345,0.12046,-0.15742,0.07762,-0.7,-16.0,-28.2
113.3097,6816.6954,1.2177236781556833,-3.8214666125290884,-0.8069388806392332,0.12779,-0.20201,0.0373,-0.7,-16.0,-28.0
113.3254,6816.7154,1.2299662242375915,-3.7529198004412962,-0.8344210001548031,0.07831,-0.14337,-0.00485,-0.7,-16.0,-27.9
113.3473,6816.7354,1.2250919459827003,-3.6726187371132646,-0.8463390195064715,0.05143,-0.06518,-0.05738,-0.7,-15.9,-28.0
113.3849,6816.7554,1.1915392539371488,-3.595922637531044,-0.8423820955559691,0.04349,-0.02303,-0.07998,-0.8,-16.0,-28.0
113.3856,6816.7754,1.1525847047504036,-3.4887657125914204,-0.811935715773032,0.05205,-0.0102,-0.09403,-0.8,-16.0,-28.0
113.4038,6816.7954,1.0839185174010144,-3.38728368324671,-0.7696074115793134,0.08503,-0.04624,-0.0867,-0.8,-16.0,-28.0
113.4245,6816.8154,1.0095523979586107,-3.287772698535153,-0.7215879523046329,0.0325,-0.0328,-0.04944,-0.8,-16.0,-28.1
113.4516,6816.8353,0.9466484226797763,-3.2028087662312434,-0.6786343593843895,-0.03225,0.00263,-0.02134,-0.8,-16.0,-28.0
113.4684,6816.8553,0.8978501893336253,-3.137111374685285,-0.6454336723945406,-0.04692,0.11686,0.00737,-0.8,-16.0,-27.9
113.4816,6816.8753,0.8687293891502806,-3.095402494059271,-0.6250434365912962,-0.00782,0.13946,0.02692,-0.8,-16.0,-27.8
113.4986,6816.8953,0.8641159602929112,-3.0790344107384198,-0.6168865256636096,0.06793,0.09304,0.08984,-0.8,-16.1,-27.8
113.5189,6816.9153,0.8842192117023339,-3.0826972854262866,-0.6153650181992969,0.07281,0.09793,0.1497,-0.8,-16.1,-27.6
113.5599,6816.9353,0.9097915577779884,-3.0923688210706333,-0.6083807149734444,0.07892,0.10526,0.1662,-0.8,-16.1,-27.6
113.5645,6816.9553,0.9924789615694645,-3.1439339043527106,-0.607626998064644,0.11619,0.06983,0.14054,-0.9,-16.2,-27.6
113.5876,6816.9753,1.0636265826838502,-3.207748159552597,-0.5924744395985133,0.10091,0.04906,0.11916,-0.8,-16.2,-27.5
113.6015,6816.9953,1.134749591637351,-3.2907279851173334,-0.5661074320746327,0.10091,0.10342,0.08923,-0.9,-16.3,-27.5
113.6277,6817.0153,1.1675333103551981,-3.390081173604171,-0.5273914260894124,0.14184,0.20299,0.06601,-0.8,-16.3,-27.5
113.6503,6817.0353,1.1622051177198853,-3.48450234372588,-0.47837555422071,0.12535,0.16268,0.08617,-0.7,-16.3,-27.3
113.6651,6817.0553,1.1213282226808299,-3.5635106702016057,-0.4303561043244102,0.15834,0.04906,0.09717,-0.8,-16.3,-27.4
113.6825,6817.0753,1.0353472245640727,-3.623055166811977,-0.3989472545004862,0.22003,-0.01875,0.03486,-0.8,-16.4,-27.3
113.699,6817.0953,0.9250700021220928,-3.659732066982993,-0.40318481129258643,0.18705,0.00874,-0.01951,-0.7,-16.4,-27.2
113.721,6817.1153,0.7970188004866517,-3.6787461305585243,-0.45812022071898895,0.17544,0.19261,-0.06471,-0.7,-16.4,-27.0
113.7521,6817.1353,0.6604674311678504,-3.6915078409183657,-0.5713509816542892,0.27623,0.26286,-0.07876,-0.8,-16.5,-26.9
113.7651,6817.1553,0.5915721698119959,-3.629522788640166,-0.7098693655143329,0.33121,0.24942,-0.08304,-0.7,-16.6,-27.0
113.7878,6817.1753,0.5434271531549034,-3.569993149804178,-0.8786190638990359,0.26279,0.16329,-0.02745,-0.7,-16.7,-27.0
113.8027,6817.1953,0.5643824534291301,-3.4970354583684293,-1.0467785312184912,0.26402,0.17367,-0.0079,-0.7,-16.8,-26.8
113.823,6817.2153,0.6207521404792958,-3.4492859970591105,-1.2018816317419247,0.26096,0.12175,0.00187,-0.6,-16.9,-26.9
113.8438,6817.2353,0.7151379297008489,-3.4327202359892395,-1.3283105315644068,0.19926,0.03684,0.07396,-0.6,-17.0,-26.8
113.8655,6817.2552,0.8348305294104675,-3.4507243829024765,-1.418867200685252,0.14551,0.07105,0.09656,-0.5,-17.1,-26.7
113.8856,6817.2752,0.9677453452773758,-3.494360819868629,-1.4709271605112413,0.10458,0.12297,0.04341,-0.5,-17.2,-26.6
113.9132,6817.2952,1.0932650298934157,-3.5497001828897643,-1.4843663021852205,0.05999,0.13763,-0.00668,-0.4,-17.3,-26.5
113.9243,6817.3152,1.2052749187244567,-3.5875895709715104,-1.4551769122707778,0.027,0.04417,-0.01095,-0.3,-17.3,-26.5
113.9593,6817.3352,1.293995884038135,-3.6046539703857787,-1.388232203263815,-0.02004,-0.04868,0.01653,-0.3,-17.4,-26.7
113.9622,6817.3552,1.3549965625148408,-3.6236886371919104,-1.298505763825645,-0.05486,-0.07556,0.03914,-0.2,-17.6,-26.6
113.9833,6817.3753,1.4078132417814826,-3.635298240835174,-1.1905438176627836,-0.08418,0.00385,0.0428,-0.2,-17.6,-26.6
114.0027,6817.3953,1.442383693253648,-3.6556457037379544,-1.0762641591579012,-0.11228,0.06921,0.0312,-0.2,-17.8,-26.8
114.0217,6817.4153,1.453019882033196,-3.6784298694123767,-0.9606554109272167,-0.10434,0.04722,0.01653,-0.2,-17.8,-26.9
114.0423,6817.4353,1.435088133889612,-3.694175752662263,-0.8490715173691115,-0.05913,-0.10183,0.01531,-0.1,-17.9,-26.9
114.0674,6817.4554,1.3899291976576775,-3.699938312135423,-0.7503088351705909,-0.01271,-0.23439,0.00432,-0.1,-17.9,-26.8
114.0841,6817.4754,1.3280517793097306,-3.7071647144262414,-0.6779065250419318,-0.01454,-0.1452,-0.06899,-0.1,-18.0,-26.8
114.101,6817.4954,1.2567101798636324,-3.7077737121045704,-0.632730893640943,-0.0347,0.0515,-0.14168,-0.1,-18.0,-26.9
114.1213,6817.5155,1.180697154396314,-3.696038726728868,-0.6120777673323534,-0.03225,0.04417,-0.171,-0.1,-18.0,-26.8
114.1471,6817.5355,1.1019609084546824,-3.6647915660037422,-0.6092773125534592,-0.01943,-0.07006,-0.1484,-0.1,-18.0,-26.8
114.1598,6817.5555,1.0334798873062736,-3.606292616921423,-0.6172654353014124,0.0215,-0.14703,-0.1093,-0.1,-18.0,-26.9
114.1846,6817.5755,0.988410932004693,-3.5548285714382555,-0.6445355651047215,0.08992,-0.03524,-0.10319,-0.1,-18.0,-27.0
114.2041,6817.5956,0.9838284592787464,-3.514731881443739,-0.6871129057972212,0.01845,0.04478,-0.12457,-0.1,-18.0,-27.0
114.2196,6817.6156,1.0116449501417875,-3.487633417994073,-0.7365766354733747,-0.02126,0.04417,-0.12641,-0.1,-18.1,-27.1
114.2603,6817.6356,1.0458218856289894,-3.492931471696647,-0.7889132539365402,0.04044,0.00507,-0.08976,-0.2,-18.1,-27.1
114.2623,6817.6557,1.0924755721946227,-3.49544660312289,-0.8233801938654732,0.09725,-0.11466,-0.03722,-0.2,-18.0,-27.1
114.2805,6817.6757,1.111122689082463,-3.5168418130987216,-0.8384875669994916,0.05754,-0.12993,-0.03844,-0.3,-18.1,-27.0
114.3007,6817.6958,1.1045625713713658,-3.5561027978007806,-0.8343503969410122,-0.03348,-0.09328,-0.06043,-0.2,-18.0,-27.0
114.3263,6817.7158,1.0713744919067894,-3.605623609163523,-0.8146674164394323,-0.07074,-0.07556,-0.11236,-0.2,-18.0,-27.0
114.3451,6817.7359,1.0062456828535917,-3.6453980719440207,-0.7838615687470298,-0.05486,-0.06823,-0.12396,-0.3,-18.0,-26.9
114.3667,6817.756,0.9277321190037722,-3.663510860547909,-0.7559762859718671,-0.03836,-0.12138,-0.09953,-0.2,-18.0,-27.0
114.3837,6817.776,0.856586295673447,-3.6553048364104326,-0.7471376787071193,-0.03042,-0.15558,-0.08304,-0.2,-18.0,-26.9
114.4139,6817.7961,0.8135363096479797,-3.62682622708579,-0.7712376888891086,0.00745,-0.09022,-0.07632,-0.2,-18.0,-26.9
114.4236,6817.8161,0.8269394047587021,-3.5837029157660143,-0.8317949869213219,0.10275,-0.06456,-0.0641,-0.2,-18.0,-27.0
114.4463,6817.8362,0.8716937361626519,-3.5344001717976528,-0.9169840102223592,0.12779,-0.07128,-0.02256,-0.1,-17.9,-27.0
114.4613,6817.8563,0.95737677912976,-3.490522084252757,-1.0112448214706315,0.09297,-0.14886,0.01409,-0.2,-18.0,-27.1
114.4874,6817.8763,1.043677850325167,-3.457455385342616,-1.08993287922657,0.07587,-0.11649,-0.01218,-0.3,-18.0,-27.1
114.506,6817.8964,1.1253993592953306,-3.4414853311157647,-1.1378640025291826,0.03005,-0.05357,-0.10136,-0.3,-17.9,-27.1
114.5213,6817.9165,1.1720129793424772,-3.4362008286442647,-1.141789572553515,-0.11472,-0.02547,-0.10319,-0.3,-17.9,-27.0
114.546,6817.9365,1.1836385519278587,-3.440434544048515,-1.1053327347124142,-0.18558,-0.08595,-0.09098,-0.3,-18.0,-26.9
114.5654,6817.9566,1.140204099936417,-3.444967233421358,-1.035231650404537,-0.1025,-0.01203,-0.10014,-0.3,-18.0,-26.9
114.5827,6817.9766,1.0640572560024901,-3.4479444323983386,-0.9519194515277807,-0.01637,0.00324,-0.10014,-0.4,-17.9,-26.9
114.6086,6817.9966,0.9858105386155488,-3.4483894883860766,-0.8765229979469478,-0.00232,-0.04807,-0.06593,-0.4,-17.9,-26.8
114.6304,6818.0167,0.9303349902020607,-3.4420106909337886,-0.8226400059808157,-0.02615,-0.10794,4e-05,-0.3,-17.8,-26.8
114.6502,6818.0367,0.9114820109504407,-3.437983057304385,-0.8000827887475115,-0.02798,-0.11588,0.05624,-0.4,-17.9,-26.8
114.6731,6818.0567,0.9284158885263317,-3.442186494742784,-0.8083902275598671,-0.02553,-0.11649,0.03975,-0.3,-17.9,-26.9
114.6854,6818.0767,0.9684162221573046,-3.466017801124106,-0.8423177193378262,-0.0292,-0.0273,0.00615,-0.3,-17.9,-26.8
114.7038,6818.0968,1.0213038554099945,-3.4948236907650987,-0.8835108979970947,-0.02676,-0.02547,-0.02684,-0.4,-17.9,-26.8
114.7263,6818.1168,1.072700829734611,-3.521357821309146,-0.9150468175814037,-0.06463,-0.04807,-0.03111,-0.4,-17.9,-26.8
114.7449,6818.1368,1.1055227743410976,-3.541298427070376,-0.9225938710288588,-0.08662,-0.08472,-0.03111,-0.4,-17.9,-26.7
114.7668,6818.1569,1.117084461392961,-3.555472886253512,-0.9001793414200723,-0.06463,-0.10183,-0.02867,-0.5,-17.9,-26.6
114.7919,6818.1769,1.110147783755861,-3.5695682650192286,-0.8510072394385482,-0.04814,-0.07128,-0.03172,-0.5,-17.9,-26.6
114.8097,6818.1969,1.0836182364165876,-3.585816813549617,-0.7832870571295931,-0.10739,0.00813,-0.04455,-0.5,-17.8,-26.6
114.8288,6818.2169,1.0491124137116157,-3.598298381521541,-0.7089606818670635,-0.12083,0.01179,-0.06532,-0.4,-17.8,-26.6
114.8524,6818.237,1.011020378394592,-3.6012187951333354,-0.6414774834142403,-0.07807,0.01546,-0.09342,-0.5,-17.7,-26.7
114.8694,6818.257,0.9620354482529837,-3.5815895891009597,-0.58856202223477,-0.02676,-0.01325,-0.09586,-0.5,-17.7,-26.8
114.8997,6818.277,0.9110471199994401,-3.5528432339593365,-0.5643552274893207,0.01539,0.02829,-0.07204,-0.5,-17.7,-26.8
114.9162,6818.297,0.8698563513164278,-3.501910789217802,-0.5643804653316842,0.06121,0.04417,-0.07448,-0.5,-17.8,-26.9
114.9308,6818.317,0.8412937923396657,-3.447626564622932,-0.5867310441477667,0.04349,0.06555,-0.06838,-0.5,-17.7,-26.8
114.9415,6818.337,0.8228001892764899,-3.4004856938425023,-0.6195269250737478,0.02822,0.06372,-0.05738,-0.5,-17.6,-26.9
114.985,6818.357,0.7953856391184903,-3.3978229644747517,-0.6578669233831729,0.04716,0.12236,-0.02195,-0.5,-17.6,-26.7
114.9919,6818.377,0.7751655150482818,-3.406102024949481,-0.6777386657990601,0.06915,0.07227,0.02814,-0.5,-17.6,-26.8
115.0131,6818.3971,0.7299963239446692,-3.4549974472943066,-0.6831048389111931,0.13451,0.03806,0.06052,-0.6,-17.5,-26.9
115.0231,6818.4171,0.6933425519057382,-3.53388595214996,-0.6796056473180538,0.16078,0.11075,0.04708,-0.6,-17.5,-26.8
115.0463,6818.4371,0.6455423093129627,-3.636232963144032,-0.6806088044453222,0.12352,0.0967,0.01898,-0.5,-17.5,-26.8
115.0636,6818.4572,0.6224056242239469,-3.729254443455352,-0.6995635037192969,0.10397,0.10464,0.00065,-0.5,-17.5,-26.9
115.0833,6818.4772,0.6240872541017262,-3.791853970116024,-0.7507275367835913,0.11313,0.10953,0.00248,-0.5,-17.5,-26.9
115.1033,6818.4972,0.6597349764739777,-3.802632844986668,-0.8396610533838409,0.15956,0.10587,0.02081,-0.5,-17.5,-26.9
115.1297,6818.5172,0.7256151668384146,-3.757269955130734,-0.9620081083541852,0.23103,0.11442,0.02753,-0.5,-17.6,-27.0
115.1532,6818.5373,0.8464896017385761,-3.650971925004255,-1.0973972545561015,0.26279,0.21338,0.01287,-0.5,-17.6,-26.9
115.1723,6818.5574,1.0174989150676816,-3.4972584020798703,-1.218257212377246,0.14673,0.21582,0.0202,-0.4,-17.6,-26.8
115.1861,6818.5774,1.2070923126258046,-3.321846624460525,-1.2959684346980875,0.04105,0.2482,0.01653,-0.4,-17.7,-26.8
115.2118,6818.5975,1.3841324268528277,-3.181507288556262,-1.3199537656166385,-0.04753,0.26714,-0.047,-0.3,-17.7,-26.6
115.2334,6818.6175,1.512810144746483,-3.082165915172769,-1.2724763329598154,-0.10922,0.27996,-0.0415,-0.3,-17.8,-26.6
115.2653,6818.6376,1.592898608238597,-3.049180869229004,-1.1660962608949337,-0.15809,0.13763,-0.01706,-0.2,-17.9,-26.5
115.2816,6818.6577,1.5814586977847174,-3.0861036351737163,-1.0119059120738463,-0.15809,0.1022,0.13565,-0.1,-17.9,-26.5
115.2954,6818.6777,1.5114307002351484,-3.1968126151342764,-0.8439148294784502,-0.10495,0.00874,0.19002,-0.1,-17.9,-26.5
115.3103,6818.6978,1.405567213291152,-3.359111742752964,-0.6872247320455909,-0.05058,0.01118,0.22117,0.0,-18.0,-26.5
115.3235,6818.7179,1.2843373411531027,-3.5465180552214943,-0.5614353932076597,-0.03042,0.08815,0.19307,0.0,-18.0,-26.5
115.3503,6818.7379,1.173274720898209,-3.7064744033379697,-0.4696317983151861,-0.07929,0.07471,0.14421,0.1,-18.0,-26.5
115.3664,6818.758,1.0631403133622355,-3.832914063318629,-0.42034725201965806,-0.12449,0.057,0.10511,0.1,-18.0,-26.5
115.3862,6818.778,0.9650874476697893,-3.899044557882595,-0.4098259294458586,-0.09029,0.06127,0.07029,0.2,-18.0,-26.5
115.4055,6818.7981,0.8770883667993831,-3.9073799597565793,-0.4381883001891307,0.0044,0.10526,0.05746,0.3,-18.0,-26.4
115.4239,6818.8182,0.8092661565431448,-3.867489435262777,-0.5038371990344768,0.05876,0.12053,0.06601,0.3,-17.9,-26.4
115.4505,6818.8382,0.7658155601767732,-3.794390643381204,-0.6009314441352434,0.08992,0.10831,0.09961,0.4,-17.9,-26.4
115.4738,6818.8583,0.7626611501052529,-3.7045289251246354,-0.7197879710826687,0.12291,0.0625,0.12344,0.4,-17.9,-26.4
115.4973,6818.8784,0.7949292527674188,-3.617198214849281,-0.8464435975269247,0.1058,0.0344,0.1497,0.5,-17.8,-26.5
115.5075,6818.8984,0.8679812656384486,-3.5551383630996107,-0.9686534519632737,0.1113,0.05211,0.12893,0.4,-17.9,-26.7
115.5296,6818.9185,0.9407981147278855,-3.5125778465250876,-1.0613966503594607,0.07648,0.06127,0.09534,0.4,-17.9,-26.8
115.5481,6818.9385,1.0086036977198065,-3.496007651945953,-1.114132223279979,0.00073,0.08021,0.10145,0.4,-17.9,-26.8
115.5648,6818.9586,1.051561845958425,-3.5015828698484754,-1.118888983706535,-0.03409,0.07349,0.10267,0.4,-17.9,-26.8
115.5853,6818.9786,1.060498660661075,-3.524117692722438,-1.0770174842854523,-0.03042,0.05394,0.09411,0.4,-17.8,-26.9
115.6037,6818.9986,1.0367812543385453,-3.5647529740880515,-1.0014541906263421,-0.00171,0.01179,0.09839,0.4,-17.8,-26.9
115.6284,6819.0187,0.9951852107764594,-3.614463000330353,-0.9080107017575401,-0.00477,-0.06029,0.12099,0.4,-17.7,-26.9
115.6561,6819.0387,0.9558047585988113,-3.672267107314113,-0.8182174943215816,-0.02309,0.02157,0.12099,0.3,-17.8,-26.9
115.6687,6819.0587,0.9349286112492938,-3.749435148496242,-0.756374241011164,-0.01148,0.0234,0.12588,0.3,-17.7,-26.9
115.6903,6819.0787,0.9367302466624531,-3.8155812940259373,-0.7232329879218398,0.03128,-0.01814,0.1216,0.3,-17.7,-26.9
115.7146,6819.0988,0.9584923223735053,-3.868094701791969,-0.7226359857448159,0.08076,0.02706,0.1155,0.3,-17.8,-27.0
115.724,6819.1188,1.0136211276534393,-3.907589797683625,-0.7538570452425581,0.1058,0.03562,0.10939,0.2,-17.8,-26.9
115.7499,6819.1389,1.0577696635393554,-3.9144625577160213,-0.7953903155370305,0.11741,0.01668,0.09656,0.2,-17.9,-26.9
115.7661,6819.1589,1.1088744388681986,-3.897739771866107,-0.842567291613479,0.08931,-0.06029,0.04952,0.2,-17.9,-27.0
115.7844,6819.1789,1.140444564386549,-3.856293658215262,-0.8821419751119564,0.0441,-0.0102,0.00126,0.2,-17.9,-26.9
115.8074,6819.1989,1.1416661288519216,-3.796805396133656,-0.9084791626867563,0.00623,-0.04074,-0.00179,0.2,-17.9,-26.7
115.8256,6819.219,1.1124770289476797,-3.727314651963138,-0.920382781092874,0.05143,-0.0328,-0.01156,0.2,-17.9,-26.8
115.847,6819.239,1.0559249431929818,-3.6561754047695776,-0.9187729337206498,0.08748,0.02768,-0.01523,0.1,-17.9,-26.6
115.8671,6819.259,0.9870691251013733,-3.588622080479851,-0.9055502414388812,0.05999,0.04722,0.00554,0.2,-18.0,-26.6
115.901,6819.2791,0.909876066136207,-3.530840228275606,-0.8826167212446911,0.04349,-0.0609,0.01531,0.2,-18.0,-26.5
115.9098,6819.2991,0.8547093279637151,-3.4918305214818757,-0.8573414434832802,0.05693,0.03501,0.02753,0.1,-18.1,-26.5
115.9229,6819.3191,0.8101578620607518,-3.4728549681942495,-0.8323093872074576,0.04716,-0.03646,0.05258,0.1,-18.1,-26.5
115.9568,6819.3391,0.7716860600300415,-3.469991031756953,-0.8117830658267664,0.03372,-0.01203,0.04036,0.0,-18.2,-26.6
115.9637,6819.3592,0.763096257474086,-3.4835479514406593,-0.805511742826102,0.03983,0.0741,0.03669,0.0,-18.2,-26.5
115.9862,6819.3792,0.764748753816102,-3.4997136001738944,-0.8131558035915702,0.08014,0.05455,0.06052,0.0,-18.3,-26.5
116.0084,6819.3992,0.7833435227245892,-3.5109406151428177,-0.8357091932564771,0.07098,0.02829,0.0819,0.0,-18.2,-26.3
116.0275,6819.4193,0.8163000079728364,-3.5157303309627324,-0.8708034032595116,0.05876,0.04967,0.06479,0.0,-18.3,-26.3
116.0446,6819.4393,0.8572729656844265,-3.5169585199551165,-0.9125363560423256,0.0887,0.04478,0.06479,0.0,-18.3,-26.3
116.0655,6819.4593,0.8956584763062568,-3.518893880582917,-0.951947134509652,0.14001,0.01057,0.06846,0.0,-18.3,-26.3
116.0849,6819.4793,0.9349970539402568,-3.526549906955451,-0.9816999310201258,0.08931,0.06983,0.0764,0.0,-18.3,-26.3
116.11,6819.4994,0.9692362665813722,-3.541800687140178,-0.995594548327583,0.01784,0.06127,0.08862,0.0,-18.3,-26.3
116.1262,6819.5194,0.9960693457539312,-3.570563940794746,-0.995009100498427,-0.00293,0.02035,0.06601,0.0,-18.4,-26.3
116.1478,6819.5395,1.007485578289998,-3.60779996956489,-0.9820113585501886,-0.01271,0.07777,0.06479,0.0,-18.4,-26.2
116.1691,6819.5595,1.0008863673224693,-3.651325533122861,-0.9641160872607202,0.00623,0.05455,0.05868,0.0,-18.4,-26.3
116.1897,6819.5796,0.9833424864709519,-3.693693240924733,-0.9480898519733358,0.04471,0.01607,0.02875,-0.1,-18.4,-26.3
116.207,6819.5997,0.9671070987966109,-3.7263317014739936,-0.9377162999281534,0.04655,0.06127,0.02509,-0.1,-18.5,-26.2
116.2257,6819.6197,0.9581901076531738,-3.7448254062734265,-0.9329923621855887,0.00257,0.09304,0.0428,0.0,-18.5,-26.2
116.2815,6819.6398,0.9602471938000982,-3.744023940316679,-0.9289938438636103,-0.03103,0.0515,0.06968,0.0,-18.5,-26.1
116.2857,6819.6599,0.9592397093351631,-3.745284610348868,-0.9276522637049442,0.00684,0.03928,0.04952,0.0,-18.5,-26.0
116.2863,6819.6799,0.9601735077313827,-3.7457616666635767,-0.9225942749330631,0.04838,0.02645,0.03608,0.0,-18.5,-26.0
116.3063,6819.7,0.9549335318903209,-3.751932964580806,-0.9116993343080235,0.04471,0.06311,0.02387,0.0,-18.5,-26.2
116.3237,6819.72,0.9520385858839604,-3.7648550374576377,-0.8952779368957362,-0.00232,0.07899,0.02264,0.0,-18.6,-26.1
116.348,6819.74,0.951321925589754,-3.7843478624528526,-0.8755265805918899,-0.03409,0.07471,0.03303,0.0,-18.6,-26.1
116.3667,6819.7601,0.9434968987849484,-3.805994962863659,-0.8548698569387874,-0.02492,0.05394,0.02264,0.0,-18.6,-26.0
116.383,6819.7801,0.928774755680212,-3.8259825910923597,-0.8388130219200001,0.02028,0.03195,0.01959,-0.1,-18.7,-26.1
116.4035,6819.8001,0.9110777559822316,-3.8388661173794163,-0.8324797713329062,0.05693,0.00874,0.01592,-0.1,-18.8,-26.1
116.4251,6819.8201,0.9007117656043646,-3.8407150173552007,-0.8400514106975958,0.0661,0.02401,0.01165,-0.1,-18.8,-26.0
116.4476,6819.84,0.9056614760965941,-3.830292087699296,-0.8627270274837873,0.0551,0.0625,-0.01401,0.0,-18.8,-26.0
116.4635,6819.86,0.9271711333236163,-3.8025760878114134,-0.8950815635484854,0.05449,0.07838,-0.04028,0.0,-18.8,-26.0
116.4851,6819.88,0.9539733735933078,-3.7682467420256534,-0.9337157178992825,0.0496,0.08082,-0.04577,0.0,-18.9,-26.0
116.5055,6819.9,0.9805622631895032,-3.724536417998294,-0.9686973153702851,0.06854,0.05333,-0.0134,0.0,-18.9,-26.0
116.5332,6819.92,0.9991176153841611,-3.678306847354048,-0.9949650612497205,0.09358,-0.00837,0.00248,0.0,-18.9,-26.0
116.5517,6819.94,1.0209826458976414,-3.6375108447985087,-1.0127602502877107,0.04044,-0.04868,0.01409,0.0,-18.9,-26.0
116.5733,6819.96,1.0387009888134078,-3.610036951823731,-1.0230745666848247,-0.01271,-0.05174,0.02936,0.0,-18.9,-26.0
116.5927,6819.98,1.0503117203705523,-3.5995520264235807,-1.0275442308736977,0.01112,0.00202,-0.00179,0.0,-18.9,-26.0
116.6119,6820.0,1.0515722178795188,-3.599777336173044,-1.0236391551859931,0.01539,0.06311,-0.02623,0.0,-19.0,-26.0
116.6293,6820.02,1.0411513112547053,-3.6017943548498894,-1.0072346956712899,0.01173,0.03928,-0.00485,0.0,-19.0,-26.1
116.6466,6820.04,1.0202350802270113,-3.6029795231137656,-0.9765335192446134,-0.01943,-0.06212,0.02264,0.0,-19.0,-26.1
116.6657,6820.06,0.991038968630877,-3.6066528412399252,-0.9332339113676458,-0.03042,-0.04135,0.01776,0.1,-19.0,-26.0
116.6841,6820.08,0.9555212709538492,-3.618666642267256,-0.8826305028272259,-0.02065,-0.00409,0.0031,0.1,-19.0,-26.0
116.7172,6820.1,0.9193621977821681,-3.638840545323671,-0.8312650784271973,-0.00293,0.04722,0.00371,0.1,-19.0,-25.9
116.7343,6820.1199,0.88019456796647,-3.6605151670903946,-0.7847195723198777,-0.01576,0.04845,0.0031,0.1,-19.0,-25.8
116.7619,6820.1399,0.8482604076847431,-3.682328719355139,-0.7523799343049475,-0.02798,0.04661,0.00248,0.0,-18.9,-25.8
116.7652,6820.1599,0.818329584722308,-3.6934189623246234,-0.7360414168111422,-0.01271,0.05455,-0.00851,0.0,-18.9,-25.9
116.786,6820.1798,0.8054340778528711,-3.7127946630555977,-0.74726446449443,0.00501,0.12419,-0.03295,0.0,-18.8,-25.8
116.8064,6820.1998,0.8039406390084516,-3.7296883095156197,-0.7786786827177519,0.00562,0.12541,-0.04394,0.0,-18.8,-25.7
116.8244,6820.2198,0.8122181993615818,-3.7403941945750647,-0.8221501734839798,0.02883,0.07166,-0.03356,0.0,-18.9,-25.8
116.8465,6820.2397,0.828070430185855,-3.7497095035722268,-0.8712230391940228,0.03433,-0.00837,0.03058,0.0,-18.9,-25.8
116.8637,6820.2597,0.8573562133696178,-3.764758653864656,-0.92196473390214,0.06243,-0.04563,0.0654,0.0,-18.9,-25.8
116.8924,6820.2796,0.8925746428711131,-3.78700423523604,-0.9694509802195643,0.06487,0.05578,0.05258,0.0,-18.9,-25.8
116.9114,6820.2996,0.9392116091165604,-3.8120962330756405,-1.0107027398920376,0.03433,0.09548,0.02264,0.0,-18.8,-25.7
116.9231,6820.3196,0.9818010889060766,-3.829842711737491,-1.0404812006708841,-0.01943,0.02096,0.01959,0.0,-18.8,-25.6
116.9586,6820.3396,1.0077793234440933,-3.8297557482061517,-1.0546054391726152,-0.01393,-0.07434,0.03975,0.0,-18.8,-25.6
116.9685,6820.3596,1.0164915880200385,-3.8248099479596447,-1.06037114232746,0.02395,-0.01631,0.02264,0.0,-18.8,-25.6
116.991,6820.3796,1.0100262657833103,-3.813531248288589,-1.0582626920248046,-0.00415,0.03867,-0.02317,0.0,-18.8,-25.7
117.0051,6820.3996,0.9879320909546656,-3.797195710516588,-1.0488186774806483,-0.05852,0.05639,-0.03417,0.2,-18.9,-25.6
117.0265,6820.4196,0.9588486264470077,-3.778127170534417,-1.0338222423319525,-0.07624,-0.05418,-0.01584,0.2,-18.9,-25.5
117.0469,6820.4397,0.9239640669041239,-3.7607330316863186,-1.015514075208161,-0.03225,-0.11099,0.00554,0.2,-18.9,-25.5
117.0672,6820.4597,0.8940009945081216,-3.7505702066695283,-0.9982148985349433,0.01173,-0.04685,0.00554,0.3,-18.9,-25.5
117.0899,6820.4797,0.8795594326904781,-3.7478212204597625,-0.9840198638330211,-0.02553,0.03928,-0.00607,0.2,-19.0,-25.6
117.1045,6820.4998,0.8800342009152715,-3.748015237975157,-0.971375694793851,-0.07624,0.01851,-0.01706,0.2,-19.0,-25.7
117.1248,6820.5198,0.8959053486779481,-3.746739788689128,-0.9577452829814117,-0.05791,-0.02913,-0.03172,0.2,-19.0,-25.6
117.1492,6820.5398,0.9191708438479841,-3.7443132121046627,-0.940524523808584,-0.03164,-0.01264,-0.03661,0.2,-19.0,-25.7
117.1649,6820.5598,0.9321549970821592,-3.7380974610982722,-0.9143478986314033,-0.04142,0.06983,-0.0641,0.2,-18.9,-25.6
117.1848,6820.5799,0.9347623483773491,-3.733318119689966,-0.8800204665268136,-0.07746,0.03562,-0.04761,0.2,-19.0,-25.6
117.2086,6820.5999,0.9215244452397747,-3.7300770014988025,-0.8383141397516862,-0.03592,-0.02425,-0.02928,0.2,-19.0,-25.5
117.2271,6820.6199,0.8968363439604928,-3.730463936943166,-0.7952342730659314,0.03372,-0.07495,-0.03111,0.3,-18.9,-25.5
117.2533,6820.64,0.8749975666561537,-3.7390022324042103,-0.7612627278901449,-0.01332,-0.03158,-0.04211,0.3,-18.9,-25.6
117.2687,6820.66,0.857547140315665,-3.754113096398422,-0.743442831361758,-0.06768,0.02157,-0.04272,0.3,-18.8,-25.6
117.2866,6820.68,0.8487320724375608,-3.7735111279094116,-0.7465851972509334,-0.02248,0.06555,-0.03661,0.3,-18.8,-25.6
117.3068,6820.7,0.8461581639782982,-3.790713424585886,-0.7688026797559893,0.07831,0.03806,-0.01523,0.1,-18.7,-25.9
117.3317,6820.7201,0.8517483060806625,-3.8004827371515395,-0.8042290544250292,0.10886,-0.03463,-0.0079,0.1,-18.7,-25.9
117.3499,6820.7401,0.8773385591490147,-3.8010277132261403,-0.8459860254567868,0.02395,-0.04135,-0.01279,0.1,-18.7,-25.9
117.3646,6820.7601,0.9116976744352088,-3.797208854135651,-0.8872416346004819,-0.0463,-0.00226,-0.02806,0.1,-18.6,-25.9
117.3873,6820.7802,0.9421861715284462,-3.7931080289442076,-0.9225198099470173,-0.03714,0.0008,-0.0415,0.1,-18.6,-25.9
117.4062,6820.8002,0.9550400227807997,-3.7854117458691947,-0.9460059571159913,0.02089,-0.00592,-0.05127,0.1,-18.6,-25.8
117.4291,6820.8202,0.9515848992883437,-3.771837037605628,-0.95665220222131,0.04105,0.00324,-0.06227,0.1,-18.5,-25.8
117.4468,6820.8402,0.9376169634526151,-3.7442227226435256,-0.953062125723612,-0.0182,0.0234,-0.04516,0.1,-18.5,-25.8
117.4645,6820.8603,0.9158268438890345,-3.7072945735799574,-0.9394321896334361,-0.08112,-0.01325,-0.0134,0.1,-18.5,-25.9
117.4843,6820.8803,0.885641269692956,-3.669196440386709,-0.9205369485552897,-0.04386,-0.04624,-0.0134,0.1,-18.5,-25.9
117.5077,6820.9003,0.8482367237199161,-3.6396698878401206,-0.9009983744044767,0.03677,-0.03708,-0.04089,0.1,-18.5,-25.9
117.5274,6820.9204,0.8150216904151354,-3.6223742822092824,-0.8829821136578069,0.06121,-0.00653,-0.03661,0.1,-18.5,-26.0
117.5604,6820.9403,0.7963884648785307,-3.6183875490783888,-0.8671302246999009,-0.02126,0.0063,0.01104,0.2,-18.5,-26.1
117.5676,6820.9603,0.7934201354463873,-3.633216281856756,-0.8556285562569297,-0.04203,0.0124,0.04097,0.2,-18.6,-26.0
117.5932,6820.9803,0.8051609176540215,-3.6596519658206166,-0.8466917276002164,-0.0182,-0.01142,0.04708,0.2,-18.6,-26.0
117.6085,6821.0003,0.8251748552381205,-3.706178748846116,-0.8460057828185175,0.03861,-0.01081,0.03853,0.1,-18.7,-26.1
117.628,6821.0203,0.8511727147812527,-3.759066918211373,-0.8518738109563699,0.0661,-0.0102,0.0147,0.2,-18.6,-26.1
117.6555,6821.0403,0.8821335921897618,-3.8035733527861777,-0.8629658649621881,0.03433,0.03134,-0.00118,0.2,-18.6,-26.2
117.6705,6821.0603,0.925304726495621,-3.825076283294518,-0.8789631314757873,0.02395,-0.03708,-0.0079,0.2,-18.7,-26.3
117.6857,6821.0803,0.9727763554782421,-3.8176567803848003,-0.901252791014338,0.01661,-0.07923,-0.00607,0.2,-18.6,-26.4
117.712,6821.1003,1.0221609838594392,-3.784511679069056,-0.9341137719275583,0.04777,-0.01325,-0.02684,0.2,-18.6,-26.4
117.7241,6821.1203,1.0853908247195332,-3.723178465635489,-0.9783505967227839,0.03372,0.04906,-0.04333,0.2,-18.6,-26.5
117.7465,6821.1403,1.1640141531220918,-3.64812781420192,-1.037191176519574,-0.03836,0.00813,-0.04089,0.3,-18.6,-26.5
117.7636,6821.1603,1.2507149194425013,-3.568819216560428,-1.1062207386520662,-0.0909,-0.05785,-0.0415,0.3,-18.6,-26.6
117.7875,6821.1803,1.3412733923377231,-3.5051327627385187,-1.1813967740487463,-0.11533,-0.0945,-0.02134,0.3,-18.6,-26.8
117.8058,6821.2003,1.4072236277782282,-3.482811063283423,-1.2540369255295545,-0.13854,-0.04074,-0.02928,0.3,-18.7,-26.8
117.8247,6821.2203,1.442557153143408,-3.5097400777313825,-1.3113791877124008,-0.15504,0.05578,-0.04822,0.3,-18.6,-26.8
117.8505,6821.2403,1.4577440887997508,-3.58274748232906,-1.3433704988215496,-0.20207,0.1022,-0.07326,0.3,-18.6,-26.7
117.8654,6821.2603,1.4033276969153654,-3.6788054168686735,-1.3292001427089595,-0.34135,0.16084,-0.10686,0.3,-18.5,-26.8
117.8888,6821.2803,1.3409496441810365,-3.788605438710459,-1.2820784538157124,-0.4733,0.14679,-0.15512,0.3,-18.4,-26.8
117.9171,6821.3003,1.2550702732267425,-3.8960441806510873,-1.2070777168363929,-0.44642,0.12847,-0.19971,0.3,-18.4,-26.9
117.9326,6821.3203,1.0814942448292346,-3.965309743629519,-1.0984875808261023,-0.27965,0.04722,-0.22415,0.3,-18.4,-26.9
117.9546,6821.3402,0.9144728249461029,-3.9994333962985706,-0.988863595441698,-0.23384,-0.02669,-0.19544,0.3,-18.2,-26.9
117.9726,6821.3602,0.7568160104003425,-3.9895957900328773,-0.8848265947843341,-0.20513,-0.17696,-0.09098,0.3,-18.1,-27.0
117.9878,6821.3802,0.6336459273225168,-3.9570356305556182,-0.8010753921957896,-0.2485,-0.36816,-0.02012,0.2,-18.0,-26.9
118.0061,6821.4002,0.5583261441246277,-3.9152854409705666,-0.7413238414123775,-0.25033,-0.3364,-0.00729,0.3,-17.9,-27.1
118.0287,6821.4202,0.5233187345987298,-3.883957175426154,-0.7080334069791778,-0.19108,-0.29058,-0.04761,0.3,-17.8,-27.2
118.0487,6821.4402,0.512093670321681,-3.880626715438899,-0.7025096925741714,-0.11961,-0.15131,-0.05738,0.3,-17.6,-27.2
118.0632,6821.4602,0.5200681885457331,-3.8920850809942333,-0.7149672204332163,-0.07868,-0.09144,-0.03233,0.3,-17.5,-27.3
118.0834,6821.4802,0.5541515920803768,-3.8986829003098693,-0.7348111426609059,-0.15259,-0.10122,-0.00912,0.2,-17.4,-27.4
118.1116,6821.5002,0.6026886804281167,-3.8885846772205497,-0.7546123838178538,-0.17886,-0.1507,-0.03295,0.2,-17.2,-27.5
118.1265,6821.5202,0.636377649203753,-3.885408562262545,-0.781120936918219,-0.0518,-0.20506,-0.0531,0.2,-17.1,-27.5
118.1526,6821.5402,0.6627340569647303,-3.8715480079817906,-0.8050483200830634,0.05021,-0.2521,-0.03539,0.1,-17.0,-27.6
118.165,6821.5602,0.7031641426796541,-3.877389957823676,-0.8376065795709078,0.02883,-0.19834,-0.02012,0.1,-16.8,-27.6
118.1836,6821.5802,0.7560291059330633,-3.8895414242650013,-0.8685206168673538,-0.04814,-0.03463,-0.02684,0.1,-16.8,-27.8
118.2056,6821.6002,0.8180136593288652,-3.9050201614437334,-0.892126547747571,-0.08296,0.00507,-0.08976,0.1,-16.7,-27.9
118.2266,6821.6202,0.8671034297505334,-3.9154360219916255,-0.9008379689710146,-0.0909,-0.10916,-0.09281,0.0,-16.6,-27.9
118.2744,6821.6402,0.8889709972268726,-3.9106755367043937,-0.8904546530860031,0.00867,-0.19529,-0.04761,0.0,-16.6,-28.0
118.275,6821.6602,0.9086069119602496,-3.9198490706658573,-0.8816643181332431,0.05754,-0.18796,-0.06838,0.0,-16.5,-27.9
118.2877,6821.6802,0.9185581722554954,-3.927817923168058,-0.8743362600349922,0.01845,-0.01203,-0.11053,-0.1,-16.5,-28.0
118.3103,6821.7002,0.9310091607221291,-3.9385140558168876,-0.8775676954636094,-0.02248,0.07716,-0.12396,-0.2,-16.5,-28.0
118.3258,6821.7202,0.9376697875661071,-3.929813566384405,-0.8832670859507772,-0.01759,0.03806,-0.10503,-0.2,-16.4,-27.9
118.3466,6821.7401,0.9317480993329973,-3.9116953670319554,-0.8930050990659062,0.00012,-0.09755,-0.0867,-0.3,-16.4,-28.0
118.3728,6821.7601,0.9078548931666249,-3.8941340523098544,-0.9047476048975245,0.07404,-0.05113,-0.15878,-0.3,-16.4,-27.9
118.3877,6821.7801,0.8805129461092916,-3.869777829083569,-0.9096214792679458,0.06793,-0.04318,-0.19177,-0.3,-16.4,-27.9
118.4086,6821.8001,0.8502203427204278,-3.858093612616703,-0.9108425992945755,0.01417,0.03867,-0.19238,-0.3,-16.3,-27.8
118.4241,6821.8201,0.8244364147998601,-3.845927330022739,-0.902627179161783,-0.02431,-0.04624,-0.12457,-0.3,-16.3,-27.8
118.4467,6821.8401,0.8074460711146032,-3.8451567540364757,-0.8949898034615185,0.01539,-0.05968,-0.06043,-0.4,-16.3,-27.7
118.4658,6821.8601,0.8002817718376369,-3.8521595576331573,-0.8943734214962404,0.02944,0.04539,-0.0812,-0.4,-16.3,-27.8
118.4851,6821.8801,0.8019486545561635,-3.8666665066984285,-0.9081997343732962,0.00195,0.04478,-0.12152,-0.4,-16.3,-27.6
118.5106,6821.9001,0.8033332361515911,-3.8867881083616944,-0.9382658873326122,0.04716,-0.00959,-0.13374,-0.4,-16.3,-27.6
118.5275,6821.9201,0.8097386239514698,-3.8873375125553444,-0.971088908371053,0.13329,-0.0102,-0.12946,-0.4,-16.4,-27.7
118.5584,6821.9401,0.8045603865320253,-3.8887811169654505,-1.005707676499238,0.10702,-0.02791,-0.13068,-0.4,-16.4,-27.6
118.5718,6821.9601,0.807785811195784,-3.866629161075043,-1.0228616220527051,0.01723,-0.00653,-0.1148,-0.4,-16.4,-27.7
118.5879,6821.9801,0.803889730129034,-3.846095293675492,-1.024565402870584,-0.0463,0.02523,-0.10381,-0.4,-16.4,-27.6
118.606,6822.0001,0.7905384835564808,-3.8328174299380025,-1.011129454794645,-0.01271,0.00935,-0.11663,-0.3,-16.4,-27.7
118.6362,6822.0201,0.769063177419446,-3.839408496362467,-0.9923345545161091,0.03066,0.0063,-0.11663,-0.4,-16.4,-27.8
118.6484,6822.0401,0.7494541919402782,-3.8382312051024994,-0.9648950241920051,0.03861,0.06433,-0.07754,-0.4,-16.4,-27.7
118.6646,6822.0601,0.7398404094013544,-3.8472609383973513,-0.9450991059825142,0.03189,0.03867,-0.06532,-0.3,-16.5,-27.7
118.6842,6822.0801,0.7447500365576516,-3.862854122839746,-0.9364183153981376,0.03677,0.06372,-0.07143,-0.3,-16.5,-27.7
118.7062,6822.1001,0.7609665210068692,-3.8838626374451333,-0.938745311117561,0.03005,-0.02669,-0.07754,-0.2,-16.5,-27.7
118.7276,6822.1201,0.7803330881263916,-3.9124698885308122,-0.9500626139356427,0.02272,-0.04624,-0.06715,-0.2,-16.5,-27.7
118.752,6822.1401,0.7940296018141424,-3.9527774559828504,-0.968344083422549,0.06793,0.02768,-0.06288,-0.2,-16.5,-27.7
118.7671,6822.1601,0.8088257700731762,-3.990903190548748,-0.9861137836416685,0.10091,-0.01325,-0.08304,-0.1,-16.5,-27.6
118.7849,6822.18,0.8179901705935214,-4.024818667838636,-1.0021033859032382,0.09542,-0.01631,-0.10136,0.0,-16.5,-27.5
118.8067,6822.2,0.8233049715414533,-4.0449467733916515,-1.0145246923788047,0.01356,-0.11038,-0.05982,0.0,-16.5,-27.4
118.8282,6822.22,0.8300519771491277,-4.049839583730134,-1.0267305976210093,0.02395,-0.18429,-0.07693,0.0,-16.5,-27.5
118.8576,6822.24,0.8394070054126304,-4.046329460129689,-1.0448312337097914,0.04166,-0.09144,-0.13557,0.0,-16.4,-27.4
118.9011,6822.26,0.8560086415386507,-4.047976850066941,-1.075642636178543,0.01295,-0.00898,-0.15573,0.0,-16.4,-27.3
118.909,6822.28,0.8732536725931298,-3.999808630600164,-1.0891493086025932,-0.02553,0.0179,-0.14534,0.1,-16.4,-27.3
118.9129,6822.3,0.8866439973287109,-3.932692366946019,-1.0916632643753381,-0.00538,-0.00898,-0.11724,0.1,-16.4,-27.2
118.9345,6822.32,0.8929063702988962,-3.869851489352391,-1.0841147276660639,0.00501,-0.05601,-0.11236,0.2,-16.4,-27.3
118.9642,6822.34,0.8947430909600741,-3.8111741212100316,-1.0589090898622047,-0.02676,-0.08778,-0.12641,0.2,-16.5,-27.4
118.9711,6822.36,0.8746523107007924,-3.762451080840023,-1.013802331252288,-0.10128,-0.09999,-0.13129,0.2,-16.5,-27.3
118.989,6822.38,0.8560677397490204,-3.740054487233981,-0.9615258213099231,-0.12083,-0.05601,-0.10747,0.1,-16.5,-27.4
119.0055,6822.4,0.8272406372496836,-3.7389278909929144,-0.9078900999727306,-0.07257,-0.00898,-0.06349,0.0,-16.4,-27.4
119.0237,6822.42,0.7934369271434659,-3.7511449956136964,-0.8623340743161112,0.00318,0.01851,-0.05616,0.0,-16.4,-27.4
119.0435,6822.44,0.7626117836874439,-3.7657003723580096,-0.8320986463604942,0.04716,-0.05051,-0.04089,0.0,-16.5,-27.4
119.068,6822.46,0.7454589787498987,-3.7772515186725815,-0.8221646929790491,0.06854,-0.11527,-0.0305,0.1,-16.5,-27.5
119.0843,6822.48,0.7529721355579102,-3.785583396001182,-0.8332484829558595,0.02395,-0.05601,-0.06593,0.1,-16.5,-27.6
119.1148,6822.5,0.7771148837464132,-3.797563370819681,-0.861913016501024,-0.06646,0.02768,-0.07998,0.0,-16.5,-27.6
119.1269,6822.52,0.7909908477169748,-3.7882791224241985,-0.886274398458136,-0.02553,0.09121,-0.08548,0.1,-16.5,-27.7
119.1545,6822.54,0.792602096093111,-3.775035909252759,-0.9040746043458441,0.00928,-0.01325,-0.04394,0.1,-16.5,-27.7
119.1649,6822.56,0.7774162089237444,-3.755055950600619,-0.9068621316617627,0.00379,-0.07434,-0.01767,0.1,-16.5,-27.7
119.1866,6822.5801,0.7555734566272159,-3.7452690952100736,-0.9001329837863228,-0.03287,-0.02669,-0.02439,0.0,-16.5,-27.8
119.2047,6822.6001,0.7320339306756958,-3.7523121992691646,-0.8891683660932213,-0.04508,0.08754,-0.05555,0.0,-16.5,-27.9
119.2426,6822.6201,0.7184188604571438,-3.785035859120465,-0.8842614762817469,-0.04264,0.07044,-0.05127,0.0,-16.5,-27.7
119.2574,6822.6402,0.7000661852843086,-3.8104727245721244,-0.8771595604825588,0.00195,0.01179,-0.00729,0.0,-16.5,-27.7
119.2662,6822.6602,0.6948265585250772,-3.8364983546509683,-0.8781390988179076,0.06121,0.02279,0.04647,0.1,-16.5,-27.7
119.2888,6822.6802,0.6974622639108539,-3.8597231033296464,-0.8879227331023785,0.08442,0.01729,0.03364,0.2,-16.4,-27.7
119.3101,6822.7002,0.7183514483613666,-3.882723875679227,-0.9079209717356047,0.01784,0.01546,0.02692,0.2,-16.5,-27.7
119.3266,6822.7203,0.7502714281018162,-3.9020435394860096,-0.9334925056648338,0.00195,0.03806,-0.00668,0.3,-16.5,-27.7
119.3471,6822.7403,0.7797349369598584,-3.9154855472478616,-0.9592216047970776,0.05449,0.03806,-0.03783,0.2,-16.5,-27.8
119.3795,6822.7603,0.7962073403451482,-3.923135428706651,-0.9811736335569439,0.02395,0.01118,-0.01523,0.1,-16.5,-27.8
119.388,6822.7804,0.8105015647325786,-3.9209672333355705,-0.9963571582515556,0.01784,-0.01508,0.00859,0.1,-16.5,-27.7
119.4201,6822.8004,0.8152770026336904,-3.9223224495601317,-1.0088059754149317,0.04044,0.046,0.00371,0.1,-16.6,-27.7
119.4322,6822.8204,0.81253360984358,-3.923345979972769,-1.016487369096426,-0.0347,0.05394,-0.00912,0.1,-16.6,-27.7
119.4523,6822.8404,0.8014784078943409,-3.9273124811881703,-1.020842193107626,-0.03103,0.00752,-0.025,0.1,-16.6,-27.8
119.4664,6822.8605,0.7808690473158232,-3.929250427085254,-1.019947309658118,0.02456,-0.01203,-0.01584,0.1,-16.6,-27.8
119.488,6822.8806,0.7544912986737004,-3.929746861830354,-1.014859452034779,0.06732,-0.03219,-0.02073,0.2,-16.6,-27.7
119.5058,6822.9006,0.7352182093460018,-3.925786187873448,-1.0054536246700803,0.03738,0.04906,-0.01523,0.2,-16.6,-27.6
119.5285,6822.9207,0.7256238624390723,-3.9193287987937917,-0.9924239962909827,-0.01087,0.0405,-0.01523,0.2,-16.6,-27.7
119.55,6822.9408,0.7232411443526224,-3.9113131520689413,-0.9753060536704758,-0.00354,0.02951,-0.00179,0.2,-16.7,-27.7
119.5688,6822.9608,0.7228882106035236,-3.906950471468673,-0.9554263514057855,0.04288,0.01973,0.01226,0.1,-16.7,-27.8
119.6014,6822.9809,0.7176492968271871,-3.91369373789802,-0.9356291337597824,0.05876,0.00996,0.01043,0.1,-16.7,-27.8
119.6116,6823.0009,0.7198030001206558,-3.928404997434993,-0.9170280483795779,0.01723,0.03806,0.00065,0.0,-16.7,-27.8
119.6301,6823.021,0.7203695817785531,-3.9501200482163323,-0.9019230903210769,-0.02309,-0.00531,0.02142,0.0,-16.7,-27.8
119.6555,6823.0411,0.7191604633547687,-3.9732843130194,-0.8931392812031849,-0.00538,-0.08717,0.03058,0.1,-16.7,-27.7
119.6679,6823.0611,0.7176794568964631,-4.00372264288899,-0.8993367058773032,0.04044,-0.07312,0.02325,0.1,-16.7,-27.8
119.6861,6823.0812,0.715944735634114,-4.02825421175064,-0.9189562556014401,0.05449,0.03378,0.00187,0.1,-16.7,-27.9
119.7056,6823.1013,0.7184528910562346,-4.038332957848459,-0.948831499403628,0.04594,0.08388,0.01165,0.1,-16.7,-28.0
119.7272,6823.1213,0.7276557683532009,-4.025816602304386,-0.9808056416016235,0.06365,0.04111,0.03181,0.1,-16.7,-28.0
119.7473,6823.1413,0.7448940234084019,-3.991826056686279,-1.0070772680638456,0.0325,-0.00042,0.02448,0.1,-16.7,-28.0
119.7711,6823.1613,0.7648415485163158,-3.947067884209853,-1.0227468117919312,-0.0518,-0.02425,-0.00668,0.1,-16.7,-28.0
119.7874,6823.1814,0.7715875614742791,-3.899733693109287,-1.0230319898357507,-0.0854,0.09426,-0.02134,0.1,-16.8,-28.1
119.8061,6823.2014,0.7627541206625449,-3.856509419063495,-1.0080295281464942,-0.02065,0.09854,0.00493,0.1,-16.7,-28.2
119.8262,6823.2214,0.7384554650919253,-3.8202156931135582,-0.9812068538035668,0.04594,-0.00959,0.01165,0.2,-16.8,-28.1
119.8605,6823.2415,0.7017840533253122,-3.7943776381913987,-0.9501200029417944,0.03861,-0.08839,0.0202,0.2,-16.7,-28.0
119.8815,6823.2615,0.6771782386914336,-3.7884357988010815,-0.9276338592806201,0.03983,-0.00348,-0.00362,0.2,-16.7,-28.0
119.9075,6823.2815,0.662330504584977,-3.799310043164846,-0.9179827001209961,0.05021,0.0515,0.01409,0.1,-16.7,-27.9
119.9219,6823.3015,0.6665278912077365,-3.8197109926474484,-0.9220549973695604,0.04899,0.04661,0.04463,0.2,-16.7,-27.9
119.9302,6823.3216,0.6826384626201257,-3.8437796845358903,-0.9370724951156912,0.04105,-0.01753,0.0483,0.2,-16.7,-27.9
119.955,6823.3416,0.7017102008866949,-3.8663327131995016,-0.9575699551173678,-0.01087,-0.01814,0.0092,0.1,-16.7,-27.9
119.9959,6823.3616,0.7168990908557259,-3.895206704108627,-0.9819481675449371,-0.00293,0.04356,-0.03905,0.1,-16.7,-27.9
119.9993,6823.3817,0.7276832739004723,-3.905123100533242,-0.9938337533884045,0.04227,0.08326,-0.02806,0.1,-16.7,-27.9
120.0081,6823.4017,0.7284133878372904,-3.9114299104127133,-0.9951800336088095,0.04899,0.01179,0.00065,0.1,-16.7,-27.8
120.0275,6823.4217,0.7206151212584068,-3.9135970941756004,-0.9840848956857009,0.04044,-0.00714,0.00493,0.1,-16.7,-27.8
120.047,6823.4417,0.7149758616349725,-3.9150826339452127,-0.9647361060204762,-0.00721,-0.05174,0.01165,0.1,-16.6,-27.8
120.0652,6823.4617,0.7151268899586797,-3.926013754425947,-0.9470243946004651,-0.01087,-0.00287,0.03181,0.1,-16.6,-27.7
120.0869,6823.4817,0.721690769769345,-3.949907122787616,-0.9392865047173906,0.01173,-0.03952,0.04525,0.1,-16.6,-27.7
120.109,6823.5017,0.7350536514017237,-3.9830463443886277,-0.9455683008916651,0.04471,0.11686,0.01531,0.1,-16.6,-27.7
120.1283,6823.5217,0.7567120878990644,-4.014482620513805,-0.9632284795880839,0.0496,0.05028,0.01226,0.0,-16.6,-27.6
120.1505,6823.5417,0.7814813963165443,-4.037633319467836,-0.9865735617699283,0.01784,-0.06701,0.0257,0.0,-16.6,-27.7
120.1657,6823.5617,0.8038428934686717,-4.054501202283261,-1.0105463243129904,0.01112,-0.03158,0.01592,0.0,-16.6,-27.7
120.1858,6823.5817,0.8114958184803895,-4.065486435866958,-1.0279786419212247,0.02211,-0.00103,-0.01156,0.0,-16.6,-27.7
120.2174,6823.6017,0.7971123589127753,-4.072373526994652,-1.0345267335382164,0.02883,0.03745,-0.03661,0.0,-16.6,-27.7
120.2297,6823.6217,0.7685006170186267,-4.062906012464493,-1.024068963063101,0.01784,-0.00898,-0.04089,0.0,-16.6,-27.8
120.2527,6823.6417,0.7280800464587164,-4.04401634887024,-1.0024457558510331,0.00867,-0.0499,-0.04272,0.1,-16.6,-27.7
120.2986,6823.6617,0.6902903253548763,-4.026841475943036,-0.9808739828391566,-0.0121,-0.01631,-0.06104,0.1,-16.7,-27.8
120.3039,6823.6817,0.6517798958165055,-3.9856455553379906,-0.9530201584330982,-0.01515,0.03317,-0.07876,0.1,-16.7,-27.8
120.3082,6823.7017,0.6261412098142193,-3.938291081920214,-0.9325876275300331,0.03555,0.05394,-0.07571,0.1,-16.7,-27.7
120.3287,6823.7217,0.6083729241266346,-3.8948452631583086,-0.9252933708524562,0.06732,0.01973,-0.03417,0.1,-16.7,-27.7
120.3466,6823.7417,0.6075762760207398,-3.8475122029249498,-0.9265925273849547,0.07648,-0.01508,0.00248,0.0,-16.8,-27.7
120.3664,6823.7617,0.6225418352427536,-3.8065423705945918,-0.9364405127395585,0.06732,-0.01997,0.00554,0.0,-16.8,-27.7
120.3871,6823.7817,0.6511204143935263,-3.780206120370927,-0.9525145434756688,0.03494,0.06005,-0.02317,0.1,-16.8,-27.6
120.4049,6823.8017,0.6841270791000581,-3.7682408764340214,-0.9686681263715595,-0.0121,0.07655,-0.02439,0.1,-16.8,-27.5
120.4254,6823.8216,0.711110462732834,-3.7700856887761414,-0.9800600624427211,-0.00538,0.03806,-0.01218,0.1,-16.8,-27.5
120.4588,6823.8416,0.7244211277999486,-3.7816947631351203,-0.9827380092206663,0.02028,-0.0157,0.03792,0.1,-16.8,-27.5
120.4751,6823.8616,0.7329247416237455,-3.813171315064549,-0.9825308557150922,0.05266,-0.01875,0.06418,0.2,-16.8,-27.5
120.4901,6823.8816,0.7390845098623926,-3.8632367443079407,-0.9820817601704341,0.02028,0.02768,0.07396,0.2,-16.9,-27.5
120.5085,6823.9016,0.7448697967808938,-3.9245139933203252,-0.9829262263287717,0.00318,0.01729,0.0538,0.2,-16.9,-27.6
120.5257,6823.9216,0.7526399919040708,-3.9869907753363623,-0.9861296040318308,0.03616,0.00568,0.03547,0.2,-16.9,-27.5
120.5534,6823.9416,0.7605364650345093,-4.0356771988300055,-0.9896669212835789,0.01356,-0.0218,0.03303,0.2,-16.9,-27.6
120.5673,6823.9616,0.7697215319756967,-4.073118269251763,-0.9981876775397698,-0.0011,-0.06701,0.02631,0.2,-16.9,-27.5
120.5861,6823.9816,0.7753907240887686,-4.093148927765978,-1.0094351214984467,-0.00477,0.02218,-0.02012,0.2,-16.9,-27.6
120.6081,6824.0016,0.7726554718212045,-4.0970342739179975,-1.0216680946309786,0.01478,0.02645,-0.04455,0.3,-16.9,-27.6
120.6302,6824.0216,0.7603888989115991,-4.082359592384685,-1.02937130181604,0.05754,0.04173,-0.0305,0.3,-16.9,-27.4
120.6561,6824.0416,0.7419353819249138,-4.0521484791076725,-1.0290194209078543,0.03189,-0.0218,-0.00729,0.4,-16.9,-27.5
120.6795,6824.0616,0.7248561462217075,-4.01528257557464,-1.0210827438919114,-0.01454,-0.03646,-0.01462,0.4,-16.9,-27.5
120.6904,6824.0816,0.7044553994300988,-3.9833081022272445,-1.0085646679077964,-0.04936,-0.05601,-0.03356,0.4,-16.9,-27.7
120.7064,6824.1016,0.6845812871630617,-3.9607132298799286,-0.9946973465051148,-0.05791,0.06005,-0.05066,0.4,-16.9,-27.8
120.7257,6824.1216,0.6635203699194706,-3.9459116102781224,-0.9814710822558244,-0.00477,0.00507,-0.01828,0.3,-16.9,-27.8
120.75,6824.1416,0.6418648521974102,-3.934068380121558,-0.9699787524864494,0.03433,0.01118,4e-05,0.3,-16.9,-27.8
120.7652,6824.1616,0.6262924860502025,-3.9225557152292883,-0.9615956321340526,0.02272,-0.03219,-0.0024,0.3,-17.0,-28.0
120.787,6824.1816,0.6144694766570091,-3.9139896591097916,-0.9575016375758647,0.02333,0.00141,-0.0024,0.3,-17.0,-27.9
120.809,6824.2016,0.608621259498089,-3.9112170968810145,-0.9576386390088896,0.04288,-0.00409,-0.01095,0.3,-17.0,-28.0
120.8271,6824.2215,0.6106868363919227,-3.9152378796081684,-0.9602516586462393,0.06182,0.00691,-0.01523,0.3,-17.0,-28.0
120.8574,6824.2415,0.6174500402652252,-3.928411415292637,-0.9640105198995013,0.01723,-0.00959,0.00676,0.4,-17.0,-27.9
120.8781,6824.2615,0.6295917202283458,-3.94842424826971,-0.9668810599286211,-0.02248,0.02462,0.02875,0.4,-17.0,-27.9
120.9041,6824.2815,0.6406946638428029,-3.9734390551101506,-0.9681361198277472,-0.00354,0.04967,0.01898,0.4,-17.0,-27.7
120.9309,6824.3015,0.6477472996557647,-4.00012226026841,-0.9681194453847031,0.05388,-0.0102,0.02387,0.4,-17.0,-27.8
120.9395,6824.3215,0.6601336389799608,-4.029600237961751,-0.9709748304530166,0.05021,-0.05662,0.02875,0.4,-17.0,-27.9
120.9533,6824.3415,0.6713698918005053,-4.05306465038542,-0.9750666543597308,0.00684,0.00935,0.01104,0.4,-17.0,-27.9
120.9871,6824.3615,0.6791773419373636,-4.072268842993603,-0.9828057769468792,0.00684,0.06738,-0.025,0.4,-17.1,-27.9
120.9981,6824.3815,0.6885442951357753,-4.0707627296743985,-0.9871712351366231,0.02395,0.03562,-0.02867,0.4,-17.0,-27.8
121.0091,6824.4015,0.694618245558543,-4.055736543757001,-0.9897467416395571,0.03861,-0.0383,-0.02317,0.4,-17.0,-27.7
121.0255,6824.4215,0.6965613562591608,-4.033457071200232,-0.9911132280544468,-0.01576,0.00202,-0.01095,0.4,-16.9,-27.7
121.0478,6824.4415,0.6916361535454865,-4.011402715869347,-0.9922259041710255,-0.0066,0.0124,-0.00485,0.4,-17.0,-27.6
121.0653,6824.4615,0.681984924210461,-3.9944464016237857,-0.9939170138267865,0.06793,0.03195,0.00187,0.4,-16.9,-27.5
121.0861,6824.4815,0.6693723668674546,-3.984204936618474,-0.9964897973948847,0.06304,-0.02669,0.02264,0.4,-17.0,-27.5
121.1099,6824.5015,0.661811820891297,-3.9790942819969946,-1.000169059524307,0.02395,-0.02913,0.01959,0.4,-16.9,-27.5
121.1261,6824.5216,0.6618982210257822,-3.9802077888185474,-1.0066000419056866,-0.03348,0.00141,0.00676,0.3,-17.0,-27.5
121.147,6824.5416,0.6652156676722156,-3.9838299749566546,-1.0149616371516181,-0.03958,0.00996,0.00248,0.3,-17.0,-27.5
121.1687,6824.5616,0.6645898815378453,-3.9876701032943607,-1.0244822020203337,0.01723,0.00752,-0.01951,0.3,-17.0,-27.5
121.1872,6824.5817,0.6600549588157347,-3.985725346223482,-1.0322244495810757,0.04716,0.00019,-0.03783,0.3,-17.0,-27.6
121.2092,6824.6017,0.6550437365450579,-3.9768428558471105,-1.0364249597856414,0.03494,0.01424,-0.02684,0.2,-17.0,-27.5
121.2315,6824.6217,0.6568331730666433,-3.962145218178414,-1.0357431013586265,-0.00599,-0.00409,0.00737,0.2,-17.1,-27.5
121.2625,6824.6417,0.6696919620789558,-3.9483428814456465,-1.0310985278059945,-0.03592,-0.02791,0.0202,0.2,-17.1,-27.6
121.2848,6824.6618,0.6811511961063269,-3.946247641256823,-1.0247201421356635,-0.04508,0.00568,-0.00729,0.2,-17.1,-27.6
121.2941,6824.6819,0.6769907786093453,-3.954307909034555,-1.0142010566199442,-0.0964,0.03195,-0.00973,0.2,-17.1,-27.6
121.308,6824.7019,0.6659830700048854,-3.9693109403305935,-0.9992173881326512,-0.07929,0.03073,-0.01951,0.2,-17.1,-27.7
121.3278,6824.722,0.651322765410697,-3.9851248277885603,-0.9785129377833623,-0.01515,0.00996,0.01653,0.2,-17.1,-27.6
121.3562,6824.7421,0.6435789274090902,-3.9991059363321497,-0.9537641728227051,-0.0683,-0.05723,0.0312,0.2,-17.1,-27.6
121.3685,6824.7622,0.6214708489048341,-4.019228214462028,-0.9302627307211733,-0.12816,0.01851,0.01959,0.2,-17.1,-27.7
121.3891,6824.7823,0.5996235308587323,-4.039526369931764,-0.9108648821970142,-0.0683,0.07838,-0.00423,0.2,-17.1,-27.7
121.4112,6824.8024,0.5685593403987609,-4.053246526974426,-0.8970378224338713,0.08625,0.07288,0.01226,0.2,-17.1,-27.6
121.4301,6824.8225,0.5448567154965622,-4.055317110613395,-0.8922001419001209,0.17239,-0.07495,0.03181,0.2,-17.1,-27.6
121.4507,6824.8426,0.5397995357084938,-4.0480409567634235,-0.9007486633416999,0.10763,-0.08961,0.02936,0.3,-17.0,-27.6
121.4776,6824.8627,0.553356444656708,-4.03720874565331,-0.9250422096044186,0.027,0.06616,0.00493,0.3,-17.0,-27.7
121.492,6824.8828,0.586764329649826,-4.018431160169317,-0.9595784120971711,0.06426,0.08204,-0.01034,0.2,-17.1,-27.7
121.5091,6824.9029,0.6157447380574992,-3.992545510053277,-0.996437005023525,0.15284,0.05272,0.01715,0.2,-17.0,-27.8
121.5411,6824.923,0.6250446101550535,-3.963044909921967,-1.0273640595202203,0.11741,-0.04624,0.02448,0.2,-17.0,-27.8
121.548,6824.9431,0.6462137505850841,-3.935898405061962,-1.0488041397607226,0.01478,0.0179,0.0202,0.2,-17.0,-27.8
121.5733,6824.9632,0.658901049329474,-3.925514260848137,-1.0599845793342393,-0.04447,0.08265,-0.02134,0.2,-17.0,-27.8
121.5894,6824.9833,0.6517864194095292,-3.9257845137146816,-1.0559535189976579,-0.05791,0.10831,-0.0024,0.2,-17.0,-27.8
121.6082,6825.0034,0.6270637987814109,-3.9353981765733193,-1.0397987877286745,0.00134,0.0344,0.0147,0.2,-17.0,-27.8
121.6293,6825.0235,0.5929477105092584,-3.9502772281570437,-1.01724157318702,0.07465,-0.05357,0.03425,0.2,-17.0,-27.9
121.6566,6825.0435,0.5634958367368195,-3.9718918877855036,-0.9976622719308939,0.03555,-0.0499,0.01531,0.3,-17.1,-28.0
121.6716,6825.0636,0.5527146238403863,-4.001824902824856,-0.9886606695856948,-0.01759,0.0625,0.00859,0.3,-17.0,-28.0
121.6883,6825.0837,0.5535613582947558,-4.032264467565281,-0.9889961746340976,0.01845,0.10281,-0.00118,0.3,-17.0,-28.0
121.7101,6825.1038,0.5591529395856677,-4.055601005865336,-0.9941160948215355,0.10091,0.04356,-0.00118,0.4,-17.0,-27.9
121.7285,6825.1238,0.5716222348628488,-4.067547445607579,-0.9993421226651762,0.05449,-0.05662,0.01776,0.4,-17.0,-27.9
121.7503,6825.1439,0.5879092801739707,-4.074011726297468,-1.0041417660417853,-0.01637,-0.04807,0.02325,0.3,-17.1,-27.9
121.7717,6825.164,0.6039808404098259,-4.08139027157725,-1.0094907609533923,-0.0011,0.08143,-0.02073,0.3,-17.1,-27.9
121.7882,6825.184,0.6141143044767106,-4.086744068532567,-1.0136674406946433,0.05388,0.03928,-0.01279,0.3,-17.1,-27.8
121.8075,6825.2041,0.6155935032174046,-4.08693661177515,-1.0161383871234353,0.08076,0.0008,0.00371,0.3,-17.1,-27.9
121.8342,6825.2241,0.6105658643908974,-4.079391916289595,-1.0170166440301465,0.06548,-0.03708,0.01776,0.4,-17.1,-27.9
121.848,6825.2442,0.6189318796404678,-4.069214831513072,-1.0205200699325871,0.04594,-0.01997,0.00615,0.3,-17.1,-27.9
121.8761,6825.2642,0.6300059661525086,-4.060099835793729,-1.0272010365218467,0.00623,0.0063,-0.02806,0.4,-17.2,-27.9
121.8943,6825.2843,0.6401262280143379,-4.048322031166128,-1.0339699696861224,-0.00904,0.01973,-0.03356,0.4,-17.2,-27.8
121.911,6825.3043,0.6419099790386941,-4.0312239067609745,-1.0375147260712225,0.02333,0.02768,-0.025,0.4,-17.2,-27.7
121.9449,6825.3243,0.6283892726911772,-4.011701539672564,-1.036904433267411,0.05082,-0.01692,-0.0189,0.4,-17.2,-27.8
121.9536,6825.3443,0.6151994029381802,-3.986569950282482,-1.0301689423416924,0.02333,-0.0273,-0.01584,0.3,-17.3,-27.7
121.9718,6825.3643,0.5954636062601056,-3.967274262229408,-1.0208883928236556,-0.00049,0.02157,-0.03417,0.3,-17.3,-27.7
121.9886,6825.3843,0.5701811505890665,-3.9544367419222874,-1.0091969372233187,-0.01393,0.03073,-0.03966,0.3,-17.3,-27.7
122.0102,6825.4043,0.538977924437519,-3.9490898232900213,-0.9964459385939382,0.00745,-0.0157,-0.0189,0.3,-17.3,-27.7
122.0282,6825.4243,0.5084170642279002,-3.950624985296243,-0.9845558288044032,0.04777,-0.02425,4e-05,0.3,-17.3,-27.7
122.0571,6825.4442,0.48534487968827444,-3.959832909235411,-0.9763659300659135,0.0325,-0.04196,0.02936,0.3,-17.4,-27.7
122.0706,6825.4642,0.48461794919463447,-3.982566180046823,-0.9771231652236025,0.00745,-0.00348,0.01715,0.4,-17.5,-27.7
122.0914,6825.4842,0.500340892485219,-4.011248975384424,-0.9842203053872023,-0.00049,0.05333,0.00493,0.5,-17.4,-27.6
122.1158,6825.5042,0.5227221157757078,-4.036599096945841,-0.9929985299824207,0.01112,0.03195,0.00798,0.5,-17.4,-27.5
122.1291,6825.5242,0.5511007020903129,-4.053407236179344,-1.0000651876344726,0.05449,-0.00592,0.0373,0.5,-17.4,-27.4
122.1478,6825.5442,0.5775430148038571,-4.060824089411467,-1.0029279283987425,0.08137,-0.05907,0.03058,0.5,-17.3,-27.4
122.1674,6825.5642,0.6056717719492343,-4.0644638466104634,-1.0028487967208655,0.00562,-0.00653,-0.0134,0.6,-17.3,-27.4
122.1893,6825.5842,0.6299853132328319,-4.066549048072809,-0.9996714524962531,-0.05852,0.09426,-0.02561,0.6,-17.3,-27.5
122.2111,6825.6042,0.6372874999086255,-4.063247520934398,-0.9909834454845967,-0.04203,0.04661,-0.00912,0.6,-17.2,-27.6
122.2455,6825.6242,0.6194992039324463,-4.051807276289735,-0.9763867770236345,0.04349,-0.0218,0.0147,0.6,-17.2,-27.4
122.2519,6825.6442,0.5990886285404753,-4.044235257817124,-0.9652133860448711,0.05571,-0.07251,0.02325,0.6,-17.2,-27.4
122.267,6825.6642,0.5781860318943791,-4.039393274979419,-0.9593834534007577,-0.00843,0.01729,0.0092,0.7,-17.1,-27.3
122.2906,6825.6842,0.570875512280552,-4.042704691228962,-0.9642100142149488,-0.08418,0.04356,-0.02134,0.7,-17.1,-27.3
122.3093,6825.7042,0.5633223480760933,-4.045649722277473,-0.9759234243255897,-0.07868,0.09915,-0.02745,0.7,-17.1,-27.3
122.3302,6825.7242,0.5506297298664427,-4.0431271852862976,-0.9913599937657516,0.02028,0.00691,-0.02378,0.6,-17.2,-27.4
122.3504,6825.7442,0.5342458693289622,-4.03358833350166,-1.007330560680984,0.11191,-0.04563,0.02264,0.6,-17.1,-27.3
122.3693,6825.7642,0.5260965430771176,-4.02370290186158,-1.0231805642973892,0.07526,-0.0273,0.0202,0.5,-17.0,-27.3
122.391,6825.7842,0.5308631824739711,-4.019838212774037,-1.0369908405468973,0.00012,0.03928,0.00982,0.5,-17.0,-27.4
122.4122,6825.8042,0.5475714798443934,-4.024215159592981,-1.0457987239484812,0.00562,0.03256,0.0031,0.4,-17.1,-27.4
122.4338,6825.8242,0.566095369260417,-4.035022133539751,-1.046939601774298,0.0044,0.02157,0.01959,0.4,-17.1,-27.3
122.4543,6825.8442,0.5776434452204059,-4.04992961965976,-1.0406983722571965,-0.00904,-0.02975,0.02936,0.4,-17.1,-27.3
122.4841,6825.8641,0.5757325019951812,-4.0655736615502,-1.0293660937733051,0.03677,0.02462,0.00554,0.3,-17.2,-27.2
122.4953,6825.8841,0.575422324108465,-4.078978401112635,-1.017596015421196,0.05876,-0.00042,4e-05,0.3,-17.2,-27.2
122.5085,6825.9041,0.5704733958606443,-4.085318791859109,-1.0069062678062295,0.06365,-0.00287,0.00798,0.3,-17.2,-27.1
122.5304,6825.9241,0.5624407091147319,-4.084076114446006,-0.9994622453218671,0.01478,-0.01692,0.01409,0.3,-17.2,-27.1
122.557,6825.9441,0.5557781572484733,-4.077902237402707,-0.9970609376006827,-0.02004,0.0063,-0.01279,0.3,-17.2,-27.0
122.569,6825.9641,0.543809372628371,-4.064341684592814,-0.9968589470754345,-0.00782,0.05272,-0.02256,0.3,-17.2,-27.0
122.5981,6825.9841,0.5258505098585556,-4.04799592254705,-0.9988053072969745,0.02211,0.01302,-0.00301,0.3,-17.3,-27.0
122.6128,6826.0041,0.5090882127055811,-4.031791439983111,-1.002307289081136,0.05143,-0.04135,0.03914,0.3,-17.3,-27.0
122.6276,6826.0241,0.49779814318541843,-4.021507604746368,-1.0080727310833897,0.07953,-0.06518,0.03914,0.4,-17.3,-26.9
122.6509,6826.0441,0.49170793001025814,-4.019604156428791,-1.0154997729746746,0.09175,0.0124,0.02631,0.4,-17.3,-26.9
122.6697,6826.0641,0.5056084580177954,-4.028360682692099,-1.0254810845538973,0.05327,0.01302,0.02509,0.4,-17.4,-26.9
122.6927,6826.0841,0.5316333788218178,-4.041786821733857,-1.0348257655822906,0.01845,0.03684,0.03669,0.3,-17.4,-26.8
122.7108,6826.1041,0.5633291882268994,-4.057060602805746,-1.042803152598939,0.01784,-0.04685,0.01715,0.4,-17.4,-26.8
122.7299,6826.1241,0.5901457588268118,-4.0718892291289315,-1.0492173596367884,0.03738,-0.03708,0.00187,0.4,-17.4,-26.8
122.7529,6826.1441,0.6049109348152776,-4.08481420668599,-1.054389067918061,0.05938,0.00752,-0.00546,0.4,-17.4,-26.8
122.7676,6826.1641,0.6174507605505909,-4.092681425687748,-1.0584322947511176,0.0777,0.02157,4e-05,0.4,-17.4,-26.8
122.7895,6826.1841,0.6228651060922106,-4.095295213640577,-1.0610818415872476,0.04899,-0.00653,0.01592,0.4,-17.4,-26.8
122.8078,6826.2041,0.6278035937696986,-4.0948865686231155,-1.0635520542536163,-0.0182,-0.02791,0.00371,0.4,-17.4,-26.9
122.8351,6826.2241,0.6306801220320438,-4.095528204403814,-1.0672860028570614,-0.05608,0.02035,-0.01523,0.3,-17.4,-26.9
122.8488,6826.2441,0.6166301861524499,-4.09388840231914,-1.0693846766089088,-0.03348,0.06616,-0.03111,0.3,-17.4,-26.9
122.8724,6826.2641,0.5902362757241812,-4.090985002235094,-1.0702812153702865,0.0441,-0.01386,0.00248,0.3,-17.4,-26.9
122.8952,6826.2841,0.5586550604091362,-4.086413990591561,-1.0695296255203406,0.03738,-0.04624,0.02753,0.3,-17.4,-26.9
122.9119,6826.3041,0.5351571109154856,-4.085603512993851,-1.0694989012609035,0.00928,-0.0102,0.00432,0.3,-17.5,-27.0
122.9283,6826.3242,0.5226290323867928,-4.09070949940001,-1.0706790632885976,-0.02981,0.04173,-0.02317,0.3,-17.5,-26.9
122.9561,6826.3442,0.5244860698998443,-4.103188055403613,-1.0742254211462523,-0.04081,0.01485,-0.02623,0.2,-17.4,-26.9
122.9689,6826.3642,0.526133701482468,-4.114519246402327,-1.0763980204213848,-0.02309,0.0063,-0.00851,0.2,-17.5,-26.9
122.9968,6826.3842,0.5314951892539267,-4.126656539445082,-1.0795162151327276,0.01234,-0.00959,-0.0079,0.2,-17.4,-26.7
123.0111,6826.4043,0.5435117727475123,-4.1401582518204725,-1.0843311391403905,0.03372,-0.02669,-0.00729,0.2,-17.4,-26.8
123.0328,6826.4243,0.5591145224422464,-4.155402523534605,-1.089966639706601,0.03128,-0.03524,-0.01095,0.2,-17.4,-26.7
123.0521,6826.4443,0.5795158472925722,-4.169347851879402,-1.093540118359357,-0.00171,0.01424,-0.0189,0.2,-17.5,-26.6
123.0679,6826.4644,0.5986629524796517,-4.176886934396024,-1.0910352873380358,-0.00721,-0.00653,-0.02867,0.2,-17.4,-26.6
123.0922,6826.4844,0.6124845496715935,-4.175631046177978,-1.0809236227435637,-0.00904,-0.05174,-0.03233,0.2,-17.5,-26.8
123.1112,6826.5044,0.6126642947143789,-4.168700715309452,-1.0651097937877854,-0.03897,-0.05357,-0.01828,0.2,-17.5,-26.8
123.1292,6826.5244,0.5968734053901205,-4.159753243455805,-1.0466297724716451,-0.01943,-0.0328,-0.03905,0.2,-17.5,-26.7
123.1522,6826.5445,0.565381039827163,-4.151475330659805,-1.0279887248749997,0.02089,0.04173,-0.06349,0.2,-17.5,-26.7
123.1706,6826.5645,0.5257489123928198,-4.138378485753422,-1.0078714474421844,0.0325,-0.00103,-0.04883,0.2,-17.5,-26.8
123.2019,6826.5845,0.4871303700081572,-4.12268780368012,-0.9887432741685771,0.0044,-0.05601,-0.01156,0.2,-17.5,-26.7
123.2127,6826.6046,0.4548695582334727,-4.110977211393054,-0.9756329653537925,-0.03103,-0.10366,-0.0134,0.3,-17.5,-26.7
123.2302,6826.6246,0.4330491353095548,-4.105412829152947,-0.972339326787587,-0.02737,0.03501,-0.05127,0.2,-17.5,-26.7
123.2503,6826.6446,0.4172558531340747,-4.102980384750296,-0.9797406191122011,0.03311,0.05089,-0.05494,0.2,-17.5,-26.7
123.2726,6826.6646,0.4064267136835974,-4.095116495921263,-0.9944443960703051,0.09847,-0.00898,-0.00973,0.3,-17.5,-26.7
123.2907,6826.6847,0.41318748220107,-4.078697033447405,-1.0130351371422943,0.09419,-0.09999,4e-05,0.3,-17.5,-27.0
123.3108,6826.7047,0.43797532148614415,-4.060698170491885,-1.033334726014015,0.04594,-0.03769,-0.01156,0.3,-17.5,-27.0
123.3334,6826.7247,0.47858194398460285,-4.050265625500923,-1.0529221156673874,-0.02737,-0.00042,-0.02256,0.3,-17.5,-27.0
123.3633,6826.7448,0.5225069897170728,-4.052888340531234,-1.06817493525576,-0.02248,0.02401,-0.02928,0.3,-17.5,-27.1
123.3762,6826.7648,0.5512344489139088,-4.058424071851559,-1.0703084892892054,0.01295,0.02462,-0.00729,0.3,-17.5,-27.1
123.3945,6826.7848,0.5623526512059976,-4.068439953228485,-1.0599415879843672,0.06121,0.04783,0.03853,0.3,-17.6,-27.0
123.4091,6826.8048,0.5653069559318171,-4.081282943155562,-1.039834064159395,0.07953,-0.06823,0.03303,0.3,-17.5,-27.0
123.4293,6826.8249,0.5637827395491859,-4.09511545989396,-1.0144429165121007,0.01417,-0.0218,0.01531,0.3,-17.5,-27.0
123.4681,6826.8449,0.5713525634734016,-4.111079730702705,-0.9915599958572194,-0.06524,-0.00714,0.0031,0.2,-17.6,-27.0
123.4733,6826.8649,0.557748358472579,-4.125420888841197,-0.974141409656518,-0.0683,0.04722,-0.00668,0.2,-17.5,-26.9
123.4924,6826.8849,0.5431129295841447,-4.136178975443957,-0.9680736087118031,-0.00843,0.06005,-0.01279,0.2,-17.5,-27.0
123.5209,6826.9049,0.5218438026473916,-4.136521712760445,-0.9726397255238535,0.03066,0.04906,-0.0134,0.1,-17.5,-27.0
123.5296,6826.9249,0.5064811597352954,-4.123564284621999,-0.9864075891624342,0.00012,-0.03158,0.00554,0.2,-17.5,-27.0
123.558,6826.9449,0.4990923952923319,-4.10556797542121,-1.0088943454344133,-0.00232,-0.0438,-0.00729,0.1,-17.5,-27.0
123.5782,6826.9649,0.5026081120241243,-4.09107568900516,-1.0372543695762495,0.00806,0.05455,-0.00301,0.1,-17.5,-27.1
123.5948,6826.9849,0.5095263696774035,-4.081647977149338,-1.0639851397509936,0.00806,0.03745,0.02325,0.1,-17.6,-27.1
123.6154,6827.0049,0.511727558212884,-4.07642859643972,-1.0814914300107734,0.01661,0.05455,0.01592,0.1,-17.6,-27.1
123.6382,6827.025,0.5062613732082663,-4.073152304439352,-1.0845433321769864,0.03128,-0.00348,0.01653,0.1,-17.6,-27.1
123.6557,6827.045,0.49964118621747355,-4.076026655778754,-1.0752469406500413,0.04594,-0.05723,0.02264,0.1,-17.6,-27.1
123.6693,6827.065,0.4921097841626353,-4.086842613703445,-1.0580787220177772,-0.02004,0.0063,-0.00362,0.1,-17.5,-27.1
123.6964,6827.085,0.48941234602938066,-4.108054912212137,-1.0411046680778924,-0.07379,0.09304,-0.02134,0.1,-17.5,-27.1
123.7109,6827.1051,0.4784337555253115,-4.124890775782152,-1.0244129406151732,-0.02248,0.05516,-0.01706,0.1,-17.5,-27.1
123.7414,6827.1251,0.4602994848716757,-4.135633869151214,-1.013782876740601,0.07953,-0.00226,0.02264,0.1,-17.4,-27.1
123.7766,6827.1451,0.44538561304571156,-4.1367922273301465,-1.0113630302575451,0.10397,-0.04013,0.05135,0.2,-17.4,-27.2
123.7774,6827.1652,0.4700203671161307,-4.14762170920324,-1.027192086735699,0.027,-0.04318,0.03425,0.2,-17.5,-27.0
123.7948,6827.1852,0.5010755773833363,-4.159406794003357,-1.051352295929771,-0.01759,0.10403,-0.00729,0.3,-17.5,-27.1
123.8122,6827.2052,0.5321948280484027,-4.170001749927849,-1.0767879635807152,-0.00293,0.03562,-0.02928,0.3,-17.4,-27.0
123.8294,6827.2252,0.5503993970576624,-4.17165784322664,-1.0938004881377559,0.02822,0.04539,-0.01095,0.3,-17.5,-27.1
123.8597,6827.2453,0.5507504251630547,-4.161146052862439,-1.097363924245002,0.02578,-0.04013,0.00065,0.3,-17.5,-27.1
123.8796,6827.2653,0.5380378237323604,-4.144086435496452,-1.0900609707478228,-0.03348,-0.04746,-0.0024,0.3,-17.5,-27.0
123.9195,6827.2853,0.5206653628315215,-4.12889343984755,-1.0781611673355354,-0.04875,-0.01814,-0.02928,0.3,-17.4,-27.0
123.9299,6827.3054,0.4916792488080505,-4.112240353303488,-1.0621680574966685,0.00623,0.08937,-0.02867,0.3,-17.4,-27.1
123.9359,6827.3254,0.46375777585522016,-4.097497749484457,-1.0461252550852471,0.00745,0.02768,-0.00362,0.3,-17.4,-27.2
123.9572,6827.3454,0.44314341326397627,-4.0899890010254865,-1.0328404525525912,-0.00415,-0.00592,0.02692,0.3,-17.4,-27.2
123.9722,6827.3654,0.43071321027134307,-4.09119267910696,-1.0216838830223143,-0.01515,-0.00714,0.01653,0.3,-17.4,-27.2
123.9936,6827.3855,0.4240245042820952,-4.1029610050806955,-1.0120625684911762,0.02211,0.01057,0.00737,0.3,-17.4,-27.1
124.0133,6827.4055,0.4227169879301225,-4.127440157203509,-1.0051498100790983,0.02395,-0.04685,0.02081,0.3,-17.4,-27.1
124.0332,6827.4256,0.42720337138860254,-4.160032464998415,-1.0013182722547604,0.01906,0.00385,0.02387,0.2,-17.4,-27.0
124.0537,6827.4457,0.437837577838645,-4.193500975582487,-1.0015884834515312,0.00867,0.046,0.00737,0.3,-17.4,-27.1
124.0708,6827.4657,0.4511865621428539,-4.219306210301032,-1.0065866431501274,-0.02126,0.02523,-0.01706,0.2,-17.4,-27.3
124.0929,6827.4858,0.4623213639265589,-4.233189933269975,-1.0173910665579289,0.00073,0.00507,-0.01951,0.1,-17.4,-27.2
124.117,6827.5058,0.46746388235432557,-4.233415657215649,-1.0333189572272108,0.06243,-0.03646,-0.00729,0.1,-17.4,-27.3
124.1313,6827.5259,0.4734841978804846,-4.219912469866986,-1.051615556112436,0.05999,0.00568,-0.02012,0.1,-17.4,-27.3
124.1626,6827.546,0.4711371696476548,-4.200427437442276,-1.0699322297237543,0.0215,0.03928,-0.01645,0.1,-17.5,-27.3
124.1737,6827.566,0.47114235703936935,-4.17322397132745,-1.0818314222821446,0.00806,-0.0157,-0.01645,0.1,-17.4,-27.3
124.2025,6827.5861,0.46516573753409796,-4.149652548303424,-1.0875249563531302,0.00501,0.00935,-0.01095,0.1,-17.5,-27.1
124.2124,6827.6061,0.4525531314280953,-4.127297708944555,-1.0837262212907284,0.01356,-0.02791,-0.02989,0.2,-17.4,-27.0
124.2553,6827.6261,0.43765756757501084,-4.117406549085649,-1.0767447888599513,-0.01637,0.04661,-0.02439,0.2,-17.4,-27.0
124.2586,6827.6461,0.42223100529201285,-4.106422569945246,-1.0630944555429167,-0.00477,-0.00103,-0.01401,0.1,-17.4,-26.9
124.2733,6827.6662,0.4094316392978967,-4.0996352146172494,-1.0490145031750107,0.04044,-0.04502,0.01715,0.1,-17.4,-27.0
124.2942,6827.6862,0.40158758204100864,-4.098733758882419,-1.0383796952009465,0.03128,-0.06456,0.01653,0.1,-17.4,-27.0
124.311,6827.7062,0.40294993437201027,-4.108801294273674,-1.0352289465978348,0.00318,0.00385,0.01104,0.2,-17.4,-27.0
124.3302,6827.7263,0.4102858232280939,-4.126440879230338,-1.0376472009219935,0.02333,0.06677,-0.01706,0.1,-17.4,-27.0
124.356,6827.7463,0.42030493706563177,-4.143896944284421,-1.0405874796038859,0.02517,0.03928,-0.00423,0.2,-17.5,-26.9
124.3711,6827.7663,0.42799316516109326,-4.1556936811849186,-1.0399575290703567,-0.01148,-0.04257,0.01776,0.2,-17.5,-27.0
124.3921,6827.7863,0.42891455904856574,-4.162642884986426,-1.0356870741130368,-0.01759,-0.05357,0.02997,0.2,-17.6,-27.0
124.4148,6827.8064,0.4207092211785682,-4.171035475310892,-1.0318162537855518,0.04105,-0.00653,-0.00118,0.2,-17.5,-26.9
124.4346,6827.8264,0.4090126865278737,-4.178861439652286,-1.0297345340465611,0.07404,0.04967,-0.04089,0.2,-17.5,-26.9
124.4555,6827.8464,0.3993961344537099,-4.1799376361344285,-1.028770087100698,0.0551,0.02279,-0.03539,0.2,-17.5,-26.9
124.4776,6827.8665,0.39755184068979654,-4.170640912102276,-1.0286843362388733,0.02456,-0.00959,0.00615,0.2,-17.5,-26.9
124.4911,6827.8865,0.4040624625060547,-4.156919403819854,-1.0325561037610154,0.0044,-0.04807,0.01715,0.2,-17.5,-26.9
124.5196,6827.9065,0.4100661581916895,-4.147429054788049,-1.0433287300050456,0.01906,0.02706,-0.01401,0.2,-17.6,-26.9
124.5411,6827.9265,0.41434012913119206,-4.144883536205642,-1.0605833892129066,0.04533,0.03501,-0.02317,0.1,-17.6,-26.9
124.5615,6827.9466,0.41768304270938433,-4.145565865325277,-1.0802447500753534,0.05693,0.01546,-0.00301,0.1,-17.6,-26.8
124.5744,6827.9666,0.4270574934783332,-4.145711325845106,-1.0981642947717773,0.04227,-0.01997,0.01837,0.2,-17.6,-26.8
124.5932,6827.9866,0.4405604804413992,-4.145057104976526,-1.111659600480012,-0.0237,-0.00226,0.00982,0.2,-17.7,-26.8
124.6133,6828.0066,0.4554086500365828,-4.146350447907685,-1.120112034269015,-0.04814,-0.00714,0.00798,0.2,-17.7,-26.8
124.6375,6828.0266,0.4628398405364683,-4.151405548207071,-1.1228435844044036,-0.03714,0.04539,-0.00851,0.2,-17.7,-26.9
124.6651,6828.0466,0.45483252029522586,-4.157757089916377,-1.1175973062582543,0.038,0.0289,-0.02073,0.1,-17.8,-26.9
124.6749,6828.0666,0.44394569131380673,-4.157266751678581,-1.100875471840169,0.07159,0.01546,-0.01523,0.1,-17.8,-26.9
124.6898,6828.0866,0.42978817744059866,-4.156717716570552,-1.0765070767478608,-0.00538,-0.06212,0.00187,0.1,-17.8,-26.9
124.7119,6828.1066,0.41916148784304635,-4.158991530131968,-1.0485687265965034,-0.03592,-0.02791,0.01043,0.2,-17.8,-26.8
124.7338,6828.1266,0.4089816142792822,-4.169663673806691,-1.0241949164664952,-0.02126,0.05272,-0.00179,0.2,-17.8,-26.8
124.7574,6828.1466,0.39406306105769595,-4.187160761606601,-1.0087149684381416,0.00928,0.01485,0.00676,0.2,-17.8,-26.7
124.7749,6828.1666,0.3797763311805202,-4.202974675935701,-1.0044619287959602,0.03983,-0.00653,0.00676,0.2,-17.8,-26.7
124.7932,6828.1866,0.3743021454785535,-4.212108604285206,-1.0129832904929117,0.08931,0.0289,-0.00485,0.2,-17.8,-26.7
124.818,6828.2066,0.38403418028066727,-4.213198303281729,-1.0333316676918631,0.038,-0.04624,0.0031,0.3,-17.8,-26.7
124.8345,6828.2266,0.4085827572563804,-4.212988723974685,-1.0639662246887873,-0.0573,-0.01692,0.04097,0.3,-17.8,-26.8
124.8673,6828.2466,0.4363347418699239,-4.214293064951984,-1.0980715248581632,-0.02065,0.05761,0.02387,0.3,-17.8,-26.9
124.8828,6828.2666,0.4520216956712036,-4.213494263849412,-1.1247161043576028,0.03922,0.09915,0.00859,0.3,-17.8,-26.9
124.9058,6828.2866,0.45259750012907507,-4.207825860304301,-1.1355914646690497,0.04716,-0.05968,0.00554,0.3,-17.8,-26.9
124.9175,6828.3065,0.44622929882631224,-4.205354438143539,-1.1318542305089885,0.00257,-0.15436,0.0092,0.3,-17.8,-27.0
124.9622,6828.3265,0.4362320994347416,-4.202151189560761,-1.1129857307280595,-0.04569,-0.04196,0.01348,0.3,-17.8,-26.9
124.9663,6828.3465,0.4139585821567276,-4.203854782470005,-1.0863208982113584,-0.01576,0.11442,-0.02561,0.3,-17.8,-26.9
124.9718,6828.3665,0.3902923902454451,-4.20378419554327,-1.0562905101998634,0.04166,0.04722,-0.03417,0.3,-17.8,-26.9
124.9936,6828.3865,0.3659695312249779,-4.20034459930924,-1.0291137642959463,0.05327,-0.08717,-0.01828,0.4,-17.7,-26.8
125.0122,6828.4065,0.35429183103744794,-4.193828848254923,-1.0104152635306445,0.01784,-0.06395,0.0147,0.3,-17.7,-26.9
125.0295,6828.4265,0.3567751865834421,-4.193917426422326,-1.0068446727683327,-0.00538,0.01485,0.02325,0.3,-17.8,-26.9
125.0562,6828.4465,0.3652492538312814,-4.206195460389739,-1.0199421572569385,0.03433,0.09976,-0.00362,0.3,-17.8,-26.9
125.0721,6828.4665,0.37883176939017105,-4.217923825988855,-1.0409046108638513,0.09053,0.04661,-0.02012,0.3,-17.8,-26.9
125.0987,6828.4865,0.38304642433592406,-4.2238207296282635,-1.063249697801238,0.07281,-0.05235,0.00982,0.3,-17.7,-26.9
125.1284,6828.5065,0.38491257479598273,-4.22129253686064,-1.0834380070500114,0.03066,-0.10366,0.04158,0.3,-17.7,-27.0
125.1385,6828.5265,0.39885756168667796,-4.2222911077631124,-1.1068168043701618,0.038,-0.01631,0.00676,0.3,-17.7,-26.9
125.1678,6828.5465,0.4124150714441208,-4.2247097604856325,-1.1318965446429878,0.03311,0.05394,-0.05066,0.3,-17.7,-26.9
125.1839,6828.5665,0.4265003275906698,-4.216273205558952,-1.1526884748989037,-0.00782,0.06311,-0.025,0.3,-17.7,-26.9
125.1943,6828.5865,0.43789694135504226,-4.197331430940321,-1.1676507701854693,-0.01332,0.00996,0.01165,0.3,-17.7,-26.8
125.2131,6828.6065,0.4427041784712403,-4.17421070608857,-1.1759930123274902,0.03494,-0.00409,0.03608,0.2,-17.7,-26.7
125.2355,6828.6265,0.4426032398906966,-4.154958868254499,-1.1765352223332037,0.0606,-0.01936,0.01592,0.2,-17.7,-26.7
125.2581,6828.6465,0.4446452024545674,-4.1490983145928455,-1.1694060905573416,-0.0011,-0.00898,0.0202,0.2,-17.7,-26.7
125.2756,6828.6665,0.44606441499817534,-4.158574053358422,-1.1532156217779068,-0.05791,0.04783,0.0202,0.2,-17.7,-26.7
125.2987,6828.6865,0.44433554166371086,-4.178299685787671,-1.127423703535058,-0.09151,-0.02486,-0.01279,0.2,-17.7,-26.5
125.3149,6828.7065,0.4251436937012193,-4.203579140487677,-1.095208177339126,-0.04569,-0.03463,-0.02195,0.2,-17.7,-26.5
125.3343,6828.7264,0.39543246112700836,-4.228825492659736,-1.0627545491269643,0.03861,-0.03402,-0.00607,0.2,-17.7,-26.5
125.3651,6828.7464,0.3605776977611948,-4.2508099971177415,-1.036884933533699,0.07343,-0.02119,-0.00423,0.2,-17.8,-26.6
125.3762,6828.7664,0.34596977658510114,-4.2644635393340975,-1.021484726520148,-0.00232,0.01851,-0.00057,0.2,-17.8,-26.6
125.3936,6828.7864,0.34470572791410864,-4.269730432063668,-1.0176560220096391,-0.00415,0.02096,-0.02073,0.1,-17.8,-26.7
125.4135,6828.8064,0.3529568174229123,-4.267335775742272,-1.0236595887501725,-0.01026,-0.02852,-0.01462,0.1,-17.9,-26.7
125.4461,6828.8264,0.3607944417490618,-4.262143848276717,-1.037421894684428,0.00501,-0.02852,-0.0189,0.1,-17.9,-26.7
125.4619,6828.8464,0.36609259821769624,-4.252125054914638,-1.0532543794615083,0.03189,0.03317,-0.01279,0.2,-17.8,-26.7
125.4708,6828.8664,0.37215849607608403,-4.237878929082003,-1.0676326718539428,0.05876,0.07349,-0.00362,0.2,-17.9,-26.7
125.4945,6828.8864,0.3744499990544402,-4.223720641112383,-1.0797722909309275,0.02761,-0.00348,-0.00607,0.2,-17.9,-26.7
125.5122,6828.9064,0.3811107820083952,-4.2067452873815725,-1.087187388063814,-0.01026,-0.03097,-0.02867,0.3,-17.9,-26.7
125.5364,6828.9264,0.3889039054396435,-4.19245580310079,-1.0917622707511558,-0.02187,0.01668,-0.03539,0.3,-17.9,-26.7
125.5531,6828.9464,0.38881613352034267,-4.178601797787088,-1.0915127776271252,-0.01332,0.04845,-0.0189,0.2,-17.9,-26.7
125.5708,6828.9664,0.38078649220145594,-4.168226272174065,-1.0870698839744506,0.03005,0.04845,0.0031,0.3,-17.9,-26.7
125.5967,6828.9864,0.36675894232810147,-4.163595701755519,-1.0784748086392142,0.05876,-0.00165,0.01226,0.3,-17.9,-26.9
125.6262,6829.0064,0.3584579108515383,-4.169682530657268,-1.0677844102511198,-0.00171,-0.07495,0.01165,0.3,-17.9,-26.8
125.6357,6829.0264,0.3504368426583242,-4.191556785863288,-1.0577305118773292,-0.04264,0.00691,-0.00607,0.3,-17.9,-26.8
125.6529,6829.0464,0.34173974512782146,-4.22368827200207,-1.048388994737408,-0.03653,0.07593,0.00248,0.3,-17.9,-26.8
125.6721,6829.0664,0.325660931781023,-4.257791070472323,-1.0404628098772157,0.01723,0.03195,0.02692,0.3,-17.9,-26.9
125.6952,6829.0864,0.30646412396493233,-4.287072248037958,-1.0369138480240867,0.08381,-0.1061,0.02448,0.3,-17.9,-26.9
125.7217,6829.1064,0.29971804169670774,-4.310939826668541,-1.0434095984211904,0.08259,-0.0609,-0.01095,0.3,-17.8,-26.9
125.7379,6829.1263,0.3136424121145965,-4.323510316220348,-1.0601742958112919,-0.04325,0.1077,-0.03661,0.3,-17.9,-27.0
125.754,6829.1463,0.33553158713637143,-4.319666043508817,-1.0832235036326967,-0.03592,0.09548,-0.02012,0.2,-17.9,-27.1
125.7699,6829.1663,0.3528862875288224,-4.297497582182381,-1.1060441353437191,0.06304,-0.01936,-0.02439,0.2,-17.9,-27.1
125.7917,6829.1863,0.35637860625305295,-4.263942808404345,-1.1236743255198576,0.11435,-0.08778,-0.025,0.2,-17.8,-27.2
125.81,6829.2063,0.3575804940313207,-4.229322317942372,-1.1330046787848627,0.05388,-0.00409,-0.0189,0.2,-17.8,-27.3
125.8328,6829.2263,0.3584381182833165,-4.204218318892513,-1.1325922804988675,-0.0121,0.04356,-0.03111,0.2,-17.9,-27.4
125.8593,6829.2463,0.36092101089986534,-4.19044519475523,-1.1208434455543816,-0.05363,0.05394,-0.03111,0.2,-17.9,-27.3
125.8855,6829.2663,0.35516931494205556,-4.184725277994919,-1.0982669082684904,-0.03348,-0.02119,-0.0134,0.2,-17.9,-27.3
125.9029,6829.2863,0.33633225617648377,-4.189228105837464,-1.0724523944442073,-0.01026,-0.04929,-0.00057,0.2,-17.9,-27.3
125.9215,6829.3063,0.31497645364311977,-4.205355639886115,-1.0531873927140456,0.03189,-0.01325,-0.00423,0.2,-17.9,-27.4
125.9331,6829.3263,0.3064279919133517,-4.2292967141159075,-1.0469505809487583,0.07404,0.01912,-0.01218,0.2,-17.9,-27.3
125.9649,6829.3463,0.3041683919651394,-4.258535965834328,-1.056865609212851,0.06182,0.02462,-0.01095,0.2,-17.9,-27.3
125.9744,6829.3663,0.32380010116378205,-4.2760642568927345,-1.0757267522973954,0.00318,0.00996,0.00126,0.2,-17.9,-27.3
125.9943,6829.3863,0.3482608680233749,-4.283315479166923,-1.1006387591024467,-0.01698,0.01118,-0.01279,0.2,-17.9,-27.1
126.0121,6829.4063,0.3662786463131882,-4.279661671346445,-1.1257642574805864,-0.00843,-0.02058,-0.02012,0.3,-17.9,-27.0
126.0319,6829.4263,0.37132561222471755,-4.268006693439936,-1.1464911424995616,0.04716,0.03317,-0.04211,0.3,-17.9,-26.9
126.0497,6829.4463,0.36462086843961244,-4.24704033607241,-1.156955904462814,0.03433,0.02706,-0.06715,0.4,-17.9,-26.8
126.0781,6829.4663,0.34984263602696086,-4.223162323499942,-1.1565779917771764,-0.0182,0.03317,-0.04516,0.4,-18.0,-26.8
126.0919,6829.4863,0.3307146565952701,-4.191382642066508,-1.1412451076454886,-0.01637,-0.00592,-0.03233,0.4,-18.0,-26.8
126.1103,6829.5063,0.3121315854947428,-4.166568590857342,-1.118793783281669,-0.00721,-0.05051,0.00676,0.4,-18.0,-26.8
126.1309,6829.5263,0.29675621010113795,-4.156687468593497,-1.0953537678012868,0.01967,0.0063,0.00798,0.3,-18.0,-26.7
126.1571,6829.5463,0.28460229853625746,-4.164695771460528,-1.0755309558630515,0.00562,0.04539,0.01959,0.3,-18.0,-26.9
126.1729,6829.5662,0.2811850575560874,-4.188091762524443,-1.0615895833898872,0.01784,0.02462,0.02997,0.3,-18.0,-26.9
126.2043,6829.5862,0.2780404609125689,-4.2187891605564545,-1.052144705166203,0.0722,-0.03708,0.0202,0.3,-18.0,-26.8
126.2138,6829.6062,0.2926936662930597,-4.258513887230944,-1.0508306022502456,0.03922,-0.04807,0.00615,0.3,-17.9,-26.7
126.2341,6829.6262,0.31392116851361446,-4.2974201253971485,-1.0547303091451212,-0.03225,0.00874,0.00615,0.3,-18.0,-26.7
126.2584,6829.6462,0.3349889380280626,-4.328863213814844,-1.0628119989777893,-0.03409,0.06983,0.00554,0.3,-18.0,-26.7
126.2874,6829.6662,0.3419521249697431,-4.342909429256506,-1.0720141008386719,0.02517,0.00263,0.00615,0.2,-18.0,-26.7
126.2912,6829.6862,0.35396617195178004,-4.338523039340075,-1.0838053281300013,0.10886,-0.06456,0.00554,0.2,-18.0,-26.8
126.3095,6829.7062,0.3507339875511111,-4.3154449615942445,-1.095976067695382,0.09847,-0.04318,0.00371,0.2,-18.0,-26.8
126.3314,6829.7262,0.34807355993474137,-4.283546129182144,-1.1095437877101517,0.01784,0.03195,-0.00851,0.2,-18.0,-26.8
126.3513,6829.7462,0.34486446781484875,-4.246973327708967,-1.119508995802816,-0.02065,0.0686,-0.0305,0.1,-17.9,-26.8
126.3731,6829.7662,0.33189352424713453,-4.209390617255802,-1.1200459745865228,-0.01087,0.01912,-0.02623,0.1,-18.0,-26.8
126.3917,6829.7862,0.3053335530971672,-4.175748319356787,-1.1086140441874477,0.01661,-0.04135,0.01837,0.0,-18.0,-26.8
126.4097,6829.8062,0.27328281633943985,-4.156298732350664,-1.089915534101781,-0.00843,-0.04746,0.06663,0.0,-18.0,-26.7
126.4382,6829.8262,0.24659337535758807,-4.154533445694746,-1.0697787135359214,0.00928,-0.02852,0.04586,0.1,-18.0,-26.7
126.4553,6829.8462,0.23665187899554074,-4.178541641988223,-1.0589169519483548,0.01112,0.04234,0.0202,0.0,-18.0,-26.6
126.4706,6829.8662,0.24369065206414667,-4.214242803379707,-1.0573259619570816,0.01234,0.05211,0.02875,0.0,-18.0,-26.6
126.4899,6829.8862,0.2622937858898398,-4.2503920193795235,-1.0637913662037288,0.03494,0.02829,0.04525,0.0,-18.0,-26.6
126.5139,6829.9062,0.2858638739870566,-4.280350460675421,-1.075645936667108,0.06732,-0.04257,0.04463,0.0,-18.0,-26.7
126.5313,6829.9262,0.31849595007573506,-4.30801352552647,-1.0926923202633443,0.06671,-0.03341,0.02875,0.0,-18.0,-26.8
126.5558,6829.9462,0.3493226090178884,-4.33168284034255,-1.1101630169730878,0.00501,0.04722,0.01898,0.0,-18.0,-26.7
126.5733,6829.9661,0.3708032683172146,-4.348644537745093,-1.1232184817755204,-0.01576,0.057,0.00065,0.1,-18.1,-26.7
126.5929,6829.9861,0.37302369535892693,-4.355381983246397,-1.1280744477431224,-0.01087,-0.00531,0.0031,0.1,-18.1,-26.6
126.6125,6830.0061,0.3540962940294883,-4.351606123181523,-1.1248633738544438,0.02028,-0.02486,0.00371,0.1,-18.1,-26.5
126.6403,6830.0261,0.32101868055396676,-4.341376691327578,-1.1177059866018677,0.04594,-0.00775,-0.00301,0.1,-18.2,-26.6
126.6625,6830.0461,0.2914022935258573,-4.327433729037737,-1.110659620456607,0.01112,0.04234,-0.00912,0.1,-18.1,-26.7
126.6745,6830.0661,0.27043715480264796,-4.308798674755492,-1.1045600563944884,-0.0237,0.04539,-0.01523,0.1,-18.1,-26.5
126.6944,6830.0861,0.25956586265197257,-4.290227928566722,-1.101553500823215,-0.0011,-0.00165,0.00248,0.2,-18.1,-26.5
126.7148,6830.1061,0.2536116822407073,-4.274091858457818,-1.1009447734943798,0.04166,-0.02242,0.02692,0.2,-18.1,-26.4
126.733,6830.1261,0.25343759114567266,-4.266817493403038,-1.103263471794003,0.08381,-0.03952,0.03242,0.2,-18.1,-26.5
126.7578,6830.1461,0.254536920907347,-4.2703129897908285,-1.106709710459537,0.09236,0.03256,0.02814,0.2,-18.1,-26.6
126.778,6830.1661,0.26738797871993836,-4.285048765215805,-1.1104812745150348,0.03616,0.00568,0.02631,0.2,-18.1,-26.5
126.7948,6830.1861,0.2838542232625357,-4.3054847796612945,-1.1124152644594432,-0.00599,-0.00775,0.00371,0.2,-18.1,-26.4
126.813,6830.2061,0.29612069862954227,-4.32613367700284,-1.1125246030964835,-0.0347,0.01118,-0.0134,0.2,-18.1,-26.4
126.8355,6830.2261,0.2997205812415286,-4.342690439797336,-1.112784702953162,-0.0011,-0.00837,-0.0079,0.2,-18.1,-26.4
126.858,6830.2461,0.2945293928080122,-4.35195348366886,-1.1155957009139446,0.05449,0.00141,0.00187,0.2,-18.1,-26.3
126.8839,6830.2662,0.2843647716588623,-4.352274810856443,-1.1223375612293438,0.05938,0.00568,-0.00546,0.2,-18.1,-26.2
126.9078,6830.2862,0.27810413240760706,-4.342378917518835,-1.131773727169179,0.0551,-0.02425,-0.00973,0.2,-18.0,-26.3
126.9158,6830.3062,0.2860751898188857,-4.323501935206022,-1.141146240057779,0.05021,-0.00531,-0.01034,0.2,-18.0,-26.4
126.9427,6830.3263,0.2901658742276105,-4.300835259361318,-1.1472294591460699,0.04166,-0.02364,-0.00607,0.2,-18.0,-26.3
126.9657,6830.3463,0.2963293160578455,-4.279833278794009,-1.1480414965750558,-0.00171,-0.02242,-0.00362,0.2,-18.0,-26.3
126.9787,6830.3663,0.2937872836704297,-4.264116893095977,-1.1421786827585514,-0.04936,0.02768,-0.0134,0.2,-18.1,-26.5
126.995,6830.3864,0.28074311963659804,-4.255827437526781,-1.1307739344014411,-0.01882,0.00385,-0.0079,0.2,-18.1,-26.5
127.0175,6830.4064,0.2565118046333716,-4.2533315541555785,-1.1159077702254745,0.05632,-0.00348,0.00432,0.2,-18.1,-26.6
127.0314,6830.4265,0.23455582001487132,-4.2564497299942765,-1.102360327196525,0.05815,-0.04074,0.00737,0.2,-18.1,-26.7
127.0546,6830.4466,0.21786932081961458,-4.263089549394851,-1.0936426402329893,0.01173,-0.0328,0.00493,0.2,-18.1,-26.5
127.0756,6830.4666,0.21444839310432995,-4.274904420423641,-1.09400577392943,-0.00232,-0.02975,0.0031,0.2,-18.2,-26.7
127.0944,6830.4867,0.22029491333457707,-4.287492460632374,-1.1025763878201822,0.03433,0.057,-0.01706,0.2,-18.2,-26.7
127.1233,6830.5067,0.2271298873899895,-4.296469221749107,-1.116430116147603,0.0441,-0.00409,-0.0134,0.1,-18.2,-26.8
127.1331,6830.5268,0.24379685905465756,-4.298675408022146,-1.1321536975751307,0.03189,-0.03524,0.00798,0.1,-18.2,-26.9
127.159,6830.5469,0.2577131742708943,-4.295810780722475,-1.1474047592631624,0.02761,-0.03585,0.01592,0.2,-18.3,-26.8
127.1747,6830.5669,0.27465397689680204,-4.293107777764632,-1.1621342085200315,0.00195,0.03623,-0.00301,0.2,-18.3,-26.9
127.1932,6830.587,0.2878880402467633,-4.2903671406357065,-1.1738451063587387,-0.0121,0.04783,-0.01584,0.2,-18.3,-27.0
127.213,6830.6071,0.2919829461694261,-4.284481192711826,-1.179502331537348,-0.00354,0.03501,-0.01828,0.2,-18.3,-26.9
127.2342,6830.6271,0.2844182215613356,-4.273447172799009,-1.1776884702260162,0.01723,-0.01264,-0.00118,0.1,-18.3,-26.9
127.2571,6830.6472,0.268707706784356,-4.259477451726118,-1.170173690346413,0.02761,-0.04257,-0.00362,0.1,-18.3,-27.0
127.2739,6830.6672,0.25438178165242625,-4.246681280226323,-1.1604087468155715,0.016,0.01118,-0.01706,0.1,-18.3,-26.9
127.2985,6830.6873,0.24644897688214193,-4.239099089118932,-1.1517144583979917,-0.00293,0.0344,-0.02195,0.1,-18.3,-26.9
127.3153,6830.7074,0.24376359160888603,-4.235339998378873,-1.144117239548498,-0.03592,0.00813,-0.0079,0.1,-18.2,-26.8
127.336,6830.7274,0.24522498855508765,-4.238115819763381,-1.1387855687718726,-0.02981,0.00813,0.00798,0.0,-18.3,-26.8
127.3639,6830.7475,0.24524962140971127,-4.247758051103243,-1.1346595342724992,0.0099,0.01546,0.00187,0.1,-18.3,-26.9
127.3813,6830.7675,0.2461002507838714,-4.266881840494111,-1.1315875051694615,0.03433,0.00202,0.01409,0.0,-18.3,-26.8
127.3951,6830.7876,0.2500657846500385,-4.295427801996128,-1.1286657754598508,0.01051,-0.00959,0.02936,0.0,-18.3,-26.8
127.418,6830.8077,0.257353181753277,-4.3300572246059605,-1.1248706742752077,-0.00965,-0.01203,0.01104,0.0,-18.3,-26.9
127.4328,6830.8277,0.2619922711104287,-4.365714806919331,-1.1201127566198075,-0.0347,0.04234,-0.01156,0.1,-18.4,-26.9
127.4541,6830.8477,0.2610688333880675,-4.39582598583881,-1.115103912620917,-0.02553,0.0234,-0.02012,0.0,-18.3,-27.0
127.4742,6830.8678,0.25027861005529095,-4.413260642916523,-1.1104783951129527,0.02272,-0.00103,-0.01462,0.0,-18.3,-26.8
127.4964,6830.8878,0.23594258887658115,-4.417451784030923,-1.1093579746214903,0.04533,-0.03463,-0.00118,0.0,-18.4,-26.7
127.526,6830.9078,0.22942560168188894,-4.413008800271573,-1.1154608323394513,0.01845,0.0124,-0.01584,0.0,-18.4,-26.8
127.5483,6830.9278,0.23774794041161862,-4.4000788734683445,-1.127709762260654,-0.01515,0.06616,-0.03417,0.0,-18.4,-26.9
127.5615,6830.9479,0.25084758792119805,-4.379296433351713,-1.1428630296915099,-0.04447,0.00507,-0.01462,0.0,-18.4,-26.9
127.5751,6830.9679,0.264074940532911,-4.356022363566751,-1.1589181955594263,-0.01026,-0.01203,-0.00423,0.0,-18.4,-26.9
127.5941,6830.9879,0.27062971429505656,-4.33335591157583,-1.1721243000100312,0.07098,-0.02364,-0.00057,0.0,-18.4,-27.0
127.6128,6831.0079,0.27488208924089075,-4.316682476946835,-1.1806129849881923,0.0722,-0.05662,-0.0024,0.0,-18.4,-26.9
127.6351,6831.0279,0.280295256163108,-4.30920106942552,-1.1828846373241113,-0.00477,0.00202,-0.00485,0.0,-18.4,-26.8
127.6608,6831.0479,0.2863023988317297,-4.3091892045522355,-1.1773375050015051,-0.06768,0.03806,-0.03661,0.0,-18.4,-26.8
127.6804,6831.0679,0.27693039297986627,-4.305906082706978,-1.1602093128430173,-0.04692,0.0063,-0.05555,0.0,-18.3,-26.9
127.6963,6831.0879,0.2497263543112874,-4.295924599487001,-1.134148100089396,-0.00721,-0.04807,-0.02684,0.1,-18.3,-26.8
127.7136,6831.1079,0.21343281977743797,-4.2809030000249795,-1.1055546193215058,0.02272,-0.05601,0.0147,0.2,-18.3,-26.7
127.7319,6831.1279,0.18199295495061435,-4.266932302208233,-1.0821747679694376,0.00867,-0.01753,0.03364,0.1,-18.3,-26.6
127.7576,6831.1479,0.16816306236842132,-4.259547941510346,-1.0692129846504148,-0.02309,0.03195,-0.00607,0.2,-18.3,-26.7
127.7808,6831.1679,0.16967592258657377,-4.2576192239375095,-1.0659393895216276,-0.03958,0.08204,-0.00912,0.1,-18.2,-26.8
127.7998,6831.1878,0.1760895445749114,-4.259903204995278,-1.0695201023910563,-0.03714,-0.02852,0.03364,0.2,-18.2,-26.9
127.8136,6831.2078,0.18467306260618724,-4.272286402801653,-1.0795877273088674,0.027,-0.05357,0.06357,0.1,-18.3,-26.9
127.8363,6831.2278,0.19064778870085725,-4.293391064419722,-1.0920185895515822,0.08014,-0.03219,0.06113,0.1,-18.3,-26.9
127.8527,6831.2478,0.20389379250039558,-4.330167589620431,-1.1080317689763266,0.02578,0.06983,0.04647,0.1,-18.3,-26.7
127.8886,6831.2678,0.22186099484030553,-4.3706977781601495,-1.1211682328318116,-0.04264,0.03012,0.03608,0.1,-18.3,-26.7
127.9106,6831.2878,0.23006257405580158,-4.409257863927577,-1.1300180018163015,-0.0402,0.01363,0.01592,0.1,-18.3,-26.7
127.9273,6831.3078,0.2239106363556384,-4.438657446447919,-1.1346887453017338,0.01234,-0.05418,-0.00851,0.0,-18.3,-26.7
127.9438,6831.3278,0.20921573405724567,-4.455809866493754,-1.1384307089851653,0.05327,-0.00775,-0.01767,0.1,-18.3,-26.8
127.9621,6831.3478,0.19609300076608543,-4.459827100322102,-1.14458838236696,0.05571,0.02401,-0.02623,0.0,-18.4,-26.9
127.972,6831.3678,0.19631377291460445,-4.444266828162756,-1.1508980122678203,0.03433,0.08021,-0.025,0.0,-18.4,-26.9
127.9973,6831.3879,0.20501564906915828,-4.418394093133441,-1.1595727821501995,0.00134,0.04111,-0.01156,0.0,-18.4,-26.9
128.0163,6831.4079,0.21956433363872724,-4.381867320555862,-1.165502302814863,0.00867,-0.02547,-0.0024,0.0,-18.3,-27.0
128.0329,6831.4279,0.23491164818414836,-4.347833176098924,-1.1694664946242845,0.03555,-0.05113,-0.00851,0.0,-18.3,-27.1
128.0593,6831.4479,0.2476139962238641,-4.327345350939888,-1.1718682596523724,0.02211,0.01973,-0.02256,0.0,-18.3,-27.1
128.0789,6831.468,0.2593977551780389,-4.319050274457478,-1.1690810808026786,-0.00477,0.057,-0.02073,0.0,-18.3,-27.0
128.0944,6831.488,0.2642728393155102,-4.320771995656458,-1.1596925385538128,-0.01515,0.04111,0.00432,0.0,-18.3,-26.9
128.1127,6831.508,0.2581284276753702,-4.33078621563238,-1.145480519797509,-0.01698,-0.04441,0.02936,0.0,-18.3,-26.9
128.1348,6831.5281,0.23895049103766386,-4.348070803209678,-1.1309942597378786,0.01906,-0.05296,0.03914,0.0,-18.4,-27.0
128.1573,6831.5481,0.21464170164995836,-4.371769482575974,-1.122336615522526,0.07404,0.04906,-0.0134,0.0,-18.4,-27.2
128.1758,6831.5681,0.19714912703158774,-4.393284253859737,-1.1214359466263826,0.00623,0.02035,-0.02256,0.0,-18.4,-27.2
128.2016,6831.5881,0.19304697008415939,-4.406237511180465,-1.1293705173539106,-0.05058,0.00446,-0.02378,0.0,-18.4,-27.1
128.2185,6831.6082,0.19643008885363375,-4.4038094886405155,-1.1438499655983083,-0.02798,0.0063,-0.02439,0.0,-18.4,-27.1
128.2333,6831.6282,0.20638394779607838,-4.391336480777102,-1.16530508412637,0.00562,0.01607,-0.02073,0.0,-18.4,-27.0
128.2769,6831.6482,0.21021154608243967,-4.383295398245548,-1.1948491793488483,0.038,0.02523,-0.00973,0.0,-18.3,-27.0
128.2834,6831.6683,0.23422107318158542,-4.365947418214742,-1.217522669234798,0.07831,0.06066,-0.0134,0.0,-18.3,-26.9
128.3017,6831.6883,0.25264553081246277,-4.35532336627016,-1.2318183813097061,0.04594,-0.02058,0.00554,0.0,-18.3,-26.8
128.314,6831.7083,0.26796968947889194,-4.3531992401629065,-1.2322825962604824,-0.02553,-0.0218,0.01043,0.1,-18.3,-26.8
128.3324,6831.7283,0.27396158024694406,-4.360660197331452,-1.217982219427233,-0.04447,-0.00898,-0.00912,0.1,-18.4,-26.7
128.3535,6831.7484,0.2657494624441456,-4.375689563928378,-1.1923109653968549,-0.04692,0.00263,-0.03783,0.1,-18.4,-26.7
128.3764,6831.7684,0.23943701084036242,-4.390888397908694,-1.1604186419604474,-0.05058,0.02035,-0.04028,0.1,-18.4,-26.6
128.3921,6831.7884,0.20006996434795393,-4.397905970340174,-1.1286048682748238,-0.01087,-0.00837,-0.02073,0.0,-18.4,-26.6
128.4253,6831.8085,0.15637748405729857,-4.398786191743337,-1.1062761215918169,0.07037,-0.04441,-0.0024,0.1,-18.3,-26.6
128.4395,6831.8285,0.14005256767459906,-4.394986820487125,-1.0980141915845394,0.07159,0.01668,0.00126,0.1,-18.3,-26.5
128.4636,6831.8486,0.14790730254662823,-4.3942021039142505,-1.1056310666815303,-0.03531,0.05883,-0.0024,0.1,-18.3,-26.4
128.4769,6831.8686,0.17105756324650176,-4.395032706399875,-1.122775548782144,-0.02676,0.05028,0.00615,0.1,-18.2,-26.2
128.4986,6831.8887,0.195263048723231,-4.399280532221268,-1.1434798304959326,0.02211,-0.0047,0.02936,0.1,-18.1,-26.2
128.5173,6831.9088,0.21251931282937134,-4.409665351077876,-1.1634627897240755,0.08076,-0.05846,0.0257,0.2,-18.1,-26.2
128.5342,6831.9288,0.2242157378309627,-4.427017162699878,-1.1802522467923104,0.06182,-0.02425,0.0031,0.1,-18.2,-26.2
128.5646,6831.9489,0.23097659011487548,-4.450583466505371,-1.1934337724759967,0.00073,0.03806,-0.01951,0.1,-18.2,-26.2
128.5733,6831.9689,0.2277888794960925,-4.461941054815866,-1.1956086748923482,-0.04753,0.05639,-0.03539,0.1,-18.2,-26.2
128.5999,6831.989,0.2186645595656798,-4.4656268999768916,-1.1927531279891106,-0.03409,0.02157,-0.02867,0.0,-18.2,-26.2
128.6157,6832.009,0.193689183164864,-4.453025778796595,-1.183807334915274,0.01967,-0.03097,-0.02073,0.0,-18.2,-26.2
128.6351,6832.029,0.16368690507688477,-4.432698581894109,-1.1759761715474593,0.04777,-0.0719,-0.01767,0.0,-18.3,-26.3
128.6546,6832.049,0.14225380116488034,-4.412165461692571,-1.1737143805303312,0.03433,0.04234,-0.02378,0.0,-18.3,-26.3
128.6762,6832.0691,0.13708496733487888,-4.395904692814431,-1.1774488874253919,0.01784,0.057,-0.01951,0.0,-18.3,-26.4
128.7022,6832.0891,0.1467723145391717,-4.384547863482475,-1.1840820267931225,-0.00477,0.01179,-0.01401,0.0,-18.3,-26.4
128.7167,6832.1091,0.16102656439234111,-4.379960775395613,-1.1908869568797815,-0.02126,-0.04868,0.00493,0.0,-18.3,-26.3
128.7374,6832.1291,0.17316115994621062,-4.385635176337008,-1.1970194848826203,0.02578,-0.03341,0.00737,0.0,-18.3,-26.4
128.7662,6832.1492,0.17955828549818992,-4.402850706896191,-1.2022251115090903,0.05938,-0.01142,-0.00057,0.0,-18.3,-26.5
128.7867,6832.1692,0.1885632827084257,-4.4272357812366,-1.20532464458638,0.00867,0.04967,-0.0079,0.0,-18.4,-26.6
128.8021,6832.1892,0.1960923093884529,-4.450764039306067,-1.2042388281699665,-0.02859,-0.0047,-0.00179,0.0,-18.4,-26.6
128.8221,6832.2093,0.19957866417679973,-4.469508195299729,-1.1995619124819061,-0.04081,-0.0157,-0.00729,0.0,-18.4,-26.5
128.841,6832.2293,0.19309215398057483,-4.481461267636687,-1.1926492356798182,-0.0121,0.02768,-0.03295,0.0,-18.4,-26.5
128.8566,6832.2493,0.1771951950988367,-4.485701582913939,-1.1848781061526488,0.01661,0.00935,-0.02684,0.1,-18.4,-26.4
128.8811,6832.2693,0.1549190174873472,-4.485144911589596,-1.1787801349961047,0.02639,-0.01081,-0.03172,0.2,-18.3,-26.4
128.8925,6832.2894,0.13768751350663294,-4.474880435013358,-1.1722113400037344,0.01906,-0.00287,-0.0305,0.2,-18.3,-26.5
128.9155,6832.3094,0.1256051694970476,-4.461968801308755,-1.1685888896228835,0.00684,-0.02242,-0.02989,0.1,-18.3,-26.5
128.9358,6832.3294,0.12092856248815267,-4.448723622025442,-1.1686114816148496,-0.01148,-0.00103,-0.02317,0.2,-18.3,-26.3
128.9551,6832.3495,0.12016670878180516,-4.438714634919565,-1.1730804504031216,-0.0066,-0.02119,-0.03905,0.2,-18.3,-26.2
128.9761,6832.3695,0.11927406352247948,-4.432868226829498,-1.1806958814017054,0.0215,0.07227,-0.03905,0.2,-18.2,-26.3
128.9933,6832.3895,0.11770208472970076,-4.425634503626871,-1.186203250161375,0.04288,0.03989,-0.02378,0.1,-18.2,-26.4
129.0137,6832.4095,0.1144989329974911,-4.4175665739600065,-1.1874525050028435,0.04044,0.02218,-0.00179,0.1,-18.2,-26.4
129.0388,6832.4295,0.11228406495300372,-4.409827713259838,-1.1836790366155707,0.00806,-0.00775,-0.00851,0.1,-18.2,-26.4
129.0587,6832.4495,0.11096658576155911,-4.4073611551491885,-1.1778635260611363,-0.02248,-0.02364,-0.02073,0.1,-18.2,-26.3
129.0793,6832.4695,0.1077642732942994,-4.4130220388377195,-1.1737229990101934,-0.02798,0.01424,-0.04455,0.1,-18.2,-26.3
129.1015,6832.4896,0.10133931428678465,-4.424023451424008,-1.1729837512950159,0.00012,0.08143,-0.05066,0.1,-18.2,-26.3
129.1138,6832.5096,0.09656087405227501,-4.4303862875150015,-1.1731610327335957,0.04655,0.00691,-0.03295,0.2,-18.2,-26.4
129.1387,6832.5296,0.09482623267427957,-4.436682646093658,-1.1774979606379166,0.02639,-0.01264,0.00798,0.2,-18.2,-26.3
129.1616,6832.5496,0.10286851778539036,-4.442650226044743,-1.1850746360731268,0.00257,-0.00714,0.00737,0.1,-18.1,-26.5
129.178,6832.5697,0.11733200663393266,-4.449259326495518,-1.194555363980479,0.0044,0.02829,-0.02745,0.1,-18.1,-26.4
129.1978,6832.5897,0.13118505869755148,-4.45414376809545,-1.2028886334623277,0.00623,0.01912,-0.05249,0.1,-18.1,-26.3
129.2171,6832.6097,0.1389640003658543,-4.450020663101697,-1.2051123489812277,0.00318,0.00691,-0.04638,0.2,-18.1,-26.3
129.237,6832.6298,0.13889099361373788,-4.4349470695790805,-1.199740022507358,-0.00049,-0.02058,-0.03111,0.2,-18.1,-26.5
129.264,6832.6498,0.132447738071543,-4.4143074413420225,-1.1894525298436562,-0.01026,0.0063,-0.01095,0.2,-18.1,-26.6
129.2838,6832.6698,0.12140310055091921,-4.3916084765677255,-1.1759019873030123,0.0099,0.04906,-0.02012,0.2,-18.1,-26.6
129.2969,6832.6898,0.10886737309044467,-4.371978601282098,-1.1613706159935955,0.01234,0.06372,-0.01767,0.3,-18.1,-26.5
129.3318,6832.7099,0.09628479344161266,-4.363066514828361,-1.1492711774153896,-0.00843,-0.03097,0.00248,0.3,-18.1,-26.4
129.348,6832.7299,0.09142125301787603,-4.365847733804783,-1.1399035429761515,0.01478,0.00385,0.02387,0.3,-18.1,-26.3
129.3555,6832.7499,0.09521667748320616,-4.385757042022668,-1.1363001927457255,0.02944,0.00996,0.0257,0.3,-18.1,-26.3
129.3801,6832.77,0.10542009420443728,-4.415882114236566,-1.1360704397872734,-0.01882,-0.03341,0.02936,0.3,-18.1,-26.2
129.397,6832.79,0.116986324017169,-4.453341913023074,-1.1396544628492364,-0.01393,0.057,0.0092,0.3,-18.1,-26.2
129.4149,6832.81,0.12442062931842066,-4.487192195691769,-1.143930478183277,0.02028,0.02645,0.0092,0.4,-18.2,-26.1
129.4372,6832.8301,0.12540826442090114,-4.510057887776476,-1.1478325166672771,0.05266,-0.03646,-0.00851,0.4,-18.2,-26.1
129.46,6832.8501,0.12211779236554555,-4.518839865762176,-1.1525477385804948,0.00195,-0.02119,-0.02317,0.4,-18.3,-26.1
129.4755,6832.8702,0.11373192305207207,-4.510579003805266,-1.1590986841140083,-0.02737,0.06066,-0.03111,0.4,-18.2,-26.3
129.4977,6832.8903,0.1022319747603878,-4.489800384887073,-1.1719194560810369,-0.00293,0.06127,-0.01523,0.4,-18.3,-26.3
129.5206,6832.9103,0.09778320126643801,-4.456674781441211,-1.1918548314226634,0.05266,-0.01081,-0.0134,0.4,-18.3,-26.4
129.5497,6832.9304,0.11985732016738652,-4.417704530582518,-1.220204705644793,0.01723,-0.05235,-0.01401,0.4,-18.3,-26.4
129.5645,6832.9504,0.17610801125365685,-4.3813742101408675,-1.2546266794161518,-0.05363,-0.00165,-0.01645,0.4,-18.3,-26.3
129.5774,6832.9705,0.2588218939794981,-4.352558001692494,-1.2852897016111235,-0.09151,0.03806,-0.02684,0.4,-18.4,-26.3
129.5957,6832.9906,0.35132738039256245,-4.3344884638398655,-1.2968528656905427,-0.08662,0.06066,-0.025,0.5,-18.4,-26.4
129.6232,6833.0106,0.43313214844161857,-4.328371212425742,-1.2723652300377477,-0.04447,0.00874,-0.02745,0.4,-18.3,-26.6
129.6442,6833.0307,0.4851746753990395,-4.331566053933228,-1.1991512631212498,-0.1416,0.01729,-0.025,0.5,-18.3,-26.7
129.658,6833.0508,0.47381845016754787,-4.345978439775448,-1.0785493340543564,-0.41954,0.11442,-0.09281,0.5,-18.3,-26.9
129.6793,6833.0708,0.4403948885301298,-4.3733372584885375,-0.9314755436839057,-0.62907,0.03623,-0.03111,0.5,-18.3,-26.9
129.6968,6833.0908,0.3012420184595016,-4.403994122670782,-0.7808165004179184,-0.6028,0.04111,-0.08976,0.5,-18.2,-26.9
129.718,6833.1109,0.0872979561740526,-4.420072547523339,-0.6599477214275531,-0.28943,-0.08167,-0.01828,0.3,-18.1,-27.1
129.7346,6833.1309,-0.18422540596167314,-4.4237239966328445,-0.6071703307659533,0.0325,-0.59235,-0.02317,0.4,-18.0,-27.2
129.7569,6833.1509,-0.4426832932895204,-4.397344014572082,-0.6316815624727408,0.18155,-0.83059,-0.0641,0.3,-17.9,-27.1
129.7751,6833.171,-0.600540922071115,-4.400298443653213,-0.7480918119926585,0.23714,-0.58136,-0.05127,0.3,-17.8,-27.1
129.7983,6833.191,-0.6489052520874874,-4.431935682939599,-0.9234752219459192,0.09419,-0.09389,0.0709,0.2,-17.7,-27.1
129.8267,6833.211,-0.6003418065941732,-4.510535399372953,-1.1302740359374681,0.07465,0.03684,0.0483,0.1,-17.7,-27.0
129.8541,6833.231,-0.48904783166031474,-4.6172443770455915,-1.3312952794002992,0.24997,0.20116,-0.04455,0.1,-17.6,-27.1
129.8671,6833.2511,-0.3275089847739317,-4.678775675941631,-1.4703925173998975,0.26524,0.38259,-0.18749,0.0,-17.5,-27.1
129.8892,6833.2711,-0.1799468344981533,-4.732278209938724,-1.567014678806954,0.20659,0.24453,-0.23575,0.0,-17.4,-27.0
129.9006,6833.2911,-0.022845695547108465,-4.71473091118477,-1.59123359583036,0.22003,0.11869,-0.23392,0.0,-17.3,-26.9
129.9279,6833.3112,0.08279540973267117,-4.698543960494211,-1.5963327581348477,0.26951,0.14618,-0.17406,0.0,-17.3,-27.0
129.9374,6833.3312,0.20014956848768034,-4.623566379353118,-1.5592105090806463,0.23103,0.16634,-0.14046,0.0,-17.3,-26.9
129.9618,6833.3512,0.26924264159971223,-4.561443094030051,-1.527161024929974,0.1846,0.12725,-0.09403,0.0,-17.3,-26.8
129.9767,6833.3712,0.33531913916148964,-4.488933944920309,-1.4908830299989955,0.2011,0.00507,-0.05127,0.0,-17.3,-26.8
129.9978,6833.3913,0.3700555600673543,-4.42789445775621,-1.4596189822750354,0.15834,-0.2014,-0.06227,0.1,-17.3,-26.8
130.0177,6833.4113,0.3824271866493869,-4.386209151134052,-1.4327420366586008,0.07953,-0.20812,-0.05921,0.1,-17.4,-26.8
130.04,6833.4313,0.3673935641043631,-4.36916042054022,-1.4065899160075812,0.12413,-0.2069,-0.03966,0.0,-17.5,-26.8
130.0568,6833.4513,0.33229691109363135,-4.3788830617615915,-1.3777123441568246,0.05327,-0.15375,-0.02073,0.0,-17.6,-26.8
130.0754,6833.4713,0.27527176994380526,-4.403229566433788,-1.338218692695266,-0.07624,-0.03402,0.00737,0.0,-17.7,-26.7
130.0952,6833.4913,0.20086563192652956,-4.431588332866928,-1.2858238982875783,-0.06341,-0.02608,0.00982,0.1,-17.8,-26.6
130.1187,6833.5113,0.11654418186673254,-4.455268881052386,-1.2236942233361319,-0.02004,-0.15253,-0.00301,0.1,-17.8,-26.7
130.1382,6833.5313,0.02966303959944351,-4.475192484582192,-1.1627596187960378,-0.03653,-0.14398,-0.03905,0.2,-17.9,-26.6
130.1572,6833.5513,-0.04400695915327406,-4.4893922719282155,-1.1124472473347673,0.00501,0.02157,4e-05,0.2,-18.0,-26.5
130.1765,6833.5713,-0.09263626105846658,-4.4968269186999095,-1.0795761904293038,0.08198,0.06005,0.03975,0.2,-18.1,-26.7
130.1952,6833.5913,-0.10912014501172351,-4.496602028336855,-1.066351004534953,0.06793,0.04967,0.06785,0.2,-18.2,-26.7
130.219,6833.6112,-0.0985048700674345,-4.489231125347224,-1.0712007384115712,0.06182,0.01057,0.01898,0.2,-18.2,-26.6
130.2511,6833.6312,-0.07137349876013419,-4.475856316746146,-1.0896742558786734,0.09236,-0.05968,-0.01462,0.2,-18.3,-26.6
130.2546,6833.6512,-0.01879753282645735,-4.462109805866765,-1.1180602994635294,0.03372,0.00141,0.00554,0.2,-18.3,-26.6
130.2745,6833.6712,0.01713654768030964,-4.44381849491705,-1.1478709388048038,0.07281,-0.00042,0.02448,0.1,-18.3,-26.6
130.2963,6833.6912,0.04198102858565296,-4.4249325804820705,-1.1753530640773633,0.15223,-0.00592,0.05807,0.1,-18.4,-26.6
130.3146,6833.7112,0.06343821004773686,-4.407778141389001,-1.1974854104349024,0.12596,0.03256,0.08495,0.0,-18.5,-26.5
130.3347,6833.7312,0.07713916578394846,-4.390038076529816,-1.2104712027032,0.02211,0.03684,0.05135,0.0,-18.5,-26.5
130.3598,6833.7512,0.07879789265930257,-4.366620600567798,-1.2107994451678294,0.05999,-0.05846,0.04647,0.0,-18.5,-26.5
130.3745,6833.7712,0.08141394295631886,-4.355559454003061,-1.2084708288716097,0.13634,-0.19896,0.07273,0.0,-18.5,-26.5
130.3999,6833.7912,0.06982544470558472,-4.345859295092804,-1.1997958611902249,0.09053,-0.14214,0.09411,0.0,-18.6,-26.4
130.4183,6833.8112,0.06500946535157065,-4.362732288565582,-1.2009187462330377,0.03738,0.04111,0.08251,0.0,-18.7,-26.3
130.4363,6833.8312,0.06164996493862275,-4.394855224194077,-1.2106258150823592,0.0887,0.11442,0.06296,0.0,-18.7,-26.2
130.4582,6833.8512,0.05806283467378872,-4.427024180989065,-1.2270565275025724,0.06182,0.08876,0.0654,0.0,-18.8,-26.2
130.4772,6833.8712,0.06215201462665679,-4.44443044197773,-1.2491498755378618,0.02028,-0.01997,0.0654,0.0,-18.8,-26.1
130.496,6833.8912,0.07962848753417634,-4.440832002060907,-1.2789694728248886,-0.02492,-0.10427,0.05624,0.0,-18.8,-26.0
130.5157,6833.9112,0.11517060653680804,-4.418345633393486,-1.318542137666439,-0.04447,-0.01753,0.04586,-0.1,-18.8,-25.8
130.5399,6833.9312,0.16696769409752574,-4.383798573059614,-1.3645126684574134,-0.02431,0.14191,0.03486,-0.1,-18.9,-25.7
130.5678,6833.9512,0.2238582043450901,-4.345400452812871,-1.4049395286900488,-0.0237,0.20727,0.04952,-0.1,-18.9,-25.6
130.5857,6833.9712,0.28002158753552486,-4.298537349066111,-1.4152579550241686,0.02211,0.22376,0.03547,-0.2,-19.0,-25.5
130.5981,6833.9912,0.3261477660209082,-4.261062029027143,-1.3837670422580999,0.0325,0.11625,0.00798,-0.1,-18.9,-25.5
130.6155,6834.0112,0.3545405451716213,-4.252979570894821,-1.3096841499774339,-0.12999,-0.01386,0.01776,-0.1,-18.9,-25.5
130.637,6834.0312,0.3530845684383322,-4.282997491400285,-1.2021188847453832,-0.24178,0.00935,0.04341,-0.1,-18.9,-25.5
130.6624,6834.0511,0.3118481091232324,-4.350160750462909,-1.0824092381317847,-0.14099,0.03684,0.01226,-0.1,-18.9,-25.5
130.683,6834.0711,0.2399711719032273,-4.442523905110824,-0.9798295725659845,-0.02248,0.03745,0.02814,-0.1,-18.9,-25.4
130.6957,6834.0911,0.1742703696113256,-4.531762737479223,-0.9193701538427206,0.01845,0.05455,0.02509,-0.2,-18.8,-25.6
130.7226,6834.1111,0.1512354038232014,-4.599563688669027,-0.9221661314679181,-0.01943,0.10464,-0.00301,-0.1,-18.8,-25.6
130.7401,6834.1311,0.14468950783744952,-4.606147073845467,-0.978800645016694,-0.14954,0.21704,-0.03905,-0.1,-18.7,-25.8
130.7601,6834.1511,0.13606503859357802,-4.549927042590995,-1.076332629323888,0.28662,0.17184,-0.09464,-0.1,-18.7,-25.8
130.7777,6834.1711,0.14401005673516928,-4.436767645508339,-1.1853634421390886,0.6232,-0.53676,-0.30356,-0.1,-18.6,-25.8
130.7955,6834.1911,0.1803781829080945,-4.301499521367303,-1.280440414131208,0.08381,-0.19407,-0.10442,0.0,-18.6,-25.8
130.8157,6834.2111,0.24493187301679337,-4.183275875792389,-1.34046072838912,-0.27843,0.21643,-0.10258,0.0,-18.6,-26.0
130.8366,6834.2311,0.30257965929970154,-4.10643030185184,-1.3496313222890013,-0.37067,0.23293,-0.06288,0.0,-18.6,-26.1
130.8593,6834.2511,0.3129527241342196,-4.080816056404343,-1.3042557103573316,-0.36579,0.14008,0.03608,0.0,-18.5,-26.1
130.8794,6834.2711,0.25392224803369945,-4.106971899077331,-1.2174412487713653,-0.34318,0.12664,0.18697,0.1,-18.5,-26.2
130.8961,6834.2911,0.16444956240485514,-4.183891161498322,-1.1201911908431281,-0.11716,0.00874,0.00676,0.1,-18.4,-26.3
130.9147,6834.3111,0.09787521270520257,-4.2963285042536095,-1.0437747101895596,-0.20452,-0.13665,0.04525,0.0,-18.4,-26.4
130.9491,6834.3311,0.09710073324111143,-4.42527942994417,-1.014381144710109,-0.35479,0.17001,0.0935,0.1,-18.4,-26.5
130.9619,6834.3511,0.07940057199493593,-4.537838160140343,-1.0390018832693375,-0.08601,0.22926,0.02753,0.1,-18.3,-26.5
130.9753,6834.3711,0.08139254688465812,-4.60565030391185,-1.1101419193251054,0.26524,-0.03158,-0.05555,0.1,-18.3,-26.6
130.9956,6834.3911,0.09372319101086013,-4.616218532070006,-1.2091209358581114,0.27684,-0.25393,-0.08731,0.2,-18.2,-26.6
131.0182,6834.4111,0.14597140370088363,-4.578493755159293,-1.3162333628236098,0.03677,-0.22156,-0.11602,0.2,-18.2,-26.5
131.0356,6834.4311,0.23981442379553913,-4.514527589413513,-1.4155250902407133,-0.1361,-0.05785,-0.13435,0.1,-18.2,-26.6
131.0579,6834.4512,0.35556752911825606,-4.445451608586293,-1.4952015109106167,-0.12205,-0.00959,-0.15023,0.1,-18.2,-26.7
131.0787,6834.4712,0.4637177484270238,-4.369819576877351,-1.5395015014457574,-0.05363,0.01973,-0.18139,0.1,-18.1,-26.8
131.0959,6834.4912,0.5625240848296491,-4.291302240161433,-1.5449645425082483,-0.0402,-0.24538,-0.1655,0.2,-18.1,-26.8
131.1192,6834.5112,0.663656908055438,-4.22243426360304,-1.5189720451918465,-0.01698,-0.43536,-0.07571,0.2,-18.1,-26.7
131.1372,6834.5313,0.7785431046917674,-4.1966038449170115,-1.4809146250071397,-0.00599,-0.22644,0.00371,0.2,-18.1,-26.7
131.1615,6834.5513,0.9089417592552986,-4.225663835630165,-1.4387858913124472,-0.07318,-0.05174,-0.01523,0.2,-18.1,-26.7
131.1755,6834.5713,1.0238063737261414,-4.310616494678734,-1.3943300898837379,-0.1868,0.0124,-0.05066,0.1,-18.0,-26.7
131.2013,6834.5913,1.1446634805859626,-4.4252649073730215,-1.347161791550592,-0.28332,0.01363,-0.01645,0.0,-18.0,-26.8
131.2153,6834.6114,1.1971748187802316,-4.5479685358413455,-1.2936294686384535,-0.29309,-0.06945,0.0764,0.0,-18.0,-26.7
131.2375,6834.6314,1.2244464928453387,-4.636352926738056,-1.239734038199428,-0.15687,-0.26798,0.11916,0.1,-17.9,-26.7
131.2573,6834.6514,1.2272006768418033,-4.700569352835006,-1.214456006226209,-0.02187,-0.32907,0.10328,0.0,-17.9,-26.8
131.2755,6834.6715,1.235368673812661,-4.733256422004772,-1.2338362119417656,-0.06035,-0.09816,0.03547,0.0,-17.9,-26.9
131.2974,6834.6915,1.2634406105481284,-4.723409127821822,-1.2944757225599286,-0.07929,0.10342,-0.04089,-0.1,-17.9,-27.0
131.3173,6834.7115,1.3002603602995875,-4.661596864900813,-1.3729346019100301,-0.02981,0.02096,-0.06654,-0.1,-17.8,-27.1
131.3366,6834.7316,1.3315094510461778,-4.55595923510692,-1.4425551261943639,0.038,-0.1452,-0.01279,-0.1,-17.8,-27.1
131.3592,6834.7516,1.3488204133629293,-4.433785445020188,-1.4845751962647107,0.02456,-0.26371,0.0654,-0.2,-17.8,-27.1
131.3793,6834.7717,1.356331824347218,-4.344058699626103,-1.4983784744234878,-0.00599,-0.19346,0.09167,-0.3,-17.7,-27.0
131.3992,6834.7918,1.3534970328861904,-4.31834555045319,-1.4826976293814695,-0.03897,-0.02486,0.09289,-0.4,-17.6,-27.2
131.4172,6834.8118,1.3330948163130087,-4.370114050145173,-1.4373850397195387,-0.11778,0.02157,0.06357,-0.5,-17.6,-27.3
131.4391,6834.8319,1.2899174048953999,-4.4879713073027805,-1.3604299064923566,-0.04386,0.04661,0.0709,-0.6,-17.5,-27.4
131.4599,6834.852,1.2158697432747436,-4.650531593388309,-1.2518790165109372,0.0441,-0.10549,0.04525,-0.6,-17.5,-27.6
131.4773,6834.872,1.1183739598462137,-4.834733280587863,-1.1182019513027548,0.03494,-0.19468,0.06235,-0.7,-17.4,-27.6
131.5001,6834.8921,1.0025382038747146,-5.005277375920733,-0.9621951729732547,0.05266,-0.22767,0.10755,-0.7,-17.4,-27.6
131.517,6834.9121,0.8903808190527049,-5.170169281667443,-0.8159383532105764,0.04533,-0.24477,0.11061,-0.8,-17.4,-27.6
131.5418,6834.9322,0.7852834799518843,-5.302493996335124,-0.6909997490154076,-0.02126,-0.25271,0.01959,-0.9,-17.4,-27.7
131.5624,6834.9523,0.6981569865585302,-5.400367123609665,-0.6111976215447399,0.05632,0.14069,-0.12335,-1.0,-17.4,-27.7
131.5777,6834.9723,0.6323417104843203,-5.427103088575426,-0.5706961376637842,0.08809,0.20361,-0.17039,-1.0,-17.4,-27.7
131.5975,6834.9924,0.5772293383791766,-5.38341573014466,-0.5715996236660814,0.14551,0.09548,-0.11908,-1.0,-17.4,-27.7
131.6193,6835.0124,0.5242150695701068,-5.265406998629888,-0.5999795362462716,0.19438,0.02584,-0.08792,-1.1,-17.4,-27.7
131.6414,6835.0324,0.4676585740278947,-5.09670977118171,-0.6478230708778536,0.16261,0.0008,-0.0531,-1.1,-17.5,-27.8
131.6584,6835.0525,0.40736858521926206,-4.914657644295472,-0.7101739988128344,0.14856,-0.05357,-0.05555,-0.9,-17.5,-27.7
131.6801,6835.0725,0.32020818278085367,-4.752696195658747,-0.7800522681274984,0.02517,0.02279,-0.04455,-1.0,-17.6,-27.8
131.7038,6835.0925,0.20026572911576684,-4.62518135185423,-0.8484503262912888,-0.14099,0.15229,-0.04394,-1.0,-17.6,-27.8
131.7217,6835.1126,0.025168851900534056,-4.518271360111843,-0.9031895192234707,-0.18436,0.21216,-0.02317,-1.0,-17.7,-27.9
131.7413,6835.1326,-0.1854881395007403,-4.423390267428418,-0.9483353968249482,-0.09212,0.24698,0.01837,-1.0,-17.7,-27.9
131.7581,6835.1526,-0.40337344931821917,-4.320296523007736,-0.9898570065533754,-0.04264,0.14741,0.0483,-1.0,-17.7,-27.9
131.7759,6835.1726,-0.5790102076778602,-4.20504065579461,-1.0412559942869688,-0.05425,0.07716,0.08312,-1.0,-17.8,-28.0
131.7979,6835.1927,-0.6763204496200824,-4.085213269312826,-1.1136917866158367,-0.02126,0.07655,0.06296,-1.0,-17.8,-28.0
131.8166,6835.2127,-0.68738557814835,-3.9766858986790763,-1.2107480767770635,0.02944,0.20361,0.08129,-0.9,-17.8,-27.9
131.8436,6835.2327,-0.6364080797638098,-3.899118665600886,-1.3257171369688603,0.12229,0.30623,0.14359,-0.9,-17.9,-27.9
131.8657,6835.2528,-0.5309163759354966,-3.845211591770463,-1.4280351017881419,0.23897,0.36793,0.22117,-0.8,-18.0,-27.8
131.882,6835.2728,-0.38867888666618156,-3.8192715899497136,-1.4937962050305718,0.19682,0.27874,0.22851,-0.8,-18.0,-27.9
131.9083,6835.2928,-0.250911782942909,-3.820320653086405,-1.5093369422456444,0.01845,0.10464,0.16131,-0.8,-18.1,-27.9
131.9198,6835.3129,-0.15472994550301378,-3.8658229721330026,-1.4857391825007387,-0.25033,-0.09511,0.02264,-0.7,-18.2,-27.9
131.9503,6835.3329,-0.07164766750281572,-3.9478917211980766,-1.4367844713309736,-0.26866,0.07166,-0.05188,-0.7,-18.1,-27.9
131.9801,6835.3529,-0.05926748160020022,-4.054542382824242,-1.383783344345039,-0.15565,0.41008,-0.06776,-0.8,-18.1,-27.9
131.9816,6835.373,-0.12377949495178416,-4.089037315426668,-1.304412235468778,-0.02798,0.3942,-0.03783,-0.6,-18.0,-28.0
131.998,6835.393,-0.18391250346081475,-4.118697377328762,-1.2443911214722547,0.04838,0.21521,0.04647,-0.6,-18.0,-28.0
132.0214,6835.413,-0.21588882135645393,-4.1187633464302635,-1.1916638884276587,0.05143,0.04417,0.10389,-0.5,-18.1,-28.0
132.0457,6835.4331,-0.19361553333432419,-4.117469952484927,-1.148776591094677,0.00623,-0.04624,0.13504,-0.5,-18.1,-28.0
132.0602,6835.4532,-0.1205386165477945,-4.166116558233666,-1.1269137425185534,-0.00904,0.02706,0.14604,-0.5,-18.1,-27.9
132.078,6835.4732,-0.01732529142649915,-4.266620588653468,-1.1191166704785651,0.03861,0.21949,0.19552,-0.4,-18.1,-28.0
132.1008,6835.4933,0.08908721786791783,-4.4062128092006745,-1.1203280993191225,0.11069,0.24881,0.23156,-0.4,-18.1,-28.1
132.1187,6835.5134,0.1972937156079364,-4.556743175863721,-1.1268784067003708,0.21454,0.13641,0.24011,-0.3,-18.1,-28.2
132.1433,6835.5334,0.2790093705594721,-4.678750483225198,-1.1343438365545797,0.19193,-0.07434,0.18636,-0.3,-18.1,-28.2
132.1702,6835.5535,0.3346587064927139,-4.7656457318172745,-1.156773080384875,0.0887,-0.17391,0.11183,-0.3,-18.2,-28.3
132.1872,6835.5735,0.3627001019051646,-4.817993964674245,-1.2065877550947572,0.05082,-0.12138,-0.06654,-0.3,-18.2,-28.3
132.214,6835.5936,0.3295938753181005,-4.827582222366061,-1.2766583491357792,0.1565,0.0967,-0.19299,-0.3,-18.2,-28.3
132.221,6835.6137,0.2767864036783508,-4.721953791778045,-1.3097467159186742,0.21576,0.14924,-0.25774,-0.3,-18.2,-28.3
132.2388,6835.6337,0.18788735893845948,-4.569998973774177,-1.313538195789059,0.13512,-0.0102,-0.21804,-0.3,-18.3,-28.2
132.2861,6835.6538,0.07757993616780896,-4.398738149644349,-1.2689936744174322,0.05693,-0.1623,-0.16978,-0.3,-18.3,-28.3
132.29,6835.6739,0.024715742775643246,-4.20921022993655,-1.1506156080447045,0.07587,-0.2631,-0.18933,-0.3,-18.4,-28.2
132.2984,6835.6939,0.00035442527407535584,-4.08300018692587,-0.9854791233887941,0.15772,-0.27348,-0.19544,-0.3,-18.5,-28.2
132.318,6835.714,-0.013066349086232245,-4.0535457636568095,-0.7914647048936914,0.24019,-0.18002,-0.12763,-0.3,-18.5,-28.2
132.3395,6835.734,-0.009972081396402281,-4.121973925415598,-0.587659867203703,0.2127,-0.15314,0.00187,-0.3,-18.6,-28.2
132.3601,6835.7541,0.0058533798933259095,-4.271037197435445,-0.3988178144196741,0.11985,-0.24416,0.1045,-0.3,-18.7,-28.3
132.3802,6835.7742,0.015908451266165816,-4.473821730591113,-0.2547750658239689,0.02883,-0.224,0.18086,-0.3,-18.8,-28.1
132.3996,6835.7942,-0.003301688616562534,-4.699686269113916,-0.18693692316661092,-0.13427,-0.24538,0.13932,-0.3,-18.9,-28.1
132.4179,6835.8143,-0.0717563446108114,-4.9121011426180825,-0.21892113247572098,-0.20757,-0.23927,0.01653,-0.4,-18.9,-28.0
132.44,6835.8343,-0.18321878010205342,-5.069233383396749,-0.3559774734689185,-0.12511,-0.11588,-0.11847,-0.5,-19.0,-27.9
132.4654,6835.8544,-0.3212952024707417,-5.145457572637309,-0.5860663864594766,0.06243,0.046,-0.17467,-0.5,-19.0,-27.8
132.4824,6835.8745,-0.43778271723416634,-5.1079119286996155,-0.8616917791369705,0.16628,0.09854,-0.11175,-0.6,-19.0,-27.8
132.4982,6835.8945,-0.5002603564098167,-4.9910657687409925,-1.1486248809392183,0.18399,0.06983,-0.0079,-0.6,-19.1,-27.7
132.521,6835.9146,-0.520713304953347,-4.845952038030705,-1.4156631605224437,0.24019,-0.02913,0.04769,-0.6,-19.1,-27.7
132.5386,6835.9346,-0.4833040064898017,-4.733135717593444,-1.6428722883735052,0.28845,-0.05174,0.08373,-0.7,-19.2,-27.7
132.5595,6835.9546,-0.43353990724053104,-4.688615925108935,-1.8206649957096408,0.27196,0.07471,0.07884,-0.7,-19.2,-27.6
132.581,6835.9746,-0.3852839046974042,-4.714899586419832,-1.9456420863435024,0.17911,0.10587,0.01165,-0.8,-19.3,-27.6
132.5985,6835.9947,-0.3521730657208173,-4.775232688517982,-2.01665918980222,0.0887,0.09487,-0.06043,-0.8,-19.4,-27.4
132.6185,6836.0147,-0.3473783947646709,-4.827793018931403,-2.0456476338829033,-0.05608,-0.08228,-0.10197,-0.8,-19.4,-27.1
132.6419,6836.0347,-0.3613990934903497,-4.836163438133427,-2.051609716153603,-0.09945,-0.2069,-0.10564,-0.9,-19.5,-27.1
132.666,6836.0547,-0.3698148498439438,-4.788437725815029,-2.0610775099938072,-0.00232,-0.17269,-0.13496,-0.9,-19.6,-27.0
132.6802,6836.0747,-0.3398257235374318,-4.680621320681777,-2.0876589934274348,0.01784,0.00019,-0.15878,-0.9,-19.6,-27.0
132.703,6836.0946,-0.24659318921905055,-4.539196767930385,-2.1412938447952863,-0.01637,0.1694,-0.13801,-1.0,-19.7,-26.8
132.7206,6836.1146,-0.09337550519523756,-4.366860319060101,-2.1984127629205004,-0.01698,0.10709,-0.07326,-0.9,-19.7,-26.8
132.7456,6836.1346,0.09972475258798102,-4.201506205740293,-2.2442204673709574,0.02822,-0.01386,-0.00729,-0.9,-19.8,-26.7
132.7634,6836.1546,0.31211741108482066,-4.076017198491062,-2.258558999820222,0.0551,-0.1171,0.04036,-0.9,-19.9,-26.8
132.7786,6836.1746,0.5173108228676285,-4.022520523499383,-2.2289220787834694,-0.0066,-0.05601,0.10145,-0.8,-19.9,-26.7
132.7987,6836.1946,0.6942241168935904,-4.044482522368916,-2.143230414911094,-0.13549,0.02584,0.15154,-0.7,-19.9,-26.7
132.8236,6836.2146,0.8250153380324098,-4.136624169648177,-2.0031399477284744,-0.20391,0.11442,0.14176,-0.7,-19.9,-26.8
132.8413,6836.2346,0.871723814132041,-4.2849415402335564,-1.8187750350654897,-0.19291,0.08815,0.08678,-0.7,-19.9,-26.7
132.8665,6836.2546,0.8534732395497333,-4.452909939562339,-1.604595689969793,-0.07257,0.0686,0.03669,-0.6,-19.9,-26.8
132.9068,6836.2746,0.7901324460324167,-4.60793393272232,-1.3806404380524135,-0.04325,-0.02364,0.06113,-0.6,-19.9,-26.8
132.9171,6836.2946,0.6840929680028488,-4.767167631683108,-1.1893964581887015,-0.10556,-0.0554,0.10206,-0.6,-19.8,-26.9
132.9368,6836.3146,0.584972465327492,-4.901798676532213,-1.0439818916714412,-0.07868,0.10709,0.08495,-0.7,-19.8,-27.1
132.9426,6836.3346,0.4988914738866651,-5.008681037065248,-0.955494828111199,0.0496,0.26469,0.0538,-0.7,-19.8,-27.1
132.9657,6836.3546,0.42874587299613437,-5.091454048913654,-0.9250205445109181,0.13085,0.23781,0.06113,-0.7,-19.7,-27.1
132.9852,6836.3746,0.3822243623381108,-5.135455060200121,-0.9291089314624124,0.17544,0.21032,0.03914,-0.7,-19.6,-27.1
133.0034,6836.3946,0.356531110953116,-5.148363359396075,-0.9446690682346262,0.21515,0.19994,-0.01218,-0.7,-19.5,-27.2
133.023,6836.4147,0.33653576262908735,-5.147973971034658,-0.948558680171594,0.22003,0.20177,-0.06227,-0.7,-19.5,-27.2
133.041,6836.4347,0.309639315071108,-5.142186145791836,-0.9154916184480069,0.16322,0.28974,-0.07204,-0.7,-19.5,-27.2
133.0623,6836.4547,0.2512039200972402,-5.146526784575487,-0.8371173463600972,0.08259,0.25247,-0.03111,-0.6,-19.5,-27.0
133.082,6836.4748,0.15055602631594217,-5.157909026669077,-0.7147029759918713,-0.02004,0.13702,0.00493,-0.6,-19.4,-27.1
133.102,6836.4948,0.006688591216122827,-5.181015970280108,-0.5754103939867452,-0.05669,0.08754,0.03608,-0.7,-19.4,-27.0
133.1233,6836.5148,-0.16340184207996053,-5.211260392187164,-0.45709624002460103,-0.10128,0.11747,0.04402,-0.7,-19.4,-27.0
133.1427,6836.5348,-0.3387705554835277,-5.22880272758022,-0.39430169814917804,-0.15443,0.22499,0.05502,-0.7,-19.4,-27.1
133.166,6836.5549,-0.48366107649219775,-5.2047575647432,-0.4082441369335399,-0.15137,0.24209,0.09045,-0.7,-19.4,-27.0
133.1868,6836.5749,-0.5899171478208269,-5.112497068794704,-0.5025743842887227,-0.08173,0.21643,0.17353,-0.6,-19.4,-27.0
133.2032,6836.5949,-0.6429410662480799,-4.958389806255722,-0.6715477073350353,0.01478,0.15474,0.26271,-0.5,-19.4,-26.9
133.2193,6836.615,-0.6378984331611353,-4.767980454590893,-0.8923069726180923,0.11863,0.12908,0.31891,-0.4,-19.3,-26.9
133.2428,6836.635,-0.6088644519289799,-4.572539767750693,-1.1281186413368616,0.27073,0.22193,0.27799,-0.3,-19.3,-26.8
133.264,6836.655,-0.5578072524850339,-4.410705789391027,-1.3397936603348963,0.35748,0.25553,0.28776,-0.3,-19.3,-26.8
133.2851,6836.675,-0.5172461373943443,-4.299329927686103,-1.4929158223232601,0.29212,0.00141,0.28287,-0.2,-19.3,-26.8
133.3025,6836.6951,-0.5001316842437484,-4.2549339391799235,-1.5790721924301394,0.19193,-0.13054,0.22362,-0.2,-19.4,-26.7
133.3199,6836.7151,-0.5265706094714198,-4.270063321548465,-1.6092230774596885,0.09481,-0.1678,0.13077,-0.2,-19.4,-26.7
133.3396,6836.7351,-0.5864262770583003,-4.3237456618964085,-1.611020540670392,-0.01026,-0.07434,-0.00485,-0.2,-19.4,-26.8
133.3685,6836.7552,-0.6479277596452085,-4.394556595232542,-1.622472124537401,-0.07868,0.04173,-0.15939,-0.2,-19.4,-26.9
133.3824,6836.7752,-0.6996601862793324,-4.401300123402091,-1.6452074579173885,-0.02248,0.22132,-0.2162,-0.2,-19.4,-26.8
133.4016,6836.7952,-0.6992783044495436,-4.346877406454547,-1.7013101620831002,0.07404,0.24637,-0.23453,-0.2,-19.4,-26.9
133.4238,6836.8152,-0.6294896081066491,-4.220564495374192,-1.778262215073875,0.07281,0.13274,-0.20765,-0.2,-19.4,-26.8
133.4418,6836.8353,-0.48304410211485194,-4.038851517400799,-1.8543008584083198,0.038,0.02645,-0.17711,-0.2,-19.4,-26.7
133.4665,6836.8553,-0.27512539445310047,-3.8673703023936095,-1.9225532510605978,-0.00171,0.00202,-0.11053,-0.1,-19.4,-26.7
133.4986,6836.8753,-0.03417198926741423,-3.747753175857099,-1.9657773274874808,-0.01393,0.0234,-0.05677,0.0,-19.4,-26.7
133.5173,6836.8954,0.198871778119887,-3.7004556564246047,-1.9687474686152546,-0.00415,0.0686,0.04402,0.0,-19.5,-26.7
133.5218,6836.9154,0.4023589016557711,-3.745257924229869,-1.932825408587492,-0.01026,-0.07312,0.09778,0.0,-19.5,-26.7
133.5476,6836.9354,0.5488285403064525,-3.8290930863913766,-1.8414362645661217,0.01417,-0.18246,0.13565,0.0,-19.5,-26.7
133.562,6836.9554,0.6428078406441867,-3.966541226811661,-1.7244303747816794,0.01906,-0.22339,0.13688,0.0,-19.5,-26.8
133.5795,6836.9754,0.6769357794962717,-4.104579472596135,-1.583678233955414,-0.01637,-0.15375,0.07518,0.0,-19.5,-26.7
133.6018,6836.9954,0.6565255992093105,-4.219668706017089,-1.4321119427262214,-0.07501,-0.08045,-0.00118,0.0,-19.5,-26.7
133.6231,6837.0154,0.5860469317778321,-4.29912496236896,-1.2773592503502602,-0.08296,-0.10488,-0.07876,0.0,-19.4,-26.7
133.64,6837.0354,0.47879331118424495,-4.333645523910774,-1.1167147137566058,-0.0402,-0.15925,-0.1374,0.0,-19.3,-26.7
133.6672,6837.0554,0.37100121209318293,-4.331898949636013,-0.9480279289351827,-0.04264,-0.21423,-0.13435,0.0,-19.3,-26.7
133.6816,6837.0754,0.2798697252791796,-4.325095423780329,-0.775015406885867,-0.09212,-0.30036,-0.06838,0.0,-19.2,-26.7
133.7129,6837.0954,0.24057067251230213,-4.323390067259049,-0.5936330336545446,-0.09517,-0.30952,0.00554,0.0,-19.1,-26.6
133.7235,6837.1154,0.22913169193699345,-4.398339163581325,-0.43289668404140436,-0.02981,-0.1733,-0.0024,-0.1,-19.1,-26.8
133.7482,6837.1354,0.23202667859664927,-4.528847016924813,-0.28675671999840624,0.027,-0.05723,0.00065,-0.1,-19.0,-26.9
133.7596,6837.1554,0.2293470501263174,-4.724227316115799,-0.17223232265320831,0.04594,-0.10794,-0.02317,-0.2,-18.9,-27.0
133.7802,6837.1754,0.18802170057184037,-4.9605123444989765,-0.09813883023188552,-0.01087,-0.11099,-0.06227,-0.3,-18.9,-27.0
133.8035,6837.1954,0.1032756135157023,-5.212969770211883,-0.07878049370029849,-0.1923,-0.15558,-0.13985,-0.4,-18.8,-27.0
133.8222,6837.2154,-0.05078527759806014,-5.443853213381165,-0.12351099023602075,-0.29126,-0.13726,-0.20887,-0.4,-18.7,-27.0
133.8408,6837.2354,-0.2626274242369044,-5.611520342392234,-0.2387543973274049,-0.30531,-0.13054,-0.21193,-0.5,-18.6,-27.1
133.86,6837.2554,-0.5068619943618793,-5.6750395587173506,-0.4247256833496902,-0.15626,-0.25393,-0.23148,-0.5,-18.5,-27.1
133.8884,6837.2754,-0.7462571598949129,-5.611004455598631,-0.6764468258523095,0.07098,-0.33884,-0.23575,-0.5,-18.4,-27.2
133.9078,6837.2954,-0.8985882204538459,-5.423780312187038,-0.9747614229627768,0.27012,-0.31746,-0.24064,-0.7,-18.4,-27.3
133.9202,6837.3153,-0.9097375517919223,-5.144901037812159,-1.2847723244389275,0.31166,-0.23439,-0.24064,-0.7,-18.3,-27.3
133.9481,6837.3353,-0.8553163220721354,-4.837935619233091,-1.5809399631565952,0.27196,-0.0664,-0.18688,-0.7,-18.2,-27.4
133.9636,6837.3553,-0.7016546295655339,-4.528417938064138,-1.7997060983362445,0.18155,-0.0102,-0.12763,-0.7,-18.2,-27.4
133.9833,6837.3753,-0.5470992858158693,-4.272687801339195,-1.9274982421579496,0.11924,-0.14642,-0.10625,-0.8,-18.1,-27.5
134.0016,6837.3953,-0.4277714510852575,-4.096451757641247,-1.9579210557820996,-0.02737,-0.27531,-0.07326,-0.8,-18.1,-27.4
134.022,6837.4153,-0.359985193187728,-4.006370129950584,-1.9072853172933533,-0.16848,-0.32052,-0.00301,-0.7,-18.0,-27.4
134.0384,6837.4353,-0.3453883280449199,-4.005467558083645,-1.816145280754358,-0.22773,-0.33335,0.06785,-0.8,-18.0,-27.5
134.0601,6837.4553,-0.3459089803337939,-4.056882955946675,-1.7180764210351622,-0.19902,-0.24844,0.12221,-0.8,-18.0,-27.5
134.0805,6837.4753,-0.34071724973529743,-4.147569324019637,-1.6589169432682702,-0.05669,-0.12015,0.10572,-0.8,-17.9,-27.6
134.0985,6837.4953,-0.29515703570617013,-4.246418402082793,-1.658815718970029,0.04533,-0.05296,0.07335,-0.9,-17.9,-27.7
134.1183,6837.5153,-0.1911508421176682,-4.3230134205639414,-1.7125812658406012,0.10886,-0.01631,0.09717,-0.9,-17.9,-27.8
134.1418,6837.5353,-0.0353244107894779,-4.361865449652434,-1.796974777923987,0.09053,-0.10427,0.1552,-1.0,-17.9,-27.9
134.162,6837.5553,0.15420046567492424,-4.3799490747199465,-1.8894697372803675,0.07404,-0.18368,0.17719,-1.1,-17.9,-28.0
134.1818,6837.5753,0.3363711609556949,-4.391562736903531,-1.9619062391056055,0.05876,-0.17819,0.11427,-1.2,-17.9,-28.0
134.2016,6837.5953,0.47583668351852376,-4.410987105805769,-1.991684629765273,-0.00415,-0.07556,0.0373,-1.3,-17.9,-28.1
134.2204,6837.6153,0.5507748907633193,-4.4430826056573345,-1.9627857047687876,-0.03287,0.00202,-0.04333,-1.4,-17.9,-28.1
134.2394,6837.6353,0.5565432635258514,-4.486465201318179,-1.8693823213013134,-0.03348,0.09182,-0.0922,-1.5,-18.0,-28.2
134.2728,6837.6553,0.5162110487397772,-4.556962856647704,-1.728903999089086,-0.08601,0.09609,-0.11297,-1.6,-17.9,-28.3
134.2801,6837.6753,0.41138415500563236,-4.616584772912332,-1.5356134780423023,-0.10373,0.10831,-0.07754,-1.7,-17.9,-28.3
134.298,6837.6953,0.2971347642044531,-4.709379384184,-1.3412028444709012,-0.01882,0.12297,-0.0079,-1.7,-17.9,-28.4
134.3247,6837.7152,0.1849062340890264,-4.833909281695113,-1.1704619485313437,0.10153,0.22132,0.06601,-1.8,-17.9,-28.5
134.3402,6837.7352,0.1138553892923968,-4.980147960173444,-1.0396795064515523,0.18216,0.26897,0.11916,-1.8,-17.9,-28.4
134.3588,6837.7552,0.09020495179042241,-5.144890113175015,-0.9584732280725792,0.18705,0.20422,0.11305,-1.8,-17.9,-28.5
134.3836,6837.7752,0.1137504078273838,-5.319607037640293,-0.9222595099515498,0.20171,0.1358,0.02875,-1.7,-17.8,-28.3
134.4038,6837.7952,0.19902247618329802,-5.482230166358358,-0.9092529703418357,0.24325,0.20055,-0.01156,-1.7,-17.9,-28.4
134.422,6837.8152,0.31406881739885933,-5.617565279777601,-0.8971861786151134,0.20659,0.31295,-0.00607,-1.7,-17.9,-28.4
134.444,6837.8352,0.4096594039544969,-5.720919417166122,-0.8731095229172592,0.12718,0.23904,0.00982,-1.6,-17.9,-28.3
134.4694,6837.8552,0.44591638792446725,-5.784856966747739,-0.8329562904799914,0.13268,0.10831,-0.01645,-1.5,-18.0,-28.2
134.4916,6837.8752,0.41304565120514625,-5.796069476786335,-0.7841715301732908,0.16506,0.11381,-0.08976,-1.3,-18.1,-28.1
134.5152,6837.8952,0.31416592622998507,-5.749279701198051,-0.7503548499454009,0.00257,0.03562,-0.11847,-1.1,-18.1,-28.1
134.5258,6837.9152,0.14282334243174988,-5.619945110319478,-0.7440837095130934,-0.21857,0.10281,-0.11847,-1.1,-18.2,-28.2
134.5477,6837.9352,-0.03547552273422383,-5.431961498801168,-0.8002930655081251,-0.29554,0.09609,-0.11724,-0.9,-18.2,-28.1
134.5646,6837.9552,-0.2386498992485385,-5.1730815797629,-0.9112383640558228,-0.16909,0.17856,-0.12519,-0.8,-18.2,-28.2
134.5835,6837.9752,-0.4202939002597307,-4.872069801598947,-1.0707825019004389,0.01967,0.33128,-0.10808,-0.7,-18.3,-28.3
134.6051,6837.9952,-0.5586502803353068,-4.557960546510778,-1.2492060514473433,0.14001,0.3551,-0.00301,-0.5,-18.3,-28.4
134.6262,6838.0152,-0.6394897941800413,-4.2690338823602465,-1.4088418479688567,0.19254,0.16634,0.1326,-0.4,-18.3,-28.3
134.6449,6838.0352,-0.6703029786731799,-4.0622515719527295,-1.525902361443773,0.17544,-0.03952,0.21751,-0.3,-18.4,-28.6
134.666,6838.0552,-0.6893368204219125,-3.972456687022167,-1.5874868778277875,0.11374,-0.00103,0.22667,-0.2,-18.4,-28.6
134.6892,6838.0752,-0.7198763758030198,-4.000753489008413,-1.594133128359422,0.06732,-0.04196,0.16925,-0.1,-18.5,-28.7
134.7068,6838.0952,-0.7716381160740621,-4.127870131979334,-1.5676761799911159,-0.07013,-0.22828,0.1045,0.0,-18.6,-28.8
134.731,6838.1152,-0.8295740614768465,-4.281917084403976,-1.524722928938921,-0.20757,-0.2802,0.03058,0.0,-18.6,-28.7
134.7508,6838.1351,-0.8848926756484512,-4.421352984239987,-1.503057725088274,-0.17581,-0.02547,-0.08059,0.0,-18.6,-28.9
134.7829,6838.1551,-0.8878163377149343,-4.516842710168752,-1.528293782300631,-0.11961,0.19261,-0.22231,0.1,-18.6,-29.0
134.7883,6838.1751,-0.8828860565405151,-4.4581216042914695,-1.5609052329590387,-0.10861,0.23232,-0.22903,0.1,-18.5,-29.0
134.8052,6838.1951,-0.8096329904066994,-4.3364875541568715,-1.6262095002957757,-0.07807,0.10281,-0.18505,0.2,-18.4,-29.0
134.821,6838.2151,-0.687260665402188,-4.165213812098955,-1.6928600912908465,-0.05119,0.0179,-0.1429,0.3,-18.4,-29.1
134.8451,6838.2351,-0.5204946567781976,-4.010326894450628,-1.7497178394244273,-0.03775,-0.03097,-0.07937,0.4,-18.4,-29.3
134.8659,6838.2551,-0.33483523861128506,-3.920219976120915,-1.7861157928396043,-0.08784,0.01607,0.0373,0.4,-18.4,-29.2
134.8872,6838.2751,-0.1500551382687635,-3.921561570801636,-1.7966134928362862,-0.12266,0.11198,0.16253,0.5,-18.3,-29.2
134.9166,6838.2951,0.012842568058325088,-4.000595337472004,-1.7746219057758612,0.01661,0.06555,0.20407,0.6,-18.3,-29.2
134.9253,6838.3151,0.14937136539460305,-4.151888916953857,-1.7330391468373136,0.08076,0.10526,0.17108,0.6,-18.3,-29.3
134.9393,6838.3351,0.23922938600620006,-4.313660552707139,-1.6640693503931256,0.04471,-0.05907,0.0709,0.7,-18.3,-29.2
134.9599,6838.3551,0.27023690599343747,-4.45614383761679,-1.5735605224535973,-0.00354,-0.27348,-0.05371,0.7,-18.3,-29.2
134.9818,6838.3751,0.23449149544174502,-4.569921783394212,-1.4690552784627773,-0.02553,-0.20201,-0.12152,0.7,-18.3,-29.3
134.9997,6838.3951,0.1300579033705827,-4.644795761024474,-1.3459984640009406,-0.01087,0.04783,-0.12763,0.7,-18.2,-29.3
135.0198,6838.4151,-0.023697961438503792,-4.679732976571317,-1.1970077629702232,0.00867,0.09365,-0.08243,0.8,-18.2,-29.4
135.0422,6838.4351,-0.18707490971452248,-4.670767030937491,-1.0123830928754707,-0.05547,0.03378,-0.04089,0.9,-18.1,-29.4
135.0648,6838.4551,-0.31991064725313606,-4.625091546905723,-0.7952207994417204,-0.1697,-0.17208,-0.03172,0.9,-18.2,-29.5
135.0828,6838.4751,-0.4083742874492955,-4.571880572167107,-0.5711640586056017,-0.0683,-0.23622,-0.07632,1.0,-18.1,-29.6
135.1067,6838.4951,-0.45683558885411313,-4.540055312247568,-0.37334386604016245,0.0887,-0.0719,-0.1203,1.0,-18.2,-29.7
135.1187,6838.5151,-0.4470692967611721,-4.532819426571956,-0.22171062075082837,0.29212,-0.02303,-0.14962,1.0,-18.2,-29.7
135.1419,6838.5351,-0.4602867276261331,-4.572078658793226,-0.14548576927128565,0.54013,0.03501,-0.03539,0.9,-18.2,-29.8
135.1656,6838.555,-0.4325339705210192,-4.635074461889988,-0.14027721880508714,0.23714,-0.20018,0.04769,0.9,-18.3,-29.8
135.1822,6838.575,-0.3680381432517036,-4.74561564502404,-0.22297316324609717,-0.2595,-0.53982,0.03853,0.9,-18.4,-29.7
135.2065,6838.595,-0.2719338264290164,-4.866314493489536,-0.37770483455858184,-0.62296,-0.64611,0.04158,0.9,-18.4,-29.7
135.2235,6838.615,-0.289209444767434,-5.038905001280992,-0.6302108795906882,-0.7488,-0.42803,0.03425,0.8,-18.4,-29.6
135.2417,6838.635,-0.38836456009541903,-5.199207515229062,-0.9447761397470256,-0.38228,-0.27715,0.08312,0.7,-18.4,-29.6
135.2644,6838.655,-0.5465375424548053,-5.308785796614075,-1.2904005944593866,0.17849,-0.3364,0.01776,0.7,-18.4,-29.6
135.2818,6838.675,-0.6608504141909172,-5.361410417111358,-1.6314793575215223,0.41734,-0.34251,-0.05249,0.6,-18.3,-29.7
135.3018,6838.695,-0.6826812003859072,-5.354527349771539,-1.915527345365005,0.24325,-0.09999,-0.17894,0.6,-18.4,-29.7
135.3267,6838.715,-0.5984732172340527,-5.309305309938518,-2.104268048612762,-0.15504,-0.12993,-0.01706,0.4,-18.4,-29.7
135.3418,6838.735,-0.49783112457084666,-5.243158692222264,-2.1847398211926325,-0.389,0.10403,0.00493,0.3,-18.4,-29.8
135.368,6838.755,-0.40949512516347913,-5.173147124396621,-2.1691217992980523,-0.27538,-0.16475,-0.19605,0.2,-18.4,-29.7
135.3809,6838.775,-0.41903293571180683,-5.091175196781258,-2.0837277149530644,-0.1306,-0.37,-0.34265,0.1,-18.4,-29.6
135.4113,6838.795,-0.4608645971681414,-5.016150881272113,-1.980305639865124,-0.1306,-0.23744,-0.38297,0.0,-18.4,-29.6
135.4253,6838.815,-0.508993446693427,-4.903712879142025,-1.8704795881922038,-0.10189,-0.07006,-0.31578,0.0,-18.3,-29.7
135.4499,6838.835,-0.5175135365638994,-4.794473139624463,-1.803639508009823,-0.07624,-0.0945,-0.31822,0.0,-18.3,-29.7
135.4685,6838.855,-0.48011968749032985,-4.668087408427071,-1.7729464029400912,-0.0347,-0.12626,-0.28035,-0.1,-18.2,-29.7
135.4923,6838.875,-0.39732599301851496,-4.549713097087658,-1.7818448984429054,0.03005,-0.10366,-0.18016,-0.2,-18.1,-29.9
135.5054,6838.895,-0.27328505014027815,-4.453148611249235,-1.8160185480545525,0.09175,-0.21606,-0.05799,-0.2,-18.0,-29.9
135.5209,6838.915,-0.1326858980679339,-4.3917647129361175,-1.8588976610175365,0.1394,-0.32235,0.04097,-0.3,-18.1,-30.0
135.5427,6838.935,-0.004294078295745601,-4.366337770493642,-1.8900292956420364,0.15345,-0.25332,0.02387,-0.3,-18.0,-30.1
135.5594,6838.9549,0.11706912227031976,-4.390029925831993,-1.9026439179262375,0.2182,-0.19346,-0.04883,-0.4,-18.1,-30.2
135.5863,6838.9749,0.2018059133354181,-4.450277470116115,-1.8831294148961701,0.12229,-0.06395,-0.13313,-0.4,-18.1,-30.2
135.5999,6838.9949,0.25581397260161,-4.514283615844317,-1.8121077545386557,-0.07868,0.15107,-0.12091,-0.4,-18.1,-30.2
135.6256,6839.0149,0.26554667817555644,-4.596138090268746,-1.7006792947905396,-0.04264,-0.01631,-0.12457,-0.4,-18.1,-30.2
135.6411,6839.0349,0.23171611894854968,-4.682237783892891,-1.5504694515192803,0.0887,-0.13359,-0.08426,-0.4,-18.1,-30.2
135.6629,6839.0549,0.16748870870674623,-4.7914082488814005,-1.3885104970682765,0.06243,-0.02119,0.03914,-0.4,-18.0,-30.3
135.6811,6839.0749,0.09930030274446192,-4.9289199600565725,-1.2395065706865296,0.14184,0.12053,0.07823,-0.4,-18.1,-30.4
135.7004,6839.0949,0.040296292726585414,-5.081001533934337,-1.1182865643637623,0.24141,0.13091,0.0593,-0.4,-18.2,-30.4
135.719,6839.1149,0.010363009532502576,-5.221872918370045,-1.0290983530389912,0.31044,0.0179,0.01776,-0.5,-18.3,-30.4
135.7387,6839.1349,0.018619307795254735,-5.326208291855577,-0.9680286725089751,0.32816,0.0063,-0.03478,-0.5,-18.3,-30.4
135.7632,6839.1549,0.06269559381959577,-5.383795313526913,-0.9291748538818538,0.24569,0.13519,-0.07082,-0.5,-18.4,-30.4
135.7789,6839.1749,0.16064662113354342,-5.371301626568659,-0.8879784770402814,0.17666,0.30867,-0.11236,-0.5,-18.5,-30.3
135.8096,6839.1949,0.22792682686476187,-5.34071600685992,-0.8562105244524467,0.23286,0.2989,-0.10014,-0.5,-18.6,-30.3
135.833,6839.2149,0.2597258748110671,-5.260081072705967,-0.7950999055228554,0.22248,0.34777,-0.00607,-0.4,-18.7,-30.2
135.8467,6839.2349,0.2390109180546193,-5.154590349604821,-0.708478228418775,0.25485,0.4449,0.12893,-0.4,-18.8,-30.1
135.8648,6839.2549,0.12407241978448011,-5.058940109173166,-0.6171767892627606,0.21087,0.47972,0.25355,-0.3,-18.9,-30.1
135.8947,6839.2749,-0.04848549363452353,-4.967260128687379,-0.5327700650633194,-0.04569,0.43085,0.34457,-0.3,-19.0,-30.1
135.903,6839.2949,-0.32297426557643505,-4.904551681012508,-0.49196684355802844,-0.36334,0.41313,0.33174,-0.2,-19.1,-30.1
135.9204,6839.3149,-0.6096441070048321,-4.835744445187007,-0.501360842483356,-0.46658,0.52309,0.19552,-0.2,-19.2,-30.1
135.9407,6839.3349,-0.9126823750866141,-4.746634740194717,-0.5774339571110794,-0.1361,0.69413,0.07212,-0.1,-19.3,-30.2
135.9669,6839.3548,-1.2093071997163862,-4.6202640553693906,-0.7238243370795185,0.16872,0.68008,0.0092,0.0,-19.3,-30.2
135.9811,6839.3748,-1.4102445444904521,-4.386435916514219,-0.8864565048189377,0.31533,0.5573,0.11611,0.0,-19.3,-30.2
136.0015,6839.3948,-1.5210445282419829,-4.119551688847755,-1.072024421852248,0.47599,0.38503,0.28287,0.2,-19.4,-30.2
136.0187,6839.4148,-1.4977840452985345,-3.865511558077717,-1.248334998103335,0.42773,0.33983,0.4362,0.4,-19.4,-30.1
136.0412,6839.4348,-1.4076200422356335,-3.67158947718006,-1.4018331567759539,0.31166,0.31784,0.51439,0.6,-19.5,-30.1
136.0626,6839.4548,-1.2743696662638,-3.578639984770611,-1.520931930578989,0.20171,0.19994,0.45758,0.7,-19.6,-30.0
136.0803,6839.4748,-1.1536665771179457,-3.584969840073594,-1.6006110282774664,-0.0182,0.14557,0.30975,0.9,-19.7,-30.1
136.1027,6839.4948,-1.0886254982816057,-3.6473929132671445,-1.634768133523007,-0.0964,0.20605,0.23217,1.0,-19.8,-30.1
136.1262,6839.5148,-1.0871551883921975,-3.731809175085399,-1.6291797091997022,-0.06096,0.30257,0.18269,1.1,-19.8,-30.1
136.142,6839.5348,-1.1419513433525634,-3.7992873754857857,-1.5910609483984839,-0.08479,0.39297,0.17658,1.2,-19.9,-30.1
136.1711,6839.5548,-1.20112162047604,-3.849067416577123,-1.5380057730649561,-0.15015,0.43024,0.12588,1.4,-20.0,-30.1
136.1814,6839.5748,-1.2711857334156498,-3.838304323699894,-1.4710386381147114,-0.18069,0.58784,0.15276,1.5,-20.0,-30.0
136.2031,6839.5948,-1.3020320346432677,-3.8114564318942046,-1.4157756344498154,0.02639,0.462,0.24866,1.7,-20.1,-30.0
136.2205,6839.6148,-1.2921542844346718,-3.770451636525273,-1.3755831776538692,0.14551,0.45528,0.37267,1.8,-20.2,-29.9
136.2407,6839.6348,-1.2521198934017654,-3.736544282122087,-1.3540238531285596,0.173,0.43146,0.43192,1.9,-20.2,-29.7
136.2592,6839.6548,-1.1845690853142499,-3.7251685063399673,-1.3420219922103236,0.22553,0.46933,0.40321,2.0,-20.3,-29.5
136.2784,6839.6748,-1.1075804017255753,-3.741958132728641,-1.3252734041928207,0.54013,0.11869,0.245,2.1,-20.4,-29.3
136.3002,6839.6948,-1.031239339447895,-3.7847603575456756,-1.2889978750331519,0.24569,0.2201,0.34885,2.1,-20.5,-29.2
136.3181,6839.7148,-0.958695173523585,-3.8456302890275946,-1.2248410488762698,-0.05241,0.48888,0.3464,2.2,-20.7,-29.3
136.3412,6839.7348,-0.9213732206647228,-3.901132896078382,-1.1320845868844813,-0.23262,0.49254,0.34029,2.2,-20.8,-29.2
136.36,6839.7547,-0.9466105802539456,-3.9361968616396923,-1.022531579851357,-0.21124,0.42413,0.3971,2.3,-20.8,-29.2
136.3877,6839.7747,-1.0131558016749218,-3.915279653033296,-0.8996450058649668,0.10458,0.17978,0.39955,2.3,-20.9,-29.1
136.4399,6839.7947,-1.0850633969550072,-3.809396703929054,-0.7681924978212304,0.07281,0.13336,0.50095,2.4,-20.9,-29.0
136.4436,6839.8147,-1.083555129015013,-3.774768245342972,-0.6958781294734031,-0.21612,0.62205,0.54921,2.4,-21.0,-29.0
136.4451,6839.8347,-1.0321419252015975,-3.7150558757079355,-0.6397669601182852,-0.03714,0.81936,0.4698,2.5,-21.0,-28.9
136.4594,6839.8547,-0.9838821578880178,-3.6453017483937176,-0.5941651795218963,0.25302,0.6697,0.48446,2.6,-21.1,-28.7
136.4806,6839.8747,-0.9781045848894944,-3.570180658020911,-0.5398108556849266,0.27073,0.50843,0.63412,2.6,-21.1,-28.7
136.4984,6839.8947,-0.9990390577213188,-3.531122200045554,-0.46944185524716175,0.03128,0.41741,0.70803,2.6,-21.2,-28.6
136.5203,6839.9147,-1.0717070973942224,-3.553441907505214,-0.38609593126842157,-0.31875,0.60311,0.72392,2.6,-21.3,-28.6
136.5402,6839.9347,-1.2173819792311873,-3.6885447284191533,-0.3204622877453236,-0.34685,0.74422,0.64145,2.7,-21.4,-28.6
136.5626,6839.9547,-1.4410272067240735,-3.9179553486008754,-0.29649570644865975,-0.13977,0.86334,0.64634,2.7,-21.4,-28.6
136.5783,6839.9747,-1.7118290376041916,-4.198322785500573,-0.3402208532971702,0.04838,0.77354,0.72392,2.8,-21.5,-28.6
136.6024,6839.9947,-1.977690730802508,-4.448412062469883,-0.4588323034764823,0.14734,0.72895,0.79356,2.9,-21.4,-28.6
136.6245,6840.0147,-2.1454171763136483,-4.632563701130296,-0.6527700778927716,0.20293,0.77904,0.88152,2.9,-21.4,-28.5
136.6408,6840.0347,-2.164622448824227,-4.732254929645093,-0.9094916548813501,0.26035,0.80714,0.86442,3.0,-21.4,-28.4
136.6619,6840.0547,-2.0758787584080833,-4.746314422353248,-1.2149670438875617,0.35015,1.13334,0.70559,3.1,-21.5,-28.3
136.6779,6840.0747,-1.9137015702551974,-4.652404557776652,-1.5120081301537098,0.40268,1.29644,0.54127,3.2,-21.6,-28.1
136.7029,6840.0947,-1.760403389996082,-4.520532229158402,-1.7874962070800517,0.45155,1.27323,0.46858,3.3,-21.7,-28.1
136.7202,6840.1147,-1.6593158115063433,-4.308038447114546,-1.9580977114492395,0.31777,1.26773,0.54738,3.5,-21.8,-27.8
136.7383,6840.1347,-1.6445686843245264,-4.107751417418242,-2.0373349805845278,0.11924,1.24452,0.70009,3.8,-22.0,-27.7
136.7602,6840.1547,-1.712766693782257,-3.975926501964762,-2.0406986299968546,-0.10067,1.32882,0.84853,3.9,-22.2,-27.6
136.78,6840.1747,-1.8436403703109767,-3.9432334805949543,-1.9951398247886694,-0.12511,1.42656,0.84426,4.1,-22.4,-27.5
136.7984,6840.1946,-1.9968764548967595,-4.004296398900709,-1.925182695450978,-0.05486,1.55362,0.79478,4.3,-22.5,-27.4
136.8186,6840.2146,-2.1241199887349174,-4.125228097526341,-1.8466093773462884,-0.07501,1.59577,0.79356,4.6,-22.7,-27.2
136.8404,6840.2346,-2.195207741733675,-4.2574302173173715,-1.7662023053009648,-0.12205,1.5524,0.89129,4.8,-22.8,-27.1
136.8698,6840.2546,-2.1901854787297164,-4.375870042789248,-1.690424248399891,-0.10678,1.4742,1.01408,5.1,-23.0,-27.0
136.9083,6840.2746,-2.1197635469890472,-4.469331391180677,-1.6235825646660444,-0.03897,1.48764,1.13381,5.3,-23.2,-26.9
136.9148,6840.2946,-1.9813251653336619,-4.530329945634948,-1.5536697231692198,0.038,1.45954,1.15091,5.6,-23.4,-26.6
136.9254,6840.3146,-1.7934753899170799,-4.601889081826998,-1.4944834497566628,0.03128,1.44855,1.12342,5.9,-23.6,-26.5
136.9496,6840.3346,-1.5769685617492188,-4.701976343098252,-1.4465913062007605,0.0044,1.44427,1.09349,6.2,-23.8,-26.3
136.9651,6840.3546,-1.3599486392591273,-4.831945058597828,-1.4073522692372968,0.00379,1.52124,1.02874,6.5,-24.0,-26.1
136.9807,6840.3746,-1.1613595968747605,-5.002854166181315,-1.3839110623312774,-0.06096,1.68679,0.99331,6.8,-24.1,-25.9
136.9993,6840.3946,-0.9813459962916077,-5.209755458987733,-1.3779806408634823,-0.08968,1.67151,0.97376,7.1,-24.3,-25.6
137.0231,6840.4146,-0.8027753807294765,-5.434904269175498,-1.3877466137713004,-0.03836,1.57988,0.94322,7.3,-24.3,-25.6
137.0379,6840.4346,-0.6560641825865077,-5.666356854197083,-1.4246956892647802,-0.01637,1.51086,0.9084,7.5,-24.4,-25.4
137.0621,6840.4546,-0.4566835597287548,-5.864392833954774,-1.4753950260629356,-0.04753,1.45344,0.89007,7.8,-24.6,-25.2
137.0836,6840.4746,-0.23097606467330162,-6.007376800499093,-1.5472429663711758,0.10397,1.45466,0.87847,8.1,-24.7,-24.9
137.0985,6840.4946,0.013832342989994943,-6.066466623661991,-1.6324719942424242,0.24813,1.3166,0.89313,8.4,-24.9,-24.6
137.1265,6840.5146,0.31219313572059776,-6.024309262529126,-1.7196602050748915,0.25058,1.24452,0.87297,8.7,-25.1,-24.3
137.1453,6840.5346,0.5935274760694168,-5.877534689320271,-1.7919953909796593,0.24997,1.20359,0.79783,8.9,-25.3,-24.0
137.1677,6840.5546,0.8532794359558505,-5.651653866363076,-1.8411135163008172,0.23714,1.11868,0.66955,9.2,-25.5,-23.6
137.1784,6840.5746,1.0328456307384317,-5.392615442219755,-1.8585734743308047,0.18338,1.02278,0.57364,9.4,-25.6,-23.2
137.2001,6840.5945,1.160123812194679,-5.127429476013186,-1.8280262825959488,0.16444,0.93542,0.54738,9.5,-25.8,-22.8
137.2231,6840.6145,1.210406451975558,-4.88963643272781,-1.735653464335991,0.17422,0.91587,0.51744,9.7,-26.1,-22.5
137.2487,6840.6345,1.1953191538234949,-4.697962148099094,-1.5739923856886389,0.04716,0.86395,0.50217,9.9,-26.3,-22.1
137.272,6840.6545,1.1349980047312402,-4.577069165683744,-1.3566016234546563,-0.00477,0.72895,0.50706,10.0,-26.5,-21.8
137.2801,6840.6745,1.0576065765995208,-4.550361500775481,-1.114006615768023,0.06732,0.69352,0.53638,10.1,-26.8,-21.4
137.301,6840.6945,0.9714163954459826,-4.579320507156679,-0.8576674836085765,0.17849,0.84929,0.51439,10.2,-27.0,-21.1
137.3215,6840.7145,0.8670505799365333,-4.658586845313403,-0.6266582270353407,0.12291,0.89938,0.45269,10.3,-27.3,-20.7
137.3447,6840.7345,0.7257868556467597,-4.757461085544152,-0.4491985493981314,-0.0402,0.75949,0.39527,10.4,-27.5,-20.5
137.3672,6840.7545,0.5313170871832618,-4.866142837427518,-0.35756409450756266,-0.23689,0.50904,0.24256,10.5,-27.7,-20.2
137.3879,6840.7745,0.28563585258042784,-4.991041508078446,-0.3780292486692485,-0.29248,0.473,0.11611,10.5,-27.8,-19.9
137.4012,6840.7945,-0.011949699392656877,-5.144351807109681,-0.5210678248133611,-0.18986,0.57135,0.0428,10.6,-27.9,-19.6
137.4384,6840.8145,-0.25239010098837866,-5.275278044590432,-0.7428918681322862,0.0551,0.59334,0.0709,10.6,-28.0,-19.3
137.4467,6840.8345,-0.5432735928354521,-5.387634427992772,-1.0186316535364703,0.12168,0.37587,0.18697,10.7,-28.1,-19.1
137.4661,6840.8545,-0.778642790668979,-5.469744004689396,-1.3074477921889525,0.15101,0.20116,0.31525,10.8,-28.2,-19.0
137.4852,6840.8745,-0.9360673194544653,-5.511172321636842,-1.571008303256205,0.20232,0.0405,0.46186,10.8,-28.3,-18.9
137.5012,6840.8945,-0.9756450891806084,-5.509333055949455,-1.7806828914686221,0.308,-0.09144,0.51134,10.8,-28.5,-18.8
137.5211,6840.9145,-0.9204973900017177,-5.477711661511259,-1.938633625717416,0.32388,0.02768,0.39283,10.8,-28.6,-18.7
137.5424,6840.9345,-0.7872889105609646,-5.397759105540519,-2.0385634828173886,0.20293,0.29462,0.21812,10.8,-28.7,-18.5
137.5779,6840.9545,-0.5999650577260207,-5.264656924624844,-2.093279661644659,0.06121,0.54813,0.09839,10.8,-28.7,-18.5
137.5858,6840.9745,-0.5346113232414046,-5.078770062812965,-2.1270099446092594,0.00745,0.66298,0.07335,10.8,-28.8,-18.4
137.6103,6840.9945,-0.49129727624002667,-4.862661167447143,-2.1452002979909057,0.03616,0.56585,0.07457,10.8,-28.9,-18.1
137.621,6841.0144,-0.5423633477112464,-4.640239346221344,-2.155917003150404,0.08198,0.47849,0.12283,10.8,-28.9,-18.0
137.638,6841.0344,-0.60458975531404,-4.428664621742422,-2.1459634618208616,0.13024,0.37587,0.18513,10.8,-29.0,-17.8
137.6633,6841.0544,-0.6473986217740643,-4.243198793601104,-2.1041644132481006,0.15223,0.35754,0.23584,10.8,-29.1,-17.7
137.689,6841.0744,-0.6456563636826894,-4.081706346696832,-2.0157140666269084,0.11374,0.28974,0.28043,10.8,-29.2,-17.6
137.7027,6841.0944,-0.5790960348566069,-3.9519722373191253,-1.8810551167907947,0.03372,0.22376,0.28226,10.8,-29.3,-17.4
137.7195,6841.1144,-0.4704992498334024,-3.87770736102776,-1.7210939392260745,0.01234,0.29585,0.24683,10.8,-29.4,-17.3
137.7396,6841.1344,-0.34766963172587956,-3.871939795915587,-1.5579213592478798,0.08564,0.29279,0.18452,10.7,-29.6,-17.2
137.7613,6841.1544,-0.24059409472923016,-3.9376282720590523,-1.4121752732495878,0.11863,0.17734,0.10267,10.6,-29.7,-17.0
137.778,6841.1744,-0.1787318036934653,-4.059681888767251,-1.2946905036751044,0.08931,0.12419,0.0092,10.6,-29.9,-16.9
137.7995,6841.1944,-0.16856382231150235,-4.221796053560093,-1.210040794356983,0.05143,0.14924,-0.08181,10.5,-29.9,-16.7
137.8258,6841.2144,-0.212221888768088,-4.393024149047261,-1.1494893395427255,0.016,0.1248,-0.09342,10.5,-30.0,-16.6
137.8449,6841.2344,-0.3202818021373117,-4.538414444065596,-1.0974588144739457,0.01112,0.02279,-0.07632,10.6,-30.1,-16.6
137.8675,6841.2544,-0.46740598658898486,-4.6220138468329655,-1.0328771039763716,0.05082,-0.14764,-0.02928,10.6,-30.2,-16.4
137.9061,6841.2744,-0.6463509722949775,-4.628354098511149,-0.9405454072289476,0.03311,-0.21301,0.02936,10.7,-30.2,-16.2
137.9162,6841.2944,-0.7534058295267951,-4.538604771988712,-0.7886161216399259,0.05632,-0.19101,0.08678,10.7,-30.3,-16.2
137.93,6841.3144,-0.8041273331510727,-4.419525838962356,-0.5920140769050342,0.10214,-0.11527,0.10267,10.7,-30.4,-16.1
137.9561,6841.3344,-0.7896776811254272,-4.34826122054,-0.3714350775414381,0.05327,0.03134,0.13199,10.7,-30.5,-15.9
137.9707,6841.3544,-0.6933233130466997,-4.374207506087888,-0.1471536309466117,-0.10189,0.12908,0.14298,10.6,-30.6,-15.7
137.9871,6841.3744,-0.5432704579113132,-4.540850174386833,0.04072992999058833,-0.39511,0.0686,0.13382,10.6,-30.6,-15.7
137.9995,6841.3944,-0.3475567341848892,-4.890813048498497,0.13654351978414248,-0.81661,-0.09938,0.02264,10.5,-30.6,-15.7
138.0189,6841.4143,-0.140700725715361,-5.312066943099624,0.1432971622597421,-0.99376,-0.18735,-0.14962,10.4,-30.7,-15.7
138.0403,6841.4343,0.08183807289970414,-5.7888929464213295,0.008832168495757742,-0.76224,-0.03585,-0.33227,10.5,-30.6,-15.8
138.064,6841.4543,0.30501378366681803,-6.23506651580491,-0.28690032383651776,-0.34196,0.13763,-0.45444,10.5,-30.5,-15.8
138.0798,6841.4743,0.43688561968611644,-6.553124949906417,-0.7267591268334161,0.05571,0.23781,-0.45444,10.5,-30.4,-15.8
138.1066,6841.4943,0.5282792766745315,-6.645209469488328,-1.2369202522303997,0.19438,0.10159,-0.32921,10.5,-30.3,-15.8
138.1243,6841.5143,0.5040125305214075,-6.475812420223891,-1.7140196283543858,0.22309,-0.06151,-0.17772,10.6,-30.3,-15.9
138.1423,6841.5343,0.43543058657050543,-6.116757885382308,-2.108131458748937,0.33488,-0.14398,-0.06104,10.6,-30.3,-16.0
138.1641,6841.5543,0.35462961612507804,-5.671250933520204,-2.3913526811851424,0.37886,-0.15742,0.00187,10.5,-30.2,-16.1
138.1786,6841.5743,0.2895651644533957,-5.200304545876047,-2.5313342624525363,0.3251,-0.19162,0.02325,10.5,-30.1,-16.2
138.1979,6841.5943,0.228705735305645,-4.800705708954474,-2.565291404687744,0.19254,-0.23011,0.01776,10.5,-30.0,-16.3
138.2213,6841.6143,0.16956241018470028,-4.495600852929224,-2.518152662086724,0.0832,-0.14459,0.01592,10.5,-29.9,-16.4
138.2408,6841.6343,0.1095168691335511,-4.281650437668741,-2.425123565036855,0.02089,-0.10183,-0.06349,10.6,-29.9,-16.5
138.2645,6841.6543,0.03952600311365972,-4.145176735246654,-2.322833737536074,-0.01637,-0.07006,-0.04822,10.6,-29.9,-16.7
138.3157,6841.6743,-0.06260820780860259,-4.072850749272899,-2.2405556214218123,0.03494,-0.15925,0.03364,10.7,-29.8,-16.7
138.3194,6841.6943,-0.11964597518611743,-3.9868982970034375,-2.1564123542644227,0.11191,-0.1959,0.08434,10.7,-29.8,-16.8
138.32,6841.7143,-0.15381373062327824,-3.892977348751048,-2.0751773651920544,0.1168,-0.1507,0.10633,10.7,-29.8,-16.8
138.3391,6841.7343,-0.18830906930808905,-3.8116265316088738,-1.9936651098112854,0.05938,-0.15375,0.1045,10.7,-29.9,-16.7
138.3578,6841.7543,-0.1935185899128511,-3.7419711873026458,-1.889989882891462,-0.04936,-0.03585,0.05258,10.6,-29.9,-16.7
138.3793,6841.7743,-0.1814004558978904,-3.712309540632802,-1.7606232726855744,-0.10373,0.01485,-0.02073,10.7,-30.0,-16.8
138.4006,6841.7943,-0.16519349759469906,-3.749687888663011,-1.6114912413944147,-0.07379,-0.08595,-0.03478,10.6,-30.1,-16.9
138.4186,6841.8142,-0.15016343571175164,-3.8619031353030486,-1.4532667513030368,-0.0347,-0.1678,-0.02806,10.5,-30.2,-16.9
138.4378,6841.8342,-0.1331395417884325,-4.03111586018507,-1.2977836494374966,0.01112,-0.07984,-0.0415,10.5,-30.3,-16.8
138.4629,6841.8542,-0.10295851736003335,-4.232345736407614,-1.1610164800652836,0.11619,0.09731,-0.03478,10.4,-30.3,-16.7
138.48,6841.8742,-0.0753664048349096,-4.417082655769423,-1.0468280034900133,0.20415,0.19689,-0.04394,10.4,-30.4,-16.7
138.5047,6841.8942,-0.046159133527130386,-4.579506643041091,-0.9703608703356466,0.27929,0.16573,-0.06532,10.3,-30.5,-16.7
138.5214,6841.9142,-0.05854030498768517,-4.66973192663726,-0.909099053535023,0.31411,0.1077,-0.03295,10.3,-30.6,-16.9
138.5391,6841.9342,-0.10434159248572006,-4.705700307492532,-0.85808244004253,0.35137,0.03317,0.01653,10.2,-30.6,-16.8
138.5647,6841.9542,-0.17078870698786403,-4.7260185354576825,-0.8098730228219679,0.39046,-0.07923,-0.025,10.2,-30.7,-16.8
138.584,6841.9742,-0.2365472134458557,-4.709772514509964,-0.7200497342866949,0.41673,0.08937,-0.03295,10.2,-30.8,-16.8
138.6032,6841.9942,-0.27420176620587633,-4.716701624271647,-0.5930215654311581,0.32327,0.19689,-0.03478,10.2,-30.8,-16.5
138.6228,6842.0142,-0.2723680776982297,-4.783249976464014,-0.440215099374587,0.16994,0.32578,-0.01706,10.3,-30.8,-16.3
138.6453,6842.0342,-0.23917552234421283,-4.924346655998238,-0.28867679916238487,0.07343,0.45101,0.00982,10.4,-30.9,-16.2
138.6671,6842.0542,-0.21273350647914793,-5.126863857517386,-0.17550666559813344,-0.15382,0.32639,0.05319,10.4,-30.9,-16.0
138.6975,6842.0742,-0.22227415330931044,-5.332200509384869,-0.12636323977507757,-0.43848,-0.13848,0.05441,10.4,-31.0,-15.8
138.7199,6842.0942,-0.2311498277383842,-5.569093707219644,-0.2127168666740804,-0.48063,-0.29853,-0.01279,10.5,-31.0,-15.5
138.723,6842.1142,-0.26326181391084513,-5.810976839102144,-0.4636336773155669,-0.22834,0.11808,-0.15512,10.5,-31.1,-15.3
138.7377,6842.1342,-0.298437246622433,-5.928048617185709,-0.8052404472107888,0.1058,0.61777,-0.19421,10.5,-31.0,-15.3
138.7634,6842.1542,-0.3196827348166284,-5.935432327304848,-1.2020631611875707,0.18644,0.67275,-0.09831,10.6,-31.1,-15.1
138.7827,6842.1742,-0.4209998856138652,-5.84160530823085,-1.5853884635736684,0.10763,0.42168,0.08006,10.8,-31.1,-15.0
138.8018,6842.1942,-0.5329368957408611,-5.703835871976183,-1.9088012531762644,0.08442,0.31723,0.21812,10.9,-31.2,-14.8
138.8232,6842.2142,-0.6009723534623759,-5.5829278962016,-2.1509413498023955,0.1058,0.34105,0.28226,11.0,-31.2,-14.5
138.8409,6842.2341,-0.5870720509796641,-5.510438249167058,-2.308664248071823,0.0722,0.181,0.26943,11.1,-31.2,-14.3
138.868,6842.2541,-0.5062085446934361,-5.489453132397647,-2.4028781622240567,-0.02615,0.00446,0.2114,11.2,-31.2,-14.1
138.8982,6842.2741,-0.3745972356471841,-5.486748656545708,-2.4570307980096002,0.00012,0.02645,0.08129,11.2,-31.3,-13.9
138.9221,6842.2941,-0.23235827697745565,-5.461301238205571,-2.498513349746718,0.03494,0.18711,0.01959,11.3,-31.3,-14.0
138.9234,6842.3141,-0.15240936426112378,-5.366993027540453,-2.5362204361228144,0.10458,0.26958,-0.00301,11.3,-31.3,-14.0
138.9406,6842.3342,-0.10180744437776983,-5.2023670259420935,-2.5790992734708498,0.14612,0.24942,0.01226,11.4,-31.4,-13.8
138.9672,6842.3542,-0.08718425140921354,-4.974646787060376,-2.6121690690195187,0.14856,0.29157,0.03181,11.4,-31.4,-13.8
138.9825,6842.3742,-0.12263332897790617,-4.702687076403025,-2.608960396225804,0.09114,0.24698,0.02814,11.5,-31.5,-13.8
139.0069,6842.3942,-0.15689184838384923,-4.4427160568693935,-2.5645849525891444,0.04533,0.1694,0.03425,11.6,-31.5,-13.6
139.0189,6842.4143,-0.17669096204596768,-4.230375554794244,-2.471314823498295,0.04227,0.03684,0.04341,11.8,-31.6,-13.6
139.0431,6842.4343,-0.17113611092863668,-4.096669069462886,-2.3368453515345404,0.00745,-0.06395,0.05319,11.9,-31.6,-13.3
139.0617,6842.4543,-0.13769684803826424,-4.043659188552864,-2.170799398392856,-0.01637,-0.05174,0.0202,11.8,-31.7,-13.2
139.0783,6842.4744,-0.09295015116515065,-4.061884904360487,-1.9898123040591607,-0.02309,-0.00409,-0.01218,11.8,-31.8,-13.0
139.0986,6842.4944,-0.05747297960917066,-4.132700723066271,-1.8088887060465595,-0.03042,-0.07312,-0.06349,11.8,-31.8,-13.0
139.1214,6842.5144,-0.047989042380523005,-4.238119662930443,-1.6372844839215457,-0.02126,-0.1733,-0.09892,11.7,-31.9,-13.0
139.1396,6842.5344,-0.07386825812756462,-4.35829059812568,-1.4715458690117167,0.00195,-0.20873,-0.10319,11.7,-31.9,-12.9
139.1631,6842.5545,-0.13540504520056137,-4.477489608101207,-1.2981724582582395,0.02211,-0.17696,-0.05555,11.7,-32.0,-12.8
139.1828,6842.5745,-0.21716332774032684,-4.587534511403473,-1.0999876279981091,-0.0518,-0.24294,-0.03233,11.7,-32.0,-12.7
139.2082,6842.5945,-0.30910802119904945,-4.695636361326205,-0.8686913775752725,-0.12388,-0.33823,-0.02867,11.7,-32.1,-12.7
139.2255,6842.6146,-0.35949022311896545,-4.836443002614443,-0.6179314287523994,-0.16359,-0.45735,-0.04944,11.7,-32.1,-12.6
139.2448,6842.6346,-0.36260740658546986,-5.027546720116826,-0.3689637318166561,-0.05974,-0.41642,-0.03295,11.7,-32.1,-12.6
139.275,6842.6546,-0.3308761514562862,-5.270041794181431,-0.15263841824577185,-0.03836,-0.3309,0.00371,11.6,-32.1,-12.5
139.2805,6842.6746,-0.19207934184964703,-5.570012371393109,-0.01507083116529806,-0.1923,-0.38221,-0.0024,11.5,-32.1,-12.5
139.3016,6842.6947,-0.0717073294686253,-5.848735713809936,0.03210102500461787,-0.34563,-0.52943,-0.08304,11.4,-32.0,-12.5
139.3193,6842.7147,0.0560669984634536,-6.102877611511657,-0.05813471646605706,-0.38961,-0.629,-0.1991,11.2,-32.0,-12.6
139.3428,6842.7347,0.15087595538426957,-6.271585805779722,-0.2871498651444018,-0.27294,-0.53676,-0.26141,11.1,-32.0,-12.8
139.371,6842.7548,0.21710780289393128,-6.332239117285938,-0.6526781011411522,-0.02676,-0.33029,-0.3396,11.0,-32.0,-12.9
139.3831,6842.7748,0.20505558812292263,-6.227815156934985,-1.085834263668822,0.22003,-0.11588,-0.37198,10.9,-31.9,-13.0
139.4084,6842.7948,0.15987298683640977,-5.999872298060269,-1.5423147061496856,0.32571,-0.04441,-0.3225,10.9,-31.9,-13.1
139.4237,6842.8148,0.04078933846754112,-5.637992821236107,-1.9101758254327743,0.30006,-0.07495,-0.22598,10.8,-31.9,-13.0
139.466,6842.8349,-0.07043803934191623,-5.299118258081167,-2.2022296979978577,0.22614,-0.12748,-0.15145,10.8,-31.8,-13.1
139.4682,6842.8549,-0.16163141275905854,-4.952412141139528,-2.330068594686365,0.12962,-0.16841,-0.06899,10.6,-31.8,-13.3
139.4815,6842.8749,-0.20454109345709043,-4.727464974452373,-2.3651016081545473,0.01051,-0.28692,-0.03539,10.5,-31.8,-13.3
139.5018,6842.895,-0.20362884062625636,-4.619005546844056,-2.3308519053062264,-0.0683,-0.36572,-0.0586,10.5,-31.7,-13.3
139.5268,6842.915,-0.16924974296076015,-4.5927214788705815,-2.264551966992639,-0.10434,-0.30891,-0.07693,10.4,-31.7,-13.5
139.5454,6842.935,-0.11374724757534596,-4.599605969902906,-2.204981324393155,-0.07624,-0.14703,-0.09159,10.4,-31.7,-13.8
139.5663,6842.955,-0.06528234601455965,-4.57728606941651,-2.1713859556328945,-0.01026,-0.04502,-0.09464,10.4,-31.6,-13.9
139.5846,6842.975,-0.04482228980809057,-4.4851914550113685,-2.1667511082066673,0.0606,-0.01753,-0.1093,10.4,-31.6,-13.9
139.6046,6842.995,-0.05805478247071441,-4.316164470582929,-2.1785294204151784,0.05266,-0.00531,-0.09098,10.4,-31.6,-14.1
139.623,6843.015,-0.09917822440991293,-4.096497789745684,-2.184895315363879,0.01539,-0.07006,0.00187,10.4,-31.6,-14.1
139.6448,6843.035,-0.1489890653741883,-3.8782763613886364,-2.164231875208854,0.01234,-0.13665,0.06846,10.4,-31.5,-14.0
139.6651,6843.0549,-0.17657964825507014,-3.7132824042707613,-2.096712553986002,0.00134,-0.14398,0.05991,10.5,-31.5,-14.0
139.6793,6843.0749,-0.16356718319351435,-3.647164332589102,-1.9747660143979777,-0.09212,-0.08045,0.0092,10.5,-31.5,-14.0
139.7025,6843.0949,-0.11423744974265385,-3.6882319119954854,-1.795584842258684,-0.17764,0.06066,-0.01279,10.5,-31.4,-14.0
139.7247,6843.1149,-0.039110008776460176,-3.8495057289974017,-1.5808591739163838,-0.18864,0.07227,4e-05,10.5,-31.5,-14.2
139.7397,6843.1349,0.05173045259957206,-4.116131725126611,-1.3580688720801461,-0.08723,-0.0609,0.03792,10.5,-31.5,-14.3
139.7669,6843.1549,0.14551055453298117,-4.438569552918923,-1.1499071719703604,0.09297,-0.04196,0.09534,10.5,-31.4,-14.2
139.7946,6843.1749,0.2519124280416595,-4.75324218040855,-0.9721165602010355,0.22736,0.08143,0.06174,10.5,-31.4,-14.3
139.8024,6843.1949,0.34962477863627367,-4.955411643168692,-0.8038384531876819,0.2127,0.20177,0.01287,10.6,-31.5,-14.3
139.8258,6843.2149,0.44043254391322245,-5.06634777336353,-0.6716555841182981,0.14062,0.18039,-0.03111,10.6,-31.4,-14.2
139.8412,6843.2349,0.4762999522991896,-5.057687108910941,-0.549738119661491,0.17361,0.12297,-0.0922,10.5,-31.4,-14.2
139.8636,6843.2549,0.4804249326042609,-4.9918674380446655,-0.4456455594665716,0.26402,0.1975,-0.12335,10.6,-31.5,-14.3
139.8876,6843.2749,0.4580906990427796,-4.914760158212224,-0.3483093088860212,0.30128,0.27202,-0.13496,10.6,-31.5,-14.3
139.9022,6843.2949,0.39204137147793083,-4.855454585746136,-0.24557653510105304,0.16933,0.28363,-0.11297,10.7,-31.5,-14.2
139.9212,6843.3149,0.32987061642554205,-4.874122883172165,-0.1660617116613281,0.00318,0.36915,-0.11602,10.7,-31.5,-14.1
139.9446,6843.3349,0.2551445551765198,-4.96720957743384,-0.12740257008411326,-0.19352,0.28302,-0.12274,10.8,-31.5,-14.1
139.9668,6843.3549,0.1416685916380479,-5.137404997767655,-0.16772685424008849,-0.40183,0.02462,-0.1203,10.8,-31.6,-14.1
139.9799,6843.3749,0.00419718162804861,-5.399908035577254,-0.339378008016304,-0.55638,-0.30708,-0.10625,10.9,-31.6,-14.0
139.9998,6843.3949,-0.13062680641779129,-5.643545419368784,-0.6139290630824927,-0.3218,-0.08717,-0.21559,11.0,-31.5,-14.0
140.0217,6843.4149,-0.2422592718911039,-5.838054437285043,-0.9758325232894585,0.0722,0.40458,-0.3115,11.1,-31.5,-14.0
140.0408,6843.4349,-0.3725976807202388,-5.936390600470949,-1.362653775289596,0.19682,0.57929,-0.24797,11.2,-31.5,-13.9
140.063,6843.4548,-0.5182734162378423,-5.934481805197019,-1.709117301362486,0.01234,0.31723,-0.03417,11.4,-31.4,-14.0
140.0797,6843.4748,-0.6652548577617945,-5.869657063677362,-1.974305203480741,-0.06219,-0.10916,0.20896,11.5,-31.4,-13.9
140.0986,6843.4948,-0.7523576407454452,-5.802980478804151,-2.151520194613755,0.15162,-0.24416,0.36717,11.6,-31.4,-13.8
140.1236,6843.5148,-0.7566013472336216,-5.773952050918111,-2.254198618654536,0.31472,-0.12076,0.31403,11.7,-31.4,-13.8
140.1427,6843.5348,-0.6424806018391898,-5.754959729403253,-2.2804002469686964,0.15101,-0.13665,0.19063,11.9,-31.4,-13.7
140.1715,6843.5548,-0.4895214729564164,-5.72960927161405,-2.275825317749046,-0.00354,-0.08595,0.0764,11.9,-31.5,-13.6
140.1779,6843.5748,-0.3504353000376122,-5.656376246051714,-2.269374105465676,0.01112,-0.00348,-0.03539,11.9,-31.5,-13.6
140.2,6843.5948,-0.2538344992553621,-5.5265648528722515,-2.295236123375786,0.07098,0.1529,-0.10197,12.0,-31.5,-13.5
140.2224,6843.6148,-0.22463310762556843,-5.336320115209012,-2.357329139930939,0.12901,0.26775,-0.09281,12.1,-31.4,-13.6
140.2621,6843.6348,-0.22531267867778873,-5.113754174190777,-2.4461283776938663,0.1565,0.22926,-0.03295,12.1,-31.4,-13.6
140.2657,6843.6548,-0.2963720300482885,-4.822272912971629,-2.4889934244118788,0.16444,0.15718,0.06907,12.2,-31.4,-13.5
140.2779,6843.6748,-0.33758508666128323,-4.551588193118614,-2.492689810005891,0.14734,0.09243,0.15459,12.2,-31.5,-13.5
140.2983,6843.6948,-0.3392936900393881,-4.339697819360846,-2.439544583133122,0.11924,0.01607,0.20041,12.2,-31.5,-13.5
140.3198,6843.7148,-0.29062246037239675,-4.208010035972626,-2.3220434453731382,0.11985,-0.05296,0.22179,12.2,-31.6,-13.4
140.3384,6843.7348,-0.19836068509492724,-4.1644614499146,-2.150105285840757,0.10824,-0.09022,0.17964,12.1,-31.6,-13.3
140.3641,6843.7548,-0.10193830725414631,-4.211037974010604,-1.951935454943765,0.06487,-0.0438,0.06418,12.0,-31.7,-13.1
140.3812,6843.7748,-0.032427735420990464,-4.322901259398291,-1.7513512839361969,0.04471,-0.02608,-0.08914,11.9,-31.8,-13.0
140.3986,6843.7948,-0.02468761667063677,-4.482024660339656,-1.5742605981867879,0.04899,-0.01081,-0.11786,11.9,-31.9,-13.0
140.4195,6843.8148,-0.0887146266604213,-4.662195725122581,-1.4311185382591258,0.08931,-0.12015,-0.07509,11.9,-31.9,-12.9
140.4419,6843.8348,-0.21341405947591371,-4.831226049329105,-1.313651316534525,0.12596,-0.20934,-0.0531,11.8,-31.9,-12.8
140.4649,6843.8548,-0.3633017952000133,-4.96178085956037,-1.2001784764360828,0.07648,-0.22889,-0.06227,11.8,-31.9,-12.8
140.4872,6843.8747,-0.4930586021248175,-5.045026521528068,-1.0674100773060307,0.03861,-0.27959,-0.02867,11.8,-32.0,-12.6
140.5011,6843.8947,-0.5547042765350364,-5.094727654964029,-0.9012640138224661,0.09175,-0.24966,0.0373,11.7,-32.1,-12.7
140.5227,6843.9147,-0.5500810278100937,-5.157598429054238,-0.7164016783604801,0.09908,-0.13909,0.11916,11.6,-32.1,-12.6
140.5444,6843.9347,-0.46484751052549145,-5.266490309209744,-0.5339970161850509,-0.00843,-0.15803,0.1778,11.5,-32.2,-12.5
140.5823,6843.9547,-0.3543523658039256,-5.439105134599701,-0.38960000457704247,-0.02004,-0.21667,0.15276,11.4,-32.3,-12.4
140.5835,6843.9747,-0.09427567076162903,-5.674796764794039,-0.32033909302206887,-0.06341,-0.34678,0.06663,11.5,-32.3,-12.4
140.6072,6843.9947,0.13069755073842124,-5.8818390590316,-0.32785858999757167,-0.29065,-0.37855,-0.04211,11.4,-32.4,-12.4
140.625,6844.0147,0.35235160059668247,-6.079187832787542,-0.46904678523211807,-0.44153,-0.22339,-0.16611,11.3,-32.4,-12.5
140.639,6844.0347,0.5208353175893288,-6.22185735473165,-0.7460469662058866,-0.17275,-0.17757,-0.29195,11.3,-32.4,-12.5
140.6594,6844.0547,0.6253843004561823,-6.2746959061970236,-1.1331063572285167,0.31166,-0.15864,-0.37014,11.3,-32.4,-12.6
140.6812,6844.0747,0.6500539004439944,-6.206566350149362,-1.5607710825448855,0.54807,-0.07251,-0.32738,11.4,-32.4,-12.6
140.6987,6844.0947,0.5961336131114104,-5.990725542735521,-1.9246872779327004,0.31777,-0.02364,-0.26752,11.4,-32.4,-12.5
140.7196,6844.1147,0.5137993783676648,-5.695144372702273,-2.1895864265025677,-0.03348,-0.10549,-0.26691,11.3,-32.5,-12.5
140.7433,6844.1347,0.4322859356370489,-5.387551647651136,-2.3448808764672,-0.15687,-0.06334,-0.23697,11.3,-32.4,-12.5
140.7697,6844.1547,0.3694489594621088,-5.131164832465175,-2.415793530714385,-0.0744,-0.12382,-0.13557,11.4,-32.4,-12.5
140.7876,6844.1747,0.32793142493429495,-4.955096845716131,-2.4383552069688186,-0.00904,-0.15314,-0.0867,11.4,-32.4,-12.6
140.8058,6844.1947,0.3039669353221892,-4.831397646914579,-2.4321458140698295,-0.07685,-0.12382,-0.07387,11.5,-32.3,-12.5
140.819,6844.2147,0.2867839173021714,-4.726481633988927,-2.417539459135835,-0.03287,-0.32296,-0.11236,11.5,-32.3,-12.5
140.8482,6844.2347,0.25592879261667606,-4.625669672150944,-2.4136449501252066,0.09236,-0.28509,-0.14412,11.6,-32.3,-12.7
140.8826,6844.2547,0.20751293404183674,-4.510061810380692,-2.415242983207449,0.04166,-0.17208,-0.14901,11.6,-32.3,-12.8
140.8963,6844.2746,0.13598733730512175,-4.3885553835541975,-2.4134383107118724,-0.07868,-0.21789,-0.12702,11.5,-32.2,-12.9
140.9282,6844.2946,0.049219347544153386,-4.273998037712239,-2.389753740829697,-0.15565,-0.18429,-0.12519,11.6,-32.1,-12.8
140.9451,6844.3146,-0.048492037455746345,-4.220322973597229,-2.348123434878792,-0.16726,-0.12626,-0.14107,11.7,-32.1,-12.9
140.9485,6844.3346,-0.15298535855625803,-4.241323796887278,-2.277757699616086,-0.08112,-0.08289,-0.16001,11.8,-32.1,-12.9
140.9621,6844.3546,-0.23727835479156095,-4.315125600398585,-2.1622864201301377,-0.05791,-0.0102,-0.13068,11.8,-32.0,-12.9
140.9801,6844.3746,-0.2978867982823507,-4.431277991471855,-2.007134348329677,-0.12511,-0.0047,-0.09159,11.8,-32.0,-13.1
140.9983,6844.3946,-0.3295201085571957,-4.574095832997949,-1.8263395700176348,-0.11655,0.04661,-0.04272,11.8,-31.9,-13.2
141.0197,6844.4146,-0.32091578233810597,-4.726132194544058,-1.638080531036243,-0.01454,0.00935,-0.01584,11.9,-31.8,-13.2
141.0396,6844.4346,-0.26953103651619587,-4.871787222796962,-1.4604271164945555,0.07953,0.18528,0.04647,11.9,-31.8,-13.3
141.0602,6844.4546,-0.18204940674613215,-4.992006885095862,-1.3020298767927372,0.11741,0.24759,0.08006,11.9,-31.8,-13.4
141.0779,6844.4746,-0.07673158888206594,-5.067530468610994,-1.159630991915403,0.15589,0.22254,0.08923,12.0,-31.7,-13.4
141.1055,6844.4946,0.028996234095582867,-5.110720102564901,-1.0353477854673852,0.1168,0.05516,0.10267,11.9,-31.7,-13.4
141.1201,6844.5146,0.12786726421743122,-5.106220816949053,-0.9048490760036572,0.1449,0.06188,0.06601,11.9,-31.7,-13.4
141.1454,6844.5346,0.21575010921907314,-5.103660418744511,-0.7771125154406278,0.12535,0.22499,0.00798,11.9,-31.7,-13.3
141.1657,6844.5546,0.2790050149385678,-5.120814803510897,-0.6452956323209058,0.09419,0.30073,4e-05,12.0,-31.6,-13.3
141.1883,6844.5746,0.31628921055413156,-5.193932764831378,-0.5240390775901478,0.04166,0.3441,-0.025,12.1,-31.7,-13.2
141.1986,6844.5946,0.2815380525145796,-5.338364924391734,-0.4310631621112613,0.00195,0.36976,-0.03539,12.0,-31.7,-13.3
141.2232,6844.6146,0.22546568117740448,-5.5369468995467965,-0.3855949931263911,-0.06096,0.36548,-0.00118,12.0,-31.8,-13.3
141.2387,6844.6346,0.09706419363876603,-5.785940540145419,-0.42321579584517366,-0.1697,0.28057,-0.00973,12.0,-31.8,-13.1
141.2593,6844.6546,-0.07324575133860257,-6.02530010348458,-0.5500355685710918,-0.31936,-0.01203,-0.08365,12.1,-31.8,-12.9
141.2813,6844.6746,-0.25660013335231263,-6.232142906815358,-0.7829217464594791,-0.22529,-0.10549,-0.09892,12.2,-31.8,-12.9
141.2995,6844.6945,-0.4297309188629837,-6.372384053852661,-1.1085249825563555,0.21698,0.27996,-0.06227,12.3,-31.8,-12.7
141.3212,6844.7145,-0.567859149590214,-6.420215712440808,-1.4864621598677434,0.32571,0.743,0.06418,12.3,-31.8,-12.4
141.3431,6844.7345,-0.6931566682922387,-6.366890926218287,-1.8616086807436645,0.15711,0.45406,0.19491,12.4,-31.9,-12.4
141.3669,6844.7545,-0.803757618902235,-6.243893398557848,-2.195197028723256,0.22614,-0.08045,0.22179,12.4,-31.9,-12.3
141.3783,6844.7745,-0.8239703039569628,-6.066167468893086,-2.4324836119705804,0.36725,-0.23622,0.27127,12.5,-31.9,-12.2
141.4058,6844.7945,-0.8028544023438335,-5.930824804825196,-2.620617052046458,0.31533,-0.17941,0.3464,12.5,-32.0,-12.1
141.4185,6844.8145,-0.6342069745503722,-5.786807422797987,-2.697034638502129,0.18399,-0.02364,0.39222,12.5,-32.0,-12.1
141.4525,6844.8345,-0.4539047863943834,-5.688061645332054,-2.7372841811242097,0.20598,0.02462,0.32685,12.5,-32.0,-11.9
141.4666,6844.8545,-0.21883892490950058,-5.551406690224151,-2.704328191931281,0.19132,-0.01447,0.22912,12.4,-32.1,-11.7
141.4794,6844.8745,-0.014095730454162613,-5.3879629955689685,-2.6484550738995374,0.14001,-0.03891,0.19918,12.4,-32.1,-11.7
141.4987,6844.8945,0.13021148863976093,-5.19471866225526,-2.590544211254036,0.17177,0.14741,0.12893,12.3,-32.2,-11.3
141.5203,6844.9145,0.20985491939485135,-4.970921843730235,-2.5343545329898083,0.00684,0.31906,0.00615,12.3,-32.2,-11.2
141.5386,6844.9345,0.2142899780491037,-4.742022155596344,-2.4833001724305506,0.00379,0.19322,-0.06654,12.2,-32.3,-11.3
141.5669,6844.9545,0.1648047685708621,-4.545653029484517,-2.4358381350763976,0.07037,0.02829,-0.0867,12.0,-32.4,-11.4
141.583,6844.9745,0.05770243964326043,-4.414126533480823,-2.3824432048929003,-0.02187,0.057,0.00432,11.9,-32.5,-11.3
141.6041,6844.9945,-0.07166193079471574,-4.364419646331079,-2.311619780798943,-0.06035,-0.05907,0.05074,11.8,-32.5,-11.3
141.618,6845.0145,-0.18428215534369755,-4.402690596199906,-2.2173919530062296,-0.06952,-0.26615,0.03669,11.7,-32.6,-11.4
141.6424,6845.0345,-0.27971260056649866,-4.505028508898918,-2.091460275032696,-0.18253,-0.36022,-0.01218,11.5,-32.7,-11.1
141.6649,6845.0545,-0.3360269918678629,-4.6813479530601665,-1.9583727358715297,-0.34135,0.09609,-0.03111,11.4,-32.7,-11.1
141.6858,6845.0745,-0.37099274556665274,-4.915778380827534,-1.8392680463475282,-0.13427,0.03378,-0.05799,11.2,-32.8,-11.1
141.7026,6845.0944,-0.4110601971446003,-5.164768762495295,-1.7420256359417472,0.14306,-0.15986,0.00554,11.2,-32.8,-11.2
141.7185,6845.1144,-0.47377424121480594,-5.371797827290096,-1.6588640277907967,0.12718,-0.25577,0.10511,11.1,-32.8,-11.2
141.7439,6845.1344,-0.5965722971336012,-5.501748521534138,-1.5837854118106929,-0.03897,-0.2466,0.17108,11.1,-32.8,-11.2
141.7648,6845.1544,-0.7251803136009175,-5.54654075130405,-1.5073742976860203,-0.02981,-0.38099,0.22912,11.1,-32.8,-11.3
141.7813,6845.1744,-0.8317215500673721,-5.528073421082527,-1.424535482321474,0.26585,-0.56609,0.14482,11.0,-32.8,-11.3
141.7996,6845.1944,-0.9173517825070835,-5.490511540382782,-1.3347898642645237,0.48271,-0.17574,0.16436,11.0,-32.8,-11.5
141.829,6845.2144,-0.9843813626153016,-5.503147070832016,-1.2511798467620672,0.36114,0.01668,0.18452,10.9,-32.8,-11.6
141.8399,6845.2344,-0.9831850719090037,-5.513270119759648,-1.112884046275589,0.23225,-0.19957,0.16986,10.8,-32.8,-11.5
141.8607,6845.2544,-0.9775625678298272,-5.625453012027147,-0.9923503086782564,-0.0292,-0.36572,0.21995,10.7,-32.8,-11.4
141.8809,6845.2744,-0.9482101781668958,-5.835957972338205,-0.9044446609039998,-0.30104,-0.40665,0.31708,10.6,-32.8,-11.4
141.8977,6845.2944,-0.8715323883286736,-6.132507660848273,-0.8788591473901963,-0.24667,-0.67238,0.21812,10.5,-32.9,-11.4
141.9205,6845.3144,-0.7873811174776906,-6.423090656579103,-0.9128787874965383,-0.41771,-0.50805,0.23522,10.3,-32.8,-11.4
141.9405,6845.3344,-0.6492134129063555,-6.679439789249093,-1.0422949732560394,-0.53866,0.25125,0.20468,10.2,-32.8,-11.6
141.9591,6845.3544,-0.5059757825604014,-6.839774029532608,-1.2709809452105265,-0.08173,0.69718,0.07029,10.0,-32.9,-11.8
141.9782,6845.3744,-0.4125994933935766,-6.863724438336817,-1.573690017405287,0.37764,0.55424,-0.00485,9.9,-32.9,-11.8
142.0027,6845.3944,-0.394069777595116,-6.752146656979713,-1.9035309028106564,0.38252,0.42352,0.11916,9.7,-32.9,-11.9
142.0207,6845.4144,-0.4659911456609019,-6.504462923095049,-2.178376235581884,0.19499,0.38564,0.31647,9.5,-33.0,-11.9
142.0399,6845.4344,-0.5657433890568809,-6.204281519272923,-2.3858521168469595,0.04716,0.40824,0.50156,9.3,-33.0,-12.0
142.0632,6845.4544,-0.6566874274764519,-5.925680676049721,-2.533551930083209,0.13634,0.43573,0.55593,9.2,-33.1,-11.9
142.0802,6845.4744,-0.7067730684140677,-5.7053033995589395,-2.6329314294167325,0.21454,0.51759,0.55043,9.0,-33.2,-11.9
142.1016,6845.4943,-0.741613436518348,-5.554926670176352,-2.710448649083289,0.2292,0.60311,0.49118,8.8,-33.2,-11.9
142.1239,6845.5143,-0.7851067433290887,-5.445634520826476,-2.775413790447482,0.21881,0.78087,0.43803,8.8,-33.2,-11.7
142.1414,6845.5343,-0.8744630752979252,-5.348719141227769,-2.836590254205384,0.15528,0.88411,0.42337,8.7,-33.3,-11.6
142.1599,6845.5543,-1.0164821647426272,-5.266509471018906,-2.9092089287616956,0.05143,1.10463,0.44719,8.5,-33.3,-11.5
142.1844,6845.5743,-1.1946856543945692,-5.209417624170644,-2.9944970490387925,-0.02615,1.14373,0.48507,8.4,-33.3,-11.5
142.199,6845.5943,-1.416581952606525,-5.199394666736226,-3.0956899239705056,-0.11228,1.2488,0.53821,8.2,-33.4,-11.3
142.2182,6845.6143,-1.616055149935629,-5.247198151243834,-3.1905471583450886,-0.1697,1.51941,0.62435,8.1,-33.5,-11.3
142.2692,6845.6343,-1.6780145065822445,-5.336122161990097,-3.220662003570218,-0.31264,1.62081,0.71659,8.0,-33.6,-11.1
142.2714,6845.6543,-1.7913741144395674,-5.563317870357312,-3.3078535841098553,-0.38595,1.82606,0.78378,7.8,-33.6,-10.9
142.2839,6845.6743,-1.790660715922478,-5.848122364467098,-3.3503057157212464,-0.35785,1.92258,0.88091,7.6,-33.7,-10.7
142.3006,6845.6943,-1.6974757865946741,-6.183047231417838,-3.3595556535229933,-0.28393,1.77842,0.97987,7.5,-33.8,-10.6
142.3193,6845.7143,-1.533009659365727,-6.5400239389897905,-3.3360966761344564,-0.24667,1.63547,1.11976,7.3,-33.8,-10.4
142.3383,6845.7343,-1.3094660698929896,-6.884750194768982,-3.275234271533309,-0.2992,1.63853,1.27125,7.1,-33.9,-10.2
142.3617,6845.7543,-1.0182943949536498,-7.1831790988506645,-3.1709273835518026,-0.31692,1.85844,1.39037,6.9,-34.0,-10.0
142.3779,6845.7743,-0.7012870494616923,-7.4159611853591585,-3.0417116121920618,-0.18314,1.93419,1.41664,6.8,-34.0,-9.8
142.4036,6845.7943,-0.32188301437111094,-7.553025432856453,-2.879533984918818,-0.07135,2.04292,1.45879,6.4,-34.1,-9.6
142.4232,6845.8143,0.01848064767637931,-7.603798357186072,-2.7191205856378806,-0.11167,2.06247,1.51682,6.1,-34.2,-9.7
142.4377,6845.8343,0.31093741657541935,-7.585789394480504,-2.577100327277206,-0.21429,2.01971,1.58218,5.7,-34.3,-9.7
142.4646,6845.8543,0.6118069483814189,-7.4726268439225665,-2.418741027028343,-0.14893,1.99466,1.62616,5.3,-34.4,-9.6
142.48,6845.8743,0.8585944589252246,-7.348084895471684,-2.309383039332263,-0.05058,2.0588,1.63838,4.8,-34.5,-9.5
142.4981,6845.8943,1.0971999586200218,-7.196421501776475,-2.214637608242124,0.01356,2.11622,1.61456,4.4,-34.5,-9.5
142.5179,6845.9142,1.3180846003191204,-7.036561548852708,-2.1319741883265166,0.06548,2.08446,1.5553,3.9,-34.6,-9.3
142.5393,6845.9342,1.5114420677506473,-6.8782233519408855,-2.0530113459090904,0.10091,2.06858,1.46245,3.4,-34.7,-9.3
142.5604,6845.9542,1.6670298799164374,-6.730807002514628,-1.9762180036402839,0.05999,2.08385,1.39709,2.8,-34.8,-9.2
142.5775,6845.9742,1.778808554378538,-6.610256531961689,-1.9162152478888075,0.01967,2.06247,1.31707,2.0,-34.9,-9.1
142.5994,6845.9942,1.8765920668831118,-6.450812518872841,-1.8386008495225221,0.04594,2.00932,1.24315,1.2,-34.9,-8.9
142.6175,6846.0142,1.9271430957881506,-6.295316442904184,-1.7920310406959974,0.12596,1.92869,1.16802,0.7,-35.0,-8.8
142.6408,6846.0342,1.9409813080041547,-6.08678151930995,-1.7523610530366618,0.1675,1.68923,1.11243,0.3,-34.9,-9.0
142.6664,6846.0542,1.8896540468310017,-5.843794635124498,-1.7372024605165404,0.21515,1.48948,1.07761,-0.1,-35.0,-9.0
142.6791,6846.0742,1.7364438448582178,-5.619767050064156,-1.7709883413700496,0.18399,1.34226,0.98781,-0.8,-35.0,-9.1
142.6977,6846.0942,1.5275329427487523,-5.361696377186235,-1.8075972358180454,0.12901,1.44366,0.86991,-1.3,-35.0,-9.0
142.7194,6846.1142,1.2680354733707724,-5.107927449759626,-1.8472278576005294,0.09114,1.40212,0.77034,-1.8,-35.0,-8.8
142.7408,6846.1342,0.9741844015830436,-4.910527682242635,-1.8943361923893427,0.04288,1.39785,0.6329,-2.3,-35.0,-8.9
142.7613,6846.1542,0.6721364258679544,-4.802079294925219,-1.9413587053802575,-0.07624,1.41006,0.54005,-2.8,-34.9,-8.9
142.7812,6846.1742,0.38980485445962504,-4.787885095922486,-1.9698462078248324,-0.13793,1.21642,0.55104,-3.2,-34.9,-8.9
142.7991,6846.1942,0.15402216072120367,-4.855164065068218,-1.9602752648681232,-0.1361,1.14373,0.55349,-3.5,-34.8,-9.0
142.8229,6846.2142,-0.030274465639754493,-4.955859977537211,-1.8824501227296242,-0.11594,1.14373,0.57303,-3.9,-34.7,-9.0
142.8431,6846.2342,-0.149212062864873,-5.08415089099329,-1.744214300936937,-0.05058,1.02583,0.60846,-4.3,-34.7,-9.0
142.8683,6846.2542,-0.21861608082518422,-5.208081312503221,-1.54785563534735,0.01784,0.90793,0.66283,-4.5,-34.6,-9.2
142.8903,6846.2742,-0.25159145998348736,-5.316124665830329,-1.31714776834235,0.01723,0.73139,0.69276,-4.8,-34.5,-9.3
142.9199,6846.2942,-0.2615656946171542,-5.40266296067472,-1.0853288791289888,-0.02431,0.61533,0.69765,-5.1,-34.5,-9.4
142.921,6846.3142,-0.2681414280159857,-5.401318055893071,-0.851040347871205,0.04716,0.53103,0.64206,-5.3,-34.4,-9.5
142.942,6846.3341,-0.2706174724321703,-5.38166084025424,-0.692696502945692,0.16139,0.48338,0.5822,-5.5,-34.3,-9.4
142.9707,6846.3541,-0.2894023914373973,-5.327680877456513,-0.6252288014346732,0.17422,0.52614,0.56326,-5.8,-34.3,-9.6
142.9812,6846.3741,-0.3845475902081351,-5.23170164662608,-0.6520442442715506,0.18277,0.50598,0.526,-6.0,-34.2,-9.6
143.0013,6846.3941,-0.5140537341931792,-5.140950554143801,-0.7809777667294551,0.2463,0.40397,0.48751,-6.3,-34.2,-9.6
143.0198,6846.4141,-0.6911602654697132,-5.066198510888256,-0.9768307478671989,0.28784,0.3551,0.40077,-6.6,-34.1,-9.8
143.0377,6846.4341,-0.8918268497863429,-5.024009901063352,-1.189171295522863,0.27929,0.16329,0.32441,-6.9,-34.1,-9.8
143.0621,6846.4541,-1.0658396423705627,-5.033372535035935,-1.3621115173699643,0.2072,0.07838,0.26332,-7.1,-34.0,-9.9
143.0866,6846.4741,-1.1895291943421376,-5.088174069907365,-1.4399951919205467,0.10641,0.10526,0.25355,-7.4,-34.0,-10.0
143.0981,6846.4941,-1.2256270202635255,-5.1605019192005,-1.378878217837963,-0.0011,0.08388,0.26149,-7.6,-34.0,-10.0
143.1206,6846.5141,-1.1476558284030456,-5.267834824154092,-1.1982751775205998,-0.14649,0.00935,0.18758,-7.9,-33.9,-10.1
143.1483,6846.5341,-0.9684434507122309,-5.3747621784559145,-0.9251745426126163,-0.26744,-0.06334,0.06846,-8.1,-33.9,-10.1
143.1684,6846.5541,-0.6660924246621559,-5.444989813466566,-0.6104884182940697,-0.34441,-0.12443,-0.0696,-8.3,-33.9,-10.0
143.1895,6846.5741,-0.2916778242769609,-5.466586952228275,-0.34287397226732175,-0.25461,-0.1342,-0.19116,-8.5,-33.8,-10.1
143.2031,6846.5941,0.12145456206979567,-5.439166077493573,-0.20708197103875392,-0.03225,-0.14031,-0.27973,-8.7,-33.7,-10.1
143.2178,6846.6141,0.501599880154482,-5.361628524406382,-0.2536753662147362,0.19743,-0.17147,-0.30234,-8.9,-33.7,-10.1
143.2384,6846.6341,0.8199273887970441,-5.241476437811259,-0.4867564108611635,0.35565,-0.16047,-0.31822,-9.1,-33.7,-10.1
143.2642,6846.6541,1.0436546710370107,-5.098866004794153,-0.8652210917096443,0.37886,-0.16352,-0.32555,-9.1,-33.6,-10.1
143.2831,6846.6741,1.1149059820370681,-4.97642511366505,-1.3195503851104338,0.3135,-0.09511,-0.3115,-9.2,-33.7,-10.2
143.3052,6846.6941,1.0905530730388915,-4.872269265140439,-1.761120146716788,0.21148,0.05089,-0.31761,-9.3,-33.7,-10.2
143.3224,6846.7141,0.9955528777995121,-4.816353855791142,-2.1395879419904045,0.0551,0.09854,-0.27302,-9.2,-33.7,-10.2
143.3401,6846.734,0.868457598929559,-4.7927808193162535,-2.4186949423030075,-0.03164,0.04539,-0.1258,-9.1,-33.7,-10.3
143.3615,6846.754,0.7240433094874893,-4.784833408821394,-2.5981242770174804,-0.05425,-0.06823,0.03364,-9.1,-33.7,-10.2
143.3905,6846.774,0.5686061199742402,-4.7788376776682115,-2.7047665640360448,0.00745,-0.12138,0.17414,-8.9,-33.7,-10.1
143.4007,6846.794,0.37439513212145376,-4.709369246131749,-2.733877580308599,0.11558,-0.14459,0.2731,-8.9,-33.7,-10.1
143.4255,6846.814,0.16092102796974606,-4.637284581299576,-2.7569887903184416,0.13085,-0.089,0.30547,-8.8,-33.7,-10.0
143.4425,6846.834,-0.09572609272338127,-4.538762992215893,-2.7654259213419747,0.0887,-0.07312,0.31952,-8.8,-33.7,-10.0
143.4627,6846.854,-0.3598704743299443,-4.468358723227904,-2.7820102451993574,0.04777,-0.08106,0.3012,-8.8,-33.7,-10.0
143.4947,6846.874,-0.5954073524272164,-4.470914015505571,-2.8056635252571303,0.02028,-0.14581,0.2395,-8.8,-33.7,-9.9
143.5035,6846.894,-0.7753958802274835,-4.503468419504973,-2.7754850410510548,-0.0347,-0.10733,0.17475,-8.6,-33.7,-9.8
143.5215,6846.914,-0.874341188173353,-4.621797805253765,-2.7004432798796563,-0.07807,-0.06151,0.12221,-8.6,-33.8,-9.7
143.5438,6846.934,-0.8934463545592143,-4.801830055511571,-2.5574089727604274,-0.10556,0.00202,0.08984,-8.6,-33.8,-9.8
143.562,6846.954,-0.8342699008849931,-5.012391248125757,-2.338694316457918,-0.18619,0.05639,0.07273,-8.7,-33.8,-9.8
143.5851,6846.974,-0.7281962123567293,-5.223719814513263,-2.060116676108869,-0.18008,0.04417,0.0593,-8.7,-33.7,-9.8
143.6051,6846.994,-0.5894719078640305,-5.401763460894027,-1.744828747048322,-0.05058,0.07288,0.07151,-8.7,-33.7,-9.8
143.6238,6847.014,-0.4577516365166876,-5.526425180140382,-1.4274015298441025,0.14978,0.1865,0.11061,-8.8,-33.6,-9.8
143.6441,6847.034,-0.36570504772179835,-5.594307179034079,-1.1380357586495755,0.27501,0.2482,0.12588,-9.0,-33.6,-9.7
143.6578,6847.054,-0.3574169674801573,-5.622778837794758,-0.896877439576846,0.28295,0.20727,0.10939,-9.2,-33.6,-9.8
143.6854,6847.074,-0.3636744040668102,-5.6142546972558245,-0.6873557027156121,0.30983,0.18589,0.04647,-9.3,-33.6,-9.9
143.702,6847.094,-0.43690991057585776,-5.616385641318792,-0.5137663989800583,0.38924,0.26042,-0.0079,-9.4,-33.5,-9.8
143.7219,6847.114,-0.4881541683187946,-5.629848936900552,-0.3495488793226347,0.35442,0.30928,0.0147,-9.4,-33.5,-9.9
143.7488,6847.134,-0.47453414139808037,-5.666481470266166,-0.19669150391271195,0.20415,0.25919,0.05319,-9.5,-33.5,-9.8
143.7667,6847.1539,-0.40413903539109364,-5.746636047335553,-0.09246220549067274,0.08809,0.17551,0.06846,-9.5,-33.5,-9.8
143.7921,6847.1739,-0.25867779618343717,-5.843631055869088,-0.06811525605989033,-0.02981,-0.14276,-0.02073,-9.5,-33.5,-9.7
143.8039,6847.1939,-0.04415688098365896,-5.908404137788088,-0.14931532577134554,-0.10861,-0.20812,-0.1203,-9.7,-33.4,-9.7
143.8212,6847.2139,0.18906860159019326,-5.91427603306634,-0.3581468816487252,-0.15809,0.03989,-0.21926,-9.8,-33.4,-9.7
143.8382,6847.2339,0.41721094677365456,-5.8589487797199515,-0.6921592708705386,-0.04447,0.51698,-0.32066,-9.8,-33.4,-9.6
143.8594,6847.2539,0.611165349491897,-5.751065889983562,-1.1077992619458907,0.15039,0.82058,-0.29195,-9.8,-33.4,-9.6
143.8773,6847.2739,0.7558109308608617,-5.684165264763908,-1.5812942336768554,0.14367,0.76438,-0.1881,-9.7,-33.5,-9.5
143.9001,6847.2939,0.8534879342854047,-5.641736683752559,-2.0090076005187347,-0.06035,0.50476,-0.07387,-9.6,-33.5,-9.5
143.9384,6847.3139,0.9213074239694046,-5.606475269785958,-2.3070979517119072,-0.14343,0.31356,0.00676,-9.5,-33.5,-9.6
143.9394,6847.3339,1.041357105628349,-5.611969817986385,-2.4819463323354256,-0.03592,0.27508,0.04647,-9.4,-33.5,-9.5
143.9665,6847.3539,1.1951730757079473,-5.5660146739757685,-2.4815108610805563,0.1113,0.21827,0.01226,-9.3,-33.6,-9.5
143.9824,6847.3739,1.3428972810333288,-5.492003479076748,-2.374173035951407,0.20904,-0.02425,-0.00423,-9.2,-33.6,-9.5
144.0088,6847.3939,1.4644095862195057,-5.383095848358008,-2.225404016684892,0.2127,-0.15192,0.0202,-9.1,-33.6,-9.6
144.0191,6847.4139,1.476650655885412,-5.236992321761144,-2.0868266363344823,0.08992,-0.00531,0.05991,-9.0,-33.6,-9.6
144.0392,6847.4339,1.3975245925706605,-5.053422482051934,-2.0080271422516303,0.03555,0.19566,0.04952,-8.9,-33.6,-9.8
144.0653,6847.4539,1.2443821852808181,-4.841228040986738,-2.0102921247979317,0.19132,0.23842,0.0147,-8.9,-33.7,-9.8
144.0809,6847.4739,1.0096826871306408,-4.655712859745777,-2.103445230060112,0.36542,0.10098,-0.02684,-8.6,-33.7,-9.8
144.1034,6847.4939,0.7532655525931218,-4.502769825826483,-2.2503202402348954,0.39413,-0.05785,-0.05616,-8.5,-33.8,-9.8
144.1173,6847.5139,0.45600507829757075,-4.410107909340599,-2.4096955098314368,0.22797,-0.16108,-0.08914,-8.4,-33.7,-9.7
144.1398,6847.5339,0.190132150079854,-4.373481881621799,-2.5386015231238064,0.09358,-0.13604,-0.10869,-8.3,-33.8,-9.8
144.1618,6847.5538,-0.02198624845057433,-4.394138571956323,-2.608974866606159,0.1168,-0.03463,-0.06899,-8.2,-33.8,-9.7
144.1814,6847.5738,-0.15550122269641783,-4.471558855906903,-2.611706833263562,0.19315,-0.00837,-0.05982,-8.1,-33.9,-9.8
144.2053,6847.5938,-0.20101361526329883,-4.596933135582401,-2.5497995281344954,0.2353,-0.09205,-0.11358,-8.1,-33.9,-9.7
144.2282,6847.6138,-0.19013971241658514,-4.765127111781059,-2.441644988489597,0.24508,-0.12809,-0.14901,-8.0,-33.9,-9.5
144.2376,6847.6338,-0.1753166226320807,-4.967921415222916,-2.3088666587924163,0.17727,-0.1452,-0.10442,-8.0,-34.0,-9.4
144.2841,6847.6538,-0.11209377754091539,-5.184560494201798,-2.160820594724451,0.13207,-0.10794,-0.01828,-7.9,-34.0,-9.3
144.2845,6847.6738,-0.11779613020933277,-5.388850715552632,-2.000538093145262,0.10397,-0.16047,0.02325,-7.9,-34.1,-9.1
144.2972,6847.6938,-0.145472048212827,-5.589246438454805,-1.8447668064773692,0.06426,-0.18857,0.0483,-7.9,-34.1,-8.9
144.3215,6847.7138,-0.1966883877420457,-5.788023671539651,-1.700075918938401,0.08809,-0.26859,0.05746,-8.0,-34.2,-8.8
144.34,6847.7338,-0.27822318985520195,-5.952438581589734,-1.5416390979553203,0.13451,-0.36939,0.0373,-7.9,-34.2,-8.6
144.3605,6847.7538,-0.34949719136819074,-6.081695692592641,-1.3625507368624135,0.0832,-0.25943,0.03242,-7.8,-34.3,-8.4
144.3795,6847.7738,-0.3685905462789325,-6.160604142138869,-1.1474651590957787,-0.01087,-0.06701,0.03303,-8.0,-34.3,-8.2
144.4029,6847.7938,-0.2967127032675645,-6.184142105031876,-0.8966181467083292,-0.09212,0.01851,0.02875,-8.0,-34.3,-8.1
144.4207,6847.8138,-0.10621013340599532,-6.146569995080001,-0.622696599569446,-0.20879,-0.06823,-0.02928,-8.0,-34.3,-8.1
144.4378,6847.8338,0.19212712140493837,-6.0522604208160224,-0.3607787280528427,-0.3609,-0.25332,-0.17772,-8.0,-34.3,-8.0
144.4597,6847.8538,0.5425166990704836,-5.913468226506714,-0.16292470325359787,-0.49651,-0.40176,-0.2327,-8.0,-34.3,-8.0
144.477,6847.8738,0.9476438573628636,-5.72461190040505,-0.08092659947003789,-0.34502,-0.39077,-0.24858,-8.0,-34.3,-8.0
144.4972,6847.8938,1.3208145254700143,-5.49180943811591,-0.1617845617975675,0.06976,-0.27165,-0.23514,-7.9,-34.3,-8.0
144.5189,6847.9138,1.5914654937471906,-5.219482947034416,-0.41442352808601157,0.44544,-0.1904,-0.21193,-7.9,-34.3,-8.0
144.5509,6847.9338,1.7303392066994212,-4.912151835465705,-0.7988577316061516,0.53219,-0.01325,-0.23025,-7.9,-34.3,-8.0
144.5656,6847.9538,1.5879966668063725,-4.693364689325922,-1.2664230860679861,0.3697,0.08632,-0.24003,-7.8,-34.3,-8.0
144.5836,6847.9737,1.3208606335911233,-4.537926118103649,-1.7305482614775975,0.20415,0.05089,-0.18933,-7.7,-34.3,-7.9
144.6015,6847.9937,1.0043583773473228,-4.458630902560089,-2.130036033951181,0.11558,-0.14825,-0.08976,-7.7,-34.3,-8.0
144.6235,6848.0137,0.7124471947555179,-4.437645988987954,-2.4240752810133808,0.05266,-0.30402,0.06846,-7.5,-34.4,-7.9
144.6463,6848.0337,0.47517701174895316,-4.439477126913539,-2.5954187138421085,0.02578,-0.25577,0.1216,-7.4,-34.4,-7.8
144.6714,6848.0537,0.2922319487935806,-4.440672271518996,-2.6607087756611527,-0.00721,-0.10366,0.07457,-7.3,-34.4,-7.7
144.6819,6848.0737,0.14677913063345752,-4.425412950848443,-2.6523433982678952,-0.02492,-0.08717,0.01898,-7.3,-34.5,-7.8
144.7021,6848.0937,0.023122284508074763,-4.424436611017917,-2.625418284071295,0.00195,-0.16414,0.02692,-7.2,-34.5,-7.8
144.7342,6848.1137,-0.09230783710266503,-4.455115692301243,-2.6084794277906864,0.00684,-0.25393,0.04769,-7.1,-34.5,-7.8
144.7422,6848.1337,-0.20609517415459694,-4.485114328600257,-2.5794560594884093,-0.01943,-0.24905,0.0312,-7.1,-34.6,-7.8
144.7622,6848.1537,-0.3167855044716761,-4.551837095370134,-2.5456035939196395,-0.14404,-0.05601,0.01959,-7.0,-34.6,-7.6
144.7778,6848.1737,-0.39172484538702584,-4.649335085521467,-2.482540980944349,-0.23079,0.04906,-0.0305,-7.0,-34.6,-7.4
144.803,6848.1937,-0.43159851424022444,-4.7818654109083685,-2.3801108705364378,-0.18008,-0.00103,-0.03966,-7.0,-34.7,-7.2
144.8248,6848.2137,-0.40887667305518066,-4.944206539647038,-2.23415420048455,-0.11778,-0.1061,-0.00423,-7.0,-34.7,-7.0
144.8406,6848.2337,-0.33703655914928654,-5.109336092648914,-2.04387617136084,-0.08051,-0.10488,0.04525,-7.0,-34.8,-6.9
144.8634,6848.2537,-0.250203544037015,-5.251508406432046,-1.8214913993536577,-0.08051,0.06616,0.07884,-7.0,-34.8,-6.9
144.8866,6848.2737,-0.1626491591887135,-5.343648395749656,-1.5814164469451786,0.01356,0.27019,0.14787,-7.0,-34.8,-6.9
144.9083,6848.2937,-0.0952024049288316,-5.384883396915401,-1.3509376689015102,0.20354,0.30623,0.18819,-7.0,-34.8,-6.8
144.9174,6848.3137,-0.10186144500051192,-5.38801525469081,-1.1536004205463968,0.34954,0.20238,0.21629,-7.1,-34.7,-6.9
144.9401,6848.3337,-0.113735176643337,-5.385122819093035,-1.0070965691549105,0.31777,0.05028,0.20651,-7.2,-34.7,-7.0
144.9759,6848.3537,-0.11435528737768029,-5.3983953449009485,-0.9084714703977799,0.30494,-0.08411,0.10878,-7.3,-34.7,-7.0
144.9881,6848.3736,-0.21709265301541572,-5.421076965973597,-0.8315430067468075,0.36236,0.02096,0.02631,-7.4,-34.7,-7.0
145.0007,6848.3937,-0.29260488805650714,-5.4823116064211215,-0.7699201930097743,0.28723,0.21827,-0.01951,-7.5,-34.8,-7.0
145.0222,6848.4137,-0.2970369339819329,-5.562218153525472,-0.6982416589980449,0.07831,0.33311,-0.05005,-7.5,-34.8,-6.9
145.0379,6848.4337,-0.21920572330742857,-5.676569707239554,-0.6322654629331943,-0.11289,0.44123,-0.07082,-7.5,-34.8,-6.8
145.0638,6848.4538,-0.08213552110094471,-5.7680007521392085,-0.5637760385451571,-0.24117,0.44673,-0.13496,-7.6,-34.8,-6.7
145.0811,6848.4738,0.16267883111309736,-5.866675608942417,-0.5537333558328061,-0.34135,0.26958,-0.15878,-7.6,-34.8,-6.7
145.1002,6848.4938,0.44740955547197014,-5.928964447892068,-0.6237715499160235,-0.35479,-0.09816,-0.05799,-7.6,-34.8,-6.7
145.121,6848.5138,0.7341638128168861,-5.928518945686814,-0.7914750535343682,-0.19413,-0.1116,0.04463,-7.6,-34.8,-6.7
145.1412,6848.5339,0.9745986744105978,-5.848540659507979,-1.0460191280584503,0.15406,0.23598,0.07884,-7.5,-34.8,-6.8
145.1756,6848.5539,1.1563648885168907,-5.686197243877938,-1.343655412910282,0.34221,0.55241,0.11611,-7.5,-34.8,-6.6
145.187,6848.5739,1.1718367835337151,-5.557947904191157,-1.6699923461415462,0.21209,0.5292,0.19674,-7.4,-34.8,-6.5
145.1994,6848.594,1.1260221003511315,-5.448839056296778,-1.9429012881893195,0.02028,0.30379,0.28959,-7.3,-34.8,-6.4
145.234,6848.614,1.0855578051446535,-5.378084096180371,-2.1229414604747863,0.02517,0.22926,0.30731,-7.3,-34.8,-6.2
145.2419,6848.634,1.0756402259458018,-5.296544352939161,-2.160813581771029,0.01784,0.23781,0.31952,-7.3,-34.8,-6.1
145.2633,6848.654,1.113914347242311,-5.233820235347199,-2.107938519675333,-0.09884,-0.00898,0.30975,-7.3,-34.8,-6.1
145.2816,6848.6741,1.177035610556792,-5.148290111211582,-1.9948432608504314,-0.08357,-0.07617,0.27065,-7.3,-34.8,-6.1
145.305,6848.6941,1.2232152567463332,-5.042928707942124,-1.8912575984102684,0.00928,0.03806,0.1888,-7.3,-34.8,-5.9
145.3252,6848.7141,1.2104834550168968,-4.907015389924273,-1.843050353166042,0.03555,0.17673,0.12954,-7.4,-34.7,-5.8
145.3434,6848.7342,1.1147896002857989,-4.7623827409195,-1.8847115501761778,0.07526,0.29829,0.05197,-7.5,-34.6,-5.8
145.3704,6848.7542,0.94549714496725,-4.620801322426285,-2.007871958855559,0.12474,0.37404,0.01592,-7.5,-34.6,-5.9
145.383,6848.7742,0.712156554337299,-4.547864584936997,-2.204345318906892,0.12962,0.27874,0.01959,-7.6,-34.6,-5.9
145.4083,6848.7942,0.47323295967853723,-4.5212653230767215,-2.4069412957428087,0.12107,0.10709,0.06113,-7.7,-34.5,-5.8
145.4212,6848.8143,0.24048862247781613,-4.542231386810891,-2.5654101529162485,0.07343,0.0124,0.13138,-7.7,-34.5,-5.8
145.4398,6848.8343,0.05593124984497944,-4.59853245103415,-2.643221580335716,0.03372,-0.00837,0.14848,-7.8,-34.5,-5.8
145.4651,6848.8544,-0.06689108832591677,-4.677482093983959,-2.6242396159272436,0.02944,0.01118,0.08495,-8.0,-34.5,-5.7
145.4828,6848.8745,-0.12416150326965754,-4.771314495261319,-2.5140597841631855,0.02089,0.06677,0.03303,-8.2,-34.5,-5.7
145.5086,6848.8945,-0.1127768787898878,-4.889430064994567,-2.340521330929697,0.03983,0.04356,0.03242,-8.3,-34.4,-5.6
145.528,6848.9146,-0.05614924791756495,-5.03484016753015,-2.1313088250003283,0.0606,-0.10366,0.05319,-8.4,-34.5,-5.7
145.5457,6848.9346,0.016884877629020058,-5.202307095380665,-1.907181501930058,0.05143,-0.17024,0.03181,-8.5,-34.4,-5.7
145.5643,6848.9547,0.07225201899991221,-5.380764535364032,-1.6817152443333772,-0.02309,-0.14031,0.0031,-8.5,-34.4,-5.6
145.5826,6848.9748,0.08635245847001233,-5.555722210595166,-1.4635261818255874,-0.12144,-0.11282,-0.02684,-8.6,-34.4,-5.6
145.6079,6848.9948,0.05593975429017839,-5.720535000157813,-1.2645467316341623,-0.07318,-0.12871,-0.02867,-8.6,-34.4,-5.5
145.6206,6849.0148,0.005321840966401687,-5.852215655590191,-1.08263604894376,0.09481,-0.20995,-0.0079,-8.7,-34.4,-5.6
145.6391,6849.0349,-0.02771148319905065,-5.9471563052878835,-0.9236180697374632,0.17239,-0.3645,0.02936,-8.7,-34.4,-5.4
145.6631,6849.0549,-0.008888471017990972,-5.98434161781887,-0.7779170801200692,0.13085,-0.40421,0.0428,-8.7,-34.3,-5.2
145.6808,6849.0749,0.05277816704854537,-5.9343100967932765,-0.6303142286058918,-0.01026,-0.21362,0.00432,-8.7,-34.3,-5.1
145.7069,6849.0949,0.1517624488967965,-5.819839786588151,-0.5006115858161095,-0.29554,-0.08839,-0.1484,-8.8,-34.3,-5.1
145.7256,6849.115,0.36436591022750586,-5.665282279719731,-0.41126938515700395,-0.7036,-0.34984,-0.32188,-8.8,-34.2,-5.0
145.7467,6849.135,0.651661513268429,-5.509970217832989,-0.39586672003225054,-0.84898,-0.61373,-0.34265,-8.8,-34.3,-4.9
145.7654,6849.155,1.0228240813217344,-5.3591048824870455,-0.4757873397252972,-0.55882,-0.57342,-0.32188,-8.7,-34.3,-4.9
145.7823,6849.1751,1.3825129160250167,-5.209963838800474,-0.6585214840688849,-0.12694,-0.28264,-0.27179,-8.6,-34.2,-4.9
145.8115,6849.1951,1.626346301042848,-5.061995194089093,-0.925180507440345,0.06426,-0.05662,-0.15817,-8.6,-34.2,-5.0
145.8259,6849.2151,1.6934543015596322,-4.937019316667327,-1.2413767778797329,0.02028,-0.07067,-0.05127,-8.6,-34.1,-4.9
145.8417,6849.2351,1.6012129438242133,-4.837938800356803,-1.5551086779942622,0.00379,-0.09511,0.0373,-8.6,-34.1,-4.8
145.8677,6849.2552,1.425482019620758,-4.782946805762872,-1.8347210025687168,0.16994,-0.08472,0.17414,-8.5,-34.1,-4.8
145.9013,6849.2752,1.2410871594719979,-4.7818564053325066,-2.060397950689959,0.23286,-0.19773,0.28776,-8.5,-34.0,-4.8
145.9114,6849.2952,1.0109939744462926,-4.731907579611881,-2.152728417929902,0.20843,-0.41581,0.26943,-8.5,-34.0,-4.8
145.9229,6849.3152,0.8164634635284675,-4.69432427637126,-2.1797112576656357,0.05327,-0.42803,0.08373,-8.5,-34.0,-4.7
145.9405,6849.3353,0.6602867905198293,-4.666825267624404,-2.173076771759872,-0.04142,-0.13298,-0.06715,-8.5,-34.0,-4.9
145.9627,6849.3553,0.535004523153795,-4.6411960983344835,-2.160235416550311,-0.04081,0.10953,-0.11297,-8.5,-34.0,-4.9
145.9792,6849.3753,0.443184211011456,-4.640566901275016,-2.1761367139376286,0.01356,0.10892,-0.07082,-8.5,-34.0,-4.9
145.9992,6849.3954,0.3724041937648565,-4.6651471482851,-2.2232706286950776,0.08931,0.00813,-0.06104,-8.5,-33.9,-4.9
146.0266,6849.4154,0.3124310434611496,-4.713308195132467,-2.287934021191134,0.08442,-0.1061,-0.03966,-8.5,-33.9,-4.9
146.0408,6849.4355,0.23868974355074754,-4.768848262714577,-2.3377665791859696,0.03555,-0.06884,-0.02989,-8.5,-33.9,-4.9
146.0636,6849.4555,0.16544629173006664,-4.820354020351955,-2.3437281391068163,-0.03897,0.02951,-0.02012,-8.6,-33.9,-4.9
146.0846,6849.4755,0.10748780735396266,-4.864383092150896,-2.2879410178565625,-0.05241,0.1584,-0.03295,-8.6,-33.9,-4.9
146.1107,6849.4955,0.07788943365938568,-4.901345437203018,-2.1663530168408958,-0.03042,0.19139,0.01715,-8.6,-33.9,-4.8
146.1226,6849.5156,0.08529902193658498,-4.946502989457072,-1.997464194570032,0.02272,0.1639,0.06357,-8.6,-33.9,-4.7
146.1472,6849.5356,0.12235097968271964,-4.991861978775225,-1.796506398290692,0.06243,0.04722,0.09595,-8.6,-33.8,-4.6
146.1662,6849.5556,0.16328414144349557,-5.017810896840934,-1.5798365647553148,0.08076,-0.05296,0.16742,-8.7,-33.8,-4.6
146.1854,6849.5757,0.19190521632411756,-5.007835155059961,-1.3693895538212963,0.11313,0.00752,0.19002,-8.7,-33.8,-4.5
146.2095,6849.5957,0.20123216487588866,-4.952224642005904,-1.1881141345891848,0.16689,0.24331,0.1943,-8.7,-33.8,-4.5
146.2214,6849.6157,0.1525531125461043,-4.870085609332618,-1.0635370022539288,0.28417,0.35449,0.14604,-8.7,-33.8,-4.4
146.2701,6849.6357,0.18220521444228288,-4.780016400014538,-1.0075083379615766,0.36359,0.27447,0.18452,-8.7,-33.7,-4.2
146.2744,6849.6558,0.029199316503468596,-4.729560858758985,-1.0202838502526248,0.39596,0.057,0.19613,-8.7,-33.7,-4.2
146.2879,6849.6758,-0.112872713800263,-4.732412457852587,-1.076797833754961,0.32816,-0.12871,0.16742,-8.7,-33.7,-4.0
146.3014,6849.6958,-0.2628727311256484,-4.786301503047342,-1.133321155793336,0.27196,-0.05907,0.07457,-8.7,-33.6,-3.9
146.3232,6849.7159,-0.38110373122752006,-4.8823442737294975,-1.1483987305295464,0.20476,0.19444,0.02325,-8.6,-33.6,-3.8
146.3411,6849.7359,-0.45212856294004106,-5.0118864449924505,-1.0998104479546633,0.03005,0.33555,0.02997,-8.7,-33.6,-3.6
146.3662,6849.7559,-0.43962347526418905,-5.150023413580312,-0.9824998270258671,-0.05791,0.31234,0.03975,-8.7,-33.5,-3.4
146.3839,6849.7759,-0.3141543802379576,-5.2977779090616774,-0.835090988385069,-0.07746,0.2372,-0.00668,-8.8,-33.5,-3.2
146.4002,6849.796,-0.08664120781572954,-5.429946403244244,-0.7033312185890601,-0.16726,0.13641,-0.02806,-8.9,-33.4,-3.0
146.4242,6849.816,0.1874368906762696,-5.534998147943237,-0.6450119012144402,-0.32486,-0.1733,-0.12763,-8.9,-33.4,-2.9
146.4422,6849.836,0.5106158451444421,-5.596218310779019,-0.7001397918354506,-0.3719,-0.33701,-0.27424,-9.0,-33.4,-2.8
146.4704,6849.8561,0.7976720274897271,-5.586044300098743,-0.8673080445441048,-0.1587,0.06494,-0.3396,-9.0,-33.4,-2.7
146.4839,6849.8761,1.0566517352570375,-5.59430235198014,-1.1814323755003873,0.07953,0.51026,-0.32127,-9.0,-33.3,-2.5
146.5086,6849.8961,1.2235603474637478,-5.559547388126318,-1.5379145158800416,0.08259,0.63365,-0.22292,-8.9,-33.3,-2.3
146.5216,6849.9162,1.2977493347881914,-5.588176865670761,-1.9301953841139312,-0.01148,0.4058,-0.00851,-8.9,-33.3,-2.2
146.5427,6849.9363,1.2973823384630285,-5.604940878156138,-2.244758271776667,0.0099,0.23109,0.15398,-8.9,-33.3,-2.2
146.5679,6849.9563,1.24107964968579,-5.603111905306251,-2.444318146274637,0.08137,0.1975,0.24989,-8.8,-33.3,-2.1
146.5828,6849.9764,1.1391548346637237,-5.534780822237393,-2.4965502514977427,-0.06952,0.08021,0.3183,-8.9,-33.3,-2.0
146.6103,6849.9965,0.9937630891991533,-5.430246172804388,-2.456640436353201,-0.22773,-0.12687,0.29937,-8.8,-33.3,-2.0
146.6374,6850.0165,0.8112159503517334,-5.254596685417224,-2.3440755607771804,-0.15504,-0.13726,0.17597,-8.9,-33.2,-2.1
146.6463,6850.0365,0.623302914729225,-5.019155204619791,-2.2081078761312813,-0.10189,0.09548,0.0373,-8.9,-33.2,-2.2
146.668,6850.0565,0.4015777331025756,-4.773792713266879,-2.091094452117596,-0.15993,0.327,-0.07143,-8.9,-33.2,-2.3
146.6858,6850.0766,0.20380233440702727,-4.579311660448438,-2.012358926799193,-0.1868,0.32517,-0.14168,-8.8,-33.2,-2.4
146.7035,6850.0966,0.06298328013430418,-4.466694893832135,-1.9448196892053984,-0.22651,0.01851,-0.14962,-8.8,-33.1,-2.4
146.7238,6850.1166,0.0010887061698959836,-4.44141903476797,-1.8466014899276528,-0.25827,-0.31868,-0.13435,-8.8,-33.1,-2.4
146.7472,6850.1367,0.0176470837720031,-4.48652691495505,-1.6859083816586224,-0.29676,-0.36878,-0.19421,-8.8,-33.1,-2.5
146.7706,6850.1567,0.10455309021964387,-4.574231378664316,-1.4601254644627648,-0.33341,-0.21789,-0.30295,-8.8,-33.1,-2.6
146.7973,6850.1767,0.23859984641614312,-4.685352286884852,-1.2060021745068354,-0.3438,-0.2411,-0.30845,-8.8,-33.2,-2.7
146.8075,6850.1967,0.4374362852378364,-4.814645687300137,-0.9907303822798745,-0.18741,-0.38099,-0.31822,-8.8,-33.1,-2.7
146.8259,6850.2168,0.6342981071166395,-4.936946494393878,-0.8659355843100531,0.1956,-0.65649,-0.53752,-8.8,-33.1,-2.8
146.8418,6850.2368,0.7890806477243164,-5.053234680340767,-0.8702141268268129,0.30433,-0.62045,-0.6939,-8.7,-33.0,-2.8
146.8688,6850.2568,0.9101400392454756,-5.140942115076493,-0.9929769847136871,0.26218,-0.48056,-0.62548,-8.6,-33.0,-2.7
146.8869,6850.2768,0.9261185143894723,-5.258955407453282,-1.2266264659246922,0.2237,-0.3193,-0.56379,-8.4,-33.0,-2.7
146.9107,6850.2969,0.8862417100146905,-5.38950436908867,-1.5123345491628264,0.20049,-0.60885,-0.50148,-8.1,-33.0,-2.7
146.9364,6850.3169,0.8007304068544496,-5.540413023566722,-1.8018256202968743,0.14062,-0.36267,-0.31211,-7.9,-33.0,-2.5
146.9458,6850.3369,0.6661538699849009,-5.697010319877847,-2.0430375332893673,0.18521,-0.30647,-0.14901,-7.7,-33.1,-2.5
146.9708,6850.357,0.545911817985151,-5.862293572804381,-2.2179961537486292,0.25668,-0.37427,-0.02623,-7.6,-33.1,-2.3
146.9888,6850.377,0.40411863238445045,-6.001730501459452,-2.2843468338446433,0.33915,-0.45491,0.12527,-7.4,-33.1,-2.2
147.0025,6850.397,0.2581073353447665,-6.093550188789043,-2.2223883139401845,0.4485,-0.49034,0.24805,-7.2,-33.1,-2.2
147.0222,6850.417,0.17236095401176962,-6.151759868929991,-2.0524187021096383,0.35198,-0.46712,0.33541,-7.0,-33.1,-2.1
147.0434,6850.4371,0.155498096196888,-6.14841003493792,-1.7717907581325,-0.02615,0.01118,0.41971,-6.8,-33.1,-1.8
147.0732,6850.4571,0.21858972105696176,-6.1019751051528965,-1.4296198315539943,-0.2314,0.32883,0.49545,-6.7,-33.1,-1.5
147.0814,6850.4771,0.45854017504507716,-5.958405725977123,-1.0397901543679584,-0.30287,0.30745,0.43314,-6.5,-33.0,-1.3
147.103,6850.4971,0.7725316755690249,-5.812700220732566,-0.7264348800572815,-0.36212,0.08326,0.23828,-6.4,-33.0,-1.2
147.1218,6850.5171,1.1758243854867378,-5.642391361025668,-0.5353501084073056,-0.24789,-0.16047,0.03425,-6.4,-33.0,-1.1
147.1479,6850.5371,1.5805425311337487,-5.444741695949436,-0.5070910279573209,0.00928,0.02401,-0.10808,-6.3,-32.9,-1.0
147.1665,6850.5571,1.9053206929546536,-5.236785162310657,-0.6581666650277711,0.22248,0.44001,-0.03295,-6.3,-32.9,-0.9
147.1818,6850.5771,2.0760603944727754,-5.044787708724267,-0.962672349778904,0.35503,0.78393,0.16986,-6.4,-32.9,-1.0
147.2018,6850.5971,2.098595760948089,-4.864450523933057,-1.3530336241608385,0.49859,0.75522,0.35557,-6.5,-32.8,-0.9
147.2253,6850.6171,1.9881459666466905,-4.721195068867938,-1.7606900105324126,0.50775,0.52736,0.34518,-6.6,-32.7,-0.7
147.2499,6850.6371,1.7835091745011769,-4.62509286743056,-2.1188903969830584,0.39535,0.49682,0.29204,-6.8,-32.6,-0.6
147.2688,6850.6571,1.534358970012131,-4.57696642744601,-2.3840511879046185,0.30067,0.39053,0.38672,-6.9,-32.6,-0.4
147.2854,6850.6771,1.3146567690628113,-4.574555959353047,-2.5486455442111673,0.20171,0.50904,0.45941,-7.0,-32.5,-0.3
147.3028,6850.6971,1.1632460739938963,-4.6271878511149716,-2.632382175299324,0.33793,0.08815,0.23889,-7.2,-32.5,-0.1
147.3228,6850.7171,1.0805565977716485,-4.741553251408327,-2.6649117236690296,0.02333,0.25553,0.2902,-7.4,-32.4,0.0
147.3443,6850.7371,1.051122488977185,-4.910595710898616,-2.670762832269955,-0.2033,0.49438,0.31342,-7.7,-32.3,0.0
147.3632,6850.7571,1.0842760694602755,-5.118305828518466,-2.6679601219723974,-0.27782,0.61472,0.34885,-7.8,-32.3,0.1
147.3823,6850.7771,1.18168112110592,-5.347659591111724,-2.665141641071852,-0.31142,0.67031,0.44109,-8.0,-32.2,0.2
147.4023,6850.7971,1.332587397351749,-5.582701478390374,-2.6645743129813573,-0.08906,0.59273,0.40932,-8.1,-32.2,0.3
147.4211,6850.817,1.5044784582643957,-5.798361982577464,-2.654142927833611,-0.07257,0.29462,0.66772,-8.3,-32.1,0.4
147.4409,6850.837,1.65850674537423,-5.965786143168962,-2.6125623895972083,-0.20757,0.36121,0.91206,-8.6,-32.1,0.5
147.4645,6850.857,1.7736066359800582,-6.056663435113591,-2.518928200598304,-0.21551,0.79859,0.96948,-8.8,-32.0,0.7
147.4808,6850.877,1.8483890461310817,-6.049774072944572,-2.3627307641213333,-0.10434,1.34226,0.92856,-9.0,-31.9,0.8
147.5026,6850.897,1.9049790188996136,-5.972368605190322,-2.179458838309924,0.06487,1.47909,0.86197,-9.3,-31.7,0.8
147.5241,6850.917,1.9583546266009877,-5.873996214313219,-2.0138085943365,0.18949,1.39601,0.82288,-9.7,-31.6,0.7
147.5442,6850.937,2.0188118323780793,-5.791953966539848,-1.8897043125632358,0.17239,1.42289,0.87663,-10.1,-31.5,0.5
147.5684,6850.957,2.0984498772252476,-5.7152432272147315,-1.7921296919651457,0.06854,1.54201,0.98109,-10.5,-31.3,0.5
147.5863,6850.977,2.1840838145689965,-5.653485272229104,-1.7188710678669121,0.05632,1.63486,1.07333,-10.8,-31.2,0.3
147.6028,6850.997,2.273292079414682,-5.578591203519194,-1.6527434276237525,0.12046,1.81568,1.16924,-11.3,-31.0,0.0
147.6202,6851.017,2.3504131301881674,-5.47546138290091,-1.5923345164502862,0.1003,1.93419,1.20772,-11.7,-30.8,-0.3
147.6424,6851.037,2.399748124689664,-5.324914903117178,-1.5387163013234595,0.14306,2.04536,1.29019,-12.3,-30.5,-0.5
147.6662,6851.057,2.4041219926402158,-5.13983486888191,-1.5104354302833212,0.26768,1.97573,1.32379,-13.2,-30.2,-1.2
147.6886,6851.077,2.3520496297098377,-4.9429676039311605,-1.5219357868737013,0.30189,2.1877,1.32012,-14.0,-29.6,-1.7
147.7032,6851.097,2.256510932103151,-4.779213360344192,-1.5927473761177886,0.18644,2.37462,1.3806,-14.9,-29.4,-2.3
147.7207,6851.117,2.132066918740829,-4.600377511488051,-1.6771093402747574,0.10214,2.41066,1.41297,-15.3,-28.9,-2.4
147.7407,6851.137,1.9942279643919805,-4.415619061290162,-1.7595771920174705,-0.00049,2.40638,1.3244,-15.7,-28.2,-4.1
147.7627,6851.157,1.8592380106475541,-4.2294920788958015,-1.823451889077444,-0.09701,2.38317,1.22055,-16.4,-27.9,-4.3
147.7808,6851.177,1.7666096556294661,-4.057913905833733,-1.8686546409007336,-0.10617,2.36057,1.1955,-17.1,-27.4,-5.5
147.8008,6851.197,1.6873046803601683,-3.891305038361066,-1.8736877625591521,-0.07196,2.31598,1.25048,-17.5,-26.8,-5.6
147.8271,6851.217,1.5900703142300405,-3.7325192672890704,-1.8319181914460074,0.00623,2.30681,1.29874,-17.8,-26.1,-6.8
147.8458,6851.2369,1.52556929982285,-3.6337860628422125,-1.7799465743948897,-0.0066,2.25061,1.31401,-18.4,-25.3,-7.6
147.8651,6851.2569,1.4504052750949281,-3.5874384530967327,-1.707425615554195,-0.05241,2.1767,1.27308,-18.4,-24.9,-9.1
147.8815,6851.2769,1.3829919141096918,-3.601497580305275,-1.6244550897246093,-0.13305,2.16448,1.24926,-19.3,-24.5,-10.9
147.9011,6851.2969,1.299170406718793,-3.6650971096618017,-1.5269986274500802,-0.20269,2.07896,1.26575,-19.4,-24.1,-11.3
147.9391,6851.3169,1.1367867841261634,-3.7829410374952297,-1.4170176619848753,-0.21124,1.99649,1.23521,-19.3,-23.3,-12.7
147.943,6851.3369,1.1247941862627708,-3.9065479366704228,-1.3160593585044502,-0.25889,1.86149,1.15946,-19.6,-22.5,-12.7
147.9655,6851.3569,1.0419203781396191,-4.070717330910868,-1.222453537694859,-0.23201,1.65685,1.13931,-19.3,-22.0,-14.2
147.9835,6851.3769,0.959818883146021,-4.249799213612821,-1.1487946709243584,-0.21124,1.52491,1.08983,-19.3,-21.6,-14.7
148.0028,6851.3969,0.8575767253803174,-4.447253730343389,-1.1076988906731184,-0.23323,1.58905,1.08188,-19.7,-21.3,-16.0
148.022,6851.4169,0.7461746363975083,-4.65444035579475,-1.1066486703969947,-0.25461,1.61104,1.07578,-18.4,-20.8,-16.1
148.0449,6851.4369,0.6347549606538068,-4.865851599404937,-1.1493406728045805,-0.28882,1.60065,1.02385,-19.0,-20.1,-17.5
148.0651,6851.4569,0.5563160952336565,-5.048478289909437,-1.2179000417707542,-0.26683,1.58111,0.90473,-19.0,-19.7,-18.4
148.0861,6851.4769,0.5107279221494495,-5.1943481074210975,-1.295330327021805,-0.29004,1.49131,0.75018,-19.0,-19.7,-19.2
148.1064,6851.4969,0.5002585748732338,-5.2941477555917995,-1.3548758297243868,-0.26988,1.44122,0.64084,-18.8,-19.1,-20.1
148.1228,6851.5169,0.5213962829488895,-5.345620804342844,-1.3686436876994907,-0.25889,1.49009,0.68726,-18.1,-18.2,-20.6
148.1424,6851.5369,0.5284004293441382,-5.379813540033811,-1.330626289203762,-0.26438,1.43633,0.77218,-18.0,-18.1,-22.0
148.1633,6851.5569,0.5018766730971235,-5.405884518706546,-1.2344556815434942,-0.25033,1.3111,0.86747,-17.3,-17.6,-21.9
148.1829,6851.5769,0.4175532373711511,-5.433464393240512,-1.0910928878235087,-0.18253,1.09791,0.93711,-17.2,-17.2,-22.3
148.2043,6851.5969,0.26454801099326053,-5.477210821986949,-0.9333782999866251,-0.0683,0.90366,0.97804,-17.1,-17.0,-22.2
148.2248,6851.6169,0.04495640035041377,-5.543329083277135,-0.8032715295342783,-0.01271,0.81264,0.95421,-17.2,-16.6,-23.6
148.2682,6851.6369,-0.1614557902590956,-5.621631625118195,-0.7374256119454969,0.01051,0.78454,0.90412,-17.0,-15.9,-23.5
148.2721,6851.6568,-0.42744529331153275,-5.730677112847326,-0.7847423371459943,0.06426,0.71612,0.79905,-17.0,-16.1,-23.9
148.2828,6851.6768,-0.6188030261255514,-5.8280476440902556,-0.9310216580777002,0.1284,0.60555,0.68849,-16.8,-16.1,-23.8
148.3021,6851.6968,-0.7072498619831358,-5.903433527610673,-1.1483812241779194,0.17911,0.49621,0.55104,-16.6,-15.6,-23.8
148.3204,6851.7168,-0.7006413108002261,-5.966746610200988,-1.3919423981796246,0.17422,0.38442,0.44109,-16.7,-15.7,-24.1
148.3409,6851.7368,-0.6251886337088051,-6.0205759666946985,-1.5926090943202151,0.16444,0.24209,0.369,-16.5,-15.5,-24.5
148.3667,6851.7568,-0.5220160004438463,-6.0658135007628955,-1.6827120933327393,0.11802,0.13519,0.30547,-16.3,-15.3,-24.9
148.382,6851.7768,-0.4471678872831181,-6.106886229784178,-1.626007848015517,-0.01332,0.1303,0.25783,-16.1,-15.0,-25.2
148.4057,6851.7968,-0.3862279403465131,-6.121295700594229,-1.4088883035443356,-0.16787,-0.00898,0.22851,-15.9,-14.8,-25.4
148.4232,6851.8168,-0.379168029921214,-6.075123145607015,-1.064304287439283,-0.40122,-0.40787,0.099,-15.7,-14.6,-25.7
148.4411,6851.8368,-0.3931761052661498,-5.950452632398729,-0.6749954945789742,-0.55882,-0.5728,-0.09892,-15.6,-14.4,-25.8
148.4659,6851.8568,-0.40002218185037197,-5.75521828847608,-0.35663005391603697,-0.50018,-0.46651,-0.33777,-15.5,-14.2,-26.0
148.49,6851.8768,-0.41812858885170334,-5.462967663710754,-0.1869491691274554,-0.26805,-0.17635,-0.5253,-15.6,-14.1,-26.2
148.5061,6851.8968,-0.3650148814683359,-5.085636786090672,-0.21318909469921543,-0.02309,0.15596,-0.57417,-15.6,-13.9,-26.4
148.5246,6851.9168,-0.2364620186606701,-4.7016665943235445,-0.4505874176138125,0.12229,0.26042,-0.50759,-15.5,-13.8,-26.4
148.5429,6851.9368,-0.022098050387043572,-4.365359067344222,-0.8377701735382193,0.14734,0.17856,-0.3225,-15.4,-13.7,-26.4
148.5675,6851.9568,0.2122299952298641,-4.117102022220125,-1.2795005213633157,0.12535,-0.01447,-0.1374,-15.4,-13.7,-26.5
148.5941,6851.9768,0.4162859628786622,-3.9764110477547754,-1.6794972918353004,0.13634,-0.09266,4e-05,-15.3,-13.6,-26.5
148.6156,6851.9968,0.525147501542499,-3.947328856321666,-1.9718016463487498,0.11191,-0.18002,0.1271,-15.3,-13.6,-26.6
148.6228,6852.0168,0.4823273083310103,-4.026893739295717,-2.1385351208279326,0.06976,-0.34556,0.2059,-15.3,-13.6,-26.6
148.6435,6852.0368,0.3834836158706403,-4.140136149882012,-2.183633456213027,0.0496,-0.41948,0.24744,-15.2,-13.5,-26.6
148.674,6852.0567,0.2549962060227174,-4.269760553905548,-2.165741907705134,0.09419,-0.39932,0.25599,-15.2,-13.5,-26.6
148.6854,6852.0767,0.05602105875513247,-4.442734743666301,-2.175710949929428,0.07831,-0.23255,0.20896,-15.3,-13.5,-26.7
148.7097,6852.0967,-0.08553968431273258,-4.593805473051764,-2.2384410843485574,0.09297,-0.08961,0.16681,-15.3,-13.4,-26.7
148.7243,6852.1167,-0.1713150559583261,-4.745941291890863,-2.3878086850067826,0.15162,-0.12871,0.14543,-15.4,-13.4,-26.8
148.7419,6852.1367,-0.17188421642042592,-4.879273147749951,-2.590780777572684,0.17483,-0.14153,0.13382,-15.5,-13.4,-26.7
148.7694,6852.1567,-0.09730252050180274,-4.99329376065758,-2.7949346082122046,0.10886,-0.12687,0.11366,-15.5,-13.4,-26.6
148.7856,6852.1767,0.008099909172110153,-5.113976504209256,-2.9564589130769727,0.01173,-0.02913,0.01776,-15.5,-13.4,-26.5
148.8029,6852.1967,0.12249306596416219,-5.2270629481475845,-3.0119166163548217,-0.11411,-0.00348,-0.0867,-15.6,-13.4,-26.4
148.8279,6852.2167,0.223245723954795,-5.336236552147324,-2.935429342549824,-0.19108,-0.09816,-0.11541,-15.6,-13.4,-26.5
148.8451,6852.2367,0.2942108701180718,-5.419622450672723,-2.714489902399454,-0.20269,-0.16658,-0.10136,-15.7,-13.4,-26.5
148.8766,6852.2567,0.3437909159554459,-5.498541810497663,-2.4031373304243555,-0.09762,-0.28509,-0.0696,-15.7,-13.4,-26.6
148.8971,6852.2767,0.34120458234563134,-5.573256185271337,-2.0581927561304587,-0.01332,-0.23744,-0.03111,-15.8,-13.3,-26.7
148.9107,6852.2967,0.3001473735345471,-5.671857281292361,-1.7610351435691083,0.08076,-0.05113,0.02692,-16.0,-13.3,-26.6
148.9235,6852.3167,0.24913547511319475,-5.806163719619161,-1.563974113885024,0.20476,0.08998,0.01531,-16.0,-13.3,-26.5
148.9453,6852.3367,0.2000971709922508,-5.9618044449689185,-1.4687560119087966,0.30922,0.13641,-0.03356,-16.2,-13.2,-26.5
148.9775,6852.3567,0.16648447660723587,-6.123721304460154,-1.4411064876881579,0.3361,0.02157,-0.09098,-16.3,-13.2,-26.5
148.9855,6852.3767,0.22222354439743316,-6.3618410056305565,-1.4876394855174535,0.30372,-0.10183,-0.16978,-16.2,-13.2,-26.3
149.0023,6852.3967,0.2776114522468957,-6.571758687842126,-1.4826705062408525,0.26524,-0.00348,-0.18322,-16.3,-13.2,-26.3
149.0235,6852.4167,0.31057620646449985,-6.729986287076222,-1.3823118951694706,0.13512,0.11808,-0.13924,-16.3,-13.3,-26.2
149.0444,6852.4367,0.3148733154497184,-6.795497836092196,-1.1682549449358177,-0.0628,0.11564,-0.19116,-16.2,-13.3,-26.1
149.0654,6852.4567,0.29809705625887495,-6.726319065383971,-0.8593085115003536,-0.21979,0.10159,-0.28645,-16.2,-13.3,-26.2
149.0846,6852.4766,0.289063876139297,-6.492629836226763,-0.5081670877295199,-0.37251,-0.23805,-0.40985,-16.2,-13.3,-26.3
149.1109,6852.4966,0.3106930743210634,-6.134692294988677,-0.21835648574927902,-0.48613,-0.53127,-0.46177,-16.1,-13.4,-26.3
149.1372,6852.5166,0.3573859680334344,-5.649995950241543,-0.03989099670486418,-0.35357,-0.46529,-0.60105,-16.1,-13.4,-26.3
149.1482,6852.5366,0.48023415525588015,-5.069314448918525,-0.008628363773219405,-0.01576,-0.00898,-0.66214,-16.0,-13.5,-26.2
149.1671,6852.5566,0.6049331640741493,-4.5237868919768225,-0.1518256434346874,0.3361,0.35999,-0.54241,-16.1,-13.5,-26.1
149.1816,6852.5766,0.7984813630012502,-4.0998308744805385,-0.4254654483930693,0.44361,0.3777,-0.33044,-16.0,-13.6,-26.1
149.2036,6852.5966,0.9566477427604192,-3.8248720305289368,-0.7326166819320239,0.39963,0.37404,-0.14901,-15.9,-13.7,-26.2
149.2218,6852.6166,1.0979035633924084,-3.729360562046647,-1.0124456456315603,0.29334,0.30073,0.0428,-15.8,-13.8,-26.3
149.2434,6852.6366,1.1613849490789845,-3.7527181202019033,-1.208336781697076,0.26096,0.17123,0.16375,-15.7,-14.0,-26.4
149.2635,6852.6566,1.138648341916331,-3.8453303188176746,-1.3243346917496215,0.24935,-0.27226,0.2395,-15.6,-14.0,-26.3
149.2814,6852.6766,1.0298996114124823,-3.962827102318978,-1.4014707026042892,0.28173,-0.5502,0.28348,-15.6,-14.1,-26.4
149.3065,6852.6966,0.8902406136171561,-4.048148352017102,-1.4886280461779098,0.34465,-0.42803,0.28104,-15.5,-14.2,-26.4
149.3241,6852.7166,0.708931175366396,-4.158210913808728,-1.662212982106027,0.33976,-0.07556,0.18391,-15.5,-14.3,-26.4
149.3414,6852.7366,0.5574430993815392,-4.266717483244311,-1.9272999442969452,0.24691,0.23781,0.03853,-15.4,-14.4,-26.4
149.3638,6852.7566,0.46171014500164237,-4.364691511431902,-2.2432662829439423,0.16933,0.29279,-0.10747,-15.4,-14.5,-26.5
149.3837,6852.7766,0.4573386152524242,-4.4551315188979315,-2.5421648920327042,0.1901,0.19627,-0.15878,-15.4,-14.6,-26.6
149.4042,6852.7966,0.5185576495989949,-4.538972740510762,-2.746962420547935,0.17788,-0.07434,-0.09281,-15.3,-14.7,-26.5
149.4218,6852.8166,0.6040399902113797,-4.629850462140662,-2.813043993776077,0.05999,-0.29242,0.03669,-15.3,-14.8,-26.5
149.4439,6852.8366,0.6857262092111499,-4.7300461200848956,-2.7303425882775487,-0.02798,-0.29914,0.13932,-15.3,-14.9,-26.6
149.4671,6852.8566,0.7343538082356543,-4.842032249180609,-2.528051849747934,-0.04753,-0.22095,0.17964,-15.2,-15.0,-26.5
149.4849,6852.8765,0.7363045841857838,-4.958695720337299,-2.256450223256885,-0.01271,-0.09022,0.10389,-15.2,-15.0,-26.4
149.5053,6852.8965,0.7245243246117163,-5.070356907612131,-1.9742088943122926,0.12657,0.0625,-0.05799,-15.2,-15.1,-26.3
149.5208,6852.9165,0.7463115198075265,-5.188648393247114,-1.7381756881576038,0.26035,0.13519,-0.15878,-15.2,-15.1,-26.1
149.5412,6852.9365,0.8124170327251906,-5.317599166623062,-1.5672793732973407,0.2237,0.11442,-0.11602,-15.2,-15.1,-26.0
149.565,6852.9565,0.9339708612654404,-5.473080261173168,-1.4613255821265714,0.09786,0.03073,0.02142,-15.2,-15.2,-25.9
149.5949,6852.9765,1.0822340997651811,-5.649163362616995,-1.38822716962785,0.02395,-0.07006,0.09656,-15.2,-15.3,-25.9
149.604,6852.9965,1.1583881803940619,-5.828417695472318,-1.2989707918119429,0.00745,-0.05051,0.11061,-15.3,-15.3,-26.0
149.6228,6853.0165,1.1409099478833813,-5.955460601968155,-1.1396364996101607,0.03433,0.07655,0.07212,-15.3,-15.4,-26.0
149.6416,6853.0365,0.9976913093621692,-6.000833669322417,-0.8927903034287592,-0.01454,0.09915,0.00065,-15.2,-15.5,-26.1
149.6657,6853.0565,0.7454000561805096,-5.958773623383327,-0.5830772618326989,-0.16726,0.11442,-0.1093,-15.2,-15.6,-26.0
149.6905,6853.0766,0.4488405820242327,-5.82981404510974,-0.2538003585480517,-0.44214,-0.03524,-0.27851,-15.1,-15.6,-26.1
149.7131,6853.0966,0.1682949689815294,-5.588673766044318,0.0626213606446484,-0.67122,-0.36694,-0.38908,-15.1,-15.7,-26.1
149.7303,6853.1166,-0.07100035806125292,-5.2112132234055055,0.3224396250673607,-0.60219,-0.53004,-0.3958,-15.0,-15.7,-26.0
149.7441,6853.1367,-0.24950689094729597,-4.7610846771724225,0.4358830869995902,-0.13183,-0.40482,-0.37442,-15.0,-15.7,-26.0
149.7654,6853.1567,-0.36191851674950964,-4.308746080219906,0.34530352599949765,0.40696,-0.18368,-0.32494,-14.9,-15.7,-26.0
149.7815,6853.1767,-0.3855111970948147,-3.9707829477199,0.03003299316126551,0.52363,-0.05357,-0.13924,-14.9,-15.7,-26.1
149.8037,6853.1967,-0.3372415619094933,-3.7596970411937836,-0.43878058431011624,0.41429,-0.11893,-0.00851,-14.8,-15.7,-26.1
149.8231,6853.2168,-0.23189082744028064,-3.721139168690425,-0.9856732781533015,0.37825,-0.24782,0.02509,-14.7,-15.8,-26.3
149.8537,6853.2368,-0.09147301329694775,-3.7637180111169144,-1.4948976686294095,0.34343,-0.31258,0.11244,-14.7,-15.9,-26.3
149.8707,6853.2568,-0.008307591660820873,-3.9009662587588627,-1.9332034283946102,0.1846,-0.42009,0.12893,-14.6,-16.0,-26.4
149.8922,6853.2768,0.048798672704412085,-4.0378887951816775,-2.257082683089016,0.11558,-0.4152,0.06113,-14.5,-16.0,-26.3
149.927,6853.2969,0.095649756708774,-4.1415208366538305,-2.4792118262723744,0.11435,-0.28387,-0.02439,-14.5,-16.0,-26.2
149.9298,6853.3169,0.10750547410614662,-4.256020903331058,-2.665177187358995,0.12657,-0.2069,-0.03722,-14.4,-16.0,-26.2
149.9469,6853.3369,0.1421966823051061,-4.3385584903062835,-2.822260705367577,0.11924,-0.11588,4e-05,-14.4,-16.1,-26.3
149.9701,6853.357,0.19544874656830757,-4.410305807079535,-2.9704304793093916,0.11374,0.0008,-0.00607,-14.4,-16.1,-26.2
149.9892,6853.377,0.2652726616389704,-4.490865000902121,-3.105570730207015,0.1284,-0.02852,-0.03661,-14.4,-16.2,-26.0
150.0036,6853.397,0.3359053245506294,-4.588085646241605,-3.1998475408918328,0.13146,-0.11282,-0.04822,-14.5,-16.2,-25.9
150.0227,6853.417,0.3883472894618507,-4.698801587809647,-3.2143817748927175,0.04655,-0.29058,-0.05188,-14.6,-16.3,-25.9
150.0442,6853.4371,0.40329235712018735,-4.827716129168197,-3.1252988247273192,-0.06707,-0.34923,-0.05738,-14.7,-16.5,-25.9
150.0652,6853.4571,0.37030841912469076,-4.970240089834741,-2.92174124400385,-0.10983,-0.23316,-0.09159,-14.7,-16.6,-25.7
150.0812,6853.4771,0.29808773917728604,-5.115282682635114,-2.612546791650761,-0.05974,-0.10488,-0.07204,-14.7,-16.7,-25.6
150.1044,6853.4972,0.21608797210360448,-5.256861885002878,-2.232278444053657,0.03677,-0.10244,0.01165,-14.8,-16.8,-25.5
150.1211,6853.5172,0.1401417718088623,-5.399107067100345,-1.8340488592758772,0.14795,-0.11771,0.07518,-14.9,-16.9,-25.3
150.1422,6853.5372,0.08880130619637704,-5.536720684215628,-1.4636784042307482,0.20232,-0.04807,0.05013,-14.9,-16.9,-25.2
150.1733,6853.5572,0.05441385763407415,-5.664870081950864,-1.1532894928587574,0.25363,0.06372,-0.11908,-15.0,-17.0,-25.0
150.1825,6853.5773,0.1020970603130003,-5.838613472951497,-0.9525177985636049,0.21881,0.01668,-0.24736,-15.1,-17.0,-24.9
150.2111,6853.5973,0.14223113096486772,-5.977451713567142,-0.7990498370885355,0.18949,0.00202,-0.24858,-15.1,-17.2,-24.8
150.2355,6853.6173,0.22226216391508,-6.100895643177802,-0.6853618066884657,0.24447,0.13213,-0.18016,-15.0,-17.3,-24.6
150.2452,6853.6374,0.34893862866950154,-6.2026938385095445,-0.5911041459574342,0.21148,0.25309,-0.12457,-14.9,-17.3,-24.3
150.2673,6853.6574,0.42116278907108046,-6.235180256434289,-0.48108842164441157,-0.00965,0.28057,-0.1203,-14.9,-17.5,-24.3
150.3207,6853.6773,0.40823558092726814,-6.282547141226478,-0.4303531059384511,-0.22468,0.37098,-0.13068,-14.7,-17.6,-24.1
150.3222,6853.6973,0.494186954218115,-6.053302994689309,-0.2903448176596779,-0.41893,0.20727,-0.19055,-14.6,-17.6,-24.0
150.3237,6853.7173,0.5908089201465463,-5.701393795669372,-0.2039979962720384,-0.55027,-0.12199,-0.31211,-14.5,-17.7,-23.8
150.3437,6853.7373,0.6618962388669746,-5.346190032979599,-0.2619209066449564,-0.42809,-0.04257,-0.40557,-14.3,-17.7,-23.6
150.3608,6853.7573,0.7610089200923278,-4.929847717736056,-0.4219495584717894,-0.02492,0.50049,-0.44345,-14.2,-17.8,-23.6
150.382,6853.7773,0.8612266156001072,-4.539668976001855,-0.6824566548738975,0.17605,0.83646,-0.3286,-14.1,-17.9,-23.5
150.4032,6853.7973,0.9942365685386414,-4.232975097862152,-0.9981252283619035,0.00684,0.81386,-0.10075,-13.8,-17.9,-23.4
150.4213,6853.8173,1.1434334763038267,-4.026169333393317,-1.2964663296576013,-0.20696,0.60372,0.05807,-13.6,-18.0,-23.4
150.4421,6853.8373,1.2343129868208669,-3.9041514541349094,-1.5066095930413415,-0.18558,0.51698,0.10267,-13.4,-18.1,-23.5
150.4666,6853.8573,1.2455873411615435,-3.833543696033543,-1.5944202979719417,-0.12449,0.34533,0.1271,-13.1,-18.1,-23.5
150.481,6853.8773,1.162360939068403,-3.7740592203383403,-1.5641353791094819,-0.17581,-0.12138,0.16559,-12.8,-18.2,-23.7
150.5014,6853.8973,1.0308145659650079,-3.731676454770052,-1.4803229939853857,-0.15321,-0.37916,0.1778,-12.6,-18.2,-23.6
150.5228,6853.9173,0.8608266761781607,-3.707642951149782,-1.4107750586679515,-0.04508,-0.26126,0.19674,-12.4,-18.2,-23.7
150.5406,6853.9373,0.6669694949124925,-3.720757123495954,-1.4210073219385606,0.09419,0.09059,0.20163,-12.2,-18.1,-23.9
150.5642,6853.9573,0.4895764866204327,-3.7758505356190275,-1.5414550743400834,0.15223,0.33922,0.20041,-12.1,-18.1,-24.0
150.5823,6853.9773,0.37074755821703426,-3.8889318797156442,-1.7677203595081945,0.15711,0.34166,0.18513,-12.0,-18.0,-24.1
150.6012,6853.9973,0.3179990115140076,-4.040533080114426,-2.0468638211471557,0.16994,0.19444,0.2059,-11.8,-18.1,-24.3
150.6209,6854.0173,0.31674220397730757,-4.212558710436383,-2.314623028213302,0.18521,0.02218,0.20896,-11.7,-18.1,-24.4
150.643,6854.0373,0.3435024067009606,-4.383769577751912,-2.513169513959771,0.16567,0.03806,0.19124,-11.5,-18.2,-24.6
150.6637,6854.0573,0.3795019514953758,-4.54133664909828,-2.609788459248117,0.10397,-0.00409,0.11855,-11.3,-18.2,-24.6
150.6851,6854.0773,0.42722340536610637,-4.669836795940721,-2.5928804466771886,0.1003,-0.05662,0.06907,-11.2,-18.3,-24.7
150.7047,6854.0973,0.4966573303556027,-4.77239277519448,-2.4786772620033446,0.17483,-0.1507,0.00432,-11.1,-18.3,-24.7
150.7275,6854.1172,0.5993256606280477,-4.860364225998682,-2.2951743661657824,0.22797,-0.21239,-0.04089,-11.0,-18.4,-24.6
150.7441,6854.1372,0.7360576593015153,-4.977632017833904,-2.0876080756467363,0.15039,-0.18246,-0.03172,-11.0,-18.5,-24.7
150.7643,6854.1572,0.8965003039819323,-5.1361062787166425,-1.8715161478581415,0.05082,-0.15681,0.02387,-11.0,-18.6,-24.6
150.7863,6854.1772,1.050379941311516,-5.339830124314409,-1.648343768346276,-0.04814,-0.25149,0.03242,-11.0,-18.6,-24.5
150.801,6854.1972,1.1406459228515362,-5.5539592570025285,-1.3886643704790504,-0.11167,-0.27043,0.03486,-11.0,-18.7,-24.4
150.8241,6854.2172,1.1587449277554858,-5.733272087456106,-1.0685164127861437,-0.10495,-0.18918,0.05441,-11.0,-18.8,-24.3
150.8408,6854.2372,1.0741005684087253,-5.826868437670255,-0.67132843160039,-0.1587,-0.08656,0.09534,-11.0,-18.9,-24.1
150.8618,6854.2572,0.9275265345959093,-5.825109110062911,-0.2313732654102285,-0.38045,-0.03585,0.11855,-11.0,-19.0,-23.9
150.8813,6854.2772,0.7323116033231384,-5.7037495426347276,0.2190312990495702,-0.77507,-0.18063,0.07029,-11.0,-19.1,-23.8
150.9041,6854.2972,0.5236510360177873,-5.484204731122357,0.6092512882650443,-0.98093,-0.49217,-0.19971,-11.1,-19.1,-23.7
150.9368,6854.3172,0.309868912613295,-5.196641187644259,0.8621760537038536,-0.67061,-0.3364,-0.4013,-11.1,-19.1,-23.6
150.9525,6854.3372,0.11218819482429043,-4.701093151446139,0.983673371179016,-0.17703,-0.15742,-0.44222,-11.2,-19.1,-23.6
150.9643,6854.3572,-0.016267967311971634,-4.2158834536677,0.8411737216868893,0.30983,-0.00653,-0.25591,-11.3,-19.1,-23.5
150.9851,6854.3772,-0.08090877914907958,-3.8056716254098744,0.44305713950210013,0.44911,-0.05051,0.06724,-11.2,-19.1,-23.3
151.0038,6854.3972,-0.08951016190629248,-3.5884892214228556,-0.16602138554996948,0.45094,-0.15558,0.33846,-11.3,-19.2,-23.2
151.0212,6854.4172,-0.08983294602948849,-3.5768304825649104,-0.8760746156845229,0.49798,-0.09816,0.34946,-11.4,-19.2,-23.2
151.0466,6854.4372,-0.08989898079065854,-3.697659439695404,-1.5574423806745923,0.34831,-0.00409,0.28898,-11.5,-19.3,-23.0
151.0654,6854.4572,-0.10977028822470962,-3.9194656880526453,-2.1382393736989913,0.07465,-0.02303,0.17903,-11.6,-19.3,-22.9
151.0835,6854.4772,-0.1156286499535614,-4.145061635592727,-2.5632342862857946,-0.08906,-0.09083,0.06479,-11.6,-19.4,-22.9
151.1045,6854.4971,-0.0883768001033503,-4.325294221545553,-2.8314594582140264,-0.09212,-0.12015,-0.04333,-11.7,-19.4,-22.8
151.1259,6854.5171,-0.026902586668490602,-4.446817078798054,-2.9768574995907624,-0.06768,-0.11343,-0.09159,-11.7,-19.4,-22.7
151.1414,6854.5371,0.05917966298962811,-4.523864182947321,-3.0478972235187314,-0.06219,-0.09205,-0.10075,-11.8,-19.5,-22.7
151.1633,6854.5571,0.1509287413190546,-4.589750164885879,-3.090744636464085,-0.05241,-0.05785,-0.05066,-11.8,-19.5,-22.7
151.1829,6854.5771,0.22923873951507076,-4.662234528683453,-3.12026828129056,-0.0182,-0.0609,0.03792,-11.9,-19.5,-22.6
151.2037,6854.5971,0.2833485922684755,-4.751514642204499,-3.1264049899118485,0.0722,-0.23316,0.03853,-11.9,-19.6,-22.5
151.2214,6854.6171,0.3081130123247376,-4.863610691598143,-3.0846106095606878,0.10458,-0.39321,-0.01584,-11.9,-19.8,-22.4
151.2495,6854.6371,0.3346478375524553,-4.988187253366531,-2.9609748894727534,-0.02859,-0.50866,-0.04944,-12.0,-19.8,-22.0
151.27,6854.6571,0.3376035554995913,-5.116132872119561,-2.732070975850342,-0.17947,-0.47629,-0.08914,-12.0,-19.9,-21.9
151.2875,6854.6771,0.32671195244291606,-5.222601590856743,-2.3846224145847454,-0.26683,-0.42864,-0.21315,-12.1,-20.0,-21.9
151.3029,6854.6971,0.3021247405439502,-5.296943499855384,-1.9382024964120905,-0.119,-0.16414,-0.24003,-12.1,-20.1,-21.7
151.3218,6854.7171,0.2549072960610403,-5.350051497604111,-1.4463010627464445,0.10886,0.24575,-0.13313,-12.2,-20.1,-21.6
151.344,6854.7371,0.20161368409281086,-5.398019783348249,-0.9750447562835287,0.24264,0.34105,0.0312,-12.3,-20.1,-21.5
151.3661,6854.7571,0.17971380852870145,-5.465996085748108,-0.5901593956303621,0.2689,0.11381,0.15154,-12.3,-20.2,-21.5
151.3819,6854.7771,0.17507827219536481,-5.594598515438538,-0.34593490562103746,0.36053,-0.38099,0.18147,-12.2,-20.3,-21.3
151.4028,6854.7971,0.1781432518953264,-5.737448542233245,-0.22053653636863046,0.59266,-0.40176,0.12649,-12.2,-20.4,-21.1
151.4259,6854.8171,0.14294357072925218,-5.905520330129977,-0.20361949933879409,0.75943,0.05516,0.06357,-12.3,-20.5,-20.9
151.4437,6854.8371,0.08628648280173346,-6.1306952085348945,-0.2941249282764602,0.5389,0.44734,0.03914,-12.3,-20.6,-20.8
151.4684,6854.8571,0.006224033161921173,-6.321699368869583,-0.4263510262371355,0.17666,0.68741,-0.04455,-12.3,-20.8,-20.7
151.4844,6854.8771,0.006214216757406925,-6.407396020227297,-0.5609613693407685,-0.15687,0.57196,-0.13313,-12.4,-20.9,-20.6
151.5034,6854.8971,0.05249613857971544,-6.319270073634966,-0.6682565576717057,-0.34074,0.14802,-0.2779,-12.3,-21.0,-20.5
151.521,6854.917,0.16330467141562202,-6.0112326337472295,-0.733439832127095,-0.35785,-0.33823,-0.37869,-12.3,-21.1,-20.4
151.5433,6854.937,0.32848153303919037,-5.530406425448341,-0.7967611630666234,-0.24239,-0.60885,-0.39702,-12.3,-21.2,-20.5
151.5611,6854.957,0.5315255897368321,-4.958225075404413,-0.8990357576465993,0.08503,-0.3419,-0.3567,-12.3,-21.4,-20.3
151.5855,6854.977,0.7246585877471223,-4.413677454869067,-1.0688523550513906,0.2182,0.07288,-0.25102,-12.2,-21.6,-20.1
151.6035,6854.997,0.911709699663433,-3.9986133278770533,-1.2978498461330474,0.08625,0.37709,-0.11358,-12.2,-21.7,-20.0
151.621,6855.017,1.0560118536743541,-3.742469868186132,-1.5306949285215161,-0.07929,0.45528,0.0654,-12.1,-21.9,-19.9
151.6511,6855.037,1.13590616581212,-3.6282530498609877,-1.707341783035929,-0.02615,0.36243,0.25599,-12.1,-22.0,-19.8
151.6684,6855.057,1.1417962483984336,-3.6265380469326,-1.792181352200636,0.04044,0.08265,0.41482,-12.0,-22.1,-19.7
151.6822,6855.077,1.0535637531939022,-3.699847176920016,-1.7771790646577479,-0.07379,-0.23072,0.49118,-12.0,-22.2,-19.7
151.7026,6855.097,0.9284609077232877,-3.8130835512604557,-1.6960937230645055,-0.25766,-0.32174,0.42032,-12.0,-22.2,-19.8
151.7233,6855.117,0.7568774165242989,-3.9362595498836317,-1.5955552754061681,-0.27599,-0.03097,0.25966,-12.0,-22.3,-19.7
151.7414,6855.137,0.578281696976974,-4.036820310939294,-1.5270353349159436,-0.15626,0.29096,0.0874,-12.0,-22.3,-19.6
151.7726,6855.157,0.4224347811081191,-4.12458228631793,-1.5387923891607826,-0.07257,0.42474,-0.00118,-12.0,-22.3,-19.5
151.7848,6855.177,0.38961283702542376,-4.165952351161054,-1.6251830978488488,-0.05913,0.36548,0.01348,-12.0,-22.2,-19.4
151.8026,6855.197,0.42624838735298193,-4.203120926359045,-1.7792965243081813,-0.05547,0.23781,0.0935,-12.0,-22.3,-19.3
151.8258,6855.217,0.5093509611540531,-4.244120374675223,-1.9627897381647044,-0.01759,0.07288,0.15093,-12.0,-22.2,-19.2
151.8485,6855.2371,0.591753250953078,-4.296025384587327,-2.13161105994135,0.08014,-0.05051,0.14359,-12.0,-22.2,-19.1
151.8718,6855.2571,0.6433831461417604,-4.365751730571546,-2.2477676859712323,0.22675,-0.11282,0.13871,-12.0,-22.2,-19.1
151.9036,6855.2771,0.6698312080580657,-4.440850052255862,-2.275278515246457,0.28417,-0.13054,0.11672,-12.1,-22.2,-19.1
151.9195,6855.2972,0.6695393574697368,-4.590394698435695,-2.2385616457345296,0.26768,-0.10488,0.15031,-12.1,-22.2,-19.0
151.9319,6855.3172,0.6707350874483172,-4.783343884501783,-2.1191563212076865,0.2353,-0.12626,0.19796,-12.1,-22.1,-19.0
151.9425,6855.3373,0.6816473493175355,-5.005286727533009,-1.917842651215433,0.06915,-0.19285,0.20712,-12.2,-22.1,-19.0
151.9687,6855.3573,0.7400497794642065,-5.241244907374647,-1.6488860022671386,-0.09456,-0.22339,0.14726,-12.2,-22.1,-18.9
151.9876,6855.3774,0.76789651361292,-5.459130364657038,-1.315171549384953,-0.21735,-0.26737,0.08312,-12.3,-22.1,-18.8
152.0025,6855.3975,0.7528579714042076,-5.618727758635695,-0.9273185563200563,-0.09029,-0.16963,0.06663,-12.3,-22.0,-18.7
152.0242,6855.4175,0.698482530521796,-5.692818957997496,-0.5101526389438025,0.05205,-0.10366,0.07884,-12.4,-22.1,-18.7
152.0445,6855.4376,0.5947727362421796,-5.683132923656832,-0.10527523286063456,-0.05913,-0.14337,0.10572,-12.5,-22.0,-18.6
152.0744,6855.4576,0.4800401595696049,-5.632707154968557,0.224105850050778,-0.30104,-0.18735,0.05441,-12.5,-22.0,-18.5
152.0949,6855.4777,0.3125453057030782,-5.495703948558792,0.47548943157498513,-0.58081,-0.30402,-0.07937,-12.6,-22.1,-18.4
152.1051,6855.4978,0.10351307760689848,-5.223644056961504,0.6420667193905185,-0.61685,-0.29975,-0.17283,-12.6,-22.0,-18.3
152.1533,6855.5178,-0.13056894589668103,-5.005649363570038,0.6060878771823255,-0.31325,-0.11954,-0.2724,-12.8,-22.0,-18.5
152.1549,6855.5379,-0.26015308033879647,-4.646955177890929,0.4643610054726022,0.12474,0.10831,-0.29195,-12.9,-22.0,-18.4
152.1684,6855.558,-0.36126054717667533,-4.317897448191047,0.16387676779098115,0.32693,0.17917,-0.21132,-12.9,-22.0,-18.5
152.1842,6855.578,-0.3908740135856399,-4.070738750503113,-0.2572386845807859,0.24202,0.02706,-0.0922,-13.0,-21.9,-18.4
152.2041,6855.5981,-0.35929069164919086,-3.9276640258914712,-0.7371146215414033,0.17055,-0.11099,-0.036,-13.1,-21.9,-18.4
152.2221,6855.6181,-0.2949065575985041,-3.889747136177614,-1.2172698345295334,0.17911,-0.07617,-0.00179,-13.1,-21.9,-18.4
152.2426,6855.6382,-0.22311048410151552,-3.9204388793384264,-1.6491001133229233,0.07892,-0.10366,0.01592,-13.2,-21.8,-18.4
152.2666,6855.6583,-0.1531563150965849,-3.9912746168735556,-2.0145013277145543,0.08137,-0.12382,-0.00057,-13.3,-21.8,-18.4
152.2854,6855.6784,-0.08332645530887725,-4.09413687550145,-2.3241413412387564,0.14551,-0.06518,0.00615,-13.3,-21.8,-18.3
152.307,6855.6985,-0.0047234388864858,-4.2143540380556646,-2.5900257154650737,0.08198,-0.01508,-0.04028,-13.3,-21.8,-18.3
152.3263,6855.7186,0.08781387859715854,-4.350298013852039,-2.8231380770127794,0.04899,0.01546,-0.04394,-13.3,-21.8,-18.3
152.3445,6855.7387,0.19171026386481405,-4.492320583493866,-3.0157552417809237,0.01967,-0.02975,-0.00973,-13.3,-21.8,-18.3
152.3851,6855.7588,0.30766250696645825,-4.62884723485728,-3.146703235820004,-0.02004,-0.09511,0.01287,-13.3,-21.8,-18.5
152.3939,6855.7789,0.40006481339974115,-4.752626220935308,-3.191476076413938,-0.02004,-0.17147,0.0092,-13.3,-21.8,-18.5
152.4051,6855.799,0.476520225598792,-4.857165431217942,-3.1325128593097764,-0.02615,-0.25515,0.02203,-13.3,-21.9,-18.4
152.4252,6855.8191,0.5385865375550865,-4.945733080108354,-2.970864777300843,-0.07624,-0.26554,0.02753,-13.3,-21.8,-18.2
152.4471,6855.8392,0.5665229736687796,-5.027470006714659,-2.7234519991622186,-0.11472,-0.1507,-0.02684,-13.3,-21.9,-18.2
152.4741,6855.8593,0.5508354254766851,-5.109982047760978,-2.4182421011118,-0.12388,0.08204,-0.09648,-13.4,-21.9,-18.2
152.4853,6855.8793,0.5152580308873915,-5.174487959757335,-2.0754928478366352,-0.06646,0.1865,-0.07754,-13.4,-22.0,-18.1
152.5084,6855.8994,0.4425464543116276,-5.2341090971763755,-1.7363586361999612,0.11435,0.18222,0.04036,-13.4,-22.0,-18.0
152.5248,6855.9195,0.3628827247955575,-5.310359237134265,-1.443299528699562,0.33915,0.07593,0.13993,-13.4,-22.0,-18.0
152.5552,6855.9396,0.2966069625033513,-5.366195982221706,-1.1878876135558478,0.3923,-0.06395,0.12954,-13.4,-22.1,-18.0
152.5741,6855.9596,0.22261184167875825,-5.4746058060326,-1.0155631623279717,0.27807,-0.2295,0.12221,-13.4,-22.1,-17.8
152.5895,6855.9797,0.14578607692864487,-5.593240290724465,-0.8903043144648137,0.34282,-0.24905,0.0764,-13.4,-22.1,-17.7
152.6097,6855.9998,0.06614719468348183,-5.666285553973121,-0.7637587188827553,0.49065,0.07227,0.01837,-13.6,-22.1,-17.7
152.6295,6856.0198,-0.01837726489448424,-5.707304085833464,-0.635597251762194,0.34282,0.36548,-0.04883,-13.6,-22.1,-17.7
152.6528,6856.0399,-0.10099468110057612,-5.721829140055332,-0.5121683629658182,-0.07318,0.5634,-0.20765,-13.6,-22.1,-17.7
152.6737,6856.0599,-0.11025371510101133,-5.691244377281839,-0.3990029099558594,-0.50201,0.52797,-0.35915,-13.6,-22.2,-17.5
152.6918,6856.08,-0.025058319067621026,-5.571027104240762,-0.3027821765472787,-0.659,0.08082,-0.34204,-13.6,-22.2,-17.4
152.7109,6856.1001,0.12637125722939194,-5.368399735154563,-0.27200167490468985,-0.54172,-0.30647,-0.14962,-13.6,-22.2,-17.3
152.7329,6856.1201,0.29424304944965607,-5.10579071065851,-0.34961069810415424,-0.09884,-0.02913,-0.07448,-13.6,-22.2,-17.4
152.7522,6856.1402,0.4517054574968732,-4.84694868668594,-0.5590309579806618,0.31472,0.54935,-0.07876,-13.5,-22.2,-17.3
152.7749,6856.1602,0.5898667664572457,-4.660901436060881,-0.8742284766458503,0.25302,0.61411,-0.07265,-13.5,-22.3,-17.1
152.7847,6856.1803,0.7748576501714154,-4.568452280384924,-1.2194323973905732,-0.0744,0.43818,0.01226,-13.4,-22.2,-17.2
152.807,6856.2004,0.9140581543334654,-4.544337046302682,-1.4908512970527958,-0.36273,0.22499,0.11183,-13.3,-22.2,-17.2
152.8251,6856.2204,0.9986257433269451,-4.506395800485642,-1.594667790188339,-0.33097,0.23659,0.20529,-13.2,-22.1,-17.2
152.8516,6856.2405,1.0259283481600279,-4.451879299422111,-1.5321586426372527,-0.3047,0.14679,0.24317,-13.1,-22.1,-17.2
152.8686,6856.2605,0.9554883200804354,-4.3332040575978885,-1.3264422652409689,-0.36518,-0.20445,0.2621,-13.1,-22.1,-17.2
152.8896,6856.2805,0.8507866797971058,-4.198269429558464,-1.0986234724991828,-0.23995,-0.26676,0.2395,-13.0,-22.0,-17.4
152.9082,6856.3006,0.7145983523759121,-4.071709164896037,-0.9516785804043568,0.01539,-0.02303,0.22117,-12.9,-21.9,-17.3
152.9254,6856.3206,0.577579644392657,-3.9928152829251546,-0.966415623179854,0.19987,0.25614,0.24072,-12.8,-21.9,-17.1
152.9524,6856.3406,0.4570167089610099,-3.9672096883631327,-1.1529227289325696,0.26402,0.38015,0.24194,-12.8,-21.8,-17.1
152.9811,6856.3607,0.38453746066038597,-4.015802150743641,-1.475846543684554,0.27012,0.33616,0.25783,-12.7,-21.7,-17.2
152.9857,6856.3807,0.3676968485536282,-4.17981893992916,-1.8805591535177495,0.2689,0.24148,0.2786,-12.7,-21.6,-17.3
153.0081,6856.4007,0.3787465589243727,-4.330052868096339,-2.2244605282640375,0.27807,0.06677,0.28287,-12.7,-21.5,-17.4
153.0245,6856.4207,0.3758170653071164,-4.492967564071199,-2.464284846786759,0.23408,-0.11954,0.26332,-12.7,-21.5,-17.4
153.0478,6856.4407,0.36175761643209664,-4.620925064785068,-2.552248420927289,0.20904,-0.10733,0.16253,-12.7,-21.4,-17.4
153.0693,6856.4607,0.33223125412760973,-4.722659643437694,-2.5042987695402203,0.18338,-0.0102,0.01531,-12.7,-21.4,-17.6
153.0925,6856.4807,0.3115997125851252,-4.794630108144769,-2.348685237678441,0.1339,-0.01203,-0.07448,-12.5,-21.4,-17.4
153.1102,6856.5007,0.32863853647700497,-4.85680609337468,-2.1320911938368567,0.11802,-0.0438,-0.10808,-12.6,-21.3,-17.4
153.1243,6856.5207,0.3871394813858295,-4.929532008625571,-1.8928035462526545,0.12474,-0.14886,-0.10075,-12.6,-21.3,-17.3
153.1447,6856.5407,0.4668045939654638,-5.028581421052255,-1.6531158173462455,0.05815,-0.23439,-0.1655,-12.6,-21.3,-17.2
153.1717,6856.5606,0.541929131392299,-5.163969747306767,-1.4209450057948576,-0.02676,-0.1507,-0.20399,-12.6,-21.3,-17.1
153.185,6856.5806,0.5939036044254382,-5.309218793684323,-1.1783538198661585,-0.02981,-0.10549,-0.18872,-12.6,-21.3,-16.9
153.2053,6856.6006,0.5817040285420719,-5.428099193923302,-0.9045507802569173,0.00195,-0.14581,-0.17833,-12.6,-21.3,-16.8
153.2287,6856.6206,0.4863926667503845,-5.482749291830896,-0.591488323815506,-0.06158,-0.13543,-0.18872,-12.6,-21.3,-16.7
153.2477,6856.6406,0.3266494416313356,-5.446480397685144,-0.2553290539314883,-0.17336,-0.03341,-0.30112,-12.5,-21.3,-16.6
153.2846,6856.6606,0.11128671993161482,-5.394544426277089,0.019884284961147358,-0.34624,-0.0554,-0.38603,-12.6,-21.3,-16.5
153.2939,6856.6806,-0.07029348526506694,-5.115992237210803,0.29967862371113085,-0.59853,-0.2631,-0.35426,-12.5,-21.2,-16.5
153.3056,6856.7006,-0.2189372935015388,-4.768735924943034,0.44723830212651094,-0.57959,-0.3871,-0.31272,-12.5,-21.2,-16.4
153.3252,6856.7206,-0.3308379513373194,-4.399503006234887,0.40925585439717693,-0.15931,-0.18979,-0.30539,-12.4,-21.2,-16.4
153.3466,6856.7406,-0.41668752613565757,-4.04213754327371,0.17546191692472313,0.36298,0.23476,-0.23575,-12.4,-21.2,-16.4
153.3703,6856.7606,-0.4703575329386435,-3.77874540902528,-0.23313930207963018,0.40207,0.28729,-0.12641,-12.3,-21.2,-16.2
153.3849,6856.7806,-0.4461608538387174,-3.700467978788849,-0.755100319467152,0.29883,0.2201,0.03975,-12.4,-21.1,-16.2
153.4087,6856.8006,-0.4014746116821814,-3.7425629447106137,-1.2661145453596738,0.26035,0.04356,0.16742,-12.4,-21.1,-16.2
153.4245,6856.8206,-0.3748110259329938,-3.903053194702802,-1.69568535485201,0.25485,-0.14764,0.28409,-12.3,-21.2,-16.1
153.4566,6856.8406,-0.3282846010741205,-4.081233388591997,-1.974430331201832,0.12596,-0.4152,0.29509,-12.3,-21.2,-16.3
153.4734,6856.8606,-0.3883095153248212,-4.279570239226362,-2.1393751118530933,-0.04264,-0.45369,0.1943,-12.2,-21.2,-16.3
153.4853,6856.8806,-0.4750780322247772,-4.445073531086432,-2.222981113693553,-0.06219,-0.22583,-0.02745,-12.2,-21.1,-16.3
153.5049,6856.9006,-0.5386377973122992,-4.566050987998145,-2.2801658649530614,-0.00354,-0.00409,-0.21682,-12.1,-21.1,-16.3
153.5267,6856.9206,-0.548055570206518,-4.6503142755555125,-2.351037513943134,0.02639,0.03501,-0.27729,-12.1,-21.1,-16.4
153.5451,6856.9406,-0.47053032206249584,-4.718383016312245,-2.4442351521588144,0.01234,-0.03952,-0.29317,-12.0,-21.1,-16.3
153.5765,6856.9606,-0.3545784817854082,-4.796283661289741,-2.545616399888143,-0.04692,-0.01508,-0.27485,-12.0,-21.1,-16.3
153.5968,6856.9805,-0.1848592076052487,-4.887776374083707,-2.6106950215975093,-0.0744,0.0515,-0.2608,-11.9,-21.1,-16.2
153.6092,6857.0005,-0.007903581994017425,-4.9816312958922415,-2.5977155266305445,-0.14954,0.08815,-0.23881,-12.0,-21.1,-16.2
153.6303,6857.0205,0.12074205547024526,-5.086416497937661,-2.4996301903871148,-0.18314,0.0625,-0.23209,-11.9,-21.2,-16.0
153.6458,6857.0405,0.21541603641645546,-5.1618982936486555,-2.300855857066588,-0.19597,0.07288,-0.26141,-11.8,-21.2,-15.9
153.6725,6857.0605,0.23596887878716913,-5.217176576288772,-2.03807391371726,-0.10373,0.23476,-0.25102,-11.7,-21.2,-15.8
153.6896,6857.0805,0.2539099038259016,-5.226212416964608,-1.734574127875078,0.09297,0.29646,-0.20215,-11.7,-21.2,-15.9
153.7076,6857.1005,0.25910073789141325,-5.21455381189459,-1.4405235935444392,0.29639,0.21643,-0.07998,-11.7,-21.2,-15.8
153.7313,6857.1205,0.26046578070221854,-5.1995022643662185,-1.1857004037731098,0.41001,0.04967,0.04341,-11.6,-21.2,-15.8
153.7522,6857.1405,0.26493646176694147,-5.237120109709154,-1.0051522768571228,0.35198,-0.12138,0.07273,-11.6,-21.1,-15.7
153.7694,6857.1605,0.24575215267357886,-5.3443386556641395,-0.8951912469320096,0.35687,-0.18979,0.09961,-11.5,-21.2,-15.5
153.7863,6857.1805,0.1883117804358269,-5.495904914057703,-0.822750562777756,0.48881,-0.18552,0.16742,-11.5,-21.2,-15.4
153.8157,6857.2005,0.10855346624975773,-5.599980336787078,-0.7186303103793108,0.56028,-0.0664,0.245,-11.4,-21.2,-15.4
153.8276,6857.2205,-0.015381573002942569,-5.771097686351574,-0.6551778511989408,0.41184,0.04845,0.25233,-11.4,-21.3,-15.2
153.8513,6857.2405,-0.11872129863554466,-5.8587674019798435,-0.5617027069186342,0.15895,0.07166,0.17047,-11.4,-21.3,-15.1
153.868,6857.2605,-0.19069827710560416,-5.864585178230942,-0.47522513625485274,-0.14893,0.0234,0.0092,-11.3,-21.3,-15.0
153.8883,6857.2805,-0.20557400941162027,-5.758250766516301,-0.41416100200010497,-0.40733,-0.14214,-0.19971,-11.3,-21.4,-14.8
153.9037,6857.3005,-0.1508487539373713,-5.501541198502607,-0.38064842168489754,-0.46658,-0.10671,-0.3677,-11.2,-21.3,-14.7
153.937,6857.3205,-0.119916625549845,-5.204623472424772,-0.44328913122784996,-0.24056,0.22926,-0.46116,-11.3,-21.3,-14.6
153.9506,6857.3405,0.06255227338158961,-4.824587732767354,-0.551166176694105,0.01723,0.61777,-0.37075,-11.3,-21.2,-14.5
153.9726,6857.3605,0.23232274906708314,-4.50038965519765,-0.7359657075038868,-0.00599,0.61411,-0.17955,-11.2,-21.2,-14.4
153.9883,6857.3804,0.42439304118737764,-4.256006651290402,-0.9548166022763578,-0.14099,0.34777,0.02325,-11.1,-21.1,-14.1
154.0067,6857.4004,0.5586686587816606,-4.101919807489053,-1.1642265815299186,-0.03409,0.16146,0.13138,-11.0,-21.1,-14.1
154.0246,6857.4204,0.6061079803258951,-4.019561265732496,-1.3277934438718226,0.14062,0.00019,0.16192,-11.0,-21.0,-14.0
154.0439,6857.4404,0.5692543484426067,-3.987339156655461,-1.4368401801563664,0.11558,-0.23988,0.15276,-10.9,-21.0,-13.9
154.0676,6857.4604,0.4841201590981518,-3.9877517188962064,-1.512348563461778,-0.05486,-0.34312,0.11366,-10.9,-20.9,-14.0
154.0847,6857.4804,0.3684267148641332,-4.013193908870891,-1.5936280853664364,-0.08662,-0.2521,0.01165,-10.8,-20.9,-14.0
154.1059,6857.5004,0.276386547380509,-4.056487246182908,-1.7192070182467596,0.05388,-0.08289,-0.21315,-10.7,-20.8,-13.9
154.1352,6857.5204,0.21188781357802836,-4.127491277442623,-1.9121904294520649,-0.05363,0.29218,-0.23209,-10.7,-20.8,-14.0
154.1461,6857.5404,0.2780270478130082,-4.195287654141278,-2.145302620330301,-0.15565,0.61533,-0.12396,-10.6,-20.7,-14.1
154.1652,6857.5604,0.3746817349339425,-4.286736570669713,-2.3879857367119337,-0.16542,0.68497,-0.10808,-10.5,-20.6,-14.0
154.1862,6857.5804,0.5063172865490967,-4.377625907378977,-2.573645748366455,-0.18436,0.54691,-0.15023,-10.4,-20.5,-14.2
154.2065,6857.6004,0.6458406153951145,-4.449997506952847,-2.644493233981967,-0.24178,0.05455,-0.09953,-10.2,-20.5,-14.1
154.2269,6857.6204,0.7531307618214662,-4.500005600160213,-2.570717399125021,-0.23079,-0.45979,0.08068,-10.1,-20.5,-14.2
154.2712,6857.6404,0.8883690287483578,-4.5515243072233815,-2.3767030284072828,-0.19841,-0.49156,0.17719,-10.0,-20.3,-14.2
154.2743,6857.6604,0.7955360223795175,-4.5645971499605205,-2.0380303748116004,-0.12022,-0.35228,0.18941,-10.0,-20.3,-14.2
154.286,6857.6804,0.676888585630982,-4.5856869511285465,-1.657407955734799,-0.00965,-0.12932,0.09839,-10.0,-20.2,-14.2
154.3062,6857.7004,0.5462497845901699,-4.617407857194854,-1.2925156185969513,0.10886,0.07471,-0.03233,-10.0,-20.1,-14.2
154.3243,6857.7204,0.4568789832445882,-4.680584602292527,-0.9998744641621258,0.19865,0.04967,-0.10564,-10.0,-20.0,-14.1
154.3455,6857.7404,0.4417394387378883,-4.784647680950664,-0.8016841000406814,0.1675,-0.18979,-0.10319,-10.0,-20.0,-14.1
154.3711,6857.7604,0.4978181699830383,-4.933869797192069,-0.6907824842192767,0.09603,-0.27531,-0.05738,-10.0,-19.9,-14.0
154.3904,6857.7803,0.576615550016677,-5.124568689007571,-0.6388147219850477,0.13146,-0.16902,0.00493,-10.0,-19.8,-13.9
154.4043,6857.8003,0.630416535471926,-5.323445585914498,-0.6000395249674302,0.21759,-0.04746,0.05441,-10.0,-19.7,-13.7
154.4257,6857.8203,0.6434855545427065,-5.4602673236930555,-0.521392256053149,0.20904,-0.21362,0.11794,-10.0,-19.5,-13.6
154.4495,6857.8403,0.6018932046690713,-5.508885939785313,-0.3962536094616702,0.16567,-0.27776,0.21201,-10.0,-19.4,-13.5
154.4694,6857.8603,0.48891965628123746,-5.463967325459767,-0.2504278299296452,0.0606,-0.22461,0.24683,-10.0,-19.3,-13.4
154.4867,6857.8803,0.31744191822372797,-5.309182940386251,-0.11531786885334583,-0.22223,-0.33273,0.18208,-10.1,-19.2,-13.2
154.5051,6857.9003,0.1275029374649603,-5.051971151066337,-0.03553396758477767,-0.36762,-0.50072,0.09045,-10.2,-19.2,-13.2
154.5328,6857.9203,-0.02613860702630887,-4.725517758917839,-0.0568534037800319,-0.25522,-0.51233,-0.01584,-10.3,-19.1,-13.0
154.5484,6857.9403,-0.18578208293816018,-4.348295500248387,-0.19654703031149268,0.04227,-0.34984,-0.04455,-10.5,-19.0,-13.1
154.578,6857.9603,-0.2771826916391492,-3.971288398032288,-0.4556735656007067,0.40207,-0.32235,-0.05127,-10.5,-19.0,-12.9
154.5917,6857.9803,-0.3337917407138704,-3.7886988195735474,-0.8583785262412178,0.48271,-0.24782,0.0538,-10.6,-18.9,-12.9
154.6066,6858.0003,-0.34236736634198955,-3.769290777918617,-1.3122299159677038,0.26463,-0.20812,0.12221,-10.6,-18.8,-12.8
154.6313,6858.0203,-0.2977268004621723,-3.88316278250631,-1.7387680463337603,0.0099,-0.20262,0.12527,-10.7,-18.8,-12.7
154.6449,6858.0403,-0.2582307605110497,-4.066781068226175,-2.0800168337775693,-0.19658,-0.4433,-0.02317,-10.7,-18.7,-12.5
154.6686,6858.0603,-0.18964060969286198,-4.258698529993374,-2.3120883883289673,-0.31936,-0.62412,-0.23575,-10.8,-18.6,-12.4
154.6866,6858.0803,-0.12394425172303891,-4.387630502172381,-2.430568698312107,-0.4061,-0.80005,-0.34265,-10.8,-18.5,-12.3
154.7132,6858.1003,-0.035545424475613326,-4.481609783803656,-2.492727676195237,-0.42748,-0.68948,-0.26813,-10.9,-18.5,-12.2
154.7299,6858.1203,0.05941911001576352,-4.502446941007327,-2.5078782295278774,-0.44825,-0.35839,-0.14229,-11.0,-18.4,-12.2
154.7447,6858.1403,0.15126628462249464,-4.488355502501564,-2.512637120923168,-0.56432,-0.31868,-0.01584,-11.0,-18.4,-12.3
154.7671,6858.1603,0.23474750475585943,-4.478182644307204,-2.524373364749329,-0.46902,-0.92466,0.02325,-11.1,-18.3,-12.2
154.7866,6858.1803,0.24169918971948925,-4.45641866165512,-2.5085984093435343,-0.14465,-0.56914,0.00371,-11.1,-18.1,-12.1
154.8069,6858.2002,0.17349608911416636,-4.451321217457666,-2.452987914569867,-0.06096,-0.25332,-0.03478,-11.2,-18.0,-12.0
154.8267,6858.2202,0.05949659262170709,-4.478557781799345,-2.3446240268513376,-0.21124,-0.18124,-0.03295,-11.2,-17.9,-12.1
154.8482,6858.2402,-0.04939618754978758,-4.53993523842236,-2.1789918592595017,-0.39144,-0.33029,0.07701,-11.3,-17.8,-11.9
154.868,6858.2602,-0.13735973528033,-4.608603185769277,-1.9573842964603694,-0.31814,-0.67115,0.10694,-11.5,-17.7,-11.9
154.9095,6858.2802,-0.18493929637565684,-4.693727938041897,-1.7233145476222749,-0.11594,-0.13481,-0.0024,-11.6,-17.6,-11.9
154.9152,6858.3002,-0.1942974280264223,-4.740932940099344,-1.490536609211393,0.04166,0.44429,-0.13924,-11.6,-17.5,-11.9
154.9316,6858.3202,-0.17761888184854288,-4.789470612151713,-1.314722341346556,0.15345,0.61105,-0.23392,-11.6,-17.3,-11.8
154.9494,6858.3402,-0.09218977403602963,-4.863858438044891,-1.2148277461604682,0.22614,0.42107,-0.27302,-11.7,-17.2,-11.8
154.9742,6858.3602,0.04150701311310684,-4.979656801044852,-1.1802381781544042,0.15956,0.18467,-0.27363,-11.7,-17.0,-11.8
154.9841,6858.3802,0.23987280974016742,-5.151132241434136,-1.1857320095826207,0.02211,0.18894,-0.13191,-11.7,-16.8,-11.8
155.0075,6858.4002,0.38952510990528716,-5.333874823441185,-1.1676314159519325,0.06426,0.03134,0.08434,-11.8,-16.8,-11.9
155.0267,6858.4202,0.4430339218143579,-5.513501018898103,-1.088272929491275,0.33488,0.09487,0.20835,-11.8,-16.6,-12.0
155.0453,6858.4402,0.3811875622403069,-5.661195844057302,-0.9257032819798496,0.37092,0.17734,0.16009,-11.8,-16.4,-12.0
155.0662,6858.4602,0.2338465757101625,-5.7467887400533595,-0.6900627724428396,0.11313,0.08082,0.12405,-11.8,-16.4,-12.1
155.0892,6858.4802,0.06441258437637545,-5.751000072789847,-0.4261986789660437,-0.0463,-0.14948,0.09045,-11.8,-16.3,-12.2
155.1076,6858.5002,-0.07957956510909316,-5.653376669125997,-0.19271451752516633,-0.11716,-0.36267,0.05502,-11.8,-16.2,-12.2
155.129,6858.5202,-0.14557714229836524,-5.461586746237084,-0.063832890261871,-0.20818,-0.40848,-0.08304,-11.8,-16.1,-12.2
155.1457,6858.5402,-0.1287112286782394,-5.182909283048748,-0.09155946683282679,-0.20024,-0.13604,-0.21132,-11.8,-15.9,-12.3
155.1713,6858.5602,-0.05106424910268868,-4.860749244175236,-0.30351975078400173,0.01234,0.30379,-0.26874,-11.7,-15.8,-12.3
155.1851,6858.5802,0.17072347884527464,-4.561380058512078,-0.6812641229429843,0.32388,0.50354,-0.26874,-11.6,-15.7,-12.4
155.2147,6858.6002,0.37367144748613074,-4.2776532138702335,-1.1219814766719676,0.4656,0.47239,-0.31883,-11.6,-15.7,-12.4
155.2306,6858.6201,0.6726300592590746,-4.141879799910235,-1.5860410321129361,0.2744,0.3661,-0.20949,-11.5,-15.6,-12.6
155.2457,6858.6401,0.9214905937733737,-4.095001212985743,-1.9566474242613188,-0.19597,0.33677,0.18574,-11.4,-15.6,-12.7
155.2684,6858.6601,1.0784100002974246,-4.117519348226763,-2.1817547676868214,-0.45314,0.1975,0.42337,-11.3,-15.5,-12.7
155.2847,6858.6801,1.0952492989534761,-4.113959134024349,-2.2067216650305177,-0.59181,-0.13665,0.43253,-11.3,-15.4,-12.9
155.3051,6858.7001,1.0260237352216257,-4.083013252040237,-2.074427380822984,-0.42504,-0.50866,0.30792,-11.2,-15.2,-12.8
155.3269,6858.7201,0.9065049355052756,-4.003629911858582,-1.8378494638604979,-0.02859,-0.629,0.15337,-11.2,-15.1,-13.0
155.3454,6858.7401,0.7609363842831389,-3.9201169128279765,-1.5871951956347026,0.162,-0.57219,0.13993,-11.1,-15.0,-12.8
155.3667,6858.7601,0.6431035685243501,-3.8907776751984358,-1.4038312477757149,0.0661,-0.29547,0.18452,-11.0,-14.9,-12.8
155.3873,6858.7801,0.5580229574114947,-3.954270552422424,-1.3281349892774248,-0.14282,-0.02791,0.10939,-11.0,-14.7,-12.9
155.4099,6858.8001,0.5231070760754147,-4.089449629380316,-1.3531605029257676,-0.32425,0.05394,0.04769,-10.9,-14.6,-13.0
155.4366,6858.8201,0.5497068675754077,-4.234871313245818,-1.4378112343783904,-0.10678,-0.15131,0.00737,-10.9,-14.4,-13.1
155.4491,6858.8401,0.5913955246190443,-4.360430266295166,-1.5426484445509132,0.20904,-0.35228,0.05441,-10.9,-14.3,-13.2
155.4657,6858.8601,0.6463313996581026,-4.461713906613811,-1.640478634754075,0.28295,-0.34617,0.14482,-10.9,-14.1,-13.1
155.4846,6858.8801,0.6759826854109046,-4.561303469913116,-1.7172556029737809,0.16017,-0.05113,0.18025,-10.9,-13.9,-13.2
155.5119,6858.9001,0.6522288944193216,-4.685781209118853,-1.7674001628411116,-0.10861,0.38198,0.14421,-11.0,-13.7,-13.2
155.5243,6858.9201,0.6245126591172866,-4.772269870096069,-1.7472663954302732,-0.35052,0.59334,0.01898,-11.0,-13.6,-13.2
155.5448,6858.9401,0.5771425713151156,-4.838448262412023,-1.6628091260741282,-0.26744,0.62816,-0.01462,-11.0,-13.4,-13.2
155.5712,6858.9601,0.5525823403068388,-4.844996901893729,-1.5013191551156932,0.03189,0.36732,0.05991,-11.0,-13.2,-13.3
155.588,6858.9801,0.5736845165338185,-4.837039041769918,-1.3073319368196472,0.3251,0.11992,0.14848,-11.0,-13.0,-13.5
155.606,6859.0001,0.6029328639425681,-4.870554425144828,-1.130329149339559,0.3135,-0.04013,0.23522,-11.0,-12.9,-13.6
155.6347,6859.02,0.6312389591957611,-4.982340117085667,-1.0087869571315196,-0.01759,0.03317,0.30975,-11.0,-12.7,-13.4
155.6499,6859.04,0.5910651949272584,-5.1705010007131635,-0.9520933988726483,-0.10983,0.0625,0.17658,-11.0,-12.6,-13.7
155.6699,6859.06,0.5127342354181897,-5.370561381262875,-0.9350319891310459,0.15101,-0.00042,0.10511,-11.1,-12.4,-13.8
155.6858,6859.08,0.3922091862382672,-5.5392991013853035,-0.9345614712471129,0.29212,-0.11893,0.12405,-11.1,-12.3,-13.9
155.7043,6859.1,0.24442494143670146,-5.644780436333789,-0.9323448199390931,0.11985,-0.05846,0.14054,-11.0,-12.2,-14.1
155.7258,6859.12,0.07573149886624864,-5.700063774952107,-0.9389225564062897,-0.19413,0.13641,0.15215,-11.0,-12.1,-14.1
155.747,6859.14,-0.11718932356938018,-5.697558353526343,-0.9513426725684244,-0.69688,0.25919,0.01837,-10.9,-12.0,-14.1
155.7739,6859.16,-0.3439297404391068,-5.646766750034487,-0.9735164947335804,-1.12448,0.08754,-0.17406,-10.9,-11.9,-14.4
155.7981,6859.18,-0.5771902536164568,-5.419439961933817,-0.9171268275321012,-0.97299,0.14985,-0.40313,-10.9,-11.8,-14.6
155.8104,6859.2,-0.7019570664611945,-5.006226325316612,-0.7696478050502833,-0.30042,0.35999,-0.64137,-10.9,-11.7,-14.8
155.8278,6859.22,-0.7724026276365545,-4.577436366637363,-0.6315485922095068,0.16811,0.26775,-0.65053,-10.8,-11.5,-15.1
155.8535,6859.24,-0.7727788119122962,-4.2182223341316085,-0.5320311150943908,0.06243,-0.31746,-0.38541,-10.8,-11.4,-15.3
155.8795,6859.26,-0.7181727428298025,-4.014686413118749,-0.4984127636540858,-0.14343,-0.41215,-0.20704,-10.8,-11.3,-15.4
155.8919,6859.28,-0.6685199581557449,-3.9346864181493304,-0.5213965399760507,-0.24606,0.19872,-0.18261,-10.8,-11.2,-15.3
155.905,6859.3,-0.6405134938879798,-3.932521363298174,-0.6023851751421851,0.06426,0.0741,-0.14107,-10.7,-11.1,-15.5
155.9387,6859.32,-0.6187342237715333,-3.9223617183200217,-0.7329955680332123,0.3923,-0.17086,-0.21559,-10.6,-11.0,-15.6
155.966,6859.34,-0.5581994954174763,-3.919839959804134,-0.9410076360916868,0.18644,-0.34434,-0.22842,-10.5,-10.9,-15.6
155.9698,6859.3601,-0.47660862232201223,-3.994146472899462,-1.2658266230854203,0.16078,-0.3535,-0.20338,-10.4,-10.9,-15.8
155.9908,6859.3801,-0.40257824825991545,-4.029888042296603,-1.6379052130982323,0.27807,-0.01997,-0.44161,-10.4,-10.8,-15.8
156.0047,6859.4001,-0.30916928977124547,-4.097457069712952,-2.0446190176547203,0.2573,0.29829,-0.33777,-10.3,-10.7,-16.0
156.0245,6859.4201,-0.22411328649263473,-4.183571003604761,-2.4231552990011913,0.00745,0.35938,-0.0531,-10.3,-10.7,-16.2
156.0459,6859.4402,-0.12190175105761374,-4.280986419431404,-2.711090847093903,-0.1135,0.17428,0.06174,-10.2,-10.7,-16.2
156.0657,6859.4602,-0.014145948836112993,-4.374393254362304,-2.8568765562277187,-0.16603,-0.05785,0.09534,-10.1,-10.7,-16.2
156.0845,6859.4802,0.06842618322459366,-4.468358998432699,-2.8453402637534193,0.05754,-0.51355,-0.05555,-10.1,-10.7,-16.1
156.1063,6859.5003,0.10866879679884202,-4.585687688317006,-2.7013484582794236,-0.1135,-0.61007,0.00248,-10.0,-10.7,-16.0
156.127,6859.5203,0.07769289185296517,-4.726891401668592,-2.4609498941686088,-0.58387,-0.0554,0.03364,-10.0,-10.7,-16.0
156.1489,6859.5403,-0.018845077541351084,-4.864564567395618,-2.161604639751233,-0.71337,0.73506,0.11794,-9.9,-10.7,-15.9
156.1684,6859.5603,-0.13533051206408,-4.9350773143916795,-1.8252013449818003,-0.12083,0.59273,0.06296,-9.9,-10.6,-16.1
156.1844,6859.5804,-0.22372474065200187,-4.940835284433111,-1.5063935254278054,0.52913,0.18528,-0.01523,-9.8,-10.7,-16.1
156.2097,6859.6004,-0.27250966543500077,-4.8886050819766425,-1.2407763044940836,0.47232,-0.07617,0.00493,-9.8,-10.6,-16.2
156.2495,6859.6204,-0.2764891055699911,-4.836756968544914,-1.0665765600463164,0.1901,-0.03952,0.07518,-9.8,-10.6,-16.4
156.2544,6859.6405,-0.3006975925708133,-4.949846673902552,-1.0574185029136967,0.20171,0.00568,0.05624,-9.9,-10.6,-16.5
156.2699,6859.6605,-0.34351128869799885,-5.117817450495429,-1.1190271921702433,0.17544,0.44612,0.00798,-9.8,-10.6,-16.5
156.2863,6859.6805,-0.39874502872469275,-5.33180257897917,-1.2044150737723953,0.2182,0.64893,0.08312,-9.8,-10.5,-16.5
156.3045,6859.7005,-0.4529553443769316,-5.5614751402424325,-1.2523728831160028,0.42773,0.5353,0.18086,-9.7,-10.5,-16.5
156.3276,6859.7206,-0.4882574098388807,-5.768764329042652,-1.2092914001621704,0.3361,0.4003,0.26638,-9.7,-10.5,-16.5
156.3484,6859.7406,-0.4899980285307905,-5.939150668746603,-1.0665431621022279,0.13818,0.30684,0.37389,-9.7,-10.4,-16.6
156.3712,6859.7606,-0.4541374145862376,-6.027413798890576,-0.8297804941595643,-0.18497,-0.01142,0.36228,-9.6,-10.4,-16.6
156.3841,6859.7807,-0.41820027985140573,-5.9507820681870225,-0.5078942650293374,-0.49957,-0.45613,-0.0305,-9.5,-10.4,-16.5
156.4062,6859.8007,-0.3298376948176589,-5.760032003295698,-0.20485612770757022,-0.62235,-0.43353,-0.4013,-9.5,-10.4,-16.7
156.4261,6859.8207,-0.19501915244364051,-5.409679068323233,0.041162891478000674,-0.50812,-0.09205,-0.60044,-9.5,-10.4,-16.7
156.4448,6859.8407,0.008802308411170526,-4.958414743518425,0.15460618274133253,-0.11472,0.35693,-0.65969,-9.5,-10.4,-16.9
156.4702,6859.8608,0.2222343619956608,-4.492970291937674,0.09282939680211832,0.17116,0.5573,-0.53141,-9.4,-10.3,-16.8
156.4844,6859.8808,0.5638980850422329,-4.113568060667761,-0.14747937721639737,0.22003,0.57318,-0.31272,-9.1,-10.3,-16.7
156.5064,6859.9008,0.8415963453455597,-3.8420559015822375,-0.4967049754704149,0.16444,0.38625,-0.01156,-8.9,-10.3,-16.7
156.5275,6859.9208,1.0380466559162524,-3.6971166239436535,-0.8831464744857751,0.17055,0.20727,0.16131,-8.8,-10.3,-16.5
156.5447,6859.9408,1.0948225853250397,-3.6556788844389136,-1.2311753228327547,0.23103,-0.02058,0.24317,-8.6,-10.3,-16.4
156.5687,6859.9608,1.0340745910322942,-3.663739066413341,-1.4899986583994185,0.09725,-0.27104,0.26455,-8.5,-10.3,-16.4
156.5885,6859.9808,0.8576614834710595,-3.7007703775188334,-1.6543889096916864,-0.00415,-0.35106,0.24866,-8.4,-10.3,-16.4
156.6075,6860.0008,0.6326740564983476,-3.7384884957031366,-1.7527097423790696,0.05754,-0.33273,0.16192,-8.3,-10.3,-16.4
156.6276,6860.0208,0.42160874627180606,-3.770305232015738,-1.8330228137448445,0.10702,-0.06456,0.08006,-8.3,-10.4,-16.5
156.6507,6860.0408,0.27031628270325103,-3.8052607968562966,-1.93787979401458,0.07831,0.14496,0.01959,-8.3,-10.3,-16.5
156.6735,6860.0608,0.20876930340503128,-3.858900851623179,-2.085663981470838,0.04166,0.19933,0.00554,-8.2,-10.4,-16.4
156.6975,6860.0808,0.23596826225923928,-3.9394730808827068,-2.2629966327480435,0.016,0.11503,0.02142,-8.2,-10.4,-16.5
156.7159,6860.1008,0.3245399654817299,-4.054231336944092,-2.439050282693441,0.08381,0.09915,0.04769,-8.1,-10.4,-16.4
156.7313,6860.1208,0.4266322422220813,-4.2039168315947375,-2.577049579040227,0.06182,0.1022,0.10694,-8.0,-10.5,-16.5
156.746,6860.1408,0.5069963729874722,-4.382819060955894,-2.647385632509227,-0.02615,0.05333,0.11733,-8.0,-10.5,-16.3
156.7696,6860.1608,0.5578973240016941,-4.58121243317,-2.6374907477244305,-0.07379,0.02829,0.14359,-8.0,-10.6,-16.4
156.7865,6860.1808,0.5649479919364462,-4.776107304154403,-2.543783045159496,-0.10495,-0.08472,0.16803,-8.3,-10.6,-16.4
156.8054,6860.2008,0.5529895793715874,-4.952449535007429,-2.3830999352198523,-0.05486,-0.08778,0.1833,-8.4,-10.6,-16.4
156.827,6860.2208,0.5468660573077543,-5.0999155245008305,-2.179398264511165,-0.0463,-0.08717,0.20529,-8.5,-10.7,-16.5
156.8452,6860.2408,0.548375582071742,-5.218268089574429,-1.956480895627636,-0.16054,0.03378,0.22851,-8.6,-10.7,-16.5
156.8731,6860.2607,0.5682470468189773,-5.337630532370771,-1.7468069358516,-0.22834,0.17245,0.21446,-8.7,-10.7,-16.3
156.8962,6860.2807,0.555689133186319,-5.460573437828715,-1.5457325886014743,-0.30959,0.38809,0.09595,-8.8,-10.8,-16.2
156.9131,6860.3007,0.5193453281068694,-5.577180096326549,-1.3343209664952767,-0.46353,0.6923,-0.08976,-8.9,-10.8,-16.1
156.9377,6860.3208,0.40226431110284366,-5.742404432729137,-1.1314931809621847,-0.57348,0.86639,-0.26813,-9.0,-10.8,-15.9
156.9586,6860.3408,0.2895801904249967,-5.874394848771907,-0.8824005722454018,-0.51484,0.64954,-0.09464,-9.0,-10.7,-15.9
156.9699,6860.3608,0.16367944625023353,-5.934697682677144,-0.5701483441516206,-0.33891,0.06555,0.26699,-9.1,-10.7,-15.9
156.9905,6860.3808,0.026291318851228842,-5.978459820115539,-0.25735271170239926,-0.3609,-0.29669,0.32869,-9.2,-10.6,-16.0
157.0076,6860.4009,-0.1858511937369741,-5.952375478560136,0.04698039596234338,-0.42199,-0.34556,0.27799,-9.3,-10.6,-16.0
157.0299,6860.4209,-0.42409201540916,-5.861525190256761,0.2842827427793093,-0.44459,-0.39138,0.1216,-9.4,-10.5,-16.0
157.0485,6860.4409,-0.6889986356937148,-5.646689782725206,0.4322734498055336,-0.28821,-0.33823,-0.05494,-9.5,-10.5,-16.0
157.0673,6860.461,-0.8932418350542407,-5.311968681867816,0.4508301281264213,0.01356,-0.24172,-0.22537,-9.6,-10.4,-16.0
157.0851,6860.481,-0.9826659024808082,-4.8931319030644875,0.31691209205530413,0.24752,-0.24049,-0.28035,-9.7,-10.3,-16.0
157.1051,6860.501,-0.947163910342997,-4.446465304610838,0.03432042671207647,0.38863,-0.39199,-0.25408,-9.8,-10.2,-15.9
157.129,6860.521,-0.8137152115526168,-4.031587886242367,-0.3649964449524994,0.51447,-0.24966,-0.16428,-9.9,-10.2,-16.0
157.1452,6860.5411,-0.6320517263326186,-3.7573432976042316,-0.8550094237038923,0.51569,-0.19957,-0.07693,-10.0,-10.2,-16.0
157.178,6860.5611,-0.4137741289412731,-3.5291290842790746,-1.326476220621128,0.44911,-0.39199,-0.05371,-10.1,-10.2,-16.1
157.1893,6860.5811,-0.27001625946910557,-3.4962675020068392,-1.7993635611058458,0.3587,-0.55081,-0.04944,-10.3,-10.2,-16.1
157.2064,6860.6012,-0.16402774786350469,-3.5295248627346765,-2.195569769208083,0.32632,-0.69253,-0.06532,-10.4,-10.2,-16.1
157.2304,6860.6212,-0.10177346384450392,-3.6144159041328394,-2.508607949418659,0.31838,-0.67115,-0.08059,-10.5,-10.3,-16.0
157.2496,6860.6412,-0.11375992415788581,-3.7684567030273657,-2.7612797825856363,0.21637,-0.58869,-0.0641,-10.7,-10.3,-15.9
157.2765,6860.6612,-0.14481152864402452,-3.9560116421219074,-2.951675047842949,0.09664,-0.50256,-0.04822,-10.9,-10.4,-15.8
157.2857,6860.6813,-0.21446654813148514,-4.182391973117902,-3.09486986834115,0.01051,-0.44819,-0.06043,-11.1,-10.5,-15.7
157.3103,6860.7013,-0.23969110077885442,-4.4166385442146865,-3.171646403758076,-0.10373,-0.37733,-0.09953,-11.2,-10.6,-15.4
157.3259,6860.7213,-0.23379337293715274,-4.640715560419873,-3.1610949829450297,-0.22651,-0.25454,-0.11969,-11.5,-10.7,-15.1
157.3462,6860.7414,-0.18163262388732207,-4.85873763956523,-3.0518981995452714,-0.33219,-0.21911,-0.11847,-11.8,-10.8,-15.0
157.3708,6860.7614,-0.09770401855430533,-5.071202897478604,-2.835283585251731,-0.44214,-0.11771,-0.11541,-12.0,-10.9,-14.9
157.3858,6860.7814,0.005115751626100098,-5.223005110098813,-2.4752440786120413,-0.5295,-0.06762,-0.09709,-12.2,-11.0,-14.7
157.415,6860.8014,0.11038924976730295,-5.3754655069011905,-2.042393731247633,-0.38411,-0.08839,-0.02806,-12.4,-11.1,-14.7
157.4344,6860.8215,0.1859465565665158,-5.459320123178564,-1.5383597763259989,-0.1587,-0.29425,0.1326,-12.7,-11.1,-14.5
157.4465,6860.8415,0.18904258443748195,-5.514683469873887,-1.0546868918958427,0.06548,-0.33518,0.26455,-12.9,-11.2,-14.5
157.4727,6860.8615,0.19040115112299455,-5.549631959213367,-0.6581757752456632,0.14917,-0.25943,0.27676,-13.2,-11.2,-14.3
157.4905,6860.8816,0.10295018460921364,-5.598449602395501,-0.4061333732314445,0.14978,-0.18124,0.16864,-13.4,-11.2,-14.4
157.5053,6860.9016,-0.008405781346111151,-5.653589009270585,-0.3007647592813427,0.27562,-0.03952,-0.04761,-13.7,-11.2,-14.3
157.5253,6860.9216,-0.10376112526102634,-5.677697853833877,-0.29042980606910085,0.44239,0.14802,-0.2217,-13.9,-11.2,-14.3
157.547,6860.9416,-0.14946242861298373,-5.674561909141686,-0.3214987440025965,0.34526,0.27447,-0.32127,-14.2,-11.2,-14.3
157.5717,6860.9616,-0.13829132450707707,-5.643917657262555,-0.33408032641929,0.1003,0.28363,-0.40191,-14.3,-11.3,-14.3
157.5915,6860.9816,-0.032210571721210175,-5.583366593425935,-0.2884732999986692,-0.12327,0.13213,-0.45017,-14.5,-11.3,-14.1
157.6107,6861.0016,0.12188242081006141,-5.468988800669595,-0.174009676174947,-0.26499,-0.03219,-0.41107,-14.6,-11.3,-14.1
157.6273,6861.0216,0.2924297459275705,-5.2813106785854895,-0.025548098284259524,-0.33952,-0.29547,-0.31944,-14.7,-11.3,-14.2
157.6494,6861.0416,0.448740853386102,-5.040421377213363,0.07428667231649655,-0.19352,-0.58136,-0.18505,-14.8,-11.3,-14.2
157.672,6861.0616,0.5448092193555222,-4.756368182963744,0.05678509004498089,0.17849,-0.53982,-0.14962,-14.9,-11.3,-14.2
157.6927,6861.0815,0.5520784897973874,-4.497187490518355,-0.13452815353484482,0.43811,-0.1507,-0.12702,-15.0,-11.4,-14.2
157.718,6861.1015,0.4912782838309905,-4.305328682801465,-0.4890593569923052,0.38863,0.34777,-0.07265,-15.1,-11.4,-14.1
157.7314,6861.1215,0.46551299356022907,-4.250123694678458,-0.969500126361357,0.17055,0.47422,0.01592,-15.2,-11.5,-14.0
157.7454,6861.1415,0.488583348445775,-4.25470924871956,-1.4533235814579282,-0.0121,0.48766,0.09045,-15.2,-11.6,-13.9
157.7914,6861.1615,0.5048980970825621,-4.309010741447865,-1.8636812370340925,-0.10922,0.50659,0.07151,-15.2,-11.6,-13.9
157.7946,6861.1815,0.6537069871763678,-4.267526159749584,-2.0994025817139086,-0.19597,0.32822,0.07518,-15.3,-11.6,-14.0
157.8124,6861.2015,0.807844921827835,-4.197097585383049,-2.1971711821663362,-0.18864,0.13519,0.09228,-15.3,-11.6,-13.9
157.8246,6861.2215,0.9527334290135837,-4.078415285547007,-2.18390452878523,-0.04875,0.0179,0.0874,-15.3,-11.7,-14.0
157.8497,6861.2415,1.0728811902142954,-3.934072055017615,-2.1189702075316923,0.12779,0.02157,0.15154,-15.3,-11.7,-13.9
157.8743,6861.2615,1.1455110981018963,-3.8006070366947906,-2.0549910912440703,0.22492,0.1022,0.21201,-15.4,-11.7,-13.9
157.9014,6861.2815,1.169388810934409,-3.7066198254021754,-2.0168685327988483,0.25058,0.11503,0.28715,-15.5,-11.7,-14.0
157.9112,6861.3015,1.124580117518627,-3.714472681103633,-2.017434523912115,0.26707,0.11136,0.33785,-15.6,-11.7,-14.1
157.9452,6861.3215,1.0792116192899732,-3.7161610739270867,-1.9895324547311057,0.27807,0.06005,0.33968,-15.6,-11.7,-14.2
157.9506,6861.3415,0.9566798869902192,-3.8324371167183577,-1.9590161669152764,0.35503,0.00813,0.35129,-15.7,-11.7,-14.2
157.9722,6861.3615,0.8641986007099418,-3.9131183694296423,-1.8622532140271018,0.46194,-0.1507,0.36045,-15.8,-11.7,-14.2
157.9847,6861.3815,0.741850026240031,-4.036575140470408,-1.743039472726183,0.5163,-0.38221,0.34029,-15.9,-11.7,-14.3
158.0055,6861.4015,0.668657746400517,-4.124914875303214,-1.5949656759217898,0.59327,-0.54165,0.38183,-16.0,-11.7,-14.4
158.0269,6861.4215,0.5964494488168891,-4.232037882320775,-1.4641923984912992,0.62809,-0.53188,0.42093,-16.1,-11.7,-14.5
158.0447,6861.4415,0.4817407667415789,-4.408233176665756,-1.38604836053101,0.52791,-0.34678,0.41176,-16.3,-11.7,-14.5
158.067,6861.4614,0.35039934174394854,-4.637071705675052,-1.3496070644900087,0.32693,-0.07006,0.31036,-16.4,-11.7,-14.5
158.0871,6861.4814,0.19414999084706322,-4.9240253274677475,-1.336647347861696,0.06976,0.14802,0.14604,-16.6,-11.8,-14.3
158.1145,6861.5014,0.042936293930176665,-5.218975433753742,-1.289840913940834,-0.13732,0.06738,0.01165,-16.7,-11.8,-14.2
158.1297,6861.5214,-0.0957087814036638,-5.452258580834089,-1.138669549147954,-0.12938,-0.1397,0.03792,-16.9,-11.8,-14.0
158.1474,6861.5414,-0.22208278785162544,-5.60086946116472,-0.8594655762814067,-0.1135,-0.01142,0.10389,-17.0,-11.7,-14.0
158.1692,6861.5614,-0.34506288734348817,-5.668763860550014,-0.47811842196547083,-0.31997,0.13702,0.08984,-17.1,-11.7,-14.0
158.1882,6861.5814,-0.46732271044049734,-5.6347329275008615,-0.03874477068974436,-0.66878,0.15107,-0.02317,-17.1,-11.7,-14.0
158.2078,6861.6014,-0.5722447099741301,-5.496704834740527,0.37596877041723253,-0.8667,-0.10183,-0.22842,-17.3,-11.7,-14.1
158.2261,6861.6214,-0.6372358239607401,-5.214380293105836,0.6918953005606046,-0.66694,-0.17452,-0.34265,-17.4,-11.6,-14.0
158.2737,6861.6414,-0.7360046474117412,-4.839691864508887,0.7956491658746945,-0.17886,-0.06395,-0.41535,-17.6,-11.6,-13.9
158.2786,6861.6614,-0.6517569426303657,-4.412854746714045,0.6512773237000591,0.35626,0.01302,-0.40313,-17.7,-11.6,-14.0
158.2904,6861.6814,-0.5466607533018475,-4.018180819141788,0.24816236788726265,0.57983,-0.08289,-0.25347,-17.8,-11.6,-14.0
158.3048,6861.7014,-0.42439216369840127,-3.730004965837313,-0.34526042365442855,0.5499,-0.26737,-0.03295,-17.9,-11.5,-13.9
158.3268,6861.7214,-0.2896721246434767,-3.540647348398889,-0.9987943725597539,0.55723,-0.41398,0.14176,-18.0,-11.5,-13.8
158.3451,6861.7414,-0.2077813822943279,-3.493543067099633,-1.6163449619394559,0.61954,-0.59174,0.20163,-18.0,-11.4,-13.8
158.3748,6861.7614,-0.11832701847535056,-3.478992256348561,-2.077772519585003,0.53219,-0.76706,0.18697,-18.0,-11.5,-13.7
158.3871,6861.7814,-0.18040346255461287,-3.5867400247030408,-2.4111991443876883,0.32083,-0.83548,0.11977,-18.1,-11.5,-13.6
158.4187,6861.8014,-0.21323292287288242,-3.689816614760599,-2.588592225247412,0.09847,-0.60396,0.01776,-18.2,-11.5,-13.6
158.4271,6861.8214,-0.3081253812715221,-3.8280928621349193,-2.687975105058464,-0.08968,-0.20323,-0.05249,-18.3,-11.5,-13.6
158.4475,6861.8414,-0.3871904300896537,-3.99111494170548,-2.753701079399576,-0.22895,0.07655,-0.07693,-18.4,-11.6,-13.5
158.4749,6861.8614,-0.4498366286042988,-4.178323795673596,-2.8110724893434833,-0.21979,0.18833,-0.05127,-18.6,-11.6,-13.5
158.4957,6861.8813,-0.48276519999607714,-4.368663908515358,-2.8395955525472525,-0.17703,0.08143,-0.01584,-18.7,-11.6,-13.4
158.5079,6861.9013,-0.5034108588479754,-4.570541566019055,-2.8142345176588233,-0.1642,0.07044,-0.03539,-18.8,-11.7,-13.3
158.5257,6861.9213,-0.5364415827888472,-4.803797244692083,-2.7162403254380383,-0.243,0.05761,-0.0812,-18.9,-11.7,-13.1
158.5457,6861.9413,-0.5737770953471886,-5.056719770027991,-2.523050972884672,-0.42565,0.02523,-0.02073,-19.0,-11.8,-13.1
158.5736,6861.9613,-0.5898396974306243,-5.316865283748761,-2.2419172745594356,-0.51056,-0.07923,0.0483,-19.1,-11.8,-13.0
158.5868,6861.9813,-0.5861388938191205,-5.476218078259126,-1.8486250046388184,-0.31936,-0.32357,0.00798,-19.1,-11.7,-12.9
158.6069,6862.0013,-0.539013651724697,-5.55745623013126,-1.4310459038941836,0.06365,-0.37916,-0.11969,-19.2,-11.8,-13.0
158.6276,6862.0213,-0.46627114155754923,-5.562062757070329,-1.0608042445352375,0.31227,-0.20384,-0.25163,-19.3,-11.8,-13.0
158.6495,6862.0413,-0.37168429504574435,-5.53445601777192,-0.8041399141268677,0.33304,0.07532,-0.33655,-19.5,-11.8,-13.0
158.6713,6862.0613,-0.23623705797199074,-5.521484453068899,-0.6818613187768428,0.20049,0.24026,-0.38847,-19.6,-11.8,-13.2
158.6876,6862.0813,-0.028305618102491336,-5.543537232952268,-0.6616852651553646,0.16017,0.13519,-0.37198,-19.6,-11.7,-13.3
158.7063,6862.1013,0.19660490349016418,-5.5669104449971885,-0.6628869976085028,0.31166,-0.00837,-0.31272,-19.7,-11.7,-13.3
158.7263,6862.1213,0.39938389830390203,-5.571177624248665,-0.6162438918629825,0.49126,0.07777,-0.25835,-19.7,-11.8,-13.5
158.7575,6862.1413,0.5276769592039399,-5.490199911614356,-0.4528096022426542,0.47721,0.14374,-0.18444,-19.7,-11.8,-13.3
158.7689,6862.1613,0.6219103513023895,-5.459057944562559,-0.26997566176194177,0.36908,0.03745,-0.05738,-19.7,-11.8,-13.4
158.7858,6862.1813,0.6661627080199295,-5.357317354860784,-0.050010841921649174,0.29517,-0.17941,0.06418,-19.6,-11.8,-13.4
158.8067,6862.2013,0.6859293542952128,-5.202706478790477,0.11716906267153426,0.07159,-0.52149,0.14054,-19.6,-11.9,-13.4
158.842,6862.2213,0.6957057396368643,-4.999390702479098,0.15086853440312886,-0.13183,-0.47446,0.11672,-19.6,-11.9,-13.5
158.8518,6862.2413,0.5998803041552239,-4.746345477405352,0.008423477671033908,0.02456,0.02768,-0.07143,-19.7,-12.0,-13.4
158.8731,6862.2613,0.46330014752728393,-4.460471197889646,-0.31855706123585925,0.40818,0.65381,-0.18016,-19.7,-12.1,-13.4
158.8952,6862.2813,0.36428299057960195,-4.223830710571927,-0.8003309711263125,0.56151,0.90915,-0.13679,-19.7,-12.2,-13.5
158.9064,6862.3012,0.40708197826947645,-4.113239910743544,-1.3556407386823945,0.25119,0.78087,0.05563,-19.8,-12.4,-13.5
158.9448,6862.3212,0.43520429001054756,-4.082825685684659,-1.8330069279732104,-0.13427,0.69596,0.2059,-19.7,-12.5,-13.6
158.9485,6862.3412,0.5508556658053594,-4.033261857116544,-2.104071424143571,-0.27599,0.65809,0.30731,-19.6,-12.6,-13.6
158.9719,6862.3612,0.6258240577253337,-4.011675745478148,-2.1657945278657023,-0.29187,0.56585,0.3293,-19.6,-12.6,-13.6
158.9886,6862.3813,0.6554030603827724,-3.9273745779514924,-2.0134992097464783,-0.29248,0.32822,0.33052,-19.5,-12.7,-13.6
159.0078,6862.4013,0.6452824850282803,-3.815173830570131,-1.7558539108455324,-0.30898,0.04661,0.32441,-19.4,-12.6,-13.7
159.0274,6862.4213,0.5988869360649507,-3.6937112374346635,-1.5074717911112128,-0.14099,0.09426,0.32319,-19.4,-12.5,-13.9
159.0509,6862.4413,0.5225020338377238,-3.5943886535642418,-1.3680901614988912,0.11985,0.28546,0.30181,-19.4,-12.5,-14.2
159.0688,6862.4614,0.4187221866522897,-3.5597895593937614,-1.3930039016423716,0.22553,0.43634,0.35068,-19.3,-12.4,-14.3
159.0871,6862.4814,0.3092181457847175,-3.6090376028283377,-1.5727284085889632,0.17849,0.41863,0.38733,-19.3,-12.4,-14.4
159.1156,6862.5014,0.21417033293176121,-3.731955159997815,-1.8433014414451296,0.09419,0.36304,0.391,-19.3,-12.3,-14.6
159.1266,6862.5215,0.13018837960204682,-3.916926251246893,-2.1233306744132046,0.07648,0.30257,0.35068,-19.2,-12.2,-14.8
159.1464,6862.5415,0.08434572463751946,-4.119228619967802,-2.3241386628512117,0.06487,0.09304,0.29326,-19.1,-12.1,-15.1
159.171,6862.5615,0.07777552782061893,-4.317923960338823,-2.391657684822352,0.06671,-0.09572,0.26516,-19.0,-12.0,-15.2
159.1867,6862.5815,0.07991109385209078,-4.509618855556025,-2.312323870521368,0.01234,-0.09205,0.19185,-18.9,-11.9,-15.2
159.2116,6862.6016,0.11398933005311412,-4.691458665867794,-2.10071921932928,0.02089,0.05028,0.10145,-18.8,-11.7,-15.3
159.2286,6862.6216,0.17989891985091339,-4.875354009902558,-1.798752487507274,0.0215,0.17551,0.00798,-18.8,-11.5,-15.3
159.2566,6862.6416,0.28974025128580205,-5.073455446097568,-1.4582784070660075,-0.01515,0.08815,-0.02745,-18.8,-11.4,-15.4
159.2719,6862.6617,0.44350944151106686,-5.277160437471411,-1.119660932829328,-0.11961,-0.20629,-0.0134,-18.8,-11.3,-15.6
159.2905,6862.6817,0.609132662124303,-5.482773867150027,-0.8181063395999182,-0.22651,-0.43719,-0.0641,-18.8,-11.2,-15.8
159.312,6862.7017,0.717587372999843,-5.65604892174202,-0.5531972387055077,-0.14771,-0.1452,-0.17283,-18.7,-11.2,-15.9
159.3331,6862.7217,0.7100388418991932,-5.753033710960418,-0.3029850829918619,0.0215,0.32822,-0.20154,-18.7,-11.1,-15.9
159.3529,6862.7418,0.5914410713900478,-5.748992695250375,-0.05384060105989796,0.06976,0.59578,-0.28157,-18.7,-11.1,-16.0
159.3753,6862.7618,0.3869471141613386,-5.64273183664445,0.19307440151046684,-0.16726,0.46689,-0.3286,-18.7,-11.0,-16.1
159.3873,6862.7818,0.19553219526390642,-5.387510899704433,0.45405318566466235,-0.45192,0.01485,-0.28951,-18.7,-11.0,-16.2
159.4113,6862.8019,0.001245278167099014,-5.077167116596777,0.6608992763546109,-0.54844,-0.49522,-0.13924,-18.7,-10.9,-16.3
159.4296,6862.8219,-0.2128193952277615,-4.634277019408141,0.8116034167960624,-0.40916,-0.48606,-0.09831,-18.6,-10.9,-16.3
159.4483,6862.8419,-0.44693219812892104,-4.128685290326063,0.8159104891614941,0.0044,-0.1788,-0.11847,-18.6,-10.8,-16.3
159.4778,6862.8619,-0.6885759071959104,-3.5876452748692387,0.6228459227503418,0.55357,0.16451,-0.13435,-18.6,-10.8,-16.4
159.4936,6862.882,-0.8396943714847044,-3.247065428693722,0.17162136096211889,0.78447,0.16023,-0.03905,-18.6,-10.9,-16.6
159.5206,6862.902,-0.9036969283322926,-3.0258799962989147,-0.4312400778702177,0.67513,0.03867,0.13932,-18.6,-10.9,-16.8
159.535,6862.922,-0.8820918095402361,-3.0705172311986377,-1.1261969823860163,0.48332,-0.00287,0.20712,-18.5,-10.9,-16.7
159.5501,6862.9421,-0.8242524886919383,-3.2359220605249113,-1.7724006626031876,0.41918,0.02584,0.28104,-18.5,-11.0,-16.8
159.5692,6862.9621,-0.7587251491177328,-3.4493448238181803,-2.2801749075476403,0.27501,-0.16414,0.31036,-18.5,-11.0,-16.8
159.5915,6862.9821,-0.7138283299111589,-3.6684998082678835,-2.6127569826850516,0.11435,-0.34678,0.28409,-18.5,-10.9,-16.8
159.6162,6863.0021,-0.7121044028234365,-3.8764842799452306,-2.7804738357390235,-0.00171,-0.34617,0.22117,-18.5,-10.9,-16.8
159.6327,6863.0221,-0.7848079964241966,-4.072595076997335,-2.822658153497822,-0.06524,-0.2466,0.1326,-18.5,-10.9,-16.8
159.6484,6863.0421,-0.8987140431084074,-4.261195380047113,-2.7776741102262887,-0.08235,-0.09877,0.05746,-18.4,-10.9,-16.7
159.6806,6863.0621,-1.0208283637164128,-4.453118840002479,-2.6793139192381554,-0.09212,-0.09755,0.00065,-18.4,-10.9,-16.6
159.6917,6863.0821,-1.143738631767792,-4.630055502800154,-2.5374663791625416,-0.04081,-0.12687,0.01348,-18.4,-10.8,-16.5
159.7102,6863.1021,-1.2252715230764903,-4.7834351848407755,-2.3592617360520496,-0.03836,-0.34923,-0.02928,-18.5,-10.8,-16.4
159.7304,6863.122,-1.2526870424764547,-4.896899111436618,-2.155119535184964,-0.16115,-0.45857,-0.182,-18.5,-10.9,-16.4
159.75,6863.142,-1.2201102661490737,-4.957324403808269,-1.9445839752680598,-0.31875,-0.37794,-0.32188,-18.6,-10.9,-16.4
159.7776,6863.162,-1.142624382074698,-4.972759672645766,-1.764036281817008,-0.37861,-0.26065,-0.37442,-18.6,-10.8,-16.3
159.7891,6863.182,-0.961288414471816,-4.900292998409793,-1.6011828001844677,-0.30592,-0.13298,-0.46055,-18.7,-10.8,-16.2
159.8101,6863.202,-0.7620254557343767,-4.79524951371235,-1.510775932016875,-0.16787,0.01546,-0.51919,-18.7,-10.8,-16.0
159.8323,6863.222,-0.5256568587753017,-4.663246399027131,-1.4860136575748832,0.04166,0.06066,-0.43551,-18.8,-10.8,-16.1
159.8514,6863.242,-0.27063561780910195,-4.556032151201505,-1.5349729538886034,0.36786,-0.15681,-0.2553,-18.8,-10.7,-15.9
159.8656,6863.262,-0.051924905712975616,-4.538160163508666,-1.658803806114788,0.5609,-0.35534,-0.13068,-18.7,-10.7,-15.7
159.8949,6863.282,0.10497588303979467,-4.558403229954228,-1.7854630335649055,0.47171,-0.2857,-0.05555,-18.7,-10.7,-15.7
159.9216,6863.302,0.17883323588437489,-4.6916199359133905,-1.9164545395799113,0.33976,-0.17147,-0.03172,-18.7,-10.7,-15.5
159.9334,6863.322,0.15536182534055534,-4.934975385501959,-2.024986840561927,0.31594,-0.2576,0.02875,-18.7,-10.7,-15.4
159.9596,6863.342,0.09317096591839583,-5.156192115952354,-2.0198671991777983,0.41307,-0.32663,0.04708,-18.7,-10.7,-15.3
159.9705,6863.362,-0.021916287051377017,-5.398193016574195,-1.9339600661263443,0.32388,-0.00409,-0.04944,-18.7,-10.8,-15.3
159.9908,6863.382,-0.1696438232627658,-5.574184132760449,-1.7325482262618728,0.01295,0.32883,-0.10747,-18.7,-10.8,-15.2
160.0078,6863.402,-0.29520678808440515,-5.6671570640130025,-1.4377639241106834,-0.27538,0.52736,-0.11969,-18.6,-10.9,-15.2
160.026,6863.422,-0.364105308791056,-5.653895982301382,-1.074331415437607,-0.42993,0.31662,-0.06593,-18.6,-10.8,-15.0
160.0456,6863.442,-0.3475708660860007,-5.527798517553522,-0.6834036075015693,-0.67916,-0.34068,-0.08487,-18.5,-10.8,-14.9
160.0679,6863.462,-0.2622652965769473,-5.310054467786924,-0.3274846189909546,-0.80378,-0.54959,-0.17589,-18.5,-10.8,-14.8
160.0859,6863.482,-0.15464494225202408,-4.999401042678312,-0.05045779126381156,-0.59303,-0.05418,-0.31272,-18.3,-10.8,-14.7
160.11,6863.502,-0.08974161739006523,-4.707137751769186,0.06781142207793778,-0.35174,0.49499,-0.37931,-18.3,-10.7,-14.7
160.1274,6863.5219,0.014594145410615121,-4.441050961984337,0.03736947815612268,-0.3383,0.56279,-0.37808,-18.1,-10.6,-14.6
160.1481,6863.5419,0.11509248219283909,-4.271819482327366,-0.13516979375926397,-0.45497,0.36182,-0.24125,-18.1,-10.5,-14.7
160.1684,6863.5619,0.22342944649985544,-4.1776056169663764,-0.3866640079228798,-0.36701,0.18711,-0.04822,-18.0,-10.4,-14.8
160.1873,6863.5819,0.29727165249311943,-4.13008500704821,-0.6544262364549702,-0.13793,0.08326,0.05991,-17.9,-10.3,-14.9
160.21,6863.6019,0.3094317397558528,-4.11498256311739,-0.8977245584597195,-0.09517,-0.07984,0.04036,-17.8,-10.2,-15.0
160.2275,6863.6219,0.25232284097137797,-4.10234882967717,-1.0911245368327354,-0.21063,-0.21667,-0.07021,-17.6,-10.0,-15.0
160.2942,6863.6419,0.15772276003229355,-4.165898016596996,-1.278961764329507,-0.27416,-0.30402,-0.20154,-17.4,-9.9,-15.0
160.298,6863.6619,0.07653264351110409,-4.096262678373795,-1.3772940975733121,-0.26133,-0.2631,-0.31639,-17.3,-9.8,-15.2
160.3012,6863.6819,0.03850040442506136,-4.0064401700583865,-1.4528676776601248,-0.22712,-0.05785,-0.34998,-17.1,-9.6,-15.2
160.3134,6863.7019,0.03225156366092913,-3.9278523308699462,-1.522677100975443,-0.24056,0.05089,-0.3622,-16.9,-9.5,-15.2
160.3252,6863.7219,0.07826384979304184,-3.859260347986227,-1.5787405816430713,-0.33647,-0.12565,-0.27302,-16.7,-9.3,-15.4
160.3456,6863.7419,0.154099454562617,-3.830647224803015,-1.6253305123309794,-0.25583,-0.27592,-0.16123,-16.6,-9.2,-15.3
160.3694,6863.7619,0.24507158755733163,-3.8358590105276615,-1.65474893223832,-0.10067,-0.06762,-0.04455,-16.4,-9.1,-15.3
160.3852,6863.7819,0.3187443150425506,-3.8626553964724457,-1.6635331460573592,-0.11289,-0.10183,-0.01767,-16.2,-9.0,-15.4
160.41,6863.8019,0.37179510972779123,-3.9183210699662854,-1.6631411298148393,-0.05119,-0.19346,-0.09403,-16.1,-9.0,-15.4
160.4313,6863.8219,0.39717905153080035,-3.989024149031863,-1.6544401971096718,0.04594,-0.20629,-0.18688,-15.8,-8.9,-15.3
160.446,6863.8419,0.4129398836893498,-4.076311510089688,-1.6412852571404706,0.1284,-0.00287,-0.17467,-15.6,-8.8,-15.1
160.4704,6863.8619,0.41686718872586076,-4.16449916365068,-1.6106881273032645,0.14734,0.14374,-0.11847,-15.4,-8.8,-14.9
160.4917,6863.8819,0.4384213340716348,-4.273452905633662,-1.5643220279508583,0.08686,0.0967,-0.03905,-15.3,-8.7,-14.7
160.5171,6863.9019,0.4773121192688609,-4.402419308857651,-1.49236349853172,0.05388,-0.09694,0.0147,-15.1,-8.8,-14.5
160.5291,6863.9219,0.5012203513077605,-4.559727507857858,-1.3919611294401193,0.01906,-0.19957,0.05441,-15.0,-8.9,-14.4
160.5475,6863.9418,0.516534523577683,-4.734777656721578,-1.2574070145015526,0.12352,-0.36511,0.02509,-14.9,-8.9,-14.3
160.5716,6863.9618,0.517628539642078,-4.914190875069583,-1.084678827382886,0.1394,-0.34984,0.02936,-14.8,-8.9,-14.0
160.5864,6863.9818,0.4655883198912441,-5.0921688408580295,-0.876116034620992,0.12107,-0.23316,0.07273,-14.7,-9.0,-13.9
160.6076,6864.0018,0.40183780079015924,-5.219915477261225,-0.620229228223927,0.09542,-0.21484,0.14176,-14.7,-9.1,-13.6
160.627,6864.0218,0.3041305137966164,-5.277619548147631,-0.3270650217923716,0.016,-0.21362,0.13138,-14.7,-9.3,-13.5
160.6587,6864.0418,0.1918608287832028,-5.269585746554357,-0.03078113936910576,-0.15626,-0.04257,0.05685,-14.8,-9.4,-13.3
160.6712,6864.0618,0.06501347261178171,-5.102905987919802,0.2798959363232765,-0.38167,-0.1171,-0.07021,-14.9,-9.6,-13.1
160.6885,6864.0818,-0.0349967802648603,-4.839084797565143,0.5273194008913435,-0.48979,-0.4769,-0.13374,-14.9,-9.7,-12.8
160.7057,6864.1018,-0.11066205653468172,-4.478080194688827,0.669310993953788,-0.16298,-0.62534,-0.12641,-15.0,-9.9,-12.7
160.7299,6864.1218,-0.17532811795249748,-4.064273861125222,0.6556880861660588,0.27623,-0.3871,-0.10442,-15.3,-10.1,-12.6
160.7483,6864.1418,-0.29185655325939874,-3.7203622422677167,0.4384747682651202,0.4601,-0.12443,-0.13924,-15.4,-10.3,-12.4
160.7685,6864.1618,-0.4385652377002287,-3.5053910647413487,0.039513958874803023,0.48209,0.28424,-0.10564,-15.6,-10.6,-12.3
160.7872,6864.1818,-0.5629587409508782,-3.4548862381777004,-0.4786966065122229,0.3135,0.1975,-0.02928,-15.7,-10.8,-12.0
160.8081,6864.2018,-0.6230070763421184,-3.515370093081252,-1.0122809087198679,0.31288,-0.06029,-0.06166,-15.9,-11.0,-11.8
160.8316,6864.2218,-0.5984030888876786,-3.629866170798593,-1.4693549393726943,0.38191,-0.28325,-0.10014,-16.1,-11.2,-11.6
160.8478,6864.2418,-0.5203519930684304,-3.7733127717776753,-1.8052510295595212,0.23164,-0.37,-0.0922,-16.3,-11.4,-11.4
160.877,6864.2618,-0.3844918400592167,-3.888206355689634,-1.9914554092437609,-0.0744,-0.34862,-0.09831,-16.5,-11.7,-11.2
160.8971,6864.2818,-0.24582259294149753,-3.9664732200834782,-2.050098532929171,-0.18986,-0.21117,-0.14107,-16.7,-11.9,-11.2
160.9075,6864.3018,-0.1033596122352721,-3.9867250234415974,-2.0086161661844715,-0.12816,-0.05785,-0.16611,-17.0,-12.1,-11.0
160.9339,6864.3218,0.00273798805343729,-3.98085558231341,-1.9293684199261412,-0.0518,0.02706,-0.1258,-17.2,-12.3,-10.7
160.9512,6864.3417,0.09010782737897087,-3.9540103469034467,-1.8577576906024866,-0.02004,0.02035,0.0428,-17.3,-12.4,-10.6
160.9712,6864.3617,0.1490024954910572,-3.9361378042390465,-1.839832337564708,0.13451,-0.13176,0.23095,-17.5,-12.6,-10.5
160.9867,6864.3817,0.15248870450386753,-3.9559693742305884,-1.9011424703301536,0.17972,-0.21972,0.29204,-17.8,-12.9,-10.5
161.0077,6864.4017,0.12420230219792087,-4.019486374959206,-2.0371381228537855,0.08259,-0.11954,0.1607,-18.0,-13.0,-10.4
161.0269,6864.4217,0.06294194200106605,-4.127295025088005,-2.223323641509105,-0.0463,0.08388,0.04219,-18.2,-13.2,-10.2
161.0477,6864.4417,0.004018746549826386,-4.2623874618632644,-2.4132172119072353,-0.10861,0.34655,0.02325,-18.4,-13.3,-10.3
161.0738,6864.4617,-0.032178754167562294,-4.406509745405067,-2.551107946944974,-0.12266,0.46689,0.08312,-18.6,-13.4,-10.1
161.0913,6864.4817,-0.013771076451979444,-4.532961082587686,-2.5779896709890515,-0.10678,0.43146,0.13138,-18.8,-13.5,-10.2
161.1075,6864.5017,0.02103325558649113,-4.644294218672821,-2.4693632414135704,-0.08662,0.36548,0.13443,-19.1,-13.5,-10.4
161.1269,6864.5217,0.04051184404061107,-4.749405614955831,-2.231689439729344,-0.20391,0.12786,0.2169,-19.3,-13.6,-10.5
161.1478,6864.5417,0.016665715695454386,-4.845746623702272,-1.8927551750958136,-0.31631,0.0967,0.27249,-19.6,-13.6,-10.7
161.1798,6864.5617,-0.05815912839926568,-4.936654599424785,-1.5072306378495988,-0.0463,0.07288,0.29326,-19.8,-13.7,-10.8
161.1882,6864.5817,-0.21206077410937127,-5.009351265109571,-1.1311315033112432,0.22614,0.1865,0.19796,-20.0,-13.6,-11.0
161.2077,6864.6017,-0.37931705819667755,-5.079733176998163,-0.8283516891986107,0.11496,0.31051,0.09961,-20.1,-13.6,-11.3
161.2268,6864.6217,-0.5228253979983203,-5.178844860109548,-0.6448601416185138,0.43017,-0.01753,-0.0134,-20.2,-13.6,-11.5
161.2454,6864.6417,-0.6218648376071659,-5.313156940572189,-0.5828664723930714,0.23653,-0.13237,0.0031,-20.5,-13.6,-11.7
161.2676,6864.6617,-0.6839022456992024,-5.448909106410936,-0.6003537313712215,0.18949,0.21643,-0.0415,-20.7,-13.6,-12.0
161.2856,6864.6817,-0.6975739370893351,-5.549816971563553,-0.6426191598980786,0.08809,0.50904,-0.03172,-20.7,-13.5,-12.3
161.3049,6864.7017,-0.6585341676679731,-5.563395547539591,-0.6509989219151393,0.05754,0.58234,-0.03905,-20.8,-13.5,-12.5
161.3272,6864.7217,-0.5515869789787411,-5.479063203676742,-0.6076328830032054,-0.05791,0.30684,-0.05433,-20.9,-13.4,-12.8
161.3457,6864.7417,-0.3743335901644613,-5.286372373045652,-0.514177508942792,-0.43665,-0.18796,-0.00973,-21.0,-13.4,-13.1
161.3652,6864.7616,-0.17249619084678075,-5.005161238648508,-0.40530608139937563,-0.72498,-0.27776,0.00371,-21.0,-13.4,-13.5
161.3894,6864.7816,-0.0028377757093373665,-4.658990228896046,-0.31971694363758196,-0.48674,-0.06823,-0.13191,-21.2,-13.3,-14.0
161.4055,6864.8016,0.13482376231281998,-4.260984151678892,-0.2827308296845761,0.11924,0.4394,-0.20887,-21.2,-13.3,-14.1
161.4254,6864.8216,0.22421399654156274,-3.91171778292908,-0.33770164111608736,0.29517,0.58906,-0.0189,-21.1,-13.2,-14.4
161.4469,6864.8416,0.30082569257640196,-3.6858275902045228,-0.4844951861646436,0.08748,0.38564,0.20468,-21.0,-13.2,-14.6
161.4651,6864.8616,0.37481427665891504,-3.599001053404369,-0.6857958085779341,-0.15321,0.31051,0.33357,-20.9,-13.1,-14.8
161.4853,6864.8816,0.42571298273317026,-3.6042113622243153,-0.8894987574979876,-0.16726,0.15168,0.3238,-20.8,-13.1,-15.0
161.5073,6864.9016,0.43892399006960436,-3.6422753683497398,-1.0617292391765325,-0.0964,0.14008,0.19735,-20.8,-13.1,-15.2
161.5311,6864.9216,0.41358576442167083,-3.6771537560462915,-1.2009320145772104,-0.11961,0.33677,0.19552,-20.7,-13.1,-15.5
161.5477,6864.9416,0.38247683443459485,-3.692109524752421,-1.3267370228730329,-0.17703,0.44551,0.16742,-20.5,-13.1,-15.7
161.5686,6864.9616,0.3458967574247318,-3.710871206831212,-1.4707319552047693,-0.11533,0.53958,0.10694,-20.2,-12.9,-15.9
161.5857,6864.9816,0.3309212850845837,-3.7398909190017027,-1.642856076847357,-0.02615,0.52614,0.14054,-20.1,-12.9,-16.1
161.6055,6865.0016,0.3194361816403636,-3.798792898758081,-1.8391264046406235,0.02944,0.43634,0.27737,-20.0,-12.8,-16.3
161.6268,6865.0216,0.30480082650101886,-3.894485886429348,-2.038390099506662,0.01234,0.35693,0.40627,-19.8,-12.7,-16.6
161.6458,6865.0416,0.2687541477734217,-4.021572546834,-2.21106227745752,0.0441,0.33555,0.53821,-19.7,-12.6,-16.9
161.6675,6865.0616,0.21299635130108754,-4.158674809886307,-2.327239697467573,0.03983,0.31478,0.57303,-19.5,-12.5,-17.1
161.6864,6865.0816,0.13427662404488427,-4.278126055061649,-2.3649914450325342,0.03066,0.36548,0.43009,-19.4,-12.4,-17.2
161.7145,6865.1016,0.05992947062389325,-4.360175541902657,-2.317401174193799,-0.01393,0.24637,0.24133,-19.2,-12.3,-17.4
161.728,6865.1216,0.004150913402156574,-4.388916083315629,-2.183164973313473,-0.03958,0.18711,0.10572,-19.1,-12.2,-17.6
161.7487,6865.1416,-0.02194831688278793,-4.38620735773396,-1.9824355415726078,-0.0854,0.11564,0.14359,-19.0,-12.0,-17.7
161.7682,6865.1615,-0.03246397978473377,-4.369618568648998,-1.7329182244504402,-0.07807,0.07532,0.29081,-18.9,-12.0,-18.0
161.7911,6865.1815,-0.046497654411803854,-4.370987068714449,-1.4631434347843353,0.03066,0.03989,0.47468,-18.8,-11.9,-18.3
161.8076,6865.2015,-0.12580821394818104,-4.432591069380117,-1.2102978399789137,0.18582,-0.01692,0.57242,-18.7,-11.8,-18.3
161.826,6865.2215,-0.24957347637483818,-4.575582478696044,-1.0015584964814135,0.22797,-0.08533,0.57242,-18.6,-11.6,-18.3
161.8461,6865.2415,-0.4056793971259817,-4.797498907912966,-0.8519324918059521,0.10824,-0.18979,0.50034,-18.7,-11.4,-18.3
161.8804,6865.2615,-0.5206130167004048,-5.043169628381364,-0.7435258999222043,0.0832,-0.22217,0.3971,-18.7,-11.4,-18.4
161.9065,6865.2815,-0.6996598115768236,-5.275601437115545,-0.6743991693417879,0.12901,-0.17086,0.24378,-18.7,-11.2,-18.5
161.9279,6865.3015,-0.8995686670383197,-5.433554507748299,-0.6178663951414212,0.07281,0.00385,0.02875,-18.7,-11.1,-18.5
161.9316,6865.3215,-1.0318696772091684,-5.457234383296726,-0.5317831264597093,-0.09823,0.19811,-0.20093,-18.8,-11.0,-18.5
161.9576,6865.3415,-1.1649696623617416,-5.398562316728053,-0.4469502433053947,-0.39694,0.22804,-0.34693,-18.8,-10.9,-18.5
161.9797,6865.3615,-1.1779795319649424,-5.206342772038248,-0.3098696091769231,-0.79095,-0.13604,-0.5027,-18.8,-10.8,-18.5
161.9919,6865.3816,-1.071088515391073,-4.849597260939737,-0.11003757866068042,-0.8667,-0.61312,-0.55829,-18.8,-10.7,-18.6
162.0065,6865.4016,-0.900910274859443,-4.445768211132069,0.05701791514336563,-0.5747,-0.56242,-0.56928,-18.8,-10.7,-18.7
162.0261,6865.4216,-0.7191321318843704,-4.050636789005644,0.13090765800235538,-0.20085,-0.21178,-0.51247,-18.8,-10.5,-18.6
162.0505,6865.4416,-0.5707449490883704,-3.7124127130861315,0.07350250105339562,0.02272,-0.08961,-0.48315,-18.9,-10.5,-18.6
162.0718,6865.4617,-0.4437042874002076,-3.501324512670608,-0.1270694073258838,0.08259,-0.09938,-0.37869,-18.8,-10.4,-18.6
162.0922,6865.4817,-0.3438255424401645,-3.4410473316073844,-0.44171061516390075,0.04777,-0.05296,-0.20521,-18.8,-10.3,-18.5
162.1083,6865.5017,-0.2826373049684751,-3.5029505177533564,-0.8183748045887658,-0.05669,-0.0328,0.03058,-18.7,-10.3,-18.5
162.1265,6865.5218,-0.2664316930535506,-3.634607050812067,-1.2087763857853524,-0.22101,-0.14092,0.08923,-18.7,-10.4,-18.5
162.1522,6865.5418,-0.2811497784420778,-3.7860880604587135,-1.5838954973015102,-0.16115,-0.2295,0.00187,-18.7,-10.3,-18.6
162.1733,6865.5618,-0.32464398975739767,-3.910853330621546,-1.9290396574729405,-0.00843,-0.24172,-0.11786,-18.6,-10.3,-18.7
162.1874,6865.5818,-0.3628840472270839,-4.018186269773913,-2.2545565574861826,0.07037,-0.18674,-0.16062,-18.6,-10.3,-18.8
162.2142,6865.6019,-0.3719270820369668,-4.111022777223544,-2.555234342532115,0.05266,-0.1959,-0.16367,-18.6,-10.3,-18.6
162.228,6865.6219,-0.3408113609436133,-4.22027368718447,-2.8229440922692355,-0.02065,-0.09205,-0.17222,-18.6,-10.2,-18.5
162.2458,6865.6419,-0.2812790830444097,-4.33755982387843,-3.014808647933531,-0.108,0.03623,-0.1539,-18.6,-10.2,-18.4
162.2705,6865.662,-0.21081604917059188,-4.460457334188476,-3.0895976141544192,-0.16298,0.14008,-0.19849,-18.6,-10.2,-18.3
162.2885,6865.682,-0.10675950848075874,-4.559477768996893,-3.000364018234266,-0.2259,0.17551,-0.2498,-18.5,-10.2,-18.2
162.3069,6865.702,0.012452606054027069,-4.632635815671833,-2.7452330073766316,-0.33219,-0.04257,-0.26691,-18.5,-10.3,-18.0
162.3333,6865.722,0.12460516051341863,-4.69165244160291,-2.3601959392471406,-0.29859,-0.18918,-0.28645,-18.5,-10.3,-18.1
162.3569,6865.7421,0.21780122524031195,-4.719201309615888,-1.8873645660304463,-0.18069,-0.10366,-0.24492,-18.5,-10.3,-18.0
162.3748,6865.7621,0.2616511575756693,-4.732406270577321,-1.4035288170300095,-0.0573,0.12786,-0.10014,-18.5,-10.3,-17.9
162.4386,6865.7821,0.15590062694343182,-4.7228191249822755,-0.9634388128190405,0.13818,0.27447,0.03914,-18.5,-10.2,-17.8
162.4449,6865.8022,0.06828482146766714,-4.832015678267434,-0.683426003639644,0.28967,0.22254,0.10389,-18.5,-10.1,-17.8
162.4456,6865.8222,-0.09022026525432372,-5.040446735819556,-0.5510309552885282,0.34037,0.0008,0.16803,-18.6,-10.1,-17.8
162.4494,6865.8422,-0.29423827423865134,-5.31614688914769,-0.5202491302405807,0.41795,-0.22278,0.22301,-18.6,-10.1,-17.7
162.4701,6865.8622,-0.4713339317682194,-5.551089294113805,-0.4786997047410697,0.55234,-0.19407,0.2395,-18.6,-10.1,-17.6
162.489,6865.8823,-0.6850907328759271,-5.798250025160996,-0.42010812608413595,0.55112,0.12236,0.2114,-18.6,-10.0,-17.6
162.5056,6865.9023,-0.8859272233029293,-6.011856268399698,-0.3127057888203968,0.26402,0.50293,0.10022,-18.6,-10.0,-17.6
162.5282,6865.9223,-1.027417789111893,-6.1373873031469035,-0.15434534912352937,-0.21735,0.61044,-0.14412,-18.6,-10.0,-17.7
162.5481,6865.9424,-1.0150249975519643,-6.10988376802641,0.04517251554590729,-0.49957,-0.00775,-0.32066,-18.5,-10.0,-17.6
162.5755,6865.9624,-0.8606221671344568,-5.931674387055189,0.21290350924176416,-0.52889,-0.70658,-0.45444,-18.5,-9.9,-17.7
162.5947,6865.9823,-0.6108559158517308,-5.559006748452867,0.30992782420140585,-0.26988,-0.55998,-0.61938,-18.5,-9.9,-17.7
162.6139,6866.0023,-0.3546216273270757,-5.087933628059955,0.2512984107537406,0.09603,0.08082,-0.6603,-18.5,-9.8,-17.8
162.6293,6866.0223,-0.09606004927104726,-4.6258025765123785,0.01592524755891489,0.32205,0.41496,-0.54485,-18.5,-9.9,-17.7
162.6543,6866.0423,0.10272458375969595,-4.212925446151041,-0.33150378222787324,0.31288,0.23476,-0.35365,-18.5,-9.9,-17.7
162.6774,6866.0623,0.29887152267644024,-3.944881093090421,-0.7285484429662024,0.16322,-0.23072,-0.2327,-18.4,-9.9,-17.7
162.6901,6866.0823,0.42059977936818665,-3.786711993185754,-1.069803557130589,-0.16664,-0.33701,-0.21071,-18.2,-9.9,-17.7
162.7085,6866.1023,0.4328904601991396,-3.696691463566627,-1.291344201033768,-0.46414,0.02706,-0.22292,-18.3,-10.0,-17.8
162.7268,6866.1223,0.3539657849548496,-3.606601935691282,-1.3732789152059048,-0.54844,0.46689,-0.30356,-18.2,-10.0,-17.9
162.7467,6866.1423,0.2414836735599849,-3.489616656200489,-1.3556369753209214,-0.34624,0.65381,-0.40557,-18.2,-10.0,-17.9
162.7793,6866.1623,0.11604574797041856,-3.360527407610195,-1.3068425133198147,-0.12205,0.3551,-0.38358,-18.1,-9.9,-17.9
162.7882,6866.1823,0.16719936617258263,-3.227071011386381,-1.280331013461895,-0.01026,0.01729,-0.20765,-17.9,-10.0,-17.9
162.8127,6866.2023,0.26441437887094665,-3.144121690547191,-1.3164722229037356,0.03983,-0.09572,0.02142,-17.8,-10.0,-18.1
162.8291,6866.2223,0.3454595222081449,-3.1404128808460148,-1.4192964698738582,0.08992,-0.14642,0.18758,-17.7,-10.0,-18.3
162.8478,6866.2423,0.37297171233621,-3.2094216440058476,-1.562533534282709,0.14245,-0.18796,0.2566,-17.7,-10.1,-18.4
162.8747,6866.2623,0.33014969835240204,-3.3232939964504657,-1.7068514006362108,0.26768,-0.00042,0.20835,-17.7,-10.1,-18.4
162.9008,6866.2823,0.21883119483911168,-3.4777466801598638,-1.8278629866645701,0.29089,0.12908,0.12344,-17.6,-10.1,-18.6
162.9121,6866.3024,0.08228971701726942,-3.685275426103049,-1.922791759282073,0.29273,0.10037,0.10206,-17.6,-10.1,-18.6
162.9397,6866.3224,-0.03404353939639351,-3.850173052213302,-1.9496211423516048,0.24264,0.07044,0.09839,-17.6,-10.1,-18.6
162.9617,6866.3425,-0.12348773991966465,-3.9922479107292674,-1.9257978561151576,0.17422,-0.17757,0.00798,-17.6,-10.0,-18.5
162.9723,6866.3626,-0.17845764140020803,-4.100590507603748,-1.8588520101182286,0.17422,-0.11588,-0.14657,-17.7,-9.9,-18.7
162.9898,6866.3826,-0.19808023616747375,-4.155208036633028,-1.7488481752659197,0.13573,0.06616,-0.18261,-17.8,-9.9,-18.8
163.0129,6866.4027,-0.17882144272577807,-4.180723407594524,-1.6128877148553897,0.14062,-0.05174,-0.12641,-17.7,-9.8,-18.8
163.0277,6866.4227,-0.12429673565019028,-4.222985041046442,-1.4721045594455617,0.16933,-0.24721,-0.10991,-17.7,-9.8,-18.8
163.0476,6866.4428,-0.06056308861248611,-4.283645631983135,-1.3192100045729749,0.14367,-0.23805,-0.13129,-17.8,-9.8,-18.8
163.0738,6866.4629,-0.026081243649907288,-4.351817075519294,-1.1373731355576737,0.20843,-0.12932,-0.18077,-17.8,-9.8,-18.8
163.0892,6866.4829,-0.029326225602346646,-4.446524568476033,-0.927611683296421,0.29334,0.05944,-0.22903,-17.9,-9.9,-18.9
163.1083,6866.503,-0.07927836279470048,-4.511849656424016,-0.6651238012737632,0.32388,0.03256,-0.1881,-18.0,-9.9,-18.8
163.1326,6866.523,-0.15712237022463393,-4.540092649309763,-0.3672008270399214,0.1339,-0.04441,-0.18872,-18.0,-9.9,-18.7
163.1492,6866.5431,-0.23885776901540995,-4.530538503965489,-0.0714625411526093,-0.15687,-0.32174,-0.23331,-18.1,-10.0,-18.7
163.18,6866.5632,-0.3021942242796187,-4.509464891671778,0.1625113255959416,-0.38961,-0.57769,-0.2046,-18.1,-10.0,-18.7
163.1936,6866.5832,-0.4085387506058887,-4.348594310937963,0.3422486970102039,-0.37067,-0.48362,-0.10564,-18.2,-10.1,-18.7
163.2079,6866.6033,-0.518976656317666,-4.122471647370456,0.40042681672233016,-0.09701,-0.23805,-0.14168,-18.3,-10.1,-18.7
163.2303,6866.6234,-0.6106115317933225,-3.8581919727186875,0.32495194483550627,0.26035,-0.09572,-0.17222,-18.2,-10.2,-18.6
163.2523,6866.6434,-0.6694950149643003,-3.6307510999621035,0.12366624682373306,0.31411,-0.25088,-0.13679,-18.3,-10.3,-18.6
163.2767,6866.6635,-0.6871193237377238,-3.4932313416700174,-0.1599268008756507,0.05999,-0.22095,-0.14657,-18.3,-10.3,-18.5
163.288,6866.6835,-0.6705259737938333,-3.4547961266663636,-0.46712174373650406,-0.10128,-0.08289,-0.19666,-18.3,-10.4,-18.6
163.3094,6866.7036,-0.6283272219184525,-3.4825696606625414,-0.7472128680126513,-0.09517,-0.0835,-0.11724,-18.4,-10.4,-18.4
163.3291,6866.7237,-0.5634995488758745,-3.536418723030075,-0.9777366861208332,-0.1025,-0.03524,-0.03233,-18.5,-10.5,-18.4
163.3534,6866.7437,-0.48284028726780115,-3.6020161619361555,-1.1723269412453394,-0.06341,0.00996,0.01592,-18.5,-10.5,-18.4
163.3813,6866.7638,-0.3951385058510214,-3.6712193758313605,-1.3580620979115245,0.01723,-0.05479,0.00859,-18.6,-10.6,-18.4
163.3909,6866.7839,-0.3296149996845213,-3.7676402475425403,-1.5698896785392566,0.09725,-0.1171,-0.036,-18.6,-10.5,-18.2
163.411,6866.8039,-0.28373564974288046,-3.880886141716921,-1.807855433236126,0.13757,-0.1171,-0.036,-18.6,-10.5,-18.1
163.4323,6866.824,-0.26813528616288423,-4.0191069360495195,-2.0600863191561753,0.05571,-0.01692,0.01409,-18.7,-10.5,-18.0
163.4519,6866.844,-0.2789177516801912,-4.172422800180888,-2.291575539281199,-0.00293,0.04906,0.08373,-18.8,-10.5,-18.0
163.4755,6866.8641,-0.30380851103514617,-4.3237964785859155,-2.4596507818350837,0.00745,0.0063,0.12405,-18.8,-10.5,-17.9
163.4923,6866.8841,-0.3442281411338753,-4.461922565015878,-2.5330943991918957,0.09053,0.00691,0.14848,-18.8,-10.4,-17.7
163.5085,6866.9041,-0.38732862213142727,-4.578069055990481,-2.4974640595871644,-0.05425,-0.05357,0.07335,-18.8,-10.4,-17.7
163.5283,6866.9241,-0.4220148360971495,-4.66897955914284,-2.359492573222121,-0.14649,-0.00348,0.01715,-19.0,-10.4,-17.8
163.5502,6866.9441,-0.44084734028755446,-4.726264782387693,-2.1375511307146473,-0.10861,-0.0047,0.00126,-19.0,-10.3,-17.7
163.5725,6866.9641,-0.43828394261642006,-4.741839789315643,-1.8593206110962779,0.02211,0.01668,-0.01218,-19.1,-10.3,-17.7
163.588,6866.9841,-0.4188562522192029,-4.731622050418726,-1.5690157314971156,0.18827,0.08998,0.02875,-19.1,-10.3,-17.7
163.6126,6867.0041,-0.3941762502111916,-4.695658408132409,-1.2950769555305133,0.297,0.04722,0.06663,-19.1,-10.2,-17.8
163.6361,6867.0241,-0.377497843214915,-4.6836763051197146,-1.080618638801555,0.34831,0.00446,0.08984,-19.1,-10.2,-17.8
163.6541,6867.0441,-0.3803381732523018,-4.73704203894675,-0.9473721615087207,0.37336,-0.01081,0.14726,-19.1,-10.2,-17.9
163.6804,6867.0641,-0.36767512318494433,-4.82023281842965,-0.861760912118843,0.41184,-0.13176,0.22423,-19.1,-10.2,-17.8
163.693,6867.0841,-0.41633931688225473,-4.9946635583098224,-0.8407353481189475,0.47171,-0.19896,0.32747,-19.1,-10.2,-17.9
163.7114,6867.1041,-0.45735298452322565,-5.163120912490495,-0.8101497484110372,0.52485,-0.04624,0.36351,-19.2,-10.2,-17.9
163.7296,6867.1241,-0.5186887978007364,-5.313779606539712,-0.7558741903723458,0.46927,0.18284,0.30609,-19.2,-10.1,-17.8
163.7505,6867.1441,-0.5854967772352624,-5.40887627261054,-0.6631933579540572,0.20782,0.44429,0.18574,-19.2,-10.1,-17.7
163.7794,6867.1641,-0.6441475541975555,-5.445798841058346,-0.5507140686522671,-0.06524,0.63365,0.01348,-19.2,-10.1,-17.7
163.8018,6867.1841,-0.6029017823032004,-5.3836057985218035,-0.41156671929725697,-0.41954,0.33922,-0.12702,-19.1,-10.1,-17.8
163.8088,6867.2041,-0.43226678611127684,-5.123860326110733,-0.2114889161796114,-0.66145,-0.17757,-0.16001,-19.0,-10.1,-17.8
163.8341,6867.224,-0.21972209684420152,-4.820687520794432,-0.06018149277150009,-0.42626,-0.17635,-0.10442,-19.0,-10.1,-17.9
163.8526,6867.244,0.004614098209485448,-4.426080037954599,0.05889242920617832,0.15223,0.28546,-0.03111,-18.9,-10.1,-18.0
163.867,6867.264,0.18839597773077585,-4.058520859456406,0.09498661314835921,0.33732,0.49743,0.12466,-18.9,-10.1,-18.0
163.8878,6867.284,0.29139563245257505,-3.7798888774773216,0.045671716271186824,0.05938,0.41008,0.2786,-18.8,-10.0,-18.0
163.9102,6867.304,0.32575502782333626,-3.624622200235644,-0.07737758210663692,-0.0909,0.21765,0.3238,-18.7,-10.0,-18.1
163.9275,6867.324,0.2824041375693248,-3.552999144778885,-0.24529450405121445,0.06182,0.11259,0.35557,-18.7,-10.0,-18.2
163.9587,6867.344,0.2082633442659652,-3.4989927139657744,-0.43709785492958275,0.2353,0.01118,0.40871,-18.7,-10.0,-18.2
163.9757,6867.364,0.03608946592865418,-3.48966195733871,-0.674355818822427,0.30067,0.01179,0.34213,-18.7,-9.9,-18.2
163.9913,6867.384,-0.15651513513856227,-3.5103412260785434,-0.9673222172421649,0.25913,0.14741,0.20163,-18.7,-9.9,-18.2
164.008,6867.404,-0.3205221644986604,-3.5569163010972393,-1.3153555962515213,0.1339,0.31051,0.1045,-18.6,-9.8,-18.3
164.0292,6867.424,-0.4226247057274502,-3.617213099833583,-1.6932633075767871,0.07953,0.36121,0.03242,-18.6,-9.8,-18.4
164.0573,6867.444,-0.44590651036945617,-3.671150578705766,-2.05293918618528,0.14184,0.29829,-0.00057,-18.6,-9.8,-18.5
164.0701,6867.464,-0.3737211136562099,-3.7328983965469047,-2.353836423610711,0.21759,0.19505,0.02142,-18.6,-9.8,-18.5
164.0925,6867.484,-0.27018778189336684,-3.7746571923666394,-2.5468881569287944,0.23836,0.04845,0.03058,-18.6,-9.7,-18.6
164.1082,6867.504,-0.1739084188082177,-3.8313581703170834,-2.630473187024627,0.19926,-0.01814,0.0428,-18.6,-9.7,-18.7
164.1278,6867.524,-0.11264736975363532,-3.893182544922523,-2.6010166355718374,0.1284,0.01302,0.08495,-18.6,-9.7,-18.7
164.1498,6867.544,-0.09474966711724676,-3.966280878554604,-2.480700409792597,0.04594,0.06005,0.12283,-18.6,-9.7,-18.7
164.1728,6867.564,-0.11280845882538705,-4.047744613689142,-2.2973886969845276,0.03189,-0.00959,0.13565,-18.5,-9.7,-18.7
164.189,6867.584,-0.1570636769503871,-4.137729308441618,-2.08220711901624,0.07831,-0.03585,0.08068,-18.5,-9.8,-18.9
164.2102,6867.604,-0.20243445034142998,-4.234407130628395,-1.8575515804278195,0.1449,0.02157,0.00982,-18.5,-9.7,-18.8
164.2282,6867.624,-0.23242128994430858,-4.360883676814705,-1.645436411728939,0.17177,0.02401,-0.01279,-18.4,-9.7,-18.9
164.2855,6867.6439,-0.24392493736243417,-4.499021627777395,-1.431898642959439,0.12229,-0.01997,-0.07021,-18.4,-9.7,-18.7
164.2897,6867.6639,-0.2179126023879106,-4.689763534675457,-1.2260928020505055,-0.0292,-0.09755,-0.047,-18.4,-9.8,-18.7
164.2907,6867.6839,-0.19325380413768936,-4.8745046900487266,-0.9869787883085639,-0.06463,-0.22339,0.04463,-18.3,-9.8,-18.7
164.31,6867.7039,-0.16203319932661336,-5.007980487597156,-0.6902292881559049,0.05327,-0.24538,0.0654,-18.3,-9.8,-18.9
164.3301,6867.7239,-0.17940341811020818,-5.06235431192764,-0.340499451227954,0.13085,-0.12687,0.03181,-18.3,-9.9,-18.8
164.3473,6867.7439,-0.25547053174921597,-5.04385313111439,0.021551895014955136,0.05999,0.03623,-0.0134,-18.2,-9.9,-18.8
164.3674,6867.7639,-0.37161963722480795,-4.970112514104228,0.3386391883022668,-0.31997,-0.08228,-0.07387,-18.1,-9.9,-18.8
164.3919,6867.7839,-0.5046277047693178,-4.852946202882712,0.5548368556199446,-0.535,-0.29792,-0.11847,-18.0,-9.9,-18.7
164.4113,6867.8039,-0.6505558697445881,-4.626903802542177,0.6561398352205092,-0.3438,-0.34923,-0.16856,-18.0,-9.9,-18.7
164.4343,6867.8239,-0.809635174298314,-4.317948615823842,0.6047007287507782,0.09236,-0.09266,-0.2443,-18.0,-9.9,-18.7
164.4527,6867.8439,-0.9585350392246625,-4.001332505819037,0.38318868613266943,0.42406,0.2146,-0.19605,-18.0,-9.8,-18.6
164.4967,6867.8639,-1.159833031285128,-3.6596929228932726,0.04593331115206212,0.4149,0.29646,-0.17222,-18.0,-9.8,-18.7
164.4973,6867.8839,-1.1744875741796799,-3.558726553732162,-0.39653886942658545,0.07953,0.21827,-0.17589,-17.9,-9.8,-18.5
164.5143,6867.9039,-1.206189135985418,-3.527915268744957,-0.8223622576422311,-0.23017,0.22804,-0.26385,-17.9,-9.8,-18.6
164.5299,6867.9239,-1.1973181385519138,-3.535174605817037,-1.1595389237126703,-0.27904,0.30318,-0.32433,-17.9,-9.8,-18.5
164.5538,6867.9439,-1.1829217761920645,-3.562535082206327,-1.3907589316008853,-0.25461,0.29585,-0.28035,-17.9,-9.8,-18.5
164.5743,6867.9639,-1.11795563629923,-3.5654555417737575,-1.5104515223508503,-0.21307,0.11259,-0.19116,-17.7,-9.8,-18.6
164.5922,6867.9839,-1.0232574388663631,-3.557929738110229,-1.5671891381921021,-0.06768,-0.09938,-0.13801,-17.8,-9.8,-18.6
164.6166,6868.0039,-0.9262427160078692,-3.555341709275662,-1.611947343154446,0.02333,-0.21239,-0.1093,-17.6,-9.8,-18.7
164.6408,6868.0239,-0.8523471014579261,-3.569693455407644,-1.6781087472557132,0.10458,-0.17574,-0.07326,-17.6,-9.8,-18.8
164.652,6868.044,-0.8185337094421694,-3.626446027976112,-1.7826534157116054,0.18399,-0.08533,-0.05982,-17.5,-9.8,-18.8
164.6731,6868.064,-0.8080498018281437,-3.696287504450061,-1.898247673841845,0.18644,-0.10916,-0.0531,-17.6,-9.9,-18.9
164.6946,6868.084,-0.8094863374377169,-3.7894032849678516,-2.009028456096198,0.13024,-0.21484,-0.07082,-17.5,-9.9,-18.9
164.7204,6868.1041,-0.8091270689817144,-3.8998490811923845,-2.0945039591773824,0.11619,-0.18918,-0.13252,-17.5,-10.0,-19.0
164.7349,6868.1241,-0.7886772261179743,-4.042412109360747,-2.151507479655053,0.10153,-0.05723,-0.21071,-17.4,-10.0,-19.0
164.7534,6868.1441,-0.7460149809905798,-4.198688803844103,-2.167059595520672,-0.00232,0.06433,-0.24492,-17.4,-10.1,-19.1
164.7821,6868.1641,-0.7033191382228565,-4.35197606526562,-2.130252964680478,-0.06524,0.16756,-0.23759,-17.3,-10.1,-19.1
164.8115,6868.1842,-0.6406958276310033,-4.467199152025113,-2.0117197683713695,0.10336,0.24637,-0.23942,-17.2,-10.2,-19.3
164.8216,6868.2042,-0.5185084256575008,-4.571372658094419,-1.8162115067609035,0.27623,0.24087,-0.17772,-17.2,-10.2,-19.3
164.8296,6868.2242,-0.4184098098675704,-4.6468474361852605,-1.5371811154581874,0.33793,0.11503,-0.04638,-17.1,-10.4,-19.4
164.8511,6868.2443,-0.35824170602645317,-4.68130561393279,-1.175802114250999,0.19682,-0.05235,0.07762,-17.0,-10.4,-19.5
164.8733,6868.2643,-0.35201221912086617,-4.724998887355446,-0.7825081567977481,-0.09517,-0.05785,0.18147,-17.0,-10.6,-19.6
164.888,6868.2843,-0.41907013920911035,-4.75565773949275,-0.3846263177476974,-0.13732,0.13702,0.18941,-17.0,-10.7,-19.6
164.9086,6868.3043,-0.5306227905256619,-4.751634498883082,-0.02107672874052824,0.16567,0.29218,0.14115,-17.0,-10.7,-19.7
164.9306,6868.3244,-0.6575399771909175,-4.693722154168394,0.26909865844168657,0.49614,0.39053,0.11305,-16.8,-10.8,-19.7
164.9475,6868.3444,-0.7438325236154688,-4.64900368117377,0.42557016942392245,0.57372,0.30684,0.06907,-16.8,-10.9,-19.8
164.9752,6868.3644,-0.7770108966418702,-4.59406713431152,0.4508330315255087,0.30678,0.2934,0.01226,-16.7,-11.0,-19.9
164.9934,6868.3845,-0.7107023941037862,-4.596276924177661,0.32534244744682006,-0.08845,0.16207,-0.02195,-16.6,-11.0,-20.0
165.0113,6868.4045,-0.5693407653589795,-4.5791897599254705,0.09768256086475446,-0.34746,-0.02486,-0.00912,-16.5,-11.0,-20.0
165.0345,6868.4245,-0.38220507369037676,-4.504452471005061,-0.1931516593976177,-0.31325,-0.0835,-0.00607,-16.4,-11.0,-20.1
165.0637,6868.4445,-0.1830442753306448,-4.335941124764735,-0.49927067450217777,-0.02065,0.13091,-0.0024,-16.4,-11.1,-20.2
165.0799,6868.4646,0.03105459912434398,-4.123618317258148,-0.8021215133603086,0.16872,0.34471,0.05441,-16.4,-11.1,-20.2
165.0966,6868.4846,0.23785176009520784,-3.9263218232486716,-1.0804919186926458,0.12596,0.29401,0.13749,-16.3,-11.0,-20.2
165.1122,6868.5046,0.41783444435998923,-3.7712505974381734,-1.29855626711886,-0.15321,0.07349,0.20651,-16.2,-11.0,-20.3
165.1323,6868.5247,0.5491044914849151,-3.6530934512956157,-1.418493760917796,-0.32608,-0.02242,0.2224,-16.2,-10.9,-20.5
165.1537,6868.5447,0.6079327762346756,-3.534576949384806,-1.4115958699541409,-0.16664,0.09609,0.17903,-16.2,-10.8,-20.5
165.1771,6868.5647,0.5961792377768603,-3.396630349558591,-1.2874298467571297,0.00745,0.17673,0.19369,-16.1,-10.6,-20.6
165.1898,6868.5848,0.5194620272495731,-3.2578197901095978,-1.095704898857072,0.00257,0.03562,0.20285,-16.0,-10.5,-20.7
165.211,6868.6048,0.41765207961358514,-3.1509129911643776,-0.9048741567607284,-0.08235,-0.05601,0.20774,-15.9,-10.4,-20.7
165.2386,6868.6248,0.286673459879653,-3.1120778022550266,-0.7796698922117926,-0.14465,0.09487,0.18025,-15.9,-10.3,-20.9
165.2598,6868.6449,0.12312211146935317,-3.1245027995096186,-0.7549237351556126,-0.16115,0.3496,0.14176,-15.9,-10.1,-20.9
165.2852,6868.6649,-0.054618042263286586,-3.1800844320895236,-0.8476427688550761,-0.05547,0.48705,0.11122,-15.9,-9.9,-21.1
165.2938,6868.6849,-0.1709060712524598,-3.281221187298637,-1.0487035661149378,0.14001,0.4058,0.12344,-15.9,-9.8,-21.1
165.3125,6868.7049,-0.25636073031881634,-3.403276335773584,-1.3128211824007074,0.34648,0.22071,0.13138,-15.9,-9.6,-21.3
165.3406,6868.725,-0.2976273482457683,-3.5460334883829474,-1.5877770793103902,0.33915,-0.01264,0.11244,-15.9,-9.5,-21.4
165.3591,6868.745,-0.3323362148169164,-3.7495090045067276,-1.8422241474277516,0.10702,-0.03952,0.06907,-15.8,-9.3,-21.4
165.3781,6868.765,-0.3721924203729848,-3.961747434173073,-2.017860235480752,-0.02309,0.09059,0.0031,-15.7,-9.2,-21.6
165.3906,6868.7851,-0.40750105096989603,-4.144430889414631,-2.0758103999875974,0.01784,0.18589,-0.07998,-15.7,-9.1,-21.6
165.4147,6868.8051,-0.44461646730994264,-4.271965670896375,-2.001449407263924,0.02639,0.05089,-0.11602,-15.6,-8.9,-21.7
165.4325,6868.8251,-0.460642605202065,-4.3387524223643545,-1.8060225948137774,0.10519,-0.27837,-0.12824,-15.6,-8.8,-21.7
165.4519,6868.8451,-0.4675634743678569,-4.355297793654214,-1.5246366334205863,0.19499,-0.54104,-0.16184,-15.6,-8.7,-21.8
165.4847,6868.8652,-0.4693082736221379,-4.326543357336143,-1.196615920233148,0.22675,-0.48973,-0.182,-15.6,-8.5,-21.8
165.4905,6868.8852,-0.5013929373628503,-4.361742441301591,-0.9156652612151497,0.18338,-0.39504,-0.24125,-15.6,-8.4,-21.7
165.5162,6868.9052,-0.5181192601610926,-4.394782331820988,-0.6776148004825302,0.19682,-0.43597,-0.2382,-15.7,-8.3,-21.7
165.5325,6868.9253,-0.5215888456270764,-4.5000097673502,-0.5403077354377004,0.28234,-0.71697,-0.20521,-15.7,-8.2,-21.6
165.5504,6868.9453,-0.498824796405398,-4.651465651896956,-0.496758922055756,0.34587,-0.84342,-0.21315,-15.8,-8.2,-21.6
165.5761,6868.9653,-0.45067730788704563,-4.804815081536318,-0.514637602071538,0.37947,-0.77195,-0.2217,-15.8,-8.2,-21.5
165.5977,6868.9853,-0.43193636069029856,-4.969554596354017,-0.5797902127505257,0.32327,-0.66627,-0.22964,-15.9,-8.1,-21.4
165.6169,6869.0054,-0.43840415658946313,-5.0987022556328885,-0.6450604151914323,0.13818,-0.37427,-0.15817,-16.0,-8.1,-21.3
165.6368,6869.0254,-0.4561614408538827,-5.153658493676388,-0.6729300542356356,-0.12694,-0.1507,-0.14534,-16.1,-8.0,-21.1
165.652,6869.0454,-0.4610664556535615,-5.084675976632963,-0.6262065393224567,-0.64862,-0.12199,-0.20765,-16.3,-7.9,-20.9
165.669,6869.0655,-0.44444451478427854,-4.900270130841819,-0.5083581079113397,-1.09394,-0.2014,-0.21865,-16.4,-7.8,-20.7
165.6954,6869.0855,-0.4175882601136173,-4.672186307416344,-0.36519190358222,-1.13853,-0.18796,-0.26996,-16.6,-7.7,-20.6
165.7113,6869.1055,-0.32551035119578187,-4.231397924647242,-0.1379073442908414,-0.74269,-0.13848,-0.40618,-16.7,-7.6,-20.4
165.7284,6869.1255,-0.20585364725511635,-3.746162190659526,0.04588013463669505,-0.13244,-0.04013,-0.43673,-16.9,-7.5,-20.4
165.7524,6869.1456,-0.08186268240868884,-3.3025968780660557,0.12306529102078656,0.11496,-0.02486,-0.31883,-17.1,-7.3,-20.3
165.7741,6869.1656,0.05068334699753514,-2.991360710051751,0.06218052248551942,0.00195,-0.10671,-0.09709,-17.2,-7.2,-20.4
165.7938,6869.1856,0.14718039576128836,-2.844772080051229,-0.12283601588252502,-0.02004,-0.1788,0.09595,-17.4,-7.0,-20.3
165.8134,6869.2056,0.17182611601956255,-2.8351615891660464,-0.39045199347000725,0.03738,-0.23683,0.19002,-17.5,-6.8,-20.3
165.8377,6869.2256,0.12137370763749374,-2.9170435344462375,-0.6978241032330352,0.08564,-0.15558,0.19552,-17.6,-6.6,-20.4
165.8565,6869.2456,-0.009143150008881424,-3.05101062865521,-1.01344539007175,-0.01393,-0.01936,0.12649,-17.7,-6.3,-20.2
165.9002,6869.2652,-0.16651573347673224,-3.2042678189577756,-1.3172240482068869,0.00501,0.11198,0.04769,-17.8,-6.1,-20.2
165.9109,6869.2852,-0.30022706242329883,-3.371923115225661,-1.6011657204527978,0.00501,0.08754,-0.01706,-17.8,-5.8,-20.3
165.9161,6869.3052,-0.3916429016351713,-3.523178761911824,-1.844665492965646,-0.06524,0.07105,-0.04577,-17.9,-5.5,-20.2
165.9287,6869.3252,-0.4580094466198769,-3.6562783283144644,-2.0363713065993903,-0.17459,0.02584,-0.08609,-17.9,-5.2,-20.4
165.9567,6869.3452,-0.5174449482741273,-3.772024434706413,-2.1667931561626004,-0.20696,0.00019,-0.0867,-18.0,-4.9,-20.5
165.9787,6869.3652,-0.5718911045156116,-3.845181472913854,-2.2170946221493377,-0.03103,0.03073,-0.00607,-18.0,-4.6,-20.6
165.9916,6869.3852,-0.6397464756734496,-3.88812400695475,-2.1969289291006806,0.03555,0.05883,0.04036,-18.0,-4.4,-20.7
166.0143,6869.4052,-0.7335553535344645,-3.919903024237338,-2.1301585811711927,-0.11533,0.17428,0.01165,-18.1,-4.1,-20.7
166.0344,6869.4252,-0.8416923591641273,-3.944170878125004,-2.0383884060540307,-0.19536,0.19078,-0.18749,-18.0,-3.9,-20.5
166.0528,6869.4452,-0.9326742391219953,-3.961911353461162,-1.9408885783338592,-0.19169,0.40275,-0.31883,-17.9,-3.6,-20.3
166.0727,6869.4652,-0.9797799095417989,-3.978211500352588,-1.8532596020986611,-0.2314,0.41435,-0.36526,-17.9,-3.4,-20.3
166.0928,6869.4852,-0.946220054894187,-3.994740563359236,-1.7770461612205004,-0.22162,0.33616,-0.33532,-17.8,-3.1,-20.3
166.1104,6869.5052,-0.8238131966756462,-4.013666587290158,-1.7060408173211314,-0.17153,0.17612,-0.25469,-17.8,-2.9,-20.2
166.1309,6869.5252,-0.6648784495740278,-4.04386589237173,-1.634307998126319,-0.07685,0.11503,-0.18994,-17.7,-2.6,-20.2
166.1494,6869.5452,-0.5071949623389644,-4.087012356831604,-1.5439248985504612,-0.06952,0.30623,-0.14718,-17.6,-2.4,-20.3
166.1722,6869.5652,-0.4063302104745962,-4.150489869795246,-1.4214195816918167,-0.11411,0.462,-0.05494,-17.5,-2.2,-20.2
166.1981,6869.5852,-0.36714092460005665,-4.24085951863953,-1.2595812128250934,-0.18864,0.69046,0.02387,-17.4,-2.0,-20.3
166.2174,6869.6052,-0.34987048334939674,-4.3382091436183,-1.0531599716930842,-0.28332,0.45895,0.21384,-17.3,-1.8,-20.4
166.236,6869.6252,-0.3608693327174698,-4.437861741731469,-0.8234737594661041,-0.25766,0.338,0.24011,-17.2,-1.5,-20.4
166.2562,6869.6452,-0.39184893185023867,-4.525875291720058,-0.5980763232013864,-0.03897,-0.01203,0.20041,-17.0,-1.2,-20.4
166.2706,6869.6652,-0.44545904393182284,-4.592929341912763,-0.4079828452550949,0.21331,0.07349,0.18147,-16.9,-1.0,-20.5
166.2903,6869.6851,-0.49966141219412136,-4.615849821129133,-0.26422533057443154,0.3251,0.16329,0.0874,-16.8,-0.7,-20.6
166.3145,6869.7051,-0.5522416229563051,-4.585330314830492,-0.16565537150676057,0.56028,0.03806,-0.02073,-16.6,-0.4,-20.8
166.3428,6869.7251,-0.6050592031286464,-4.519257157642436,-0.10713344351401233,0.49065,0.07166,0.02203,-16.5,-0.1,-21.0
166.3531,6869.7451,-0.6375918188768089,-4.480166168975029,-0.09613752804785847,0.10519,0.22682,0.12527,-16.4,0.0,-21.1
166.3754,6869.7651,-0.6602364989879906,-4.383081788436596,-0.08023200267056119,-0.12083,0.37526,0.19979,-16.3,0.2,-21.1
166.4296,6869.7851,-0.5845793286506548,-4.2987219908857215,-0.08679639921244231,-0.25339,0.07166,0.21446,-16.2,0.5,-21.2
166.4324,6869.8051,-0.6001963577260707,-3.996342863855291,-0.04519430232198829,-0.23506,-0.44697,0.2114,-16.1,0.7,-21.4
166.4359,6869.8251,-0.5904645409958674,-3.655151652973771,-0.05596044393398003,0.02028,-0.41887,0.15948,-16.0,0.9,-21.4
166.4501,6869.8451,-0.5246201357315686,-3.3127599223607476,-0.14854179535835677,0.19926,-0.12321,0.11305,-15.9,1.2,-21.4
166.4699,6869.8651,-0.43037533250735066,-3.0180227888048345,-0.33307370300128447,0.22187,0.1358,0.22606,-15.7,1.5,-21.5
166.4915,6869.8851,-0.30667430258501993,-2.820650332518001,-0.5858804263466055,0.17361,0.11014,0.29448,-15.6,1.8,-21.4
166.5097,6869.9051,-0.16840789230656664,-2.72925211587476,-0.850670136559101,0.06548,-0.21484,0.27249,-15.5,2.0,-21.4
166.5376,6869.9251,-0.008296034587684038,-2.701711317288658,-1.056229575350704,0.10336,-0.22278,0.25416,-15.4,2.3,-21.2
166.5546,6869.9451,0.09279917705080183,-2.7042033673397183,-1.1527799288937235,0.04166,-0.10427,0.24011,-15.2,2.6,-21.1
166.5755,6869.9651,0.17330088973613322,-2.6978027514585774,-1.1173319902638301,-0.05425,-0.28325,0.15642,-15.1,2.8,-20.9
166.5937,6869.9851,0.2174620243137842,-2.665511643482154,-0.9640115163413654,-0.10556,-0.43841,0.06601,-14.9,3.0,-20.7
166.6117,6870.0051,0.22708375780885817,-2.6129208150783536,-0.7359473882300378,-0.17214,-0.52821,0.02448,-14.8,3.1,-20.6
166.6406,6870.0251,0.21600579574982295,-2.584628175926725,-0.49619322713860825,-0.20635,-0.31013,0.15764,-14.6,3.3,-20.4
166.6509,6870.0451,0.10810095641021611,-2.5154903279724725,-0.2702447202645857,-0.22712,0.0008,0.26332,-14.6,3.5,-20.4
166.6818,6870.0651,0.0036415487209201063,-2.473045830436902,-0.10693612160955368,-0.19841,0.16817,0.30975,-14.5,3.6,-20.4
166.6898,6870.085,-0.16245236437718483,-2.4414879131029372,-0.005949005944829722,0.19865,-0.17269,0.24256,-14.4,3.8,-20.1
166.7134,6870.105,-0.2853910919015642,-2.4022285379550365,0.055759686639930806,0.34404,-0.30219,0.21995,-14.3,3.9,-19.9
166.7347,6870.125,-0.4330461051251802,-2.43202787359648,0.0868850013295841,0.13512,-0.09816,0.19063,-14.2,4.0,-19.8
166.757,6870.145,-0.6008445877912093,-2.5288242093136466,0.11223606236796968,-0.20452,0.44551,0.13688,-14.2,4.1,-19.8
166.7817,6870.165,-0.7652869441580762,-2.636443926384608,0.15884890946340668,-0.47147,0.60433,0.11916,-14.1,4.1,-19.7
166.7933,6870.185,-0.8563361113431911,-2.6588652017376084,0.25623204447080106,-0.0011,0.15657,0.13565,-14.1,4.1,-19.8
166.8123,6870.205,-0.9152118420111939,-2.601865040769912,0.38590217794659054,0.56151,0.14374,0.17658,-14.0,4.1,-19.9
166.8285,6870.225,-0.9601038908637212,-2.5444793378844563,0.5033958964082412,0.72949,-0.09022,0.09289,-13.9,4.0,-20.1
166.8524,6870.245,-1.0016662220055486,-2.508580344787868,0.5794255481379764,0.35992,-0.41948,0.03242,-13.9,3.8,-20.2
166.8746,6870.265,-1.0920204518823409,-2.5854945389602064,0.5662367447330254,0.16322,-0.25027,0.04402,-14.0,3.7,-20.3
166.8882,6870.285,-1.2380621041434487,-2.753796575663946,0.44913290736339384,0.30189,-0.2857,-0.04638,-14.0,3.5,-20.5
166.9173,6870.305,-1.3714079523439833,-2.8956634342292387,0.25543016628784443,0.30494,-0.36083,-0.20093,-14.1,3.3,-20.5
166.9359,6870.325,-1.473572764293033,-3.077001851501721,-0.029995526437778253,0.39596,-0.25393,-0.2443,-14.1,3.1,-20.6
166.9561,6870.345,-1.501012313514046,-3.2527501851159757,-0.37684479405185023,0.42773,-0.57769,-0.38541,-14.2,2.8,-20.7
166.9722,6870.365,-1.4530021062057108,-3.440260086774018,-0.770941952910615,0.12291,-0.61373,-0.42023,-14.2,2.5,-20.7
166.9886,6870.385,-1.3372723511772349,-3.5990509353932003,-1.1713705502120284,-0.08906,-0.45857,-0.5308,-14.4,2.2,-20.6
167.0158,6870.405,-1.2008445675531065,-3.7008561380827483,-1.5367081802452862,-0.07685,-0.30402,-0.61938,-14.4,1.8,-20.6
167.0347,6870.425,-1.00014792253184,-3.7479156366255015,-1.8202523638250945,0.01478,-0.23011,-0.61021,-14.5,1.5,-20.4
167.0489,6870.445,-0.7733729951349394,-3.768080130873049,-2.0067914894126027,0.12229,-0.33579,-0.43978,-14.6,1.0,-20.2
167.0689,6870.465,-0.5681674164357168,-3.7867021114159924,-2.094425314273008,0.09908,-0.60885,-0.21071,-14.6,0.7,-20.1
167.0913,6870.4849,-0.4175404178118186,-3.8448476202849604,-2.102851685805472,-0.12938,-0.65161,-0.02806,-14.7,0.3,-19.9
167.1084,6870.5049,-0.36359239165533275,-3.9242909193616002,-2.0373588644807787,-0.34135,-0.43108,0.01653,-14.8,0.0,-19.6
167.1349,6870.5249,-0.37106416815966775,-4.026167445475746,-1.9209317649177446,-0.37556,-0.27592,-0.05433,-14.9,-0.3,-19.1
167.1538,6870.5449,-0.41890436915804824,-4.065837924117595,-1.7397601150525617,-0.31753,-0.30891,-0.15023,-14.9,-0.6,-18.9
167.1716,6870.5649,-0.45933960624310294,-4.051730919768903,-1.523410165410711,-0.08968,-0.30097,-0.24003,-14.9,-0.8,-18.5
167.1912,6870.5849,-0.47544590077708043,-4.005565234911652,-1.3000640782239667,-0.22773,-0.18674,-0.29562,-14.9,-1.1,-18.2
167.2109,6870.6049,-0.4626497415859483,-3.9492997740701794,-1.0893170546983786,-0.51423,0.00568,-0.28035,-14.9,-1.4,-17.9
167.2284,6870.6249,-0.41670352669807864,-3.8716095261976484,-0.8953824342895462,-0.56371,0.057,-0.2443,-14.9,-1.7,-17.8
167.249,6870.6449,-0.3554445298616662,-3.7696358966399415,-0.737388361934876,-0.33769,-0.03036,-0.08243,-14.9,-1.8,-17.5
167.2725,6870.6649,-0.28673483621312545,-3.6090647353511107,-0.630701932558793,0.22309,0.09548,0.09961,-14.9,-2.0,-17.4
167.2887,6870.6849,-0.25345578640513694,-3.462646214843102,-0.6306385209248013,0.87183,0.15962,0.06785,-14.8,-2.1,-17.3
167.3139,6870.7049,-0.2845523044322372,-3.2873500431257217,-0.7235120407685862,1.03981,0.00691,-0.07326,-14.8,-2.2,-17.2
167.3311,6870.7249,-0.4274056877616431,-3.2794569709888455,-0.9547144691144069,0.80463,0.08693,-0.20521,-14.7,-2.4,-17.2
167.3512,6870.7449,-0.6899052281612118,-3.354258275373983,-1.248828695057,0.55601,0.56157,-0.34815,-14.7,-2.5,-17.2
167.3706,6870.7649,-1.0237935639580062,-3.518522766820478,-1.563326741282701,0.35931,1.21764,-0.38419,-14.7,-2.6,-17.2
167.3908,6870.7849,-1.3730436868954656,-3.7225178431398143,-1.8453107194720255,0.04166,1.49497,-0.27546,-14.6,-2.7,-17.3
167.4086,6870.8049,-1.6313363027871142,-3.8975499313613353,-2.0327956759866126,-0.55699,1.41373,-0.33655,-14.4,-2.7,-17.4
167.4324,6870.8249,-1.825734244535889,-3.9947756706984836,-2.100677082111037,-0.42443,1.43022,-0.79347,-14.2,-2.8,-17.6
167.4678,6870.8449,-1.9602889564301498,-3.9850010168576735,-2.032104380505344,0.05082,0.84624,-1.08424,-14.0,-2.9,-17.8
167.4824,6870.8649,-1.7063440056951322,-3.9422395088416353,-1.7803947551595218,-0.01393,0.18345,-0.94313,-13.7,-2.9,-18.0
167.4954,6870.8849,-1.327083521021352,-3.889773830686092,-1.4344431465632148,-0.52889,0.24209,-0.58089,-13.5,-2.9,-18.3
167.5106,6870.9048,-0.9392465343646713,-3.8504892583374963,-1.049251031454757,-0.90518,0.58723,-0.41229,-13.2,-2.8,-18.6
167.5284,6870.9248,-0.6083302744312827,-3.8191308476823056,-0.669014911628846,-0.71581,0.55363,-0.35609,-12.9,-2.8,-18.8
167.5507,6870.9448,-0.33816740454546745,-3.788577736228814,-0.34577772501917003,-0.36334,0.14618,-0.07693,-12.6,-2.7,-19.2
167.5736,6870.9648,-0.09255007875917011,-3.746733628041978,-0.12824032377079853,-0.13366,-0.36511,0.19857,-12.3,-2.6,-19.4
167.589,6870.9848,0.04752897957740003,-3.7254858564632425,-0.06019413660767725,0.16017,-0.84525,0.25294,-12.1,-2.4,-19.8
167.6086,6871.0048,0.10723984041687111,-3.742793191864915,-0.1400066510368383,0.41246,-0.87152,0.05502,-11.8,-2.3,-20.2
167.6335,6871.0248,0.07512514580385697,-3.781008508765988,-0.31853413568551403,0.44972,-0.41154,0.06235,-11.5,-2.0,-20.5
167.6481,6871.0448,-0.05712976144662861,-3.8882047024021777,-0.5533653733772272,0.42223,-0.17391,0.00676,-11.3,-1.8,-20.8
167.6711,6871.0648,-0.17978691204225106,-3.9924789097589404,-0.7542682544582977,0.22736,-0.09755,0.10145,-11.1,-1.5,-21.1
167.6917,6871.0848,-0.2854065453330209,-4.094896612151867,-0.8769216223484264,-0.14832,-0.04563,0.16986,-11.0,-1.2,-21.4
167.7095,6871.1048,-0.37009091197014515,-4.141001008020469,-0.8800689849182088,-0.48552,-0.13665,-0.15939,-10.9,-1.0,-21.7
167.736,6871.1248,-0.44948837025662425,-4.144140313732254,-0.7833788699971844,-0.47452,-0.17391,-0.3677,-10.9,-0.7,-21.9
167.7538,6871.1448,-0.47301157025449064,-4.035639720581016,-0.5932949761507089,-0.20757,-0.11954,-0.3115,-10.9,-0.4,-22.1
167.7734,6871.1648,-0.4510896985791354,-3.885380803563361,-0.4001488529807613,0.0551,-0.10366,-0.09648,-11.0,-0.2,-22.4
167.7897,6871.1848,-0.40732238834631207,-3.749028554845748,-0.2816914914043007,0.20659,-0.08961,0.06479,-11.0,0.0,-22.6
167.8111,6871.2048,-0.38126218433829867,-3.654613569599001,-0.27785288415330633,0.3697,-0.21606,-0.08487,-11.1,0.2,-22.6
167.8284,6871.2248,-0.4064001932341229,-3.6543349755461567,-0.4029541783704591,0.32877,0.03745,-0.30539,-11.2,0.4,-22.7
167.8543,6871.2448,-0.5018590505615582,-3.711420094750937,-0.6106979171127005,0.13207,0.37587,-0.39885,-11.3,0.6,-22.7
167.8781,6871.2648,-0.5747125840063416,-3.8190922656600867,-0.849941868359446,-0.08845,0.37343,-0.29195,-11.5,0.8,-22.7
167.896,6871.2848,-0.5824706774448486,-3.924248893459143,-1.054664679346951,-0.12694,0.13091,-0.13252,-11.5,0.9,-22.7
167.9164,6871.3047,-0.5654020448113493,-3.993913962929812,-1.1850810582160705,-0.02431,-0.07434,-0.07754,-11.6,1.1,-22.6
167.9354,6871.3247,-0.5542236641575825,-4.015537740419766,-1.2274122650908712,-0.12327,0.25003,-0.06227,-11.6,1.1,-22.7
167.9522,6871.3447,-0.5643053345225867,-3.998397580545422,-1.1932514989228498,-0.20269,0.42291,-0.02195,-11.7,1.2,-22.7
167.9762,6871.3647,-0.613629877824095,-3.969497309249283,-1.1140805481722822,-0.24667,0.53042,-0.14046,-11.7,1.3,-22.7
167.996,6871.3847,-0.6230565070603539,-3.9351233951199083,-1.0099936137623153,-0.18069,0.26714,-0.22292,-11.6,1.5,-22.6
168.011,6871.4047,-0.5800650991142449,-3.904130282435871,-0.906329623731283,-0.08784,-0.09755,-0.18016,-11.6,1.6,-22.7
168.0307,6871.4247,-0.5104088829217155,-3.890306016672382,-0.8289069426188664,-0.09884,-0.14886,0.00982,-11.6,1.7,-22.8
168.0507,6871.4447,-0.4484441610269789,-3.8880699170112285,-0.7876636558154928,-0.06035,-0.06823,0.12099,-11.6,1.7,-22.8
168.0724,6871.4647,-0.4256371189269858,-3.8988766959873535,-0.7861478559783635,0.01723,-0.03402,0.06907,-11.6,1.8,-22.6
168.0889,6871.4847,-0.44892796267917123,-3.9211961315311616,-0.8174585651728048,-0.03897,-0.02119,-0.02439,-11.6,1.8,-22.7
168.1119,6871.5047,-0.4954290108513163,-3.9553186502727384,-0.8688660860860864,-0.08357,-0.16536,-0.01584,-11.6,1.9,-22.8
168.1351,6871.5247,-0.553276389823324,-3.9812816512440636,-0.9169085160999,-0.05669,-0.2857,0.06113,-11.6,2.0,-22.8
168.1535,6871.5447,-0.6303879990379101,-3.9804070923636146,-0.9408237420211023,0.01967,-0.27592,0.06663,-11.6,2.0,-22.7
168.1761,6871.5647,-0.7098518239305858,-3.953529665229814,-0.9313776739179165,0.01234,-0.01753,0.0654,-11.6,2.1,-22.7
168.189,6871.5847,-0.7857596739847694,-3.90839531089705,-0.8894364637105916,0.00257,0.00202,0.01592,-11.6,2.2,-22.7
168.2125,6871.6047,-0.8282022786886781,-3.8599500991236546,-0.8235562866865074,-0.04814,-0.12076,-0.10258,-11.7,2.3,-22.8
168.2382,6871.6247,-0.8240673991425153,-3.81095290751302,-0.7441673248189389,-0.03103,-0.28387,-0.27729,-11.7,2.4,-22.8
168.2497,6871.6447,-0.767365031597009,-3.7542574179831902,-0.6624224105108159,0.04105,-0.25821,-0.28218,-11.8,2.5,-22.8
168.2759,6871.6647,-0.6975566556916619,-3.6742611617350427,-0.5901509103719391,0.19193,-0.02669,-0.16611,-11.8,2.5,-22.6
168.2917,6871.6847,-0.6065830862786655,-3.6255793879961438,-0.5576245060918659,0.37214,0.18956,-0.12641,-11.8,2.5,-22.7
168.3103,6871.7047,-0.5211561190642389,-3.597241357706823,-0.5620761576927453,0.42956,0.00324,-0.17589,-11.8,2.5,-22.5
168.3358,6871.7247,-0.4515299371753245,-3.5917777596509093,-0.59663919575876,0.39841,-0.22339,-0.18139,-11.5,2.4,-22.3
168.3554,6871.7447,-0.42331945871874416,-3.641182742993447,-0.6627283710348433,0.29212,-0.1959,-0.04944,-11.3,2.3,-22.0
168.3747,6871.7648,-0.44703116475675914,-3.701174567544279,-0.7325524969528949,0.25302,0.13763,0.05502,-11.3,2.3,-22.0
168.3926,6871.7848,-0.5149678225880342,-3.757420443682079,-0.793737349991595,0.30922,0.28913,0.02936,-11.0,2.1,-21.7
168.4418,6871.8048,-0.6278051037590742,-3.699968167379994,-0.7999398083951128,0.39413,0.10159,-0.06899,-11.0,2.1,-21.7
168.4455,6871.8249,-0.7068243264651685,-3.7977006816903858,-0.8608340578124718,0.32266,0.02523,-0.14107,-10.8,1.9,-21.5
168.4522,6871.8449,-0.7749865969693966,-3.88425150254707,-0.9147929881296992,0.14001,0.04783,-0.09831,-10.5,1.7,-21.4
168.4733,6871.8649,-0.8407758082817671,-3.947908641700483,-0.96255255101301,-0.00354,0.12908,-0.05616,-10.2,1.5,-21.2
168.4908,6871.8849,-0.8820926778395699,-3.9915555165960397,-1.0068022093396038,0.03677,0.17612,-0.0867,-9.9,1.3,-21.0
168.5122,6871.905,-0.903625113781014,-4.004507463074225,-1.0435743337120282,0.14001,0.1865,-0.09831,-9.7,1.1,-21.0
168.5333,6871.925,-0.8954028555594209,-4.00582857292926,-1.0778865830756228,0.15406,0.16146,-0.02928,-9.4,1.0,-20.9
168.5496,6871.945,-0.8528327669680932,-4.002203939019912,-1.1079843800038987,-0.28576,0.02645,0.00737,-9.1,0.8,-20.9
168.5764,6871.9651,-0.7856080270649695,-4.0049452351599015,-1.1360530827827038,-0.23628,-0.11649,-0.13985,-9.0,0.7,-20.9
168.5921,6871.9851,-0.6825532401830191,-3.965283980752538,-1.1367552511508414,0.02089,-0.31013,-0.1936,-9.1,0.6,-20.9
168.6103,6872.0051,-0.5507702330466374,-3.90131172399735,-1.1204781873650074,0.00867,-0.42009,-0.15329,-9.1,0.5,-21.0
