AppTimestamp(s),wifi_rssi_20:23:00:00:00:01,wifi_rssi_20:23:00:00:00:02,wifi_rssi_20:23:00:00:00:03,wifi_rssi_20:23:00:00:00:04,wifi_rssi_20:23:00:00:00:05,wifi_rssi_20:23:00:00:00:06,wifi_rssi_20:23:00:00:00:07,wifi_rssi_20:23:00:00:00:08,wifi_rssi_20:23:00:00:00:09,wifi_rssi_20:23:00:00:00:10,wifi_rssi_20:23:00:00:00:11,wifi_rssi_20:23:00:00:00:12,wifi_rssi_20:23:00:00:00:13,wifi_rssi_20:23:00:00:00:14,wifi_rssi_20:23:00:00:00:15,wifi_rssi_20:23:00:00:00:16,wifi_rssi_20:23:00:00:00:17,wifi_rssi_20:23:00:00:00:18,wifi_rssi_20:23:00:00:00:19,wifi_rssi_20:23:00:00:00:21,wifi_rssi_20:23:00:00:00:22,wifi_rssi_20:23:00:00:00:23,wifi_rssi_20:23:00:00:00:24,wifi_rssi_20:23:00:00:00:25,wifi_rssi_20:23:00:00:00:26,wifi_rssi_20:23:00:00:00:27,wifi_rssi_20:23:00:00:00:28,wifi_rssi_20:23:00:00:00:30,wifi_rssi_20:23:00:00:00:31,wifi_rssi_20:23:00:00:00:34,wifi_rssi_20:23:00:00:00:35,wifi_rssi_20:23:00:00:00:36,wifi_rssi_20:23:00:00:00:37,wifi_rssi_20:23:00:00:00:38,wifi_rssi_20:23:00:00:00:41,wifi_rssi_20:23:00:00:00:42,wifi_rssi_20:23:00:00:00:44,wifi_rssi_20:23:00:00:00:45,wifi_rssi_20:23:00:00:00:46,wifi_rssi_20:23:00:00:00:47,wifi_rssi_20:23:00:00:00:48,wifi_rssi_20:23:00:00:00:49,wifi_rssi_20:23:00:00:00:50,wifi_rssi_20:23:00:00:00:51,wifi_rssi_20:23:00:00:00:52,wifi_rssi_20:23:00:00:00:55,wifi_rssi_20:23:00:00:00:56,wifi_rssi_20:23:00:00:00:57,wifi_rssi_20:23:00:00:00:59,wifi_rssi_20:23:00:00:00:61,wifi_rssi_20:23:00:00:00:62,wifi_rssi_20:23:00:00:00:65,wifi_rssi_20:23:00:00:00:67,wifi_rssi_20:23:00:00:00:68,wifi_rssi_20:23:00:00:00:69,wifi_rssi_20:23:00:00:00:71,wifi_rssi_20:23:00:00:00:72,wifi_rssi_20:23:00:00:00:73,wifi_rssi_20:23:00:00:00:79,wifi_rssi_20:23:00:00:00:80,wifi_rssi_20:23:00:00:00:82,wifi_rssi_20:23:00:00:00:84,wifi_rssi_20:23:00:00:00:88,wifi_rssi_20:23:00:00:00:89,wifi_rssi_20:23:00:00:00:90,wifi_rssi_20:23:00:00:00:91,wifi_rssi_20:23:00:00:00:92,wifi_rssi_20:23:00:00:00:93,wifi_rssi_20:23:00:00:00:94,wifi_rssi_20:23:00:00:00:95,wifi_rssi_20:23:00:00:00:96,wifi_rssi_20:23:00:00:00:97,wifi_rssi_20:23:00:00:00:98,wifi_rssi_20:23:00:00:00:99,wifi_rssi_20:23:00:00:01:00,wifi_rssi_20:23:00:00:01:01,wifi_rssi_20:23:00:00:01:02,wifi_rssi_20:23:00:00:01:03,wifi_rssi_20:23:00:00:01:04,wifi_rssi_20:23:00:00:01:05,wifi_rssi_20:23:00:00:01:06,wifi_rssi_20:23:00:00:01:07,wifi_rssi_20:23:00:00:01:08,wifi_rssi_20:23:00:00:01:09,wifi_rssi_20:23:00:00:01:10,wifi_rssi_20:23:00:00:01:11,wifi_rssi_20:23:00:00:01:12,wifi_rssi_20:23:00:00:01:13,wifi_rssi_20:23:00:00:01:14,wifi_rssi_20:23:00:00:01:15,wifi_rssi_20:23:00:00:01:16,wifi_rssi_20:23:00:00:01:17,wifi_rssi_20:23:00:00:01:18,wifi_rssi_20:23:00:00:01:19,wifi_rssi_20:23:00:00:01:20,wifi_rssi_20:23:00:00:01:21,wifi_rssi_20:23:00:00:01:22,wifi_rssi_20:23:00:00:01:23,wifi_rssi_20:23:00:00:01:24,wifi_rssi_20:23:00:00:01:26,wifi_rssi_20:23:00:00:01:27,wifi_rssi_20:23:00:00:01:28,wifi_rssi_20:23:00:00:01:29,wifi_rssi_20:23:00:00:01:31,wifi_rssi_20:23:00:00:01:32,wifi_rssi_20:23:00:00:01:33,wifi_rssi_20:23:00:00:01:34,wifi_rssi_20:23:00:00:01:35,wifi_rssi_20:23:00:00:01:36,wifi_rssi_20:23:00:00:01:37,wifi_rssi_20:23:00:00:01:38,wifi_rssi_20:23:00:00:01:39,wifi_rssi_20:23:00:00:01:40,wifi_rssi_20:23:00:00:01:41,wifi_rssi_20:23:00:00:01:42,wifi_rssi_20:23:00:00:01:43,wifi_rssi_20:23:00:00:01:44,wifi_rssi_20:23:00:00:01:45,wifi_rssi_20:23:00:00:01:46,wifi_rssi_20:23:00:00:01:47,wifi_rssi_20:23:00:00:01:51,wifi_rssi_20:23:00:00:01:52,wifi_rssi_20:23:00:00:01:54,wifi_rssi_20:23:00:00:01:55,wifi_rssi_20:23:00:00:01:56,wifi_rssi_20:23:00:00:01:58,wifi_rssi_20:23:00:00:01:59,wifi_rssi_20:23:00:00:01:60,wifi_rssi_20:23:00:00:01:62,wifi_rssi_20:23:00:00:01:64,wifi_rssi_20:23:00:00:01:65,wifi_rssi_20:23:00:00:01:66,wifi_rssi_20:23:00:00:01:67,wifi_rssi_20:23:00:00:01:68,wifi_rssi_20:23:00:00:01:69,wifi_rssi_20:23:00:00:01:70,wifi_rssi_20:23:00:00:01:71,wifi_rssi_20:23:00:00:01:72,wifi_rssi_20:23:00:00:01:73,wifi_rssi_20:23:00:00:01:74,wifi_rssi_20:23:00:00:01:75,wifi_rssi_20:23:00:00:01:76,wifi_rssi_20:23:00:00:01:77,wifi_rssi_20:23:00:00:01:81,wifi_rssi_20:23:00:00:01:82,wifi_rssi_20:23:00:00:01:83,wifi_rssi_20:23:00:00:01:84,wifi_rssi_20:23:00:00:01:85,wifi_rssi_20:23:00:00:01:86,wifi_rssi_20:23:00:00:01:87,wifi_rssi_20:23:00:00:01:88,wifi_rssi_20:23:00:00:01:89,wifi_rssi_20:23:00:00:01:90,wifi_rssi_20:23:00:00:01:91,wifi_rssi_20:23:00:00:01:92,wifi_rssi_20:23:00:00:01:93,wifi_rssi_20:23:00:00:01:94,wifi_rssi_20:23:00:00:01:95,wifi_rssi_20:23:00:00:01:96,wifi_rssi_20:23:00:00:01:97,wifi_rssi_20:23:00:00:01:98,wifi_rssi_20:23:00:00:02:01,wifi_rssi_20:23:00:00:02:07,wifi_rssi_20:23:00:00:02:09,wifi_rssi_20:23:00:00:02:10,wifi_rssi_20:23:00:00:02:11,wifi_rssi_20:23:00:00:02:12,wifi_rssi_20:23:00:00:02:14,wifi_rssi_20:23:00:00:02:15,wifi_rssi_20:23:00:00:02:16,wifi_rssi_20:23:00:00:02:17,wifi_rssi_20:23:00:00:02:18,wifi_rssi_20:23:00:00:02:19,wifi_rssi_20:23:00:00:02:20,wifi_rssi_20:23:00:00:02:21,wifi_rssi_20:23:00:00:02:22,wifi_rssi_20:23:00:00:02:23,wifi_rssi_20:23:00:00:02:24,wifi_rssi_20:23:00:00:02:25,wifi_rssi_20:23:00:00:02:26,wifi_rssi_20:23:00:00:02:27,wifi_rssi_20:23:00:00:02:28,wifi_rssi_20:23:00:00:02:29,wifi_rssi_20:23:00:00:02:30,wifi_rssi_20:23:00:00:02:34,wifi_rssi_20:23:00:00:02:35,wifi_rssi_20:23:00:00:02:39,wifi_rssi_20:23:00:00:02:54,wifi_rssi_20:23:00:00:02:55,wifi_rssi_20:23:00:00:02:56,wifi_rssi_20:23:00:00:02:57,wifi_rssi_20:23:00:00:02:58,wifi_rssi_20:23:00:00:02:59,wifi_rssi_20:23:00:00:02:60,wifi_rssi_20:23:00:00:02:61,wifi_rssi_20:23:00:00:02:65,wifi_rssi_20:23:00:00:02:67,wifi_rssi_20:23:00:00:02:70,wifi_rssi_20:23:00:00:02:73,wifi_rssi_20:23:00:00:02:74,wifi_rssi_20:23:00:00:02:82,wifi_rssi_20:23:00:00:02:88,wifi_rssi_20:23:00:00:02:89,wifi_rssi_20:23:00:00:03:08,wifi_rssi_20:23:00:00:03:11,wifi_rssi_20:23:00:00:03:12,wifi_rssi_20:23:00:00:03:13,wifi_rssi_20:23:00:00:03:15,wifi_rssi_20:23:00:00:03:16,wifi_rssi_20:23:00:00:03:17,wifi_rssi_20:23:00:00:03:20,wifi_rssi_20:23:00:00:03:21,wifi_rssi_20:23:00:00:03:22,wifi_rssi_20:23:00:00:03:25,wifi_rssi_20:23:00:00:03:26,wifi_rssi_20:23:00:00:03:27,wifi_rssi_20:23:00:00:03:28,wifi_rssi_20:23:00:00:03:29,wifi_rssi_20:23:00:00:03:30,wifi_rssi_20:23:00:00:03:31,wifi_rssi_20:23:00:00:03:32,wifi_rssi_20:23:00:00:03:33,wifi_rssi_20:23:00:00:03:34,wifi_rssi_20:23:00:00:03:35,wifi_rssi_20:23:00:00:03:36,wifi_rssi_20:23:00:00:03:37,wifi_rssi_20:23:00:00:03:38,wifi_rssi_20:23:00:00:03:39,wifi_rssi_20:23:00:00:03:40,wifi_rssi_20:23:00:00:03:41,wifi_rssi_20:23:00:00:03:42,wifi_rssi_20:23:00:00:03:43,wifi_rssi_20:23:00:00:03:44,wifi_rssi_20:23:00:00:03:45,wifi_rssi_20:23:00:00:03:46,wifi_rssi_20:23:00:00:03:47,wifi_rssi_20:23:00:00:03:48
1.2635,-78.0,-100,-100,-100,-100,-100,-100,-100,-89.0,-100,-100,-100.0,-100,-100,-100.0,-100,-100,-100,-100,-100,-100,-100,-100,-100,-100,-100,-100,-100,-100,-100,-100,-100,-100,-100,-100,-100,-100.0,-100.0,-100.0,-100,-100,-100,-100,-100,-100,-89.0,-100,-100,-100,-100,-100,-100.0,-100,-100,-100.0,-100,-100,-100.0,-100.0,-100.0,-100.0,-100,-94.0,-100.0,-75.0,-100,-100,-100,-100,-100,-100,-100,-100,-100,-100,-100,-100,-100,-100,-100,-100,-100,-100,-100,-100,-100,-100,-100,-100,-100,-100,-100,-100,-100,-100,-100,-100,-100,-100,-100,-100,-100,-100,-100,-100,-100,-100,-100,-100,-100,-100,-100,-100,-100,-100,-100,-100,-100,-100,-100,-100,-100,-100,-100,-100,-100,-100,-100,-81.0,-100,-100,-100,-100,-100,-100,-100,-100.0,-100,-100,-100.0,-100,-100,-100,-100.0,-100.0,-100,-100.0,-100,-100.0,-100,-85.0,-100.0,-100.0,-89.0,-100.0,-100.0,-87.0,-100,-100.0,-100.0,-100.0,-100,-100,-100,-100,-100,-100,-100,-100,-100,-100,-100,-100,-100,-100,-100,-100,-100,-100,-100,-100,-100,-100,-100,-100,-100,-100,-100,-100,-100,-100.0,-100.0,-100.0,-100.0,-100.0,-100,-100,-100,-100,-100,-100,-100,-100,-100,-100.0,-100,-100,-100,-100,-100,-100,-100,-100,-100,-100,-100,-100,-100,-100,-100,-100,-100,-100,-100,-100,-100,-100,-100,-100,-100,-100,-100,-100,-100.0,-100.0,-100,-100
3.7176,-76.1875,-100,-100,-100,-100,-100,-100,-100,-89.453125,-100,-100,-100.0,-100,-100,-92.0,-100,-100,-100,-100,-100,-100,-100,-100,-100,-100,-100,-100,-100,-100,-100,-100,-100,-100,-100,-100,-100,-100.0,-100.0,-100.0,-100,-100,-100,-100,-100,-100,-100.0,-100,-100,-100,-100,-100,-100.0,-100,-100,-100.0,-100,-100,-85.0,-100.0,-100.0,-100.0,-100,-100.0,-100.0,-75.453125,-100,-100,-100,-100,-100,-100,-100,-100,-100,-100,-100,-100,-100,-100,-100,-100,-100,-100,-100,-100,-100,-100,-100,-100,-100,-100,-100,-100,-100,-100,-100,-100,-100,-100,-100,-100,-100,-100,-100,-100,-100,-100,-100,-100,-100,-100,-100,-100,-100,-100,-100,-100,-100,-100,-100,-100,-100,-100,-100,-100,-100,-100,-100,-80.7734375,-100,-100,-100,-100,-100,-100,-100,-100.0,-100,-100,-100.0,-100,-100,-100,-100.0,-100.0,-100,-100.0,-100,-100.0,-100,-100.0,-100.0,-100.0,-89.6796875,-100.0,-100.0,-85.640625,-100,-100.0,-100.0,-100.0,-100,-100,-100,-100,-100,-100,-100,-100,-100,-100,-100,-100,-100,-100,-100,-100,-100,-100,-100,-100,-100,-100,-100,-100,-100,-100,-100,-100,-100,-100.0,-100.0,-100.0,-100.0,-100.0,-100,-100,-100,-100,-100,-100,-100,-100,-100,-100.0,-100,-100,-100,-100,-100,-100,-100,-100,-100,-100,-100,-100,-100,-100,-100,-100,-100,-100,-100,-100,-100,-100,-100,-100,-100,-100,-100,-100,-100.0,-100.0,-100,-100
5.6471,-75.88773523685919,-100,-100,-100,-100,-100,-100,-100,-88.5814406229721,-100,-100,-100.0,-100,-100,-90.640625,-100,-100,-100,-100,-100,-100,-100,-100,-100,-100,-100,-100,-100,-100,-100,-100,-100,-100,-100,-100,-100,-100.0,-100.0,-100.0,-100,-100,-100,-100,-100,-100,-89.0,-100,-100,-100,-100,-100,-100.0,-100,-100,-100.0,-100,-100,-86.359375,-100.0,-100.0,-100.0,-100,-100.0,-100.0,-76.60090850097339,-100,-100,-100,-100,-100,-100,-100,-100,-100,-100,-100,-100,-100,-100,-100,-100,-100,-100,-100,-100,-100,-100,-100,-100,-100,-100,-100,-100,-100,-100,-100,-100,-100,-100,-100,-100,-100,-100,-100,-100,-100,-100,-100,-100,-100,-100,-100,-100,-100,-100,-100,-100,-100,-100,-100,-100,-100,-100,-100,-100,-100,-100,-100,-81.5879299156392,-100,-100,-100,-100,-100,-100,-100,-100.0,-100,-100,-100.0,-100,-100,-100,-100.0,-100.0,-100,-100.0,-100,-85.0,-100,-85.2265625,-100.0,-100.0,-88.49837767683323,-100.0,-100.0,-100.0,-100,-100.0,-100.0,-100.0,-100,-100,-100,-100,-100,-100,-100,-100,-100,-100,-100,-100,-100,-100,-100,-100,-100,-100,-100,-100,-100,-100,-100,-100,-100,-100,-100,-100,-100,-100.0,-100.0,-100.0,-100.0,-100.0,-100,-100,-100,-100,-100,-100,-100,-100,-100,-100.0,-100,-100,-100,-100,-100,-100,-100,-100,-100,-100,-100,-100,-100,-100,-100,-100,-100,-100,-100,-100,-100,-100,-100,-100,-100,-100,-100,-100,-100.0,-100.0,-100,-100
7.6223,-75.9176669663159,-100,-100,-100,-100,-100,-100,-100,-88.15980117391994,-100,-100,-100.0,-100,-100,-89.97404282933161,-100,-100,-100,-100,-100,-100,-100,-100,-100,-100,-100,-100,-100,-100,-100,-100,-100,-100,-100,-100,-100,-100.0,-100.0,-100.0,-100,-100,-100,-100,-100,-100,-89.0,-100,-100,-100,-100,-100,-100.0,-100,-100,-100.0,-100,-100,-100.0,-100.0,-100.0,-100.0,-100,-100.0,-100.0,-76.70731320395537,-100,-100,-100,-100,-100,-100,-100,-100,-100,-100,-100,-100,-100,-100,-100,-100,-100,-100,-100,-100,-100,-100,-100,-100,-100,-100,-100,-100,-100,-100,-100,-100,-100,-100,-100,-100,-100,-100,-100,-100,-100,-100,-100,-100,-100,-100,-100,-100,-100,-100,-100,-100,-100,-100,-100,-100,-100,-100,-100,-100,-100,-100,-100,-81.6977949341653,-100,-100,-100,-100,-100,-100,-100,-100.0,-100,-100,-100.0,-100,-100,-100,-100.0,-100.0,-100,-100.0,-100,-85.453125,-100,-85.67423750811162,-100.0,-100.0,-87.29903230923802,-100.0,-100.0,-85.22647631408176,-100,-100.0,-100.0,-100.0,-100,-100,-100,-100,-100,-100,-100,-100,-100,-100,-100,-100,-100,-100,-100,-100,-100,-100,-100,-100,-100,-100,-100,-100,-100,-100,-100,-100,-100,-100.0,-100.0,-100.0,-100.0,-100.0,-100,-100,-100,-100,-100,-100,-100,-100,-100,-100.0,-100,-100,-100,-100,-100,-100,-100,-100,-100,-100,-100,-100,-100,-100,-100,-100,-100,-100,-100,-100,-100,-100,-100,-100,-100,-100,-100,-100,-100.0,-100.0,-100,-100
9.6637,-77.03691020436014,-100,-100,-100,-100,-100,-100,-100,-100.0,-100,-100,-100.0,-100,-100,-100.0,-100,-100,-100,-100,-100,-100,-100,-100,-100,-100,-100,-100,-100,-100,-100,-100,-100,-100,-100,-100,-100,-100.0,-100.0,-100.0,-100,-100,-100,-100,-100,-100,-100.0,-100,-100,-100,-100,-100,-100.0,-100,-100,-100.0,-100,-100,-100.0,-100.0,-100.0,-100.0,-100,-88.3359375,-100.0,-78.4325637132817,-100,-100,-100,-100,-100,-100,-100,-100,-100,-100,-100,-100,-100,-100,-100,-100,-100,-100,-100,-100,-100,-100,-100,-100,-100,-100,-100,-100,-100,-100,-100,-100,-100,-100,-100,-100,-100,-100,-100,-100,-100,-100,-100,-100,-100,-100,-100,-100,-100,-100,-100,-100,-100,-100,-100,-100,-100,-100,-100,-100,-100,-100,-100,-81.23231466002525,-100,-100,-100,-100,-100,-100,-100,-100.0,-100,-100,-100.0,-100,-100,-100,-100.0,-100.0,-100,-100.0,-100,-84.83387410772225,-100,-87.36079530432023,-91.0,-100.0,-88.58788509433319,-100.0,-92.0,-84.36624186981122,-100,-100.0,-100.0,-100.0,-100,-100,-100,-100,-100,-100,-100,-100,-100,-100,-100,-100,-100,-100,-100,-100,-100,-100,-100,-100,-100,-100,-100,-100,-100,-100,-100,-100,-100,-100.0,-100.0,-100.0,-100.0,-100.0,-100,-100,-100,-100,-100,-100,-100,-100,-100,-100.0,-100,-100,-100,-100,-100,-100,-100,-100,-100,-100,-100,-100,-100,-100,-100,-100,-100,-100,-100,-100,-100,-100,-100,-100,-100,-100,-100,-100,-100.0,-100.0,-100,-100
11.6178,-77.86101534437884,-100,-100,-100,-100,-100,-100,-100,-87.29348623383713,-100,-100,-100.0,-100,-100,-89.44772883506954,-100,-100,-100,-100,-100,-100,-100,-100,-100,-100,-100,-100,-100,-100,-100,-100,-100,-100,-100,-100,-100,-100.0,-100.0,-100.0,-100,-100,-100,-100,-100,-100,-100.0,-100,-100,-100,-100,-100,-100.0,-100,-100,-100.0,-100,-100,-87.78325762491889,-100.0,-100.0,-100.0,-100,-100.0,-100.0,-79.98099902137211,-100,-100,-100,-100,-100,-100,-100,-100,-100,-100,-100,-100,-100,-100,-100,-100,-100,-100,-100,-100,-100,-100,-100,-100,-100,-100,-100,-100,-100,-100,-100,-100,-100,-100,-100,-100,-100,-100,-100,-100,-100,-100,-100,-100,-100,-100,-100,-100,-100,-100,-100,-100,-100,-100,-100,-100,-100,-100,-100,-100,-100,-100,-100,-79.77708457828186,-100,-100,-100,-100,-100,-100,-100,-100.0,-100,-100,-100.0,-100,-100,-100,-100.0,-100.0,-100,-100.0,-100,-86.47787002273809,-100,-87.53604448841732,-100.0,-100.0,-85.64314459372235,-100.0,-100.0,-84.53999778240251,-100,-100.0,-100.0,-100.0,-100,-100,-100,-100,-100,-100,-100,-100,-100,-100,-100,-100,-100,-100,-100,-100,-100,-100,-100,-100,-100,-100,-100,-100,-100,-100,-100,-100,-100,-100.0,-100.0,-100.0,-100.0,-100.0,-100,-100,-100,-100,-100,-100,-100,-100,-100,-100.0,-100,-100,-100,-100,-100,-100,-100,-100,-100,-100,-100,-100,-100,-100,-100,-100,-100,-100,-100,-100,-100,-100,-100,-100,-100,-100,-100,-100,-100.0,-100.0,-100,-100
13.6613,-77.61977673770008,-100,-100,-100,-100,-100,-100,-100,-87.48998437137098,-100,-100,-100.0,-100,-100,-88.22830592610283,-100,-100,-100,-100,-100,-100,-100,-100,-100,-100,-100,-100,-100,-100,-100,-100,-100,-100,-100,-100,-100,-100.0,-100.0,-100.0,-100,-100,-100,-100,-100,-100,-100.0,-100,-100,-100,-100,-100,-100.0,-100,-100,-100.0,-100,-100,-100.0,-100.0,-100.0,-100.0,-100,-100.0,-100.0,-82.22775645219981,-100,-100,-100,-100,-100,-100,-100,-100,-100,-100,-100,-100,-100,-100,-100,-100,-100,-100,-100,-100,-100,-100,-100,-100,-100,-100,-100,-100,-100,-100,-100,-100,-100,-100,-100,-100,-100,-100,-100,-100,-100,-100,-100,-100,-100,-100,-100,-100,-100,-100,-100,-100,-100,-100,-100,-100,-100,-100,-100,-100,-100,-100,-100,-77.59810709555057,-100,-100,-100,-100,-100,-100,-100,-100.0,-100,-100,-100.0,-100,-100,-100,-100.0,-100.0,-100,-100.0,-100,-87.1693562143905,-100,-88.22132861475754,-100.0,-90.0,-86.86384493846418,-100.0,-100.0,-84.38981166629782,-100,-100.0,-100.0,-100.0,-100,-100,-100,-100,-100,-100,-100,-100,-100,-100,-100,-100,-100,-100,-100,-100,-100,-100,-100,-100,-100,-100,-100,-100,-100,-100,-100,-100,-100,-100.0,-100.0,-100.0,-100.0,-100.0,-100,-100,-100,-100,-100,-100,-100,-100,-100,-100.0,-100,-100,-100,-100,-100,-100,-100,-100,-100,-100,-100,-100,-100,-100,-100,-100,-100,-100,-100,-100,-100,-100,-100,-100,-100,-100,-100,-100,-100.0,-100.0,-100,-100
15.5951,-77.44546901844687,-100,-100,-100,-100,-100,-100,-100,-87.0725217139755,-100,-100,-100.0,-100,-100,-87.8866850853486,-100,-100,-100,-100,-100,-100,-100,-100,-100,-100,-100,-100,-100,-100,-100,-100,-100,-100,-100,-100,-100,-100.0,-100.0,-100.0,-100,-100,-100,-100,-100,-100,-100.0,-100,-100,-100,-100,-100,-100.0,-100,-100,-100.0,-100,-100,-88.64089683253134,-100.0,-100.0,-100.0,-100,-100.0,-100.0,-81.03873056607885,-100,-100,-100,-100,-100,-100,-100,-100,-100,-100,-100,-100,-100,-100,-100,-100,-100,-100,-100,-100,-100,-100,-100,-100,-100,-100,-100,-100,-100,-100,-100,-100,-100,-100,-100,-100,-100,-100,-100,-100,-100,-100,-100,-100,-100,-100,-100,-100,-100,-100,-100,-100,-100,-100,-100,-100,-100,-100,-100,-100,-100,-100,-100,-76.58616553126792,-100,-100,-100,-100,-100,-100,-100,-100.0,-100,-100,-100.0,-100,-100,-100,-100.0,-100.0,-100,-100.0,-100,-86.84413067846174,-100,-87.59895849847771,-100.0,-100.0,-86.90213756352972,-100.0,-100.0,-84.84095297597209,-100,-100.0,-100.0,-100.0,-100,-100,-100,-100,-100,-100,-100,-100,-100,-100,-100,-100,-100,-100,-100,-100,-100,-100,-100,-100,-100,-100,-100,-100,-100,-100,-100,-100,-100,-100.0,-100.0,-100.0,-100.0,-100.0,-100,-100,-100,-100,-100,-100,-100,-100,-100,-100.0,-100,-100,-100,-100,-100,-100,-100,-100,-100,-100,-100,-100,-100,-100,-100,-100,-100,-100,-100,-100,-100,-100,-100,-100,-100,-100,-100,-100,-100.0,-100.0,-100,-100
17.659,-77.03814773685204,-100,-100,-100,-100,-100,-100,-100,-100.0,-100,-100,-100.0,-100,-100,-100.0,-100,-100,-100,-100,-100,-100,-100,-100,-100,-100,-100,-100,-100,-100,-100,-100,-100,-100,-100,-100,-100,-100.0,-100.0,-100.0,-100,-100,-100,-100,-100,-100,-90.06646925070065,-100,-100,-100,-100,-100,-100.0,-100,-100,-100.0,-100,-100,-89.83602145952032,-100.0,-100.0,-100.0,-100,-100.0,-100.0,-81.02781661108514,-100,-100,-100,-100,-100,-100,-100,-100,-100,-100,-100,-100,-100,-100,-100,-100,-100,-100,-100,-100,-100,-100,-100,-100,-100,-100,-100,-100,-100,-100,-100,-100,-100,-100,-100,-100,-100,-100,-100,-100,-100,-100,-100,-100,-100,-100,-100,-100,-100,-100,-100,-100,-100,-100,-100,-100,-100,-100,-100,-100,-100,-100,-100,-77.82994778436881,-100,-100,-100,-100,-100,-100,-100,-100.0,-100,-100,-100.0,-100,-100,-100,-100.0,-100.0,-100,-100.0,-100,-86.6076228042916,-100,-100.0,-100.0,-100.0,-100.0,-100.0,-100.0,-84.04195552475288,-100,-100.0,-100.0,-100.0,-100,-100,-100,-100,-100,-100,-100,-100,-100,-100,-100,-100,-100,-100,-100,-100,-100,-100,-100,-100,-100,-100,-100,-100,-100,-100,-100,-100,-100,-100.0,-100.0,-100.0,-100.0,-100.0,-100,-100,-100,-100,-100,-100,-100,-100,-100,-100.0,-100,-100,-100,-100,-100,-100,-100,-100,-100,-100,-100,-100,-100,-100,-100,-100,-100,-100,-100,-100,-100,-100,-100,-100,-100,-100,-100,-100,-100.0,-100.0,-100,-100
19.663,-78.15568665961426,-100,-100,-100,-100,-100,-100,-100,-86.77088274877917,-100,-100,-100.0,-100,-100,-100.0,-100,-100,-100,-100,-100,-100,-100,-100,-100,-100,-100,-100,-100,-100,-100,-100,-100,-100,-100,-100,-100,-100.0,-100.0,-100.0,-100,-100,-100,-100,-100,-100,-89.77407799119784,-100,-100,-100,-100,-100,-100.0,-100,-100,-100.0,-100,-100,-100.0,-100.0,-100.0,-100.0,-100,-100.0,-91.0,-79.89167080410866,-100,-100,-100,-100,-100,-100,-100,-100,-100,-100,-100,-100,-100,-100,-100,-100,-100,-100,-100,-100,-100,-100,-100,-100,-100,-100,-100,-100,-100,-100,-100,-100,-100,-100,-100,-100,-100,-100,-100,-100,-100,-100,-100,-100,-100,-100,-100,-100,-100,-100,-100,-100,-100,-100,-100,-100,-100,-100,-100,-100,-100,-100,-100,-77.03169065907561,-100,-100,-100,-100,-100,-100,-100,-100.0,-100,-100,-100.0,-100,-100,-100,-100.0,-100.0,-100,-100.0,-100,-85.31176225751547,-100,-85.74304920832803,-100.0,-100.0,-85.52075551420945,-100.0,-100.0,-84.59371635455904,-100,-100.0,-100.0,-100.0,-100,-100,-100,-100,-100,-100,-100,-100,-100,-100,-100,-100,-100,-100,-100,-100,-100,-100,-100,-100,-100,-100,-100,-100,-100,-100,-100,-100,-100,-100.0,-100.0,-100.0,-100.0,-100.0,-100,-100,-100,-100,-100,-100,-100,-100,-100,-100.0,-100,-100,-100,-100,-100,-100,-100,-100,-100,-100,-100,-100,-100,-100,-100,-100,-100,-100,-100,-100,-100,-100,-100,-100,-100,-100,-100,-100,-100.0,-100.0,-100,-100
21.6665,-76.70064497220551,-100,-100,-100,-100,-100,-100,-100,-87.11723788168649,-100,-100,-100.0,-100,-100,-88.19861278856386,-100,-100,-100,-100,-100,-100,-100,-100,-100,-100,-100,-100,-100,-100,-100,-100,-100,-100,-100,-100,-100,-100.0,-100.0,-100.0,-100,-100,-100,-100,-100,-100,-89.0025414907776,-100,-100,-100,-100,-100,-100.0,-100,-100,-100.0,-100,-100,-100.0,-100.0,-100.0,-100.0,-100,-100.0,-100.0,-79.92224354958213,-100,-100,-100,-100,-100,-100,-100,-100,-100,-100,-100,-100,-100,-100,-100,-100,-100,-100,-100,-100,-100,-100,-100,-100,-100,-100,-100,-100,-100,-100,-100,-100,-100,-100,-100,-100,-100,-100,-100,-100,-100,-100,-100,-100,-100,-100,-100,-100,-100,-100,-100,-100,-100,-100,-100,-100,-100,-100,-100,-100,-100,-100,-100,-76.1760846877436,-100,-100,-100,-100,-100,-100,-100,-100.0,-100,-100,-100.0,-100,-100,-100,-100.0,-100.0,-100,-100.0,-100,-85.50570199315362,-100,-86.3790393798421,-100.0,-100.0,-86.22008805562862,-100.0,-100.0,-85.2724684771457,-100,-100.0,-100.0,-100.0,-100,-100,-100,-100,-100,-100,-100,-100,-100,-100,-100,-100,-100,-100,-100,-100,-100,-100,-100,-100,-100,-100,-100,-100,-100,-100,-100,-100,-100,-100.0,-100.0,-100.0,-100.0,-100.0,-100,-100,-100,-100,-100,-100,-100,-100,-100,-100.0,-100,-100,-100,-100,-100,-100,-100,-100,-100,-100,-100,-100,-100,-100,-100,-100,-100,-100,-100,-100,-100,-100,-100,-100,-100,-100,-100,-100,-100.0,-100.0,-100,-100
23.6342,-78.19663109257296,-100,-100,-100,-100,-100,-100,-100,-87.3662428826886,-100,-100,-100.0,-100,-100,-100.0,-100,-100,-100,-100,-100,-100,-100,-100,-100,-100,-100,-100,-100,-100,-100,-100,-100,-100,-100,-100,-100,-100.0,-100.0,-93.0,-100,-100,-100,-100,-100,-100,-100.0,-100,-100,-100,-100,-100,-100.0,-100,-100,-100.0,-100,-100,-100.0,-100.0,-100.0,-90.0,-100,-100.0,-100.0,-80.7910815322324,-100,-100,-100,-100,-100,-100,-100,-100,-100,-100,-100,-100,-100,-100,-100,-100,-100,-100,-100,-100,-100,-100,-100,-100,-100,-100,-100,-100,-100,-100,-100,-100,-100,-100,-100,-100,-100,-100,-100,-100,-100,-100,-100,-100,-100,-100,-100,-100,-100,-100,-100,-100,-100,-100,-100,-100,-100,-100,-100,-100,-100,-100,-100,-76.40867259042781,-100,-100,-100,-100,-100,-100,-100,-100.0,-100,-100,-100.0,-100,-100,-100,-100.0,-100.0,-100,-100.0,-100,-100.0,-100,-100.0,-100.0,-100.0,-87.00463685260468,-100.0,-100.0,-86.04223443297114,-100,-100.0,-100.0,-100.0,-100,-100,-100,-100,-100,-100,-100,-100,-100,-100,-100,-100,-100,-100,-100,-100,-100,-100,-100,-100,-100,-100,-100,-100,-100,-100,-100,-100,-100,-100.0,-100.0,-100.0,-100.0,-100.0,-100,-100,-100,-100,-100,-100,-100,-100,-100,-100.0,-100,-100,-100,-100,-100,-100,-100,-100,-100,-100,-100,-100,-100,-100,-100,-100,-100,-100,-100,-100,-100,-100,-100,-100,-100,-100,-100,-100,-100.0,-100.0,-100,-100
25.631,-77.29411155552783,-100,-100,-100,-100,-100,-100,-100,-87.54510228324206,-100,-100,-100.0,-100,-100,-88.70523989671015,-100,-100,-100,-100,-100,-100,-100,-100,-100,-100,-100,-100,-100,-100,-100,-100,-100,-100,-100,-100,-100,-100.0,-100.0,-92.3203125,-100,-100,-100,-100,-100,-100,-89.2820086368112,-100,-100,-100,-100,-100,-100.0,-100,-100,-100.0,-100,-100,-89.6035041787513,-100.0,-100.0,-100.0,-100,-100.0,-100.0,-81.97940481289373,-100,-100,-100,-100,-100,-100,-100,-100,-100,-100,-100,-100,-100,-100,-100,-100,-100,-100,-100,-100,-100,-100,-100,-100,-100,-100,-100,-100,-100,-100,-100,-100,-100,-100,-100,-100,-100,-100,-100,-100,-100,-100,-100,-100,-100,-100,-100,-100,-100,-100,-100,-100,-100,-100,-100,-100,-100,-100,-100,-100,-100,-100,-100,-77.70496314385993,-100,-100,-100,-100,-100,-100,-100,-100.0,-100,-100,-100.0,-100,-100,-100,-100.0,-100.0,-100,-100.0,-100,-100.0,-100,-100.0,-100.0,-89.546875,-100.0,-100.0,-100.0,-85.1834241696922,-100,-100.0,-100.0,-100.0,-100,-100,-100,-100,-100,-100,-100,-100,-100,-100,-100,-100,-100,-100,-100,-100,-100,-100,-100,-100,-100,-100,-100,-100,-100,-100,-100,-100,-100,-100.0,-100.0,-100.0,-100.0,-100.0,-100,-100,-100,-100,-100,-100,-100,-100,-100,-100.0,-100,-100,-100,-100,-100,-100,-100,-100,-100,-100,-100,-100,-100,-100,-100,-100,-100,-100,-100,-100,-100,-100,-100,-100,-100,-100,-100,-100,-100.0,-100.0,-100,-100
27.6528,-78.34048593731139,-100,-100,-100,-100,-100,-100,-100,-100.0,-100,-100,-100.0,-100,-100,-88.22471731802429,-100,-100,-100,-100,-100,-100,-100,-100,-100,-100,-100,-100,-100,-100,-100,-100,-100,-100,-100,-100,-100,-100.0,-100.0,-100.0,-100,-100,-100,-100,-100,-100,-100.0,-100,-100,-100,-100,-100,-100.0,-100,-100,-100.0,-100,-100,-89.71459406825959,-100.0,-100.0,-100.0,-100,-89.00843608046723,-100.0,-80.57344731827092,-100,-100,-100,-100,-100,-100,-100,-100,-100,-100,-100,-100,-100,-100,-100,-100,-100,-100,-100,-100,-100,-100,-100,-100,-100,-100,-100,-100,-100,-100,-100,-100,-100,-100,-100,-100,-100,-100,-100,-100,-100,-100,-100,-100,-100,-100,-100,-100,-100,-100,-100,-100,-100,-100,-100,-100,-100,-100,-100,-100,-100,-100,-100,-78.07062266384678,-100,-100,-100,-100,-100,-100,-100,-100.0,-100,-100,-100.0,-100,-100,-100,-95.0,-100.0,-100,-100.0,-100,-100.0,-100,-100.0,-100.0,-100.0,-100.0,-100.0,-100.0,-84.8493025889317,-100,-100.0,-100.0,-100.0,-100,-100,-100,-100,-100,-100,-100,-100,-100,-100,-100,-100,-100,-100,-100,-100,-100,-100,-100,-100,-100,-100,-100,-100,-100,-100,-100,-100,-100,-100.0,-100.0,-100.0,-100.0,-100.0,-100,-100,-100,-100,-100,-100,-100,-100,-100,-100.0,-100,-100,-100,-100,-100,-100,-100,-100,-100,-100,-100,-100,-100,-100,-100,-100,-100,-100,-100,-100,-100,-100,-100,-100,-100,-100,-100,-100,-100.0,-100.0,-100,-100
29.6393,-77.96197990096687,-100,-100,-100,-100,-100,-100,-100,-88.23810980810684,-100,-100,-100.0,-100,-100,-88.72547993213479,-100,-100,-100,-100,-100,-100,-100,-100,-100,-100,-100,-100,-100,-100,-100,-100,-100,-100,-100,-100,-100,-100.0,-100.0,-100.0,-100,-100,-100,-100,-100,-100,-88.35896747496504,-100,-100,-100,-100,-100,-100.0,-100,-100,-100.0,-100,-100,-83.88876449502752,-100.0,-91.0,-100.0,-100,-100.0,-100.0,-79.28206680566275,-100,-100,-100,-100,-100,-100,-100,-100,-100,-100,-100,-100,-100,-100,-100,-100,-100,-100,-100,-100,-100,-100,-100,-100,-100,-100,-100,-100,-100,-100,-100,-100,-100,-100,-100,-100,-100,-100,-100,-100,-100,-100,-100,-100,-100,-100,-100,-100,-100,-100,-100,-100,-100,-100,-100,-100,-100,-100,-100,-100,-100,-100,-100,-76.92122213150168,-100,-100,-100,-100,-100,-100,-100,-100.0,-100,-100,-100.0,-100,-100,-100,-100.0,-100.0,-100,-100.0,-100,-100.0,-100,-88.2466459203301,-100.0,-100.0,-100.0,-100.0,-100.0,-84.60949815748256,-100,-100.0,-100.0,-100.0,-100,-100,-100,-100,-100,-100,-100,-100,-100,-100,-100,-100,-100,-100,-100,-100,-100,-100,-100,-100,-100,-100,-100,-100,-100,-100,-100,-100,-100,-100.0,-100.0,-100.0,-100.0,-100.0,-100,-100,-100,-100,-100,-100,-100,-100,-100,-100.0,-100,-100,-100,-100,-100,-100,-100,-100,-100,-100,-100,-100,-100,-100,-100,-100,-100,-100,-100,-100,-100,-100,-100,-100,-100,-100,-100,-100,-100.0,-100.0,-100,-100
31.6713,-77.12560539356362,-100,-100,-100,-100,-100,-100,-100,-88.73555235754782,-100,-100,-100.0,-100,-100,-100.0,-100,-100,-100,-100,-100,-100,-100,-100,-100,-100,-100,-100,-100,-100,-100,-100,-100,-100,-100,-100,-100,-100.0,-100.0,-100.0,-100,-100,-100,-100,-100,-100,-100.0,-100,-100,-100,-100,-100,-100.0,-100,-100,-100.0,-100,-100,-85.89265217621791,-100.0,-100.0,-100.0,-100,-100.0,-100.0,-80.89664007039605,-100,-100,-100,-100,-100,-100,-100,-100,-100,-100,-100,-100,-100,-100,-100,-100,-100,-100,-100,-100,-100,-100,-100,-100,-100,-100,-100,-100,-100,-100,-100,-100,-100,-100,-100,-100,-100,-100,-100,-100,-100,-100,-100,-100,-100,-100,-100,-100,-100,-100,-100,-100,-100,-100,-100,-100,-100,-100,-100,-100,-100,-100,-100,-76.66109656272513,-100,-100,-100,-100,-100,-100,-100,-100.0,-100,-100,-100.0,-100,-100,-100,-100.0,-100.0,-100,-100.0,-100,-87.33758019471514,-100,-89.02369953716422,-100.0,-100.0,-88.41480731589756,-100.0,-100.0,-84.71976213003342,-100,-100.0,-100.0,-100.0,-100,-100,-100,-100,-100,-100,-100,-100,-100,-100,-100,-100,-100,-100,-100,-100,-100,-100,-100,-100,-100,-100,-100,-100,-100,-100,-100,-100,-100,-100.0,-100.0,-100.0,-100.0,-100.0,-100,-100,-100,-100,-100,-100,-100,-100,-100,-100.0,-100,-100,-100,-100,-100,-100,-100,-100,-100,-100,-100,-100,-100,-100,-100,-100,-100,-100,-100,-100,-100,-100,-100,-100,-100,-100,-100,-100,-100.0,-100.0,-100,-100
33.6144,-77.65488345608465,-100,-100,-100,-100,-100,-100,-100,-89.09257487454833,-100,-100,-100.0,-100,-100,-100.0,-100,-100,-100,-100,-100,-100,-100,-100,-100,-100,-100,-100,-100,-100,-100,-100,-100,-100,-100,-100,-100,-100.0,-100.0,-100.0,-100,-100,-100,-100,-100,-100,-100.0,-100,-100,-100,-100,-100,-100.0,-100,-100,-100.0,-100,-100,-86.76915687881319,-100.0,-91.2265625,-100.0,-100,-100.0,-100.0,-81.49057171344622,-100,-100,-100,-100,-100,-100,-100,-100,-100,-100,-100,-100,-100,-100,-100,-100,-100,-100,-100,-100,-100,-100,-100,-100,-100,-100,-100,-100,-100,-100,-100,-100,-100,-100,-100,-100,-100,-100,-100,-100,-100,-100,-100,-100,-100,-100,-100,-100,-100,-100,-100,-100,-100,-100,-100,-100,-100,-100,-100,-100,-100,-100,-100,-75.62730245727495,-100,-100,-100,-100,-100,-100,-100,-100.0,-100,-100,-100.0,-100,-100,-100,-100.0,-100.0,-100,-100.0,-100,-89.2178532205457,-100,-100.0,-100.0,-100.0,-100.0,-100.0,-100.0,-84.23415275642223,-100,-100.0,-100.0,-100.0,-100,-100,-100,-100,-100,-100,-100,-100,-100,-100,-100,-100,-100,-100,-100,-100,-100,-100,-100,-100,-100,-100,-100,-100,-100,-100,-100,-100,-100,-100.0,-100.0,-100.0,-90.0,-100.0,-100,-100,-100,-100,-100,-100,-100,-100,-100,-100.0,-100,-100,-100,-100,-100,-100,-100,-100,-100,-100,-100,-100,-100,-100,-100,-100,-100,-100,-100,-100,-100,-100,-100,-100,-100,-100,-100,-100,-100.0,-100.0,-100,-100
35.6478,-77.75233546656092,-100,-100,-100,-100,-100,-100,-100,-88.50170539992479,-100,-100,-100.0,-100,-100,-100.0,-100,-100,-100,-100,-100,-100,-100,-100,-100,-100,-100,-100,-100,-100,-100,-100,-100,-100,-100,-100,-100,-100.0,-100.0,-100.0,-100,-100,-100,-100,-100,-100,-88.82139694436609,-100,-100,-100,-100,-100,-100.0,-100,-100,-100.0,-100,-100,-100.0,-100.0,-100.0,-100.0,-100,-100.0,-100.0,-81.06967270760188,-100,-100,-100,-100,-100,-100,-100,-100,-100,-100,-100,-100,-100,-100,-100,-100,-100,-100,-100,-100,-100,-100,-100,-100,-100,-100,-100,-100,-100,-100,-100,-100,-100,-100,-100,-100,-100,-100,-100,-100,-100,-100,-100,-100,-100,-100,-100,-100,-100,-100,-100,-100,-100,-100,-100,-100,-100,-100,-100,-100,-100,-100,-100,-75.16779421604348,-100,-100,-100,-100,-100,-100,-100,-100.0,-100,-100,-100.0,-100,-100,-100,-100.0,-100.0,-100,-100.0,-100,-87.74487472502875,-100,-100.0,-100.0,-100.0,-87.16835449118946,-100.0,-100.0,-85.01515280053415,-100,-100.0,-95.0,-100.0,-100,-100,-100,-100,-100,-100,-100,-100,-100,-100,-100,-100,-100,-100,-100,-100,-100,-100,-100,-100,-100,-100,-100,-100,-100,-100,-100,-100,-100,-100.0,-100.0,-100.0,-100.0,-100.0,-100,-100,-100,-100,-100,-100,-100,-100,-100,-100.0,-100,-100,-100,-100,-100,-100,-100,-100,-100,-100,-100,-100,-100,-100,-100,-100,-100,-100,-100,-100,-100,-100,-100,-100,-100,-100,-100,-100,-100.0,-100.0,-100,-100
37.6584,-78.6693945097331,-100,-100,-100,-100,-100,-100,-100,-87.79529864110542,-100,-100,-100.0,-100,-100,-100.0,-100,-100,-100,-100,-100,-100,-100,-100,-100,-100,-100,-100,-100,-100,-100,-100,-100,-100,-100,-100,-100,-100.0,-100.0,-100.0,-100,-100,-100,-100,-100,-100,-100.0,-100,-100,-100,-100,-100,-100.0,-100,-100,-100.0,-100,-100,-87.11652633126963,-100.0,-100.0,-100.0,-100,-100.0,-100.0,-80.76762395236854,-100,-100,-100,-100,-100,-100,-100,-100,-100,-100,-100,-100,-100,-100,-100,-100,-100,-100,-100,-100,-100,-100,-100,-100,-100,-100,-100,-100,-100,-100,-100,-100,-100,-100,-100,-100,-100,-100,-100,-100,-100,-100,-100,-100,-100,-100,-100,-100,-100,-100,-100,-100,-100,-100,-100,-100,-100,-100,-100,-100,-100,-100,-100,-76.5322879828777,-100,-100,-100,-100,-100,-100,-100,-100.0,-100,-100,-100.0,-100,-100,-100,-100.0,-100.0,-100,-100.0,-100,-87.53457082303909,-100,-88.45241748425151,-100.0,-100.0,-87.12081883832823,-100.0,-100.0,-85.57562245487676,-100,-100.0,-100.0,-100.0,-100,-100,-100,-100,-100,-100,-100,-100,-100,-100,-100,-100,-100,-100,-100,-100,-100,-100,-100,-100,-100,-100,-100,-100,-100,-100,-100,-100,-100,-100.0,-100.0,-89.0,-100.0,-100.0,-100,-100,-100,-100,-100,-100,-100,-100,-100,-100.0,-100,-100,-100,-100,-100,-100,-100,-100,-100,-100,-100,-100,-100,-100,-100,-100,-100,-100,-100,-100,-100,-100,-100,-100,-100,-100,-100,-100,-100.0,-100.0,-100,-100
39.6978,-77.63324812965269,-100,-100,-100,-100,-100,-100,-100,-87.28835512817169,-100,-100,-100.0,-100,-100,-100.0,-100,-100,-100,-100,-100,-100,-100,-100,-100,-100,-100,-100,-100,-100,-100,-100,-100,-100,-100,-100,-100,-100.0,-100.0,-100.0,-100,-100,-100,-100,-100,-100,-89.71800095651552,-100,-100,-100,-100,-100,-100.0,-100,-100,-100.0,-100,-100,-87.36592731293604,-100.0,-100.0,-100.0,-100,-90.33927343873937,-100.0,-80.26849060632685,-100,-100,-100,-100,-100,-100,-100,-100,-100,-100,-100,-100,-100,-100,-100,-100,-100,-100,-100,-100,-100,-100,-100,-100,-100,-100,-100,-100,-100,-100,-100,-100,-100,-100,-100,-100,-100,-100,-100,-100,-100,-100,-100,-100,-100,-100,-100,-100,-100,-100,-100,-100,-100,-100,-100,-100,-100,-100,-100,-100,-100,-100,-100,-77.22910890710375,-100,-100,-100,-100,-100,-100,-100,-100.0,-100,-100,-100.0,-100,-100,-100,-100.0,-100.0,-100,-100.0,-100,-86.81892327514807,-100,-89.45402274836275,-100.0,-100.0,-89.06325741401577,-100.0,-100.0,-100.0,-100,-100.0,-100.0,-100.0,-100,-100,-100,-100,-100,-100,-100,-100,-100,-100,-100,-100,-100,-100,-100,-100,-100,-100,-100,-100,-100,-100,-100,-100,-100,-100,-100,-100,-100,-100.0,-100.0,-100.0,-100.0,-100.0,-100,-100,-100,-100,-100,-100,-100,-100,-100,-100.0,-100,-100,-100,-100,-100,-100,-100,-100,-100,-100,-100,-100,-100,-100,-100,-100,-100,-100,-100,-100,-100,-100,-100,-100,-100,-100,-100,-100,-100.0,-100.0,-100,-100
41.605,-77.7368098697664,-100,-100,-100,-100,-100,-100,-100,-87.48930528465509,-100,-100,-100.0,-100,-100,-100.0,-100,-100,-100,-100,-100,-100,-100,-100,-100,-100,-100,-100,-100,-100,-100,-100,-100,-100,-100,-100,-100,-100.0,-100.0,-100.0,-100,-100,-100,-100,-100,-100,-100.0,-100,-100,-100,-100,-100,-100.0,-100,-100,-100.0,-100,-100,-87.26261337413636,-100.0,-100.0,-100.0,-100,-100.0,-100.0,-79.91029994629093,-100,-100,-100,-100,-100,-100,-100,-100,-100,-100,-100,-100,-100,-100,-100,-100,-100,-100,-100,-100,-100,-100,-100,-100,-100,-100,-100,-100,-100,-100,-100,-100,-100,-100,-100,-100,-100,-100,-100,-100,-100,-100,-100,-100,-100,-100,-100,-100,-100,-100,-100,-100,-100,-100,-100,-100,-100,-100,-100,-100,-100,-100,-100,-77.72916515210268,-100,-100,-100,-100,-100,-100,-100,-100.0,-100,-100,-100.0,-100,-100,-100,-100.0,-100.0,-100,-100.0,-100,-88.28187694033451,-100,-88.7611183140614,-100.0,-100.0,-89.89250565871889,-100.0,-100.0,-85.41308110485048,-100,-100.0,-100.0,-100.0,-100,-100,-100,-100,-100,-100,-100,-100,-100,-100,-100,-100,-100,-100,-100,-100,-100,-100,-100,-100,-100,-100,-100,-100,-100,-100,-100,-100,-100,-100.0,-100.0,-100.0,-89.7734375,-100.0,-100,-100,-100,-100,-100,-100,-100,-100,-100,-100.0,-100,-100,-100,-100,-100,-100,-100,-100,-100,-100,-100,-100,-100,-100,-100,-100,-100,-100,-100,-100,-100,-100,-100,-100,-100,-100,-100,-100,-100.0,-100.0,-100,-100
43.6808,-77.24637715563884,-100,-100,-100,-100,-100,-100,-100,-87.91588759816528,-100,-100,-100.0,-100,-100,-100.0,-100,-100,-100,-100,-100,-100,-100,-100,-100,-100,-100,-100,-100,-100,-100,-100,-100,-100,-100,-100,-100,-100.0,-100.0,-100.0,-100,-100,-100,-100,-100,-100,-100.0,-100,-100,-100,-100,-100,-100.0,-100,-100,-100.0,-100,-100,-88.03552688226237,-100.0,-100.0,-100.0,-100,-90.52042321995157,-100.0,-80.50038023480916,-100,-100,-100,-100,-100,-100,-100,-100,-100,-100,-100,-100,-100,-100,-100,-100,-100,-100,-100,-100,-100,-100,-100,-100,-100,-100,-100,-100,-100,-100,-100,-100,-100,-100,-100,-100,-100,-100,-100,-100,-100,-100,-100,-100,-100,-100,-100,-100,-100,-100,-100,-100,-100,-100,-100,-100,-100,-100,-100,-100,-100,-100,-100,-78.65276907665492,-100,-100,-100,-100,-100,-100,-100,-100.0,-100,-100,-100.0,-100,-100,-100,-100.0,-100.0,-100,-100.0,-100,-87.91991324362817,-100,-88.26384050305644,-100.0,-100.0,-100.0,-100.0,-100.0,-85.29643720342884,-100,-100.0,-100.0,-100.0,-100,-100,-100,-100,-100,-100,-100,-100,-100,-100,-100,-100,-100,-100,-100,-100,-100,-100,-100,-100,-100,-100,-100,-100,-100,-100,-100,-100,-100,-100.0,-100.0,-100.0,-89.57819597663854,-100.0,-100,-100,-100,-100,-100,-100,-100,-100,-100,-100.0,-100,-100,-100,-100,-100,-100,-100,-100,-100,-100,-100,-100,-100,-100,-100,-100,-100,-100,-100,-100,-100,-100,-100,-100,-100,-100,-100,-100,-100.0,-100.0,-100,-100
45.8048,-77.74155753248384,-100,-100,-100,-100,-100,-100,-100,-87.65726356172486,-100,-100,-100.0,-100,-100,-100.0,-100,-100,-100,-100,-100,-100,-100,-100,-100,-100,-100,-100,-100,-100,-100,-100,-100,-100,-100,-100,-100,-100.0,-100.0,-100.0,-100,-100,-100,-100,-100,-100,-90.64424914450429,-100,-100,-100,-100,-100,-100.0,-100,-100,-100.0,-100,-100,-100.0,-100.0,-100.0,-100.0,-100,-100.0,-100.0,-80.07670940246764,-100,-100,-100,-100,-100,-100,-100,-100,-100,-100,-100,-100,-100,-100,-100,-100,-100,-100,-100,-100,-100,-100,-100,-100,-100,-100,-100,-100,-100,-100,-100,-100,-100,-100,-100,-100,-100,-100,-100,-100,-100,-100,-100,-100,-100,-100,-100,-100,-100,-100,-100,-100,-100,-100,-100,-100,-100,-100,-100,-100,-100,-100,-100,-79.59794555821077,-100,-100,-100,-100,-100,-100,-100,-100.0,-100,-100,-100.0,-100,-100,-100,-100.0,-100.0,-100,-100.0,-100,-88.7896459803802,-100,-88.18933983858373,-100.0,-100.0,-90.2052319422845,-100.0,-100.0,-84.36560412372461,-100,-100.0,-100.0,-100.0,-100,-100,-100,-100,-100,-100,-100,-100,-100,-100,-100,-100,-100,-100,-100,-100,-100,-100,-100,-100,-100,-100,-100,-100,-100,-100,-100,-100,-100,-100.0,-92.0,-100.0,-100.0,-100.0,-100,-100,-100,-100,-100,-100,-100,-100,-100,-100.0,-100,-100,-100,-100,-100,-100,-100,-100,-100,-100,-100,-100,-100,-100,-100,-100,-100,-100,-100,-100,-100,-100,-100,-100,-100,-100,-100,-100,-100.0,-100.0,-100,-100
47.6707,-78.94403807039313,-100,-100,-100,-100,-100,-100,-100,-100.0,-100,-100,-100.0,-100,-100,-100.0,-100,-100,-100,-100,-100,-100,-100,-100,-100,-100,-100,-100,-100,-100,-100,-100,-100,-100,-100,-100,-100,-100.0,-100.0,-92.49188838416613,-100,-100,-100,-100,-100,-100,-91.30926791837044,-100,-100,-100,-100,-100,-100.0,-100,-100,-100.0,-100,-100,-88.59022493063699,-100.0,-100.0,-100.0,-100,-100.0,-100.0,-81.18455120709038,-100,-100,-100,-100,-100,-100,-100,-100,-100,-100,-100,-100,-100,-100,-100,-100,-100,-100,-100,-100,-100,-100,-100,-100,-100,-100,-100,-100,-100,-100,-100,-100,-100,-100,-100,-100,-100,-100,-100,-100,-100,-100,-100,-100,-100,-100,-100,-100,-100,-100,-100,-100,-100,-100,-100,-100,-100,-100,-100,-100,-100,-100,-100,-78.86434894486531,-100,-100,-100,-100,-100,-100,-100,-100.0,-100,-100,-100.0,-100,-100,-100,-100.0,-100.0,-100,-100.0,-100,-88.56667032270951,-100,-88.4182482221888,-100.0,-100.0,-89.86490552810176,-100.0,-100.0,-84.82711762587235,-100,-100.0,-100.0,-100.0,-100,-100,-100,-100,-100,-100,-100,-100,-100,-100,-100,-100,-100,-100,-100,-100,-100,-100,-100,-100,-100,-100,-100,-100,-100,-100,-100,-100,-100,-100.0,-100.0,-100.0,-100.0,-100.0,-100,-100,-100,-100,-100,-100,-100,-100,-100,-100.0,-100,-100,-100,-100,-100,-100,-100,-100,-100,-100,-100,-100,-100,-100,-100,-100,-100,-100,-100,-100,-100,-100,-100,-100,-100,-100,-100,-100,-100.0,-100.0,-100,-100
49.66,-78.3950889947734,-100,-100,-100,-100,-100,-100,-100,-88.03641942514331,-100,-100,-100.0,-100,-100,-100.0,-100,-100,-100,-100,-100,-100,-100,-100,-100,-100,-100,-100,-100,-100,-100,-100,-100,-100,-100,-100,-100,-100.0,-100.0,-100.0,-100,-100,-100,-100,-100,-100,-100.0,-100,-100,-100,-100,-100,-100.0,-100,-100,-100.0,-100,-100,-88.42356306859752,-100.0,-100.0,-100.0,-100,-100.0,-100.0,-80.56768707050804,-100,-100,-100,-100,-100,-100,-100,-100,-100,-100,-100,-100,-100,-100,-100,-100,-100,-100,-100,-100,-100,-100,-100,-100,-100,-100,-100,-100,-100,-100,-100,-100,-100,-100,-100,-100,-100,-100,-100,-100,-100,-100,-100,-100,-100,-100,-100,-100,-100,-100,-100,-100,-100,-100,-100,-100,-100,-100,-100,-100,-100,-100,-100,-79.46740486769784,-100,-100,-100,-100,-100,-100,-100,-100.0,-100,-100,-100.0,-100,-100,-100,-100.0,-100.0,-100,-100.0,-100,-88.97140668906518,-100,-89.14726833360982,-91.90625,-100.0,-100.0,-100.0,-100.0,-84.59355975509551,-100,-100.0,-100.0,-100.0,-100,-100,-100,-100,-100,-100,-100,-100,-100,-100,-100,-100,-100,-100,-100,-100,-100,-100,-100,-100,-100,-100,-100,-100,-100,-100,-100,-100,-100,-100.0,-100.0,-100.0,-100.0,-100.0,-100,-100,-100,-100,-100,-100,-100,-100,-100,-100.0,-100,-100,-100,-100,-100,-100,-100,-100,-100,-100,-100,-100,-100,-100,-100,-100,-100,-100,-100,-100,-100,-100,-100,-100,-100,-100,-100,-100,-100.0,-100.0,-100,-100
51.6665,-78.84827684527546,-100,-100,-100,-100,-100,-100,-100,-100.0,-100,-100,-100.0,-100,-100,-100.0,-100,-100,-100,-100,-100,-100,-100,-100,-100,-100,-100,-100,-100,-100,-100,-100,-100,-100,-100,-100,-100,-93.0,-100.0,-100.0,-100,-100,-100,-100,-100,-100,-100.0,-100,-100,-100,-100,-100,-100.0,-100,-100,-100.0,-100,-100,-88.02158757195636,-100.0,-100.0,-100.0,-100,-100.0,-100.0,-79.84263466544887,-100,-100,-100,-100,-100,-100,-100,-100,-100,-100,-100,-100,-100,-100,-100,-100,-100,-100,-100,-100,-100,-100,-100,-100,-100,-100,-100,-100,-100,-100,-100,-100,-100,-100,-100,-100,-100,-100,-100,-100,-100,-100,-100,-100,-100,-100,-100,-100,-100,-100,-100,-100,-100,-100,-100,-100,-100,-100,-100,-100,-100,-100,-100,-79.3354210962511,-100,-100,-100,-100,-100,-100,-100,-100.0,-100,-100,-100.0,-100,-100,-100,-100.0,-100.0,-100,-100.0,-100,-89.26185603510118,-100,-89.67043330700544,-100.0,-100.0,-89.33830296136544,-100.0,-100.0,-85.83783126430966,-100,-100.0,-100.0,-100.0,-100,-100,-100,-100,-100,-100,-100,-100,-100,-100,-100,-100,-100,-100,-100,-100,-100,-100,-100,-100,-100,-100,-100,-100,-100,-100,-100,-100,-100,-100.0,-100.0,-100.0,-100.0,-100.0,-100,-100,-100,-100,-100,-100,-100,-100,-100,-100.0,-100,-100,-100,-100,-100,-100,-100,-100,-100,-100,-100,-100,-100,-100,-100,-100,-100,-100,-100,-100,-100,-100,-100,-100,-100,-100,-100,-100,-100.0,-100.0,-100,-100
53.602,-78.04399269913104,-100,-100,-100,-100,-100,-100,-100,-87.4613842856266,-100,-100,-100.0,-100,-100,-100.0,-100,-100,-100,-100,-100,-100,-100,-100,-100,-100,-100,-100,-100,-100,-100,-100,-100,-100,-100,-100,-100,-100.0,-100.0,-100.0,-100,-100,-100,-100,-100,-100,-100.0,-100,-100,-100,-100,-100,-100.0,-100,-100,-100.0,-100,-100,-87.45074338405986,-100.0,-100.0,-100.0,-100,-100.0,-100.0,-79.60469511840786,-100,-100,-100,-100,-100,-100,-100,-100,-100,-100,-100,-100,-100,-100,-100,-100,-100,-100,-100,-100,-100,-100,-100,-100,-100,-100,-100,-100,-100,-100,-100,-100,-100,-100,-100,-100,-100,-100,-100,-100,-100,-100,-100,-100,-100,-100,-100,-100,-100,-100,-100,-100,-100,-100,-100,-100,-100,-100,-100,-100,-100,-100,-100,-78.67595494730506,-100,-100,-100,-100,-100,-100,-100,-100.0,-100,-100,-100.0,-100,-100,-100,-100.0,-100.0,-100,-100.0,-100,-89.47028980092483,-100,-100.0,-100.0,-100.0,-89.5251498619842,-100.0,-100.0,-86.16599945344515,-100,-100.0,-100.0,-100.0,-100,-100,-100,-100,-100,-100,-100,-100,-100,-100,-100,-100,-100,-100,-100,-100,-100,-100,-100,-100,-100,-100,-100,-100,-100,-100,-100,-100,-100,-100.0,-100.0,-100.0,-100.0,-100.0,-100,-100,-100,-100,-100,-100,-100,-100,-100,-100.0,-100,-100,-100,-100,-100,-100,-100,-100,-100,-100,-100,-100,-100,-100,-100,-100,-100,-100,-100,-100,-100,-100,-100,-100,-100,-100,-100,-100,-100.0,-100.0,-100,-100
55.6812,-77.46681884182702,-100,-100,-100,-100,-100,-100,-100,-87.33110060167392,-100,-100,-100.0,-100,-100,-100.0,-100,-100,-100,-100,-100,-100,-100,-100,-100,-100,-100,-100,-100,-100,-100,-100,-100,-100,-100,-100,-100,-100.0,-100.0,-100.0,-100,-100,-100,-100,-100,-100,-100.0,-100,-100,-100,-100,-100,-100.0,-100,-100,-100.0,-100,-100,-87.60583968217925,-100.0,-100.0,-100.0,-100,-100.0,-100.0,-78.86919252623542,-100,-100,-100,-100,-100,-100,-100,-100,-100,-100,-100,-100,-100,-100,-100,-100,-100,-100,-100,-100,-100,-100,-100,-100,-100,-100,-100,-100,-100,-100,-100,-100,-100,-100,-100,-100,-100,-100,-100,-100,-100,-100,-100,-100,-100,-100,-100,-100,-100,-100,-100,-100,-100,-100,-100,-100,-100,-100,-100,-100,-100,-100,-100,-79.04983308817764,-100,-100,-100,-100,-100,-100,-100,-100.0,-100,-100,-100.0,-100,-100,-100,-100.0,-100.0,-100,-100.0,-100,-100.0,-100,-100.0,-100.0,-100.0,-90.506362382009,-100.0,-92.2265625,-86.40150093220619,-100,-100.0,-100.0,-100.0,-100,-100,-100,-100,-100,-100,-100,-100,-100,-100,-100,-100,-100,-100,-100,-100,-100,-100,-100,-100,-100,-100,-100,-100,-100,-100,-100,-100,-100,-100.0,-100.0,-100.0,-100.0,-100.0,-100,-100,-100,-100,-100,-100,-100,-100,-100,-100.0,-100,-100,-100,-100,-100,-100,-100,-100,-100,-100,-100,-100,-100,-100,-100,-100,-100,-100,-100,-100,-100,-100,-100,-100,-100,-100,-100,-100,-100.0,-100.0,-100,-100
57.6552,-78.4645033273568,-100,-100,-100,-100,-100,-100,-100,-88.08473285304419,-100,-100,-100.0,-100,-100,-100.0,-100,-100,-100,-100,-100,-100,-100,-100,-100,-100,-100,-100,-100,-100,-100,-100,-100,-100,-100,-100,-100,-100.0,-100.0,-100.0,-100,-100,-100,-100,-100,-100,-100.0,-100,-100,-100,-100,-100,-100.0,-100,-100,-100.0,-100,-100,-87.99951612191066,-100.0,-100.0,-100.0,-100,-90.93192841000165,-100.0,-78.9061293775668,-100,-100,-100,-100,-100,-100,-100,-100,-100,-100,-100,-100,-100,-100,-100,-100,-100,-100,-100,-100,-100,-100,-100,-100,-100,-100,-100,-100,-100,-100,-100,-100,-100,-100,-100,-100,-100,-100,-100,-100,-100,-100,-100,-100,-100,-100,-100,-100,-100,-100,-100,-100,-100,-100,-100,-100,-100,-100,-100,-100,-100,-100,-100,-78.75338574014178,-100,-100,-100,-100,-100,-100,-100,-100.0,-100,-100,-100.0,-100,-100,-100,-100.0,-100.0,-100,-100.0,-100,-89.61986703166019,-100,-90.04587010246792,-100.0,-100.0,-100.0,-100.0,-100.0,-100.0,-100,-100.0,-100.0,-100.0,-100,-100,-100,-100,-100,-100,-100,-100,-100,-100,-100,-100,-100,-100,-100,-100,-100,-100,-100,-100,-100,-100,-100,-100,-100,-100,-100,-100,-100,-100.0,-100.0,-89.453125,-89.69065623182274,-100.0,-100,-100,-100,-100,-100,-100,-100,-100,-100,-100.0,-100,-100,-100,-100,-100,-100,-100,-100,-100,-100,-100,-100,-100,-100,-100,-100,-100,-100,-100,-100,-100,-100,-100,-100,-100,-100,-100,-100,-100.0,-100.0,-100,-100
59.6468,-79.18046596401021,-100,-100,-100,-100,-100,-100,-100,-88.62555771954159,-100,-100,-100.0,-100,-100,-100.0,-100,-100,-100,-100,-100,-100,-100,-100,-100,-100,-100,-100,-100,-100,-100,-100,-100,-100,-100,-100,-100,-100.0,-100.0,-100.0,-100,-100,-100,-100,-100,-100,-100.0,-100,-100,-100,-100,-100,-100.0,-100,-100,-100.0,-100,-100,-88.56440374276497,-100.0,-100.0,-100.0,-100,-100.0,-100.0,-78.6502604642641,-100,-100,-100,-100,-100,-100,-100,-100,-100,-100,-100,-100,-100,-100,-100,-100,-100,-100,-100,-100,-100,-100,-100,-100,-100,-100,-100,-100,-100,-100,-100,-100,-100,-100,-100,-100,-100,-100,-100,-100,-100,-100,-100,-100,-100,-100,-100,-100,-100,-100,-100,-100,-100,-100,-100,-100,-100,-100,-100,-100,-100,-100,-100,-77.97589652648773,-100,-100,-100,-100,-100,-100,-100,-100.0,-100,-100,-100.0,-100,-100,-100,-100.0,-100.0,-100,-100.0,-100,-89.44483168051939,-100,-90.03291750968012,-100.0,-100.0,-90.36337800492565,-100.0,-100.0,-87.13525390550451,-100,-100.0,-100.0,-100.0,-100,-100,-100,-100,-100,-100,-100,-100,-100,-100,-100,-100,-100,-100,-100,-100,-100,-100,-100,-100,-100,-100,-100,-100,-100,-100,-100,-100,-100,-100.0,-100.0,-100.0,-100.0,-100.0,-100,-100,-100,-100,-100,-100,-100,-100,-100,-100.0,-100,-100,-100,-100,-100,-100,-100,-100,-100,-100,-100,-100,-100,-100,-100,-100,-100,-100,-100,-100,-100,-100,-100,-100,-100,-100,-100,-100,-100.0,-100.0,-100,-100
61.6666,-82.51801511217404,-100,-100,-100,-100,-100,-100,-100,-89.01366680514921,-100,-100,-100.0,-100,-100,-100.0,-100,-100,-100,-100,-100,-100,-100,-100,-100,-100,-100,-100,-100,-100,-100,-100,-100,-100,-100,-100,-100,-100.0,-100.0,-100.0,-100,-100,-100,-100,-100,-100,-100.0,-100,-100,-100,-100,-100,-100.0,-100,-100,-100.0,-100,-100,-88.40502990211239,-100.0,-100.0,-100.0,-100,-100.0,-100.0,-78.46664271317671,-100,-100,-100,-100,-100,-100,-100,-100,-100,-100,-100,-100,-100,-100,-100,-100,-100,-100,-100,-100,-100,-100,-100,-100,-100,-100,-100,-100,-100,-100,-100,-100,-100,-100,-100,-100,-100,-100,-100,-100,-100,-100,-100,-100,-100,-100,-100,-100,-100,-100,-100,-100,-100,-100,-100,-100,-100,-100,-100,-100,-100,-100,-100,-78.2650784574543,-100,-100,-100,-100,-100,-100,-100,-100.0,-100,-100,-100.0,-100,-100,-100,-100.0,-100.0,-100,-100.0,-100,-100.0,-100,-100.0,-100.0,-89.40882543802725,-100.0,-100.0,-100.0,-84.83805593665473,-100,-100.0,-100.0,-100.0,-100,-100,-100,-100,-100,-100,-100,-100,-100,-100,-100,-100,-100,-100,-100,-100,-100,-100,-100,-100,-100,-100,-100,-100,-100,-100,-100,-100,-100,-100.0,-100.0,-89.59117456197275,-89.77546825423902,-89.0,-100,-100,-100,-100,-100,-100,-100,-100,-100,-100.0,-100,-100,-100,-100,-100,-100,-100,-100,-100,-100,-100,-100,-100,-100,-100,-100,-100,-100,-100,-100,-100,-100,-100,-100,-100,-100,-100,-100,-100.0,-100.0,-100,-100
63.6653,-80.95986175438904,-100,-100,-100,-100,-100,-100,-100,-100.0,-100,-100,-100.0,-100,-100,-100.0,-100,-100,-100,-100,-100,-100,-100,-100,-100,-100,-100,-100,-100,-100,-100,-100,-100,-100,-100,-100,-100,-100.0,-100.0,-100.0,-100,-100,-100,-100,-100,-100,-90.93961629410227,-100,-100,-100,-100,-100,-100.0,-100,-100,-100.0,-100,-100,-100.0,-100.0,-100.0,-100.0,-100,-100.0,-100.0,-78.33487415226465,-100,-100,-100,-100,-100,-100,-100,-100,-100,-100,-100,-100,-100,-100,-100,-100,-100,-100,-100,-100,-100,-100,-100,-100,-100,-100,-100,-100,-100,-100,-100,-100,-100,-100,-100,-100,-100,-100,-100,-100,-100,-100,-100,-100,-100,-100,-100,-100,-100,-100,-100,-100,-100,-100,-100,-100,-100,-100,-100,-100,-100,-100,-100,-75.64884547962613,-100,-100,-100,-100,-100,-100,-100,-100.0,-100,-100,-100.0,-100,-100,-100,-100.0,-100.0,-100,-100.0,-100,-88.7544707007212,-100,-88.89412004280999,-100.0,-100.0,-89.4136419808389,-100.0,-100.0,-84.60140930899102,-100,-93.0,-100.0,-100.0,-100,-100,-100,-100,-100,-100,-100,-100,-100,-100,-100,-100,-100,-100,-100,-100,-100,-100,-100,-100,-100,-100,-100,-100,-100,-100,-100,-100,-100,-100.0,-100.0,-100.0,-100.0,-89.453125,-100,-100,-100,-100,-100,-100,-100,-100,-100,-100.0,-100,-100,-100,-100,-100,-100,-100,-100,-100,-100,-100,-100,-100,-100,-100,-100,-100,-100,-100,-100,-100,-100,-100,-100,-100,-100,-100,-100,-100.0,-100.0,-100,-100
65.6546,-80.68882012337502,-100,-100,-100,-100,-100,-100,-100,-100.0,-100,-100,-100.0,-100,-100,-100.0,-100,-100,-100,-100,-100,-100,-100,-100,-100,-100,-100,-100,-100,-100,-100,-100,-100,-100,-100,-100,-100,-100.0,-100.0,-100.0,-100,-100,-100,-100,-100,-100,-100.0,-100,-100,-100,-100,-100,-100.0,-100,-100,-100.0,-100,-100,-100.0,-100.0,-100.0,-100.0,-100,-100.0,-100.0,-79.0874409185982,-100,-100,-100,-100,-100,-100,-100,-100,-100,-100,-100,-100,-100,-100,-100,-100,-100,-100,-100,-100,-100,-100,-100,-100,-100,-100,-100,-100,-100,-100,-100,-100,-100,-100,-100,-100,-100,-100,-100,-100,-100,-100,-100,-100,-100,-100,-100,-100,-100,-100,-100,-100,-100,-100,-100,-100,-100,-100,-100,-100,-100,-100,-100,-76.87750576596791,-100,-100,-100,-100,-100,-100,-100,-100.0,-100,-100,-100.0,-100,-100,-100,-100.0,-100.0,-100,-100.0,-100,-88.54142652218856,-100,-88.64164232152174,-100.0,-100.0,-89.01446388168712,-100.0,-100.0,-83.30208315458026,-100,-100.0,-100.0,-100.0,-100,-100,-100,-100,-100,-100,-100,-100,-100,-100,-100,-100,-100,-100,-100,-100,-100,-100,-100,-100,-100,-100,-100,-100,-100,-100,-100,-100,-100,-100.0,-100.0,-100.0,-100.0,-100.0,-100,-100,-100,-100,-100,-100,-100,-100,-100,-100.0,-100,-100,-100,-100,-100,-100,-100,-100,-100,-100,-100,-100,-100,-100,-100,-100,-100,-100,-100,-100,-100,-100,-100,-100,-100,-100,-100,-100,-100.0,-100.0,-100,-100
67.6207,-100.0,-100,-100,-100,-100,-100,-100,-100,-100.0,-100,-100,-100.0,-100,-100,-100.0,-100,-100,-100,-100,-100,-100,-100,-100,-100,-100,-100,-100,-100,-100,-100,-100,-100,-100,-100,-100,-100,-100.0,-100.0,-100.0,-100,-100,-100,-100,-100,-100,-100.0,-100,-100,-100,-100,-100,-100.0,-100,-100,-100.0,-100,-100,-100.0,-100.0,-100.0,-100.0,-100,-100.0,-100.0,-78.21562264006846,-100,-100,-100,-100,-100,-100,-100,-100,-100,-100,-100,-100,-100,-100,-100,-100,-100,-100,-100,-100,-100,-100,-100,-100,-100,-100,-100,-100,-100,-100,-100,-100,-100,-100,-100,-100,-100,-100,-100,-100,-100,-100,-100,-100,-100,-100,-100,-100,-100,-100,-100,-100,-100,-100,-100,-100,-100,-100,-100,-100,-100,-100,-100,-77.19447085666113,-100,-100,-100,-100,-100,-100,-100,-100.0,-100,-100,-89.0,-100,-100,-100,-95.2265625,-100.0,-100,-100.0,-100,-88.38854083507172,-100,-88.17808247378484,-100.0,-89.56644281106234,-88.44562826958521,-100.0,-100.0,-81.5225280384326,-100,-100.0,-100.0,-100.0,-100,-100,-100,-100,-100,-100,-100,-100,-100,-100,-100,-100,-100,-100,-100,-100,-100,-100,-100,-100,-100,-100,-100,-100,-100,-100,-100,-100,-100,-100.0,-100.0,-100.0,-100.0,-90.09604153147306,-100,-100,-100,-100,-100,-100,-100,-100,-100,-100.0,-100,-100,-100,-100,-100,-100,-100,-100,-100,-100,-100,-100,-100,-100,-100,-100,-100,-100,-100,-100,-100,-100,-100,-100,-100,-100,-100,-100,-100.0,-100.0,-100,-100
69.6691,-81.90619254201154,-100,-100,-100,-100,-100,-100,-100,-100.0,-100,-100,-100.0,-100,-100,-100.0,-100,-100,-100,-100,-100,-100,-100,-100,-100,-100,-100,-100,-100,-100,-100,-100,-100,-100,-100,-100,-100,-100.0,-100.0,-100.0,-100,-100,-100,-100,-100,-100,-100.0,-100,-100,-100,-100,-100,-100.0,-100,-100,-100.0,-100,-100,-100.0,-100.0,-100.0,-100.0,-100,-100.0,-100.0,-78.4371117430912,-100,-100,-100,-100,-100,-100,-100,-100,-100,-100,-100,-100,-100,-100,-100,-100,-100,-100,-100,-100,-100,-100,-100,-100,-100,-100,-100,-100,-100,-100,-100,-100,-100,-100,-100,-100,-100,-100,-100,-100,-100,-100,-100,-100,-100,-100,-100,-100,-100,-100,-100,-100,-100,-100,-100,-100,-100,-100,-100,-100,-100,-100,-100,-76.29242992481181,-100,-100,-100,-100,-100,-100,-100,-100.0,-100,-100,-87.8671875,-100,-100,-100,-100.0,-100.0,-100,-100.0,-100,-87.149323578431,-100,-86.99829358653152,-100.0,-100.0,-100.0,-100.0,-100.0,-80.24547603594466,-100,-92.7734375,-100.0,-100.0,-100,-100,-100,-100,-100,-100,-100,-100,-100,-100,-100,-100,-100,-100,-100,-100,-100,-100,-100,-100,-100,-100,-100,-100,-100,-100,-100,-100,-100,-100.0,-100.0,-100.0,-100.0,-100.0,-100,-100,-100,-100,-100,-100,-100,-100,-100,-100.0,-100,-100,-100,-100,-100,-100,-100,-100,-100,-100,-100,-100,-100,-100,-100,-100,-100,-100,-100,-100,-100,-100,-100,-100,-100,-100,-100,-100,-100.0,-100.0,-100,-100
71.7772,-83.90931136102363,-100,-100,-100,-100,-100,-100,-100,-100.0,-100,-100,-100.0,-100,-100,-100.0,-100,-100,-100,-100,-100,-100,-100,-100,-100,-100,-100,-100,-100,-100,-100,-100,-100,-100,-100,-100,-100,-100.0,-100.0,-100.0,-100,-100,-100,-100,-100,-100,-100.0,-100,-100,-100,-100,-100,-100.0,-100,-100,-100.0,-100,-100,-100.0,-100.0,-100.0,-100.0,-100,-100.0,-100.0,-79.1608090987085,-100,-100,-100,-100,-100,-100,-100,-100,-100,-100,-100,-100,-100,-100,-100,-100,-100,-100,-100,-100,-100,-100,-100,-100,-100,-100,-100,-100,-100,-100,-100,-100,-100,-100,-100,-100,-100,-100,-100,-100,-100,-100,-100,-100,-100,-100,-100,-100,-100,-100,-100,-100,-100,-100,-100,-100,-100,-100,-100,-100,-100,-100,-100,-72.82134646781117,-100,-100,-100,-100,-100,-100,-100,-100.0,-100,-100,-86.3861129136924,-100,-100,-100,-94.15963659961064,-100.0,-100,-100.0,-100,-86.82478253514083,-100,-86.43402405868663,-100.0,-100.0,-87.75504230250606,-100.0,-100.0,-79.04665678520182,-100,-100.0,-100.0,-100.0,-100,-100,-100,-100,-100,-100,-100,-100,-100,-100,-100,-100,-100,-100,-100,-100,-100,-100,-100,-100,-100,-100,-100,-100,-100,-100,-100,-100,-100,-100.0,-100.0,-100.0,-100.0,-100.0,-100,-100,-100,-100,-100,-100,-100,-100,-100,-100.0,-100,-100,-100,-100,-100,-100,-100,-100,-100,-100,-100,-100,-100,-100,-100,-100,-100,-100,-100,-100,-100,-100,-100,-100,-100,-100,-100,-100,-89.0,-100.0,-100,-100
73.6707,-84.4996710208206,-100,-100,-100,-100,-100,-100,-100,-100.0,-100,-100,-100.0,-100,-100,-100.0,-100,-100,-100,-100,-100,-100,-100,-100,-100,-100,-100,-100,-100,-100,-100,-100,-100,-100,-100,-100,-100,-100.0,-100.0,-100.0,-100,-100,-100,-100,-100,-100,-100.0,-100,-100,-100,-100,-100,-85.0,-100,-100,-100.0,-100,-100,-100.0,-100.0,-100.0,-100.0,-100,-100.0,-100.0,-80.24490330200862,-100,-100,-100,-100,-100,-100,-100,-100,-100,-100,-100,-100,-100,-100,-100,-100,-100,-100,-100,-100,-100,-100,-100,-100,-100,-100,-100,-100,-100,-100,-100,-100,-100,-100,-100,-100,-100,-100,-100,-100,-100,-100,-100,-100,-100,-100,-100,-100,-100,-100,-100,-100,-100,-100,-100,-100,-100,-100,-100,-100,-100,-100,-100,-71.17753970659156,-100,-100,-100,-100,-100,-100,-100,-88.0,-100,-100,-100.0,-100,-100,-100,-92.2507535296917,-100.0,-100,-100.0,-100,-86.59188399345625,-100,-86.02909052229094,-100.0,-100.0,-86.97708532492561,-100.0,-100.0,-79.03348204300308,-100,-100.0,-100.0,-100.0,-100,-100,-100,-100,-100,-100,-100,-100,-100,-100,-100,-100,-100,-100,-100,-100,-100,-100,-100,-100,-100,-100,-100,-100,-100,-100,-100,-100,-100,-100.0,-100.0,-100.0,-100.0,-100.0,-100,-100,-100,-100,-100,-100,-100,-100,-100,-100.0,-100,-100,-100,-100,-100,-100,-100,-100,-100,-100,-100,-100,-100,-100,-100,-100,-100,-100,-100,-100,-100,-100,-100,-100,-100,-100,-100,-100,-100.0,-100.0,-100,-100
75.6209,-85.77045454909755,-100,-100,-100,-100,-100,-100,-100,-100.0,-100,-100,-100.0,-100,-100,-100.0,-100,-100,-100,-100,-100,-100,-100,-100,-100,-100,-100,-100,-100,-100,-100,-100,-100,-100,-100,-100,-100,-100.0,-100.0,-100.0,-100,-100,-100,-100,-100,-100,-100.0,-100,-100,-100,-100,-100,-85.0,-100,-100,-87.0,-100,-100,-100.0,-100.0,-100.0,-100.0,-100,-100.0,-100.0,-79.89337286549548,-100,-100,-100,-100,-100,-100,-100,-100,-100,-100,-100,-100,-100,-100,-100,-100,-100,-100,-100,-100,-100,-100,-100,-100,-100,-100,-100,-100,-100,-100,-100,-100,-100,-100,-100,-100,-100,-100,-100,-100,-100,-100,-100,-100,-100,-100,-100,-100,-100,-100,-100,-100,-100,-100,-100,-100,-100,-100,-100,-100,-100,-100,-100,-71.12740680835292,-100,-100,-100,-100,-100,-100,-100,-100.0,-100,-100,-86.81640315160489,-100,-100,-100,-100.0,-85.0,-100,-100.0,-100,-86.98950173030303,-100,-100.0,-100.0,-100.0,-86.98355587220652,-100.0,-100.0,-80.15353031223859,-100,-100.0,-100.0,-100.0,-100,-100,-100,-100,-100,-100,-100,-100,-100,-100,-100,-100,-100,-100,-100,-100,-100,-100,-100,-100,-100,-100,-100,-100,-100,-100,-100,-100,-100,-100.0,-100.0,-100.0,-100.0,-100.0,-100,-100,-100,-100,-100,-100,-100,-100,-100,-100.0,-100,-100,-100,-100,-100,-100,-100,-100,-100,-100,-100,-100,-100,-100,-100,-100,-100,-100,-100,-100,-100,-100,-100,-100,-100,-100,-100,-100,-100.0,-100.0,-100,-100
77.6617,-86.1176483017136,-100,-100,-100,-100,-100,-100,-100,-100.0,-100,-100,-100.0,-100,-100,-100.0,-100,-100,-100,-100,-100,-100,-100,-100,-100,-100,-100,-100,-100,-100,-100,-100,-100,-100,-100,-100,-100,-100.0,-100.0,-100.0,-100,-100,-100,-100,-100,-100,-100.0,-100,-100,-100,-100,-100,-100.0,-100,-100,-100.0,-100,-100,-100.0,-100.0,-100.0,-100.0,-100,-100.0,-100.0,-78.79397899232171,-100,-100,-100,-100,-100,-100,-100,-100,-100,-100,-100,-100,-100,-100,-100,-100,-100,-100,-100,-100,-100,-100,-100,-100,-100,-100,-100,-100,-100,-100,-100,-100,-100,-100,-100,-100,-100,-100,-100,-100,-100,-100,-100,-100,-100,-100,-100,-100,-100,-100,-100,-100,-100,-100,-100,-100,-100,-100,-100,-100,-100,-100,-100,-69.96192743764759,-100,-100,-100,-100,-100,-100,-100,-86.8671875,-100,-100,-86.86673944935349,-100,-100,-100,-89.16616202108423,-83.8671875,-100,-100.0,-100,-87.83959327409666,-100,-87.15037884256174,-100.0,-100.0,-100.0,-100.0,-100.0,-79.26304999509095,-100,-100.0,-100.0,-100.0,-100,-100,-100,-100,-100,-100,-100,-100,-100,-100,-100,-100,-100,-100,-100,-100,-100,-100,-100,-100,-100,-100,-100,-100,-100,-100,-100,-100,-100,-100.0,-100.0,-100.0,-100.0,-100.0,-100,-100,-100,-100,-100,-100,-100,-100,-100,-100.0,-100,-100,-100,-100,-100,-100,-100,-100,-100,-100,-100,-100,-100,-100,-100,-100,-100,-100,-100,-100,-100,-100,-100,-100,-100,-100,-100,-100,-100.0,-100.0,-100,-100
79.618,-100.0,-100,-100,-100,-100,-100,-100,-100,-90.13931040092042,-100,-100,-100.0,-100,-100,-100.0,-100,-100,-100,-100,-100,-100,-100,-100,-100,-100,-100,-100,-100,-100,-100,-100,-100,-100,-100,-100,-100,-100.0,-100.0,-100.0,-100,-100,-100,-100,-100,-100,-100.0,-100,-100,-100,-100,-100,-100.0,-100,-100,-100.0,-100,-100,-100.0,-100.0,-100.0,-100.0,-100,-100.0,-100.0,-76.02839735651166,-100,-100,-100,-100,-100,-100,-100,-100,-100,-100,-100,-100,-100,-100,-100,-100,-100,-100,-100,-100,-100,-100,-100,-100,-100,-100,-100,-100,-100,-100,-100,-100,-100,-100,-100,-100,-100,-100,-100,-100,-100,-100,-100,-100,-100,-100,-100,-100,-100,-100,-100,-100,-100,-100,-100,-100,-100,-100,-100,-100,-100,-100,-100,-71.10218098845318,-100,-100,-100,-100,-100,-100,-100,-100.0,-100,-100,-100.0,-100,-100,-100,-100.0,-100.0,-100,-100.0,-100,-89.01439101892623,-100,-100.0,-100.0,-100.0,-100.0,-100.0,-100.0,-81.16540094247098,-100,-100.0,-100.0,-100.0,-100,-100,-100,-100,-100,-100,-100,-100,-100,-100,-100,-100,-100,-100,-100,-100,-100,-100,-100,-100,-100,-100,-100,-100,-100,-100,-100,-100,-100,-100.0,-100.0,-100.0,-100.0,-100.0,-100,-100,-100,-100,-100,-100,-100,-100,-100,-100.0,-100,-100,-100,-100,-100,-100,-100,-100,-100,-100,-100,-100,-100,-100,-100,-100,-100,-100,-100,-100,-100,-100,-100,-100,-100,-100,-100,-100,-100.0,-100.0,-100,-100
81.6768,-100.0,-100,-100,-100,-100,-100,-100,-100,-100.0,-100,-100,-100.0,-100,-100,-100.0,-100,-100,-100,-100,-100,-100,-100,-100,-100,-100,-100,-100,-100,-100,-100,-100,-100,-100,-100,-100,-100,-100.0,-100.0,-100.0,-100,-100,-100,-100,-100,-100,-100.0,-100,-100,-100,-100,-100,-100.0,-100,-100,-100.0,-100,-100,-88.57303496559047,-100.0,-100.0,-100.0,-100,-100.0,-100.0,-75.73800293707117,-100,-100,-100,-100,-100,-100,-100,-100,-100,-100,-100,-100,-100,-100,-100,-100,-100,-100,-100,-100,-100,-100,-100,-100,-100,-100,-100,-100,-100,-100,-100,-100,-100,-100,-100,-100,-100,-100,-100,-100,-100,-100,-100,-100,-100,-100,-100,-100,-100,-100,-100,-100,-100,-100,-100,-100,-100,-100,-100,-100,-100,-100,-100,-71.6380789529624,-100,-100,-100,-100,-100,-100,-100,-100.0,-100,-100,-100.0,-100,-100,-100,-100.0,-100.0,-100,-100.0,-100,-89.85745443311072,-100,-88.51979398796998,-100.0,-100.0,-88.11770207470944,-100.0,-100.0,-81.4010714323261,-100,-100.0,-100.0,-100.0,-100,-100,-100,-100,-100,-100,-100,-100,-100,-100,-100,-100,-100,-100,-100,-100,-100,-100,-100,-100,-100,-100,-100,-100,-100,-100,-100,-100,-100,-100.0,-100.0,-100.0,-100.0,-100.0,-100,-100,-100,-100,-100,-100,-100,-100,-100,-100.0,-100,-100,-100,-100,-100,-100,-100,-100,-100,-100,-100,-100,-100,-100,-100,-100,-100,-100,-100,-100,-100,-100,-100,-100,-100,-100,-100,-100,-100.0,-100.0,-100,-100
83.8214,-86.08442728061914,-100,-100,-100,-100,-100,-100,-100,-100.0,-100,-100,-100.0,-100,-100,-100.0,-100,-100,-100,-100,-100,-100,-100,-100,-100,-100,-100,-100,-100,-100,-100,-100,-100,-100,-100,-100,-100,-100.0,-100.0,-100.0,-100,-100,-100,-100,-100,-100,-100.0,-100,-100,-100,-100,-100,-100.0,-100,-100,-100.0,-100,-100,-89.54072650760553,-100.0,-100.0,-100.0,-100,-100.0,-100.0,-77.22386302073656,-100,-100,-100,-100,-100,-100,-100,-100,-100,-100,-100,-100,-100,-100,-100,-100,-100,-100,-100,-100,-100,-100,-100,-100,-100,-100,-100,-100,-100,-100,-100,-100,-100,-100,-100,-100,-100,-100,-100,-100,-100,-100,-100,-100,-100,-100,-100,-100,-100,-100,-100,-100,-100,-100,-100,-100,-100,-100,-100,-100,-100,-100,-100,-72.86977944507284,-100,-100,-100,-100,-100,-100,-100,-100.0,-100,-100,-100.0,-100,-100,-100,-100.0,-100.0,-100,-100.0,-100,-90.46245722896828,-100,-89.7848952770912,-100.0,-100.0,-89.49634434753659,-100.0,-100.0,-82.41732139193206,-100,-100.0,-100.0,-100.0,-100,-100,-100,-100,-100,-100,-100,-100,-100,-100,-100,-100,-100,-100,-100,-100,-100,-100,-100,-100,-100,-100,-100,-100,-100,-100,-100,-100,-100,-100.0,-100.0,-100.0,-100.0,-100.0,-100,-100,-100,-100,-100,-100,-100,-100,-100,-100.0,-100,-100,-100,-100,-100,-100,-100,-100,-100,-100,-100,-100,-100,-100,-100,-100,-100,-100,-100,-100,-100,-100,-100,-100,-100,-100,-100,-100,-100.0,-100.0,-100,-100
85.7046,-86.0605870684822,-100,-100,-100,-100,-100,-100,-100,-100.0,-100,-100,-100.0,-100,-100,-100.0,-100,-100,-100,-100,-100,-100,-100,-100,-100,-100,-100,-100,-100,-100,-100,-100,-100,-100,-100,-100,-100,-100.0,-100.0,-100.0,-100,-100,-100,-100,-100,-100,-100.0,-100,-100,-100,-100,-100,-100.0,-100,-100,-100.0,-100,-100,-89.38803849133993,-100.0,-100.0,-100.0,-100,-100.0,-100.0,-76.3135224560361,-100,-100,-100,-100,-100,-100,-100,-100,-100,-100,-100,-100,-100,-100,-100,-100,-100,-100,-100,-100,-100,-100,-100,-100,-100,-100,-100,-100,-100,-100,-100,-100,-100,-100,-100,-100,-100,-100,-100,-100,-100,-100,-100,-100,-100,-100,-100,-100,-100,-100,-100,-100,-100,-100,-100,-100,-100,-100,-100,-100,-100,-100,-100,-74.31842904555845,-100,-100,-100,-100,-100,-100,-100,-88.66774821544452,-100,-100,-100.0,-100,-100,-100,-90.51056634197383,-100.0,-100,-100.0,-100,-90.04949485090884,-100,-100.0,-100.0,-100.0,-100.0,-100.0,-100.0,-83.99373415013855,-100,-100.0,-100.0,-100.0,-100,-100,-100,-100,-100,-100,-100,-100,-100,-100,-100,-100,-100,-100,-100,-100,-100,-100,-100,-100,-100,-100,-100,-100,-100,-100,-100,-100,-100,-100.0,-100.0,-100.0,-100.0,-100.0,-100,-100,-100,-100,-100,-100,-100,-100,-100,-100.0,-100,-100,-100,-100,-100,-100,-100,-100,-100,-100,-100,-100,-100,-100,-100,-100,-100,-100,-100,-100,-100,-100,-100,-100,-100,-100,-100,-100,-100.0,-100.0,-100,-100
87.6768,-85.19635166446125,-100,-100,-100,-100,-100,-100,-100,-100.0,-100,-100,-100.0,-100,-100,-100.0,-100,-100,-100,-100,-100,-100,-100,-100,-100,-100,-100,-100,-100,-100,-100,-100,-100,-100,-100,-100,-100,-100.0,-100.0,-100.0,-100,-100,-100,-100,-100,-100,-100.0,-100,-100,-100,-100,-100,-100.0,-100,-100,-100.0,-100,-100,-87.01946034498833,-100.0,-100.0,-100.0,-100,-100.0,-100.0,-73.9659857652402,-100,-100,-100,-100,-100,-100,-100,-100,-100,-100,-100,-100,-100,-100,-100,-100,-100,-100,-100,-100,-100,-100,-100,-100,-100,-100,-100,-100,-100,-100,-100,-100,-100,-100,-100,-100,-100,-100,-100,-100,-100,-100,-100,-100,-100,-100,-100,-100,-100,-100,-100,-100,-100,-100,-100,-100,-100,-100,-100,-100,-100,-100,-100,-76.7698936873003,-100,-100,-100,-100,-100,-100,-100,-89.55618423139971,-100,-100,-100.0,-100,-100,-100,-100.0,-100.0,-100,-100.0,-100,-100.0,-100,-100.0,-100.0,-100.0,-100.0,-100.0,-100.0,-84.27787916998234,-100,-100.0,-100.0,-100.0,-100,-100,-100,-100,-100,-100,-100,-100,-100,-100,-100,-100,-100,-100,-100,-100,-100,-100,-100,-100,-100,-100,-100,-100,-100,-100,-100,-100,-100,-100.0,-100.0,-100.0,-100.0,-100.0,-100,-100,-100,-100,-100,-100,-100,-100,-100,-100.0,-100,-100,-100,-100,-100,-100,-100,-100,-100,-100,-100,-100,-100,-100,-100,-100,-100,-100,-100,-100,-100,-100,-100,-100,-100,-100,-100,-100,-100.0,-100.0,-100,-100
89.6738,-82.88190115750322,-100,-100,-100,-100,-100,-100,-100,-89.81759683558069,-100,-100,-92.0,-100,-100,-100.0,-100,-100,-100,-100,-100,-100,-100,-100,-100,-100,-100,-100,-100,-100,-100,-100,-100,-100,-100,-100,-100,-100.0,-100.0,-100.0,-100,-100,-100,-100,-100,-100,-100.0,-100,-100,-100,-100,-100,-87.52433484750162,-100,-100,-100.0,-100,-100,-84.75495967792477,-100.0,-100.0,-100.0,-100,-100.0,-100.0,-69.17520372428864,-100,-100,-100,-100,-100,-100,-100,-100,-100,-100,-100,-100,-100,-100,-100,-100,-100,-100,-100,-100,-100,-100,-100,-100,-100,-100,-100,-100,-100,-100,-100,-100,-100,-100,-100,-100,-100,-100,-100,-100,-100,-100,-100,-100,-100,-100,-100,-100,-100,-100,-100,-100,-100,-100,-100,-100,-100,-100,-100,-100,-100,-100,-100,-77.68199720591521,-100,-100,-100,-100,-100,-100,-100,-100.0,-100,-100,-100.0,-100,-100,-100,-100.0,-100.0,-100,-100.0,-100,-100.0,-100,-100.0,-100.0,-100.0,-100.0,-100.0,-100.0,-100.0,-100,-100.0,-100.0,-100.0,-100,-100,-100,-100,-100,-100,-100,-100,-100,-100,-100,-100,-100,-100,-100,-100,-100,-100,-100,-100,-100,-100,-100,-100,-100,-100,-100,-100,-100,-100.0,-100.0,-100.0,-100.0,-100.0,-100,-100,-100,-100,-100,-100,-100,-100,-100,-100.0,-100,-100,-100,-100,-100,-100,-100,-100,-100,-100,-100,-100,-100,-100,-100,-100,-100,-100,-100,-100,-100,-100,-100,-100,-100,-100,-100,-100,-100.0,-100.0,-100,-100
91.6458,-82.35049800810994,-100,-100,-100,-100,-100,-100,-100,-88.45722458031777,-100,-100,-89.9609375,-100,-100,-100.0,-100,-100,-100,-100,-100,-100,-100,-100,-100,-100,-100,-100,-100,-100,-100,-100,-100,-100,-100,-100,-100,-100.0,-100.0,-100.0,-100,-100,-100,-100,-100,-100,-91.52137496244845,-100,-100,-100,-100,-100,-100.0,-100,-100,-100.0,-100,-100,-83.12989894392653,-100.0,-100.0,-100.0,-100,-100.0,-100.0,-68.27860336229547,-100,-100,-100,-100,-100,-100,-100,-100,-100,-100,-100,-100,-100,-100,-100,-100,-100,-100,-100,-100,-100,-100,-100,-100,-100,-100,-100,-100,-100,-100,-100,-100,-100,-100,-100,-100,-100,-100,-100,-100,-100,-100,-100,-100,-100,-100,-100,-100,-100,-100,-100,-100,-100,-100,-100,-100,-100,-100,-100,-100,-100,-100,-100,-80.03079903528678,-100,-100,-100,-100,-100,-100,-100,-100.0,-100,-100,-100.0,-100,-100,-100,-100.0,-100.0,-100,-100.0,-100,-100.0,-100,-100.0,-100.0,-100.0,-100.0,-100.0,-100.0,-100.0,-100,-100.0,-100.0,-100.0,-100,-100,-100,-100,-100,-100,-100,-100,-100,-100,-100,-100,-100,-100,-100,-100,-100,-100,-100,-100,-100,-100,-100,-100,-100,-100,-100,-100,-100,-100.0,-100.0,-100.0,-100.0,-100.0,-100,-100,-100,-100,-100,-100,-100,-100,-100,-87.0,-100,-100,-100,-100,-100,-100,-100,-100,-100,-100,-100,-100,-100,-100,-100,-100,-100,-100,-100,-100,-100,-100,-100,-100,-100,-100,-100,-100,-100.0,-100.0,-100,-100
93.6444,-80.27489601618512,-100,-100,-100,-100,-100,-100,-100,-86.91623699335281,-100,-100,-88.70863075924724,-100,-100,-100.0,-100,-100,-100,-100,-100,-100,-100,-100,-100,-100,-100,-100,-100,-100,-100,-100,-100,-100,-100,-100,-100,-91.640625,-100.0,-100.0,-100,-100,-100,-100,-100,-100,-89.67996826070892,-100,-100,-100,-100,-100,-88.18439003754429,-100,-100,-100.0,-100,-100,-81.11658877348823,-100.0,-100.0,-100.0,-100,-100.0,-100.0,-66.78805406328541,-100,-100,-100,-100,-100,-100,-100,-100,-100,-100,-100,-100,-100,-100,-100,-100,-100,-100,-100,-100,-100,-100,-100,-100,-100,-100,-100,-100,-100,-100,-100,-100,-100,-100,-100,-100,-100,-100,-100,-100,-100,-100,-100,-100,-100,-100,-100,-100,-100,-100,-100,-100,-100,-100,-100,-100,-100,-100,-100,-100,-100,-100,-100,-82.28110770527898,-100,-100,-100,-100,-100,-100,-100,-100.0,-100,-100,-100.0,-100,-100,-100,-100.0,-100.0,-100,-100.0,-100,-100.0,-100,-100.0,-100.0,-100.0,-100.0,-100.0,-100.0,-100.0,-100,-100.0,-100.0,-100.0,-100,-100,-100,-100,-100,-100,-100,-100,-100,-100,-100,-100,-100,-100,-100,-100,-100,-100,-100,-100,-100,-100,-100,-100,-100,-100,-100,-100,-100,-100.0,-100.0,-100.0,-100.0,-100.0,-100,-100,-100,-100,-100,-100,-100,-100,-100,-85.4140625,-100,-100,-100,-100,-100,-100,-100,-100,-100,-100,-100,-100,-100,-100,-100,-100,-100,-100,-100,-100,-100,-100,-100,-100,-100,-100,-100,-100,-100.0,-100.0,-100,-100
95.6502,-76.80876370872028,-100,-100,-100,-100,-100,-100,-100,-85.245635455477,-100,-100,-100.0,-100,-100,-100.0,-100,-100,-100,-100,-100,-100,-100,-100,-100,-100,-100,-100,-100,-100,-100,-100,-100,-100,-100,-100,-100,-89.20700843608047,-88.0,-100.0,-100,-100,-100,-100,-100,-100,-86.66426474759024,-100,-100,-100,-100,-100,-100.0,-100,-100,-100.0,-100,-100,-77.41278289454962,-88.0,-100.0,-88.4140625,-100,-100.0,-100.0,-62.32989130666382,-100,-100,-100,-100,-100,-100,-100,-100,-100,-100,-100,-100,-100,-100,-100,-100,-100,-100,-100,-100,-100,-100,-100,-100,-100,-100,-100,-100,-100,-100,-100,-100,-100,-100,-100,-100,-100,-100,-100,-100,-100,-100,-100,-100,-100,-100,-100,-100,-100,-100,-100,-100,-100,-100,-100,-100,-100,-100,-100,-100,-100,-100,-100,-100.0,-100,-100,-100,-100,-100,-100,-100,-100.0,-100,-100,-100.0,-100,-100,-100,-100.0,-100.0,-100,-100.0,-100,-100.0,-100,-100.0,-100.0,-100.0,-100.0,-100.0,-100.0,-100.0,-100,-100.0,-100.0,-100.0,-100,-100,-100,-100,-100,-100,-100,-100,-100,-100,-100,-100,-100,-100,-100,-100,-100,-100,-100,-100,-100,-100,-100,-100,-100,-100,-100,-100,-100,-100.0,-100.0,-100.0,-100.0,-100.0,-100,-100,-100,-100,-100,-100,-100,-100,-100,-83.03763789746918,-100,-100,-100,-100,-100,-100,-100,-100,-100,-100,-100,-100,-100,-100,-100,-100,-100,-100,-100,-100,-100,-100,-100,-100,-100,-100,-100,-100,-100.0,-100.0,-100,-100
97.6659,-74.60375862057393,-100,-100,-100,-100,-100,-100,-100,-84.32914688480597,-100,-100,-84.7870551530855,-100,-100,-100.0,-100,-100,-100,-100,-100,-100,-100,-100,-100,-100,-100,-100,-100,-100,-100,-100,-100,-100,-100,-100,-100,-88.61858177780128,-100.0,-100.0,-100,-100,-100,-100,-100,-100,-81.95872956910893,-100,-100,-100,-100,-100,-87.85966872505203,-100,-100,-100.0,-100,-100,-74.47246607885303,-100.0,-100.0,-87.29980532121999,-100,-100.0,-100.0,-59.97773245027673,-100,-100,-100,-100,-100,-100,-100,-100,-100,-100,-100,-100,-100,-100,-100,-100,-100,-100,-100,-100,-100,-100,-100,-100,-100,-100,-100,-100,-100,-100,-100,-100,-100,-100,-100,-100,-100,-100,-100,-100,-100,-100,-100,-100,-100,-100,-100,-100,-100,-100,-100,-100,-100,-100,-100,-100,-100,-100,-100,-100,-100,-100,-100,-100.0,-100,-100,-100,-100,-100,-100,-100,-100.0,-100,-100,-100.0,-100,-100,-100,-100.0,-100.0,-100,-100.0,-100,-100.0,-100,-100.0,-100.0,-100.0,-100.0,-100.0,-100.0,-100.0,-100,-100.0,-100.0,-100.0,-100,-100,-100,-100,-100,-100,-100,-100,-100,-100,-100,-100,-100,-100,-100,-100,-100,-100,-100,-100,-100,-100,-100,-100,-100,-100,-100,-100,-100,-100.0,-100.0,-100.0,-100.0,-100.0,-100,-100,-100,-100,-100,-100,-100,-100,-100,-81.16128179366507,-100,-100,-100,-100,-100,-100,-100,-100,-100,-100,-100,-100,-100,-100,-100,-100,-100,-100,-100,-100,-100,-100,-100,-100,-100,-100,-100,-100,-100.0,-100.0,-100,-100
99.6428,-71.89189059464724,-100,-100,-100,-100,-100,-100,-100,-82.5419496277624,-100,-100,-100.0,-100,-100,-87.67407224102688,-100,-100,-100,-100,-100,-100,-100,-100,-100,-100,-100,-100,-100,-100,-100,-100,-100,-100,-100,-100,-100,-87.90065163249292,-100.0,-100.0,-100,-100,-100,-100,-100,-100,-81.97038327431218,-100,-100,-100,-100,-100,-87.34245100276007,-100,-100,-100.0,-100,-100,-71.79767187709263,-100.0,-100.0,-86.68663740680027,-100,-100.0,-100.0,-56.87788760772644,-100,-100,-100,-100,-100,-100,-100,-100,-100,-100,-100,-100,-100,-100,-100,-100,-100,-100,-100,-100,-100,-100,-100,-100,-100,-100,-100,-100,-100,-100,-100,-100,-100,-100,-100,-100,-100,-100,-100,-100,-100,-100,-100,-100,-100,-100,-100,-100,-100,-100,-100,-100,-100,-100,-100,-100,-100,-100,-100,-100,-100,-100,-100,-100.0,-100,-100,-100,-100,-100,-100,-100,-100.0,-100,-100,-100.0,-100,-100,-100,-100.0,-100.0,-100,-100.0,-100,-100.0,-100,-100.0,-100.0,-100.0,-100.0,-100.0,-100.0,-100.0,-100,-100.0,-100.0,-100.0,-100,-100,-100,-100,-100,-100,-100,-100,-100,-100,-100,-100,-100,-100,-100,-100,-100,-100,-100,-100,-100,-100,-100,-100,-100,-100,-100,-100,-100,-100.0,-100.0,-100.0,-100.0,-100.0,-100,-100,-100,-100,-100,-100,-100,-100,-100,-81.66539865579476,-100,-100,-100,-100,-100,-100,-100,-100,-100,-100,-100,-100,-100,-100,-100,-100,-100,-100,-100,-100,-100,-100,-100,-100,-100,-100,-100,-100,-100.0,-100.0,-100,-100
101.6635,-71.92241806324168,-100,-100,-100,-100,-100,-100,-100,-82.95366761655909,-100,-100,-82.65209733547132,-100,-100,-100.0,-100,-100,-100,-100,-100,-100,-100,-100,-100,-100,-100,-100,-100,-100,-100,-100,-100,-100,-100,-100,-100,-87.37203559728967,-100.0,-100.0,-100,-100,-100,-100,-100,-100,-82.26112122448264,-100,-100,-100,-100,-100,-87.80686178615257,-100,-100,-100.0,-100,-100,-73.26668290191508,-88.453125,-100.0,-87.04671880863839,-100,-100.0,-100.0,-55.78286639498979,-100,-100,-100,-100,-100,-100,-100,-100,-100,-100,-100,-100,-100,-100,-100,-100,-100,-100,-100,-100,-100,-100,-100,-100,-100,-100,-100,-100,-100,-100,-100,-100,-100,-100,-100,-100,-100,-100,-100,-100,-100,-100,-100,-100,-100,-100,-100,-100,-100,-100,-100,-100,-100,-100,-100,-100,-100,-100,-100,-100,-100,-100,-100,-100.0,-100,-100,-100,-100,-100,-100,-100,-100.0,-100,-100,-100.0,-100,-100,-100,-100.0,-100.0,-100,-100.0,-100,-100.0,-100,-100.0,-100.0,-100.0,-100.0,-100.0,-100.0,-100.0,-100,-100.0,-100.0,-100.0,-100,-100,-100,-100,-100,-100,-100,-100,-100,-100,-100,-100,-100,-100,-100,-100,-100,-100,-100,-100,-100,-100,-100,-100,-100,-100,-100,-100,-100,-100.0,-100.0,-100.0,-100.0,-100.0,-100,-100,-100,-100,-100,-100,-100,-100,-100,-100.0,-100,-100,-100,-100,-100,-100,-100,-100,-100,-100,-100,-100,-100,-100,-100,-100,-100,-100,-100,-100,-100,-100,-100,-100,-100,-100,-100,-100,-100.0,-100.0,-100,-100
103.6621,-72.22670101276842,-100,-100,-100,-100,-100,-100,-100,-100.0,-100,-100,-81.08011579346676,-100,-100,-87.48378442082758,-100,-100,-100,-100,-100,-100,-100,-100,-100,-100,-100,-100,-100,-100,-100,-100,-100,-100,-100,-100,-100,-100.0,-100.0,-100.0,-100,-100,-100,-100,-100,-100,-82.46976234130446,-100,-100,-100,-100,-100,-100.0,-100,-100,-84.5078125,-100,-100,-74.60325661230736,-100.0,-90.91693705386113,-100.0,-100,-100.0,-89.640625,-56.40893104011262,-100,-100,-100,-100,-100,-100,-100,-100,-100,-100,-100,-100,-100,-100,-100,-100,-100,-100,-100,-100,-100,-100,-100,-100,-100,-100,-100,-100,-100,-100,-100,-100,-100,-100,-100,-100,-100,-100,-100,-100,-100,-100,-100,-100,-100,-100,-100,-100,-100,-100,-100,-100,-100,-100,-100,-100,-100,-100,-100,-100,-100,-100,-100,-100.0,-100,-100,-100,-100,-100,-100,-100,-100.0,-100,-100,-100.0,-100,-100,-100,-100.0,-100.0,-100,-100.0,-100,-100.0,-100,-100.0,-100.0,-100.0,-100.0,-100.0,-100.0,-100.0,-100,-100.0,-100.0,-100.0,-100,-100,-100,-100,-100,-100,-100,-100,-100,-100,-100,-100,-100,-100,-100,-100,-100,-100,-100,-100,-100,-100,-100,-100,-100,-100,-100,-100,-100,-100.0,-100.0,-100.0,-100.0,-100.0,-100,-100,-100,-100,-100,-100,-100,-100,-100,-83.7053242350472,-100,-100,-100,-100,-100,-100,-100,-100,-100,-100,-100,-100,-100,-100,-100,-100,-100,-100,-100,-100,-100,-100,-100,-100,-100,-100,-100,-100,-100.0,-100.0,-100,-100
105.6815,-71.03318337196437,-100,-100,-100,-100,-100,-100,-100,-83.24912645169451,-100,-100,-80.21713135622514,-100,-100,-100.0,-100,-100,-100,-100,-100,-100,-100,-100,-100,-100,-100,-100,-100,-100,-100,-100,-100,-100,-100,-100,-100,-100.0,-88.6796875,-100.0,-100,-100,-100,-100,-100,-100,-84.31374141808512,-100,-100,-100,-100,-100,-88.70490878511134,-100,-100,-100.0,-100,-100,-74.71528730258368,-100.0,-100.0,-86.47747804757411,-100,-100.0,-89.73134328358209,-57.42296163750332,-100,-100,-100,-100,-100,-100,-100,-100,-100,-100,-100,-100,-100,-100,-100,-100,-100,-100,-100,-100,-100,-100,-100,-100,-100,-100,-100,-100,-100,-100,-100,-100,-100,-100,-100,-100,-100,-100,-100,-100,-100,-100,-100,-100,-100,-100,-100,-100,-100,-100,-100,-100,-100,-100,-100,-100,-100,-100,-100,-100,-100,-100,-100,-100.0,-100,-100,-100,-100,-100,-100,-100,-100.0,-100,-100,-100.0,-100,-100,-100,-100.0,-100.0,-100,-100.0,-100,-100.0,-100,-100.0,-100.0,-100.0,-100.0,-100.0,-100.0,-100.0,-100,-100.0,-100.0,-100.0,-100,-100,-100,-100,-100,-100,-100,-100,-100,-100,-100,-100,-100,-100,-100,-100,-100,-100,-100,-100,-100,-100,-100,-100,-100,-100,-100,-100,-100,-100.0,-100.0,-100.0,-100.0,-100.0,-100,-100,-100,-100,-100,-100,-100,-100,-100,-100.0,-100,-100,-100,-100,-100,-100,-100,-100,-100,-100,-100,-100,-100,-100,-100,-100,-100,-100,-100,-100,-100,-100,-100,-100,-100,-100,-100,-100,-100.0,-100.0,-100,-100
107.6467,-69.89431040969535,-100,-100,-100,-100,-100,-100,-100,-83.46115489259387,-100,-100,-78.46860818476392,-100,-100,-88.47653371368115,-100,-100,-100,-100,-100,-100,-100,-100,-100,-100,-100,-100,-100,-100,-100,-100,-100,-100,-100,-100,-100,-87.54797817315978,-100.0,-100.0,-100,-100,-100,-100,-100,-100,-100.0,-100,-100,-100,-100,-100,-88.50627128676668,-100,-100,-100.0,-100,-100,-73.10142907200216,-89.34847501622323,-100.0,-85.5031609643426,-100,-100.0,-100.0,-57.86827894293337,-100,-100,-100,-100,-100,-100,-100,-100,-100,-100,-100,-100,-100,-100,-100,-100,-100,-100,-100,-100,-100,-100,-100,-100,-100,-100,-100,-100,-100,-100,-100,-100,-100,-100,-100,-100,-100,-100,-100,-100,-100,-100,-100,-100,-100,-100,-100,-100,-100,-100,-100,-100,-100,-100,-100,-100,-100,-100,-100,-100,-100,-100,-100,-100.0,-100,-100,-100,-100,-100,-100,-100,-100.0,-100,-100,-100.0,-100,-100,-100,-100.0,-100.0,-100,-100.0,-100,-100.0,-100,-100.0,-100.0,-100.0,-100.0,-100.0,-100.0,-100.0,-100,-100.0,-100.0,-100.0,-100,-100,-100,-100,-100,-100,-100,-100,-100,-100,-100,-100,-100,-100,-100,-100,-100,-100,-100,-100,-100,-100,-100,-100,-100,-100,-100,-100,-100,-100.0,-100.0,-100.0,-100.0,-100.0,-100,-100,-100,-100,-100,-100,-100,-100,-100,-100.0,-100,-100,-100,-100,-100,-100,-100,-100,-100,-100,-100,-100,-100,-100,-100,-100,-100,-100,-100,-100,-100,-100,-100,-100,-100,-100,-100,-100,-100.0,-100.0,-100,-100
109.6518,-71.33603306196947,-100,-100,-100,-100,-100,-100,-100,-82.48380887040918,-100,-100,-76.64580759732283,-100,-100,-87.77727320639723,-100,-100,-100,-100,-100,-100,-100,-100,-100,-100,-100,-100,-100,-100,-100,-100,-100,-100,-100,-100,-100,-85.98764948864233,-100.0,-100.0,-100,-100,-100,-100,-100,-100,-85.35465086521286,-100,-100,-100,-100,-100,-88.08139002431814,-100,-100,-100.0,-100,-100,-70.81378239820685,-100.0,-100.0,-84.51792231189268,-100,-100.0,-100.0,-58.18784946424491,-100,-100,-100,-100,-100,-100,-100,-100,-100,-100,-100,-100,-100,-100,-100,-100,-100,-100,-100,-100,-100,-100,-100,-100,-100,-100,-100,-100,-100,-100,-100,-100,-100,-100,-100,-100,-100,-100,-100,-100,-100,-100,-100,-100,-100,-100,-100,-100,-100,-100,-100,-100,-100,-100,-100,-100,-100,-100,-100,-100,-100,-100,-100,-100.0,-100,-100,-100,-100,-100,-100,-100,-100.0,-100,-100,-100.0,-100,-100,-100,-100.0,-100.0,-100,-100.0,-100,-100.0,-100,-100.0,-100.0,-100.0,-100.0,-100.0,-100.0,-100.0,-100,-100.0,-100.0,-100.0,-100,-100,-100,-100,-100,-100,-100,-100,-100,-100,-100,-100,-100,-100,-100,-100,-100,-100,-100,-100,-100,-100,-100,-100,-100,-100,-100,-100,-100,-100.0,-100.0,-100.0,-100.0,-100.0,-100,-100,-100,-100,-100,-100,-100,-100,-100,-100.0,-100,-100,-100,-100,-100,-100,-100,-100,-100,-100,-100,-100,-100,-100,-100,-100,-100,-100,-100,-100,-100,-100,-100,-100,-100,-100,-100,-100,-100.0,-100.0,-100,-100
111.6512,-72.08827258055696,-100,-100,-100,-100,-100,-100,-100,-100.0,-100,-100,-75.33534206937621,-100,-100,-88.96962259009771,-100,-100,-100,-100,-100,-100,-100,-100,-100,-100,-100,-100,-100,-100,-100,-100,-100,-100,-100,-100,-100,-87.40008864024892,-89.51784555483452,-100.0,-100,-100,-100,-100,-100,-100,-100.0,-100,-100,-100,-100,-100,-88.34064080841964,-100,-100,-100.0,-100,-100,-71.14874141926906,-100.0,-90.93908307334355,-86.06272671878449,-100,-100.0,-100.0,-60.676186606160655,-100,-100,-100,-100,-100,-100,-100,-100,-100,-100,-100,-100,-100,-100,-100,-100,-100,-100,-100,-100,-100,-100,-100,-100,-100,-100,-100,-100,-100,-100,-100,-100,-100,-100,-100,-100,-100,-100,-100,-100,-100,-100,-100,-100,-100,-100,-100,-100,-100,-100,-100,-100,-100,-100,-100,-100,-100,-100,-100,-100,-100,-100,-100,-100.0,-100,-100,-100,-100,-100,-100,-100,-100.0,-100,-100,-100.0,-100,-100,-100,-100.0,-100.0,-100,-100.0,-100,-100.0,-100,-100.0,-100.0,-100.0,-100.0,-100.0,-100.0,-100.0,-100,-100.0,-100.0,-100.0,-100,-100,-100,-100,-100,-100,-100,-100,-100,-100,-100,-100,-100,-100,-100,-100,-100,-100,-100,-100,-100,-100,-100,-100,-100,-100,-100,-100,-100,-100.0,-100.0,-100.0,-100.0,-100.0,-100,-100,-100,-100,-100,-100,-100,-100,-100,-100.0,-100,-100,-100,-100,-100,-100,-100,-100,-100,-100,-100,-100,-100,-100,-100,-100,-100,-100,-100,-100,-100,-100,-100,-100,-100,-100,-100,-100,-100.0,-100.0,-100,-100
113.6588,-74.60472781432232,-100,-100,-100,-100,-100,-100,-100,-82.34719300383588,-100,-100,-78.06290895076916,-100,-100,-100.0,-100,-100,-100,-100,-100,-100,-100,-100,-100,-100,-100,-100,-100,-100,-100,-100,-100,-100,-100,-100,-100,-100.0,-100.0,-100.0,-100,-100,-100,-100,-100,-100,-86.10163302597941,-100,-100,-100,-100,-100,-89.09136696637844,-100,-100,-100.0,-100,-100,-70.54198906520742,-90.05541748188885,-100.0,-87.45540738873157,-100,-100.0,-100.0,-60.767623638661505,-100,-100,-100,-100,-100,-100,-100,-100,-100,-100,-100,-100,-100,-100,-100,-100,-100,-100,-100,-100,-100,-100,-100,-100,-100,-100,-100,-100,-100,-100,-100,-100,-100,-100,-100,-100,-100,-100,-100,-100,-100,-100,-100,-100,-100,-100,-100,-100,-100,-100,-100,-100,-100,-100,-100,-100,-100,-100,-100,-100,-100,-100,-100,-84.46073529033538,-100,-100,-100,-100,-100,-100,-100,-100.0,-100,-100,-100.0,-100,-100,-100,-100.0,-100.0,-100,-100.0,-100,-100.0,-100,-100.0,-100.0,-100.0,-100.0,-100.0,-100.0,-100.0,-100,-100.0,-100.0,-100.0,-100,-100,-100,-100,-100,-100,-100,-100,-100,-100,-100,-100,-100,-100,-100,-100,-100,-100,-100,-100,-100,-100,-100,-100,-100,-100,-100,-100,-100,-100.0,-100.0,-100.0,-100.0,-100.0,-100,-100,-100,-100,-100,-100,-100,-100,-100,-100.0,-100,-100,-100,-100,-100,-100,-100,-100,-100,-100,-100,-100,-100,-100,-100,-100,-100,-100,-100,-100,-100,-100,-100,-100,-100,-100,-100,-100,-100.0,-100.0,-100,-100
115.6382,-75.28109446516832,-100,-100,-100,-100,-100,-100,-100,-100.0,-100,-100,-80.86810886821343,-100,-100,-100.0,-100,-100,-100,-100,-100,-100,-100,-100,-100,-100,-100,-100,-100,-100,-100,-100,-100,-100,-100,-100,-100,-100.0,-100.0,-100.0,-100,-100,-100,-100,-100,-100,-87.4848126741086,-100,-100,-100,-100,-100,-100.0,-100,-100,-100.0,-100,-100,-73.21270148689624,-100.0,-100.0,-100.0,-100,-100.0,-100.0,-62.245119556096476,-100,-100,-100,-100,-100,-100,-100,-100,-100,-100,-100,-100,-100,-100,-100,-100,-100,-100,-100,-100,-100,-100,-100,-100,-100,-100,-100,-100,-100,-100,-100,-100,-100,-100,-100,-100,-100,-100,-100,-100,-100,-100,-100,-100,-100,-100,-100,-100,-100,-100,-100,-100,-100,-100,-100,-100,-100,-100,-100,-100,-100,-100,-100,-85.17776193037938,-100,-100,-100,-100,-100,-100,-100,-100.0,-100,-100,-100.0,-100,-100,-100,-100.0,-100.0,-100,-100.0,-100,-100.0,-100,-100.0,-100.0,-100.0,-100.0,-96.0,-100.0,-85.89366702268424,-100,-100.0,-100.0,-100.0,-100,-100,-100,-100,-100,-100,-100,-100,-100,-100,-100,-100,-100,-100,-100,-100,-100,-100,-100,-100,-100,-100,-100,-100,-100,-100,-100,-100,-100,-100.0,-100.0,-100.0,-100.0,-100.0,-100,-100,-100,-100,-100,-100,-100,-100,-100,-100.0,-100,-100,-100,-100,-100,-100,-100,-100,-100,-100,-100,-100,-100,-100,-100,-100,-100,-100,-100,-100,-100,-100,-100,-100,-100,-100,-100,-100,-100.0,-100.0,-100,-100
117.7038,-77.74310148503788,-100,-100,-100,-100,-100,-100,-100,-100.0,-100,-100,-84.29336140773275,-100,-100,-100.0,-100,-100,-100,-100,-100,-100,-100,-100,-100,-100,-100,-100,-100,-100,-100,-100,-100,-100,-100,-100,-100,-100.0,-100.0,-100.0,-100,-100,-100,-100,-100,-100,-100.0,-100,-100,-100,-100,-100,-100.0,-100,-100,-100.0,-100,-100,-78.23540228675851,-100.0,-100.0,-100.0,-100,-100.0,-100.0,-63.8701579275753,-100,-100,-100,-100,-100,-100,-100,-100,-100,-100,-100,-100,-100,-100,-100,-100,-100,-100,-100,-100,-100,-100,-100,-100,-100,-100,-100,-100,-100,-100,-100,-100,-100,-100,-100,-100,-100,-100,-100,-100,-100,-100,-100,-100,-100,-100,-100,-100,-100,-100,-100,-100,-100,-100,-100,-100,-100,-100,-100,-100,-100,-100,-100,-83.71568780090512,-100,-100,-100,-100,-100,-100,-100,-100.0,-100,-100,-100.0,-100,-100,-100,-100.0,-100.0,-100,-100.0,-100,-100.0,-100,-100.0,-100.0,-100.0,-100.0,-100.0,-100.0,-85.35894147891993,-100,-100.0,-100.0,-100.0,-100,-100,-100,-100,-100,-100,-100,-100,-100,-100,-100,-100,-100,-100,-100,-100,-100,-100,-100,-100,-100,-100,-100,-100,-100,-100,-100,-100,-100,-100.0,-100.0,-100.0,-100.0,-100.0,-100,-100,-100,-100,-100,-100,-100,-100,-100,-100.0,-100,-100,-100,-100,-100,-100,-100,-100,-100,-100,-100,-100,-100,-100,-100,-100,-100,-100,-100,-100,-100,-100,-100,-100,-100,-100,-100,-100,-100.0,-100.0,-100,-100
119.6598,-80.92177603943894,-100,-100,-100,-100,-100,-100,-100,-100.0,-100,-100,-87.03407476388631,-100,-100,-100.0,-100,-100,-100,-100,-100,-100,-100,-100,-100,-100,-100,-100,-100,-100,-100,-100,-100,-100,-100,-100,-100,-100.0,-100.0,-100.0,-100,-100,-100,-100,-100,-100,-100.0,-100,-100,-100,-100,-100,-100.0,-100,-100,-100.0,-100,-100,-100.0,-100.0,-100.0,-100.0,-100,-100.0,-100.0,-67.01295483056735,-100,-100,-100,-100,-100,-100,-100,-100,-100,-100,-100,-100,-100,-100,-100,-100,-100,-100,-100,-100,-100,-100,-100,-100,-100,-100,-100,-100,-100,-100,-100,-100,-100,-100,-100,-100,-100,-100,-100,-100,-100,-100,-100,-100,-100,-100,-100,-100,-100,-100,-100,-100,-100,-100,-100,-100,-100,-100,-100,-100,-100,-100,-100,-83.23121926378677,-100,-100,-100,-100,-100,-100,-100,-100.0,-100,-100,-100.0,-100,-100,-100,-100.0,-100.0,-100,-100.0,-100,-89.18839161957516,-100,-100.0,-100.0,-100.0,-100.0,-100.0,-100.0,-86.10471221732372,-100,-100.0,-100.0,-100.0,-100,-100,-100,-100,-100,-100,-100,-100,-100,-100,-100,-100,-100,-100,-100,-100,-100,-100,-100,-100,-100,-100,-100,-100,-100,-100,-100,-100,-100,-100.0,-100.0,-100.0,-100.0,-100.0,-100,-100,-100,-100,-100,-100,-100,-100,-100,-100.0,-100,-100,-100,-100,-100,-100,-100,-100,-100,-100,-100,-100,-100,-100,-100,-100,-100,-100,-100,-100,-100,-100,-100,-100,-100,-100,-100,-100,-100.0,-100.0,-100,-100
121.6709,-82.35574306539462,-100,-100,-100,-100,-100,-100,-100,-100.0,-100,-100,-100.0,-100,-100,-100.0,-100,-100,-100,-100,-100,-100,-100,-100,-100,-100,-100,-100,-100,-100,-100,-100,-100,-100,-100,-100,-100,-100.0,-100.0,-100.0,-100,-100,-100,-100,-100,-100,-100.0,-100,-100,-100,-100,-100,-100.0,-100,-100,-100.0,-100,-100,-82.40456584407755,-100.0,-100.0,-100.0,-100,-100.0,-100.0,-69.83305366254447,-100,-100,-100,-100,-100,-100,-100,-100,-100,-100,-100,-100,-100,-100,-100,-100,-100,-100,-100,-100,-100,-100,-100,-100,-100,-100,-100,-100,-100,-100,-100,-100,-100,-100,-100,-100,-100,-100,-100,-100,-100,-100,-100,-100,-100,-100,-100,-100,-100,-100,-100,-100,-100,-100,-100,-100,-100,-100,-100,-100,-100,-100,-100,-80.34217160194007,-100,-100,-100,-100,-100,-100,-100,-100.0,-100,-100,-100.0,-100,-100,-100,-100.0,-100.0,-100,-100.0,-100,-89.98232149322205,-100,-90.41038701462726,-100.0,-100.0,-100.0,-100.0,-100.0,-85.79276833593622,-100,-100.0,-100.0,-100.0,-100,-100,-100,-100,-100,-100,-100,-100,-100,-100,-100,-100,-100,-100,-100,-100,-100,-100,-100,-100,-100,-100,-100,-100,-100,-100,-100,-100,-100,-100.0,-100.0,-100.0,-100.0,-100.0,-100,-100,-100,-100,-100,-100,-100,-100,-100,-100.0,-100,-100,-100,-100,-100,-100,-100,-100,-100,-100,-100,-100,-100,-100,-100,-100,-100,-100,-100,-100,-100,-100,-100,-100,-100,-100,-100,-100,-100.0,-100.0,-100,-100
123.6703,-85.07904683093801,-100,-100,-100,-100,-100,-100,-100,-100.0,-100,-100,-100.0,-100,-100,-100.0,-100,-100,-100,-100,-100,-100,-100,-100,-100,-100,-100,-100,-100,-100,-100,-100,-100,-100,-100,-100,-100,-100.0,-100.0,-100.0,-100,-100,-100,-100,-100,-100,-100.0,-100,-100,-100,-100,-100,-100.0,-100,-100,-100.0,-100,-100,-85.67883463575774,-100.0,-100.0,-100.0,-100,-100.0,-100.0,-71.57444942756551,-100,-100,-100,-100,-100,-100,-100,-100,-100,-100,-100,-100,-100,-100,-100,-100,-100,-100,-100,-100,-100,-100,-100,-100,-100,-100,-100,-100,-100,-100,-100,-100,-100,-100,-100,-100,-100,-100,-100,-100,-100,-100,-100,-100,-100,-100,-100,-100,-100,-100,-100,-100,-100,-100,-100,-100,-100,-100,-100,-100,-100,-100,-100,-80.5279263537748,-100,-100,-100,-100,-100,-100,-100,-100.0,-100,-100,-100.0,-100,-100,-100,-100.0,-100.0,-100,-100.0,-100,-90.55206486613015,-100,-90.85925508772706,-92.68721609344581,-100.0,-90.20331585459694,-100.0,-100.0,-85.2865341290806,-100,-100.0,-100.0,-100.0,-100,-100,-100,-100,-100,-100,-100,-100,-100,-100,-100,-100,-100,-100,-100,-100,-100,-100,-100,-100,-100,-100,-100,-100,-100,-100,-100,-100,-100,-100.0,-100.0,-100.0,-100.0,-100.0,-100,-100,-100,-100,-100,-100,-100,-100,-100,-100.0,-100,-100,-100,-100,-100,-100,-100,-100,-100,-100,-100,-100,-100,-100,-100,-100,-100,-100,-100,-100,-100,-100,-100,-100,-100,-100,-100,-100,-100.0,-100.0,-100,-100
125.6497,-100.0,-100,-100,-100,-100,-100,-100,-100,-85.07291109895111,-100,-100,-100.0,-100,-100,-100.0,-100,-100,-100,-100,-100,-100,-100,-100,-100,-100,-100,-100,-100,-100,-100,-100,-100,-100,-100,-100,-100,-100.0,-100.0,-100.0,-100,-100,-100,-100,-100,-100,-100.0,-100,-100,-100,-100,-100,-84.8305520229465,-100,-100,-100.0,-100,-100,-87.46377810582352,-100.0,-100.0,-100.0,-100,-100.0,-100.0,-72.82411735120495,-100,-100,-100,-100,-100,-100,-100,-100,-100,-100,-100,-100,-100,-100,-100,-100,-100,-100,-100,-100,-100,-100,-100,-100,-100,-100,-100,-100,-100,-100,-100,-100,-100,-100,-100,-100,-100,-100,-100,-100,-100,-100,-100,-100,-100,-100,-100,-100,-100,-100,-100,-100,-100,-100,-100,-100,-100,-100,-100,-100,-100,-100,-100,-80.94360417437885,-100,-100,-100,-100,-100,-100,-100,-100.0,-100,-100,-86.62567877130039,-100,-100,-100,-100.0,-85.92018170019468,-100,-100.0,-100,-100.0,-100,-100.0,-100.0,-89.4111425744601,-100.0,-100.0,-100.0,-84.07612107040643,-100,-100.0,-100.0,-100.0,-100,-100,-100,-100,-100,-100,-100,-100,-100,-100,-100,-100,-100,-100,-100,-100,-100,-100,-100,-100,-100,-100,-100,-100,-100,-100,-100,-100,-100,-100.0,-100.0,-100.0,-100.0,-89.80381788377134,-100,-100,-100,-100,-100,-100,-100,-100,-100,-100.0,-100,-100,-100,-100,-100,-100,-100,-100,-100,-100,-100,-100,-100,-100,-100,-100,-100,-100,-100,-100,-100,-100,-100,-100,-100,-100,-100,-100,-100.0,-100.0,-100,-100
127.6467,-85.62147731928056,-100,-100,-100,-100,-100,-100,-100,-100.0,-100,-100,-100.0,-100,-100,-100.0,-100,-100,-100,-100,-100,-100,-100,-100,-100,-100,-100,-100,-100,-100,-100,-100,-100,-100,-100,-100,-100,-100.0,-100.0,-100.0,-100,-100,-100,-100,-100,-100,-100.0,-100,-100,-100,-100,-100,-86.57252359323607,-100,-100,-100.0,-100,-100,-100.0,-100.0,-100.0,-100.0,-100,-100.0,-100.0,-73.15615803272291,-100,-100,-100,-100,-100,-100,-100,-100,-100,-100,-100,-100,-100,-100,-100,-100,-100,-100,-100,-100,-100,-100,-100,-100,-100,-100,-100,-100,-100,-100,-100,-100,-100,-100,-100,-100,-100,-100,-100,-100,-100,-100,-100,-100,-100,-100,-100,-100,-100,-100,-100,-100,-100,-100,-100,-100,-100,-100,-100,-100,-100,-100,-100,-77.85339632749285,-100,-100,-100,-100,-100,-100,-100,-100.0,-100,-100,-86.1701973629189,-100,-100,-100,-100.0,-100.0,-100,-100.0,-100,-90.67855086137611,-100,-90.89899803029661,-100.0,-100.0,-90.42828009463955,-100.0,-100.0,-83.2074992417774,-100,-100.0,-100.0,-100.0,-100,-100,-100,-100,-100,-100,-100,-100,-100,-100,-100,-100,-100,-100,-100,-100,-100,-100,-100,-100,-100,-100,-100,-100,-100,-100,-100,-100,-100,-100.0,-100.0,-100.0,-100.0,-100.0,-100,-100,-100,-100,-100,-100,-100,-100,-100,-100.0,-100,-100,-100,-100,-100,-100,-100,-100,-100,-100,-100,-100,-100,-100,-100,-100,-100,-100,-100,-100,-100,-100,-100,-100,-100,-100,-100,-100,-100.0,-90.0,-100,-100
129.6668,-100.0,-100,-100,-100,-100,-100,-100,-100,-100.0,-100,-100,-100.0,-100,-100,-100.0,-100,-100,-100,-100,-100,-100,-100,-100,-100,-100,-100,-100,-100,-100,-100,-100,-100,-100,-100,-100,-100,-100.0,-100.0,-100.0,-100,-100,-100,-100,-100,-100,-100.0,-100,-100,-100,-100,-100,-100.0,-100,-100,-100.0,-100,-100,-100.0,-100.0,-100.0,-100.0,-100,-100.0,-100.0,-75.0886926724206,-100,-100,-100,-100,-100,-100,-100,-100,-100,-100,-100,-100,-100,-100,-100,-100,-100,-100,-100,-100,-100,-100,-100,-100,-100,-100,-100,-100,-100,-100,-100,-100,-100,-100,-100,-100,-100,-100,-100,-100,-100,-100,-100,-100,-100,-100,-100,-100,-100,-100,-100,-100,-100,-100,-100,-100,-100,-100,-100,-100,-100,-100,-100,-74.78866098416746,-100,-100,-100,-100,-100,-100,-100,-88.85536146839071,-100,-100,-86.68481610375241,-100,-100,-100,-88.68644094945775,-100.0,-100,-100.0,-100,-90.76932028566445,-100,-91.20989422788944,-100.0,-100.0,-100.0,-100.0,-100.0,-82.86653080280686,-100,-100.0,-100.0,-100.0,-100,-100,-100,-100,-100,-100,-100,-100,-100,-100,-100,-100,-100,-100,-100,-100,-100,-100,-100,-100,-100,-100,-100,-100,-100,-100,-100,-100,-100,-100.0,-100.0,-100.0,-100.0,-100.0,-100,-100,-100,-100,-100,-100,-100,-100,-100,-100.0,-100,-100,-100,-100,-100,-100,-100,-100,-100,-100,-100,-100,-100,-100,-100,-100,-100,-100,-100,-100,-100,-100,-100,-100,-100,-100,-100,-100,-100.0,-100.0,-100,-100
131.6435,-85.72836292474882,-100,-100,-100,-100,-100,-100,-100,-100.0,-100,-100,-100.0,-100,-100,-100.0,-100,-100,-100,-100,-100,-100,-100,-100,-100,-100,-100,-100,-100,-100,-100,-100,-100,-100,-100,-100,-100,-100.0,-100.0,-100.0,-100,-100,-100,-100,-100,-100,-100.0,-100,-100,-100,-100,-100,-100.0,-100,-100,-100.0,-100,-100,-100.0,-100.0,-100.0,-100.0,-100,-100.0,-100.0,-74.21652092892138,-100,-100,-100,-100,-100,-100,-100,-100,-100,-100,-100,-100,-100,-100,-100,-100,-100,-100,-100,-100,-100,-100,-100,-100,-100,-100,-100,-100,-100,-100,-100,-100,-100,-100,-100,-100,-100,-100,-100,-100,-100,-100,-100,-100,-100,-100,-100,-100,-100,-100,-100,-100,-100,-100,-100,-100,-100,-100,-100,-100,-100,-100,-100,-73.7188352013714,-100,-100,-100,-100,-100,-100,-100,-88.33934169573875,-100,-100,-87.05542410940033,-100,-100,-100,-100.0,-100.0,-100,-100.0,-100,-100.0,-100,-100.0,-100.0,-100.0,-91.43684698903606,-100.0,-100.0,-81.49234077963749,-100,-92.83062946138871,-100.0,-100.0,-100,-100,-100,-100,-100,-100,-100,-100,-100,-100,-100,-100,-100,-100,-100,-100,-100,-100,-100,-100,-100,-100,-100,-100,-100,-100,-100,-100,-100,-100.0,-100.0,-100.0,-100.0,-100.0,-100,-100,-100,-100,-100,-100,-100,-100,-100,-100.0,-100,-100,-100,-100,-100,-100,-100,-100,-100,-100,-100,-100,-100,-100,-100,-100,-100,-100,-100,-100,-100,-100,-100,-100,-100,-100,-100,-100,-100.0,-100.0,-100,-100
133.6869,-100.0,-100,-100,-100,-100,-100,-100,-100,-100.0,-100,-100,-100.0,-100,-100,-100.0,-100,-100,-100,-100,-100,-100,-100,-100,-100,-100,-100,-100,-100,-100,-100,-100,-100,-100,-100,-100,-100,-100.0,-100.0,-100.0,-100,-100,-100,-100,-100,-100,-100.0,-100,-100,-100,-100,-100,-100.0,-100,-100,-100.0,-100,-100,-100.0,-100.0,-100.0,-100.0,-100,-100.0,-91.40267569139654,-76.69676194604011,-100,-100,-100,-100,-100,-100,-100,-100,-100,-100,-100,-100,-100,-100,-100,-100,-100,-100,-100,-100,-100,-100,-100,-100,-100,-100,-100,-100,-100,-100,-100,-100,-100,-100,-100,-100,-100,-100,-100,-100,-100,-100,-100,-100,-100,-100,-100,-100,-100,-100,-100,-100,-100,-100,-100,-100,-100,-100,-100,-100,-100,-100,-100,-72.95110221872771,-100,-100,-100,-100,-100,-100,-100,-90.20551973701687,-100,-100,-87.0397903614965,-100,-100,-100,-100.0,-100.0,-100,-100.0,-100,-100.0,-100,-90.02112241474427,-100.0,-100.0,-91.87824340860412,-100.0,-100.0,-80.22381292474459,-100,-100.0,-94.3203125,-100.0,-100,-100,-100,-100,-100,-100,-100,-100,-100,-100,-100,-100,-100,-100,-100,-100,-100,-100,-100,-100,-100,-100,-100,-100,-100,-100,-100,-100,-100,-100.0,-100.0,-100.0,-100.0,-100.0,-100,-100,-100,-100,-100,-100,-100,-100,-100,-100.0,-100,-100,-100,-100,-100,-100,-100,-100,-100,-100,-100,-100,-100,-100,-100,-100,-100,-100,-100,-100,-100,-100,-100,-100,-100,-100,-100,-100,-100.0,-100.0,-100,-100
135.6347,-85.80506663296696,-100,-100,-100,-100,-100,-100,-100,-100.0,-100,-100,-100.0,-100,-100,-100.0,-100,-100,-100,-100,-100,-100,-100,-100,-100,-100,-100,-100,-100,-100,-100,-100,-100,-100,-100,-100,-100,-100.0,-100.0,-100.0,-100,-100,-100,-100,-100,-100,-100.0,-100,-100,-100,-100,-100,-100.0,-100,-100,-100.0,-100,-100,-88.1799455287258,-100.0,-100.0,-100.0,-100,-100.0,-100.0,-76.21763761036408,-100,-100,-100,-100,-100,-100,-100,-100,-100,-100,-100,-100,-100,-100,-100,-100,-100,-100,-100,-100,-100,-100,-100,-100,-100,-100,-100,-100,-100,-100,-100,-100,-100,-100,-100,-100,-100,-100,-100,-100,-100,-100,-100,-100,-100,-100,-100,-100,-100,-100,-100,-100,-100,-100,-100,-100,-100,-100,-100,-100,-100,-100,-100,-73.52966115600893,-100,-100,-100,-100,-100,-100,-100,-90.42896155760887,-100,-100,-87.59300216981389,-100,-100,-100,-100.0,-87.00793189149172,-100,-100.0,-100,-89.14020445381843,-100,-100.0,-100.0,-100.0,-100.0,-100.0,-100.0,-81.85486777108353,-100,-100.0,-100.0,-100.0,-100,-100,-100,-100,-100,-100,-100,-100,-100,-100,-100,-100,-100,-100,-100,-100,-100,-100,-100,-100,-100,-100,-100,-100,-100,-100,-100,-100,-100,-100.0,-100.0,-100.0,-100.0,-100.0,-100,-100,-100,-100,-100,-100,-100,-100,-100,-100.0,-100,-100,-100,-100,-100,-100,-100,-100,-100,-100,-100,-100,-100,-100,-100,-100,-100,-100,-100,-100,-100,-100,-100,-100,-100,-100,-100,-100,-100.0,-100.0,-100,-100
137.6958,-86.42486247043678,-100,-100,-100,-100,-100,-100,-100,-100.0,-100,-100,-100.0,-100,-100,-100.0,-100,-100,-100,-100,-100,-100,-100,-100,-100,-100,-100,-100,-100,-100,-100,-100,-100,-100,-100,-100,-100,-100.0,-100.0,-100.0,-100,-100,-100,-100,-100,-100,-100.0,-100,-100,-100,-100,-100,-87.54032226480633,-100,-100,-100.0,-100,-100,-100.0,-100.0,-100.0,-100.0,-100,-100.0,-100.0,-76.15618203863396,-100,-100,-100,-100,-100,-100,-100,-100,-100,-100,-100,-100,-100,-100,-100,-100,-100,-100,-100,-100,-100,-100,-100,-100,-100,-100,-100,-100,-100,-100,-100,-100,-100,-100,-100,-100,-100,-100,-100,-100,-100,-100,-100,-100,-100,-100,-100,-100,-100,-100,-100,-100,-100,-100,-100,-100,-100,-100,-100,-100,-100,-100,-100,-75.35672759126287,-100,-100,-100,-100,-100,-100,-100,-89.18091661527046,-100,-100,-100.0,-100,-100,-100,-100.0,-86.73158967623077,-100,-100.0,-100,-88.53586273131627,-100,-89.16803086982311,-100.0,-100.0,-100.0,-100.0,-100.0,-81.61347388912671,-100,-100.0,-100.0,-100.0,-100,-100,-100,-100,-100,-100,-100,-100,-100,-100,-100,-100,-100,-100,-100,-100,-100,-100,-100,-100,-100,-100,-100,-100,-100,-100,-100,-100,-100,-100.0,-100.0,-100.0,-100.0,-100.0,-100,-100,-100,-100,-100,-100,-100,-100,-100,-100.0,-100,-100,-100,-100,-100,-100,-100,-100,-100,-100,-100,-100,-100,-100,-100,-100,-100,-100,-100,-100,-100,-100,-100,-100,-100,-100,-100,-100,-100.0,-100.0,-100,-100
139.6498,-87.43439441909938,-100,-100,-100,-100,-100,-100,-100,-100.0,-100,-100,-100.0,-100,-100,-100.0,-100,-100,-100,-100,-100,-100,-100,-100,-100,-100,-100,-100,-100,-100,-100,-100,-100,-100,-100,-100,-100,-100.0,-100.0,-100.0,-100,-100,-100,-100,-100,-100,-100.0,-100,-100,-100,-100,-100,-100.0,-100,-100,-100.0,-100,-100,-100.0,-100.0,-100.0,-100.0,-100,-100.0,-100.0,-76.39445572287973,-100,-100,-100,-100,-100,-100,-100,-100,-100,-100,-100,-100,-100,-100,-100,-100,-100,-100,-100,-100,-100,-100,-100,-100,-100,-100,-100,-100,-100,-100,-100,-100,-100,-100,-100,-100,-100,-100,-100,-100,-100,-100,-100,-100,-100,-100,-100,-100,-100,-100,-100,-100,-100,-100,-100,-100,-100,-100,-100,-100,-100,-100,-100,-75.82074778160742,-100,-100,-100,-100,-100,-100,-100,-100.0,-100,-100,-100.0,-100,-100,-100,-100.0,-100.0,-100,-100.0,-100,-100.0,-100,-100.0,-100.0,-100.0,-91.91262451085538,-100.0,-100.0,-82.56974655713911,-100,-100.0,-100.0,-100.0,-100,-100,-100,-100,-100,-100,-100,-100,-100,-100,-100,-100,-100,-100,-100,-100,-100,-100,-100,-100,-100,-100,-100,-100,-100,-100,-100,-100,-100,-100.0,-100.0,-100.0,-100.0,-100.0,-100,-100,-100,-100,-100,-100,-100,-100,-100,-100.0,-100,-100,-100,-100,-100,-100,-100,-100,-100,-100,-100,-100,-100,-100,-100,-100,-100,-100,-100,-100,-100,-100,-100,-100,-100,-100,-100,-100,-100.0,-100.0,-100,-100
141.6693,-86.46460490422918,-100,-100,-100,-100,-100,-100,-100,-100.0,-100,-100,-100.0,-100,-100,-100.0,-100,-100,-100,-100,-100,-100,-100,-100,-100,-100,-100,-100,-100,-100,-100,-100,-100,-100,-100,-100,-100,-100.0,-100.0,-100.0,-100,-100,-100,-100,-100,-100,-100.0,-100,-100,-100,-100,-100,-100.0,-100,-100,-100.0,-100,-100,-100.0,-100.0,-100.0,-100.0,-100,-100.0,-100.0,-79.10682797481681,-100,-100,-100,-100,-100,-100,-100,-100,-100,-100,-100,-100,-100,-100,-100,-100,-100,-100,-100,-100,-100,-100,-100,-100,-100,-100,-100,-100,-100,-100,-100,-100,-100,-100,-100,-100,-100,-100,-100,-100,-100,-100,-100,-100,-100,-100,-100,-100,-100,-100,-100,-100,-100,-100,-100,-100,-100,-100,-100,-100,-100,-100,-100,-73.32998298640935,-100,-100,-100,-100,-100,-100,-100,-100.0,-100,-100,-100.0,-100,-100,-100,-100.0,-100.0,-100,-100.0,-100,-89.23167520791476,-100,-88.83820733986401,-100.0,-100.0,-91.37254583319022,-100.0,-100.0,-100.0,-100,-100.0,-100.0,-100.0,-100,-100,-100,-100,-100,-100,-100,-100,-100,-100,-100,-100,-100,-100,-100,-100,-100,-100,-100,-100,-100,-100,-100,-100,-100,-100,-100,-100,-100,-100.0,-100.0,-100.0,-100.0,-100.0,-100,-100,-100,-100,-100,-100,-100,-100,-100,-100.0,-100,-100,-100,-100,-100,-100,-100,-100,-100,-100,-100,-100,-100,-100,-100,-100,-100,-100,-100,-100,-100,-100,-100,-100,-100,-100,-100,-100,-100.0,-100.0,-100,-100
143.604,-85.76866037871777,-100,-100,-100,-100,-100,-100,-100,-86.4642012572644,-100,-100,-100.0,-100,-100,-100.0,-100,-100,-100,-100,-100,-100,-100,-100,-100,-100,-100,-100,-100,-100,-100,-100,-100,-100,-100,-100,-100,-100.0,-100.0,-100.0,-100,-100,-100,-100,-100,-100,-100.0,-100,-100,-100,-100,-100,-100.0,-100,-100,-100.0,-100,-100,-100.0,-100.0,-100.0,-100.0,-100,-100.0,-100.0,-79.64141374331736,-100,-100,-100,-100,-100,-100,-100,-100,-100,-100,-100,-100,-100,-100,-100,-100,-100,-100,-100,-100,-100,-100,-100,-100,-100,-100,-100,-100,-100,-100,-100,-100,-100,-100,-100,-100,-100,-100,-100,-100,-100,-100,-100,-100,-100,-100,-100,-100,-100,-100,-100,-100,-100,-100,-100,-100,-100,-100,-100,-100,-100,-100,-100,-72.95442811478404,-100,-100,-100,-100,-100,-100,-100,-100.0,-100,-100,-100.0,-100,-100,-100,-100.0,-100.0,-100,-100.0,-100,-90.0133828481872,-100,-89.16626935102296,-100.0,-100.0,-91.26734794420551,-100.0,-100.0,-82.97361536870596,-100,-100.0,-100.0,-100.0,-100,-100,-100,-100,-100,-100,-100,-100,-100,-100,-100,-100,-100,-100,-100,-100,-100,-100,-100,-100,-100,-100,-100,-100,-100,-100,-100,-100,-100,-100.0,-100.0,-100.0,-100.0,-100.0,-100,-100,-100,-100,-100,-100,-100,-100,-100,-100.0,-100,-100,-100,-100,-100,-100,-100,-100,-100,-100,-100,-100,-100,-100,-100,-100,-100,-100,-100,-100,-100,-100,-100,-100,-100,-100,-100,-100,-100.0,-100.0,-100,-100
145.673,-83.01022810404247,-100,-100,-100,-100,-100,-100,-100,-86.89787349635584,-100,-100,-100.0,-100,-100,-100.0,-100,-100,-100,-100,-100,-100,-100,-100,-100,-100,-100,-100,-100,-100,-100,-100,-100,-100,-100,-100,-100,-100.0,-100.0,-100.0,-100,-100,-100,-100,-100,-100,-88.19504041017312,-100,-100,-100,-100,-100,-100.0,-100,-100,-100.0,-100,-100,-89.25863606929745,-100.0,-100.0,-100.0,-100,-91.23117987385362,-100.0,-78.33079130653154,-100,-100,-100,-100,-100,-100,-100,-100,-100,-100,-100,-100,-100,-100,-100,-100,-100,-100,-100,-100,-100,-100,-100,-100,-100,-100,-100,-100,-100,-100,-100,-100,-100,-100,-100,-100,-100,-100,-100,-100,-100,-100,-100,-100,-100,-100,-100,-100,-100,-100,-100,-100,-100,-100,-100,-100,-100,-100,-100,-100,-100,-100,-100,-74.09679929210645,-100,-100,-100,-100,-100,-100,-100,-100.0,-100,-100,-100.0,-100,-100,-100,-100.0,-100.0,-100,-100.0,-100,-90.29197955324183,-100,-89.68407031953609,-100.0,-100.0,-100.0,-100.0,-100.0,-100.0,-100,-100.0,-100.0,-100.0,-100,-100,-100,-100,-100,-100,-100,-100,-100,-100,-100,-100,-100,-100,-100,-100,-100,-100,-100,-100,-100,-100,-100,-100,-100,-100,-100,-100,-100,-100.0,-100.0,-100.0,-100.0,-100.0,-100,-100,-100,-100,-100,-100,-100,-100,-100,-100.0,-100,-100,-100,-100,-100,-100,-100,-100,-100,-100,-100,-100,-100,-100,-100,-100,-100,-100,-100,-100,-100,-100,-100,-100,-100,-100,-100,-100,-100.0,-100.0,-100,-100
147.6692,-79.90120727863895,-100,-100,-100,-100,-100,-100,-100,-86.36196014666044,-100,-100,-100.0,-100,-100,-100.0,-100,-100,-100,-100,-100,-100,-100,-100,-100,-100,-100,-100,-100,-100,-100,-100,-100,-100,-100,-100,-100,-100.0,-100.0,-100.0,-100,-100,-100,-100,-100,-100,-88.98709280629916,-100,-100,-100,-100,-100,-100.0,-100,-100,-100.0,-100,-100,-90.03273061756887,-100.0,-100.0,-100.0,-100,-100.0,-100.0,-77.67263248882135,-100,-100,-100,-100,-100,-100,-100,-100,-100,-100,-100,-100,-100,-100,-100,-100,-100,-100,-100,-100,-100,-100,-100,-100,-100,-100,-100,-100,-100,-100,-100,-100,-100,-100,-100,-100,-100,-100,-100,-100,-100,-100,-100,-100,-100,-100,-100,-100,-100,-100,-100,-100,-100,-100,-100,-100,-100,-100,-100,-100,-100,-100,-100,-77.1755981820177,-100,-100,-100,-100,-100,-100,-100,-100.0,-100,-100,-100.0,-100,-100,-100,-100.0,-100.0,-100,-100.0,-100,-89.92715592751246,-100,-90.33803257523826,-100.0,-100.0,-91.19185538235286,-100.0,-100.0,-100.0,-100,-100.0,-100.0,-100.0,-100,-100,-100,-100,-100,-100,-100,-100,-100,-100,-100,-100,-100,-100,-100,-100,-100,-100,-100,-100,-100,-100,-100,-100,-100,-100,-100,-100,-100,-100.0,-100.0,-100.0,-100.0,-100.0,-100,-100,-100,-100,-100,-100,-100,-100,-100,-100.0,-100,-100,-100,-100,-100,-100,-100,-100,-100,-100,-100,-100,-100,-100,-100,-100,-100,-100,-100,-100,-100,-100,-100,-100,-100,-100,-100,-100,-100.0,-100.0,-100,-100
149.6743,-79.0819768537226,-100,-100,-100,-100,-100,-100,-100,-100.0,-100,-100,-89.00100681233585,-100,-100,-100.0,-100,-100,-100,-100,-100,-100,-100,-100,-100,-100,-100,-100,-100,-100,-100,-100,-100,-100,-100,-100,-100,-100.0,-100.0,-100.0,-100,-100,-100,-100,-100,-100,-90.40261594572804,-100,-100,-100,-100,-100,-100.0,-100,-100,-100.0,-100,-100,-100.0,-100.0,-100.0,-100.0,-100,-100.0,-100.0,-78.32982450993536,-100,-100,-100,-100,-100,-100,-100,-100,-100,-100,-100,-100,-100,-100,-100,-100,-100,-100,-100,-100,-100,-100,-100,-100,-100,-100,-100,-100,-100,-100,-100,-100,-100,-100,-100,-100,-100,-100,-100,-100,-100,-100,-100,-100,-100,-100,-100,-100,-100,-100,-100,-100,-100,-100,-100,-100,-100,-100,-100,-100,-100,-100,-100,-78.82026769989777,-100,-100,-100,-100,-100,-100,-100,-100.0,-100,-100,-100.0,-100,-100,-100,-100.0,-100.0,-100,-100.0,-100,-100.0,-100,-100.0,-100.0,-100.0,-89.72580160457359,-100.0,-100.0,-82.13393865895165,-100,-100.0,-100.0,-100.0,-100,-100,-100,-100,-100,-100,-100,-100,-100,-100,-100,-100,-100,-100,-100,-100,-100,-100,-100,-100,-100,-100,-100,-100,-100,-100,-100,-100,-100,-100.0,-100.0,-100.0,-100.0,-100.0,-100,-100,-100,-100,-100,-100,-100,-100,-100,-100.0,-100,-100,-100,-100,-100,-100,-100,-100,-100,-100,-100,-100,-100,-100,-100,-100,-100,-100,-100,-100,-100,-100,-100,-100,-100,-100,-100,-100,-100.0,-100.0,-100,-100
151.6873,-80.18833136709704,-100,-100,-100,-100,-100,-100,-100,-87.10687848665951,-100,-100,-100.0,-100,-100,-100.0,-100,-100,-100,-100,-100,-100,-100,-100,-100,-100,-100,-100,-100,-100,-100,-100,-100,-100,-100,-100,-100,-100.0,-100.0,-100.0,-100,-100,-100,-100,-100,-100,-100.0,-100,-100,-100,-100,-100,-100.0,-100,-100,-100.0,-100,-100,-100.0,-100.0,-100.0,-100.0,-100,-100.0,-100.0,-79.3661928688531,-100,-100,-100,-100,-100,-100,-100,-100,-100,-100,-100,-100,-100,-100,-100,-100,-100,-100,-100,-100,-100,-100,-100,-100,-100,-100,-100,-100,-100,-100,-100,-100,-100,-100,-100,-100,-100,-100,-100,-100,-100,-100,-100,-100,-100,-100,-100,-100,-100,-100,-100,-100,-100,-100,-100,-100,-100,-100,-100,-100,-100,-100,-100,-80.00052251776648,-100,-100,-100,-100,-100,-100,-100,-100.0,-100,-100,-100.0,-100,-100,-100,-100.0,-100.0,-100,-100.0,-100,-88.25347114642386,-100,-88.830701910855,-100.0,-100.0,-87.54422299834303,-100.0,-100.0,-82.37849333301945,-100,-100.0,-100.0,-89.0,-100,-100,-100,-100,-100,-100,-100,-100,-100,-100,-100,-100,-100,-100,-100,-100,-100,-100,-100,-100,-100,-100,-100,-100,-100,-100,-100,-100,-100,-100.0,-100.0,-100.0,-100.0,-89.58343710552352,-100,-100,-100,-100,-100,-100,-100,-100,-100,-100.0,-100,-100,-100,-100,-100,-100,-100,-100,-100,-100,-100,-100,-100,-100,-100,-100,-100,-100,-100,-100,-100,-100,-100,-100,-100,-100,-100,-100,-100.0,-100.0,-100,-100
153.6472,-79.2880240778273,-100,-100,-100,-100,-100,-100,-100,-87.3590742957156,-100,-100,-100.0,-100,-100,-100.0,-100,-100,-100,-100,-100,-100,-100,-100,-100,-100,-100,-100,-100,-100,-100,-100,-100,-100,-100,-100,-100,-100.0,-100.0,-91.56089048701814,-100,-100,-100,-100,-100,-100,-100.0,-100,-100,-100,-100,-100,-100.0,-100,-100,-100.0,-100,-100,-100.0,-100.0,-100.0,-100.0,-100,-100.0,-100.0,-78.133286118083,-100,-100,-100,-100,-100,-100,-100,-100,-100,-100,-100,-100,-100,-100,-100,-100,-100,-100,-100,-100,-100,-100,-100,-100,-100,-100,-100,-100,-100,-100,-100,-100,-100,-100,-100,-100,-100,-100,-100,-100,-100,-100,-100,-100,-100,-100,-100,-100,-100,-100,-100,-100,-100,-100,-100,-100,-100,-100,-100,-100,-100,-100,-100,-78.30612079468236,-100,-100,-100,-100,-100,-100,-100,-100.0,-100,-100,-100.0,-100,-100,-100,-100.0,-100.0,-100,-90.0,-100,-88.46427275113182,-100,-88.87850757663037,-100.0,-100.0,-87.67292334646474,-100.0,-100.0,-82.55399171075608,-100,-100.0,-100.0,-100.0,-100,-100,-100,-100,-100,-100,-100,-100,-100,-100,-100,-100,-100,-100,-100,-100,-100,-100,-100,-100,-100,-100,-100,-100,-100,-100,-100,-100,-100,-100.0,-100.0,-100.0,-100.0,-100.0,-100,-100,-100,-100,-100,-100,-100,-100,-100,-100.0,-100,-100,-100,-100,-100,-100,-100,-100,-100,-100,-100,-100,-100,-100,-100,-100,-100,-100,-100,-100,-100,-100,-100,-100,-100,-100,-100,-100,-100.0,-100.0,-100,-100
155.6589,-79.20669307834929,-100,-100,-100,-100,-100,-100,-100,-87.82243183375667,-100,-100,-100.0,-100,-100,-100.0,-100,-100,-100,-100,-100,-100,-100,-100,-100,-100,-100,-100,-100,-100,-100,-100,-100,-100,-100,-100,-100,-100.0,-100.0,-100.0,-100,-100,-100,-100,-100,-100,-89.72417560021921,-100,-100,-100,-100,-100,-100.0,-100,-100,-100.0,-100,-100,-90.30586398277585,-100.0,-100.0,-100.0,-100,-100.0,-100.0,-78.66040074996052,-100,-100,-100,-100,-100,-100,-100,-100,-100,-100,-100,-100,-100,-100,-100,-100,-100,-100,-100,-100,-100,-100,-100,-100,-100,-100,-100,-100,-100,-100,-100,-100,-100,-100,-100,-100,-100,-100,-100,-100,-100,-100,-100,-100,-100,-100,-100,-100,-100,-100,-100,-100,-100,-100,-100,-100,-100,-100,-100,-100,-100,-100,-100,-78.21967972218476,-100,-100,-100,-100,-100,-100,-100,-100.0,-100,-100,-100.0,-100,-100,-100,-100.0,-100.0,-100,-100.0,-100,-87.20367062532715,-100,-87.78331129974325,-100.0,-100.0,-100.0,-100.0,-100.0,-83.52706070029308,-100,-100.0,-100.0,-100.0,-100,-100,-100,-100,-100,-100,-100,-100,-100,-100,-100,-100,-100,-100,-100,-100,-100,-100,-100,-100,-100,-100,-100,-100,-100,-100,-100,-100,-100,-100.0,-100.0,-100.0,-89.28166866827593,-100.0,-100,-100,-100,-100,-100,-100,-100,-100,-100,-100.0,-100,-100,-100,-100,-100,-100,-100,-100,-100,-100,-100,-100,-100,-100,-100,-100,-100,-100,-100,-100,-100,-100,-100,-100,-100,-100,-100,-100,-100.0,-100.0,-100,-100
157.8303,-78.86595228033795,-100,-100,-100,-100,-100,-100,-100,-87.59019707218208,-100,-100,-100.0,-100,-100,-100.0,-100,-100,-100,-100,-100,-100,-100,-100,-100,-100,-100,-100,-100,-100,-100,-100,-100,-100,-100,-100,-100,-100.0,-100.0,-100.0,-100,-100,-100,-100,-100,-100,-100.0,-100,-100,-100,-100,-100,-100.0,-100,-100,-100.0,-100,-100,-100.0,-100.0,-100.0,-100.0,-100,-100.0,-100.0,-100.0,-100,-100,-100,-100,-100,-100,-100,-100,-100,-100,-100,-100,-100,-100,-100,-100,-100,-100,-100,-100,-100,-100,-100,-100,-100,-100,-100,-100,-100,-100,-100,-100,-100,-100,-100,-100,-100,-100,-100,-100,-100,-100,-100,-100,-100,-100,-100,-100,-100,-100,-100,-100,-100,-100,-100,-100,-100,-100,-100,-100,-100,-100,-100,-77.87527181158003,-100,-100,-100,-100,-100,-100,-100,-100.0,-100,-100,-100.0,-100,-100,-100,-100.0,-100.0,-100,-100.0,-100,-87.14615899071964,-100,-87.5621232261936,-100.0,-100.0,-87.20053045193882,-100.0,-100.0,-81.68397739138021,-100,-100.0,-100.0,-100.0,-100,-100,-100,-100,-100,-100,-100,-100,-100,-100,-100,-100,-100,-100,-100,-100,-100,-100,-100,-100,-100,-100,-100,-100,-100,-100,-100,-100,-100,-89.0,-91.3203125,-100.0,-89.20275096080003,-100.0,-100,-100,-100,-100,-100,-100,-100,-100,-100,-100.0,-100,-100,-100,-100,-100,-100,-100,-100,-100,-100,-100,-100,-100,-100,-100,-100,-100,-100,-100,-100,-100,-100,-100,-100,-100,-100,-100,-100,-100.0,-100.0,-100,-100
159.7259,-78.90380409849185,-100,-100,-100,-100,-100,-100,-100,-88.8354182437105,-100,-100,-100.0,-100,-100,-100.0,-100,-100,-100,-100,-100,-100,-100,-100,-100,-100,-100,-100,-100,-100,-100,-100,-100,-100,-100,-100,-100,-100.0,-100.0,-100.0,-100,-100,-100,-100,-100,-100,-89.23731031659554,-100,-100,-100,-100,-100,-100.0,-100,-100,-100.0,-100,-100,-100.0,-100.0,-100.0,-100.0,-100,-100.0,-100.0,-78.1915439323395,-100,-100,-100,-100,-100,-100,-100,-100,-100,-100,-100,-100,-100,-100,-100,-100,-100,-100,-100,-100,-100,-100,-100,-100,-100,-100,-100,-100,-100,-100,-100,-100,-100,-100,-100,-100,-100,-100,-100,-100,-100,-100,-100,-100,-100,-100,-100,-100,-100,-100,-100,-100,-100,-100,-100,-100,-100,-100,-100,-100,-100,-100,-100,-75.36911075546276,-100,-100,-100,-100,-100,-100,-100,-100.0,-100,-100,-88.55478363932258,-100,-100,-100,-100.0,-100.0,-100,-100.0,-100,-87.66963863622522,-100,-88.25052037727063,-100.0,-100.0,-87.99103261436058,-100.0,-100.0,-82.62034158386435,-100,-100.0,-100.0,-100.0,-100,-100,-100,-100,-100,-100,-100,-100,-100,-100,-100,-100,-100,-100,-100,-100,-100,-100,-100,-100,-100,-100,-100,-100,-100,-100,-100,-100,-100,-100.0,-100.0,-100.0,-100.0,-100.0,-100,-100,-100,-100,-100,-100,-100,-100,-100,-100.0,-100,-100,-100,-100,-100,-100,-100,-100,-100,-100,-100,-100,-100,-100,-100,-100,-100,-100,-100,-100,-100,-100,-100,-100,-100,-100,-100,-100,-100.0,-100.0,-100,-100
161.6608,-80.34284596378323,-100,-100,-100,-100,-100,-100,-100,-100.0,-100,-100,-100.0,-100,-100,-100.0,-100,-100,-100,-100,-100,-100,-100,-100,-100,-100,-100,-100,-100,-100,-100,-100,-100,-100,-100,-100,-100,-100.0,-100.0,-100.0,-100,-100,-100,-100,-100,-100,-100.0,-100,-100,-100,-100,-100,-100.0,-100,-100,-100.0,-100,-100,-100.0,-100.0,-100.0,-100.0,-100,-100.0,-100.0,-79.26695936561681,-100,-100,-100,-100,-100,-100,-100,-100,-100,-100,-100,-100,-100,-100,-100,-100,-100,-100,-100,-100,-100,-100,-100,-100,-100,-100,-100,-100,-100,-100,-100,-100,-100,-100,-100,-100,-100,-100,-100,-100,-100,-100,-100,-100,-100,-100,-100,-100,-100,-100,-100,-100,-100,-100,-100,-100,-100,-100,-100,-100,-100,-100,-100,-74.41775576055771,-100,-100,-100,-100,-100,-100,-100,-89.12988458633295,-100,-100,-88.39814902656262,-100,-100,-100,-88.77462716172839,-87.08436449561327,-100,-100.0,-100,-100.0,-100,-89.87403368811067,-100.0,-100.0,-100.0,-100.0,-100.0,-82.72754789341138,-100,-92.8757865792396,-100.0,-100.0,-100,-100,-100,-100,-100,-100,-100,-100,-100,-100,-100,-100,-100,-100,-100,-100,-100,-100,-100,-100,-100,-100,-100,-100,-100,-100,-100,-100,-100,-100.0,-100.0,-100.0,-100.0,-100.0,-100,-100,-100,-100,-100,-100,-100,-100,-100,-100.0,-100,-100,-100,-100,-100,-100,-100,-100,-100,-100,-100,-100,-100,-100,-100,-100,-100,-100,-100,-100,-100,-100,-100,-100,-100,-100,-100,-100,-100.0,-100.0,-100,-100
163.6548,-81.94028877286145,-100,-100,-100,-100,-100,-100,-100,-100.0,-100,-100,-100.0,-100,-100,-100.0,-100,-100,-100,-100,-100,-100,-100,-100,-100,-100,-100,-100,-100,-100,-100,-100,-100,-100,-100,-100,-100,-100.0,-100.0,-100.0,-100,-100,-100,-100,-100,-100,-100.0,-100,-100,-100,-100,-100,-100.0,-100,-100,-100.0,-100,-100,-100.0,-100.0,-100.0,-100.0,-100,-100.0,-100.0,-78.06207374440224,-100,-100,-100,-100,-100,-100,-100,-100,-100,-100,-100,-100,-100,-100,-100,-100,-100,-100,-100,-100,-100,-100,-100,-100,-100,-100,-100,-100,-100,-100,-100,-100,-100,-100,-100,-100,-100,-100,-100,-100,-100,-100,-100,-100,-100,-100,-100,-100,-100,-100,-100,-100,-100,-100,-100,-100,-100,-100,-100,-100,-100,-100,-100,-72.6055375100928,-100,-100,-100,-100,-100,-100,-100,-100.0,-100,-100,-87.15631173501487,-100,-100,-100,-100.0,-100.0,-100,-100.0,-100,-87.48054896016713,-100,-88.49772503248069,-100.0,-100.0,-87.42881339386769,-100.0,-100.0,-82.52210605054312,-100,-92.63567432022109,-100.0,-100.0,-100,-100,-100,-100,-100,-100,-100,-100,-100,-100,-100,-100,-100,-100,-100,-100,-100,-100,-100,-100,-100,-100,-100,-100,-100,-100,-100,-100,-100,-100.0,-100.0,-100.0,-100.0,-100.0,-100,-100,-100,-100,-100,-100,-100,-100,-100,-100.0,-100,-100,-100,-100,-100,-100,-100,-100,-100,-100,-100,-100,-100,-100,-100,-100,-100,-100,-100,-100,-100,-100,-100,-100,-100,-100,-100,-100,-100.0,-100.0,-100,-100
165.622,-84.78090673346813,-100,-100,-100,-100,-100,-100,-100,-90.01139491622337,-100,-100,-100.0,-100,-100,-100.0,-100,-100,-100,-100,-100,-100,-100,-100,-100,-100,-100,-100,-100,-100,-100,-100,-100,-100,-100,-100,-100,-100.0,-100.0,-91.95544761352393,-100,-100,-100,-100,-100,-100,-100.0,-100,-100,-100,-100,-100,-100.0,-100,-100,-100.0,-100,-100,-100.0,-100.0,-100.0,-100.0,-100,-100.0,-100.0,-78.32692132374308,-100,-100,-100,-100,-100,-100,-100,-100,-100,-100,-100,-100,-100,-100,-100,-100,-100,-100,-100,-100,-100,-100,-100,-100,-100,-100,-100,-100,-100,-100,-100,-100,-100,-100,-100,-100,-100,-100,-100,-100,-100,-100,-100,-100,-100,-100,-100,-100,-100,-100,-100,-100,-100,-100,-100,-100,-100,-100,-100,-100,-100,-100,-100,-100.0,-100,-100,-100,-100,-100,-100,-100,-100.0,-100,-100,-86.54744521487765,-100,-100,-100,-89.40171892567714,-100.0,-100,-100.0,-100,-86.49772652463346,-100,-87.22767679544309,-100.0,-100.0,-86.46059982488248,-100.0,-100.0,-80.96279751043014,-100,-100.0,-100.0,-100.0,-100,-100,-100,-100,-100,-100,-100,-100,-100,-100,-100,-100,-100,-100,-100,-100,-100,-100,-100,-100,-100,-100,-100,-100,-100,-100,-100,-100,-100,-100.0,-100.0,-100.0,-100.0,-100.0,-100,-100,-100,-100,-100,-100,-100,-100,-100,-100.0,-100,-100,-100,-100,-100,-100,-100,-100,-100,-100,-100,-100,-100,-100,-100,-100,-100,-100,-100,-100,-100,-100,-100,-100,-100,-100,-100,-100,-100.0,-100.0,-100,-100
167.6644,-100.0,-100,-100,-100,-100,-100,-100,-100,-100.0,-100,-100,-100.0,-100,-100,-100.0,-100,-100,-100,-100,-100,-100,-100,-100,-100,-100,-100,-100,-100,-100,-100,-100,-100,-100,-100,-100,-100,-100.0,-100.0,-100.0,-100,-100,-100,-100,-100,-100,-100.0,-100,-100,-100,-100,-100,-88.23486166849095,-100,-100,-100.0,-100,-100,-100.0,-100.0,-100.0,-100.0,-100,-100.0,-100.0,-78.23460668737215,-100,-100,-100,-100,-100,-100,-100,-100,-100,-100,-100,-100,-100,-100,-100,-100,-100,-100,-100,-100,-100,-100,-100,-100,-100,-100,-100,-100,-100,-100,-100,-100,-100,-100,-100,-100,-100,-100,-100,-100,-100,-100,-100,-100,-100,-100,-100,-100,-100,-100,-100,-100,-100,-100,-100,-100,-100,-100,-100,-100,-100,-100,-100,-70.74029425738286,-100,-100,-100,-100,-100,-100,-100,-100.0,-100,-100,-86.39286306468343,-100,-100,-100,-90.4167035562245,-100.0,-100,-100.0,-100,-86.35718065075888,-100,-86.59863500958237,-100.0,-100.0,-85.48341054031201,-100.0,-100.0,-78.99667271642636,-100,-100.0,-100.0,-100.0,-100,-100,-100,-100,-100,-100,-100,-100,-100,-100,-100,-100,-100,-100,-100,-100,-100,-100,-100,-100,-100,-100,-100,-100,-100,-100,-100,-100,-100,-100.0,-100.0,-100.0,-100.0,-100.0,-100,-100,-100,-100,-100,-100,-100,-100,-100,-100.0,-100,-100,-100,-100,-100,-100,-100,-100,-100,-100,-100,-100,-100,-100,-100,-100,-100,-100,-100,-100,-100,-100,-100,-100,-100,-100,-100,-100,-100.0,-100.0,-100,-100
169.6465,-86.53702752388803,-100,-100,-100,-100,-100,-100,-100,-100.0,-100,-100,-100.0,-100,-100,-100.0,-100,-100,-100,-100,-100,-100,-100,-100,-100,-100,-100,-100,-100,-100,-100,-100,-100,-100,-100,-100,-100,-100.0,-100.0,-100.0,-100,-100,-100,-100,-100,-100,-100.0,-100,-100,-100,-100,-100,-100.0,-100,-100,-100.0,-100,-100,-100.0,-100.0,-100.0,-100.0,-100,-100.0,-100.0,-78.45073515683691,-100,-100,-100,-100,-100,-100,-100,-100,-100,-100,-100,-100,-100,-100,-100,-100,-100,-100,-100,-100,-100,-100,-100,-100,-100,-100,-100,-100,-100,-100,-100,-100,-100,-100,-100,-100,-100,-100,-100,-100,-100,-100,-100,-100,-100,-100,-100,-100,-100,-100,-100,-100,-100,-100,-100,-100,-100,-100,-100,-100,-100,-100,-100,-71.37838023949809,-100,-100,-100,-100,-100,-100,-100,-88.81100772596183,-100,-100,-86.5643020240711,-100,-100,-100,-100.0,-100.0,-100,-100.0,-100,-84.27969164296375,-100,-84.4529651591314,-100.0,-100.0,-83.37027727958224,-100.0,-100.0,-78.715236564314,-100,-100.0,-100.0,-100.0,-100,-100,-100,-100,-100,-100,-100,-100,-100,-100,-100,-100,-100,-100,-100,-100,-100,-100,-100,-100,-100,-100,-100,-100,-100,-100,-100,-100,-100,-100.0,-100.0,-100.0,-100.0,-100.0,-100,-100,-100,-100,-100,-100,-100,-100,-100,-100.0,-100,-100,-100,-100,-100,-100,-100,-100,-100,-100,-100,-100,-100,-100,-100,-100,-100,-100,-100,-100,-100,-100,-100,-100,-100,-100,-100,-100,-100.0,-100.0,-100,-100
171.6409,-100.0,-100,-100,-100,-100,-100,-100,-100,-100.0,-100,-100,-100.0,-100,-100,-100.0,-100,-100,-100,-100,-100,-100,-100,-100,-100,-100,-100,-100,-100,-100,-100,-100,-100,-100,-100,-100,-100,-100.0,-100.0,-100.0,-100,-100,-100,-100,-100,-100,-100.0,-100,-100,-100,-100,-100,-87.60379751058117,-100,-100,-100.0,-100,-100,-100.0,-100.0,-100.0,-100.0,-100,-100.0,-100.0,-78.60583419928355,-100,-100,-100,-100,-100,-100,-100,-100,-100,-100,-100,-100,-100,-100,-100,-100,-100,-100,-100,-100,-100,-100,-100,-100,-100,-100,-100,-100,-100,-100,-100,-100,-100,-100,-100,-100,-100,-100,-100,-100,-100,-100,-100,-100,-100,-100,-100,-100,-100,-100,-100,-100,-100,-100,-100,-100,-100,-100,-100,-100,-100,-100,-100,-70.14203207145815,-100,-100,-100,-100,-100,-100,-100,-86.32369649745276,-100,-100,-86.96970610178842,-100,-100,-100,-87.75911454104916,-84.81929356564979,-100,-100.0,-100,-83.91833782445309,-100,-83.47793171861704,-100.0,-100.0,-100.0,-100.0,-100.0,-100.0,-100,-91.90263114417368,-100.0,-100.0,-100,-100,-100,-100,-100,-100,-100,-100,-100,-100,-100,-100,-100,-100,-100,-100,-100,-100,-100,-100,-100,-100,-100,-100,-100,-100,-100,-100,-100,-100.0,-100.0,-100.0,-100.0,-100.0,-100,-100,-100,-100,-100,-100,-100,-100,-100,-100.0,-100,-100,-100,-100,-100,-100,-100,-100,-100,-100,-100,-100,-100,-100,-100,-100,-100,-100,-100,-100,-100,-100,-100,-100,-100,-100,-100,-100,-100.0,-100.0,-100,-100
173.6286,-86.66775969911811,-100,-100,-100,-100,-100,-100,-100,-100.0,-100,-100,-100.0,-100,-100,-100.0,-100,-100,-100,-100,-100,-100,-100,-100,-100,-100,-100,-100,-100,-100,-100,-100,-100,-100,-100,-100,-100,-100.0,-100.0,-100.0,-100,-100,-100,-100,-100,-100,-100.0,-100,-100,-100,-100,-100,-100.0,-100,-100,-100.0,-100,-100,-88.80761694708075,-100.0,-100.0,-100.0,-100,-100.0,-100.0,-79.28188843390593,-100,-100,-100,-100,-100,-100,-100,-100,-100,-100,-100,-100,-100,-100,-100,-100,-100,-100,-100,-100,-100,-100,-100,-100,-100,-100,-100,-100,-100,-100,-100,-100,-100,-100,-100,-100,-100,-100,-100,-100,-100,-100,-100,-100,-100,-100,-100,-100,-100,-100,-100,-100,-100,-100,-100,-100,-100,-100,-100,-100,-100,-100,-100,-70.38430136253538,-100,-100,-100,-100,-100,-100,-100,-87.07930955637694,-100,-100,-100.0,-100,-100,-100,-87.82711551499764,-100.0,-100,-100.0,-100,-83.94139723812044,-100,-83.62535111299874,-100.0,-100.0,-83.54809567112761,-100.0,-100.0,-80.48990101446361,-100,-100.0,-100.0,-100.0,-100,-100,-100,-100,-100,-100,-100,-100,-100,-100,-100,-100,-100,-100,-100,-100,-100,-100,-100,-100,-100,-100,-100,-100,-100,-100,-100,-100,-100,-100.0,-100.0,-100.0,-100.0,-100.0,-100,-100,-100,-100,-100,-100,-100,-100,-100,-100.0,-100,-100,-100,-100,-100,-100,-100,-100,-100,-100,-100,-100,-100,-100,-100,-100,-100,-100,-100,-100,-100,-100,-100,-100,-100,-100,-100,-100,-100.0,-100.0,-100,-100
175.6663,-87.60870337374433,-100,-100,-100,-100,-100,-100,-100,-100.0,-100,-100,-100.0,-100,-100,-100.0,-100,-100,-100,-100,-100,-100,-100,-100,-100,-100,-100,-100,-100,-100,-100,-100,-100,-100,-100,-100,-100,-100.0,-100.0,-100.0,-100,-100,-100,-100,-100,-100,-100.0,-100,-100,-100,-100,-100,-100.0,-100,-100,-100.0,-100,-100,-88.29718985331664,-100.0,-100.0,-100.0,-100,-100.0,-100.0,-78.07278720664068,-100,-100,-100,-100,-100,-100,-100,-100,-100,-100,-100,-100,-100,-100,-100,-100,-100,-100,-100,-100,-100,-100,-100,-100,-100,-100,-100,-100,-100,-100,-100,-100,-100,-100,-100,-100,-100,-100,-100,-100,-100,-100,-100,-100,-100,-100,-100,-100,-100,-100,-100,-100,-100,-100,-100,-100,-100,-100,-100,-100,-100,-100,-100,-69.14628121325592,-100,-100,-100,-100,-100,-100,-100,-100.0,-100,-100,-100.0,-100,-100,-100,-100.0,-100.0,-100,-100.0,-100,-100.0,-100,-84.8606456377799,-100.0,-100.0,-85.08758095121445,-100.0,-100.0,-81.48106765898152,-100,-100.0,-100.0,-100.0,-100,-100,-100,-100,-100,-100,-100,-100,-100,-100,-100,-100,-100,-100,-100,-100,-100,-100,-100,-100,-100,-100,-100,-100,-100,-100,-100,-100,-100,-100.0,-100.0,-100.0,-100.0,-100.0,-100,-100,-100,-100,-100,-100,-100,-100,-100,-100.0,-100,-100,-100,-100,-100,-100,-100,-100,-100,-100,-100,-100,-100,-100,-100,-100,-100,-100,-100,-100,-100,-100,-100,-100,-100,-100,-100,-100,-100.0,-100.0,-100,-100
177.6289,-86.58969324646498,-100,-100,-100,-100,-100,-100,-100,-100.0,-100,-100,-100.0,-100,-100,-100.0,-100,-100,-100,-100,-100,-100,-100,-100,-100,-100,-100,-100,-100,-100,-100,-100,-100,-100,-100,-100,-100,-100.0,-100.0,-100.0,-100,-100,-100,-100,-100,-100,-100.0,-100,-100,-100,-100,-100,-100.0,-100,-100,-100.0,-100,-100,-88.49564635773194,-100.0,-100.0,-100.0,-100,-100.0,-100.0,-76.07560399560258,-100,-100,-100,-100,-100,-100,-100,-100,-100,-100,-100,-100,-100,-100,-100,-100,-100,-100,-100,-100,-100,-100,-100,-100,-100,-100,-100,-100,-100,-100,-100,-100,-100,-100,-100,-100,-100,-100,-100,-100,-100,-100,-100,-100,-100,-100,-100,-100,-100,-100,-100,-100,-100,-100,-100,-100,-100,-100,-100,-100,-100,-100,-100,-69.10497495383238,-100,-100,-100,-100,-100,-100,-100,-100.0,-100,-100,-100.0,-100,-100,-100,-88.72293056326995,-100.0,-100,-100.0,-100,-85.36982371443958,-100,-86.02949870733094,-100.0,-100.0,-86.47472869978614,-100.0,-100.0,-83.32185571678585,-100,-100.0,-100.0,-100.0,-100,-100,-100,-100,-100,-100,-100,-100,-100,-100,-100,-100,-100,-100,-100,-100,-100,-100,-100,-100,-100,-100,-100,-100,-100,-100,-100,-100,-100,-100.0,-100.0,-100.0,-100.0,-100.0,-100,-100,-100,-100,-100,-100,-100,-100,-100,-100.0,-100,-100,-100,-100,-100,-100,-100,-100,-100,-100,-100,-100,-100,-100,-100,-100,-100,-100,-100,-100,-100,-100,-100,-100,-100,-100,-100,-100,-100.0,-100.0,-100,-100
179.6635,-86.98792959774799,-100,-100,-100,-100,-100,-100,-100,-100.0,-100,-100,-100.0,-100,-100,-100.0,-100,-100,-100,-100,-100,-100,-100,-100,-100,-100,-100,-100,-100,-100,-100,-100,-100,-100,-100,-100,-100,-100.0,-100.0,-100.0,-100,-100,-100,-100,-100,-100,-100.0,-100,-100,-100,-100,-100,-100.0,-100,-100,-100.0,-100,-100,-89.48519065694495,-100.0,-100.0,-100.0,-100,-100.0,-100.0,-74.92475248020355,-100,-100,-100,-100,-100,-100,-100,-100,-100,-100,-100,-100,-100,-100,-100,-100,-100,-100,-100,-100,-100,-100,-100,-100,-100,-100,-100,-100,-100,-100,-100,-100,-100,-100,-100,-100,-100,-100,-100,-100,-100,-100,-100,-100,-100,-100,-100,-100,-100,-100,-100,-100,-100,-100,-100,-100,-100,-100,-100,-100,-100,-100,-100,-71.05196245106174,-100,-100,-100,-100,-100,-100,-100,-100.0,-100,-100,-100.0,-100,-100,-100,-100.0,-100.0,-100,-100.0,-100,-100.0,-100,-100.0,-100.0,-100.0,-100.0,-100.0,-100.0,-83.79572287696112,-100,-100.0,-100.0,-100.0,-100,-100,-100,-100,-100,-100,-100,-100,-100,-100,-100,-100,-100,-100,-100,-100,-100,-100,-100,-100,-100,-100,-100,-100,-100,-100,-100,-100,-100,-100.0,-100.0,-100.0,-100.0,-100.0,-100,-100,-100,-100,-100,-100,-100,-100,-100,-100.0,-100,-100,-100,-100,-100,-100,-100,-100,-100,-100,-100,-100,-100,-100,-100,-100,-100,-100,-100,-100,-100,-100,-100,-100,-100,-100,-100,-100,-100.0,-100.0,-100,-100
181.647,-86.14421089760341,-100,-100,-100,-100,-100,-100,-100,-100.0,-100,-100,-100.0,-100,-100,-100.0,-100,-100,-100,-100,-100,-100,-100,-100,-100,-100,-100,-100,-100,-100,-100,-100,-100,-100,-100,-100,-100,-100.0,-100.0,-100.0,-100,-100,-100,-100,-100,-100,-100.0,-100,-100,-100,-100,-100,-100.0,-100,-100,-100.0,-100,-100,-88.78343321518011,-100.0,-100.0,-100.0,-100,-100.0,-100.0,-75.5107519432433,-100,-100,-100,-100,-100,-100,-100,-100,-100,-100,-100,-100,-100,-100,-100,-100,-100,-100,-100,-100,-100,-100,-100,-100,-100,-100,-100,-100,-100,-100,-100,-100,-100,-100,-100,-100,-100,-100,-100,-100,-100,-100,-100,-100,-100,-100,-100,-100,-100,-100,-100,-100,-100,-100,-100,-100,-100,-100,-100,-100,-100,-100,-100,-72.44916799840908,-100,-100,-100,-100,-100,-100,-100,-84.23337086613091,-100,-100,-100.0,-100,-100,-100,-100.0,-100.0,-100,-100.0,-100,-86.39489727014089,-100,-87.15067177382421,-100.0,-100.0,-87.18780394109528,-100.0,-100.0,-84.70053286016523,-100,-100.0,-100.0,-100.0,-100,-100,-100,-100,-100,-100,-100,-100,-100,-100,-100,-100,-100,-100,-100,-100,-100,-100,-100,-100,-100,-100,-100,-100,-100,-100,-100,-100,-100,-100.0,-100.0,-100.0,-100.0,-100.0,-100,-100,-100,-100,-100,-100,-100,-100,-100,-100.0,-100,-100,-100,-100,-100,-100,-100,-100,-100,-100,-100,-100,-100,-100,-100,-100,-100,-100,-100,-100,-100,-100,-100,-100,-100,-100,-100,-100,-100.0,-100.0,-100,-100
183.6819,-86.38586494113113,-100,-100,-100,-100,-100,-100,-100,-100.0,-100,-100,-90.13020284649859,-100,-100,-100.0,-100,-100,-100,-100,-100,-100,-100,-100,-100,-100,-100,-100,-100,-100,-100,-100,-100,-100,-100,-100,-100,-100.0,-100.0,-100.0,-100,-100,-100,-100,-100,-100,-100.0,-100,-100,-100,-100,-100,-100.0,-100,-100,-100.0,-100,-100,-87.15033223503569,-100.0,-100.0,-100.0,-100,-100.0,-100.0,-73.67227383095533,-100,-100,-100,-100,-100,-100,-100,-100,-100,-100,-100,-100,-100,-100,-100,-100,-100,-100,-100,-100,-100,-100,-100,-100,-100,-100,-100,-100,-100,-100,-100,-100,-100,-100,-100,-100,-100,-100,-100,-100,-100,-100,-100,-100,-100,-100,-100,-100,-100,-100,-100,-100,-100,-100,-100,-100,-100,-100,-100,-100,-100,-100,-100,-72.8870852644354,-100,-100,-100,-100,-100,-100,-100,-100.0,-100,-100,-100.0,-100,-100,-100,-88.51880784545249,-87.68254352489046,-100,-100.0,-100,-100.0,-100,-100.0,-100.0,-100.0,-100.0,-100.0,-100.0,-85.34984649449879,-100,-100.0,-100.0,-100.0,-100,-100,-100,-100,-100,-100,-100,-100,-100,-100,-100,-100,-100,-100,-100,-100,-100,-100,-100,-100,-100,-100,-100,-100,-100,-100,-100,-100,-100,-100.0,-100.0,-100.0,-100.0,-100.0,-100,-100,-100,-100,-100,-100,-100,-100,-100,-100.0,-100,-100,-100,-100,-100,-100,-100,-100,-100,-100,-100,-100,-100,-100,-100,-100,-100,-100,-100,-100,-100,-100,-100,-100,-100,-100,-100,-100,-100.0,-100.0,-100,-100
185.6572,-82.04127061785277,-100,-100,-100,-100,-100,-100,-100,-90.29055296495015,-100,-100,-88.68157307899355,-100,-100,-100.0,-100,-100,-100,-100,-100,-100,-100,-100,-100,-100,-100,-100,-100,-100,-100,-100,-100,-100,-100,-100,-100,-88.69760799340455,-100.0,-100.0,-100,-100,-100,-100,-100,-100,-100.0,-100,-100,-100,-100,-100,-100.0,-100,-100,-100.0,-100,-100,-84.00174940811259,-100.0,-100.0,-88.45576492688004,-100,-100.0,-100.0,-67.83492611739732,-100,-100,-100,-100,-100,-100,-100,-100,-100,-100,-100,-100,-100,-100,-100,-100,-100,-100,-100,-100,-100,-100,-100,-100,-100,-100,-100,-100,-100,-100,-100,-100,-100,-100,-100,-100,-100,-100,-100,-100,-100,-100,-100,-100,-100,-100,-100,-100,-100,-100,-100,-100,-100,-100,-100,-100,-100,-100,-100,-100,-100,-100,-100,-100.0,-100,-100,-100,-100,-100,-100,-100,-100.0,-100,-100,-100.0,-100,-100,-100,-100.0,-100.0,-100,-100.0,-100,-100.0,-100,-100.0,-100.0,-100.0,-100.0,-100.0,-100.0,-100.0,-100,-100.0,-100.0,-100.0,-100,-100,-100,-100,-100,-100,-100,-100,-100,-100,-100,-100,-100,-100,-100,-100,-100,-100,-100,-100,-100,-100,-100,-100,-100,-100,-100,-100,-100,-100.0,-100.0,-100.0,-100.0,-100.0,-100,-100,-100,-100,-100,-100,-100,-100,-100,-100.0,-100,-100,-100,-100,-100,-100,-100,-100,-100,-100,-100,-100,-100,-100,-100,-100,-100,-100,-100,-100,-100,-100,-100,-100,-100,-100,-100,-100,-100.0,-100.0,-100,-100
187.663,-78.35873274874716,-100,-100,-100,-100,-100,-100,-100,-89.07900508469967,-100,-100,-87.07724338522024,-100,-100,-100.0,-100,-100,-100,-100,-100,-100,-100,-100,-100,-100,-100,-100,-100,-100,-100,-100,-100,-100,-100,-100,-100,-89.91183223519332,-100.0,-100.0,-100,-100,-100,-100,-100,-100,-89.45267534648113,-100,-100,-100,-100,-100,-100.0,-100,-100,-100.0,-100,-100,-81.74224984875755,-100.0,-100.0,-100.0,-100,-100.0,-100.0,-65.34015770476064,-100,-100,-100,-100,-100,-100,-100,-100,-100,-100,-100,-100,-100,-100,-100,-100,-100,-100,-100,-100,-100,-100,-100,-100,-100,-100,-100,-100,-100,-100,-100,-100,-100,-100,-100,-100,-100,-100,-100,-100,-100,-100,-100,-100,-100,-100,-100,-100,-100,-100,-100,-100,-100,-100,-100,-100,-100,-100,-100,-100,-100,-100,-100,-100.0,-100,-100,-100,-100,-100,-100,-100,-100.0,-100,-100,-100.0,-100,-100,-100,-100.0,-100.0,-100,-100.0,-100,-100.0,-100,-100.0,-100.0,-100.0,-100.0,-100.0,-100.0,-100.0,-100,-100.0,-100.0,-100.0,-100,-100,-100,-100,-100,-100,-100,-100,-100,-100,-100,-100,-100,-100,-100,-100,-100,-100,-100,-100,-100,-100,-100,-100,-100,-100,-100,-100,-100,-100.0,-100.0,-100.0,-100.0,-100.0,-100,-100,-100,-100,-100,-100,-100,-100,-100,-84.34824469857982,-100,-100,-100,-100,-100,-100,-100,-100,-100,-100,-100,-100,-100,-100,-100,-100,-100,-100,-100,-100,-100,-100,-100,-100,-100,-100,-100,-100,-100.0,-100.0,-100,-100
189.6621,-79.10456242747892,-100,-100,-100,-100,-100,-100,-100,-87.36244179214391,-100,-100,-85.9259320723887,-100,-100,-100.0,-100,-100,-100,-100,-100,-100,-100,-100,-100,-100,-100,-100,-100,-100,-100,-100,-100,-100,-100,-100,-100,-100.0,-100.0,-100.0,-100,-100,-100,-100,-100,-100,-87.91297235121512,-100,-100,-100,-100,-100,-100.0,-100,-100,-100.0,-100,-100,-80.12077805037558,-100.0,-100.0,-88.89169613432992,-100,-100.0,-100.0,-63.83222695544727,-100,-100,-100,-100,-100,-100,-100,-100,-100,-100,-100,-100,-100,-100,-100,-100,-100,-100,-100,-100,-100,-100,-100,-100,-100,-100,-100,-100,-100,-100,-100,-100,-100,-100,-100,-100,-100,-100,-100,-100,-100,-100,-100,-100,-100,-100,-100,-100,-100,-100,-100,-100,-100,-100,-100,-100,-100,-100,-100,-100,-100,-100,-100,-100.0,-100,-100,-100,-100,-100,-100,-100,-100.0,-100,-100,-100.0,-100,-100,-100,-100.0,-100.0,-100,-100.0,-100,-100.0,-100,-100.0,-92.237375072709,-100.0,-100.0,-100.0,-100.0,-100.0,-100,-100.0,-100.0,-100.0,-100,-100,-100,-100,-100,-100,-100,-100,-100,-100,-100,-100,-100,-100,-100,-100,-100,-100,-100,-100,-100,-100,-100,-100,-100,-100,-100,-100,-100,-100.0,-100.0,-100.0,-100.0,-100.0,-100,-100,-100,-100,-100,-100,-100,-100,-100,-82.56284684906225,-100,-100,-100,-100,-100,-100,-100,-100,-100,-100,-100,-100,-100,-100,-100,-100,-100,-100,-100,-100,-100,-100,-100,-100,-100,-100,-100,-100,-100.0,-100.0,-100,-100
191.6462,-100.0,-100,-100,-100,-100,-100,-100,-100,-84.7187157736324,-100,-100,-82.27596810954816,-100,-100,-100.0,-100,-100,-100,-100,-100,-100,-100,-100,-100,-100,-100,-100,-100,-100,-100,-100,-100,-100,-100,-100,-100,-88.24294631918953,-100.0,-100.0,-100,-100,-100,-100,-100,-100,-86.80804406015004,-100,-100,-100,-100,-100,-100.0,-100,-100,-100.0,-100,-100,-75.56866212628097,-100.0,-91.50411961379686,-87.22826650683228,-100,-100.0,-100.0,-60.77346932828984,-100,-100,-100,-100,-100,-100,-100,-100,-100,-100,-100,-100,-100,-100,-100,-100,-100,-100,-100,-100,-100,-100,-100,-100,-100,-100,-100,-100,-100,-100,-100,-100,-100,-100,-100,-100,-100,-100,-100,-100,-100,-100,-100,-100,-100,-100,-100,-100,-100,-100,-100,-100,-100,-100,-100,-100,-100,-100,-100,-100,-100,-100,-100,-100.0,-100,-100,-100,-100,-100,-100,-100,-100.0,-100,-100,-100.0,-100,-100,-100,-100.0,-100.0,-100,-100.0,-100,-100.0,-100,-100.0,-100.0,-100.0,-100.0,-100.0,-100.0,-100.0,-100,-100.0,-100.0,-100.0,-100,-100,-100,-100,-100,-100,-100,-100,-100,-100,-100,-100,-100,-100,-100,-100,-100,-100,-100,-100,-100,-100,-100,-100,-100,-100,-100,-100,-100,-100.0,-100.0,-100.0,-100.0,-100.0,-100,-100,-100,-100,-100,-100,-100,-100,-100,-81.84065768432113,-100,-100,-100,-100,-100,-100,-100,-100,-100,-100,-100,-100,-100,-100,-100,-100,-100,-100,-100,-100,-100,-100,-100,-100,-100,-100,-100,-100,-100.0,-100.0,-100,-100
193.6507,-77.38078236246469,-100,-100,-100,-100,-100,-100,-100,-82.82151372996893,-100,-100,-79.93903753646406,-100,-100,-87.28397977005478,-100,-100,-100,-100,-100,-100,-100,-100,-100,-100,-100,-100,-100,-100,-100,-100,-100,-100,-100,-100,-100,-85.91567742877314,-100.0,-100.0,-100,-100,-100,-100,-100,-100,-86.01512066410668,-100,-100,-100,-100,-100,-100.0,-100,-100,-100.0,-100,-100,-71.7372017128511,-89.76605625874245,-100.0,-86.31675084171347,-100,-100.0,-100.0,-59.143181907642195,-100,-100,-100,-100,-100,-100,-100,-100,-100,-100,-100,-100,-100,-100,-100,-100,-100,-100,-100,-100,-100,-100,-100,-100,-100,-100,-100,-100,-100,-100,-100,-100,-100,-100,-100,-100,-100,-100,-100,-100,-100,-100,-100,-100,-100,-100,-100,-100,-100,-100,-100,-100,-100,-100,-100,-100,-100,-100,-100,-100,-100,-100,-100,-100.0,-100,-100,-100,-100,-100,-100,-100,-100.0,-100,-100,-100.0,-100,-100,-100,-100.0,-100.0,-100,-100.0,-100,-100.0,-100,-100.0,-100.0,-100.0,-100.0,-100.0,-100.0,-100.0,-100,-100.0,-100.0,-100.0,-100,-100,-100,-100,-100,-100,-100,-100,-100,-100,-100,-100,-100,-100,-100,-100,-100,-100,-100,-100,-100,-100,-100,-100,-100,-100,-100,-100,-100,-100.0,-100.0,-100.0,-100.0,-100.0,-100,-100,-100,-100,-100,-100,-100,-100,-100,-100.0,-100,-100,-100,-100,-100,-100,-100,-100,-100,-100,-100,-100,-100,-100,-100,-100,-100,-100,-100,-100,-100,-100,-100,-100,-100,-100,-100,-100,-100.0,-100.0,-100,-100
195.6495,-77.27325867779058,-100,-100,-100,-100,-100,-100,-100,-80.04815695344139,-100,-100,-100.0,-100,-100,-100.0,-100,-100,-100,-100,-100,-100,-100,-100,-100,-100,-100,-100,-100,-100,-100,-100,-100,-100,-100,-100,-100,-85.65713176076339,-100.0,-100.0,-100,-100,-100,-100,-100,-100,-84.03422108341552,-100,-100,-100,-100,-100,-100.0,-100,-100,-86.14665801427644,-100,-100,-69.83477968923218,-100.0,-90.52954132419536,-86.2273115553557,-100,-100.0,-100.0,-56.56136955164973,-100,-100,-100,-100,-100,-100,-100,-100,-100,-100,-100,-100,-100,-100,-100,-100,-100,-100,-100,-100,-100,-100,-100,-100,-100,-100,-100,-100,-100,-100,-100,-100,-100,-100,-100,-100,-100,-100,-100,-100,-100,-100,-100,-100,-100,-100,-100,-100,-100,-100,-100,-100,-100,-100,-100,-100,-100,-100,-100,-100,-100,-100,-100,-100.0,-100,-100,-100,-100,-100,-100,-100,-100.0,-100,-100,-100.0,-100,-100,-100,-100.0,-100.0,-100,-100.0,-100,-100.0,-100,-100.0,-100.0,-100.0,-100.0,-100.0,-100.0,-100.0,-100,-100.0,-100.0,-100.0,-100,-100,-100,-100,-100,-100,-100,-100,-100,-100,-100,-100,-100,-100,-100,-100,-100,-100,-100,-100,-100,-100,-100,-100,-100,-100,-100,-100,-100,-100.0,-100.0,-100.0,-100.0,-100.0,-100,-100,-100,-100,-100,-100,-100,-100,-100,-100.0,-100,-100,-100,-100,-100,-100,-100,-100,-100,-100,-100,-100,-100,-100,-100,-100,-100,-100,-100,-100,-100,-100,-100,-100,-100,-100,-100,-100,-100.0,-100.0,-100,-100
197.6677,-75.50184289166046,-100,-100,-100,-100,-100,-100,-100,-80.31693429631767,-100,-100,-77.69724711694485,-100,-100,-87.20379160584771,-100,-100,-100,-100,-100,-100,-100,-100,-100,-100,-100,-100,-100,-100,-100,-100,-100,-100,-100,-100,-100,-85.18921609152092,-100.0,-100.0,-100,-100,-100,-100,-100,-100,-83.74218218505554,-100,-100,-100,-100,-100,-100.0,-100,-100,-100.0,-100,-100,-70.72856097788271,-100.0,-100.0,-85.59838540891693,-100,-100.0,-100.0,-57.532355218228474,-100,-100,-100,-100,-100,-100,-100,-100,-100,-100,-100,-100,-100,-100,-100,-100,-100,-100,-100,-100,-100,-100,-100,-100,-100,-100,-100,-100,-100,-100,-100,-100,-100,-100,-100,-100,-100,-100,-100,-100,-100,-100,-100,-100,-100,-100,-100,-100,-100,-100,-100,-100,-100,-100,-100,-100,-100,-100,-100,-100,-100,-100,-100,-100.0,-100,-100,-100,-100,-100,-100,-100,-100.0,-100,-100,-100.0,-100,-100,-100,-100.0,-100.0,-100,-100.0,-100,-100.0,-100,-100.0,-100.0,-100.0,-100.0,-100.0,-100.0,-100.0,-100,-100.0,-100.0,-100.0,-100,-100,-100,-100,-100,-100,-100,-100,-100,-100,-100,-100,-100,-100,-100,-100,-100,-100,-100,-100,-100,-100,-100,-100,-100,-100,-100,-100,-100,-100.0,-100.0,-100.0,-100.0,-100.0,-100,-100,-100,-100,-100,-100,-100,-100,-100,-79.62900526512634,-100,-100,-100,-100,-100,-100,-100,-100,-100,-100,-100,-100,-100,-100,-100,-100,-100,-100,-100,-100,-100,-100,-100,-100,-100,-100,-100,-100,-100.0,-100.0,-100,-100
199.6697,-73.94825617514272,-100,-100,-100,-100,-100,-100,-100,-80.79219114602358,-100,-100,-75.80610766135628,-100,-100,-86.29912349114423,-100,-100,-100,-100,-100,-100,-100,-100,-100,-100,-100,-100,-100,-100,-100,-100,-100,-100,-100,-100,-100,-100.0,-100.0,-100.0,-100,-100,-100,-100,-100,-100,-82.40310518943204,-100,-100,-100,-100,-100,-87.71567487441754,-100,-100,-100.0,-100,-100,-69.3933302800709,-100.0,-100.0,-86.55890886221188,-100,-100.0,-89.92143734434171,-57.946782435149366,-100,-100,-100,-100,-100,-100,-100,-100,-100,-100,-100,-100,-100,-100,-100,-100,-100,-100,-100,-100,-100,-100,-100,-100,-100,-100,-100,-100,-100,-100,-100,-100,-100,-100,-100,-100,-100,-100,-100,-100,-100,-100,-100,-100,-100,-100,-100,-100,-100,-100,-100,-100,-100,-100,-100,-100,-100,-100,-100,-100,-100,-100,-100,-100.0,-100,-100,-100,-100,-100,-100,-100,-100.0,-100,-100,-100.0,-100,-100,-100,-100.0,-100.0,-100,-100.0,-100,-100.0,-100,-100.0,-100.0,-100.0,-100.0,-100.0,-100.0,-100.0,-100,-100.0,-100.0,-100.0,-100,-100,-100,-100,-100,-100,-100,-100,-100,-100,-100,-100,-100,-100,-100,-100,-100,-100,-100,-100,-100,-100,-100,-100,-100,-100,-100,-100,-100,-100.0,-100.0,-100.0,-100.0,-100.0,-100,-100,-100,-100,-100,-100,-100,-100,-100,-100.0,-100,-100,-100,-100,-100,-100,-100,-100,-100,-100,-100,-100,-100,-100,-100,-100,-100,-100,-100,-100,-100,-100,-100,-100,-100,-100,-100,-100,-100.0,-100.0,-100,-100
201.7002,-75.09237015821782,-100,-100,-100,-100,-100,-100,-100,-81.98037410033739,-100,-100,-74.4489797983025,-100,-100,-86.21465851646639,-100,-100,-100,-100,-100,-100,-100,-100,-100,-100,-100,-100,-100,-100,-100,-100,-100,-100,-100,-100,-100,-85.70052729217205,-100.0,-100.0,-100,-100,-100,-100,-100,-100,-82.8540294732009,-100,-100,-100,-100,-100,-100.0,-100,-100,-100.0,-100,-100,-68.43513628004474,-100.0,-100.0,-86.40108741535329,-100,-100.0,-100.0,-59.091312566580996,-100,-100,-100,-100,-100,-100,-100,-100,-100,-100,-100,-100,-100,-100,-100,-100,-100,-100,-100,-100,-100,-100,-100,-100,-100,-100,-100,-100,-100,-100,-100,-100,-100,-100,-100,-100,-100,-100,-100,-100,-100,-100,-100,-100,-100,-100,-100,-100,-100,-100,-100,-100,-100,-100,-100,-100,-100,-100,-100,-100,-100,-100,-100,-100.0,-100,-100,-100,-100,-100,-100,-100,-100.0,-100,-100,-100.0,-100,-100,-100,-100.0,-100.0,-100,-100.0,-100,-100.0,-100,-100.0,-100.0,-100.0,-100.0,-100.0,-100.0,-100.0,-100,-100.0,-100.0,-100.0,-100,-100,-100,-100,-100,-100,-100,-100,-100,-100,-100,-100,-100,-100,-100,-100,-100,-100,-100,-100,-100,-100,-100,-100,-100,-100,-100,-100,-100,-100.0,-100.0,-100.0,-100.0,-100.0,-100,-100,-100,-100,-100,-100,-100,-100,-100,-77.47594177870992,-100,-100,-100,-100,-100,-100,-100,-100,-100,-100,-100,-100,-100,-100,-100,-100,-100,-100,-100,-100,-100,-100,-100,-100,-100,-100,-100,-100,-100.0,-100.0,-100,-100
203.6933,-74.78391137436196,-100,-100,-100,-100,-100,-100,-100,-81.98591597741675,-100,-100,-72.91032041250978,-100,-100,-100.0,-100,-100,-100,-100,-100,-100,-100,-100,-100,-100,-100,-100,-100,-100,-100,-100,-100,-100,-100,-100,-100,-100.0,-89.64639627729893,-100.0,-100,-100,-100,-100,-100,-100,-83.17762369844466,-100,-100,-100,-100,-100,-87.51358623231856,-100,-100,-100.0,-100,-100,-68.3122643700567,-100.0,-100.0,-86.57020531412785,-100,-100.0,-100.0,-59.912655205410516,-100,-100,-100,-100,-100,-100,-100,-100,-100,-100,-100,-100,-100,-100,-100,-100,-100,-100,-100,-100,-100,-100,-100,-100,-100,-100,-100,-100,-100,-100,-100,-100,-100,-100,-100,-100,-100,-100,-100,-100,-100,-100,-100,-100,-100,-100,-100,-100,-100,-100,-100,-100,-100,-100,-100,-100,-100,-100,-100,-100,-100,-100,-100,-100.0,-100,-100,-100,-100,-100,-100,-100,-100.0,-100,-100,-100.0,-100,-100,-100,-100.0,-100.0,-100,-100.0,-100,-100.0,-100,-100.0,-100.0,-100.0,-100.0,-100.0,-100.0,-100.0,-100,-100.0,-100.0,-100.0,-100,-100,-100,-100,-100,-100,-100,-100,-100,-100,-100,-100,-100,-100,-100,-100,-100,-100,-100,-100,-100,-100,-100,-100,-100,-100,-100,-100,-100,-100.0,-100.0,-100.0,-100.0,-100.0,-100,-100,-100,-100,-100,-100,-100,-100,-100,-77.05928948728203,-100,-100,-100,-100,-100,-100,-100,-100,-100,-100,-100,-100,-100,-100,-100,-100,-100,-100,-100,-100,-100,-100,-100,-100,-100,-100,-100,-100,-100.0,-100.0,-100,-100
205.69,-76.82155942334553,-100,-100,-100,-100,-100,-100,-100,-100.0,-100,-100,-71.80614099274847,-100,-100,-85.87166895196681,-100,-100,-100,-100,-100,-100,-100,-100,-100,-100,-100,-100,-100,-100,-100,-100,-100,-100,-100,-100,-100,-86.34983585048734,-89.74334294292245,-100.0,-100,-100,-100,-100,-100,-100,-83.40984277907417,-100,-100,-100,-100,-100,-100.0,-100,-100,-100.0,-100,-100,-68.50646419731375,-89.831121529437,-100.0,-100.0,-100,-100.0,-100.0,-61.066822037096564,-100,-100,-100,-100,-100,-100,-100,-100,-100,-100,-100,-100,-100,-100,-100,-100,-100,-100,-100,-100,-100,-100,-100,-100,-100,-100,-100,-100,-100,-100,-100,-100,-100,-100,-100,-100,-100,-100,-100,-100,-100,-100,-100,-100,-100,-100,-100,-100,-100,-100,-100,-100,-100,-100,-100,-100,-100,-100,-100,-100,-100,-100,-100,-100.0,-100,-100,-100,-100,-100,-100,-100,-100.0,-100,-100,-100.0,-100,-100,-100,-100.0,-100.0,-100,-100.0,-100,-100.0,-100,-100.0,-100.0,-100.0,-100.0,-100.0,-100.0,-100.0,-100,-100.0,-100.0,-100.0,-100,-100,-100,-100,-100,-100,-100,-100,-100,-100,-100,-100,-100,-100,-100,-100,-100,-100,-100,-100,-100,-100,-100,-100,-100,-100,-100,-100,-100,-100.0,-100.0,-100.0,-100.0,-100.0,-100,-100,-100,-100,-100,-100,-100,-100,-100,-77.60721919914222,-100,-100,-100,-100,-100,-100,-100,-100,-100,-100,-100,-100,-100,-100,-100,-100,-100,-100,-100,-100,-100,-100,-100,-100,-100,-100,-100,-100,-100.0,-100.0,-100,-100
207.6579,-79.69570366667256,-100,-100,-100,-100,-100,-100,-100,-81.98989296309797,-100,-100,-71.29613067946775,-100,-100,-84.49602903104191,-100,-100,-100,-100,-100,-100,-100,-100,-100,-100,-100,-100,-100,-100,-100,-100,-100,-100,-100,-100,-100,-100.0,-100.0,-100.0,-100,-100,-100,-100,-100,-100,-83.57648883515748,-100,-100,-100,-100,-100,-86.52143626150988,-100,-100,-86.10755644862778,-100,-100,-67.79869962477818,-100.0,-100.0,-100.0,-100,-100.0,-100.0,-62.459831598493146,-100,-100,-100,-100,-100,-100,-100,-100,-100,-100,-100,-100,-100,-100,-100,-100,-100,-100,-100,-100,-100,-100,-100,-100,-100,-100,-100,-100,-100,-100,-100,-100,-100,-100,-100,-100,-100,-100,-100,-100,-100,-100,-100,-100,-100,-100,-100,-100,-100,-100,-100,-100,-100,-100,-100,-100,-100,-100,-100,-100,-100,-100,-100,-100.0,-100,-100,-100,-100,-100,-100,-100,-100.0,-100,-100,-100.0,-100,-100,-100,-100.0,-100.0,-100,-100.0,-100,-100.0,-100,-100.0,-100.0,-100.0,-100.0,-100.0,-100.0,-100.0,-100,-100.0,-100.0,-100.0,-100,-100,-100,-100,-100,-100,-100,-100,-100,-100,-100,-100,-100,-100,-100,-100,-100,-100,-100,-100,-100,-100,-100,-100,-100,-100,-100,-100,-100,-100.0,-100.0,-100.0,-100.0,-100.0,-100,-100,-100,-100,-100,-100,-100,-100,-100,-78.28283169227481,-100,-100,-100,-100,-100,-100,-100,-100,-100,-100,-100,-100,-100,-100,-100,-100,-100,-100,-100,-100,-100,-100,-100,-100,-100,-100,-100,-100,-100.0,-100.0,-100,-100
209.6949,-76.11074550596517,-100,-100,-100,-100,-100,-100,-100,-100.0,-100,-100,-69.80063210241605,-100,-100,-85.48546490565579,-100,-100,-100,-100,-100,-100,-100,-100,-100,-100,-100,-100,-100,-100,-100,-100,-100,-100,-100,-100,-100,-85.68630281517915,-89.25847816353176,-100.0,-100,-100,-100,-100,-100,-100,-82.84895100676559,-100,-100,-100,-100,-100,-100.0,-100,-100,-87.17473815291187,-100,-100,-68.42029335061756,-100.0,-100.0,-100.0,-100,-100.0,-100.0,-63.177113419150174,-100,-100,-100,-100,-100,-100,-100,-100,-100,-100,-100,-100,-100,-100,-100,-100,-100,-100,-100,-100,-100,-100,-100,-100,-100,-100,-100,-100,-100,-100,-100,-100,-100,-100,-100,-100,-100,-100,-100,-100,-100,-100,-100,-100,-100,-100,-100,-100,-100,-100,-100,-100,-100,-100,-100,-100,-100,-100,-100,-100,-100,-100,-100,-100.0,-100,-100,-100,-100,-100,-100,-100,-100.0,-100,-100,-100.0,-100,-100,-100,-100.0,-100.0,-100,-100.0,-100,-100.0,-100,-100.0,-100.0,-100.0,-100.0,-100.0,-100.0,-100.0,-100,-100.0,-100.0,-100.0,-100,-100,-100,-100,-100,-100,-100,-100,-100,-100,-100,-100,-100,-100,-100,-100,-100,-100,-100,-100,-100,-100,-100,-100,-100,-100,-100,-100,-100,-100.0,-100.0,-100.0,-100.0,-100.0,-100,-100,-100,-100,-100,-100,-100,-100,-100,-76.50878121201954,-100,-100,-100,-100,-100,-100,-100,-100,-100,-100,-100,-100,-100,-100,-100,-100,-100,-100,-100,-100,-100,-100,-100,-100,-100,-100,-100,-100,-100.0,-100.0,-100,-100
211.7988,-78.90323062790203,-100,-100,-100,-100,-100,-100,-100,-82.55749833693433,-100,-100,-71.26880722668946,-100,-100,-85.6307570833533,-100,-100,-100,-100,-100,-100,-100,-100,-100,-100,-100,-100,-100,-100,-100,-100,-100,-100,-100,-100,-100,-100.0,-100.0,-100.0,-100,-100,-100,-100,-100,-100,-83.73873065976201,-100,-100,-100,-100,-100,-100.0,-100,-100,-100.0,-100,-100,-69.4311155076698,-100.0,-100.0,-87.25631932051964,-100,-100.0,-100.0,-62.27997380574105,-100,-100,-100,-100,-100,-100,-100,-100,-100,-100,-100,-100,-100,-100,-100,-100,-100,-100,-100,-100,-100,-100,-100,-100,-100,-100,-100,-100,-100,-100,-100,-100,-100,-100,-100,-100,-100,-100,-100,-100,-100,-100,-100,-100,-100,-100,-100,-100,-100,-100,-100,-100,-100,-100,-100,-100,-100,-100,-100,-100,-100,-100,-100,-100.0,-100,-100,-100,-100,-100,-100,-100,-100.0,-100,-100,-100.0,-100,-100,-100,-100.0,-100.0,-100,-100.0,-100,-100.0,-100,-100.0,-100.0,-100.0,-100.0,-100.0,-100.0,-86.38056113158758,-100,-100.0,-100.0,-100.0,-100,-100,-100,-100,-100,-100,-100,-100,-100,-100,-100,-100,-100,-100,-100,-100,-100,-100,-100,-100,-100,-100,-100,-100,-100,-100,-100,-100,-100,-100.0,-100.0,-100.0,-100.0,-100.0,-100,-100,-100,-100,-100,-100,-100,-100,-100,-77.2122268653647,-100,-100,-100,-100,-100,-100,-100,-100,-100,-100,-100,-100,-100,-100,-100,-100,-100,-100,-100,-100,-100,-100,-100,-100,-100,-100,-100,-100,-100.0,-100.0,-100,-100
213.7627,-79.4953073389674,-100,-100,-100,-100,-100,-100,-100,-84.09432853271855,-100,-100,-100.0,-100,-100,-100.0,-100,-100,-100,-100,-100,-100,-100,-100,-100,-100,-100,-100,-100,-100,-100,-100,-100,-100,-100,-100,-100,-100.0,-100.0,-100.0,-100,-100,-100,-100,-100,-100,-100.0,-100,-100,-100,-100,-100,-100.0,-100,-100,-100.0,-100,-100,-72.13313592735689,-100.0,-100.0,-100.0,-100,-100.0,-100.0,-62.765667399702764,-100,-100,-100,-100,-100,-100,-100,-100,-100,-100,-100,-100,-100,-100,-100,-100,-100,-100,-100,-100,-100,-100,-100,-100,-100,-100,-100,-100,-100,-100,-100,-100,-100,-100,-100,-100,-100,-100,-100,-100,-100,-100,-100,-100,-100,-100,-100,-100,-100,-100,-100,-100,-100,-100,-100,-100,-100,-100,-100,-100,-100,-100,-100,-100.0,-100,-100,-100,-100,-100,-100,-100,-100.0,-100,-100,-100.0,-100,-100,-100,-100.0,-100.0,-100,-100.0,-100,-100.0,-100,-100.0,-100.0,-100.0,-100.0,-100.0,-100.0,-100.0,-100,-100.0,-100.0,-100.0,-100,-100,-100,-100,-100,-100,-100,-100,-100,-100,-100,-100,-100,-100,-100,-100,-100,-100,-100,-100,-100,-100,-100,-100,-100,-100,-100,-100,-100,-100.0,-100.0,-100.0,-100.0,-100.0,-100,-100,-100,-100,-100,-100,-100,-100,-100,-79.69365501427352,-100,-100,-100,-100,-100,-100,-100,-100,-100,-100,-100,-100,-100,-100,-100,-100,-100,-100,-100,-100,-100,-100,-100,-100,-100,-100,-100,-100,-100.0,-100.0,-100,-100
215.7359,-79.92019597658468,-100,-100,-100,-100,-100,-100,-100,-84.91481953601048,-100,-100,-100.0,-100,-100,-100.0,-100,-100,-100,-100,-100,-100,-100,-100,-100,-100,-100,-100,-100,-100,-100,-100,-100,-100,-100,-100,-100,-100.0,-100.0,-100.0,-100,-100,-100,-100,-100,-100,-100.0,-100,-100,-100,-100,-100,-100.0,-100,-100,-100.0,-100,-100,-75.48404993072202,-100.0,-100.0,-100.0,-100,-100.0,-100.0,-63.39658862309246,-100,-100,-100,-100,-100,-100,-100,-100,-100,-100,-100,-100,-100,-100,-100,-100,-100,-100,-100,-100,-100,-100,-100,-100,-100,-100,-100,-100,-100,-100,-100,-100,-100,-100,-100,-100,-100,-100,-100,-100,-100,-100,-100,-100,-100,-100,-100,-100,-100,-100,-100,-100,-100,-100,-100,-100,-100,-100,-100,-100,-100,-100,-100,-75.17797521051496,-100,-100,-100,-100,-100,-100,-100,-100.0,-100,-100,-100.0,-100,-100,-100,-100.0,-100.0,-100,-100.0,-100,-100.0,-100,-100.0,-100.0,-100.0,-88.54665115313138,-100.0,-100.0,-86.2730999171364,-100,-100.0,-100.0,-100.0,-100,-100,-100,-100,-100,-100,-100,-100,-100,-100,-100,-100,-100,-100,-100,-100,-100,-100,-100,-100,-100,-100,-100,-100,-100,-100,-100,-100,-100,-100.0,-100.0,-100.0,-100.0,-100.0,-100,-100,-100,-100,-100,-100,-100,-100,-100,-82.60390100864548,-100,-100,-100,-100,-100,-100,-100,-100,-100,-100,-100,-100,-100,-100,-100,-100,-100,-100,-100,-100,-100,-100,-100,-100,-100,-100,-100,-100,-100.0,-100.0,-100,-100
217.6631,-82.76648765452715,-100,-100,-100,-100,-100,-100,-100,-100.0,-100,-100,-100.0,-100,-100,-100.0,-100,-100,-100,-100,-100,-100,-100,-100,-100,-100,-100,-100,-100,-100,-100,-100,-100,-100,-100,-100,-100,-100.0,-100.0,-100.0,-100,-100,-100,-100,-100,-100,-100.0,-100,-100,-100,-100,-100,-100.0,-100,-100,-100.0,-100,-100,-80.14775282874437,-100.0,-100.0,-100.0,-100,-100.0,-100.0,-64.6964801152088,-100,-100,-100,-100,-100,-100,-100,-100,-100,-100,-100,-100,-100,-100,-100,-100,-100,-100,-100,-100,-100,-100,-100,-100,-100,-100,-100,-100,-100,-100,-100,-100,-100,-100,-100,-100,-100,-100,-100,-100,-100,-100,-100,-100,-100,-100,-100,-100,-100,-100,-100,-100,-100,-100,-100,-100,-100,-100,-100,-100,-100,-100,-100,-76.25722212106304,-100,-100,-100,-100,-100,-100,-100,-100.0,-100,-100,-100.0,-100,-100,-100,-100.0,-100.0,-100,-100.0,-100,-87.13051496696897,-100,-87.67287711905917,-100.0,-100.0,-88.67466584935458,-100.0,-100.0,-100.0,-100,-100.0,-100.0,-100.0,-100,-100,-100,-100,-100,-100,-100,-100,-100,-100,-100,-100,-100,-100,-100,-100,-100,-100,-100,-100,-100,-100,-100,-100,-100,-100,-100,-100,-100,-100.0,-100.0,-100.0,-100.0,-100.0,-100,-100,-100,-100,-100,-100,-100,-100,-100,-100.0,-100,-100,-100,-100,-100,-100,-100,-100,-100,-100,-100,-100,-100,-100,-100,-100,-100,-100,-100,-100,-100,-100,-100,-100,-100,-100,-100,-100,-100.0,-100.0,-100,-100
219.6497,-100.0,-100,-100,-100,-100,-100,-100,-100,-100.0,-100,-100,-100.0,-100,-100,-100.0,-100,-100,-100,-100,-100,-100,-100,-100,-100,-100,-100,-100,-100,-100,-100,-100,-100,-100,-100,-100,-100,-100.0,-100.0,-100.0,-100,-100,-100,-100,-100,-100,-100.0,-100,-100,-100,-100,-100,-100.0,-100,-100,-100.0,-100,-100,-81.80028519763891,-100.0,-100.0,-100.0,-100,-100.0,-100.0,-67.60594371524209,-100,-100,-100,-100,-100,-100,-100,-100,-100,-100,-100,-100,-100,-100,-100,-100,-100,-100,-100,-100,-100,-100,-100,-100,-100,-100,-100,-100,-100,-100,-100,-100,-100,-100,-100,-100,-100,-100,-100,-100,-100,-100,-100,-100,-100,-100,-100,-100,-100,-100,-100,-100,-100,-100,-100,-100,-100,-100,-100,-100,-100,-100,-100,-75.90221314944074,-100,-100,-100,-100,-100,-100,-100,-100.0,-100,-100,-100.0,-100,-100,-100,-100.0,-100.0,-100,-100.0,-100,-100.0,-100,-100.0,-100.0,-100.0,-100.0,-100.0,-100.0,-86.1959831379226,-100,-100.0,-100.0,-100.0,-100,-100,-100,-100,-100,-100,-100,-100,-100,-100,-100,-100,-100,-100,-100,-100,-100,-100,-100,-100,-100,-100,-100,-100,-100,-100,-100,-100,-100,-100.0,-100.0,-100.0,-100.0,-100.0,-100,-100,-100,-100,-100,-100,-100,-100,-100,-100.0,-100,-100,-100,-100,-100,-100,-100,-100,-100,-100,-100,-100,-100,-100,-100,-100,-100,-100,-100,-100,-100,-100,-100,-100,-100,-100,-100,-100,-100.0,-100.0,-100,-100
221.6355,-84.52668004240053,-100,-100,-100,-100,-100,-100,-100,-100.0,-100,-100,-100.0,-100,-100,-100.0,-100,-100,-100,-100,-100,-100,-100,-100,-100,-100,-100,-100,-100,-100,-100,-100,-100,-100,-100,-100,-100,-100.0,-100.0,-100.0,-100,-100,-100,-100,-100,-100,-100.0,-100,-100,-100,-100,-100,-100.0,-100,-100,-100.0,-100,-100,-100.0,-100.0,-100.0,-100.0,-100,-100.0,-100.0,-68.8467184174748,-100,-100,-100,-100,-100,-100,-100,-100,-100,-100,-100,-100,-100,-100,-100,-100,-100,-100,-100,-100,-100,-100,-100,-100,-100,-100,-100,-100,-100,-100,-100,-100,-100,-100,-100,-100,-100,-100,-100,-100,-100,-100,-100,-100,-100,-100,-100,-100,-100,-100,-100,-100,-100,-100,-100,-100,-100,-100,-100,-100,-100,-100,-100,-76.4945771716949,-100,-100,-100,-100,-100,-100,-100,-100.0,-100,-100,-88.67250991523673,-100,-100,-100,-100.0,-100.0,-100,-100.0,-100,-86.52890932006068,-100,-87.48287297415645,-100.0,-100.0,-88.4841566104895,-100.0,-100.0,-85.29351517453938,-100,-100.0,-100.0,-100.0,-100,-100,-100,-100,-100,-100,-100,-100,-100,-100,-100,-100,-100,-100,-100,-100,-100,-100,-100,-100,-100,-100,-100,-100,-100,-100,-100,-100,-100,-100.0,-100.0,-100.0,-100.0,-100.0,-100,-100,-100,-100,-100,-100,-100,-100,-100,-100.0,-100,-100,-100,-100,-100,-100,-100,-100,-100,-100,-100,-100,-100,-100,-100,-100,-100,-100,-100,-100,-100,-100,-100,-100,-100,-100,-100,-100,-100.0,-100.0,-100,-100
223.6594,-100.0,-100,-100,-100,-100,-100,-100,-100,-100.0,-100,-100,-100.0,-100,-100,-100.0,-100,-100,-100,-100,-100,-100,-100,-100,-100,-100,-100,-100,-100,-100,-100,-100,-100,-100,-100,-100,-100,-100.0,-100.0,-100.0,-100,-100,-100,-100,-100,-100,-100.0,-100,-100,-100,-100,-100,-100.0,-100,-100,-100.0,-100,-100,-83.83330967687638,-100.0,-100.0,-100.0,-100,-100.0,-100.0,-70.86663128393766,-100,-100,-100,-100,-100,-100,-100,-100,-100,-100,-100,-100,-100,-100,-100,-100,-100,-100,-100,-100,-100,-100,-100,-100,-100,-100,-100,-100,-100,-100,-100,-100,-100,-100,-100,-100,-100,-100,-100,-100,-100,-100,-100,-100,-100,-100,-100,-100,-100,-100,-100,-100,-100,-100,-100,-100,-100,-100,-100,-100,-100,-100,-100,-76.63729629467637,-100,-100,-100,-100,-100,-100,-100,-100.0,-100,-100,-89.32973562907144,-100,-100,-100,-100.0,-100.0,-100,-100.0,-100,-100.0,-100,-100.0,-100.0,-100.0,-100.0,-100.0,-100.0,-85.49300931893247,-100,-100.0,-100.0,-100.0,-100,-100,-100,-100,-100,-100,-100,-100,-100,-100,-100,-100,-100,-100,-100,-100,-100,-100,-100,-100,-100,-100,-100,-100,-100,-100,-100,-100,-100,-100.0,-100.0,-100.0,-100.0,-89.69929306877657,-100,-100,-100,-100,-100,-100,-100,-100,-100,-100.0,-100,-100,-100,-100,-100,-100,-100,-100,-100,-100,-100,-100,-100,-100,-100,-100,-100,-100,-100,-100,-100,-100,-100,-100,-100,-100,-100,-100,-100.0,-100.0,-100,-100
225.6582,-84.37795839879112,-100,-100,-100,-100,-100,-100,-100,-86.3507509094644,-100,-100,-100.0,-100,-100,-100.0,-100,-100,-100,-100,-100,-100,-100,-100,-100,-100,-100,-100,-100,-100,-100,-100,-100,-100,-100,-100,-100,-100.0,-100.0,-100.0,-100,-100,-100,-100,-100,-100,-100.0,-100,-100,-100,-100,-100,-88.91557487514955,-100,-100,-100.0,-100,-100,-100.0,-100.0,-100.0,-100.0,-100,-100.0,-100.0,-100.0,-100,-100,-100,-100,-100,-100,-100,-100,-100,-100,-100,-100,-100,-100,-100,-100,-100,-100,-100,-100,-100,-100,-100,-100,-100,-100,-100,-100,-100,-100,-100,-100,-100,-100,-100,-100,-100,-100,-100,-100,-100,-100,-100,-100,-100,-100,-100,-100,-100,-100,-100,-100,-100,-100,-100,-100,-100,-100,-100,-100,-100,-100,-100,-74.4807094369338,-100,-100,-100,-100,-100,-100,-100,-100.0,-100,-100,-87.54237341170732,-100,-100,-100,-100.0,-100.0,-100,-100.0,-100,-87.79143666325852,-100,-88.75839986257617,-100.0,-100.0,-89.19456963895075,-100.0,-100.0,-84.50666838091844,-100,-100.0,-100.0,-100.0,-100,-100,-100,-100,-100,-100,-100,-100,-100,-100,-100,-100,-100,-100,-100,-100,-100,-100,-100,-100,-100,-100,-100,-100,-100,-100,-100,-100,-100,-100.0,-100.0,-100.0,-100.0,-100.0,-100,-100,-100,-100,-100,-100,-100,-100,-100,-100.0,-100,-100,-100,-100,-100,-100,-100,-100,-100,-100,-100,-100,-100,-100,-100,-100,-100,-100,-100,-100,-100,-100,-100,-100,-100,-100,-100,-100,-100.0,-100.0,-100,-100
227.697,-100.0,-100,-100,-100,-100,-100,-100,-100,-87.09883446562,-100,-100,-100.0,-100,-100,-100.0,-100,-100,-100,-100,-100,-100,-100,-100,-100,-100,-100,-100,-100,-100,-100,-100,-100,-100,-100,-100,-100,-100.0,-100.0,-100.0,-100,-100,-100,-100,-100,-100,-100.0,-100,-100,-100,-100,-100,-100.0,-100,-100,-100.0,-100,-100,-100.0,-100.0,-100.0,-100.0,-100,-100.0,-100.0,-71.75141845636045,-100,-100,-100,-100,-100,-100,-100,-100,-100,-100,-100,-100,-100,-100,-100,-100,-100,-100,-100,-100,-100,-100,-100,-100,-100,-100,-100,-100,-100,-100,-100,-100,-100,-100,-100,-100,-100,-100,-100,-100,-100,-100,-100,-100,-100,-100,-100,-100,-100,-100,-100,-100,-100,-100,-100,-100,-100,-100,-100,-100,-100,-100,-100,-100.0,-100,-100,-100,-100,-100,-100,-100,-84.16747514945173,-100,-100,-86.82446921601255,-100,-100,-100,-86.96049080176981,-100.0,-100,-100.0,-100,-100.0,-100,-86.84999199667202,-100.0,-89.29679413001145,-100.0,-100.0,-100.0,-82.38696767125695,-100,-100.0,-100.0,-100.0,-100,-100,-100,-100,-100,-100,-100,-100,-100,-100,-100,-100,-100,-100,-100,-100,-100,-100,-100,-100,-100,-100,-100,-100,-100,-100,-100,-100,-100,-100.0,-100.0,-100.0,-100.0,-89.78354490189497,-100,-100,-100,-100,-100,-100,-100,-100,-100,-100.0,-100,-100,-100,-100,-100,-100,-100,-100,-100,-100,-100,-100,-100,-100,-100,-100,-100,-100,-100,-100,-100,-100,-100,-100,-100,-100,-100,-100,-100.0,-100.0,-100,-100
229.6372,-100.0,-100,-100,-100,-100,-100,-100,-100,-88.48280449522754,-100,-100,-100.0,-100,-100,-100.0,-100,-100,-100,-100,-100,-100,-100,-100,-100,-100,-100,-100,-100,-100,-100,-100,-100,-100,-100,-100,-100,-100.0,-100.0,-100.0,-100,-100,-100,-100,-100,-100,-100.0,-100,-100,-100,-100,-100,-90.0689168353151,-100,-100,-100.0,-100,-100,-100.0,-100.0,-100.0,-100.0,-100,-100.0,-100.0,-72.6687389311732,-100,-100,-100,-100,-100,-100,-100,-100,-100,-100,-100,-100,-100,-100,-100,-100,-100,-100,-100,-100,-100,-100,-100,-100,-100,-100,-100,-100,-100,-100,-100,-100,-100,-100,-100,-100,-100,-100,-100,-100,-100,-100,-100,-100,-100,-100,-100,-100,-100,-100,-100,-100,-100,-100,-100,-100,-100,-100,-100,-100,-100,-100,-100,-75.47447155955518,-100,-100,-100,-100,-100,-100,-100,-100.0,-100,-100,-86.59165919167067,-100,-100,-100,-88.66586750907908,-100.0,-100,-100.0,-100,-88.41508127291297,-100,-100.0,-100.0,-89.21363858248047,-100.0,-100.0,-100.0,-82.56007310183455,-100,-100.0,-100.0,-100.0,-100,-100,-100,-100,-100,-100,-100,-100,-100,-100,-100,-100,-100,-100,-100,-100,-100,-100,-100,-100,-100,-100,-100,-100,-100,-100,-100,-100,-100,-100.0,-100.0,-100.0,-100.0,-89.28193581409883,-100,-100,-100,-100,-100,-100,-100,-100,-100,-100.0,-100,-100,-100,-100,-100,-100,-100,-100,-100,-100,-100,-100,-100,-100,-100,-100,-100,-100,-100,-100,-100,-100,-100,-100,-100,-100,-100,-100,-100.0,-100.0,-100,-100
231.6609,-100.0,-100,-100,-100,-100,-100,-100,-100,-100.0,-100,-100,-100.0,-100,-100,-86.01739796707955,-100,-100,-100,-100,-100,-100,-100,-100,-100,-100,-100,-100,-100,-100,-100,-100,-100,-100,-100,-100,-100,-100.0,-100.0,-100.0,-100,-100,-100,-100,-100,-100,-100.0,-100,-100,-100,-100,-100,-100.0,-100,-100,-100.0,-100,-100,-100.0,-100.0,-100.0,-100.0,-100,-100.0,-100.0,-74.17415748672155,-100,-100,-100,-100,-100,-100,-100,-100,-100,-100,-100,-100,-100,-100,-100,-100,-100,-100,-100,-100,-100,-100,-100,-100,-100,-100,-100,-100,-100,-100,-100,-100,-100,-100,-100,-100,-100,-100,-100,-100,-100,-100,-100,-100,-100,-100,-100,-100,-100,-100,-100,-100,-100,-100,-100,-100,-100,-100,-100,-100,-100,-100,-100,-72.7991110574839,-100,-100,-100,-100,-100,-100,-100,-100.0,-100,-100,-100.0,-100,-100,-100,-88.19547182793784,-87.49020837294002,-100,-100.0,-100,-87.45074532114157,-100,-85.76284782652576,-100.0,-100.0,-87.44537372494065,-100.0,-100.0,-81.55479498143859,-100,-100.0,-100.0,-100.0,-100,-100,-100,-100,-100,-100,-100,-100,-100,-100,-100,-100,-100,-100,-100,-100,-100,-100,-100,-100,-100,-100,-100,-100,-100,-100,-100,-100,-100,-100.0,-100.0,-89.16693987626249,-100.0,-100.0,-100,-100,-100,-100,-100,-100,-100,-100,-100,-100.0,-100,-100,-100,-100,-100,-100,-100,-100,-100,-100,-100,-100,-100,-100,-100,-100,-100,-100,-100,-100,-100,-100,-100,-100,-100,-100,-100,-100,-100.0,-100.0,-100,-100
233.8186,-83.70648074056982,-100,-100,-100,-100,-100,-100,-100,-100.0,-100,-100,-100.0,-100,-100,-100.0,-100,-100,-100,-100,-100,-100,-100,-100,-100,-100,-100,-100,-100,-100,-100,-100,-100,-100,-100,-100,-100,-100.0,-100.0,-100.0,-100,-100,-100,-100,-100,-100,-100.0,-100,-100,-100,-100,-100,-90.33183204188032,-100,-100,-100.0,-100,-100,-100.0,-100.0,-100.0,-100.0,-100,-100.0,-100.0,-76.66636091032181,-100,-100,-100,-100,-100,-100,-100,-100,-100,-100,-100,-100,-100,-100,-100,-100,-100,-100,-100,-100,-100,-100,-100,-100,-100,-100,-100,-100,-100,-100,-100,-100,-100,-100,-100,-100,-100,-100,-100,-100,-100,-100,-100,-100,-100,-100,-100,-100,-100,-100,-100,-100,-100,-100,-100,-100,-100,-100,-100,-100,-100,-100,-100,-74.83246708536498,-100,-100,-100,-100,-100,-100,-100,-100.0,-100,-100,-86.14221336363187,-100,-100,-100,-89.26977245425621,-100.0,-100,-100.0,-100,-100.0,-100,-87.52406801336481,-100.0,-100.0,-88.73148948996194,-100.0,-100.0,-80.83338297009136,-100,-100.0,-100.0,-100.0,-100,-100,-100,-100,-100,-100,-100,-100,-100,-100,-100,-100,-100,-100,-100,-100,-100,-100,-100,-100,-100,-100,-100,-100,-100,-100,-100,-100,-100,-100.0,-100.0,-100.0,-100.0,-100.0,-100,-100,-100,-100,-100,-100,-100,-100,-100,-100.0,-100,-100,-100,-100,-100,-100,-100,-100,-100,-100,-100,-100,-100,-100,-100,-100,-100,-100,-100,-100,-100,-100,-100,-100,-100,-100,-100,-100,-100.0,-100.0,-100,-100
235.6843,-100.0,-100,-100,-100,-100,-100,-100,-100,-100.0,-100,-100,-100.0,-100,-100,-100.0,-100,-100,-100,-100,-100,-100,-100,-100,-100,-100,-100,-100,-100,-100,-100,-100,-100,-100,-100,-100,-100,-100.0,-100.0,-100.0,-100,-100,-100,-100,-100,-100,-100.0,-100,-100,-100,-100,-100,-100.0,-100,-100,-100.0,-100,-100,-100.0,-100.0,-100.0,-100.0,-100,-100.0,-100.0,-100.0,-100,-100,-100,-100,-100,-100,-100,-100,-100,-100,-100,-100,-100,-100,-100,-100,-100,-100,-100,-100,-100,-100,-100,-100,-100,-100,-100,-100,-100,-100,-100,-100,-100,-100,-100,-100,-100,-100,-100,-100,-100,-100,-100,-100,-100,-100,-100,-100,-100,-100,-100,-100,-100,-100,-100,-100,-100,-100,-100,-100,-100,-100,-100,-74.31502291650399,-100,-100,-100,-100,-100,-100,-100,-100.0,-100,-100,-100.0,-100,-100,-100,-100.0,-100.0,-100,-100.0,-100,-88.73534427794631,-100,-87.37608394327268,-100.0,-100.0,-100.0,-100.0,-100.0,-82.00993435440925,-100,-100.0,-100.0,-100.0,-100,-100,-100,-100,-100,-100,-100,-100,-100,-100,-100,-100,-100,-100,-100,-100,-100,-100,-100,-100,-100,-100,-100,-100,-100,-100,-100,-100,-100,-100.0,-100.0,-100.0,-100.0,-100.0,-100,-100,-100,-100,-100,-100,-100,-100,-100,-100.0,-100,-100,-100,-100,-100,-100,-100,-100,-100,-100,-100,-100,-100,-100,-100,-100,-100,-100,-100,-100,-100,-100,-100,-100,-100,-100,-100,-100,-100.0,-100.0,-100,-100
237.6426,-83.50698774965062,-100,-100,-100,-100,-100,-100,-100,-100.0,-100,-100,-100.0,-100,-100,-100.0,-100,-100,-100,-100,-100,-100,-100,-100,-100,-100,-100,-100,-100,-100,-100,-100,-100,-100,-100,-100,-100,-100.0,-100.0,-100.0,-100,-100,-100,-100,-100,-100,-100.0,-100,-100,-100,-100,-100,-100.0,-100,-100,-100.0,-100,-100,-100.0,-100.0,-100.0,-100.0,-100,-100.0,-100.0,-75.91344539214207,-100,-100,-100,-100,-100,-100,-100,-100,-100,-100,-100,-100,-100,-100,-100,-100,-100,-100,-100,-100,-100,-100,-100,-100,-100,-100,-100,-100,-100,-100,-100,-100,-100,-100,-100,-100,-100,-100,-100,-100,-100,-100,-100,-100,-100,-100,-100,-100,-100,-100,-100,-100,-100,-100,-100,-100,-100,-100,-100,-100,-100,-100,-100,-100.0,-100,-100,-100,-100,-100,-100,-100,-85.53203558758025,-100,-100,-100.0,-100,-100,-100,-90.32309519393334,-88.19815749495842,-100,-100.0,-100,-100.0,-100,-88.68176545862701,-100.0,-100.0,-88.52493463602386,-100.0,-100.0,-82.28950483029504,-100,-100.0,-100.0,-100.0,-100,-100,-100,-100,-100,-100,-100,-100,-100,-100,-100,-100,-100,-100,-100,-100,-100,-100,-100,-100,-100,-100,-100,-100,-100,-100,-100,-100,-100,-100.0,-100.0,-100.0,-100.0,-100.0,-100,-100,-100,-100,-100,-100,-100,-100,-100,-100.0,-100,-100,-100,-100,-100,-100,-100,-100,-100,-100,-100,-100,-100,-100,-100,-100,-100,-100,-100,-100,-100,-100,-100,-100,-100,-100,-100,-100,-100.0,-100.0,-100,-100
239.6374,-83.92857812317018,-100,-100,-100,-100,-100,-100,-100,-100.0,-100,-100,-100.0,-100,-100,-100.0,-100,-100,-100,-100,-100,-100,-100,-100,-100,-100,-100,-100,-100,-100,-100,-100,-100,-100,-100,-100,-100,-100.0,-100.0,-100.0,-100,-100,-100,-100,-100,-100,-100.0,-100,-100,-100,-100,-100,-100.0,-100,-100,-100.0,-100,-100,-100.0,-100.0,-100.0,-100.0,-100,-100.0,-100.0,-73.11412934851222,-100,-100,-100,-100,-100,-100,-100,-100,-100,-100,-100,-100,-100,-100,-100,-100,-100,-100,-100,-100,-100,-100,-100,-100,-100,-100,-100,-100,-100,-100,-100,-100,-100,-100,-100,-100,-100,-100,-100,-100,-100,-100,-100,-100,-100,-100,-100,-100,-100,-100,-100,-100,-100,-100,-100,-100,-100,-100,-100,-100,-100,-100,-100,-72.24943822826626,-100,-100,-100,-100,-100,-100,-100,-100.0,-100,-100,-87.23155849540915,-100,-100,-100,-100.0,-100.0,-100,-100.0,-100,-100.0,-100,-100.0,-100.0,-100.0,-100.0,-100.0,-100.0,-81.92538000618048,-100,-100.0,-100.0,-100.0,-100,-100,-100,-100,-100,-100,-100,-100,-100,-100,-100,-100,-100,-100,-100,-100,-100,-100,-100,-100,-100,-100,-100,-100,-100,-100,-100,-100,-100,-100.0,-100.0,-100.0,-100.0,-100.0,-100,-100,-100,-100,-100,-100,-100,-100,-100,-100.0,-100,-100,-100,-100,-100,-100,-100,-100,-100,-100,-100,-100,-100,-100,-100,-100,-100,-100,-100,-100,-100,-100,-100,-100,-100,-100,-100,-100,-100.0,-100.0,-100,-100
241.6716,-83.38399453310339,-100,-100,-100,-100,-100,-100,-100,-89.75835072043249,-100,-100,-100.0,-100,-100,-100.0,-100,-100,-100,-100,-100,-100,-100,-100,-100,-100,-100,-100,-100,-100,-100,-100,-100,-100,-100,-100,-100,-100.0,-100.0,-100.0,-100,-100,-100,-100,-100,-100,-100.0,-100,-100,-100,-100,-100,-100.0,-100,-100,-100.0,-100,-100,-100.0,-100.0,-100.0,-100.0,-100,-100.0,-100.0,-75.34090756329891,-100,-100,-100,-100,-100,-100,-100,-100,-100,-100,-100,-100,-100,-100,-100,-100,-100,-100,-100,-100,-100,-100,-100,-100,-100,-100,-100,-100,-100,-100,-100,-100,-100,-100,-100,-100,-100,-100,-100,-100,-100,-100,-100,-100,-100,-100,-100,-100,-100,-100,-100,-100,-100,-100,-100,-100,-100,-100,-100,-100,-100,-100,-100,-72.4613786310464,-100,-100,-100,-100,-100,-100,-100,-100.0,-100,-100,-88.01329907206441,-100,-100,-100,-100.0,-100.0,-100,-100.0,-100,-88.8100766216954,-100,-88.77162715877908,-100.0,-100.0,-84.14107041083992,-100.0,-100.0,-83.07595366339102,-100,-100.0,-100.0,-100.0,-100,-100,-100,-100,-100,-100,-100,-100,-100,-100,-100,-100,-100,-100,-100,-100,-100,-100,-100,-100,-100,-100,-100,-100,-100,-100,-100,-100,-100,-100.0,-100.0,-100.0,-100.0,-100.0,-100,-100,-100,-100,-100,-100,-100,-100,-100,-86.10424858550594,-100,-100,-100,-100,-100,-100,-100,-100,-100,-100,-100,-100,-100,-100,-100,-100,-100,-100,-100,-100,-100,-100,-100,-100,-100,-100,-100,-100,-100.0,-100.0,-100,-100
243.6703,-82.99318811338142,-100,-100,-100,-100,-100,-100,-100,-100.0,-100,-100,-100.0,-100,-100,-100.0,-100,-100,-100,-100,-100,-100,-100,-100,-100,-100,-100,-100,-100,-100,-100,-100,-100,-100,-100,-100,-100,-100.0,-100.0,-100.0,-100,-100,-100,-100,-100,-100,-100.0,-100,-100,-100,-100,-100,-100.0,-100,-100,-100.0,-100,-100,-100.0,-100.0,-100.0,-100.0,-100,-100.0,-100.0,-79.48027899471238,-100,-100,-100,-100,-100,-100,-100,-100,-100,-100,-100,-100,-100,-100,-100,-100,-100,-100,-100,-100,-100,-100,-100,-100,-100,-100,-100,-100,-100,-100,-100,-100,-100,-100,-100,-100,-100,-100,-100,-100,-100,-100,-100,-100,-100,-100,-100,-100,-100,-100,-100,-100,-100,-100,-100,-100,-100,-100,-100,-100,-100,-100,-100,-74.02535069569231,-100,-100,-100,-100,-100,-100,-100,-100.0,-100,-100,-100.0,-100,-100,-100,-100.0,-100.0,-100,-100.0,-100,-88.86370636785509,-100,-89.11848979492318,-100.0,-100.0,-86.07786542826973,-100.0,-100.0,-100.0,-100,-100.0,-100.0,-100.0,-100,-100,-100,-100,-100,-100,-100,-100,-100,-100,-100,-100,-100,-100,-100,-100,-100,-100,-100,-100,-100,-100,-100,-100,-100,-100,-100,-100,-100,-100.0,-100.0,-100.0,-100.0,-100.0,-100,-100,-100,-100,-100,-100,-100,-100,-100,-100.0,-100,-100,-100,-100,-100,-100,-100,-100,-100,-100,-100,-100,-100,-100,-100,-100,-100,-100,-100,-100,-100,-100,-100,-100,-100,-100,-100,-100,-100.0,-100.0,-100,-100
245.653,-81.01848175171354,-100,-100,-100,-100,-100,-100,-100,-88.97945951558609,-100,-100,-100.0,-100,-100,-100.0,-100,-100,-100,-100,-100,-100,-100,-100,-100,-100,-100,-100,-100,-100,-100,-100,-100,-100,-100,-100,-100,-100.0,-100.0,-100.0,-100,-100,-100,-100,-100,-100,-85.22438525222644,-100,-100,-100,-100,-100,-100.0,-100,-100,-100.0,-100,-100,-85.57463314967224,-100.0,-100.0,-100.0,-100,-91.72864772510259,-100.0,-78.49753279086194,-100,-100,-100,-100,-100,-100,-100,-100,-100,-100,-100,-100,-100,-100,-100,-100,-100,-100,-100,-100,-100,-100,-100,-100,-100,-100,-100,-100,-100,-100,-100,-100,-100,-100,-100,-100,-100,-100,-100,-100,-100,-100,-100,-100,-100,-100,-100,-100,-100,-100,-100,-100,-100,-100,-100,-100,-100,-100,-100,-100,-100,-100,-100,-100.0,-100,-100,-100,-100,-100,-100,-100,-100.0,-100,-100,-100.0,-100,-100,-100,-100.0,-100.0,-100,-100.0,-100,-100.0,-100,-100.0,-100.0,-100.0,-100.0,-100.0,-100.0,-100.0,-100,-100.0,-100.0,-100.0,-100,-100,-100,-100,-100,-100,-100,-100,-100,-100,-100,-100,-100,-100,-100,-100,-100,-100,-100,-100,-100,-100,-100,-100,-100,-100,-100,-100,-100,-100.0,-100.0,-100.0,-100.0,-100.0,-100,-100,-100,-100,-100,-100,-100,-100,-100,-86.07481135976911,-100,-100,-100,-100,-100,-100,-100,-100,-100,-100,-100,-100,-100,-100,-100,-100,-100,-100,-100,-100,-100,-100,-100,-100,-100,-100,-100,-100,-100.0,-100.0,-100,-100
