AppTimestamp(s),wifi_rssi_20:23:00:00:00:01,wifi_rssi_20:23:00:00:00:02,wifi_rssi_20:23:00:00:00:03,wifi_rssi_20:23:00:00:00:04,wifi_rssi_20:23:00:00:00:05,wifi_rssi_20:23:00:00:00:06,wifi_rssi_20:23:00:00:00:07,wifi_rssi_20:23:00:00:00:08,wifi_rssi_20:23:00:00:00:09,wifi_rssi_20:23:00:00:00:10,wifi_rssi_20:23:00:00:00:11,wifi_rssi_20:23:00:00:00:12,wifi_rssi_20:23:00:00:00:13,wifi_rssi_20:23:00:00:00:14,wifi_rssi_20:23:00:00:00:15,wifi_rssi_20:23:00:00:00:16,wifi_rssi_20:23:00:00:00:17,wifi_rssi_20:23:00:00:00:18,wifi_rssi_20:23:00:00:00:19,wifi_rssi_20:23:00:00:00:21,wifi_rssi_20:23:00:00:00:22,wifi_rssi_20:23:00:00:00:23,wifi_rssi_20:23:00:00:00:24,wifi_rssi_20:23:00:00:00:25,wifi_rssi_20:23:00:00:00:26,wifi_rssi_20:23:00:00:00:27,wifi_rssi_20:23:00:00:00:28,wifi_rssi_20:23:00:00:00:30,wifi_rssi_20:23:00:00:00:31,wifi_rssi_20:23:00:00:00:34,wifi_rssi_20:23:00:00:00:35,wifi_rssi_20:23:00:00:00:36,wifi_rssi_20:23:00:00:00:37,wifi_rssi_20:23:00:00:00:38,wifi_rssi_20:23:00:00:00:41,wifi_rssi_20:23:00:00:00:42,wifi_rssi_20:23:00:00:00:44,wifi_rssi_20:23:00:00:00:45,wifi_rssi_20:23:00:00:00:46,wifi_rssi_20:23:00:00:00:47,wifi_rssi_20:23:00:00:00:48,wifi_rssi_20:23:00:00:00:49,wifi_rssi_20:23:00:00:00:50,wifi_rssi_20:23:00:00:00:51,wifi_rssi_20:23:00:00:00:52,wifi_rssi_20:23:00:00:00:55,wifi_rssi_20:23:00:00:00:56,wifi_rssi_20:23:00:00:00:57,wifi_rssi_20:23:00:00:00:59,wifi_rssi_20:23:00:00:00:61,wifi_rssi_20:23:00:00:00:62,wifi_rssi_20:23:00:00:00:65,wifi_rssi_20:23:00:00:00:67,wifi_rssi_20:23:00:00:00:68,wifi_rssi_20:23:00:00:00:69,wifi_rssi_20:23:00:00:00:71,wifi_rssi_20:23:00:00:00:72,wifi_rssi_20:23:00:00:00:73,wifi_rssi_20:23:00:00:00:79,wifi_rssi_20:23:00:00:00:80,wifi_rssi_20:23:00:00:00:82,wifi_rssi_20:23:00:00:00:84,wifi_rssi_20:23:00:00:00:88,wifi_rssi_20:23:00:00:00:89,wifi_rssi_20:23:00:00:00:90,wifi_rssi_20:23:00:00:00:91,wifi_rssi_20:23:00:00:00:92,wifi_rssi_20:23:00:00:00:93,wifi_rssi_20:23:00:00:00:94,wifi_rssi_20:23:00:00:00:95,wifi_rssi_20:23:00:00:00:96,wifi_rssi_20:23:00:00:00:97,wifi_rssi_20:23:00:00:00:98,wifi_rssi_20:23:00:00:00:99,wifi_rssi_20:23:00:00:01:00,wifi_rssi_20:23:00:00:01:01,wifi_rssi_20:23:00:00:01:02,wifi_rssi_20:23:00:00:01:03,wifi_rssi_20:23:00:00:01:04,wifi_rssi_20:23:00:00:01:05,wifi_rssi_20:23:00:00:01:06,wifi_rssi_20:23:00:00:01:07,wifi_rssi_20:23:00:00:01:08,wifi_rssi_20:23:00:00:01:09,wifi_rssi_20:23:00:00:01:10,wifi_rssi_20:23:00:00:01:11,wifi_rssi_20:23:00:00:01:12,wifi_rssi_20:23:00:00:01:13,wifi_rssi_20:23:00:00:01:14,wifi_rssi_20:23:00:00:01:15,wifi_rssi_20:23:00:00:01:16,wifi_rssi_20:23:00:00:01:17,wifi_rssi_20:23:00:00:01:18,wifi_rssi_20:23:00:00:01:19,wifi_rssi_20:23:00:00:01:20,wifi_rssi_20:23:00:00:01:21,wifi_rssi_20:23:00:00:01:22,wifi_rssi_20:23:00:00:01:23,wifi_rssi_20:23:00:00:01:24,wifi_rssi_20:23:00:00:01:26,wifi_rssi_20:23:00:00:01:27,wifi_rssi_20:23:00:00:01:28,wifi_rssi_20:23:00:00:01:29,wifi_rssi_20:23:00:00:01:31,wifi_rssi_20:23:00:00:01:32,wifi_rssi_20:23:00:00:01:33,wifi_rssi_20:23:00:00:01:34,wifi_rssi_20:23:00:00:01:35,wifi_rssi_20:23:00:00:01:36,wifi_rssi_20:23:00:00:01:37,wifi_rssi_20:23:00:00:01:38,wifi_rssi_20:23:00:00:01:39,wifi_rssi_20:23:00:00:01:40,wifi_rssi_20:23:00:00:01:41,wifi_rssi_20:23:00:00:01:42,wifi_rssi_20:23:00:00:01:43,wifi_rssi_20:23:00:00:01:44,wifi_rssi_20:23:00:00:01:45,wifi_rssi_20:23:00:00:01:46,wifi_rssi_20:23:00:00:01:47,wifi_rssi_20:23:00:00:01:51,wifi_rssi_20:23:00:00:01:52,wifi_rssi_20:23:00:00:01:54,wifi_rssi_20:23:00:00:01:55,wifi_rssi_20:23:00:00:01:56,wifi_rssi_20:23:00:00:01:58,wifi_rssi_20:23:00:00:01:59,wifi_rssi_20:23:00:00:01:60,wifi_rssi_20:23:00:00:01:62,wifi_rssi_20:23:00:00:01:64,wifi_rssi_20:23:00:00:01:65,wifi_rssi_20:23:00:00:01:66,wifi_rssi_20:23:00:00:01:67,wifi_rssi_20:23:00:00:01:68,wifi_rssi_20:23:00:00:01:69,wifi_rssi_20:23:00:00:01:70,wifi_rssi_20:23:00:00:01:71,wifi_rssi_20:23:00:00:01:72,wifi_rssi_20:23:00:00:01:73,wifi_rssi_20:23:00:00:01:74,wifi_rssi_20:23:00:00:01:75,wifi_rssi_20:23:00:00:01:76,wifi_rssi_20:23:00:00:01:77,wifi_rssi_20:23:00:00:01:81,wifi_rssi_20:23:00:00:01:82,wifi_rssi_20:23:00:00:01:83,wifi_rssi_20:23:00:00:01:84,wifi_rssi_20:23:00:00:01:85,wifi_rssi_20:23:00:00:01:86,wifi_rssi_20:23:00:00:01:87,wifi_rssi_20:23:00:00:01:88,wifi_rssi_20:23:00:00:01:89,wifi_rssi_20:23:00:00:01:90,wifi_rssi_20:23:00:00:01:91,wifi_rssi_20:23:00:00:01:92,wifi_rssi_20:23:00:00:01:93,wifi_rssi_20:23:00:00:01:94,wifi_rssi_20:23:00:00:01:95,wifi_rssi_20:23:00:00:01:96,wifi_rssi_20:23:00:00:01:97,wifi_rssi_20:23:00:00:01:98,wifi_rssi_20:23:00:00:02:01,wifi_rssi_20:23:00:00:02:07,wifi_rssi_20:23:00:00:02:09,wifi_rssi_20:23:00:00:02:10,wifi_rssi_20:23:00:00:02:11,wifi_rssi_20:23:00:00:02:12,wifi_rssi_20:23:00:00:02:14,wifi_rssi_20:23:00:00:02:15,wifi_rssi_20:23:00:00:02:16,wifi_rssi_20:23:00:00:02:17,wifi_rssi_20:23:00:00:02:18,wifi_rssi_20:23:00:00:02:19,wifi_rssi_20:23:00:00:02:20,wifi_rssi_20:23:00:00:02:21,wifi_rssi_20:23:00:00:02:22,wifi_rssi_20:23:00:00:02:23,wifi_rssi_20:23:00:00:02:24,wifi_rssi_20:23:00:00:02:25,wifi_rssi_20:23:00:00:02:26,wifi_rssi_20:23:00:00:02:27,wifi_rssi_20:23:00:00:02:28,wifi_rssi_20:23:00:00:02:29,wifi_rssi_20:23:00:00:02:30,wifi_rssi_20:23:00:00:02:34,wifi_rssi_20:23:00:00:02:35,wifi_rssi_20:23:00:00:02:39,wifi_rssi_20:23:00:00:02:54,wifi_rssi_20:23:00:00:02:55,wifi_rssi_20:23:00:00:02:56,wifi_rssi_20:23:00:00:02:57,wifi_rssi_20:23:00:00:02:58,wifi_rssi_20:23:00:00:02:59,wifi_rssi_20:23:00:00:02:60,wifi_rssi_20:23:00:00:02:61,wifi_rssi_20:23:00:00:02:65,wifi_rssi_20:23:00:00:02:67,wifi_rssi_20:23:00:00:02:70,wifi_rssi_20:23:00:00:02:73,wifi_rssi_20:23:00:00:02:74,wifi_rssi_20:23:00:00:02:82,wifi_rssi_20:23:00:00:02:88,wifi_rssi_20:23:00:00:02:89,wifi_rssi_20:23:00:00:03:08,wifi_rssi_20:23:00:00:03:11,wifi_rssi_20:23:00:00:03:12,wifi_rssi_20:23:00:00:03:13,wifi_rssi_20:23:00:00:03:15,wifi_rssi_20:23:00:00:03:16,wifi_rssi_20:23:00:00:03:17,wifi_rssi_20:23:00:00:03:20,wifi_rssi_20:23:00:00:03:21,wifi_rssi_20:23:00:00:03:22,wifi_rssi_20:23:00:00:03:25,wifi_rssi_20:23:00:00:03:26,wifi_rssi_20:23:00:00:03:27,wifi_rssi_20:23:00:00:03:28,wifi_rssi_20:23:00:00:03:29,wifi_rssi_20:23:00:00:03:30,wifi_rssi_20:23:00:00:03:31,wifi_rssi_20:23:00:00:03:32,wifi_rssi_20:23:00:00:03:33,wifi_rssi_20:23:00:00:03:34,wifi_rssi_20:23:00:00:03:35,wifi_rssi_20:23:00:00:03:36,wifi_rssi_20:23:00:00:03:37,wifi_rssi_20:23:00:00:03:38,wifi_rssi_20:23:00:00:03:39,wifi_rssi_20:23:00:00:03:40,wifi_rssi_20:23:00:00:03:41,wifi_rssi_20:23:00:00:03:42,wifi_rssi_20:23:00:00:03:43,wifi_rssi_20:23:00:00:03:44,wifi_rssi_20:23:00:00:03:45,wifi_rssi_20:23:00:00:03:46,wifi_rssi_20:23:00:00:03:47,wifi_rssi_20:23:00:00:03:48
1.2635,-78.0,-120,-120,-120,-120,-120,-120,-120,-89.0,-120,-120,-120.0,-120,-120,-120.0,-120,-120,-120,-120,-120,-120,-120,-120,-120,-120,-120,-120,-120,-120,-120,-120,-120,-120,-120,-120,-120,-120.0,-120.0,-120.0,-120,-120,-120,-120,-120,-120,-89.0,-120,-120,-120,-120,-120,-120.0,-120,-120,-120.0,-120,-120,-120.0,-120.0,-120.0,-120.0,-120,-94.0,-120.0,-75.0,-120,-120,-120,-120,-120,-120,-120,-120,-120,-120,-120,-120,-120,-120,-120,-120,-120,-120,-120,-120,-120,-120,-120,-120,-120,-120,-120,-120,-120,-120,-120,-120,-120,-120,-120,-120,-120,-120,-120,-120,-120,-120,-120,-120,-120,-120,-120,-120,-120,-120,-120,-120,-120,-120,-120,-120,-120,-120,-120,-120,-120,-120,-120,-81.0,-120,-120,-120,-120,-120,-120,-120,-120.0,-120,-120,-120.0,-120,-120,-120,-120.0,-120.0,-120,-120.0,-120,-120.0,-120.0,-85.0,-120.0,-120.0,-89.0,-120.0,-120.0,-87.0,-120,-120.0,-120.0,-120.0,-120,-120,-120,-120,-120,-120,-120,-120,-120,-120,-120,-120,-120,-120,-120,-120,-120,-120,-120,-120,-120,-120,-120,-120,-120,-120,-120,-120.0,-120.0,-120.0,-120.0,-120.0,-120.0,-120.0,-120,-120,-120.0,-120.0,-120.0,-120,-120.0,-120,-120,-120.0,-120,-120,-120,-120,-120,-120,-120,-120,-120,-120,-120,-120,-120,-120,-120,-120,-120,-120,-120,-120,-120,-120,-120,-120,-120,-120,-120,-120,-120.0,-120.0,-120,-120
3.7176,-70.0,-120,-120,-120,-120,-120,-120,-120,-91.0,-120,-120,-120.0,-120,-120,-92.0,-120,-120,-120,-120,-120,-120,-120,-120,-120,-120,-120,-120,-120,-120,-120,-120,-120,-120,-120,-120,-120,-120.0,-120.0,-120.0,-120,-120,-120,-120,-120,-120,-120.0,-120,-120,-120,-120,-120,-120.0,-120,-120,-120.0,-120,-120,-85.0,-120.0,-120.0,-120.0,-120,-120.0,-120.0,-77.0,-120,-120,-120,-120,-120,-120,-120,-120,-120,-120,-120,-120,-120,-120,-120,-120,-120,-120,-120,-120,-120,-120,-120,-120,-120,-120,-120,-120,-120,-120,-120,-120,-120,-120,-120,-120,-120,-120,-120,-120,-120,-120,-120,-120,-120,-120,-120,-120,-120,-120,-120,-120,-120,-120,-120,-120,-120,-120,-120,-120,-120,-120,-120,-80.0,-120,-120,-120,-120,-120,-120,-120,-120.0,-120,-120,-120.0,-120,-120,-120,-120.0,-120.0,-120,-120.0,-120,-120.0,-120.0,-120.0,-120.0,-120.0,-92.0,-120.0,-120.0,-81.0,-120,-120.0,-120.0,-120.0,-120,-120,-120,-120,-120,-120,-120,-120,-120,-120,-120,-120,-120,-120,-120,-120,-120,-120,-120,-120,-120,-120,-120,-120,-120,-120,-120,-120.0,-120.0,-120.0,-120.0,-120.0,-120.0,-120.0,-120,-120,-120.0,-120.0,-120.0,-120,-120.0,-120,-120,-120.0,-120,-120,-120,-120,-120,-120,-120,-120,-120,-120,-120,-120,-120,-120,-120,-120,-120,-120,-120,-120,-120,-120,-120,-120,-120,-120,-120,-120,-120.0,-120.0,-120,-120
5.6471,-75.0,-120,-120,-120,-120,-120,-120,-120,-86.0,-120,-120,-120.0,-120,-120,-86.0,-120,-120,-120,-120,-120,-120,-120,-120,-120,-120,-120,-120,-120,-120,-120,-120,-120,-120,-120,-120,-120,-93.0,-120.0,-120.0,-120,-120,-120,-120,-120,-120,-89.0,-120,-120,-120,-120,-120,-120.0,-120,-120,-120.0,-120,-120,-91.0,-120.0,-120.0,-120.0,-120,-120.0,-120.0,-80.0,-120,-120,-120,-120,-120,-120,-120,-120,-120,-120,-120,-120,-120,-120,-120,-120,-120,-120,-120,-120,-120,-120,-120,-120,-120,-120,-120,-120,-120,-120,-120,-120,-120,-120,-120,-120,-120,-120,-120,-120,-120,-120,-120,-120,-120,-120,-120,-120,-120,-120,-120,-120,-120,-120,-120,-120,-120,-120,-120,-120,-120,-120,-120,-84.0,-120,-120,-120,-120,-120,-120,-120,-120.0,-120,-120,-120.0,-120,-120,-120,-120.0,-120.0,-120,-120.0,-120,-85.0,-120.0,-86.0,-120.0,-120.0,-85.0,-120.0,-120.0,-120.0,-120,-120.0,-120.0,-120.0,-120,-120,-120,-120,-120,-120,-120,-120,-120,-120,-120,-120,-120,-120,-120,-120,-120,-120,-120,-120,-120,-120,-120,-120,-120,-120,-120,-120.0,-120.0,-120.0,-120.0,-120.0,-120.0,-120.0,-120,-120,-120.0,-120.0,-120.0,-120,-120.0,-120,-120,-120.0,-120,-120,-120,-120,-120,-120,-120,-120,-120,-120,-120,-120,-120,-120,-120,-120,-120,-120,-120,-120,-120,-120,-120,-120,-120,-120,-120,-120,-120.0,-120.0,-120,-120
7.6223,-76.0,-120,-120,-120,-120,-120,-120,-120,-87.0,-120,-120,-120.0,-120,-120,-88.0,-120,-120,-120,-120,-120,-120,-120,-120,-120,-120,-120,-120,-120,-120,-120,-120,-120,-120,-120,-120,-120,-120.0,-120.0,-120.0,-120,-120,-120,-120,-120,-120,-89.0,-120,-120,-120,-120,-120,-120.0,-120,-120,-120.0,-120,-120,-120.0,-120.0,-120.0,-120.0,-120,-120.0,-120.0,-77.0,-120,-120,-120,-120,-120,-120,-120,-120,-120,-120,-120,-120,-120,-120,-120,-120,-120,-120,-120,-120,-120,-120,-120,-120,-120,-120,-120,-120,-120,-120,-120,-120,-120,-120,-120,-120,-120,-120,-120,-120,-120,-120,-120,-120,-120,-120,-120,-120,-120,-120,-120,-120,-120,-120,-120,-120,-120,-120,-120,-120,-120,-120,-120,-82.0,-120,-120,-120,-120,-120,-120,-120,-120.0,-120,-120,-120.0,-120,-120,-120,-120.0,-120.0,-120,-120.0,-120,-87.0,-120.0,-87.0,-120.0,-120.0,-84.0,-120.0,-120.0,-84.0,-120,-120.0,-120.0,-120.0,-120,-120,-120,-120,-120,-120,-120,-120,-120,-120,-120,-120,-120,-120,-120,-120,-120,-120,-120,-120,-120,-120,-120,-120,-120,-120,-120,-120.0,-120.0,-120.0,-120.0,-120.0,-120.0,-120.0,-120,-120,-120.0,-120.0,-120.0,-120,-120.0,-120,-120,-120.0,-120,-120,-120,-120,-120,-120,-120,-120,-120,-120,-120,-120,-120,-120,-120,-120,-120,-120,-120,-120,-120,-120,-120,-120,-120,-120,-120,-120,-120.0,-120.0,-120,-120
9.6637,-80.0,-120,-120,-120,-120,-120,-120,-120,-120.0,-120,-120,-120.0,-120,-120,-120.0,-120,-120,-120,-120,-120,-120,-120,-120,-120,-120,-120,-120,-120,-120,-120,-120,-120,-120,-120,-120,-120,-120.0,-120.0,-92.0,-120,-120,-120,-120,-120,-120,-120.0,-120,-120,-120,-120,-120,-120.0,-120,-120,-120.0,-120,-120,-120.0,-120.0,-93.0,-120.0,-120,-69.0,-120.0,-83.0,-120,-120,-120,-120,-120,-120,-120,-120,-120,-120,-120,-120,-120,-120,-120,-120,-120,-120,-120,-120,-120,-120,-120,-120,-120,-120,-120,-120,-120,-120,-120,-120,-120,-120,-120,-120,-120,-120,-120,-120,-120,-120,-120,-120,-120,-120,-120,-120,-120,-120,-120,-120,-120,-120,-120,-120,-120,-120,-120,-120,-120,-120,-120,-80.0,-120,-120,-120,-120,-120,-120,-120,-120.0,-120,-120,-120.0,-120,-120,-120,-120.0,-120.0,-120,-120.0,-120,-83.0,-120.0,-92.0,-91.0,-120.0,-92.0,-120.0,-92.0,-82.0,-120,-120.0,-120.0,-120.0,-120,-120,-120,-120,-120,-120,-120,-120,-120,-120,-120,-120,-120,-120,-120,-120,-120,-120,-120,-120,-120,-120,-120,-120,-120,-120,-120,-120.0,-120.0,-120.0,-120.0,-120.0,-120.0,-120.0,-120,-120,-120.0,-120.0,-120.0,-120,-120.0,-120,-120,-120.0,-120,-120,-120,-120,-120,-120,-120,-120,-120,-120,-120,-120,-120,-120,-120,-120,-120,-120,-120,-120,-120,-120,-120,-120,-120,-120,-120,-120,-120.0,-120.0,-120,-120
11.6178,-80.0,-120,-120,-120,-120,-120,-120,-120,-85.0,-120,-120,-120.0,-120,-120,-88.0,-120,-120,-120,-120,-120,-120,-120,-120,-120,-120,-120,-120,-120,-120,-120,-120,-120,-120,-120,-120,-120,-120.0,-120.0,-120.0,-120,-120,-120,-120,-120,-120,-120.0,-120,-120,-120,-120,-120,-120.0,-120,-120,-120.0,-120,-120,-92.0,-120.0,-120.0,-120.0,-120,-120.0,-120.0,-84.0,-120,-120,-120,-120,-120,-120,-120,-120,-120,-120,-120,-120,-120,-120,-120,-120,-120,-120,-120,-120,-120,-120,-120,-120,-120,-120,-120,-120,-120,-120,-120,-120,-120,-120,-120,-120,-120,-120,-120,-120,-120,-120,-120,-120,-120,-120,-120,-120,-120,-120,-120,-120,-120,-120,-120,-120,-120,-120,-120,-120,-120,-120,-120,-76.0,-120,-120,-120,-120,-120,-120,-120,-120.0,-120,-120,-120.0,-120,-120,-120,-120.0,-120.0,-120,-120.0,-120,-91.0,-120.0,-88.0,-120.0,-120.0,-78.0,-120.0,-120.0,-85.0,-120,-120.0,-120.0,-120.0,-120,-120,-120,-120,-120,-120,-120,-120,-120,-120,-120,-120,-120,-120,-120,-120,-120,-120,-120,-120,-120,-120,-120,-120,-120,-120,-120,-120.0,-120.0,-120.0,-120.0,-120.0,-120.0,-120.0,-120,-120,-120.0,-120.0,-120.0,-120,-120.0,-120,-120,-120.0,-120,-120,-120,-120,-120,-120,-120,-120,-120,-120,-120,-120,-120,-120,-120,-120,-120,-120,-120,-120,-120,-120,-120,-120,-120,-120,-120,-120,-120.0,-120.0,-120,-120
13.6613,-77.0,-120,-120,-120,-120,-120,-120,-120,-88.0,-120,-120,-120.0,-120,-120,-85.0,-120,-120,-120,-120,-120,-120,-120,-120,-120,-120,-120,-120,-120,-120,-120,-120,-120,-120,-120,-120,-120,-120.0,-120.0,-120.0,-120,-120,-120,-120,-120,-120,-91.0,-120,-120,-120,-120,-120,-120.0,-120,-120,-120.0,-120,-120,-91.0,-120.0,-120.0,-120.0,-120,-120.0,-120.0,-88.0,-120,-120,-120,-120,-120,-120,-120,-120,-120,-120,-120,-120,-120,-120,-120,-120,-120,-120,-120,-120,-120,-120,-120,-120,-120,-120,-120,-120,-120,-120,-120,-120,-120,-120,-120,-120,-120,-120,-120,-120,-120,-120,-120,-120,-120,-120,-120,-120,-120,-120,-120,-120,-120,-120,-120,-120,-120,-120,-120,-120,-120,-120,-120,-72.0,-120,-120,-120,-120,-120,-120,-120,-120.0,-120,-120,-120.0,-120,-120,-120,-120.0,-120.0,-120,-120.0,-120,-89.0,-120.0,-90.0,-95.0,-90.0,-90.0,-120.0,-120.0,-84.0,-120,-120.0,-94.0,-120.0,-120,-120,-120,-120,-120,-120,-120,-120,-120,-120,-120,-120,-120,-120,-120,-120,-120,-120,-120,-120,-120,-120,-120,-120,-120,-120,-120,-120.0,-120.0,-120.0,-120.0,-120.0,-120.0,-120.0,-120,-120,-120.0,-120.0,-120.0,-120,-120.0,-120,-120,-120.0,-120,-120,-120,-120,-120,-120,-120,-120,-120,-120,-120,-120,-120,-120,-120,-120,-120,-120,-120,-120,-120,-120,-120,-120,-120,-120,-120,-120,-120.0,-120.0,-120,-120
15.5951,-77.0,-120,-120,-120,-120,-120,-120,-120,-86.0,-120,-120,-120.0,-120,-120,-87.0,-120,-120,-120,-120,-120,-120,-120,-120,-120,-120,-120,-120,-120,-120,-120,-120,-120,-120,-120,-120,-120,-120.0,-120.0,-120.0,-120,-120,-120,-120,-120,-120,-120.0,-120,-120,-120,-120,-120,-120.0,-120,-120,-120.0,-120,-120,-91.0,-120.0,-120.0,-120.0,-120,-120.0,-91.0,-78.0,-120,-120,-120,-120,-120,-120,-120,-120,-120,-120,-120,-120,-120,-120,-120,-120,-120,-120,-120,-120,-120,-120,-120,-120,-120,-120,-120,-120,-120,-120,-120,-120,-120,-120,-120,-120,-120,-120,-120,-120,-120,-120,-120,-120,-120,-120,-120,-120,-120,-120,-120,-120,-120,-120,-120,-120,-120,-120,-120,-120,-120,-120,-120,-74.0,-120,-120,-120,-120,-120,-120,-120,-120.0,-120,-120,-120.0,-120,-120,-120,-120.0,-120.0,-120,-120.0,-120,-86.0,-120.0,-86.0,-120.0,-120.0,-87.0,-120.0,-120.0,-86.0,-120,-120.0,-120.0,-120.0,-120,-120,-120,-120,-120,-120,-120,-120,-120,-120,-120,-120,-120,-120,-120,-120,-120,-120,-120,-120,-120,-120,-120,-120,-120,-120,-120,-120.0,-120.0,-120.0,-120.0,-120.0,-120.0,-120.0,-120,-120,-120.0,-120.0,-120.0,-120,-120.0,-120,-120,-120.0,-120,-120,-120,-120,-120,-120,-120,-120,-120,-120,-120,-120,-120,-120,-120,-120,-120,-120,-120,-120,-120,-120,-120,-120,-120,-120,-120,-120,-120.0,-120.0,-120,-120
17.659,-76.0,-120,-120,-120,-120,-120,-120,-120,-120.0,-120,-120,-120.0,-120,-120,-120.0,-120,-120,-120,-120,-120,-120,-120,-120,-120,-120,-120,-120,-120,-120,-120,-120,-120,-120,-120,-120,-120,-120.0,-120.0,-120.0,-120,-120,-120,-120,-120,-120,-93.0,-120,-120,-120,-120,-120,-120.0,-120,-120,-120.0,-120,-120,-93.0,-120.0,-120.0,-120.0,-120,-120.0,-120.0,-81.0,-120,-120,-120,-120,-120,-120,-120,-120,-120,-120,-120,-120,-120,-120,-120,-120,-120,-120,-120,-120,-120,-120,-120,-120,-120,-120,-120,-120,-120,-120,-120,-120,-120,-120,-120,-120,-120,-120,-120,-120,-120,-120,-120,-120,-120,-120,-120,-120,-120,-120,-120,-120,-120,-120,-120,-120,-120,-120,-120,-120,-120,-120,-120,-81.0,-120,-120,-120,-120,-120,-120,-120,-120.0,-120,-120,-120.0,-120,-120,-120,-120.0,-120.0,-120,-120.0,-120,-86.0,-120.0,-120.0,-120.0,-120.0,-120.0,-120.0,-120.0,-82.0,-120,-120.0,-120.0,-120.0,-120,-120,-120,-120,-120,-120,-120,-120,-120,-120,-120,-120,-120,-120,-120,-120,-120,-120,-120,-120,-120,-120,-120,-120,-120,-120,-120,-120.0,-120.0,-120.0,-120.0,-120.0,-120.0,-120.0,-120,-120,-120.0,-120.0,-120.0,-120,-120.0,-120,-120,-120.0,-120,-120,-120,-120,-120,-120,-120,-120,-120,-120,-120,-120,-120,-120,-120,-120,-120,-120,-120,-120,-120,-120,-120,-120,-120,-120,-120,-120,-120.0,-120.0,-120,-120
19.663,-81.0,-120,-120,-120,-120,-120,-120,-120,-86.0,-120,-120,-120.0,-120,-120,-120.0,-120,-120,-120,-120,-120,-120,-120,-120,-120,-120,-120,-120,-120,-120,-120,-120,-120,-120,-120,-120,-120,-92.0,-120.0,-120.0,-120,-120,-120,-120,-120,-120,-89.0,-120,-120,-120,-120,-120,-120.0,-120,-120,-120.0,-120,-120,-120.0,-120.0,-120.0,-120.0,-120,-120.0,-91.0,-77.0,-120,-120,-120,-120,-120,-120,-120,-120,-120,-120,-120,-120,-120,-120,-120,-120,-120,-120,-120,-120,-120,-120,-120,-120,-120,-120,-120,-120,-120,-120,-120,-120,-120,-120,-120,-120,-120,-120,-120,-120,-120,-120,-120,-120,-120,-120,-120,-120,-120,-120,-120,-120,-120,-120,-120,-120,-120,-120,-120,-120,-120,-120,-120,-75.0,-120,-120,-120,-120,-120,-120,-120,-120.0,-120,-120,-120.0,-120,-120,-120,-120.0,-120.0,-120,-120.0,-120,-82.0,-120.0,-81.0,-120.0,-120.0,-82.0,-93.0,-94.0,-86.0,-120,-120.0,-120.0,-120.0,-120,-120,-120,-120,-120,-120,-120,-120,-120,-120,-120,-120,-120,-120,-120,-120,-120,-120,-120,-120,-120,-120,-120,-120,-120,-120,-120,-120.0,-120.0,-120.0,-120.0,-120.0,-120.0,-120.0,-120,-120,-120.0,-120.0,-120.0,-120,-120.0,-120,-120,-120.0,-120,-120,-120,-120,-120,-120,-120,-120,-120,-120,-120,-120,-120,-120,-120,-120,-120,-120,-120,-120,-120,-120,-120,-120,-120,-120,-120,-120,-120.0,-120.0,-120,-120
21.6665,-73.0,-120,-120,-120,-120,-120,-120,-120,-88.0,-120,-120,-120.0,-120,-120,-89.0,-120,-120,-120,-120,-120,-120,-120,-120,-120,-120,-120,-120,-120,-120,-120,-120,-120,-120,-120,-120,-120,-91.0,-120.0,-90.0,-120,-120,-120,-120,-120,-120,-87.0,-120,-120,-120,-120,-120,-120.0,-120,-120,-120.0,-120,-120,-120.0,-93.0,-120.0,-120.0,-120,-120.0,-120.0,-80.0,-120,-120,-120,-120,-120,-120,-120,-120,-120,-120,-120,-120,-120,-120,-120,-120,-120,-120,-120,-120,-120,-120,-120,-120,-120,-120,-120,-120,-120,-120,-120,-120,-120,-120,-120,-120,-120,-120,-120,-120,-120,-120,-120,-120,-120,-120,-120,-120,-120,-120,-120,-120,-120,-120,-120,-120,-120,-120,-120,-120,-120,-120,-120,-74.0,-120,-120,-120,-120,-120,-120,-120,-95.0,-120,-120,-120.0,-120,-120,-120,-120.0,-120.0,-120,-120.0,-120,-86.0,-120.0,-88.0,-120.0,-120.0,-88.0,-120.0,-120.0,-87.0,-120,-120.0,-120.0,-120.0,-120,-120,-120,-120,-120,-120,-120,-120,-120,-120,-120,-120,-120,-120,-120,-120,-120,-120,-120,-120,-120,-120,-120,-120,-120,-120,-120,-120.0,-120.0,-120.0,-120.0,-120.0,-120.0,-120.0,-120,-120,-120.0,-120.0,-120.0,-120,-120.0,-120,-120,-120.0,-120,-120,-120,-120,-120,-120,-120,-120,-120,-120,-120,-120,-120,-120,-120,-120,-120,-120,-120,-120,-120,-120,-120,-120,-120,-120,-120,-120,-120.0,-120.0,-120,-120
23.6342,-82.0,-120,-120,-120,-120,-120,-120,-120,-88.0,-120,-120,-120.0,-120,-120,-120.0,-120,-120,-120,-120,-120,-120,-120,-120,-120,-120,-120,-120,-120,-120,-120,-120,-120,-120,-120,-120,-120,-120.0,-120.0,-93.0,-120,-120,-120,-120,-120,-120,-120.0,-120,-120,-120,-120,-120,-120.0,-120,-120,-120.0,-120,-120,-120.0,-120.0,-120.0,-90.0,-120,-120.0,-120.0,-83.0,-120,-120,-120,-120,-120,-120,-120,-120,-120,-120,-120,-120,-120,-120,-120,-120,-120,-120,-120,-120,-120,-120,-120,-120,-120,-120,-120,-120,-120,-120,-120,-120,-120,-120,-120,-120,-120,-120,-120,-120,-120,-120,-120,-120,-120,-120,-120,-120,-120,-120,-120,-120,-120,-120,-120,-120,-120,-120,-120,-120,-120,-120,-120,-77.0,-120,-120,-120,-120,-120,-120,-120,-120.0,-120,-120,-120.0,-120,-120,-120,-120.0,-120.0,-120,-120.0,-120,-120.0,-120.0,-120.0,-120.0,-120.0,-89.0,-120.0,-120.0,-88.0,-120,-120.0,-120.0,-120.0,-120,-120,-120,-120,-120,-120,-120,-120,-120,-120,-120,-120,-120,-120,-120,-120,-120,-120,-120,-120,-120,-120,-120,-120,-120,-120,-120,-120.0,-120.0,-120.0,-120.0,-120.0,-120.0,-120.0,-120,-120,-120.0,-120.0,-120.0,-120,-120.0,-120,-120,-120.0,-120,-120,-120,-120,-120,-120,-120,-120,-120,-120,-120,-120,-120,-120,-120,-120,-120,-120,-120,-120,-120,-120,-120,-120,-120,-120,-120,-120,-120.0,-120.0,-120,-120
25.631,-75.0,-120,-120,-120,-120,-120,-120,-120,-88.0,-120,-120,-120.0,-120,-120,-90.0,-120,-120,-120,-120,-120,-120,-120,-120,-120,-120,-120,-120,-120,-120,-120,-120,-120,-120,-120,-120,-120,-120.0,-120.0,-90.0,-120,-120,-120,-120,-120,-120,-90.0,-120,-120,-120,-120,-120,-120.0,-120,-120,-120.0,-120,-120,-89.0,-120.0,-120.0,-120.0,-120,-90.0,-120.0,-85.0,-120,-120,-120,-120,-120,-120,-120,-120,-120,-120,-120,-120,-120,-120,-120,-120,-120,-120,-120,-120,-120,-120,-120,-120,-120,-120,-120,-120,-120,-120,-120,-120,-120,-120,-120,-120,-120,-120,-120,-120,-120,-120,-120,-120,-120,-120,-120,-120,-120,-120,-120,-120,-120,-120,-120,-120,-120,-120,-120,-120,-120,-120,-120,-81.0,-120,-120,-120,-120,-120,-120,-120,-120.0,-120,-120,-120.0,-120,-120,-120,-120.0,-120.0,-120,-120.0,-120,-120.0,-120.0,-120.0,-120.0,-88.0,-92.0,-120.0,-120.0,-83.0,-120,-120.0,-120.0,-120.0,-120,-120,-120,-120,-120,-120,-120,-120,-120,-120,-120,-120,-120,-120,-120,-120,-120,-120,-120,-120,-120,-120,-120,-120,-120,-120,-120,-120.0,-120.0,-120.0,-120.0,-120.0,-120.0,-90.0,-120,-120,-120.0,-120.0,-120.0,-120,-120.0,-120,-120,-120.0,-120,-120,-120,-120,-120,-120,-120,-120,-120,-120,-120,-120,-120,-120,-120,-120,-120,-120,-120,-120,-120,-120,-120,-120,-120,-120,-120,-120,-120.0,-120.0,-120,-120
27.6528,-81.0,-120,-120,-120,-120,-120,-120,-120,-120.0,-120,-120,-120.0,-120,-120,-87.0,-120,-120,-120,-120,-120,-120,-120,-120,-120,-120,-120,-120,-120,-120,-120,-120,-120,-120,-120,-120,-120,-120.0,-120.0,-120.0,-120,-120,-120,-120,-120,-120,-120.0,-120,-120,-120,-120,-120,-120.0,-120,-120,-120.0,-120,-120,-90.0,-120.0,-120.0,-120.0,-120,-91.0,-120.0,-77.0,-120,-120,-120,-120,-120,-120,-120,-120,-120,-120,-120,-120,-120,-120,-120,-120,-120,-120,-120,-120,-120,-120,-120,-120,-120,-120,-120,-120,-120,-120,-120,-120,-120,-120,-120,-120,-120,-120,-120,-120,-120,-120,-120,-120,-120,-120,-120,-120,-120,-120,-120,-120,-120,-120,-120,-120,-120,-120,-120,-120,-120,-120,-120,-79.0,-120,-120,-120,-120,-120,-120,-120,-120.0,-120,-120,-120.0,-120,-120,-120,-95.0,-120.0,-120,-120.0,-120,-120.0,-120.0,-120.0,-120.0,-120.0,-120.0,-120.0,-120.0,-84.0,-120,-120.0,-120.0,-120.0,-120,-120,-120,-120,-120,-120,-120,-120,-120,-120,-120,-120,-120,-120,-120,-120,-120,-120,-120,-120,-120,-120,-120,-120,-120,-120,-120,-120.0,-120.0,-120.0,-120.0,-120.0,-120.0,-120.0,-120,-120,-120.0,-120.0,-120.0,-120,-120.0,-120,-120,-120.0,-120,-120,-120,-120,-120,-120,-120,-120,-120,-120,-120,-120,-120,-120,-120,-120,-120,-120,-120,-120,-120,-120,-120,-120,-120,-120,-120,-120,-120.0,-120.0,-120,-120
29.6393,-77.0,-120,-120,-120,-120,-120,-120,-120,-90.0,-120,-120,-120.0,-120,-120,-90.0,-120,-120,-120,-120,-120,-120,-120,-120,-120,-120,-120,-120,-120,-120,-120,-120,-120,-120,-120,-120,-120,-120.0,-120.0,-120.0,-120,-120,-120,-120,-120,-120,-86.0,-120,-120,-120,-120,-120,-120.0,-120,-120,-120.0,-120,-120,-69.0,-120.0,-91.0,-120.0,-120,-120.0,-120.0,-76.0,-120,-120,-120,-120,-120,-120,-120,-120,-120,-120,-120,-120,-120,-120,-120,-120,-120,-120,-120,-120,-120,-120,-120,-120,-120,-120,-120,-120,-120,-120,-120,-120,-120,-120,-120,-120,-120,-120,-120,-120,-120,-120,-120,-120,-120,-120,-120,-120,-120,-120,-120,-120,-120,-120,-120,-120,-120,-120,-120,-120,-120,-120,-120,-74.0,-120,-120,-120,-120,-120,-120,-120,-120.0,-120,-120,-120.0,-120,-120,-120,-120.0,-120.0,-120,-120.0,-120,-120.0,-120.0,-93.0,-120.0,-120.0,-93.0,-120.0,-120.0,-84.0,-120,-120.0,-120.0,-120.0,-120,-120,-120,-120,-120,-120,-120,-120,-120,-120,-120,-120,-120,-120,-120,-120,-120,-120,-120,-120,-120,-120,-120,-120,-120,-120,-120,-120.0,-120.0,-120.0,-120.0,-120.0,-120.0,-120.0,-120,-120,-120.0,-120.0,-120.0,-120,-120.0,-120,-120,-120.0,-120,-120,-120,-120,-120,-120,-120,-120,-120,-120,-120,-120,-120,-120,-120,-120,-120,-120,-120,-120,-120,-120,-120,-120,-120,-120,-120,-120,-120.0,-120.0,-120,-120
31.6713,-75.0,-120,-120,-120,-120,-120,-120,-120,-90.0,-120,-120,-120.0,-120,-120,-120.0,-120,-120,-120,-120,-120,-120,-120,-120,-120,-120,-120,-120,-120,-120,-120,-120,-120,-120,-120,-120,-120,-120.0,-120.0,-120.0,-120,-120,-120,-120,-120,-120,-120.0,-120,-120,-120,-120,-120,-120.0,-120,-120,-120.0,-120,-120,-91.0,-120.0,-120.0,-120.0,-120,-120.0,-120.0,-85.0,-120,-120,-120,-120,-120,-120,-120,-120,-120,-120,-120,-120,-120,-120,-120,-120,-120,-120,-120,-120,-120,-120,-120,-120,-120,-120,-120,-120,-120,-120,-120,-120,-120,-120,-120,-120,-120,-120,-120,-120,-120,-120,-120,-120,-120,-120,-120,-120,-120,-120,-120,-120,-120,-120,-120,-120,-120,-120,-120,-120,-120,-120,-120,-76.0,-120,-120,-120,-120,-120,-120,-120,-120.0,-120,-120,-120.0,-120,-120,-120,-120.0,-120.0,-120,-120.0,-120,-92.0,-120.0,-91.0,-120.0,-120.0,-92.0,-120.0,-120.0,-85.0,-120,-120.0,-120.0,-120.0,-120,-120,-120,-120,-120,-120,-120,-120,-120,-120,-120,-120,-120,-120,-120,-120,-120,-120,-120,-120,-120,-120,-120,-120,-120,-120,-120,-120.0,-120.0,-120.0,-120.0,-120.0,-120.0,-120.0,-120,-120,-120.0,-120.0,-120.0,-120,-120.0,-120,-120,-120.0,-120,-120,-120,-120,-120,-120,-120,-120,-120,-120,-120,-120,-120,-120,-120,-120,-120,-120,-120,-120,-120,-120,-120,-120,-120,-120,-120,-120,-120.0,-120.0,-120,-120
33.6144,-79.0,-120,-120,-120,-120,-120,-120,-120,-90.0,-120,-120,-120.0,-120,-120,-120.0,-120,-120,-120,-120,-120,-120,-120,-120,-120,-120,-120,-120,-120,-120,-120,-120,-120,-120,-120,-120,-120,-120.0,-120.0,-120.0,-120,-120,-120,-120,-120,-120,-120.0,-120,-120,-120,-120,-120,-120.0,-120,-120,-120.0,-120,-120,-89.0,-120.0,-92.0,-120.0,-120,-120.0,-120.0,-83.0,-120,-120,-120,-120,-120,-120,-120,-120,-120,-120,-120,-120,-120,-120,-120,-120,-120,-120,-120,-120,-120,-120,-120,-120,-120,-120,-120,-120,-120,-120,-120,-120,-120,-120,-120,-120,-120,-120,-120,-120,-120,-120,-120,-120,-120,-120,-120,-120,-120,-120,-120,-120,-120,-120,-120,-120,-120,-120,-120,-120,-120,-120,-120,-73.0,-120,-120,-120,-120,-120,-120,-120,-120.0,-120,-120,-120.0,-120,-120,-120,-120.0,-120.0,-120,-120.0,-120,-94.0,-120.0,-120.0,-120.0,-120.0,-120.0,-120.0,-120.0,-83.0,-120,-120.0,-120.0,-120.0,-120,-120,-120,-120,-120,-120,-120,-120,-120,-120,-120,-120,-120,-120,-120,-120,-120,-120,-120,-120,-120,-120,-120,-120,-120,-120,-120,-120.0,-120.0,-120.0,-120.0,-120.0,-90.0,-120.0,-120,-120,-120.0,-120.0,-120.0,-120,-120.0,-120,-120,-120.0,-120,-120,-120,-120,-120,-120,-120,-120,-120,-120,-120,-120,-120,-120,-120,-120,-120,-120,-120,-120,-120,-120,-120,-120,-120,-120,-120,-120,-120.0,-120.0,-120,-120
35.6478,-78.0,-120,-120,-120,-120,-120,-120,-120,-87.0,-120,-120,-120.0,-120,-120,-120.0,-120,-120,-120,-120,-120,-120,-120,-120,-120,-120,-120,-120,-120,-120,-120,-120,-120,-120,-120,-120,-120,-120.0,-120.0,-120.0,-120,-120,-120,-120,-120,-120,-90.0,-120,-120,-120,-120,-120,-120.0,-120,-120,-120.0,-120,-120,-120.0,-120.0,-120.0,-120.0,-120,-120.0,-120.0,-80.0,-120,-120,-120,-120,-120,-120,-120,-120,-120,-120,-120,-120,-120,-120,-120,-120,-120,-120,-120,-120,-120,-120,-120,-120,-120,-120,-120,-120,-120,-120,-120,-120,-120,-120,-120,-120,-120,-120,-120,-120,-120,-120,-120,-120,-120,-120,-120,-120,-120,-120,-120,-120,-120,-120,-120,-120,-120,-120,-120,-120,-120,-120,-120,-74.0,-120,-120,-120,-120,-120,-120,-120,-120.0,-120,-120,-120.0,-120,-120,-120,-120.0,-120.0,-120,-120.0,-120,-84.0,-120.0,-120.0,-120.0,-120.0,-84.0,-120.0,-120.0,-87.0,-120,-120.0,-95.0,-120.0,-120,-120,-120,-120,-120,-120,-120,-120,-120,-120,-120,-120,-120,-120,-120,-120,-120,-120,-120,-120,-120,-120,-120,-120,-120,-120,-120,-120.0,-120.0,-120.0,-120.0,-120.0,-120.0,-120.0,-120,-120,-120.0,-120.0,-120.0,-120,-120.0,-120,-120,-120.0,-120,-120,-120,-120,-120,-120,-120,-120,-120,-120,-120,-120,-120,-120,-120,-120,-120,-120,-120,-120,-120,-120,-120,-120,-120,-120,-120,-120,-120.0,-120.0,-120,-120
37.6584,-81.0,-120,-120,-120,-120,-120,-120,-120,-86.0,-120,-120,-120.0,-120,-120,-120.0,-120,-120,-120,-120,-120,-120,-120,-120,-120,-120,-120,-120,-120,-120,-120,-120,-120,-120,-120,-120,-120,-120.0,-120.0,-120.0,-120,-120,-120,-120,-120,-120,-92.0,-120,-120,-120,-120,-120,-120.0,-120,-120,-120.0,-120,-120,-88.0,-120.0,-120.0,-120.0,-120,-120.0,-120.0,-80.0,-120,-120,-120,-120,-120,-120,-120,-120,-120,-120,-120,-120,-120,-120,-120,-120,-120,-120,-120,-120,-120,-120,-120,-120,-120,-120,-120,-120,-120,-120,-120,-120,-120,-120,-120,-120,-120,-120,-120,-120,-120,-120,-120,-120,-120,-120,-120,-120,-120,-120,-120,-120,-120,-120,-120,-120,-120,-120,-120,-120,-120,-120,-120,-80.0,-120,-120,-120,-120,-120,-120,-120,-120.0,-120,-120,-120.0,-120,-120,-120,-120.0,-120.0,-120,-120.0,-120,-87.0,-120.0,-87.0,-120.0,-120.0,-87.0,-120.0,-120.0,-87.0,-120,-120.0,-120.0,-94.0,-120,-120,-120,-120,-120,-120,-120,-120,-120,-120,-120,-120,-120,-120,-120,-120,-120,-120,-120,-120,-120,-120,-120,-120,-120,-120,-120,-120.0,-120.0,-120.0,-120.0,-89.0,-120.0,-120.0,-120,-120,-120.0,-120.0,-120.0,-120,-120.0,-120,-120,-120.0,-120,-120,-120,-120,-120,-120,-120,-120,-120,-120,-120,-120,-120,-120,-120,-120,-120,-120,-120,-120,-120,-120,-120,-120,-120,-120,-120,-120,-120.0,-120.0,-120,-120
39.6978,-75.0,-120,-120,-120,-120,-120,-120,-120,-86.0,-120,-120,-120.0,-120,-120,-120.0,-120,-120,-120,-120,-120,-120,-120,-120,-120,-120,-120,-120,-120,-120,-120,-120,-120,-120,-120,-120,-120,-120.0,-120.0,-120.0,-120,-120,-120,-120,-120,-120,-92.0,-120,-120,-120,-120,-120,-120.0,-120,-120,-120.0,-120,-120,-88.0,-120.0,-120.0,-120.0,-120,-94.0,-120.0,-79.0,-120,-120,-120,-120,-120,-120,-120,-120,-120,-120,-120,-120,-120,-120,-120,-120,-120,-120,-120,-120,-120,-120,-120,-120,-120,-120,-120,-120,-120,-120,-120,-120,-120,-120,-120,-120,-120,-120,-120,-120,-120,-120,-120,-120,-120,-120,-120,-120,-120,-120,-120,-120,-120,-120,-120,-120,-120,-120,-120,-120,-120,-120,-120,-79.0,-120,-120,-120,-120,-120,-120,-120,-120.0,-120,-120,-120.0,-120,-120,-120,-120.0,-120.0,-120,-120.0,-120,-85.0,-120.0,-92.0,-120.0,-120.0,-94.0,-120.0,-120.0,-120.0,-120,-120.0,-120.0,-120.0,-120,-120,-120,-120,-120,-120,-120,-120,-120,-120,-120,-120,-120,-120,-120,-120,-120,-120,-120,-120,-120,-120,-120,-120,-120,-120,-120,-120.0,-120.0,-120.0,-120.0,-120.0,-120.0,-120.0,-120,-120,-120.0,-120.0,-120.0,-120,-120.0,-120,-120,-120.0,-120,-120,-120,-120,-120,-120,-120,-120,-120,-120,-120,-120,-120,-120,-120,-120,-120,-120,-120,-120,-120,-120,-120,-120,-120,-120,-120,-120,-120.0,-120.0,-120,-120
41.605,-78.0,-120,-120,-120,-120,-120,-120,-120,-88.0,-120,-120,-120.0,-120,-120,-120.0,-120,-120,-120,-120,-120,-120,-120,-120,-120,-120,-120,-120,-120,-120,-120,-120,-120,-120,-120,-120,-120,-120.0,-120.0,-120.0,-120,-120,-120,-120,-120,-120,-120.0,-120,-120,-120,-120,-120,-120.0,-120,-120,-120.0,-120,-120,-87.0,-120.0,-120.0,-120.0,-120,-120.0,-120.0,-79.0,-120,-120,-120,-120,-120,-120,-120,-120,-120,-120,-120,-120,-120,-120,-120,-120,-120,-120,-120,-120,-120,-120,-120,-120,-120,-120,-120,-120,-120,-120,-120,-120,-120,-120,-120,-120,-120,-120,-120,-120,-120,-120,-120,-120,-120,-120,-120,-120,-120,-120,-120,-120,-120,-120,-120,-120,-120,-120,-120,-120,-120,-120,-120,-79.0,-120,-120,-120,-120,-120,-120,-120,-95.0,-120,-120,-120.0,-120,-120,-120,-120.0,-120.0,-120,-120.0,-120,-92.0,-120.0,-87.0,-120.0,-120.0,-92.0,-120.0,-120.0,-85.0,-120,-120.0,-120.0,-120.0,-120,-120,-120,-120,-120,-120,-120,-120,-120,-120,-120,-120,-120,-120,-120,-120,-120,-120,-120,-120,-120,-120,-120,-120,-120,-120,-120,-120.0,-120.0,-120.0,-120.0,-120.0,-89.0,-120.0,-120,-120,-120.0,-120.0,-120.0,-120,-120.0,-120,-120,-120.0,-120,-120,-120,-120,-120,-120,-120,-120,-120,-120,-120,-120,-120,-120,-120,-120,-120,-120,-120,-120,-120,-120,-120,-120,-120,-120,-120,-120,-120.0,-120.0,-120,-120
43.6808,-76.0,-120,-120,-120,-120,-120,-120,-120,-89.0,-120,-120,-120.0,-120,-120,-120.0,-120,-120,-120,-120,-120,-120,-120,-120,-120,-120,-120,-120,-120,-120,-120,-120,-120,-120,-120,-120,-120,-120.0,-120.0,-120.0,-120,-120,-120,-120,-120,-120,-120.0,-120,-120,-120,-120,-120,-95.0,-120,-120,-120.0,-120,-120,-90.0,-120.0,-120.0,-120.0,-120,-91.0,-120.0,-82.0,-120,-120,-120,-120,-120,-120,-120,-120,-120,-120,-120,-120,-120,-120,-120,-120,-120,-120,-120,-120,-120,-120,-120,-120,-120,-120,-120,-120,-120,-120,-120,-120,-120,-120,-120,-120,-120,-120,-120,-120,-120,-120,-120,-120,-120,-120,-120,-120,-120,-120,-120,-120,-120,-120,-120,-120,-120,-120,-120,-120,-120,-120,-120,-81.0,-120,-120,-120,-120,-120,-120,-120,-120.0,-120,-120,-120.0,-120,-120,-120,-120.0,-120.0,-120,-97.0,-120,-87.0,-120.0,-87.0,-120.0,-120.0,-120.0,-120.0,-120.0,-85.0,-120,-120.0,-120.0,-120.0,-120,-120,-120,-120,-120,-120,-120,-120,-120,-120,-120,-120,-120,-120,-120,-120,-120,-120,-120,-120,-120,-120,-120,-120,-120,-120,-120,-120.0,-120.0,-120.0,-120.0,-120.0,-89.0,-120.0,-120,-120,-120.0,-120.0,-120.0,-120,-120.0,-120,-120,-120.0,-120,-120,-120,-120,-120,-120,-120,-120,-120,-120,-120,-120,-120,-120,-120,-120,-120,-120,-120,-120,-120,-120,-120,-120,-120,-120,-120,-120,-120.0,-120.0,-120,-120
45.8048,-79.0,-120,-120,-120,-120,-120,-120,-120,-87.0,-120,-120,-120.0,-120,-120,-120.0,-120,-120,-120,-120,-120,-120,-120,-120,-120,-120,-120,-120,-120,-120,-120,-120,-120,-120,-120,-120,-120,-120.0,-120.0,-120.0,-120,-120,-120,-120,-120,-120,-93.0,-120,-120,-120,-120,-120,-120.0,-120,-120,-120.0,-120,-120,-120.0,-120.0,-120.0,-120.0,-120,-120.0,-120.0,-79.0,-120,-120,-120,-120,-120,-120,-120,-120,-120,-120,-120,-120,-120,-120,-120,-120,-120,-120,-120,-120,-120,-120,-120,-120,-120,-120,-120,-120,-120,-120,-120,-120,-120,-120,-120,-120,-120,-120,-120,-120,-120,-120,-120,-120,-120,-120,-120,-120,-120,-120,-120,-120,-120,-120,-120,-120,-120,-120,-120,-120,-120,-120,-120,-82.0,-120,-120,-120,-120,-120,-120,-120,-120.0,-120,-120,-120.0,-120,-120,-120,-120.0,-120.0,-120,-120.0,-120,-91.0,-120.0,-88.0,-120.0,-120.0,-91.0,-120.0,-120.0,-82.0,-120,-120.0,-120.0,-120.0,-120,-120,-120,-120,-120,-120,-120,-120,-120,-120,-120,-120,-120,-120,-120,-120,-120,-120,-120,-120,-120,-120,-120,-120,-120,-120,-120,-120.0,-120.0,-120.0,-92.0,-120.0,-120.0,-120.0,-120,-120,-120.0,-120.0,-120.0,-120,-120.0,-120,-120,-120.0,-120,-120,-120,-120,-120,-120,-120,-120,-120,-120,-120,-120,-120,-120,-120,-120,-120,-120,-120,-120,-120,-120,-120,-120,-120,-120,-120,-120,-120.0,-120.0,-120,-120
47.6707,-82.0,-120,-120,-120,-120,-120,-120,-120,-120.0,-120,-120,-120.0,-120,-120,-120.0,-120,-120,-120,-120,-120,-120,-120,-120,-120,-120,-120,-120,-120,-120,-120,-120,-120,-120,-120,-120,-120,-120.0,-120.0,-93.0,-120,-120,-120,-120,-120,-120,-93.0,-120,-120,-120,-120,-120,-120.0,-120,-120,-120.0,-120,-120,-90.0,-120.0,-120.0,-120.0,-120,-94.0,-120.0,-84.0,-120,-120,-120,-120,-120,-120,-120,-120,-120,-120,-120,-120,-120,-120,-120,-120,-120,-120,-120,-120,-120,-120,-120,-120,-120,-120,-120,-120,-120,-120,-120,-120,-120,-120,-120,-120,-120,-120,-120,-120,-120,-120,-120,-120,-120,-120,-120,-120,-120,-120,-120,-120,-120,-120,-120,-120,-120,-120,-120,-120,-120,-120,-120,-77.0,-120,-120,-120,-120,-120,-120,-120,-120.0,-120,-120,-120.0,-120,-120,-120,-120.0,-120.0,-120,-120.0,-120,-88.0,-120.0,-89.0,-120.0,-120.0,-89.0,-120.0,-120.0,-86.0,-120,-120.0,-120.0,-120.0,-120,-120,-120,-120,-120,-120,-120,-120,-120,-120,-120,-120,-120,-120,-120,-120,-120,-120,-120,-120,-120,-120,-120,-120,-120,-120,-120,-120.0,-120.0,-120.0,-120.0,-120.0,-120.0,-120.0,-120,-120,-120.0,-120.0,-120.0,-120,-120.0,-120,-120,-120.0,-120,-120,-120,-120,-120,-120,-120,-120,-120,-120,-120,-120,-120,-120,-120,-120,-120,-120,-120,-120,-120,-120,-120,-120,-120,-120,-120,-120,-120.0,-120.0,-120,-120
49.66,-77.0,-120,-120,-120,-120,-120,-120,-120,-89.0,-120,-120,-120.0,-120,-120,-120.0,-120,-120,-120,-120,-120,-120,-120,-120,-120,-120,-120,-120,-120,-120,-120,-120,-120,-120,-120,-120,-120,-120.0,-120.0,-120.0,-120,-120,-120,-120,-120,-120,-120.0,-120,-120,-120,-120,-120,-120.0,-120,-120,-120.0,-120,-120,-88.0,-120.0,-120.0,-120.0,-120,-120.0,-120.0,-79.0,-120,-120,-120,-120,-120,-120,-120,-120,-120,-120,-120,-120,-120,-120,-120,-120,-120,-120,-120,-120,-120,-120,-120,-120,-120,-120,-120,-120,-120,-120,-120,-120,-120,-120,-120,-120,-120,-120,-120,-120,-120,-120,-120,-120,-120,-120,-120,-120,-120,-120,-120,-120,-120,-120,-120,-120,-120,-120,-120,-120,-120,-120,-120,-81.0,-120,-120,-120,-120,-120,-120,-120,-120.0,-120,-120,-120.0,-120,-120,-120,-120.0,-120.0,-120,-120.0,-120,-90.0,-120.0,-91.0,-95.0,-120.0,-120.0,-120.0,-120.0,-84.0,-120,-120.0,-120.0,-120.0,-120,-120,-120,-120,-120,-120,-120,-120,-120,-120,-120,-120,-120,-120,-120,-120,-120,-120,-120,-120,-120,-120,-120,-120,-120,-120,-120,-120.0,-120.0,-120.0,-120.0,-120.0,-120.0,-120.0,-120,-120,-120.0,-120.0,-120.0,-120,-120.0,-120,-120,-120.0,-120,-120,-120,-120,-120,-120,-120,-120,-120,-120,-120,-120,-120,-120,-120,-120,-120,-120,-120,-120,-120,-120,-120,-120,-120,-120,-120,-120,-120.0,-120.0,-120,-120
51.6665,-80.0,-120,-120,-120,-120,-120,-120,-120,-120.0,-120,-120,-120.0,-120,-120,-120.0,-120,-120,-120,-120,-120,-120,-120,-120,-120,-120,-120,-120,-120,-120,-120,-120,-120,-120,-120,-120,-120,-93.0,-120.0,-120.0,-120,-120,-120,-120,-120,-120,-120.0,-120,-120,-120,-120,-120,-120.0,-120,-120,-120.0,-120,-120,-87.0,-120.0,-120.0,-120.0,-120,-120.0,-120.0,-78.0,-120,-120,-120,-120,-120,-120,-120,-120,-120,-120,-120,-120,-120,-120,-120,-120,-120,-120,-120,-120,-120,-120,-120,-120,-120,-120,-120,-120,-120,-120,-120,-120,-120,-120,-120,-120,-120,-120,-120,-120,-120,-120,-120,-120,-120,-120,-120,-120,-120,-120,-120,-120,-120,-120,-120,-120,-120,-120,-120,-120,-120,-120,-120,-79.0,-120,-120,-120,-120,-120,-120,-120,-120.0,-120,-120,-120.0,-120,-120,-120,-120.0,-120.0,-120,-120.0,-120,-90.0,-120.0,-91.0,-120.0,-120.0,-88.0,-120.0,-120.0,-89.0,-120,-120.0,-120.0,-120.0,-120,-120,-120,-120,-120,-120,-120,-120,-120,-120,-120,-120,-120,-120,-120,-120,-120,-120,-120,-120,-120,-120,-120,-120,-120,-120,-120,-120.0,-120.0,-120.0,-120.0,-120.0,-120.0,-120.0,-120,-120,-120.0,-120.0,-120.0,-120,-120.0,-120,-120,-120.0,-120,-120,-120,-120,-120,-120,-120,-120,-120,-120,-120,-120,-120,-120,-120,-120,-120,-120,-120,-120,-120,-120,-120,-120,-120,-120,-120,-120,-120.0,-120.0,-120,-120
53.602,-76.0,-120,-120,-120,-120,-120,-120,-120,-86.0,-120,-120,-120.0,-120,-120,-120.0,-120,-120,-120,-120,-120,-120,-120,-120,-120,-120,-120,-120,-120,-120,-120,-120,-120,-120,-120,-120,-120,-120.0,-120.0,-120.0,-120,-120,-120,-120,-120,-120,-120.0,-120,-120,-120,-120,-120,-120.0,-120,-120,-120.0,-120,-120,-86.0,-120.0,-120.0,-120.0,-120,-120.0,-120.0,-79.0,-120,-120,-120,-120,-120,-120,-120,-120,-120,-120,-120,-120,-120,-120,-120,-120,-120,-120,-120,-120,-120,-120,-120,-120,-120,-120,-120,-120,-120,-120,-120,-120,-120,-120,-120,-120,-120,-120,-120,-120,-120,-120,-120,-120,-120,-120,-120,-120,-120,-120,-120,-120,-120,-120,-120,-120,-120,-120,-120,-120,-120,-120,-120,-77.0,-120,-120,-120,-120,-120,-120,-120,-120.0,-120,-120,-120.0,-120,-120,-120,-120.0,-120.0,-120,-120.0,-120,-90.0,-120.0,-120.0,-120.0,-120.0,-90.0,-120.0,-120.0,-87.0,-120,-120.0,-120.0,-120.0,-120,-120,-120,-120,-120,-120,-120,-120,-120,-120,-120,-120,-120,-120,-120,-120,-120,-120,-120,-120,-120,-120,-120,-120,-120,-120,-120,-120.0,-120.0,-120.0,-120.0,-120.0,-120.0,-120.0,-120,-120,-120.0,-120.0,-120.0,-120,-120.0,-120,-120,-120.0,-120,-120,-120,-120,-120,-120,-120,-120,-120,-120,-120,-120,-120,-120,-120,-120,-120,-120,-120,-120,-120,-120,-120,-120,-120,-120,-120,-120,-120.0,-120.0,-120,-120
55.6812,-76.0,-120,-120,-120,-120,-120,-120,-120,-87.0,-120,-120,-120.0,-120,-120,-120.0,-120,-120,-120,-120,-120,-120,-120,-120,-120,-120,-120,-120,-120,-120,-120,-120,-120,-120,-120,-120,-120,-120.0,-120.0,-120.0,-120,-120,-120,-120,-120,-120,-120.0,-120,-120,-120,-120,-120,-120.0,-120,-120,-120.0,-120,-120,-88.0,-120.0,-120.0,-120.0,-120,-120.0,-120.0,-77.0,-120,-120,-120,-120,-120,-120,-120,-120,-120,-120,-120,-120,-120,-120,-120,-120,-120,-120,-120,-120,-120,-120,-120,-120,-120,-120,-120,-120,-120,-120,-120,-120,-120,-120,-120,-120,-120,-120,-120,-120,-120,-120,-120,-120,-120,-120,-120,-120,-120,-120,-120,-120,-120,-120,-120,-120,-120,-120,-120,-120,-120,-120,-120,-80.0,-120,-120,-120,-120,-120,-120,-120,-120.0,-120,-120,-120.0,-120,-120,-120,-120.0,-120.0,-120,-120.0,-120,-120.0,-120.0,-120.0,-120.0,-120.0,-93.0,-120.0,-93.0,-87.0,-120,-120.0,-120.0,-120.0,-120,-120,-120,-120,-120,-120,-120,-120,-120,-120,-120,-120,-120,-120,-120,-120,-120,-120,-120,-120,-120,-120,-120,-120,-120,-120,-120,-120.0,-120.0,-120.0,-120.0,-120.0,-120.0,-120.0,-120,-120,-120.0,-120.0,-120.0,-120,-120.0,-120,-120,-120.0,-120,-120,-120,-120,-120,-120,-120,-120,-120,-120,-120,-120,-120,-120,-120,-120,-120,-120,-120,-120,-120,-120,-120,-120,-120,-120,-120,-120,-120.0,-120.0,-120,-120
57.6552,-81.0,-120,-120,-120,-120,-120,-120,-120,-90.0,-120,-120,-120.0,-120,-120,-120.0,-120,-120,-120,-120,-120,-120,-120,-120,-120,-120,-120,-120,-120,-120,-120,-120,-120,-120,-120,-120,-120,-120.0,-120.0,-120.0,-120,-120,-120,-120,-120,-120,-120.0,-120,-120,-120,-120,-120,-120.0,-120,-120,-120.0,-120,-120,-89.0,-120.0,-120.0,-120.0,-120,-92.0,-120.0,-79.0,-120,-120,-120,-120,-120,-120,-120,-120,-120,-120,-120,-120,-120,-120,-120,-120,-120,-120,-120,-120,-120,-120,-120,-120,-120,-120,-120,-120,-120,-120,-120,-120,-120,-120,-120,-120,-120,-120,-120,-120,-120,-120,-120,-120,-120,-120,-120,-120,-120,-120,-120,-120,-120,-120,-120,-120,-120,-120,-120,-120,-120,-120,-120,-78.0,-120,-120,-120,-120,-120,-120,-120,-120.0,-120,-120,-120.0,-120,-120,-120,-120.0,-120.0,-120,-120.0,-120,-90.0,-120.0,-91.0,-120.0,-120.0,-120.0,-120.0,-120.0,-120.0,-120,-120.0,-120.0,-120.0,-120,-120,-120,-120,-120,-120,-120,-120,-120,-120,-120,-120,-120,-120,-120,-120,-120,-120,-120,-120,-120,-120,-120,-120,-120,-120,-120,-120.0,-120.0,-120.0,-120.0,-91.0,-90.0,-120.0,-120,-120,-120.0,-120.0,-120.0,-120,-120.0,-120,-120,-120.0,-120,-120,-120,-120,-120,-120,-120,-120,-120,-120,-120,-120,-120,-120,-120,-120,-120,-120,-120,-120,-120,-120,-120,-120,-120,-120,-120,-120,-120.0,-120.0,-120,-120
59.6468,-81.0,-120,-120,-120,-120,-120,-120,-120,-90.0,-120,-120,-120.0,-120,-120,-120.0,-120,-120,-120,-120,-120,-120,-120,-120,-120,-120,-120,-120,-120,-120,-120,-120,-120,-120,-120,-120,-120,-120.0,-120.0,-120.0,-120,-120,-120,-120,-120,-120,-120.0,-120,-120,-120,-120,-120,-120.0,-120,-120,-120.0,-120,-120,-90.0,-120.0,-120.0,-120.0,-120,-120.0,-120.0,-78.0,-120,-120,-120,-120,-120,-120,-120,-120,-120,-120,-120,-120,-120,-120,-120,-120,-120,-120,-120,-120,-120,-120,-120,-120,-120,-120,-120,-120,-120,-120,-120,-120,-120,-120,-120,-120,-120,-120,-120,-120,-120,-120,-120,-120,-120,-120,-120,-120,-120,-120,-120,-120,-120,-120,-120,-120,-120,-120,-120,-120,-120,-120,-120,-76.0,-120,-120,-120,-120,-120,-120,-120,-120.0,-120,-120,-120.0,-120,-120,-120,-120.0,-120.0,-120,-120.0,-120,-89.0,-120.0,-90.0,-120.0,-120.0,-90.0,-120.0,-120.0,-89.0,-120,-120.0,-120.0,-120.0,-120,-120,-120,-120,-120,-120,-120,-120,-120,-120,-120,-120,-120,-120,-120,-120,-120,-120,-120,-120,-120,-120,-120,-120,-120,-120,-120,-120.0,-120.0,-120.0,-120.0,-120.0,-120.0,-120.0,-120,-120,-120.0,-120.0,-120.0,-120,-120.0,-120,-120,-120.0,-120,-120,-120,-120,-120,-120,-120,-120,-120,-120,-120,-120,-120,-120,-120,-120,-120,-120,-120,-120,-120,-120,-120,-120,-120,-120,-120,-120,-120.0,-120.0,-120,-120
61.6666,-91.0,-120,-120,-120,-120,-120,-120,-120,-90.0,-120,-120,-120.0,-120,-120,-95.0,-120,-120,-120,-120,-120,-120,-120,-120,-120,-120,-120,-120,-120,-120,-120,-120,-120,-120,-120,-120,-120,-120.0,-120.0,-120.0,-120,-120,-120,-120,-120,-120,-120.0,-120,-120,-120,-120,-120,-120.0,-120,-120,-120.0,-120,-120,-88.0,-120.0,-120.0,-120.0,-120,-120.0,-120.0,-78.0,-120,-120,-120,-120,-120,-120,-120,-120,-120,-120,-120,-120,-120,-120,-120,-120,-120,-120,-120,-120,-120,-120,-120,-120,-120,-120,-120,-120,-120,-120,-120,-120,-120,-120,-120,-120,-120,-120,-120,-120,-120,-120,-120,-120,-120,-120,-120,-120,-120,-120,-120,-120,-120,-120,-120,-120,-120,-120,-120,-120,-120,-120,-120,-79.0,-120,-120,-120,-120,-120,-120,-120,-120.0,-120,-120,-120.0,-120,-120,-120,-120.0,-120.0,-120,-120.0,-120,-120.0,-120.0,-91.0,-120.0,-89.0,-120.0,-120.0,-120.0,-79.0,-120,-120.0,-120.0,-120.0,-120,-120,-120,-120,-120,-120,-120,-120,-120,-120,-120,-120,-120,-120,-120,-120,-120,-120,-120,-120,-120,-120,-120,-120,-120,-120,-120,-120.0,-120.0,-120.0,-120.0,-90.0,-90.0,-89.0,-120,-120,-120.0,-120.0,-120.0,-120,-120.0,-120,-120,-120.0,-120,-120,-120,-120,-120,-120,-120,-120,-120,-120,-120,-120,-120,-120,-120,-120,-120,-120,-120,-120,-120,-120,-120,-120,-120,-120,-120,-120,-120.0,-120.0,-120,-120
63.6653,-77.0,-120,-120,-120,-120,-120,-120,-120,-120.0,-120,-120,-120.0,-120,-120,-120.0,-120,-120,-120,-120,-120,-120,-120,-120,-120,-120,-120,-120,-120,-120,-120,-120,-120,-120,-120,-120,-120,-120.0,-120.0,-120.0,-120,-120,-120,-120,-120,-120,-90.0,-120,-120,-120,-120,-120,-120.0,-120,-120,-120.0,-120,-120,-120.0,-120.0,-120.0,-120.0,-120,-120.0,-120.0,-78.0,-120,-120,-120,-120,-120,-120,-120,-120,-120,-120,-120,-120,-120,-120,-120,-120,-120,-120,-120,-120,-120,-120,-120,-120,-120,-120,-120,-120,-120,-120,-120,-120,-120,-120,-120,-120,-120,-120,-120,-120,-120,-120,-120,-120,-120,-120,-120,-120,-120,-120,-120,-120,-120,-120,-120,-120,-120,-120,-120,-120,-120,-120,-120,-69.0,-120,-120,-120,-120,-120,-120,-120,-120.0,-120,-120,-120.0,-120,-120,-120,-120.0,-120.0,-120,-120.0,-120,-87.0,-120.0,-86.0,-120.0,-120.0,-87.0,-120.0,-120.0,-84.0,-120,-93.0,-120.0,-120.0,-120,-120,-120,-120,-120,-120,-120,-120,-120,-120,-120,-120,-120,-120,-120,-120,-120,-120,-120,-120,-120,-120,-120,-120,-120,-120,-120,-120.0,-120.0,-120.0,-120.0,-120.0,-120.0,-91.0,-120,-120,-120.0,-120.0,-120.0,-120,-120.0,-120,-120,-120.0,-120,-120,-120,-120,-120,-120,-120,-120,-120,-120,-120,-120,-120,-120,-120,-120,-120,-120,-120,-120,-120,-120,-120,-120,-120,-120,-120,-120,-120.0,-120.0,-120,-120
65.6546,-80.0,-120,-120,-120,-120,-120,-120,-120,-120.0,-120,-120,-120.0,-120,-120,-120.0,-120,-120,-120,-120,-120,-120,-120,-120,-120,-120,-120,-120,-120,-120,-120,-120,-120,-120,-120,-120,-120,-120.0,-120.0,-120.0,-120,-120,-120,-120,-120,-120,-120.0,-120,-120,-120,-120,-120,-120.0,-120,-120,-120.0,-120,-120,-120.0,-120.0,-120.0,-120.0,-120,-120.0,-120.0,-81.0,-120,-120,-120,-120,-120,-120,-120,-120,-120,-120,-120,-120,-120,-120,-120,-120,-120,-120,-120,-120,-120,-120,-120,-120,-120,-120,-120,-120,-120,-120,-120,-120,-120,-120,-120,-120,-120,-120,-120,-120,-120,-120,-120,-120,-120,-120,-120,-120,-120,-120,-120,-120,-120,-120,-120,-120,-120,-120,-120,-120,-120,-120,-120,-80.0,-120,-120,-120,-120,-120,-120,-120,-120.0,-120,-120,-120.0,-120,-120,-120,-120.0,-120.0,-120,-120.0,-120,-88.0,-120.0,-88.0,-120.0,-120.0,-88.0,-120.0,-120.0,-80.0,-120,-120.0,-120.0,-120.0,-120,-120,-120,-120,-120,-120,-120,-120,-120,-120,-120,-120,-120,-120,-120,-120,-120,-120,-120,-120,-120,-120,-120,-120,-120,-120,-120,-120.0,-120.0,-120.0,-120.0,-120.0,-120.0,-120.0,-120,-120,-120.0,-120.0,-120.0,-120,-120.0,-120,-120,-120.0,-120,-120,-120,-120,-120,-120,-120,-120,-120,-120,-120,-120,-120,-120,-120,-120,-120,-120,-120,-120,-120,-120,-120,-120,-120,-120,-120,-120,-120.0,-120.0,-120,-120
67.6207,-120.0,-120,-120,-120,-120,-120,-120,-120,-120.0,-120,-120,-120.0,-120,-120,-120.0,-120,-120,-120,-120,-120,-120,-120,-120,-120,-120,-120,-120,-120,-120,-120,-120,-120,-120,-120,-120,-120,-120.0,-120.0,-120.0,-120,-120,-120,-120,-120,-120,-120.0,-120,-120,-120,-120,-120,-120.0,-120,-120,-120.0,-120,-120,-120.0,-120.0,-120.0,-120.0,-120,-120.0,-120.0,-76.0,-120,-120,-120,-120,-120,-120,-120,-120,-120,-120,-120,-120,-120,-120,-120,-120,-120,-120,-120,-120,-120,-120,-120,-120,-120,-120,-120,-120,-120,-120,-120,-120,-120,-120,-120,-120,-120,-120,-120,-120,-120,-120,-120,-120,-120,-120,-120,-120,-120,-120,-120,-120,-120,-120,-120,-120,-120,-120,-120,-120,-120,-120,-120,-78.0,-120,-120,-120,-120,-120,-120,-120,-120.0,-120,-120,-89.0,-120,-120,-120,-96.0,-120.0,-120,-120.0,-120,-88.0,-120.0,-87.0,-120.0,-90.0,-87.0,-120.0,-120.0,-77.0,-120,-120.0,-120.0,-120.0,-120,-120,-120,-120,-120,-120,-120,-120,-120,-120,-120,-120,-120,-120,-120,-120,-120,-120,-120,-120,-120,-120,-120,-120,-120,-120,-120,-120.0,-120.0,-120.0,-120.0,-120.0,-120.0,-92.0,-120,-120,-120.0,-120.0,-120.0,-120,-120.0,-120,-120,-120.0,-120,-120,-120,-120,-120,-120,-120,-120,-120,-120,-120,-120,-120,-120,-120,-120,-120,-120,-120,-120,-120,-120,-120,-120,-120,-120,-120,-120,-120.0,-120.0,-120,-120
69.6691,-85.0,-120,-120,-120,-120,-120,-120,-120,-120.0,-120,-120,-120.0,-120,-120,-120.0,-120,-120,-120,-120,-120,-120,-120,-120,-120,-120,-120,-120,-120,-120,-120,-120,-120,-120,-120,-120,-120,-120.0,-120.0,-120.0,-120,-120,-120,-120,-120,-120,-120.0,-120,-120,-120,-120,-120,-120.0,-120,-120,-120.0,-120,-120,-120.0,-120.0,-120.0,-120.0,-120,-120.0,-120.0,-79.0,-120,-120,-120,-120,-120,-120,-120,-120,-120,-120,-120,-120,-120,-120,-120,-120,-120,-120,-120,-120,-120,-120,-120,-120,-120,-120,-120,-120,-120,-120,-120,-120,-120,-120,-120,-120,-120,-120,-120,-120,-120,-120,-120,-120,-120,-120,-120,-120,-120,-120,-120,-120,-120,-120,-120,-120,-120,-120,-120,-120,-120,-120,-120,-74.0,-120,-120,-120,-120,-120,-120,-120,-120.0,-120,-120,-84.0,-120,-120,-120,-120.0,-120.0,-120,-120.0,-120,-84.0,-120.0,-84.0,-120.0,-120.0,-120.0,-120.0,-120.0,-77.0,-120,-92.0,-120.0,-120.0,-120,-120,-120,-120,-120,-120,-120,-120,-120,-120,-120,-120,-120,-120,-120,-120,-120,-120,-120,-120,-120,-120,-120,-120,-120,-120,-120,-120.0,-120.0,-120.0,-120.0,-120.0,-120.0,-120.0,-120,-120,-120.0,-120.0,-120.0,-120,-120.0,-120,-120,-120.0,-120,-120,-120,-120,-120,-120,-120,-120,-120,-120,-120,-120,-120,-120,-120,-120,-120,-120,-120,-120,-120,-120,-120,-120,-120,-120,-120,-120,-120.0,-120.0,-120,-120
71.7772,-89.0,-120,-120,-120,-120,-120,-120,-120,-120.0,-120,-120,-120.0,-120,-120,-120.0,-120,-120,-120,-120,-120,-120,-120,-120,-120,-120,-120,-120,-120,-120,-120,-120,-120,-120,-120,-120,-120,-120.0,-120.0,-120.0,-120,-120,-120,-120,-120,-120,-120.0,-120,-120,-120,-120,-120,-120.0,-120,-120,-120.0,-120,-120,-120.0,-120.0,-120.0,-120.0,-120,-120.0,-120.0,-81.0,-120,-120,-120,-120,-120,-120,-120,-120,-120,-120,-120,-120,-120,-120,-120,-120,-120,-120,-120,-120,-120,-120,-120,-120,-120,-120,-120,-120,-120,-120,-120,-120,-120,-120,-120,-120,-120,-120,-120,-120,-120,-120,-120,-120,-120,-120,-120,-120,-120,-120,-120,-120,-120,-120,-120,-120,-120,-120,-120,-120,-120,-120,-120,-64.0,-120,-120,-120,-120,-120,-120,-120,-94.0,-120,-120,-82.0,-120,-120,-120,-91.0,-120.0,-120,-120.0,-120,-86.0,-91.0,-85.0,-120.0,-120.0,-86.0,-120.0,-120.0,-76.0,-120,-93.0,-120.0,-120.0,-120,-120,-120,-120,-120,-120,-120,-120,-120,-120,-120,-120,-120,-120,-120,-120,-120,-120,-120,-120,-120,-120,-120,-120,-120,-120,-120,-120.0,-120.0,-120.0,-120.0,-120.0,-120.0,-120.0,-120,-120,-120.0,-120.0,-120.0,-120,-120.0,-120,-120,-120.0,-120,-120,-120,-120,-120,-120,-120,-120,-120,-120,-120,-120,-120,-120,-120,-120,-120,-120,-120,-120,-120,-120,-120,-120,-120,-120,-120,-120,-89.0,-120.0,-120,-120
73.6707,-86.0,-120,-120,-120,-120,-120,-120,-120,-120.0,-120,-120,-120.0,-120,-120,-120.0,-120,-120,-120,-120,-120,-120,-120,-120,-120,-120,-120,-120,-120,-120,-120,-120,-120,-120,-120,-120,-120,-120.0,-120.0,-120.0,-120,-120,-120,-120,-120,-120,-120.0,-120,-120,-120,-120,-120,-85.0,-120,-120,-89.0,-120,-120,-120.0,-120.0,-120.0,-120.0,-120,-120.0,-120.0,-83.0,-120,-120,-120,-120,-120,-120,-120,-120,-120,-120,-120,-120,-120,-120,-120,-120,-120,-120,-120,-120,-120,-120,-120,-120,-120,-120,-120,-120,-120,-120,-120,-120,-120,-120,-120,-120,-120,-120,-120,-120,-120,-120,-120,-120,-120,-120,-120,-120,-120,-120,-120,-120,-120,-120,-120,-120,-120,-120,-120,-120,-120,-120,-120,-67.0,-120,-120,-120,-120,-120,-120,-120,-88.0,-120,-120,-120.0,-120,-120,-120,-87.0,-88.0,-120,-120.0,-120,-86.0,-120.0,-85.0,-120.0,-120.0,-85.0,-120.0,-120.0,-79.0,-120,-120.0,-120.0,-91.0,-120,-120,-120,-120,-120,-120,-120,-120,-120,-120,-120,-120,-120,-120,-120,-120,-120,-120,-120,-120,-120,-120,-120,-120,-120,-120,-120,-120.0,-120.0,-120.0,-120.0,-120.0,-120.0,-120.0,-120,-120,-93.0,-120.0,-94.0,-120,-120.0,-120,-120,-120.0,-120,-120,-120,-120,-120,-120,-120,-120,-120,-120,-120,-120,-120,-120,-120,-120,-120,-120,-120,-120,-120,-120,-120,-120,-120,-120,-120,-120,-120.0,-120.0,-120,-120
75.6209,-89.0,-120,-120,-120,-120,-120,-120,-120,-120.0,-120,-120,-120.0,-120,-120,-120.0,-120,-120,-120,-120,-120,-120,-120,-120,-120,-120,-120,-120,-120,-120,-120,-120,-120,-120,-120,-120,-120,-120.0,-120.0,-120.0,-120,-120,-120,-120,-120,-120,-120.0,-120,-120,-120,-120,-120,-85.0,-120,-120,-87.0,-120,-120,-120.0,-120.0,-120.0,-120.0,-120,-120.0,-120.0,-79.0,-120,-120,-120,-120,-120,-120,-120,-120,-120,-120,-120,-120,-120,-120,-120,-120,-120,-120,-120,-120,-120,-120,-120,-120,-120,-120,-120,-120,-120,-120,-120,-120,-120,-120,-120,-120,-120,-120,-120,-120,-120,-120,-120,-120,-120,-120,-120,-120,-120,-120,-120,-120,-120,-120,-120,-120,-120,-120,-120,-120,-120,-120,-120,-71.0,-120,-120,-120,-120,-120,-120,-120,-90.0,-120,-120,-88.0,-120,-120,-120,-89.0,-85.0,-120,-120.0,-120,-88.0,-120.0,-89.0,-120.0,-120.0,-87.0,-120.0,-120.0,-83.0,-120,-89.0,-120.0,-120.0,-120,-120,-120,-120,-120,-120,-120,-120,-120,-120,-120,-120,-120,-120,-120,-120,-120,-120,-120,-120,-120,-120,-120,-120,-120,-120,-120,-93.0,-120.0,-120.0,-120.0,-120.0,-120.0,-120.0,-120,-120,-93.0,-93.0,-120.0,-120,-93.0,-120,-120,-120.0,-120,-120,-120,-120,-120,-120,-120,-120,-120,-120,-120,-120,-120,-120,-120,-120,-120,-120,-120,-120,-120,-120,-120,-120,-120,-120,-120,-120,-120.0,-120.0,-120,-120
77.6617,-87.0,-120,-120,-120,-120,-120,-120,-120,-120.0,-120,-120,-120.0,-120,-120,-120.0,-120,-120,-120,-120,-120,-120,-120,-120,-120,-120,-120,-120,-120,-120,-120,-120,-120,-120,-120,-120,-120,-120.0,-120.0,-120.0,-120,-120,-120,-120,-120,-120,-120.0,-120,-120,-120,-120,-120,-120.0,-120,-120,-120.0,-120,-120,-120.0,-120.0,-120.0,-120.0,-120,-120.0,-120.0,-76.0,-120,-120,-120,-120,-120,-120,-120,-120,-120,-120,-120,-120,-120,-120,-120,-120,-120,-120,-120,-120,-120,-120,-120,-120,-120,-120,-120,-120,-120,-120,-120,-120,-120,-120,-120,-120,-120,-120,-120,-120,-120,-120,-120,-120,-120,-120,-120,-120,-120,-120,-120,-120,-120,-120,-120,-120,-120,-120,-120,-120,-120,-120,-120,-67.0,-120,-120,-120,-120,-120,-120,-120,-83.0,-120,-120,-87.0,-120,-120,-120,-81.0,-80.0,-120,-120.0,-120,-90.0,-120.0,-90.0,-120.0,-120.0,-120.0,-120.0,-120.0,-77.0,-120,-120.0,-120.0,-120.0,-120,-120,-120,-120,-120,-120,-120,-120,-120,-120,-120,-120,-120,-120,-120,-120,-120,-120,-120,-120,-120,-120,-120,-120,-120,-120,-120,-120.0,-120.0,-120.0,-120.0,-120.0,-120.0,-120.0,-120,-120,-120.0,-120.0,-120.0,-120,-120.0,-120,-120,-120.0,-120,-120,-120,-120,-120,-120,-120,-120,-120,-120,-120,-120,-120,-120,-120,-120,-120,-120,-120,-120,-120,-120,-120,-120,-120,-120,-120,-120,-120.0,-120.0,-120,-120
79.618,-120.0,-120,-120,-120,-120,-120,-120,-120,-93.0,-120,-120,-120.0,-120,-120,-120.0,-120,-120,-120,-120,-120,-120,-120,-120,-120,-120,-120,-120,-120,-120,-120,-120,-120,-120,-120,-120,-120,-120.0,-120.0,-120.0,-120,-120,-120,-120,-120,-120,-120.0,-120,-120,-120,-120,-120,-120.0,-120,-120,-120.0,-120,-120,-120.0,-120.0,-120.0,-120.0,-120,-120.0,-120.0,-69.0,-120,-120,-120,-120,-120,-120,-120,-120,-120,-120,-120,-120,-120,-120,-120,-120,-120,-120,-120,-120,-120,-120,-120,-120,-120,-120,-120,-120,-120,-120,-120,-120,-120,-120,-120,-120,-120,-120,-120,-120,-120,-120,-120,-120,-120,-120,-120,-120,-120,-120,-120,-120,-120,-120,-120,-120,-120,-120,-120,-120,-120,-120,-120,-74.0,-120,-120,-120,-120,-120,-120,-120,-120.0,-120,-120,-120.0,-120,-120,-120,-120.0,-120.0,-120,-120.0,-120,-92.0,-120.0,-120.0,-120.0,-120.0,-120.0,-120.0,-120.0,-86.0,-120,-120.0,-120.0,-120.0,-120,-120,-120,-120,-120,-120,-120,-120,-120,-120,-120,-120,-120,-120,-120,-120,-120,-120,-120,-120,-120,-120,-120,-120,-120,-120,-120,-120.0,-120.0,-120.0,-120.0,-120.0,-120.0,-120.0,-120,-120,-120.0,-120.0,-120.0,-120,-120.0,-120,-120,-120.0,-120,-120,-120,-120,-120,-120,-120,-120,-120,-120,-120,-120,-120,-120,-120,-120,-120,-120,-120,-120,-120,-120,-120,-120,-120,-120,-120,-120,-120.0,-120.0,-120,-120
81.6768,-120.0,-120,-120,-120,-120,-120,-120,-120,-120.0,-120,-120,-120.0,-120,-120,-120.0,-120,-120,-120,-120,-120,-120,-120,-120,-120,-120,-120,-120,-120,-120,-120,-120,-120,-120,-120,-120,-120,-120.0,-120.0,-120.0,-120,-120,-120,-120,-120,-120,-120.0,-120,-120,-120,-120,-120,-120.0,-120,-120,-120.0,-120,-120,-89.0,-120.0,-120.0,-120.0,-120,-120.0,-120.0,-75.0,-120,-120,-120,-120,-120,-120,-120,-120,-120,-120,-120,-120,-120,-120,-120,-120,-120,-120,-120,-120,-120,-120,-120,-120,-120,-120,-120,-120,-120,-120,-120,-120,-120,-120,-120,-120,-120,-120,-120,-120,-120,-120,-120,-120,-120,-120,-120,-120,-120,-120,-120,-120,-120,-120,-120,-120,-120,-120,-120,-120,-120,-120,-120,-73.0,-120,-120,-120,-120,-120,-120,-120,-120.0,-120,-120,-120.0,-120,-120,-120,-120.0,-120.0,-120,-120.0,-120,-92.0,-120.0,-92.0,-120.0,-120.0,-91.0,-120.0,-120.0,-82.0,-120,-120.0,-120.0,-120.0,-120,-120,-120,-120,-120,-120,-120,-120,-120,-120,-120,-120,-120,-120,-120,-120,-120,-120,-120,-120,-120,-120,-120,-120,-120,-120,-120,-120.0,-120.0,-120.0,-120.0,-120.0,-120.0,-120.0,-120,-120,-120.0,-120.0,-120.0,-120,-120.0,-120,-120,-120.0,-120,-120,-120,-120,-120,-120,-120,-120,-120,-120,-120,-120,-120,-120,-120,-120,-120,-120,-120,-120,-120,-120,-120,-120,-120,-120,-120,-120,-120.0,-120.0,-120,-120
83.8214,-86.0,-120,-120,-120,-120,-120,-120,-120,-120.0,-120,-120,-120.0,-120,-120,-120.0,-120,-120,-120,-120,-120,-120,-120,-120,-120,-120,-120,-120,-120,-120,-120,-120,-120,-120,-120,-120,-120,-120.0,-120.0,-120.0,-120,-120,-120,-120,-120,-120,-120.0,-120,-120,-120,-120,-120,-120.0,-120,-120,-120.0,-120,-120,-92.0,-120.0,-120.0,-120.0,-120,-120.0,-120.0,-81.0,-120,-120,-120,-120,-120,-120,-120,-120,-120,-120,-120,-120,-120,-120,-120,-120,-120,-120,-120,-120,-120,-120,-120,-120,-120,-120,-120,-120,-120,-120,-120,-120,-120,-120,-120,-120,-120,-120,-120,-120,-120,-120,-120,-120,-120,-120,-120,-120,-120,-120,-120,-120,-120,-120,-120,-120,-120,-120,-120,-120,-120,-120,-120,-76.0,-120,-120,-120,-120,-120,-120,-120,-120.0,-120,-120,-120.0,-120,-120,-120,-120.0,-120.0,-120,-120.0,-120,-92.0,-120.0,-93.0,-120.0,-120.0,-93.0,-120.0,-120.0,-85.0,-120,-120.0,-120.0,-120.0,-120,-120,-120,-120,-120,-120,-120,-120,-120,-120,-120,-120,-120,-120,-120,-120,-120,-120,-120,-120,-120,-120,-120,-120,-120,-120,-120,-120.0,-120.0,-120.0,-120.0,-120.0,-120.0,-120.0,-120,-120,-120.0,-120.0,-120.0,-120,-120.0,-120,-120,-120.0,-120,-120,-120,-120,-120,-120,-120,-120,-120,-120,-120,-120,-120,-120,-120,-120,-120,-120,-120,-120,-120,-120,-120,-120,-120,-120,-120,-120,-120.0,-120.0,-120,-120
85.7046,-86.0,-120,-120,-120,-120,-120,-120,-120,-120.0,-120,-120,-120.0,-120,-120,-120.0,-120,-120,-120,-120,-120,-120,-120,-120,-120,-120,-120,-120,-120,-120,-120,-120,-120,-120,-120,-120,-120,-120.0,-120.0,-120.0,-120,-120,-120,-120,-120,-120,-120.0,-120,-120,-120,-120,-120,-120.0,-120,-120,-120.0,-120,-120,-89.0,-120.0,-120.0,-120.0,-120,-120.0,-120.0,-74.0,-120,-120,-120,-120,-120,-120,-120,-120,-120,-120,-120,-120,-120,-120,-120,-120,-120,-120,-120,-120,-120,-120,-120,-120,-120,-120,-120,-120,-120,-120,-120,-120,-120,-120,-120,-120,-120,-120,-120,-120,-120,-120,-120,-120,-120,-120,-120,-120,-120,-120,-120,-120,-120,-120,-120,-120,-120,-120,-120,-120,-120,-120,-120,-78.0,-120,-120,-120,-120,-120,-120,-120,-94.0,-120,-120,-120.0,-120,-120,-120,-94.0,-120.0,-120,-120.0,-120,-89.0,-120.0,-120.0,-120.0,-120.0,-120.0,-120.0,-120.0,-88.0,-120,-120.0,-120.0,-120.0,-120,-120,-120,-120,-120,-120,-120,-120,-120,-120,-120,-120,-120,-120,-120,-120,-120,-120,-120,-120,-120,-120,-120,-120,-120,-120,-120,-120.0,-120.0,-120.0,-120.0,-120.0,-120.0,-120.0,-120,-120,-120.0,-120.0,-120.0,-120,-120.0,-120,-120,-120.0,-120,-120,-120,-120,-120,-120,-120,-120,-120,-120,-120,-120,-120,-120,-120,-120,-120,-120,-120,-120,-120,-120,-120,-120,-120,-120,-120,-120,-120.0,-120.0,-120,-120
87.6768,-83.0,-120,-120,-120,-120,-120,-120,-120,-120.0,-120,-120,-120.0,-120,-120,-120.0,-120,-120,-120,-120,-120,-120,-120,-120,-120,-120,-120,-120,-120,-120,-120,-120,-120,-120,-120,-120,-120,-120.0,-120.0,-120.0,-120,-120,-120,-120,-120,-120,-120.0,-120,-120,-120,-120,-120,-120.0,-120,-120,-120.0,-120,-120,-81.0,-120.0,-120.0,-120.0,-120,-120.0,-120.0,-68.0,-120,-120,-120,-120,-120,-120,-120,-120,-120,-120,-120,-120,-120,-120,-120,-120,-120,-120,-120,-120,-120,-120,-120,-120,-120,-120,-120,-120,-120,-120,-120,-120,-120,-120,-120,-120,-120,-120,-120,-120,-120,-120,-120,-120,-120,-120,-120,-120,-120,-120,-120,-120,-120,-120,-120,-120,-120,-120,-120,-120,-120,-120,-120,-83.0,-120,-120,-120,-120,-120,-120,-120,-92.0,-120,-120,-120.0,-120,-120,-120,-120.0,-120.0,-120,-120.0,-120,-120.0,-120.0,-120.0,-120.0,-120.0,-120.0,-120.0,-120.0,-85.0,-120,-120.0,-120.0,-120.0,-120,-120,-120,-120,-120,-120,-120,-120,-120,-120,-120,-120,-120,-120,-120,-120,-120,-120,-120,-120,-120,-120,-120,-120,-120,-120,-120,-120.0,-120.0,-120.0,-120.0,-120.0,-120.0,-120.0,-120,-120,-120.0,-120.0,-120.0,-120,-120.0,-120,-120,-120.0,-120,-120,-120,-120,-120,-120,-120,-120,-120,-120,-120,-120,-120,-120,-120,-120,-120,-120,-120,-120,-120,-120,-120,-120,-120,-120,-120,-120,-120.0,-120.0,-120,-120
89.6738,-77.0,-120,-120,-120,-120,-120,-120,-120,-89.0,-120,-120,-92.0,-120,-120,-120.0,-120,-120,-120,-120,-120,-120,-120,-120,-120,-120,-120,-120,-120,-120,-120,-120,-120,-120,-120,-120,-120,-120.0,-120.0,-120.0,-120,-120,-120,-120,-120,-120,-120.0,-120,-120,-120,-120,-120,-95.0,-120,-120,-120.0,-120,-120,-79.0,-120.0,-120.0,-120.0,-120,-120.0,-120.0,-57.0,-120,-120,-120,-120,-120,-120,-120,-120,-120,-120,-120,-120,-120,-120,-120,-120,-120,-120,-120,-120,-120,-120,-120,-120,-120,-120,-120,-120,-120,-120,-120,-120,-120,-120,-120,-120,-120,-120,-120,-120,-120,-120,-120,-120,-120,-120,-120,-120,-120,-120,-120,-120,-120,-120,-120,-120,-120,-120,-120,-120,-120,-120,-120,-80.0,-120,-120,-120,-120,-120,-120,-120,-120.0,-120,-120,-120.0,-120,-120,-120,-120.0,-120.0,-120,-120.0,-120,-120.0,-120.0,-120.0,-120.0,-120.0,-120.0,-120.0,-120.0,-120.0,-120,-120.0,-120.0,-120.0,-120,-120,-120,-120,-120,-120,-120,-120,-120,-120,-120,-120,-120,-120,-120,-120,-120,-120,-120,-120,-120,-120,-120,-120,-120,-120,-120,-120.0,-120.0,-120.0,-120.0,-120.0,-120.0,-120.0,-120,-120,-120.0,-120.0,-120.0,-120,-120.0,-120,-120,-120.0,-120,-120,-120,-120,-120,-120,-120,-120,-120,-120,-120,-120,-120,-120,-120,-120,-120,-120,-120,-120,-120,-120,-120,-120,-120,-120,-120,-120,-120.0,-120.0,-120,-120
91.6458,-81.0,-120,-120,-120,-120,-120,-120,-120,-85.0,-120,-120,-83.0,-120,-120,-120.0,-120,-120,-120,-120,-120,-120,-120,-120,-120,-120,-120,-120,-120,-120,-120,-120,-120,-120,-120,-120,-120,-120.0,-120.0,-120.0,-120,-120,-120,-120,-120,-120,-93.0,-120,-120,-120,-120,-120,-120.0,-120,-120,-120.0,-120,-120,-79.0,-120.0,-120.0,-120.0,-120,-120.0,-120.0,-66.0,-120,-120,-120,-120,-120,-120,-120,-120,-120,-120,-120,-120,-120,-120,-120,-120,-120,-120,-120,-120,-120,-120,-120,-120,-120,-120,-120,-120,-120,-120,-120,-120,-120,-120,-120,-120,-120,-120,-120,-120,-120,-120,-120,-120,-120,-120,-120,-120,-120,-120,-120,-120,-120,-120,-120,-120,-120,-120,-120,-120,-120,-120,-120,-86.0,-120,-120,-120,-120,-120,-120,-120,-120.0,-120,-120,-120.0,-120,-120,-120,-120.0,-120.0,-120,-120.0,-120,-120.0,-120.0,-120.0,-120.0,-120.0,-120.0,-120.0,-120.0,-120.0,-120,-120.0,-120.0,-120.0,-120,-120,-120,-120,-120,-120,-120,-120,-120,-120,-120,-120,-120,-120,-120,-120,-120,-120,-120,-120,-120,-120,-120,-120,-120,-120,-120,-120.0,-120.0,-120.0,-120.0,-120.0,-120.0,-120.0,-120,-120,-120.0,-120.0,-120.0,-120,-120.0,-120,-120,-87.0,-120,-120,-120,-120,-120,-120,-120,-120,-120,-120,-120,-120,-120,-120,-120,-120,-120,-120,-120,-120,-120,-120,-120,-120,-120,-120,-120,-120,-120.0,-120.0,-120,-120
93.6444,-75.0,-120,-120,-120,-120,-120,-120,-120,-83.0,-120,-120,-85.0,-120,-120,-120.0,-120,-120,-120,-120,-120,-120,-120,-120,-120,-120,-120,-120,-120,-120,-120,-120,-120,-120,-120,-120,-120,-87.0,-93.0,-120.0,-120,-120,-120,-120,-120,-120,-85.0,-120,-120,-120,-120,-120,-90.0,-120,-120,-120.0,-120,-120,-76.0,-120.0,-93.0,-120.0,-120,-120.0,-120.0,-63.0,-120,-120,-120,-120,-120,-120,-120,-120,-120,-120,-120,-120,-120,-120,-120,-120,-120,-120,-120,-120,-120,-120,-120,-120,-120,-120,-120,-120,-120,-120,-120,-120,-120,-120,-120,-120,-120,-120,-120,-120,-120,-120,-120,-120,-120,-120,-120,-120,-120,-120,-120,-120,-120,-120,-120,-120,-120,-120,-120,-120,-120,-120,-120,-88.0,-120,-120,-120,-120,-120,-120,-120,-120.0,-120,-120,-120.0,-120,-120,-120,-120.0,-120.0,-120,-120.0,-120,-96.0,-120.0,-120.0,-120.0,-120.0,-120.0,-120.0,-120.0,-120.0,-120,-120.0,-120.0,-120.0,-120,-120,-120,-120,-120,-120,-120,-120,-120,-120,-120,-120,-120,-120,-120,-120,-120,-120,-120,-120,-120,-120,-120,-120,-120,-120,-120,-120.0,-120.0,-120.0,-120.0,-120.0,-120.0,-120.0,-120,-120,-120.0,-120.0,-120.0,-120,-120.0,-120,-120,-80.0,-120,-120,-120,-120,-120,-120,-120,-120,-120,-120,-120,-120,-120,-120,-120,-120,-120,-120,-120,-120,-120,-120,-120,-120,-120,-120,-120,-120,-120.0,-120.0,-120,-120
95.6502,-68.0,-120,-120,-120,-120,-120,-120,-120,-81.0,-120,-120,-120.0,-120,-120,-120.0,-120,-120,-120,-120,-120,-120,-120,-120,-120,-120,-120,-120,-120,-120,-120,-120,-120,-120,-120,-120,-120,-82.0,-88.0,-120.0,-120,-120,-120,-120,-120,-120,-79.0,-120,-120,-120,-120,-120,-120.0,-120,-120,-120.0,-120,-120,-68.0,-88.0,-120.0,-83.0,-120,-120.0,-120.0,-51.0,-120,-120,-120,-120,-120,-120,-120,-120,-120,-120,-120,-120,-120,-120,-120,-120,-120,-120,-120,-120,-120,-120,-120,-120,-120,-120,-120,-120,-120,-120,-120,-120,-120,-120,-120,-120,-120,-120,-120,-120,-120,-120,-120,-120,-120,-120,-120,-120,-120,-120,-120,-120,-120,-120,-120,-120,-120,-120,-120,-120,-120,-120,-120,-120.0,-120,-120,-120,-120,-120,-120,-120,-120.0,-120,-120,-120.0,-120,-120,-120,-120.0,-120.0,-120,-120.0,-120,-120.0,-120.0,-120.0,-120.0,-120.0,-120.0,-120.0,-120.0,-120.0,-120,-120.0,-120.0,-120.0,-120,-120,-120,-120,-120,-120,-120,-120,-120,-120,-120,-120,-120,-120,-120,-120,-120,-120,-120,-120,-120,-120,-120,-120,-120,-120,-120,-120.0,-120.0,-120.0,-120.0,-120.0,-120.0,-120.0,-120,-120,-120.0,-120.0,-120.0,-120,-120.0,-120,-120,-76.0,-120,-120,-120,-120,-120,-120,-120,-120,-120,-120,-120,-120,-120,-120,-120,-120,-120,-120,-120,-120,-120,-120,-120,-120,-120,-120,-120,-120,-120.0,-120.0,-120,-120
97.6659,-69.0,-120,-120,-120,-120,-120,-120,-120,-82.0,-120,-120,-74.0,-120,-120,-91.0,-120,-120,-120,-120,-120,-120,-120,-120,-120,-120,-120,-120,-120,-120,-120,-120,-120,-120,-120,-120,-120,-87.0,-90.0,-120.0,-120,-120,-120,-120,-120,-120,-70.0,-120,-120,-120,-120,-120,-87.0,-120,-120,-120.0,-120,-120,-67.0,-120.0,-91.0,-84.0,-120,-120.0,-120.0,-54.0,-120,-120,-120,-120,-120,-120,-120,-120,-120,-120,-120,-120,-120,-120,-120,-120,-120,-120,-120,-120,-120,-120,-120,-120,-120,-120,-120,-120,-120,-120,-120,-120,-120,-120,-120,-120,-120,-120,-120,-120,-120,-120,-120,-120,-120,-120,-120,-120,-120,-120,-120,-120,-120,-120,-120,-120,-120,-120,-120,-120,-120,-120,-120,-120.0,-120,-120,-120,-120,-120,-120,-120,-120.0,-120,-120,-120.0,-120,-120,-120,-120.0,-120.0,-120,-120.0,-120,-120.0,-120.0,-120.0,-120.0,-120.0,-120.0,-120.0,-120.0,-120.0,-120,-120.0,-120.0,-120.0,-120,-120,-120,-120,-120,-120,-120,-120,-120,-120,-120,-120,-120,-120,-120,-120,-120,-120,-120,-120,-120,-120,-120,-120,-120,-120,-120,-120.0,-120.0,-120.0,-120.0,-120.0,-120.0,-120.0,-120,-120,-120.0,-120.0,-120.0,-120,-120.0,-120,-120,-76.0,-120,-120,-120,-120,-120,-120,-120,-120,-120,-120,-120,-120,-120,-120,-120,-120,-120,-120,-120,-120,-120,-120,-120,-120,-120,-120,-120,-120,-120.0,-120.0,-120,-120
99.6428,-65.0,-120,-120,-120,-120,-120,-120,-120,-78.0,-120,-120,-120.0,-120,-120,-85.0,-120,-120,-120,-120,-120,-120,-120,-120,-120,-120,-120,-120,-120,-120,-120,-120,-120,-120,-120,-120,-120,-86.0,-87.0,-120.0,-120,-120,-120,-120,-120,-120,-82.0,-120,-120,-120,-120,-120,-86.0,-120,-120,-90.0,-120,-120,-65.0,-90.0,-120.0,-85.0,-120,-120.0,-120.0,-49.0,-120,-120,-120,-120,-120,-120,-120,-120,-120,-120,-120,-120,-120,-120,-120,-120,-120,-120,-120,-120,-120,-120,-120,-120,-120,-120,-120,-120,-120,-120,-120,-120,-120,-120,-120,-120,-120,-120,-120,-120,-120,-120,-120,-120,-120,-120,-120,-120,-120,-120,-120,-120,-120,-120,-120,-120,-120,-120,-120,-120,-120,-120,-120,-120.0,-120,-120,-120,-120,-120,-120,-120,-120.0,-120,-120,-120.0,-120,-120,-120,-120.0,-120.0,-120,-120.0,-120,-120.0,-120.0,-120.0,-120.0,-120.0,-120.0,-120.0,-120.0,-120.0,-120,-120.0,-120.0,-120.0,-120,-120,-120,-120,-120,-120,-120,-120,-120,-120,-120,-120,-120,-120,-120,-120,-120,-120,-120,-120,-120,-120,-120,-120,-120,-120,-120,-120.0,-120.0,-120.0,-120.0,-120.0,-120.0,-120.0,-120,-120,-120.0,-120.0,-120.0,-120,-120.0,-120,-120,-83.0,-120,-120,-120,-120,-120,-120,-120,-120,-120,-120,-120,-120,-120,-120,-120,-120,-120,-120,-120,-120,-120,-120,-120,-120,-120,-120,-120,-120,-120.0,-120.0,-120,-120
101.6635,-72.0,-120,-120,-120,-120,-120,-120,-120,-84.0,-120,-120,-77.0,-120,-120,-91.0,-120,-120,-120,-120,-120,-120,-120,-120,-120,-120,-120,-120,-120,-120,-120,-120,-120,-120,-120,-120,-120,-86.0,-92.0,-120.0,-120,-120,-120,-120,-120,-120,-83.0,-120,-120,-120,-120,-120,-89.0,-120,-120,-120.0,-120,-120,-77.0,-90.0,-93.0,-88.0,-120,-120.0,-120.0,-53.0,-120,-120,-120,-120,-120,-120,-120,-120,-120,-120,-120,-120,-120,-120,-120,-120,-120,-120,-120,-120,-120,-120,-120,-120,-120,-120,-120,-120,-120,-120,-120,-120,-120,-120,-120,-120,-120,-120,-120,-120,-120,-120,-120,-120,-120,-120,-120,-120,-120,-120,-120,-120,-120,-120,-120,-120,-120,-120,-120,-120,-120,-120,-120,-120.0,-120,-120,-120,-120,-120,-120,-120,-120.0,-120,-120,-120.0,-120,-120,-120,-120.0,-120.0,-120,-120.0,-120,-120.0,-120.0,-120.0,-120.0,-120.0,-120.0,-120.0,-120.0,-120.0,-120,-120.0,-120.0,-120.0,-120,-120,-120,-120,-120,-120,-120,-120,-120,-120,-120,-120,-120,-120,-120,-120,-120,-120,-120,-120,-120,-120,-120,-120,-120,-120,-120,-120.0,-120.0,-120.0,-120.0,-120.0,-120.0,-120.0,-120,-120,-120.0,-120.0,-120.0,-120,-120.0,-120,-120,-91.0,-120,-120,-120,-120,-120,-120,-120,-120,-120,-120,-120,-120,-120,-120,-120,-120,-120,-120,-120,-120,-120,-120,-120,-120,-120,-120,-120,-120,-120.0,-120.0,-120,-120
103.6621,-73.0,-120,-120,-120,-120,-120,-120,-120,-120.0,-120,-120,-77.0,-120,-120,-87.0,-120,-120,-120,-120,-120,-120,-120,-120,-120,-120,-120,-120,-120,-120,-120,-120,-120,-120,-120,-120,-120,-91.0,-91.0,-120.0,-120,-120,-120,-120,-120,-120,-83.0,-120,-120,-120,-120,-120,-120.0,-120,-120,-76.0,-120,-120,-78.0,-90.0,-90.0,-93.0,-120,-120.0,-85.0,-58.0,-120,-120,-120,-120,-120,-120,-120,-120,-120,-120,-120,-120,-120,-120,-120,-120,-120,-120,-120,-120,-120,-120,-120,-120,-120,-120,-120,-120,-120,-120,-120,-120,-120,-120,-120,-120,-120,-120,-120,-120,-120,-120,-120,-120,-120,-120,-120,-120,-120,-120,-120,-120,-120,-120,-120,-120,-120,-120,-120,-120,-120,-120,-120,-120.0,-120,-120,-120,-120,-120,-120,-120,-120.0,-120,-120,-120.0,-120,-120,-120,-120.0,-120.0,-120,-120.0,-120,-120.0,-120.0,-120.0,-120.0,-120.0,-120.0,-120.0,-120.0,-120.0,-120,-120.0,-120.0,-120.0,-120,-120,-120,-120,-120,-120,-120,-120,-120,-120,-120,-120,-120,-120,-120,-120,-120,-120,-120,-120,-120,-120,-120,-120,-120,-120,-120,-120.0,-120.0,-120.0,-120.0,-120.0,-120.0,-120.0,-120,-120,-120.0,-120.0,-120.0,-120,-120.0,-120,-120,-89.0,-120,-120,-120,-120,-120,-120,-120,-120,-120,-120,-120,-120,-120,-120,-120,-120,-120,-120,-120,-120,-120,-120,-120,-120,-120,-120,-120,-120,-120.0,-120.0,-120,-120
105.6815,-68.0,-120,-120,-120,-120,-120,-120,-120,-84.0,-120,-120,-78.0,-120,-120,-120.0,-120,-120,-120,-120,-120,-120,-120,-120,-120,-120,-120,-120,-120,-120,-120,-120,-120,-120,-120,-120,-120,-120.0,-91.0,-120.0,-120,-120,-120,-120,-120,-120,-89.0,-120,-120,-120,-120,-120,-91.0,-120,-120,-120.0,-120,-120,-75.0,-92.0,-93.0,-85.0,-120,-120.0,-90.0,-60.0,-120,-120,-120,-120,-120,-120,-120,-120,-120,-120,-120,-120,-120,-120,-120,-120,-120,-120,-120,-120,-120,-120,-120,-120,-120,-120,-120,-120,-120,-120,-120,-120,-120,-120,-120,-120,-120,-120,-120,-120,-120,-120,-120,-120,-120,-120,-120,-120,-120,-120,-120,-120,-120,-120,-120,-120,-120,-120,-120,-120,-120,-120,-120,-92.0,-120,-120,-120,-120,-120,-120,-120,-120.0,-120,-120,-120.0,-120,-120,-120,-120.0,-120.0,-120,-120.0,-120,-120.0,-120.0,-120.0,-120.0,-120.0,-120.0,-120.0,-120.0,-120.0,-120,-120.0,-120.0,-120.0,-120,-120,-120,-120,-120,-120,-120,-120,-120,-120,-120,-120,-120,-120,-120,-120,-120,-120,-120,-120,-120,-120,-120,-120,-120,-120,-120,-120.0,-120.0,-120.0,-120.0,-120.0,-120.0,-120.0,-120,-120,-120.0,-120.0,-120.0,-120,-120.0,-120,-120,-120.0,-120,-120,-120,-120,-120,-120,-120,-120,-120,-120,-120,-120,-120,-120,-120,-120,-120,-120,-120,-120,-120,-120,-120,-120,-120,-120,-120,-120,-120.0,-120.0,-120,-120
107.6467,-67.0,-120,-120,-120,-120,-120,-120,-120,-84.0,-120,-120,-74.0,-120,-120,-91.0,-120,-120,-120,-120,-120,-120,-120,-120,-120,-120,-120,-120,-120,-120,-120,-120,-120,-120,-120,-120,-120,-88.0,-120.0,-120.0,-120,-120,-120,-120,-120,-120,-120.0,-120,-120,-120,-120,-120,-88.0,-120,-120,-120.0,-120,-120,-69.0,-92.0,-93.0,-83.0,-120,-120.0,-120.0,-59.0,-120,-120,-120,-120,-120,-120,-120,-120,-120,-120,-120,-120,-120,-120,-120,-120,-120,-120,-120,-120,-120,-120,-120,-120,-120,-120,-120,-120,-120,-120,-120,-120,-120,-120,-120,-120,-120,-120,-120,-120,-120,-120,-120,-120,-120,-120,-120,-120,-120,-120,-120,-120,-120,-120,-120,-120,-120,-120,-120,-120,-120,-120,-120,-120.0,-120,-120,-120,-120,-120,-120,-120,-120.0,-120,-120,-120.0,-120,-120,-120,-120.0,-120.0,-120,-120.0,-120,-120.0,-120.0,-120.0,-120.0,-120.0,-120.0,-120.0,-120.0,-120.0,-120,-120.0,-120.0,-120.0,-120,-120,-120,-120,-120,-120,-120,-120,-120,-120,-120,-120,-120,-120,-120,-120,-120,-120,-120,-120,-120,-120,-120,-120,-120,-120,-120,-120.0,-120.0,-120.0,-120.0,-120.0,-120.0,-120.0,-120,-120,-120.0,-120.0,-120.0,-120,-120.0,-120,-120,-120.0,-120,-120,-120,-120,-120,-120,-120,-120,-120,-120,-120,-120,-120,-120,-120,-120,-120,-120,-120,-120,-120,-120,-120,-120,-120,-120,-120,-120,-120.0,-120.0,-120,-120
109.6518,-75.0,-120,-120,-120,-120,-120,-120,-120,-80.0,-120,-120,-72.0,-120,-120,-86.0,-120,-120,-120,-120,-120,-120,-120,-120,-120,-120,-120,-120,-120,-120,-120,-120,-120,-120,-120,-120,-120,-82.0,-120.0,-120.0,-120,-120,-120,-120,-120,-120,-88.0,-120,-120,-120,-120,-120,-87.0,-120,-120,-92.0,-120,-120,-65.0,-88.0,-92.0,-82.0,-120,-120.0,-120.0,-59.0,-120,-120,-120,-120,-120,-120,-120,-120,-120,-120,-120,-120,-120,-120,-120,-120,-120,-120,-120,-120,-120,-120,-120,-120,-120,-120,-120,-120,-120,-120,-120,-120,-120,-120,-120,-120,-120,-120,-120,-120,-120,-120,-120,-120,-120,-120,-120,-120,-120,-120,-120,-120,-120,-120,-120,-120,-120,-120,-120,-120,-120,-120,-120,-120.0,-120,-120,-120,-120,-120,-120,-120,-120.0,-120,-120,-120.0,-120,-120,-120,-120.0,-120.0,-120,-120.0,-120,-120.0,-120.0,-120.0,-120.0,-120.0,-120.0,-120.0,-120.0,-120.0,-120,-120.0,-120.0,-120.0,-120,-120,-120,-120,-120,-120,-120,-120,-120,-120,-120,-120,-120,-120,-120,-120,-120,-120,-120,-120,-120,-120,-120,-120,-120,-120,-120,-120.0,-120.0,-120.0,-120.0,-120.0,-120.0,-120.0,-120,-120,-120.0,-120.0,-120.0,-120,-120.0,-120,-120,-120.0,-120,-120,-120,-120,-120,-120,-120,-120,-120,-120,-120,-120,-120,-120,-120,-120,-120,-120,-120,-120,-120,-120,-120,-120,-120,-120,-120,-120,-120.0,-120.0,-120,-120
111.6512,-74.0,-120,-120,-120,-120,-120,-120,-120,-120.0,-120,-120,-72.0,-120,-120,-92.0,-120,-120,-120,-120,-120,-120,-120,-120,-120,-120,-120,-120,-120,-120,-120,-120,-120,-120,-120,-120,-120,-91.0,-92.0,-120.0,-120,-120,-120,-120,-120,-120,-120.0,-120,-120,-120,-120,-120,-89.0,-120,-120,-92.0,-120,-120,-72.0,-94.0,-91.0,-90.0,-120,-120.0,-120.0,-67.0,-120,-120,-120,-120,-120,-120,-120,-120,-120,-120,-120,-120,-120,-120,-120,-120,-120,-120,-120,-120,-120,-120,-120,-120,-120,-120,-120,-120,-120,-120,-120,-120,-120,-120,-120,-120,-120,-120,-120,-120,-120,-120,-120,-120,-120,-120,-120,-120,-120,-120,-120,-120,-120,-120,-120,-120,-120,-120,-120,-120,-120,-120,-120,-120.0,-120,-120,-120,-120,-120,-120,-120,-120.0,-120,-120,-120.0,-120,-120,-120,-120.0,-120.0,-120,-120.0,-120,-120.0,-120.0,-120.0,-120.0,-120.0,-120.0,-120.0,-120.0,-120.0,-120,-120.0,-120.0,-120.0,-120,-120,-120,-120,-120,-120,-120,-120,-120,-120,-120,-120,-120,-120,-120,-120,-120,-120,-120,-120,-120,-120,-120,-120,-120,-120,-120,-120.0,-120.0,-120.0,-120.0,-120.0,-120.0,-120.0,-120,-120,-120.0,-120.0,-120.0,-120,-120.0,-120,-120,-120.0,-120,-120,-120,-120,-120,-120,-120,-120,-120,-120,-120,-120,-120,-120,-120,-120,-120,-120,-120,-120,-120,-120,-120,-120,-120,-120,-120,-120,-120.0,-120.0,-120,-120
113.6588,-81.0,-120,-120,-120,-120,-120,-120,-120,-82.0,-120,-120,-85.0,-120,-120,-120.0,-120,-120,-120,-120,-120,-120,-120,-120,-120,-120,-120,-120,-120,-120,-120,-120,-120,-120,-120,-120,-120,-120.0,-120.0,-120.0,-120,-120,-120,-120,-120,-120,-88.0,-120,-120,-120,-120,-120,-91.0,-120,-120,-120.0,-120,-120,-69.0,-92.0,-93.0,-91.0,-120,-120.0,-120.0,-61.0,-120,-120,-120,-120,-120,-120,-120,-120,-120,-120,-120,-120,-120,-120,-120,-120,-120,-120,-120,-120,-120,-120,-120,-120,-120,-120,-120,-120,-120,-120,-120,-120,-120,-120,-120,-120,-120,-120,-120,-120,-120,-120,-120,-120,-120,-120,-120,-120,-120,-120,-120,-120,-120,-120,-120,-120,-120,-120,-120,-120,-120,-120,-120,-90.0,-120,-120,-120,-120,-120,-120,-120,-120.0,-120,-120,-120.0,-120,-120,-120,-120.0,-120.0,-120,-120.0,-120,-120.0,-120.0,-120.0,-120.0,-120.0,-120.0,-120.0,-120.0,-120.0,-120,-120.0,-120.0,-120.0,-120,-120,-120,-120,-120,-120,-120,-120,-120,-120,-120,-120,-120,-120,-120,-120,-120,-120,-120,-120,-120,-120,-120,-120,-120,-120,-120,-120.0,-120.0,-120.0,-120.0,-120.0,-120.0,-120.0,-120,-120,-120.0,-120.0,-120.0,-120,-120.0,-120,-120,-120.0,-120,-120,-120,-120,-120,-120,-120,-120,-120,-120,-120,-120,-120,-120,-120,-120,-120,-120,-120,-120,-120,-120,-120,-120,-120,-120,-120,-120,-120.0,-120.0,-120,-120
115.6382,-77.0,-120,-120,-120,-120,-120,-120,-120,-120.0,-120,-120,-88.0,-120,-120,-120.0,-120,-120,-120,-120,-120,-120,-120,-120,-120,-120,-120,-120,-120,-120,-120,-120,-120,-120,-120,-120,-120,-120.0,-120.0,-120.0,-120,-120,-120,-120,-120,-120,-91.0,-120,-120,-120,-120,-120,-120.0,-120,-120,-120.0,-120,-120,-80.0,-120.0,-120.0,-120.0,-120,-120.0,-120.0,-66.0,-120,-120,-120,-120,-120,-120,-120,-120,-120,-120,-120,-120,-120,-120,-120,-120,-120,-120,-120,-120,-120,-120,-120,-120,-120,-120,-120,-120,-120,-120,-120,-120,-120,-120,-120,-120,-120,-120,-120,-120,-120,-120,-120,-120,-120,-120,-120,-120,-120,-120,-120,-120,-120,-120,-120,-120,-120,-120,-120,-120,-120,-120,-120,-87.0,-120,-120,-120,-120,-120,-120,-120,-120.0,-120,-120,-120.0,-120,-120,-120,-120.0,-120.0,-120,-120.0,-120,-120.0,-120.0,-120.0,-120.0,-120.0,-120.0,-96.0,-120.0,-90.0,-120,-120.0,-120.0,-120.0,-120,-120,-120,-120,-120,-120,-120,-120,-120,-120,-120,-120,-120,-120,-120,-120,-120,-120,-120,-120,-120,-120,-120,-120,-120,-120,-120,-120.0,-120.0,-120.0,-120.0,-120.0,-120.0,-120.0,-120,-120,-120.0,-120.0,-120.0,-120,-120.0,-120,-120,-120.0,-120,-120,-120,-120,-120,-120,-120,-120,-120,-120,-120,-120,-120,-120,-120,-120,-120,-120,-120,-120,-120,-120,-120,-120,-120,-120,-120,-120,-120.0,-120.0,-120,-120
117.7038,-84.0,-120,-120,-120,-120,-120,-120,-120,-120.0,-120,-120,-93.0,-120,-120,-120.0,-120,-120,-120,-120,-120,-120,-120,-120,-120,-120,-120,-120,-120,-120,-120,-120,-120,-120,-120,-120,-120,-120.0,-120.0,-120.0,-120,-120,-120,-120,-120,-120,-120.0,-120,-120,-120,-120,-120,-120.0,-120,-120,-120.0,-120,-120,-91.0,-120.0,-120.0,-120.0,-120,-120.0,-120.0,-68.0,-120,-120,-120,-120,-120,-120,-120,-120,-120,-120,-120,-120,-120,-120,-120,-120,-120,-120,-120,-120,-120,-120,-120,-120,-120,-120,-120,-120,-120,-120,-120,-120,-120,-120,-120,-120,-120,-120,-120,-120,-120,-120,-120,-120,-120,-120,-120,-120,-120,-120,-120,-120,-120,-120,-120,-120,-120,-120,-120,-120,-120,-120,-120,-80.0,-120,-120,-120,-120,-120,-120,-120,-120.0,-120,-120,-120.0,-120,-120,-120,-120.0,-120.0,-120,-120.0,-120,-120.0,-120.0,-120.0,-120.0,-120.0,-120.0,-120.0,-120.0,-84.0,-120,-120.0,-120.0,-120.0,-120,-120,-120,-120,-120,-120,-120,-120,-120,-120,-120,-120,-120,-120,-120,-120,-120,-120,-120,-120,-120,-120,-120,-120,-120,-120,-120,-120.0,-120.0,-120.0,-120.0,-120.0,-120.0,-120.0,-120,-120,-120.0,-120.0,-120.0,-120,-120.0,-120,-120,-120.0,-120,-120,-120,-120,-120,-120,-120,-120,-120,-120,-120,-120,-120,-120,-120,-120,-120,-120,-120,-120,-120,-120,-120,-120,-120,-120,-120,-120,-120.0,-120.0,-120,-120
119.6598,-89.0,-120,-120,-120,-120,-120,-120,-120,-120.0,-120,-120,-94.0,-120,-120,-120.0,-120,-120,-120,-120,-120,-120,-120,-120,-120,-120,-120,-120,-120,-120,-120,-120,-120,-120,-120,-120,-120,-120.0,-120.0,-120.0,-120,-120,-120,-120,-120,-120,-120.0,-120,-120,-120,-120,-120,-120.0,-120,-120,-120.0,-120,-120,-120.0,-120.0,-120.0,-120.0,-120,-120.0,-120.0,-75.0,-120,-120,-120,-120,-120,-120,-120,-120,-120,-120,-120,-120,-120,-120,-120,-120,-120,-120,-120,-120,-120,-120,-120,-120,-120,-120,-120,-120,-120,-120,-120,-120,-120,-120,-120,-120,-120,-120,-120,-120,-120,-120,-120,-120,-120,-120,-120,-120,-120,-120,-120,-120,-120,-120,-120,-120,-120,-120,-120,-120,-120,-120,-120,-82.0,-120,-120,-120,-120,-120,-120,-120,-120.0,-120,-120,-120.0,-120,-120,-120,-120.0,-120.0,-120,-120.0,-120,-87.0,-120.0,-120.0,-120.0,-120.0,-120.0,-120.0,-120.0,-88.0,-120,-120.0,-120.0,-120.0,-120,-120,-120,-120,-120,-120,-120,-120,-120,-120,-120,-120,-120,-120,-120,-120,-120,-120,-120,-120,-120,-120,-120,-120,-120,-120,-120,-120.0,-120.0,-120.0,-120.0,-120.0,-120.0,-120.0,-120,-120,-120.0,-120.0,-120.0,-120,-120.0,-120,-120,-120.0,-120,-120,-120,-120,-120,-120,-120,-120,-120,-120,-120,-120,-120,-120,-120,-120,-120,-120,-120,-120,-120,-120,-120,-120,-120,-120,-120,-120,-120.0,-120.0,-120,-120
121.6709,-86.0,-120,-120,-120,-120,-120,-120,-120,-120.0,-120,-120,-120.0,-120,-120,-120.0,-120,-120,-120,-120,-120,-120,-120,-120,-120,-120,-120,-120,-120,-120,-120,-120,-120,-120,-120,-120,-120,-120.0,-120.0,-120.0,-120,-120,-120,-120,-120,-120,-120.0,-120,-120,-120,-120,-120,-120.0,-120,-120,-120.0,-120,-120,-93.0,-120.0,-120.0,-120.0,-120,-120.0,-120.0,-77.0,-120,-120,-120,-120,-120,-120,-120,-120,-120,-120,-120,-120,-120,-120,-120,-120,-120,-120,-120,-120,-120,-120,-120,-120,-120,-120,-120,-120,-120,-120,-120,-120,-120,-120,-120,-120,-120,-120,-120,-120,-120,-120,-120,-120,-120,-120,-120,-120,-120,-120,-120,-120,-120,-120,-120,-120,-120,-120,-120,-120,-120,-120,-120,-73.0,-120,-120,-120,-120,-120,-120,-120,-120.0,-120,-120,-120.0,-120,-120,-120,-120.0,-120.0,-120,-120.0,-120,-92.0,-120.0,-92.0,-120.0,-120.0,-120.0,-120.0,-120.0,-85.0,-120,-120.0,-120.0,-120.0,-120,-120,-120,-120,-120,-120,-120,-120,-120,-120,-120,-120,-120,-120,-120,-120,-120,-120,-120,-120,-120,-120,-120,-120,-120,-120,-120,-120.0,-120.0,-120.0,-120.0,-120.0,-120.0,-120.0,-120,-120,-120.0,-120.0,-120.0,-120,-120.0,-120,-120,-120.0,-120,-120,-120,-120,-120,-120,-120,-120,-120,-120,-120,-120,-120,-120,-120,-120,-120,-120,-120,-120,-120,-120,-120,-120,-120,-120,-120,-120,-120.0,-120.0,-120,-120
123.6703,-92.0,-120,-120,-120,-120,-120,-120,-120,-120.0,-120,-120,-120.0,-120,-120,-120.0,-120,-120,-120,-120,-120,-120,-120,-120,-120,-120,-120,-120,-120,-120,-120,-120,-120,-120,-120,-120,-120,-120.0,-120.0,-120.0,-120,-120,-120,-120,-120,-120,-120.0,-120,-120,-120,-120,-120,-120.0,-120,-120,-120.0,-120,-120,-94.0,-120.0,-120.0,-120.0,-120,-120.0,-120.0,-76.0,-120,-120,-120,-120,-120,-120,-120,-120,-120,-120,-120,-120,-120,-120,-120,-120,-120,-120,-120,-120,-120,-120,-120,-120,-120,-120,-120,-120,-120,-120,-120,-120,-120,-120,-120,-120,-120,-120,-120,-120,-120,-120,-120,-120,-120,-120,-120,-120,-120,-120,-120,-120,-120,-120,-120,-120,-120,-120,-120,-120,-120,-120,-120,-81.0,-120,-120,-120,-120,-120,-120,-120,-120.0,-120,-120,-120.0,-120,-120,-120,-120.0,-120.0,-120,-120.0,-120,-92.0,-120.0,-92.0,-95.0,-120.0,-92.0,-120.0,-120.0,-84.0,-120,-120.0,-120.0,-120.0,-120,-120,-120,-120,-120,-120,-120,-120,-120,-120,-120,-120,-120,-120,-120,-120,-120,-120,-120,-120,-120,-120,-120,-120,-120,-120,-120,-120.0,-120.0,-120.0,-120.0,-120.0,-120.0,-120.0,-120,-120,-120.0,-120.0,-120.0,-120,-120.0,-120,-120,-120.0,-120,-120,-120,-120,-120,-120,-120,-120,-120,-120,-120,-120,-120,-120,-120,-120,-120,-120,-120,-120,-120,-120,-120,-120,-120,-120,-120,-120,-120.0,-120.0,-120,-120
125.6497,-120.0,-120,-120,-120,-120,-120,-120,-120,-92.0,-120,-120,-120.0,-120,-120,-120.0,-120,-120,-120,-120,-120,-120,-120,-120,-120,-120,-120,-120,-120,-120,-120,-120,-120,-120,-120,-120,-120,-120.0,-120.0,-120.0,-120,-120,-120,-120,-120,-120,-120.0,-120,-120,-120,-120,-120,-74.0,-120,-120,-120.0,-120,-120,-92.0,-120.0,-120.0,-120.0,-120,-120.0,-120.0,-76.0,-120,-120,-120,-120,-120,-120,-120,-120,-120,-120,-120,-120,-120,-120,-120,-120,-120,-120,-120,-120,-120,-120,-120,-120,-120,-120,-120,-120,-120,-120,-120,-120,-120,-120,-120,-120,-120,-120,-120,-120,-120,-120,-120,-120,-120,-120,-120,-120,-120,-120,-120,-120,-120,-120,-120,-120,-120,-120,-120,-120,-120,-120,-120,-82.0,-120,-120,-120,-120,-120,-120,-120,-120.0,-120,-120,-86.0,-120,-120,-120,-92.0,-92.0,-120,-120.0,-120,-96.0,-120.0,-94.0,-120.0,-89.0,-94.0,-120.0,-120.0,-81.0,-120,-120.0,-120.0,-120.0,-120,-120,-120,-120,-120,-120,-120,-120,-120,-120,-120,-120,-120,-120,-120,-120,-120,-120,-120,-120,-120,-120,-120,-120,-120,-120,-120,-120.0,-120.0,-120.0,-120.0,-120.0,-120.0,-89.0,-120,-120,-120.0,-120.0,-120.0,-120,-120.0,-120,-120,-120.0,-120,-120,-120,-120,-120,-120,-120,-120,-120,-120,-120,-120,-120,-120,-120,-120,-120,-120,-120,-120,-120,-120,-120,-120,-120,-120,-120,-120,-120.0,-120.0,-120,-120
127.6467,-87.0,-120,-120,-120,-120,-120,-120,-120,-120.0,-120,-120,-120.0,-120,-120,-120.0,-120,-120,-120,-120,-120,-120,-120,-120,-120,-120,-120,-120,-120,-120,-120,-120,-120,-120,-120,-120,-120,-120.0,-120.0,-120.0,-120,-120,-120,-120,-120,-120,-120.0,-120,-120,-120,-120,-120,-91.0,-120,-120,-120.0,-120,-120,-120.0,-120.0,-120.0,-120.0,-120,-120.0,-120.0,-74.0,-120,-120,-120,-120,-120,-120,-120,-120,-120,-120,-120,-120,-120,-120,-120,-120,-120,-120,-120,-120,-120,-120,-120,-120,-120,-120,-120,-120,-120,-120,-120,-120,-120,-120,-120,-120,-120,-120,-120,-120,-120,-120,-120,-120,-120,-120,-120,-120,-120,-120,-120,-120,-120,-120,-120,-120,-120,-120,-120,-120,-120,-120,-120,-70.0,-120,-120,-120,-120,-120,-120,-120,-120.0,-120,-120,-85.0,-120,-120,-120,-120.0,-120.0,-120,-120.0,-120,-91.0,-120.0,-91.0,-120.0,-120.0,-91.0,-120.0,-120.0,-81.0,-120,-120.0,-120.0,-120.0,-120,-120,-120,-120,-120,-120,-120,-120,-120,-120,-120,-120,-120,-120,-120,-120,-120,-120,-120,-120,-120,-120,-120,-120,-120,-120,-120,-120.0,-120.0,-120.0,-120.0,-120.0,-120.0,-120.0,-120,-120,-120.0,-120.0,-120.0,-120,-120.0,-120,-120,-120.0,-120,-120,-120,-120,-120,-120,-120,-120,-120,-120,-120,-120,-120,-120,-120,-120,-120,-120,-120,-120,-120,-120,-120,-120,-120,-120,-120,-120,-120.0,-90.0,-120,-120
129.6668,-120.0,-120,-120,-120,-120,-120,-120,-120,-120.0,-120,-120,-120.0,-120,-120,-120.0,-120,-120,-120,-120,-120,-120,-120,-120,-120,-120,-120,-120,-120,-120,-120,-120,-120,-120,-120,-120,-120,-120.0,-120.0,-120.0,-120,-120,-120,-120,-120,-120,-120.0,-120,-120,-120,-120,-120,-120.0,-120,-120,-120.0,-120,-120,-120.0,-120.0,-120.0,-120.0,-120,-120.0,-120.0,-80.0,-120,-120,-120,-120,-120,-120,-120,-120,-120,-120,-120,-120,-120,-120,-120,-120,-120,-120,-120,-120,-120,-120,-120,-120,-120,-120,-120,-120,-120,-120,-120,-120,-120,-120,-120,-120,-120,-120,-120,-120,-120,-120,-120,-120,-120,-120,-120,-120,-120,-120,-120,-120,-120,-120,-120,-120,-120,-120,-120,-120,-120,-120,-120,-67.0,-120,-120,-120,-120,-120,-120,-120,-87.0,-120,-120,-88.0,-120,-120,-120,-84.0,-120.0,-120,-120.0,-120,-91.0,-120.0,-92.0,-120.0,-120.0,-120.0,-120.0,-120.0,-82.0,-120,-120.0,-120.0,-120.0,-120,-120,-120,-120,-120,-120,-120,-120,-120,-120,-120,-120,-120,-120,-120,-120,-120,-120,-120,-120,-120,-120,-120,-120,-120,-120,-120,-120.0,-120.0,-120.0,-120.0,-120.0,-120.0,-120.0,-120,-120,-120.0,-120.0,-120.0,-120,-120.0,-120,-120,-120.0,-120,-120,-120,-120,-120,-120,-120,-120,-120,-120,-120,-120,-120,-120,-120,-120,-120,-120,-120,-120,-120,-120,-120,-120,-120,-120,-120,-120,-120.0,-120.0,-120,-120
131.6435,-86.0,-120,-120,-120,-120,-120,-120,-120,-120.0,-120,-120,-120.0,-120,-120,-120.0,-120,-120,-120,-120,-120,-120,-120,-120,-120,-120,-120,-120,-120,-120,-120,-120,-120,-120,-120,-120,-120,-120.0,-120.0,-120.0,-120,-120,-120,-120,-120,-120,-120.0,-120,-120,-120,-120,-120,-120.0,-120,-120,-120.0,-120,-120,-120.0,-120.0,-120.0,-120.0,-120,-120.0,-120.0,-72.0,-120,-120,-120,-120,-120,-120,-120,-120,-120,-120,-120,-120,-120,-120,-120,-120,-120,-120,-120,-120,-120,-120,-120,-120,-120,-120,-120,-120,-120,-120,-120,-120,-120,-120,-120,-120,-120,-120,-120,-120,-120,-120,-120,-120,-120,-120,-120,-120,-120,-120,-120,-120,-120,-120,-120,-120,-120,-120,-120,-120,-120,-120,-120,-71.0,-120,-120,-120,-120,-120,-120,-120,-87.0,-120,-120,-88.0,-120,-120,-120,-120.0,-120.0,-120,-120.0,-120,-120.0,-120.0,-120.0,-120.0,-120.0,-94.0,-120.0,-120.0,-78.0,-120,-93.0,-120.0,-120.0,-120,-120,-120,-120,-120,-120,-120,-120,-120,-120,-120,-120,-120,-120,-120,-120,-120,-120,-120,-120,-120,-120,-120,-120,-120,-120,-120,-120.0,-120.0,-120.0,-120.0,-120.0,-120.0,-120.0,-120,-120,-120.0,-120.0,-120.0,-120,-120.0,-120,-120,-120.0,-120,-120,-120,-120,-120,-120,-120,-120,-120,-120,-120,-120,-120,-120,-120,-120,-120,-120,-120,-120,-120,-120,-120,-120,-120,-120,-120,-120,-120.0,-120.0,-120,-120
133.6869,-120.0,-120,-120,-120,-120,-120,-120,-120,-120.0,-120,-120,-120.0,-120,-120,-120.0,-120,-120,-120,-120,-120,-120,-120,-120,-120,-120,-120,-120,-120,-120,-120,-120,-120,-120,-120,-120,-120,-120.0,-120.0,-120.0,-120,-120,-120,-120,-120,-120,-120.0,-120,-120,-120,-120,-120,-120.0,-120,-120,-120.0,-120,-120,-120.0,-120.0,-120.0,-120.0,-120,-120.0,-96.0,-83.0,-120,-120,-120,-120,-120,-120,-120,-120,-120,-120,-120,-120,-120,-120,-120,-120,-120,-120,-120,-120,-120,-120,-120,-120,-120,-120,-120,-120,-120,-120,-120,-120,-120,-120,-120,-120,-120,-120,-120,-120,-120,-120,-120,-120,-120,-120,-120,-120,-120,-120,-120,-120,-120,-120,-120,-120,-120,-120,-120,-120,-120,-120,-120,-71.0,-120,-120,-120,-120,-120,-120,-120,-95.0,-120,-120,-87.0,-120,-120,-120,-120.0,-120.0,-120,-120.0,-120,-120.0,-120.0,-87.0,-120.0,-120.0,-93.0,-120.0,-120.0,-77.0,-120,-120.0,-92.0,-120.0,-120,-120,-120,-120,-120,-120,-120,-120,-120,-120,-120,-120,-120,-120,-120,-120,-120,-120,-120,-120,-120,-120,-120,-120,-120,-120,-120,-120.0,-120.0,-120.0,-120.0,-120.0,-120.0,-120.0,-120,-120,-120.0,-120.0,-120.0,-120,-120.0,-120,-120,-120.0,-120,-120,-120,-120,-120,-120,-120,-120,-120,-120,-120,-120,-120,-120,-120,-120,-120,-120,-120,-120,-120,-120,-120,-120,-120,-120,-120,-120,-120.0,-120.0,-120,-120
135.6347,-86.0,-120,-120,-120,-120,-120,-120,-120,-120.0,-120,-120,-120.0,-120,-120,-120.0,-120,-120,-120,-120,-120,-120,-120,-120,-120,-120,-120,-120,-120,-120,-120,-120,-120,-120,-120,-120,-120,-120.0,-120.0,-120.0,-120,-120,-120,-120,-120,-120,-120.0,-120,-120,-120,-120,-120,-120.0,-120,-120,-120.0,-120,-120,-90.0,-120.0,-120.0,-120.0,-120,-120.0,-120.0,-75.0,-120,-120,-120,-120,-120,-120,-120,-120,-120,-120,-120,-120,-120,-120,-120,-120,-120,-120,-120,-120,-120,-120,-120,-120,-120,-120,-120,-120,-120,-120,-120,-120,-120,-120,-120,-120,-120,-120,-120,-120,-120,-120,-120,-120,-120,-120,-120,-120,-120,-120,-120,-120,-120,-120,-120,-120,-120,-120,-120,-120,-120,-120,-120,-75.0,-120,-120,-120,-120,-120,-120,-120,-91.0,-120,-120,-89.0,-120,-120,-120,-120.0,-90.0,-120,-120.0,-120,-85.0,-120.0,-120.0,-120.0,-120.0,-120.0,-120.0,-120.0,-86.0,-120,-120.0,-120.0,-120.0,-120,-120,-120,-120,-120,-120,-120,-120,-120,-120,-120,-120,-120,-120,-120,-120,-120,-120,-120,-120,-120,-120,-120,-120,-120,-120,-120,-120.0,-120.0,-120.0,-120.0,-120.0,-120.0,-120.0,-120,-120,-120.0,-120.0,-120.0,-120,-120.0,-120,-120,-120.0,-120,-120,-120,-120,-120,-120,-120,-120,-120,-120,-120,-120,-120,-120,-120,-120,-120,-120,-120,-120,-120,-120,-120,-120,-120,-120,-120,-120,-120.0,-120.0,-120,-120
137.6958,-88.0,-120,-120,-120,-120,-120,-120,-120,-120.0,-120,-120,-120.0,-120,-120,-120.0,-120,-120,-120,-120,-120,-120,-120,-120,-120,-120,-120,-120,-120,-120,-120,-120,-120,-120,-120,-120,-120,-120.0,-120.0,-120.0,-120,-120,-120,-120,-120,-120,-120.0,-120,-120,-120,-120,-120,-90.0,-120,-120,-120.0,-120,-120,-120.0,-120.0,-120.0,-120.0,-120,-120.0,-120.0,-76.0,-120,-120,-120,-120,-120,-120,-120,-120,-120,-120,-120,-120,-120,-120,-120,-120,-120,-120,-120,-120,-120,-120,-120,-120,-120,-120,-120,-120,-120,-120,-120,-120,-120,-120,-120,-120,-120,-120,-120,-120,-120,-120,-120,-120,-120,-120,-120,-120,-120,-120,-120,-120,-120,-120,-120,-120,-120,-120,-120,-120,-120,-120,-120,-80.0,-120,-120,-120,-120,-120,-120,-120,-86.0,-120,-120,-120.0,-120,-120,-120,-120.0,-86.0,-120,-120.0,-120,-87.0,-120.0,-87.0,-120.0,-120.0,-120.0,-120.0,-120.0,-81.0,-120,-120.0,-120.0,-120.0,-120,-120,-120,-120,-120,-120,-120,-120,-120,-120,-120,-120,-120,-120,-120,-120,-120,-120,-120,-120,-120,-120,-120,-120,-120,-120,-120,-120.0,-120.0,-120.0,-120.0,-120.0,-120.0,-120.0,-120,-120,-120.0,-120.0,-120.0,-120,-120.0,-120,-120,-120.0,-120,-120,-120,-120,-120,-120,-120,-120,-120,-120,-120,-120,-120,-120,-120,-120,-120,-120,-120,-120,-120,-120,-120,-120,-120,-120,-120,-120,-120.0,-120.0,-120,-120
139.6498,-90.0,-120,-120,-120,-120,-120,-120,-120,-120.0,-120,-120,-120.0,-120,-120,-120.0,-120,-120,-120,-120,-120,-120,-120,-120,-120,-120,-120,-120,-120,-120,-120,-120,-120,-120,-120,-120,-120,-120.0,-120.0,-120.0,-120,-120,-120,-120,-120,-120,-120.0,-120,-120,-120,-120,-120,-120.0,-120,-120,-120.0,-120,-120,-120.0,-120.0,-120.0,-120.0,-120,-120.0,-120.0,-77.0,-120,-120,-120,-120,-120,-120,-120,-120,-120,-120,-120,-120,-120,-120,-120,-120,-120,-120,-120,-120,-120,-120,-120,-120,-120,-120,-120,-120,-120,-120,-120,-120,-120,-120,-120,-120,-120,-120,-120,-120,-120,-120,-120,-120,-120,-120,-120,-120,-120,-120,-120,-120,-120,-120,-120,-120,-120,-120,-120,-120,-120,-120,-120,-77.0,-120,-120,-120,-120,-120,-120,-120,-120.0,-120,-120,-120.0,-120,-120,-120,-120.0,-120.0,-120,-120.0,-120,-120.0,-120.0,-120.0,-120.0,-120.0,-92.0,-120.0,-120.0,-85.0,-120,-120.0,-120.0,-120.0,-120,-120,-120,-120,-120,-120,-120,-120,-120,-120,-120,-120,-120,-120,-120,-120,-120,-120,-120,-120,-120,-120,-120,-120,-120,-120,-120,-120.0,-120.0,-120.0,-120.0,-120.0,-120.0,-120.0,-120,-120,-120.0,-120.0,-120.0,-120,-120.0,-120,-120,-120.0,-120,-120,-120,-120,-120,-120,-120,-120,-120,-120,-120,-120,-120,-120,-120,-120,-120,-120,-120,-120,-120,-120,-120,-120,-120,-120,-120,-120,-120.0,-120.0,-120,-120
141.6693,-84.0,-120,-120,-120,-120,-120,-120,-120,-120.0,-120,-120,-120.0,-120,-120,-120.0,-120,-120,-120,-120,-120,-120,-120,-120,-120,-120,-120,-120,-120,-120,-120,-120,-120,-120,-120,-120,-120,-120.0,-120.0,-120.0,-120,-120,-120,-120,-120,-120,-120.0,-120,-120,-120,-120,-120,-120.0,-120,-120,-120.0,-120,-120,-120.0,-120.0,-120.0,-120.0,-120,-120.0,-120.0,-86.0,-120,-120,-120,-120,-120,-120,-120,-120,-120,-120,-120,-120,-120,-120,-120,-120,-120,-120,-120,-120,-120,-120,-120,-120,-120,-120,-120,-120,-120,-120,-120,-120,-120,-120,-120,-120,-120,-120,-120,-120,-120,-120,-120,-120,-120,-120,-120,-120,-120,-120,-120,-120,-120,-120,-120,-120,-120,-120,-120,-120,-120,-120,-120,-67.0,-120,-120,-120,-120,-120,-120,-120,-120.0,-120,-120,-120.0,-120,-120,-120,-120.0,-120.0,-120,-120.0,-120,-91.0,-120.0,-88.0,-120.0,-120.0,-90.0,-120.0,-120.0,-120.0,-120,-120.0,-120.0,-120.0,-120,-120,-120,-120,-120,-120,-120,-120,-120,-120,-120,-120,-120,-120,-120,-120,-120,-120,-120,-120,-120,-120,-120,-120,-120,-120,-120,-120.0,-120.0,-120.0,-120.0,-120.0,-120.0,-120.0,-120,-120,-120.0,-120.0,-120.0,-120,-120.0,-120,-120,-120.0,-120,-120,-120,-120,-120,-120,-120,-120,-120,-120,-120,-120,-120,-120,-120,-120,-120,-120,-120,-120,-120,-120,-120,-120,-120,-120,-120,-120,-120.0,-120.0,-120,-120
143.604,-84.0,-120,-120,-120,-120,-120,-120,-120,-90.0,-120,-120,-120.0,-120,-120,-120.0,-120,-120,-120,-120,-120,-120,-120,-120,-120,-120,-120,-120,-120,-120,-120,-120,-120,-120,-120,-120,-120,-120.0,-120.0,-120.0,-120,-120,-120,-120,-120,-120,-120.0,-120,-120,-120,-120,-120,-120.0,-120,-120,-120.0,-120,-120,-120.0,-120.0,-120.0,-120.0,-120,-120.0,-120.0,-81.0,-120,-120,-120,-120,-120,-120,-120,-120,-120,-120,-120,-120,-120,-120,-120,-120,-120,-120,-120,-120,-120,-120,-120,-120,-120,-120,-120,-120,-120,-120,-120,-120,-120,-120,-120,-120,-120,-120,-120,-120,-120,-120,-120,-120,-120,-120,-120,-120,-120,-120,-120,-120,-120,-120,-120,-120,-120,-120,-120,-120,-120,-120,-120,-72.0,-120,-120,-120,-120,-120,-120,-120,-120.0,-120,-120,-120.0,-120,-120,-120,-120.0,-120.0,-120,-120.0,-120,-92.0,-120.0,-90.0,-120.0,-120.0,-91.0,-120.0,-120.0,-84.0,-120,-120.0,-120.0,-120.0,-120,-120,-120,-120,-120,-120,-120,-120,-120,-120,-120,-120,-120,-120,-120,-120,-120,-120,-120,-120,-120,-120,-120,-120,-120,-120,-120,-120.0,-120.0,-120.0,-120.0,-120.0,-120.0,-120.0,-120,-120,-120.0,-120.0,-120.0,-120,-120.0,-120,-120,-120.0,-120,-120,-120,-120,-120,-120,-120,-120,-120,-120,-120,-120,-120,-120,-120,-120,-120,-120,-120,-120,-120,-120,-120,-120,-120,-120,-120,-120,-120.0,-120.0,-120,-120
145.673,-76.0,-120,-120,-120,-120,-120,-120,-120,-88.0,-120,-120,-120.0,-120,-120,-120.0,-120,-120,-120,-120,-120,-120,-120,-120,-120,-120,-120,-120,-120,-120,-120,-120,-120,-120,-120,-120,-120,-120.0,-120.0,-120.0,-120,-120,-120,-120,-120,-120,-90.0,-120,-120,-120,-120,-120,-120.0,-120,-120,-120.0,-120,-120,-92.0,-120.0,-120.0,-120.0,-120,-92.0,-120.0,-75.0,-120,-120,-120,-120,-120,-120,-120,-120,-120,-120,-120,-120,-120,-120,-120,-120,-120,-120,-120,-120,-120,-120,-120,-120,-120,-120,-120,-120,-120,-120,-120,-120,-120,-120,-120,-120,-120,-120,-120,-120,-120,-120,-120,-120,-120,-120,-120,-120,-120,-120,-120,-120,-120,-120,-120,-120,-120,-120,-120,-120,-120,-120,-120,-77.0,-120,-120,-120,-120,-120,-120,-120,-120.0,-120,-120,-120.0,-120,-120,-120,-120.0,-120.0,-120,-120.0,-120,-91.0,-120.0,-91.0,-120.0,-120.0,-120.0,-120.0,-120.0,-120.0,-120,-120.0,-120.0,-120.0,-120,-120,-120,-120,-120,-120,-120,-120,-120,-120,-120,-120,-120,-120,-120,-120,-120,-120,-120,-120,-120,-120,-120,-120,-120,-120,-120,-120.0,-120.0,-120.0,-120.0,-120.0,-120.0,-120.0,-120,-120,-120.0,-120.0,-120.0,-120,-120.0,-120,-120,-120.0,-120,-120,-120,-120,-120,-120,-120,-120,-120,-120,-120,-120,-120,-120,-120,-120,-120,-120,-120,-120,-120,-120,-120,-120,-120,-120,-120,-120,-120.0,-120.0,-120,-120
147.6692,-72.0,-120,-120,-120,-120,-120,-120,-120,-85.0,-120,-120,-120.0,-120,-120,-120.0,-120,-120,-120,-120,-120,-120,-120,-120,-120,-120,-120,-120,-120,-120,-120,-120,-120,-120,-120,-120,-120,-120.0,-120.0,-120.0,-120,-120,-120,-120,-120,-120,-91.0,-120,-120,-120,-120,-120,-120.0,-120,-120,-120.0,-120,-120,-92.0,-120.0,-120.0,-120.0,-120,-120.0,-120.0,-76.0,-120,-120,-120,-120,-120,-120,-120,-120,-120,-120,-120,-120,-120,-120,-120,-120,-120,-120,-120,-120,-120,-120,-120,-120,-120,-120,-120,-120,-120,-120,-120,-120,-120,-120,-120,-120,-120,-120,-120,-120,-120,-120,-120,-120,-120,-120,-120,-120,-120,-120,-120,-120,-120,-120,-120,-120,-120,-120,-120,-120,-120,-120,-120,-85.0,-120,-120,-120,-120,-120,-120,-120,-120.0,-120,-120,-120.0,-120,-120,-120,-120.0,-120.0,-120,-120.0,-120,-89.0,-120.0,-92.0,-120.0,-120.0,-91.0,-120.0,-120.0,-120.0,-120,-120.0,-120.0,-120.0,-120,-120,-120,-120,-120,-120,-120,-120,-120,-120,-120,-120,-120,-120,-120,-120,-120,-120,-120,-120,-120,-120,-120,-120,-120,-120,-120,-120.0,-120.0,-120.0,-120.0,-120.0,-120.0,-120.0,-120,-120,-120.0,-120.0,-120.0,-120,-120.0,-120,-120,-120.0,-120,-120,-120,-120,-120,-120,-120,-120,-120,-120,-120,-120,-120,-120,-120,-120,-120,-120,-120,-120,-120,-120,-120,-120,-120,-120,-120,-120,-120.0,-120.0,-120,-120
149.6743,-77.0,-120,-120,-120,-120,-120,-120,-120,-120.0,-120,-120,-94.0,-120,-120,-120.0,-120,-120,-120,-120,-120,-120,-120,-120,-120,-120,-120,-120,-120,-120,-120,-120,-120,-120,-120,-120,-120,-120.0,-120.0,-120.0,-120,-120,-120,-120,-120,-120,-94.0,-120,-120,-120,-120,-120,-120.0,-120,-120,-120.0,-120,-120,-120.0,-120.0,-120.0,-120.0,-120,-120.0,-120.0,-80.0,-120,-120,-120,-120,-120,-120,-120,-120,-120,-120,-120,-120,-120,-120,-120,-120,-120,-120,-120,-120,-120,-120,-120,-120,-120,-120,-120,-120,-120,-120,-120,-120,-120,-120,-120,-120,-120,-120,-120,-120,-120,-120,-120,-120,-120,-120,-120,-120,-120,-120,-120,-120,-120,-120,-120,-120,-120,-120,-120,-120,-120,-120,-120,-83.0,-120,-120,-120,-120,-120,-120,-120,-120.0,-120,-120,-120.0,-120,-120,-120,-120.0,-120.0,-120,-120.0,-120,-120.0,-120.0,-120.0,-120.0,-120.0,-86.0,-120.0,-120.0,-80.0,-120,-120.0,-120.0,-120.0,-120,-120,-120,-120,-120,-120,-120,-120,-120,-120,-120,-120,-120,-120,-120,-120,-120,-120,-120,-120,-120,-120,-120,-120,-120,-120,-120,-120.0,-120.0,-120.0,-120.0,-120.0,-120.0,-120.0,-120,-120,-120.0,-120.0,-120.0,-120,-120.0,-120,-120,-120.0,-120,-120,-120,-120,-120,-120,-120,-120,-120,-120,-120,-120,-120,-120,-120,-120,-120,-120,-120,-120,-120,-120,-120,-120,-120,-120,-120,-120,-120.0,-120.0,-120,-120
151.6873,-83.0,-120,-120,-120,-120,-120,-120,-120,-89.0,-120,-120,-120.0,-120,-120,-90.0,-120,-120,-120,-120,-120,-120,-120,-120,-120,-120,-120,-120,-120,-120,-120,-120,-120,-120,-120,-120,-120,-120.0,-120.0,-120.0,-120,-120,-120,-120,-120,-120,-91.0,-120,-120,-120,-120,-120,-91.0,-120,-120,-120.0,-120,-120,-120.0,-120.0,-120.0,-120.0,-120,-120.0,-120.0,-82.0,-120,-120,-120,-120,-120,-120,-120,-120,-120,-120,-120,-120,-120,-120,-120,-120,-120,-120,-120,-120,-120,-120,-120,-120,-120,-120,-120,-120,-120,-120,-120,-120,-120,-120,-120,-120,-120,-120,-120,-120,-120,-120,-120,-120,-120,-120,-120,-120,-120,-120,-120,-120,-120,-120,-120,-120,-120,-120,-120,-120,-120,-120,-120,-83.0,-120,-120,-120,-120,-120,-120,-120,-120.0,-120,-120,-120.0,-120,-120,-120,-120.0,-120.0,-120,-120.0,-120,-84.0,-120.0,-85.0,-120.0,-91.0,-82.0,-120.0,-120.0,-83.0,-120,-120.0,-120.0,-89.0,-120,-120,-120,-120,-120,-120,-120,-120,-120,-120,-120,-120,-120,-120,-120,-120,-120,-120,-120,-120,-120,-120,-120,-120,-120,-120,-120,-120.0,-120.0,-120.0,-120.0,-120.0,-120.0,-89.0,-120,-120,-120.0,-120.0,-120.0,-120,-120.0,-120,-120,-120.0,-120,-120,-120,-120,-120,-120,-120,-120,-120,-120,-120,-120,-120,-120,-120,-120,-120,-120,-120,-120,-120,-120,-120,-120,-120,-120,-120,-120,-120.0,-120.0,-120,-120
153.6472,-77.0,-120,-120,-120,-120,-120,-120,-120,-88.0,-120,-120,-120.0,-120,-120,-120.0,-120,-120,-120,-120,-120,-120,-120,-120,-120,-120,-120,-120,-120,-120,-120,-120,-120,-120,-120,-120,-120,-120.0,-120.0,-89.0,-120,-120,-120,-120,-120,-120,-92.0,-120,-120,-120,-120,-120,-120.0,-120,-120,-120.0,-120,-120,-120.0,-120.0,-120.0,-120.0,-120,-120.0,-120.0,-75.0,-120,-120,-120,-120,-120,-120,-120,-120,-120,-120,-120,-120,-120,-120,-120,-120,-120,-120,-120,-120,-120,-120,-120,-120,-120,-120,-120,-120,-120,-120,-120,-120,-120,-120,-120,-120,-120,-120,-120,-120,-120,-120,-120,-120,-120,-120,-120,-120,-120,-120,-120,-120,-120,-120,-120,-120,-120,-120,-120,-120,-120,-120,-120,-74.0,-120,-120,-120,-120,-120,-120,-120,-120.0,-120,-120,-120.0,-120,-120,-120,-120.0,-120.0,-120,-90.0,-120,-89.0,-120.0,-89.0,-120.0,-120.0,-88.0,-120.0,-120.0,-83.0,-120,-120.0,-120.0,-120.0,-120,-120,-120,-120,-120,-120,-120,-120,-120,-120,-120,-120,-120,-120,-120,-120,-120,-120,-120,-120,-120,-120,-120,-120,-120,-120,-120,-120.0,-120.0,-120.0,-120.0,-120.0,-120.0,-120.0,-120,-120,-120.0,-120.0,-120.0,-120,-120.0,-120,-120,-120.0,-120,-120,-120,-120,-120,-120,-120,-120,-120,-120,-120,-120,-120,-120,-120,-120,-120,-120,-120,-120,-120,-120,-120,-120,-120,-120,-120,-120,-120.0,-120.0,-120,-120
155.6589,-79.0,-120,-120,-120,-120,-120,-120,-120,-89.0,-120,-120,-120.0,-120,-120,-120.0,-120,-120,-120,-120,-120,-120,-120,-120,-120,-120,-120,-120,-120,-120,-120,-120,-120,-120,-120,-120,-120,-120.0,-120.0,-120.0,-120,-120,-120,-120,-120,-120,-88.0,-120,-120,-120,-120,-120,-120.0,-120,-120,-120.0,-120,-120,-91.0,-120.0,-120.0,-120.0,-120,-120.0,-120.0,-80.0,-120,-120,-120,-120,-120,-120,-120,-120,-120,-120,-120,-120,-120,-120,-120,-120,-120,-120,-120,-120,-120,-120,-120,-120,-120,-120,-120,-120,-120,-120,-120,-120,-120,-120,-120,-120,-120,-120,-120,-120,-120,-120,-120,-120,-120,-120,-120,-120,-120,-120,-120,-120,-120,-120,-120,-120,-120,-120,-120,-120,-120,-120,-120,-78.0,-120,-120,-120,-120,-120,-120,-120,-120.0,-120,-120,-120.0,-120,-120,-120,-120.0,-120.0,-120,-120.0,-120,-84.0,-120.0,-85.0,-92.0,-120.0,-120.0,-120.0,-120.0,-86.0,-120,-120.0,-120.0,-120.0,-120,-120,-120,-120,-120,-120,-120,-120,-120,-120,-120,-120,-120,-120,-120,-120,-120,-120,-120,-120,-120,-120,-120,-120,-120,-120,-120,-120.0,-120.0,-120.0,-120.0,-120.0,-88.0,-120.0,-120,-120,-120.0,-120.0,-120.0,-120,-120.0,-120,-120,-120.0,-120,-120,-120,-120,-120,-120,-120,-120,-120,-120,-120,-120,-120,-120,-120,-120,-120,-120,-120,-120,-120,-120,-120,-120,-120,-120,-120,-120,-120.0,-120.0,-120,-120
157.8303,-78.0,-120,-120,-120,-120,-120,-120,-120,-87.0,-120,-120,-120.0,-120,-120,-120.0,-120,-120,-120,-120,-120,-120,-120,-120,-120,-120,-120,-120,-120,-120,-120,-120,-120,-120,-120,-120,-120,-120.0,-120.0,-94.0,-120,-120,-120,-120,-120,-120,-120.0,-120,-120,-120,-120,-120,-120.0,-120,-120,-120.0,-120,-120,-91.0,-120.0,-120.0,-120.0,-120,-120.0,-120.0,-120.0,-120,-120,-120,-120,-120,-120,-120,-120,-120,-120,-120,-120,-120,-120,-120,-120,-120,-120,-120,-120,-120,-120,-120,-120,-120,-120,-120,-120,-120,-120,-120,-120,-120,-120,-120,-120,-120,-120,-120,-120,-120,-120,-120,-120,-120,-120,-120,-120,-120,-120,-120,-120,-120,-120,-120,-120,-120,-120,-120,-120,-120,-120,-120,-77.0,-120,-120,-120,-120,-120,-120,-120,-95.0,-120,-120,-91.0,-120,-120,-120,-93.0,-120.0,-120,-120.0,-120,-87.0,-120.0,-87.0,-120.0,-90.0,-86.0,-120.0,-120.0,-77.0,-120,-120.0,-120.0,-120.0,-120,-120,-120,-120,-120,-120,-120,-120,-120,-120,-120,-120,-120,-120,-120,-120,-120,-120,-120,-120,-120,-120,-120,-120,-120,-120,-120,-120.0,-120.0,-89.0,-89.0,-90.0,-89.0,-90.0,-120,-120,-120.0,-120.0,-120.0,-120,-120.0,-120,-120,-120.0,-120,-120,-120,-120,-120,-120,-120,-120,-120,-120,-120,-120,-120,-120,-120,-120,-120,-120,-120,-120,-120,-120,-120,-120,-120,-120,-120,-120,-120.0,-120.0,-120,-120
159.7259,-79.0,-120,-120,-120,-120,-120,-120,-120,-92.0,-120,-120,-120.0,-120,-120,-120.0,-120,-120,-120,-120,-120,-120,-120,-120,-120,-120,-120,-120,-120,-120,-120,-120,-120,-120,-120,-120,-120,-120.0,-120.0,-120.0,-120,-120,-120,-120,-120,-120,-88.0,-120,-120,-120,-120,-120,-120.0,-120,-120,-120.0,-120,-120,-120.0,-120.0,-120.0,-120.0,-120,-120.0,-120.0,-77.0,-120,-120,-120,-120,-120,-120,-120,-120,-120,-120,-120,-120,-120,-120,-120,-120,-120,-120,-120,-120,-120,-120,-120,-120,-120,-120,-120,-120,-120,-120,-120,-120,-120,-120,-120,-120,-120,-120,-120,-120,-120,-120,-120,-120,-120,-120,-120,-120,-120,-120,-120,-120,-120,-120,-120,-120,-120,-120,-120,-120,-120,-120,-120,-69.0,-120,-120,-120,-120,-120,-120,-120,-120.0,-120,-120,-91.0,-120,-120,-120,-120.0,-120.0,-120,-120.0,-120,-89.0,-120.0,-90.0,-120.0,-120.0,-90.0,-120.0,-120.0,-85.0,-120,-120.0,-120.0,-120.0,-120,-120,-120,-120,-120,-120,-120,-120,-120,-120,-120,-120,-120,-120,-120,-120,-120,-120,-120,-120,-120,-120,-120,-120,-120,-120,-120,-120.0,-120.0,-120.0,-120.0,-120.0,-120.0,-120.0,-120,-120,-120.0,-120.0,-120.0,-120,-120.0,-120,-120,-120.0,-120,-120,-120,-120,-120,-120,-120,-120,-120,-120,-120,-120,-120,-120,-120,-120,-120,-120,-120,-120,-120,-120,-120,-120,-120,-120,-120,-120,-120.0,-120.0,-120,-120
161.6608,-84.0,-120,-120,-120,-120,-120,-120,-120,-120.0,-120,-120,-120.0,-120,-120,-120.0,-120,-120,-120,-120,-120,-120,-120,-120,-120,-120,-120,-120,-120,-120,-120,-120,-120,-120,-120,-120,-120,-120.0,-120.0,-120.0,-120,-120,-120,-120,-120,-120,-120.0,-120,-120,-120,-120,-120,-120.0,-120,-120,-120.0,-120,-120,-120.0,-120.0,-120.0,-120.0,-120,-120.0,-120.0,-82.0,-120,-120,-120,-120,-120,-120,-120,-120,-120,-120,-120,-120,-120,-120,-120,-120,-120,-120,-120,-120,-120,-120,-120,-120,-120,-120,-120,-120,-120,-120,-120,-120,-120,-120,-120,-120,-120,-120,-120,-120,-120,-120,-120,-120,-120,-120,-120,-120,-120,-120,-120,-120,-120,-120,-120,-120,-120,-120,-120,-120,-120,-120,-120,-72.0,-120,-120,-120,-120,-120,-120,-120,-89.0,-120,-120,-88.0,-120,-120,-120,-89.0,-88.0,-120,-120.0,-120,-120.0,-120.0,-94.0,-120.0,-120.0,-120.0,-120.0,-120.0,-83.0,-120,-93.0,-120.0,-120.0,-120,-120,-120,-120,-120,-120,-120,-120,-120,-120,-120,-120,-120,-120,-120,-120,-120,-120,-120,-120,-120,-120,-120,-120,-120,-120,-120,-120.0,-120.0,-120.0,-120.0,-120.0,-120.0,-120.0,-120,-120,-120.0,-120.0,-120.0,-120,-120.0,-120,-120,-120.0,-120,-120,-120,-120,-120,-120,-120,-120,-120,-120,-120,-120,-120,-120,-120,-120,-120,-120,-120,-120,-120,-120,-120,-120,-120,-120,-120,-120,-120.0,-120.0,-120,-120
163.6548,-86.0,-120,-120,-120,-120,-120,-120,-120,-120.0,-120,-120,-120.0,-120,-120,-120.0,-120,-120,-120,-120,-120,-120,-120,-120,-120,-120,-120,-120,-120,-120,-120,-120,-120,-120,-120,-120,-120,-120.0,-120.0,-120.0,-120,-120,-120,-120,-120,-120,-120.0,-120,-120,-120,-120,-120,-120.0,-120,-120,-120.0,-120,-120,-120.0,-120.0,-120.0,-120.0,-120,-120.0,-120.0,-75.0,-120,-120,-120,-120,-120,-120,-120,-120,-120,-120,-120,-120,-120,-120,-120,-120,-120,-120,-120,-120,-120,-120,-120,-120,-120,-120,-120,-120,-120,-120,-120,-120,-120,-120,-120,-120,-120,-120,-120,-120,-120,-120,-120,-120,-120,-120,-120,-120,-120,-120,-120,-120,-120,-120,-120,-120,-120,-120,-120,-120,-120,-120,-120,-68.0,-120,-120,-120,-120,-120,-120,-120,-120.0,-120,-120,-84.0,-120,-120,-120,-120.0,-120.0,-120,-120.0,-120,-87.0,-120.0,-85.0,-120.0,-120.0,-86.0,-120.0,-120.0,-82.0,-120,-92.0,-120.0,-120.0,-120,-120,-120,-120,-120,-120,-120,-120,-120,-120,-120,-120,-120,-120,-120,-120,-120,-120,-120,-120,-120,-120,-120,-120,-120,-120,-120,-120.0,-120.0,-120.0,-120.0,-120.0,-120.0,-120.0,-120,-120,-120.0,-120.0,-120.0,-120,-120.0,-120,-120,-120.0,-120,-120,-120,-120,-120,-120,-120,-120,-120,-120,-120,-120,-120,-120,-120,-120,-120,-120,-120,-120,-120,-120,-120,-120,-120,-120,-120,-120,-120.0,-120.0,-120,-120
165.622,-92.0,-120,-120,-120,-120,-120,-120,-120,-93.0,-120,-120,-120.0,-120,-120,-120.0,-120,-120,-120,-120,-120,-120,-120,-120,-120,-120,-120,-120,-120,-120,-120,-120,-120,-120,-120,-120,-120,-120.0,-120.0,-93.0,-120,-120,-120,-120,-120,-120,-120.0,-120,-120,-120,-120,-120,-120.0,-120,-120,-120.0,-120,-120,-120.0,-120.0,-120.0,-120.0,-120,-120.0,-120.0,-79.0,-120,-120,-120,-120,-120,-120,-120,-120,-120,-120,-120,-120,-120,-120,-120,-120,-120,-120,-120,-120,-120,-120,-120,-120,-120,-120,-120,-120,-120,-120,-120,-120,-120,-120,-120,-120,-120,-120,-120,-120,-120,-120,-120,-120,-120,-120,-120,-120,-120,-120,-120,-120,-120,-120,-120,-120,-120,-120,-120,-120,-120,-120,-120,-120.0,-120,-120,-120,-120,-120,-120,-120,-120.0,-120,-120,-85.0,-120,-120,-120,-91.0,-93.0,-120,-120.0,-120,-84.0,-120.0,-84.0,-120.0,-120.0,-84.0,-120.0,-120.0,-77.0,-120,-120.0,-120.0,-120.0,-120,-120,-120,-120,-120,-120,-120,-120,-120,-120,-120,-120,-120,-120,-120,-120,-120,-120,-120,-120,-120,-120,-120,-120,-120,-120,-120,-120.0,-120.0,-120.0,-120.0,-120.0,-120.0,-120.0,-120,-120,-120.0,-120.0,-120.0,-120,-120.0,-120,-120,-120.0,-120,-120,-120,-120,-120,-120,-120,-120,-120,-120,-120,-120,-120,-120,-120,-120,-120,-120,-120,-120,-120,-120,-120,-120,-120,-120,-120,-120,-120.0,-120.0,-120,-120
167.6644,-120.0,-120,-120,-120,-120,-120,-120,-120,-120.0,-120,-120,-120.0,-120,-120,-120.0,-120,-120,-120,-120,-120,-120,-120,-120,-120,-120,-120,-120,-120,-120,-120,-120,-120,-120,-120,-120,-120,-120.0,-120.0,-120.0,-120,-120,-120,-120,-120,-120,-120.0,-120,-120,-120,-120,-120,-90.0,-120,-120,-120.0,-120,-120,-120.0,-120.0,-120.0,-120.0,-120,-120.0,-120.0,-78.0,-120,-120,-120,-120,-120,-120,-120,-120,-120,-120,-120,-120,-120,-120,-120,-120,-120,-120,-120,-120,-120,-120,-120,-120,-120,-120,-120,-120,-120,-120,-120,-120,-120,-120,-120,-120,-120,-120,-120,-120,-120,-120,-120,-120,-120,-120,-120,-120,-120,-120,-120,-120,-120,-120,-120,-120,-120,-120,-120,-120,-120,-120,-120,-66.0,-120,-120,-120,-120,-120,-120,-120,-120.0,-120,-120,-86.0,-120,-120,-120,-93.0,-120.0,-120,-120.0,-120,-86.0,-120.0,-85.0,-120.0,-120.0,-83.0,-120.0,-120.0,-74.0,-120,-120.0,-120.0,-120.0,-120,-120,-120,-120,-120,-120,-120,-120,-120,-120,-120,-120,-120,-120,-120,-120,-120,-120,-120,-120,-120,-120,-120,-120,-120,-120,-120,-120.0,-120.0,-120.0,-120.0,-120.0,-120.0,-120.0,-120,-120,-120.0,-120.0,-120.0,-120,-120.0,-120,-120,-120.0,-120,-120,-120,-120,-120,-120,-120,-120,-120,-120,-120,-120,-120,-120,-120,-120,-120,-120,-120,-120,-120,-120,-120,-120,-120,-120,-120,-120,-120.0,-120.0,-120,-120
169.6465,-91.0,-120,-120,-120,-120,-120,-120,-120,-120.0,-120,-120,-120.0,-120,-120,-120.0,-120,-120,-120,-120,-120,-120,-120,-120,-120,-120,-120,-120,-120,-120,-120,-120,-120,-120,-120,-120,-120,-120.0,-120.0,-120.0,-120,-120,-120,-120,-120,-120,-120.0,-120,-120,-120,-120,-120,-120.0,-120,-120,-120.0,-120,-120,-120.0,-120.0,-120.0,-120.0,-120,-120.0,-120.0,-79.0,-120,-120,-120,-120,-120,-120,-120,-120,-120,-120,-120,-120,-120,-120,-120,-120,-120,-120,-120,-120,-120,-120,-120,-120,-120,-120,-120,-120,-120,-120,-120,-120,-120,-120,-120,-120,-120,-120,-120,-120,-120,-120,-120,-120,-120,-120,-120,-120,-120,-120,-120,-120,-120,-120,-120,-120,-120,-120,-120,-120,-120,-120,-120,-73.0,-120,-120,-120,-120,-120,-120,-120,-88.0,-120,-120,-87.0,-120,-120,-120,-120.0,-120.0,-120,-120.0,-120,-79.0,-120.0,-79.0,-120.0,-120.0,-78.0,-120.0,-120.0,-78.0,-120,-120.0,-120.0,-120.0,-120,-120,-120,-120,-120,-120,-120,-120,-120,-120,-120,-120,-120,-120,-120,-120,-120,-120,-120,-120,-120,-120,-120,-120,-120,-120,-120,-120.0,-120.0,-120.0,-120.0,-120.0,-120.0,-120.0,-120,-120,-120.0,-120.0,-120.0,-120,-120.0,-120,-120,-120.0,-120,-120,-120,-120,-120,-120,-120,-120,-120,-120,-120,-120,-120,-120,-120,-120,-120,-120,-120,-120,-120,-120,-120,-120,-120,-120,-120,-120,-120.0,-120.0,-120,-120
171.6409,-120.0,-120,-120,-120,-120,-120,-120,-120,-91.0,-120,-120,-120.0,-120,-120,-120.0,-120,-120,-120,-120,-120,-120,-120,-120,-120,-120,-120,-120,-120,-120,-120,-120,-120,-120,-120,-120,-120,-120.0,-120.0,-120.0,-120,-120,-120,-120,-120,-120,-120.0,-120,-120,-120,-120,-120,-86.0,-120,-120,-120.0,-120,-120,-120.0,-120.0,-120.0,-120.0,-120,-120.0,-120.0,-79.0,-120,-120,-120,-120,-120,-120,-120,-120,-120,-120,-120,-120,-120,-120,-120,-120,-120,-120,-120,-120,-120,-120,-120,-120,-120,-120,-120,-120,-120,-120,-120,-120,-120,-120,-120,-120,-120,-120,-120,-120,-120,-120,-120,-120,-120,-120,-120,-120,-120,-120,-120,-120,-120,-120,-120,-120,-120,-120,-120,-120,-120,-120,-120,-67.0,-120,-120,-120,-120,-120,-120,-120,-80.0,-120,-120,-88.0,-120,-120,-120,-81.0,-79.0,-120,-120.0,-120,-83.0,-120.0,-81.0,-120.0,-120.0,-120.0,-120.0,-120.0,-120.0,-120,-90.0,-120.0,-120.0,-120,-120,-120,-120,-120,-120,-120,-120,-120,-120,-120,-120,-120,-120,-120,-120,-120,-120,-120,-120,-120,-120,-120,-120,-120,-120,-120,-92.0,-120.0,-120.0,-120.0,-90.0,-92.0,-120.0,-120,-120,-91.0,-91.0,-91.0,-120,-92.0,-120,-120,-120.0,-120,-120,-120,-120,-120,-120,-120,-120,-120,-120,-120,-120,-120,-120,-120,-120,-120,-120,-120,-120,-120,-120,-120,-120,-120,-120,-120,-120,-120.0,-120.0,-120,-120
173.6286,-87.0,-120,-120,-120,-120,-120,-120,-120,-120.0,-120,-120,-120.0,-120,-120,-120.0,-120,-120,-120,-120,-120,-120,-120,-120,-120,-120,-120,-120,-120,-120,-120,-120,-120,-120,-120,-120,-120,-120.0,-120.0,-120.0,-120,-120,-120,-120,-120,-120,-120.0,-120,-120,-120,-120,-120,-89.0,-120,-120,-120.0,-120,-120,-85.0,-120.0,-120.0,-120.0,-120,-120.0,-120.0,-81.0,-120,-120,-120,-120,-120,-120,-120,-120,-120,-120,-120,-120,-120,-120,-120,-120,-120,-120,-120,-120,-120,-120,-120,-120,-120,-120,-120,-120,-120,-120,-120,-120,-120,-120,-120,-120,-120,-120,-120,-120,-120,-120,-120,-120,-120,-120,-120,-120,-120,-120,-120,-120,-120,-120,-120,-120,-120,-120,-120,-120,-120,-120,-120,-71.0,-120,-120,-120,-120,-120,-120,-120,-89.0,-120,-120,-120.0,-120,-120,-120,-88.0,-120.0,-120,-120.0,-120,-84.0,-120.0,-84.0,-120.0,-120.0,-84.0,-120.0,-120.0,-85.0,-120,-120.0,-120.0,-120.0,-120,-120,-120,-120,-120,-120,-120,-120,-120,-120,-120,-120,-120,-120,-120,-120,-120,-120,-120,-120,-120,-120,-120,-120,-120,-120,-120,-120.0,-120.0,-120.0,-120.0,-120.0,-120.0,-120.0,-120,-120,-120.0,-120.0,-120.0,-120,-120.0,-120,-120,-120.0,-120,-120,-120,-120,-120,-120,-120,-120,-120,-120,-120,-120,-120,-120,-120,-120,-120,-120,-120,-120,-120,-120,-120,-120,-120,-120,-120,-120,-120.0,-120.0,-120,-120
175.6663,-90.0,-120,-120,-120,-120,-120,-120,-120,-120.0,-120,-120,-120.0,-120,-120,-120.0,-120,-120,-120,-120,-120,-120,-120,-120,-120,-120,-120,-120,-120,-120,-120,-120,-120,-120,-120,-120,-120,-120.0,-120.0,-120.0,-120,-120,-120,-120,-120,-120,-120.0,-120,-120,-120,-120,-120,-120.0,-120,-120,-120.0,-120,-120,-87.0,-120.0,-120.0,-120.0,-120,-120.0,-120.0,-75.0,-120,-120,-120,-120,-120,-120,-120,-120,-120,-120,-120,-120,-120,-120,-120,-120,-120,-120,-120,-120,-120,-120,-120,-120,-120,-120,-120,-120,-120,-120,-120,-120,-120,-120,-120,-120,-120,-120,-120,-120,-120,-120,-120,-120,-120,-120,-120,-120,-120,-120,-120,-120,-120,-120,-120,-120,-120,-120,-120,-120,-120,-120,-120,-66.0,-120,-120,-120,-120,-120,-120,-120,-120.0,-120,-120,-120.0,-120,-120,-120,-120.0,-120.0,-120,-120.0,-120,-120.0,-120.0,-88.0,-120.0,-120.0,-89.0,-120.0,-120.0,-84.0,-120,-120.0,-120.0,-120.0,-120,-120,-120,-120,-120,-120,-120,-120,-120,-120,-120,-120,-120,-120,-120,-120,-120,-120,-120,-120,-120,-120,-120,-120,-120,-120,-120,-120.0,-120.0,-120.0,-120.0,-120.0,-120.0,-120.0,-120,-120,-120.0,-120.0,-120.0,-120,-120.0,-120,-120,-120.0,-120,-120,-120,-120,-120,-120,-120,-120,-120,-120,-120,-120,-120,-120,-120,-120,-120,-120,-120,-120,-120,-120,-120,-120,-120,-120,-120,-120,-120.0,-120.0,-120,-120
177.6289,-84.0,-120,-120,-120,-120,-120,-120,-120,-120.0,-120,-120,-120.0,-120,-120,-120.0,-120,-120,-120,-120,-120,-120,-120,-120,-120,-120,-120,-120,-120,-120,-120,-120,-120,-120,-120,-120,-120,-120.0,-120.0,-120.0,-120,-120,-120,-120,-120,-120,-120.0,-120,-120,-120,-120,-120,-120.0,-120,-120,-120.0,-120,-120,-89.0,-120.0,-120.0,-120.0,-120,-120.0,-120.0,-71.0,-120,-120,-120,-120,-120,-120,-120,-120,-120,-120,-120,-120,-120,-120,-120,-120,-120,-120,-120,-120,-120,-120,-120,-120,-120,-120,-120,-120,-120,-120,-120,-120,-120,-120,-120,-120,-120,-120,-120,-120,-120,-120,-120,-120,-120,-120,-120,-120,-120,-120,-120,-120,-120,-120,-120,-120,-120,-120,-120,-120,-120,-120,-120,-69.0,-120,-120,-120,-120,-120,-120,-120,-120.0,-120,-120,-120.0,-120,-120,-120,-91.0,-120.0,-120,-120.0,-120,-89.0,-120.0,-89.0,-120.0,-120.0,-90.0,-120.0,-120.0,-88.0,-120,-120.0,-120.0,-120.0,-120,-120,-120,-120,-120,-120,-120,-120,-120,-120,-120,-120,-120,-120,-120,-120,-120,-120,-120,-120,-120,-120,-120,-120,-120,-120,-120,-120.0,-120.0,-120.0,-120.0,-120.0,-120.0,-120.0,-120,-120,-120.0,-120.0,-120.0,-120,-120.0,-120,-120,-120.0,-120,-120,-120,-120,-120,-120,-120,-120,-120,-120,-120,-120,-120,-120,-120,-120,-120,-120,-120,-120,-120,-120,-120,-120,-120,-120,-120,-120,-120.0,-120.0,-120,-120
179.6635,-88.0,-120,-120,-120,-120,-120,-120,-120,-120.0,-120,-120,-120.0,-120,-120,-120.0,-120,-120,-120,-120,-120,-120,-120,-120,-120,-120,-120,-120,-120,-120,-120,-120,-120,-120,-120,-120,-120,-120.0,-120.0,-120.0,-120,-120,-120,-120,-120,-120,-120.0,-120,-120,-120,-120,-120,-120.0,-120,-120,-120.0,-120,-120,-92.0,-120.0,-120.0,-120.0,-120,-120.0,-120.0,-72.0,-120,-120,-120,-120,-120,-120,-120,-120,-120,-120,-120,-120,-120,-120,-120,-120,-120,-120,-120,-120,-120,-120,-120,-120,-120,-120,-120,-120,-120,-120,-120,-120,-120,-120,-120,-120,-120,-120,-120,-120,-120,-120,-120,-120,-120,-120,-120,-120,-120,-120,-120,-120,-120,-120,-120,-120,-120,-120,-120,-120,-120,-120,-120,-76.0,-120,-120,-120,-120,-120,-120,-120,-120.0,-120,-120,-120.0,-120,-120,-120,-120.0,-120.0,-120,-120.0,-120,-120.0,-120.0,-120.0,-120.0,-120.0,-120.0,-120.0,-120.0,-85.0,-120,-120.0,-120.0,-120.0,-120,-120,-120,-120,-120,-120,-120,-120,-120,-120,-120,-120,-120,-120,-120,-120,-120,-120,-120,-120,-120,-120,-120,-120,-120,-120,-120,-120.0,-120.0,-120.0,-120.0,-120.0,-120.0,-120.0,-120,-120,-120.0,-120.0,-120.0,-120,-120.0,-120,-120,-120.0,-120,-120,-120,-120,-120,-120,-120,-120,-120,-120,-120,-120,-120,-120,-120,-120,-120,-120,-120,-120,-120,-120,-120,-120,-120,-120,-120,-120,-120.0,-120.0,-120,-120
181.647,-84.0,-120,-120,-120,-120,-120,-120,-120,-120.0,-120,-120,-120.0,-120,-120,-120.0,-120,-120,-120,-120,-120,-120,-120,-120,-120,-120,-120,-120,-120,-120,-120,-120,-120,-120,-120,-120,-120,-120.0,-120.0,-120.0,-120,-120,-120,-120,-120,-120,-120.0,-120,-120,-120,-120,-120,-120.0,-120,-120,-120.0,-120,-120,-87.0,-120.0,-120.0,-120.0,-120,-120.0,-120.0,-77.0,-120,-120,-120,-120,-120,-120,-120,-120,-120,-120,-120,-120,-120,-120,-120,-120,-120,-120,-120,-120,-120,-120,-120,-120,-120,-120,-120,-120,-120,-120,-120,-120,-120,-120,-120,-120,-120,-120,-120,-120,-120,-120,-120,-120,-120,-120,-120,-120,-120,-120,-120,-120,-120,-120,-120,-120,-120,-120,-120,-120,-120,-120,-120,-76.0,-120,-120,-120,-120,-120,-120,-120,-77.0,-120,-120,-120.0,-120,-120,-120,-120.0,-120.0,-120,-120.0,-120,-89.0,-120.0,-90.0,-120.0,-120.0,-89.0,-120.0,-120.0,-87.0,-120,-120.0,-120.0,-120.0,-120,-120,-120,-120,-120,-120,-120,-120,-120,-120,-120,-120,-120,-120,-120,-120,-120,-120,-120,-120,-120,-120,-120,-120,-120,-120,-120,-120.0,-120.0,-120.0,-120.0,-120.0,-120.0,-120.0,-120,-120,-120.0,-120.0,-120.0,-120,-120.0,-120,-120,-120.0,-120,-120,-120,-120,-120,-120,-120,-120,-120,-120,-120,-120,-120,-120,-120,-120,-120,-120,-120,-120,-120,-120,-120,-120,-120,-120,-120,-120,-120.0,-120.0,-120,-120
183.6819,-87.0,-120,-120,-120,-120,-120,-120,-120,-120.0,-120,-120,-93.0,-120,-120,-120.0,-120,-120,-120,-120,-120,-120,-120,-120,-120,-120,-120,-120,-120,-120,-120,-120,-120,-120,-120,-120,-120,-120.0,-120.0,-120.0,-120,-120,-120,-120,-120,-120,-120.0,-120,-120,-120,-120,-120,-120.0,-120,-120,-120.0,-120,-120,-83.0,-120.0,-120.0,-120.0,-120,-120.0,-120.0,-69.0,-120,-120,-120,-120,-120,-120,-120,-120,-120,-120,-120,-120,-120,-120,-120,-120,-120,-120,-120,-120,-120,-120,-120,-120,-120,-120,-120,-120,-120,-120,-120,-120,-120,-120,-120,-120,-120,-120,-120,-120,-120,-120,-120,-120,-120,-120,-120,-120,-120,-120,-120,-120,-120,-120,-120,-120,-120,-120,-120,-120,-120,-120,-120,-74.0,-120,-120,-120,-120,-120,-120,-120,-120.0,-120,-120,-120.0,-120,-120,-120,-88.0,-95.0,-120,-120.0,-120,-120.0,-120.0,-120.0,-120.0,-120.0,-120.0,-120.0,-120.0,-87.0,-120,-120.0,-120.0,-120.0,-120,-120,-120,-120,-120,-120,-120,-120,-120,-120,-120,-120,-120,-120,-120,-120,-120,-120,-120,-120,-120,-120,-120,-120,-120,-120,-120,-120.0,-120.0,-120.0,-120.0,-120.0,-120.0,-120.0,-120,-120,-120.0,-120.0,-120.0,-120,-120.0,-120,-120,-120.0,-120,-120,-120,-120,-120,-120,-120,-120,-120,-120,-120,-120,-120,-120,-120,-120,-120,-120,-120,-120,-120,-120,-120,-120,-120,-120,-120,-120,-120.0,-120.0,-120,-120
185.6572,-71.0,-120,-120,-120,-120,-120,-120,-120,-91.0,-120,-120,-85.0,-120,-120,-120.0,-120,-120,-120,-120,-120,-120,-120,-120,-120,-120,-120,-120,-120,-120,-120,-120,-120,-120,-120,-120,-120,-92.0,-120.0,-120.0,-120,-120,-120,-120,-120,-120,-120.0,-120,-120,-120,-120,-120,-120.0,-120,-120,-120.0,-120,-120,-76.0,-120.0,-120.0,-91.0,-120,-120.0,-120.0,-53.0,-120,-120,-120,-120,-120,-120,-120,-120,-120,-120,-120,-120,-120,-120,-120,-120,-120,-120,-120,-120,-120,-120,-120,-120,-120,-120,-120,-120,-120,-120,-120,-120,-120,-120,-120,-120,-120,-120,-120,-120,-120,-120,-120,-120,-120,-120,-120,-120,-120,-120,-120,-120,-120,-120,-120,-120,-120,-120,-120,-120,-120,-120,-120,-120.0,-120,-120,-120,-120,-120,-120,-120,-120.0,-120,-120,-120.0,-120,-120,-120,-120.0,-120.0,-120,-120.0,-120,-120.0,-120.0,-120.0,-120.0,-120.0,-120.0,-120.0,-120.0,-120.0,-120,-120.0,-120.0,-120.0,-120,-120,-120,-120,-120,-120,-120,-120,-120,-120,-120,-120,-120,-120,-120,-120,-120,-120,-120,-120,-120,-120,-120,-120,-120,-120,-120,-120.0,-120.0,-120.0,-120.0,-120.0,-120.0,-120.0,-120,-120,-120.0,-120.0,-120.0,-120,-120.0,-120,-120,-120.0,-120,-120,-120,-120,-120,-120,-120,-120,-120,-120,-120,-120,-120,-120,-120,-120,-120,-120,-120,-120,-120,-120,-120,-120,-120,-120,-120,-120,-120.0,-120.0,-120,-120
187.663,-69.0,-120,-120,-120,-120,-120,-120,-120,-86.0,-120,-120,-83.0,-120,-120,-120.0,-120,-120,-120,-120,-120,-120,-120,-120,-120,-120,-120,-120,-120,-120,-120,-120,-120,-120,-120,-120,-120,-93.0,-120.0,-120.0,-120,-120,-120,-120,-120,-120,-90.0,-120,-120,-120,-120,-120,-120.0,-120,-120,-120.0,-120,-120,-76.0,-120.0,-120.0,-120.0,-120,-120.0,-120.0,-59.0,-120,-120,-120,-120,-120,-120,-120,-120,-120,-120,-120,-120,-120,-120,-120,-120,-120,-120,-120,-120,-120,-120,-120,-120,-120,-120,-120,-120,-120,-120,-120,-120,-120,-120,-120,-120,-120,-120,-120,-120,-120,-120,-120,-120,-120,-120,-120,-120,-120,-120,-120,-120,-120,-120,-120,-120,-120,-120,-120,-120,-120,-120,-120,-120.0,-120,-120,-120,-120,-120,-120,-120,-120.0,-120,-120,-120.0,-120,-120,-120,-120.0,-120.0,-120,-120.0,-120,-120.0,-120.0,-120.0,-120.0,-120.0,-120.0,-120.0,-120.0,-120.0,-120,-120.0,-120.0,-120.0,-120,-120,-120,-120,-120,-120,-120,-120,-120,-120,-120,-120,-120,-120,-120,-120,-120,-120,-120,-120,-120,-120,-120,-120,-120,-120,-120,-120.0,-120.0,-120.0,-120.0,-120.0,-120.0,-120.0,-120,-120,-120.0,-120.0,-120.0,-120,-120.0,-120,-120,-86.0,-120,-120,-120,-120,-120,-120,-120,-120,-120,-120,-120,-120,-120,-120,-120,-120,-120,-120,-120,-120,-120,-120,-120,-120,-120,-120,-120,-120,-120.0,-120.0,-120,-120
189.6621,-81.0,-120,-120,-120,-120,-120,-120,-120,-83.0,-120,-120,-83.0,-120,-120,-120.0,-120,-120,-120,-120,-120,-120,-120,-120,-120,-120,-120,-120,-120,-120,-120,-120,-120,-120,-120,-120,-120,-120.0,-120.0,-120.0,-120,-120,-120,-120,-120,-120,-84.0,-120,-120,-120,-120,-120,-120.0,-120,-120,-120.0,-120,-120,-76.0,-120.0,-120.0,-90.0,-120,-120.0,-120.0,-60.0,-120,-120,-120,-120,-120,-120,-120,-120,-120,-120,-120,-120,-120,-120,-120,-120,-120,-120,-120,-120,-120,-120,-120,-120,-120,-120,-120,-120,-120,-120,-120,-120,-120,-120,-120,-120,-120,-120,-120,-120,-120,-120,-120,-120,-120,-120,-120,-120,-120,-120,-120,-120,-120,-120,-120,-120,-120,-120,-120,-120,-120,-120,-120,-120.0,-120,-120,-120,-120,-120,-120,-120,-120.0,-120,-120,-120.0,-120,-120,-120,-120.0,-120.0,-120,-120.0,-120,-120.0,-120.0,-120.0,-91.0,-120.0,-120.0,-120.0,-120.0,-120.0,-120,-120.0,-120.0,-120.0,-120,-120,-120,-120,-120,-120,-120,-120,-120,-120,-120,-120,-120,-120,-120,-120,-120,-120,-120,-120,-120,-120,-120,-120,-120,-120,-120,-120.0,-120.0,-120.0,-120.0,-120.0,-120.0,-120.0,-120,-120,-120.0,-120.0,-120.0,-120,-120.0,-120,-120,-78.0,-120,-120,-120,-120,-120,-120,-120,-120,-120,-120,-120,-120,-120,-120,-120,-120,-120,-120,-120,-120,-120,-120,-120,-120,-120,-120,-120,-120,-120.0,-120.0,-120,-120
191.6462,-120.0,-120,-120,-120,-120,-120,-120,-120,-78.0,-120,-120,-73.0,-120,-120,-120.0,-120,-120,-120,-120,-120,-120,-120,-120,-120,-120,-120,-120,-120,-120,-120,-120,-120,-120,-120,-120,-120,-84.0,-120.0,-120.0,-120,-120,-120,-120,-120,-120,-84.0,-120,-120,-120,-120,-120,-120.0,-120,-120,-120.0,-120,-120,-64.0,-120.0,-93.0,-83.0,-120,-120.0,-120.0,-53.0,-120,-120,-120,-120,-120,-120,-120,-120,-120,-120,-120,-120,-120,-120,-120,-120,-120,-120,-120,-120,-120,-120,-120,-120,-120,-120,-120,-120,-120,-120,-120,-120,-120,-120,-120,-120,-120,-120,-120,-120,-120,-120,-120,-120,-120,-120,-120,-120,-120,-120,-120,-120,-120,-120,-120,-120,-120,-120,-120,-120,-120,-120,-120,-120.0,-120,-120,-120,-120,-120,-120,-120,-120.0,-120,-120,-120.0,-120,-120,-120,-120.0,-120.0,-120,-120.0,-120,-120.0,-120.0,-120.0,-120.0,-120.0,-120.0,-120.0,-120.0,-120.0,-120,-120.0,-120.0,-120.0,-120,-120,-120,-120,-120,-120,-120,-120,-120,-120,-120,-120,-120,-120,-120,-120,-120,-120,-120,-120,-120,-120,-120,-120,-120,-120,-120,-120.0,-120.0,-120.0,-120.0,-120.0,-120.0,-120.0,-120,-120,-120.0,-120.0,-120.0,-120,-120.0,-120,-120,-80.0,-120,-120,-120,-120,-120,-120,-120,-120,-120,-120,-120,-120,-120,-120,-120,-120,-120,-120,-120,-120,-120,-120,-120,-120,-120,-120,-120,-120,-120.0,-120.0,-120,-120
193.6507,-73.0,-120,-120,-120,-120,-120,-120,-120,-78.0,-120,-120,-74.0,-120,-120,-83.0,-120,-120,-120,-120,-120,-120,-120,-120,-120,-120,-120,-120,-120,-120,-120,-120,-120,-120,-120,-120,-120,-80.0,-120.0,-120.0,-120,-120,-120,-120,-120,-120,-84.0,-120,-120,-120,-120,-120,-120.0,-120,-120,-120.0,-120,-120,-62.0,-89.0,-120.0,-84.0,-120,-120.0,-120.0,-55.0,-120,-120,-120,-120,-120,-120,-120,-120,-120,-120,-120,-120,-120,-120,-120,-120,-120,-120,-120,-120,-120,-120,-120,-120,-120,-120,-120,-120,-120,-120,-120,-120,-120,-120,-120,-120,-120,-120,-120,-120,-120,-120,-120,-120,-120,-120,-120,-120,-120,-120,-120,-120,-120,-120,-120,-120,-120,-120,-120,-120,-120,-120,-120,-120.0,-120,-120,-120,-120,-120,-120,-120,-120.0,-120,-120,-120.0,-120,-120,-120,-120.0,-120.0,-120,-120.0,-120,-120.0,-120.0,-120.0,-120.0,-120.0,-120.0,-120.0,-120.0,-120.0,-120,-120.0,-120.0,-120.0,-120,-120,-120,-120,-120,-120,-120,-120,-120,-120,-120,-120,-120,-120,-120,-120,-120,-120,-120,-120,-120,-120,-120,-120,-120,-120,-120,-120.0,-120.0,-120.0,-120.0,-120.0,-120.0,-120.0,-120,-120,-120.0,-120.0,-120.0,-120,-120.0,-120,-120,-120.0,-120,-120,-120,-120,-120,-120,-120,-120,-120,-120,-120,-120,-120,-120,-120,-120,-120,-120,-120,-120,-120,-120,-120,-120,-120,-120,-120,-120,-120.0,-120.0,-120,-120
195.6495,-77.0,-120,-120,-120,-120,-120,-120,-120,-73.0,-120,-120,-120.0,-120,-120,-120.0,-120,-120,-120,-120,-120,-120,-120,-120,-120,-120,-120,-120,-120,-120,-120,-120,-120,-120,-120,-120,-120,-85.0,-120.0,-120.0,-120,-120,-120,-120,-120,-120,-79.0,-120,-120,-120,-120,-120,-120.0,-120,-120,-91.0,-120,-120,-65.0,-120.0,-88.0,-86.0,-120,-120.0,-120.0,-50.0,-120,-120,-120,-120,-120,-120,-120,-120,-120,-120,-120,-120,-120,-120,-120,-120,-120,-120,-120,-120,-120,-120,-120,-120,-120,-120,-120,-120,-120,-120,-120,-120,-120,-120,-120,-120,-120,-120,-120,-120,-120,-120,-120,-120,-120,-120,-120,-120,-120,-120,-120,-120,-120,-120,-120,-120,-120,-120,-120,-120,-120,-120,-120,-120.0,-120,-120,-120,-120,-120,-120,-120,-120.0,-120,-120,-120.0,-120,-120,-120,-120.0,-120.0,-120,-120.0,-120,-120.0,-120.0,-120.0,-120.0,-120.0,-120.0,-120.0,-120.0,-120.0,-120,-120.0,-120.0,-120.0,-120,-120,-120,-120,-120,-120,-120,-120,-120,-120,-120,-120,-120,-120,-120,-120,-120,-120,-120,-120,-120,-120,-120,-120,-120,-120,-120,-120.0,-120.0,-120.0,-120.0,-120.0,-120.0,-120.0,-120,-120,-120.0,-120.0,-120.0,-120,-120.0,-120,-120,-120.0,-120,-120,-120,-120,-120,-120,-120,-120,-120,-120,-120,-120,-120,-120,-120,-120,-120,-120,-120,-120,-120,-120,-120,-120,-120,-120,-120,-120,-120.0,-120.0,-120,-120
197.6677,-71.0,-120,-120,-120,-120,-120,-120,-120,-81.0,-120,-120,-72.0,-120,-120,-87.0,-120,-120,-120,-120,-120,-120,-120,-120,-120,-120,-120,-120,-120,-120,-120,-120,-120,-120,-120,-120,-120,-84.0,-90.0,-120.0,-120,-120,-120,-120,-120,-120,-83.0,-120,-120,-120,-120,-120,-120.0,-120,-120,-120.0,-120,-120,-73.0,-90.0,-92.0,-84.0,-120,-120.0,-120.0,-60.0,-120,-120,-120,-120,-120,-120,-120,-120,-120,-120,-120,-120,-120,-120,-120,-120,-120,-120,-120,-120,-120,-120,-120,-120,-120,-120,-120,-120,-120,-120,-120,-120,-120,-120,-120,-120,-120,-120,-120,-120,-120,-120,-120,-120,-120,-120,-120,-120,-120,-120,-120,-120,-120,-120,-120,-120,-120,-120,-120,-120,-120,-120,-120,-120.0,-120,-120,-120,-120,-120,-120,-120,-120.0,-120,-120,-120.0,-120,-120,-120,-120.0,-120.0,-120,-120.0,-120,-120.0,-120.0,-120.0,-120.0,-120.0,-120.0,-120.0,-120.0,-120.0,-120,-120.0,-120.0,-120.0,-120,-120,-120,-120,-120,-120,-120,-120,-120,-120,-120,-120,-120,-120,-120,-120,-120,-120,-120,-120,-120,-120,-120,-120,-120,-120,-120,-120.0,-120.0,-120.0,-120.0,-120.0,-120.0,-120.0,-120,-120,-120.0,-120.0,-120.0,-120,-120.0,-120,-120,-74.0,-120,-120,-120,-120,-120,-120,-120,-120,-120,-120,-120,-120,-120,-120,-120,-120,-120,-120,-120,-120,-120,-120,-120,-120,-120,-120,-120,-120,-120.0,-120.0,-120,-120
199.6697,-70.0,-120,-120,-120,-120,-120,-120,-120,-82.0,-120,-120,-71.0,-120,-120,-84.0,-120,-120,-120,-120,-120,-120,-120,-120,-120,-120,-120,-120,-120,-120,-120,-120,-120,-120,-120,-120,-120,-89.0,-120.0,-120.0,-120,-120,-120,-120,-120,-120,-79.0,-120,-120,-120,-120,-120,-88.0,-120,-120,-120.0,-120,-120,-66.0,-91.0,-120.0,-89.0,-120,-120.0,-86.0,-59.0,-120,-120,-120,-120,-120,-120,-120,-120,-120,-120,-120,-120,-120,-120,-120,-120,-120,-120,-120,-120,-120,-120,-120,-120,-120,-120,-120,-120,-120,-120,-120,-120,-120,-120,-120,-120,-120,-120,-120,-120,-120,-120,-120,-120,-120,-120,-120,-120,-120,-120,-120,-120,-120,-120,-120,-120,-120,-120,-120,-120,-120,-120,-120,-120.0,-120,-120,-120,-120,-120,-120,-120,-120.0,-120,-120,-120.0,-120,-120,-120,-120.0,-120.0,-120,-120.0,-120,-120.0,-120.0,-120.0,-93.0,-120.0,-120.0,-120.0,-120.0,-120.0,-120,-120.0,-120.0,-120.0,-120,-120,-120,-120,-120,-120,-120,-120,-120,-120,-120,-120,-120,-120,-120,-120,-120,-120,-120,-120,-120,-120,-120,-120,-120,-120,-120,-120.0,-120.0,-120.0,-120.0,-120.0,-120.0,-120.0,-120,-120,-120.0,-120.0,-120.0,-120,-120.0,-120,-120,-120.0,-120,-120,-120,-120,-120,-120,-120,-120,-120,-120,-120,-120,-120,-120,-120,-120,-120,-120,-120,-120,-120,-120,-120,-120,-120,-120,-120,-120,-120.0,-120.0,-120,-120
201.7002,-78.0,-120,-120,-120,-120,-120,-120,-120,-85.0,-120,-120,-71.0,-120,-120,-86.0,-120,-120,-120,-120,-120,-120,-120,-120,-120,-120,-120,-120,-120,-120,-120,-120,-120,-120,-120,-120,-120,-87.0,-120.0,-120.0,-120,-120,-120,-120,-120,-120,-84.0,-120,-120,-120,-120,-120,-120.0,-120,-120,-91.0,-120,-120,-66.0,-91.0,-91.0,-86.0,-120,-120.0,-120.0,-62.0,-120,-120,-120,-120,-120,-120,-120,-120,-120,-120,-120,-120,-120,-120,-120,-120,-120,-120,-120,-120,-120,-120,-120,-120,-120,-120,-120,-120,-120,-120,-120,-120,-120,-120,-120,-120,-120,-120,-120,-120,-120,-120,-120,-120,-120,-120,-120,-120,-120,-120,-120,-120,-120,-120,-120,-120,-120,-120,-120,-120,-120,-120,-120,-120.0,-120,-120,-120,-120,-120,-120,-120,-120.0,-120,-120,-120.0,-120,-120,-120,-120.0,-120.0,-120,-120.0,-120,-120.0,-120.0,-120.0,-120.0,-120.0,-120.0,-120.0,-120.0,-120.0,-120,-120.0,-120.0,-120.0,-120,-120,-120,-120,-120,-120,-120,-120,-120,-120,-120,-120,-120,-120,-120,-120,-120,-120,-120,-120,-120,-120,-120,-120,-120,-120,-120,-120.0,-120.0,-120.0,-120.0,-120.0,-120.0,-120.0,-120,-120,-120.0,-120.0,-120.0,-120,-120.0,-120,-120,-72.0,-120,-120,-120,-120,-120,-120,-120,-120,-120,-120,-120,-120,-120,-120,-120,-120,-120,-120,-120,-120,-120,-120,-120,-120,-120,-120,-120,-120,-120.0,-120.0,-120,-120
203.6933,-74.0,-120,-120,-120,-120,-120,-120,-120,-82.0,-120,-120,-69.0,-120,-120,-120.0,-120,-120,-120,-120,-120,-120,-120,-120,-120,-120,-120,-120,-120,-120,-120,-120,-120,-120,-120,-120,-120,-120.0,-90.0,-120.0,-120,-120,-120,-120,-120,-120,-84.0,-120,-120,-120,-120,-120,-87.0,-120,-120,-120.0,-120,-120,-68.0,-93.0,-93.0,-87.0,-120,-120.0,-120.0,-62.0,-120,-120,-120,-120,-120,-120,-120,-120,-120,-120,-120,-120,-120,-120,-120,-120,-120,-120,-120,-120,-120,-120,-120,-120,-120,-120,-120,-120,-120,-120,-120,-120,-120,-120,-120,-120,-120,-120,-120,-120,-120,-120,-120,-120,-120,-120,-120,-120,-120,-120,-120,-120,-120,-120,-120,-120,-120,-120,-120,-120,-120,-120,-120,-120.0,-120,-120,-120,-120,-120,-120,-120,-120.0,-120,-120,-120.0,-120,-120,-120,-120.0,-120.0,-120,-120.0,-120,-120.0,-120.0,-120.0,-120.0,-120.0,-120.0,-120.0,-120.0,-120.0,-120,-120.0,-120.0,-120.0,-120,-120,-120,-120,-120,-120,-120,-120,-120,-120,-120,-120,-120,-120,-120,-120,-120,-120,-120,-120,-120,-120,-120,-120,-120,-120,-120,-120.0,-120.0,-120.0,-120.0,-120.0,-120.0,-120.0,-120,-120,-120.0,-120.0,-120.0,-120,-120.0,-120,-120,-76.0,-120,-120,-120,-120,-120,-120,-120,-120,-120,-120,-120,-120,-120,-120,-120,-120,-120,-120,-120,-120,-120,-120,-120,-120,-120,-120,-120,-120,-120.0,-120.0,-120,-120
205.69,-82.0,-120,-120,-120,-120,-120,-120,-120,-120.0,-120,-120,-69.0,-120,-120,-85.0,-120,-120,-120,-120,-120,-120,-120,-120,-120,-120,-120,-120,-120,-120,-120,-120,-120,-120,-120,-120,-120,-88.0,-90.0,-120.0,-120,-120,-120,-120,-120,-120,-84.0,-120,-120,-120,-120,-120,-120.0,-120,-120,-91.0,-120,-120,-69.0,-90.0,-120.0,-120.0,-120,-120.0,-120.0,-64.0,-120,-120,-120,-120,-120,-120,-120,-120,-120,-120,-120,-120,-120,-120,-120,-120,-120,-120,-120,-120,-120,-120,-120,-120,-120,-120,-120,-120,-120,-120,-120,-120,-120,-120,-120,-120,-120,-120,-120,-120,-120,-120,-120,-120,-120,-120,-120,-120,-120,-120,-120,-120,-120,-120,-120,-120,-120,-120,-120,-120,-120,-120,-120,-120.0,-120,-120,-120,-120,-120,-120,-120,-120.0,-120,-120,-120.0,-120,-120,-120,-120.0,-120.0,-120,-120.0,-120,-120.0,-120.0,-120.0,-120.0,-120.0,-120.0,-120.0,-120.0,-120.0,-120,-120.0,-120.0,-120.0,-120,-120,-120,-120,-120,-120,-120,-120,-120,-120,-120,-120,-120,-120,-120,-120,-120,-120,-120,-120,-120,-120,-120,-120,-120,-120,-120,-120.0,-120.0,-120.0,-120.0,-120.0,-120.0,-120.0,-120,-120,-120.0,-120.0,-120.0,-120,-120.0,-120,-120,-79.0,-120,-120,-120,-120,-120,-120,-120,-120,-120,-120,-120,-120,-120,-120,-120,-120,-120,-120,-120,-120,-120,-120,-120,-120,-120,-120,-120,-120,-120.0,-120.0,-120,-120
207.6579,-87.0,-120,-120,-120,-120,-120,-120,-120,-82.0,-120,-120,-70.0,-120,-120,-81.0,-120,-120,-120,-120,-120,-120,-120,-120,-120,-120,-120,-120,-120,-120,-120,-120,-120,-120,-120,-120,-120,-120.0,-88.0,-120.0,-120,-120,-120,-120,-120,-120,-84.0,-120,-120,-120,-120,-120,-84.0,-120,-120,-86.0,-120,-120,-66.0,-92.0,-91.0,-89.0,-120,-120.0,-89.0,-66.0,-120,-120,-120,-120,-120,-120,-120,-120,-120,-120,-120,-120,-120,-120,-120,-120,-120,-120,-120,-120,-120,-120,-120,-120,-120,-120,-120,-120,-120,-120,-120,-120,-120,-120,-120,-120,-120,-120,-120,-120,-120,-120,-120,-120,-120,-120,-120,-120,-120,-120,-120,-120,-120,-120,-120,-120,-120,-120,-120,-120,-120,-120,-120,-120.0,-120,-120,-120,-120,-120,-120,-120,-120.0,-120,-120,-120.0,-120,-120,-120,-120.0,-120.0,-120,-120.0,-120,-120.0,-120.0,-120.0,-120.0,-120.0,-120.0,-120.0,-120.0,-120.0,-120,-120.0,-120.0,-120.0,-120,-120,-120,-120,-120,-120,-120,-120,-120,-120,-120,-120,-120,-120,-120,-120,-120,-120,-120,-120,-120,-120,-120,-120,-120,-120,-120,-120.0,-120.0,-120.0,-120.0,-120.0,-120.0,-120.0,-120,-120,-120.0,-120.0,-120.0,-120,-120.0,-120,-120,-80.0,-120,-120,-120,-120,-120,-120,-120,-120,-120,-120,-120,-120,-120,-120,-120,-120,-120,-120,-120,-120,-120,-120,-120,-120,-120,-120,-120,-120,-120.0,-120.0,-120,-120
209.6949,-67.0,-120,-120,-120,-120,-120,-120,-120,-120.0,-120,-120,-66.0,-120,-120,-88.0,-120,-120,-120,-120,-120,-120,-120,-120,-120,-120,-120,-120,-120,-120,-120,-120,-120,-120,-120,-120,-120,-84.0,-88.0,-120.0,-120,-120,-120,-120,-120,-120,-81.0,-120,-120,-120,-120,-120,-120.0,-120,-120,-90.0,-120,-120,-70.0,-94.0,-120.0,-120.0,-120,-120.0,-120.0,-65.0,-120,-120,-120,-120,-120,-120,-120,-120,-120,-120,-120,-120,-120,-120,-120,-120,-120,-120,-120,-120,-120,-120,-120,-120,-120,-120,-120,-120,-120,-120,-120,-120,-120,-120,-120,-120,-120,-120,-120,-120,-120,-120,-120,-120,-120,-120,-120,-120,-120,-120,-120,-120,-120,-120,-120,-120,-120,-120,-120,-120,-120,-120,-120,-120.0,-120,-120,-120,-120,-120,-120,-120,-120.0,-120,-120,-120.0,-120,-120,-120,-120.0,-120.0,-120,-120.0,-120,-120.0,-120.0,-120.0,-120.0,-120.0,-120.0,-120.0,-91.0,-120.0,-120,-120.0,-120.0,-120.0,-120,-120,-120,-120,-120,-120,-120,-120,-120,-120,-120,-120,-120,-120,-120,-120,-120,-120,-120,-120,-120,-120,-120,-120,-120,-120,-120,-120.0,-120.0,-120.0,-120.0,-120.0,-120.0,-120.0,-120,-120,-120.0,-120.0,-120.0,-120,-120.0,-120,-120,-72.0,-120,-120,-120,-120,-120,-120,-120,-120,-120,-120,-120,-120,-120,-120,-120,-120,-120,-120,-120,-120,-120,-120,-120,-120,-120,-120,-120,-120,-120.0,-120.0,-120,-120
211.7988,-86.0,-120,-120,-120,-120,-120,-120,-120,-84.0,-120,-120,-75.0,-120,-120,-86.0,-120,-120,-120,-120,-120,-120,-120,-120,-120,-120,-120,-120,-120,-120,-120,-120,-120,-120,-120,-120,-120,-120.0,-91.0,-120.0,-120,-120,-120,-120,-120,-120,-86.0,-120,-120,-120,-120,-120,-120.0,-120,-120,-120.0,-120,-120,-72.0,-93.0,-120.0,-89.0,-120,-120.0,-120.0,-60.0,-120,-120,-120,-120,-120,-120,-120,-120,-120,-120,-120,-120,-120,-120,-120,-120,-120,-120,-120,-120,-120,-120,-120,-120,-120,-120,-120,-120,-120,-120,-120,-120,-120,-120,-120,-120,-120,-120,-120,-120,-120,-120,-120,-120,-120,-120,-120,-120,-120,-120,-120,-120,-120,-120,-120,-120,-120,-120,-120,-120,-120,-120,-120,-120.0,-120,-120,-120,-120,-120,-120,-120,-120.0,-120,-120,-120.0,-120,-120,-120,-120.0,-120.0,-120,-120.0,-120,-120.0,-120.0,-120.0,-120.0,-120.0,-120.0,-120.0,-94.0,-89.0,-120,-120.0,-120.0,-120.0,-120,-120,-120,-120,-120,-120,-120,-120,-120,-120,-120,-120,-120,-120,-120,-120,-120,-120,-120,-120,-120,-120,-120,-120,-120,-120,-120,-120.0,-120.0,-120.0,-120.0,-120.0,-120.0,-120.0,-120,-120,-120.0,-120.0,-120.0,-120,-120.0,-120,-120,-79.0,-120,-120,-120,-120,-120,-120,-120,-120,-120,-120,-120,-120,-120,-120,-120,-120,-120,-120,-120,-120,-120,-120,-120,-120,-120,-120,-120,-120,-120.0,-120.0,-120,-120
213.7627,-81.0,-120,-120,-120,-120,-120,-120,-120,-88.0,-120,-120,-120.0,-120,-120,-120.0,-120,-120,-120,-120,-120,-120,-120,-120,-120,-120,-120,-120,-120,-120,-120,-120,-120,-120,-120,-120,-120,-120.0,-120.0,-120.0,-120,-120,-120,-120,-120,-120,-120.0,-120,-120,-120,-120,-120,-120.0,-120,-120,-120.0,-120,-120,-79.0,-120.0,-120.0,-120.0,-120,-120.0,-120.0,-64.0,-120,-120,-120,-120,-120,-120,-120,-120,-120,-120,-120,-120,-120,-120,-120,-120,-120,-120,-120,-120,-120,-120,-120,-120,-120,-120,-120,-120,-120,-120,-120,-120,-120,-120,-120,-120,-120,-120,-120,-120,-120,-120,-120,-120,-120,-120,-120,-120,-120,-120,-120,-120,-120,-120,-120,-120,-120,-120,-120,-120,-120,-120,-120,-120.0,-120,-120,-120,-120,-120,-120,-120,-120.0,-120,-120,-120.0,-120,-120,-120,-120.0,-120.0,-120,-120.0,-120,-120.0,-120.0,-120.0,-120.0,-120.0,-120.0,-120.0,-120.0,-120.0,-120,-120.0,-120.0,-120.0,-120,-120,-120,-120,-120,-120,-120,-120,-120,-120,-120,-120,-120,-120,-120,-120,-120,-120,-120,-120,-120,-120,-120,-120,-120,-120,-120,-120.0,-120.0,-120.0,-120.0,-120.0,-120.0,-120.0,-120,-120,-120.0,-120.0,-120.0,-120,-120.0,-120,-120,-86.0,-120,-120,-120,-120,-120,-120,-120,-120,-120,-120,-120,-120,-120,-120,-120,-120,-120,-120,-120,-120,-120,-120,-120,-120,-120,-120,-120,-120,-120.0,-120.0,-120,-120
215.7359,-81.0,-120,-120,-120,-120,-120,-120,-120,-87.0,-120,-120,-120.0,-120,-120,-120.0,-120,-120,-120,-120,-120,-120,-120,-120,-120,-120,-120,-120,-120,-120,-120,-120,-120,-120,-120,-120,-120,-120.0,-120.0,-120.0,-120,-120,-120,-120,-120,-120,-120.0,-120,-120,-120,-120,-120,-120.0,-120,-120,-120.0,-120,-120,-84.0,-120.0,-120.0,-120.0,-120,-120.0,-120.0,-65.0,-120,-120,-120,-120,-120,-120,-120,-120,-120,-120,-120,-120,-120,-120,-120,-120,-120,-120,-120,-120,-120,-120,-120,-120,-120,-120,-120,-120,-120,-120,-120,-120,-120,-120,-120,-120,-120,-120,-120,-120,-120,-120,-120,-120,-120,-120,-120,-120,-120,-120,-120,-120,-120,-120,-120,-120,-120,-120,-120,-120,-120,-120,-120,-81.0,-120,-120,-120,-120,-120,-120,-120,-120.0,-120,-120,-120.0,-120,-120,-120,-120.0,-120.0,-120,-120.0,-120,-120.0,-120.0,-120.0,-120.0,-120.0,-92.0,-120.0,-120.0,-86.0,-120,-120.0,-120.0,-120.0,-120,-120,-120,-120,-120,-120,-120,-120,-120,-120,-120,-120,-120,-120,-120,-120,-120,-120,-120,-120,-120,-120,-120,-120,-120,-120,-120,-120.0,-120.0,-120.0,-120.0,-120.0,-120.0,-120.0,-120,-120,-120.0,-120.0,-120.0,-120,-120.0,-120,-120,-90.0,-120,-120,-120,-120,-120,-120,-120,-120,-120,-120,-120,-120,-120,-120,-120,-120,-120,-120,-120,-120,-120,-120,-120,-120,-120,-120,-120,-120,-120.0,-120.0,-120,-120
217.6631,-90.0,-120,-120,-120,-120,-120,-120,-120,-120.0,-120,-120,-120.0,-120,-120,-120.0,-120,-120,-120,-120,-120,-120,-120,-120,-120,-120,-120,-120,-120,-120,-120,-120,-120,-120,-120,-120,-120,-120.0,-120.0,-120.0,-120,-120,-120,-120,-120,-120,-120.0,-120,-120,-120,-120,-120,-120.0,-120,-120,-120.0,-120,-120,-92.0,-120.0,-120.0,-120.0,-120,-120.0,-120.0,-68.0,-120,-120,-120,-120,-120,-120,-120,-120,-120,-120,-120,-120,-120,-120,-120,-120,-120,-120,-120,-120,-120,-120,-120,-120,-120,-120,-120,-120,-120,-120,-120,-120,-120,-120,-120,-120,-120,-120,-120,-120,-120,-120,-120,-120,-120,-120,-120,-120,-120,-120,-120,-120,-120,-120,-120,-120,-120,-120,-120,-120,-120,-120,-120,-79.0,-120,-120,-120,-120,-120,-120,-120,-120.0,-120,-120,-120.0,-120,-120,-120,-120.0,-120.0,-120,-120.0,-120,-89.0,-120.0,-89.0,-120.0,-120.0,-89.0,-120.0,-120.0,-120.0,-120,-120.0,-120.0,-120.0,-120,-120,-120,-120,-120,-120,-120,-120,-120,-120,-120,-120,-120,-120,-120,-120,-120,-120,-120,-120,-120,-120,-120,-120,-120,-120,-120,-120.0,-120.0,-120.0,-120.0,-120.0,-120.0,-120.0,-120,-120,-120.0,-120.0,-120.0,-120,-120.0,-120,-120,-120.0,-120,-120,-120,-120,-120,-120,-120,-120,-120,-120,-120,-120,-120,-120,-120,-120,-120,-120,-120,-120,-120,-120,-120,-120,-120,-120,-120,-120,-120.0,-120.0,-120,-120
219.6497,-120.0,-120,-120,-120,-120,-120,-120,-120,-120.0,-120,-120,-120.0,-120,-120,-120.0,-120,-120,-120,-120,-120,-120,-120,-120,-120,-120,-120,-120,-120,-120,-120,-120,-120,-120,-120,-120,-120,-120.0,-120.0,-120.0,-120,-120,-120,-120,-120,-120,-120.0,-120,-120,-120,-120,-120,-120.0,-120,-120,-120.0,-120,-120,-86.0,-120.0,-120.0,-120.0,-120,-120.0,-120.0,-75.0,-120,-120,-120,-120,-120,-120,-120,-120,-120,-120,-120,-120,-120,-120,-120,-120,-120,-120,-120,-120,-120,-120,-120,-120,-120,-120,-120,-120,-120,-120,-120,-120,-120,-120,-120,-120,-120,-120,-120,-120,-120,-120,-120,-120,-120,-120,-120,-120,-120,-120,-120,-120,-120,-120,-120,-120,-120,-120,-120,-120,-120,-120,-120,-75.0,-120,-120,-120,-120,-120,-120,-120,-120.0,-120,-120,-120.0,-120,-120,-120,-120.0,-120.0,-120,-120.0,-120,-120.0,-120.0,-120.0,-120.0,-120.0,-120.0,-120.0,-120.0,-86.0,-120,-120.0,-120.0,-120.0,-120,-120,-120,-120,-120,-120,-120,-120,-120,-120,-120,-120,-120,-120,-120,-120,-120,-120,-120,-120,-120,-120,-120,-120,-120,-120,-120,-120.0,-120.0,-120.0,-120.0,-120.0,-120.0,-120.0,-120,-120,-120.0,-120.0,-120.0,-120,-120.0,-120,-120,-120.0,-120,-120,-120,-120,-120,-120,-120,-120,-120,-120,-120,-120,-120,-120,-120,-120,-120,-120,-120,-120,-120,-120,-120,-120,-120,-120,-120,-120,-120.0,-120.0,-120,-120
221.6355,-89.0,-120,-120,-120,-120,-120,-120,-120,-120.0,-120,-120,-120.0,-120,-120,-120.0,-120,-120,-120,-120,-120,-120,-120,-120,-120,-120,-120,-120,-120,-120,-120,-120,-120,-120,-120,-120,-120,-120.0,-120.0,-120.0,-120,-120,-120,-120,-120,-120,-120.0,-120,-120,-120,-120,-120,-120.0,-120,-120,-120.0,-120,-120,-120.0,-120.0,-120.0,-120.0,-120,-120.0,-120.0,-72.0,-120,-120,-120,-120,-120,-120,-120,-120,-120,-120,-120,-120,-120,-120,-120,-120,-120,-120,-120,-120,-120,-120,-120,-120,-120,-120,-120,-120,-120,-120,-120,-120,-120,-120,-120,-120,-120,-120,-120,-120,-120,-120,-120,-120,-120,-120,-120,-120,-120,-120,-120,-120,-120,-120,-120,-120,-120,-120,-120,-120,-120,-120,-120,-78.0,-120,-120,-120,-120,-120,-120,-120,-120.0,-120,-120,-93.0,-120,-120,-120,-120.0,-120.0,-120,-120.0,-120,-85.0,-120.0,-87.0,-120.0,-120.0,-88.0,-120.0,-120.0,-83.0,-120,-120.0,-120.0,-120.0,-120,-120,-120,-120,-120,-120,-120,-120,-120,-120,-120,-120,-120,-120,-120,-120,-120,-120,-120,-120,-120,-120,-120,-120,-120,-120,-120,-120.0,-120.0,-120.0,-120.0,-120.0,-120.0,-120.0,-120,-120,-120.0,-120.0,-120.0,-120,-120.0,-120,-120,-120.0,-120,-120,-120,-120,-120,-120,-120,-120,-120,-120,-120,-120,-120,-120,-120,-120,-120,-120,-120,-120,-120,-120,-120,-120,-120,-120,-120,-120,-120.0,-120.0,-120,-120
223.6594,-120.0,-120,-120,-120,-120,-120,-120,-120,-120.0,-120,-120,-120.0,-120,-120,-120.0,-120,-120,-120,-120,-120,-120,-120,-120,-120,-120,-120,-120,-120,-120,-120,-120,-120,-120,-120,-120,-120,-120.0,-120.0,-120.0,-120,-120,-120,-120,-120,-120,-120.0,-120,-120,-120,-120,-120,-120.0,-120,-120,-120.0,-120,-120,-89.0,-120.0,-120.0,-120.0,-120,-120.0,-120.0,-76.0,-120,-120,-120,-120,-120,-120,-120,-120,-120,-120,-120,-120,-120,-120,-120,-120,-120,-120,-120,-120,-120,-120,-120,-120,-120,-120,-120,-120,-120,-120,-120,-120,-120,-120,-120,-120,-120,-120,-120,-120,-120,-120,-120,-120,-120,-120,-120,-120,-120,-120,-120,-120,-120,-120,-120,-120,-120,-120,-120,-120,-120,-120,-120,-77.0,-120,-120,-120,-120,-120,-120,-120,-120.0,-120,-120,-91.0,-120,-120,-120,-120.0,-120.0,-120,-120.0,-120,-120.0,-120.0,-120.0,-120.0,-120.0,-120.0,-120.0,-120.0,-86.0,-120,-120.0,-120.0,-120.0,-120,-120,-120,-120,-120,-120,-120,-120,-120,-120,-120,-120,-120,-120,-120,-120,-120,-120,-120,-120,-120,-120,-120,-120,-120,-120,-120,-120.0,-120.0,-120.0,-120.0,-120.0,-120.0,-90.0,-120,-120,-120.0,-120.0,-120.0,-120,-120.0,-120,-120,-120.0,-120,-120,-120,-120,-120,-120,-120,-120,-120,-120,-120,-120,-120,-120,-120,-120,-120,-120,-120,-120,-120,-120,-120,-120,-120,-120,-120,-120,-120.0,-120.0,-120,-120
225.6582,-84.0,-120,-120,-120,-120,-120,-120,-120,-90.0,-120,-120,-120.0,-120,-120,-120.0,-120,-120,-120,-120,-120,-120,-120,-120,-120,-120,-120,-120,-120,-120,-120,-120,-120,-120,-120,-120,-120,-120.0,-120.0,-120.0,-120,-120,-120,-120,-120,-120,-120.0,-120,-120,-120,-120,-120,-95.0,-120,-120,-120.0,-120,-120,-120.0,-120.0,-120.0,-120.0,-120,-120.0,-120.0,-120.0,-120,-120,-120,-120,-120,-120,-120,-120,-120,-120,-120,-120,-120,-120,-120,-120,-120,-120,-120,-120,-120,-120,-120,-120,-120,-120,-120,-120,-120,-120,-120,-120,-120,-120,-120,-120,-120,-120,-120,-120,-120,-120,-120,-120,-120,-120,-120,-120,-120,-120,-120,-120,-120,-120,-120,-120,-120,-120,-120,-120,-120,-120,-120,-69.0,-120,-120,-120,-120,-120,-120,-120,-120.0,-120,-120,-83.0,-120,-120,-120,-120.0,-120.0,-120,-120.0,-120,-91.0,-120.0,-92.0,-120.0,-120.0,-91.0,-120.0,-120.0,-82.0,-120,-120.0,-120.0,-120.0,-120,-120,-120,-120,-120,-120,-120,-120,-120,-120,-120,-120,-120,-120,-120,-120,-120,-120,-120,-120,-120,-120,-120,-120,-120,-120,-120,-120.0,-120.0,-120.0,-120.0,-120.0,-120.0,-120.0,-120,-120,-120.0,-120.0,-120.0,-120,-120.0,-120,-120,-120.0,-120,-120,-120,-120,-120,-120,-120,-120,-120,-120,-120,-120,-120,-120,-120,-120,-120,-120,-120,-120,-120,-120,-120,-120,-120,-120,-120,-120,-120.0,-120.0,-120,-120
227.697,-120.0,-120,-120,-120,-120,-120,-120,-120,-89.0,-120,-120,-120.0,-120,-120,-120.0,-120,-120,-120,-120,-120,-120,-120,-120,-120,-120,-120,-120,-120,-120,-120,-120,-120,-120,-120,-120,-120,-120.0,-120.0,-120.0,-120,-120,-120,-120,-120,-120,-120.0,-120,-120,-120,-120,-120,-120.0,-120,-120,-120.0,-120,-120,-120.0,-120.0,-120.0,-120.0,-120,-120.0,-120.0,-74.0,-120,-120,-120,-120,-120,-120,-120,-120,-120,-120,-120,-120,-120,-120,-120,-120,-120,-120,-120,-120,-120,-120,-120,-120,-120,-120,-120,-120,-120,-120,-120,-120,-120,-120,-120,-120,-120,-120,-120,-120,-120,-120,-120,-120,-120,-120,-120,-120,-120,-120,-120,-120,-120,-120,-120,-120,-120,-120,-120,-120,-120,-120,-120,-120.0,-120,-120,-120,-120,-120,-120,-120,-84.0,-120,-120,-85.0,-120,-120,-120,-83.0,-120.0,-120,-120.0,-120,-120.0,-120.0,-82.0,-120.0,-89.0,-120.0,-120.0,-120.0,-77.0,-120,-120.0,-120.0,-120.0,-120,-120,-120,-120,-120,-120,-120,-120,-120,-120,-120,-120,-120,-120,-120,-120,-120,-120,-120,-120,-120,-120,-120,-120,-120,-120,-120,-120.0,-120.0,-120.0,-120.0,-120.0,-120.0,-90.0,-120,-120,-120.0,-120.0,-120.0,-120,-120.0,-120,-120,-120.0,-120,-120,-120,-120,-120,-120,-120,-120,-120,-120,-120,-120,-120,-120,-120,-120,-120,-120,-120,-120,-120,-120,-120,-120,-120,-120,-120,-120,-120.0,-120.0,-120,-120
229.6372,-120.0,-120,-120,-120,-120,-120,-120,-120,-92.0,-120,-120,-120.0,-120,-120,-120.0,-120,-120,-120,-120,-120,-120,-120,-120,-120,-120,-120,-120,-120,-120,-120,-120,-120,-120,-120,-120,-120,-120.0,-120.0,-120.0,-120,-120,-120,-120,-120,-120,-120.0,-120,-120,-120,-120,-120,-93.0,-120,-120,-120.0,-120,-120,-120.0,-120.0,-120.0,-120.0,-120,-120.0,-120.0,-75.0,-120,-120,-120,-120,-120,-120,-120,-120,-120,-120,-120,-120,-120,-120,-120,-120,-120,-120,-120,-120,-120,-120,-120,-120,-120,-120,-120,-120,-120,-120,-120,-120,-120,-120,-120,-120,-120,-120,-120,-120,-120,-120,-120,-120,-120,-120,-120,-120,-120,-120,-120,-120,-120,-120,-120,-120,-120,-120,-120,-120,-120,-120,-120,-78.0,-120,-120,-120,-120,-120,-120,-120,-120.0,-120,-120,-86.0,-120,-120,-120,-93.0,-120.0,-120,-120.0,-120,-90.0,-120.0,-94.0,-120.0,-89.0,-120.0,-120.0,-120.0,-83.0,-120,-120.0,-120.0,-120.0,-120,-120,-120,-120,-120,-120,-120,-120,-120,-120,-120,-120,-120,-120,-120,-120,-120,-120,-120,-120,-120,-120,-120,-120,-120,-120,-120,-94.0,-94.0,-120.0,-120.0,-120.0,-120.0,-88.0,-120,-120,-120.0,-120.0,-120.0,-120,-120.0,-120,-120,-120.0,-120,-120,-120,-120,-120,-120,-120,-120,-120,-120,-120,-120,-120,-120,-120,-120,-120,-120,-120,-120,-120,-120,-120,-120,-120,-120,-120,-120,-120.0,-120.0,-120,-120
231.6609,-120.0,-120,-120,-120,-120,-120,-120,-120,-120.0,-120,-120,-120.0,-120,-120,-87.0,-120,-120,-120,-120,-120,-120,-120,-120,-120,-120,-120,-120,-120,-120,-120,-120,-120,-120,-120,-120,-120,-120.0,-120.0,-120.0,-120,-120,-120,-120,-120,-120,-120.0,-120,-120,-120,-120,-120,-89.0,-120,-120,-120.0,-120,-120,-94.0,-120.0,-120.0,-120.0,-120,-120.0,-120.0,-78.0,-120,-120,-120,-120,-120,-120,-120,-120,-120,-120,-120,-120,-120,-120,-120,-120,-120,-120,-120,-120,-120,-120,-120,-120,-120,-120,-120,-120,-120,-120,-120,-120,-120,-120,-120,-120,-120,-120,-120,-120,-120,-120,-120,-120,-120,-120,-120,-120,-120,-120,-120,-120,-120,-120,-120,-120,-120,-120,-120,-120,-120,-120,-120,-66.0,-120,-120,-120,-120,-120,-120,-120,-89.0,-120,-120,-120.0,-120,-120,-120,-87.0,-87.0,-120,-120.0,-120,-85.0,-120.0,-83.0,-120.0,-120.0,-83.0,-120.0,-120.0,-79.0,-120,-95.0,-120.0,-120.0,-120,-120,-120,-120,-120,-120,-120,-120,-120,-120,-120,-120,-120,-120,-120,-120,-120,-120,-120,-120,-120,-120,-120,-120,-120,-120,-120,-120.0,-120.0,-120.0,-120.0,-88.0,-90.0,-120.0,-120,-120,-120.0,-120.0,-120.0,-120,-120.0,-120,-120,-120.0,-120,-120,-120,-120,-120,-120,-120,-120,-120,-120,-120,-120,-120,-120,-120,-120,-120,-120,-120,-120,-120,-120,-120,-120,-120,-120,-120,-120,-120.0,-120.0,-120,-120
233.8186,-82.0,-120,-120,-120,-120,-120,-120,-120,-120.0,-120,-120,-120.0,-120,-120,-120.0,-120,-120,-120,-120,-120,-120,-120,-120,-120,-120,-120,-120,-120,-120,-120,-120,-120,-120,-120,-120,-120,-120.0,-120.0,-120.0,-120,-120,-120,-120,-120,-120,-120.0,-120,-120,-120,-120,-120,-91.0,-120,-120,-120.0,-120,-120,-120.0,-120.0,-120.0,-120.0,-120,-120.0,-120.0,-83.0,-120,-120,-120,-120,-120,-120,-120,-120,-120,-120,-120,-120,-120,-120,-120,-120,-120,-120,-120,-120,-120,-120,-120,-120,-120,-120,-120,-120,-120,-120,-120,-120,-120,-120,-120,-120,-120,-120,-120,-120,-120,-120,-120,-120,-120,-120,-120,-120,-120,-120,-120,-120,-120,-120,-120,-120,-120,-120,-120,-120,-120,-120,-120,-80.0,-120,-120,-120,-120,-120,-120,-120,-120.0,-120,-120,-85.0,-120,-120,-120,-92.0,-120.0,-120,-120.0,-120,-120.0,-120.0,-92.0,-120.0,-120.0,-92.0,-120.0,-120.0,-79.0,-120,-120.0,-120.0,-120.0,-120,-120,-120,-120,-120,-120,-120,-120,-120,-120,-120,-120,-120,-120,-120,-120,-120,-120,-120,-120,-120,-120,-120,-120,-120,-120,-120,-120.0,-120.0,-120.0,-120.0,-120.0,-120.0,-120.0,-120,-120,-120.0,-120.0,-120.0,-120,-120.0,-120,-120,-120.0,-120,-120,-120,-120,-120,-120,-120,-120,-120,-120,-120,-120,-120,-120,-120,-120,-120,-120,-120,-120,-120,-120,-120,-120,-120,-120,-120,-120,-120.0,-120.0,-120,-120
235.6843,-120.0,-120,-120,-120,-120,-120,-120,-120,-120.0,-120,-120,-120.0,-120,-120,-120.0,-120,-120,-120,-120,-120,-120,-120,-120,-120,-120,-120,-120,-120,-120,-120,-120,-120,-120,-120,-120,-120,-120.0,-120.0,-120.0,-120,-120,-120,-120,-120,-120,-120.0,-120,-120,-120,-120,-120,-120.0,-120,-120,-120.0,-120,-120,-120.0,-120.0,-120.0,-120.0,-120,-120.0,-120.0,-120.0,-120,-120,-120,-120,-120,-120,-120,-120,-120,-120,-120,-120,-120,-120,-120,-120,-120,-120,-120,-120,-120,-120,-120,-120,-120,-120,-120,-120,-120,-120,-120,-120,-120,-120,-120,-120,-120,-120,-120,-120,-120,-120,-120,-120,-120,-120,-120,-120,-120,-120,-120,-120,-120,-120,-120,-120,-120,-120,-120,-120,-120,-120,-120,-73.0,-120,-120,-120,-120,-120,-120,-120,-120.0,-120,-120,-120.0,-120,-120,-120,-120.0,-120.0,-120,-120.0,-120,-92.0,-120.0,-87.0,-120.0,-120.0,-120.0,-120.0,-120.0,-85.0,-120,-120.0,-120.0,-120.0,-120,-120,-120,-120,-120,-120,-120,-120,-120,-120,-120,-120,-120,-120,-120,-120,-120,-120,-120,-120,-120,-120,-120,-120,-120,-120,-120,-120.0,-120.0,-120.0,-120.0,-120.0,-120.0,-120.0,-120,-120,-120.0,-120.0,-120.0,-120,-120.0,-120,-120,-120.0,-120,-120,-120,-120,-120,-120,-120,-120,-120,-120,-120,-120,-120,-120,-120,-120,-120,-120,-120,-120,-120,-120,-120,-120,-120,-120,-120,-120,-120.0,-120.0,-120,-120
237.6426,-83.0,-120,-120,-120,-120,-120,-120,-120,-120.0,-120,-120,-120.0,-120,-120,-120.0,-120,-120,-120,-120,-120,-120,-120,-120,-120,-120,-120,-120,-120,-120,-120,-120,-120,-120,-120,-120,-120,-120.0,-120.0,-120.0,-120,-120,-120,-120,-120,-120,-120.0,-120,-120,-120,-120,-120,-120.0,-120,-120,-120.0,-120,-120,-120.0,-120.0,-120.0,-120.0,-120,-120.0,-120.0,-74.0,-120,-120,-120,-120,-120,-120,-120,-120,-120,-120,-120,-120,-120,-120,-120,-120,-120,-120,-120,-120,-120,-120,-120,-120,-120,-120,-120,-120,-120,-120,-120,-120,-120,-120,-120,-120,-120,-120,-120,-120,-120,-120,-120,-120,-120,-120,-120,-120,-120,-120,-120,-120,-120,-120,-120,-120,-120,-120,-120,-120,-120,-120,-120,-120.0,-120,-120,-120,-120,-120,-120,-120,-89.0,-120,-120,-120.0,-120,-120,-120,-93.0,-90.0,-120,-120.0,-120,-120.0,-120.0,-92.0,-120.0,-120.0,-88.0,-120.0,-120.0,-83.0,-120,-120.0,-120.0,-120.0,-120,-120,-120,-120,-120,-120,-120,-120,-120,-120,-120,-120,-120,-120,-120,-120,-120,-120,-120,-120,-120,-120,-120,-120,-120,-120,-120,-120.0,-120.0,-120.0,-120.0,-120.0,-120.0,-120.0,-120,-120,-120.0,-120.0,-120.0,-120,-120.0,-120,-120,-120.0,-120,-120,-120,-120,-120,-120,-120,-120,-120,-120,-120,-120,-120,-120,-120,-120,-120,-120,-120,-120,-120,-120,-120,-120,-120,-120,-120,-120,-120.0,-120.0,-120,-120
239.6374,-85.0,-120,-120,-120,-120,-120,-120,-120,-120.0,-120,-120,-120.0,-120,-120,-120.0,-120,-120,-120,-120,-120,-120,-120,-120,-120,-120,-120,-120,-120,-120,-120,-120,-120,-120,-120,-120,-120,-120.0,-120.0,-120.0,-120,-120,-120,-120,-120,-120,-120.0,-120,-120,-120,-120,-120,-120.0,-120,-120,-120.0,-120,-120,-120.0,-120.0,-120.0,-120.0,-120,-120.0,-120.0,-66.0,-120,-120,-120,-120,-120,-120,-120,-120,-120,-120,-120,-120,-120,-120,-120,-120,-120,-120,-120,-120,-120,-120,-120,-120,-120,-120,-120,-120,-120,-120,-120,-120,-120,-120,-120,-120,-120,-120,-120,-120,-120,-120,-120,-120,-120,-120,-120,-120,-120,-120,-120,-120,-120,-120,-120,-120,-120,-120,-120,-120,-120,-120,-120,-67.0,-120,-120,-120,-120,-120,-120,-120,-120.0,-120,-120,-90.0,-120,-120,-120,-120.0,-120.0,-120,-120.0,-120,-120.0,-120.0,-120.0,-120.0,-120.0,-120.0,-120.0,-120.0,-81.0,-120,-120.0,-120.0,-120.0,-120,-120,-120,-120,-120,-120,-120,-120,-120,-120,-120,-120,-120,-120,-120,-120,-120,-120,-120,-120,-120,-120,-120,-120,-120,-120,-120,-120.0,-120.0,-120.0,-120.0,-120.0,-120.0,-120.0,-120,-120,-120.0,-120.0,-120.0,-120,-120.0,-120,-120,-120.0,-120,-120,-120,-120,-120,-120,-120,-120,-120,-120,-120,-120,-120,-120,-120,-120,-120,-120,-120,-120,-120,-120,-120,-120,-120,-120,-120,-120,-120.0,-120.0,-120,-120
241.6716,-82.0,-120,-120,-120,-120,-120,-120,-120,-93.0,-120,-120,-120.0,-120,-120,-120.0,-120,-120,-120,-120,-120,-120,-120,-120,-120,-120,-120,-120,-120,-120,-120,-120,-120,-120,-120,-120,-120,-120.0,-120.0,-120.0,-120,-120,-120,-120,-120,-120,-120.0,-120,-120,-120,-120,-120,-120.0,-120,-120,-120.0,-120,-120,-120.0,-120.0,-120.0,-120.0,-120,-120.0,-120.0,-81.0,-120,-120,-120,-120,-120,-120,-120,-120,-120,-120,-120,-120,-120,-120,-120,-120,-120,-120,-120,-120,-120,-120,-120,-120,-120,-120,-120,-120,-120,-120,-120,-120,-120,-120,-120,-120,-120,-120,-120,-120,-120,-120,-120,-120,-120,-120,-120,-120,-120,-120,-120,-120,-120,-120,-120,-120,-120,-120,-120,-120,-120,-120,-120,-73.0,-120,-120,-120,-120,-120,-120,-120,-120.0,-120,-120,-90.0,-120,-120,-120,-120.0,-120.0,-120,-120.0,-120,-89.0,-120.0,-89.0,-120.0,-120.0,-73.0,-120.0,-120.0,-86.0,-120,-120.0,-120.0,-120.0,-120,-120,-120,-120,-120,-120,-120,-120,-120,-120,-120,-120,-120,-120,-120,-120,-120,-120,-120,-120,-120,-120,-120,-120,-120,-120,-120,-120.0,-120.0,-120.0,-120.0,-120.0,-120.0,-120.0,-120,-120,-120.0,-120.0,-120.0,-120,-120.0,-120,-120,-95.0,-120,-120,-120,-120,-120,-120,-120,-120,-120,-120,-120,-120,-120,-120,-120,-120,-120,-120,-120,-120,-120,-120,-120,-120,-120,-120,-120,-120,-120.0,-120.0,-120,-120
243.6703,-82.0,-120,-120,-120,-120,-120,-120,-120,-120.0,-120,-120,-120.0,-120,-120,-120.0,-120,-120,-120,-120,-120,-120,-120,-120,-120,-120,-120,-120,-120,-120,-120,-120,-120,-120,-120,-120,-120,-120.0,-120.0,-120.0,-120,-120,-120,-120,-120,-120,-120.0,-120,-120,-120,-120,-120,-120.0,-120,-120,-120.0,-120,-120,-120.0,-120.0,-120.0,-120.0,-120,-120.0,-120.0,-90.0,-120,-120,-120,-120,-120,-120,-120,-120,-120,-120,-120,-120,-120,-120,-120,-120,-120,-120,-120,-120,-120,-120,-120,-120,-120,-120,-120,-120,-120,-120,-120,-120,-120,-120,-120,-120,-120,-120,-120,-120,-120,-120,-120,-120,-120,-120,-120,-120,-120,-120,-120,-120,-120,-120,-120,-120,-120,-120,-120,-120,-120,-120,-120,-78.0,-120,-120,-120,-120,-120,-120,-120,-120.0,-120,-120,-120.0,-120,-120,-120,-120.0,-120.0,-120,-120.0,-120,-89.0,-120.0,-90.0,-120.0,-120.0,-91.0,-120.0,-120.0,-120.0,-120,-120.0,-120.0,-120.0,-120,-120,-120,-120,-120,-120,-120,-120,-120,-120,-120,-120,-120,-120,-120,-120,-120,-120,-120,-120,-120,-120,-120,-120,-120,-120,-120,-120.0,-120.0,-120.0,-120.0,-120.0,-120.0,-120.0,-120,-120,-120.0,-120.0,-120.0,-120,-120.0,-120,-120,-120.0,-120,-120,-120,-120,-120,-120,-120,-120,-120,-120,-120,-120,-120,-120,-120,-120,-120,-120,-120,-120,-120,-120,-120,-120,-120,-120,-120,-120,-120.0,-120.0,-120,-120
245.653,-76.0,-120,-120,-120,-120,-120,-120,-120,-87.0,-120,-120,-120.0,-120,-120,-120.0,-120,-120,-120,-120,-120,-120,-120,-120,-120,-120,-120,-120,-120,-120,-120,-120,-120,-120,-120,-120,-120,-120.0,-120.0,-120.0,-120,-120,-120,-120,-120,-120,-89.0,-120,-120,-120,-120,-120,-120.0,-120,-120,-120.0,-120,-120,-90.0,-120.0,-120.0,-120.0,-120,-93.0,-120.0,-76.0,-120,-120,-120,-120,-120,-120,-120,-120,-120,-120,-120,-120,-120,-120,-120,-120,-120,-120,-120,-120,-120,-120,-120,-120,-120,-120,-120,-120,-120,-120,-120,-120,-120,-120,-120,-120,-120,-120,-120,-120,-120,-120,-120,-120,-120,-120,-120,-120,-120,-120,-120,-120,-120,-120,-120,-120,-120,-120,-120,-120,-120,-120,-120,-120.0,-120,-120,-120,-120,-120,-120,-120,-120.0,-120,-120,-120.0,-120,-120,-120,-120.0,-120.0,-120,-120.0,-120,-120.0,-120.0,-120.0,-120.0,-120.0,-120.0,-120.0,-120.0,-120.0,-120,-120.0,-120.0,-120.0,-120,-120,-120,-120,-120,-120,-120,-120,-120,-120,-120,-120,-120,-120,-120,-120,-120,-120,-120,-120,-120,-120,-120,-120,-120,-120,-120,-120.0,-120.0,-120.0,-120.0,-120.0,-120.0,-120.0,-120,-120,-120.0,-120.0,-120.0,-120,-120.0,-120,-120,-86.0,-120,-120,-120,-120,-120,-120,-120,-120,-120,-120,-120,-120,-120,-120,-120,-120,-120,-120,-120,-120,-120,-120,-120,-120,-120,-120,-120,-120,-120.0,-120.0,-120,-120
