% LogFile created by the 'GetSensorData' App for Android.
% Date of creation: Tue Apr 29 21:47:45 GMT+08:00 2025
% Developed by LOPSI research group at CAR-CSIC, Spain (http://www.car.upm-csic.es/lopsi)
% Version 2.0 November 2016
% The 'GetSensorData' program stores information from Smartphone/Tablet internal sensors (Accelerometers, Gyroscopes, Magnetometers, Pressure, Ambient Light, Orientation, Sound level, GPS/GNSS positio, WiFi RSS, Cellular/GSM/3G signal strength,...) and also from external devices (e.g. RFCode RFID reader, XSens IMU or LPMS-B IMU)
%
% Phone used for this logfile:
% Manufacturer:            	vivo
% Model:                   	V2302
% API Android version:     	34
% Android version Release: 	14
%
% LogFile Data format:
% Accelerometer data: 	'ACCE;AppTimestamp(s);SensorTimestamp(s);Acc_X(m/s^2);Acc_Y(m/s^2);Acc_Z(m/s^2);Accuracy(integer)'
% Gyroscope data:     	'GYRO;AppTimestamp(s);SensorTimestamp(s);Gyr_X(rad/s);Gyr_Y(rad/s);Gyr_Z(rad/s);Accuracy(integer)'
% Magnetometer data:  	'MAGN;AppTimestamp(s);SensorTimestamp(s);Mag_X(uT);;Mag_Y(uT);Mag_Z(uT);Accuracy(integer)'
% Pressure data:      	'PRES;AppTimestamp(s);SensorTimestamp(s);Pres(mbar);Accuracy(integer)'
% Light data:         	'LIGH;AppTimestamp(s);SensorTimestamp(s);Light(lux);Accuracy(integer)'
% Proximity data:     	'PROX;AppTimestamp(s);SensorTimestamp(s);prox(?);Accuracy(integer)'
% Humidity data:      	'HUMI;AppTimestamp(s);SensorTimestamp(s);humi(Percentage);Accuracy(integer)'
% Temperature data:   	'TEMP;AppTimestamp(s);SensorTimestamp(s);temp(Celsius);Accuracy(integer)'
% Orientation data:   	'AHRS;AppTimestamp(s);SensorTimestamp(s);PitchX(deg);RollY(deg);YawZ(deg);RotVecX();RotVecY();RotVecZ();Accuracy(int)'
% GNSS/GPS data:      	'GNSS;AppTimestamp(s);SensorTimeStamp(s);Latit(deg);Long(deg);Altitude(m);Bearing(deg);Accuracy(m);Speed(m/s);SatInView;SatInUse'
% WIFI data:          	'WIFI;AppTimestamp(s);SensorTimeStamp(s);Name_SSID;MAC_BSSID;RSS(dBm);'
% Bluetooth data:     	'BLUE;AppTimestamp(s);Name;MAC_Address;RSS(dBm);'
% BLE 4.0 data:       	'BLE4;AppTimestamp(s);MajorID;MinorID;RSS(dBm);'
% Sound data:         	'SOUN;AppTimestamp(s);RMS;Pressure(Pa);SPL(dB);'
% RFID Reader data:   	'RFID;AppTimestamp(s);ReaderNumber(int);TagID(int);RSS_A(dBm);RSS_B(dBm);'
% IMU XSens data:     	'IMUX;AppTimestamp(s);SensorTimestamp(s);Counter;Acc_X(m/s^2);Acc_Y(m/s^2);Acc_Z(m/s^2);Gyr_X(rad/s);Gyr_Y(rad/s);Gyr_Z(rad/s);Mag_X(uT);;Mag_Y(uT);Mag_Z(uT);Roll(deg);Pitch(deg);Yaw(deg);Quat(1);Quat(2);Quat(3);Quat(4);Pressure(mbar);Temp(Celsius)'
% IMU LPMS-B data:    	'IMUL;AppTimestamp(s);SensorTimestamp(s);Counter;Acc_X(m/s^2);Acc_Y(m/s^2);Acc_Z(m/s^2);Gyr_X(rad/s);Gyr_Y(rad/s);Gyr_Z(rad/s);Mag_X(uT);;Mag_Y(uT);Mag_Z(uT);Roll(deg);Pitch(deg);Yaw(deg);Quat(1);Quat(2);Quat(3);Quat(4);Pressure(mbar);Temp(Celsius)'
% POSI Reference:    		'POSI;Timestamp(s);Counter;Latitude(degrees); Longitude(degrees);floor ID(0,1,2..4);Building ID(0,1,2..3);'
% 
% Note that there are two timestamps: 
%  -'AppTimestamp' is set by the Android App as data is read. It is not representative of when data is actually captured by the sensor (but has a common time reference for all sensors)
%  -'SensorTimestamp' is set by the sensor itself (the delta_time=SensorTimestamp(k)-SensorTimestamp(k-1) between two consecutive samples is an accurate estimate of the sampling interval). This timestamp is better for integrating inertial data. 

GYRO;0.080;5519.808;0.00220;0.00192;-0.00344;0
MAGN;0.081;5519.813;-12.24375;50.28750;-33.97500;0
ACCE;0.082;5519.816;-0.12795;-0.96405;9.93600;0
MAGN;0.087;5519.823;-12.26250;50.28750;-33.99375;0
GYRO;0.088;5519.824;0.00206;0.00206;-0.00357;0
ACCE;0.089;5519.832;-0.10800;-0.96405;10.01295;0
AHRS;0.089;5519.832;-6.0895;0.5682;-15.1151;-0.05200;0.01189;-0.13160;3
GYRO;0.090;5519.832;0.00206;0.00165;-0.00289;0
MAGN;0.090;5519.833;-12.28125;50.28750;-34.01250;0
GYRO;0.090;5519.840;0.00275;0.00234;-0.00330;0
MAGN;0.091;5519.843;-12.28125;50.26875;-34.03125;0
ACCE;0.091;5519.848;-0.08895;-0.96405;9.99405;0
AHRS;0.091;5519.848;-6.0895;0.5682;-15.1151;-0.05200;0.01189;-0.13160;3
GYRO;0.091;5519.848;0.00330;0.00234;-0.00330;0
LIGH;0.091;5519.849;42.2;3
MAGN;0.091;5519.853;-12.28125;50.25000;-34.08750;0
ACCE;0.092;5519.863;-0.05100;-1.00200;9.91695;0
GYRO;0.092;5519.863;0.00289;0.00124;-0.00247;0
MAGN;0.092;5519.863;-12.26250;50.25000;-34.10625;0
AHRS;0.092;5519.871;-6.0895;0.5682;-15.1151;-0.05200;0.01189;-0.13160;3
GYRO;0.092;5519.871;0.00261;0.00041;-0.00069;0
MAGN;0.092;5519.873;-12.26250;50.23125;-34.14375;0
ACCE;0.092;5519.879;-0.03195;-0.98295;9.89805;0
GYRO;0.093;5519.879;0.00234;-0.00082;0.00110;0
MAGN;0.093;5519.883;-12.26250;50.23125;-34.20000;0
AHRS;0.093;5519.887;-6.0895;0.5682;-15.1151;-0.05200;0.01189;-0.13160;3
GYRO;0.093;5519.887;0.00316;-0.00110;0.00206;0
MAGN;0.093;5519.893;-12.24375;50.23125;-34.27500;0
ACCE;0.094;5519.894;-0.10800;-0.96405;9.85995;0
GYRO;0.094;5519.903;0.00302;-0.00082;0.00206;0
MAGN;0.094;5519.903;-12.22500;50.21250;-34.33125;0
ACCE;0.094;5519.911;-0.08895;-0.98295;9.80205;0
AHRS;0.096;5519.911;-6.0895;0.5682;-15.1151;-0.05200;0.01189;-0.13160;3
GYRO;0.097;5519.911;0.00234;-0.00165;0.00330;0
MAGN;0.097;5519.913;-12.20625;50.21250;-34.40625;0
GYRO;0.102;5519.919;0.00179;-0.00261;0.00481;0
MAGN;0.107;5519.923;-12.18750;50.19375;-34.48125;0
ACCE;0.110;5519.926;0.04395;-1.03995;9.82200;0
AHRS;0.111;5519.926;-6.0895;0.5682;-15.1151;-0.05200;0.01189;-0.13160;3
GYRO;0.112;5519.926;0.00082;-0.00412;0.00632;0
MAGN;0.118;5519.933;-12.16875;50.15625;-34.55625;0
GYRO;0.118;5519.934;-0.00027;-0.00577;0.00811;0
ACCE;0.126;5519.942;-0.01305;-1.00200;9.85995;0
AHRS;0.127;5519.942;-6.0895;0.5682;-15.1151;-0.05200;0.01189;-0.13160;3
GYRO;0.127;5519.942;-0.00137;-0.00632;0.09240;0
MAGN;0.129;5519.943;-12.13125;50.15625;-34.63125;0
GYRO;0.134;5519.950;-0.00110;-0.00660;0.10409;0
MAGN;0.137;5519.953;-12.11250;50.13750;-34.74375;0
ACCE;0.142;5519.958;-0.16605;-0.92505;9.87900;0
AHRS;0.143;5519.958;-6.0895;0.5682;-15.1151;-0.05200;0.01189;-0.13160;3
GYRO;0.144;5519.958;-0.00069;-0.00591;0.10257;0
MAGN;0.148;5519.963;-12.09375;50.13750;-34.81875;0
GYRO;0.150;5519.966;-0.00055;-0.00399;0.08731;0
ACCE;0.157;5519.973;-0.20400;-0.92505;9.93600;0
MAGN;0.158;5519.973;-12.05625;50.11875;-34.87500;0
AHRS;0.166;5519.982;-6.0895;0.5682;-15.1151;-0.05200;0.01189;-0.13160;3
GYRO;0.168;5519.982;-0.00151;-0.00344;0.00825;0
MAGN;0.169;5519.983;-12.01875;50.11875;-34.93125;0
ACCE;0.174;5519.989;-0.16605;-1.02105;9.97500;0
GYRO;0.175;5519.989;-0.00220;-0.00289;0.08731;0
MAGN;0.178;5519.993;-12.01875;50.11875;-34.95000;0
AHRS;0.182;5519.997;-6.0895;0.5682;-15.1151;-0.05200;0.01189;-0.13160;3
GYRO;0.184;5519.997;-0.00220;-0.00247;0.00839;0
MAGN;0.189;5520.003;-12.01875;50.13750;-34.95000;0
ACCE;0.190;5520.004;-0.01305;-1.03995;9.95595;0
LIGH;0.194;5520.010;42.2;3
GYRO;0.198;5520.013;-0.00179;-0.00179;0.00756;0
MAGN;0.199;5520.013;-12.01875;50.13750;-34.93125;0
ACCE;0.220;5520.021;-0.05100;-0.98295;9.84105;0
AHRS;0.221;5520.021;-6.0895;0.5682;-15.1151;-0.05200;0.01189;-0.13160;3
GYRO;0.221;5520.021;-0.00137;-0.00055;0.00674;0
MAGN;0.222;5520.023;-12.01875;50.13750;-34.96875;0
GYRO;0.222;5520.029;-0.00096;0.00041;0.00591;0
MAGN;0.223;5520.033;-12.01875;50.13750;-34.98750;0
ACCE;0.223;5520.037;-0.07005;-0.90600;9.80205;0
AHRS;0.223;5520.037;-6.0895;0.5682;-15.1151;-0.05200;0.01189;-0.13160;3
GYRO;0.223;5520.037;-0.00027;0.00082;0.00522;0
GNSS;0.223;1745934466.000;24.926198;121.252905;192.700;288.010;4.2;0.0;48;9
GNSS;0.224;1745934466.000;24.926198;121.252905;192.700;288.010;4.2;0.0;48;9
MAGN;0.228;5520.043;-11.98125;50.13750;-35.04375;0
GYRO;0.228;5520.044;0.00041;0.00124;0.00481;0
GNSS;0.236;1745934465.132;24.926198;121.252903;194.900;0.000;4.2;0.0;48;9
ACCE;0.237;5520.053;-0.08895;-0.90600;9.87900;0
AHRS;0.237;5520.053;-6.0895;0.5682;-15.1151;-0.05200;0.01189;-0.13160;3
GYRO;0.237;5520.053;0.00096;0.00137;0.00440;0
MAGN;0.237;5520.053;-11.94375;50.13750;-35.11875;0
GYRO;0.244;5520.060;0.00192;0.00192;0.00399;0
MAGN;0.248;5520.063;-11.94375;50.13750;-35.15625;0
ACCE;0.253;5520.068;-0.07005;-0.90600;9.84105;0
AHRS;0.255;5520.068;-5.6948;0.4943;-14.7783;-0.04871;0.01066;-0.12866;3
GYRO;0.256;5520.068;0.00316;0.00247;0.00371;0
MAGN;0.262;5520.073;-11.92500;50.13750;-35.15625;0
GYRO;0.264;5520.076;0.00412;0.00206;0.00344;0
MAGN;0.268;5520.083;-11.90625;50.15625;-35.15625;0
ACCE;0.268;5520.084;-0.03195;-0.94395;9.84105;0
AHRS;0.268;5520.084;-5.6948;0.4943;-14.7783;-0.04871;0.01066;-0.12866;3
GYRO;0.270;5520.084;0.00440;0.00151;0.00330;0
GYRO;0.277;5520.092;0.00412;0.00014;0.00371;0
MAGN;0.279;5520.093;-11.88750;50.15625;-35.17500;0
ACCE;0.284;5520.100;0.00600;-0.96405;9.74505;0
AHRS;0.285;5520.100;-5.6948;0.4943;-14.7783;-0.04871;0.01066;-0.12866;3
GYRO;0.285;5520.100;0.00371;-0.00165;0.00399;0
MAGN;0.286;5520.102;-11.88750;50.15625;-35.19375;0
GYRO;0.292;5520.108;0.00316;-0.00357;0.00399;0
MAGN;0.299;5520.113;-11.88750;50.19375;-35.17500;0
ACCE;0.299;5520.115;0.02505;-1.00200;9.80205;0
AHRS;0.308;5520.123;-5.6948;0.4943;-14.7783;-0.04871;0.01066;-0.12866;3
GYRO;0.308;5520.123;0.00289;-0.00385;0.00357;0
MAGN;0.309;5520.123;-11.88750;50.19375;-35.17500;0
ACCE;0.316;5520.131;-0.05100;-1.02105;9.95595;0
GYRO;0.317;5520.131;0.00220;-0.00357;0.00124;0
MAGN;0.317;5520.133;-11.90625;50.19375;-35.17500;0
AHRS;0.324;5520.139;-5.6948;0.4943;-14.7783;-0.04871;0.01066;-0.12866;3
GYRO;0.325;5520.139;0.00192;-0.00302;-0.00124;0
MAGN;0.328;5520.143;-11.92500;50.19375;-35.11875;0
ACCE;0.332;5520.147;-0.12795;-0.98295;10.09005;0
GYRO;0.332;5520.147;0.00096;-0.00344;-0.00234;0
MAGN;0.338;5520.153;-11.92500;50.19375;-35.02500;0
SOUN;0.342;10.19;0.00031;23.84
ACCE;0.353;5520.163;-0.12795;-0.96405;10.06995;0
AHRS;0.354;5520.163;-5.6948;0.4943;-14.7783;-0.04871;0.01066;-0.12866;3
GYRO;0.355;5520.163;-0.00014;-0.00385;-0.00261;0
MAGN;0.356;5520.163;-11.92500;50.21250;-34.96875;0
LIGH;0.356;5520.170;42.2;3
MAGN;0.358;5520.173;-11.94375;50.21250;-34.95000;0
ACCE;0.363;5520.179;-0.10800;-0.94395;9.93600;0
GYRO;0.363;5520.179;-0.00069;-0.00371;-0.00357;0
MAGN;0.368;5520.183;-11.96250;50.21250;-34.89375;0
AHRS;0.371;5520.186;-5.6948;0.4943;-14.7783;-0.04871;0.01066;-0.12866;3
GYRO;0.372;5520.186;-0.00137;-0.00330;-0.00454;0
MAGN;0.378;5520.193;-11.96250;50.23125;-34.83750;0
ACCE;0.379;5520.194;-0.07005;-0.98295;9.82200;0
GYRO;0.379;5520.194;-0.00151;-0.00192;-0.00536;0
AHRS;0.387;5520.202;-5.6948;0.4943;-14.7783;-0.04871;0.01066;-0.12866;3
GYRO;0.388;5520.202;-0.00206;-0.00055;-0.00577;0
MAGN;0.389;5520.203;-11.98125;50.23125;-34.76250;0
ACCE;0.394;5520.210;-0.05100;-1.02105;9.82200;0
GYRO;0.395;5520.210;-0.00247;0.00110;-0.00660;0
MAGN;0.396;5520.213;-12.01875;50.23125;-34.68750;0
AHRS;0.402;5520.218;-5.6948;0.4943;-14.7783;-0.04871;0.01066;-0.12866;3
GYRO;0.403;5520.218;-0.00330;0.00206;-0.00784;0
MAGN;0.408;5520.223;-12.03750;50.25000;-34.61250;0
ACCE;0.409;5520.225;-0.05100;-1.02105;9.82200;0
GYRO;0.418;5520.233;-0.00371;0.00220;-0.00729;0
MAGN;0.419;5520.233;-12.07500;50.26875;-34.53750;0
ACCE;0.427;5520.242;-0.08895;-0.98295;9.74505;0
AHRS;0.428;5520.242;-5.6948;0.4943;-14.7783;-0.04871;0.01066;-0.12866;3
GYRO;0.429;5520.242;-0.00440;0.00206;-0.00674;0
MAGN;0.430;5520.243;-12.09375;50.25000;-34.46250;0
GYRO;0.434;5520.249;-0.00467;0.00261;-0.00742;0
MAGN;0.438;5520.253;-12.11250;50.23125;-34.40625;0
ACCE;0.442;5520.257;-0.14700;-0.92505;9.70695;0
AHRS;0.443;5520.257;-5.6948;0.4943;-14.7783;-0.04871;0.01066;-0.12866;3
GYRO;0.445;5520.257;-0.00385;0.00385;-0.00784;0
MAGN;0.448;5520.263;-12.11250;50.23125;-34.31250;0
ACCE;0.458;5520.273;-0.14700;-0.88695;9.80205;0
GYRO;0.459;5520.273;-0.00330;0.00426;-0.00742;0
MAGN;0.460;5520.273;-12.13125;50.25000;-34.23750;0
AHRS;0.465;5520.281;-5.6948;0.4943;-14.7783;-0.04871;0.01066;-0.12866;3
GYRO;0.467;5520.281;-0.00151;0.00481;-0.00687;0
MAGN;0.468;5520.283;-12.15000;50.25000;-34.16250;0
ACCE;0.474;5520.289;-0.10800;-0.88695;9.95595;0
GYRO;0.475;5520.289;-0.00027;0.00495;-0.00674;0
MAGN;0.478;5520.293;-12.15000;50.23125;-34.16250;0
AHRS;0.481;5520.297;-5.6948;0.4943;-14.7783;-0.04871;0.01066;-0.12866;3
GYRO;0.482;5520.297;0.00124;0.00467;-0.00632;0
MAGN;0.489;5520.303;-12.15000;50.23125;-34.16250;0
ACCE;0.490;5520.304;-0.05100;-0.98295;10.01295;0
GYRO;0.491;5520.304;0.00192;0.00399;-0.00550;0
AHRS;0.497;5520.312;-5.6948;0.4943;-14.7783;-0.04871;0.01066;-0.12866;3
GYRO;0.499;5520.312;0.00234;0.00330;-0.00412;0
MAGN;0.500;5520.313;-12.13125;50.21250;-34.14375;0
ACCE;0.505;5520.320;-0.05100;-1.00200;9.99405;0
GYRO;0.510;5520.320;0.00247;0.00275;-0.00261;0
MAGN;0.514;5520.323;-12.15000;50.21250;-34.12500;0
AHRS;0.517;5520.328;-5.6948;0.4943;-14.7783;-0.04871;0.01066;-0.12866;3
GYRO;0.519;5520.328;0.00234;0.00165;-0.00041;0
LIGH;0.520;5520.330;42.2;3
MAGN;0.520;5520.333;-12.16875;50.21250;-34.12500;0
ACCE;0.520;5520.336;-0.05100;-1.00200;9.99405;0
GYRO;0.521;5520.336;0.00261;0.00027;0.00179;0
MAGN;0.528;5520.343;-12.18750;50.21250;-34.10625;0
AHRS;0.529;5520.344;-5.6948;0.4943;-14.7783;-0.04871;0.01066;-0.12866;3
GYRO;0.529;5520.344;0.00220;-0.00096;0.00234;0
ACCE;0.537;5520.352;-0.07005;-1.02105;9.97500;0
GYRO;0.538;5520.352;0.00192;-0.00151;0.00289;0
MAGN;0.539;5520.353;-12.20625;50.21250;-34.06875;0
AHRS;0.544;5520.360;-5.6948;0.4943;-14.7783;-0.04871;0.01066;-0.12866;3
GYRO;0.545;5520.360;0.00110;-0.00220;0.00357;0
MAGN;0.548;5520.363;-12.20625;50.19375;-34.01250;0
ACCE;0.552;5520.368;-0.10800;-0.96405;9.93600;0
GYRO;0.552;5520.368;0.00082;-0.00206;0.00371;0
MAGN;0.558;5520.373;-12.22500;50.19375;-33.97500;0
ACCE;0.568;5520.383;-0.12795;-0.96405;9.87900;0
AHRS;0.569;5520.383;-5.6948;0.4943;-14.7783;-0.04871;0.01066;-0.12866;3
GYRO;0.570;5520.383;0.00041;-0.00137;0.00316;0
MAGN;0.571;5520.383;-12.24375;50.19375;-33.93750;0
GYRO;0.576;5520.391;0.00082;-0.00055;0.00206;0
MAGN;0.577;5520.393;-12.26250;50.19375;-33.88125;0
ACCE;0.584;5520.399;-0.14700;-0.90600;10.01295;0
AHRS;0.584;5520.399;-5.6948;0.4943;-14.7783;-0.04871;0.01066;-0.12866;3
GYRO;0.586;5520.399;0.00137;0.00000;0.00165;0
MAGN;0.586;5520.402;-12.26250;50.19375;-33.84375;0
GYRO;0.592;5520.407;0.00151;0.00082;0.00069;0
MAGN;0.598;5520.413;-12.28125;50.19375;-33.82500;0
ACCE;0.599;5520.415;-0.18495;-0.90600;10.03200;0
AHRS;0.608;5520.423;-5.6947;0.4943;-14.7783;-0.04871;0.01066;-0.12866;3
GYRO;0.610;5520.423;0.00151;0.00137;-0.00041;0
MAGN;0.611;5520.423;-12.26250;50.19375;-33.82500;0
ACCE;0.615;5520.431;-0.14700;-0.92505;9.89805;0
GYRO;0.616;5520.431;0.00110;0.00220;-0.00124;0
MAGN;0.617;5520.433;-12.24375;50.19375;-33.82500;0
AHRS;0.623;5520.439;-5.6947;0.4943;-14.7783;-0.04871;0.01066;-0.12866;3
GYRO;0.625;5520.439;0.00137;0.00247;-0.00110;0
MAGN;0.629;5520.443;-12.24375;50.19375;-33.86250;0
ACCE;0.630;5520.446;-0.08895;-0.92505;9.84105;0
MAGN;0.639;5520.453;-12.24375;50.19375;-33.93750;0
GYRO;0.640;5520.454;0.00124;0.00234;-0.00165;0
ACCE;0.647;5520.462;-0.03195;-0.96405;9.89805;0
AHRS;0.648;5520.462;-5.6947;0.4943;-14.7783;-0.04871;0.01066;-0.12866;3
GYRO;0.649;5520.462;0.00124;0.00247;-0.00261;0
MAGN;0.650;5520.463;-12.26250;50.19375;-33.97500;0
GYRO;0.654;5520.470;0.00137;0.00234;-0.00371;0
MAGN;0.658;5520.473;-12.26250;50.19375;-33.97500;0
ACCE;0.662;5520.478;-0.05100;-0.94395;9.85995;0
AHRS;0.663;5520.478;-5.6947;0.4943;-14.7783;-0.04871;0.01066;-0.12866;3
GYRO;0.664;5520.478;0.00165;0.00247;-0.00426;0
MAGN;0.668;5520.483;-12.26250;50.19375;-34.01250;0
GYRO;0.670;5520.486;0.00179;0.00179;-0.00385;0
LIGH;0.675;5520.490;41.6;3
ACCE;0.677;5520.493;-0.01305;-0.92505;9.74505;0
MAGN;0.678;5520.493;-12.28125;50.19375;-34.03125;0
AHRS;0.687;5520.502;-5.6947;0.4943;-14.7783;-0.04871;0.01066;-0.12866;3
GYRO;0.687;5520.502;0.00206;0.00165;-0.00371;0
MAGN;0.688;5520.503;-12.28125;50.19375;-34.05000;0
ACCE;0.694;5520.509;-0.01305;-0.92505;9.72600;0
GYRO;0.695;5520.509;0.00247;0.00082;-0.00385;0
MAGN;0.698;5520.513;-12.28125;50.21250;-34.08750;0
AHRS;0.702;5520.517;-5.6947;0.4943;-14.7783;-0.04871;0.01066;-0.12866;3
GYRO;0.702;5520.517;0.00289;-0.00027;-0.00302;0
MAGN;0.712;5520.523;-12.30000;50.23125;-34.10625;0
ACCE;0.713;5520.524;-0.01305;-0.90600;9.82200;0
GYRO;0.717;5520.533;0.00316;-0.00179;-0.00206;0
MAGN;0.718;5520.533;-12.28125;50.21250;-34.10625;0
ACCE;0.726;5520.541;-0.01305;-0.92505;9.91695;0
AHRS;0.726;5520.541;-5.6947;0.4943;-14.7783;-0.04871;0.01066;-0.12866;3
GYRO;0.727;5520.541;0.00261;-0.00371;-0.00096;0
MAGN;0.728;5520.543;-12.28125;50.23125;-34.12500;0
GYRO;0.734;5520.549;0.00206;-0.00454;-0.00014;0
MAGN;0.738;5520.553;-12.28125;50.25000;-34.14375;0
ACCE;0.741;5520.557;-0.05100;-0.94395;9.87900;0
AHRS;0.742;5520.557;-5.6947;0.4943;-14.7783;-0.04871;0.01066;-0.12866;3
GYRO;0.743;5520.557;0.00137;-0.00550;0.00110;0
MAGN;0.750;5520.563;-12.28125;50.25000;-34.14375;0
GYRO;0.751;5520.564;0.00082;-0.00687;0.00275;0
ACCE;0.757;5520.572;-0.05100;-0.90600;9.87900;0
AHRS;0.759;5520.572;-5.6947;0.4943;-14.7783;-0.04871;0.01066;-0.12866;3
GYRO;0.760;5520.572;0.00055;-0.07769;0.00399;0
MAGN;0.760;5520.573;-12.30000;50.23125;-34.18125;0
GYRO;0.765;5520.580;0.00041;-0.08071;0.00509;0
MAGN;0.768;5520.583;-12.31875;50.23125;-34.23750;0
ACCE;0.775;5520.588;-0.05100;-0.92505;9.91695;0
AHRS;0.775;5520.588;-5.6947;0.4943;-14.7783;-0.04871;0.01066;-0.12866;3
GYRO;0.777;5520.588;0.00041;-0.07865;0.00536;0
MAGN;0.778;5520.593;-12.33750;50.23125;-34.25625;0
GYRO;0.781;5520.596;0.00082;-0.07411;0.00550;0
MAGN;0.791;5520.603;-12.33750;50.21250;-34.23750;0
ACCE;0.791;5520.604;-0.10800;-0.82905;9.91695;0
AHRS;0.791;5520.604;-5.6947;0.4943;-14.7783;-0.04871;0.01066;-0.12866;3
GYRO;0.792;5520.604;0.00179;-0.00605;0.00509;0
GYRO;0.797;5520.612;0.00247;-0.00522;0.00481;0
MAGN;0.799;5520.613;-12.33750;50.21250;-34.23750;0
ACCE;0.804;5520.620;-0.10800;-0.86805;9.91695;0
AHRS;0.805;5520.620;-5.6947;0.4943;-14.7783;-0.04871;0.01066;-0.12866;3
GYRO;0.806;5520.620;0.00330;-0.00316;0.00357;0
MAGN;0.806;5520.623;-12.33750;50.23125;-34.27500;0
GYRO;0.812;5520.628;0.00467;-0.00124;0.00275;0
MAGN;0.819;5520.633;-12.33750;50.23125;-34.27500;0
ACCE;0.819;5520.635;-0.08895;-0.84900;9.66795;0
AHRS;0.828;5520.643;-5.6947;0.4943;-14.7783;-0.04871;0.01066;-0.12866;3
GYRO;0.828;5520.643;0.00495;0.00014;0.00165;0
MAGN;0.830;5520.643;-12.33750;50.25000;-34.25625;0
LIGH;0.834;5520.650;41.6;3
ACCE;0.835;5520.651;0.00600;-0.96405;9.78300;0
MAGN;0.839;5520.653;-12.35625;50.26875;-34.21875;0
SOUN;0.843;12.35;0.00038;25.50
GYRO;0.847;5520.659;0.00509;0.00124;0.00151;0
MAGN;0.848;5520.663;-12.35625;50.25000;-34.25625;0
ACCE;0.851;5520.667;-0.03195;-0.98295;10.06995;0
AHRS;0.852;5520.667;-5.6947;0.4943;-14.7783;-0.04871;0.01066;-0.12866;3
GYRO;0.854;5520.667;0.00440;0.00220;0.00096;0
MAGN;0.859;5520.673;-12.35625;50.25000;-34.29375;0
ACCE;0.867;5520.683;-0.18495;-0.86805;9.99405;0
GYRO;0.868;5520.683;0.00454;0.00371;-0.00014;0
MAGN;0.870;5520.683;-12.35625;50.23125;-34.31250;0
AHRS;0.875;5520.691;-5.6947;0.4943;-14.7783;-0.04871;0.01066;-0.12866;3
GYRO;0.876;5520.691;0.00440;0.00426;-0.00069;0
MAGN;0.876;5520.693;-12.33750;50.25000;-34.33125;0
ACCE;0.883;5520.699;-0.08895;-0.98295;9.84105;0
GYRO;0.884;5520.699;0.00330;0.00440;-0.00027;0
MAGN;0.888;5520.703;-12.33750;50.23125;-34.36875;0
AHRS;0.891;5520.706;-5.6947;0.4943;-14.7783;-0.04871;0.01066;-0.12866;3
GYRO;0.891;5520.706;0.00206;0.00426;-0.00027;0
MAGN;0.898;5520.713;-12.33750;50.23125;-34.42500;0
ACCE;0.899;5520.714;-0.12795;-0.96405;9.80205;0
GYRO;0.899;5520.714;0.00069;0.00467;-0.00151;0
AHRS;0.907;5520.722;-5.6947;0.4943;-14.7783;-0.04871;0.01066;-0.12866;3
GYRO;0.909;5520.722;-0.00069;0.00481;-0.00206;0
MAGN;0.910;5520.723;-12.33750;50.23125;-34.46250;0
ACCE;0.914;5520.730;-0.10800;-0.88695;9.84105;0
GYRO;0.916;5520.730;-0.00137;0.00440;-0.00261;0
MAGN;0.916;5520.732;-12.33750;50.25000;-34.48125;0
AHRS;0.922;5520.738;-5.6947;0.4943;-14.7783;-0.04871;0.01066;-0.12866;3
GYRO;0.923;5520.738;-0.00179;0.00509;-0.00302;0
MAGN;0.928;5520.743;-12.33750;50.23125;-34.46250;0
ACCE;0.929;5520.745;-0.16605;-0.90600;9.85995;0
GYRO;0.938;5520.753;-0.00206;0.00536;-0.00371;0
MAGN;0.940;5520.753;-12.33750;50.21250;-34.44375;0
ACCE;0.947;5520.762;-0.10800;-0.86805;9.89805;0
AHRS;0.948;5520.762;-5.6947;0.4943;-14.7783;-0.04871;0.01066;-0.12866;3
GYRO;0.949;5520.762;-0.00179;0.00536;-0.00426;0
MAGN;0.951;5520.763;-12.31875;50.23125;-34.42500;0
GYRO;0.954;5520.769;-0.00179;0.00495;-0.00385;0
MAGN;0.958;5520.773;-12.28125;50.23125;-34.44375;0
ACCE;0.962;5520.777;-0.16605;-0.86805;9.85995;0
AHRS;0.963;5520.777;-5.6947;0.4943;-14.7783;-0.04871;0.01066;-0.12866;3
GYRO;0.965;5520.777;-0.00234;0.00481;-0.00357;0
MAGN;0.968;5520.783;-12.30000;50.26875;-34.44375;0
GYRO;0.970;5520.785;-0.00096;0.00467;-0.00357;0
ACCE;0.978;5520.793;-0.07005;-0.84900;9.97500;0
AHRS;0.979;5520.793;-5.6947;0.4943;-14.7783;-0.04871;0.01066;-0.12866;3
GYRO;0.980;5520.793;-0.00000;0.00495;-0.00426;0
MAGN;0.981;5520.793;-12.30000;50.26875;-34.44375;0
GYRO;0.985;5520.801;0.00206;0.00591;-0.00467;0
MAGN;0.989;5520.803;-12.31875;50.26875;-34.46250;0
LIGH;0.995;5520.809;41.6;3
ACCE;0.999;5520.809;-0.08895;-0.81000;9.87900;0
AHRS;1.000;5520.809;-5.6947;0.4943;-14.7783;-0.04871;0.01066;-0.12866;3
GYRO;1.001;5520.809;0.00302;0.00412;-0.00357;0
MAGN;1.002;5520.813;-12.31875;50.25000;-34.48125;0
MAGN;1.008;5520.823;-12.31875;50.23125;-34.48125;0
ACCE;1.009;5520.824;0.02505;-0.92505;9.70695;0
GYRO;1.011;5520.824;0.00261;0.00302;-0.00261;0
AHRS;1.018;5520.832;-5.6947;0.4943;-14.7783;-0.04871;0.01066;-0.12866;3
GYRO;1.020;5520.832;0.00275;0.00124;-0.00124;0
MAGN;1.022;5520.833;-12.31875;50.23125;-34.48125;0
ACCE;1.027;5520.840;0.06300;-0.96405;9.76395;0
GYRO;1.028;5520.840;0.00275;-0.00014;-0.00041;0
MAGN;1.028;5520.842;-12.31875;50.21250;-34.48125;0
AHRS;1.032;5520.848;-5.6947;0.4943;-14.7783;-0.04871;0.01066;-0.12866;3
GYRO;1.035;5520.848;0.00302;-0.00192;0.00110;0
MAGN;1.039;5520.853;-12.31875;50.21250;-34.48125;0
ACCE;1.040;5520.856;0.02505;-0.92505;9.84105;0
GYRO;1.041;5520.856;0.00302;-0.00357;0.00179;0
MAGN;1.048;5520.863;-12.33750;50.23125;-34.51875;0
AHRS;1.049;5520.864;-5.6947;0.4943;-14.7783;-0.04871;0.01066;-0.12866;3
GYRO;1.050;5520.864;0.00330;-0.00481;0.00247;0
ACCE;1.056;5520.872;-0.14700;-0.84900;9.84105;0
GYRO;1.058;5520.872;0.00275;-0.00495;0.00247;0
MAGN;1.059;5520.873;-12.33750;50.25000;-34.53750;0
AHRS;1.063;5520.880;-5.6947;0.4943;-14.7783;-0.04871;0.01066;-0.12866;3
GYRO;1.065;5520.880;0.00247;-0.00509;0.00247;0
MAGN;1.068;5520.883;-12.31875;50.25000;-34.51875;0
ACCE;1.072;5520.888;-0.26205;-0.82905;9.89805;0
GYRO;1.073;5520.888;0.00124;-0.00536;0.00385;0
MAGN;1.079;5520.893;-12.31875;50.23125;-34.53750;0
ACCE;1.088;5520.903;-0.20400;-0.88695;9.99405;0
AHRS;1.088;5520.903;-5.6947;0.4943;-14.7783;-0.04871;0.01066;-0.12866;3
GYRO;1.089;5520.903;0.00069;-0.00440;0.00385;0
MAGN;1.090;5520.903;-12.31875;50.23125;-34.55625;0
GYRO;1.096;5520.911;0.00055;-0.00371;0.00357;0
MAGN;1.096;5520.913;-12.31875;50.21250;-34.57500;0
ACCE;1.105;5520.919;-0.16605;-0.92505;9.93600;0
AHRS;1.105;5520.919;-5.6947;0.4943;-14.7783;-0.04871;0.01066;-0.12866;3
GYRO;1.106;5520.919;0.00014;-0.00206;0.00165;0
MAGN;1.106;5520.923;-12.31875;50.21250;-34.57500;0
GYRO;1.111;5520.927;-0.00027;0.00027;0.00041;0
MAGN;1.118;5520.933;-12.30000;50.21250;-34.51875;0
ACCE;1.119;5520.934;-0.18495;-0.94395;9.97500;0
AHRS;1.129;5520.943;-5.6947;0.4943;-14.7783;-0.04871;0.01066;-0.12866;3
GYRO;1.129;5520.943;-0.00110;0.00179;-0.00055;0
MAGN;1.130;5520.943;-12.30000;50.19375;-34.51875;0
ACCE;1.135;5520.951;-0.22305;-0.88695;9.95595;0
GYRO;1.136;5520.951;-0.00192;0.00440;-0.00302;0
MAGN;1.137;5520.953;-12.31875;50.17500;-34.53750;0
AHRS;1.142;5520.958;-5.2444;0.5423;-15.1095;-0.04473;0.01070;-0.13155;3
GYRO;1.144;5520.958;-0.00110;0.07975;-0.00605;0
MAGN;1.148;5520.963;-12.31875;50.19375;-34.53750;0
ACCE;1.151;5520.966;-0.24195;-0.88695;9.87900;0
GYRO;1.152;5520.966;-0.00055;0.10189;-0.00715;0
LIGH;1.153;5520.969;41.6;3
MAGN;1.158;5520.973;-12.33750;50.19375;-34.51875;0
AHRS;1.159;5520.974;-5.2444;0.5423;-15.1095;-0.04473;0.01070;-0.13155;3
GYRO;1.159;5520.974;-0.00055;0.12210;-0.00811;0
ACCE;1.167;5520.982;-0.20400;-0.92505;9.89805;0
GYRO;1.168;5520.982;-0.00055;0.13104;-0.09089;0
MAGN;1.169;5520.983;-12.31875;50.19375;-34.50000;0
AHRS;1.174;5520.990;-5.2444;0.5423;-15.1095;-0.04473;0.01070;-0.13155;3
GYRO;1.175;5520.990;-0.00014;0.14864;-0.09735;0
MAGN;1.176;5520.992;-12.31875;50.19375;-34.46250;0
ACCE;1.182;5520.998;-0.18495;-0.92505;9.95595;0
GYRO;1.183;5520.998;-0.00000;0.16239;-0.10546;0
MAGN;1.188;5521.003;-12.33750;50.17500;-34.46250;0
ACCE;1.198;5521.013;-0.16605;-0.88695;10.01295;0
AHRS;1.198;5521.013;-5.2444;0.5423;-15.1095;-0.04473;0.01070;-0.13155;3
GYRO;1.200;5521.013;0.00055;0.15538;-0.09309;0
MAGN;1.201;5521.013;-12.33750;50.17500;-34.44375;0
GYRO;1.217;5521.022;0.00124;0.14534;-0.09212;0
MAGN;1.217;5521.023;-12.33750;50.13750;-34.40625;0
ACCE;1.218;5521.029;-0.22305;-0.84900;9.95595;0
AHRS;1.218;5521.029;-5.2444;0.5423;-15.1095;-0.04473;0.01070;-0.13155;3
GYRO;1.218;5521.029;0.00179;0.14245;-0.09708;0
MAGN;1.219;5521.032;-12.33750;50.13750;-34.42500;0
GNSS;1.219;1745934467.000;24.926195;121.252915;192.700;288.010;4.2;0.0;48;9
GYRO;1.221;5521.037;0.00302;0.13145;-0.00825;0
GNSS;1.222;1745934467.000;24.926195;121.252915;192.700;288.010;4.2;0.0;48;9
GNSS;1.227;1745934466.132;24.926196;121.252913;194.900;0.000;4.2;0.0;48;9
MAGN;1.228;5521.043;-12.35625;50.15625;-34.42500;0
ACCE;1.229;5521.044;-0.20400;-0.77205;9.84105;0
AHRS;1.237;5521.053;-5.2444;0.5423;-15.1095;-0.04473;0.01070;-0.13155;3
GYRO;1.238;5521.053;0.00289;0.10780;-0.00619;0
MAGN;1.240;5521.053;-12.35625;50.17500;-34.44375;0
ACCE;1.245;5521.061;-0.24195;-0.81000;9.78300;0
GYRO;1.246;5521.061;0.00275;0.09281;-0.00550;0
MAGN;1.246;5521.063;-12.37500;50.17500;-34.42500;0
AHRS;1.253;5521.069;-5.2444;0.5423;-15.1095;-0.04473;0.01070;-0.13155;3
GYRO;1.254;5521.069;0.00316;0.00687;-0.00412;0
MAGN;1.259;5521.073;-12.39375;50.17500;-34.36875;0
ACCE;1.261;5521.077;-0.20400;-0.84900;9.82200;0
GYRO;1.263;5521.077;0.00371;0.00481;-0.00385;0
MAGN;1.269;5521.083;-12.39375;50.15625;-34.33125;0
AHRS;1.269;5521.084;-5.2444;0.5423;-15.1095;-0.04473;0.01070;-0.13155;3
GYRO;1.269;5521.084;0.00330;0.00220;-0.00302;0
ACCE;1.277;5521.092;-0.12795;-0.88695;9.80205;0
GYRO;1.278;5521.092;0.00316;-0.00055;-0.00179;0
MAGN;1.280;5521.093;-12.37500;50.13750;-34.31250;0
AHRS;1.285;5521.100;-5.2444;0.5423;-15.1095;-0.04473;0.01070;-0.13155;3
GYRO;1.287;5521.100;0.00302;-0.00179;-0.00124;0
MAGN;1.288;5521.103;-12.37500;50.13750;-34.29375;0
ACCE;1.294;5521.108;-0.10800;-0.90600;9.85995;0
GYRO;1.294;5521.108;0.00316;-0.00275;-0.00069;0
MAGN;1.298;5521.113;-12.37500;50.15625;-34.29375;0
AHRS;1.300;5521.116;-5.2444;0.5423;-15.1095;-0.04473;0.01070;-0.13155;3
GYRO;1.302;5521.116;0.00344;-0.00344;-0.00069;0
MAGN;1.308;5521.123;-12.41250;50.17500;-34.27500;0
ACCE;1.309;5521.124;-0.10800;-0.90600;9.91695;0
GYRO;1.309;5521.124;0.00275;-0.00440;-0.00096;0
LIGH;1.314;5521.130;42.2;3
AHRS;1.316;5521.132;-5.2444;0.5423;-15.1095;-0.04473;0.01070;-0.13155;3
GYRO;1.318;5521.132;0.00261;-0.00536;-0.00096;0
MAGN;1.322;5521.133;-12.45000;50.17500;-34.25625;0
ACCE;1.324;5521.140;-0.14700;-0.82905;9.93600;0
GYRO;1.325;5521.140;0.00220;-0.00605;-0.00151;0
MAGN;1.328;5521.143;-12.48750;50.19375;-34.23750;0
AHRS;1.332;5521.148;-5.1321;0.7933;-15.4228;-0.04344;0.01286;-0.13435;3
GYRO;1.332;5521.148;0.00179;-0.00646;-0.00165;0
MAGN;1.338;5521.153;-12.50625;50.19375;-34.20000;0
ACCE;1.339;5521.155;-0.20400;-0.75300;9.82200;0
SOUN;1.346;11.90;0.00036;25.18
GYRO;1.350;5521.163;0.00151;-0.00646;-0.00137;0
MAGN;1.350;5521.163;-12.54375;50.19375;-34.16250;0
ACCE;1.356;5521.171;-0.20400;-0.75300;9.89805;0
AHRS;1.357;5521.171;-5.1321;0.7933;-15.4228;-0.04344;0.01286;-0.13435;3
GYRO;1.358;5521.171;0.00192;-0.00577;-0.00275;0
MAGN;1.359;5521.173;-12.56250;50.17500;-34.12500;0
GYRO;1.364;5521.179;0.00220;-0.00481;-0.00426;0
MAGN;1.368;5521.183;-12.61875;50.17500;-34.10625;0
ACCE;1.371;5521.187;-0.26205;-0.79095;10.05105;0
AHRS;1.372;5521.187;-5.1320;0.7933;-15.4228;-0.04344;0.01286;-0.13435;3
GYRO;1.373;5521.187;0.00275;-0.00344;-0.00550;0
MAGN;1.379;5521.193;-12.63750;50.19375;-34.10625;0
ACCE;1.387;5521.203;-0.20400;-0.81000;10.06995;0
GYRO;1.388;5521.203;0.00275;-0.00247;-0.00550;0
MAGN;1.390;5521.203;-12.65625;50.23125;-34.10625;0
AHRS;1.395;5521.211;-5.1320;0.7933;-15.4228;-0.04344;0.01286;-0.13435;3
GYRO;1.396;5521.211;0.00289;-0.00151;-0.00550;0
MAGN;1.397;5521.213;-12.69375;50.26875;-34.10625;0
ACCE;1.403;5521.218;-0.16605;-0.86805;9.95595;0
GYRO;1.404;5521.218;0.00316;-0.00041;-0.00632;0
MAGN;1.409;5521.223;-12.75000;50.28750;-34.08750;0
MAGN;1.419;5521.233;-12.80625;50.30625;-34.10625;0
ACCE;1.420;5521.234;-0.12795;-0.94395;9.84105;0
AHRS;1.421;5521.234;-5.0644;0.8817;-15.7908;-0.04270;0.01368;-0.13756;3
GYRO;1.422;5521.234;0.00261;0.00027;-0.00674;0
GYRO;1.427;5521.242;0.00206;0.00082;-0.00715;0
MAGN;1.429;5521.243;-12.82500;50.32500;-34.10625;0
ACCE;1.434;5521.250;-0.16605;-0.90600;9.74505;0
AHRS;1.436;5521.250;-5.0644;0.8817;-15.7908;-0.04270;0.01368;-0.13756;3
GYRO;1.437;5521.250;0.00137;0.00151;-0.00811;0
MAGN;1.438;5521.252;-12.84375;50.34375;-34.10625;0
GYRO;1.443;5521.258;0.00124;0.00261;-0.08883;0
MAGN;1.449;5521.263;-12.86250;50.36250;-34.08750;0
ACCE;1.450;5521.265;-0.22305;-0.81000;9.87900;0
AHRS;1.458;5521.273;-5.0644;0.8817;-15.7908;-0.04270;0.01368;-0.13756;3
GYRO;1.460;5521.273;0.00137;0.00330;-0.00839;0
MAGN;1.461;5521.273;-12.90000;50.38125;-34.08750;0
ACCE;1.466;5521.281;-0.28095;-0.81000;9.91695;0
GYRO;1.468;5521.281;0.00206;0.00495;-0.00866;0
MAGN;1.469;5521.283;-12.93750;50.38125;-34.10625;0
LIGH;1.475;5521.290;41.6;3
AHRS;1.476;5521.290;-5.0644;0.8816;-15.7909;-0.04270;0.01368;-0.13756;3
GYRO;1.477;5521.290;0.00151;0.00536;-0.08786;0
MAGN;1.479;5521.292;-12.97500;50.41875;-34.12500;0
ACCE;1.482;5521.297;-0.18495;-0.88695;9.93600;0
MAGN;1.489;5521.303;-13.03125;50.43750;-34.10625;0
GYRO;1.490;5521.304;0.00082;0.00536;-0.09350;0
ACCE;1.498;5521.313;-0.12795;-0.92505;9.95595;0
AHRS;1.499;5521.313;-5.0644;0.8816;-15.7910;-0.04270;0.01368;-0.13757;3
GYRO;1.501;5521.313;-0.00082;0.00440;-0.09845;0
MAGN;1.503;5521.313;-13.06875;50.47500;-34.10625;0
GYRO;1.505;5521.321;-0.00247;0.00316;-0.00852;0
MAGN;1.510;5521.323;-13.10625;50.49375;-34.08750;0
ACCE;1.513;5521.329;-0.07005;-0.90600;9.85995;0
AHRS;1.519;5521.329;-5.0644;0.8816;-15.7910;-0.04270;0.01368;-0.13757;3
GYRO;1.520;5521.329;-0.00330;0.00179;-0.00784;0
MAGN;1.521;5521.333;-13.14375;50.47500;-34.06875;0
GYRO;1.522;5521.337;-0.00440;-0.00027;-0.00632;0
MAGN;1.529;5521.343;-13.18125;50.47500;-34.06875;0
ACCE;1.530;5521.344;-0.07005;-0.90600;9.68700;0
AHRS;1.531;5521.344;-5.0433;0.9256;-16.1484;-0.04243;0.01417;-0.14067;3
GYRO;1.533;5521.344;-0.00536;-0.00192;-0.00564;0
GYRO;1.543;5521.352;-0.00632;-0.00440;-0.00412;0
MAGN;1.543;5521.353;-13.21875;50.47500;-34.06875;0
ACCE;1.546;5521.360;0.00600;-0.84900;9.59205;0
AHRS;1.546;5521.360;-5.0433;0.9256;-16.1484;-0.04243;0.01417;-0.14067;3
GYRO;1.548;5521.360;-0.06999;-0.00660;-0.00275;0
MAGN;1.548;5521.362;-13.27500;50.47500;-34.06875;0
GYRO;1.557;5521.368;-0.00660;-0.09006;-0.00151;0
MAGN;1.559;5521.373;-13.31250;50.47500;-34.14375;0
ACCE;1.560;5521.376;-0.07005;-0.77205;9.64905;0
AHRS;1.562;5521.376;-5.0433;0.9256;-16.1484;-0.04243;0.01417;-0.14067;3
GYRO;1.562;5521.376;-0.00536;-0.10312;-0.00082;0
MAGN;1.568;5521.383;-13.35000;50.49375;-34.21875;0
GYRO;1.569;5521.384;-0.00344;-0.10972;-0.00027;0
ACCE;1.576;5521.392;-0.03195;-0.79095;9.76395;0
MAGN;1.578;5521.393;-13.38750;50.49375;-34.25625;0
AHRS;1.584;5521.400;-5.0433;0.9256;-16.1484;-0.04243;0.01417;-0.14067;3
GYRO;1.585;5521.400;-0.00206;-0.11041;0.00041;0
MAGN;1.588;5521.403;-13.42500;50.49375;-34.25625;0
ACCE;1.592;5521.408;-0.03195;-0.86805;9.85995;0
GYRO;1.593;5521.408;-0.00124;-0.11894;0.00082;0
MAGN;1.598;5521.413;-13.44375;50.49375;-34.25625;0
ACCE;1.608;5521.423;-0.07005;-0.96405;9.99405;0
AHRS;1.609;5521.423;-5.0060;0.9439;-16.4939;-0.04204;0.01441;-0.14365;3
GYRO;1.610;5521.423;-0.00082;-0.11564;0.00110;0
MAGN;1.612;5521.423;-13.44375;50.49375;-34.27500;0
GYRO;1.615;5521.431;-0.00110;-0.11454;0.00151;0
MAGN;1.616;5521.433;-13.44375;50.49375;-34.27500;0
ACCE;1.624;5521.439;-0.05100;-1.11705;9.97500;0
AHRS;1.625;5521.439;-5.0060;0.9439;-16.4939;-0.04204;0.01441;-0.14365;3
GYRO;1.627;5521.439;-0.00165;-0.11234;0.00206;0
MAGN;1.628;5521.443;-13.48125;50.47500;-34.23750;0
GYRO;1.631;5521.447;-0.00261;-0.10161;0.00055;0
LIGH;1.634;5521.450;41.6;3
MAGN;1.638;5521.453;-13.50000;50.47500;-34.23750;0
ACCE;1.639;5521.454;-0.16605;-1.11705;9.89805;0
AHRS;1.647;5521.463;-5.0060;0.9439;-16.4939;-0.04204;0.01441;-0.14365;3
GYRO;1.649;5521.463;-0.00330;-0.07920;-0.00110;0
MAGN;1.650;5521.463;-13.51875;50.51250;-34.25625;0
ACCE;1.656;5521.471;-0.30000;-1.09800;9.89805;0
GYRO;1.658;5521.471;-0.00591;-0.00481;-0.00330;0
MAGN;1.659;5521.472;-13.53750;50.51250;-34.25625;0
AHRS;1.663;5521.478;-5.0060;0.9439;-16.4939;-0.04204;0.01441;-0.14365;3
GYRO;1.664;5521.478;-0.08635;-0.00165;-0.00550;0
MAGN;1.668;5521.483;-13.57500;50.53125;-34.25625;0
ACCE;1.671;5521.486;-0.35700;-1.05900;9.91695;0
GYRO;1.672;5521.486;-0.10986;0.00192;-0.00797;0
MAGN;1.679;5521.493;-13.63125;50.55000;-34.23750;0
AHRS;1.680;5521.494;-5.0060;0.9438;-16.4939;-0.04204;0.01441;-0.14365;3
GYRO;1.682;5521.494;-0.12320;0.00564;-0.10876;0
ACCE;1.687;5521.502;-0.35700;-1.03995;9.97500;0
GYRO;1.688;5521.502;-0.12925;0.10945;-0.14616;0
MAGN;1.689;5521.503;-13.65000;50.53125;-34.21875;0
AHRS;1.694;5521.510;-5.0060;0.9438;-16.4939;-0.04204;0.01441;-0.14365;3
GYRO;1.696;5521.510;-0.14025;0.14534;-0.17284;0
MAGN;1.698;5521.513;-13.66875;50.53125;-34.21875;0
ACCE;1.702;5521.518;-0.24195;-1.05900;9.93600;0
GYRO;1.703;5521.518;-0.14795;0.17600;-0.19305;0
MAGN;1.708;5521.523;-13.66875;50.51250;-34.20000;0
ACCE;1.718;5521.533;-0.10800;-1.05900;9.97500;0
AHRS;1.719;5521.533;-5.0060;0.9438;-16.4939;-0.04204;0.01441;-0.14365;3
GYRO;1.721;5521.533;-0.14369;0.18631;-0.19883;0
MAGN;1.722;5521.533;-13.68750;50.51250;-34.21875;0
GYRO;1.726;5521.541;-0.14231;0.19745;-0.20144;0
MAGN;1.727;5521.543;-13.72500;50.49375;-34.20000;0
ACCE;1.734;5521.549;-0.07005;-1.02105;10.01295;0
AHRS;1.735;5521.549;-5.2384;0.9486;-16.8447;-0.04399;0.01487;-0.14669;3
GYRO;1.736;5521.549;-0.14437;0.19360;-0.19938;0
MAGN;1.737;5521.553;-13.74375;50.49375;-34.18125;0
GYRO;1.742;5521.557;-0.13324;0.16321;-0.17325;0
MAGN;1.748;5521.563;-13.76250;50.47500;-34.16250;0
ACCE;1.750;5521.564;0.06300;-1.02105;9.99405;0
AHRS;1.758;5521.573;-5.2384;0.9486;-16.8447;-0.04399;0.01487;-0.14669;3
GYRO;1.759;5521.573;-0.11935;0.12925;-0.14437;0
MAGN;1.761;5521.573;-13.80000;50.47500;-34.16250;0
ACCE;1.765;5521.581;0.13995;-1.02105;9.99405;0
GYRO;1.771;5521.581;-0.10037;0.08484;-0.10863;0
MAGN;1.772;5521.583;-13.80000;50.47500;-34.20000;0
AHRS;1.773;5521.589;-5.2384;0.9486;-16.8447;-0.04399;0.01487;-0.14669;3
GYRO;1.775;5521.589;-0.08154;0.00344;-0.00591;0
MAGN;1.778;5521.593;-13.80000;50.49375;-34.21875;0
ACCE;1.781;5521.597;0.10095;-1.05900;10.01295;0
GYRO;1.783;5521.597;-0.00619;-0.00316;0.00014;0
MAGN;1.791;5521.603;-13.78125;50.47500;-34.25625;0
AHRS;1.792;5521.604;-5.2384;0.9486;-16.8447;-0.04399;0.01487;-0.14669;3
GYRO;1.792;5521.604;-0.00426;-0.08924;0.00412;0
LIGH;1.793;5521.610;42.2;3
ACCE;1.797;5521.612;0.00600;-1.02105;9.87900;0
GYRO;1.797;5521.612;-0.00151;-0.13599;0.00729;0
MAGN;1.797;5521.613;-13.78125;50.47500;-34.27500;0
AHRS;1.804;5521.620;-5.2384;0.9486;-16.8447;-0.04399;0.01487;-0.14669;3
GYRO;1.807;5521.620;-0.00014;-0.16349;0.08992;0
MAGN;1.807;5521.622;-13.78125;50.47500;-34.27500;0
ACCE;1.812;5521.628;-0.07005;-0.98295;9.78300;0
GYRO;1.813;5521.628;0.00192;-0.19855;0.12237;0
MAGN;1.819;5521.633;-13.81875;50.49375;-34.29375;0
AHRS;1.821;5521.636;-5.2384;0.9486;-16.8447;-0.04399;0.01487;-0.14669;3
GYRO;1.821;5521.636;0.00371;-0.22729;0.14644;0
MAGN;1.828;5521.643;-13.81875;50.49375;-34.27500;0
ACCE;1.829;5521.644;-0.07005;-0.90600;9.72600;0
GYRO;1.829;5521.644;0.00522;-0.23939;0.15428;0
MAGN;1.837;5521.653;-13.81875;50.51250;-34.29375;0
ACCE;1.844;5521.660;-0.01305;-0.96405;9.70695;0
AHRS;1.845;5521.660;-5.2384;0.9486;-16.8447;-0.04399;0.01487;-0.14669;3
GYRO;1.846;5521.660;0.00577;-0.24159;0.15716;0
MAGN;1.846;5521.662;-13.83750;50.53125;-34.29375;0
SOUN;1.847;10.11;0.00031;23.77
GYRO;1.852;5521.667;0.00509;-0.24200;0.16087;0
MAGN;1.858;5521.673;-13.85625;50.55000;-34.23750;0
ACCE;1.859;5521.675;0.10095;-1.00200;9.72600;0
AHRS;1.869;5521.683;-5.2384;0.9486;-16.8447;-0.04399;0.01487;-0.14669;3
GYRO;1.870;5521.683;0.00467;-0.22935;0.14795;0
MAGN;1.870;5521.683;-13.85625;50.56875;-34.18125;0
ACCE;1.876;5521.691;0.08205;-0.98295;9.76395;0
GYRO;1.876;5521.691;0.00412;-0.21147;0.13461;0
MAGN;1.876;5521.693;-13.85625;50.56875;-34.14375;0
AHRS;1.883;5521.699;-5.2384;0.9486;-16.8447;-0.04399;0.01487;-0.14669;3
GYRO;1.884;5521.699;0.00440;-0.18755;0.12169;0
MAGN;1.889;5521.703;-13.85625;50.60625;-34.12500;0
ACCE;1.891;5521.707;0.06300;-0.96405;9.78300;0
GYRO;1.892;5521.707;0.00426;-0.14960;0.09996;0
MAGN;1.899;5521.713;-13.87500;50.62500;-34.12500;0
AHRS;1.899;5521.714;-5.2385;0.9486;-16.8447;-0.04399;0.01487;-0.14669;3
GYRO;1.900;5521.714;0.00440;-0.11701;0.00852;0
ACCE;1.907;5521.723;0.06300;-0.98295;9.76395;0
GYRO;1.909;5521.723;0.00412;-0.08484;0.00715;0
MAGN;1.910;5521.723;-13.89375;50.62500;-34.08750;0
AHRS;1.915;5521.731;-5.5275;0.5260;-16.7857;-0.04703;0.01157;-0.14601;3
GYRO;1.916;5521.731;0.00385;-0.00564;0.00577;0
MAGN;1.917;5521.733;-13.91250;50.60625;-34.08750;0
ACCE;1.923;5521.738;0.02505;-0.98295;9.82200;0
GYRO;1.924;5521.738;0.00357;-0.00344;0.00481;0
MAGN;1.928;5521.743;-13.91250;50.62500;-34.10625;0
AHRS;1.931;5521.746;-5.5275;0.5260;-16.7857;-0.04703;0.01157;-0.14601;3
GYRO;1.932;5521.746;0.00371;-0.00261;0.00454;0
MAGN;1.939;5521.753;-13.91250;50.62500;-34.10625;0
ACCE;1.940;5521.754;0.00600;-0.96405;9.91695;0
GYRO;1.942;5521.754;0.00412;-0.00151;0.00357;0
AHRS;1.947;5521.762;-5.5275;0.5260;-16.7857;-0.04703;0.01157;-0.14601;3
GYRO;1.948;5521.762;0.00399;-0.00137;0.00247;0
MAGN;1.949;5521.763;-13.93125;50.62500;-34.10625;0
LIGH;1.955;5521.770;41.6;3
ACCE;1.960;5521.770;0.06300;-0.98295;9.93600;0
GYRO;1.961;5521.770;0.00344;-0.00110;0.00082;0
MAGN;1.962;5521.773;-13.95000;50.62500;-34.10625;0
AHRS;1.963;5521.778;-5.5275;0.5260;-16.7857;-0.04703;0.01157;-0.14601;3
GYRO;1.964;5521.778;0.00234;-0.00165;0.00041;0
MAGN;1.970;5521.783;-13.93125;50.64375;-34.12500;0
ACCE;1.970;5521.785;0.12000;-0.98295;9.87900;0
GYRO;1.978;5521.793;0.00179;-0.00302;0.00096;0
MAGN;1.979;5521.793;-13.91250;50.64375;-34.16250;0
ACCE;1.986;5521.801;0.15900;-0.96405;9.87900;0
AHRS;1.987;5521.801;-5.5275;0.5260;-16.7857;-0.04703;0.01157;-0.14601;3
GYRO;1.987;5521.801;0.00206;-0.00440;0.00179;0
MAGN;1.988;5521.803;-13.91250;50.66250;-34.18125;0
GYRO;1.994;5521.810;0.00220;-0.00591;0.00247;0
MAGN;1.998;5521.813;-13.91250;50.66250;-34.18125;0
ACCE;2.001;5521.817;0.12000;-0.90600;9.93600;0
MAGN;2.008;5521.823;-13.93125;50.66250;-34.21875;0
AHRS;2.008;5521.824;-5.5275;0.5260;-16.7857;-0.04703;0.01157;-0.14601;3
GYRO;2.009;5521.824;0.00220;-0.00646;0.00234;0
ACCE;2.018;5521.833;0.12000;-0.88695;9.99405;0
GYRO;2.020;5521.833;0.00206;-0.00674;0.00206;0
MAGN;2.020;5521.833;-13.93125;50.68125;-34.21875;0
AHRS;2.025;5521.841;-5.5275;0.5260;-16.7857;-0.04703;0.01157;-0.14601;3
GYRO;2.026;5521.841;0.00220;-0.07315;0.00192;0
MAGN;2.026;5521.843;-13.93125;50.68125;-34.21875;0
ACCE;2.035;5521.849;0.13995;-0.90600;9.99405;0
GYRO;2.036;5521.849;0.00234;-0.07301;0.00206;0
MAGN;2.038;5521.853;-13.95000;50.68125;-34.20000;0
AHRS;2.041;5521.857;-5.6509;0.1259;-16.5930;-0.04862;0.00820;-0.14417;3
GYRO;2.042;5521.857;0.00275;-0.07164;0.00247;0
MAGN;2.052;5521.863;-13.96875;50.71875;-34.18125;0
ACCE;2.054;5521.864;0.15900;-0.92505;9.89805;0
GYRO;2.054;5521.864;0.00371;-0.00687;0.00344;0
AHRS;2.057;5521.872;-5.6509;0.1259;-16.5930;-0.04862;0.00820;-0.14417;3
GYRO;2.059;5521.872;0.00509;-0.00646;0.00399;0
MAGN;2.060;5521.873;-13.95000;50.73750;-34.16250;0
ACCE;2.067;5521.880;0.10095;-0.92505;9.91695;0
GYRO;2.067;5521.880;0.00564;-0.00646;0.00412;0
MAGN;2.068;5521.882;-13.96875;50.73750;-34.12500;0
AHRS;2.073;5521.888;-5.6509;0.1259;-16.5930;-0.04862;0.00820;-0.14417;3
GYRO;2.073;5521.888;0.00509;-0.07026;0.00399;0
MAGN;2.078;5521.893;-13.98750;50.73750;-34.10625;0
ACCE;2.080;5521.896;0.13995;-0.94395;10.01295;0
GYRO;2.081;5521.896;0.00495;-0.07150;0.00344;0
MAGN;2.088;5521.903;-13.98750;50.75625;-34.14375;0
AHRS;2.088;5521.904;-5.6509;0.1259;-16.5930;-0.04862;0.00820;-0.14417;3
GYRO;2.089;5521.904;0.00495;-0.07219;0.00371;0
ACCE;2.096;5521.912;0.08205;-0.98295;10.01295;0
MAGN;2.100;5521.913;-14.00625;50.77500;-34.14375;0
GYRO;2.104;5521.920;0.00454;-0.07260;0.00385;0
MAGN;2.108;5521.923;-14.02500;50.77500;-34.10625;0
ACCE;2.112;5521.927;0.15900;-1.00200;9.99405;0
AHRS;2.112;5521.927;-5.6509;0.1259;-16.5930;-0.04862;0.00820;-0.14417;3
GYRO;2.113;5521.927;0.00412;-0.00674;0.00316;0
LIGH;2.115;5521.929;42.2;3
MAGN;2.118;5521.933;-14.02500;50.77500;-34.10625;0
ACCE;2.128;5521.943;0.12000;-0.98295;9.95595;0
GYRO;2.129;5521.943;0.00344;-0.00577;0.00247;0
MAGN;2.129;5521.943;-14.04375;50.77500;-34.08750;0
AHRS;2.135;5521.951;-5.6509;0.1259;-16.5930;-0.04862;0.00820;-0.14417;3
GYRO;2.136;5521.951;0.00192;-0.00481;0.00206;0
MAGN;2.136;5521.953;-14.06250;50.79375;-34.08750;0
ACCE;2.143;5521.959;0.17805;-1.03995;9.93600;0
GYRO;2.144;5521.959;0.00027;-0.00426;0.00165;0
MAGN;2.148;5521.963;-14.06250;50.77500;-34.06875;0
AHRS;2.151;5521.967;-5.6509;0.1259;-16.5930;-0.04862;0.00820;-0.14417;3
GYRO;2.153;5521.967;-0.00192;-0.00385;0.00069;0
MAGN;2.158;5521.973;-14.06250;50.77500;-34.08750;0
ACCE;2.160;5521.974;0.21600;-1.07805;9.91695;0
GYRO;2.160;5521.974;-0.00385;-0.00371;-0.00027;0
AHRS;2.168;5521.983;-5.6509;0.1259;-16.5930;-0.04862;0.00820;-0.14417;3
GYRO;2.170;5521.983;-0.00522;-0.00289;-0.00192;0
MAGN;2.171;5521.983;-14.08125;50.79375;-34.08750;0
ACCE;2.175;5521.990;0.15900;-1.00200;9.87900;0
GYRO;2.176;5521.990;-0.00632;-0.00192;-0.00330;0
MAGN;2.177;5521.993;-14.08125;50.77500;-34.05000;0
AHRS;2.183;5521.998;-5.6509;0.1261;-16.5930;-0.04862;0.00820;-0.14417;3
GYRO;2.185;5521.998;-0.07026;-0.00137;-0.00385;0
MAGN;2.188;5522.003;-14.10000;50.75625;-34.06875;0
ACCE;2.190;5522.006;0.19695;-0.92505;9.89805;0
GYRO;2.191;5522.006;-0.07384;-0.00192;-0.00330;0
MAGN;2.199;5522.013;-14.11875;50.75625;-34.05000;0
AHRS;2.200;5522.014;-5.7125;-0.2531;-16.4992;-0.04963;0.00497;-0.14320;3
GYRO;2.202;5522.014;-0.07315;-0.00289;-0.00206;0
ACCE;2.220;5522.022;0.23505;-0.90600;9.89805;0
GYRO;2.220;5522.022;-0.00687;-0.00399;-0.00096;0
MAGN;2.220;5522.023;-14.13750;50.77500;-34.08750;0
AHRS;2.221;5522.030;-5.7125;-0.2531;-16.4992;-0.04963;0.00497;-0.14320;3
GYRO;2.221;5522.030;-0.00564;-0.00509;-0.00014;0
MAGN;2.221;5522.033;-14.17500;50.79375;-34.14375;0
ACCE;2.222;5522.038;0.21600;-0.90600;9.82200;0
GNSS;2.222;1745934468.000;24.926198;121.252932;192.700;288.010;4.3;0.0;48;7
GYRO;2.224;5522.038;-0.00440;-0.00577;-0.00041;0
GNSS;2.224;1745934468.000;24.926198;121.252932;192.700;288.010;4.3;0.0;48;7
MAGN;2.229;5522.043;-14.17500;50.79375;-34.16250;0
ACCE;2.237;5522.053;0.19695;-0.96405;9.91695;0
AHRS;2.237;5522.053;-5.7125;-0.2531;-16.4992;-0.04963;0.00497;-0.14320;3
GYRO;2.238;5522.053;-0.00289;-0.00564;-0.00014;0
MAGN;2.238;5522.053;-14.17500;50.79375;-34.14375;0
GNSS;2.238;1745934467.132;24.926198;121.252929;194.900;0.000;4.2;0.0;48;7
GYRO;2.246;5522.061;-0.00137;-0.00522;0.00055;0
MAGN;2.247;5522.063;-14.15625;50.77500;-34.18125;0
ACCE;2.254;5522.069;0.12000;-0.98295;9.97500;0
AHRS;2.255;5522.069;-5.7125;-0.2531;-16.4992;-0.04963;0.00497;-0.14320;3
GYRO;2.256;5522.069;0.00000;-0.00481;0.00192;0
MAGN;2.257;5522.073;-14.13750;50.77500;-34.23750;0
GYRO;2.261;5522.077;0.00137;-0.00467;0.00330;0
MAGN;2.269;5522.083;-14.11875;50.77500;-34.21875;0
ACCE;2.270;5522.084;0.10095;-1.00200;10.01295;0
LIGH;2.274;5522.090;41.6;3
AHRS;2.277;5522.093;-5.6204;-0.6077;-16.2711;-0.04928;0.00169;-0.14109;3
GYRO;2.278;5522.093;0.00206;-0.00440;0.00344;0
MAGN;2.280;5522.093;-14.13750;50.75625;-34.16250;0
ACCE;2.285;5522.101;0.10095;-0.92505;9.93600;0
GYRO;2.286;5522.101;0.00344;-0.00302;0.00289;0
MAGN;2.287;5522.103;-14.13750;50.75625;-34.16250;0
AHRS;2.293;5522.109;-5.6204;-0.6077;-16.2711;-0.04928;0.00169;-0.14109;3
GYRO;2.293;5522.109;0.00440;-0.00082;0.00192;0
MAGN;2.300;5522.113;-14.15625;50.75625;-34.21875;0
ACCE;2.301;5522.117;0.12000;-0.92505;9.70695;0
GYRO;2.302;5522.117;0.00495;0.00069;0.00137;0
MAGN;2.309;5522.123;-14.11875;50.75625;-34.20000;0
AHRS;2.311;5522.125;-5.6204;-0.6077;-16.2711;-0.04928;0.00169;-0.14109;3
GYRO;2.313;5522.125;0.00467;0.00151;0.00151;0
ACCE;2.317;5522.132;0.17805;-1.03995;9.72600;0
GYRO;2.318;5522.132;0.00371;0.00206;0.00234;0
MAGN;2.319;5522.133;-14.11875;50.75625;-34.20000;0
AHRS;2.325;5522.140;-5.6204;-0.6077;-16.2711;-0.04928;0.00169;-0.14109;3
GYRO;2.326;5522.140;0.00261;0.00247;0.00261;0
MAGN;2.326;5522.142;-14.11875;50.75625;-34.23750;0
ACCE;2.332;5522.148;0.13995;-1.00200;9.85995;0
GYRO;2.333;5522.148;0.00165;0.00344;0.00192;0
MAGN;2.338;5522.153;-14.11875;50.75625;-34.27500;0
AHRS;2.340;5522.156;-5.6204;-0.6077;-16.2711;-0.04928;0.00169;-0.14109;3
GYRO;2.342;5522.156;0.00137;0.00495;0.00096;0
ACCE;2.348;5522.163;0.00600;-0.92505;9.82200;0
MAGN;2.349;5522.163;-14.11875;50.75625;-34.29375;0
SOUN;2.349;19.83;0.00061;29.62
GYRO;2.357;5522.172;0.00069;0.00564;0.00014;0
MAGN;2.358;5522.173;-14.11875;50.75625;-34.27500;0
ACCE;2.365;5522.180;0.04395;-0.90600;9.84105;0
AHRS;2.366;5522.180;-5.6204;-0.6077;-16.2711;-0.04928;0.00169;-0.14109;3
GYRO;2.366;5522.180;0.00027;0.00687;-0.00069;0
MAGN;2.367;5522.182;-14.13750;50.75625;-34.27500;0
GYRO;2.372;5522.187;-0.00027;0.07728;-0.00165;0
MAGN;2.378;5522.193;-14.13750;50.77500;-34.25625;0
ACCE;2.380;5522.195;-0.01305;-0.94395;9.91695;0
AHRS;2.388;5522.203;-5.6204;-0.6077;-16.2711;-0.04928;0.00169;-0.14109;3
GYRO;2.389;5522.203;-0.00151;0.07617;-0.00206;0
MAGN;2.390;5522.203;-14.13750;50.75625;-34.21875;0
ACCE;2.396;5522.211;-0.01305;-0.90600;9.87900;0
GYRO;2.396;5522.211;-0.00192;0.08181;-0.00275;0
MAGN;2.396;5522.213;-14.13750;50.75625;-34.18125;0
AHRS;2.403;5522.219;-5.6204;-0.6077;-16.2711;-0.04928;0.00169;-0.14109;3
GYRO;2.404;5522.219;-0.00165;0.09432;-0.00357;0
MAGN;2.410;5522.223;-14.11875;50.79375;-34.21875;0
ACCE;2.411;5522.226;-0.05100;-0.92505;9.87900;0
MAGN;2.419;5522.233;-14.11875;50.81250;-34.23750;0
GYRO;2.420;5522.234;-0.00096;0.10615;-0.00440;0
ACCE;2.429;5522.243;-0.08895;-0.90600;9.91695;0
AHRS;2.430;5522.243;-5.6204;-0.6077;-16.2711;-0.04928;0.00169;-0.14109;3
GYRO;2.432;5522.243;0.00041;0.12100;-0.00495;0
MAGN;2.433;5522.243;-14.11875;50.81250;-34.23750;0
LIGH;2.434;5522.250;41.6;3
MAGN;2.438;5522.253;-14.13750;50.79375;-34.23750;0
ACCE;2.443;5522.258;-0.07005;-0.96405;9.95595;0
GYRO;2.444;5522.258;0.00110;0.12072;-0.00522;0
MAGN;2.448;5522.263;-14.13750;50.81250;-34.25625;0
AHRS;2.450;5522.266;-5.6204;-0.6077;-16.2711;-0.04928;0.00169;-0.14109;3
GYRO;2.452;5522.266;0.00110;0.12760;-0.00660;0
MAGN;2.459;5522.273;-14.11875;50.83125;-34.27500;0
ACCE;2.460;5522.274;-0.14700;-0.94395;10.01295;0
GYRO;2.461;5522.274;0.00179;0.14465;-0.00784;0
AHRS;2.467;5522.282;-5.6204;-0.6077;-16.2711;-0.04928;0.00169;-0.14109;3
GYRO;2.469;5522.282;0.00289;0.16060;-0.00866;0
MAGN;2.470;5522.283;-14.08125;50.86875;-34.31250;0
ACCE;2.474;5522.290;-0.14700;-0.94395;10.03200;0
GYRO;2.476;5522.290;0.00344;0.17394;-0.08979;0
MAGN;2.479;5522.293;-14.08125;50.88750;-34.33125;0
AHRS;2.482;5522.298;-5.6204;-0.6077;-16.2711;-0.04928;0.00169;-0.14109;3
GYRO;2.484;5522.298;0.00371;0.19099;-0.09955;0
MAGN;2.488;5522.303;-14.08125;50.88750;-34.33125;0
ACCE;2.490;5522.305;-0.14700;-0.96405;9.85995;0
GYRO;2.498;5522.313;0.00302;0.18837;-0.10216;0
MAGN;2.499;5522.313;-14.08125;50.88750;-34.35000;0
ACCE;2.507;5522.321;-0.16605;-0.92505;9.61095;0
AHRS;2.509;5522.321;-5.6204;-0.6077;-16.2711;-0.04928;0.00169;-0.14109;3
GYRO;2.510;5522.321;0.00247;0.19250;-0.11688;0
MAGN;2.511;5522.323;-14.08125;50.88750;-34.33125;0
GYRO;2.514;5522.329;0.00247;0.21203;-0.13997;0
MAGN;2.519;5522.333;-14.06250;50.88750;-34.31250;0
ACCE;2.521;5522.337;-0.24195;-0.88695;9.57300;0
AHRS;2.528;5522.337;-5.6204;-0.6077;-16.2711;-0.04928;0.00169;-0.14109;3
GYRO;2.529;5522.337;0.00220;0.22083;-0.15565;0
MAGN;2.530;5522.343;-14.04375;50.88750;-34.27500;0
ACCE;2.538;5522.353;-0.14700;-0.92505;9.85995;0
GYRO;2.538;5522.353;0.00234;0.21739;-0.14671;0
MAGN;2.540;5522.353;-14.06250;50.86875;-34.25625;0
AHRS;2.546;5522.361;-5.6204;-0.6077;-16.2711;-0.04928;0.00169;-0.14109;3
GYRO;2.546;5522.361;0.00247;0.20969;-0.13626;0
MAGN;2.547;5522.363;-14.08125;50.88750;-34.25625;0
ACCE;2.553;5522.369;-0.20400;-0.96405;10.06995;0
GYRO;2.554;5522.369;0.00165;0.19951;-0.13228;0
MAGN;2.558;5522.373;-14.10000;50.88750;-34.23750;0
AHRS;2.561;5522.377;-5.6204;-0.6077;-16.2711;-0.04928;0.00169;-0.14109;3
GYRO;2.562;5522.377;0.00055;0.17421;-0.11591;0
MAGN;2.568;5522.383;-14.11875;50.86875;-34.23750;0
ACCE;2.571;5522.385;-0.16605;-0.96405;10.14705;0
GYRO;2.571;5522.385;-0.00096;0.15207;-0.11124;0
AHRS;2.577;5522.392;-5.6204;-0.6077;-16.2711;-0.04928;0.00169;-0.14109;3
GYRO;2.579;5522.392;-0.00096;0.13709;-0.10752;0
MAGN;2.580;5522.393;-14.13750;50.86875;-34.25625;0
ACCE;2.584;5522.400;-0.18495;-0.92505;9.95595;0
GYRO;2.585;5522.400;-0.00027;0.13585;-0.11412;0
MAGN;2.586;5522.402;-14.15625;50.86875;-34.23750;0
AHRS;2.592;5522.408;-5.4995;-0.2289;-16.4836;-0.04776;0.00490;-0.14309;3
GYRO;2.593;5522.408;0.00014;0.12801;-0.10917;0
LIGH;2.594;5522.409;42.2;3
MAGN;2.598;5522.413;-14.15625;50.86875;-34.20000;0
ACCE;2.600;5522.416;-0.24195;-0.92505;9.85995;0
GYRO;2.601;5522.416;0.00014;0.10821;-0.09116;0
MAGN;2.607;5522.423;-14.15625;50.86875;-34.18125;0
ACCE;2.617;5522.432;-0.16605;-0.86805;9.84105;0
AHRS;2.617;5522.432;-5.4995;-0.2289;-16.4836;-0.04776;0.00490;-0.14309;3
GYRO;2.619;5522.432;0.00069;0.08401;-0.00715;0
MAGN;2.620;5522.433;-14.15625;50.85000;-34.16250;0
GYRO;2.624;5522.440;0.00082;0.08003;-0.00632;0
MAGN;2.628;5522.443;-14.15625;50.85000;-34.14375;0
ACCE;2.631;5522.447;-0.12795;-0.88695;9.80205;0
MAGN;2.638;5522.453;-14.13750;50.83125;-34.14375;0
AHRS;2.639;5522.455;-5.4995;-0.2291;-16.4836;-0.04776;0.00490;-0.14309;3
GYRO;2.640;5522.455;0.00137;0.00632;-0.00495;0
ACCE;2.648;5522.463;-0.08895;-0.88695;9.93600;0
GYRO;2.648;5522.463;0.00206;0.00412;-0.00371;0
MAGN;2.650;5522.463;-14.13750;50.83125;-34.18125;0
AHRS;2.655;5522.471;-5.4995;-0.2291;-16.4836;-0.04776;0.00490;-0.14309;3
GYRO;2.656;5522.471;0.00220;0.00179;-0.00302;0
MAGN;2.656;5522.473;-14.13750;50.81250;-34.23750;0
ACCE;2.663;5522.479;-0.05100;-0.92505;9.91695;0
GYRO;2.664;5522.479;0.00247;-0.00069;-0.00151;0
MAGN;2.668;5522.483;-14.11875;50.83125;-34.25625;0
AHRS;2.671;5522.487;-5.4995;-0.2291;-16.4836;-0.04776;0.00490;-0.14309;3
GYRO;2.672;5522.487;0.00234;-0.00289;0.00096;0
MAGN;2.679;5522.493;-14.10000;50.83125;-34.25625;0
ACCE;2.679;5522.494;-0.03195;-0.88695;9.89805;0
GYRO;2.679;5522.494;0.00234;-0.00495;0.00344;0
AHRS;2.689;5522.503;-5.4995;-0.2291;-16.4836;-0.04776;0.00490;-0.14309;3
GYRO;2.689;5522.503;0.00289;-0.07384;0.00632;0
MAGN;2.690;5522.503;-14.08125;50.83125;-34.25625;0
ACCE;2.695;5522.510;-0.05100;-0.88695;9.91695;0
GYRO;2.696;5522.510;0.00330;-0.09199;0.00839;0
MAGN;2.696;5522.513;-14.08125;50.81250;-34.25625;0
AHRS;2.703;5522.518;-5.4995;-0.2291;-16.4836;-0.04776;0.00490;-0.14309;3
GYRO;2.704;5522.518;0.00357;-0.10175;0.09323;0
MAGN;2.714;5522.523;-14.08125;50.79375;-34.23750;0
ACCE;2.715;5522.526;-0.03195;-0.88695;9.93600;0
GYRO;2.717;5522.526;0.00344;-0.11688;0.09749;0
WIFI;2.718;5488.545;All money go my home;c2:25:2f:7c:70:23;-82
WIFI;2.718;5488.545;All money go my home;c2:25:2f:2c:70:22;-89
WIFI;2.718;5488.545;Fang;dc:62:79:cb:0e:9b;-77
WIFI;2.718;5488.545;CHENS-7011;b8:55:10:cc:48:30;-65
WIFI;2.718;5488.545;;c0:25:2f:ac:70:23;-82
WIFI;2.718;5488.545;Tenda_8CC950_5G;d8:32:14:8c:c9:55;-90
WIFI;2.718;5488.545;98-14;d8:07:b6:32:4f:72;-94
WIFI;2.718;5488.545;98-14;d8:07:b6:32:4f:73;-92
WIFI;2.718;5488.545;Fang-3F_5G;cc:d8:43:b7:7d:43;-48
WIFI;2.718;5488.545;笨笨龍;04:09:86:27:19:3a;-81
WIFI;2.718;5488.545;98-14;d8:07:b6:32:4f:32;-92
WIFI;2.718;5488.545;;ce:d8:43:c7:7d:42;-48
MAGN;2.747;5522.533;-14.06250;50.75625;-34.21875;0
AHRS;2.748;5522.534;-5.4995;-0.2291;-16.4836;-0.04776;0.00490;-0.14309;3
GYRO;2.748;5522.534;0.00330;-0.12719;0.10863;0
ACCE;2.749;5522.542;-0.05100;-0.92505;9.85995;0
GYRO;2.749;5522.542;0.00261;-0.13860;0.12361;0
MAGN;2.750;5522.543;-14.04375;50.75625;-34.20000;0
AHRS;2.751;5522.550;-5.3715;0.1608;-16.6322;-0.04616;0.00816;-0.14454;3
GYRO;2.751;5522.550;0.00261;-0.13723;0.12939;0
MAGN;2.751;5522.553;-14.02500;50.75625;-34.20000;0
ACCE;2.752;5522.558;-0.07005;-0.92505;9.74505;0
GYRO;2.752;5522.558;0.00220;-0.12870;0.13159;0
MAGN;2.752;5522.563;-14.00625;50.73750;-34.21875;0
LIGH;2.758;5522.570;41.6;3
ACCE;2.758;5522.573;-0.05100;-0.92505;9.76395;0
AHRS;2.761;5522.573;-5.3715;0.1608;-16.6322;-0.04616;0.00816;-0.14454;3
GYRO;2.762;5522.573;0.00165;-0.12320;0.12403;0
MAGN;2.762;5522.573;-14.00625;50.71875;-34.25625;0
GYRO;2.766;5522.581;0.00110;-0.11770;0.12375;0
MAGN;2.767;5522.583;-14.00625;50.66250;-34.27500;0
ACCE;2.774;5522.589;0.02505;-0.92505;9.89805;0
AHRS;2.776;5522.589;-5.3715;0.1608;-16.6322;-0.04616;0.00816;-0.14454;3
GYRO;2.776;5522.589;0.00000;-0.11261;0.11385;0
MAGN;2.776;5522.593;-13.98750;50.66250;-34.27500;0
GYRO;2.781;5522.597;-0.00082;-0.10697;0.10354;0
MAGN;2.788;5522.603;-13.98750;50.66250;-34.27500;0
ACCE;2.789;5522.604;-0.01305;-0.90600;9.93600;0
AHRS;2.797;5522.613;-5.3715;0.1608;-16.6322;-0.04616;0.00816;-0.14454;3
GYRO;2.799;5522.613;-0.00110;-0.10010;0.09625;0
MAGN;2.801;5522.613;-13.96875;50.66250;-34.27500;0
ACCE;2.805;5522.621;0.00600;-0.90600;9.95595;0
GYRO;2.805;5522.621;-0.00151;-0.08979;0.08924;0
MAGN;2.806;5522.623;-13.95000;50.64375;-34.31250;0
AHRS;2.814;5522.629;-5.3715;0.1608;-16.6322;-0.04616;0.00816;-0.14454;3
GYRO;2.815;5522.629;-0.00165;-0.07741;0.00770;0
MAGN;2.818;5522.633;-13.93125;50.66250;-34.35000;0
ACCE;2.821;5522.636;-0.01305;-0.92505;9.95595;0
GYRO;2.822;5522.636;-0.00206;-0.00619;0.00632;0
MAGN;2.828;5522.643;-13.93125;50.66250;-34.36875;0
AHRS;2.831;5522.644;-5.3715;0.1608;-16.6322;-0.04616;0.00816;-0.14454;3
GYRO;2.833;5522.644;-0.00234;-0.00454;0.00564;0
ACCE;2.837;5522.652;-0.03195;-0.88695;9.89805;0
GYRO;2.838;5522.652;-0.00179;-0.00412;0.00536;0
MAGN;2.839;5522.653;-13.91250;50.66250;-34.36875;0
AHRS;2.848;5522.660;-5.3715;0.1608;-16.6322;-0.04616;0.00816;-0.14454;3
GYRO;2.849;5522.660;-0.00192;-0.00344;0.00454;0
MAGN;2.849;5522.662;-13.89375;50.64375;-34.38750;0
SOUN;2.850;95.10;0.00290;43.23
ACCE;2.854;5522.668;0.00600;-0.88695;9.82200;0
GYRO;2.854;5522.668;-0.00151;-0.00330;0.00330;0
MAGN;2.858;5522.673;-13.87500;50.66250;-34.40625;0
AHRS;2.864;5522.676;-5.3715;0.1608;-16.6322;-0.04616;0.00816;-0.14454;3
GYRO;2.864;5522.676;-0.00096;-0.00275;0.00302;0
ACCE;2.867;5522.683;0.00600;-0.88695;9.82200;0
MAGN;2.868;5522.683;-13.85625;50.66250;-34.42500;0
GYRO;2.877;5522.692;-0.00041;-0.00247;0.00275;0
MAGN;2.878;5522.693;-13.81875;50.66250;-34.42500;0
ACCE;2.884;5522.700;0.02505;-0.86805;9.91695;0
AHRS;2.885;5522.700;-5.3715;0.1607;-16.6322;-0.04616;0.00816;-0.14454;3
GYRO;2.885;5522.700;0.00000;-0.00316;0.00344;0
MAGN;2.886;5522.702;-13.80000;50.68125;-34.44375;0
GYRO;2.892;5522.707;0.00082;-0.00357;0.00385;0
MAGN;2.899;5522.713;-13.76250;50.68125;-34.46250;0
ACCE;2.899;5522.714;0.04395;-0.86805;9.99405;0
AHRS;2.908;5522.723;-5.3715;0.1607;-16.6322;-0.04616;0.00816;-0.14454;3
GYRO;2.908;5522.723;0.00124;-0.00385;0.00426;0
MAGN;2.910;5522.723;-13.76250;50.68125;-34.48125;0
LIGH;2.915;5522.730;41.6;3
ACCE;2.916;5522.730;0.02505;-0.86805;9.95595;0
MAGN;2.918;5522.733;-13.74375;50.70000;-34.48125;0
GYRO;2.923;5522.739;0.00179;-0.00385;0.00426;0
MAGN;2.930;5522.743;-13.74375;50.68125;-34.48125;0
ACCE;2.931;5522.747;0.06300;-0.88695;9.87900;0
AHRS;2.932;5522.747;-5.3715;0.1607;-16.6322;-0.04616;0.00816;-0.14454;3
GYRO;2.933;5522.747;0.00234;-0.00440;0.00399;0
MAGN;2.939;5522.753;-13.72500;50.68125;-34.48125;0
GYRO;2.939;5522.755;0.00247;-0.00440;0.00399;0
ACCE;2.947;5522.763;0.00600;-0.88695;9.93600;0
AHRS;2.948;5522.763;-5.3715;0.1607;-16.6322;-0.04616;0.00816;-0.14454;3
GYRO;2.949;5522.763;0.00289;-0.00440;0.00440;0
MAGN;2.950;5522.763;-13.72500;50.71875;-34.50000;0
GYRO;2.955;5522.770;0.00275;-0.00412;0.00440;0
MAGN;2.958;5522.773;-13.72500;50.73750;-34.51875;0
ACCE;2.963;5522.778;-0.03195;-0.90600;9.99405;0
AHRS;2.964;5522.778;-5.3715;0.1608;-16.6322;-0.04616;0.00816;-0.14454;3
GYRO;2.965;5522.778;0.00261;-0.00344;0.00454;0
MAGN;2.968;5522.783;-13.72500;50.71875;-34.53750;0
GYRO;2.971;5522.786;0.00275;-0.00344;0.00467;0
MAGN;2.978;5522.793;-13.72500;50.71875;-34.55625;0
ACCE;2.979;5522.794;-0.05100;-0.88695;9.85995;0
AHRS;2.979;5522.794;-5.3715;0.1608;-16.6322;-0.04616;0.00816;-0.14454;3
GYRO;2.980;5522.794;0.00206;-0.00234;0.00357;0
GYRO;2.987;5522.802;0.00165;-0.00124;0.00261;0
MAGN;2.988;5522.803;-13.72500;50.68125;-34.55625;0
ACCE;2.995;5522.810;-0.05100;-0.84900;9.76395;0
AHRS;2.995;5522.810;-5.3715;0.1608;-16.6322;-0.04616;0.00816;-0.14454;3
GYRO;2.996;5522.810;0.00165;-0.00041;0.00179;0
MAGN;2.996;5522.813;-13.72500;50.70000;-34.57500;0
GYRO;3.002;5522.818;0.00137;-0.00000;0.00179;0
MAGN;3.008;5522.823;-13.70625;50.71875;-34.57500;0
ACCE;3.009;5522.825;0.06300;-0.98295;9.87900;0
AHRS;3.018;5522.833;-5.3715;0.1608;-16.6322;-0.04616;0.00816;-0.14454;3
GYRO;3.019;5522.833;0.00055;0.00027;0.00179;0
MAGN;3.020;5522.833;-13.70625;50.71875;-34.57500;0
ACCE;3.026;5522.841;0.00600;-0.96405;9.93600;0
GYRO;3.029;5522.841;-0.00041;0.00096;0.00082;0
MAGN;3.029;5522.843;-13.70625;50.73750;-34.59375;0
AHRS;3.034;5522.849;-5.3715;0.1608;-16.6322;-0.04616;0.00816;-0.14454;3
GYRO;3.034;5522.849;-0.00137;0.00124;0.00014;0
MAGN;3.038;5522.853;-13.70625;50.73750;-34.59375;0
ACCE;3.041;5522.857;-0.03195;-0.94395;9.89805;0
GYRO;3.043;5522.857;-0.00192;0.00220;-0.00041;0
MAGN;3.049;5522.863;-13.68750;50.73750;-34.57500;0
ACCE;3.058;5522.873;-0.05100;-0.94395;9.72600;0
AHRS;3.058;5522.873;-5.3715;0.1608;-16.6322;-0.04616;0.00816;-0.14454;3
GYRO;3.060;5522.873;-0.00247;0.00261;-0.00137;0
MAGN;3.062;5522.873;-13.68750;50.75625;-34.53750;0
GYRO;3.065;5522.881;-0.00289;0.00385;-0.00247;0
MAGN;3.068;5522.883;-13.66875;50.77500;-34.50000;0
ACCE;3.073;5522.889;-0.05100;-0.90600;9.76395;0
AHRS;3.074;5522.889;-5.2494;0.3066;-16.2978;-0.04495;0.00914;-0.14172;3
GYRO;3.075;5522.889;-0.00302;0.00440;-0.00261;0
LIGH;3.080;5522.890;41.6;3
MAGN;3.080;5522.893;-13.66875;50.79375;-34.48125;0
GYRO;3.082;5522.896;-0.00454;0.00467;-0.00289;0
MAGN;3.088;5522.903;-13.66875;50.79375;-34.51875;0
ACCE;3.089;5522.904;-0.05100;-1.00200;9.95595;0
AHRS;3.089;5522.904;-5.2494;0.3066;-16.2978;-0.04495;0.00914;-0.14172;3
GYRO;3.091;5522.904;-0.00564;0.00454;-0.00357;0
GYRO;3.098;5522.912;-0.00591;0.00440;-0.00371;0
MAGN;3.098;5522.913;-13.65000;50.77500;-34.53750;0
ACCE;3.104;5522.920;-0.07005;-0.92505;10.03200;0
AHRS;3.105;5522.920;-5.2494;0.3066;-16.2978;-0.04495;0.00914;-0.14172;3
GYRO;3.106;5522.920;-0.00577;0.00481;-0.00399;0
MAGN;3.106;5522.922;-13.65000;50.75625;-34.48125;0
GYRO;3.112;5522.928;-0.00495;0.00495;-0.00357;0
MAGN;3.118;5522.933;-13.63125;50.73750;-34.44375;0
ACCE;3.121;5522.936;-0.05100;-0.88695;10.06995;0
AHRS;3.122;5522.936;-5.2494;0.3066;-16.2978;-0.04495;0.00914;-0.14172;3
GYRO;3.123;5522.936;-0.00412;0.00454;-0.00316;0
MAGN;3.128;5522.943;-13.63125;50.73750;-34.46250;0
ACCE;3.136;5522.952;0.04395;-0.92505;9.95595;0
GYRO;3.137;5522.952;-0.00385;0.00330;-0.00247;0
MAGN;3.139;5522.953;-13.63125;50.73750;-34.50000;0
AHRS;3.144;5522.959;-5.2494;0.3066;-16.2978;-0.04495;0.00914;-0.14172;3
GYRO;3.144;5522.959;-0.00316;0.00206;-0.00137;0
MAGN;3.149;5522.963;-13.63125;50.73750;-34.48125;0
ACCE;3.152;5522.967;0.04395;-0.88695;9.85995;0
GYRO;3.153;5522.967;-0.00220;0.00082;-0.00069;0
MAGN;3.158;5522.973;-13.63125;50.73750;-34.46250;0
ACCE;3.168;5522.983;0.06300;-0.84900;9.76395;0
AHRS;3.169;5522.983;-5.2494;0.3066;-16.2978;-0.04495;0.00914;-0.14172;3
GYRO;3.170;5522.983;-0.00151;-0.00014;-0.00000;0
MAGN;3.171;5522.983;-13.61250;50.73750;-34.46250;0
GYRO;3.175;5522.991;0.00041;-0.00151;0.00151;0
MAGN;3.179;5522.993;-13.61250;50.73750;-34.50000;0
ACCE;3.185;5522.999;0.06300;-0.90600;9.78300;0
AHRS;3.186;5522.999;-5.2494;0.3066;-16.2978;-0.04495;0.00914;-0.14172;3
GYRO;3.188;5522.999;0.00137;-0.00289;0.00385;0
MAGN;3.189;5523.003;-13.59375;50.73750;-34.51875;0
GYRO;3.191;5523.007;0.00206;-0.00371;0.00454;0
MAGN;3.199;5523.013;-13.61250;50.71875;-34.48125;0
ACCE;3.200;5523.015;0.06300;-0.92505;9.84105;0
AHRS;3.202;5523.015;-5.2494;0.3066;-16.2978;-0.04495;0.00914;-0.14172;3
GYRO;3.203;5523.015;0.00234;-0.00509;0.00467;0
GYRO;3.223;5523.023;0.00220;-0.00605;0.00522;0
MAGN;3.224;5523.023;-13.63125;50.70000;-34.46250;0
ACCE;3.224;5523.030;0.00600;-0.90600;9.93600;0
AHRS;3.224;5523.030;-5.2494;0.3066;-16.2978;-0.04495;0.00914;-0.14172;3
GYRO;3.224;5523.030;0.00316;-0.00646;0.00564;0
MAGN;3.224;5523.033;-13.61250;50.70000;-34.51875;0
GYRO;3.225;5523.038;0.00440;-0.00646;0.00577;0
GNSS;3.225;1745934469.000;24.926192;121.252937;192.800;288.010;4.3;0.0;48;7
GNSS;3.227;1745934469.000;24.926192;121.252937;192.800;288.010;4.3;0.0;48;7
GNSS;3.227;1745934468.132;24.926193;121.252936;194.900;0.000;4.2;0.0;48;7
MAGN;3.231;5523.043;-13.61250;50.71875;-34.51875;0
ACCE;3.231;5523.046;-0.01305;-0.92505;9.97500;0
AHRS;3.231;5523.046;-5.2494;0.3066;-16.2978;-0.04495;0.00914;-0.14172;3
GYRO;3.232;5523.046;0.00454;-0.00605;0.00591;0
LIGH;3.233;5523.049;40.9;3
MAGN;3.238;5523.053;-13.61250;50.71875;-34.46250;0
GYRO;3.238;5523.054;0.00385;-0.00632;0.00591;0
ACCE;3.247;5523.062;0.00600;-0.90600;9.97500;0
AHRS;3.247;5523.062;-5.2494;0.3066;-16.2978;-0.04495;0.00914;-0.14172;3
GYRO;3.248;5523.062;0.00330;-0.00687;0.00577;0
MAGN;3.257;5523.063;-13.59375;50.68125;-34.40625;0
GYRO;3.257;5523.070;0.00247;-0.00632;0.00440;0
MAGN;3.257;5523.073;-13.59375;50.66250;-34.38750;0
ACCE;3.261;5523.078;-0.08895;-0.86805;9.97500;0
MAGN;3.271;5523.083;-13.59375;50.66250;-34.36875;0
AHRS;3.272;5523.085;-5.2494;0.3066;-16.2978;-0.04495;0.00914;-0.14172;3
GYRO;3.272;5523.085;0.00261;-0.00467;0.00261;0
ACCE;3.277;5523.093;-0.07005;-0.82905;9.91695;0
GYRO;3.278;5523.093;0.00289;-0.00261;0.00110;0
MAGN;3.278;5523.093;-13.59375;50.64375;-34.38750;0
AHRS;3.285;5523.101;-5.2494;0.3066;-16.2978;-0.04495;0.00914;-0.14172;3
GYRO;3.287;5523.101;0.00330;-0.00055;0.00055;0
MAGN;3.288;5523.103;-13.57500;50.62500;-34.42500;0
ACCE;3.295;5523.109;-0.03195;-0.88695;9.80205;0
GYRO;3.295;5523.109;0.00302;0.00110;-0.00055;0
MAGN;3.298;5523.113;-13.57500;50.60625;-34.44375;0
AHRS;3.302;5523.117;-5.2494;0.3066;-16.2978;-0.04495;0.00914;-0.14172;3
GYRO;3.303;5523.117;0.00165;0.00234;-0.00137;0
MAGN;3.310;5523.123;-13.59375;50.60625;-34.48125;0
ACCE;3.311;5523.124;-0.01305;-0.88695;9.74505;0
GYRO;3.317;5523.133;0.00096;0.00330;-0.00192;0
MAGN;3.320;5523.133;-13.57500;50.62500;-34.53750;0
ACCE;3.329;5523.141;-0.01305;-0.79095;9.70695;0
AHRS;3.329;5523.141;-5.2494;0.3066;-16.2978;-0.04495;0.00914;-0.14172;3
GYRO;3.329;5523.141;0.00179;0.00399;-0.00234;0
MAGN;3.330;5523.143;-13.57500;50.62500;-34.55625;0
GYRO;3.333;5523.149;0.00247;0.00509;-0.00220;0
MAGN;3.338;5523.153;-13.55625;50.62500;-34.57500;0
ACCE;3.340;5523.156;0.00600;-0.86805;9.72600;0
AHRS;3.344;5523.156;-5.2494;0.3066;-16.2978;-0.04495;0.00914;-0.14172;3
GYRO;3.346;5523.156;0.00289;0.00605;-0.00261;0
MAGN;3.348;5523.163;-13.55625;50.62500;-34.55625;0
GYRO;3.349;5523.164;0.00357;0.00619;-0.00234;0
ACCE;3.357;5523.172;0.02505;-0.88695;9.80205;0
AHRS;3.357;5523.172;-5.2494;0.3066;-16.2978;-0.04495;0.00914;-0.14172;3
GYRO;3.358;5523.172;0.00302;0.00536;-0.00220;0
MAGN;3.361;5523.173;-13.55625;50.62500;-34.57500;0
SOUN;3.361;14.56;0.00044;26.93
GYRO;3.365;5523.180;0.00275;0.00412;-0.00179;0
MAGN;3.368;5523.183;-13.55625;50.60625;-34.59375;0
ACCE;3.372;5523.188;0.00600;-0.86805;9.93600;0
AHRS;3.373;5523.188;-5.2494;0.3066;-16.2978;-0.04495;0.00914;-0.14172;3
GYRO;3.376;5523.188;0.00275;0.00275;-0.00069;0
MAGN;3.378;5523.193;-13.53750;50.58750;-34.59375;0
GYRO;3.380;5523.196;0.00344;0.00179;0.00069;0
ACCE;3.388;5523.203;-0.01305;-0.82905;9.95595;0
MAGN;3.388;5523.203;-13.53750;50.56875;-34.57500;0
LIGH;3.395;5523.210;40.9;3
AHRS;3.397;5523.212;-5.2494;0.3066;-16.2978;-0.04495;0.00914;-0.14172;3
GYRO;3.397;5523.212;0.00399;0.00110;0.00124;0
MAGN;3.399;5523.213;-13.53750;50.58750;-34.55625;0
ACCE;3.404;5523.219;-0.05100;-0.82905;9.99405;0
GYRO;3.405;5523.219;0.00385;0.00027;0.00206;0
MAGN;3.410;5523.223;-13.53750;50.60625;-34.55625;0
AHRS;3.412;5523.227;-5.2494;0.3066;-16.2978;-0.04495;0.00914;-0.14172;3
GYRO;3.412;5523.227;0.00302;-0.00041;0.00151;0
MAGN;3.419;5523.233;-13.53750;50.58750;-34.57500;0
ACCE;3.419;5523.234;-0.03195;-0.79095;9.95595;0
GYRO;3.428;5523.243;0.00275;-0.00124;0.00151;0
MAGN;3.428;5523.243;-13.53750;50.60625;-34.57500;0
ACCE;3.435;5523.251;-0.05100;-0.73395;9.82200;0
AHRS;3.436;5523.251;-5.2494;0.3066;-16.2978;-0.04495;0.00914;-0.14172;3
GYRO;3.436;5523.251;0.00357;-0.00137;0.00234;0
MAGN;3.438;5523.253;-13.51875;50.62500;-34.57500;0
GYRO;3.443;5523.259;0.00467;-0.00110;0.00302;0
MAGN;3.448;5523.263;-13.51875;50.62500;-34.57500;0
ACCE;3.451;5523.267;-0.01305;-0.75300;9.76395;0
AHRS;3.453;5523.267;-5.2494;0.3066;-16.2978;-0.04495;0.00914;-0.14172;3
GYRO;3.454;5523.267;0.00550;-0.00110;0.00330;0
MAGN;3.458;5523.273;-13.51875;50.62500;-34.57500;0
GYRO;3.459;5523.275;0.00550;-0.00110;0.00357;0
ACCE;3.467;5523.283;-0.03195;-0.75300;9.93600;0
AHRS;3.468;5523.283;-5.2494;0.3066;-16.2978;-0.04495;0.00914;-0.14172;3
GYRO;3.470;5523.283;0.00591;-0.00082;0.00302;0
MAGN;3.471;5523.283;-13.51875;50.62500;-34.57500;0
GYRO;3.475;5523.290;0.00674;-0.00027;0.00275;0
MAGN;3.478;5523.293;-13.51875;50.60625;-34.57500;0
ACCE;3.483;5523.298;-0.07005;-0.75300;10.09005;0
AHRS;3.484;5523.298;-5.2494;0.3066;-16.2978;-0.04495;0.00914;-0.14172;3
GYRO;3.485;5523.298;0.07439;0.00041;0.00302;0
MAGN;3.488;5523.303;-13.50000;50.58750;-34.55625;0
GYRO;3.490;5523.306;0.08429;0.00165;0.00261;0
MAGN;3.498;5523.313;-13.48125;50.58750;-34.55625;0
ACCE;3.500;5523.314;-0.07005;-0.77205;10.05105;0
AHRS;3.501;5523.314;-5.2494;0.3066;-16.2978;-0.04495;0.00914;-0.14172;3
GYRO;3.503;5523.314;0.09295;0.00275;0.00247;0
GYRO;3.507;5523.322;0.09639;0.00344;0.00220;0
MAGN;3.508;5523.323;-13.50000;50.58750;-34.53750;0
ACCE;3.514;5523.330;-0.05100;-0.77205;9.91695;0
AHRS;3.515;5523.330;-5.2494;0.3066;-16.2978;-0.04495;0.00914;-0.14172;3
GYRO;3.517;5523.330;0.09130;0.00385;0.00069;0
MAGN;3.517;5523.333;-13.48125;50.56875;-34.51875;0
GYRO;3.522;5523.338;0.08071;0.00357;-0.00014;0
MAGN;3.529;5523.343;-13.50000;50.55000;-34.50000;0
ACCE;3.529;5523.345;-0.01305;-0.77205;9.91695;0
AHRS;3.538;5523.353;-5.2494;0.3066;-16.2978;-0.04495;0.00914;-0.14172;3
GYRO;3.540;5523.353;0.07604;0.00357;-0.00027;0
MAGN;3.541;5523.353;-13.50000;50.56875;-34.53750;0
ACCE;3.548;5523.361;-0.01305;-0.79095;9.89805;0
GYRO;3.549;5523.361;0.07452;0.00357;-0.00069;0
MAGN;3.550;5523.363;-13.50000;50.58750;-34.59375;0
LIGH;3.555;5523.370;40.2;3
AHRS;3.559;5523.370;-4.9616;0.1147;-15.9794;-0.04273;0.00701;-0.13891;3
GYRO;3.560;5523.370;0.00646;0.00330;-0.00096;0
MAGN;3.561;5523.372;-13.50000;50.60625;-34.63125;0
ACCE;3.562;5523.377;-0.01305;-0.77205;9.89805;0
MAGN;3.569;5523.383;-13.50000;50.60625;-34.63125;0
GYRO;3.571;5523.384;0.00522;0.00261;-0.00124;0
ACCE;3.581;5523.393;0.00600;-0.79095;9.89805;0
AHRS;3.581;5523.393;-4.9616;0.1147;-15.9794;-0.04273;0.00701;-0.13891;3
GYRO;3.582;5523.393;0.00385;0.00151;-0.00165;0
MAGN;3.582;5523.393;-13.51875;50.62500;-34.59375;0
GYRO;3.585;5523.401;0.00234;0.00041;-0.00179;0
MAGN;3.588;5523.403;-13.51875;50.64375;-34.59375;0
ACCE;3.593;5523.409;0.00600;-0.79095;9.87900;0
AHRS;3.594;5523.409;-4.9614;0.1148;-15.9794;-0.04272;0.00701;-0.13891;3
GYRO;3.595;5523.409;0.00110;-0.00027;-0.00137;0
MAGN;3.599;5523.413;-13.51875;50.66250;-34.61250;0
GYRO;3.601;5523.416;-0.00014;-0.00110;-0.00082;0
MAGN;3.610;5523.423;-13.50000;50.66250;-34.57500;0
ACCE;3.611;5523.424;0.00600;-0.81000;9.87900;0
AHRS;3.611;5523.424;-4.9614;0.1148;-15.9794;-0.04272;0.00701;-0.13891;3
GYRO;3.614;5523.424;-0.00137;-0.00220;0.00027;0
GYRO;3.617;5523.432;-0.00234;-0.00289;0.00110;0
MAGN;3.618;5523.433;-13.48125;50.62500;-34.55625;0
ACCE;3.627;5523.440;-0.01305;-0.81000;9.84105;0
AHRS;3.628;5523.440;-4.9614;0.1148;-15.9794;-0.04272;0.00701;-0.13891;3
GYRO;3.628;5523.440;-0.00302;-0.00344;0.00179;0
MAGN;3.628;5523.443;-13.48125;50.60625;-34.51875;0
GYRO;3.632;5523.448;-0.00344;-0.00399;0.00220;0
MAGN;3.638;5523.453;-13.48125;50.60625;-34.51875;0
ACCE;3.641;5523.456;-0.03195;-0.79095;9.85995;0
AHRS;3.642;5523.456;-4.9614;0.1148;-15.9794;-0.04272;0.00701;-0.13891;3
GYRO;3.643;5523.456;-0.00344;-0.00399;0.00220;0
MAGN;3.648;5523.463;-13.48125;50.58750;-34.53750;0
ACCE;3.656;5523.472;-0.08895;-0.77205;9.89805;0
GYRO;3.657;5523.472;-0.00316;-0.00357;0.00206;0
MAGN;3.657;5523.473;-13.48125;50.56875;-34.55625;0
AHRS;3.664;5523.479;-4.9614;0.1148;-15.9794;-0.04272;0.00701;-0.13891;3
GYRO;3.665;5523.479;-0.00302;-0.00247;0.00124;0
MAGN;3.668;5523.483;-13.48125;50.56875;-34.55625;0
ACCE;3.672;5523.487;-0.07005;-0.75300;9.89805;0
GYRO;3.673;5523.487;-0.00261;-0.00179;0.00055;0
MAGN;3.679;5523.493;-13.48125;50.56875;-34.57500;0
ACCE;3.690;5523.503;-0.05100;-0.69495;9.87900;0
AHRS;3.691;5523.503;-4.9614;0.1148;-15.9794;-0.04272;0.00701;-0.13891;3
GYRO;3.692;5523.503;-0.00206;-0.00165;0.00055;0
MAGN;3.693;5523.503;-13.50000;50.58750;-34.61250;0
GYRO;3.695;5523.511;-0.00124;-0.00096;-0.00041;0
MAGN;3.698;5523.513;-13.50000;50.58750;-34.63125;0
ACCE;3.703;5523.519;-0.07005;-0.71505;9.87900;0
AHRS;3.705;5523.519;-4.9614;0.1148;-15.9794;-0.04272;0.00701;-0.13891;3
GYRO;3.706;5523.519;-0.00014;0.00027;-0.00041;0
MAGN;3.708;5523.523;-13.48125;50.58750;-34.63125;0
GYRO;3.711;5523.527;0.00069;0.00151;-0.00096;0
LIGH;3.714;5523.530;40.9;3
MAGN;3.719;5523.533;-13.48125;50.58750;-34.63125;0
ACCE;3.720;5523.534;-0.01305;-0.75300;9.97500;0
AHRS;3.721;5523.534;-4.9614;0.1148;-15.9794;-0.04272;0.00701;-0.13891;3
GYRO;3.722;5523.534;0.00165;0.00247;-0.00179;0
GYRO;3.727;5523.543;0.00192;0.00302;-0.00151;0
MAGN;3.729;5523.543;-13.48125;50.60625;-34.65000;0
ACCE;3.735;5523.550;-0.03195;-0.79095;10.03200;0
AHRS;3.736;5523.550;-4.9614;0.1148;-15.9794;-0.04272;0.00701;-0.13891;3
GYRO;3.737;5523.550;0.00234;0.00357;-0.00110;0
MAGN;3.739;5523.553;-13.48125;50.58750;-34.66875;0
GYRO;3.743;5523.558;0.00302;0.00399;-0.00082;0
MAGN;3.748;5523.563;-13.48125;50.58750;-34.66875;0
ACCE;3.751;5523.566;-0.08895;-0.73395;9.87900;0
AHRS;3.752;5523.566;-4.9614;0.1148;-15.9794;-0.04272;0.00701;-0.13891;3
GYRO;3.754;5523.566;0.00371;0.00426;-0.00096;0
MAGN;3.758;5523.573;-13.48125;50.58750;-34.61250;0
GYRO;3.759;5523.574;0.00426;0.00467;-0.00069;0
ACCE;3.767;5523.582;-0.14700;-0.67605;9.72600;0
AHRS;3.769;5523.582;-4.9614;0.1148;-15.9794;-0.04272;0.00701;-0.13891;3
GYRO;3.771;5523.582;0.00481;0.00577;-0.00124;0
MAGN;3.772;5523.583;-13.48125;50.56875;-34.57500;0
GYRO;3.774;5523.590;0.00509;0.00674;-0.00151;0
MAGN;3.779;5523.593;-13.51875;50.56875;-34.55625;0
ACCE;3.782;5523.598;-0.14700;-0.75300;9.80205;0
AHRS;3.788;5523.598;-4.9614;0.1148;-15.9794;-0.04272;0.00701;-0.13891;3
GYRO;3.790;5523.598;0.00467;0.00660;-0.00316;0
MAGN;3.791;5523.603;-13.55625;50.56875;-34.55625;0
ACCE;3.798;5523.613;-0.10800;-0.79095;9.89805;0
GYRO;3.799;5523.613;0.00440;0.00605;-0.00385;0
MAGN;3.800;5523.613;-13.57500;50.55000;-34.57500;0
AHRS;3.806;5523.621;-4.9614;0.1148;-15.9794;-0.04272;0.00701;-0.13891;3
GYRO;3.808;5523.621;0.00399;0.00674;-0.00509;0
MAGN;3.809;5523.623;-13.57500;50.55000;-34.59375;0
ACCE;3.813;5523.629;-0.16605;-0.73395;9.97500;0
GYRO;3.815;5523.629;0.00371;0.07769;-0.00674;0
MAGN;3.818;5523.633;-13.55625;50.55000;-34.63125;0
AHRS;3.821;5523.637;-4.9614;0.1148;-15.9794;-0.04272;0.00701;-0.13891;3
GYRO;3.823;5523.637;0.00344;0.08140;-0.00742;0
MAGN;3.829;5523.643;-13.55625;50.53125;-34.66875;0
ACCE;3.829;5523.644;-0.12795;-0.73395;10.05105;0
GYRO;3.838;5523.653;0.00289;0.07576;-0.00742;0
MAGN;3.839;5523.653;-13.55625;50.51250;-34.66875;0
ACCE;3.845;5523.661;-0.07005;-0.73395;9.99405;0
AHRS;3.846;5523.661;-4.9614;0.1148;-15.9794;-0.04272;0.00701;-0.13891;3
GYRO;3.847;5523.661;0.00247;0.00674;-0.00729;0
MAGN;3.848;5523.663;-13.55625;50.51250;-34.66875;0
GYRO;3.853;5523.669;0.00192;0.00605;-0.00729;0
SOUN;3.853;9.81;0.00030;23.50
MAGN;3.858;5523.673;-13.57500;50.49375;-34.63125;0
ACCE;3.861;5523.676;-0.01305;-0.73395;9.87900;0
AHRS;3.862;5523.676;-4.9614;0.1148;-15.9794;-0.04272;0.00701;-0.13891;3
GYRO;3.863;5523.676;0.00137;0.00495;-0.00701;0
MAGN;3.868;5523.683;-13.57500;50.47500;-34.65000;0
GYRO;3.869;5523.684;0.00096;0.00357;-0.00674;0
LIGH;3.876;5523.690;40.9;3
ACCE;3.878;5523.692;-0.03195;-0.73395;9.78300;0
AHRS;3.878;5523.692;-4.9614;0.1148;-15.9794;-0.04272;0.00701;-0.13891;3
GYRO;3.879;5523.692;0.00082;0.00275;-0.00619;0
MAGN;3.880;5523.693;-13.59375;50.43750;-34.66875;0
GYRO;3.885;5523.700;0.00069;0.00234;-0.00619;0
MAGN;3.888;5523.703;-13.59375;50.41875;-34.63125;0
ACCE;3.892;5523.708;-0.05100;-0.71505;9.74505;0
AHRS;3.893;5523.708;-4.9614;0.1148;-15.9794;-0.04272;0.00701;-0.13891;3
GYRO;3.894;5523.708;0.00069;0.00110;-0.00522;0
MAGN;3.898;5523.713;-13.59375;50.38125;-34.61250;0
ACCE;3.908;5523.723;-0.05100;-0.73395;9.84105;0
GYRO;3.909;5523.723;0.00069;-0.00027;-0.00412;0
MAGN;3.910;5523.723;-13.63125;50.38125;-34.61250;0
AHRS;3.917;5523.732;-4.9614;0.1148;-15.9794;-0.04272;0.00701;-0.13891;3
GYRO;3.917;5523.732;0.00027;-0.00165;-0.00426;0
MAGN;3.919;5523.733;-13.65000;50.36250;-34.59375;0
ACCE;3.924;5523.739;-0.10800;-0.75300;9.87900;0
GYRO;3.924;5523.739;0.00027;-0.00192;-0.00481;0
MAGN;3.928;5523.743;-13.66875;50.36250;-34.61250;0
AHRS;3.932;5523.747;-4.9614;0.1148;-15.9794;-0.04272;0.00701;-0.13891;3
GYRO;3.932;5523.747;0.00041;-0.00192;-0.00440;0
MAGN;3.939;5523.753;-13.66875;50.34375;-34.63125;0
ACCE;3.940;5523.754;-0.10800;-0.77205;9.93600;0
GYRO;3.948;5523.763;0.00014;-0.00220;-0.00412;0
MAGN;3.949;5523.763;-13.68750;50.32500;-34.61250;0
ACCE;3.956;5523.771;-0.12795;-0.79095;9.97500;0
AHRS;3.957;5523.771;-4.9614;0.1148;-15.9794;-0.04272;0.00701;-0.13891;3
GYRO;3.958;5523.771;-0.00069;-0.00275;-0.00426;0
MAGN;3.959;5523.773;-13.70625;50.32500;-34.61250;0
GYRO;3.963;5523.779;-0.00165;-0.00275;-0.00467;0
MAGN;3.968;5523.783;-13.72500;50.32500;-34.61250;0
ACCE;3.971;5523.787;-0.14700;-0.75300;9.97500;0
AHRS;3.972;5523.787;-4.3769;0.3435;-16.3207;-0.03737;0.00838;-0.14195;3
GYRO;3.973;5523.787;-0.00179;-0.00192;-0.00412;0
MAGN;3.979;5523.793;-13.72500;50.32500;-34.59375;0
GYRO;3.980;5523.794;-0.00220;-0.00124;-0.00357;0
ACCE;3.989;5523.802;-0.12795;-0.77205;9.97500;0
AHRS;3.990;5523.802;-4.3769;0.3435;-16.3207;-0.03737;0.00838;-0.14195;3
GYRO;3.991;5523.802;-0.00247;0.00014;-0.00357;0
MAGN;3.992;5523.803;-13.72500;50.32500;-34.59375;0
GYRO;3.995;5523.810;-0.00247;0.00151;-0.00385;0
MAGN;3.998;5523.813;-13.74375;50.30625;-34.61250;0
ACCE;4.003;5523.818;-0.08895;-0.73395;9.85995;0
AHRS;4.004;5523.818;-4.3768;0.3435;-16.3207;-0.03737;0.00838;-0.14195;3
GYRO;4.005;5523.818;-0.00192;0.00289;-0.00399;0
MAGN;4.008;5523.823;-13.74375;50.28750;-34.61250;0
GYRO;4.011;5523.826;-0.00192;0.00399;-0.00467;0
MAGN;4.019;5523.833;-13.76250;50.26875;-34.63125;0
ACCE;4.020;5523.834;-0.12795;-0.75300;9.80205;0
AHRS;4.021;5523.834;-4.3768;0.3435;-16.3207;-0.03737;0.00838;-0.14195;3
GYRO;4.023;5523.834;-0.00247;0.00467;-0.00522;0
GYRO;4.027;5523.842;-0.00247;0.00509;-0.00564;0
MAGN;4.028;5523.843;-13.78125;50.23125;-34.61250;0
LIGH;4.034;5523.850;40.2;3
ACCE;4.035;5523.850;-0.08895;-0.73395;9.80205;0
AHRS;4.041;5523.850;-4.3768;0.3435;-16.3207;-0.03737;0.00838;-0.14195;3
GYRO;4.043;5523.850;-0.00206;0.00577;-0.00495;0
MAGN;4.044;5523.853;-13.78125;50.21250;-34.61250;0
GYRO;4.044;5523.858;-0.00096;0.00605;-0.00385;0
MAGN;4.048;5523.863;-13.80000;50.19375;-34.63125;0
ACCE;4.048;5523.865;-0.10800;-0.69495;9.82200;0
AHRS;4.061;5523.873;-4.3768;0.3435;-16.3207;-0.03737;0.00838;-0.14195;3
GYRO;4.061;5523.873;-0.00027;0.00536;-0.00344;0
MAGN;4.062;5523.873;-13.80000;50.19375;-34.66875;0
ACCE;4.066;5523.881;-0.07005;-0.69495;9.85995;0
GYRO;4.067;5523.881;0.00041;0.00454;-0.00261;0
MAGN;4.068;5523.883;-13.81875;50.19375;-34.72500;0
AHRS;4.074;5523.889;-4.3768;0.3435;-16.3207;-0.03737;0.00838;-0.14195;3
GYRO;4.075;5523.889;0.00096;0.00316;-0.00165;0
MAGN;4.078;5523.893;-13.80000;50.19375;-34.72500;0
ACCE;4.081;5523.897;-0.07005;-0.73395;9.89805;0
GYRO;4.082;5523.897;0.00179;0.00165;-0.00082;0
MAGN;4.092;5523.903;-13.78125;50.17500;-34.74375;0
ACCE;4.098;5523.913;-0.08895;-0.75300;9.95595;0
AHRS;4.098;5523.913;-4.3768;0.3435;-16.3207;-0.03737;0.00838;-0.14195;3
GYRO;4.100;5523.913;0.00192;0.00082;0.00014;0
MAGN;4.101;5523.913;-13.78125;50.17500;-34.76250;0
GYRO;4.108;5523.921;0.00179;-0.00069;0.00179;0
MAGN;4.109;5523.923;-13.76250;50.19375;-34.76250;0
ACCE;4.113;5523.929;-0.10800;-0.75300;9.97500;0
AHRS;4.114;5523.929;-4.3768;0.3435;-16.3207;-0.03737;0.00838;-0.14195;3
GYRO;4.116;5523.929;0.00220;-0.00165;0.00316;0
MAGN;4.118;5523.933;-13.76250;50.17500;-34.76250;0
GYRO;4.121;5523.936;0.00234;-0.00220;0.00412;0
MAGN;4.128;5523.943;-13.78125;50.17500;-34.78125;0
ACCE;4.129;5523.944;-0.12795;-0.69495;9.91695;0
AHRS;4.129;5523.944;-4.3768;0.3435;-16.3207;-0.03737;0.00838;-0.14195;3
GYRO;4.131;5523.944;0.00302;-0.00247;0.00467;0
GYRO;4.138;5523.952;0.00261;-0.00234;0.00454;0
MAGN;4.138;5523.953;-13.78125;50.17500;-34.78125;0
ACCE;4.145;5523.960;-0.10800;-0.69495;9.84105;0
AHRS;4.146;5523.960;-4.3768;0.3435;-16.3207;-0.03737;0.00838;-0.14195;3
GYRO;4.146;5523.960;0.00275;-0.00247;0.00481;0
MAGN;4.146;5523.963;-13.76250;50.15625;-34.76250;0
GYRO;4.152;5523.968;0.00275;-0.00234;0.00481;0
MAGN;4.158;5523.973;-13.74375;50.15625;-34.76250;0
ACCE;4.159;5523.975;-0.12795;-0.73395;9.84105;0
AHRS;4.168;5523.983;-4.3768;0.3435;-16.3207;-0.03737;0.00838;-0.14195;3
GYRO;4.168;5523.983;0.00261;-0.00179;0.00426;0
MAGN;4.170;5523.983;-13.74375;50.15625;-34.76250;0
ACCE;4.177;5523.992;-0.07005;-0.73395;9.93600;0
GYRO;4.177;5523.992;0.00220;-0.00137;0.00371;0
MAGN;4.178;5523.993;-13.72500;50.17500;-34.76250;0
AHRS;4.184;5523.999;-4.3768;0.3435;-16.3207;-0.03737;0.00838;-0.14195;3
GYRO;4.185;5523.999;0.00165;-0.00137;0.00357;0
MAGN;4.188;5524.003;-13.72500;50.19375;-34.76250;0
ACCE;4.192;5524.007;-0.10800;-0.75300;9.93600;0
GYRO;4.193;5524.007;0.00124;-0.00082;0.00357;0
LIGH;4.195;5524.009;40.2;3
MAGN;4.200;5524.013;-13.72500;50.19375;-34.76250;0
ACCE;4.223;5524.023;-0.10800;-0.73395;9.91695;0
AHRS;4.223;5524.023;-4.3768;0.3435;-16.3207;-0.03737;0.00838;-0.14195;3
GYRO;4.223;5524.023;0.00096;-0.00041;0.00289;0
MAGN;4.224;5524.023;-13.70625;50.21250;-34.78125;0
GYRO;4.224;5524.031;0.00082;-0.00000;0.00275;0
MAGN;4.224;5524.033;-13.70625;50.21250;-34.78125;0
ACCE;4.224;5524.039;-0.10800;-0.71505;9.89805;0
AHRS;4.224;5524.039;-4.3768;0.3435;-16.3207;-0.03737;0.00838;-0.14195;3
GNSS;4.225;1745934470.000;24.926193;121.252933;192.800;288.010;4.4;0.0;47;9
GYRO;4.227;5524.039;0.00027;0.00027;0.00247;0
MAGN;4.227;5524.043;-13.68750;50.23125;-34.78125;0
GNSS;4.227;1745934470.000;24.926193;121.252933;192.800;288.010;4.4;0.0;47;9
GYRO;4.230;5524.047;0.00027;-0.00014;0.00302;0
MAGN;4.242;5524.053;-13.66875;50.25000;-34.76250;0
ACCE;4.243;5524.054;-0.08895;-0.71505;9.89805;0
AHRS;4.243;5524.054;-4.3768;0.3435;-16.3207;-0.03737;0.00838;-0.14195;3
GYRO;4.243;5524.054;0.00014;0.00000;0.00357;0
GNSS;4.243;1745934469.133;24.926193;121.252934;194.900;0.000;4.3;0.0;47;9
GYRO;4.247;5524.062;-0.00000;0.00000;0.00344;0
MAGN;4.248;5524.063;-13.65000;50.26875;-34.78125;0
ACCE;4.255;5524.070;-0.10800;-0.73395;9.82200;0
AHRS;4.256;5524.070;-4.3768;0.3435;-16.3207;-0.03737;0.00838;-0.14195;3
GYRO;4.256;5524.070;0.00000;0.00000;0.00385;0
MAGN;4.257;5524.073;-13.61250;50.30625;-34.78125;0
GYRO;4.262;5524.078;-0.00027;0.00014;0.00454;0
MAGN;4.268;5524.083;-13.61250;50.28750;-34.76250;0
ACCE;4.271;5524.086;-0.08895;-0.71505;9.87900;0
AHRS;4.272;5524.086;-4.3768;0.3435;-16.3207;-0.03737;0.00838;-0.14195;3
GYRO;4.273;5524.086;0.00014;-0.00000;0.00481;0
MAGN;4.278;5524.093;-13.61250;50.28750;-34.76250;0
GYRO;4.280;5524.094;0.00055;-0.00027;0.00481;0
ACCE;4.287;5524.102;-0.10800;-0.71505;9.89805;0
AHRS;4.289;5524.102;-4.3768;0.3435;-16.3207;-0.03737;0.00838;-0.14195;3
GYRO;4.290;5524.102;0.00055;-0.00041;0.00454;0
MAGN;4.290;5524.103;-13.61250;50.28750;-34.74375;0
GYRO;4.294;5524.110;0.00096;-0.00027;0.00412;0
MAGN;4.298;5524.113;-13.61250;50.28750;-34.74375;0
ACCE;4.302;5524.118;-0.08895;-0.69495;9.93600;0
AHRS;4.303;5524.118;-4.3768;0.3435;-16.3207;-0.03737;0.00838;-0.14195;3
GYRO;4.308;5524.118;0.00110;-0.00041;0.00371;0
MAGN;4.309;5524.123;-13.61250;50.30625;-34.76250;0
ACCE;4.318;5524.133;-0.08895;-0.75300;9.93600;0
GYRO;4.319;5524.133;0.00096;-0.00041;0.00289;0
MAGN;4.320;5524.133;-13.61250;50.30625;-34.76250;0
AHRS;4.326;5524.141;-4.3769;0.3435;-16.3207;-0.03737;0.00838;-0.14195;3
GYRO;4.327;5524.141;0.00096;-0.00027;0.00165;0
MAGN;4.329;5524.143;-13.63125;50.32500;-34.78125;0
ACCE;4.334;5524.149;-0.10800;-0.73395;9.87900;0
GYRO;4.335;5524.149;0.00069;-0.00000;0.00041;0
MAGN;4.339;5524.153;-13.63125;50.32500;-34.78125;0
AHRS;4.341;5524.157;-4.3768;0.3435;-16.3207;-0.03737;0.00838;-0.14195;3
GYRO;4.342;5524.157;0.00069;0.00041;-0.00082;0
MAGN;4.349;5524.163;-13.63125;50.32500;-34.78125;0
ACCE;4.351;5524.165;-0.08895;-0.71505;9.89805;0
LIGH;4.356;5524.170;40.2;3
SOUN;4.357;9.76;0.00030;23.46
GYRO;4.360;5524.173;0.00082;0.00055;-0.00165;0
MAGN;4.361;5524.173;-13.63125;50.32500;-34.80000;0
ACCE;4.365;5524.181;-0.12795;-0.69495;9.91695;0
AHRS;4.366;5524.181;-4.3768;0.3435;-16.3207;-0.03737;0.00838;-0.14195;3
GYRO;4.368;5524.181;0.00124;0.00124;-0.00247;0
MAGN;4.368;5524.183;-13.63125;50.32500;-34.78125;0
GYRO;4.373;5524.189;0.00165;0.00192;-0.00289;0
MAGN;4.379;5524.193;-13.61250;50.34375;-34.81875;0
ACCE;4.381;5524.196;-0.12795;-0.69495;9.91695;0
AHRS;4.381;5524.196;-4.3769;0.3435;-16.3207;-0.03737;0.00838;-0.14195;3
GYRO;4.383;5524.196;0.00206;0.00220;-0.00261;0
MAGN;4.388;5524.203;-13.61250;50.34375;-34.81875;0
GYRO;4.390;5524.204;0.00220;0.00192;-0.00247;0
ACCE;4.397;5524.212;-0.08895;-0.69495;9.87900;0
AHRS;4.398;5524.212;-4.3769;0.3435;-16.3207;-0.03737;0.00838;-0.14195;3
GYRO;4.399;5524.212;0.00206;0.00137;-0.00234;0
MAGN;4.400;5524.213;-13.61250;50.32500;-34.81875;0
GYRO;4.404;5524.220;0.00206;0.00110;-0.00261;0
MAGN;4.409;5524.223;-13.61250;50.32500;-34.81875;0
ACCE;4.412;5524.228;-0.07005;-0.69495;9.93600;0
AHRS;4.413;5524.228;-4.3768;0.3435;-16.3207;-0.03737;0.00838;-0.14195;3
GYRO;4.414;5524.228;0.00179;0.00096;-0.00261;0
MAGN;4.418;5524.233;-13.61250;50.32500;-34.78125;0
ACCE;4.429;5524.243;-0.10800;-0.65700;9.85995;0
GYRO;4.429;5524.243;0.00206;0.00082;-0.00206;0
MAGN;4.430;5524.243;-13.61250;50.32500;-34.78125;0
AHRS;4.437;5524.252;-4.3768;0.3435;-16.3207;-0.03737;0.00838;-0.14195;3
GYRO;4.438;5524.252;0.00179;0.00000;-0.00165;0
MAGN;4.439;5524.253;-13.61250;50.30625;-34.78125;0
ACCE;4.444;5524.259;-0.01305;-0.77205;9.89805;0
GYRO;4.445;5524.259;0.00110;-0.00069;-0.00220;0
MAGN;4.448;5524.263;-13.63125;50.28750;-34.78125;0
AHRS;4.452;5524.267;-4.3768;0.3435;-16.3207;-0.03737;0.00838;-0.14195;3
GYRO;4.453;5524.267;0.00069;-0.00179;-0.00151;0
MAGN;4.458;5524.273;-13.63125;50.26875;-34.81875;0
ACCE;4.459;5524.274;-0.01305;-0.73395;9.91695;0
GYRO;4.468;5524.283;0.00027;-0.00247;-0.00110;0
MAGN;4.469;5524.283;-13.61250;50.26875;-34.87500;0
ACCE;4.475;5524.291;-0.08895;-0.65700;9.84105;0
AHRS;4.477;5524.291;-4.3768;0.3435;-16.3207;-0.03737;0.00838;-0.14195;3
GYRO;4.478;5524.291;0.00069;-0.00302;-0.00055;0
MAGN;4.479;5524.293;-13.59375;50.26875;-34.91250;0
GYRO;4.483;5524.299;0.00069;-0.00316;-0.00055;0
MAGN;4.488;5524.303;-13.61250;50.25000;-34.96875;0
ACCE;4.491;5524.307;-0.07005;-0.69495;9.76395;0
AHRS;4.492;5524.307;-4.3768;0.3435;-16.3207;-0.03737;0.00838;-0.14195;3
GYRO;4.493;5524.307;0.00055;-0.00330;-0.00014;0
MAGN;4.499;5524.313;-13.59375;50.23125;-34.96875;0
GYRO;4.500;5524.314;0.00027;-0.00344;0.00082;0
ACCE;4.507;5524.322;-0.10800;-0.81000;9.87900;0
AHRS;4.509;5524.322;-4.3769;0.3435;-16.3207;-0.03737;0.00838;-0.14195;3
GYRO;4.511;5524.322;-0.00110;-0.00357;0.00137;0
MAGN;4.512;5524.323;-13.61250;50.21250;-34.93125;0
LIGH;4.514;5524.330;40.2;3
MAGN;4.518;5524.333;-13.63125;50.17500;-34.93125;0
ACCE;4.524;5524.338;0.00600;-0.81000;9.97500;0
GYRO;4.525;5524.338;-0.00179;-0.00426;0.00151;0
MAGN;4.528;5524.343;-13.63125;50.17500;-34.93125;0
AHRS;4.530;5524.346;-4.3768;0.3435;-16.3207;-0.03737;0.00838;-0.14195;3
GYRO;4.531;5524.346;-0.00192;-0.00454;0.00247;0
MAGN;4.539;5524.353;-13.63125;50.17500;-34.95000;0
ACCE;4.539;5524.354;-0.08895;-0.73395;9.91695;0
GYRO;4.541;5524.354;-0.00165;-0.00385;0.00371;0
AHRS;4.547;5524.362;-4.3768;0.3435;-16.3207;-0.03737;0.00838;-0.14195;3
GYRO;4.548;5524.362;-0.00137;-0.00275;0.00385;0
MAGN;4.548;5524.363;-13.66875;50.15625;-34.96875;0
ACCE;4.556;5524.370;-0.07005;-0.67605;9.91695;0
GYRO;4.556;5524.370;-0.00137;-0.00261;0.00330;0
MAGN;4.558;5524.373;-13.66875;50.13750;-34.96875;0
AHRS;4.562;5524.378;-4.3768;0.3435;-16.3207;-0.03737;0.00838;-0.14195;3
GYRO;4.563;5524.378;-0.00192;-0.00261;0.00247;0
MAGN;4.568;5524.383;-13.66875;50.13750;-34.96875;0
ACCE;4.569;5524.385;-0.07005;-0.67605;9.91695;0
GYRO;4.578;5524.393;-0.00206;-0.00275;0.00261;0
MAGN;4.580;5524.393;-13.66875;50.13750;-34.98750;0
ACCE;4.589;5524.401;-0.01305;-0.69495;9.95595;0
AHRS;4.589;5524.401;-4.3768;0.3435;-16.3207;-0.03737;0.00838;-0.14195;3
GYRO;4.590;5524.401;-0.00151;-0.00220;0.00234;0
MAGN;4.590;5524.403;-13.66875;50.10000;-34.98750;0
GYRO;4.594;5524.409;-0.00082;-0.00179;0.00192;0
MAGN;4.598;5524.413;-13.63125;50.10000;-34.96875;0
ACCE;4.601;5524.417;0.00600;-0.67605;9.84105;0
AHRS;4.602;5524.417;-4.3768;0.3435;-16.3207;-0.03737;0.00838;-0.14195;3
GYRO;4.604;5524.417;0.00069;-0.00220;0.00234;0
MAGN;4.608;5524.423;-13.63125;50.08125;-34.93125;0
GYRO;4.611;5524.425;0.00096;-0.00247;0.00289;0
ACCE;4.618;5524.433;-0.01305;-0.67605;9.76395;0
AHRS;4.619;5524.433;-4.3768;0.3435;-16.3207;-0.03737;0.00838;-0.14195;3
GYRO;4.620;5524.433;0.00137;-0.00261;0.00302;0
MAGN;4.624;5524.433;-13.61250;50.08125;-34.93125;0
GYRO;4.625;5524.441;0.00179;-0.00302;0.00316;0
MAGN;4.629;5524.443;-13.59375;50.06250;-34.96875;0
ACCE;4.633;5524.449;-0.05100;-0.67605;9.82200;0
AHRS;4.634;5524.449;-4.3769;0.3435;-16.3207;-0.03737;0.00838;-0.14195;3
GYRO;4.635;5524.449;0.00192;-0.00371;0.00385;0
MAGN;4.638;5524.453;-13.57500;50.06250;-34.98750;0
GYRO;4.641;5524.456;0.00289;-0.00426;0.00467;0
MAGN;4.648;5524.463;-13.55625;50.06250;-35.00625;0
ACCE;4.649;5524.464;-0.07005;-0.69495;9.82200;0
AHRS;4.649;5524.464;-4.3769;0.3435;-16.3207;-0.03737;0.00838;-0.14195;3
GYRO;4.649;5524.464;0.00371;-0.00330;0.00454;0
GYRO;4.657;5524.472;0.00344;-0.00275;0.00426;0
MAGN;4.658;5524.473;-13.55625;50.06250;-35.00625;0
ACCE;4.665;5524.480;-0.05100;-0.75300;9.89805;0
AHRS;4.665;5524.480;-4.3769;0.3435;-16.3207;-0.03737;0.00838;-0.14195;3
GYRO;4.666;5524.480;0.00261;-0.00302;0.00454;0
MAGN;4.666;5524.483;-13.55625;50.06250;-35.00625;0
GYRO;4.673;5524.488;0.00165;-0.00330;0.00412;0
LIGH;4.674;5524.489;40.2;3
MAGN;4.678;5524.493;-13.55625;50.04375;-34.98750;0
ACCE;4.679;5524.495;-0.07005;-0.73395;9.93600;0
AHRS;4.688;5524.503;-4.3769;0.3435;-16.3207;-0.03737;0.00838;-0.14195;3
GYRO;4.689;5524.503;0.00124;-0.00247;0.00302;0
MAGN;4.690;5524.503;-13.57500;50.04375;-35.00625;0
ACCE;4.697;5524.512;-0.08895;-0.73395;9.95595;0
GYRO;4.698;5524.512;0.00082;-0.00151;0.00275;0
MAGN;4.699;5524.513;-13.57500;50.04375;-35.04375;0
AHRS;4.704;5524.519;-4.3769;0.3435;-16.3207;-0.03737;0.00838;-0.14195;3
GYRO;4.705;5524.519;0.00082;0.00027;0.00151;0
MAGN;4.712;5524.523;-13.57500;50.04375;-35.04375;0
ACCE;4.712;5524.527;-0.16605;-0.65700;9.91695;0
GYRO;4.713;5524.527;0.00096;0.00192;-0.00041;0
MAGN;4.719;5524.533;-13.55625;50.04375;-35.08125;0
ACCE;4.729;5524.543;-0.12795;-0.65700;9.84105;0
AHRS;4.731;5524.543;-4.3769;0.3435;-16.3207;-0.03737;0.00838;-0.14195;3
GYRO;4.732;5524.543;0.00082;0.00302;-0.00179;0
MAGN;4.733;5524.543;-13.55625;50.04375;-35.13750;0
GYRO;4.735;5524.551;-0.00027;0.00454;-0.00234;0
MAGN;4.738;5524.553;-13.53750;50.06250;-35.13750;0
ACCE;4.744;5524.559;-0.08895;-0.69495;9.85995;0
AHRS;4.745;5524.559;-4.3769;0.3435;-16.3207;-0.03737;0.00838;-0.14195;3
GYRO;4.747;5524.559;-0.00124;0.00467;-0.00206;0
MAGN;4.748;5524.563;-13.53750;50.06250;-35.15625;0
GYRO;4.751;5524.567;-0.00137;0.00522;-0.00261;0
MAGN;4.759;5524.573;-13.53750;50.08125;-35.13750;0
ACCE;4.760;5524.574;-0.08895;-0.69495;9.85995;0
AHRS;4.761;5524.574;-4.3769;0.3435;-16.3207;-0.03737;0.00838;-0.14195;3
GYRO;4.762;5524.574;-0.00124;0.00605;-0.00330;0
GYRO;4.767;5524.582;-0.00082;0.00687;-0.00357;0
MAGN;4.769;5524.583;-13.55625;50.10000;-35.08125;0
ACCE;4.774;5524.590;-0.10800;-0.63795;9.84105;0
AHRS;4.776;5524.590;-4.3769;0.3435;-16.3207;-0.03737;0.00838;-0.14195;3
GYRO;4.777;5524.590;-0.00014;0.07370;-0.00371;0
MAGN;4.777;5524.592;-13.55625;50.08125;-35.06250;0
GYRO;4.783;5524.598;0.00082;0.07604;-0.00440;0
MAGN;4.788;5524.603;-13.55625;50.04375;-35.02500;0
ACCE;4.791;5524.606;-0.10800;-0.61905;9.91695;0
AHRS;4.796;5524.606;-4.3769;0.3435;-16.3207;-0.03737;0.00838;-0.14195;3
GYRO;4.797;5524.606;0.00179;0.07095;-0.00440;0
MAGN;4.798;5524.613;-13.55625;50.04375;-34.98750;0
GYRO;4.799;5524.614;0.00247;0.00605;-0.00344;0
ACCE;4.807;5524.622;-0.07005;-0.65700;9.99405;0
AHRS;4.808;5524.622;-4.3769;0.3435;-16.3207;-0.03737;0.00838;-0.14195;3
GYRO;4.809;5524.622;0.00316;0.00550;-0.00344;0
MAGN;4.810;5524.623;-13.55625;50.04375;-35.00625;0
GYRO;4.814;5524.630;0.00412;0.00454;-0.00385;0
MAGN;4.818;5524.633;-13.53750;50.06250;-35.00625;0
ACCE;4.822;5524.638;-0.08895;-0.67605;9.99405;0
AHRS;4.822;5524.638;-4.3769;0.3435;-16.3207;-0.03737;0.00838;-0.14195;3
GYRO;4.824;5524.638;0.00467;0.00371;-0.00357;0
MAGN;4.829;5524.643;-13.53750;50.08125;-35.02500;0
LIGH;4.834;5524.650;40.2;3
ACCE;4.838;5524.653;-0.07005;-0.63795;9.93600;0
GYRO;4.838;5524.653;0.00495;0.00247;-0.00275;0
MAGN;4.840;5524.653;-13.55625;50.08125;-35.02500;0
AHRS;4.846;5524.661;-4.3769;0.3435;-16.3207;-0.03737;0.00838;-0.14195;3
GYRO;4.847;5524.661;0.00522;0.00137;-0.00206;0
MAGN;4.847;5524.663;-13.55625;50.08125;-35.04375;0
ACCE;4.855;5524.669;-0.08895;-0.65700;9.87900;0
GYRO;4.855;5524.669;0.00522;0.00041;-0.00179;0
SOUN;4.856;10.53;0.00032;24.12
MAGN;4.859;5524.673;-13.53750;50.10000;-35.08125;0
AHRS;4.861;5524.677;-4.3769;0.3435;-16.3207;-0.03737;0.00838;-0.14195;3
GYRO;4.862;5524.677;0.00509;-0.00055;-0.00055;0
MAGN;4.871;5524.683;-13.53750;50.08125;-35.11875;0
ACCE;4.872;5524.684;-0.07005;-0.67605;9.85995;0
GYRO;4.878;5524.693;0.00467;-0.00096;-0.00027;0
MAGN;4.879;5524.693;-13.53750;50.06250;-35.13750;0
ACCE;4.885;5524.701;-0.08895;-0.69495;9.82200;0
AHRS;4.886;5524.701;-4.3769;0.3435;-16.3207;-0.03737;0.00838;-0.14195;3
GYRO;4.888;5524.701;0.00371;-0.00137;0.00041;0
MAGN;4.889;5524.703;-13.55625;50.06250;-35.13750;0
GYRO;4.894;5524.708;0.00289;-0.00151;0.00027;0
MAGN;4.898;5524.713;-13.55625;50.04375;-35.15625;0
ACCE;4.905;5524.716;-0.10800;-0.69495;9.87900;0
AHRS;4.905;5524.716;-4.3769;0.3435;-16.3207;-0.03737;0.00838;-0.14195;3
GYRO;4.905;5524.716;0.00179;-0.00165;0.00014;0
MAGN;4.908;5524.723;-13.57500;50.04375;-35.17500;0
GYRO;4.909;5524.724;0.00055;-0.00192;-0.00014;0
ACCE;4.917;5524.732;-0.07005;-0.71505;9.89805;0
AHRS;4.918;5524.732;-4.3769;0.3435;-16.3207;-0.03737;0.00838;-0.14195;3
GYRO;4.918;5524.732;-0.00041;-0.00220;-0.00027;0
MAGN;4.919;5524.733;-13.57500;50.06250;-35.15625;0
GYRO;4.926;5524.740;-0.00124;-0.00206;-0.00055;0
MAGN;4.928;5524.743;-13.59375;50.04375;-35.11875;0
ACCE;4.932;5524.748;-0.08895;-0.71505;9.85995;0
AHRS;4.933;5524.748;-4.3769;0.3435;-16.3207;-0.03737;0.00838;-0.14195;3
GYRO;4.935;5524.748;-0.00206;-0.00137;-0.00124;0
MAGN;4.938;5524.753;-13.61250;50.04375;-35.08125;0
ACCE;4.948;5524.763;-0.10800;-0.69495;9.89805;0
GYRO;4.949;5524.763;-0.00220;-0.00082;-0.00151;0
MAGN;4.950;5524.763;-13.61250;50.04375;-35.10000;0
AHRS;4.957;5524.771;-4.3769;0.3435;-16.3207;-0.03737;0.00838;-0.14195;3
GYRO;4.958;5524.771;-0.00302;-0.00014;-0.00289;0
MAGN;4.959;5524.773;-13.61250;50.04375;-35.10000;0
ACCE;4.964;5524.779;-0.10800;-0.69495;9.87900;0
GYRO;4.965;5524.779;-0.00316;0.00000;-0.00330;0
MAGN;4.968;5524.783;-13.61250;50.04375;-35.08125;0
AHRS;4.972;5524.787;-4.3769;0.3435;-16.3207;-0.03737;0.00838;-0.14195;3
GYRO;4.973;5524.787;-0.00371;0.00014;-0.00289;0
MAGN;4.979;5524.793;-13.61250;50.04375;-35.06250;0
ACCE;4.980;5524.794;-0.05100;-0.69495;9.93600;0
GYRO;4.989;5524.803;-0.00399;-0.00014;-0.00247;0
MAGN;4.991;5524.803;-13.59375;50.06250;-35.04375;0
LIGH;4.994;5524.810;40.2;3
ACCE;4.995;5524.810;-0.05100;-0.67605;9.93600;0
MAGN;4.998;5524.813;-13.59375;50.06250;-35.04375;0
AHRS;5.005;5524.819;-4.3769;0.3435;-16.3207;-0.03737;0.00838;-0.14195;3
GYRO;5.007;5524.819;-0.00399;-0.00027;-0.00179;0
MAGN;5.008;5524.823;-13.59375;50.08125;-35.08125;0
ACCE;5.011;5524.827;-0.05100;-0.69495;9.89805;0
GYRO;5.012;5524.827;-0.00385;-0.00041;-0.00096;0
MAGN;5.019;5524.833;-13.61250;50.08125;-35.10000;0
AHRS;5.020;5524.835;-4.3769;0.3435;-16.3207;-0.03737;0.00838;-0.14195;3
GYRO;5.021;5524.835;-0.00330;-0.00041;-0.00082;0
ACCE;5.027;5524.842;-0.05100;-0.67605;9.84105;0
GYRO;5.029;5524.842;-0.00234;-0.00055;-0.00096;0
MAGN;5.030;5524.843;-13.63125;50.08125;-35.06250;0
AHRS;5.035;5524.850;-4.3769;0.3435;-16.3207;-0.03737;0.00838;-0.14195;3
GYRO;5.037;5524.850;-0.00179;-0.00110;-0.00027;0
MAGN;5.038;5524.853;-13.65000;50.08125;-35.08125;0
ACCE;5.043;5524.858;-0.05100;-0.61905;9.82200;0
GYRO;5.047;5524.858;-0.00096;-0.00179;0.00069;0
MAGN;5.048;5524.863;-13.65000;50.08125;-35.08125;0
AHRS;5.053;5524.866;-4.3769;0.3435;-16.3207;-0.03737;0.00838;-0.14195;3
GYRO;5.054;5524.866;0.00000;-0.00192;0.00082;0
MAGN;5.058;5524.873;-13.66875;50.08125;-35.08125;0
ACCE;5.059;5524.874;-0.12795;-0.63795;9.84105;0
GYRO;5.059;5524.874;0.00082;-0.00165;0.00082;0
AHRS;5.067;5524.882;-4.3769;0.3435;-16.3207;-0.03737;0.00838;-0.14195;3
GYRO;5.067;5524.882;0.00165;-0.00110;0.00014;0
MAGN;5.069;5524.883;-13.66875;50.10000;-35.10000;0
ACCE;5.074;5524.890;-0.10800;-0.67605;9.93600;0
GYRO;5.074;5524.890;0.00220;-0.00082;0.00055;0
MAGN;5.078;5524.893;-13.66875;50.11875;-35.10000;0
AHRS;5.082;5524.898;-4.3769;0.3435;-16.3207;-0.03737;0.00838;-0.14195;3
GYRO;5.083;5524.898;0.00220;-0.00082;0.00110;0
MAGN;5.089;5524.903;-13.65000;50.13750;-35.13750;0
ACCE;5.089;5524.905;-0.08895;-0.71505;10.01295;0
GYRO;5.098;5524.913;0.00275;-0.00069;0.00096;0
MAGN;5.100;5524.913;-13.66875;50.13750;-35.15625;0
ACCE;5.106;5524.921;-0.14700;-0.67605;9.99405;0
AHRS;5.107;5524.921;-4.3769;0.3435;-16.3207;-0.03737;0.00838;-0.14195;3
GYRO;5.108;5524.921;0.00275;0.00000;0.00055;0
MAGN;5.110;5524.923;-13.66875;50.13750;-35.17500;0
GYRO;5.114;5524.929;0.00289;0.00124;-0.00014;0
MAGN;5.120;5524.933;-13.66875;50.13750;-35.19375;0
ACCE;5.121;5524.937;-0.16605;-0.65700;9.87900;0
AHRS;5.123;5524.937;-4.3769;0.3435;-16.3207;-0.03737;0.00838;-0.14195;3
GYRO;5.123;5524.937;0.00302;0.00275;-0.00069;0
MAGN;5.128;5524.943;-13.66875;50.11875;-35.19375;0
GYRO;5.128;5524.945;0.00275;0.00426;-0.00165;0
ACCE;5.137;5524.953;-0.12795;-0.67605;9.85995;0
AHRS;5.138;5524.953;-4.3768;0.3435;-16.3207;-0.03737;0.00838;-0.14195;3
GYRO;5.140;5524.953;0.00247;0.00481;-0.00165;0
MAGN;5.140;5524.953;-13.66875;50.11875;-35.21250;0
MAGN;5.148;5524.963;-13.66875;50.10000;-35.23125;0
ACCE;5.153;5524.968;-0.12795;-0.67605;9.84105;0
GYRO;5.153;5524.968;0.00179;0.00467;-0.00165;0
LIGH;5.155;5524.970;40.2;3
MAGN;5.159;5524.973;-13.66875;50.10000;-35.23125;0
AHRS;5.161;5524.976;-4.3768;0.3435;-16.3207;-0.03737;0.00838;-0.14195;3
GYRO;5.161;5524.976;0.00151;0.00481;-0.00151;0
MAGN;5.170;5524.983;-13.66875;50.11875;-35.19375;0
ACCE;5.170;5524.984;-0.12795;-0.67605;9.82200;0
GYRO;5.170;5524.984;0.00124;0.00536;-0.00234;0
AHRS;5.177;5524.992;-4.3767;0.3435;-16.3207;-0.03737;0.00838;-0.14195;3
GYRO;5.182;5524.992;0.00096;0.00605;-0.00344;0
MAGN;5.183;5524.993;-13.66875;50.10000;-35.15625;0
ACCE;5.185;5525.000;-0.08895;-0.67605;9.84105;0
GYRO;5.185;5525.000;0.00055;0.00577;-0.00371;0
MAGN;5.186;5525.003;-13.66875;50.10000;-35.13750;0
AHRS;5.193;5525.008;-4.3767;0.3435;-16.3207;-0.03737;0.00838;-0.14195;3
GYRO;5.193;5525.008;-0.00027;0.00509;-0.00302;0
MAGN;5.198;5525.013;-13.63125;50.11875;-35.15625;0
ACCE;5.199;5525.015;-0.05100;-0.75300;9.87900;0
GYRO;5.221;5525.023;-0.00124;0.00385;-0.00179;0
MAGN;5.222;5525.023;-13.63125;50.11875;-35.17500;0
ACCE;5.222;5525.031;-0.03195;-0.75300;9.93600;0
AHRS;5.222;5525.031;-4.3768;0.3435;-16.3207;-0.03737;0.00838;-0.14195;3
GYRO;5.223;5525.031;-0.00192;0.00220;-0.00082;0
MAGN;5.223;5525.033;-13.63125;50.11875;-35.21250;0
GYRO;5.223;5525.039;-0.00234;0.00124;-0.00000;0
GNSS;5.223;1745934471.000;24.926195;121.252943;192.900;288.010;4.4;0.0;47;9
GNSS;5.225;1745934471.000;24.926195;121.252943;192.900;288.010;4.4;0.0;47;9
MAGN;5.228;5525.043;-13.63125;50.11875;-35.23125;0
ACCE;5.231;5525.047;-0.10800;-0.61905;9.87900;0
AHRS;5.239;5525.047;-4.3767;0.3435;-16.3207;-0.03737;0.00838;-0.14195;3
GYRO;5.240;5525.047;-0.00192;0.00041;0.00082;0
MAGN;5.240;5525.053;-13.63125;50.13750;-35.23125;0
GNSS;5.240;1745934470.132;24.926195;121.252942;194.900;0.000;4.3;0.0;47;9
ACCE;5.248;5525.063;-0.14700;-0.65700;9.80205;0
GYRO;5.249;5525.063;-0.00179;0.00000;0.00096;0
MAGN;5.250;5525.063;-13.61250;50.13750;-35.23125;0
AHRS;5.255;5525.071;-4.3767;0.3435;-16.3207;-0.03737;0.00838;-0.14195;3
GYRO;5.256;5525.071;-0.00192;-0.00096;0.00151;0
MAGN;5.256;5525.073;-13.61250;50.11875;-35.23125;0
ACCE;5.263;5525.079;-0.14700;-0.69495;9.87900;0
GYRO;5.264;5525.079;-0.00220;-0.00179;0.00179;0
MAGN;5.268;5525.083;-13.61250;50.10000;-35.23125;0
AHRS;5.271;5525.087;-4.3767;0.3435;-16.3207;-0.03737;0.00838;-0.14195;3
GYRO;5.272;5525.087;-0.00275;-0.00192;0.00137;0
MAGN;5.279;5525.093;-13.59375;50.08125;-35.23125;0
ACCE;5.280;5525.094;-0.12795;-0.77205;9.91695;0
GYRO;5.280;5525.094;-0.00316;-0.00179;0.00165;0
AHRS;5.287;5525.102;-4.3768;0.3435;-16.3207;-0.03737;0.00838;-0.14195;3
GYRO;5.288;5525.102;-0.00344;-0.00179;0.00220;0
MAGN;5.289;5525.103;-13.57500;50.08125;-35.23125;0
ACCE;5.295;5525.110;-0.10800;-0.73395;9.95595;0
GYRO;5.297;5525.110;-0.00344;-0.00165;0.00275;0
MAGN;5.297;5525.112;-13.57500;50.06250;-35.23125;0
AHRS;5.303;5525.118;-4.3769;0.3435;-16.3207;-0.03737;0.00838;-0.14195;3
GYRO;5.304;5525.118;-0.00289;-0.00096;0.00261;0
MAGN;5.308;5525.123;-13.57500;50.06250;-35.23125;0
ACCE;5.311;5525.126;-0.14700;-0.65700;9.93600;0
GYRO;5.312;5525.126;-0.00275;-0.00069;0.00220;0
LIGH;5.312;5525.129;40.2;3
MAGN;5.318;5525.133;-13.57500;50.06250;-35.21250;0
AHRS;5.319;5525.134;-4.3769;0.3435;-16.3207;-0.03737;0.00838;-0.14195;3
GYRO;5.319;5525.134;-0.00302;-0.00041;0.00192;0
ACCE;5.326;5525.142;-0.07005;-0.63795;9.89805;0
MAGN;5.327;5525.143;-13.55625;50.06250;-35.25000;0
GYRO;5.334;5525.150;-0.00275;-0.00055;0.00234;0
MAGN;5.338;5525.153;-13.55625;50.08125;-35.26875;0
ACCE;5.342;5525.157;-0.05100;-0.67605;9.89805;0
AHRS;5.343;5525.157;-4.3769;0.3435;-16.3207;-0.03737;0.00838;-0.14195;3
GYRO;5.344;5525.157;-0.00179;-0.00027;0.00179;0
MAGN;5.349;5525.163;-13.55625;50.08125;-35.25000;0
SOUN;5.356;10.53;0.00032;24.12
ACCE;5.365;5525.173;-0.05100;-0.67605;9.87900;0
GYRO;5.366;5525.173;-0.00124;0.00000;0.00179;0
MAGN;5.369;5525.173;-13.55625;50.08125;-35.28750;0
AHRS;5.371;5525.181;-4.3769;0.3435;-16.3207;-0.03737;0.00838;-0.14195;3
GYRO;5.372;5525.181;-0.00014;-0.00027;0.00234;0
MAGN;5.372;5525.183;-13.55625;50.08125;-35.32500;0
ACCE;5.373;5525.189;-0.08895;-0.67605;9.87900;0
GYRO;5.374;5525.189;0.00014;-0.00055;0.00247;0
MAGN;5.378;5525.193;-13.55625;50.06250;-35.32500;0
AHRS;5.382;5525.197;-4.3769;0.3435;-16.3207;-0.03737;0.00838;-0.14195;3
GYRO;5.382;5525.197;0.00096;-0.00082;0.00192;0
MAGN;5.389;5525.203;-13.55625;50.04375;-35.34375;0
ACCE;5.389;5525.204;-0.08895;-0.65700;9.91695;0
GYRO;5.389;5525.204;0.00151;-0.00082;0.00096;0
AHRS;5.398;5525.213;-4.3769;0.3435;-16.3207;-0.03737;0.00838;-0.14195;3
GYRO;5.400;5525.213;0.00179;-0.00137;0.00096;0
MAGN;5.400;5525.213;-13.53750;50.04375;-35.36250;0
ACCE;5.404;5525.220;-0.10800;-0.67605;9.95595;0
GYRO;5.406;5525.220;0.00234;-0.00234;0.00151;0
MAGN;5.406;5525.223;-13.53750;50.02500;-35.38125;0
AHRS;5.413;5525.228;-4.3769;0.3435;-16.3207;-0.03737;0.00838;-0.14195;3
GYRO;5.413;5525.228;0.00302;-0.00261;0.00165;0
MAGN;5.418;5525.233;-13.51875;50.02500;-35.40000;0
ACCE;5.421;5525.236;-0.12795;-0.69495;9.89805;0
GYRO;5.421;5525.236;0.00344;-0.00220;0.00192;0
MAGN;5.428;5525.243;-13.50000;50.02500;-35.38125;0
AHRS;5.428;5525.245;-4.3769;0.3435;-16.3207;-0.03737;0.00838;-0.14195;3
GYRO;5.429;5525.245;0.00289;-0.00192;0.00206;0
ACCE;5.436;5525.252;-0.16605;-0.69495;9.84105;0
MAGN;5.437;5525.253;-13.46250;50.02500;-35.36250;0
GYRO;5.444;5525.260;0.00247;-0.00192;0.00261;0
MAGN;5.450;5525.263;-13.46250;50.04375;-35.32500;0
ACCE;5.452;5525.268;-0.14700;-0.71505;9.85995;0
AHRS;5.453;5525.268;-4.3769;0.3435;-16.3207;-0.03737;0.00838;-0.14195;3
GYRO;5.454;5525.268;0.00165;-0.00179;0.00302;0
MAGN;5.459;5525.273;-13.46250;50.02500;-35.28750;0
GYRO;5.459;5525.276;0.00151;-0.00069;0.00179;0
ACCE;5.469;5525.283;-0.18495;-0.69495;9.84105;0
MAGN;5.469;5525.283;-13.46250;50.02500;-35.30625;0
LIGH;5.474;5525.290;40.9;3
AHRS;5.478;5525.291;-4.3769;0.3435;-16.3207;-0.03737;0.00838;-0.14195;3
GYRO;5.480;5525.291;0.00151;0.00055;0.00110;0
MAGN;5.481;5525.293;-13.46250;50.04375;-35.32500;0
ACCE;5.486;5525.299;-0.18495;-0.65700;9.84105;0
GYRO;5.487;5525.299;0.00165;0.00220;-0.00055;0
MAGN;5.488;5525.303;-13.46250;50.06250;-35.34375;0
AHRS;5.492;5525.307;-4.3769;0.3435;-16.3207;-0.03737;0.00838;-0.14195;3
GYRO;5.493;5525.307;0.00137;0.00412;-0.00247;0
MAGN;5.499;5525.313;-13.46250;50.06250;-35.32500;0
ACCE;5.499;5525.315;-0.20400;-0.69495;9.87900;0
GYRO;5.507;5525.323;0.00069;0.00522;-0.00316;0
MAGN;5.508;5525.323;-13.46250;50.04375;-35.30625;0
ACCE;5.515;5525.331;-0.18495;-0.69495;9.91695;0
AHRS;5.519;5525.331;-4.3769;0.3435;-16.3207;-0.03737;0.00838;-0.14195;3
GYRO;5.520;5525.331;-0.00041;0.00619;-0.00357;0
MAGN;5.521;5525.333;-13.44375;50.04375;-35.32500;0
GYRO;5.523;5525.339;-0.00124;0.00687;-0.00467;0
MAGN;5.528;5525.343;-13.44375;50.04375;-35.34375;0
ACCE;5.532;5525.347;-0.24195;-0.60000;9.85995;0
AHRS;5.533;5525.347;-4.3767;0.3435;-16.3207;-0.03737;0.00838;-0.14195;3
GYRO;5.534;5525.347;-0.00096;0.07975;-0.00550;0
MAGN;5.538;5525.353;-13.44375;50.02500;-35.34375;0
GYRO;5.540;5525.354;-0.00069;0.09295;-0.00660;0
ACCE;5.547;5525.362;-0.18495;-0.65700;9.89805;0
AHRS;5.553;5525.362;-4.3767;0.3435;-16.3207;-0.03737;0.00838;-0.14195;3
GYRO;5.554;5525.362;0.00000;0.10010;-0.00742;0
MAGN;5.555;5525.363;-13.44375;50.02500;-35.36250;0
GYRO;5.556;5525.370;0.00055;0.09446;-0.00674;0
MAGN;5.558;5525.373;-13.44375;50.04375;-35.36250;0
ACCE;5.563;5525.378;-0.10800;-0.71505;9.87900;0
AHRS;5.568;5525.378;-4.3767;0.3435;-16.3207;-0.03737;0.00838;-0.14195;3
GYRO;5.569;5525.378;0.00041;0.08621;-0.00564;0
MAGN;5.569;5525.383;-13.44375;50.04375;-35.38125;0
MAGN;5.578;5525.393;-13.44375;50.06250;-35.41875;0
ACCE;5.579;5525.394;-0.18495;-0.71505;9.89805;0
GYRO;5.580;5525.394;0.00027;0.07604;-0.00426;0
MAGN;5.587;5525.403;-13.46250;50.08125;-35.45625;0
ACCE;5.594;5525.410;-0.12795;-0.69495;10.01295;0
AHRS;5.595;5525.410;-4.3767;0.3435;-16.3207;-0.03737;0.00838;-0.14195;3
GYRO;5.596;5525.410;0.00055;0.00605;-0.00247;0
MAGN;5.597;5525.413;-13.46250;50.08125;-35.45625;0
GYRO;5.603;5525.417;0.00041;0.00509;-0.00165;0
MAGN;5.608;5525.423;-13.44375;50.08125;-35.45625;0
ACCE;5.610;5525.425;-0.08895;-0.69495;9.91695;0
AHRS;5.618;5525.433;-4.3767;0.3435;-16.3207;-0.03737;0.00838;-0.14195;3
GYRO;5.620;5525.433;0.00055;0.00399;-0.00096;0
MAGN;5.625;5525.433;-13.44375;50.08125;-35.43750;0
ACCE;5.628;5525.441;-0.16605;-0.63795;9.87900;0
GYRO;5.629;5525.441;0.00069;0.00275;-0.00055;0
MAGN;5.630;5525.443;-13.44375;50.06250;-35.38125;0
LIGH;5.634;5525.449;40.9;3
AHRS;5.634;5525.449;-4.3767;0.3435;-16.3207;-0.03737;0.00838;-0.14195;3
GYRO;5.636;5525.449;0.00041;0.00137;-0.00027;0
MAGN;5.637;5525.452;-13.44375;50.06250;-35.34375;0
ACCE;5.641;5525.457;-0.20400;-0.63795;9.84105;0
MAGN;5.648;5525.463;-13.42500;50.04375;-35.32500;0
GYRO;5.649;5525.464;0.00041;-0.00014;0.00055;0
ACCE;5.657;5525.473;-0.14700;-0.63795;9.93600;0
AHRS;5.658;5525.473;-4.3767;0.3435;-16.3207;-0.03737;0.00838;-0.14195;3
GYRO;5.660;5525.473;0.00069;-0.00137;0.00137;0
MAGN;5.660;5525.473;-13.40625;50.04375;-35.30625;0
GYRO;5.667;5525.480;0.00110;-0.00206;0.00220;0
MAGN;5.672;5525.483;-13.38750;50.00625;-35.28750;0
ACCE;5.672;5525.488;-0.14700;-0.67605;9.85995;0
AHRS;5.673;5525.488;-4.3767;0.3435;-16.3207;-0.03737;0.00838;-0.14195;3
GYRO;5.674;5525.488;0.00124;-0.00220;0.00247;0
MAGN;5.678;5525.493;-13.36875;50.02500;-35.28750;0
GYRO;5.680;5525.496;0.00069;-0.00344;0.00330;0
MAGN;5.688;5525.503;-13.36875;50.02500;-35.28750;0
ACCE;5.689;5525.504;-0.10800;-0.69495;9.91695;0
AHRS;5.689;5525.504;-4.3767;0.3435;-16.3207;-0.03737;0.00838;-0.14195;3
GYRO;5.689;5525.504;0.00014;-0.00454;0.00385;0
GYRO;5.697;5525.512;-0.00014;-0.00509;0.00357;0
MAGN;5.698;5525.513;-13.36875;50.02500;-35.26875;0
ACCE;5.705;5525.520;-0.07005;-0.71505;9.89805;0
AHRS;5.705;5525.520;-4.3767;0.3435;-16.3207;-0.03737;0.00838;-0.14195;3
GYRO;5.705;5525.520;-0.00041;-0.00550;0.00371;0
MAGN;5.706;5525.523;-13.35000;50.04375;-35.25000;0
GYRO;5.712;5525.528;-0.00069;-0.00564;0.00412;0
MAGN;5.719;5525.533;-13.35000;50.04375;-35.23125;0
ACCE;5.719;5525.535;-0.10800;-0.69495;9.87900;0
AHRS;5.728;5525.543;-4.3769;0.3435;-16.3207;-0.03737;0.00838;-0.14195;3
GYRO;5.729;5525.543;-0.00069;-0.00577;0.00495;0
MAGN;5.730;5525.543;-13.33125;50.02500;-35.23125;0
ACCE;5.736;5525.551;-0.08895;-0.73395;9.85995;0
GYRO;5.737;5525.551;-0.00151;-0.00605;0.00591;0
MAGN;5.739;5525.553;-13.33125;50.02500;-35.23125;0
AHRS;5.744;5525.559;-4.3769;0.3435;-16.3207;-0.03737;0.00838;-0.14195;3
GYRO;5.745;5525.559;-0.00206;-0.00577;0.00660;0
MAGN;5.748;5525.563;-13.31250;50.02500;-35.28750;0
ACCE;5.751;5525.567;-0.08895;-0.69495;9.82200;0
GYRO;5.752;5525.567;-0.00234;-0.00605;0.00715;0
MAGN;5.759;5525.573;-13.31250;50.02500;-35.30625;0
ACCE;5.769;5525.583;-0.07005;-0.71505;9.89805;0
AHRS;5.771;5525.583;-4.3769;0.3435;-16.3207;-0.03737;0.00838;-0.14195;3
GYRO;5.772;5525.583;-0.00261;-0.00605;0.00687;0
MAGN;5.773;5525.583;-13.31250;50.04375;-35.30625;0
MAGN;5.778;5525.593;-13.31250;50.02500;-35.30625;0
ACCE;5.783;5525.599;-0.08895;-0.73395;9.95595;0
GYRO;5.784;5525.599;-0.00234;-0.00536;0.00605;0
MAGN;5.788;5525.603;-13.31250;50.00625;-35.30625;0
AHRS;5.791;5525.606;-4.3769;0.3435;-16.3207;-0.03737;0.00838;-0.14195;3
GYRO;5.792;5525.606;-0.00247;-0.00481;0.00522;0
LIGH;5.793;5525.609;40.9;3
MAGN;5.798;5525.613;-13.31250;50.00625;-35.34375;0
ACCE;5.799;5525.614;-0.12795;-0.69495;9.91695;0
GYRO;5.803;5525.614;-0.00261;-0.00399;0.00412;0
AHRS;5.807;5525.622;-4.3769;0.3435;-16.3207;-0.03737;0.00838;-0.14195;3
GYRO;5.809;5525.622;-0.00247;-0.00302;0.00275;0
MAGN;5.810;5525.623;-13.31250;50.00625;-35.36250;0
ACCE;5.819;5525.630;-0.16605;-0.67605;9.84105;0
GYRO;5.820;5525.630;-0.00247;-0.00261;0.00261;0
MAGN;5.821;5525.633;-13.31250;50.00625;-35.36250;0
AHRS;5.822;5525.638;-4.3769;0.3435;-16.3207;-0.03737;0.00838;-0.14195;3
GYRO;5.823;5525.638;-0.00220;-0.00247;0.00289;0
MAGN;5.828;5525.643;-13.31250;50.02500;-35.34375;0
ACCE;5.830;5525.646;-0.10800;-0.65700;9.89805;0
GYRO;5.832;5525.646;-0.00151;-0.00220;0.00206;0
MAGN;5.838;5525.653;-13.29375;50.04375;-35.30625;0
ACCE;5.847;5525.662;-0.14700;-0.63795;9.93600;0
AHRS;5.848;5525.662;-4.3767;0.3435;-16.3207;-0.03737;0.00838;-0.14195;3
GYRO;5.849;5525.662;-0.00096;-0.00165;0.00096;0
MAGN;5.850;5525.663;-13.29375;50.06250;-35.32500;0
GYRO;5.854;5525.670;-0.00014;-0.00027;-0.00082;0
SOUN;5.857;8.75;0.00027;22.51
MAGN;5.861;5525.673;-13.29375;50.04375;-35.32500;0
ACCE;5.862;5525.677;-0.16605;-0.60000;9.87900;0
AHRS;5.863;5525.677;-4.3767;0.3435;-16.3207;-0.03737;0.00838;-0.14195;3
GYRO;5.864;5525.677;0.00110;0.00082;-0.00179;0
MAGN;5.869;5525.683;-13.29375;50.04375;-35.34375;0
ACCE;5.878;5525.693;-0.16605;-0.58095;9.89805;0
GYRO;5.883;5525.693;0.00206;0.00137;-0.00179;0
MAGN;5.885;5525.693;-13.29375;50.04375;-35.34375;0
AHRS;5.887;5525.701;-4.3767;0.3435;-16.3207;-0.03737;0.00838;-0.14195;3
GYRO;5.887;5525.701;0.00399;0.00247;-0.00165;0
MAGN;5.887;5525.703;-13.29375;50.04375;-35.34375;0
ACCE;5.893;5525.709;-0.20400;-0.60000;9.99405;0
GYRO;5.894;5525.709;0.00591;0.00357;-0.00124;0
MAGN;5.899;5525.713;-13.31250;50.04375;-35.34375;0
AHRS;5.901;5525.717;-4.3767;0.3435;-16.3207;-0.03737;0.00838;-0.14195;3
GYRO;5.902;5525.717;0.00674;0.00440;-0.00151;0
MAGN;5.908;5525.723;-13.31250;50.04375;-35.36250;0
ACCE;5.909;5525.725;-0.22305;-0.65700;10.05105;0
GYRO;5.909;5525.725;0.07288;0.00564;-0.00247;0
AHRS;5.917;5525.733;-3.8944;0.8015;-16.2007;-0.03265;0.01171;-0.14106;3
GYRO;5.920;5525.733;0.07659;0.00660;-0.00371;0
MAGN;5.920;5525.733;-13.31250;50.06250;-35.41875;0
ACCE;5.925;5525.740;-0.16605;-0.65700;9.99405;0
GYRO;5.926;5525.740;0.07741;0.07164;-0.00454;0
MAGN;5.926;5525.743;-13.29375;50.06250;-35.45625;0
AHRS;5.933;5525.748;-3.8944;0.8015;-16.2007;-0.03265;0.01171;-0.14106;3
GYRO;5.934;5525.748;0.07645;0.07026;-0.00495;0
MAGN;5.938;5525.753;-13.31250;50.06250;-35.45625;0
ACCE;5.941;5525.756;-0.12795;-0.65700;9.89805;0
GYRO;5.941;5525.756;0.00687;0.00605;-0.00509;0
MAGN;5.948;5525.763;-13.31250;50.06250;-35.47500;0
AHRS;5.949;5525.764;-3.8944;0.8015;-16.2007;-0.03265;0.01171;-0.14106;3
GYRO;5.949;5525.764;0.00605;0.00522;-0.00481;0
LIGH;5.955;5525.770;40.2;3
ACCE;5.957;5525.772;-0.10800;-0.67605;9.85995;0
GYRO;5.958;5525.772;0.00522;0.00495;-0.00495;0
MAGN;5.959;5525.773;-13.33125;50.04375;-35.47500;0
AHRS;5.964;5525.780;-3.8944;0.8015;-16.2007;-0.03265;0.01171;-0.14106;3
GYRO;5.965;5525.780;0.00357;0.00412;-0.00509;0
MAGN;5.966;5525.782;-13.33125;50.06250;-35.49375;0
ACCE;5.973;5525.788;-0.05100;-0.69495;9.87900;0
GYRO;5.973;5525.788;0.00165;0.00234;-0.00426;0
MAGN;5.978;5525.793;-13.35000;50.06250;-35.49375;0
ACCE;5.989;5525.803;-0.05100;-0.73395;9.85995;0
AHRS;5.990;5525.803;-3.8944;0.8015;-16.2007;-0.03265;0.01171;-0.14106;3
GYRO;5.991;5525.803;0.00041;0.00096;-0.00330;0
MAGN;5.992;5525.803;-13.36875;50.04375;-35.47500;0
GYRO;5.996;5525.811;-0.00096;-0.00110;-0.00261;0
MAGN;5.997;5525.813;-13.38750;50.04375;-35.45625;0
ACCE;6.003;5525.819;-0.10800;-0.65700;9.78300;0
AHRS;6.005;5525.819;-3.8944;0.8015;-16.2007;-0.03265;0.01171;-0.14106;3
GYRO;6.006;5525.819;-0.00234;-0.00234;-0.00247;0
MAGN;6.007;5525.822;-13.38750;50.04375;-35.45625;0
GYRO;6.012;5525.827;-0.00371;-0.00302;-0.00192;0
MAGN;6.018;5525.833;-13.38750;50.04375;-35.45625;0
ACCE;6.019;5525.834;-0.14700;-0.69495;9.76395;0
AHRS;6.028;5525.843;-3.8944;0.8015;-16.2007;-0.03265;0.01171;-0.14106;3
GYRO;6.029;5525.843;-0.00440;-0.00330;-0.00137;0
MAGN;6.031;5525.843;-13.38750;50.04375;-35.43750;0
ACCE;6.035;5525.851;-0.16605;-0.71505;9.80205;0
GYRO;6.036;5525.851;-0.00536;-0.00330;-0.00055;0
MAGN;6.037;5525.853;-13.40625;50.04375;-35.41875;0
AHRS;6.043;5525.859;-3.8944;0.8015;-16.2007;-0.03265;0.01171;-0.14106;3
GYRO;6.045;5525.859;-0.00660;-0.00371;0.00000;0
MAGN;6.048;5525.863;-13.42500;50.04375;-35.38125;0
ACCE;6.051;5525.866;-0.12795;-0.75300;9.93600;0
GYRO;6.056;5525.866;-0.07095;-0.00426;0.00000;0
MAGN;6.059;5525.873;-13.42500;50.02500;-35.36250;0
AHRS;6.059;5525.874;-3.8944;0.8015;-16.2007;-0.03265;0.01171;-0.14106;3
GYRO;6.060;5525.874;-0.07425;-0.00426;0.00027;0
ACCE;6.067;5525.882;-0.14700;-0.71505;9.95595;0
GYRO;6.068;5525.882;-0.07205;-0.00344;0.00000;0
MAGN;6.069;5525.883;-13.40625;50.04375;-35.34375;0
AHRS;6.074;5525.890;-3.8944;0.8015;-16.2007;-0.03265;0.01171;-0.14106;3
GYRO;6.075;5525.890;-0.00660;-0.00247;0.00014;0
MAGN;6.076;5525.892;-13.40625;50.02500;-35.34375;0
ACCE;6.082;5525.898;-0.14700;-0.63795;9.85995;0
GYRO;6.083;5525.898;-0.00564;-0.00192;0.00014;0
MAGN;6.089;5525.903;-13.40625;50.00625;-35.36250;0
AHRS;6.090;5525.906;-3.8944;0.8015;-16.2007;-0.03265;0.01171;-0.14106;3
GYRO;6.090;5525.906;-0.00481;-0.00124;-0.00027;0
ACCE;6.098;5525.913;-0.12795;-0.65700;9.85995;0
MAGN;6.098;5525.913;-13.40625;50.00625;-35.36250;0
GYRO;6.106;5525.922;-0.00371;-0.00096;-0.00027;0
MAGN;6.108;5525.923;-13.40625;49.98750;-35.36250;0
LIGH;6.114;5525.930;40.2;3
ACCE;6.116;5525.930;-0.08895;-0.67605;9.85995;0
AHRS;6.116;5525.930;-3.8944;0.8015;-16.2007;-0.03265;0.01171;-0.14106;3
GYRO;6.117;5525.930;-0.00316;-0.00041;-0.00041;0
MAGN;6.117;5525.932;-13.40625;49.98750;-35.36250;0
MAGN;6.130;5525.943;-13.40625;49.96875;-35.43750;0
ACCE;6.130;5525.944;-0.10800;-0.61905;9.89805;0
GYRO;6.131;5525.944;-0.00179;0.00014;-0.00055;0
AHRS;6.137;5525.953;-3.8944;0.8015;-16.2007;-0.03265;0.01171;-0.14106;3
GYRO;6.139;5525.953;-0.00014;0.00082;-0.00055;0
MAGN;6.142;5525.953;-13.40625;49.96875;-35.51250;0
ACCE;6.147;5525.961;-0.07005;-0.61905;9.89805;0
GYRO;6.148;5525.961;0.00110;0.00082;0.00041;0
MAGN;6.148;5525.963;-13.40625;49.93125;-35.49375;0
AHRS;6.153;5525.969;-3.8944;0.8015;-16.2007;-0.03265;0.01171;-0.14106;3
GYRO;6.154;5525.969;0.00220;0.00082;0.00082;0
MAGN;6.158;5525.973;-13.38750;49.93125;-35.45625;0
ACCE;6.161;5525.977;-0.10800;-0.61905;9.89805;0
GYRO;6.162;5525.977;0.00330;0.00027;0.00137;0
MAGN;6.168;5525.983;-13.38750;49.93125;-35.45625;0
AHRS;6.169;5525.984;-3.8944;0.8015;-16.2007;-0.03265;0.01171;-0.14106;3
GYRO;6.171;5525.984;0.00385;-0.00124;0.00302;0
ACCE;6.177;5525.992;-0.07005;-0.63795;9.97500;0
GYRO;6.177;5525.992;0.00481;-0.00220;0.00509;0
MAGN;6.180;5525.993;-13.36875;49.91250;-35.45625;0
AHRS;6.184;5526.000;-3.8944;0.8015;-16.2007;-0.03265;0.01171;-0.14106;3
GYRO;6.185;5526.000;0.00550;-0.00261;0.00660;0
MAGN;6.186;5526.003;-13.38750;49.89375;-35.45625;0
ACCE;6.193;5526.008;-0.14700;-0.63795;9.87900;0
GYRO;6.194;5526.008;0.00619;-0.00261;0.00632;0
MAGN;6.199;5526.013;-13.36875;49.87500;-35.47500;0
AHRS;6.217;5526.016;-3.8944;0.8015;-16.2007;-0.03265;0.01171;-0.14106;3
GYRO;6.217;5526.016;0.00674;-0.00247;0.00591;0
MAGN;6.217;5526.023;-13.36875;49.85625;-35.51250;0
ACCE;6.217;5526.024;-0.16605;-0.65700;9.89805;0
GYRO;6.217;5526.024;0.00619;-0.00289;0.00605;0
AHRS;6.218;5526.032;-3.8944;0.8015;-16.2007;-0.03265;0.01171;-0.14106;3
GYRO;6.218;5526.032;0.00522;-0.00289;0.00577;0
MAGN;6.218;5526.033;-13.36875;49.83750;-35.51250;0
GNSS;6.218;1745934472.000;24.926192;121.252942;193.000;288.010;4.4;0.0;47;7
GNSS;6.220;1745934472.000;24.926192;121.252942;193.000;288.010;4.4;0.0;47;7
ACCE;6.223;5526.040;-0.16605;-0.69495;9.97500;0
GYRO;6.224;5526.040;0.00454;-0.00220;0.00481;0
MAGN;6.233;5526.043;-13.36875;49.81875;-35.51250;0
AHRS;6.234;5526.048;-3.8944;0.8015;-16.2007;-0.03265;0.01171;-0.14106;3
GYRO;6.234;5526.048;0.00426;-0.00110;0.00330;0
GNSS;6.235;1745934471.132;24.926192;121.252942;194.900;0.000;4.3;0.0;47;7
MAGN;6.238;5526.053;-13.35000;49.80000;-35.55000;0
ACCE;6.239;5526.055;-0.16605;-0.69495;9.91695;0
GYRO;6.248;5526.063;0.00357;-0.00014;0.00220;0
MAGN;6.249;5526.063;-13.33125;49.80000;-35.58750;0
ACCE;6.256;5526.071;-0.20400;-0.67605;9.76395;0
AHRS;6.256;5526.071;-3.8944;0.8015;-16.2007;-0.03265;0.01171;-0.14106;3
GYRO;6.257;5526.071;0.00247;0.00165;-0.00069;0
MAGN;6.257;5526.073;-13.33125;49.81875;-35.58750;0
GYRO;6.263;5526.079;0.00082;0.00344;-0.00289;0
MAGN;6.268;5526.083;-13.33125;49.80000;-35.60625;0
ACCE;6.271;5526.087;-0.18495;-0.69495;9.76395;0
AHRS;6.273;5526.087;-3.8944;0.8015;-16.2007;-0.03265;0.01171;-0.14106;3
GYRO;6.273;5526.087;-0.00082;0.00467;-0.00426;0
LIGH;6.275;5526.089;40.9;3
MAGN;6.279;5526.093;-13.33125;49.80000;-35.62500;0
ACCE;6.287;5526.103;-0.20400;-0.63795;9.80205;0
GYRO;6.287;5526.103;-0.00165;0.00509;-0.00426;0
MAGN;6.288;5526.103;-13.33125;49.78125;-35.62500;0
AHRS;6.295;5526.111;-3.8944;0.8015;-16.2007;-0.03265;0.01171;-0.14106;3
GYRO;6.296;5526.111;-0.00261;0.00509;-0.00454;0
MAGN;6.298;5526.113;-13.31250;49.78125;-35.64375;0
ACCE;6.303;5526.118;-0.12795;-0.65700;9.87900;0
GYRO;6.304;5526.118;-0.00261;0.00577;-0.00522;0
MAGN;6.308;5526.123;-13.31250;49.78125;-35.66250;0
AHRS;6.314;5526.126;-3.8944;0.8015;-16.2007;-0.03265;0.01171;-0.14106;3
GYRO;6.315;5526.126;-0.00234;0.00619;-0.00536;0
MAGN;6.318;5526.133;-13.33125;49.80000;-35.66250;0
ACCE;6.319;5526.134;-0.14700;-0.60000;9.89805;0
GYRO;6.320;5526.134;-0.00179;0.00619;-0.00522;0
AHRS;6.327;5526.142;-3.8944;0.8015;-16.2007;-0.03265;0.01171;-0.14106;3
GYRO;6.327;5526.142;-0.00179;0.00509;-0.00399;0
MAGN;6.328;5526.143;-13.31250;49.80000;-35.70000;0
ACCE;6.334;5526.150;-0.10800;-0.61905;9.95595;0
GYRO;6.336;5526.150;-0.00179;0.00399;-0.00289;0
MAGN;6.337;5526.152;-13.31250;49.81875;-35.75625;0
AHRS;6.342;5526.158;-3.8944;0.8015;-16.2007;-0.03265;0.01171;-0.14106;3
GYRO;6.343;5526.158;-0.00110;0.00247;-0.00179;0
MAGN;6.348;5526.163;-13.31250;49.81875;-35.79375;0
ACCE;6.349;5526.165;-0.12795;-0.65700;9.93600;0
GYRO;6.358;5526.173;-0.00069;0.00137;-0.00151;0
MAGN;6.360;5526.173;-13.31250;49.81875;-35.83125;0
SOUN;6.360;15.09;0.00046;27.25
ACCE;6.368;5526.182;-0.10800;-0.67605;9.93600;0
AHRS;6.369;5526.182;-3.8944;0.8015;-16.2007;-0.03265;0.01171;-0.14106;3
GYRO;6.370;5526.182;0.00014;-0.00014;-0.00055;0
MAGN;6.370;5526.183;-13.31250;49.81875;-35.83125;0
GYRO;6.374;5526.189;0.00000;-0.00110;0.00082;0
MAGN;6.380;5526.193;-13.29375;49.81875;-35.83125;0
ACCE;6.382;5526.197;-0.16605;-0.67605;9.91695;0
AHRS;6.383;5526.197;-3.8944;0.8015;-16.2007;-0.03265;0.01171;-0.14106;3
GYRO;6.384;5526.197;0.00027;-0.00165;0.00234;0
MAGN;6.388;5526.203;-13.27500;49.85625;-35.77500;0
ACCE;6.398;5526.213;-0.16605;-0.65700;9.89805;0
GYRO;6.398;5526.213;0.00041;-0.00234;0.00316;0
MAGN;6.400;5526.213;-13.27500;49.89375;-35.73750;0
MAGN;6.408;5526.223;-13.27500;49.91250;-35.70000;0
ACCE;6.415;5526.229;-0.16605;-0.63795;9.80205;0
AHRS;6.416;5526.229;-3.8944;0.8015;-16.2007;-0.03265;0.01171;-0.14106;3
GYRO;6.417;5526.229;0.00055;-0.00302;0.00344;0
MAGN;6.417;5526.233;-13.27500;49.93125;-35.64375;0
GYRO;6.421;5526.237;0.00069;-0.00357;0.00412;0
MAGN;6.429;5526.243;-13.25625;49.91250;-35.60625;0
ACCE;6.429;5526.244;-0.18495;-0.65700;9.78300;0
AHRS;6.429;5526.244;-3.8944;0.8015;-16.2007;-0.03265;0.01171;-0.14106;3
GYRO;6.431;5526.244;0.00055;-0.00344;0.00440;0
LIGH;6.434;5526.250;40.2;3
GYRO;6.437;5526.252;0.00027;-0.00275;0.00426;0
MAGN;6.438;5526.253;-13.23750;49.91250;-35.56875;0
ACCE;6.447;5526.260;-0.10800;-0.67605;9.91695;0
AHRS;6.448;5526.260;-3.8944;0.8015;-16.2007;-0.03265;0.01171;-0.14106;3
GYRO;6.448;5526.260;0.00014;-0.00220;0.00467;0
MAGN;6.448;5526.262;-13.23750;49.93125;-35.56875;0
GYRO;6.452;5526.268;-0.00027;-0.00192;0.00495;0
MAGN;6.459;5526.273;-13.23750;49.93125;-35.60625;0
ACCE;6.461;5526.276;-0.16605;-0.69495;9.95595;0
AHRS;6.462;5526.276;-3.8944;0.8015;-16.2007;-0.03265;0.01171;-0.14106;3
GYRO;6.463;5526.276;-0.00110;-0.00137;0.00481;0
MAGN;6.468;5526.283;-13.23750;49.91250;-35.62500;0
GYRO;6.469;5526.284;-0.00124;-0.00055;0.00454;0
ACCE;6.477;5526.292;-0.10800;-0.69495;9.93600;0
AHRS;6.477;5526.292;-3.8944;0.8015;-16.2007;-0.03265;0.01171;-0.14106;3
GYRO;6.478;5526.292;-0.00179;-0.00055;0.00454;0
MAGN;6.479;5526.293;-13.21875;49.89375;-35.64375;0
GYRO;6.484;5526.300;-0.00247;0.00000;0.00454;0
MAGN;6.488;5526.303;-13.21875;49.93125;-35.60625;0
ACCE;6.492;5526.308;-0.12795;-0.69495;9.93600;0
AHRS;6.493;5526.308;-3.8944;0.8015;-16.2007;-0.03265;0.01171;-0.14106;3
GYRO;6.494;5526.308;-0.00261;0.00014;0.00440;0
MAGN;6.498;5526.313;-13.18125;49.95000;-35.55000;0
ACCE;6.509;5526.323;-0.12795;-0.67605;9.84105;0
GYRO;6.510;5526.323;-0.00316;0.00041;0.00399;0
MAGN;6.511;5526.323;-13.18125;49.96875;-35.47500;0
AHRS;6.516;5526.331;-3.8944;0.8015;-16.2007;-0.03265;0.01171;-0.14106;3
GYRO;6.517;5526.331;-0.00289;0.00069;0.00371;0
MAGN;6.518;5526.333;-13.16250;49.96875;-35.38125;0
ACCE;6.523;5526.339;-0.12795;-0.69495;9.89805;0
GYRO;6.525;5526.339;-0.00302;0.00027;0.00371;0
MAGN;6.528;5526.343;-13.16250;49.96875;-35.38125;0
AHRS;6.531;5526.347;-3.8944;0.8015;-16.2007;-0.03265;0.01171;-0.14106;3
GYRO;6.533;5526.347;-0.00316;-0.00000;0.00357;0
MAGN;6.538;5526.353;-13.14375;49.98750;-35.36250;0
ACCE;6.540;5526.354;-0.10800;-0.69495;9.91695;0
GYRO;6.547;5526.363;-0.00302;-0.00041;0.00371;0
MAGN;6.548;5526.363;-13.12500;49.98750;-35.26875;0
ACCE;6.555;5526.371;-0.10800;-0.69495;9.89805;0
AHRS;6.560;5526.371;-3.8944;0.8015;-16.2007;-0.03265;0.01171;-0.14106;3
GYRO;6.561;5526.371;-0.00275;-0.00110;0.00426;0
MAGN;6.563;5526.373;-13.12500;49.98750;-35.21250;0
GYRO;6.564;5526.378;-0.00247;-0.00206;0.00454;0
MAGN;6.568;5526.383;-13.10625;49.98750;-35.17500;0
ACCE;6.571;5526.386;-0.07005;-0.69495;9.87900;0
AHRS;6.572;5526.386;-3.8944;0.8015;-16.2007;-0.03265;0.01171;-0.14106;3
GYRO;6.573;5526.386;-0.00206;-0.00275;0.00399;0
MAGN;6.579;5526.393;-13.08750;49.98750;-35.15625;0
GYRO;6.580;5526.394;-0.00192;-0.00316;0.00344;0
ACCE;6.587;5526.402;-0.08895;-0.71505;9.93600;0
AHRS;6.588;5526.402;-3.8944;0.8015;-16.2007;-0.03265;0.01171;-0.14106;3
GYRO;6.589;5526.402;-0.00206;-0.00371;0.00357;0
MAGN;6.590;5526.403;-13.06875;50.00625;-35.13750;0
LIGH;6.595;5526.410;40.9;3
GYRO;6.595;5526.410;-0.00220;-0.00467;0.00412;0
MAGN;6.596;5526.412;-13.06875;50.02500;-35.13750;0
ACCE;6.602;5526.418;-0.07005;-0.67605;9.85995;0
AHRS;6.603;5526.418;-3.8944;0.8015;-16.2007;-0.03265;0.01171;-0.14106;3
GYRO;6.604;5526.418;-0.00234;-0.00536;0.00399;0
MAGN;6.608;5526.423;-13.06875;50.00625;-35.13750;0
ACCE;6.618;5526.433;-0.08895;-0.71505;9.82200;0
GYRO;6.618;5526.433;-0.00234;-0.00495;0.00344;0
MAGN;6.619;5526.433;-13.03125;49.98750;-35.15625;0
AHRS;6.626;5526.441;-3.8669;0.7449;-15.8636;-0.03252;0.01109;-0.13813;3
GYRO;6.628;5526.441;-0.00192;-0.00495;0.00330;0
MAGN;6.629;5526.443;-13.03125;50.00625;-35.15625;0
ACCE;6.634;5526.449;-0.08895;-0.71505;9.85995;0
GYRO;6.635;5526.449;-0.00179;-0.00509;0.00344;0
MAGN;6.638;5526.453;-13.01250;50.00625;-35.15625;0
AHRS;6.642;5526.457;-3.8669;0.7449;-15.8636;-0.03252;0.01109;-0.13813;3
GYRO;6.642;5526.457;-0.00165;-0.00454;0.00344;0
MAGN;6.650;5526.463;-12.99375;50.00625;-35.17500;0
ACCE;6.650;5526.464;-0.12795;-0.69495;9.89805;0
GYRO;6.658;5526.473;-0.00151;-0.00385;0.00289;0
MAGN;6.660;5526.473;-12.99375;50.00625;-35.15625;0
ACCE;6.666;5526.481;-0.12795;-0.69495;9.93600;0
AHRS;6.666;5526.481;-3.8669;0.7449;-15.8636;-0.03252;0.01109;-0.13813;3
GYRO;6.666;5526.481;-0.00124;-0.00316;0.00289;0
MAGN;6.667;5526.483;-12.99375;49.98750;-35.15625;0
GYRO;6.673;5526.489;-0.00069;-0.00302;0.00247;0
MAGN;6.679;5526.493;-13.01250;50.00625;-35.15625;0
ACCE;6.681;5526.497;-0.12795;-0.67605;9.91695;0
AHRS;6.682;5526.497;-3.8669;0.7449;-15.8636;-0.03252;0.01109;-0.13813;3
GYRO;6.685;5526.497;-0.00027;-0.00234;0.00179;0
MAGN;6.689;5526.503;-13.01250;50.00625;-35.17500;0
GYRO;6.690;5526.504;0.00014;-0.00137;0.00096;0
ACCE;6.697;5526.512;-0.08895;-0.67605;9.87900;0
AHRS;6.698;5526.512;-3.8669;0.7449;-15.8636;-0.03252;0.01109;-0.13813;3
GYRO;6.699;5526.512;0.00014;-0.00096;0.00069;0
MAGN;6.700;5526.513;-13.01250;49.96875;-35.19375;0
GYRO;6.705;5526.520;0.00069;-0.00069;0.00014;0
MAGN;6.716;5526.523;-12.99375;49.95000;-35.21250;0
ACCE;6.716;5526.528;-0.08895;-0.67605;9.93600;0
AHRS;6.717;5526.528;-3.8669;0.7449;-15.8636;-0.03252;0.01109;-0.13813;3
GYRO;6.717;5526.528;0.00082;-0.00014;-0.00000;0
WIFI;6.718;5488.545;All money go my home;c2:25:2f:7c:70:23;-82
WIFI;6.718;5488.545;All money go my home;c2:25:2f:2c:70:22;-89
WIFI;6.718;5488.545;Fang;dc:62:79:cb:0e:9b;-77
WIFI;6.718;5488.545;CHENS-7011;b8:55:10:cc:48:30;-65
WIFI;6.718;5488.545;;c0:25:2f:ac:70:23;-82
WIFI;6.718;5488.545;Tenda_8CC950_5G;d8:32:14:8c:c9:55;-90
WIFI;6.718;5488.545;98-14;d8:07:b6:32:4f:72;-94
WIFI;6.718;5488.545;98-14;d8:07:b6:32:4f:73;-92
WIFI;6.718;5488.545;Fang-3F_5G;cc:d8:43:b7:7d:43;-48
WIFI;6.718;5488.545;笨笨龍;04:09:86:27:19:3a;-81
WIFI;6.718;5488.545;98-14;d8:07:b6:32:4f:32;-92
WIFI;6.718;5488.545;;ce:d8:43:c7:7d:42;-48
MAGN;6.742;5526.533;-12.97500;49.93125;-35.26875;0
MAGN;6.742;5526.543;-12.95625;49.93125;-35.23125;0
ACCE;6.743;5526.544;-0.16605;-0.61905;9.89805;0
GYRO;6.743;5526.544;0.00151;0.00055;-0.00027;0
AHRS;6.743;5526.552;-3.8669;0.7449;-15.8636;-0.03252;0.01109;-0.13813;3
GYRO;6.744;5526.552;0.00234;0.00110;-0.00082;0
MAGN;6.744;5526.553;-12.95625;49.93125;-35.23125;0
ACCE;6.744;5526.560;-0.05100;-0.71505;9.85995;0
GYRO;6.750;5526.560;0.00192;0.00082;-0.00082;0
MAGN;6.750;5526.563;-12.95625;49.93125;-35.21250;0
AHRS;6.752;5526.568;-3.8669;0.7449;-15.8636;-0.03252;0.01109;-0.13813;3
GYRO;6.752;5526.568;0.00192;0.00069;-0.00082;0
LIGH;6.753;5526.569;40.9;3
MAGN;6.761;5526.573;-12.95625;49.95000;-35.17500;0
ACCE;6.761;5526.575;-0.07005;-0.71505;9.84105;0
GYRO;6.768;5526.583;0.00151;0.00055;-0.00014;0
MAGN;6.769;5526.583;-12.95625;49.96875;-35.11875;0
ACCE;6.776;5526.591;-0.03195;-0.73395;9.80205;0
AHRS;6.776;5526.591;-3.8669;0.7449;-15.8636;-0.03252;0.01109;-0.13813;3
GYRO;6.777;5526.591;0.00096;-0.00014;0.00096;0
MAGN;6.779;5526.593;-12.97500;49.96875;-35.08125;0
GYRO;6.783;5526.599;0.00014;-0.00041;0.00082;0
MAGN;6.788;5526.603;-12.97500;49.96875;-35.08125;0
ACCE;6.793;5526.607;-0.12795;-0.75300;9.87900;0
AHRS;6.794;5526.607;-3.8669;0.7449;-15.8636;-0.03252;0.01109;-0.13813;3
GYRO;6.794;5526.607;-0.00055;-0.00027;0.00014;0
MAGN;6.799;5526.613;-12.99375;49.95000;-35.10000;0
GYRO;6.799;5526.615;-0.00137;-0.00041;0.00027;0
ACCE;6.808;5526.623;-0.12795;-0.73395;9.97500;0
AHRS;6.810;5526.623;-3.8669;0.7449;-15.8636;-0.03252;0.01109;-0.13813;3
GYRO;6.810;5526.623;-0.00220;-0.00014;-0.00055;0
MAGN;6.810;5526.623;-12.99375;49.95000;-35.11875;0
GYRO;6.815;5526.631;-0.00261;-0.00027;-0.00137;0
MAGN;6.818;5526.633;-13.01250;49.96875;-35.17500;0
ACCE;6.823;5526.638;-0.14700;-0.67605;10.01295;0
AHRS;6.823;5526.638;-3.8669;0.7449;-15.8636;-0.03252;0.01109;-0.13813;3
GYRO;6.828;5526.638;-0.00302;-0.00041;-0.00220;0
MAGN;6.828;5526.643;-13.01250;49.98750;-35.17500;0
GYRO;6.831;5526.646;-0.00275;-0.00000;-0.00275;0
MAGN;6.838;5526.653;-13.01250;49.98750;-35.15625;0
ACCE;6.839;5526.654;-0.08895;-0.69495;9.95595;0
AHRS;6.839;5526.654;-3.8669;0.7449;-15.8636;-0.03252;0.01109;-0.13813;3
GYRO;6.839;5526.654;-0.00302;0.00014;-0.00289;0
GYRO;6.847;5526.662;-0.00302;-0.00014;-0.00234;0
MAGN;6.848;5526.663;-13.01250;49.98750;-35.17500;0
ACCE;6.854;5526.670;-0.05100;-0.69495;9.89805;0
AHRS;6.855;5526.670;-3.8669;0.7449;-15.8636;-0.03252;0.01109;-0.13813;3
GYRO;6.856;5526.670;-0.00357;-0.00069;-0.00179;0
MAGN;6.856;5526.673;-12.99375;49.98750;-35.21250;0
SOUN;6.860;9.00;0.00027;22.76
GYRO;6.864;5526.678;-0.00316;-0.00110;-0.00096;0
MAGN;6.868;5526.683;-12.99375;49.98750;-35.21250;0
ACCE;6.869;5526.685;-0.07005;-0.67605;9.91695;0
AHRS;6.877;5526.693;-3.8669;0.7449;-15.8636;-0.03252;0.01109;-0.13813;3
GYRO;6.879;5526.693;-0.00220;-0.00096;-0.00027;0
MAGN;6.880;5526.693;-12.99375;49.98750;-35.19375;0
ACCE;6.887;5526.701;-0.08895;-0.65700;9.82200;0
GYRO;6.887;5526.701;-0.00124;-0.00096;0.00027;0
MAGN;6.889;5526.703;-12.99375;49.96875;-35.15625;0
AHRS;6.894;5526.709;-3.8669;0.7449;-15.8636;-0.03252;0.01109;-0.13813;3
GYRO;6.894;5526.709;-0.00041;-0.00069;0.00027;0
MAGN;6.899;5526.713;-13.01250;49.96875;-35.15625;0
ACCE;6.902;5526.717;-0.08895;-0.67605;9.82200;0
GYRO;6.902;5526.717;0.00014;-0.00041;-0.00014;0
MAGN;6.908;5526.723;-13.01250;49.96875;-35.15625;0
LIGH;6.914;5526.730;40.9;3
ACCE;6.918;5526.733;-0.07005;-0.73395;9.91695;0
AHRS;6.918;5526.733;-3.8669;0.7449;-15.8636;-0.03252;0.01109;-0.13813;3
GYRO;6.919;5526.733;0.00041;-0.00082;0.00014;0
MAGN;6.921;5526.733;-13.03125;49.96875;-35.13750;0
GYRO;6.928;5526.741;0.00041;-0.00124;-0.00000;0
MAGN;6.929;5526.743;-13.05000;49.95000;-35.08125;0
ACCE;6.933;5526.749;-0.07005;-0.75300;10.01295;0
AHRS;6.934;5526.749;-3.8669;0.7449;-15.8636;-0.03252;0.01109;-0.13813;3
GYRO;6.936;5526.749;0.00069;-0.00179;0.00014;0
MAGN;6.939;5526.753;-13.06875;49.91250;-35.04375;0
GYRO;6.944;5526.757;0.00055;-0.00179;-0.00110;0
MAGN;6.948;5526.763;-13.08750;49.93125;-35.04375;0
ACCE;6.948;5526.764;-0.12795;-0.75300;10.03200;0
AHRS;6.949;5526.764;-3.8669;0.7449;-15.8636;-0.03252;0.01109;-0.13813;3
GYRO;6.949;5526.764;0.00082;-0.00082;-0.00289;0
GYRO;6.957;5526.772;0.00041;-0.00014;-0.00385;0
MAGN;6.958;5526.773;-13.10625;49.93125;-35.06250;0
ACCE;6.965;5526.780;-0.18495;-0.71505;9.91695;0
AHRS;6.966;5526.780;-3.8669;0.7449;-15.8636;-0.03252;0.01109;-0.13813;3
GYRO;6.967;5526.780;-0.00014;0.00027;-0.00385;0
MAGN;6.967;5526.783;-13.10625;49.96875;-35.11875;0
GYRO;6.972;5526.788;-0.00069;0.00096;-0.00426;0
MAGN;6.979;5526.793;-13.08750;49.95000;-35.08125;0
ACCE;6.980;5526.796;-0.18495;-0.69495;9.82200;0
AHRS;6.982;5526.796;-3.8669;0.7449;-15.8636;-0.03252;0.01109;-0.13813;3
GYRO;6.983;5526.796;-0.00110;0.00179;-0.00426;0
MAGN;6.989;5526.803;-13.08750;49.93125;-35.08125;0
GYRO;6.990;5526.804;-0.00165;0.00220;-0.00357;0
ACCE;6.996;5526.812;-0.14700;-0.71505;9.74505;0
MAGN;6.997;5526.813;-13.08750;49.91250;-35.06250;0
AHRS;7.005;5526.820;-3.8670;0.7449;-15.8636;-0.03252;0.01109;-0.13813;3
GYRO;7.007;5526.820;-0.00220;0.00275;-0.00385;0
MAGN;7.008;5526.822;-13.10625;49.91250;-35.02500;0
ACCE;7.014;5526.827;-0.12795;-0.71505;9.76395;0
GYRO;7.015;5526.827;-0.00275;0.00344;-0.00440;0
MAGN;7.018;5526.833;-13.08750;49.91250;-35.02500;0
ACCE;7.028;5526.843;-0.14700;-0.67605;9.76395;0
AHRS;7.030;5526.843;-3.8670;0.7449;-15.8636;-0.03252;0.01109;-0.13813;3
GYRO;7.031;5526.843;-0.00289;0.00412;-0.00426;0
MAGN;7.032;5526.843;-13.10625;49.91250;-35.00625;0
GYRO;7.036;5526.851;-0.00247;0.00509;-0.00412;0
MAGN;7.037;5526.853;-13.10625;49.91250;-35.00625;0
ACCE;7.044;5526.859;-0.12795;-0.69495;9.89805;0
AHRS;7.045;5526.859;-3.8670;0.7449;-15.8636;-0.03252;0.01109;-0.13813;3
GYRO;7.045;5526.859;-0.00220;0.00550;-0.00357;0
MAGN;7.046;5526.862;-13.10625;49.89375;-34.98750;0
GYRO;7.051;5526.867;-0.00124;0.00550;-0.00371;0
MAGN;7.058;5526.873;-13.10625;49.89375;-35.00625;0
ACCE;7.060;5526.874;-0.05100;-0.73395;9.99405;0
AHRS;7.065;5526.874;-3.8670;0.7449;-15.8636;-0.03252;0.01109;-0.13813;3
GYRO;7.066;5526.874;-0.00069;0.00454;-0.00316;0
GYRO;7.067;5526.883;-0.00069;0.00330;-0.00234;0
MAGN;7.068;5526.883;-13.08750;49.87500;-35.00625;0
LIGH;7.077;5526.890;40.9;3
ACCE;7.079;5526.890;-0.05100;-0.73395;10.03200;0
MAGN;7.079;5526.893;-13.08750;49.87500;-35.00625;0
AHRS;7.083;5526.898;-3.8670;0.7449;-15.8636;-0.03252;0.01109;-0.13813;3
GYRO;7.084;5526.898;-0.00041;0.00220;-0.00151;0
MAGN;7.088;5526.903;-13.06875;49.85625;-35.00625;0
ACCE;7.093;5526.906;-0.10800;-0.71505;9.97500;0
GYRO;7.094;5526.906;-0.00014;0.00096;-0.00055;0
MAGN;7.099;5526.913;-13.05000;49.85625;-35.02500;0
AHRS;7.099;5526.914;-3.8670;0.7449;-15.8636;-0.03252;0.01109;-0.13813;3
GYRO;7.100;5526.914;0.00041;0.00041;0.00055;0
ACCE;7.109;5526.922;-0.12795;-0.71505;9.93600;0
GYRO;7.110;5526.922;0.00110;-0.00055;0.00234;0
MAGN;7.110;5526.923;-13.03125;49.83750;-35.04375;0
AHRS;7.114;5526.930;-3.8670;0.7449;-15.8636;-0.03252;0.01109;-0.13813;3
GYRO;7.116;5526.930;0.00124;-0.00124;0.00275;0
MAGN;7.118;5526.933;-13.05000;49.81875;-35.00625;0
ACCE;7.121;5526.938;-0.12795;-0.75300;9.91695;0
GYRO;7.123;5526.938;0.00069;-0.00234;0.00316;0
MAGN;7.128;5526.943;-13.06875;49.78125;-35.00625;0
ACCE;7.138;5526.953;-0.12795;-0.71505;9.82200;0
AHRS;7.139;5526.953;-3.8670;0.7449;-15.8636;-0.03252;0.01109;-0.13813;3
GYRO;7.139;5526.953;0.00069;-0.00275;0.00344;0
MAGN;7.140;5526.953;-13.06875;49.78125;-35.02500;0
GYRO;7.146;5526.961;0.00082;-0.00275;0.00399;0
MAGN;7.147;5526.963;-13.06875;49.78125;-35.04375;0
ACCE;7.154;5526.969;-0.12795;-0.73395;9.78300;0
AHRS;7.154;5526.969;-3.8670;0.7449;-15.8636;-0.03252;0.01109;-0.13813;3
GYRO;7.156;5526.969;0.00027;-0.00234;0.00371;0
MAGN;7.157;5526.973;-13.08750;49.78125;-35.06250;0
GYRO;7.161;5526.977;0.00027;-0.00206;0.00316;0
MAGN;7.169;5526.983;-13.10625;49.78125;-35.04375;0
ACCE;7.170;5526.984;-0.12795;-0.67605;9.82200;0
AHRS;7.178;5526.993;-3.8670;0.7449;-15.8636;-0.03252;0.01109;-0.13813;3
GYRO;7.179;5526.993;0.00014;-0.00220;0.00275;0
MAGN;7.184;5526.993;-13.10625;49.76250;-35.06250;0
ACCE;7.188;5527.001;-0.14700;-0.67605;9.87900;0
GYRO;7.189;5527.001;-0.00000;-0.00179;0.00179;0
MAGN;7.189;5527.003;-13.10625;49.76250;-35.11875;0
AHRS;7.195;5527.009;-3.8670;0.7449;-15.8636;-0.03252;0.01109;-0.13813;3
GYRO;7.197;5527.009;-0.00014;-0.00096;0.00082;0
MAGN;7.198;5527.013;-13.12500;49.76250;-35.13750;0
ACCE;7.201;5527.017;-0.14700;-0.71505;9.85995;0
GYRO;7.202;5527.017;-0.00014;0.00055;-0.00069;0
MAGN;7.225;5527.023;-13.12500;49.78125;-35.11875;0
AHRS;7.225;5527.025;-3.8670;0.7449;-15.8636;-0.03252;0.01109;-0.13813;3
GYRO;7.225;5527.025;0.00014;0.00206;-0.00316;0
ACCE;7.226;5527.032;-0.12795;-0.75300;9.89805;0
GYRO;7.226;5527.032;0.00014;0.00289;-0.00426;0
MAGN;7.226;5527.033;-13.10625;49.76250;-35.11875;0
AHRS;7.227;5527.040;-3.8670;0.7449;-15.8636;-0.03252;0.01109;-0.13813;3
GYRO;7.227;5527.040;0.00027;0.00344;-0.00454;0
MAGN;7.227;5527.042;-13.08750;49.76250;-35.11875;0
GNSS;7.227;1745934473.000;24.926197;121.252940;193.100;288.010;4.4;0.0;47;7
GNSS;7.230;1745934473.000;24.926197;121.252940;193.100;288.010;4.4;0.0;47;7
ACCE;7.232;5527.048;-0.16605;-0.71505;9.89805;0
GYRO;7.233;5527.048;-0.00014;0.00371;-0.00454;0
LIGH;7.234;5527.049;40.9;3
MAGN;7.238;5527.053;-13.08750;49.76250;-35.11875;0
AHRS;7.246;5527.056;-3.8670;0.7449;-15.8636;-0.03252;0.01109;-0.13813;3
GYRO;7.247;5527.056;0.00014;0.00412;-0.00577;0
GNSS;7.247;1745934472.133;24.926196;121.252940;194.900;0.000;4.4;0.0;47;7
MAGN;7.249;5527.063;-13.08750;49.76250;-35.06250;0
ACCE;7.249;5527.064;-0.16605;-0.69495;9.89805;0
GYRO;7.249;5527.064;0.00041;0.00467;-0.00687;0
MAGN;7.258;5527.073;-13.08750;49.74375;-35.02500;0
ACCE;7.264;5527.080;-0.16605;-0.73395;9.89805;0
AHRS;7.265;5527.080;-3.8670;0.7449;-15.8636;-0.03252;0.01109;-0.13813;3
GYRO;7.266;5527.080;0.00055;0.00481;-0.00701;0
MAGN;7.266;5527.082;-13.08750;49.72500;-34.96875;0
GYRO;7.272;5527.087;0.00027;0.00440;-0.00632;0
MAGN;7.279;5527.093;-13.08750;49.72500;-35.00625;0
ACCE;7.280;5527.095;-0.10800;-0.71505;9.95595;0
AHRS;7.288;5527.103;-3.8670;0.7449;-15.8636;-0.03252;0.01109;-0.13813;3
GYRO;7.289;5527.103;0.00014;0.00357;-0.00577;0
MAGN;7.290;5527.103;-13.08750;49.74375;-34.98750;0
ACCE;7.295;5527.111;-0.10800;-0.71505;9.93600;0
GYRO;7.296;5527.111;0.00027;0.00247;-0.00509;0
MAGN;7.296;5527.113;-13.08750;49.76250;-34.98750;0
AHRS;7.304;5527.119;-3.8670;0.7449;-15.8636;-0.03252;0.01109;-0.13813;3
GYRO;7.305;5527.119;0.00014;0.00137;-0.00275;0
MAGN;7.308;5527.123;-13.06875;49.78125;-35.00625;0
ACCE;7.311;5527.127;-0.12795;-0.67605;9.91695;0
GYRO;7.313;5527.127;0.00055;0.00069;-0.00082;0
MAGN;7.319;5527.133;-13.08750;49.78125;-34.98750;0
AHRS;7.319;5527.134;-3.8670;0.7449;-15.8636;-0.03252;0.01109;-0.13813;3
GYRO;7.320;5527.134;0.00069;0.00014;-0.00000;0
ACCE;7.327;5527.143;-0.12795;-0.67605;9.82200;0
GYRO;7.328;5527.143;0.00096;-0.00041;0.00014;0
MAGN;7.330;5527.143;-13.10625;49.78125;-35.00625;0
AHRS;7.335;5527.150;-3.8670;0.7449;-15.8636;-0.03252;0.01109;-0.13813;3
GYRO;7.336;5527.150;0.00110;-0.00096;0.00082;0
MAGN;7.336;5527.153;-13.12500;49.78125;-35.02500;0
ACCE;7.342;5527.158;-0.14700;-0.69495;9.82200;0
GYRO;7.343;5527.158;0.00124;-0.00110;0.00137;0
MAGN;7.348;5527.163;-13.12500;49.78125;-35.02500;0
MAGN;7.360;5527.173;-13.14375;49.80000;-35.04375;0
ACCE;7.361;5527.174;-0.12795;-0.71505;9.89805;0
AHRS;7.362;5527.174;-3.8670;0.7449;-15.8636;-0.03252;0.01109;-0.13813;3
GYRO;7.363;5527.174;0.00124;-0.00137;0.00206;0
SOUN;7.364;7.58;0.00023;21.26
GYRO;7.368;5527.182;0.00137;-0.00137;0.00261;0
MAGN;7.369;5527.183;-13.16250;49.81875;-35.06250;0
ACCE;7.374;5527.190;-0.08895;-0.69495;9.95595;0
AHRS;7.375;5527.190;-3.8670;0.7449;-15.8636;-0.03252;0.01109;-0.13813;3
GYRO;7.376;5527.190;0.00165;-0.00192;0.00330;0
MAGN;7.376;5527.193;-13.14375;49.80000;-35.06250;0
GYRO;7.382;5527.198;0.00137;-0.00247;0.00426;0
MAGN;7.388;5527.203;-13.14375;49.80000;-35.04375;0
ACCE;7.389;5527.205;-0.07005;-0.65700;9.95595;0
LIGH;7.394;5527.210;40.9;3
AHRS;7.398;5527.213;-3.8670;0.7449;-15.8636;-0.03252;0.01109;-0.13813;3
GYRO;7.398;5527.213;0.00165;-0.00261;0.00454;0
MAGN;7.400;5527.213;-13.14375;49.78125;-35.02500;0
ACCE;7.408;5527.221;-0.10800;-0.61905;9.89805;0
GYRO;7.409;5527.221;0.00247;-0.00289;0.00481;0
MAGN;7.409;5527.223;-13.12500;49.81875;-35.00625;0
AHRS;7.413;5527.229;-3.8670;0.7449;-15.8636;-0.03252;0.01109;-0.13813;3
GYRO;7.414;5527.229;0.00316;-0.00261;0.00467;0
MAGN;7.419;5527.233;-13.10625;49.83750;-35.00625;0
ACCE;7.421;5527.237;-0.08895;-0.69495;9.91695;0
GYRO;7.422;5527.237;0.00316;-0.00275;0.00467;0
MAGN;7.428;5527.243;-13.08750;49.85625;-34.98750;0
ACCE;7.438;5527.253;-0.08895;-0.73395;9.93600;0
AHRS;7.438;5527.253;-3.8670;0.7449;-15.8636;-0.03252;0.01109;-0.13813;3
GYRO;7.439;5527.253;0.00275;-0.00261;0.00550;0
MAGN;7.440;5527.253;-13.10625;49.87500;-34.93125;0
GYRO;7.445;5527.261;0.00234;-0.00289;0.00619;0
MAGN;7.448;5527.263;-13.10625;49.87500;-34.87500;0
ACCE;7.453;5527.269;-0.14700;-0.69495;9.89805;0
AHRS;7.454;5527.269;-3.8670;0.7449;-15.8636;-0.03252;0.01109;-0.13813;3
GYRO;7.456;5527.269;0.00192;-0.00275;0.00619;0
MAGN;7.461;5527.273;-13.08750;49.89375;-34.89375;0
GYRO;7.461;5527.276;0.00165;-0.00234;0.00591;0
MAGN;7.469;5527.283;-13.06875;49.89375;-34.93125;0
ACCE;7.469;5527.284;-0.14700;-0.69495;9.80205;0
AHRS;7.469;5527.284;-3.8670;0.7449;-15.8636;-0.03252;0.01109;-0.13813;3
GYRO;7.471;5527.284;0.00124;-0.00151;0.00550;0
GYRO;7.477;5527.292;0.00096;-0.00041;0.00440;0
MAGN;7.478;5527.293;-13.05000;49.91250;-34.91250;0
ACCE;7.484;5527.300;-0.16605;-0.65700;9.78300;0
AHRS;7.485;5527.300;-3.8669;0.7449;-15.8636;-0.03252;0.01109;-0.13813;3
GYRO;7.486;5527.300;0.00096;0.00000;0.00371;0
MAGN;7.486;5527.303;-13.05000;49.91250;-34.87500;0
GYRO;7.492;5527.308;0.00014;0.00137;0.00151;0
MAGN;7.498;5527.313;-13.03125;49.93125;-34.85625;0
ACCE;7.499;5527.315;-0.18495;-0.71505;9.87900;0
AHRS;7.508;5527.323;-3.8669;0.7449;-15.8636;-0.03252;0.01109;-0.13813;3
GYRO;7.508;5527.323;-0.00069;0.00151;0.00096;0
MAGN;7.510;5527.323;-13.03125;49.93125;-34.85625;0
ACCE;7.517;5527.332;-0.20400;-0.67605;9.99405;0
GYRO;7.518;5527.332;-0.00055;0.00261;0.00014;0
MAGN;7.519;5527.333;-13.03125;49.96875;-34.85625;0
AHRS;7.524;5527.340;-3.8669;0.7449;-15.8636;-0.03252;0.01109;-0.13813;3
GYRO;7.525;5527.340;-0.00027;0.00371;-0.00027;0
MAGN;7.528;5527.343;-13.03125;49.98750;-34.85625;0
ACCE;7.532;5527.347;-0.14700;-0.63795;10.05105;0
GYRO;7.533;5527.347;-0.00027;0.00399;0.00014;0
MAGN;7.538;5527.353;-13.03125;49.98750;-34.85625;0
ACCE;7.549;5527.363;-0.12795;-0.63795;10.01295;0
AHRS;7.550;5527.363;-3.8669;0.7449;-15.8636;-0.03252;0.01109;-0.13813;3
GYRO;7.552;5527.363;-0.00014;0.00399;-0.00027;0
MAGN;7.553;5527.363;-13.01250;49.98750;-34.85625;0
LIGH;7.555;5527.370;40.2;3
MAGN;7.559;5527.373;-13.01250;50.00625;-34.87500;0
ACCE;7.563;5527.379;-0.08895;-0.65700;9.89805;0
GYRO;7.569;5527.379;0.00014;0.00371;-0.00069;0
MAGN;7.570;5527.383;-13.01250;50.00625;-34.87500;0
AHRS;7.571;5527.387;-3.8669;0.7449;-15.8636;-0.03252;0.01109;-0.13813;3
GYRO;7.572;5527.387;0.00082;0.00357;-0.00069;0
MAGN;7.578;5527.393;-13.01250;50.00625;-34.89375;0
ACCE;7.579;5527.394;-0.10800;-0.63795;9.85995;0
GYRO;7.579;5527.394;0.00179;0.00344;-0.00110;0
AHRS;7.588;5527.403;-3.8669;0.7449;-15.8636;-0.03252;0.01109;-0.13813;3
GYRO;7.589;5527.403;0.00234;0.00344;-0.00165;0
MAGN;7.589;5527.403;-13.03125;50.00625;-34.93125;0
ACCE;7.594;5527.410;-0.12795;-0.61905;9.82200;0
GYRO;7.596;5527.410;0.00289;0.00261;-0.00110;0
MAGN;7.596;5527.413;-13.03125;49.98750;-34.98750;0
AHRS;7.602;5527.418;-3.8669;0.7449;-15.8636;-0.03252;0.01109;-0.13813;3
GYRO;7.604;5527.418;0.00344;0.00247;-0.00179;0
MAGN;7.608;5527.423;-13.03125;49.96875;-35.02500;0
ACCE;7.610;5527.426;-0.14700;-0.65700;9.80205;0
GYRO;7.612;5527.426;0.00357;0.00165;-0.00206;0
MAGN;7.618;5527.433;-13.05000;49.93125;-35.04375;0
AHRS;7.619;5527.434;-3.8669;0.7449;-15.8636;-0.03252;0.01109;-0.13813;3
GYRO;7.620;5527.434;0.00344;0.00069;-0.00261;0
ACCE;7.626;5527.442;-0.12795;-0.69495;9.87900;0
GYRO;7.627;5527.442;0.00316;0.00000;-0.00316;0
MAGN;7.628;5527.443;-13.03125;49.91250;-35.04375;0
AHRS;7.634;5527.450;-3.8669;0.7449;-15.8636;-0.03252;0.01109;-0.13813;3
GYRO;7.635;5527.450;0.00316;-0.00055;-0.00330;0
MAGN;7.639;5527.453;-13.01250;49.91250;-35.02500;0
ACCE;7.642;5527.458;-0.14700;-0.71505;9.93600;0
GYRO;7.643;5527.458;0.00344;-0.00055;-0.00385;0
MAGN;7.648;5527.463;-13.01250;49.89375;-35.04375;0
ACCE;7.658;5527.473;-0.14700;-0.71505;9.97500;0
AHRS;7.659;5527.473;-3.8669;0.7449;-15.8636;-0.03252;0.01109;-0.13813;3
GYRO;7.660;5527.473;0.00275;-0.00082;-0.00426;0
MAGN;7.661;5527.473;-13.03125;49.87500;-35.06250;0
GYRO;7.666;5527.481;0.00179;-0.00124;-0.00454;0
MAGN;7.667;5527.483;-13.03125;49.85625;-35.06250;0
ACCE;7.674;5527.489;-0.16605;-0.67605;9.95595;0
AHRS;7.675;5527.489;-3.8669;0.7449;-15.8636;-0.03252;0.01109;-0.13813;3
GYRO;7.676;5527.489;0.00055;-0.00124;-0.00481;0
MAGN;7.677;5527.493;-13.03125;49.87500;-35.06250;0
GYRO;7.681;5527.497;-0.00041;-0.00055;-0.00454;0
MAGN;7.689;5527.503;-13.03125;49.89375;-35.08125;0
ACCE;7.690;5527.504;-0.18495;-0.65700;9.85995;0
AHRS;7.698;5527.513;-3.8669;0.7449;-15.8636;-0.03252;0.01109;-0.13813;3
GYRO;7.699;5527.513;-0.00069;-0.00027;-0.00371;0
MAGN;7.704;5527.513;-13.05000;49.91250;-35.08125;0
ACCE;7.707;5527.521;-0.16605;-0.65700;9.78300;0
GYRO;7.708;5527.521;-0.00124;0.00027;-0.00330;0
MAGN;7.708;5527.523;-13.06875;49.89375;-35.06250;0
AHRS;7.713;5527.529;-3.8669;0.7449;-15.8636;-0.03252;0.01109;-0.13813;3
GYRO;7.715;5527.529;-0.00165;0.00082;-0.00344;0
LIGH;7.716;5527.530;40.2;3
MAGN;7.719;5527.533;-13.06875;49.89375;-35.02500;0
ACCE;7.724;5527.536;-0.16605;-0.63795;9.76395;0
GYRO;7.725;5527.536;-0.00165;0.00151;-0.00399;0
MAGN;7.729;5527.543;-13.06875;49.87500;-35.04375;0
AHRS;7.729;5527.544;-3.8669;0.7449;-15.8636;-0.03252;0.01109;-0.13813;3
GYRO;7.729;5527.544;-0.00179;0.00261;-0.00399;0
ACCE;7.737;5527.552;-0.20400;-0.61905;9.89805;0
GYRO;7.738;5527.552;-0.00165;0.00316;-0.00385;0
MAGN;7.739;5527.553;-13.05000;49.85625;-35.13750;0
AHRS;7.744;5527.560;-3.8669;0.7449;-15.8636;-0.03252;0.01109;-0.13813;3
GYRO;7.745;5527.560;-0.00110;0.00371;-0.00385;0
MAGN;7.746;5527.562;-13.06875;49.83750;-35.19375;0
ACCE;7.752;5527.568;-0.16605;-0.63795;9.95595;0
GYRO;7.753;5527.568;-0.00027;0.00399;-0.00289;0
MAGN;7.758;5527.573;-13.08750;49.83750;-35.19375;0
ACCE;7.768;5527.583;-0.16605;-0.63795;9.95595;0
AHRS;7.769;5527.583;-3.8669;0.7449;-15.8636;-0.03252;0.01109;-0.13813;3
GYRO;7.770;5527.583;0.00027;0.00385;-0.00220;0
MAGN;7.772;5527.583;-13.10625;49.81875;-35.17500;0
GYRO;7.776;5527.592;0.00110;0.00357;-0.00234;0
MAGN;7.777;5527.593;-13.12500;49.78125;-35.21250;0
ACCE;7.784;5527.599;-0.18495;-0.65700;9.97500;0
AHRS;7.785;5527.599;-3.8669;0.7449;-15.8636;-0.03252;0.01109;-0.13813;3
GYRO;7.786;5527.599;0.00137;0.00357;-0.00261;0
MAGN;7.786;5527.602;-13.12500;49.81875;-35.25000;0
GYRO;7.792;5527.607;0.00234;0.00302;-0.00192;0
MAGN;7.798;5527.613;-13.10625;49.81875;-35.26875;0
ACCE;7.799;5527.614;-0.16605;-0.61905;9.95595;0
AHRS;7.808;5527.623;-3.8669;0.7449;-15.8636;-0.03252;0.01109;-0.13813;3
GYRO;7.809;5527.623;0.00302;0.00247;-0.00096;0
MAGN;7.810;5527.623;-13.10625;49.80000;-35.28750;0
ACCE;7.815;5527.631;-0.16605;-0.65700;9.89805;0
GYRO;7.817;5527.631;0.00344;0.00220;-0.00000;0
MAGN;7.818;5527.633;-13.10625;49.78125;-35.30625;0
AHRS;7.823;5527.639;-3.8669;0.7449;-15.8636;-0.03252;0.01109;-0.13813;3
GYRO;7.824;5527.639;0.00385;0.00151;0.00055;0
MAGN;7.828;5527.643;-13.12500;49.76250;-35.30625;0
ACCE;7.831;5527.647;-0.14700;-0.63795;9.82200;0
GYRO;7.832;5527.647;0.00357;0.00082;0.00096;0
MAGN;7.838;5527.653;-13.12500;49.76250;-35.30625;0
AHRS;7.839;5527.654;-3.8669;0.7449;-15.8636;-0.03252;0.01109;-0.13813;3
GYRO;7.839;5527.654;0.00344;0.00055;0.00137;0
ACCE;7.847;5527.662;-0.18495;-0.61905;9.80205;0
GYRO;7.848;5527.662;0.00330;0.00082;0.00192;0
MAGN;7.849;5527.663;-13.10625;49.78125;-35.32500;0
AHRS;7.854;5527.670;-3.8669;0.7449;-15.8636;-0.03252;0.01109;-0.13813;3
GYRO;7.856;5527.670;0.00344;0.00124;0.00220;0
MAGN;7.856;5527.673;-13.10625;49.78125;-35.32500;0
SOUN;7.862;11.06;0.00034;24.55
ACCE;7.866;5527.678;-0.22305;-0.60000;9.80205;0
GYRO;7.867;5527.678;0.00316;0.00137;0.00261;0
MAGN;7.868;5527.683;-13.10625;49.78125;-35.32500;0
AHRS;7.872;5527.686;-3.8669;0.7449;-15.8636;-0.03252;0.01109;-0.13813;3
GYRO;7.872;5527.686;0.00234;0.00124;0.00220;0
LIGH;7.875;5527.690;40.2;3
MAGN;7.878;5527.693;-13.08750;49.76250;-35.30625;0
ACCE;7.878;5527.694;-0.18495;-0.63795;9.85995;0
GYRO;7.879;5527.694;0.00151;0.00110;0.00165;0
AHRS;7.887;5527.702;-3.8669;0.7449;-15.8636;-0.03252;0.01109;-0.13813;3
GYRO;7.887;5527.702;0.00096;0.00151;0.00110;0
MAGN;7.888;5527.703;-13.06875;49.76250;-35.30625;0
ACCE;7.894;5527.710;-0.22305;-0.65700;9.87900;0
GYRO;7.895;5527.710;0.00069;0.00206;0.00014;0
MAGN;7.898;5527.713;-13.05000;49.74375;-35.28750;0
AHRS;7.902;5527.718;-3.8669;0.7449;-15.8636;-0.03252;0.01109;-0.13813;3
GYRO;7.903;5527.718;0.00027;0.00261;-0.00041;0
MAGN;7.908;5527.723;-13.05000;49.76250;-35.26875;0
ACCE;7.909;5527.725;-0.18495;-0.65700;9.89805;0
GYRO;7.918;5527.733;0.00041;0.00261;-0.00027;0
MAGN;7.919;5527.733;-13.05000;49.78125;-35.23125;0
ACCE;7.926;5527.741;-0.18495;-0.63795;9.89805;0
AHRS;7.927;5527.741;-3.8669;0.7449;-15.8636;-0.03252;0.01109;-0.13813;3
GYRO;7.927;5527.741;0.00000;0.00261;-0.00069;0
MAGN;7.927;5527.743;-13.03125;49.78125;-35.23125;0
GYRO;7.934;5527.749;-0.00069;0.00247;-0.00110;0
MAGN;7.939;5527.753;-13.03125;49.78125;-35.21250;0
ACCE;7.941;5527.757;-0.18495;-0.63795;9.89805;0
AHRS;7.942;5527.757;-3.8669;0.7449;-15.8636;-0.03252;0.01109;-0.13813;3
GYRO;7.943;5527.757;-0.00082;0.00206;-0.00110;0
MAGN;7.948;5527.763;-13.03125;49.78125;-35.21250;0
ACCE;7.957;5527.773;-0.16605;-0.63795;9.89805;0
GYRO;7.958;5527.773;-0.00110;0.00165;-0.00082;0
MAGN;7.960;5527.773;-13.01250;49.80000;-35.21250;0
AHRS;7.965;5527.781;-3.8669;0.7449;-15.8636;-0.03252;0.01109;-0.13813;3
GYRO;7.967;5527.781;-0.00069;0.00179;0.00041;0
MAGN;7.967;5527.783;-12.99375;49.81875;-35.21250;0
ACCE;7.973;5527.789;-0.18495;-0.60000;9.87900;0
GYRO;7.974;5527.789;-0.00027;0.00165;0.00110;0
MAGN;7.979;5527.793;-12.99375;49.81875;-35.23125;0
AHRS;7.981;5527.797;-3.8669;0.7449;-15.8636;-0.03252;0.01109;-0.13813;3
GYRO;7.982;5527.797;0.00027;0.00110;0.00137;0
MAGN;7.988;5527.803;-13.01250;49.80000;-35.26875;0
ACCE;7.989;5527.804;-0.18495;-0.58095;9.87900;0
GYRO;7.989;5527.804;0.00069;0.00014;0.00192;0
AHRS;7.997;5527.812;-3.8669;0.7449;-15.8636;-0.03252;0.01109;-0.13813;3
GYRO;7.998;5527.812;0.00096;-0.00069;0.00247;0
MAGN;7.999;5527.813;-12.99375;49.78125;-35.28750;0
ACCE;8.004;5527.820;-0.18495;-0.56100;9.93600;0
GYRO;8.006;5527.820;0.00192;-0.00096;0.00330;0
MAGN;8.006;5527.822;-12.97500;49.78125;-35.32500;0
AHRS;8.012;5527.828;-3.8669;0.7449;-15.8636;-0.03252;0.01109;-0.13813;3
GYRO;8.013;5527.828;0.00247;-0.00124;0.00399;0
MAGN;8.018;5527.833;-12.97500;49.78125;-35.38125;0
ACCE;8.019;5527.835;-0.18495;-0.60000;9.89805;0
GYRO;8.030;5527.843;0.00289;-0.00110;0.00371;0
MAGN;8.030;5527.843;-12.97500;49.78125;-35.38125;0
LIGH;8.034;5527.850;40.2;3
ACCE;8.037;5527.852;-0.20400;-0.61905;9.89805;0
AHRS;8.037;5527.852;-3.8669;0.7449;-15.8636;-0.03252;0.01109;-0.13813;3
GYRO;8.038;5527.852;0.00302;-0.00151;0.00344;0
MAGN;8.039;5527.853;-12.97500;49.80000;-35.38125;0
GYRO;8.044;5527.859;0.00344;-0.00124;0.00302;0
MAGN;8.048;5527.863;-12.95625;49.81875;-35.38125;0
ACCE;8.052;5527.867;-0.22305;-0.61905;9.95595;0
AHRS;8.053;5527.867;-3.8669;0.7449;-15.8636;-0.03252;0.01109;-0.13813;3
GYRO;8.056;5527.867;0.00371;-0.00110;0.00261;0
MAGN;8.058;5527.873;-12.93750;49.81875;-35.38125;0
ACCE;8.068;5527.883;-0.22305;-0.61905;9.95595;0
GYRO;8.070;5527.883;0.00357;-0.00082;0.00234;0
MAGN;8.071;5527.883;-12.93750;49.83750;-35.38125;0
AHRS;8.075;5527.891;-3.8669;0.7449;-15.8636;-0.03252;0.01109;-0.13813;3
GYRO;8.076;5527.891;0.00357;-0.00055;0.00220;0
MAGN;8.078;5527.893;-12.91875;49.83750;-35.34375;0
ACCE;8.083;5527.899;-0.16605;-0.58095;9.84105;0
GYRO;8.085;5527.899;0.00385;-0.00014;0.00220;0
MAGN;8.089;5527.903;-12.88125;49.80000;-35.36250;0
AHRS;8.091;5527.907;-3.8669;0.7449;-15.8636;-0.03252;0.01109;-0.13813;3
GYRO;8.092;5527.907;0.00412;0.00014;0.00234;0
MAGN;8.098;5527.913;-12.88125;49.78125;-35.36250;0
ACCE;8.099;5527.914;-0.14700;-0.60000;9.87900;0
GYRO;8.099;5527.914;0.00344;0.00027;0.00165;0
AHRS;8.107;5527.922;-3.8669;0.7449;-15.8636;-0.03252;0.01109;-0.13813;3
GYRO;8.108;5527.922;0.00275;0.00014;0.00110;0
MAGN;8.109;5527.923;-12.90000;49.78125;-35.38125;0
ACCE;8.115;5527.930;-0.12795;-0.67605;9.95595;0
GYRO;8.116;5527.930;0.00179;-0.00027;0.00069;0
MAGN;8.116;5527.933;-12.91875;49.76250;-35.38125;0
AHRS;8.122;5527.938;-3.8669;0.7449;-15.8636;-0.03252;0.01109;-0.13813;3
GYRO;8.123;5527.938;0.00055;-0.00082;0.00069;0
MAGN;8.128;5527.943;-12.90000;49.76250;-35.41875;0
ACCE;8.130;5527.946;-0.12795;-0.69495;10.03200;0
GYRO;8.132;5527.946;-0.00069;-0.00151;0.00082;0
MAGN;8.138;5527.953;-12.88125;49.74375;-35.43750;0
AHRS;8.139;5527.954;-3.8669;0.7449;-15.8636;-0.03252;0.01109;-0.13813;3
GYRO;8.139;5527.954;-0.00179;-0.00220;0.00041;0
ACCE;8.147;5527.962;-0.20400;-0.61905;9.87900;0
GYRO;8.147;5527.962;-0.00234;-0.00220;0.00014;0
MAGN;8.148;5527.963;-12.88125;49.74375;-35.43750;0
AHRS;8.154;5527.970;-3.8669;0.7449;-15.8636;-0.03252;0.01109;-0.13813;3
GYRO;8.155;5527.970;-0.00289;-0.00220;0.00014;0
MAGN;8.158;5527.973;-12.88125;49.72500;-35.43750;0
ACCE;8.162;5527.978;-0.20400;-0.61905;9.74505;0
GYRO;8.163;5527.978;-0.00344;-0.00206;0.00027;0
MAGN;8.168;5527.983;-12.86250;49.70625;-35.43750;0
ACCE;8.178;5527.993;-0.20400;-0.61905;9.76395;0
AHRS;8.179;5527.993;-3.8669;0.7449;-15.8636;-0.03252;0.01109;-0.13813;3
GYRO;8.180;5527.993;-0.00399;-0.00206;0.00000;0
MAGN;8.181;5527.993;-12.86250;49.70625;-35.43750;0
GYRO;8.186;5528.001;-0.00467;-0.00165;-0.00041;0
MAGN;8.187;5528.003;-12.86250;49.72500;-35.41875;0
LIGH;8.195;5528.010;40.2;3
ACCE;8.196;5528.010;-0.20400;-0.65700;9.87900;0
AHRS;8.197;5528.010;-3.8669;0.7449;-15.8636;-0.03252;0.01109;-0.13813;3
GYRO;8.199;5528.010;-0.00481;-0.00165;-0.00096;0
MAGN;8.200;5528.013;-12.88125;49.74375;-35.43750;0
MAGN;8.220;5528.023;-12.88125;49.74375;-35.45625;0
ACCE;8.221;5528.024;-0.18495;-0.63795;9.99405;0
GYRO;8.222;5528.024;-0.00440;-0.00137;-0.00082;0
AHRS;8.223;5528.033;-3.8669;0.7449;-15.8636;-0.03252;0.01109;-0.13813;3
GYRO;8.223;5528.033;-0.00357;-0.00041;-0.00082;0
MAGN;8.224;5528.033;-12.86250;49.72500;-35.49375;0
GNSS;8.224;1745934474.000;24.926198;121.252930;193.100;288.010;4.4;0.0;48;8
ACCE;8.225;5528.041;-0.18495;-0.61905;10.03200;0
GNSS;8.226;1745934474.000;24.926198;121.252930;193.100;288.010;4.4;0.0;48;8
GYRO;8.226;5528.041;-0.00302;0.00027;-0.00124;0
MAGN;8.227;5528.043;-12.86250;49.72500;-35.53125;0
AHRS;8.232;5528.049;-3.8669;0.7449;-15.8636;-0.03252;0.01109;-0.13813;3
GYRO;8.242;5528.049;-0.00220;0.00082;-0.00179;0
MAGN;8.243;5528.053;-12.86250;49.74375;-35.58750;0
ACCE;8.243;5528.056;-0.14700;-0.58095;9.91695;0
GYRO;8.243;5528.056;-0.00137;0.00041;-0.00151;0
GNSS;8.244;1745934473.132;24.926198;121.252932;194.900;0.000;4.4;0.0;48;8
MAGN;8.248;5528.063;-12.84375;49.74375;-35.60625;0
AHRS;8.249;5528.064;-3.8669;0.7449;-15.8636;-0.03252;0.01109;-0.13813;3
GYRO;8.249;5528.064;-0.00027;0.00041;-0.00096;0
ACCE;8.257;5528.072;-0.12795;-0.58095;9.89805;0
GYRO;8.258;5528.072;0.00069;0.00069;-0.00069;0
MAGN;8.259;5528.073;-12.86250;49.74375;-35.60625;0
AHRS;8.264;5528.080;-3.8669;0.7449;-15.8636;-0.03252;0.01109;-0.13813;3
GYRO;8.265;5528.080;0.00165;0.00096;-0.00165;0
MAGN;8.266;5528.082;-12.86250;49.74375;-35.62500;0
ACCE;8.273;5528.088;-0.16605;-0.58095;9.80205;0
GYRO;8.274;5528.088;0.00261;0.00096;-0.00137;0
MAGN;8.278;5528.093;-12.88125;49.72500;-35.64375;0
ACCE;8.289;5528.103;-0.16605;-0.58095;9.87900;0
AHRS;8.290;5528.103;-3.8669;0.7449;-15.8636;-0.03252;0.01109;-0.13813;3
GYRO;8.291;5528.103;0.00316;0.00096;-0.00082;0
MAGN;8.292;5528.103;-12.88125;49.72500;-35.62500;0
GYRO;8.296;5528.112;0.00357;0.00055;-0.00014;0
MAGN;8.297;5528.113;-12.86250;49.72500;-35.62500;0
ACCE;8.304;5528.119;-0.18495;-0.60000;9.91695;0
AHRS;8.305;5528.119;-3.8669;0.7449;-15.8636;-0.03252;0.01109;-0.13813;3
GYRO;8.306;5528.119;0.00399;0.00014;0.00151;0
MAGN;8.307;5528.122;-12.86250;49.68750;-35.60625;0
GYRO;8.313;5528.127;0.00412;-0.00027;0.00247;0
MAGN;8.322;5528.133;-12.86250;49.68750;-35.58750;0
ACCE;8.323;5528.134;-0.22305;-0.63795;9.85995;0
AHRS;8.328;5528.143;-3.8669;0.7449;-15.8636;-0.03252;0.01109;-0.13813;3
GYRO;8.329;5528.143;0.00412;-0.00069;0.00316;0
MAGN;8.329;5528.143;-12.84375;49.66875;-35.56875;0
ACCE;8.336;5528.151;-0.22305;-0.63795;9.84105;0
GYRO;8.336;5528.151;0.00399;-0.00041;0.00289;0
MAGN;8.337;5528.153;-12.84375;49.65000;-35.56875;0
AHRS;8.343;5528.159;-3.8669;0.7449;-15.8636;-0.03252;0.01109;-0.13813;3
GYRO;8.344;5528.159;0.00275;0.00027;0.00165;0
MAGN;8.348;5528.163;-12.86250;49.65000;-35.53125;0
ACCE;8.351;5528.167;-0.26205;-0.67605;9.89805;0
GYRO;8.352;5528.167;0.00137;0.00069;0.00027;0
LIGH;8.352;5528.169;40.2;3
MAGN;8.358;5528.173;-12.86250;49.65000;-35.55000;0
AHRS;8.359;5528.174;-3.8669;0.7449;-15.8636;-0.03252;0.01109;-0.13813;3
GYRO;8.359;5528.174;0.00014;0.00137;0.00000;0
ACCE;8.369;5528.182;-0.26205;-0.63795;9.97500;0
GYRO;8.370;5528.182;-0.00082;0.00192;-0.00014;0
MAGN;8.370;5528.183;-12.86250;49.65000;-35.58750;0
SOUN;8.371;7.92;0.00024;21.65
AHRS;8.375;5528.190;-3.8669;0.7449;-15.8636;-0.03252;0.01109;-0.13813;3
GYRO;8.376;5528.190;-0.00137;0.00316;-0.00069;0
MAGN;8.376;5528.193;-12.84375;49.66875;-35.62500;0
ACCE;8.383;5528.198;-0.22305;-0.61905;9.91695;0
GYRO;8.383;5528.198;-0.00206;0.00426;-0.00124;0
MAGN;8.388;5528.203;-12.86250;49.66875;-35.60625;0
AHRS;8.390;5528.206;-3.8669;0.7449;-15.8636;-0.03252;0.01109;-0.13813;3
GYRO;8.392;5528.206;-0.00247;0.00522;-0.00247;0
MAGN;8.399;5528.213;-12.84375;49.65000;-35.64375;0
ACCE;8.399;5528.214;-0.22305;-0.60000;9.78300;0
GYRO;8.400;5528.214;-0.00247;0.00605;-0.00357;0
AHRS;8.407;5528.222;-3.8669;0.7449;-15.8636;-0.03252;0.01109;-0.13813;3
GYRO;8.408;5528.222;-0.00261;0.00687;-0.00412;0
MAGN;8.409;5528.223;-12.84375;49.63125;-35.64375;0
ACCE;8.414;5528.230;-0.22305;-0.58095;9.84105;0
GYRO;8.415;5528.230;-0.00275;0.07232;-0.00467;0
MAGN;8.419;5528.233;-12.82500;49.63125;-35.66250;0
AHRS;8.422;5528.238;-3.8669;0.7449;-15.8636;-0.03252;0.01109;-0.13813;3
GYRO;8.423;5528.238;-0.00247;0.07246;-0.00495;0
MAGN;8.429;5528.243;-12.82500;49.63125;-35.70000;0
ACCE;8.430;5528.245;-0.22305;-0.60000;9.89805;0
GYRO;8.438;5528.253;-0.00192;0.00660;-0.00440;0
MAGN;8.439;5528.253;-12.82500;49.65000;-35.71875;0
ACCE;8.446;5528.261;-0.18495;-0.63795;9.97500;0
AHRS;8.447;5528.261;-3.8669;0.7449;-15.8636;-0.03252;0.01109;-0.13813;3
GYRO;8.448;5528.261;-0.00151;0.00564;-0.00316;0
MAGN;8.449;5528.263;-12.82500;49.65000;-35.70000;0
GYRO;8.454;5528.269;-0.00082;0.00454;-0.00151;0
MAGN;8.458;5528.273;-12.82500;49.66875;-35.68125;0
ACCE;8.461;5528.277;-0.18495;-0.63795;10.03200;0
AHRS;8.463;5528.277;-3.8669;0.7449;-15.8636;-0.03252;0.01109;-0.13813;3
GYRO;8.464;5528.277;-0.00027;0.00302;-0.00055;0
MAGN;8.469;5528.283;-12.84375;49.66875;-35.71875;0
ACCE;8.478;5528.293;-0.20400;-0.61905;9.93600;0
GYRO;8.479;5528.293;0.00041;0.00220;-0.00055;0
MAGN;8.485;5528.293;-12.86250;49.65000;-35.71875;0
AHRS;8.489;5528.301;-3.8669;0.7449;-15.8636;-0.03252;0.01109;-0.13813;3
GYRO;8.492;5528.301;0.00096;0.00124;-0.00137;0
MAGN;8.493;5528.303;-12.86250;49.63125;-35.71875;0
ACCE;8.494;5528.308;-0.22305;-0.61905;9.93600;0
GYRO;8.494;5528.308;0.00151;0.00014;-0.00124;0
MAGN;8.498;5528.313;-12.86250;49.65000;-35.73750;0
AHRS;8.503;5528.316;-3.8669;0.7449;-15.8636;-0.03252;0.01109;-0.13813;3
GYRO;8.504;5528.316;0.00165;-0.00124;-0.00027;0
MAGN;8.509;5528.323;-12.84375;49.65000;-35.73750;0
ACCE;8.509;5528.324;-0.20400;-0.61905;9.91695;0
GYRO;8.510;5528.324;0.00179;-0.00234;0.00082;0
LIGH;8.514;5528.330;40.2;3
AHRS;8.517;5528.332;-3.8669;0.7449;-15.8636;-0.03252;0.01109;-0.13813;3
GYRO;8.517;5528.332;0.00151;-0.00316;0.00206;0
MAGN;8.518;5528.333;-12.84375;49.66875;-35.73750;0
ACCE;8.524;5528.340;-0.20400;-0.61905;9.85995;0
GYRO;8.525;5528.340;0.00137;-0.00330;0.00261;0
MAGN;8.526;5528.342;-12.84375;49.66875;-35.73750;0
AHRS;8.532;5528.348;-3.8669;0.7449;-15.8636;-0.03252;0.01109;-0.13813;3
GYRO;8.533;5528.348;0.00124;-0.00316;0.00192;0
MAGN;8.538;5528.353;-12.84375;49.63125;-35.71875;0
ACCE;8.539;5528.355;-0.24195;-0.60000;9.84105;0
GYRO;8.548;5528.363;0.00082;-0.00261;0.00055;0
MAGN;8.549;5528.363;-12.86250;49.63125;-35.70000;0
ACCE;8.556;5528.372;-0.26205;-0.60000;9.84105;0
AHRS;8.557;5528.372;-3.8669;0.7449;-15.8636;-0.03252;0.01109;-0.13813;3
GYRO;8.557;5528.372;0.00069;-0.00192;-0.00069;0
MAGN;8.558;5528.373;-12.88125;49.61250;-35.66250;0
GYRO;8.563;5528.379;0.00069;-0.00165;-0.00165;0
MAGN;8.568;5528.383;-12.86250;49.59375;-35.62500;0
ACCE;8.572;5528.387;-0.22305;-0.61905;9.84105;0
AHRS;8.573;5528.387;-3.5771;1.1540;-16.0373;-0.02950;0.01432;-0.13973;3
GYRO;8.574;5528.387;-0.00000;-0.00096;-0.00192;0
MAGN;8.578;5528.393;-12.86250;49.59375;-35.62500;0
ACCE;8.589;5528.403;-0.20400;-0.61905;9.87900;0
GYRO;8.594;5528.403;-0.00027;-0.00041;-0.00165;0
MAGN;8.595;5528.403;-12.84375;49.59375;-35.62500;0
AHRS;8.596;5528.411;-3.5771;1.1540;-16.0373;-0.02950;0.01432;-0.13973;3
GYRO;8.597;5528.411;-0.00055;0.00082;-0.00220;0
MAGN;8.598;5528.413;-12.84375;49.59375;-35.62500;0
ACCE;8.604;5528.419;-0.22305;-0.61905;9.91695;0
GYRO;8.604;5528.419;-0.00055;0.00165;-0.00220;0
MAGN;8.609;5528.423;-12.86250;49.61250;-35.62500;0
AHRS;8.611;5528.427;-3.5771;1.1540;-16.0373;-0.02950;0.01432;-0.13973;3
GYRO;8.612;5528.427;-0.00014;0.00192;-0.00220;0
MAGN;8.618;5528.433;-12.86250;49.65000;-35.66250;0
ACCE;8.619;5528.434;-0.18495;-0.60000;9.91695;0
GYRO;8.619;5528.434;0.00014;0.00165;-0.00151;0
AHRS;8.627;5528.442;-3.5771;1.1540;-16.0373;-0.02950;0.01432;-0.13973;3
GYRO;8.628;5528.442;0.00041;0.00137;-0.00124;0
MAGN;8.629;5528.443;-12.86250;49.66875;-35.66250;0
ACCE;8.635;5528.450;-0.22305;-0.61905;9.93600;0
GYRO;8.636;5528.450;0.00041;0.00165;-0.00096;0
MAGN;8.637;5528.453;-12.84375;49.68750;-35.68125;0
AHRS;8.643;5528.458;-3.5771;1.1540;-16.0373;-0.02950;0.01432;-0.13973;3
GYRO;8.644;5528.458;0.00055;0.00137;0.00041;0
MAGN;8.648;5528.463;-12.84375;49.68750;-35.66250;0
ACCE;8.651;5528.466;-0.22305;-0.61905;9.93600;0
GYRO;8.652;5528.466;0.00055;0.00151;0.00151;0
MAGN;8.658;5528.473;-12.84375;49.68750;-35.66250;0
AHRS;8.659;5528.474;-3.5771;1.1540;-16.0373;-0.02950;0.01432;-0.13973;3
GYRO;8.661;5528.474;0.00069;0.00096;0.00316;0
ACCE;8.667;5528.482;-0.20400;-0.61905;9.91695;0
GYRO;8.668;5528.482;0.00055;0.00069;0.00385;0
MAGN;8.669;5528.483;-12.84375;49.68750;-35.62500;0
LIGH;8.675;5528.490;40.2;3
AHRS;8.679;5528.490;-3.5771;1.1540;-16.0373;-0.02950;0.01432;-0.13973;3
GYRO;8.679;5528.490;0.00027;-0.00041;0.00454;0
MAGN;8.680;5528.492;-12.84375;49.68750;-35.64375;0
ACCE;8.682;5528.498;-0.16605;-0.61905;9.84105;0
GYRO;8.686;5528.498;0.00000;-0.00165;0.00467;0
MAGN;8.688;5528.503;-12.86250;49.66875;-35.64375;0
ACCE;8.698;5528.513;-0.16605;-0.58095;9.87900;0
AHRS;8.698;5528.513;-3.5771;1.1540;-16.0373;-0.02950;0.01432;-0.13973;3
GYRO;8.700;5528.513;-0.00014;-0.00220;0.00454;0
MAGN;8.701;5528.513;-12.86250;49.66875;-35.62500;0
GYRO;8.705;5528.521;-0.00014;-0.00220;0.00357;0
MAGN;8.707;5528.523;-12.84375;49.66875;-35.64375;0
ACCE;8.713;5528.530;-0.16605;-0.60000;9.87900;0
AHRS;8.715;5528.530;-3.5771;1.1540;-16.0373;-0.02950;0.01432;-0.13973;3
GYRO;8.716;5528.530;-0.00014;-0.00247;0.00371;0
MAGN;8.717;5528.532;-12.84375;49.66875;-35.68125;0
MAGN;8.729;5528.543;-12.84375;49.68750;-35.68125;0
ACCE;8.730;5528.544;-0.18495;-0.61905;9.85995;0
GYRO;8.731;5528.544;-0.00014;-0.00289;0.00399;0
AHRS;8.738;5528.553;-3.5771;1.1540;-16.0373;-0.02950;0.01432;-0.13973;3
GYRO;8.739;5528.553;0.00000;-0.00316;0.00385;0
MAGN;8.739;5528.553;-12.86250;49.66875;-35.66250;0
ACCE;8.745;5528.561;-0.22305;-0.60000;9.91695;0
GYRO;8.746;5528.561;-0.00014;-0.00344;0.00399;0
MAGN;8.747;5528.563;-12.88125;49.63125;-35.66250;0
AHRS;8.753;5528.568;-3.5771;1.1540;-16.0373;-0.02950;0.01432;-0.13973;3
GYRO;8.756;5528.568;-0.00000;-0.00261;0.00234;0
MAGN;8.759;5528.573;-12.88125;49.61250;-35.70000;0
ACCE;8.760;5528.576;-0.24195;-0.60000;9.97500;0
GYRO;8.761;5528.576;-0.00000;-0.00206;0.00082;0
MAGN;8.769;5528.583;-12.86250;49.59375;-35.70000;0
AHRS;8.769;5528.584;-3.5771;1.1540;-16.0373;-0.02950;0.01432;-0.13973;3
GYRO;8.769;5528.584;0.00027;-0.00165;0.00014;0
ACCE;8.777;5528.592;-0.16605;-0.61905;9.93600;0
GYRO;8.777;5528.592;0.00055;-0.00124;-0.00041;0
MAGN;8.778;5528.593;-12.84375;49.61250;-35.73750;0
AHRS;8.784;5528.600;-3.5771;1.1540;-16.0373;-0.02950;0.01432;-0.13973;3
GYRO;8.785;5528.600;0.00069;-0.00124;0.00014;0
MAGN;8.785;5528.602;-12.84375;49.61250;-35.75625;0
ACCE;8.792;5528.608;-0.18495;-0.58095;9.91695;0
GYRO;8.793;5528.608;0.00096;-0.00096;-0.00027;0
MAGN;8.798;5528.613;-12.86250;49.59375;-35.73750;0
ACCE;8.809;5528.623;-0.18495;-0.61905;9.87900;0
AHRS;8.809;5528.623;-3.5771;1.1540;-16.0373;-0.02950;0.01432;-0.13973;3
GYRO;8.810;5528.623;0.00082;-0.00069;-0.00110;0
MAGN;8.811;5528.623;-12.86250;49.59375;-35.73750;0
GYRO;8.816;5528.632;0.00082;-0.00041;-0.00179;0
MAGN;8.818;5528.633;-12.86250;49.59375;-35.73750;0
ACCE;8.825;5528.639;-0.16605;-0.65700;9.91695;0
AHRS;8.827;5528.639;-3.5771;1.1540;-16.0373;-0.02950;0.01432;-0.13973;3
GYRO;8.828;5528.639;0.00041;-0.00027;-0.00261;0
MAGN;8.829;5528.642;-12.86250;49.61250;-35.71875;0
GYRO;8.832;5528.647;-0.00041;-0.00014;-0.00302;0
LIGH;8.835;5528.650;40.2;3
MAGN;8.838;5528.653;-12.86250;49.59375;-35.71875;0
ACCE;8.840;5528.654;-0.18495;-0.60000;9.91695;0
AHRS;8.848;5528.663;-3.5771;1.1540;-16.0373;-0.02950;0.01432;-0.13973;3
GYRO;8.852;5528.663;-0.00027;-0.00069;-0.00261;0
MAGN;8.852;5528.663;-12.86250;49.57500;-35.75625;0
ACCE;8.855;5528.671;-0.22305;-0.56100;9.82200;0
GYRO;8.856;5528.671;-0.00000;-0.00041;-0.00316;0
MAGN;8.857;5528.673;-12.86250;49.59375;-35.81250;0
AHRS;8.863;5528.679;-3.5771;1.1540;-16.0373;-0.02950;0.01432;-0.13973;3
GYRO;8.864;5528.679;0.00027;0.00027;-0.00399;0
SOUN;8.865;6.65;0.00020;20.12
MAGN;8.869;5528.683;-12.86250;49.59375;-35.79375;0
ACCE;8.871;5528.687;-0.18495;-0.58095;9.68700;0
GYRO;8.872;5528.687;0.00027;0.00069;-0.00426;0
MAGN;8.878;5528.693;-12.88125;49.57500;-35.77500;0
AHRS;8.879;5528.694;-3.5771;1.1540;-16.0373;-0.02950;0.01432;-0.13973;3
GYRO;8.879;5528.694;-0.00000;0.00069;-0.00467;0
ACCE;8.887;5528.702;-0.20400;-0.67605;9.85995;0
GYRO;8.888;5528.702;-0.00124;0.00027;-0.00426;0
MAGN;8.889;5528.703;-12.88125;49.59375;-35.77500;0
AHRS;8.895;5528.710;-3.5771;1.1540;-16.0373;-0.02950;0.01432;-0.13973;3
GYRO;8.895;5528.710;-0.00192;-0.00027;-0.00385;0
MAGN;8.896;5528.713;-12.90000;49.59375;-35.79375;0
ACCE;8.903;5528.718;-0.16605;-0.65700;9.99405;0
GYRO;8.903;5528.718;-0.00220;-0.00041;-0.00344;0
MAGN;8.908;5528.723;-12.90000;49.57500;-35.83125;0
AHRS;8.911;5528.726;-3.5771;1.1540;-16.0373;-0.02950;0.01432;-0.13973;3
GYRO;8.912;5528.726;-0.00206;-0.00027;-0.00344;0
MAGN;8.918;5528.733;-12.91875;49.55625;-35.83125;0
ACCE;8.919;5528.734;-0.22305;-0.61905;9.95595;0
GYRO;8.919;5528.734;-0.00137;-0.00014;-0.00399;0
AHRS;8.928;5528.742;-3.5771;1.1540;-16.0373;-0.02950;0.01432;-0.13973;3
GYRO;8.929;5528.742;-0.00165;0.00014;-0.00344;0
MAGN;8.930;5528.743;-12.95625;49.53750;-35.83125;0
ACCE;8.934;5528.750;-0.18495;-0.58095;9.89805;0
GYRO;8.935;5528.750;-0.00165;-0.00041;-0.00179;0
MAGN;8.938;5528.753;-12.97500;49.51875;-35.86875;0
AHRS;8.942;5528.758;-3.5771;1.1540;-16.0373;-0.02950;0.01432;-0.13973;3
GYRO;8.943;5528.758;-0.00151;-0.00082;-0.00137;0
MAGN;8.949;5528.763;-12.97500;49.50000;-35.90625;0
ACCE;8.950;5528.765;-0.16605;-0.60000;9.95595;0
GYRO;8.958;5528.773;-0.00137;-0.00082;-0.00110;0
MAGN;8.959;5528.773;-12.95625;49.48125;-35.92500;0
ACCE;8.966;5528.781;-0.10800;-0.60000;9.93600;0
AHRS;8.968;5528.781;-3.5771;1.1540;-16.0373;-0.02950;0.01432;-0.13973;3
GYRO;8.969;5528.781;-0.00055;-0.00124;-0.00055;0
MAGN;8.970;5528.783;-12.97500;49.46250;-35.92500;0
GYRO;8.973;5528.789;0.00000;-0.00124;-0.00014;0
MAGN;8.978;5528.793;-12.97500;49.46250;-35.92500;0
ACCE;8.981;5528.797;-0.10800;-0.58095;9.95595;0
AHRS;8.982;5528.797;-3.5771;1.1540;-16.0373;-0.02950;0.01432;-0.13973;3
GYRO;8.983;5528.797;0.00055;-0.00165;0.00055;0
MAGN;8.988;5528.803;-12.97500;49.46250;-35.92500;0
LIGH;8.995;5528.810;40.2;3
ACCE;9.000;5528.813;-0.12795;-0.52305;9.78300;0
GYRO;9.001;5528.813;0.00110;-0.00192;0.00069;0
MAGN;9.001;5528.813;-12.97500;49.46250;-35.94375;0
AHRS;9.004;5528.821;-3.5771;1.1540;-16.0373;-0.02950;0.01432;-0.13973;3
GYRO;9.006;5528.821;0.00151;-0.00261;0.00096;0
MAGN;9.007;5528.823;-12.97500;49.46250;-35.92500;0
ACCE;9.012;5528.828;-0.12795;-0.58095;9.82200;0
GYRO;9.015;5528.828;0.00192;-0.00344;0.00192;0
MAGN;9.018;5528.833;-12.97500;49.42500;-35.88750;0
AHRS;9.021;5528.836;-3.5771;1.1540;-16.0373;-0.02950;0.01432;-0.13973;3
GYRO;9.022;5528.836;0.00289;-0.00467;0.00289;0
MAGN;9.028;5528.843;-12.97500;49.42500;-35.88750;0
ACCE;9.029;5528.844;-0.12795;-0.58095;9.89805;0
GYRO;9.029;5528.844;0.00344;-0.00509;0.00412;0
AHRS;9.037;5528.852;-3.5771;1.1540;-16.0373;-0.02950;0.01432;-0.13973;3
GYRO;9.038;5528.852;0.00357;-0.00522;0.00536;0
MAGN;9.038;5528.853;-12.97500;49.42500;-35.86875;0
ACCE;9.044;5528.860;-0.16605;-0.60000;9.87900;0
GYRO;9.045;5528.860;0.00357;-0.00536;0.00564;0
MAGN;9.046;5528.862;-12.97500;49.42500;-35.88750;0
AHRS;9.052;5528.868;-3.5771;1.1540;-16.0373;-0.02950;0.01432;-0.13973;3
GYRO;9.053;5528.868;0.00289;-0.00481;0.00495;0
MAGN;9.058;5528.873;-12.95625;49.44375;-35.88750;0
ACCE;9.059;5528.875;-0.22305;-0.61905;9.91695;0
GYRO;9.068;5528.883;0.00302;-0.00440;0.00495;0
MAGN;9.069;5528.883;-12.95625;49.44375;-35.88750;0
ACCE;9.076;5528.891;-0.24195;-0.60000;9.95595;0
AHRS;9.077;5528.891;-3.5771;1.1540;-16.0373;-0.02950;0.01432;-0.13973;3
GYRO;9.079;5528.891;0.00302;-0.00289;0.00399;0
MAGN;9.080;5528.893;-12.95625;49.44375;-35.86875;0
GYRO;9.084;5528.899;0.00261;-0.00179;0.00344;0
MAGN;9.088;5528.903;-12.95625;49.46250;-35.81250;0
ACCE;9.092;5528.907;-0.22305;-0.58095;9.95595;0
AHRS;9.096;5528.907;-3.5771;1.1540;-16.0373;-0.02950;0.01432;-0.13973;3
GYRO;9.097;5528.907;0.00261;-0.00055;0.00302;0
MAGN;9.098;5528.913;-12.95625;49.44375;-35.79375;0
ACCE;9.108;5528.923;-0.18495;-0.58095;9.84105;0
GYRO;9.109;5528.923;0.00234;0.00027;0.00247;0
MAGN;9.109;5528.923;-12.95625;49.42500;-35.77500;0
AHRS;9.115;5528.931;-3.5771;1.1540;-16.0373;-0.02950;0.01432;-0.13973;3
GYRO;9.116;5528.931;0.00151;0.00206;0.00096;0
MAGN;9.117;5528.933;-12.97500;49.40625;-35.77500;0
ACCE;9.123;5528.939;-0.22305;-0.61905;9.78300;0
GYRO;9.124;5528.939;0.00027;0.00344;-0.00096;0
MAGN;9.128;5528.943;-12.99375;49.38750;-35.75625;0
AHRS;9.130;5528.947;-3.5771;1.1540;-16.0373;-0.02950;0.01432;-0.13973;3
GYRO;9.132;5528.947;-0.00110;0.00399;-0.00220;0
MAGN;9.138;5528.953;-12.99375;49.42500;-35.73750;0
ACCE;9.139;5528.954;-0.18495;-0.60000;9.84105;0
GYRO;9.139;5528.954;-0.00165;0.00467;-0.00289;0
AHRS;9.147;5528.962;-3.5771;1.1540;-16.0373;-0.02950;0.01432;-0.13973;3
GYRO;9.148;5528.962;-0.00165;0.00536;-0.00357;0
MAGN;9.149;5528.963;-12.97500;49.42500;-35.70000;0
LIGH;9.154;5528.970;40.2;3
ACCE;9.154;5528.970;-0.16605;-0.58095;9.85995;0
MAGN;9.158;5528.973;-12.97500;49.42500;-35.66250;0
GYRO;9.162;5528.978;-0.00165;0.00577;-0.00426;0
MAGN;9.168;5528.983;-12.97500;49.42500;-35.68125;0
ACCE;9.170;5528.986;-0.16605;-0.58095;9.87900;0
AHRS;9.172;5528.986;-3.5771;1.1540;-16.0373;-0.02950;0.01432;-0.13973;3
GYRO;9.173;5528.986;-0.00151;0.00564;-0.00426;0
MAGN;9.179;5528.993;-12.97500;49.44375;-35.71875;0
GYRO;9.180;5528.994;-0.00151;0.00495;-0.00357;0
ACCE;9.187;5529.002;-0.12795;-0.61905;9.95595;0
AHRS;9.188;5529.002;-3.5771;1.1540;-16.0373;-0.02950;0.01432;-0.13973;3
GYRO;9.189;5529.002;-0.00192;0.00385;-0.00289;0
MAGN;9.190;5529.003;-12.97500;49.46250;-35.71875;0
GYRO;9.194;5529.010;-0.00179;0.00275;-0.00234;0
MAGN;9.198;5529.013;-12.97500;49.46250;-35.71875;0
ACCE;9.201;5529.018;-0.14700;-0.60000;9.91695;0
AHRS;9.220;5529.018;-3.5771;1.1540;-16.0373;-0.02950;0.01432;-0.13973;3
GYRO;9.221;5529.018;-0.00165;0.00137;-0.00151;0
MAGN;9.221;5529.023;-12.95625;49.46250;-35.71875;0
ACCE;9.221;5529.033;-0.14700;-0.61905;9.87900;0
GYRO;9.221;5529.033;-0.00137;-0.00000;-0.00041;0
MAGN;9.222;5529.033;-12.95625;49.46250;-35.71875;0
GNSS;9.222;1745934475.000;24.926197;121.252923;193.200;288.010;4.4;0.0;48;8
GNSS;9.224;1745934475.000;24.926197;121.252923;193.200;288.010;4.4;0.0;48;8
AHRS;9.225;5529.041;-3.5771;1.1540;-16.0373;-0.02950;0.01432;-0.13973;3
GYRO;9.226;5529.041;-0.00082;-0.00151;0.00096;0
MAGN;9.226;5529.043;-12.93750;49.46250;-35.68125;0
ACCE;9.234;5529.049;-0.12795;-0.60000;9.87900;0
GYRO;9.235;5529.049;-0.00082;-0.00289;0.00234;0
GNSS;9.236;1745934474.132;24.926197;121.252925;194.900;0.000;4.4;0.0;48;8
MAGN;9.238;5529.053;-12.91875;49.46250;-35.66250;0
AHRS;9.241;5529.057;-3.5771;1.1540;-16.0373;-0.02950;0.01432;-0.13973;3
GYRO;9.242;5529.057;-0.00082;-0.00399;0.00399;0
MAGN;9.248;5529.063;-12.91875;49.46250;-35.66250;0
ACCE;9.249;5529.064;-0.14700;-0.60000;9.87900;0
GYRO;9.259;5529.073;-0.00069;-0.00440;0.00440;0
MAGN;9.259;5529.073;-12.91875;49.48125;-35.66250;0
ACCE;9.264;5529.081;-0.20400;-0.54195;9.85995;0
AHRS;9.265;5529.081;-3.5771;1.1540;-16.0373;-0.02950;0.01432;-0.13973;3
GYRO;9.266;5529.081;0.00000;-0.00495;0.00481;0
MAGN;9.268;5529.083;-12.91875;49.50000;-35.66250;0
GYRO;9.272;5529.088;0.00041;-0.00440;0.00440;0
MAGN;9.277;5529.093;-12.88125;49.48125;-35.62500;0
ACCE;9.281;5529.096;-0.20400;-0.58095;9.80205;0
AHRS;9.281;5529.096;-3.5771;1.1540;-16.0373;-0.02950;0.01432;-0.13973;3
GYRO;9.282;5529.096;0.00069;-0.00399;0.00454;0
MAGN;9.287;5529.103;-12.86250;49.48125;-35.62500;0
GYRO;9.288;5529.104;0.00069;-0.00357;0.00522;0
ACCE;9.296;5529.112;-0.18495;-0.61905;9.91695;0
AHRS;9.297;5529.112;-3.5771;1.1540;-16.0373;-0.02950;0.01432;-0.13973;3
GYRO;9.298;5529.112;0.00041;-0.00302;0.00522;0
MAGN;9.298;5529.113;-12.86250;49.51875;-35.62500;0
GYRO;9.304;5529.120;0.00041;-0.00206;0.00550;0
MAGN;9.308;5529.123;-12.86250;49.51875;-35.66250;0
ACCE;9.314;5529.128;-0.18495;-0.58095;9.99405;0
AHRS;9.315;5529.128;-3.5771;1.1540;-16.0373;-0.02950;0.01432;-0.13973;3
GYRO;9.316;5529.128;0.00069;-0.00069;0.00522;0
LIGH;9.317;5529.129;39.5;3
MAGN;9.319;5529.133;-12.86250;49.53750;-35.68125;0
ACCE;9.327;5529.143;-0.14700;-0.60000;9.95595;0
GYRO;9.327;5529.143;0.00110;0.00027;0.00440;0
MAGN;9.327;5529.143;-12.86250;49.55625;-35.70000;0
AHRS;9.336;5529.151;-3.5771;1.1540;-16.0373;-0.02950;0.01432;-0.13973;3
GYRO;9.337;5529.151;0.00137;0.00082;0.00357;0
MAGN;9.338;5529.153;-12.86250;49.55625;-35.73750;0
ACCE;9.344;5529.160;-0.14700;-0.58095;9.93600;0
GYRO;9.347;5529.160;0.00137;0.00096;0.00385;0
MAGN;9.348;5529.163;-12.82500;49.57500;-35.75625;0
MAGN;9.358;5529.173;-12.82500;49.57500;-35.77500;0
ACCE;9.359;5529.174;-0.12795;-0.58095;9.91695;0
AHRS;9.359;5529.174;-3.5771;1.1540;-16.0373;-0.02950;0.01432;-0.13973;3
GYRO;9.360;5529.174;0.00096;0.00110;0.00412;0
SOUN;9.365;10.35;0.00032;23.97
GYRO;9.372;5529.183;0.00069;0.00082;0.00454;0
MAGN;9.372;5529.183;-12.82500;49.57500;-35.79375;0
ACCE;9.374;5529.191;-0.16605;-0.61905;9.84105;0
AHRS;9.375;5529.191;-3.5771;1.1540;-16.0373;-0.02950;0.01432;-0.13973;3
GYRO;9.375;5529.191;0.00041;0.00096;0.00426;0
MAGN;9.377;5529.193;-12.80625;49.55625;-35.79375;0
GYRO;9.382;5529.199;0.00014;0.00151;0.00344;0
MAGN;9.388;5529.203;-12.78750;49.55625;-35.86875;0
ACCE;9.390;5529.207;-0.12795;-0.63795;9.85995;0
AHRS;9.392;5529.207;-3.5771;1.1540;-16.0373;-0.02950;0.01432;-0.13973;3
GYRO;9.392;5529.207;-0.00014;0.00082;0.00371;0
MAGN;9.398;5529.213;-12.78750;49.57500;-35.90625;0
GYRO;9.399;5529.215;-0.00082;-0.00041;0.00344;0
ACCE;9.407;5529.222;-0.12795;-0.61905;9.84105;0
AHRS;9.408;5529.222;-3.5771;1.1540;-16.0373;-0.02950;0.01432;-0.13973;3
GYRO;9.409;5529.222;-0.00124;-0.00151;0.00316;0
MAGN;9.410;5529.223;-12.78750;49.57500;-35.92500;0
GYRO;9.414;5529.230;-0.00165;-0.00234;0.00330;0
MAGN;9.418;5529.233;-12.76875;49.57500;-35.94375;0
ACCE;9.422;5529.238;-0.16605;-0.58095;9.85995;0
AHRS;9.423;5529.238;-3.5771;1.1540;-16.0373;-0.02950;0.01432;-0.13973;3
GYRO;9.425;5529.238;-0.00179;-0.00206;0.00316;0
MAGN;9.428;5529.243;-12.75000;49.57500;-35.96250;0
GYRO;9.430;5529.246;-0.00151;-0.00220;0.00261;0
MAGN;9.439;5529.253;-12.73125;49.55625;-36.01875;0
ACCE;9.439;5529.254;-0.16605;-0.58095;9.82200;0
AHRS;9.439;5529.254;-3.5771;1.1540;-16.0373;-0.02950;0.01432;-0.13973;3
GYRO;9.439;5529.254;-0.00165;-0.00261;0.00206;0
GYRO;9.447;5529.262;-0.00192;-0.00302;0.00151;0
MAGN;9.448;5529.263;-12.73125;49.55625;-36.07500;0
ACCE;9.454;5529.270;-0.12795;-0.58095;9.85995;0
AHRS;9.455;5529.270;-3.5771;1.1540;-16.0373;-0.02950;0.01432;-0.13973;3
GYRO;9.457;5529.270;-0.00165;-0.00344;0.00137;0
MAGN;9.458;5529.273;-12.71250;49.57500;-36.07500;0
GYRO;9.462;5529.278;-0.00165;-0.00371;0.00110;0
MAGN;9.468;5529.283;-12.71250;49.55625;-36.07500;0
ACCE;9.474;5529.285;-0.14700;-0.60000;9.93600;0
LIGH;9.475;5529.290;40.2;3
AHRS;9.477;5529.293;-3.4395;0.9396;-15.7115;-0.02861;0.01222;-0.13686;3
GYRO;9.479;5529.293;-0.00110;-0.00316;0.00027;0
MAGN;9.480;5529.293;-12.69375;49.53750;-36.07500;0
ACCE;9.486;5529.301;-0.16605;-0.56100;9.93600;0
GYRO;9.487;5529.301;-0.00014;-0.00206;-0.00041;0
MAGN;9.491;5529.303;-12.69375;49.53750;-36.03750;0
AHRS;9.493;5529.309;-3.4395;0.9396;-15.7115;-0.02861;0.01222;-0.13686;3
GYRO;9.498;5529.309;0.00055;-0.00124;-0.00124;0
MAGN;9.498;5529.313;-12.69375;49.53750;-36.03750;0
ACCE;9.501;5529.317;-0.16605;-0.58095;9.89805;0
GYRO;9.502;5529.317;0.00124;-0.00055;-0.00082;0
MAGN;9.509;5529.323;-12.69375;49.55625;-36.03750;0
ACCE;9.518;5529.333;-0.12795;-0.58095;9.91695;0
AHRS;9.519;5529.333;-3.4395;0.9396;-15.7115;-0.02861;0.01222;-0.13686;3
GYRO;9.521;5529.333;0.00137;-0.00082;-0.00055;0
MAGN;9.521;5529.333;-12.71250;49.55625;-36.03750;0
GYRO;9.525;5529.341;0.00151;-0.00082;-0.00041;0
MAGN;9.532;5529.343;-12.71250;49.57500;-36.03750;0
ACCE;9.532;5529.348;-0.12795;-0.58095;9.87900;0
AHRS;9.533;5529.348;-3.4395;0.9396;-15.7115;-0.02861;0.01222;-0.13686;3
GYRO;9.535;5529.348;0.00192;-0.00014;-0.00082;0
MAGN;9.538;5529.353;-12.71250;49.59375;-36.07500;0
GYRO;9.542;5529.356;0.00234;0.00014;-0.00124;0
MAGN;9.548;5529.363;-12.71250;49.61250;-36.05625;0
ACCE;9.549;5529.364;-0.12795;-0.60000;9.91695;0
AHRS;9.549;5529.364;-3.4395;0.9396;-15.7115;-0.02861;0.01222;-0.13686;3
GYRO;9.550;5529.364;0.00247;0.00027;-0.00165;0
GYRO;9.557;5529.372;0.00234;0.00014;-0.00192;0
MAGN;9.558;5529.373;-12.73125;49.61250;-36.05625;0
ACCE;9.564;5529.380;-0.08895;-0.61905;9.93600;0
AHRS;9.565;5529.380;-3.4395;0.9396;-15.7115;-0.02861;0.01222;-0.13686;3
GYRO;9.566;5529.380;0.00192;-0.00055;-0.00165;0
MAGN;9.566;5529.383;-12.73125;49.59375;-36.09375;0
GYRO;9.572;5529.388;0.00151;-0.00137;-0.00124;0
MAGN;9.578;5529.393;-12.73125;49.59375;-36.13125;0
ACCE;9.579;5529.395;-0.12795;-0.60000;9.89805;0
AHRS;9.588;5529.403;-3.4395;0.9396;-15.7115;-0.02861;0.01222;-0.13686;3
GYRO;9.589;5529.403;0.00110;-0.00137;-0.00096;0
MAGN;9.590;5529.403;-12.75000;49.59375;-36.09375;0
ACCE;9.596;5529.411;-0.18495;-0.60000;9.78300;0
GYRO;9.599;5529.411;0.00055;-0.00096;-0.00165;0
MAGN;9.599;5529.413;-12.76875;49.59375;-36.05625;0
AHRS;9.604;5529.419;-3.4395;0.9396;-15.7115;-0.02861;0.01222;-0.13686;3
GYRO;9.605;5529.419;0.00014;-0.00027;-0.00247;0
MAGN;9.608;5529.423;-12.76875;49.59375;-36.01875;0
ACCE;9.614;5529.427;-0.14700;-0.63795;9.78300;0
GYRO;9.615;5529.427;-0.00096;-0.00014;-0.00206;0
MAGN;9.619;5529.433;-12.76875;49.61250;-35.98125;0
ACCE;9.628;5529.443;-0.22305;-0.67605;9.91695;0
AHRS;9.628;5529.443;-3.4395;0.9396;-15.7115;-0.02861;0.01222;-0.13686;3
GYRO;9.628;5529.443;-0.00192;-0.00000;-0.00192;0
MAGN;9.630;5529.443;-12.78750;49.61250;-35.96250;0
LIGH;9.634;5529.450;40.2;3
MAGN;9.638;5529.453;-12.78750;49.59375;-35.96250;0
ACCE;9.643;5529.459;-0.14700;-0.65700;9.97500;0
GYRO;9.644;5529.459;-0.00275;-0.00027;-0.00137;0
MAGN;9.648;5529.463;-12.80625;49.59375;-35.90625;0
AHRS;9.651;5529.467;-3.4395;0.9396;-15.7115;-0.02861;0.01222;-0.13686;3
GYRO;9.652;5529.467;-0.00357;-0.00027;-0.00137;0
MAGN;9.659;5529.473;-12.80625;49.61250;-35.88750;0
ACCE;9.660;5529.474;-0.20400;-0.63795;9.95595;0
GYRO;9.660;5529.474;-0.00371;0.00069;-0.00165;0
AHRS;9.667;5529.482;-3.4395;0.9396;-15.7115;-0.02861;0.01222;-0.13686;3
GYRO;9.668;5529.482;-0.00371;0.00206;-0.00234;0
MAGN;9.669;5529.483;-12.82500;49.61250;-35.90625;0
ACCE;9.674;5529.490;-0.16605;-0.61905;9.87900;0
GYRO;9.675;5529.490;-0.00385;0.00289;-0.00289;0
MAGN;9.676;5529.493;-12.84375;49.61250;-35.92500;0
AHRS;9.683;5529.498;-3.4395;0.9396;-15.7115;-0.02861;0.01222;-0.13686;3
GYRO;9.683;5529.498;-0.00399;0.00275;-0.00275;0
MAGN;9.688;5529.503;-12.86250;49.61250;-35.86875;0
ACCE;9.691;5529.506;-0.12795;-0.60000;9.85995;0
GYRO;9.692;5529.506;-0.00371;0.00234;-0.00302;0
MAGN;9.698;5529.513;-12.86250;49.63125;-35.85000;0
AHRS;9.698;5529.514;-3.4395;0.9396;-15.7115;-0.02861;0.01222;-0.13686;3
GYRO;9.699;5529.514;-0.00344;0.00165;-0.00275;0
ACCE;9.706;5529.522;-0.10800;-0.56100;9.85995;0
GYRO;9.707;5529.522;-0.00234;0.00192;-0.00316;0
MAGN;9.707;5529.523;-12.86250;49.63125;-35.83125;0
AHRS;9.713;5529.530;-3.4395;0.9396;-15.7115;-0.02861;0.01222;-0.13686;3
GYRO;9.715;5529.530;-0.00124;0.00165;-0.00302;0
MAGN;9.718;5529.533;-12.86250;49.63125;-35.83125;0
ACCE;9.722;5529.538;-0.10800;-0.56100;9.89805;0
GYRO;9.723;5529.538;-0.00055;0.00110;-0.00234;0
MAGN;9.728;5529.543;-12.86250;49.66875;-35.83125;0
ACCE;9.738;5529.553;-0.08895;-0.58095;9.93600;0
AHRS;9.740;5529.553;-3.4395;0.9396;-15.7115;-0.02861;0.01222;-0.13686;3
GYRO;9.741;5529.553;0.00014;0.00069;-0.00124;0
MAGN;9.746;5529.553;-12.86250;49.70625;-35.79375;0
GYRO;9.747;5529.561;0.00096;-0.00069;0.00027;0
MAGN;9.748;5529.563;-12.86250;49.72500;-35.77500;0
ACCE;9.753;5529.569;-0.10800;-0.60000;9.95595;0
AHRS;9.754;5529.569;-3.4395;0.9396;-15.7115;-0.02861;0.01222;-0.13686;3
GYRO;9.756;5529.569;0.00192;-0.00179;0.00124;0
MAGN;9.756;5529.573;-12.86250;49.74375;-35.75625;0
GYRO;9.764;5529.577;0.00275;-0.00302;0.00275;0
MAGN;9.769;5529.583;-12.88125;49.74375;-35.75625;0
ACCE;9.769;5529.585;-0.14700;-0.65700;9.93600;0
AHRS;9.769;5529.585;-3.4395;0.9396;-15.7115;-0.02861;0.01222;-0.13686;3
GYRO;9.772;5529.585;0.00289;-0.00289;0.00261;0
GYRO;9.780;5529.593;0.00275;-0.00289;0.00289;0
MAGN;9.781;5529.593;-12.88125;49.74375;-35.75625;0
ACCE;9.785;5529.601;-0.20400;-0.65700;9.89805;0
AHRS;9.786;5529.601;-3.4395;0.9396;-15.7115;-0.02861;0.01222;-0.13686;3
GYRO;9.787;5529.601;0.00247;-0.00275;0.00330;0
MAGN;9.788;5529.602;-12.88125;49.72500;-35.77500;0
GYRO;9.796;5529.608;0.00165;-0.00289;0.00275;0
LIGH;9.796;5529.609;40.2;3
MAGN;9.798;5529.613;-12.88125;49.72500;-35.77500;0
ACCE;9.801;5529.616;-0.22305;-0.67605;9.91695;0
AHRS;9.802;5529.616;-3.4395;0.9396;-15.7115;-0.02861;0.01222;-0.13686;3
GYRO;9.803;5529.616;0.00055;-0.00234;0.00247;0
MAGN;9.808;5529.623;-12.88125;49.70625;-35.77500;0
GYRO;9.809;5529.624;-0.00027;-0.00124;0.00124;0
ACCE;9.818;5529.632;-0.18495;-0.65700;9.91695;0
AHRS;9.819;5529.632;-3.4395;0.9396;-15.7115;-0.02861;0.01222;-0.13686;3
GYRO;9.819;5529.632;-0.00082;-0.00014;-0.00014;0
MAGN;9.819;5529.633;-12.88125;49.66875;-35.79375;0
GYRO;9.824;5529.640;-0.00165;0.00124;-0.00206;0
MAGN;9.829;5529.643;-12.90000;49.63125;-35.75625;0
ACCE;9.832;5529.648;-0.16605;-0.67605;9.85995;0
AHRS;9.833;5529.648;-3.4395;0.9396;-15.7115;-0.02861;0.01222;-0.13686;3
GYRO;9.834;5529.648;-0.00302;0.00220;-0.00357;0
MAGN;9.838;5529.653;-12.88125;49.63125;-35.71875;0
ACCE;9.848;5529.663;-0.16605;-0.65700;9.82200;0
GYRO;9.850;5529.663;-0.00399;0.00330;-0.00467;0
MAGN;9.850;5529.663;-12.88125;49.63125;-35.68125;0
AHRS;9.856;5529.671;-3.4395;0.9396;-15.7115;-0.02861;0.01222;-0.13686;3
GYRO;9.857;5529.671;-0.00481;0.00357;-0.00467;0
MAGN;9.857;5529.673;-12.88125;49.61250;-35.66250;0
ACCE;9.864;5529.679;-0.16605;-0.65700;9.80205;0
GYRO;9.865;5529.679;-0.00536;0.00440;-0.00536;0
SOUN;9.866;6.73;0.00021;20.23
MAGN;9.870;5529.683;-12.90000;49.61250;-35.66250;0
AHRS;9.872;5529.687;-3.4395;0.9396;-15.7115;-0.02861;0.01222;-0.13686;3
GYRO;9.872;5529.687;-0.00550;0.00509;-0.00632;0
MAGN;9.879;5529.693;-12.91875;49.63125;-35.66250;0
ACCE;9.880;5529.694;-0.14700;-0.61905;9.87900;0
GYRO;9.888;5529.703;-0.00522;0.00536;-0.00591;0
MAGN;9.889;5529.703;-12.93750;49.63125;-35.68125;0
ACCE;9.895;5529.711;-0.14700;-0.63795;9.89805;0
AHRS;9.896;5529.711;-3.4395;0.9396;-15.7115;-0.02861;0.01222;-0.13686;3
GYRO;9.896;5529.711;-0.00495;0.00495;-0.00591;0
MAGN;9.897;5529.713;-12.93750;49.61250;-35.70000;0
GYRO;9.903;5529.719;-0.00426;0.00412;-0.00619;0
MAGN;9.908;5529.723;-12.95625;49.59375;-35.68125;0
ACCE;9.911;5529.727;-0.12795;-0.63795;9.95595;0
AHRS;9.912;5529.727;-3.4395;0.9396;-15.7115;-0.02861;0.01222;-0.13686;3
GYRO;9.913;5529.727;-0.00344;0.00330;-0.00577;0
MAGN;9.918;5529.733;-12.93750;49.61250;-35.68125;0
GYRO;9.920;5529.734;-0.00261;0.00165;-0.00385;0
ACCE;9.927;5529.742;-0.10800;-0.63795;9.95595;0
AHRS;9.927;5529.742;-3.4395;0.9396;-15.7115;-0.02861;0.01222;-0.13686;3
GYRO;9.928;5529.742;-0.00124;0.00027;-0.00234;0
MAGN;9.928;5529.743;-12.93750;49.61250;-35.66250;0
GYRO;9.935;5529.750;-0.00027;-0.00082;-0.00151;0
MAGN;9.938;5529.753;-12.93750;49.61250;-35.64375;0
ACCE;9.943;5529.758;-0.12795;-0.61905;9.91695;0
AHRS;9.944;5529.758;-3.4395;0.9396;-15.7115;-0.02861;0.01222;-0.13686;3
GYRO;9.945;5529.758;0.00082;-0.00179;-0.00137;0
MAGN;9.948;5529.763;-12.93750;49.63125;-35.64375;0
LIGH;9.955;5529.770;40.9;3
MAGN;9.958;5529.773;-12.93750;49.63125;-35.64375;0
ACCE;9.959;5529.774;-0.12795;-0.63795;9.89805;0
GYRO;9.959;5529.774;0.00165;-0.00275;-0.00027;0
AHRS;9.967;5529.782;-3.4395;0.9396;-15.7115;-0.02861;0.01222;-0.13686;3
GYRO;9.967;5529.782;0.00206;-0.00399;0.00151;0
MAGN;9.968;5529.783;-12.91875;49.63125;-35.62500;0
ACCE;9.974;5529.790;-0.12795;-0.65700;9.87900;0
GYRO;9.976;5529.790;0.00220;-0.00467;0.00275;0
MAGN;9.976;5529.792;-12.91875;49.63125;-35.56875;0
MAGN;9.989;5529.803;-12.91875;49.66875;-35.55000;0
ACCE;9.989;5529.805;-0.14700;-0.65700;9.87900;0
AHRS;9.989;5529.805;-3.4395;0.9396;-15.7115;-0.02861;0.01222;-0.13686;3
GYRO;9.990;5529.805;0.00247;-0.00495;0.00330;0
GYRO;9.997;5529.813;0.00206;-0.00495;0.00426;0
MAGN;9.999;5529.813;-12.91875;49.66875;-35.53125;0
ACCE;10.006;5529.821;-0.12795;-0.65700;9.84105;0
AHRS;10.006;5529.821;-3.4395;0.9396;-15.7115;-0.02861;0.01222;-0.13686;3
GYRO;10.007;5529.821;0.00179;-0.00495;0.00481;0
MAGN;10.007;5529.823;-12.90000;49.68750;-35.53125;0
GYRO;10.013;5529.829;0.00110;-0.00426;0.00481;0
MAGN;10.018;5529.833;-12.91875;49.70625;-35.51250;0
ACCE;10.021;5529.837;-0.14700;-0.67605;9.85995;0
AHRS;10.022;5529.837;-3.4395;0.9396;-15.7115;-0.02861;0.01222;-0.13686;3
GYRO;10.024;5529.837;0.00027;-0.00371;0.00440;0
MAGN;10.028;5529.843;-12.93750;49.68750;-35.47500;0
GYRO;10.029;5529.845;-0.00055;-0.00302;0.00357;0
ACCE;10.037;5529.853;-0.12795;-0.69495;9.89805;0
AHRS;10.038;5529.853;-3.4395;0.9396;-15.7115;-0.02861;0.01222;-0.13686;3
GYRO;10.038;5529.853;-0.00165;-0.00234;0.00275;0
MAGN;10.039;5529.853;-12.93750;49.66875;-35.45625;0
GYRO;10.046;5529.861;-0.00220;-0.00192;0.00247;0
MAGN;10.048;5529.863;-12.93750;49.65000;-35.45625;0
ACCE;10.053;5529.868;-0.14700;-0.69495;9.93600;0
AHRS;10.054;5529.868;-3.4395;0.9396;-15.7115;-0.02861;0.01222;-0.13686;3
GYRO;10.055;5529.868;-0.00289;-0.00082;0.00179;0
MAGN;10.058;5529.873;-12.93750;49.63125;-35.47500;0
GYRO;10.060;5529.876;-0.00330;0.00000;0.00055;0
MAGN;10.068;5529.883;-12.93750;49.63125;-35.47500;0
ACCE;10.068;5529.884;-0.16605;-0.69495;9.97500;0
AHRS;10.068;5529.884;-3.4395;0.9396;-15.7115;-0.02861;0.01222;-0.13686;3
GYRO;10.069;5529.884;-0.00385;0.00041;0.00069;0
GYRO;10.077;5529.892;-0.00440;0.00069;0.00110;0
MAGN;10.078;5529.893;-12.91875;49.65000;-35.43750;0
ACCE;10.084;5529.900;-0.16605;-0.65700;9.93600;0
AHRS;10.086;5529.900;-3.4395;0.9396;-15.7115;-0.02861;0.01222;-0.13686;3
GYRO;10.086;5529.900;-0.00467;0.00137;0.00165;0
MAGN;10.087;5529.903;-12.90000;49.66875;-35.41875;0
GYRO;10.094;5529.908;-0.00426;0.00206;0.00082;0
MAGN;10.098;5529.913;-12.88125;49.68750;-35.43750;0
ACCE;10.098;5529.915;-0.14700;-0.65700;9.89805;0
AHRS;10.107;5529.923;-3.4395;0.9396;-15.7115;-0.02861;0.01222;-0.13686;3
GYRO;10.109;5529.923;-0.00371;0.00234;0.00082;0
MAGN;10.111;5529.923;-12.86250;49.70625;-35.41875;0
LIGH;10.117;5529.930;40.9;3
ACCE;10.117;5529.931;-0.10800;-0.63795;9.87900;0
GYRO;10.117;5529.931;-0.00316;0.00206;0.00179;0
MAGN;10.118;5529.933;-12.86250;49.72500;-35.38125;0
AHRS;10.123;5529.939;-3.4396;0.9396;-15.7115;-0.02861;0.01222;-0.13686;3
GYRO;10.125;5529.939;-0.00261;0.00151;0.00316;0
MAGN;10.127;5529.943;-12.86250;49.74375;-35.41875;0
ACCE;10.131;5529.947;-0.08895;-0.63795;9.84105;0
GYRO;10.132;5529.947;-0.00192;0.00110;0.00302;0
MAGN;10.138;5529.953;-12.84375;49.76250;-35.45625;0
ACCE;10.147;5529.963;-0.12795;-0.65700;9.91695;0
AHRS;10.147;5529.963;-3.4396;0.9396;-15.7115;-0.02861;0.01222;-0.13686;3
GYRO;10.148;5529.963;-0.00124;0.00055;0.00302;0
MAGN;10.148;5529.963;-12.84375;49.74375;-35.47500;0
GYRO;10.155;5529.971;-0.00055;-0.00014;0.00330;0
MAGN;10.158;5529.973;-12.82500;49.74375;-35.49375;0
ACCE;10.163;5529.979;-0.12795;-0.65700;9.91695;0
AHRS;10.163;5529.979;-3.4396;0.9396;-15.7115;-0.02861;0.01222;-0.13686;3
GYRO;10.165;5529.979;0.00027;-0.00041;0.00302;0
MAGN;10.168;5529.983;-12.80625;49.76250;-35.49375;0
GYRO;10.170;5529.987;0.00110;-0.00055;0.00289;0
MAGN;10.178;5529.993;-12.78750;49.78125;-35.49375;0
ACCE;10.178;5529.994;-0.14700;-0.65700;9.89805;0
AHRS;10.178;5529.994;-3.4396;0.9396;-15.7115;-0.02861;0.01222;-0.13686;3
GYRO;10.179;5529.994;0.00151;-0.00096;0.00330;0
GYRO;10.186;5530.002;0.00179;-0.00137;0.00426;0
MAGN;10.187;5530.003;-12.75000;49.80000;-35.47500;0
ACCE;10.194;5530.010;-0.14700;-0.69495;9.91695;0
AHRS;10.207;5530.010;-3.4396;0.9396;-15.7115;-0.02861;0.01222;-0.13686;3
GYRO;10.213;5530.010;0.00165;-0.00165;0.00522;0
MAGN;10.213;5530.013;-12.71250;49.81875;-35.49375;0
GYRO;10.214;5530.018;0.00137;-0.00165;0.00577;0
MAGN;10.214;5530.023;-12.67500;49.81875;-35.53125;0
ACCE;10.214;5530.026;-0.10800;-0.69495;9.89805;0
GNSS;10.214;1745934476.000;24.926192;121.252922;193.300;288.010;4.4;0.0;48;9
AHRS;10.217;5530.026;-3.4396;0.9396;-15.7115;-0.02861;0.01222;-0.13686;3
GYRO;10.218;5530.026;0.00124;-0.00179;0.00632;0
MAGN;10.220;5530.033;-12.69375;49.78125;-35.56875;0
GYRO;10.220;5530.034;0.00069;-0.00192;0.00646;0
ACCE;10.230;5530.042;-0.10800;-0.67605;9.87900;0
MAGN;10.230;5530.043;-12.67500;49.78125;-35.60625;0
GNSS;10.230;1745934476.000;24.926192;121.252922;193.300;288.010;4.4;0.0;48;9
GNSS;10.231;1745934475.132;24.926193;121.252922;194.900;0.000;4.4;0.0;48;9
AHRS;10.234;5530.050;-3.4396;0.9396;-15.7115;-0.02861;0.01222;-0.13686;3
GYRO;10.234;5530.050;0.00055;-0.00206;0.00646;0
MAGN;10.238;5530.053;-12.65625;49.76250;-35.64375;0
ACCE;10.243;5530.057;-0.12795;-0.67605;9.89805;0
GYRO;10.243;5530.057;0.00014;-0.00220;0.00729;0
MAGN;10.248;5530.063;-12.63750;49.72500;-35.62500;0
ACCE;10.257;5530.073;-0.10800;-0.71505;9.89805;0
AHRS;10.258;5530.073;-3.4396;0.9396;-15.7115;-0.02861;0.01222;-0.13686;3
GYRO;10.258;5530.073;-0.00041;-0.00220;0.00742;0
MAGN;10.259;5530.073;-12.63750;49.72500;-35.56875;0
GYRO;10.265;5530.081;-0.00110;-0.00192;0.00687;0
MAGN;10.265;5530.083;-12.63750;49.70625;-35.49375;0
LIGH;10.277;5530.089;40.9;3
ACCE;10.279;5530.089;-0.12795;-0.71505;9.93600;0
AHRS;10.279;5530.089;-3.4396;0.9396;-15.7115;-0.02861;0.01222;-0.13686;3
GYRO;10.280;5530.089;-0.00192;-0.00151;0.00467;0
MAGN;10.281;5530.092;-12.65625;49.70625;-35.51250;0
MAGN;10.289;5530.103;-12.63750;49.68750;-35.53125;0
ACCE;10.289;5530.104;-0.10800;-0.67605;9.87900;0
GYRO;10.289;5530.104;-0.00234;-0.00151;0.00385;0
AHRS;10.297;5530.113;-3.4396;0.9396;-15.7115;-0.02861;0.01222;-0.13686;3
GYRO;10.298;5530.113;-0.00247;-0.00151;0.00220;0
MAGN;10.300;5530.113;-12.61875;49.66875;-35.55000;0
ACCE;10.304;5530.120;-0.12795;-0.67605;9.87900;0
GYRO;10.305;5530.120;-0.00261;-0.00096;0.00041;0
MAGN;10.306;5530.122;-12.61875;49.65000;-35.56875;0
AHRS;10.312;5530.128;-3.4396;0.9396;-15.7115;-0.02861;0.01222;-0.13686;3
GYRO;10.314;5530.128;-0.00302;-0.00082;-0.00041;0
MAGN;10.317;5530.133;-12.61875;49.63125;-35.58750;0
ACCE;10.320;5530.136;-0.07005;-0.73395;9.93600;0
GYRO;10.321;5530.136;-0.00330;-0.00096;-0.00041;0
MAGN;10.328;5530.143;-12.61875;49.63125;-35.62500;0
AHRS;10.328;5530.144;-3.4396;0.9396;-15.7115;-0.02861;0.01222;-0.13686;3
GYRO;10.329;5530.144;-0.00371;-0.00124;-0.00096;0
ACCE;10.336;5530.152;-0.10800;-0.71505;9.95595;0
GYRO;10.337;5530.152;-0.00371;-0.00124;-0.00192;0
MAGN;10.337;5530.153;-12.61875;49.65000;-35.62500;0
AHRS;10.344;5530.160;-3.4396;0.9396;-15.7115;-0.02861;0.01222;-0.13686;3
GYRO;10.345;5530.160;-0.00330;-0.00124;-0.00206;0
MAGN;10.346;5530.163;-12.61875;49.65000;-35.64375;0
ACCE;10.352;5530.168;-0.12795;-0.69495;9.85995;0
GYRO;10.354;5530.168;-0.00302;-0.00137;-0.00220;0
MAGN;10.359;5530.173;-12.60000;49.66875;-35.64375;0
ACCE;10.368;5530.183;-0.12795;-0.71505;9.80205;0
AHRS;10.368;5530.183;-3.4396;0.9396;-15.7115;-0.02861;0.01222;-0.13686;3
SOUN;10.368;5.03;0.00015;17.71
GYRO;10.372;5530.183;-0.00261;-0.00165;-0.00192;0
MAGN;10.373;5530.183;-12.61875;49.66875;-35.64375;0
GYRO;10.376;5530.191;-0.00289;-0.00096;-0.00330;0
MAGN;10.377;5530.193;-12.61875;49.65000;-35.64375;0
ACCE;10.384;5530.199;-0.18495;-0.75300;9.84105;0
AHRS;10.385;5530.199;-3.4396;0.9396;-15.7115;-0.02861;0.01222;-0.13686;3
GYRO;10.386;5530.199;-0.00316;-0.00027;-0.00399;0
MAGN;10.386;5530.202;-12.61875;49.66875;-35.64375;0
GYRO;10.392;5530.207;-0.00371;0.00000;-0.00440;0
MAGN;10.398;5530.213;-12.63750;49.68750;-35.62500;0
ACCE;10.399;5530.214;-0.12795;-0.77205;9.85995;0
AHRS;10.408;5530.223;-3.4396;0.9396;-15.7115;-0.02861;0.01222;-0.13686;3
GYRO;10.409;5530.223;-0.00330;0.00041;-0.00495;0
MAGN;10.410;5530.223;-12.65625;49.68750;-35.60625;0
ACCE;10.415;5530.231;-0.14700;-0.75300;9.91695;0
GYRO;10.416;5530.231;-0.00302;0.00124;-0.00495;0
MAGN;10.416;5530.233;-12.63750;49.68750;-35.58750;0
AHRS;10.423;5530.239;-3.4396;0.9396;-15.7115;-0.02861;0.01222;-0.13686;3
GYRO;10.424;5530.239;-0.00302;0.00206;-0.00481;0
MAGN;10.428;5530.243;-12.63750;49.68750;-35.53125;0
ACCE;10.431;5530.247;-0.14700;-0.71505;9.91695;0
GYRO;10.432;5530.247;-0.00316;0.00275;-0.00522;0
LIGH;10.433;5530.249;40.9;3
MAGN;10.438;5530.253;-12.65625;49.66875;-35.51250;0
AHRS;10.440;5530.254;-3.4396;0.9396;-15.7115;-0.02861;0.01222;-0.13686;3
GYRO;10.441;5530.254;-0.00357;0.00247;-0.00605;0
ACCE;10.447;5530.262;-0.07005;-0.69495;9.89805;0
GYRO;10.448;5530.262;-0.00316;0.00192;-0.00619;0
MAGN;10.449;5530.263;-12.67500;49.63125;-35.47500;0
AHRS;10.455;5530.270;-3.4396;0.9396;-15.7115;-0.02861;0.01222;-0.13686;3
GYRO;10.456;5530.270;-0.00289;0.00220;-0.00646;0
MAGN;10.457;5530.272;-12.67500;49.65000;-35.47500;0
ACCE;10.463;5530.278;-0.10800;-0.71505;9.91695;0
GYRO;10.464;5530.278;-0.00261;0.00179;-0.00509;0
MAGN;10.468;5530.283;-12.67500;49.66875;-35.49375;0
MAGN;10.478;5530.293;-12.69375;49.65000;-35.51250;0
ACCE;10.480;5530.294;-0.10800;-0.69495;9.91695;0
AHRS;10.481;5530.294;-3.4396;0.9396;-15.7115;-0.02861;0.01222;-0.13686;3
GYRO;10.483;5530.294;-0.00179;0.00124;-0.00399;0
MAGN;10.488;5530.303;-12.71250;49.63125;-35.51250;0
ACCE;10.494;5530.310;-0.07005;-0.71505;9.85995;0
GYRO;10.495;5530.310;-0.00124;0.00069;-0.00316;0
MAGN;10.499;5530.313;-12.73125;49.66875;-35.45625;0
AHRS;10.502;5530.317;-3.4396;0.9396;-15.7115;-0.02861;0.01222;-0.13686;3
GYRO;10.503;5530.317;-0.00082;0.00027;-0.00247;0
MAGN;10.508;5530.323;-12.76875;49.68750;-35.36250;0
ACCE;10.510;5530.325;-0.10800;-0.69495;9.82200;0
GYRO;10.518;5530.333;-0.00027;0.00014;-0.00247;0
MAGN;10.520;5530.333;-12.78750;49.70625;-35.34375;0
ACCE;10.526;5530.341;-0.14700;-0.67605;9.84105;0
AHRS;10.526;5530.341;-3.4396;0.9396;-15.7115;-0.02861;0.01222;-0.13686;3
GYRO;10.527;5530.341;0.00055;-0.00041;-0.00234;0
MAGN;10.528;5530.343;-12.78750;49.70625;-35.28750;0
GYRO;10.533;5530.349;0.00110;-0.00124;-0.00137;0
MAGN;10.538;5530.353;-12.78750;49.70625;-35.25000;0
ACCE;10.541;5530.357;-0.12795;-0.73395;9.89805;0
AHRS;10.542;5530.357;-3.4396;0.9396;-15.7115;-0.02861;0.01222;-0.13686;3
GYRO;10.544;5530.357;0.00192;-0.00124;-0.00000;0
MAGN;10.548;5530.363;-12.78750;49.70625;-35.26875;0
GYRO;10.549;5530.364;0.00179;-0.00096;0.00082;0
ACCE;10.558;5530.373;-0.12795;-0.77205;9.97500;0
AHRS;10.559;5530.373;-3.4396;0.9396;-15.7115;-0.02861;0.01222;-0.13686;3
GYRO;10.559;5530.373;0.00151;-0.00151;0.00220;0
MAGN;10.559;5530.373;-12.78750;49.72500;-35.30625;0
GYRO;10.565;5530.380;0.00124;-0.00179;0.00302;0
MAGN;10.568;5530.383;-12.78750;49.72500;-35.36250;0
ACCE;10.576;5530.388;-0.16605;-0.73395;10.03200;0
AHRS;10.577;5530.388;-3.4396;0.9396;-15.7115;-0.02861;0.01222;-0.13686;3
GYRO;10.577;5530.388;0.00110;-0.00165;0.00302;0
MAGN;10.578;5530.393;-12.78750;49.72500;-35.38125;0
GYRO;10.581;5530.396;0.00151;-0.00069;0.00192;0
MAGN;10.588;5530.403;-12.78750;49.72500;-35.38125;0
ACCE;10.589;5530.404;-0.18495;-0.71505;9.93600;0
AHRS;10.589;5530.404;-3.4396;0.9396;-15.7115;-0.02861;0.01222;-0.13686;3
GYRO;10.589;5530.404;0.00124;0.00069;0.00055;0
LIGH;10.594;5530.410;40.9;3
GYRO;10.597;5530.412;0.00082;0.00137;0.00014;0
MAGN;10.598;5530.413;-12.78750;49.72500;-35.38125;0
ACCE;10.605;5530.420;-0.14700;-0.75300;9.87900;0
AHRS;10.606;5530.420;-3.4396;0.9396;-15.7115;-0.02861;0.01222;-0.13686;3
GYRO;10.607;5530.420;0.00014;0.00192;-0.00027;0
MAGN;10.607;5530.423;-12.78750;49.74375;-35.34375;0
MAGN;10.618;5530.433;-12.78750;49.74375;-35.28750;0
ACCE;10.619;5530.435;-0.14700;-0.73395;9.80205;0
GYRO;10.620;5530.435;-0.00041;0.00261;-0.00096;0
AHRS;10.627;5530.443;-3.4396;0.9396;-15.7115;-0.02861;0.01222;-0.13686;3
GYRO;10.628;5530.443;-0.00110;0.00371;-0.00124;0
MAGN;10.630;5530.443;-12.78750;49.74375;-35.23125;0
ACCE;10.636;5530.451;-0.14700;-0.71505;9.76395;0
GYRO;10.638;5530.451;-0.00165;0.00412;-0.00151;0
MAGN;10.638;5530.453;-12.76875;49.72500;-35.21250;0
AHRS;10.644;5530.459;-3.4396;0.9396;-15.7115;-0.02861;0.01222;-0.13686;3
GYRO;10.645;5530.459;-0.00165;0.00412;-0.00124;0
MAGN;10.648;5530.463;-12.76875;49.72500;-35.21250;0
ACCE;10.652;5530.467;-0.12795;-0.69495;9.80205;0
GYRO;10.652;5530.467;-0.00165;0.00399;-0.00220;0
MAGN;10.658;5530.473;-12.76875;49.72500;-35.21250;0
ACCE;10.667;5530.483;-0.10800;-0.73395;9.97500;0
AHRS;10.668;5530.483;-3.4396;0.9396;-15.7115;-0.02861;0.01222;-0.13686;3
GYRO;10.668;5530.483;-0.00151;0.00385;-0.00220;0
MAGN;10.670;5530.483;-12.76875;49.74375;-35.19375;0
GYRO;10.675;5530.491;-0.00192;0.00234;-0.00055;0
MAGN;10.679;5530.493;-12.76875;49.76250;-35.19375;0
ACCE;10.683;5530.499;-0.07005;-0.77205;10.05105;0
AHRS;10.684;5530.499;-3.4396;0.9396;-15.7115;-0.02861;0.01222;-0.13686;3
GYRO;10.685;5530.499;-0.00192;0.00082;0.00110;0
MAGN;10.690;5530.503;-12.78750;49.78125;-35.21250;0
MAGN;10.699;5530.513;-12.78750;49.76250;-35.21250;0
ACCE;10.700;5530.514;-0.08895;-0.75300;9.99405;0
GYRO;10.701;5530.514;-0.00165;-0.00014;0.00179;0
AHRS;10.707;5530.522;-3.4396;0.9396;-15.7115;-0.02861;0.01222;-0.13686;3
GYRO;10.709;5530.522;-0.00110;-0.00082;0.00289;0
MAGN;10.710;5530.523;-12.80625;49.78125;-35.19375;0
ACCE;10.718;5530.530;-0.08895;-0.73395;9.91695;0
GYRO;10.720;5530.530;-0.00096;-0.00165;0.00344;0
MAGN;10.721;5530.533;-12.80625;49.78125;-35.19375;0
WIFI;10.723;5488.545;All money go my home;c2:25:2f:7c:70:23;-82
WIFI;10.723;5488.545;All money go my home;c2:25:2f:2c:70:22;-89
WIFI;10.723;5488.545;Fang;dc:62:79:cb:0e:9b;-77
WIFI;10.723;5488.545;CHENS-7011;b8:55:10:cc:48:30;-65
WIFI;10.723;5488.545;;c0:25:2f:ac:70:23;-82
WIFI;10.723;5488.545;Tenda_8CC950_5G;d8:32:14:8c:c9:55;-90
WIFI;10.723;5488.545;98-14;d8:07:b6:32:4f:72;-94
WIFI;10.723;5488.545;98-14;d8:07:b6:32:4f:73;-92
WIFI;10.723;5488.545;Fang-3F_5G;cc:d8:43:b7:7d:43;-48
WIFI;10.723;5488.545;笨笨龍;04:09:86:27:19:3a;-81
WIFI;10.723;5488.545;98-14;d8:07:b6:32:4f:32;-92
WIFI;10.723;5488.545;;ce:d8:43:c7:7d:42;-48
AHRS;10.758;5530.538;-3.4396;0.9396;-15.7115;-0.02861;0.01222;-0.13686;3
GYRO;10.758;5530.538;-0.00096;-0.00289;0.00302;0
MAGN;10.758;5530.543;-12.80625;49.80000;-35.19375;0
ACCE;10.759;5530.546;-0.08895;-0.73395;9.87900;0
GYRO;10.759;5530.546;-0.00082;-0.00426;0.00316;0
MAGN;10.759;5530.553;-12.78750;49.81875;-35.21250;0
AHRS;10.760;5530.554;-3.4396;0.9396;-15.7115;-0.02861;0.01222;-0.13686;3
GYRO;10.760;5530.554;-0.00082;-0.00481;0.00302;0
ACCE;10.760;5530.562;-0.12795;-0.75300;9.84105;0
MAGN;10.760;5530.563;-12.78750;49.83750;-35.23125;0
LIGH;10.761;5530.570;40.9;3
GYRO;10.761;5530.570;-0.00041;-0.00467;0.00275;0
MAGN;10.761;5530.572;-12.80625;49.85625;-35.23125;0
ACCE;10.762;5530.577;-0.14700;-0.73395;9.84105;0
MAGN;10.768;5530.583;-12.82500;49.83750;-35.19375;0
AHRS;10.768;5530.585;-3.4396;0.9396;-15.7115;-0.02861;0.01222;-0.13686;3
GYRO;10.769;5530.585;-0.00041;-0.00454;0.00220;0
ACCE;10.777;5530.593;-0.14700;-0.75300;9.87900;0
GYRO;10.778;5530.593;-0.00027;-0.00399;0.00124;0
MAGN;10.779;5530.593;-12.82500;49.83750;-35.19375;0
AHRS;10.785;5530.601;-3.4396;0.9396;-15.7115;-0.02861;0.01222;-0.13686;3
GYRO;10.786;5530.601;-0.00055;-0.00357;0.00069;0
MAGN;10.786;5530.603;-12.82500;49.83750;-35.19375;0
ACCE;10.793;5530.609;-0.12795;-0.75300;9.87900;0
GYRO;10.794;5530.609;-0.00096;-0.00330;0.00041;0
MAGN;10.798;5530.613;-12.84375;49.85625;-35.23125;0
AHRS;10.801;5530.617;-3.4396;0.9396;-15.7115;-0.02861;0.01222;-0.13686;3
GYRO;10.803;5530.617;-0.00165;-0.00330;0.00027;0
MAGN;10.808;5530.623;-12.80625;49.87500;-35.26875;0
ACCE;10.809;5530.624;-0.10800;-0.73395;9.93600;0
GYRO;10.809;5530.624;-0.00165;-0.00261;0.00027;0
AHRS;10.817;5530.633;-3.4396;0.9396;-15.7115;-0.02861;0.01222;-0.13686;3
GYRO;10.818;5530.633;-0.00151;-0.00179;0.00055;0
MAGN;10.819;5530.633;-12.78750;49.89375;-35.28750;0
ACCE;10.826;5530.640;-0.07005;-0.73395;9.84105;0
GYRO;10.827;5530.640;-0.00110;-0.00096;0.00082;0
MAGN;10.827;5530.643;-12.76875;49.89375;-35.26875;0
AHRS;10.833;5530.648;-3.4396;0.9396;-15.7115;-0.02861;0.01222;-0.13686;3
GYRO;10.834;5530.648;-0.00082;-0.00041;0.00110;0
MAGN;10.842;5530.653;-12.78750;49.91250;-35.26875;0
ACCE;10.842;5530.656;-0.08895;-0.73395;9.89805;0
GYRO;10.843;5530.656;-0.00110;-0.00055;0.00137;0
MAGN;10.848;5530.663;-12.78750;49.93125;-35.30625;0
AHRS;10.849;5530.665;-3.4396;0.9396;-15.7115;-0.02861;0.01222;-0.13686;3
GYRO;10.849;5530.665;-0.00110;-0.00069;0.00220;0
ACCE;10.856;5530.672;-0.08895;-0.77205;9.87900;0
MAGN;10.858;5530.673;-12.80625;49.93125;-35.32500;0
GYRO;10.864;5530.680;-0.00110;-0.00069;0.00247;0
MAGN;10.868;5530.683;-12.78750;49.91250;-35.30625;0
ACCE;10.875;5530.688;-0.07005;-0.75300;9.93600;0
AHRS;10.875;5530.688;-3.4396;0.9396;-15.7115;-0.02861;0.01222;-0.13686;3
GYRO;10.875;5530.688;-0.00096;-0.00069;0.00261;0
SOUN;10.876;11.94;0.00036;25.21
MAGN;10.880;5530.693;-12.76875;49.91250;-35.26875;0
ACCE;10.888;5530.703;-0.05100;-0.75300;9.87900;0
GYRO;10.889;5530.703;-0.00055;-0.00110;0.00330;0
MAGN;10.891;5530.703;-12.76875;49.91250;-35.25000;0
AHRS;10.896;5530.711;-3.4396;0.9396;-15.7115;-0.02861;0.01222;-0.13686;3
GYRO;10.897;5530.711;-0.00027;-0.00124;0.00330;0
MAGN;10.899;5530.713;-12.76875;49.89375;-35.23125;0
ACCE;10.904;5530.719;-0.08895;-0.73395;9.84105;0
GYRO;10.905;5530.719;-0.00027;-0.00179;0.00316;0
MAGN;10.908;5530.723;-12.78750;49.89375;-35.26875;0
AHRS;10.911;5530.727;-3.4396;0.9396;-15.7115;-0.02861;0.01222;-0.13686;3
GYRO;10.913;5530.727;-0.00014;-0.00289;0.00357;0
LIGH;10.913;5530.729;40.9;3
MAGN;10.919;5530.733;-12.78750;49.89375;-35.30625;0
ACCE;10.919;5530.734;-0.07005;-0.73395;9.84105;0
GYRO;10.928;5530.743;-0.00014;-0.00289;0.00289;0
MAGN;10.928;5530.743;-12.78750;49.91250;-35.36250;0
ACCE;10.935;5530.751;-0.08895;-0.69495;9.87900;0
AHRS;10.935;5530.751;-3.4396;0.9396;-15.7115;-0.02861;0.01222;-0.13686;3
GYRO;10.936;5530.751;0.00027;-0.00302;0.00206;0
MAGN;10.937;5530.753;-12.78750;49.93125;-35.36250;0
GYRO;10.943;5530.759;0.00027;-0.00289;0.00261;0
MAGN;10.948;5530.763;-12.78750;49.93125;-35.36250;0
ACCE;10.951;5530.767;-0.07005;-0.77205;9.93600;0
AHRS;10.952;5530.767;-3.4396;0.9396;-15.7115;-0.02861;0.01222;-0.13686;3
GYRO;10.953;5530.767;-0.00000;-0.00330;0.00302;0
MAGN;10.958;5530.773;-12.80625;49.93125;-35.36250;0
GYRO;10.959;5530.774;0.00014;-0.00330;0.00344;0
ACCE;10.967;5530.782;-0.07005;-0.73395;9.97500;0
AHRS;10.968;5530.782;-3.4396;0.9396;-15.7115;-0.02861;0.01222;-0.13686;3
GYRO;10.969;5530.782;0.00041;-0.00302;0.00302;0
MAGN;10.970;5530.783;-12.80625;49.91250;-35.34375;0
GYRO;10.975;5530.790;0.00041;-0.00247;0.00206;0
MAGN;10.978;5530.793;-12.82500;49.89375;-35.32500;0
ACCE;10.982;5530.798;-0.14700;-0.73395;9.91695;0
AHRS;10.984;5530.798;-3.4396;0.9396;-15.7115;-0.02861;0.01222;-0.13686;3
GYRO;10.984;5530.798;0.00055;-0.00151;0.00124;0
MAGN;10.988;5530.803;-12.82500;49.89375;-35.30625;0
GYRO;10.991;5530.806;0.00096;-0.00014;-0.00014;0
ACCE;10.998;5530.813;-0.14700;-0.71505;9.87900;0
MAGN;10.998;5530.813;-12.82500;49.89375;-35.30625;0
AHRS;11.007;5530.822;-3.4396;0.9396;-15.7115;-0.02861;0.01222;-0.13686;3
GYRO;11.008;5530.822;0.00110;0.00082;-0.00124;0
MAGN;11.009;5530.823;-12.82500;49.89375;-35.32500;0
ACCE;11.014;5530.830;-0.10800;-0.71505;9.87900;0
GYRO;11.015;5530.830;0.00124;0.00124;-0.00261;0
MAGN;11.018;5530.833;-12.82500;49.89375;-35.36250;0
AHRS;11.022;5530.837;-3.4396;0.9396;-15.7115;-0.02861;0.01222;-0.13686;3
GYRO;11.023;5530.837;0.00110;0.00234;-0.00399;0
MAGN;11.028;5530.843;-12.84375;49.89375;-35.34375;0
ACCE;11.029;5530.845;-0.12795;-0.71505;9.87900;0
GYRO;11.042;5530.853;0.00110;0.00275;-0.00426;0
MAGN;11.044;5530.853;-12.84375;49.89375;-35.32500;0
ACCE;11.045;5530.861;-0.10800;-0.75300;9.95595;0
AHRS;11.047;5530.861;-3.4396;0.9396;-15.7115;-0.02861;0.01222;-0.13686;3
GYRO;11.048;5530.861;0.00137;0.00330;-0.00577;0
MAGN;11.049;5530.863;-12.84375;49.89375;-35.28750;0
GYRO;11.053;5530.869;0.00110;0.00385;-0.00687;0
MAGN;11.059;5530.873;-12.84375;49.89375;-35.21250;0
ACCE;11.061;5530.877;-0.10800;-0.77205;9.97500;0
AHRS;11.062;5530.877;-3.4396;0.9396;-15.7115;-0.02861;0.01222;-0.13686;3
GYRO;11.065;5530.877;0.00069;0.00399;-0.00742;0
MAGN;11.068;5530.883;-12.82500;49.91250;-35.21250;0
GYRO;11.069;5530.884;0.00014;0.00385;-0.00770;0
LIGH;11.074;5530.890;40.9;3
ACCE;11.077;5530.893;-0.10800;-0.71505;9.95595;0
AHRS;11.078;5530.893;-3.4396;0.9396;-15.7115;-0.02861;0.01222;-0.13686;3
GYRO;11.080;5530.893;0.00055;0.00344;-0.00756;0
MAGN;11.080;5530.893;-12.84375;49.91250;-35.21250;0
GYRO;11.085;5530.900;0.00069;0.00302;-0.00619;0
MAGN;11.091;5530.903;-12.82500;49.93125;-35.21250;0
ACCE;11.092;5530.908;-0.08895;-0.71505;9.87900;0
AHRS;11.093;5530.908;-3.4396;0.9396;-15.7115;-0.02861;0.01222;-0.13686;3
GYRO;11.095;5530.908;0.00069;0.00289;-0.00495;0
MAGN;11.098;5530.913;-12.84375;49.93125;-35.17500;0
GYRO;11.100;5530.916;0.00041;0.00247;-0.00357;0
MAGN;11.108;5530.923;-12.86250;49.91250;-35.15625;0
ACCE;11.108;5530.924;-0.07005;-0.75300;9.87900;0
AHRS;11.111;5530.924;-3.4396;0.9396;-15.7115;-0.02861;0.01222;-0.13686;3
GYRO;11.111;5530.924;-0.00000;0.00151;-0.00234;0
GYRO;11.117;5530.932;-0.00055;0.00041;-0.00220;0
MAGN;11.118;5530.933;-12.86250;49.91250;-35.15625;0
ACCE;11.125;5530.940;-0.03195;-0.79095;10.01295;0
AHRS;11.125;5530.940;-3.4396;0.9396;-15.7115;-0.02861;0.01222;-0.13686;3
GYRO;11.125;5530.940;-0.00124;-0.00096;-0.00082;0
MAGN;11.126;5530.943;-12.88125;49.93125;-35.13750;0
GYRO;11.132;5530.948;-0.00179;-0.00206;0.00082;0
MAGN;11.138;5530.953;-12.86250;49.93125;-35.15625;0
ACCE;11.138;5530.955;-0.07005;-0.77205;9.85995;0
AHRS;11.147;5530.963;-3.4396;0.9396;-15.7115;-0.02861;0.01222;-0.13686;3
GYRO;11.148;5530.963;-0.00151;-0.00220;0.00165;0
MAGN;11.149;5530.963;-12.88125;49.93125;-35.15625;0
ACCE;11.155;5530.971;-0.08895;-0.75300;9.68700;0
GYRO;11.156;5530.971;-0.00137;-0.00275;0.00261;0
MAGN;11.156;5530.973;-12.90000;49.95000;-35.13750;0
AHRS;11.163;5530.979;-3.4396;0.9396;-15.7115;-0.02861;0.01222;-0.13686;3
GYRO;11.164;5530.979;-0.00192;-0.00330;0.00302;0
MAGN;11.167;5530.983;-12.91875;49.96875;-35.15625;0
ACCE;11.171;5530.987;-0.12795;-0.75300;9.68700;0
GYRO;11.172;5530.987;-0.00261;-0.00344;0.00275;0
MAGN;11.178;5530.993;-12.93750;49.96875;-35.19375;0
ACCE;11.187;5531.003;-0.14700;-0.79095;9.91695;0
AHRS;11.187;5531.003;-3.4396;0.9396;-15.7115;-0.02861;0.01222;-0.13686;3
GYRO;11.187;5531.003;-0.00302;-0.00344;0.00234;0
MAGN;11.188;5531.003;-12.91875;49.98750;-35.19375;0
GYRO;11.195;5531.011;-0.00344;-0.00316;0.00302;0
MAGN;11.198;5531.013;-12.91875;50.02500;-35.21250;0
ACCE;11.202;5531.019;-0.16605;-0.81000;10.09005;0
AHRS;11.220;5531.019;-3.4396;0.9396;-15.7115;-0.02861;0.01222;-0.13686;3
GYRO;11.220;5531.019;-0.00357;-0.00247;0.00330;0
MAGN;11.220;5531.023;-12.91875;50.02500;-35.26875;0
GYRO;11.220;5531.026;-0.00357;-0.00137;0.00289;0
MAGN;11.220;5531.033;-12.91875;50.04375;-35.30625;0
ACCE;11.221;5531.034;-0.16605;-0.73395;10.01295;0
AHRS;11.221;5531.034;-3.4396;0.9396;-15.7115;-0.02861;0.01222;-0.13686;3
GYRO;11.221;5531.034;-0.00289;0.00027;0.00220;0
GNSS;11.221;1745934477.000;24.926190;121.252927;193.400;288.010;4.5;0.0;48;8
GNSS;11.223;1745934477.000;24.926190;121.252927;193.400;288.010;4.5;0.0;48;8
GYRO;11.226;5531.042;-0.00220;0.00151;0.00096;0
MAGN;11.227;5531.043;-12.90000;50.02500;-35.34375;0
LIGH;11.234;5531.050;41.6;3
ACCE;11.235;5531.051;-0.08895;-0.73395;9.95595;0
AHRS;11.238;5531.051;-3.4396;0.9396;-15.7115;-0.02861;0.01222;-0.13686;3
GYRO;11.239;5531.051;-0.00234;0.00179;0.00082;0
MAGN;11.239;5531.053;-12.90000;50.04375;-35.38125;0
GNSS;11.239;1745934476.132;24.926190;121.252926;194.900;0.000;4.4;0.0;48;8
MAGN;11.247;5531.063;-12.88125;50.04375;-35.40000;0
ACCE;11.249;5531.066;-0.05100;-0.73395;9.87900;0
GYRO;11.251;5531.066;-0.00179;0.00192;0.00096;0
MAGN;11.257;5531.073;-12.88125;50.04375;-35.45625;0
ACCE;11.266;5531.082;-0.05100;-0.71505;9.84105;0
AHRS;11.266;5531.082;-3.4396;0.9396;-15.7115;-0.02861;0.01222;-0.13686;3
GYRO;11.267;5531.082;-0.00137;0.00234;0.00096;0
MAGN;11.269;5531.083;-12.86250;50.04375;-35.51250;0
GYRO;11.273;5531.090;-0.00082;0.00247;0.00110;0
MAGN;11.277;5531.093;-12.84375;50.04375;-35.56875;0
ACCE;11.281;5531.097;-0.05100;-0.71505;9.80205;0
AHRS;11.282;5531.097;-3.4396;0.9396;-15.7115;-0.02861;0.01222;-0.13686;3
GYRO;11.283;5531.097;-0.00014;0.00247;0.00124;0
MAGN;11.288;5531.103;-12.82500;50.02500;-35.60625;0
ACCE;11.297;5531.113;-0.10800;-0.71505;9.87900;0
GYRO;11.297;5531.113;0.00014;0.00234;0.00069;0
MAGN;11.298;5531.113;-12.82500;50.00625;-35.64375;0
AHRS;11.305;5531.121;-3.4396;0.9396;-15.7115;-0.02861;0.01222;-0.13686;3
GYRO;11.305;5531.121;0.00069;0.00179;0.00069;0
MAGN;11.306;5531.123;-12.80625;49.98750;-35.66250;0
ACCE;11.314;5531.129;-0.08895;-0.75300;9.95595;0
GYRO;11.314;5531.129;0.00096;0.00137;0.00110;0
MAGN;11.318;5531.133;-12.78750;49.98750;-35.68125;0
AHRS;11.320;5531.137;-3.4396;0.9396;-15.7115;-0.02861;0.01222;-0.13686;3
GYRO;11.324;5531.137;0.00110;0.00055;0.00137;0
MAGN;11.328;5531.143;-12.76875;49.96875;-35.73750;0
ACCE;11.328;5531.144;-0.10800;-0.77205;9.99405;0
GYRO;11.329;5531.144;0.00137;-0.00027;0.00206;0
AHRS;11.338;5531.153;-3.4396;0.9396;-15.7115;-0.02861;0.01222;-0.13686;3
GYRO;11.338;5531.153;0.00137;-0.00082;0.00289;0
MAGN;11.339;5531.153;-12.73125;49.96875;-35.77500;0
ACCE;11.344;5531.160;-0.12795;-0.81000;9.97500;0
GYRO;11.345;5531.160;0.00124;-0.00110;0.00357;0
MAGN;11.346;5531.163;-12.71250;49.96875;-35.83125;0
AHRS;11.354;5531.168;-3.4396;0.9396;-15.7115;-0.02861;0.01222;-0.13686;3
GYRO;11.355;5531.168;0.00069;-0.00110;0.00371;0
MAGN;11.358;5531.173;-12.71250;49.93125;-35.88750;0
ACCE;11.360;5531.176;-0.14700;-0.77205;10.01295;0
GYRO;11.363;5531.176;0.00000;-0.00151;0.00385;0
MAGN;11.367;5531.183;-12.69375;49.93125;-35.90625;0
AHRS;11.368;5531.184;-3.4396;0.9396;-15.7115;-0.02861;0.01222;-0.13686;3
GYRO;11.368;5531.184;-0.00096;-0.00192;0.00371;0
SOUN;11.370;4.89;0.00015;17.45
ACCE;11.376;5531.192;-0.10800;-0.77205;9.85995;0
GYRO;11.377;5531.192;-0.00151;-0.00179;0.00357;0
MAGN;11.378;5531.193;-12.67500;49.91250;-35.88750;0
AHRS;11.384;5531.200;-3.4396;0.9396;-15.7115;-0.02861;0.01222;-0.13686;3
GYRO;11.388;5531.200;-0.00206;-0.00096;0.00302;0
MAGN;11.389;5531.203;-12.67500;49.89375;-35.92500;0
ACCE;11.392;5531.208;-0.14700;-0.79095;9.70695;0
GYRO;11.392;5531.208;-0.00261;0.00000;0.00234;0
LIGH;11.393;5531.209;40.9;3
MAGN;11.398;5531.213;-12.65625;49.87500;-35.96250;0
ACCE;11.408;5531.223;-0.12795;-0.75300;9.72600;0
AHRS;11.409;5531.223;-3.4396;0.9396;-15.7115;-0.02861;0.01222;-0.13686;3
GYRO;11.410;5531.223;-0.00275;0.00069;0.00192;0
MAGN;11.411;5531.223;-12.61875;49.87500;-36.01875;0
GYRO;11.416;5531.231;-0.00302;0.00179;0.00137;0
MAGN;11.417;5531.233;-12.61875;49.85625;-36.01875;0
ACCE;11.424;5531.239;-0.14700;-0.71505;9.84105;0
AHRS;11.425;5531.239;-3.4396;0.9396;-15.7115;-0.02861;0.01222;-0.13686;3
GYRO;11.426;5531.239;-0.00289;0.00247;0.00027;0
MAGN;11.427;5531.243;-12.61875;49.85625;-36.01875;0
GYRO;11.431;5531.247;-0.00247;0.00330;-0.00069;0
MAGN;11.438;5531.253;-12.61875;49.85625;-36.03750;0
ACCE;11.440;5531.254;-0.12795;-0.75300;9.91695;0
AHRS;11.448;5531.263;-3.4396;0.9396;-15.7115;-0.02861;0.01222;-0.13686;3
GYRO;11.449;5531.263;-0.00234;0.00330;-0.00096;0
MAGN;11.450;5531.263;-12.58125;49.83750;-36.03750;0
ACCE;11.455;5531.271;-0.08895;-0.75300;9.97500;0
GYRO;11.456;5531.271;-0.00192;0.00344;-0.00124;0
MAGN;11.457;5531.273;-12.58125;49.83750;-36.03750;0
AHRS;11.463;5531.279;-3.4396;0.9396;-15.7115;-0.02861;0.01222;-0.13686;3
GYRO;11.465;5531.279;-0.00137;0.00344;-0.00137;0
MAGN;11.468;5531.283;-12.56250;49.83750;-36.00000;0
ACCE;11.471;5531.286;-0.10800;-0.77205;9.99405;0
GYRO;11.472;5531.286;-0.00055;0.00330;-0.00096;0
MAGN;11.478;5531.293;-12.56250;49.83750;-35.96250;0
AHRS;11.479;5531.294;-3.4396;0.9396;-15.7115;-0.02861;0.01222;-0.13686;3
GYRO;11.480;5531.294;0.00055;0.00220;0.00000;0
ACCE;11.487;5531.302;-0.14700;-0.73395;9.91695;0
GYRO;11.488;5531.302;0.00165;0.00124;0.00096;0
MAGN;11.489;5531.303;-12.56250;49.83750;-35.96250;0
AHRS;11.494;5531.310;-3.4396;0.9396;-15.7115;-0.02861;0.01222;-0.13686;3
GYRO;11.496;5531.310;0.00206;0.00110;0.00124;0
MAGN;11.496;5531.312;-12.56250;49.81875;-35.94375;0
ACCE;11.502;5531.318;-0.14700;-0.75300;9.87900;0
GYRO;11.503;5531.318;0.00247;0.00041;0.00096;0
MAGN;11.508;5531.323;-12.56250;49.80000;-35.88750;0
AHRS;11.510;5531.326;-3.4396;0.9396;-15.7115;-0.02861;0.01222;-0.13686;3
GYRO;11.512;5531.326;0.00261;0.00041;0.00055;0
ACCE;11.518;5531.333;-0.14700;-0.75300;9.87900;0
MAGN;11.519;5531.333;-12.54375;49.80000;-35.81250;0
GYRO;11.527;5531.342;0.00234;0.00000;0.00069;0
MAGN;11.528;5531.343;-12.56250;49.81875;-35.71875;0
ACCE;11.534;5531.350;-0.12795;-0.77205;9.85995;0
AHRS;11.536;5531.350;-3.4396;0.9396;-15.7115;-0.02861;0.01222;-0.13686;3
GYRO;11.537;5531.350;0.00275;-0.00014;0.00041;0
MAGN;11.543;5531.352;-12.56250;49.81875;-35.68125;0
GYRO;11.544;5531.357;0.00247;0.00000;0.00055;0
MAGN;11.549;5531.363;-12.56250;49.83750;-35.64375;0
ACCE;11.550;5531.365;-0.14700;-0.75300;9.82200;0
LIGH;11.554;5531.370;40.9;3
AHRS;11.558;5531.373;-3.4396;0.9396;-15.7115;-0.02861;0.01222;-0.13686;3
GYRO;11.559;5531.373;0.00247;0.00014;0.00055;0
MAGN;11.560;5531.373;-12.56250;49.83750;-35.58750;0
ACCE;11.566;5531.381;-0.16605;-0.73395;9.84105;0
GYRO;11.567;5531.381;0.00179;0.00027;-0.00055;0
MAGN;11.567;5531.383;-12.56250;49.83750;-35.53125;0
AHRS;11.573;5531.389;-3.4396;0.9396;-15.7115;-0.02861;0.01222;-0.13686;3
GYRO;11.575;5531.389;0.00069;0.00110;-0.00192;0
MAGN;11.578;5531.393;-12.58125;49.85625;-35.55000;0
ACCE;11.582;5531.397;-0.14700;-0.77205;9.93600;0
GYRO;11.582;5531.397;0.00027;0.00165;-0.00289;0
MAGN;11.588;5531.403;-12.60000;49.85625;-35.56875;0
AHRS;11.588;5531.404;-3.4396;0.9396;-15.7115;-0.02861;0.01222;-0.13686;3
GYRO;11.589;5531.404;-0.00014;0.00247;-0.00440;0
ACCE;11.596;5531.413;-0.18495;-0.79095;9.95595;0
GYRO;11.597;5531.413;-0.00069;0.00316;-0.00509;0
MAGN;11.597;5531.413;-12.58125;49.85625;-35.58750;0
AHRS;11.605;5531.420;-3.4396;0.9396;-15.7115;-0.02861;0.01222;-0.13686;3
GYRO;11.606;5531.420;-0.00096;0.00344;-0.00467;0
MAGN;11.606;5531.423;-12.58125;49.89375;-35.60625;0
ACCE;11.612;5531.428;-0.14700;-0.75300;9.87900;0
GYRO;11.614;5531.428;-0.00124;0.00385;-0.00495;0
MAGN;11.618;5531.433;-12.58125;49.89375;-35.64375;0
AHRS;11.620;5531.436;-3.4396;0.9396;-15.7115;-0.02861;0.01222;-0.13686;3
GYRO;11.621;5531.436;-0.00165;0.00412;-0.00509;0
MAGN;11.628;5531.443;-12.58125;49.89375;-35.66250;0
ACCE;11.628;5531.444;-0.14700;-0.75300;9.89805;0
GYRO;11.628;5531.444;-0.00179;0.00385;-0.00481;0
AHRS;11.636;5531.452;-3.4396;0.9396;-15.7115;-0.02861;0.01222;-0.13686;3
GYRO;11.637;5531.452;-0.00165;0.00371;-0.00454;0
MAGN;11.638;5531.453;-12.58125;49.89375;-35.66250;0
ACCE;11.643;5531.460;-0.08895;-0.73395;9.84105;0
GYRO;11.645;5531.460;-0.00137;0.00289;-0.00357;0
MAGN;11.648;5531.463;-12.58125;49.89375;-35.66250;0
AHRS;11.651;5531.468;-3.4396;0.9396;-15.7115;-0.02861;0.01222;-0.13686;3
GYRO;11.652;5531.468;-0.00082;0.00220;-0.00234;0
MAGN;11.658;5531.473;-12.56250;49.89375;-35.66250;0
ACCE;11.658;5531.475;-0.10800;-0.73395;9.85995;0
GYRO;11.667;5531.483;-0.00082;0.00151;-0.00137;0
MAGN;11.668;5531.483;-12.56250;49.91250;-35.68125;0
ACCE;11.675;5531.491;-0.12795;-0.77205;9.87900;0
AHRS;11.676;5531.491;-3.4396;0.9396;-15.7115;-0.02861;0.01222;-0.13686;3
GYRO;11.677;5531.491;-0.00055;0.00055;-0.00014;0
MAGN;11.677;5531.493;-12.56250;49.93125;-35.68125;0
GYRO;11.683;5531.499;-0.00082;-0.00041;0.00165;0
MAGN;11.688;5531.503;-12.56250;49.96875;-35.64375;0
ACCE;11.691;5531.507;-0.12795;-0.75300;9.89805;0
AHRS;11.692;5531.507;-3.4396;0.9396;-15.7115;-0.02861;0.01222;-0.13686;3
GYRO;11.693;5531.507;-0.00069;-0.00151;0.00316;0
MAGN;11.698;5531.513;-12.58125;49.96875;-35.62500;0
ACCE;11.707;5531.523;-0.16605;-0.75300;9.93600;0
GYRO;11.709;5531.523;-0.00041;-0.00192;0.00316;0
MAGN;11.710;5531.523;-12.58125;49.96875;-35.58750;0
LIGH;11.714;5531.530;41.6;3
MAGN;11.718;5531.533;-12.58125;49.98750;-35.56875;0
ACCE;11.723;5531.539;-0.14700;-0.77205;9.91695;0
AHRS;11.724;5531.539;-3.4396;0.9396;-15.7115;-0.02861;0.01222;-0.13686;3
GYRO;11.725;5531.539;-0.00027;-0.00192;0.00357;0
MAGN;11.728;5531.543;-12.58125;49.98750;-35.56875;0
GYRO;11.731;5531.547;-0.00014;-0.00192;0.00330;0
MAGN;11.739;5531.553;-12.58125;49.96875;-35.53125;0
ACCE;11.740;5531.554;-0.14700;-0.73395;9.84105;0
AHRS;11.741;5531.554;-3.4396;0.9396;-15.7115;-0.02861;0.01222;-0.13686;3
GYRO;11.743;5531.554;0.00014;-0.00192;0.00344;0
GYRO;11.747;5531.562;0.00041;-0.00165;0.00371;0
MAGN;11.748;5531.563;-12.58125;50.00625;-35.51250;0
ACCE;11.755;5531.570;-0.18495;-0.73395;9.89805;0
AHRS;11.756;5531.570;-3.4396;0.9396;-15.7115;-0.02861;0.01222;-0.13686;3
GYRO;11.757;5531.570;0.00055;-0.00110;0.00357;0
MAGN;11.758;5531.573;-12.58125;50.00625;-35.53125;0
GYRO;11.762;5531.578;0.00069;-0.00082;0.00330;0
MAGN;11.769;5531.583;-12.60000;49.98750;-35.55000;0
ACCE;11.769;5531.585;-0.14700;-0.73395;9.87900;0
MAGN;11.778;5531.593;-12.58125;49.96875;-35.53125;0
AHRS;11.779;5531.594;-3.4396;0.9396;-15.7115;-0.02861;0.01222;-0.13686;3
GYRO;11.780;5531.594;0.00069;-0.00069;0.00344;0
ACCE;11.786;5531.602;-0.14700;-0.75300;9.89805;0
MAGN;11.788;5531.603;-12.58125;49.96875;-35.55000;0
GYRO;11.794;5531.610;0.00096;-0.00041;0.00289;0
MAGN;11.798;5531.613;-12.58125;49.96875;-35.56875;0
ACCE;11.804;5531.617;-0.20400;-0.77205;9.89805;0
AHRS;11.804;5531.617;-3.4396;0.9396;-15.7115;-0.02861;0.01222;-0.13686;3
GYRO;11.805;5531.617;0.00082;0.00110;0.00096;0
MAGN;11.808;5531.623;-12.58125;49.96875;-35.58750;0
ACCE;11.818;5531.633;-0.16605;-0.79095;9.91695;0
GYRO;11.819;5531.633;0.00069;0.00137;0.00082;0
MAGN;11.820;5531.633;-12.56250;49.95000;-35.60625;0
AHRS;11.825;5531.641;-3.4396;0.9396;-15.7115;-0.02861;0.01222;-0.13686;3
GYRO;11.827;5531.641;0.00041;0.00192;0.00055;0
MAGN;11.828;5531.643;-12.56250;49.95000;-35.58750;0
ACCE;11.835;5531.649;-0.16605;-0.79095;9.97500;0
GYRO;11.835;5531.649;0.00027;0.00234;-0.00014;0
MAGN;11.838;5531.653;-12.56250;49.96875;-35.60625;0
AHRS;11.841;5531.657;-3.4396;0.9396;-15.7115;-0.02861;0.01222;-0.13686;3
GYRO;11.842;5531.657;0.00027;0.00289;-0.00055;0
MAGN;11.848;5531.663;-12.54375;49.93125;-35.60625;0
ACCE;11.851;5531.664;-0.18495;-0.69495;9.93600;0
GYRO;11.851;5531.664;0.00041;0.00357;-0.00110;0
AHRS;11.857;5531.673;-3.4396;0.9396;-15.7115;-0.02861;0.01222;-0.13686;3
GYRO;11.858;5531.673;0.00041;0.00316;-0.00110;0
MAGN;11.859;5531.673;-12.54375;49.95000;-35.60625;0
ACCE;11.865;5531.680;-0.12795;-0.73395;9.85995;0
GYRO;11.867;5531.680;0.00055;0.00289;-0.00165;0
MAGN;11.867;5531.683;-12.54375;49.93125;-35.60625;0
SOUN;11.871;5.40;0.00016;18.33
AHRS;11.875;5531.688;-3.4396;0.9396;-15.7115;-0.02861;0.01222;-0.13686;3
GYRO;11.876;5531.688;0.00041;0.00247;-0.00179;0
LIGH;11.876;5531.689;40.9;3
MAGN;11.878;5531.693;-12.54375;49.91250;-35.56875;0
ACCE;11.880;5531.696;-0.10800;-0.79095;9.89805;0
GYRO;11.882;5531.696;0.00014;0.00192;-0.00261;0
MAGN;11.888;5531.703;-12.54375;49.91250;-35.53125;0
AHRS;11.888;5531.704;-3.4396;0.9396;-15.7115;-0.02861;0.01222;-0.13686;3
GYRO;11.889;5531.704;-0.00000;0.00027;-0.00247;0
ACCE;11.897;5531.712;-0.10800;-0.79095;9.91695;0
GYRO;11.898;5531.712;-0.00055;-0.00069;-0.00192;0
MAGN;11.898;5531.713;-12.54375;49.91250;-35.51250;0
AHRS;11.904;5531.720;-3.4396;0.9396;-15.7115;-0.02861;0.01222;-0.13686;3
GYRO;11.905;5531.720;-0.00041;-0.00124;-0.00220;0
MAGN;11.908;5531.723;-12.54375;49.87500;-35.47500;0
ACCE;11.912;5531.728;-0.16605;-0.73395;9.76395;0
GYRO;11.913;5531.728;-0.00027;-0.00137;-0.00220;0
MAGN;11.918;5531.733;-12.54375;49.87500;-35.41875;0
ACCE;11.930;5531.743;-0.20400;-0.71505;9.68700;0
AHRS;11.930;5531.743;-3.4396;0.9396;-15.7115;-0.02861;0.01222;-0.13686;3
GYRO;11.931;5531.743;-0.00055;-0.00151;-0.00220;0
MAGN;11.933;5531.743;-12.54375;49.89375;-35.34375;0
GYRO;11.936;5531.751;-0.00096;-0.00192;-0.00220;0
MAGN;11.937;5531.753;-12.56250;49.87500;-35.28750;0
ACCE;11.944;5531.759;-0.24195;-0.73395;9.80205;0
AHRS;11.945;5531.759;-3.4396;0.9396;-15.7115;-0.02861;0.01222;-0.13686;3
GYRO;11.946;5531.759;-0.00069;-0.00096;-0.00316;0
MAGN;11.947;5531.762;-12.58125;49.87500;-35.23125;0
GYRO;11.952;5531.767;-0.00055;-0.00014;-0.00357;0
MAGN;11.959;5531.773;-12.60000;49.85625;-35.19375;0
ACCE;11.960;5531.774;-0.22305;-0.75300;10.05105;0
AHRS;11.968;5531.783;-3.4396;0.9396;-15.7115;-0.02861;0.01222;-0.13686;3
GYRO;11.970;5531.783;-0.00027;0.00055;-0.00399;0
MAGN;11.971;5531.783;-12.61875;49.83750;-35.19375;0
ACCE;11.975;5531.791;-0.22305;-0.75300;10.16595;0
GYRO;11.976;5531.791;0.00027;0.00137;-0.00440;0
MAGN;11.977;5531.793;-12.65625;49.83750;-35.21250;0
AHRS;11.983;5531.799;-3.4396;0.9396;-15.7115;-0.02861;0.01222;-0.13686;3
GYRO;11.985;5531.799;0.00041;0.00220;-0.00440;0
MAGN;11.988;5531.803;-12.67500;49.81875;-35.19375;0
ACCE;11.990;5531.806;-0.18495;-0.75300;10.03200;0
GYRO;11.991;5531.806;0.00069;0.00316;-0.00536;0
MAGN;11.998;5531.813;-12.67500;49.80000;-35.19375;0
AHRS;11.999;5531.815;-3.4396;0.9395;-15.7115;-0.02861;0.01222;-0.13686;3
GYRO;11.999;5531.815;0.00082;0.00330;-0.00550;0
ACCE;12.007;5531.822;-0.08895;-0.75300;9.87900;0
MAGN;12.007;5531.823;-12.67500;49.81875;-35.19375;0
GYRO;12.014;5531.830;0.00110;0.00330;-0.00536;0
MAGN;12.018;5531.833;-12.67500;49.81875;-35.19375;0
ACCE;12.022;5531.838;-0.12795;-0.69495;9.78300;0
AHRS;12.023;5531.838;-3.4396;0.9395;-15.7115;-0.02861;0.01222;-0.13686;3
GYRO;12.024;5531.838;0.00179;0.00330;-0.00522;0
MAGN;12.028;5531.843;-12.67500;49.81875;-35.23125;0
GYRO;12.030;5531.846;0.00206;0.00357;-0.00550;0
LIGH;12.034;5531.850;41.6;3
ACCE;12.037;5531.853;-0.14700;-0.71505;9.76395;0
MAGN;12.038;5531.853;-12.67500;49.78125;-35.25000;0
AHRS;12.046;5531.862;-3.4396;0.9395;-15.7115;-0.02861;0.01222;-0.13686;3
GYRO;12.047;5531.862;0.00192;0.00302;-0.00509;0
MAGN;12.048;5531.863;-12.69375;49.76250;-35.25000;0
ACCE;12.053;5531.869;-0.16605;-0.73395;9.76395;0
GYRO;12.055;5531.869;0.00179;0.00247;-0.00509;0
MAGN;12.058;5531.873;-12.69375;49.74375;-35.25000;0
AHRS;12.061;5531.877;-3.4396;0.9395;-15.7115;-0.02861;0.01222;-0.13686;3
GYRO;12.062;5531.877;0.00137;0.00247;-0.00495;0
MAGN;12.069;5531.883;-12.69375;49.74375;-35.23125;0
ACCE;12.070;5531.884;-0.16605;-0.79095;9.84105;0
GYRO;12.078;5531.893;0.00110;0.00165;-0.00357;0
MAGN;12.079;5531.893;-12.69375;49.74375;-35.25000;0
ACCE;12.085;5531.901;-0.18495;-0.77205;9.95595;0
AHRS;12.086;5531.901;-3.4396;0.9395;-15.7115;-0.02861;0.01222;-0.13686;3
GYRO;12.087;5531.901;0.00124;0.00110;-0.00234;0
MAGN;12.088;5531.903;-12.69375;49.74375;-35.28750;0
GYRO;12.093;5531.909;0.00110;0.00014;-0.00110;0
MAGN;12.102;5531.913;-12.69375;49.74375;-35.28750;0
ACCE;12.104;5531.917;-0.18495;-0.77205;9.99405;0
AHRS;12.105;5531.917;-3.4396;0.9395;-15.7115;-0.02861;0.01222;-0.13686;3
GYRO;12.105;5531.917;0.00096;-0.00041;0.00014;0
MAGN;12.109;5531.923;-12.69375;49.76250;-35.25000;0
GYRO;12.109;5531.925;0.00055;-0.00055;0.00082;0
ACCE;12.118;5531.933;-0.20400;-0.77205;9.95595;0
MAGN;12.120;5531.933;-12.69375;49.76250;-35.25000;0
AHRS;12.124;5531.940;-3.4396;0.9395;-15.7115;-0.02861;0.01222;-0.13686;3
GYRO;12.125;5531.940;-0.00027;-0.00069;0.00069;0
MAGN;12.126;5531.943;-12.69375;49.74375;-35.32500;0
ACCE;12.134;5531.948;-0.20400;-0.73395;9.89805;0
GYRO;12.134;5531.948;-0.00069;-0.00110;0.00027;0
MAGN;12.138;5531.953;-12.69375;49.72500;-35.36250;0
AHRS;12.140;5531.956;-3.4396;0.9395;-15.7115;-0.02861;0.01222;-0.13686;3
GYRO;12.141;5531.956;-0.00096;-0.00082;0.00096;0
MAGN;12.148;5531.963;-12.67500;49.70625;-35.40000;0
ACCE;12.149;5531.964;-0.20400;-0.71505;9.78300;0
GYRO;12.149;5531.964;-0.00110;-0.00041;0.00206;0
AHRS;12.157;5531.972;-3.4396;0.9395;-15.7115;-0.02861;0.01222;-0.13686;3
GYRO;12.157;5531.972;-0.00069;0.00041;0.00289;0
MAGN;12.158;5531.973;-12.67500;49.68750;-35.43750;0
ACCE;12.164;5531.980;-0.22305;-0.67605;9.76395;0
GYRO;12.165;5531.980;-0.00027;0.00151;0.00289;0
MAGN;12.168;5531.983;-12.67500;49.68750;-35.45625;0
AHRS;12.172;5531.988;-3.4396;0.9395;-15.7115;-0.02861;0.01222;-0.13686;3
GYRO;12.173;5531.988;0.00014;0.00234;0.00261;0
MAGN;12.179;5531.993;-12.67500;49.68750;-35.45625;0
ACCE;12.180;5531.995;-0.18495;-0.69495;9.87900;0
GYRO;12.188;5532.003;0.00055;0.00330;0.00179;0
MAGN;12.189;5532.003;-12.67500;49.68750;-35.40000;0
LIGH;12.194;5532.010;41.6;3
ACCE;12.199;5532.011;-0.22305;-0.71505;9.89805;0
AHRS;12.200;5532.011;-3.4396;0.9395;-15.7115;-0.02861;0.01222;-0.13686;3
GYRO;12.201;5532.011;0.00096;0.00440;0.00096;0
MAGN;12.202;5532.013;-12.67500;49.68750;-35.38125;0
GYRO;12.203;5532.019;0.00137;0.00440;0.00082;0
MAGN;12.208;5532.023;-12.67500;49.70625;-35.38125;0
ACCE;12.212;5532.027;-0.18495;-0.75300;9.91695;0
AHRS;12.213;5532.027;-3.4396;0.9395;-15.7115;-0.02861;0.01222;-0.13686;3
GYRO;12.214;5532.027;0.00165;0.00467;0.00027;0
MAGN;12.233;5532.033;-12.69375;49.70625;-35.36250;0
ACCE;12.233;5532.043;-0.14700;-0.75300;9.97500;0
GYRO;12.233;5532.043;0.00165;0.00454;0.00082;0
MAGN;12.234;5532.043;-12.71250;49.68750;-35.36250;0
GNSS;12.234;1745934478.000;24.926187;121.252922;193.500;288.010;4.5;0.0;48;8
AHRS;12.236;5532.051;-3.4396;0.9395;-15.7115;-0.02861;0.01222;-0.13686;3
GYRO;12.236;5532.051;0.00179;0.00385;0.00082;0
MAGN;12.236;5532.053;-12.71250;49.68750;-35.43750;0
GNSS;12.237;1745934478.000;24.926187;121.252922;193.500;288.010;4.5;0.0;48;8
ACCE;12.243;5532.059;-0.18495;-0.73395;9.99405;0
GYRO;12.244;5532.059;0.00192;0.00316;0.00055;0
MAGN;12.253;5532.063;-12.69375;49.68750;-35.47500;0
AHRS;12.253;5532.066;-3.4396;0.9395;-15.7115;-0.02861;0.01222;-0.13686;3
GYRO;12.254;5532.066;0.00220;0.00206;0.00027;0
GNSS;12.254;1745934477.132;24.926187;121.252922;194.900;0.000;4.4;0.0;48;8
MAGN;12.258;5532.073;-12.67500;49.72500;-35.49375;0
ACCE;12.259;5532.074;-0.16605;-0.73395;10.01295;0
GYRO;12.259;5532.074;0.00234;0.00069;0.00082;0
AHRS;12.267;5532.082;-3.4396;0.9395;-15.7115;-0.02861;0.01222;-0.13686;3
GYRO;12.268;5532.082;0.00234;-0.00000;0.00110;0
MAGN;12.269;5532.083;-12.67500;49.72500;-35.45625;0
ACCE;12.274;5532.090;-0.18495;-0.73395;9.87900;0
GYRO;12.276;5532.090;0.00220;-0.00096;0.00137;0
MAGN;12.276;5532.092;-12.65625;49.72500;-35.41875;0
AHRS;12.282;5532.098;-3.4396;0.9395;-15.7115;-0.02861;0.01222;-0.13686;3
GYRO;12.283;5532.098;0.00206;-0.00165;0.00179;0
MAGN;12.288;5532.103;-12.65625;49.72500;-35.40000;0
ACCE;12.289;5532.105;-0.18495;-0.71505;9.84105;0
GYRO;12.298;5532.113;0.00165;-0.00192;0.00151;0
MAGN;12.300;5532.113;-12.65625;49.74375;-35.41875;0
ACCE;12.307;5532.122;-0.20400;-0.71505;9.82200;0
AHRS;12.308;5532.122;-3.4396;0.9395;-15.7115;-0.02861;0.01222;-0.13686;3
GYRO;12.309;5532.122;0.00124;-0.00247;0.00220;0
MAGN;12.310;5532.123;-12.63750;49.72500;-35.41875;0
GYRO;12.314;5532.129;0.00110;-0.00206;0.00261;0
MAGN;12.318;5532.133;-12.65625;49.72500;-35.43750;0
ACCE;12.322;5532.137;-0.20400;-0.73395;9.80205;0
AHRS;12.323;5532.137;-3.4396;0.9395;-15.7115;-0.02861;0.01222;-0.13686;3
GYRO;12.324;5532.137;0.00082;-0.00206;0.00179;0
MAGN;12.329;5532.143;-12.65625;49.72500;-35.41875;0
ACCE;12.338;5532.153;-0.22305;-0.73395;9.84105;0
GYRO;12.339;5532.153;0.00041;-0.00192;0.00124;0
MAGN;12.340;5532.153;-12.65625;49.74375;-35.40000;0
AHRS;12.345;5532.161;-3.4396;0.9395;-15.7115;-0.02861;0.01222;-0.13686;3
GYRO;12.347;5532.161;0.00000;-0.00137;-0.00000;0
MAGN;12.348;5532.163;-12.65625;49.76250;-35.40000;0
LIGH;12.354;5532.169;41.6;3
ACCE;12.355;5532.169;-0.24195;-0.73395;9.89805;0
GYRO;12.355;5532.169;-0.00000;-0.00041;-0.00124;0
MAGN;12.359;5532.173;-12.65625;49.74375;-35.38125;0
MAGN;12.369;5532.183;-12.65625;49.74375;-35.36250;0
ACCE;12.369;5532.184;-0.22305;-0.69495;9.93600;0
AHRS;12.371;5532.184;-3.4396;0.9395;-15.7115;-0.02861;0.01222;-0.13686;3
GYRO;12.371;5532.184;0.00000;0.00027;-0.00206;0
GYRO;12.377;5532.193;0.00082;0.00110;-0.00275;0
MAGN;12.379;5532.193;-12.67500;49.76250;-35.34375;0
SOUN;12.384;8.99;0.00027;22.74
ACCE;12.388;5532.200;-0.22305;-0.69495;9.89805;0
AHRS;12.388;5532.200;-3.4396;0.9395;-15.7115;-0.02861;0.01222;-0.13686;3
GYRO;12.389;5532.200;0.00096;0.00165;-0.00275;0
MAGN;12.389;5532.203;-12.67500;49.74375;-35.28750;0
GYRO;12.393;5532.208;0.00110;0.00192;-0.00247;0
MAGN;12.400;5532.213;-12.67500;49.74375;-35.28750;0
ACCE;12.401;5532.216;-0.20400;-0.67605;9.91695;0
AHRS;12.401;5532.216;-3.4396;0.9395;-15.7115;-0.02861;0.01222;-0.13686;3
GYRO;12.402;5532.216;0.00179;0.00234;-0.00247;0
MAGN;12.408;5532.223;-12.67500;49.74375;-35.32500;0
GYRO;12.408;5532.224;0.00192;0.00220;-0.00220;0
ACCE;12.417;5532.232;-0.16605;-0.73395;9.99405;0
AHRS;12.417;5532.232;-3.4396;0.9395;-15.7115;-0.02861;0.01222;-0.13686;3
GYRO;12.418;5532.232;0.00220;0.00206;-0.00082;0
MAGN;12.419;5532.233;-12.65625;49.72500;-35.30625;0
GYRO;12.424;5532.240;0.00261;0.00192;0.00000;0
MAGN;12.430;5532.243;-12.65625;49.72500;-35.26875;0
ACCE;12.432;5532.248;-0.18495;-0.69495;9.95595;0
AHRS;12.433;5532.248;-3.4396;0.9395;-15.7115;-0.02861;0.01222;-0.13686;3
GYRO;12.434;5532.248;0.00247;0.00151;0.00096;0
MAGN;12.438;5532.253;-12.67500;49.74375;-35.19375;0
ACCE;12.448;5532.263;-0.18495;-0.67605;9.85995;0
GYRO;12.449;5532.263;0.00247;0.00096;0.00124;0
MAGN;12.450;5532.263;-12.69375;49.72500;-35.13750;0
AHRS;12.457;5532.271;-3.4396;0.9395;-15.7115;-0.02861;0.01222;-0.13686;3
GYRO;12.458;5532.271;0.00220;0.00041;0.00151;0
MAGN;12.459;5532.273;-12.69375;49.72500;-35.08125;0
ACCE;12.464;5532.279;-0.22305;-0.67605;9.82200;0
GYRO;12.465;5532.279;0.00206;0.00027;0.00206;0
MAGN;12.468;5532.283;-12.69375;49.74375;-35.04375;0
AHRS;12.471;5532.287;-3.4396;0.9395;-15.7115;-0.02861;0.01222;-0.13686;3
GYRO;12.473;5532.287;0.00220;-0.00027;0.00179;0
MAGN;12.479;5532.293;-12.71250;49.74375;-35.04375;0
ACCE;12.480;5532.294;-0.22305;-0.67605;9.80205;0
GYRO;12.488;5532.303;0.00220;-0.00027;0.00165;0
MAGN;12.489;5532.303;-12.69375;49.76250;-35.06250;0
ACCE;12.495;5532.310;-0.20400;-0.67605;9.91695;0
MAGN;12.498;5532.313;-12.69375;49.78125;-35.08125;0
AHRS;12.503;5532.319;-3.4396;0.9395;-15.7115;-0.02861;0.01222;-0.13686;3
GYRO;12.505;5532.319;0.00192;-0.00096;0.00192;0
MAGN;12.509;5532.323;-12.71250;49.76250;-35.08125;0
ACCE;12.511;5532.326;-0.18495;-0.71505;9.89805;0
LIGH;12.514;5532.330;41.6;3
MAGN;12.519;5532.333;-12.71250;49.76250;-35.11875;0
GYRO;12.520;5532.334;0.00179;-0.00110;0.00124;0
ACCE;12.527;5532.342;-0.20400;-0.69495;9.97500;0
AHRS;12.528;5532.342;-3.4396;0.9395;-15.7115;-0.02861;0.01222;-0.13686;3
GYRO;12.529;5532.342;0.00165;-0.00082;0.00014;0
MAGN;12.530;5532.343;-12.71250;49.76250;-35.13750;0
GYRO;12.536;5532.350;0.00179;-0.00055;-0.00055;0
MAGN;12.538;5532.353;-12.71250;49.76250;-35.11875;0
ACCE;12.542;5532.358;-0.24195;-0.67605;9.89805;0
AHRS;12.544;5532.358;-3.4396;0.9395;-15.7115;-0.02861;0.01222;-0.13686;3
GYRO;12.545;5532.358;0.00179;-0.00000;-0.00110;0
MAGN;12.548;5532.363;-12.71250;49.76250;-35.10000;0
ACCE;12.557;5532.373;-0.22305;-0.69495;9.85995;0
GYRO;12.558;5532.373;0.00151;0.00014;-0.00124;0
MAGN;12.564;5532.373;-12.69375;49.74375;-35.11875;0
AHRS;12.566;5532.382;-3.4396;0.9395;-15.7115;-0.02861;0.01222;-0.13686;3
GYRO;12.567;5532.382;0.00165;0.00027;-0.00027;0
MAGN;12.567;5532.383;-12.69375;49.72500;-35.15625;0
ACCE;12.574;5532.389;-0.16605;-0.67605;9.89805;0
GYRO;12.575;5532.389;0.00151;0.00014;0.00041;0
MAGN;12.578;5532.393;-12.69375;49.72500;-35.19375;0
AHRS;12.583;5532.397;-3.4396;0.9395;-15.7115;-0.02861;0.01222;-0.13686;3
GYRO;12.583;5532.397;0.00165;-0.00014;0.00041;0
MAGN;12.589;5532.403;-12.71250;49.70625;-35.19375;0
ACCE;12.589;5532.404;-0.18495;-0.61905;9.84105;0
GYRO;12.598;5532.413;0.00179;0.00014;0.00014;0
MAGN;12.599;5532.413;-12.71250;49.68750;-35.21250;0
ACCE;12.605;5532.421;-0.22305;-0.69495;9.87900;0
AHRS;12.605;5532.421;-3.4396;0.9395;-15.7115;-0.02861;0.01222;-0.13686;3
GYRO;12.608;5532.421;0.00151;0.00082;-0.00082;0
MAGN;12.608;5532.423;-12.71250;49.66875;-35.19375;0
GYRO;12.616;5532.429;0.00124;0.00069;-0.00110;0
MAGN;12.618;5532.433;-12.71250;49.66875;-35.19375;0
ACCE;12.621;5532.437;-0.14700;-0.75300;9.99405;0
AHRS;12.623;5532.437;-3.4396;0.9395;-15.7115;-0.02861;0.01222;-0.13686;3
GYRO;12.623;5532.437;0.00082;-0.00000;-0.00082;0
MAGN;12.629;5532.443;-12.71250;49.66875;-35.21250;0
GYRO;12.633;5532.444;0.00000;-0.00041;-0.00082;0
ACCE;12.637;5532.453;-0.22305;-0.69495;9.91695;0
AHRS;12.638;5532.453;-3.4396;0.9395;-15.7115;-0.02861;0.01222;-0.13686;3
GYRO;12.639;5532.453;-0.00014;-0.00069;-0.00069;0
MAGN;12.641;5532.453;-12.69375;49.66875;-35.21250;0
GYRO;12.645;5532.460;0.00014;-0.00069;-0.00027;0
MAGN;12.648;5532.463;-12.69375;49.66875;-35.21250;0
ACCE;12.653;5532.468;-0.22305;-0.67605;9.74505;0
AHRS;12.654;5532.468;-3.4396;0.9395;-15.7115;-0.02861;0.01222;-0.13686;3
GYRO;12.654;5532.468;0.00014;-0.00027;-0.00124;0
MAGN;12.658;5532.473;-12.69375;49.70625;-35.21250;0
GYRO;12.661;5532.476;-0.00014;0.00000;-0.00206;0
MAGN;12.669;5532.483;-12.67500;49.70625;-35.23125;0
ACCE;12.670;5532.484;-0.28095;-0.65700;9.68700;0
AHRS;12.670;5532.484;-3.4396;0.9395;-15.7115;-0.02861;0.01222;-0.13686;3
GYRO;12.672;5532.484;-0.00082;0.00069;-0.00192;0
LIGH;12.673;5532.489;40.9;3
GYRO;12.677;5532.492;-0.00124;0.00069;-0.00165;0
MAGN;12.678;5532.493;-12.67500;49.68750;-35.26875;0
ACCE;12.684;5532.500;-0.24195;-0.69495;9.84105;0
AHRS;12.685;5532.500;-3.4396;0.9395;-15.7115;-0.02861;0.01222;-0.13686;3
GYRO;12.686;5532.500;-0.00110;0.00041;-0.00110;0
MAGN;12.686;5532.503;-12.67500;49.70625;-35.32500;0
GYRO;12.692;5532.508;-0.00137;0.00151;-0.00082;0
MAGN;12.698;5532.513;-12.67500;49.70625;-35.30625;0
ACCE;12.700;5532.515;-0.28095;-0.71505;9.97500;0
AHRS;12.707;5532.523;-3.4396;0.9395;-15.7115;-0.02861;0.01222;-0.13686;3
GYRO;12.713;5532.523;-0.00096;0.00247;-0.00027;0
MAGN;12.715;5532.523;-12.65625;49.70625;-35.25000;0
ACCE;12.716;5532.531;-0.24195;-0.65700;9.99405;0
GYRO;12.717;5532.531;-0.00082;0.00330;0.00014;0
MAGN;12.717;5532.533;-12.67500;49.70625;-35.25000;0
AHRS;12.724;5532.539;-3.4396;0.9395;-15.7115;-0.02861;0.01222;-0.13686;3
GYRO;12.725;5532.539;-0.00110;0.00316;0.00027;0
MAGN;12.728;5532.543;-12.69375;49.70625;-35.30625;0
ACCE;12.731;5532.547;-0.16605;-0.65700;9.95595;0
GYRO;12.732;5532.547;-0.00082;0.00247;-0.00014;0
MAGN;12.738;5532.553;-12.69375;49.70625;-35.32500;0
ACCE;12.747;5532.563;-0.18495;-0.63795;9.87900;0
AHRS;12.749;5532.563;-3.4396;0.9395;-15.7115;-0.02861;0.01222;-0.13686;3
GYRO;12.750;5532.563;-0.00055;0.00220;-0.00027;0
MAGN;12.751;5532.563;-12.69375;49.70625;-35.36250;0
GYRO;12.755;5532.571;0.00027;0.00247;-0.00041;0
MAGN;12.758;5532.573;-12.69375;49.72500;-35.38125;0
ACCE;12.763;5532.579;-0.20400;-0.63795;9.87900;0
AHRS;12.764;5532.579;-3.4396;0.9395;-15.7115;-0.02861;0.01222;-0.13686;3
GYRO;12.765;5532.579;0.00110;0.00220;-0.00014;0
MAGN;12.770;5532.583;-12.69375;49.72500;-35.38125;0
MAGN;12.779;5532.593;-12.67500;49.72500;-35.41875;0
ACCE;12.780;5532.594;-0.22305;-0.63795;9.85995;0
GYRO;12.781;5532.594;0.00151;0.00206;0.00014;0
AHRS;12.787;5532.602;-3.4396;0.9395;-15.7115;-0.02861;0.01222;-0.13686;3
GYRO;12.788;5532.602;0.00179;0.00192;0.00110;0
MAGN;12.789;5532.603;-12.65625;49.70625;-35.45625;0
ACCE;12.794;5532.610;-0.16605;-0.65700;9.89805;0
GYRO;12.796;5532.610;0.00261;0.00069;0.00234;0
MAGN;12.797;5532.613;-12.65625;49.70625;-35.45625;0
AHRS;12.802;5532.618;-3.4396;0.9395;-15.7115;-0.02861;0.01222;-0.13686;3
GYRO;12.804;5532.618;0.00275;-0.00000;0.00261;0
MAGN;12.809;5532.623;-12.65625;49.68750;-35.45625;0
ACCE;12.810;5532.626;-0.18495;-0.67605;9.95595;0
GYRO;12.811;5532.626;0.00289;-0.00179;0.00275;0
MAGN;12.817;5532.633;-12.63750;49.68750;-35.45625;0
ACCE;12.827;5532.642;-0.24195;-0.63795;9.97500;0
AHRS;12.828;5532.642;-3.4396;0.9395;-15.7115;-0.02861;0.01222;-0.13686;3
GYRO;12.832;5532.642;0.00344;-0.00179;0.00316;0
MAGN;12.833;5532.643;-12.63750;49.70625;-35.45625;0
LIGH;12.835;5532.650;41.6;3
GYRO;12.836;5532.650;0.00344;-0.00151;0.00330;0
MAGN;12.837;5532.652;-12.61875;49.72500;-35.43750;0
ACCE;12.842;5532.657;-0.20400;-0.65700;9.93600;0
MAGN;12.848;5532.663;-12.63750;49.72500;-35.45625;0
AHRS;12.848;5532.664;-3.4396;0.9395;-15.7115;-0.02861;0.01222;-0.13686;3
GYRO;12.849;5532.664;0.00330;-0.00165;0.00357;0
ACCE;12.858;5532.673;-0.26205;-0.67605;9.93600;0
GYRO;12.858;5532.673;0.00247;-0.00192;0.00385;0
MAGN;12.858;5532.673;-12.63750;49.72500;-35.41875;0
AHRS;12.866;5532.681;-3.4396;0.9395;-15.7115;-0.02861;0.01222;-0.13686;3
GYRO;12.869;5532.681;0.00151;-0.00206;0.00316;0
MAGN;12.869;5532.683;-12.65625;49.72500;-35.38125;0
ACCE;12.873;5532.689;-0.22305;-0.65700;9.91695;0
GYRO;12.874;5532.689;0.00151;-0.00192;0.00247;0
MAGN;12.882;5532.693;-12.63750;49.72500;-35.38125;0
AHRS;12.883;5532.697;-3.4396;0.9395;-15.7115;-0.02861;0.01222;-0.13686;3
GYRO;12.883;5532.697;0.00151;-0.00124;0.00137;0
SOUN;12.883;4.52;0.00014;16.77
MAGN;12.888;5532.703;-12.61875;49.70625;-35.38125;0
ACCE;12.889;5532.704;-0.22305;-0.61905;9.82200;0
GYRO;12.889;5532.704;0.00137;-0.00027;0.00041;0
AHRS;12.897;5532.712;-3.4396;0.9395;-15.7115;-0.02861;0.01222;-0.13686;3
GYRO;12.899;5532.712;0.00151;0.00014;-0.00069;0
MAGN;12.899;5532.713;-12.60000;49.70625;-35.34375;0
ACCE;12.905;5532.720;-0.20400;-0.65700;9.78300;0
GYRO;12.905;5532.720;0.00137;0.00110;-0.00192;0
MAGN;12.906;5532.723;-12.61875;49.72500;-35.34375;0
AHRS;12.913;5532.728;-3.4396;0.9395;-15.7115;-0.02861;0.01222;-0.13686;3
GYRO;12.914;5532.728;0.00096;0.00124;-0.00206;0
MAGN;12.918;5532.733;-12.61875;49.70625;-35.34375;0
ACCE;12.921;5532.736;-0.24195;-0.65700;9.80205;0
GYRO;12.922;5532.736;0.00041;0.00165;-0.00192;0
MAGN;12.928;5532.743;-12.61875;49.70625;-35.32500;0
AHRS;12.929;5532.744;-3.4396;0.9395;-15.7115;-0.02861;0.01222;-0.13686;3
GYRO;12.930;5532.744;-0.00014;0.00234;-0.00247;0
ACCE;12.937;5532.752;-0.24195;-0.65700;9.87900;0
GYRO;12.937;5532.752;-0.00014;0.00275;-0.00275;0
MAGN;12.938;5532.753;-12.61875;49.68750;-35.32500;0
AHRS;12.944;5532.760;-3.4396;0.9395;-15.7115;-0.02861;0.01222;-0.13686;3
GYRO;12.945;5532.760;0.00014;0.00302;-0.00247;0
MAGN;12.949;5532.763;-12.61875;49.68750;-35.32500;0
ACCE;12.952;5532.768;-0.24195;-0.67605;9.89805;0
GYRO;12.953;5532.768;-0.00027;0.00302;-0.00275;0
MAGN;12.958;5532.773;-12.61875;49.66875;-35.32500;0
ACCE;12.968;5532.783;-0.20400;-0.67605;9.93600;0
AHRS;12.969;5532.783;-3.4396;0.9395;-15.7115;-0.02861;0.01222;-0.13686;3
GYRO;12.970;5532.783;-0.00069;0.00220;-0.00261;0
MAGN;12.971;5532.783;-12.61875;49.66875;-35.36250;0
GYRO;12.976;5532.791;-0.00096;0.00137;-0.00247;0
MAGN;12.978;5532.793;-12.60000;49.68750;-35.36250;0
ACCE;12.983;5532.799;-0.18495;-0.69495;9.95595;0
AHRS;12.984;5532.799;-3.4396;0.9395;-15.7115;-0.02861;0.01222;-0.13686;3
GYRO;12.985;5532.799;-0.00124;0.00055;-0.00137;0
MAGN;12.986;5532.802;-12.58125;49.70625;-35.38125;0
GYRO;12.991;5532.807;-0.00124;0.00014;0.00000;0
LIGH;12.994;5532.810;40.9;3
MAGN;12.998;5532.813;-12.61875;49.70625;-35.38125;0
ACCE;13.000;5532.814;-0.20400;-0.67605;10.01295;0
AHRS;13.008;5532.823;-3.4396;0.9395;-15.7115;-0.02861;0.01222;-0.13686;3
GYRO;13.009;5532.823;-0.00110;-0.00014;0.00014;0
MAGN;13.011;5532.823;-12.63750;49.70625;-35.41875;0
ACCE;13.015;5532.831;-0.20400;-0.65700;9.89805;0
GYRO;13.016;5532.831;-0.00110;-0.00082;0.00014;0
MAGN;13.017;5532.833;-12.63750;49.68750;-35.45625;0
AHRS;13.023;5532.839;-3.4396;0.9395;-15.7115;-0.02861;0.01222;-0.13686;3
GYRO;13.025;5532.839;-0.00096;-0.00179;0.00055;0
MAGN;13.028;5532.843;-12.61875;49.68750;-35.45625;0
ACCE;13.031;5532.846;-0.20400;-0.61905;9.80205;0
GYRO;13.032;5532.846;-0.00110;-0.00220;0.00041;0
MAGN;13.039;5532.853;-12.63750;49.66875;-35.47500;0
AHRS;13.040;5532.854;-3.4396;0.9395;-15.7115;-0.02861;0.01222;-0.13686;3
GYRO;13.041;5532.854;-0.00110;-0.00234;-0.00041;0
ACCE;13.047;5532.862;-0.24195;-0.65700;9.78300;0
GYRO;13.048;5532.862;-0.00069;-0.00206;-0.00082;0
MAGN;13.050;5532.863;-12.61875;49.65000;-35.43750;0
AHRS;13.055;5532.870;-3.4396;0.9395;-15.7115;-0.02861;0.01222;-0.13686;3
GYRO;13.057;5532.870;-0.00055;-0.00261;-0.00014;0
MAGN;13.058;5532.872;-12.61875;49.63125;-35.41875;0
ACCE;13.063;5532.878;-0.20400;-0.63795;9.89805;0
GYRO;13.064;5532.878;-0.00000;-0.00247;-0.00014;0
MAGN;13.070;5532.883;-12.61875;49.61250;-35.40000;0
ACCE;13.081;5532.893;-0.24195;-0.61905;9.82200;0
AHRS;13.081;5532.893;-3.4396;0.9395;-15.7115;-0.02861;0.01222;-0.13686;3
GYRO;13.082;5532.893;0.00027;-0.00179;-0.00069;0
MAGN;13.082;5532.893;-12.61875;49.61250;-35.40000;0
GYRO;13.086;5532.902;0.00055;-0.00124;-0.00137;0
MAGN;13.087;5532.903;-12.63750;49.59375;-35.41875;0
ACCE;13.097;5532.909;-0.24195;-0.67605;9.89805;0
AHRS;13.098;5532.909;-3.4396;0.9395;-15.7115;-0.02861;0.01222;-0.13686;3
GYRO;13.098;5532.909;0.00055;-0.00096;-0.00151;0
MAGN;13.099;5532.912;-12.61875;49.61250;-35.43750;0
GYRO;13.102;5532.917;0.00096;-0.00027;-0.00082;0
MAGN;13.109;5532.923;-12.61875;49.61250;-35.45625;0
ACCE;13.110;5532.924;-0.20400;-0.65700;9.89805;0
AHRS;13.118;5532.933;-3.4396;0.9395;-15.7115;-0.02861;0.01222;-0.13686;3
GYRO;13.120;5532.933;0.00110;0.00014;-0.00027;0
MAGN;13.120;5532.933;-12.60000;49.61250;-35.45625;0
ACCE;13.124;5532.940;-0.22305;-0.67605;9.91695;0
MAGN;13.131;5532.943;-12.58125;49.61250;-35.45625;0
GYRO;13.133;5532.949;0.00124;0.00000;0.00069;0
MAGN;13.138;5532.953;-12.58125;49.59375;-35.45625;0
ACCE;13.141;5532.957;-0.24195;-0.63795;9.89805;0
AHRS;13.142;5532.957;-3.8480;1.2520;-15.8252;-0.03175;0.01544;-0.13794;3
GYRO;13.143;5532.957;0.00151;0.00014;0.00137;0
MAGN;13.148;5532.963;-12.58125;49.59375;-35.47500;0
GYRO;13.148;5532.964;0.00179;0.00069;0.00096;0
LIGH;13.154;5532.970;40.9;3
ACCE;13.157;5532.972;-0.26205;-0.61905;9.85995;0
AHRS;13.158;5532.972;-3.8480;1.2520;-15.8252;-0.03175;0.01544;-0.13794;3
GYRO;13.158;5532.972;0.00206;0.00179;-0.00055;0
MAGN;13.159;5532.973;-12.58125;49.59375;-35.49375;0
GYRO;13.164;5532.980;0.00151;0.00247;-0.00110;0
MAGN;13.168;5532.983;-12.60000;49.59375;-35.51250;0
ACCE;13.172;5532.988;-0.20400;-0.65700;9.84105;0
AHRS;13.173;5532.988;-3.8480;1.2520;-15.8252;-0.03175;0.01544;-0.13794;3
GYRO;13.174;5532.988;0.00110;0.00247;-0.00151;0
MAGN;13.178;5532.993;-12.61875;49.57500;-35.51250;0
GYRO;13.180;5532.996;0.00069;0.00206;-0.00220;0
MAGN;13.188;5533.003;-12.61875;49.57500;-35.56875;0
ACCE;13.188;5533.004;-0.16605;-0.67605;9.82200;0
AHRS;13.189;5533.004;-3.8480;1.2520;-15.8252;-0.03175;0.01544;-0.13794;3
GYRO;13.189;5533.004;0.00055;0.00137;-0.00206;0
GYRO;13.197;5533.012;0.00055;0.00137;-0.00302;0
MAGN;13.198;5533.013;-12.61875;49.57500;-35.58750;0
ACCE;13.204;5533.020;-0.14700;-0.63795;9.85995;0
AHRS;13.205;5533.020;-3.8480;1.2520;-15.8252;-0.03175;0.01544;-0.13794;3
GYRO;13.206;5533.020;0.00041;0.00069;-0.00275;0
MAGN;13.206;5533.023;-12.61875;49.55625;-35.58750;0
GYRO;13.228;5533.028;-0.00000;-0.00014;-0.00220;0
MAGN;13.229;5533.033;-12.58125;49.55625;-35.60625;0
ACCE;13.229;5533.035;-0.18495;-0.63795;9.91695;0
AHRS;13.229;5533.043;-3.8480;1.2520;-15.8252;-0.03175;0.01544;-0.13794;3
GYRO;13.229;5533.043;-0.00041;-0.00082;-0.00137;0
GNSS;13.229;1745934479.000;24.926187;121.252922;193.700;288.010;4.4;0.0;48;9
MAGN;13.231;5533.043;-12.58125;49.57500;-35.64375;0
GNSS;13.232;1745934479.000;24.926187;121.252922;193.700;288.010;4.4;0.0;48;9
ACCE;13.236;5533.051;-0.20400;-0.63795;9.91695;0
GYRO;13.236;5533.051;-0.00041;-0.00192;0.00082;0
MAGN;13.237;5533.053;-12.58125;49.57500;-35.66250;0
AHRS;13.249;5533.059;-3.8480;1.2520;-15.8252;-0.03175;0.01544;-0.13794;3
GYRO;13.249;5533.059;-0.00041;-0.00261;0.00179;0
MAGN;13.249;5533.063;-12.58125;49.57500;-35.66250;0
GNSS;13.250;1745934478.132;24.926187;121.252922;194.900;0.000;4.4;0.0;48;9
ACCE;13.251;5533.067;-0.18495;-0.61905;9.89805;0
GYRO;13.252;5533.067;0.00027;-0.00316;0.00247;0
MAGN;13.259;5533.073;-12.58125;49.55625;-35.64375;0
ACCE;13.268;5533.083;-0.20400;-0.65700;9.97500;0
AHRS;13.268;5533.083;-3.8480;1.2520;-15.8252;-0.03175;0.01544;-0.13794;3
GYRO;13.269;5533.083;0.00055;-0.00330;0.00289;0
MAGN;13.271;5533.083;-12.58125;49.55625;-35.62500;0
GYRO;13.275;5533.091;0.00082;-0.00316;0.00371;0
MAGN;13.278;5533.093;-12.60000;49.55625;-35.58750;0
ACCE;13.284;5533.099;-0.22305;-0.63795;9.95595;0
AHRS;13.285;5533.099;-3.8480;1.2520;-15.8252;-0.03175;0.01544;-0.13794;3
GYRO;13.285;5533.099;0.00110;-0.00275;0.00371;0
MAGN;13.288;5533.103;-12.60000;49.53750;-35.55000;0
GYRO;13.291;5533.106;0.00082;-0.00302;0.00357;0
MAGN;13.299;5533.113;-12.61875;49.53750;-35.53125;0
ACCE;13.299;5533.114;-0.20400;-0.65700;9.91695;0
AHRS;13.300;5533.114;-3.8480;1.2520;-15.8252;-0.03175;0.01544;-0.13794;3
GYRO;13.301;5533.114;0.00069;-0.00275;0.00247;0
GYRO;13.307;5533.122;0.00124;-0.00179;0.00082;0
MAGN;13.308;5533.123;-12.61875;49.53750;-35.55000;0
LIGH;13.315;5533.130;40.9;3
ACCE;13.315;5533.130;-0.24195;-0.65700;9.84105;0
AHRS;13.315;5533.130;-3.8480;1.2520;-15.8252;-0.03175;0.01544;-0.13794;3
GYRO;13.316;5533.130;0.00137;-0.00096;-0.00069;0
MAGN;13.318;5533.133;-12.61875;49.53750;-35.56875;0
GYRO;13.322;5533.138;0.00151;-0.00014;-0.00165;0
MAGN;13.330;5533.143;-12.60000;49.55625;-35.55000;0
ACCE;13.330;5533.145;-0.20400;-0.63795;9.84105;0
AHRS;13.338;5533.153;-3.8480;1.2520;-15.8252;-0.03175;0.01544;-0.13794;3
GYRO;13.339;5533.153;0.00110;-0.00000;-0.00137;0
MAGN;13.340;5533.153;-12.58125;49.55625;-35.51250;0
ACCE;13.346;5533.162;-0.22305;-0.63795;9.85995;0
GYRO;13.347;5533.162;0.00069;0.00069;-0.00192;0
MAGN;13.347;5533.163;-12.60000;49.57500;-35.55000;0
AHRS;13.354;5533.169;-3.8480;1.2520;-15.8252;-0.03175;0.01544;-0.13794;3
GYRO;13.355;5533.169;0.00041;0.00137;-0.00247;0
MAGN;13.358;5533.173;-12.58125;49.57500;-35.60625;0
ACCE;13.362;5533.177;-0.18495;-0.67605;9.93600;0
GYRO;13.362;5533.177;-0.00000;0.00151;-0.00206;0
MAGN;13.368;5533.183;-12.60000;49.57500;-35.64375;0
SOUN;13.374;4.63;0.00014;16.97
ACCE;13.378;5533.193;-0.18495;-0.63795;9.91695;0
AHRS;13.380;5533.193;-3.8480;1.2520;-15.8252;-0.03175;0.01544;-0.13794;3
GYRO;13.382;5533.193;-0.00014;0.00165;-0.00220;0
MAGN;13.382;5533.193;-12.61875;49.55625;-35.66250;0
GYRO;13.386;5533.201;-0.00014;0.00179;-0.00247;0
MAGN;13.386;5533.203;-12.63750;49.55625;-35.60625;0
ACCE;13.396;5533.209;-0.24195;-0.61905;9.80205;0
AHRS;13.397;5533.209;-3.8480;1.2520;-15.8252;-0.03175;0.01544;-0.13794;3
GYRO;13.397;5533.209;-0.00014;0.00247;-0.00275;0
MAGN;13.398;5533.212;-12.65625;49.55625;-35.58750;0
GYRO;13.401;5533.217;-0.00014;0.00275;-0.00220;0
MAGN;13.409;5533.223;-12.65625;49.55625;-35.58750;0
ACCE;13.409;5533.224;-0.22305;-0.61905;9.78300;0
AHRS;13.410;5533.224;-3.8480;1.2520;-15.8252;-0.03175;0.01544;-0.13794;3
GYRO;13.410;5533.224;-0.00014;0.00220;-0.00165;0
GYRO;13.418;5533.232;-0.00055;0.00220;-0.00206;0
MAGN;13.419;5533.233;-12.65625;49.53750;-35.58750;0
ACCE;13.425;5533.240;-0.33795;-0.67605;9.89805;0
AHRS;13.426;5533.240;-3.8480;1.2520;-15.8252;-0.03175;0.01544;-0.13794;3
GYRO;13.427;5533.240;-0.00082;0.00330;-0.00330;0
MAGN;13.427;5533.242;-12.69375;49.53750;-35.62500;0
GYRO;13.432;5533.248;-0.00110;0.00316;-0.00357;0
MAGN;13.439;5533.253;-12.69375;49.53750;-35.62500;0
ACCE;13.439;5533.256;-0.26205;-0.69495;9.95595;0
MAGN;13.448;5533.263;-12.67500;49.53750;-35.60625;0
AHRS;13.449;5533.264;-3.8480;1.2520;-15.8252;-0.03175;0.01544;-0.13794;3
GYRO;13.449;5533.264;-0.00110;0.00289;-0.00316;0
ACCE;13.457;5533.272;-0.28095;-0.63795;9.89805;0
GYRO;13.458;5533.272;-0.00041;0.00330;-0.00385;0
MAGN;13.459;5533.273;-12.67500;49.55625;-35.58750;0
AHRS;13.464;5533.280;-3.8480;1.2520;-15.8252;-0.03175;0.01544;-0.13794;3
GYRO;13.465;5533.280;-0.00055;0.00371;-0.00440;0
MAGN;13.470;5533.283;-12.67500;49.55625;-35.58750;0
ACCE;13.472;5533.288;-0.22305;-0.63795;9.93600;0
GYRO;13.472;5533.288;-0.00014;0.00412;-0.00412;0
LIGH;13.473;5533.289;40.2;3
MAGN;13.478;5533.293;-12.65625;49.57500;-35.55000;0
ACCE;13.489;5533.303;-0.20400;-0.56100;9.95595;0
AHRS;13.490;5533.303;-3.8480;1.2520;-15.8252;-0.03175;0.01544;-0.13794;3
GYRO;13.491;5533.303;0.00027;0.00344;-0.00302;0
MAGN;13.492;5533.303;-12.67500;49.59375;-35.53125;0
GYRO;13.498;5533.311;0.00096;0.00302;-0.00289;0
MAGN;13.498;5533.313;-12.67500;49.59375;-35.51250;0
ACCE;13.504;5533.319;-0.16605;-0.60000;9.91695;0
AHRS;13.505;5533.319;-3.8480;1.2520;-15.8252;-0.03175;0.01544;-0.13794;3
GYRO;13.506;5533.319;0.00151;0.00275;-0.00220;0
MAGN;13.506;5533.323;-12.69375;49.59375;-35.49375;0
GYRO;13.517;5533.327;0.00151;0.00234;-0.00206;0
MAGN;13.518;5533.333;-12.69375;49.59375;-35.47500;0
ACCE;13.518;5533.334;-0.16605;-0.63795;9.87900;0
AHRS;13.527;5533.343;-3.8480;1.2520;-15.8252;-0.03175;0.01544;-0.13794;3
GYRO;13.528;5533.343;0.00206;0.00110;-0.00096;0
MAGN;13.529;5533.343;-12.69375;49.61250;-35.45625;0
ACCE;13.535;5533.351;-0.20400;-0.58095;9.84105;0
GYRO;13.536;5533.351;0.00261;0.00027;0.00014;0
MAGN;13.537;5533.353;-12.71250;49.61250;-35.45625;0
AHRS;13.544;5533.359;-3.8480;1.2520;-15.8252;-0.03175;0.01544;-0.13794;3
GYRO;13.545;5533.359;0.00289;-0.00069;0.00110;0
MAGN;13.550;5533.363;-12.69375;49.61250;-35.45625;0
ACCE;13.551;5533.366;-0.14700;-0.61905;9.87900;0
MAGN;13.559;5533.373;-12.71250;49.63125;-35.47500;0
GYRO;13.560;5533.374;0.00247;-0.00137;0.00151;0
ACCE;13.567;5533.382;-0.18495;-0.67605;9.95595;0
AHRS;13.569;5533.382;-3.8480;1.2520;-15.8252;-0.03175;0.01544;-0.13794;3
GYRO;13.570;5533.382;0.00206;-0.00234;0.00234;0
MAGN;13.575;5533.383;-12.71250;49.63125;-35.47500;0
GYRO;13.575;5533.390;0.00192;-0.00426;0.00426;0
MAGN;13.578;5533.393;-12.71250;49.63125;-35.49375;0
ACCE;13.582;5533.398;-0.16605;-0.67605;9.95595;0
AHRS;13.583;5533.398;-3.8480;1.2520;-15.8252;-0.03175;0.01544;-0.13794;3
GYRO;13.584;5533.398;0.00165;-0.00509;0.00481;0
MAGN;13.588;5533.403;-12.71250;49.63125;-35.51250;0
ACCE;13.598;5533.413;-0.18495;-0.65700;9.87900;0
GYRO;13.599;5533.413;0.00096;-0.00536;0.00522;0
MAGN;13.600;5533.413;-12.71250;49.61250;-35.51250;0
AHRS;13.607;5533.422;-3.8480;1.2520;-15.8252;-0.03175;0.01544;-0.13794;3
GYRO;13.608;5533.422;0.00027;-0.00619;0.00536;0
MAGN;13.609;5533.423;-12.69375;49.59375;-35.49375;0
ACCE;13.613;5533.429;-0.28095;-0.65700;9.91695;0
GYRO;13.614;5533.429;-0.00000;-0.00564;0.00509;0
MAGN;13.618;5533.433;-12.67500;49.59375;-35.47500;0
AHRS;13.621;5533.437;-3.8480;1.2520;-15.8252;-0.03175;0.01544;-0.13794;3
GYRO;13.623;5533.437;-0.00027;-0.00522;0.00509;0
MAGN;13.629;5533.443;-12.67500;49.59375;-35.47500;0
ACCE;13.629;5533.445;-0.22305;-0.63795;9.84105;0
GYRO;13.631;5533.445;-0.00124;-0.00467;0.00509;0
LIGH;13.634;5533.450;40.9;3
AHRS;13.638;5533.453;-3.8480;1.2520;-15.8252;-0.03175;0.01544;-0.13794;3
GYRO;13.639;5533.453;-0.00220;-0.00412;0.00440;0
MAGN;13.640;5533.453;-12.67500;49.61250;-35.47500;0
ACCE;13.646;5533.461;-0.20400;-0.67605;9.74505;0
GYRO;13.647;5533.461;-0.00289;-0.00344;0.00357;0
MAGN;13.647;5533.463;-12.65625;49.61250;-35.45625;0
AHRS;13.653;5533.469;-3.8480;1.2520;-15.8252;-0.03175;0.01544;-0.13794;3
GYRO;13.654;5533.469;-0.00289;-0.00220;0.00344;0
MAGN;13.658;5533.473;-12.65625;49.61250;-35.41875;0
ACCE;13.661;5533.477;-0.22305;-0.67605;9.82200;0
GYRO;13.661;5533.477;-0.00357;-0.00000;0.00124;0
MAGN;13.668;5533.483;-12.67500;49.61250;-35.38125;0
AHRS;13.669;5533.484;-3.8480;1.2520;-15.8252;-0.03175;0.01544;-0.13794;3
GYRO;13.670;5533.484;-0.00454;0.00137;-0.00110;0
ACCE;13.677;5533.492;-0.24195;-0.63795;9.85995;0
GYRO;13.678;5533.492;-0.00467;0.00247;-0.00192;0
MAGN;13.679;5533.493;-12.65625;49.63125;-35.34375;0
AHRS;13.685;5533.500;-3.8480;1.2520;-15.8252;-0.03175;0.01544;-0.13794;3
GYRO;13.685;5533.500;-0.00454;0.00426;-0.00247;0
MAGN;13.686;5533.503;-12.63750;49.66875;-35.32500;0
ACCE;13.692;5533.508;-0.24195;-0.63795;9.91695;0
GYRO;13.693;5533.508;-0.00412;0.00426;-0.00151;0
MAGN;13.698;5533.513;-12.65625;49.66875;-35.28750;0
AHRS;13.701;5533.516;-3.8480;1.2520;-15.8252;-0.03175;0.01544;-0.13794;3
GYRO;13.701;5533.516;-0.00399;0.00454;-0.00234;0
MAGN;13.708;5533.523;-12.65625;49.66875;-35.25000;0
ACCE;13.708;5533.525;-0.20400;-0.65700;9.97500;0
GYRO;13.709;5533.525;-0.00302;0.00467;-0.00316;0
MAGN;13.718;5533.533;-12.65625;49.66875;-35.21250;0
ACCE;13.726;5533.540;-0.16605;-0.63795;9.99405;0
AHRS;13.727;5533.540;-3.8480;1.2520;-15.8252;-0.03175;0.01544;-0.13794;3
GYRO;13.728;5533.540;-0.00206;0.00481;-0.00330;0
MAGN;13.729;5533.542;-12.65625;49.66875;-35.19375;0
GYRO;13.732;5533.548;-0.00137;0.00454;-0.00289;0
MAGN;13.738;5533.553;-12.65625;49.66875;-35.23125;0
ACCE;13.740;5533.555;-0.22305;-0.63795;10.01295;0
AHRS;13.748;5533.563;-3.8480;1.2520;-15.8252;-0.03175;0.01544;-0.13794;3
GYRO;13.749;5533.563;-0.00055;0.00371;-0.00302;0
MAGN;13.750;5533.563;-12.65625;49.68750;-35.26875;0
ACCE;13.756;5533.571;-0.22305;-0.61905;9.97500;0
GYRO;13.757;5533.571;0.00027;0.00275;-0.00220;0
MAGN;13.758;5533.573;-12.63750;49.68750;-35.26875;0
AHRS;13.763;5533.579;-3.8480;1.2520;-15.8252;-0.03175;0.01544;-0.13794;3
GYRO;13.765;5533.579;0.00151;0.00192;-0.00014;0
MAGN;13.768;5533.583;-12.65625;49.68750;-35.28750;0
ACCE;13.771;5533.587;-0.18495;-0.63795;9.91695;0
GYRO;13.772;5533.587;0.00206;0.00110;0.00055;0
MAGN;13.779;5533.593;-12.65625;49.68750;-35.32500;0
ACCE;13.788;5533.603;-0.16605;-0.65700;9.87900;0
AHRS;13.789;5533.603;-3.8480;1.2520;-15.8252;-0.03175;0.01544;-0.13794;3
GYRO;13.791;5533.603;0.00206;0.00014;0.00069;0
MAGN;13.792;5533.603;-12.65625;49.68750;-35.34375;0
LIGH;13.794;5533.610;40.9;3
MAGN;13.798;5533.613;-12.65625;49.68750;-35.36250;0
ACCE;13.803;5533.618;-0.16605;-0.63795;9.89805;0
GYRO;13.804;5533.618;0.00192;-0.00069;0.00055;0
MAGN;13.813;5533.623;-12.63750;49.70625;-35.38125;0
AHRS;13.814;5533.626;-3.8480;1.2520;-15.8252;-0.03175;0.01544;-0.13794;3
GYRO;13.815;5533.626;0.00234;-0.00137;0.00096;0
MAGN;13.818;5533.633;-12.63750;49.70625;-35.45625;0
ACCE;13.819;5533.634;-0.22305;-0.61905;9.89805;0
GYRO;13.820;5533.634;0.00261;-0.00206;0.00151;0
AHRS;13.827;5533.642;-3.8480;1.2520;-15.8252;-0.03175;0.01544;-0.13794;3
GYRO;13.827;5533.642;0.00247;-0.00206;0.00137;0
MAGN;13.830;5533.643;-12.63750;49.70625;-35.47500;0
ACCE;13.835;5533.650;-0.20400;-0.65700;9.91695;0
GYRO;13.836;5533.650;0.00247;-0.00261;0.00206;0
MAGN;13.836;5533.653;-12.65625;49.68750;-35.47500;0
AHRS;13.844;5533.658;-3.8480;1.2520;-15.8252;-0.03175;0.01544;-0.13794;3
GYRO;13.844;5533.658;0.00192;-0.00275;0.00110;0
MAGN;13.848;5533.663;-12.65625;49.68750;-35.47500;0
ACCE;13.850;5533.665;-0.16605;-0.67605;9.89805;0
GYRO;13.858;5533.673;0.00165;-0.00261;0.00082;0
MAGN;13.859;5533.673;-12.63750;49.66875;-35.47500;0
ACCE;13.866;5533.681;-0.16605;-0.65700;9.95595;0
AHRS;13.867;5533.681;-3.8480;1.2520;-15.8252;-0.03175;0.01544;-0.13794;3
GYRO;13.869;5533.681;0.00124;-0.00275;0.00110;0
MAGN;13.870;5533.683;-12.61875;49.66875;-35.49375;0
GYRO;13.874;5533.689;0.00096;-0.00247;0.00192;0
SOUN;13.875;8.06;0.00025;21.80
MAGN;13.879;5533.693;-12.61875;49.68750;-35.51250;0
ACCE;13.882;5533.697;-0.18495;-0.60000;9.91695;0
AHRS;13.884;5533.697;-3.8480;1.2520;-15.8252;-0.03175;0.01544;-0.13794;3
GYRO;13.884;5533.697;0.00137;-0.00220;0.00206;0
MAGN;13.889;5533.703;-12.61875;49.70625;-35.51250;0
ACCE;13.898;5533.713;-0.22305;-0.63795;9.84105;0
GYRO;13.898;5533.713;0.00096;-0.00192;0.00151;0
MAGN;13.900;5533.713;-12.61875;49.70625;-35.51250;0
AHRS;13.905;5533.721;-3.8480;1.2520;-15.8252;-0.03175;0.01544;-0.13794;3
GYRO;13.907;5533.721;0.00027;-0.00151;0.00179;0
MAGN;13.908;5533.723;-12.61875;49.74375;-35.56875;0
ACCE;13.913;5533.729;-0.20400;-0.63795;9.87900;0
GYRO;13.915;5533.729;-0.00055;-0.00124;0.00206;0
MAGN;13.918;5533.733;-12.63750;49.74375;-35.56875;0
AHRS;13.921;5533.737;-3.8480;1.2520;-15.8252;-0.03175;0.01544;-0.13794;3
GYRO;13.922;5533.737;-0.00082;-0.00082;0.00206;0
MAGN;13.929;5533.743;-12.63750;49.72500;-35.55000;0
ACCE;13.929;5533.745;-0.20400;-0.65700;9.87900;0
GYRO;13.929;5533.745;-0.00055;-0.00014;0.00151;0
AHRS;13.937;5533.752;-3.8480;1.2520;-15.8252;-0.03175;0.01544;-0.13794;3
GYRO;13.938;5533.752;-0.00027;0.00082;0.00192;0
MAGN;13.939;5533.753;-12.63750;49.72500;-35.56875;0
ACCE;13.945;5533.760;-0.24195;-0.63795;9.85995;0
GYRO;13.946;5533.760;-0.00041;0.00137;0.00165;0
MAGN;13.946;5533.762;-12.63750;49.72500;-35.58750;0
AHRS;13.953;5533.768;-3.8480;1.2520;-15.8252;-0.03175;0.01544;-0.13794;3
GYRO;13.954;5533.768;-0.00055;0.00179;0.00041;0
LIGH;13.955;5533.769;40.9;3
MAGN;13.958;5533.773;-12.63750;49.74375;-35.62500;0
ACCE;13.960;5533.776;-0.18495;-0.65700;9.91695;0
GYRO;13.961;5533.776;-0.00082;0.00124;0.00014;0
MAGN;13.968;5533.783;-12.60000;49.74375;-35.64375;0
AHRS;13.969;5533.784;-3.8480;1.2520;-15.8252;-0.03175;0.01544;-0.13794;3
GYRO;13.970;5533.784;-0.00137;0.00124;0.00041;0
ACCE;13.977;5533.792;-0.22305;-0.63795;9.85995;0
GYRO;13.978;5533.792;-0.00082;0.00151;0.00069;0
MAGN;13.978;5533.793;-12.60000;49.72500;-35.66250;0
AHRS;13.984;5533.800;-3.8480;1.2520;-15.8252;-0.03175;0.01544;-0.13794;3
GYRO;13.985;5533.800;-0.00082;0.00165;0.00055;0
MAGN;13.988;5533.803;-12.58125;49.72500;-35.68125;0
ACCE;13.992;5533.808;-0.18495;-0.65700;9.87900;0
GYRO;13.993;5533.808;-0.00055;0.00179;0.00041;0
MAGN;13.998;5533.813;-12.56250;49.70625;-35.71875;0
ACCE;14.009;5533.823;-0.20400;-0.63795;9.97500;0
AHRS;14.010;5533.823;-3.8480;1.2520;-15.8252;-0.03175;0.01544;-0.13794;3
GYRO;14.012;5533.823;-0.00041;0.00179;0.00069;0
MAGN;14.013;5533.823;-12.56250;49.72500;-35.71875;0
GYRO;14.015;5533.831;-0.00082;0.00192;0.00041;0
MAGN;14.017;5533.833;-12.56250;49.72500;-35.75625;0
ACCE;14.023;5533.839;-0.22305;-0.65700;9.93600;0
AHRS;14.024;5533.839;-3.8480;1.2520;-15.8252;-0.03175;0.01544;-0.13794;3
GYRO;14.028;5533.839;-0.00096;0.00137;0.00124;0
MAGN;14.029;5533.843;-12.56250;49.74375;-35.75625;0
GYRO;14.031;5533.847;-0.00110;0.00082;0.00179;0
MAGN;14.038;5533.853;-12.56250;49.74375;-35.71875;0
ACCE;14.039;5533.854;-0.22305;-0.63795;9.91695;0
AHRS;14.047;5533.863;-3.8480;1.2520;-15.8252;-0.03175;0.01544;-0.13794;3
GYRO;14.048;5533.863;-0.00096;0.00096;0.00179;0
MAGN;14.049;5533.863;-12.56250;49.72500;-35.70000;0
ACCE;14.054;5533.871;-0.20400;-0.63795;9.85995;0
GYRO;14.055;5533.871;-0.00069;0.00137;0.00027;0
MAGN;14.056;5533.872;-12.58125;49.72500;-35.70000;0
AHRS;14.062;5533.878;-3.8480;1.2520;-15.8252;-0.03175;0.01544;-0.13794;3
GYRO;14.064;5533.878;-0.00014;0.00124;-0.00069;0
MAGN;14.069;5533.883;-12.58125;49.70625;-35.71875;0
ACCE;14.070;5533.886;-0.18495;-0.60000;9.84105;0
MAGN;14.078;5533.893;-12.58125;49.68750;-35.73750;0
GYRO;14.079;5533.894;-0.00027;0.00082;-0.00082;0
ACCE;14.088;5533.902;-0.18495;-0.61905;9.84105;0
AHRS;14.088;5533.902;-3.8480;1.2520;-15.8252;-0.03175;0.01544;-0.13794;3
GYRO;14.088;5533.902;-0.00000;0.00000;-0.00110;0
MAGN;14.091;5533.903;-12.58125;49.68750;-35.75625;0
GYRO;14.094;5533.910;-0.00000;-0.00055;-0.00151;0
MAGN;14.098;5533.913;-12.58125;49.68750;-35.75625;0
ACCE;14.102;5533.918;-0.16605;-0.67605;9.91695;0
AHRS;14.104;5533.918;-3.8480;1.2520;-15.8252;-0.03175;0.01544;-0.13794;3
GYRO;14.104;5533.918;-0.00014;-0.00082;-0.00137;0
MAGN;14.108;5533.923;-12.58125;49.68750;-35.77500;0
LIGH;14.115;5533.930;40.9;3
ACCE;14.118;5533.933;-0.20400;-0.63795;9.91695;0
GYRO;14.119;5533.933;0.00041;-0.00137;-0.00082;0
MAGN;14.120;5533.933;-12.56250;49.68750;-35.73750;0
AHRS;14.126;5533.941;-3.8480;1.2520;-15.8252;-0.03175;0.01544;-0.13794;3
GYRO;14.126;5533.941;0.00069;-0.00137;-0.00110;0
MAGN;14.127;5533.943;-12.58125;49.68750;-35.75625;0
ACCE;14.134;5533.949;-0.24195;-0.58095;9.82200;0
GYRO;14.136;5533.949;0.00165;-0.00082;-0.00179;0
MAGN;14.140;5533.953;-12.56250;49.68750;-35.79375;0
AHRS;14.141;5533.957;-3.8480;1.2520;-15.8252;-0.03175;0.01544;-0.13794;3
GYRO;14.143;5533.957;0.00206;-0.00055;-0.00192;0
MAGN;14.148;5533.963;-12.54375;49.68750;-35.79375;0
ACCE;14.149;5533.964;-0.22305;-0.61905;9.72600;0
GYRO;14.157;5533.973;0.00192;-0.00055;-0.00110;0
MAGN;14.158;5533.973;-12.56250;49.66875;-35.79375;0
ACCE;14.165;5533.981;-0.24195;-0.67605;9.82200;0
AHRS;14.166;5533.981;-3.8480;1.2520;-15.8252;-0.03175;0.01544;-0.13794;3
GYRO;14.168;5533.981;0.00110;-0.00041;-0.00110;0
MAGN;14.168;5533.983;-12.56250;49.65000;-35.75625;0
GYRO;14.175;5533.989;0.00069;0.00000;-0.00165;0
MAGN;14.179;5533.993;-12.56250;49.63125;-35.71875;0
ACCE;14.181;5533.997;-0.22305;-0.71505;10.03200;0
AHRS;14.182;5533.997;-3.8480;1.2520;-15.8252;-0.03175;0.01544;-0.13794;3
GYRO;14.183;5533.997;0.00014;0.00041;-0.00151;0
MAGN;14.188;5534.003;-12.56250;49.63125;-35.73750;0
GYRO;14.188;5534.005;0.00000;0.00082;-0.00137;0
ACCE;14.197;5534.012;-0.24195;-0.63795;10.03200;0
MAGN;14.198;5534.013;-12.58125;49.63125;-35.75625;0
AHRS;14.212;5534.020;-3.8480;1.2520;-15.8252;-0.03175;0.01544;-0.13794;3
GYRO;14.212;5534.020;0.00027;0.00110;-0.00192;0
MAGN;14.212;5534.022;-12.56250;49.63125;-35.73750;0
ACCE;14.213;5534.028;-0.22305;-0.61905;9.97500;0
GYRO;14.213;5534.028;0.00000;0.00151;-0.00220;0
GNSS;14.213;1745934480.000;24.926187;121.252918;193.800;288.010;4.4;0.0;48;9
GNSS;14.215;1745934480.000;24.926187;121.252918;193.800;288.010;4.4;0.0;48;9
MAGN;14.219;5534.033;-12.56250;49.65000;-35.71875;0
AHRS;14.220;5534.036;-3.8480;1.2520;-15.8252;-0.03175;0.01544;-0.13794;3
GYRO;14.226;5534.036;-0.00027;0.00124;-0.00220;0
GNSS;14.227;1745934479.132;24.926187;121.252919;194.900;0.000;4.4;0.0;48;9
MAGN;14.228;5534.043;-12.56250;49.65000;-35.71875;0
ACCE;14.229;5534.044;-0.18495;-0.63795;9.82200;0
GYRO;14.229;5534.044;-0.00110;0.00096;-0.00192;0
AHRS;14.237;5534.052;-3.8480;1.2520;-15.8252;-0.03175;0.01544;-0.13794;3
GYRO;14.237;5534.052;-0.00137;0.00082;-0.00165;0
MAGN;14.237;5534.053;-12.54375;49.63125;-35.71875;0
ACCE;14.245;5534.060;-0.12795;-0.60000;9.84105;0
GYRO;14.246;5534.060;-0.00069;0.00041;-0.00069;0
MAGN;14.248;5534.063;-12.54375;49.61250;-35.71875;0
AHRS;14.252;5534.068;-3.8480;1.2520;-15.8252;-0.03175;0.01544;-0.13794;3
GYRO;14.253;5534.068;-0.00055;-0.00000;0.00041;0
MAGN;14.258;5534.073;-12.54375;49.61250;-35.68125;0
ACCE;14.259;5534.075;-0.18495;-0.61905;9.89805;0
GYRO;14.269;5534.083;-0.00014;-0.00069;0.00165;0
MAGN;14.270;5534.083;-12.54375;49.59375;-35.66250;0
LIGH;14.274;5534.090;40.2;3
ACCE;14.274;5534.090;-0.18495;-0.61905;9.91695;0
MAGN;14.279;5534.093;-12.56250;49.61250;-35.70000;0
AHRS;14.283;5534.099;-3.8480;1.2520;-15.8252;-0.03175;0.01544;-0.13794;3
GYRO;14.285;5534.099;0.00014;-0.00082;0.00192;0
MAGN;14.288;5534.103;-12.58125;49.61250;-35.73750;0
ACCE;14.291;5534.107;-0.20400;-0.60000;9.91695;0
GYRO;14.293;5534.107;0.00041;-0.00096;0.00206;0
MAGN;14.299;5534.113;-12.61875;49.59375;-35.73750;0
AHRS;14.300;5534.115;-3.8480;1.2520;-15.8252;-0.03175;0.01544;-0.13794;3
GYRO;14.301;5534.115;0.00069;-0.00151;0.00261;0
ACCE;14.307;5534.123;-0.20400;-0.60000;9.87900;0
GYRO;14.309;5534.123;0.00151;-0.00206;0.00247;0
MAGN;14.309;5534.123;-12.61875;49.59375;-35.68125;0
AHRS;14.315;5534.131;-3.8480;1.2520;-15.8252;-0.03175;0.01544;-0.13794;3
GYRO;14.317;5534.131;0.00234;-0.00261;0.00261;0
MAGN;14.318;5534.133;-12.60000;49.59375;-35.66250;0
ACCE;14.323;5534.138;-0.18495;-0.61905;9.91695;0
GYRO;14.324;5534.138;0.00316;-0.00289;0.00344;0
MAGN;14.328;5534.143;-12.60000;49.59375;-35.62500;0
AHRS;14.330;5534.146;-3.8480;1.2520;-15.8252;-0.03175;0.01544;-0.13794;3
GYRO;14.332;5534.146;0.00330;-0.00344;0.00399;0
MAGN;14.338;5534.153;-12.61875;49.59375;-35.62500;0
ACCE;14.339;5534.154;-0.18495;-0.65700;9.89805;0
GYRO;14.340;5534.154;0.00247;-0.00357;0.00275;0
AHRS;14.347;5534.162;-3.8480;1.2520;-15.8252;-0.03175;0.01544;-0.13794;3
GYRO;14.348;5534.162;0.00234;-0.00330;0.00179;0
MAGN;14.349;5534.163;-12.61875;49.59375;-35.62500;0
ACCE;14.354;5534.170;-0.16605;-0.65700;9.95595;0
GYRO;14.356;5534.170;0.00206;-0.00330;0.00124;0
MAGN;14.356;5534.172;-12.58125;49.59375;-35.62500;0
AHRS;14.362;5534.178;-3.8480;1.2520;-15.8252;-0.03175;0.01544;-0.13794;3
GYRO;14.363;5534.178;0.00206;-0.00289;0.00069;0
MAGN;14.368;5534.183;-12.58125;49.59375;-35.60625;0
ACCE;14.370;5534.185;-0.20400;-0.61905;9.91695;0
SOUN;14.377;4.80;0.00015;17.29
GYRO;14.381;5534.193;0.00192;-0.00261;0.00082;0
MAGN;14.381;5534.193;-12.56250;49.59375;-35.60625;0
ACCE;14.387;5534.201;-0.18495;-0.63795;9.78300;0
AHRS;14.388;5534.201;-3.8480;1.2520;-15.8252;-0.03175;0.01544;-0.13794;3
GYRO;14.389;5534.201;0.00110;-0.00179;0.00069;0
MAGN;14.393;5534.203;-12.54375;49.61250;-35.58750;0
GYRO;14.393;5534.209;0.00055;-0.00110;0.00069;0
MAGN;14.398;5534.213;-12.54375;49.63125;-35.58750;0
ACCE;14.402;5534.217;-0.22305;-0.65700;9.78300;0
AHRS;14.402;5534.217;-3.8480;1.2520;-15.8252;-0.03175;0.01544;-0.13794;3
GYRO;14.405;5534.217;-0.00041;-0.00014;0.00027;0
MAGN;14.408;5534.223;-12.54375;49.61250;-35.60625;0
ACCE;14.418;5534.233;-0.20400;-0.63795;9.87900;0
GYRO;14.418;5534.233;-0.00137;0.00027;-0.00082;0
MAGN;14.418;5534.233;-12.56250;49.59375;-35.60625;0
AHRS;14.425;5534.241;-3.8480;1.2520;-15.8252;-0.03175;0.01544;-0.13794;3
GYRO;14.427;5534.241;-0.00179;0.00069;-0.00192;0
MAGN;14.427;5534.243;-12.56250;49.59375;-35.58750;0
LIGH;14.434;5534.249;40.9;3
ACCE;14.435;5534.249;-0.20400;-0.61905;9.91695;0
GYRO;14.436;5534.249;-0.00165;0.00151;-0.00220;0
MAGN;14.440;5534.253;-12.56250;49.59375;-35.53125;0
AHRS;14.441;5534.257;-3.8480;1.2520;-15.8252;-0.03175;0.01544;-0.13794;3
GYRO;14.442;5534.257;-0.00192;0.00165;-0.00261;0
MAGN;14.448;5534.263;-12.58125;49.61250;-35.53125;0
ACCE;14.449;5534.264;-0.20400;-0.65700;9.95595;0
GYRO;14.449;5534.264;-0.00192;0.00206;-0.00302;0
AHRS;14.457;5534.272;-3.8480;1.2520;-15.8252;-0.03175;0.01544;-0.13794;3
GYRO;14.458;5534.272;-0.00192;0.00192;-0.00234;0
MAGN;14.459;5534.273;-12.56250;49.61250;-35.55000;0
ACCE;14.465;5534.280;-0.16605;-0.65700;9.93600;0
GYRO;14.465;5534.280;-0.00220;0.00165;-0.00165;0
MAGN;14.466;5534.282;-12.56250;49.59375;-35.53125;0
AHRS;14.472;5534.288;-3.8480;1.2520;-15.8252;-0.03175;0.01544;-0.13794;3
GYRO;14.473;5534.288;-0.00179;0.00096;-0.00096;0
MAGN;14.478;5534.293;-12.56250;49.57500;-35.51250;0
ACCE;14.481;5534.296;-0.14700;-0.63795;9.97500;0
GYRO;14.481;5534.296;-0.00192;0.00000;0.00000;0
MAGN;14.489;5534.303;-12.58125;49.57500;-35.49375;0
AHRS;14.489;5534.304;-3.8480;1.2520;-15.8252;-0.03175;0.01544;-0.13794;3
GYRO;14.490;5534.304;-0.00124;-0.00027;-0.00027;0
ACCE;14.496;5534.312;-0.16605;-0.61905;9.95595;0
MAGN;14.498;5534.313;-12.56250;49.57500;-35.47500;0
GYRO;14.506;5534.320;-0.00082;-0.00055;0.00014;0
MAGN;14.508;5534.323;-12.56250;49.57500;-35.45625;0
ACCE;14.512;5534.327;-0.18495;-0.63795;9.87900;0
AHRS;14.513;5534.327;-3.8480;1.2520;-15.8252;-0.03175;0.01544;-0.13794;3
GYRO;14.514;5534.327;-0.00069;-0.00055;0.00110;0
MAGN;14.518;5534.333;-12.56250;49.57500;-35.45625;0
ACCE;14.528;5534.343;-0.18495;-0.63795;9.85995;0
GYRO;14.529;5534.343;-0.00055;-0.00096;0.00165;0
MAGN;14.531;5534.343;-12.58125;49.59375;-35.43750;0
AHRS;14.535;5534.351;-3.8480;1.2520;-15.8252;-0.03175;0.01544;-0.13794;3
GYRO;14.537;5534.351;-0.00027;-0.00124;0.00234;0
MAGN;14.538;5534.353;-12.61875;49.61250;-35.40000;0
ACCE;14.544;5534.359;-0.18495;-0.67605;9.87900;0
GYRO;14.545;5534.359;-0.00014;-0.00179;0.00289;0
MAGN;14.548;5534.363;-12.61875;49.61250;-35.38125;0
AHRS;14.551;5534.367;-3.8480;1.2520;-15.8252;-0.03175;0.01544;-0.13794;3
GYRO;14.552;5534.367;0.00014;-0.00192;0.00275;0
MAGN;14.559;5534.373;-12.61875;49.61250;-35.43750;0
ACCE;14.560;5534.374;-0.22305;-0.65700;9.89805;0
GYRO;14.561;5534.374;-0.00014;-0.00151;0.00137;0
AHRS;14.568;5534.383;-3.8480;1.2520;-15.8252;-0.03175;0.01544;-0.13794;3
GYRO;14.569;5534.383;-0.00027;-0.00124;0.00082;0
MAGN;14.571;5534.383;-12.61875;49.61250;-35.45625;0
ACCE;14.575;5534.390;-0.18495;-0.61905;9.89805;0
GYRO;14.576;5534.390;0.00000;-0.00082;0.00000;0
MAGN;14.577;5534.393;-12.60000;49.61250;-35.43750;0
AHRS;14.583;5534.398;-3.8480;1.2520;-15.8252;-0.03175;0.01544;-0.13794;3
GYRO;14.585;5534.398;0.00000;-0.00096;0.00014;0
MAGN;14.590;5534.403;-12.58125;49.63125;-35.38125;0
ACCE;14.592;5534.406;-0.18495;-0.61905;9.95595;0
GYRO;14.592;5534.406;-0.00014;-0.00082;0.00055;0
LIGH;14.594;5534.410;40.9;3
MAGN;14.598;5534.413;-12.56250;49.66875;-35.40000;0
AHRS;14.599;5534.414;-3.8480;1.2520;-15.8252;-0.03175;0.01544;-0.13794;3
GYRO;14.600;5534.414;0.00027;-0.00069;0.00110;0
ACCE;14.609;5534.422;-0.22305;-0.65700;9.93600;0
GYRO;14.611;5534.422;0.00014;-0.00027;0.00096;0
MAGN;14.612;5534.423;-12.56250;49.66875;-35.41875;0
AHRS;14.614;5534.430;-3.8480;1.2520;-15.8252;-0.03175;0.01544;-0.13794;3
GYRO;14.615;5534.430;0.00027;0.00055;0.00124;0
MAGN;14.619;5534.433;-12.58125;49.66875;-35.43750;0
ACCE;14.622;5534.438;-0.22305;-0.65700;9.91695;0
GYRO;14.623;5534.438;0.00000;0.00151;0.00041;0
MAGN;14.628;5534.443;-12.56250;49.68750;-35.47500;0
ACCE;14.638;5534.453;-0.18495;-0.65700;9.91695;0
AHRS;14.643;5534.453;-3.8480;1.2520;-15.8252;-0.03175;0.01544;-0.13794;3
GYRO;14.644;5534.453;-0.00014;0.00179;0.00027;0
MAGN;14.645;5534.453;-12.56250;49.68750;-35.49375;0
GYRO;14.646;5534.461;-0.00000;0.00165;0.00082;0
MAGN;14.647;5534.463;-12.54375;49.70625;-35.51250;0
ACCE;14.655;5534.469;-0.20400;-0.63795;9.89805;0
AHRS;14.655;5534.469;-3.8480;1.2520;-15.8252;-0.03175;0.01544;-0.13794;3
GYRO;14.656;5534.469;0.00014;0.00179;0.00110;0
MAGN;14.656;5534.473;-12.54375;49.70625;-35.53125;0
GYRO;14.661;5534.477;0.00000;0.00192;0.00082;0
MAGN;14.668;5534.483;-12.54375;49.68750;-35.51250;0
ACCE;14.671;5534.485;-0.12795;-0.65700;9.89805;0
AHRS;14.679;5534.493;-3.8480;1.2520;-15.8252;-0.03175;0.01544;-0.13794;3
GYRO;14.680;5534.493;-0.00014;0.00192;0.00151;0
MAGN;14.681;5534.493;-12.54375;49.66875;-35.51250;0
ACCE;14.685;5534.501;-0.14700;-0.63795;9.84105;0
GYRO;14.686;5534.501;-0.00027;0.00151;0.00110;0
MAGN;14.686;5534.503;-12.54375;49.65000;-35.51250;0
AHRS;14.693;5534.509;-3.8480;1.2520;-15.8252;-0.03175;0.01544;-0.13794;3
GYRO;14.694;5534.509;-0.00027;0.00069;0.00055;0
MAGN;14.699;5534.513;-12.56250;49.63125;-35.51250;0
ACCE;14.701;5534.517;-0.14700;-0.63795;9.87900;0
GYRO;14.702;5534.517;-0.00027;-0.00041;0.00082;0
MAGN;14.715;5534.523;-12.56250;49.63125;-35.51250;0
AHRS;14.716;5534.524;-3.8480;1.2520;-15.8252;-0.03175;0.01544;-0.13794;3
GYRO;14.716;5534.524;-0.00041;-0.00137;0.00110;0
WIFI;14.717;5488.545;All money go my home;c2:25:2f:7c:70:23;-82
WIFI;14.717;5488.545;All money go my home;c2:25:2f:2c:70:22;-89
WIFI;14.717;5488.545;Fang;dc:62:79:cb:0e:9b;-77
WIFI;14.717;5488.545;CHENS-7011;b8:55:10:cc:48:30;-65
WIFI;14.717;5488.545;;c0:25:2f:ac:70:23;-82
WIFI;14.717;5488.545;Tenda_8CC950_5G;d8:32:14:8c:c9:55;-90
WIFI;14.717;5488.545;98-14;d8:07:b6:32:4f:72;-94
WIFI;14.717;5488.545;98-14;d8:07:b6:32:4f:73;-92
WIFI;14.717;5488.545;Fang-3F_5G;cc:d8:43:b7:7d:43;-48
WIFI;14.717;5488.545;笨笨龍;04:09:86:27:19:3a;-81
WIFI;14.717;5488.545;98-14;d8:07:b6:32:4f:32;-92
WIFI;14.717;5488.545;;ce:d8:43:c7:7d:42;-48
ACCE;14.741;5534.532;-0.16605;-0.63795;9.91695;0
GYRO;14.741;5534.532;-0.00027;-0.00206;0.00151;0
MAGN;14.742;5534.533;-12.54375;49.65000;-35.51250;0
AHRS;14.742;5534.540;-3.8480;1.2520;-15.8252;-0.03175;0.01544;-0.13794;3
GYRO;14.742;5534.540;-0.00027;-0.00247;0.00124;0
MAGN;14.742;5534.542;-12.54375;49.65000;-35.51250;0
ACCE;14.743;5534.548;-0.14700;-0.63795;9.95595;0
GYRO;14.743;5534.548;-0.00000;-0.00289;0.00151;0
MAGN;14.743;5534.553;-12.54375;49.63125;-35.53125;0
AHRS;14.743;5534.556;-3.8480;1.2521;-15.8252;-0.03175;0.01544;-0.13794;3
GYRO;14.744;5534.556;0.00014;-0.00371;0.00137;0
MAGN;14.748;5534.563;-12.56250;49.63125;-35.55000;0
ACCE;14.749;5534.564;-0.16605;-0.63795;9.91695;0
GYRO;14.749;5534.564;-0.00014;-0.00412;0.00110;0
LIGH;14.754;5534.570;40.9;3
AHRS;14.757;5534.572;-3.8480;1.2521;-15.8252;-0.03175;0.01544;-0.13794;3
GYRO;14.758;5534.572;-0.00027;-0.00426;-0.00000;0
MAGN;14.758;5534.573;-12.58125;49.63125;-35.53125;0
ACCE;14.764;5534.580;-0.18495;-0.63795;9.82200;0
GYRO;14.765;5534.580;-0.00014;-0.00385;-0.00096;0
MAGN;14.768;5534.583;-12.58125;49.65000;-35.56875;0
AHRS;14.772;5534.587;-3.8480;1.2521;-15.8252;-0.03175;0.01544;-0.13794;3
GYRO;14.773;5534.587;-0.00014;-0.00275;-0.00179;0
MAGN;14.778;5534.593;-12.60000;49.66875;-35.58750;0
ACCE;14.780;5534.595;-0.22305;-0.61905;9.82200;0
GYRO;14.788;5534.603;-0.00027;-0.00220;-0.00234;0
MAGN;14.788;5534.603;-12.61875;49.66875;-35.60625;0
ACCE;14.796;5534.611;-0.16605;-0.67605;9.85995;0
AHRS;14.796;5534.611;-3.8480;1.2521;-15.8252;-0.03175;0.01544;-0.13794;3
GYRO;14.797;5534.611;-0.00069;-0.00206;-0.00344;0
MAGN;14.797;5534.613;-12.61875;49.63125;-35.62500;0
GYRO;14.803;5534.619;-0.00096;-0.00151;-0.00385;0
MAGN;14.808;5534.623;-12.61875;49.61250;-35.64375;0
ACCE;14.811;5534.627;-0.16605;-0.67605;9.91695;0
AHRS;14.812;5534.627;-3.8480;1.2521;-15.8252;-0.03175;0.01544;-0.13794;3
GYRO;14.813;5534.627;-0.00110;-0.00096;-0.00426;0
MAGN;14.819;5534.633;-12.61875;49.61250;-35.70000;0
GYRO;14.819;5534.634;-0.00124;-0.00027;-0.00564;0
ACCE;14.828;5534.643;-0.18495;-0.65700;9.89805;0
AHRS;14.828;5534.643;-3.8480;1.2521;-15.8252;-0.03175;0.01544;-0.13794;3
GYRO;14.828;5534.643;-0.00151;0.00082;-0.00674;0
MAGN;14.829;5534.643;-12.61875;49.59375;-35.75625;0
GYRO;14.835;5534.650;-0.00165;0.00137;-0.00619;0
MAGN;14.838;5534.653;-12.60000;49.57500;-35.81250;0
ACCE;14.843;5534.658;-0.14700;-0.67605;9.87900;0
AHRS;14.844;5534.658;-3.8480;1.2521;-15.8252;-0.03175;0.01544;-0.13794;3
GYRO;14.845;5534.658;-0.00192;0.00151;-0.00591;0
MAGN;14.848;5534.663;-12.61875;49.59375;-35.81250;0
GYRO;14.851;5534.666;-0.00247;0.00179;-0.00564;0
MAGN;14.858;5534.673;-12.61875;49.61250;-35.81250;0
ACCE;14.859;5534.674;-0.16605;-0.67605;9.87900;0
AHRS;14.859;5534.674;-3.8480;1.2521;-15.8252;-0.03175;0.01544;-0.13794;3
GYRO;14.860;5534.674;-0.00289;0.00179;-0.00536;0
GYRO;14.867;5534.682;-0.00302;0.00220;-0.00522;0
MAGN;14.867;5534.683;-12.63750;49.61250;-35.83125;0
ACCE;14.874;5534.690;-0.22305;-0.65700;9.89805;0
AHRS;14.875;5534.690;-3.8480;1.2521;-15.8252;-0.03175;0.01544;-0.13794;3
GYRO;14.876;5534.690;-0.00275;0.00275;-0.00454;0
MAGN;14.876;5534.693;-12.63750;49.61250;-35.86875;0
SOUN;14.878;5.33;0.00016;18.20
GYRO;14.883;5534.698;-0.00220;0.00289;-0.00412;0
MAGN;14.889;5534.703;-12.63750;49.59375;-35.88750;0
ACCE;14.889;5534.705;-0.20400;-0.63795;9.78300;0
AHRS;14.898;5534.713;-3.8480;1.2520;-15.8252;-0.03175;0.01544;-0.13794;3
GYRO;14.899;5534.713;-0.00179;0.00275;-0.00344;0
MAGN;14.900;5534.713;-12.65625;49.57500;-35.88750;0
ACCE;14.906;5534.721;-0.22305;-0.61905;9.76395;0
GYRO;14.907;5534.721;-0.00151;0.00234;-0.00316;0
MAGN;14.909;5534.723;-12.67500;49.55625;-35.90625;0
LIGH;14.914;5534.730;40.9;3
AHRS;14.915;5534.730;-3.8480;1.2520;-15.8252;-0.03175;0.01544;-0.13794;3
GYRO;14.916;5534.730;-0.00110;0.00261;-0.00261;0
MAGN;14.916;5534.732;-12.67500;49.55625;-35.88750;0
ACCE;14.921;5534.737;-0.26205;-0.67605;9.87900;0
MAGN;14.928;5534.743;-12.67500;49.55625;-35.88750;0
GYRO;14.931;5534.744;-0.00096;0.00289;-0.00234;0
ACCE;14.938;5534.753;-0.22305;-0.67605;10.01295;0
AHRS;14.938;5534.753;-3.8480;1.2520;-15.8252;-0.03175;0.01544;-0.13794;3
GYRO;14.940;5534.753;-0.00041;0.00330;-0.00137;0
MAGN;14.941;5534.753;-12.67500;49.53750;-35.86875;0
GYRO;14.945;5534.761;-0.00000;0.00330;-0.00041;0
MAGN;14.948;5534.763;-12.69375;49.53750;-35.83125;0
ACCE;14.954;5534.769;-0.22305;-0.65700;10.03200;0
AHRS;14.955;5534.769;-3.8480;1.2520;-15.8252;-0.03175;0.01544;-0.13794;3
GYRO;14.955;5534.769;0.00041;0.00357;-0.00027;0
MAGN;14.958;5534.773;-12.69375;49.57500;-35.79375;0
GYRO;14.961;5534.776;0.00082;0.00330;-0.00000;0
MAGN;14.968;5534.783;-12.69375;49.59375;-35.81250;0
ACCE;14.969;5534.784;-0.18495;-0.65700;10.03200;0
AHRS;14.969;5534.784;-3.8480;1.2520;-15.8252;-0.03175;0.01544;-0.13794;3
GYRO;14.970;5534.784;0.00110;0.00289;0.00069;0
GYRO;14.977;5534.792;0.00124;0.00261;0.00082;0
MAGN;14.978;5534.793;-12.71250;49.63125;-35.81250;0
ACCE;14.985;5534.800;-0.12795;-0.65700;9.93600;0
AHRS;14.987;5534.800;-3.8480;1.2520;-15.8252;-0.03175;0.01544;-0.13794;3
GYRO;14.988;5534.800;0.00137;0.00206;0.00124;0
MAGN;14.988;5534.803;-12.71250;49.63125;-35.77500;0
GYRO;14.992;5534.808;0.00151;0.00165;0.00247;0
MAGN;14.998;5534.813;-12.71250;49.66875;-35.77500;0
ACCE;15.001;5534.816;-0.12795;-0.61905;9.82200;0
AHRS;15.002;5534.816;-3.8480;1.2520;-15.8252;-0.03175;0.01544;-0.13794;3
GYRO;15.002;5534.816;0.00165;0.00041;0.00426;0
MAGN;15.008;5534.823;-12.69375;49.70625;-35.75625;0
ACCE;15.017;5534.832;-0.12795;-0.61905;9.76395;0
GYRO;15.018;5534.832;0.00165;-0.00041;0.00454;0
MAGN;15.019;5534.833;-12.71250;49.70625;-35.73750;0
AHRS;15.023;5534.840;-3.8480;1.2520;-15.8252;-0.03175;0.01544;-0.13794;3
GYRO;15.024;5534.840;0.00165;-0.00137;0.00454;0
MAGN;15.028;5534.843;-12.69375;49.72500;-35.70000;0
ACCE;15.032;5534.847;-0.14700;-0.61905;9.84105;0
GYRO;15.033;5534.847;0.00165;-0.00206;0.00495;0
MAGN;15.038;5534.853;-12.67500;49.72500;-35.70000;0
ACCE;15.048;5534.863;-0.16605;-0.67605;9.89805;0
AHRS;15.049;5534.863;-3.8480;1.2521;-15.8252;-0.03175;0.01544;-0.13794;3
GYRO;15.050;5534.863;0.00137;-0.00289;0.00550;0
MAGN;15.051;5534.863;-12.65625;49.74375;-35.68125;0
GYRO;15.055;5534.871;0.00096;-0.00440;0.00605;0
MAGN;15.058;5534.873;-12.65625;49.74375;-35.68125;0
ACCE;15.063;5534.879;-0.16605;-0.69495;9.93600;0
AHRS;15.064;5534.879;-3.8480;1.2521;-15.8252;-0.03175;0.01544;-0.13794;3
GYRO;15.065;5534.879;0.00069;-0.00509;0.00605;0
GYRO;15.073;5534.887;0.00027;-0.00564;0.00591;0
LIGH;15.074;5534.889;40.9;3
MAGN;15.079;5534.883;-12.63750;49.72500;-35.71875;0
MAGN;15.080;5534.893;-12.63750;49.74375;-35.73750;0
ACCE;15.081;5534.895;-0.18495;-0.69495;9.99405;0
AHRS;15.081;5534.895;-3.8480;1.2521;-15.8252;-0.03175;0.01544;-0.13794;3
GYRO;15.083;5534.895;-0.00000;-0.00522;0.00646;0
MAGN;15.087;5534.903;-12.60000;49.76250;-35.71875;0
ACCE;15.095;5534.910;-0.20400;-0.69495;9.95595;0
GYRO;15.096;5534.910;-0.00055;-0.00509;0.00646;0
MAGN;15.098;5534.913;-12.58125;49.76250;-35.73750;0
AHRS;15.104;5534.918;-3.8480;1.2521;-15.8252;-0.03175;0.01544;-0.13794;3
GYRO;15.105;5534.918;-0.00124;-0.00440;0.00564;0
MAGN;15.108;5534.923;-12.58125;49.76250;-35.71875;0
ACCE;15.110;5534.926;-0.26205;-0.65700;9.91695;0
GYRO;15.112;5534.926;-0.00137;-0.00316;0.00454;0
MAGN;15.119;5534.933;-12.58125;49.76250;-35.68125;0
AHRS;15.119;5534.934;-3.8480;1.2520;-15.8252;-0.03175;0.01544;-0.13794;3
GYRO;15.120;5534.934;-0.00165;-0.00179;0.00330;0
ACCE;15.127;5534.942;-0.20400;-0.67605;9.84105;0
GYRO;15.127;5534.942;-0.00192;-0.00069;0.00165;0
MAGN;15.129;5534.943;-12.58125;49.78125;-35.64375;0
AHRS;15.134;5534.950;-3.8480;1.2520;-15.8252;-0.03175;0.01544;-0.13794;3
GYRO;15.135;5534.950;-0.00247;0.00027;0.00082;0
MAGN;15.138;5534.953;-12.58125;49.78125;-35.60625;0
ACCE;15.142;5534.958;-0.20400;-0.69495;9.74505;0
GYRO;15.144;5534.958;-0.00275;0.00234;-0.00082;0
MAGN;15.148;5534.963;-12.58125;49.78125;-35.62500;0
ACCE;15.158;5534.973;-0.22305;-0.63795;9.76395;0
AHRS;15.158;5534.973;-3.8480;1.2520;-15.8252;-0.03175;0.01544;-0.13794;3
GYRO;15.160;5534.973;-0.00275;0.00357;-0.00192;0
MAGN;15.161;5534.973;-12.60000;49.78125;-35.62500;0
GYRO;15.166;5534.981;-0.00261;0.00440;-0.00275;0
MAGN;15.167;5534.983;-12.61875;49.80000;-35.60625;0
ACCE;15.173;5534.989;-0.20400;-0.61905;9.89805;0
AHRS;15.174;5534.989;-3.8480;1.2520;-15.8252;-0.03175;0.01544;-0.13794;3
GYRO;15.176;5534.989;-0.00247;0.00509;-0.00412;0
MAGN;15.176;5534.992;-12.61875;49.80000;-35.56875;0
GYRO;15.181;5534.997;-0.00179;0.00536;-0.00481;0
MAGN;15.188;5535.003;-12.61875;49.81875;-35.55000;0
ACCE;15.191;5535.004;-0.16605;-0.65700;9.95595;0
AHRS;15.198;5535.013;-3.8480;1.2520;-15.8252;-0.03175;0.01544;-0.13794;3
GYRO;15.200;5535.013;-0.00165;0.00536;-0.00577;0
MAGN;15.205;5535.013;-12.61875;49.81875;-35.55000;0
ACCE;15.206;5535.021;-0.16605;-0.73395;9.89805;0
GYRO;15.206;5535.021;-0.00192;0.00467;-0.00577;0
MAGN;15.208;5535.023;-12.60000;49.81875;-35.55000;0
AHRS;15.228;5535.029;-3.8480;1.2520;-15.8252;-0.03175;0.01544;-0.13794;3
GYRO;15.229;5535.029;-0.00192;0.00357;-0.00481;0
MAGN;15.229;5535.033;-12.58125;49.81875;-35.58750;0
ACCE;15.229;5535.036;-0.14700;-0.69495;9.87900;0
GYRO;15.230;5535.036;-0.00179;0.00261;-0.00385;0
MAGN;15.230;5535.043;-12.58125;49.81875;-35.60625;0
AHRS;15.230;5535.044;-3.8480;1.2520;-15.8252;-0.03175;0.01544;-0.13794;3
GYRO;15.231;5535.044;-0.00110;0.00151;-0.00330;0
GNSS;15.231;1745934481.000;24.926187;121.252913;194.000;288.010;4.4;0.0;48;9
LIGH;15.234;5535.050;40.9;3
GNSS;15.234;1745934481.000;24.926187;121.252913;194.000;288.010;4.4;0.0;48;9
GNSS;15.235;1745934480.132;24.926187;121.252914;194.900;0.000;4.4;0.0;48;9
ACCE;15.239;5535.052;-0.14700;-0.69495;9.87900;0
GYRO;15.239;5535.052;-0.00069;0.00014;-0.00151;0
MAGN;15.239;5535.053;-12.58125;49.81875;-35.56875;0
AHRS;15.244;5535.060;-3.8480;1.2520;-15.8252;-0.03175;0.01544;-0.13794;3
GYRO;15.245;5535.060;-0.00096;-0.00110;-0.00069;0
MAGN;15.246;5535.062;-12.58125;49.81875;-35.58750;0
ACCE;15.252;5535.068;-0.16605;-0.71505;9.87900;0
GYRO;15.253;5535.068;-0.00110;-0.00234;0.00041;0
MAGN;15.259;5535.073;-12.58125;49.78125;-35.58750;0
AHRS;15.260;5535.076;-3.8480;1.2520;-15.8252;-0.03175;0.01544;-0.13794;3
GYRO;15.262;5535.076;-0.00137;-0.00316;0.00069;0
ACCE;15.267;5535.083;-0.16605;-0.71505;9.89805;0
MAGN;15.268;5535.083;-12.58125;49.76250;-35.56875;0
GYRO;15.276;5535.092;-0.00165;-0.00357;0.00055;0
MAGN;15.277;5535.093;-12.58125;49.74375;-35.58750;0
ACCE;15.284;5535.099;-0.16605;-0.71505;9.91695;0
AHRS;15.285;5535.099;-3.8480;1.2520;-15.8252;-0.03175;0.01544;-0.13794;3
GYRO;15.286;5535.099;-0.00165;-0.00399;0.00096;0
MAGN;15.286;5535.102;-12.56250;49.72500;-35.58750;0
GYRO;15.292;5535.107;-0.00192;-0.00440;0.00165;0
MAGN;15.298;5535.113;-12.58125;49.70625;-35.58750;0
ACCE;15.299;5535.114;-0.16605;-0.71505;9.91695;0
AHRS;15.308;5535.123;-3.8480;1.2520;-15.8252;-0.03175;0.01544;-0.13794;3
GYRO;15.309;5535.123;-0.00206;-0.00426;0.00151;0
MAGN;15.311;5535.123;-12.58125;49.68750;-35.53125;0
ACCE;15.315;5535.131;-0.18495;-0.73395;9.93600;0
GYRO;15.317;5535.131;-0.00302;-0.00412;0.00179;0
MAGN;15.317;5535.133;-12.56250;49.70625;-35.51250;0
AHRS;15.323;5535.139;-3.8480;1.2520;-15.8252;-0.03175;0.01544;-0.13794;3
GYRO;15.324;5535.139;-0.00371;-0.00399;0.00151;0
MAGN;15.329;5535.143;-12.56250;49.70625;-35.53125;0
ACCE;15.331;5535.147;-0.20400;-0.75300;9.91695;0
GYRO;15.332;5535.147;-0.00399;-0.00275;0.00055;0
MAGN;15.341;5535.153;-12.58125;49.70625;-35.51250;0
AHRS;15.342;5535.155;-3.8480;1.2520;-15.8252;-0.03175;0.01544;-0.13794;3
GYRO;15.343;5535.155;-0.00426;-0.00151;0.00041;0
ACCE;15.347;5535.163;-0.01305;-0.65700;9.84105;0
GYRO;15.348;5535.163;-0.00344;-0.00206;0.00151;0
MAGN;15.352;5535.163;-12.56250;49.68750;-35.49375;0
AHRS;15.359;5535.170;-3.8480;1.2520;-15.8252;-0.03175;0.01544;-0.13794;3
GYRO;15.359;5535.170;-0.00385;-0.00206;0.00247;0
MAGN;15.360;5535.173;-12.56250;49.70625;-35.47500;0
ACCE;15.363;5535.178;-0.18495;-0.77205;9.91695;0
GYRO;15.364;5535.178;-0.00454;-0.00165;0.00302;0
MAGN;15.368;5535.183;-12.56250;49.70625;-35.41875;0
AHRS;15.371;5535.186;-3.8480;1.2520;-15.8252;-0.03175;0.01544;-0.13794;3
GYRO;15.372;5535.186;-0.00467;-0.00179;0.00357;0
MAGN;15.378;5535.193;-12.58125;49.70625;-35.38125;0
ACCE;15.379;5535.194;-0.12795;-0.73395;9.80205;0
GYRO;15.379;5535.194;-0.00440;-0.00165;0.00357;0
SOUN;15.380;10.18;0.00031;23.83
AHRS;15.387;5535.202;-3.8480;1.2520;-15.8252;-0.03175;0.01544;-0.13794;3
GYRO;15.387;5535.202;-0.00454;-0.00151;0.00344;0
MAGN;15.389;5535.203;-12.60000;49.72500;-35.38125;0
LIGH;15.395;5535.210;40.9;3
ACCE;15.396;5535.210;-0.16605;-0.79095;9.91695;0
GYRO;15.398;5535.210;-0.00440;-0.00124;0.00247;0
MAGN;15.398;5535.212;-12.61875;49.74375;-35.38125;0
AHRS;15.402;5535.218;-3.8480;1.2520;-15.8252;-0.03175;0.01544;-0.13794;3
GYRO;15.403;5535.218;-0.00412;-0.00124;0.00220;0
MAGN;15.408;5535.223;-12.61875;49.76250;-35.34375;0
ACCE;15.409;5535.225;-0.16605;-0.75300;9.87900;0
GYRO;15.418;5535.233;-0.00371;-0.00165;0.00192;0
MAGN;15.419;5535.233;-12.61875;49.78125;-35.32500;0
ACCE;15.426;5535.241;-0.18495;-0.75300;9.87900;0
AHRS;15.426;5535.241;-3.8480;1.2520;-15.8252;-0.03175;0.01544;-0.13794;3
GYRO;15.427;5535.241;-0.00357;-0.00220;0.00192;0
MAGN;15.428;5535.243;-12.63750;49.81875;-35.30625;0
GYRO;15.434;5535.250;-0.00399;-0.00110;0.00082;0
MAGN;15.438;5535.253;-12.63750;49.83750;-35.28750;0
ACCE;15.441;5535.257;-0.12795;-0.75300;9.95595;0
MAGN;15.449;5535.263;-12.63750;49.85625;-35.28750;0
AHRS;15.451;5535.264;-3.8480;1.2521;-15.8252;-0.03175;0.01544;-0.13794;3
GYRO;15.453;5535.264;-0.00385;-0.00082;-0.00000;0
ACCE;15.457;5535.273;-0.16605;-0.81000;9.99405;0
GYRO;15.458;5535.273;-0.00371;-0.00096;-0.00082;0
MAGN;15.458;5535.273;-12.63750;49.85625;-35.26875;0
AHRS;15.465;5535.281;-3.8480;1.2521;-15.8252;-0.03175;0.01544;-0.13794;3
GYRO;15.470;5535.281;-0.00399;-0.00110;-0.00151;0
MAGN;15.470;5535.283;-12.61875;49.83750;-35.23125;0
ACCE;15.473;5535.289;-0.16605;-0.81000;9.93600;0
GYRO;15.474;5535.289;-0.00371;-0.00137;-0.00110;0
MAGN;15.478;5535.293;-12.61875;49.85625;-35.28750;0
AHRS;15.481;5535.296;-3.8480;1.2521;-15.8252;-0.03175;0.01544;-0.13794;3
GYRO;15.482;5535.296;-0.00440;0.00000;-0.00234;0
MAGN;15.488;5535.303;-12.63750;49.85625;-35.26875;0
ACCE;15.489;5535.304;-0.18495;-0.77205;9.87900;0
GYRO;15.489;5535.304;-0.00385;0.00082;-0.00316;0
AHRS;15.497;5535.312;-3.8480;1.2521;-15.8252;-0.03175;0.01544;-0.13794;3
GYRO;15.498;5535.312;-0.00316;0.00096;-0.00371;0
MAGN;15.498;5535.313;-12.63750;49.83750;-35.25000;0
ACCE;15.505;5535.320;-0.20400;-0.77205;9.85995;0
GYRO;15.506;5535.320;-0.00344;0.00179;-0.00522;0
MAGN;15.506;5535.322;-12.63750;49.85625;-35.23125;0
AHRS;15.512;5535.328;-3.8480;1.2521;-15.8252;-0.03175;0.01544;-0.13794;3
GYRO;15.513;5535.328;-0.00289;0.00247;-0.00591;0
MAGN;15.518;5535.333;-12.65625;49.87500;-35.23125;0
ACCE;15.521;5535.336;-0.16605;-0.67605;9.85995;0
GYRO;15.522;5535.336;-0.00206;0.00275;-0.00577;0
MAGN;15.529;5535.343;-12.67500;49.89375;-35.21250;0
ACCE;15.537;5535.352;-0.14700;-0.69495;9.85995;0
AHRS;15.538;5535.352;-3.8480;1.2521;-15.8252;-0.03175;0.01544;-0.13794;3
GYRO;15.539;5535.352;-0.00151;0.00275;-0.00564;0
MAGN;15.540;5535.353;-12.69375;49.91250;-35.19375;0
GYRO;15.546;5535.359;-0.00055;0.00302;-0.00591;0
MAGN;15.548;5535.363;-12.69375;49.91250;-35.19375;0
ACCE;15.554;5535.367;-0.14700;-0.73395;9.85995;0
AHRS;15.555;5535.367;-3.8480;1.2521;-15.8252;-0.03175;0.01544;-0.13794;3
GYRO;15.556;5535.367;0.00014;0.00316;-0.00646;0
LIGH;15.557;5535.369;40.9;3
MAGN;15.558;5535.373;-12.71250;49.91250;-35.19375;0
GYRO;15.559;5535.375;-0.00014;0.00344;-0.00701;0
ACCE;15.568;5535.383;-0.10800;-0.79095;9.91695;0
AHRS;15.569;5535.383;-3.8480;1.2521;-15.8252;-0.03175;0.01544;-0.13794;3
GYRO;15.571;5535.383;0.00055;0.00151;-0.00577;0
MAGN;15.572;5535.383;-12.71250;49.93125;-35.19375;0
GYRO;15.575;5535.391;0.00082;0.00041;-0.00412;0
MAGN;15.576;5535.393;-12.73125;49.95000;-35.15625;0
ACCE;15.583;5535.399;-0.12795;-0.75300;9.89805;0
AHRS;15.585;5535.399;-3.8481;1.2521;-15.8252;-0.03175;0.01544;-0.13794;3
GYRO;15.586;5535.399;0.00110;0.00000;-0.00344;0
MAGN;15.586;5535.402;-12.73125;49.96875;-35.15625;0
GYRO;15.591;5535.407;0.00206;-0.00055;-0.00192;0
MAGN;15.598;5535.413;-12.73125;50.00625;-35.15625;0
ACCE;15.600;5535.414;-0.20400;-0.69495;9.70695;0
AHRS;15.600;5535.414;-3.8481;1.2521;-15.8252;-0.03175;0.01544;-0.13794;3
GYRO;15.602;5535.414;0.00275;-0.00082;-0.00137;0
GYRO;15.607;5535.423;0.00261;-0.00069;-0.00179;0
MAGN;15.608;5535.423;-12.73125;50.00625;-35.17500;0
ACCE;15.618;5535.430;-0.20400;-0.69495;9.68700;0
AHRS;15.619;5535.430;-3.8481;1.2521;-15.8252;-0.03175;0.01544;-0.13794;3
GYRO;15.619;5535.430;0.00275;-0.00041;-0.00110;0
MAGN;15.619;5535.432;-12.75000;50.00625;-35.19375;0
GYRO;15.623;5535.438;0.00275;-0.00027;0.00000;0
MAGN;15.628;5535.443;-12.76875;49.98750;-35.17500;0
ACCE;15.630;5535.446;-0.24195;-0.73395;9.89805;0
AHRS;15.632;5535.446;-3.8481;1.2520;-15.8252;-0.03175;0.01544;-0.13794;3
GYRO;15.633;5535.446;0.00289;0.00027;0.00055;0
MAGN;15.638;5535.453;-12.78750;49.98750;-35.15625;0
GYRO;15.639;5535.455;0.00302;0.00110;-0.00014;0
ACCE;15.646;5535.462;-0.20400;-0.77205;10.05105;0
MAGN;15.648;5535.463;-12.78750;50.00625;-35.19375;0
AHRS;15.654;5535.470;-3.8481;1.2520;-15.8252;-0.03175;0.01544;-0.13794;3
GYRO;15.655;5535.470;0.00302;0.00165;-0.00041;0
MAGN;15.659;5535.473;-12.80625;50.00625;-35.17500;0
ACCE;15.662;5535.478;-0.24195;-0.75300;10.12800;0
GYRO;15.667;5535.478;0.00261;0.00275;-0.00069;0
MAGN;15.668;5535.483;-12.82500;50.00625;-35.17500;0
ACCE;15.678;5535.493;-0.16605;-0.75300;10.03200;0
AHRS;15.679;5535.493;-3.8481;1.2520;-15.8252;-0.03175;0.01544;-0.13794;3
GYRO;15.680;5535.493;0.00220;0.00316;-0.00041;0
MAGN;15.681;5535.493;-12.82500;50.00625;-35.19375;0
GYRO;15.688;5535.501;0.00151;0.00289;0.00027;0
MAGN;15.688;5535.503;-12.80625;50.00625;-35.17500;0
ACCE;15.694;5535.509;-0.12795;-0.77205;9.93600;0
AHRS;15.695;5535.509;-3.8481;1.2521;-15.8252;-0.03175;0.01544;-0.13794;3
GYRO;15.696;5535.509;0.00096;0.00234;0.00041;0
MAGN;15.696;5535.513;-12.82500;49.98750;-35.19375;0
GYRO;15.702;5535.517;0.00041;0.00234;0.00000;0
MAGN;15.708;5535.523;-12.84375;49.98750;-35.21250;0
ACCE;15.711;5535.525;-0.12795;-0.75300;9.80205;0
AHRS;15.711;5535.525;-3.8481;1.2521;-15.8252;-0.03175;0.01544;-0.13794;3
GYRO;15.713;5535.525;0.00000;0.00234;-0.00096;0
LIGH;15.718;5535.530;41.6;3
GYRO;15.720;5535.533;-0.00014;0.00206;-0.00110;0
MAGN;15.720;5535.533;-12.84375;49.98750;-35.21250;0
ACCE;15.725;5535.541;-0.16605;-0.77205;9.78300;0
AHRS;15.726;5535.541;-3.8481;1.2521;-15.8252;-0.03175;0.01544;-0.13794;3
GYRO;15.726;5535.541;-0.00082;0.00151;-0.00055;0
MAGN;15.727;5535.543;-12.84375;49.98750;-35.21250;0
GYRO;15.733;5535.549;-0.00165;0.00055;0.00041;0
MAGN;15.738;5535.553;-12.84375;49.96875;-35.19375;0
ACCE;15.741;5535.556;-0.14700;-0.81000;9.85995;0
AHRS;15.742;5535.556;-3.8481;1.2521;-15.8252;-0.03175;0.01544;-0.13794;3
GYRO;15.743;5535.556;-0.00179;0.00014;0.00082;0
MAGN;15.749;5535.563;-12.84375;49.96875;-35.15625;0
GYRO;15.749;5535.564;-0.00247;-0.00124;0.00069;0
ACCE;15.757;5535.572;-0.16605;-0.86805;9.87900;0
AHRS;15.758;5535.572;-3.8481;1.2521;-15.8252;-0.03175;0.01544;-0.13794;3
GYRO;15.758;5535.572;-0.00371;-0.00179;0.00041;0
MAGN;15.759;5535.573;-12.84375;49.96875;-35.11875;0
GYRO;15.764;5535.580;-0.00495;-0.00261;-0.00041;0
MAGN;15.768;5535.583;-12.86250;49.96875;-35.11875;0
ACCE;15.772;5535.588;-0.16605;-0.90600;9.93600;0
AHRS;15.773;5535.588;-3.8481;1.2521;-15.8252;-0.03175;0.01544;-0.13794;3
GYRO;15.775;5535.588;-0.00646;-0.00330;-0.00069;0
MAGN;15.778;5535.593;-12.86250;49.93125;-35.08125;0
ACCE;15.788;5535.603;-0.26205;-0.86805;9.99405;0
GYRO;15.789;5535.603;-0.06985;-0.00316;-0.00069;0
MAGN;15.789;5535.603;-12.84375;49.95000;-35.04375;0
AHRS;15.797;5535.612;-3.8481;1.2520;-15.8252;-0.03175;0.01544;-0.13794;3
GYRO;15.797;5535.612;-0.08071;-0.00275;-0.00096;0
MAGN;15.797;5535.613;-12.82500;49.98750;-35.02500;0
ACCE;15.805;5535.619;-0.26205;-0.86805;9.93600;0
GYRO;15.805;5535.619;-0.09199;-0.00192;-0.00124;0
MAGN;15.808;5535.623;-12.82500;49.98750;-34.98750;0
AHRS;15.812;5535.627;-3.8481;1.2520;-15.8252;-0.03175;0.01544;-0.13794;3
GYRO;15.812;5535.627;-0.09556;-0.00069;-0.00179;0
MAGN;15.818;5535.633;-12.82500;49.98750;-34.93125;0
ACCE;15.819;5535.634;-0.26205;-0.81000;9.82200;0
GYRO;15.829;5535.643;-0.08690;0.00027;-0.00220;0
MAGN;15.830;5535.643;-12.82500;49.98750;-34.93125;0
ACCE;15.835;5535.651;-0.18495;-0.75300;9.76395;0
AHRS;15.836;5535.651;-3.8481;1.2520;-15.8252;-0.03175;0.01544;-0.13794;3
GYRO;15.838;5535.651;-0.07906;0.00124;-0.00275;0
MAGN;15.839;5535.653;-12.80625;49.96875;-34.95000;0
GYRO;15.843;5535.659;-0.00674;0.00247;-0.00289;0
MAGN;15.848;5535.663;-12.80625;49.96875;-34.93125;0
ACCE;15.851;5535.667;-0.22305;-0.73395;9.85995;0
AHRS;15.852;5535.667;-3.8481;1.2520;-15.8252;-0.03175;0.01544;-0.13794;3
GYRO;15.854;5535.667;-0.00536;0.00371;-0.00302;0
MAGN;15.859;5535.673;-12.80625;49.98750;-34.89375;0
GYRO;15.860;5535.674;-0.00344;0.00454;-0.00261;0
ACCE;15.867;5535.682;-0.16605;-0.69495;9.99405;0
AHRS;15.868;5535.682;-3.8481;1.2520;-15.8252;-0.03175;0.01544;-0.13794;3
GYRO;15.868;5535.682;-0.00096;0.00536;-0.00220;0
MAGN;15.869;5535.683;-12.80625;49.98750;-34.87500;0
LIGH;15.874;5535.690;40.9;3
MAGN;15.879;5535.693;-12.82500;50.00625;-34.85625;0
SOUN;15.881;5.16;0.00016;17.93
ACCE;15.885;5535.698;-0.22305;-0.61905;9.87900;0
GYRO;15.885;5535.698;0.00027;0.00536;-0.00192;0
MAGN;15.888;5535.703;-12.82500;50.00625;-34.83750;0
AHRS;15.890;5535.706;-3.8481;1.2520;-15.8252;-0.03175;0.01544;-0.13794;3
GYRO;15.891;5535.706;0.00275;0.00495;-0.00096;0
MAGN;15.899;5535.713;-12.84375;49.98750;-34.83750;0
ACCE;15.899;5535.714;-0.18495;-0.65700;9.89805;0
GYRO;15.900;5535.714;0.00564;0.00426;-0.00124;0
AHRS;15.907;5535.722;-3.8481;1.2520;-15.8252;-0.03175;0.01544;-0.13794;3
GYRO;15.908;5535.722;0.08209;0.00371;-0.00165;0
MAGN;15.909;5535.723;-12.86250;49.98750;-34.81875;0
ACCE;15.914;5535.730;-0.18495;-0.67605;9.99405;0
GYRO;15.916;5535.730;0.10244;0.00330;-0.00137;0
MAGN;15.918;5535.733;-12.86250;49.98750;-34.78125;0
AHRS;15.922;5535.738;-3.8481;1.2520;-15.8252;-0.03175;0.01544;-0.13794;3
GYRO;15.923;5535.738;0.11468;0.00247;-0.00069;0
MAGN;15.928;5535.743;-12.88125;49.98750;-34.78125;0
ACCE;15.929;5535.745;-0.24195;-0.73395;10.05105;0
GYRO;15.938;5535.753;0.11660;0.00151;-0.00000;0
MAGN;15.939;5535.753;-12.88125;50.00625;-34.76250;0
ACCE;15.946;5535.761;-0.22305;-0.77205;9.97500;0
AHRS;15.947;5535.761;-3.8481;1.2520;-15.8252;-0.03175;0.01544;-0.13794;3
GYRO;15.948;5535.761;0.12375;0.00027;0.00096;0
MAGN;15.949;5535.763;-12.88125;49.98750;-34.76250;0
GYRO;15.953;5535.769;0.12072;0.00014;0.00137;0
MAGN;15.959;5535.773;-12.88125;50.00625;-34.78125;0
ACCE;15.962;5535.777;-0.33795;-0.77205;9.74505;0
AHRS;15.962;5535.777;-3.8481;1.2520;-15.8252;-0.03175;0.01544;-0.13794;3
GYRO;15.964;5535.777;0.10972;0.00082;0.00055;0
MAGN;15.968;5535.783;-12.91875;50.02500;-34.83750;0
ACCE;15.978;5535.793;-0.51000;-0.65700;9.53400;0
GYRO;15.978;5535.793;0.10519;0.00206;-0.00055;0
MAGN;15.983;5535.793;-12.91875;50.00625;-34.85625;0
AHRS;15.985;5535.801;-3.8481;1.2520;-15.8252;-0.03175;0.01544;-0.13794;3
GYRO;15.986;5535.801;0.10409;0.00192;-0.00124;0
MAGN;15.986;5535.803;-12.93750;50.00625;-34.83750;0
ACCE;15.993;5535.809;-0.31905;-0.56100;9.59205;0
GYRO;15.994;5535.809;0.09941;0.00275;-0.00220;0
MAGN;15.998;5535.813;-12.93750;49.98750;-34.83750;0
AHRS;16.001;5535.816;-3.8481;1.2520;-15.8252;-0.03175;0.01544;-0.13794;3
GYRO;16.002;5535.816;0.08126;0.00385;-0.00371;0
MAGN;16.009;5535.823;-12.93750;49.93125;-34.83750;0
ACCE;16.009;5535.824;-0.18495;-0.63795;9.68700;0
GYRO;16.011;5535.824;0.00646;0.00399;-0.00426;0
AHRS;16.017;5535.832;-3.8481;1.2520;-15.8252;-0.03175;0.01544;-0.13794;3
GYRO;16.018;5535.832;0.00522;0.00399;-0.00536;0
MAGN;16.019;5535.833;-12.93750;49.91250;-34.83750;0
ACCE;16.024;5535.840;-0.22305;-0.61905;9.74505;0
GYRO;16.025;5535.840;0.00495;0.00481;-0.00646;0
MAGN;16.026;5535.842;-12.95625;49.91250;-34.81875;0
AHRS;16.033;5535.848;-3.8481;1.2520;-15.8252;-0.03175;0.01544;-0.13794;3
GYRO;16.033;5535.848;0.00495;0.00646;-0.00811;0
LIGH;16.035;5535.849;40.9;3
MAGN;16.038;5535.853;-12.97500;49.89375;-34.83750;0
ACCE;16.039;5535.855;-0.31905;-0.56100;9.85995;0
GYRO;16.049;5535.863;0.00467;0.07274;-0.09391;0
MAGN;16.050;5535.863;-12.97500;49.89375;-34.83750;0
ACCE;16.057;5535.872;-0.35700;-0.65700;10.10895;0
AHRS;16.057;5535.872;-4.2646;1.1887;-16.1788;-0.03538;0.01550;-0.14099;3
GYRO;16.059;5535.872;0.00495;0.07879;-0.10601;0
MAGN;16.060;5535.873;-13.01250;49.89375;-34.85625;0
GYRO;16.064;5535.880;0.00550;0.07397;-0.10890;0
MAGN;16.068;5535.883;-13.03125;49.89375;-34.85625;0
ACCE;16.071;5535.887;-0.37605;-0.63795;10.09005;0
MAGN;16.079;5535.893;-13.06875;49.89375;-34.85625;0
AHRS;16.079;5535.894;-4.2646;1.1887;-16.1788;-0.03538;0.01550;-0.14099;3
GYRO;16.080;5535.894;0.00467;0.08277;-0.11344;0
ACCE;16.088;5535.903;-0.37605;-0.69495;10.01295;0
GYRO;16.089;5535.903;0.00399;0.08525;-0.10464;0
MAGN;16.090;5535.903;-13.08750;49.89375;-34.87500;0
AHRS;16.095;5535.911;-4.2646;1.1887;-16.1788;-0.03538;0.01550;-0.14099;3
GYRO;16.096;5535.911;0.00371;0.07645;-0.00866;0
MAGN;16.096;5535.913;-13.12500;49.89375;-34.93125;0
ACCE;16.104;5535.919;-0.26205;-0.84900;9.95595;0
GYRO;16.104;5535.919;0.00275;0.00660;-0.00797;0
MAGN;16.108;5535.923;-13.16250;49.91250;-34.98750;0
AHRS;16.111;5535.927;-4.2646;1.1887;-16.1788;-0.03538;0.01550;-0.14099;3
GYRO;16.112;5535.927;0.00124;0.00454;-0.00715;0
MAGN;16.119;5535.933;-13.18125;49.91250;-35.02500;0
ACCE;16.119;5535.934;-0.35700;-0.82905;9.68700;0
GYRO;16.120;5535.934;-0.00124;0.00536;-0.00825;0
AHRS;16.127;5535.942;-4.2644;1.3335;-16.5155;-0.03515;0.01685;-0.14395;3
GYRO;16.128;5535.942;-0.00330;0.00467;-0.00839;0
MAGN;16.130;5535.943;-13.21875;49.93125;-35.06250;0
ACCE;16.134;5535.950;-0.26205;-0.67605;9.70695;0
GYRO;16.135;5535.950;-0.00330;0.00357;-0.00797;0
MAGN;16.136;5535.953;-13.23750;49.96875;-35.08125;0
AHRS;16.143;5535.958;-4.2644;1.3335;-16.5155;-0.03515;0.01685;-0.14395;3
GYRO;16.143;5535.958;-0.00467;0.00275;-0.00756;0
MAGN;16.148;5535.963;-13.27500;49.96875;-35.13750;0
ACCE;16.151;5535.966;-0.26205;-0.77205;9.95595;0
GYRO;16.152;5535.966;-0.00687;0.00261;-0.00756;0
MAGN;16.158;5535.973;-13.31250;49.96875;-35.19375;0
AHRS;16.159;5535.974;-4.2644;1.3335;-16.5155;-0.03515;0.01685;-0.14395;3
GYRO;16.159;5535.974;-0.08484;0.00082;-0.00756;0
ACCE;16.167;5535.982;-0.12795;-0.69495;10.09005;0
GYRO;16.169;5535.982;-0.10106;-0.00220;-0.00715;0
MAGN;16.169;5535.983;-13.35000;49.96875;-35.23125;0
AHRS;16.174;5535.990;-4.2644;1.3335;-16.5155;-0.03515;0.01685;-0.14395;3
GYRO;16.175;5535.990;-0.09859;-0.00344;-0.00742;0
MAGN;16.178;5535.993;-13.38750;49.96875;-35.26875;0
ACCE;16.182;5535.998;-0.26205;-0.54195;9.97500;0
GYRO;16.182;5535.998;-0.08443;-0.00344;-0.00742;0
MAGN;16.188;5536.003;-13.40625;49.96875;-35.28750;0
LIGH;16.194;5536.010;40.2;3
ACCE;16.197;5536.013;-0.26205;-0.42705;9.76395;0
AHRS;16.198;5536.013;-4.2644;1.3335;-16.5155;-0.03515;0.01685;-0.14395;3
GYRO;16.199;5536.013;-0.00632;-0.00124;-0.00784;0
MAGN;16.199;5536.013;-13.44375;49.96875;-35.26875;0
GYRO;16.205;5536.021;-0.00234;-0.00426;-0.00577;0
MAGN;16.207;5536.023;-13.48125;49.95000;-35.30625;0
ACCE;16.225;5536.029;-0.18495;-0.50400;9.72600;0
AHRS;16.226;5536.029;-4.1605;1.3691;-16.8484;-0.03416;0.01713;-0.14682;3
GYRO;16.227;5536.029;0.00027;-0.00646;-0.00454;0
MAGN;16.227;5536.033;-13.51875;49.93125;-35.32500;0
GYRO;16.228;5536.037;0.00330;-0.07219;-0.00385;0
MAGN;16.228;5536.043;-13.57500;49.95000;-35.32500;0
ACCE;16.229;5536.044;-0.26205;-0.44595;9.64905;0
GNSS;16.229;1745934482.000;24.926190;121.252915;194.100;288.010;4.3;0.0;48;10
GNSS;16.231;1745934482.000;24.926190;121.252915;194.100;288.010;4.3;0.0;48;10
GNSS;16.236;1745934481.132;24.926190;121.252915;194.900;0.000;4.4;0.0;48;10
AHRS;16.237;5536.053;-4.1605;1.3691;-16.8484;-0.03416;0.01713;-0.14682;3
GYRO;16.238;5536.053;0.00646;-0.08346;-0.00206;0
MAGN;16.239;5536.053;-13.63125;49.95000;-35.32500;0
ACCE;16.245;5536.061;-0.16605;-0.37005;9.61095;0
GYRO;16.246;5536.061;0.11743;-0.09666;-0.00027;0
MAGN;16.248;5536.063;-13.68750;49.96875;-35.30625;0
AHRS;16.253;5536.069;-4.1604;1.3691;-16.8484;-0.03416;0.01713;-0.14682;3
GYRO;16.253;5536.069;0.16390;-0.09460;0.00027;0
MAGN;16.258;5536.073;-13.74375;49.95000;-35.32500;0
ACCE;16.261;5536.076;-0.24195;-0.46605;9.78300;0
GYRO;16.262;5536.076;0.19580;-0.08869;0.00041;0
MAGN;16.268;5536.083;-13.76250;49.93125;-35.30625;0
AHRS;16.269;5536.084;-4.1604;1.3691;-16.8484;-0.03416;0.01713;-0.14682;3
GYRO;16.270;5536.084;0.20735;-0.08443;0.00014;0
ACCE;16.277;5536.092;-0.22305;-0.60000;10.20405;0
GYRO;16.278;5536.092;0.21519;-0.08057;-0.00014;0
MAGN;16.278;5536.093;-13.81875;49.95000;-35.26875;0
AHRS;16.285;5536.100;-3.9311;1.4317;-17.2097;-0.03204;0.01748;-0.14994;3
GYRO;16.285;5536.100;0.22179;-0.07645;-0.00055;0
MAGN;16.285;5536.102;-13.85625;49.98750;-35.26875;0
ACCE;16.292;5536.108;-0.39600;-0.61905;10.18500;0
GYRO;16.293;5536.108;0.22027;-0.00357;-0.00302;0
MAGN;16.298;5536.113;-13.89375;49.98750;-35.26875;0
ACCE;16.307;5536.123;-0.45300;-0.46605;10.14705;0
AHRS;16.308;5536.123;-3.9311;1.4317;-17.2097;-0.03204;0.01748;-0.14994;3
GYRO;16.309;5536.123;0.21643;-0.00055;-0.00440;0
MAGN;16.310;5536.123;-13.93125;50.00625;-35.25000;0
GYRO;16.317;5536.132;0.20199;0.00247;-0.00674;0
MAGN;16.317;5536.133;-13.98750;50.00625;-35.28750;0
ACCE;16.324;5536.139;-0.49095;-0.50400;10.10895;0
AHRS;16.325;5536.139;-3.9311;1.4317;-17.2097;-0.03204;0.01748;-0.14994;3
GYRO;16.325;5536.139;0.18535;0.00495;-0.09749;0
MAGN;16.327;5536.142;-14.04375;49.98750;-35.30625;0
GYRO;16.332;5536.147;0.13557;0.07494;-0.13035;0
MAGN;16.339;5536.153;-14.11875;50.02500;-35.32500;0
ACCE;16.340;5536.154;-0.45300;-0.60000;9.97500;0
AHRS;16.348;5536.163;-3.7251;1.5678;-17.5604;-0.03003;0.01847;-0.15299;3
GYRO;16.349;5536.163;0.09708;0.08621;-0.13750;0
MAGN;16.350;5536.163;-14.15625;50.04375;-35.32500;0
LIGH;16.354;5536.170;40.2;3
ACCE;16.356;5536.170;-0.37605;-0.58095;10.03200;0
MAGN;16.358;5536.173;-14.17500;50.04375;-35.30625;0
GYRO;16.364;5536.179;0.07164;0.10464;-0.14355;0
MAGN;16.368;5536.183;-14.21250;50.06250;-35.30625;0
ACCE;16.371;5536.187;-0.24195;-0.61905;9.87900;0
AHRS;16.372;5536.187;-3.7251;1.5678;-17.5604;-0.03003;0.01847;-0.15299;3
GYRO;16.373;5536.187;0.00454;0.11124;-0.14616;0
MAGN;16.381;5536.193;-14.25000;50.08125;-35.34375;0
GYRO;16.381;5536.194;0.00014;0.10863;-0.15538;0
SOUN;16.382;4.44;0.00014;16.61
ACCE;16.387;5536.202;0.04395;-0.73395;9.82200;0
AHRS;16.389;5536.202;-3.7251;1.5678;-17.5604;-0.03003;0.01847;-0.15299;3
GYRO;16.389;5536.202;-0.00412;0.08924;-0.15166;0
MAGN;16.390;5536.203;-14.30625;50.08125;-35.36250;0
GYRO;16.396;5536.210;-0.07879;0.00302;-0.11701;0
MAGN;16.398;5536.213;-14.34375;50.08125;-35.34375;0
ACCE;16.403;5536.218;0.10095;-0.61905;9.63000;0
AHRS;16.403;5536.218;-3.7251;1.5678;-17.5604;-0.03003;0.01847;-0.15299;3
GYRO;16.404;5536.218;-0.10340;-0.00137;-0.09254;0
MAGN;16.408;5536.223;-14.36250;50.04375;-35.36250;0
GYRO;16.411;5536.226;-0.11797;-0.00591;-0.00577;0
MAGN;16.417;5536.233;-14.40000;50.02500;-35.36250;0
ACCE;16.418;5536.235;0.10095;-0.38895;9.40005;0
AHRS;16.420;5536.235;-3.7251;1.5678;-17.5604;-0.03003;0.01847;-0.15299;3
GYRO;16.420;5536.235;-0.11000;-0.10409;-0.00179;0
MAGN;16.429;5536.243;-14.43750;49.98750;-35.34375;0
ACCE;16.434;5536.250;0.23505;-0.37005;9.47700;0
GYRO;16.435;5536.250;-0.09089;-0.14795;0.00275;0
MAGN;16.438;5536.253;-14.47500;49.96875;-35.30625;0
AHRS;16.442;5536.258;-3.7251;1.5678;-17.5604;-0.03003;0.01847;-0.15299;3
GYRO;16.443;5536.258;-0.07837;-0.21037;0.00742;0
MAGN;16.448;5536.263;-14.51250;49.96875;-35.28750;0
ACCE;16.449;5536.265;0.27405;-0.52305;9.95595;0
GYRO;16.458;5536.273;-0.07769;-0.25245;0.10092;0
MAGN;16.458;5536.273;-14.55000;49.96875;-35.26875;0
ACCE;16.466;5536.281;0.25395;-0.58095;10.20405;0
AHRS;16.467;5536.281;-3.7251;1.5678;-17.5604;-0.03003;0.01847;-0.15299;3
GYRO;16.468;5536.281;-0.07232;-0.31776;0.13709;0
MAGN;16.469;5536.283;-14.60625;49.96875;-35.23125;0
GYRO;16.473;5536.289;-0.00399;-0.37730;0.17971;0
MAGN;16.478;5536.293;-14.64375;49.96875;-35.21250;0
ACCE;16.483;5536.297;0.19695;-0.29295;10.01295;0
AHRS;16.484;5536.297;-3.5256;1.2041;-17.8169;-0.02876;0.01514;-0.15509;3
GYRO;16.488;5536.297;0.00124;-0.42061;0.21684;0
MAGN;16.489;5536.303;-14.68125;49.96875;-35.19375;0
ACCE;16.497;5536.313;0.08205;-0.08295;9.70695;0
GYRO;16.498;5536.313;0.00550;-0.40453;0.21698;0
MAGN;16.500;5536.313;-14.70000;49.96875;-35.21250;0
AHRS;16.508;5536.321;-3.5256;1.2041;-17.8169;-0.02876;0.01514;-0.15509;3
GYRO;16.508;5536.321;0.12389;-0.41841;0.23787;0
MAGN;16.509;5536.323;-14.73750;49.96875;-35.23125;0
ACCE;16.513;5536.328;0.13995;0.18405;9.47700;0
GYRO;16.514;5536.328;0.19058;-0.42625;0.24970;0
LIGH;16.515;5536.330;39.5;3
MAGN;16.518;5536.333;-14.75625;49.96875;-35.25000;0
AHRS;16.520;5536.336;-3.5256;1.2041;-17.8169;-0.02876;0.01514;-0.15509;3
GYRO;16.521;5536.336;0.26359;-0.42267;0.25960;0
MAGN;16.528;5536.343;-14.79375;49.96875;-35.25000;0
ACCE;16.528;5536.344;0.17805;0.39495;9.53400;0
GYRO;16.529;5536.344;0.35021;-0.41181;0.26606;0
AHRS;16.537;5536.352;-2.9436;0.9170;-17.7038;-0.02415;0.01186;-0.15403;3
GYRO;16.538;5536.352;0.44509;-0.35351;0.24338;0
MAGN;16.539;5536.353;-14.81250;49.96875;-35.28750;0
ACCE;16.545;5536.360;0.02505;0.47205;9.68700;0
GYRO;16.546;5536.360;0.54299;-0.31130;0.22523;0
MAGN;16.546;5536.362;-14.83125;49.95000;-35.30625;0
AHRS;16.552;5536.368;-2.9436;0.9170;-17.7038;-0.02415;0.01186;-0.15403;3
GYRO;16.553;5536.368;0.64130;-0.24681;0.20089;0
MAGN;16.559;5536.373;-14.86875;49.96875;-35.28750;0
ACCE;16.559;5536.375;0.12000;0.43305;10.09005;0
GYRO;16.568;5536.383;0.67086;-0.18095;0.17215;0
MAGN;16.569;5536.383;-14.88750;49.96875;-35.26875;0
ACCE;16.577;5536.392;0.06300;0.33795;10.41495;0
AHRS;16.577;5536.392;-2.9436;0.9172;-17.7038;-0.02415;0.01186;-0.15403;3
GYRO;16.578;5536.392;0.70386;-0.10477;0.12939;0
MAGN;16.580;5536.393;-14.94375;49.98750;-35.26875;0
GYRO;16.584;5536.399;0.75116;-0.00605;0.10423;0
MAGN;16.589;5536.403;-14.98125;50.00625;-35.28750;0
ACCE;16.592;5536.407;-0.07005;0.18405;10.66395;0
AHRS;16.593;5536.407;-2.9436;0.9172;-17.7038;-0.02415;0.01186;-0.15403;3
GYRO;16.594;5536.407;0.75584;0.00179;0.00509;0
MAGN;16.598;5536.413;-15.03750;50.02500;-35.32500;0
ACCE;16.607;5536.423;-0.07005;0.08895;10.72200;0
GYRO;16.608;5536.423;0.71541;0.00660;0.00124;0
MAGN;16.609;5536.423;-15.05625;50.04375;-35.30625;0
AHRS;16.615;5536.431;-2.9436;0.9172;-17.7038;-0.02415;0.01186;-0.15403;3
GYRO;16.616;5536.431;0.67265;0.12801;-0.00344;0
MAGN;16.618;5536.433;-15.07500;50.04375;-35.23125;0
ACCE;16.623;5536.439;-0.26205;0.14595;10.51095;0
GYRO;16.624;5536.439;0.61242;0.17889;-0.00839;0
MAGN;16.630;5536.443;-15.11250;50.06250;-35.21250;0
AHRS;16.631;5536.447;-2.9435;0.9172;-17.7038;-0.02415;0.01186;-0.15403;3
GYRO;16.632;5536.447;0.53006;0.20790;-0.12183;0
MAGN;16.639;5536.453;-15.11250;50.06250;-35.23125;0
ACCE;16.640;5536.454;-0.28095;0.16500;10.10895;0
GYRO;16.640;5536.454;0.44344;0.23622;-0.15125;0
AHRS;16.647;5536.462;-1.9752;0.6791;-17.6552;-0.01612;0.00850;-0.15354;3
GYRO;16.648;5536.462;0.34760;0.26001;-0.17545;0
MAGN;16.649;5536.463;-15.13125;50.06250;-35.25000;0
ACCE;16.655;5536.470;-0.05100;0.10800;9.64905;0
GYRO;16.656;5536.470;0.29342;0.27555;-0.19484;0
MAGN;16.656;5536.473;-15.18750;50.06250;-35.26875;0
AHRS;16.663;5536.478;-1.9752;0.6791;-17.6552;-0.01612;0.00850;-0.15354;3
GYRO;16.664;5536.478;0.20721;0.27143;-0.20446;0
MAGN;16.668;5536.483;-15.22500;50.04375;-35.28750;0
ACCE;16.670;5536.486;0.04395;-0.04395;9.45795;0
GYRO;16.672;5536.486;0.09721;0.25025;-0.20721;0
LIGH;16.674;5536.490;40.9;3
MAGN;16.679;5536.493;-15.24375;50.04375;-35.26875;0
AHRS;16.680;5536.494;-1.9751;0.6791;-17.6552;-0.01612;0.00850;-0.15354;3
GYRO;16.680;5536.494;0.00055;0.20474;-0.18879;0
ACCE;16.687;5536.502;0.25395;0.14595;9.49605;0
GYRO;16.688;5536.502;-0.00536;0.17298;-0.17669;0
MAGN;16.689;5536.503;-15.26250;50.02500;-35.26875;0
AHRS;16.694;5536.510;-1.9751;0.6791;-17.6552;-0.01612;0.00850;-0.15354;3
GYRO;16.695;5536.510;-0.11688;0.12829;-0.15689;0
MAGN;16.696;5536.512;-15.28125;50.02500;-35.30625;0
ACCE;16.702;5536.518;0.21600;0.08895;9.57300;0
MAGN;16.712;5536.523;-15.33750;50.02500;-35.30625;0
GYRO;16.713;5536.525;-0.16294;0.07961;-0.12760;0
ACCE;16.718;5536.533;0.27405;0.12705;9.38100;0
AHRS;16.718;5536.533;-1.3155;0.3854;-17.5622;-0.01083;0.00508;-0.15269;3
GYRO;16.720;5536.533;-0.19979;0.00261;-0.09488;0
MAGN;16.721;5536.533;-15.35625;50.04375;-35.30625;0
GYRO;16.725;5536.541;-0.21354;-0.00385;-0.00495;0
MAGN;16.726;5536.543;-15.37500;50.04375;-35.28750;0
ACCE;16.734;5536.549;0.19695;0.10800;9.30405;0
AHRS;16.734;5536.549;-1.3155;0.3854;-17.5622;-0.01083;0.00508;-0.15269;3
GYRO;16.736;5536.549;-0.20336;-0.08869;-0.00096;0
MAGN;16.737;5536.552;-15.39375;50.04375;-35.28750;0
GYRO;16.742;5536.557;-0.17586;-0.13447;0.00234;0
MAGN;16.748;5536.563;-15.41250;50.02500;-35.30625;0
ACCE;16.749;5536.564;0.06300;0.24195;9.24705;0
AHRS;16.757;5536.573;-1.3156;0.3855;-17.5622;-0.01083;0.00508;-0.15269;3
GYRO;16.760;5536.573;-0.13833;-0.15895;0.00495;0
MAGN;16.760;5536.573;-15.45000;50.02500;-35.34375;0
ACCE;16.765;5536.581;0.02505;0.37605;9.28500;0
GYRO;16.766;5536.581;-0.07796;-0.19126;0.00797;0
MAGN;16.766;5536.582;-15.46875;50.00625;-35.36250;0
AHRS;16.773;5536.588;-1.3156;0.3855;-17.5622;-0.01083;0.00508;-0.15269;3
GYRO;16.774;5536.588;-0.00234;-0.20639;0.09914;0
MAGN;16.778;5536.593;-15.48750;49.98750;-35.41875;0
ACCE;16.781;5536.596;0.00600;0.45300;9.63000;0
GYRO;16.782;5536.596;0.00385;-0.20735;0.11014;0
MAGN;16.790;5536.603;-15.50625;49.98750;-35.45625;0
AHRS;16.790;5536.604;-0.6146;0.1147;-17.4288;-0.00515;0.00180;-0.15151;3
GYRO;16.791;5536.604;0.09130;-0.21464;0.12403;0
ACCE;16.797;5536.612;0.10095;0.43305;9.91695;0
GYRO;16.798;5536.612;0.13668;-0.20873;0.13159;0
MAGN;16.798;5536.613;-15.50625;49.96875;-35.47500;0
AHRS;16.805;5536.620;-0.6146;0.1147;-17.4288;-0.00515;0.00180;-0.15151;3
GYRO;16.805;5536.620;0.19594;-0.18865;0.13406;0
MAGN;16.806;5536.622;-15.52500;49.96875;-35.47500;0
ACCE;16.812;5536.628;0.10095;0.47205;10.12800;0
GYRO;16.813;5536.628;0.23513;-0.15428;0.12004;0
MAGN;16.818;5536.633;-15.54375;49.98750;-35.47500;0
ACCE;16.828;5536.643;0.06300;0.45300;10.14705;0
AHRS;16.828;5536.643;-0.6146;0.1147;-17.4288;-0.00515;0.00180;-0.15151;3
GYRO;16.828;5536.643;0.24516;-0.12210;0.09721;0
MAGN;16.830;5536.643;-15.54375;49.96875;-35.47500;0
LIGH;16.834;5536.650;40.9;3
GYRO;16.836;5536.652;0.26634;-0.07452;0.00715;0
MAGN;16.837;5536.653;-15.56250;49.96875;-35.45625;0
ACCE;16.846;5536.659;-0.05100;0.51000;9.89805;0
AHRS;16.847;5536.659;-0.6146;0.1147;-17.4288;-0.00515;0.00180;-0.15151;3
GYRO;16.848;5536.659;0.29384;-0.00302;0.00467;0
MAGN;16.849;5536.662;-15.58125;49.96875;-35.43750;0
GYRO;16.851;5536.667;0.31611;0.00247;0.00192;0
MAGN;16.859;5536.673;-15.60000;49.98750;-35.45625;0
ACCE;16.859;5536.674;-0.08895;0.68205;9.61095;0
AHRS;16.867;5536.683;-0.6146;0.1147;-17.4288;-0.00515;0.00180;-0.15151;3
GYRO;16.868;5536.683;0.32230;0.00701;-0.00027;0
MAGN;16.871;5536.683;-15.60000;49.98750;-35.47500;0
ACCE;16.877;5536.691;-0.16605;0.83595;9.64905;0
GYRO;16.878;5536.691;0.35282;0.12004;-0.00261;0
MAGN;16.878;5536.693;-15.60000;49.96875;-35.53125;0
AHRS;16.883;5536.699;0.3194;-0.1456;-17.1796;0.00257;-0.00167;-0.14936;3
GYRO;16.884;5536.699;0.37936;0.14988;-0.00412;0
SOUN;16.884;8.05;0.00025;21.78
MAGN;16.888;5536.703;-15.60000;49.95000;-35.56875;0
ACCE;16.895;5536.707;-0.03195;0.72105;9.85995;0
GYRO;16.896;5536.707;0.37744;0.16087;-0.00495;0
MAGN;16.898;5536.713;-15.60000;49.93125;-35.58750;0
AHRS;16.899;5536.715;0.3194;-0.1456;-17.1796;0.00257;-0.00167;-0.14936;3
GYRO;16.899;5536.715;0.35888;0.14437;-0.00426;0
ACCE;16.907;5536.722;0.33105;0.73995;9.93600;0
MAGN;16.908;5536.723;-15.61875;49.91250;-35.62500;0
GYRO;16.915;5536.730;0.33358;0.12444;-0.00371;0
MAGN;16.918;5536.733;-15.61875;49.89375;-35.71875;0
ACCE;16.922;5536.738;0.36900;0.52905;10.05105;0
AHRS;16.925;5536.738;0.3195;-0.1456;-17.1796;0.00257;-0.00167;-0.14936;3
GYRO;16.925;5536.738;0.32491;0.08525;-0.00179;0
MAGN;16.928;5536.743;-15.61875;49.85625;-35.77500;0
GYRO;16.931;5536.746;0.29425;0.00426;0.00027;0
MAGN;16.938;5536.753;-15.63750;49.83750;-35.77500;0
ACCE;16.939;5536.754;0.63705;0.39495;10.18500;0
AHRS;16.939;5536.754;1.0423;-0.4616;-16.8925;0.00840;-0.00532;-0.14691;3
GYRO;16.939;5536.754;0.25479;-0.00330;0.00481;0
GYRO;16.947;5536.762;0.19511;-0.10931;0.09254;0
MAGN;16.948;5536.763;-15.63750;49.83750;-35.81250;0
ACCE;16.954;5536.770;0.69495;0.14595;10.22400;0
AHRS;16.955;5536.770;1.0423;-0.4616;-16.8925;0.00840;-0.00532;-0.14691;3
GYRO;16.956;5536.770;0.13984;-0.17669;0.13379;0
MAGN;16.956;5536.773;-15.61875;49.83750;-35.83125;0
GYRO;16.962;5536.778;0.00522;-0.26455;0.18287;0
MAGN;16.968;5536.783;-15.61875;49.81875;-35.86875;0
ACCE;16.969;5536.785;0.71400;0.18405;9.93600;0
AHRS;16.978;5536.793;1.0423;-0.4616;-16.8925;0.00840;-0.00532;-0.14691;3
GYRO;16.979;5536.793;-0.00165;-0.30951;0.20212;0
MAGN;16.980;5536.793;-15.61875;49.78125;-35.92500;0
ACCE;16.986;5536.801;0.54195;0.29895;9.70695;0
GYRO;16.986;5536.801;-0.00660;-0.36410;0.23141;0
MAGN;16.987;5536.803;-15.61875;49.76250;-36.01875;0
LIGH;16.995;5536.810;45.7;3
AHRS;16.998;5536.810;1.4991;-0.7729;-16.6156;0.01197;-0.00856;-0.14456;3
GYRO;17.000;5536.810;-0.10959;-0.38954;0.24283;0
MAGN;17.000;5536.812;-15.58125;49.74375;-36.07500;0
ACCE;17.004;5536.817;0.50295;0.37605;9.72600;0
MAGN;17.012;5536.823;-15.56250;49.72500;-36.13125;0
GYRO;17.012;5536.824;-0.13599;-0.40219;0.25328;0
ACCE;17.018;5536.833;0.42705;0.35700;9.59205;0
AHRS;17.018;5536.833;1.4991;-0.7729;-16.6156;0.01197;-0.00856;-0.14456;3
GYRO;17.021;5536.833;-0.17751;-0.41869;0.27871;0
MAGN;17.021;5536.833;-15.54375;49.70625;-36.24375;0
GYRO;17.028;5536.841;-0.21230;-0.42914;0.29618;0
MAGN;17.028;5536.843;-15.54375;49.66875;-36.35625;0
ACCE;17.033;5536.848;0.12000;0.31800;9.16995;0
AHRS;17.033;5536.848;1.4991;-0.7729;-16.6156;0.01197;-0.00856;-0.14456;3
GYRO;17.035;5536.848;-0.23953;-0.40095;0.27830;0
MAGN;17.038;5536.853;-15.54375;49.65000;-36.43125;0
GYRO;17.041;5536.856;-0.26950;-0.33976;0.23609;0
MAGN;17.048;5536.863;-15.54375;49.63125;-36.52500;0
ACCE;17.048;5536.865;0.13995;-0.25500;9.30405;0
AHRS;17.049;5536.865;1.4991;-0.7729;-16.6156;0.01197;-0.00856;-0.14456;3
GYRO;17.049;5536.865;-0.31157;-0.27926;0.18549;0
MAGN;17.058;5536.873;-15.52500;49.59375;-36.60000;0
ACCE;17.065;5536.880;0.38895;-0.98295;10.47300;0
GYRO;17.066;5536.880;-0.35516;-0.22316;0.13461;0
MAGN;17.067;5536.883;-15.50625;49.55625;-36.67500;0
AHRS;17.073;5536.888;1.4991;-0.7729;-16.6156;0.01197;-0.00856;-0.14456;3
GYRO;17.074;5536.888;-0.48482;-0.17779;0.00866;0
MAGN;17.078;5536.893;-15.48750;49.53750;-36.73125;0
ACCE;17.079;5536.895;-0.07005;-1.05900;11.48700;0
GYRO;17.088;5536.903;-0.53102;-0.08608;0.00165;0
MAGN;17.089;5536.903;-15.48750;49.51875;-36.80625;0
ACCE;17.096;5536.911;-0.33795;-0.92505;11.31495;0
AHRS;17.097;5536.911;1.4991;-0.7729;-16.6156;0.01197;-0.00856;-0.14456;3
GYRO;17.098;5536.911;-0.60899;0.00454;-0.09157;0
MAGN;17.100;5536.913;-15.50625;49.48125;-36.84375;0
GYRO;17.104;5536.919;-0.68159;0.16720;-0.19553;0
MAGN;17.108;5536.923;-15.50625;49.42500;-36.88125;0
ACCE;17.112;5536.927;-0.41505;-0.90600;10.51095;0
AHRS;17.113;5536.927;1.4990;-0.7731;-16.6156;0.01197;-0.00857;-0.14456;3
GYRO;17.114;5536.927;-0.73411;0.31446;-0.32450;0
MAGN;17.118;5536.933;-15.50625;49.38750;-36.97500;0
ACCE;17.128;5536.943;-0.35700;-0.79095;10.12800;0
GYRO;17.129;5536.943;-0.74030;0.39215;-0.39201;0
MAGN;17.134;5536.943;-15.48750;49.36875;-37.08750;0
AHRS;17.135;5536.951;1.4990;-0.7731;-16.6156;0.01197;-0.00857;-0.14456;3
GYRO;17.136;5536.951;-0.79076;0.48070;-0.46695;0
MAGN;17.137;5536.953;-15.46875;49.35000;-37.20000;0
ACCE;17.144;5536.959;-0.28095;-0.61905;10.43400;0
GYRO;17.144;5536.959;-0.81895;0.54244;-0.52154;0
MAGN;17.148;5536.963;-15.46875;49.31250;-37.29375;0
AHRS;17.151;5536.967;1.4990;-0.7731;-16.6156;0.01197;-0.00857;-0.14456;3
GYRO;17.152;5536.967;-0.82624;0.58520;-0.56609;0
LIGH;17.153;5536.969;47.8;3
MAGN;17.159;5536.973;-15.46875;49.25625;-37.31250;0
ACCE;17.159;5536.974;-0.03195;-0.58095;10.79805;0
GYRO;17.160;5536.974;-0.82885;0.62535;-0.60583;0
AHRS;17.167;5536.982;1.4990;-0.7731;-16.6156;0.01197;-0.00857;-0.14456;3
GYRO;17.168;5536.982;-0.75598;0.62961;-0.61036;0
MAGN;17.169;5536.983;-15.45000;49.18125;-37.38750;0
ACCE;17.175;5536.990;0.04395;-0.37005;10.89405;0
GYRO;17.177;5536.990;-0.74058;0.59180;-0.59194;0
MAGN;17.177;5536.992;-15.45000;49.14375;-37.46250;0
AHRS;17.183;5536.998;1.4990;-0.7731;-16.6156;0.01197;-0.00857;-0.14456;3
GYRO;17.183;5536.998;-0.67292;0.51837;-0.53790;0
MAGN;17.188;5537.003;-15.45000;49.08750;-37.50000;0
ACCE;17.194;5537.006;0.06300;-0.35100;10.66395;0
GYRO;17.194;5537.006;-0.58286;0.42928;-0.47135;0
MAGN;17.198;5537.013;-15.43125;49.01250;-37.55625;0
AHRS;17.199;5537.014;1.4990;-0.7731;-16.6156;0.01197;-0.00857;-0.14456;3
GYRO;17.200;5537.014;-0.44509;0.34732;-0.39476;0
ACCE;17.218;5537.022;0.19695;-0.42705;10.60695;0
MAGN;17.219;5537.023;-15.43125;48.97500;-37.61250;0
GYRO;17.219;5537.030;-0.37895;0.31006;-0.35860;0
MAGN;17.219;5537.033;-15.43125;48.91875;-37.68750;0
GNSS;17.220;1745934483.000;24.926195;121.252922;194.200;288.010;4.3;0.0;48;10
GNSS;17.222;1745934483.000;24.926195;121.252922;194.200;288.010;4.3;0.0;48;10
ACCE;17.223;5537.037;0.00600;-0.54195;10.62600;0
AHRS;17.223;5537.037;1.4990;-0.7731;-16.6156;0.01197;-0.00857;-0.14456;3
GYRO;17.228;5537.037;-0.26812;0.21285;-0.27417;0
MAGN;17.228;5537.043;-15.41250;48.84375;-37.76250;0
GNSS;17.228;1745934482.132;24.926194;121.252921;194.900;0.000;4.4;0.0;48;10
ACCE;17.238;5537.053;-0.14700;-0.67605;10.51095;0
GYRO;17.239;5537.053;-0.18123;0.13255;-0.20652;0
MAGN;17.240;5537.053;-15.41250;48.78750;-37.85625;0
AHRS;17.246;5537.061;0.2143;-0.7150;-16.9739;0.00093;-0.00645;-0.14759;3
GYRO;17.246;5537.061;-0.09281;0.00674;-0.14108;0
MAGN;17.246;5537.063;-15.39375;48.71250;-37.91250;0
ACCE;17.254;5537.069;-0.31905;-0.86805;10.45305;0
GYRO;17.254;5537.069;-0.00192;0.00192;-0.00784;0
MAGN;17.258;5537.073;-15.37500;48.63750;-37.98750;0
AHRS;17.261;5537.077;0.2143;-0.7150;-16.9739;0.00093;-0.00645;-0.14759;3
GYRO;17.262;5537.077;0.00371;-0.00041;-0.00426;0
MAGN;17.269;5537.083;-15.35625;48.56250;-38.08125;0
ACCE;17.269;5537.084;-0.37605;-0.90600;10.35795;0
GYRO;17.270;5537.084;0.00674;-0.00027;-0.00357;0
AHRS;17.277;5537.093;0.2143;-0.7150;-16.9739;0.00093;-0.00645;-0.14759;3
GYRO;17.280;5537.093;0.07205;-0.00014;-0.00289;0
MAGN;17.280;5537.093;-15.35625;48.50625;-38.15625;0
ACCE;17.285;5537.101;-0.54900;-0.98295;10.01295;0
GYRO;17.286;5537.101;0.00412;0.00234;-0.00440;0
MAGN;17.286;5537.103;-15.33750;48.39375;-38.17500;0
AHRS;17.293;5537.108;-0.3551;-0.3565;-17.4016;-0.00353;-0.00261;-0.15126;3
GYRO;17.293;5537.108;-0.00440;0.00522;-0.00742;0
MAGN;17.298;5537.113;-15.33750;48.30000;-38.21250;0
ACCE;17.301;5537.116;-0.31905;-1.02105;9.85995;0
GYRO;17.301;5537.116;-0.11206;0.08264;-0.10904;0
MAGN;17.308;5537.123;-15.33750;48.20625;-38.23125;0
AHRS;17.309;5537.124;-0.3551;-0.3565;-17.4016;-0.00353;-0.00261;-0.15126;3
GYRO;17.309;5537.124;-0.20515;0.13681;-0.17930;0
LIGH;17.314;5537.130;56.8;3
ACCE;17.317;5537.132;-0.26205;-1.15500;10.05105;0
GYRO;17.317;5537.132;-0.28366;0.16803;-0.23210;0
MAGN;17.319;5537.133;-15.35625;48.11250;-38.23125;0
AHRS;17.326;5537.140;-0.9742;-0.1668;-17.8110;-0.00862;-0.00012;-0.15479;3
GYRO;17.327;5537.140;-0.35076;0.21175;-0.28105;0
MAGN;17.327;5537.142;-15.33750;48.03750;-38.26875;0
ACCE;17.332;5537.148;-0.35700;-0.88695;9.76395;0
MAGN;17.339;5537.153;-15.31875;47.94375;-38.32500;0
GYRO;17.339;5537.155;-0.37496;0.24076;-0.31460;0
ACCE;17.347;5537.163;-0.14700;-0.77205;9.53400;0
AHRS;17.348;5537.163;-0.9742;-0.1668;-17.8110;-0.00862;-0.00012;-0.15479;3
GYRO;17.350;5537.163;-0.39449;0.26964;-0.34430;0
MAGN;17.351;5537.163;-15.31875;47.86875;-38.36250;0
GYRO;17.359;5537.171;-0.40026;0.27170;-0.34994;0
MAGN;17.360;5537.173;-15.28125;47.79375;-38.41875;0
ACCE;17.364;5537.179;-0.01305;-0.63795;9.40005;0
AHRS;17.365;5537.179;-0.9743;-0.1668;-17.8110;-0.00862;-0.00012;-0.15479;3
GYRO;17.366;5537.179;-0.38252;0.24997;-0.33069;0
MAGN;17.367;5537.182;-15.28125;47.71875;-38.45625;0
GYRO;17.371;5537.187;-0.34581;0.19401;-0.28476;0
MAGN;17.379;5537.193;-15.28125;47.64375;-38.47500;0
ACCE;17.380;5537.195;0.08205;-0.46605;9.24705;0
SOUN;17.385;25.22;0.00077;31.71
AHRS;17.389;5537.203;-0.9743;-0.1668;-17.8110;-0.00862;-0.00012;-0.15479;3
GYRO;17.389;5537.203;-0.29095;0.13447;-0.22935;0
MAGN;17.391;5537.203;-15.26250;47.55000;-38.51250;0
ACCE;17.395;5537.211;-0.05100;-0.23595;9.22800;0
GYRO;17.396;5537.211;-0.19525;0.07343;-0.16142;0
MAGN;17.396;5537.213;-15.26250;47.45625;-38.58750;0
AHRS;17.403;5537.219;-1.6716;-0.0721;-18.1677;-0.01450;0.00168;-0.15785;3
GYRO;17.404;5537.219;-0.08236;0.00165;-0.00811;0
MAGN;17.410;5537.223;-15.24375;47.36250;-38.66250;0
ACCE;17.411;5537.227;-0.08895;-0.38895;9.45795;0
GYRO;17.412;5537.227;0.00275;-0.00385;0.00014;0
MAGN;17.418;5537.233;-15.24375;47.28750;-38.68125;0
AHRS;17.419;5537.234;-1.6716;-0.0721;-18.1677;-0.01450;0.00168;-0.15785;3
GYRO;17.419;5537.234;0.13365;-0.13090;0.10065;0
ACCE;17.427;5537.242;-0.01305;-0.44595;9.80205;0
GYRO;17.429;5537.242;0.20157;-0.20350;0.16569;0
MAGN;17.429;5537.243;-15.22500;47.17500;-38.71875;0
AHRS;17.434;5537.250;-1.6717;-0.0721;-18.1677;-0.01450;0.00168;-0.15785;3
GYRO;17.436;5537.250;0.27060;-0.23994;0.20900;0
MAGN;17.436;5537.252;-15.20625;47.04375;-38.75625;0
ACCE;17.442;5537.258;-0.22305;-0.67605;10.05105;0
GYRO;17.445;5537.258;0.33165;-0.25245;0.23361;0
MAGN;17.448;5537.263;-15.20625;46.91250;-38.83125;0
AHRS;17.451;5537.266;-2.4769;-0.0198;-18.5753;-0.02136;0.00332;-0.16135;3
GYRO;17.452;5537.266;0.36768;-0.24516;0.22976;0
MAGN;17.458;5537.273;-15.18750;46.83750;-38.92500;0
ACCE;17.459;5537.274;-0.28095;-0.94395;9.97500;0
GYRO;17.459;5537.274;0.36933;-0.22275;0.21753;0
MAGN;17.467;5537.283;-15.16875;46.74375;-38.98125;0
LIGH;17.475;5537.290;60.9;3
ACCE;17.475;5537.290;-0.56805;-1.00200;9.74505;0
AHRS;17.475;5537.290;-2.4770;-0.0199;-18.5753;-0.02136;0.00332;-0.16135;3
GYRO;17.476;5537.290;0.34210;-0.19470;0.18892;0
MAGN;17.477;5537.292;-15.13125;46.63125;-39.01875;0
MAGN;17.488;5537.303;-15.13125;46.53750;-39.05625;0
ACCE;17.489;5537.305;-0.75900;-1.13595;9.66795;0
GYRO;17.489;5537.305;0.27486;-0.13736;0.12375;0
AHRS;17.498;5537.313;-2.9250;0.2371;-18.9695;-0.02483;0.00625;-0.16478;3
GYRO;17.500;5537.313;0.19374;-0.00440;0.00302;0
MAGN;17.500;5537.313;-15.09375;46.44375;-39.11250;0
ACCE;17.506;5537.321;-0.66405;-1.07805;9.43905;0
GYRO;17.507;5537.321;0.11811;0.00467;-0.00577;0
MAGN;17.508;5537.323;-15.09375;46.36875;-39.20625;0
AHRS;17.513;5537.329;-3.3298;0.6495;-19.4369;-0.02768;0.01049;-0.16890;3
GYRO;17.514;5537.329;0.00206;0.18755;-0.19456;0
MAGN;17.518;5537.333;-15.07500;46.25625;-39.28125;0
ACCE;17.521;5537.337;-0.89295;-1.11705;9.22800;0
GYRO;17.523;5537.337;-0.09226;0.32395;-0.33674;0
MAGN;17.530;5537.343;-15.05625;46.16250;-39.35625;0
AHRS;17.531;5537.344;-3.5763;0.9468;-19.8030;-0.02932;0.01350;-0.17212;3
GYRO;17.536;5537.344;-0.19869;0.41291;-0.44743;0
ACCE;17.537;5537.353;-0.79800;-0.94395;8.94105;0
GYRO;17.542;5537.353;-0.29452;0.48730;-0.53859;0
MAGN;17.543;5537.353;-15.03750;46.05000;-39.41250;0
AHRS;17.545;5537.360;-3.5764;0.9467;-19.8030;-0.02932;0.01350;-0.17212;3
GYRO;17.546;5537.360;-0.36850;0.55743;-0.61848;0
MAGN;17.547;5537.363;-15.05625;45.93750;-39.48750;0
ACCE;17.553;5537.368;-0.70200;-0.82905;8.95995;0
GYRO;17.554;5537.368;-0.41662;0.64006;-0.70194;0
MAGN;17.559;5537.373;-15.05625;45.84375;-39.52500;0
AHRS;17.561;5537.376;-3.9397;1.3148;-20.2992;-0.03181;0.01734;-0.17649;3
GYRO;17.561;5537.376;-0.43766;0.69080;-0.75694;0
MAGN;17.568;5537.383;-15.05625;45.76875;-39.54375;0
ACCE;17.568;5537.384;-0.62505;-0.67605;9.26595;0
GYRO;17.569;5537.384;-0.43244;0.70208;-0.76643;0
AHRS;17.577;5537.392;-4.2318;1.5824;-20.7002;-0.03384;0.02021;-0.18002;3
GYRO;17.577;5537.392;-0.38885;0.68021;-0.73659;0
MAGN;17.578;5537.393;-15.05625;45.69375;-39.56250;0
ACCE;17.584;5537.400;-0.66405;-0.40800;9.95595;0
GYRO;17.586;5537.400;-0.31721;0.66027;-0.69781;0
MAGN;17.587;5537.403;-15.07500;45.63750;-39.61875;0
AHRS;17.592;5537.408;-4.2318;1.5824;-20.7002;-0.03384;0.02021;-0.18002;3
GYRO;17.593;5537.408;-0.20996;0.62370;-0.62975;0
MAGN;17.598;5537.413;-15.09375;45.56250;-39.65625;0
ACCE;17.599;5537.415;-0.79800;-0.19800;10.45305;0
GYRO;17.609;5537.423;-0.10024;0.54972;-0.52525;0
MAGN;17.610;5537.423;-15.11250;45.52500;-39.67500;0
ACCE;17.616;5537.431;-0.89295;-0.12105;10.79805;0
AHRS;17.617;5537.431;-4.1921;1.8601;-21.0400;-0.03299;0.02262;-0.18302;3
GYRO;17.619;5537.431;0.00591;0.47080;-0.40343;0
MAGN;17.620;5537.433;-15.13125;45.43125;-39.69375;0
GYRO;17.623;5537.439;0.21574;0.39201;-0.27954;0
MAGN;17.628;5537.443;-15.13125;45.35625;-39.71250;0
ACCE;17.634;5537.447;-0.85500;-0.04395;10.64505;0
AHRS;17.635;5537.447;-4.1921;1.8601;-21.0400;-0.03299;0.02262;-0.18302;3
GYRO;17.637;5537.447;0.35392;0.33014;-0.16844;0
LIGH;17.637;5537.449;69.9;3
MAGN;17.642;5537.453;-15.15000;45.28125;-39.69375;0
ACCE;17.648;5537.463;-0.93195;-0.13995;10.10895;0
GYRO;17.649;5537.463;0.43904;0.25107;-0.00715;0
MAGN;17.654;5537.463;-15.15000;45.24375;-39.71250;0
AHRS;17.655;5537.471;-3.8104;2.1746;-21.3727;-0.02915;0.02480;-0.18592;3
GYRO;17.661;5537.471;0.54986;0.17655;0.00302;0
MAGN;17.661;5537.472;-15.15000;45.16875;-39.76875;0
ACCE;17.663;5537.479;-0.79800;-0.21705;9.61095;0
GYRO;17.664;5537.479;0.62975;0.12444;0.10656;0
MAGN;17.668;5537.483;-15.13125;45.11250;-39.78750;0
AHRS;17.672;5537.487;-3.8104;2.1746;-21.3727;-0.02915;0.02480;-0.18592;3
GYRO;17.672;5537.487;0.68214;0.07054;0.17146;0
MAGN;17.678;5537.493;-15.11250;45.05625;-39.84375;0
ACCE;17.679;5537.495;-0.81705;-0.17805;9.34305;0
GYRO;17.681;5537.495;0.70276;0.00316;0.20433;0
MAGN;17.687;5537.503;-15.11250;44.98125;-39.90000;0
ACCE;17.695;5537.510;-0.95100;-0.04395;9.07500;0
AHRS;17.696;5537.510;-3.8104;2.1746;-21.3727;-0.02915;0.02480;-0.18592;3
GYRO;17.696;5537.510;0.67774;-0.00014;0.22206;0
MAGN;17.696;5537.512;-15.11250;44.94375;-39.91875;0
GYRO;17.702;5537.518;0.69369;0.00055;0.22935;0
MAGN;17.708;5537.523;-15.11250;44.88750;-39.91875;0
ACCE;17.710;5537.526;-0.95100;-0.17805;9.05595;0
AHRS;17.711;5537.526;-3.5728;2.5922;-21.7551;-0.02634;0.02808;-0.18926;3
GYRO;17.712;5537.526;0.64350;0.00316;0.20075;0
MAGN;17.717;5537.533;-15.11250;44.81250;-39.91875;0
ACCE;17.727;5537.542;-0.70200;-0.21705;9.11295;0
GYRO;17.728;5537.542;0.55743;0.00440;0.16335;0
MAGN;17.729;5537.543;-15.09375;44.75625;-39.97500;0
AHRS;17.734;5537.550;-3.5728;2.5922;-21.7551;-0.02634;0.02808;-0.18926;3
GYRO;17.735;5537.550;0.48098;0.00412;0.13887;0
MAGN;17.738;5537.553;-15.09375;44.71875;-40.01250;0
ACCE;17.742;5537.557;-0.64500;-0.17805;9.19005;0
GYRO;17.743;5537.557;0.44633;0.00344;0.13764;0
MAGN;17.749;5537.563;-15.07500;44.66250;-40.03125;0
ACCE;17.758;5537.573;-0.51000;-0.08295;9.13200;0
AHRS;17.758;5537.573;-3.5728;2.5922;-21.7551;-0.02634;0.02808;-0.18926;3
GYRO;17.760;5537.573;0.36506;0.00330;0.11564;0
MAGN;17.761;5537.573;-15.05625;44.60625;-40.08750;0
GYRO;17.768;5537.581;0.29879;0.00110;0.10986;0
MAGN;17.769;5537.583;-15.05625;44.53125;-40.10625;0
ACCE;17.774;5537.589;-0.31905;-0.04395;9.30405;0
AHRS;17.775;5537.589;-3.5016;2.9487;-22.0938;-0.02505;0.03109;-0.19223;3
GYRO;17.776;5537.589;0.23458;-0.00165;0.10684;0
MAGN;17.776;5537.593;-15.03750;44.47500;-40.12500;0
GYRO;17.781;5537.597;0.17600;-0.07315;0.12898;0
MAGN;17.788;5537.603;-15.03750;44.41875;-40.16250;0
ACCE;17.789;5537.604;-0.10800;-0.04395;9.64905;0
AHRS;17.789;5537.604;-3.5016;2.9487;-22.0938;-0.02505;0.03109;-0.19223;3
GYRO;17.792;5537.604;0.14534;-0.15826;0.18246;0
LIGH;17.794;5537.610;78.3;3
GYRO;17.797;5537.613;0.09226;-0.24269;0.22797;0
MAGN;17.798;5537.613;-15.03750;44.34375;-40.16250;0
ACCE;17.806;5537.620;-0.14700;-0.02505;10.09005;0
AHRS;17.807;5537.620;-3.5016;2.9487;-22.0938;-0.02505;0.03109;-0.19223;3
GYRO;17.807;5537.620;0.00646;-0.33330;0.29452;0
MAGN;17.808;5537.622;-15.01875;44.30625;-40.16250;0
GYRO;17.813;5537.628;0.07068;-0.40411;0.36135;0
MAGN;17.818;5537.633;-14.98125;44.26875;-40.16250;0
ACCE;17.820;5537.636;-0.20400;0.03105;10.33905;0
AHRS;17.822;5537.636;-3.5017;2.9488;-22.0938;-0.02505;0.03109;-0.19223;3
GYRO;17.822;5537.636;0.00687;-0.46805;0.41896;0
MAGN;17.828;5537.643;-14.96250;44.26875;-40.16250;0
GYRO;17.829;5537.645;0.07068;-0.51824;0.46104;0
ACCE;17.836;5537.652;-0.35700;0.16500;10.56795;0
MAGN;17.838;5537.653;-14.94375;44.25000;-40.14375;0
AHRS;17.844;5537.660;-3.5017;2.9488;-22.0938;-0.02505;0.03109;-0.19223;3
GYRO;17.846;5537.660;0.07810;-0.53446;0.47726;0
MAGN;17.849;5537.663;-14.90625;44.23125;-40.12500;0
ACCE;17.852;5537.668;-0.47205;0.12705;10.41495;0
GYRO;17.853;5537.668;0.10079;-0.54904;0.50627;0
MAGN;17.858;5537.673;-14.86875;44.21250;-40.12500;0
ACCE;17.868;5537.683;-0.49095;0.28005;9.93600;0
AHRS;17.869;5537.683;-2.6510;2.8570;-21.7383;-0.01801;0.02884;-0.18902;3
GYRO;17.871;5537.683;0.12306;-0.52236;0.49913;0
MAGN;17.872;5537.683;-14.83125;44.17500;-40.18125;0
GYRO;17.877;5537.691;0.15868;-0.50050;0.50724;0
MAGN;17.878;5537.693;-14.79375;44.13750;-40.23750;0
ACCE;17.884;5537.699;-0.16605;0.14595;9.59205;0
AHRS;17.885;5537.699;-2.6510;2.8570;-21.7383;-0.01801;0.02884;-0.18902;3
GYRO;17.887;5537.699;0.18081;-0.46777;0.49940;0
MAGN;17.888;5537.703;-14.75625;44.08125;-40.25625;0
SOUN;17.889;26.05;0.00079;31.99
GYRO;17.900;5537.707;0.20267;-0.42983;0.48208;0
MAGN;17.903;5537.713;-14.70000;44.04375;-40.23750;0
ACCE;17.904;5537.714;-0.14700;0.35700;9.45795;0
AHRS;17.908;5537.723;-2.0430;2.8577;-21.3913;-0.01288;0.02781;-0.18594;3
GYRO;17.909;5537.723;0.20735;-0.38170;0.44633;0
MAGN;17.910;5537.723;-14.64375;43.98750;-40.25625;0
ACCE;17.915;5537.731;-0.07005;0.49095;9.30405;0
GYRO;17.916;5537.731;0.23279;-0.33591;0.42171;0
MAGN;17.917;5537.733;-14.58750;43.96875;-40.27500;0
AHRS;17.923;5537.739;-2.0430;2.8577;-21.3913;-0.01288;0.02781;-0.18594;3
GYRO;17.924;5537.739;0.26867;-0.27500;0.38087;0
MAGN;17.928;5537.743;-14.55000;43.93125;-40.29375;0
ACCE;17.931;5537.746;-0.22305;0.62505;9.03600;0
GYRO;17.933;5537.746;0.31598;-0.20941;0.33770;0
MAGN;17.940;5537.753;-14.51250;43.87500;-40.29375;0
AHRS;17.940;5537.754;-2.0428;2.8577;-21.3913;-0.01288;0.02781;-0.18594;3
GYRO;17.941;5537.754;0.37180;-0.16431;0.31446;0
ACCE;17.947;5537.762;-0.35700;0.66300;8.88300;0
GYRO;17.948;5537.762;0.40961;-0.09708;0.25836;0
MAGN;17.948;5537.763;-14.49375;43.80000;-40.27500;0
LIGH;17.955;5537.770;83.1;3
AHRS;17.957;5537.770;-2.0428;2.8577;-21.3913;-0.01288;0.02781;-0.18594;3
GYRO;17.958;5537.770;0.43643;-0.00591;0.22894;0
MAGN;17.958;5537.772;-14.47500;43.74375;-40.23750;0
ACCE;17.962;5537.778;-0.33795;0.54795;9.38100;0
MAGN;17.968;5537.783;-14.45625;43.66875;-40.25625;0
GYRO;17.973;5537.786;0.42818;-0.00165;0.18287;0
ACCE;17.977;5537.793;-0.51000;0.62505;9.93600;0
MAGN;17.978;5537.793;-14.45625;43.59375;-40.25625;0
AHRS;17.987;5537.802;-2.0428;2.8577;-21.3913;-0.01288;0.02781;-0.18594;3
GYRO;17.988;5537.802;0.42666;0.00385;0.12788;0
MAGN;17.988;5537.803;-14.43750;43.53750;-40.23750;0
ACCE;17.995;5537.809;-0.64500;0.66300;10.39605;0
GYRO;17.996;5537.809;0.44853;0.09405;0.00797;0
MAGN;17.998;5537.813;-14.41875;43.48125;-40.23750;0
AHRS;18.001;5537.817;-2.0428;2.8577;-21.3913;-0.01288;0.02781;-0.18594;3
GYRO;18.003;5537.817;0.47121;0.12636;0.00564;0
MAGN;18.009;5537.823;-14.38125;43.42500;-40.25625;0
ACCE;18.011;5537.824;-0.64500;0.51000;10.53000;0
GYRO;18.018;5537.833;0.43285;0.14946;0.00124;0
MAGN;18.019;5537.833;-14.36250;43.38750;-40.25625;0
ACCE;18.032;5537.841;-0.58695;0.43305;10.35795;0
AHRS;18.033;5537.841;-2.0428;2.8577;-21.3913;-0.01288;0.02781;-0.18594;3
GYRO;18.034;5537.841;0.39504;0.17339;-0.00344;0
MAGN;18.034;5537.843;-14.34375;43.35000;-40.23750;0
GYRO;18.035;5537.849;0.36190;0.20047;-0.00756;0
MAGN;18.040;5537.853;-14.34375;43.31250;-40.23750;0
ACCE;18.043;5537.857;-0.66405;0.45300;9.93600;0
AHRS;18.043;5537.857;-2.0427;2.8577;-21.3913;-0.01288;0.02781;-0.18594;3
GYRO;18.045;5537.857;0.31488;0.22041;-0.11137;0
MAGN;18.048;5537.863;-14.36250;43.27500;-40.18125;0
GYRO;18.049;5537.865;0.25602;0.24296;-0.16156;0
ACCE;18.058;5537.873;-0.54900;0.47205;9.47700;0
AHRS;18.059;5537.873;-0.1611;3.2599;-21.0624;0.00382;0.02822;-0.18274;3
GYRO;18.059;5537.873;0.20776;0.25273;-0.20116;0
MAGN;18.061;5537.873;-14.36250;43.23750;-40.16250;0
GYRO;18.066;5537.880;0.17243;0.26978;-0.23732;0
MAGN;18.071;5537.883;-14.34375;43.20000;-40.18125;0
ACCE;18.076;5537.888;-0.31905;0.39495;9.28500;0
AHRS;18.077;5537.888;-0.1610;3.2599;-21.0624;0.00382;0.02822;-0.18274;3
GYRO;18.081;5537.888;0.12746;0.26359;-0.25300;0
MAGN;18.081;5537.893;-14.34375;43.16250;-40.23750;0
GYRO;18.081;5537.896;0.00577;0.23265;-0.26441;0
MAGN;18.088;5537.903;-14.34375;43.10625;-40.25625;0
ACCE;18.088;5537.904;-0.39600;0.49095;9.16995;0
AHRS;18.088;5537.904;-0.1610;3.2599;-21.0624;0.00382;0.02822;-0.18274;3
GYRO;18.088;5537.904;0.00014;0.21505;-0.29081;0
GYRO;18.096;5537.912;-0.00069;0.21876;-0.31144;0
MAGN;18.096;5537.913;-14.34375;43.08750;-40.31250;0
ACCE;18.106;5537.920;-0.41505;0.51000;9.47700;0
AHRS;18.106;5537.920;0.5899;3.0555;-20.7406;0.00986;0.02530;-0.17981;3
GYRO;18.107;5537.920;-0.00247;0.19387;-0.30291;0
MAGN;18.108;5537.923;-14.36250;43.03125;-40.33125;0
GYRO;18.113;5537.928;-0.00632;0.13805;-0.27995;0
LIGH;18.114;5537.929;92.8;3
MAGN;18.118;5537.933;-14.36250;42.95625;-40.31250;0
ACCE;18.118;5537.935;-0.33795;0.49095;9.72600;0
AHRS;18.127;5537.943;0.5899;3.0555;-20.7406;0.00986;0.02530;-0.17981;3
GYRO;18.128;5537.943;-0.08195;0.08759;-0.24076;0
MAGN;18.129;5537.943;-14.38125;42.90000;-40.33125;0
GNSS;18.134;1745934481.740;24.926136;121.252946;194.900;0.000;12.1;0.0;48;10
ACCE;18.136;5537.951;-0.45300;0.73995;9.95595;0
GYRO;18.136;5537.951;-0.07329;0.00275;-0.17779;0
MAGN;18.136;5537.953;-14.40000;42.84375;-40.31250;0
AHRS;18.144;5537.959;0.5900;3.0555;-20.7406;0.00986;0.02530;-0.17981;3
GYRO;18.144;5537.959;-0.00371;-0.00082;-0.13283;0
MAGN;18.148;5537.963;-14.45625;42.80625;-40.33125;0
ACCE;18.151;5537.967;-0.62505;0.98895;10.12800;0
GYRO;18.155;5537.967;0.00234;-0.00302;-0.09556;0
GNSS;18.157;1745934481.740;24.926136;121.252946;194.900;0.000;12.1;0.0;48;10
MAGN;18.158;5537.973;-14.47500;42.76875;-40.35000;0
ACCE;18.168;5537.983;-0.66405;0.93105;9.97500;0
AHRS;18.168;5537.983;0.5900;3.0555;-20.7406;0.00986;0.02530;-0.17981;3
GYRO;18.173;5537.983;0.00632;-0.00357;-0.00701;0
MAGN;18.173;5537.983;-14.51250;42.71250;-40.33125;0
GYRO;18.175;5537.991;0.09776;-0.00261;-0.00564;0
MAGN;18.178;5537.993;-14.53125;42.67500;-40.29375;0
ACCE;18.184;5537.999;-0.75900;0.43305;10.06995;0
AHRS;18.187;5537.999;0.5900;3.0555;-20.7406;0.00986;0.02530;-0.17981;3
GYRO;18.187;5537.999;0.10972;-0.00165;-0.00522;0
MAGN;18.189;5538.003;-14.56875;42.67500;-40.27500;0
GYRO;18.190;5538.006;0.00316;-0.00234;-0.00591;0
MAGN;18.198;5538.013;-14.60625;42.67500;-40.29375;0
ACCE;18.199;5538.014;-0.31905;-0.61905;11.00895;0
AHRS;18.200;5538.014;1.6173;2.8649;-20.7325;0.01838;0.02205;-0.17952;3
GYRO;18.200;5538.014;-0.00632;-0.00467;-0.00577;0
GYRO;18.207;5538.022;-0.15262;-0.00289;-0.09281;0
MAGN;18.221;5538.023;-14.62500;42.67500;-40.27500;0
ACCE;18.221;5538.030;-0.70200;-0.86805;12.13905;0
AHRS;18.221;5538.030;1.6172;2.8649;-20.7325;0.01837;0.02205;-0.17952;3
GYRO;18.222;5538.030;-0.26386;0.00041;-0.15056;0
MAGN;18.222;5538.033;-14.62500;42.65625;-40.27500;0
GYRO;18.222;5538.038;-0.40837;0.00344;-0.21560;0
GNSS;18.223;1745934484.000;24.926195;121.252922;194.200;288.010;4.3;0.0;48;10
GNSS;18.223;1745934484.000;24.926195;121.252922;194.200;288.010;4.3;0.0;48;10
MAGN;18.228;5538.043;-14.64375;42.65625;-40.27500;0
ACCE;18.230;5538.046;-0.68295;-1.21200;13.09605;0
AHRS;18.231;5538.046;1.6172;2.8649;-20.7325;0.01837;0.02205;-0.17952;3
GYRO;18.232;5538.046;-0.58382;0.00357;-0.25891;0
MAGN;18.239;5538.053;-14.62500;42.65625;-40.31250;0
GNSS;18.240;1745934483.132;24.926195;121.252922;194.900;0.000;4.3;0.0;48;10
ACCE;18.247;5538.062;-0.70200;-1.46100;13.07700;0
GYRO;18.247;5538.062;-0.71087;0.00344;-0.28655;0
MAGN;18.249;5538.063;-14.62500;42.67500;-40.36875;0
AHRS;18.254;5538.069;1.6172;2.8649;-20.7325;0.01837;0.02205;-0.17952;3
GYRO;18.254;5538.069;-0.86322;0.00522;-0.35530;0
MAGN;18.258;5538.073;-14.64375;42.67500;-40.38750;0
ACCE;18.262;5538.077;-0.70200;-1.17405;11.65995;0
GYRO;18.263;5538.077;-1.00458;0.00687;-0.41030;0
MAGN;18.269;5538.083;-14.64375;42.71250;-40.33125;0
LIGH;18.274;5538.090;97.6;3
ACCE;18.278;5538.093;-0.52995;-1.00200;10.22400;0
AHRS;18.278;5538.093;1.6172;2.8649;-20.7325;0.01837;0.02205;-0.17952;3
GYRO;18.279;5538.093;-1.06645;0.00605;-0.41113;0
MAGN;18.280;5538.093;-14.62500;42.73125;-40.29375;0
GYRO;18.289;5538.101;-1.11994;0.00522;-0.41071;0
MAGN;18.289;5538.103;-14.60625;42.76875;-40.25625;0
ACCE;18.293;5538.109;-0.47205;-0.88695;9.32400;0
AHRS;18.294;5538.109;1.6172;2.8649;-20.7325;0.01837;0.02205;-0.17952;3
GYRO;18.296;5538.109;-1.16352;0.07054;-0.43065;0
MAGN;18.297;5538.112;-14.58750;42.76875;-40.23750;0
GYRO;18.305;5538.117;-1.19240;0.00687;-0.42405;0
MAGN;18.308;5538.123;-14.58750;42.80625;-40.23750;0
ACCE;18.308;5538.125;-0.58695;-0.63795;8.92200;0
AHRS;18.309;5538.125;1.6172;2.8649;-20.7325;0.01837;0.02205;-0.17952;3
GYRO;18.310;5538.125;-1.17260;0.00426;-0.39545;0
MAGN;18.317;5538.133;-14.58750;42.82500;-40.25625;0
ACCE;18.325;5538.140;-0.89295;-0.48495;8.95995;0
GYRO;18.325;5538.140;-1.07924;0.00371;-0.36245;0
MAGN;18.326;5538.142;-14.58750;42.80625;-40.23750;0
AHRS;18.333;5538.148;1.6172;2.8649;-20.7325;0.01837;0.02205;-0.17952;3
GYRO;18.334;5538.148;-0.96140;0.00454;-0.31653;0
MAGN;18.338;5538.153;-14.56875;42.82500;-40.16250;0
ACCE;18.340;5538.156;-0.58695;-0.52305;9.51495;0
GYRO;18.341;5538.156;-0.88633;0.00687;-0.28738;0
MAGN;18.348;5538.163;-14.53125;42.82500;-40.16250;0
AHRS;18.349;5538.164;1.6172;2.8649;-20.7325;0.01837;0.02205;-0.17952;3
GYRO;18.351;5538.164;-0.75542;0.07452;-0.22866;0
ACCE;18.357;5538.172;-0.51000;-0.94395;9.95595;0
GYRO;18.357;5538.172;-0.64996;0.00481;-0.15936;0
MAGN;18.359;5538.173;-14.53125;42.84375;-40.16250;0
AHRS;18.364;5538.180;1.6171;2.8648;-20.7325;0.01837;0.02205;-0.17952;3
GYRO;18.365;5538.180;-0.60803;0.00082;-0.11192;0
MAGN;18.371;5538.183;-14.53125;42.86250;-40.10625;0
ACCE;18.372;5538.188;-0.10800;-1.19295;9.76395;0
GYRO;18.373;5538.188;-0.49968;-0.00179;-0.00605;0
MAGN;18.378;5538.193;-14.53125;42.88125;-40.05000;0
ACCE;18.388;5538.203;-0.45300;-1.09800;9.05595;0
SOUN;18.388;82.04;0.00250;41.95
AHRS;18.392;5538.203;-0.0666;2.7741;-21.0156;0.00384;0.02391;-0.18233;3
GYRO;18.393;5538.203;-0.35695;-0.00124;-0.00247;0
MAGN;18.393;5538.203;-14.51250;42.88125;-40.01250;0
GYRO;18.397;5538.211;-0.24351;-0.00192;0.00096;0
MAGN;18.397;5538.213;-14.51250;42.90000;-39.97500;0
ACCE;18.404;5538.219;-0.43395;-1.30800;8.65305;0
AHRS;18.405;5538.219;-0.0667;2.7740;-21.0156;0.00384;0.02391;-0.18233;3
GYRO;18.406;5538.219;-0.18535;-0.00220;0.00179;0
MAGN;18.408;5538.223;-14.51250;42.90000;-39.93750;0
GYRO;18.411;5538.227;-0.18837;-0.00385;0.00192;0
MAGN;18.422;5538.233;-14.51250;42.91875;-39.91875;0
ACCE;18.423;5538.234;-0.30000;-1.30800;8.86395;0
AHRS;18.427;5538.243;-0.0667;2.7740;-21.0156;0.00384;0.02391;-0.18233;3
GYRO;18.429;5538.243;-0.18714;-0.00440;0.00041;0
MAGN;18.438;5538.243;-14.51250;42.91875;-39.91875;0
LIGH;18.438;5538.250;111.5;3
ACCE;18.439;5538.250;-0.49095;-1.48095;9.07500;0
MAGN;18.442;5538.253;-14.49375;42.93750;-39.97500;0
GYRO;18.444;5538.259;-0.21629;-0.07837;-0.00110;0
MAGN;18.448;5538.263;-14.45625;42.93750;-40.03125;0
ACCE;18.452;5538.266;-0.18495;-1.76805;9.22800;0
AHRS;18.453;5538.266;-0.0667;2.7740;-21.0156;0.00384;0.02391;-0.18233;3
GYRO;18.453;5538.266;-0.30401;-0.13750;-0.00206;0
MAGN;18.458;5538.273;-14.41875;42.93750;-40.08750;0
GYRO;18.458;5538.274;-0.38170;-0.18521;-0.00275;0
ACCE;18.467;5538.282;-0.01305;-1.86405;9.53400;0
AHRS;18.467;5538.282;-0.0667;2.7740;-21.0156;0.00384;0.02391;-0.18233;3
GYRO;18.468;5538.282;-0.47712;-0.23265;-0.00412;0
MAGN;18.468;5538.283;-14.38125;42.93750;-40.14375;0
GYRO;18.475;5538.290;-0.56045;-0.25547;-0.00701;0
MAGN;18.478;5538.293;-14.38125;42.93750;-40.16250;0
ACCE;18.482;5538.298;0.06300;-1.59495;9.78300;0
AHRS;18.483;5538.298;-1.6271;2.7992;-21.3451;-0.00943;0.02663;-0.18546;3
GYRO;18.484;5538.298;-0.65230;-0.31336;-0.00784;0
MAGN;18.488;5538.303;-14.36250;42.93750;-40.20000;0
GYRO;18.490;5538.306;-0.69671;-0.37922;-0.00564;0
ACCE;18.497;5538.313;0.17805;-1.11705;9.78300;0
MAGN;18.498;5538.313;-14.36250;42.91875;-40.21875;0
AHRS;18.507;5538.322;-1.6271;2.7992;-21.3451;-0.00943;0.02663;-0.18546;3
GYRO;18.507;5538.322;-0.66839;-0.40095;-0.00247;0
MAGN;18.507;5538.323;-14.38125;42.90000;-40.23750;0
ACCE;18.514;5538.329;0.02505;-1.02105;9.63000;0
GYRO;18.515;5538.329;-0.62576;-0.41346;-0.00027;0
MAGN;18.518;5538.333;-14.41875;42.86250;-40.25625;0
AHRS;18.522;5538.337;-1.6272;2.7992;-21.3451;-0.00943;0.02663;-0.18546;3
GYRO;18.523;5538.337;-0.58713;-0.42749;0.00124;0
MAGN;18.528;5538.343;-14.43750;42.84375;-40.21875;0
ACCE;18.534;5538.344;-0.16605;-0.94395;9.63000;0
GYRO;18.538;5538.353;-0.54299;-0.43120;0.00289;0
MAGN;18.539;5538.353;-14.45625;42.84375;-40.20000;0
ACCE;18.545;5538.361;-0.33795;-0.88695;10.09005;0
AHRS;18.546;5538.361;-2.7739;2.5741;-21.6812;-0.01954;0.02661;-0.18851;3
GYRO;18.548;5538.361;-0.40975;-0.41566;0.00687;0
MAGN;18.548;5538.363;-14.47500;42.86250;-40.21875;0
GYRO;18.554;5538.369;-0.23884;-0.35833;0.00825;0
MAGN;18.558;5538.373;-14.49375;42.86250;-40.20000;0
ACCE;18.561;5538.377;-0.37605;-0.73395;10.70205;0
AHRS;18.562;5538.377;-2.7740;2.5741;-21.6812;-0.01954;0.02661;-0.18851;3
GYRO;18.563;5538.377;-0.00467;-0.27858;0.09914;0
MAGN;18.568;5538.383;-14.51250;42.86250;-40.20000;0
GYRO;18.569;5538.384;0.14795;-0.23471;0.14754;0
ACCE;18.577;5538.392;-0.72105;-0.63795;10.87500;0
AHRS;18.577;5538.392;-2.7740;2.5741;-21.6812;-0.01954;0.02661;-0.18851;3
GYRO;18.578;5538.392;0.33550;-0.14327;0.16225;0
MAGN;18.579;5538.393;-14.55000;42.86250;-40.23750;0
GYRO;18.584;5538.400;0.51893;-0.00426;0.16844;0
MAGN;18.588;5538.403;-14.58750;42.86250;-40.25625;0
ACCE;18.593;5538.408;-0.33795;-0.31200;10.45305;0
AHRS;18.593;5538.408;-2.7740;2.5741;-21.6812;-0.01954;0.02661;-0.18851;3
GYRO;18.594;5538.408;0.65794;0.00082;0.18081;0
LIGH;18.595;5538.409;115.0;3
MAGN;18.598;5538.413;-14.64375;42.86250;-40.23750;0
GYRO;18.603;5538.416;0.79255;0.00426;0.20955;0
MAGN;18.608;5538.423;-14.66250;42.86250;-40.18125;0
ACCE;18.608;5538.424;-0.24195;-0.12105;10.10895;0
AHRS;18.609;5538.424;-3.4527;2.4459;-22.0274;-0.02549;0.02669;-0.19154;3
GYRO;18.609;5538.424;0.91754;0.00632;0.26111;0
GYRO;18.617;5538.432;1.03042;0.12430;0.26015;0
MAGN;18.617;5538.433;-14.68125;42.88125;-40.18125;0
ACCE;18.624;5538.440;-0.87405;-0.08295;9.38100;0
AHRS;18.625;5538.440;-3.4527;2.4459;-22.0274;-0.02549;0.02669;-0.19154;3
GYRO;18.626;5538.440;1.08749;0.23292;0.20020;0
MAGN;18.626;5538.443;-14.71875;42.91875;-40.21875;0
GYRO;18.632;5538.448;1.10385;0.28600;0.16266;0
MAGN;18.638;5538.453;-14.75625;42.91875;-40.23750;0
ACCE;18.639;5538.455;-0.56805;-0.00600;9.09405;0
AHRS;18.648;5538.463;-3.4527;2.4459;-22.0274;-0.02549;0.02669;-0.19154;3
GYRO;18.649;5538.463;1.06260;0.31735;0.12279;0
MAGN;18.650;5538.463;-14.77500;42.91875;-40.21875;0
ACCE;18.656;5538.471;-0.30000;-0.25500;9.45795;0
GYRO;18.658;5538.471;1.03290;0.35571;0.00770;0
MAGN;18.663;5538.473;-14.81250;42.95625;-40.21875;0
AHRS;18.664;5538.479;-3.8635;2.4792;-22.3625;-0.02887;0.02775;-0.19447;3
GYRO;18.665;5538.479;0.98409;0.32175;0.00852;0
MAGN;18.669;5538.483;-14.81250;42.97500;-40.21875;0
ACCE;18.672;5538.487;-0.22305;-0.25500;9.84105;0
GYRO;18.672;5538.487;0.91410;0.28655;0.00839;0
MAGN;18.679;5538.493;-14.83125;42.99375;-40.21875;0
ACCE;18.688;5538.503;-0.08895;-0.17805;9.99405;0
AHRS;18.688;5538.503;-3.8635;2.4792;-22.3625;-0.02887;0.02775;-0.19447;3
GYRO;18.688;5538.503;0.80424;0.24695;0.00784;0
MAGN;18.689;5538.503;-14.83125;43.03125;-40.20000;0
GYRO;18.695;5538.511;0.70977;0.20639;0.08965;0
MAGN;18.698;5538.513;-14.85000;43.06875;-40.18125;0
ACCE;18.703;5538.519;-0.03195;-0.23595;9.76395;0
AHRS;18.705;5538.519;-3.8635;2.4793;-22.3625;-0.02887;0.02775;-0.19447;3
GYRO;18.705;5538.519;0.59373;0.16830;0.00839;0
MAGN;18.708;5538.523;-14.86875;43.10625;-40.16250;0
GYRO;18.711;5538.526;0.48482;0.00564;0.14259;0
MAGN;18.719;5538.533;-14.86875;43.16250;-40.16250;0
ACCE;18.720;5538.534;0.08205;-0.54195;9.59205;0
AHRS;18.720;5538.534;-3.8637;2.4793;-22.3625;-0.02887;0.02775;-0.19447;3
GYRO;18.721;5538.534;0.37414;-0.08566;0.22027;0
WIFI;18.728;5488.545;All money go my home;c2:25:2f:7c:70:23;-82
WIFI;18.728;5488.545;All money go my home;c2:25:2f:2c:70:22;-89
WIFI;18.728;5488.545;Fang;dc:62:79:cb:0e:9b;-77
WIFI;18.728;5488.545;CHENS-7011;b8:55:10:cc:48:30;-65
WIFI;18.728;5488.545;;c0:25:2f:ac:70:23;-82
WIFI;18.728;5488.545;Tenda_8CC950_5G;d8:32:14:8c:c9:55;-90
WIFI;18.728;5488.545;98-14;d8:07:b6:32:4f:72;-94
WIFI;18.728;5488.545;98-14;d8:07:b6:32:4f:73;-92
WIFI;18.728;5488.545;Fang-3F_5G;cc:d8:43:b7:7d:43;-48
WIFI;18.728;5488.545;笨笨龍;04:09:86:27:19:3a;-81
WIFI;18.728;5488.545;98-14;d8:07:b6:32:4f:32;-92
WIFI;18.728;5488.545;;ce:d8:43:c7:7d:42;-48
GYRO;18.753;5538.542;0.26029;-0.17957;0.26373;0
MAGN;18.753;5538.543;-14.88750;43.18125;-40.12500;0
ACCE;18.753;5538.550;0.04395;-0.48495;9.41895;0
AHRS;18.754;5538.550;-3.8637;2.4793;-22.3625;-0.02887;0.02775;-0.19447;3
GYRO;18.754;5538.550;0.20487;-0.23141;0.28875;0
MAGN;18.754;5538.553;-14.90625;43.21875;-40.03125;0
GYRO;18.755;5538.558;0.12526;-0.27074;0.29879;0
MAGN;18.755;5538.563;-14.90625;43.23750;-39.95625;0
ACCE;18.755;5538.565;-0.16605;-0.21705;9.24705;0
LIGH;18.755;5538.570;119.1;3
AHRS;18.759;5538.573;-3.8637;2.4793;-22.3625;-0.02887;0.02775;-0.19447;3
GYRO;18.760;5538.573;0.07975;-0.28462;0.29494;0
MAGN;18.760;5538.573;-14.94375;43.25625;-39.88125;0
ACCE;18.766;5538.582;-0.26205;0.16500;8.84505;0
GYRO;18.767;5538.582;0.00467;-0.32601;0.31488;0
MAGN;18.768;5538.583;-14.96250;43.27500;-39.80625;0
AHRS;18.774;5538.589;-4.4966;1.9853;-22.1818;-0.03516;0.02453;-0.19286;3
GYRO;18.775;5538.589;0.00454;-0.32959;0.32491;0
MAGN;18.779;5538.593;-14.96250;43.31250;-39.78750;0
ACCE;18.782;5538.597;-0.30000;0.29895;8.38500;0
GYRO;18.783;5538.597;0.00495;-0.32945;0.32491;0
MAGN;18.788;5538.603;-14.96250;43.33125;-39.76875;0
ACCE;18.798;5538.613;-0.28095;0.28005;8.65305;0
AHRS;18.798;5538.613;-4.4967;1.9854;-22.1818;-0.03516;0.02453;-0.19286;3
GYRO;18.800;5538.613;0.00467;-0.30154;0.29054;0
MAGN;18.801;5538.613;-14.98125;43.36875;-39.73125;0
GYRO;18.805;5538.621;0.08772;-0.23237;0.24159;0
MAGN;18.806;5538.623;-14.98125;43.38750;-39.67500;0
ACCE;18.813;5538.629;-0.31905;0.33795;9.84105;0
AHRS;18.814;5538.629;-4.4965;1.9854;-22.1818;-0.03516;0.02453;-0.19286;3
GYRO;18.816;5538.629;0.15015;-0.17119;0.20749;0
MAGN;18.816;5538.632;-14.96250;43.42500;-39.65625;0
GYRO;18.821;5538.637;0.22495;-0.11605;0.19071;0
MAGN;18.828;5538.643;-14.94375;43.48125;-39.65625;0
ACCE;18.829;5538.644;-0.35700;0.33795;10.68300;0
AHRS;18.829;5538.644;-3.8519;1.8310;-21.7427;-0.02999;0.02202;-0.18900;3
GYRO;18.830;5538.644;0.29686;-0.00660;0.18191;0
GYRO;18.837;5538.652;0.37290;-0.00302;0.18961;0
MAGN;18.838;5538.653;-14.94375;43.51875;-39.61875;0
ACCE;18.845;5538.660;-0.28095;0.39495;10.89405;0
AHRS;18.846;5538.660;-3.8519;1.8310;-21.7427;-0.02999;0.02202;-0.18900;3
GYRO;18.846;5538.660;0.44069;0.00082;0.18466;0
MAGN;18.847;5538.662;-14.94375;43.53750;-39.56250;0
GYRO;18.852;5538.668;0.50710;0.08924;0.14410;0
MAGN;18.859;5538.673;-14.94375;43.55625;-39.54375;0
ACCE;18.861;5538.676;-0.28095;0.47205;10.74105;0
AHRS;18.862;5538.676;-3.3107;1.7381;-21.3956;-0.02557;0.02026;-0.18596;3
GYRO;18.863;5538.676;0.57544;0.14176;0.12072;0
MAGN;18.868;5538.683;-14.92500;43.59375;-39.56250;0
GYRO;18.869;5538.684;0.62645;0.18975;0.09391;0
ACCE;18.877;5538.692;-0.31905;0.60600;10.60695;0
AHRS;18.878;5538.692;-3.3107;1.7381;-21.3956;-0.02557;0.02026;-0.18596;3
GYRO;18.880;5538.692;0.68406;0.20969;0.10148;0
MAGN;18.881;5538.693;-14.90625;43.61250;-39.54375;0
GYRO;18.884;5538.700;0.66137;0.18824;0.11619;0
MAGN;18.888;5538.703;-14.88750;43.63125;-39.48750;0
SOUN;18.890;45.19;0.00138;36.77
ACCE;18.899;5538.708;0.06300;0.51000;10.28100;0
AHRS;18.900;5538.708;-2.8490;1.5449;-20.9857;-0.02199;0.01778;-0.18237;3
GYRO;18.901;5538.708;0.63085;0.15029;0.14520;0
MAGN;18.902;5538.713;-14.83125;43.68750;-39.46875;0
ACCE;18.907;5538.723;0.02505;0.56700;9.89805;0
GYRO;18.908;5538.723;0.59235;0.11646;0.16046;0
MAGN;18.910;5538.723;-14.79375;43.70625;-39.43125;0
LIGH;18.914;5538.730;119.8;3
MAGN;18.920;5538.733;-14.75625;43.72500;-39.41250;0
ACCE;18.924;5538.739;0.12000;0.60600;9.68700;0
AHRS;18.925;5538.739;-2.4279;1.3910;-20.5029;-0.01869;0.01571;-0.17817;3
GYRO;18.925;5538.739;0.55261;0.07397;0.18026;0
MAGN;18.926;5538.743;-14.73750;43.76250;-39.35625;0
GYRO;18.931;5538.747;0.52085;0.00137;0.22110;0
MAGN;18.938;5538.753;-14.71875;43.80000;-39.31875;0
ACCE;18.939;5538.754;0.31200;0.60600;9.59205;0
AHRS;18.948;5538.763;-2.4279;1.3910;-20.5029;-0.01869;0.01571;-0.17817;3
GYRO;18.949;5538.763;0.46420;-0.00371;0.24447;0
MAGN;18.950;5538.763;-14.66250;43.80000;-39.30000;0
ACCE;18.955;5538.771;0.29295;0.64395;9.22800;0
GYRO;18.957;5538.771;0.40631;-0.11316;0.29631;0
MAGN;18.958;5538.773;-14.64375;43.81875;-39.28125;0
AHRS;18.963;5538.778;-1.9004;1.2044;-20.0428;-0.01450;0.01323;-0.17415;3
GYRO;18.964;5538.778;0.34829;-0.18920;0.34141;0
MAGN;18.968;5538.783;-14.58750;43.81875;-39.24375;0
ACCE;18.971;5538.786;0.38895;0.68205;8.88300;0
GYRO;18.972;5538.786;0.28806;-0.27129;0.39243;0
MAGN;18.978;5538.793;-14.56875;43.81875;-39.20625;0
AHRS;18.979;5538.794;-1.5104;1.0596;-19.7095;-0.01140;0.01137;-0.17125;3
GYRO;18.979;5538.794;0.24131;-0.35337;0.44495;0
ACCE;18.987;5538.802;0.52305;0.60600;8.90205;0
GYRO;18.987;5538.802;0.23430;-0.40700;0.48978;0
MAGN;18.988;5538.803;-14.53125;43.81875;-39.18750;0
AHRS;18.995;5538.810;-0.8782;0.8195;-19.2521;-0.00636;0.00833;-0.16726;3
GYRO;18.995;5538.810;0.22784;-0.44481;0.52965;0
MAGN;18.996;5538.812;-14.49375;43.81875;-39.13125;0
ACCE;19.004;5538.818;0.63705;0.43305;9.43905;0
GYRO;19.004;5538.818;0.22261;-0.50779;0.58492;0
MAGN;19.008;5538.823;-14.47500;43.83750;-39.11250;0
ACCE;19.018;5538.833;0.84795;0.26100;10.26195;0
AHRS;19.020;5538.833;-0.8781;0.8195;-19.2521;-0.00636;0.00833;-0.16726;3
GYRO;19.021;5538.833;0.19539;-0.53955;0.59868;0
MAGN;19.022;5538.833;-14.45625;43.85625;-39.07500;0
GYRO;19.026;5538.842;0.14919;-0.59648;0.62439;0
MAGN;19.027;5538.843;-14.41875;43.87500;-39.05625;0
ACCE;19.034;5538.849;0.84795;0.28005;10.83600;0
AHRS;19.036;5538.849;-0.2472;0.5725;-18.7686;-0.00131;0.00528;-0.16306;3
GYRO;19.037;5538.849;0.12444;-0.64694;0.66467;0
MAGN;19.038;5538.852;-14.38125;43.91250;-39.07500;0
GYRO;19.043;5538.857;0.07631;-0.65422;0.66385;0
MAGN;19.050;5538.863;-14.36250;43.95000;-39.07500;0
ACCE;19.051;5538.865;0.65700;0.24195;11.12400;0
AHRS;19.058;5538.873;0.2101;0.3926;-18.3615;0.00236;0.00309;-0.15954;3
GYRO;19.060;5538.873;0.00261;-0.62673;0.62466;0
MAGN;19.060;5538.873;-14.34375;43.98750;-39.07500;0
ACCE;19.067;5538.881;0.50295;0.08895;11.35305;0
GYRO;19.068;5538.881;-0.00605;-0.59317;0.57076;0
MAGN;19.068;5538.883;-14.32500;44.00625;-39.05625;0
LIGH;19.074;5538.889;119.1;3
AHRS;19.074;5538.889;0.2101;0.3926;-18.3615;0.00236;0.00309;-0.15954;3
GYRO;19.076;5538.889;-0.14589;-0.53941;0.50146;0
MAGN;19.077;5538.892;-14.32500;44.02500;-39.03750;0
ACCE;19.081;5538.897;0.27405;0.10800;11.41095;0
MAGN;19.088;5538.903;-14.30625;44.02500;-38.98125;0
GYRO;19.089;5538.904;-0.19869;-0.45980;0.41181;0
ACCE;19.101;5538.912;-0.07005;0.26100;11.08500;0
AHRS;19.101;5538.912;0.2103;0.3927;-18.3615;0.00236;0.00309;-0.15954;3
GYRO;19.101;5538.912;-0.25424;-0.35640;0.30002;0
MAGN;19.102;5538.913;-14.28750;44.02500;-38.98125;0
GYRO;19.105;5538.920;-0.29480;-0.23306;0.18081;0
MAGN;19.109;5538.923;-14.25000;44.04375;-39.00000;0
ACCE;19.113;5538.928;-0.16605;0.41400;10.64505;0
AHRS;19.114;5538.928;0.7262;0.2108;-17.9686;0.00655;0.00083;-0.15615;3
GYRO;19.114;5538.928;-0.30566;-0.13406;0.09377;0
MAGN;19.118;5538.933;-14.23125;44.06250;-38.96250;0
GYRO;19.120;5538.936;-0.29947;0.00289;-0.00467;0
MAGN;19.128;5538.943;-14.23125;44.06250;-38.96250;0
ACCE;19.129;5538.944;-0.47205;0.52905;9.78300;0
AHRS;19.129;5538.944;0.7262;0.2108;-17.9686;0.00655;0.00083;-0.15615;3
GYRO;19.129;5538.944;-0.29741;0.18535;-0.18659;0
GYRO;19.137;5538.952;-0.28724;0.32230;-0.31309;0
MAGN;19.137;5538.953;-14.21250;44.06250;-38.98125;0
ACCE;19.144;5538.960;-0.35700;0.12705;9.82200;0
AHRS;19.145;5538.960;0.7262;0.2108;-17.9686;0.00655;0.00083;-0.15615;3
GYRO;19.146;5538.960;-0.29397;0.41814;-0.39847;0
MAGN;19.146;5538.963;-14.19375;44.08125;-38.98125;0
GYRO;19.152;5538.968;-0.27747;0.52855;-0.49651;0
MAGN;19.158;5538.973;-14.17500;44.08125;-38.98125;0
ACCE;19.160;5538.975;-0.08895;0.01200;10.58700;0
AHRS;19.168;5538.983;0.7262;0.2108;-17.9686;0.00655;0.00083;-0.15615;3
GYRO;19.170;5538.983;-0.26015;0.57104;-0.53433;0
MAGN;19.175;5538.983;-14.19375;44.06250;-38.96250;0
ACCE;19.176;5538.991;0.34995;-0.71505;11.90895;0
GYRO;19.177;5538.991;-0.31323;0.59482;-0.57393;0
MAGN;19.178;5538.993;-14.19375;44.04375;-38.94375;0
AHRS;19.183;5538.999;1.0954;0.0385;-17.6085;0.00950;-0.00113;-0.15305;3
GYRO;19.184;5538.999;-0.36658;0.58520;-0.58933;0
MAGN;19.188;5539.003;-14.17500;44.04375;-38.96250;0
ACCE;19.191;5539.007;0.31200;-1.13595;12.38700;0
GYRO;19.194;5539.007;-0.43202;0.55633;-0.58864;0
MAGN;19.198;5539.013;-14.17500;44.04375;-38.96250;0
ACCE;19.207;5539.023;0.59895;-1.32705;12.29205;0
AHRS;19.210;5539.023;1.0954;0.0385;-17.6085;0.00950;-0.00113;-0.15305;3
GYRO;19.210;5539.023;-0.45801;0.50270;-0.55206;0
MAGN;19.210;5539.023;-14.17500;44.04375;-38.98125;0
MAGN;19.229;5539.033;-14.17500;44.02500;-39.00000;0
ACCE;19.229;5539.038;0.50295;-1.11705;11.62200;0
GYRO;19.229;5539.038;-0.48496;0.43147;-0.50036;0
MAGN;19.230;5539.043;-14.17500;44.02500;-39.01875;0
GNSS;19.230;1745934485.000;24.926188;121.252920;194.200;288.010;4.3;0.0;48;9
AHRS;19.232;5539.046;0.6454;-0.4181;-17.3538;0.00502;-0.00446;-0.15088;3
GYRO;19.233;5539.046;-0.56471;0.32340;-0.43340;0
LIGH;19.233;5539.049;117.0;3
GNSS;19.234;1745934485.000;24.926188;121.252920;194.200;288.010;4.3;0.0;48;9
MAGN;19.238;5539.053;-14.17500;44.00625;-39.03750;0
ACCE;19.238;5539.054;0.48405;-0.88695;10.62600;0
GYRO;19.238;5539.054;-0.64295;0.19759;-0.35571;0
AHRS;19.252;5539.062;0.6454;-0.4181;-17.3538;0.00502;-0.00446;-0.15088;3
GYRO;19.253;5539.062;-0.70359;0.07150;-0.26812;0
MAGN;19.253;5539.063;-14.17500;44.02500;-39.05625;0
GNSS;19.253;1745934484.132;24.926189;121.252920;194.900;0.000;4.3;0.0;48;9
ACCE;19.254;5539.070;0.46500;-0.65700;10.01295;0
GYRO;19.256;5539.070;-0.75432;-0.00646;-0.16486;0
MAGN;19.256;5539.073;-14.17500;44.02500;-39.07500;0
AHRS;19.262;5539.078;0.6454;-0.4181;-17.3538;0.00502;-0.00446;-0.15088;3
GYRO;19.263;5539.078;-0.79901;-0.15950;-0.09694;0
MAGN;19.268;5539.083;-14.17500;44.02500;-39.07500;0
ACCE;19.269;5539.085;0.06300;-0.33195;9.55305;0
GYRO;19.278;5539.093;-0.73480;-0.21258;-0.00275;0
MAGN;19.278;5539.093;-14.17500;44.04375;-39.09375;0
ACCE;19.286;5539.101;0.04395;-0.13995;9.26595;0
AHRS;19.287;5539.101;0.6454;-0.4181;-17.3538;0.00502;-0.00446;-0.15088;3
GYRO;19.288;5539.101;-0.68420;-0.28078;0.00536;0
MAGN;19.290;5539.103;-14.19375;44.04375;-39.11250;0
GYRO;19.294;5539.109;-0.59414;-0.35365;0.14011;0
MAGN;19.298;5539.113;-14.19375;44.06250;-39.11250;0
ACCE;19.301;5539.117;0.10095;0.16500;9.13200;0
AHRS;19.302;5539.117;0.6454;-0.4181;-17.3538;0.00502;-0.00446;-0.15088;3
GYRO;19.304;5539.117;-0.51769;-0.38239;0.17902;0
MAGN;19.308;5539.123;-14.21250;44.04375;-39.09375;0
ACCE;19.318;5539.133;-0.79800;0.45300;8.65305;0
GYRO;19.318;5539.133;-0.44082;-0.34664;0.16830;0
MAGN;19.319;5539.133;-14.23125;44.02500;-39.11250;0
AHRS;19.325;5539.141;0.6454;-0.4181;-17.3538;0.00502;-0.00446;-0.15088;3
GYRO;19.328;5539.141;-0.29535;-0.29136;0.15428;0
MAGN;19.328;5539.143;-14.23125;43.98750;-39.13125;0
ACCE;19.333;5539.149;0.33105;-0.42705;9.05595;0
GYRO;19.334;5539.149;-0.18012;-0.24819;0.14877;0
MAGN;19.338;5539.153;-14.25000;43.98750;-39.11250;0
AHRS;19.341;5539.157;0.6454;-0.4181;-17.3538;0.00502;-0.00446;-0.15088;3
GYRO;19.342;5539.157;-0.08979;-0.23224;0.16156;0
MAGN;19.349;5539.163;-14.23125;43.95000;-39.09375;0
ACCE;19.349;5539.165;0.71400;-1.42305;9.41895;0
GYRO;19.349;5539.165;-0.00247;-0.19883;0.15194;0
AHRS;19.357;5539.172;0.2419;-0.9217;-17.1482;0.00089;-0.00827;-0.14910;3
GYRO;19.358;5539.172;-0.00110;-0.17022;0.13434;0
MAGN;19.359;5539.173;-14.26875;43.91250;-39.09375;0
ACCE;19.365;5539.180;0.82905;-1.97805;9.55305;0
GYRO;19.366;5539.180;-0.09185;-0.18755;0.12183;0
MAGN;19.366;5539.183;-14.26875;43.89375;-39.09375;0
AHRS;19.372;5539.188;0.2419;-0.9217;-17.1482;0.00089;-0.00827;-0.14910;3
GYRO;19.373;5539.188;-0.16582;-0.17201;0.00825;0
MAGN;19.378;5539.193;-14.28750;43.89375;-39.11250;0
ACCE;19.380;5539.196;-0.03195;-1.67205;9.55305;0
GYRO;19.381;5539.196;-0.23953;-0.07205;-0.00261;0
MAGN;19.388;5539.203;-14.30625;43.89375;-39.09375;0
AHRS;19.389;5539.204;0.2419;-0.9217;-17.1482;0.00089;-0.00827;-0.14910;3
GYRO;19.389;5539.204;-0.33303;0.08250;-0.18507;0
SOUN;19.390;184.98;0.00565;49.01
LIGH;19.395;5539.210;115.7;3
ACCE;19.399;5539.212;-1.02795;-1.30800;9.59205;0
GYRO;19.399;5539.212;-0.44701;0.20006;-0.32423;0
MAGN;19.399;5539.213;-14.32500;43.87500;-39.05625;0
AHRS;19.404;5539.220;-0.8931;-0.9890;-17.5178;-0.00902;-0.00734;-0.15220;3
GYRO;19.405;5539.220;-0.65780;0.26579;-0.44633;0
MAGN;19.408;5539.223;-14.36250;43.85625;-39.03750;0
ACCE;19.412;5539.228;-1.04700;-1.80600;9.78300;0
GYRO;19.413;5539.228;-0.82830;0.38142;-0.60720;0
MAGN;19.418;5539.233;-14.41875;43.81875;-39.05625;0
ACCE;19.428;5539.243;-1.12305;-2.11200;9.78300;0
AHRS;19.428;5539.243;-1.3516;-0.8406;-17.8840;-0.01279;-0.00541;-0.15533;3
GYRO;19.429;5539.243;-0.92331;0.49143;-0.74071;0
MAGN;19.432;5539.243;-14.43750;43.76250;-39.05625;0
GYRO;19.435;5539.251;-1.08845;0.63882;-0.93747;0
MAGN;19.436;5539.253;-14.45625;43.72500;-39.03750;0
ACCE;19.444;5539.259;-1.14195;-2.01705;9.26595;0
AHRS;19.445;5539.259;-1.8683;-0.6844;-18.2481;-0.01704;-0.00331;-0.15845;3
GYRO;19.445;5539.259;-1.22925;0.72091;-1.08625;0
MAGN;19.446;5539.263;-14.47500;43.66875;-39.01875;0
GYRO;19.451;5539.267;-1.31216;0.88014;-1.27628;0
MAGN;19.459;5539.273;-14.51250;43.63125;-39.01875;0
ACCE;19.459;5539.274;-0.98895;-1.93995;8.55795;0
AHRS;19.467;5539.283;-2.3320;-0.4928;-18.6531;-0.02078;-0.00094;-0.16194;3
GYRO;19.468;5539.283;-1.25991;0.98257;-1.36372;0
MAGN;19.469;5539.283;-14.55000;43.59375;-38.98125;0
ACCE;19.475;5539.291;-0.89295;-1.61505;7.86795;0
GYRO;19.476;5539.291;-1.24506;1.11416;-1.48995;0
MAGN;19.476;5539.292;-14.58750;43.55625;-39.01875;0
AHRS;19.483;5539.298;-2.7482;-0.3201;-19.0490;-0.02411;0.00121;-0.16535;3
GYRO;19.484;5539.298;-1.18938;1.16751;-1.51855;0
MAGN;19.488;5539.303;-14.64375;43.51875;-39.05625;0
ACCE;19.490;5539.306;-0.77895;-1.27005;7.67700;0
GYRO;19.492;5539.306;-1.08336;1.20340;-1.50411;0
MAGN;19.498;5539.313;-14.70000;43.44375;-39.07500;0
AHRS;19.499;5539.314;-3.1183;-0.1275;-19.5101;-0.02700;0.00351;-0.16934;3
GYRO;19.499;5539.314;-0.87093;1.29085;-1.49105;0
ACCE;19.507;5539.322;-0.56805;-1.13595;8.19405;0
GYRO;19.508;5539.322;-0.65010;1.33141;-1.43138;0
MAGN;19.509;5539.323;-14.77500;43.36875;-39.11250;0
AHRS;19.514;5539.330;-3.4683;0.0311;-19.8801;-0.02976;0.00549;-0.17255;3
GYRO;19.515;5539.330;-0.51521;1.31890;-1.39095;0
MAGN;19.516;5539.332;-14.85000;43.29375;-39.09375;0
ACCE;19.522;5539.338;-0.41505;-1.05900;8.94105;0
GYRO;19.523;5539.338;-0.31061;1.15968;-1.21110;0
MAGN;19.529;5539.343;-14.90625;43.21875;-39.09375;0
AHRS;19.530;5539.346;-3.8022;0.1871;-20.3604;-0.03236;0.00747;-0.17670;3
GYRO;19.531;5539.346;-0.09157;1.04019;-1.05600;0
ACCE;19.538;5539.353;-0.24195;-1.05900;9.85995;0
MAGN;19.539;5539.353;-14.98125;43.16250;-39.11250;0
GYRO;19.547;5539.361;0.11110;0.87051;-0.83284;0
MAGN;19.548;5539.363;-15.05625;43.10625;-39.11250;0
LIGH;19.555;5539.370;115.0;3
ACCE;19.556;5539.370;-0.20400;-0.98295;10.72200;0
AHRS;19.556;5539.370;-4.0798;0.3281;-20.8040;-0.03449;0.00924;-0.18054;3
GYRO;19.557;5539.370;0.25176;0.69877;-0.65106;0
MAGN;19.557;5539.372;-15.11250;43.05000;-39.07500;0
MAGN;19.568;5539.383;-15.18750;43.01250;-39.05625;0
ACCE;19.569;5539.384;-0.07005;-0.92505;11.25795;0
GYRO;19.569;5539.384;0.38610;0.45334;-0.38693;0
AHRS;19.578;5539.393;-4.3030;0.4859;-21.2230;-0.03612;0.01108;-0.18417;3
GYRO;19.581;5539.393;0.51274;0.16266;-0.09996;0
MAGN;19.581;5539.393;-15.24375;42.95625;-39.01875;0
ACCE;19.585;5539.401;-0.18495;-0.90600;11.08500;0
GYRO;19.585;5539.401;0.60417;-0.13764;0.17022;0
MAGN;19.586;5539.403;-15.33750;42.91875;-39.00000;0
AHRS;19.593;5539.409;-4.5205;0.6887;-21.6912;-0.03760;0.01332;-0.18825;3
GYRO;19.594;5539.409;0.66330;-0.42254;0.40398;0
MAGN;19.598;5539.413;-15.39375;42.84375;-39.00000;0
ACCE;19.600;5539.417;-0.18495;-0.79095;10.37700;0
GYRO;19.602;5539.417;0.69657;-0.66921;0.60088;0
MAGN;19.608;5539.423;-15.45000;42.78750;-38.98125;0
AHRS;19.608;5539.424;-4.7189;0.8546;-22.1202;-0.03897;0.01521;-0.19197;3
GYRO;19.609;5539.424;0.75103;-0.80822;0.74415;0
ACCE;19.617;5539.432;-0.30000;-0.54195;9.68700;0
GYRO;19.618;5539.432;0.81991;-0.83297;0.80644;0
MAGN;19.619;5539.433;-15.52500;42.73125;-38.92500;0
AHRS;19.625;5539.440;-4.7189;0.8546;-22.1202;-0.03897;0.01521;-0.19197;3
GYRO;19.626;5539.440;0.88756;-0.80259;0.82720;0
MAGN;19.627;5539.443;-15.58125;42.67500;-38.86875;0
ACCE;19.633;5539.448;-0.45300;-0.37005;9.22800;0
GYRO;19.634;5539.448;0.93885;-0.78650;0.82844;0
MAGN;19.638;5539.453;-15.67500;42.63750;-38.85000;0
AHRS;19.640;5539.456;-4.9264;1.0765;-22.5991;-0.04030;0.01762;-0.19614;3
GYRO;19.642;5539.456;0.93060;-0.70111;0.76271;0
MAGN;19.650;5539.463;-15.76875;42.60000;-38.83125;0
ACCE;19.652;5539.464;-0.47205;-0.38895;8.99805;0
GYRO;19.653;5539.464;0.92716;-0.63442;0.70262;0
AHRS;19.657;5539.472;-5.0884;1.1524;-22.9848;-0.04150;0.01869;-0.19947;3
GYRO;19.658;5539.472;0.87436;-0.50916;0.57681;0
MAGN;19.659;5539.473;-15.84375;42.54375;-38.77500;0
ACCE;19.664;5539.480;-0.54900;-0.33195;8.95995;0
GYRO;19.665;5539.480;0.82115;-0.37331;0.44371;0
MAGN;19.668;5539.483;-15.91875;42.48750;-38.68125;0
AHRS;19.672;5539.488;-5.3567;1.2273;-23.3819;-0.04359;0.01994;-0.20289;3
GYRO;19.673;5539.488;0.76202;-0.23210;0.31749;0
MAGN;19.678;5539.493;-15.97500;42.41250;-38.64375;0
ACCE;19.679;5539.495;-0.66405;-0.21705;9.34305;0
GYRO;19.688;5539.503;0.68021;-0.11839;0.20597;0
MAGN;19.694;5539.503;-16.05000;42.37500;-38.60625;0
ACCE;19.701;5539.511;-0.60600;-0.38895;9.91695;0
AHRS;19.701;5539.511;-5.3567;1.2273;-23.3819;-0.04359;0.01994;-0.20289;3
GYRO;19.701;5539.511;0.62233;0.00069;0.09460;0
MAGN;19.702;5539.513;-16.10625;42.30000;-38.56875;0
GYRO;19.703;5539.519;0.57090;0.10381;0.00137;0
MAGN;19.708;5539.523;-16.14375;42.24375;-38.51250;0
ACCE;19.711;5539.527;-0.47205;-0.48495;10.28100;0
AHRS;19.713;5539.527;-5.5023;1.2985;-23.8205;-0.04463;0.02098;-0.20666;3
GYRO;19.714;5539.527;0.52360;0.17298;-0.00454;0
LIGH;19.714;5539.529;109.4;3
MAGN;19.718;5539.533;-16.20000;42.18750;-38.45625;0
GYRO;19.719;5539.535;0.47410;0.21780;-0.09405;0
ACCE;19.727;5539.543;-0.31905;-0.52305;10.75995;0
AHRS;19.728;5539.543;-5.4833;1.5022;-24.1555;-0.04403;0.02281;-0.20959;3
GYRO;19.732;5539.543;0.42969;0.23815;-0.12348;0
MAGN;19.733;5539.543;-16.27500;42.16875;-38.40000;0
GYRO;19.735;5539.551;0.39366;0.24379;-0.14327;0
MAGN;19.739;5539.553;-16.33125;42.13125;-38.34375;0
ACCE;19.743;5539.558;-0.30000;-0.37005;10.62600;0
AHRS;19.744;5539.558;-5.4833;1.5022;-24.1555;-0.04403;0.02281;-0.20959;3
GYRO;19.745;5539.558;0.35406;0.22990;-0.14616;0
MAGN;19.748;5539.563;-16.38750;42.09375;-38.26875;0
GYRO;19.750;5539.566;0.31006;0.19649;-0.13695;0
MAGN;19.759;5539.573;-16.44375;42.07500;-38.19375;0
ACCE;19.759;5539.574;-0.33795;-0.29295;9.99405;0
AHRS;19.759;5539.574;-5.2817;1.7466;-24.5344;-0.04178;0.02467;-0.21291;3
GYRO;19.761;5539.574;0.26180;0.14795;-0.11536;0
GYRO;19.767;5539.582;0.23898;0.10574;-0.09350;0
MAGN;19.768;5539.583;-16.46250;42.03750;-38.13750;0
ACCE;19.774;5539.590;-0.24195;-0.37005;9.49605;0
AHRS;19.775;5539.590;-5.2817;1.7466;-24.5344;-0.04178;0.02467;-0.21291;3
GYRO;19.777;5539.590;0.20199;0.00330;-0.00522;0
MAGN;19.777;5539.593;-16.53750;42.00000;-38.04375;0
GYRO;19.782;5539.598;0.17064;-0.00426;-0.00151;0
MAGN;19.788;5539.603;-16.57500;41.96250;-37.91250;0
ACCE;19.789;5539.605;-0.12795;-0.27405;9.49605;0
AHRS;19.798;5539.613;-5.1122;2.0522;-24.9160;-0.03968;0.02709;-0.21625;3
GYRO;19.799;5539.613;0.14451;-0.09419;0.00179;0
MAGN;19.800;5539.613;-16.61250;41.94375;-37.80000;0
ACCE;19.806;5539.621;0.00600;-0.06405;9.66795;0
GYRO;19.807;5539.621;0.13241;-0.16142;0.00687;0
MAGN;19.808;5539.623;-16.63125;41.92500;-37.68750;0
AHRS;19.814;5539.629;-5.1122;2.0522;-24.9160;-0.03968;0.02709;-0.21625;3
GYRO;19.815;5539.629;0.12719;-0.23774;0.12292;0
MAGN;19.818;5539.633;-16.66875;41.88750;-37.61250;0
ACCE;19.822;5539.637;0.13995;-0.04395;9.61095;0
GYRO;19.823;5539.637;0.12911;-0.30319;0.17229;0
MAGN;19.828;5539.643;-16.68750;41.83125;-37.53750;0
ACCE;19.838;5539.653;0.15900;-0.00600;9.47700;0
AHRS;19.839;5539.653;-5.1122;2.0522;-24.9160;-0.03968;0.02709;-0.21625;3
GYRO;19.841;5539.653;0.12774;-0.32931;0.19800;0
MAGN;19.841;5539.653;-16.72500;41.79375;-37.44375;0
MAGN;19.848;5539.663;-16.78125;41.73750;-37.33125;0
ACCE;19.853;5539.669;0.04395;0.14595;9.43905;0
GYRO;19.854;5539.669;0.13516;-0.33894;0.21491;0
MAGN;19.858;5539.673;-16.80000;41.66250;-37.27500;0
AHRS;19.861;5539.677;-5.1334;2.0064;-25.2795;-0.03986;0.02686;-0.21933;3
GYRO;19.862;5539.677;0.18411;-0.35475;0.24461;0
MAGN;19.868;5539.683;-16.83750;41.60625;-37.23750;0
ACCE;19.869;5539.684;-0.08895;0.18405;9.30405;0
GYRO;19.869;5539.684;0.23774;-0.35434;0.26180;0
LIGH;19.875;5539.690;96.3;3
AHRS;19.877;5539.692;-5.1334;2.0064;-25.2795;-0.03986;0.02686;-0.21933;3
GYRO;19.878;5539.692;0.28793;-0.34787;0.27184;0
MAGN;19.879;5539.693;-16.89375;41.51250;-37.16250;0
ACCE;19.885;5539.700;-0.14700;0.24195;8.99805;0
GYRO;19.886;5539.700;0.33454;-0.32849;0.26840;0
MAGN;19.886;5539.703;-16.93125;41.45625;-37.06875;0
AHRS;19.893;5539.708;-4.5925;2.3075;-25.6226;-0.03460;0.02850;-0.22230;3
GYRO;19.893;5539.708;0.37524;-0.31336;0.25479;0
SOUN;19.897;73.31;0.00224;40.97
MAGN;19.901;5539.713;-17.00625;41.41875;-36.97500;0
ACCE;19.902;5539.716;-0.26205;0.26100;8.84505;0
GYRO;19.902;5539.716;0.40810;-0.26936;0.21794;0
MAGN;19.908;5539.723;-17.04375;41.36250;-36.88125;0
AHRS;19.909;5539.724;-4.5924;2.3075;-25.6226;-0.03460;0.02850;-0.22230;3
GYRO;19.909;5539.724;0.43986;-0.20446;0.17531;0
ACCE;19.916;5539.732;-0.35700;0.22305;8.97900;0
MAGN;19.918;5539.733;-17.06250;41.30625;-36.88125;0
GYRO;19.924;5539.740;0.43794;-0.13365;0.12760;0
MAGN;19.928;5539.743;-17.11875;41.23125;-36.82500;0
ACCE;19.932;5539.747;-0.45300;0.04995;9.30405;0
AHRS;19.933;5539.747;-4.5924;2.3075;-25.6226;-0.03460;0.02850;-0.22230;3
GYRO;19.934;5539.747;0.45595;-0.07948;0.00784;0
MAGN;19.938;5539.753;-17.15625;41.13750;-36.73125;0
ACCE;19.948;5539.763;-0.54900;0.07005;9.63000;0
GYRO;19.949;5539.763;0.44137;-0.00357;0.00330;0
MAGN;19.951;5539.763;-17.21250;41.02500;-36.65625;0
AHRS;19.956;5539.771;-4.5924;2.3075;-25.6226;-0.03460;0.02850;-0.22230;3
GYRO;19.956;5539.771;0.40315;0.00412;-0.00632;0
MAGN;19.956;5539.773;-17.26875;40.93125;-36.58125;0
ACCE;19.963;5539.779;-0.58695;0.22305;10.01295;0
GYRO;19.965;5539.779;0.37001;0.11935;-0.15785;0
MAGN;19.969;5539.783;-17.30625;40.85625;-36.48750;0
AHRS;19.971;5539.787;-4.5923;2.3075;-25.6226;-0.03460;0.02850;-0.22230;3
GYRO;19.972;5539.787;0.34224;0.19965;-0.24681;0
MAGN;19.980;5539.793;-17.32500;40.76250;-36.39375;0
ACCE;19.980;5539.794;-0.58695;0.26100;10.26195;0
GYRO;19.980;5539.794;0.31501;0.27775;-0.31446;0
AHRS;19.987;5539.803;-2.8426;2.2836;-25.7181;-0.01974;0.02494;-0.22292;3
GYRO;19.988;5539.803;0.27981;0.33289;-0.36259;0
MAGN;19.989;5539.803;-17.34375;40.68750;-36.33750;0
ACCE;19.995;5539.810;-0.47205;0.29895;10.20405;0
GYRO;19.996;5539.810;0.24393;0.37579;-0.41085;0
MAGN;19.996;5539.813;-17.38125;40.61250;-36.24375;0
AHRS;20.003;5539.818;-2.8426;2.2836;-25.7181;-0.01974;0.02494;-0.22292;3
GYRO;20.003;5539.818;0.20254;0.40301;-0.44853;0
MAGN;20.008;5539.823;-17.41875;40.53750;-36.18750;0
ACCE;20.010;5539.826;-0.41505;0.26100;10.31895;0
GYRO;20.012;5539.826;0.18342;0.41745;-0.48043;0
MAGN;20.018;5539.833;-17.45625;40.42500;-36.09375;0
AHRS;20.018;5539.835;-1.9622;2.0359;-25.4546;-0.01279;0.02110;-0.22054;3
GYRO;20.019;5539.835;0.15015;0.41168;-0.49019;0
ACCE;20.027;5539.842;-0.51000;0.31800;10.49205;0
MAGN;20.027;5539.843;-17.49375;40.31250;-35.98125;0
LIGH;20.035;5539.850;77.6;3
GYRO;20.036;5539.850;0.14341;0.40067;-0.47795;0
MAGN;20.037;5539.852;-17.51250;40.20000;-35.90625;0
ACCE;20.043;5539.858;-0.43395;0.39495;10.60695;0
AHRS;20.044;5539.858;-1.9622;2.0359;-25.4546;-0.01279;0.02110;-0.22054;3
GYRO;20.045;5539.858;0.13296;0.35901;-0.44069;0
MAGN;20.048;5539.863;-17.53125;40.12500;-35.85000;0
ACCE;20.058;5539.873;-0.33795;0.51000;10.74105;0
GYRO;20.059;5539.873;0.11743;0.29838;-0.37620;0
MAGN;20.060;5539.873;-17.56875;40.01250;-35.77500;0
AHRS;20.066;5539.881;-1.9621;2.0359;-25.4546;-0.01278;0.02110;-0.22054;3
GYRO;20.068;5539.881;0.12017;0.21698;-0.30209;0
MAGN;20.068;5539.883;-17.60625;39.91875;-35.71875;0
ACCE;20.074;5539.889;-0.24195;0.56700;10.62600;0
GYRO;20.075;5539.889;0.13324;0.12911;-0.22357;0
MAGN;20.079;5539.893;-17.62500;39.82500;-35.66250;0
AHRS;20.082;5539.897;-0.9676;1.8454;-25.4893;-0.00468;0.01757;-0.22070;3
GYRO;20.082;5539.897;0.16019;0.00481;-0.14988;0
MAGN;20.088;5539.903;-17.66250;39.71250;-35.60625;0
ACCE;20.089;5539.905;-0.20400;0.66300;10.37700;0
GYRO;20.099;5539.913;0.16720;-0.00014;-0.09185;0
MAGN;20.099;5539.913;-17.68125;39.60000;-35.56875;0
ACCE;20.105;5539.921;-0.22305;0.66300;10.18500;0
AHRS;20.106;5539.921;-0.9675;1.8455;-25.4893;-0.00468;0.01757;-0.22070;3
GYRO;20.109;5539.921;0.19167;-0.00577;-0.00344;0
MAGN;20.109;5539.923;-17.71875;39.48750;-35.51250;0
GYRO;20.119;5539.929;0.22357;-0.12155;0.00247;0
MAGN;20.119;5539.933;-17.73750;39.39375;-35.43750;0
ACCE;20.121;5539.937;0.06300;0.75900;10.31895;0
AHRS;20.121;5539.937;-0.9675;1.8455;-25.4893;-0.00468;0.01757;-0.22070;3
GYRO;20.123;5539.937;0.26070;-0.19167;0.09529;0
MAGN;20.129;5539.943;-17.77500;39.30000;-35.34375;0
GYRO;20.129;5539.944;0.31020;-0.24654;0.15593;0
ACCE;20.137;5539.952;0.10095;1.08405;9.95595;0
AHRS;20.138;5539.952;-0.9675;1.8455;-25.4893;-0.00468;0.01757;-0.22070;3
GYRO;20.139;5539.952;0.36451;-0.29700;0.23141;0
MAGN;20.140;5539.953;-17.79375;39.20625;-35.28750;0
GYRO;20.145;5539.960;0.40466;-0.34526;0.28710;0
MAGN;20.148;5539.963;-17.79375;39.11250;-35.21250;0
ACCE;20.152;5539.968;0.23505;0.49095;10.30005;0
AHRS;20.153;5539.968;0.3666;1.7439;-25.5612;0.00649;0.01413;-0.22114;3
GYRO;20.155;5539.968;0.39504;-0.37964;0.32024;0
MAGN;20.159;5539.973;-17.83125;39.01875;-35.15625;0
MAGN;20.169;5539.983;-17.85000;38.90625;-35.06250;0
ACCE;20.169;5539.984;0.00600;-0.23595;11.52600;0
GYRO;20.170;5539.984;0.33358;-0.37648;0.30154;0
MAGN;20.177;5539.993;-17.86875;38.81250;-34.98750;0
ACCE;20.184;5540.000;-0.12795;-0.67605;12.42600;0
AHRS;20.185;5540.000;0.3666;1.7439;-25.5612;0.00649;0.01413;-0.22114;3
GYRO;20.187;5540.000;0.24571;-0.36149;0.26702;0
MAGN;20.187;5540.003;-17.83125;38.70000;-34.93125;0
GYRO;20.191;5540.007;0.11797;-0.36162;0.21972;0
LIGH;20.194;5540.010;65.8;3
MAGN;20.199;5540.013;-17.81250;38.60625;-34.91250;0
ACCE;20.200;5540.015;-0.49095;-1.09800;12.29205;0
AHRS;20.207;5540.023;0.3666;1.7439;-25.5612;0.00649;0.01413;-0.22114;3
GYRO;20.211;5540.023;0.00096;-0.32313;0.16596;0
MAGN;20.213;5540.023;-17.79375;38.51250;-34.83750;0
ACCE;20.226;5540.031;-0.68295;-1.42305;11.73600;0
GYRO;20.227;5540.031;-0.18315;-0.25066;0.00646;0
MAGN;20.228;5540.033;-17.79375;38.38125;-34.76250;0
AHRS;20.228;5540.039;0.2422;1.6195;-25.9185;0.00523;0.01330;-0.22421;3
GYRO;20.228;5540.039;-0.37235;-0.16363;-0.00509;0
MAGN;20.229;5540.043;-17.77500;38.26875;-34.70625;0
GNSS;20.234;1745934486.000;24.926187;121.252910;194.100;288.010;4.3;0.0;48;9
ACCE;20.239;5540.047;-0.75900;-1.21200;10.99005;0
GYRO;20.239;5540.047;-0.56554;-0.07411;-0.18274;0
MAGN;20.240;5540.053;-17.73750;38.17500;-34.63125;0
AHRS;20.240;5540.054;0.2422;1.6195;-25.9185;0.00523;0.01330;-0.22421;3
GYRO;20.240;5540.054;-0.76189;0.00137;-0.31515;0
GNSS;20.240;1745934486.000;24.926187;121.252910;194.100;288.010;4.3;0.0;48;9
ACCE;20.247;5540.063;-0.85500;-0.84900;9.93600;0
GYRO;20.248;5540.063;-0.92359;0.11344;-0.44715;0
MAGN;20.248;5540.063;-17.66250;38.08125;-34.59375;0
GNSS;20.248;1745934485.133;24.926187;121.252912;194.900;0.000;4.3;0.0;48;9
AHRS;20.254;5540.070;0.2422;1.6195;-25.9185;0.00523;0.01330;-0.22421;3
GYRO;20.256;5540.070;-1.04954;0.22495;-0.57393;0
MAGN;20.257;5540.073;-17.62500;37.98750;-34.57500;0
ACCE;20.263;5540.078;-0.73995;-0.50400;9.05595;0
GYRO;20.263;5540.078;-1.12544;0.31350;-0.67567;0
MAGN;20.268;5540.083;-17.60625;37.87500;-34.55625;0
AHRS;20.270;5540.086;-0.0804;1.7537;-26.2457;0.00279;0.01506;-0.22702;3
GYRO;20.272;5540.086;-1.18099;0.40535;-0.76766;0
MAGN;20.278;5540.093;-17.56875;37.76250;-34.53750;0
ACCE;20.279;5540.094;-0.85500;-0.12105;8.69205;0
GYRO;20.279;5540.094;-1.16724;0.50174;-0.83036;0
AHRS;20.287;5540.102;-0.0803;1.7537;-26.2457;0.00279;0.01506;-0.22702;3
GYRO;20.288;5540.102;-1.16490;0.58465;-0.89636;0
MAGN;20.288;5540.103;-17.53125;37.66875;-34.50000;0
ACCE;20.294;5540.110;-0.85500;0.04995;8.80695;0
GYRO;20.295;5540.110;-1.04844;0.65546;-0.90819;0
MAGN;20.299;5540.113;-17.49375;37.55625;-34.48125;0
AHRS;20.302;5540.118;-0.0803;1.7537;-26.2457;0.00279;0.01506;-0.22702;3
GYRO;20.303;5540.118;-0.88976;0.70909;-0.88234;0
MAGN;20.308;5540.123;-17.45625;37.44375;-34.48125;0
ACCE;20.309;5540.125;-0.66405;-0.10200;9.19005;0
GYRO;20.318;5540.133;-0.73507;0.68819;-0.80589;0
MAGN;20.318;5540.133;-17.41875;37.36875;-34.46250;0
ACCE;20.328;5540.141;-0.54900;-0.21705;9.74505;0
AHRS;20.329;5540.141;-0.0803;1.7537;-26.2457;0.00279;0.01506;-0.22702;3
GYRO;20.329;5540.141;-0.56182;0.67856;-0.72820;0
MAGN;20.329;5540.143;-17.38125;37.27500;-34.42500;0
GYRO;20.334;5540.149;-0.41401;0.61779;-0.61820;0
MAGN;20.338;5540.153;-17.32500;37.18125;-34.42500;0
ACCE;20.341;5540.157;0.02505;-0.90600;10.49205;0
AHRS;20.343;5540.157;-0.0803;1.7537;-26.2457;0.00279;0.01506;-0.22702;3
GYRO;20.344;5540.157;-0.27198;0.50023;-0.47218;0
MAGN;20.348;5540.163;-17.30625;37.08750;-34.40625;0
LIGH;20.354;5540.170;44.3;3
ACCE;20.357;5540.173;-0.01305;-1.21200;10.64505;0
GYRO;20.358;5540.173;-0.16995;0.40067;-0.34829;0
MAGN;20.359;5540.173;-17.26875;36.97500;-34.38750;0
AHRS;20.365;5540.181;-0.0804;1.7537;-26.2457;0.00279;0.01506;-0.22702;3
GYRO;20.367;5540.181;-0.07769;0.24929;-0.19167;0
MAGN;20.368;5540.183;-17.21250;36.86250;-34.38750;0
ACCE;20.373;5540.189;0.29295;-1.34595;10.37700;0
GYRO;20.374;5540.189;-0.00137;0.00646;-0.00289;0
MAGN;20.378;5540.193;-17.17500;36.78750;-34.36875;0
AHRS;20.381;5540.197;-0.4182;1.8897;-26.6102;0.00024;0.01689;-0.23016;3
GYRO;20.382;5540.197;0.00014;-0.13846;0.11412;0
MAGN;20.388;5540.203;-17.13750;36.69375;-34.36875;0
ACCE;20.389;5540.205;0.46500;-1.59495;9.51495;0
GYRO;20.389;5540.205;-0.00344;-0.34485;0.24351;0
SOUN;20.392;130.79;0.00399;46.00
MAGN;20.397;5540.213;-17.06250;36.58125;-34.40625;0
ACCE;20.405;5540.220;0.59895;-1.69095;8.55795;0
AHRS;20.405;5540.220;-0.4183;1.8897;-26.6102;0.00024;0.01689;-0.23016;3
GYRO;20.406;5540.220;-0.10037;-0.49692;0.32313;0
MAGN;20.407;5540.222;-17.00625;36.48750;-34.44375;0
GYRO;20.412;5540.228;-0.23856;-0.64928;0.37317;0
MAGN;20.418;5540.233;-16.93125;36.37500;-34.48125;0
ACCE;20.420;5540.236;0.61800;-1.61505;7.94505;0
AHRS;20.421;5540.236;-0.4183;1.8897;-26.6102;0.00024;0.01689;-0.23016;3
GYRO;20.423;5540.236;-0.41305;-0.81386;0.40659;0
MAGN;20.428;5540.243;-16.85625;36.24375;-34.51875;0
ACCE;20.437;5540.252;0.56100;-1.50000;7.65795;0
GYRO;20.437;5540.252;-0.52319;-0.86446;0.38734;0
MAGN;20.437;5540.253;-16.80000;36.13125;-34.55625;0
AHRS;20.444;5540.260;-0.4183;1.8897;-26.6102;0.00024;0.01689;-0.23016;3
GYRO;20.445;5540.260;-0.70661;-0.94724;0.36272;0
MAGN;20.448;5540.263;-16.74375;36.03750;-34.63125;0
ACCE;20.452;5540.267;0.79095;-1.53795;7.94505;0
GYRO;20.453;5540.267;-0.85690;-1.07800;0.39944;0
MAGN;20.459;5540.273;-16.70625;35.92500;-34.68750;0
ACCE;20.468;5540.283;0.92505;-1.57605;9.05595;0
AHRS;20.469;5540.283;-0.4184;1.8896;-26.6102;0.00024;0.01689;-0.23016;3
GYRO;20.471;5540.283;-0.91217;-1.06755;0.36644;0
MAGN;20.477;5540.283;-16.66875;35.83125;-34.74375;0
GYRO;20.478;5540.291;-0.99055;-1.10000;0.36396;0
MAGN;20.479;5540.293;-16.57500;35.75625;-34.81875;0
ACCE;20.483;5540.299;0.79095;-1.44195;10.33905;0
AHRS;20.485;5540.299;-0.4184;1.8896;-26.6102;0.00024;0.01689;-0.23016;3
GYRO;20.486;5540.299;-0.98972;-1.10949;0.40288;0
MAGN;20.486;5540.302;-16.50000;35.66250;-34.85625;0
GYRO;20.494;5540.307;-0.95150;-1.06837;0.40521;0
MAGN;20.499;5540.313;-16.44375;35.56875;-34.87500;0
ACCE;20.499;5540.314;0.56100;-1.38495;11.48700;0
AHRS;20.500;5540.314;-2.2272;1.0635;-26.5754;-0.01678;0.01350;-0.22996;3
GYRO;20.500;5540.314;-0.89402;-1.06356;0.43821;0
GYRO;20.507;5540.323;-0.75845;-0.96030;0.43271;0
MAGN;20.508;5540.323;-16.38750;35.47500;-34.87500;0
LIGH;20.514;5540.330;35.3;3
ACCE;20.515;5540.330;0.31200;-1.15500;11.62200;0
MAGN;20.518;5540.333;-16.33125;35.40000;-34.91250;0
AHRS;20.523;5540.338;-2.2273;1.0634;-26.5754;-0.01678;0.01350;-0.22996;3
GYRO;20.524;5540.338;-0.60019;-0.82362;0.41140;0
MAGN;20.528;5540.343;-16.27500;35.34375;-34.96875;0
ACCE;20.530;5540.346;0.00600;-0.82905;11.02800;0
GYRO;20.532;5540.346;-0.45733;-0.72476;0.40590;0
MAGN;20.538;5540.353;-16.25625;35.28750;-34.98750;0
AHRS;20.539;5540.355;-2.2273;1.0634;-26.5754;-0.01678;0.01350;-0.22996;3
GYRO;20.540;5540.355;-0.22055;-0.53831;0.37881;0
ACCE;20.546;5540.362;-0.16605;-0.46605;10.18500;0
MAGN;20.548;5540.363;-16.20000;35.25000;-35.02500;0
GYRO;20.554;5540.370;-0.00027;-0.33701;0.32271;0
MAGN;20.558;5540.373;-16.14375;35.21250;-35.06250;0
ACCE;20.562;5540.378;-0.33795;-0.13995;9.85995;0
AHRS;20.563;5540.378;-2.2273;1.0634;-26.5754;-0.01678;0.01350;-0.22996;3
GYRO;20.564;5540.378;0.21120;-0.18026;0.29604;0
MAGN;20.568;5540.383;-16.10625;35.15625;-35.11875;0
ACCE;20.578;5540.393;-0.41505;0.01200;9.74505;0
GYRO;20.579;5540.393;0.39971;0.00014;0.23004;0
MAGN;20.580;5540.393;-16.06875;35.11875;-35.13750;0
AHRS;20.586;5540.401;-2.2273;1.0634;-26.5754;-0.01678;0.01350;-0.22996;3
GYRO;20.587;5540.401;0.59799;0.19883;0.15153;0
MAGN;20.588;5540.403;-16.03125;35.06250;-35.15625;0
ACCE;20.593;5540.409;-0.28095;0.14595;9.63000;0
GYRO;20.594;5540.409;0.78485;0.34430;0.10931;0
MAGN;20.598;5540.413;-15.97500;35.02500;-35.15625;0
AHRS;20.602;5540.417;-2.9234;0.6066;-26.2261;-0.02364;0.01094;-0.22693;3
GYRO;20.602;5540.417;0.94187;0.49995;0.00454;0
MAGN;20.608;5540.423;-15.93750;34.98750;-35.17500;0
ACCE;20.609;5540.425;-0.37605;0.03105;9.66795;0
GYRO;20.609;5540.425;1.06356;0.63346;-0.00165;0
AHRS;20.617;5540.433;-2.9234;0.6066;-26.2261;-0.02364;0.01094;-0.22693;3
GYRO;20.620;5540.433;1.16793;0.70744;-0.00261;0
MAGN;20.620;5540.433;-15.88125;34.96875;-35.19375;0
ACCE;20.627;5540.441;-0.03195;-0.04395;9.41895;0
GYRO;20.627;5540.441;1.21000;0.73824;-0.00234;0
MAGN;20.628;5540.443;-15.82500;34.93125;-35.25000;0
AHRS;20.633;5540.449;-2.9234;0.6066;-26.2261;-0.02364;0.01094;-0.22693;3
GYRO;20.634;5540.449;1.21234;0.74883;-0.00234;0
MAGN;20.638;5540.453;-15.78750;34.91250;-35.30625;0
ACCE;20.641;5540.456;0.12000;-0.33195;9.36195;0
GYRO;20.641;5540.456;1.22347;0.74621;-0.00041;0
MAGN;20.648;5540.463;-15.71250;34.89375;-35.32500;0
AHRS;20.649;5540.464;-2.9234;0.6066;-26.2261;-0.02364;0.01094;-0.22693;3
GYRO;20.649;5540.464;1.15335;0.67815;0.00481;0
ACCE;20.658;5540.472;0.12000;-0.42705;9.41895;0
GYRO;20.658;5540.472;1.11664;0.63429;0.09323;0
MAGN;20.660;5540.473;-15.65625;34.89375;-35.36250;0
AHRS;20.665;5540.480;-2.9234;0.6066;-26.2261;-0.02364;0.01094;-0.22693;3
GYRO;20.666;5540.480;0.99907;0.54876;0.12224;0
MAGN;20.666;5540.482;-15.60000;34.87500;-35.41875;0
ACCE;20.673;5540.488;0.25395;-0.58095;9.68700;0
GYRO;20.674;5540.488;0.85333;0.43986;0.16899;0
LIGH;20.675;5540.489;21.5;3
MAGN;20.679;5540.493;-15.52500;34.87500;-35.41875;0
ACCE;20.689;5540.503;0.06300;-0.48495;9.82200;0
AHRS;20.690;5540.503;-3.8067;0.3431;-25.8920;-0.03170;0.01036;-0.22400;3
GYRO;20.691;5540.503;0.68668;0.32794;0.18906;0
MAGN;20.691;5540.503;-15.48750;34.85625;-35.43750;0
GYRO;20.697;5540.512;0.53364;0.19058;0.23966;0
MAGN;20.698;5540.513;-15.46875;34.85625;-35.41875;0
ACCE;20.704;5540.519;0.00600;-0.37005;9.85995;0
AHRS;20.705;5540.519;-3.8068;0.3430;-25.8920;-0.03170;0.01036;-0.22400;3
GYRO;20.706;5540.519;0.37125;0.07123;0.26991;0
MAGN;20.707;5540.522;-15.43125;34.85625;-35.38125;0
GYRO;20.712;5540.527;0.21849;-0.00220;0.27582;0
MAGN;20.718;5540.533;-15.41250;34.89375;-35.38125;0
ACCE;20.719;5540.534;0.00600;-0.35100;9.95595;0
AHRS;20.728;5540.543;-3.8068;0.3430;-25.8920;-0.03170;0.01036;-0.22400;3
GYRO;20.730;5540.543;0.10945;-0.09075;0.27404;0
MAGN;20.736;5540.543;-15.37500;34.93125;-35.36250;0
ACCE;20.737;5540.551;-0.03195;-0.31200;9.85995;0
GYRO;20.740;5540.551;-0.00220;-0.15757;0.25946;0
MAGN;20.740;5540.553;-15.35625;34.96875;-35.34375;0
AHRS;20.744;5540.559;-3.8068;0.3430;-25.8920;-0.03170;0.01036;-0.22400;3
GYRO;20.744;5540.559;-0.13489;-0.20776;0.23086;0
MAGN;20.748;5540.563;-15.30000;35.00625;-35.32500;0
ACCE;20.751;5540.567;0.00600;-0.40800;9.45795;0
GYRO;20.752;5540.567;-0.21766;-0.22344;0.20570;0
MAGN;20.758;5540.573;-15.24375;35.02500;-35.32500;0
AHRS;20.759;5540.574;-4.1936;0.3137;-25.5137;-0.03508;0.01075;-0.22076;3
GYRO;20.760;5540.574;-0.27404;-0.22206;0.18631;0
ACCE;20.767;5540.582;-0.01305;-0.48495;9.24705;0
GYRO;20.768;5540.582;-0.29755;-0.19250;0.15015;0
MAGN;20.768;5540.583;-15.20625;35.08125;-35.30625;0
AHRS;20.775;5540.590;-4.1935;0.3137;-25.5137;-0.03508;0.01075;-0.22076;3
GYRO;20.776;5540.590;-0.30924;-0.15249;0.12636;0
MAGN;20.776;5540.593;-15.18750;35.13750;-35.30625;0
ACCE;20.783;5540.598;-0.35700;-0.56100;9.24705;0
GYRO;20.783;5540.598;-0.30924;-0.07521;0.00687;0
MAGN;20.789;5540.603;-15.18750;35.15625;-35.32500;0
MAGN;20.798;5540.613;-15.16875;35.17500;-35.34375;0
ACCE;20.800;5540.614;-0.58695;-0.31200;9.45795;0
AHRS;20.801;5540.614;-4.0038;0.1559;-25.1248;-0.03380;0.00893;-0.21742;3
GYRO;20.802;5540.614;-0.27019;-0.00055;0.00137;0
GYRO;20.808;5540.622;-0.20240;0.09103;-0.00467;0
MAGN;20.809;5540.623;-15.16875;35.21250;-35.38125;0
ACCE;20.815;5540.630;-0.70200;-0.12105;9.66795;0
AHRS;20.816;5540.630;-4.0038;0.1559;-25.1248;-0.03380;0.00893;-0.21742;3
GYRO;20.817;5540.630;-0.14218;0.18879;-0.10505;0
MAGN;20.818;5540.632;-15.16875;35.26875;-35.40000;0
GYRO;20.822;5540.638;-0.00536;0.28311;-0.14919;0
MAGN;20.829;5540.643;-15.15000;35.30625;-35.41875;0
ACCE;20.830;5540.645;-0.51000;-0.08295;9.89805;0
LIGH;20.834;5540.650;19.4;3
AHRS;20.838;5540.653;-3.7407;0.0700;-24.7801;-0.03175;0.00760;-0.21447;3
GYRO;20.840;5540.653;-0.00055;0.33797;-0.18727;0
MAGN;20.841;5540.653;-15.11250;35.34375;-35.47500;0
ACCE;20.846;5540.661;-0.26205;-0.10200;9.80205;0
GYRO;20.846;5540.661;0.00577;0.37139;-0.20295;0
MAGN;20.847;5540.663;-15.11250;35.38125;-35.49375;0
AHRS;20.854;5540.669;-3.7407;0.0700;-24.7801;-0.03175;0.00760;-0.21447;3
GYRO;20.854;5540.669;0.11179;0.39256;-0.21739;0
MAGN;20.858;5540.673;-15.11250;35.41875;-35.49375;0
ACCE;20.861;5540.677;-0.08895;-0.08295;9.78300;0
GYRO;20.862;5540.677;0.14877;0.39696;-0.23155;0
MAGN;20.868;5540.683;-15.09375;35.47500;-35.53125;0
ACCE;20.878;5540.693;0.02505;-0.04395;9.89805;0
AHRS;20.879;5540.693;-3.7444;-0.2095;-24.3474;-0.03232;0.00510;-0.21070;3
GYRO;20.881;5540.693;0.18109;0.36836;-0.20900;0
MAGN;20.881;5540.693;-15.05625;35.53125;-35.58750;0
GYRO;20.885;5540.701;0.21972;0.30484;-0.14121;0
MAGN;20.893;5540.703;-15.03750;35.58750;-35.64375;0
ACCE;20.893;5540.709;0.04395;-0.06405;9.80205;0
SOUN;20.893;34.54;0.00105;34.44
AHRS;20.897;5540.709;-3.7444;-0.2095;-24.3474;-0.03232;0.00510;-0.21070;3
GYRO;20.898;5540.709;0.24489;0.26799;-0.09254;0
MAGN;20.898;5540.713;-15.03750;35.62500;-35.70000;0
GYRO;20.901;5540.716;0.25451;0.19924;-0.00261;0
MAGN;20.909;5540.723;-15.03750;35.68125;-35.71875;0
ACCE;20.909;5540.724;0.12000;0.29895;9.80205;0
AHRS;20.910;5540.724;-3.6517;-0.3600;-23.9962;-0.03182;0.00355;-0.20767;3
GYRO;20.910;5540.724;0.28050;0.09900;0.00715;0
GYRO;20.917;5540.732;0.31845;0.00220;0.15290;0
MAGN;20.918;5540.733;-15.01875;35.70000;-35.73750;0
ACCE;20.925;5540.740;-0.12795;0.33795;9.68700;0
AHRS;20.926;5540.740;-3.6517;-0.3600;-23.9962;-0.03182;0.00355;-0.20767;3
GYRO;20.926;5540.740;0.38294;-0.00247;0.22371;0
MAGN;20.927;5540.743;-15.01875;35.71875;-35.77500;0
GYRO;20.932;5540.748;0.40755;-0.08168;0.27321;0
MAGN;20.939;5540.753;-15.01875;35.77500;-35.81250;0
ACCE;20.939;5540.755;-0.01305;0.12705;9.72600;0
AHRS;20.949;5540.763;-3.6517;-0.3600;-23.9962;-0.03182;0.00355;-0.20767;3
GYRO;20.950;5540.763;0.39243;-0.12334;0.30195;0
MAGN;20.951;5540.763;-15.03750;35.81250;-35.83125;0
ACCE;20.957;5540.772;-0.03195;-0.02505;9.85995;0
GYRO;20.958;5540.772;0.38087;-0.18246;0.35695;0
MAGN;20.959;5540.773;-15.05625;35.85000;-35.83125;0
AHRS;20.966;5540.779;-2.7890;-0.2041;-23.6453;-0.02418;0.00324;-0.20478;3
GYRO;20.968;5540.779;0.39187;-0.23732;0.38981;0
MAGN;20.968;5540.782;-15.05625;35.88750;-35.83125;0
ACCE;20.973;5540.787;0.08205;0.39495;10.05105;0
GYRO;20.975;5540.787;0.41470;-0.27679;0.41690;0
MAGN;20.978;5540.793;-15.05625;35.94375;-35.86875;0
ACCE;20.988;5540.803;0.12000;0.49095;10.28100;0
AHRS;20.994;5540.803;-2.7889;-0.2041;-23.6453;-0.02418;0.00324;-0.20478;3
GYRO;20.996;5540.803;0.40961;-0.28820;0.42281;0
MAGN;21.000;5540.803;-15.07500;36.01875;-35.90625;0
LIGH;21.001;5540.810;16.6;3
MAGN;21.001;5540.813;-15.07500;36.07500;-35.98125;0
ACCE;21.003;5540.819;0.17805;0.51000;10.10895;0
GYRO;21.005;5540.819;0.40081;-0.30608;0.43038;0
MAGN;21.009;5540.823;-15.07500;36.13125;-36.07500;0
AHRS;21.011;5540.827;-2.7889;-0.2041;-23.6453;-0.02418;0.00324;-0.20478;3
GYRO;21.012;5540.827;0.39270;-0.29686;0.42020;0
MAGN;21.019;5540.833;-15.07500;36.20625;-36.13125;0
ACCE;21.019;5540.834;0.04395;0.68205;9.59205;0
GYRO;21.020;5540.834;0.37950;-0.28572;0.41236;0
AHRS;21.027;5540.842;-1.5304;0.1317;-23.2954;-0.01285;0.00382;-0.20189;3
GYRO;21.028;5540.842;0.37620;-0.27624;0.40288;0
MAGN;21.029;5540.843;-15.07500;36.24375;-36.18750;0
ACCE;21.035;5540.850;0.40800;0.62505;9.59205;0
GYRO;21.036;5540.850;0.38926;-0.27253;0.39806;0
MAGN;21.036;5540.853;-15.09375;36.30000;-36.18750;0
AHRS;21.043;5540.858;-1.5304;0.1317;-23.2954;-0.01285;0.00382;-0.20189;3
GYRO;21.043;5540.858;0.42529;-0.29989;0.43175;0
MAGN;21.048;5540.863;-15.11250;36.35625;-36.20625;0
ACCE;21.050;5540.866;0.84795;0.35700;10.53000;0
GYRO;21.052;5540.866;0.42144;-0.30470;0.43808;0
MAGN;21.059;5540.873;-15.13125;36.41250;-36.22500;0
AHRS;21.060;5540.874;-0.5625;0.2125;-22.9521;-0.00444;0.00279;-0.19896;3
GYRO;21.061;5540.874;0.40219;-0.31817;0.45279;0
ACCE;21.067;5540.882;0.86700;0.49095;11.25795;0
GYRO;21.068;5540.882;0.36891;-0.34512;0.45554;0
MAGN;21.069;5540.883;-15.18750;36.46875;-36.22500;0
AHRS;21.074;5540.890;-0.5624;0.2125;-22.9520;-0.00444;0.00279;-0.19896;3
GYRO;21.076;5540.890;0.34732;-0.39641;0.47410;0
MAGN;21.078;5540.893;-15.22500;36.54375;-36.26250;0
ACCE;21.082;5540.898;0.38895;0.22305;11.16195;0
GYRO;21.083;5540.898;0.33742;-0.41016;0.47960;0
MAGN;21.090;5540.903;-15.24375;36.61875;-36.33750;0
ACCE;21.098;5540.913;0.31200;0.51000;10.22400;0
AHRS;21.099;5540.913;-0.5624;0.2125;-22.9520;-0.00444;0.00279;-0.19896;3
GYRO;21.101;5540.913;0.30057;-0.41896;0.46310;0
MAGN;21.101;5540.913;-15.28125;36.69375;-36.37500;0
GYRO;21.111;5540.921;0.24819;-0.46021;0.45746;0
MAGN;21.112;5540.923;-15.31875;36.71250;-36.41250;0
ACCE;21.113;5540.929;0.86700;-0.04395;9.80205;0
AHRS;21.114;5540.929;0.0219;-0.0384;-22.5746;0.00012;-0.00037;-0.19573;3
GYRO;21.117;5540.929;0.13970;-0.51384;0.44069;0
MAGN;21.118;5540.933;-15.35625;36.73125;-36.46875;0
GYRO;21.121;5540.937;0.00027;-0.57530;0.44082;0
MAGN;21.128;5540.943;-15.39375;36.76875;-36.50625;0
ACCE;21.129;5540.944;1.51800;-0.75300;10.26195;0
AHRS;21.138;5540.953;-0.1145;-0.4983;-22.3566;-0.00182;-0.00407;-0.19386;3
GYRO;21.140;5540.953;-0.09900;-0.57557;0.40191;0
MAGN;21.141;5540.953;-15.48750;36.78750;-36.56250;0
ACCE;21.145;5540.961;1.36500;-0.82905;10.99005;0
GYRO;21.146;5540.961;-0.21959;-0.62384;0.38418;0
MAGN;21.147;5540.962;-15.56250;36.80625;-36.61875;0
AHRS;21.153;5540.968;-0.1145;-0.4982;-22.3566;-0.00182;-0.00407;-0.19386;3
GYRO;21.154;5540.968;-0.34787;-0.63058;0.34595;0
LIGH;21.157;5540.970;14.5;3
MAGN;21.159;5540.973;-15.61875;36.82500;-36.65625;0
ACCE;21.161;5540.976;0.90600;-0.96405;11.46795;0
GYRO;21.161;5540.976;-0.49486;-0.58919;0.25740;0
MAGN;21.168;5540.983;-15.67500;36.84375;-36.67500;0
AHRS;21.169;5540.984;-0.5171;-0.9951;-22.3955;-0.00611;-0.00764;-0.19415;3
GYRO;21.169;5540.984;-0.63456;-0.53240;0.15675;0
ACCE;21.177;5540.992;0.46500;-1.28895;11.54505;0
GYRO;21.178;5540.992;-0.80094;-0.47506;0.00426;0
MAGN;21.179;5540.993;-15.76875;36.88125;-36.67500;0
AHRS;21.184;5541.000;-0.5172;-0.9951;-22.3955;-0.00611;-0.00764;-0.19415;3
GYRO;21.186;5541.000;-0.95288;-0.43161;-0.00577;0
MAGN;21.187;5541.002;-15.84375;36.91875;-36.69375;0
ACCE;21.192;5541.008;0.61800;-0.98295;11.37300;0
GYRO;21.193;5541.008;-1.07635;-0.36589;-0.17105;0
MAGN;21.198;5541.013;-15.91875;36.95625;-36.73125;0
ACCE;21.221;5541.023;-0.07005;-0.50400;11.14305;0
AHRS;21.221;5541.023;-0.5172;-0.9951;-22.3955;-0.00611;-0.00764;-0.19415;3
GYRO;21.222;5541.023;-1.08639;-0.26056;-0.26331;0
MAGN;21.222;5541.023;-15.97500;37.01250;-36.78750;0
GYRO;21.222;5541.031;-1.04019;-0.12059;-0.38349;0
MAGN;21.222;5541.033;-16.06875;37.05000;-36.84375;0
GNSS;21.222;1745934487.000;24.926185;121.252890;194.200;288.010;4.4;0.0;48;9
ACCE;21.224;5541.039;0.19695;0.39495;11.31495;0
GNSS;21.224;1745934487.000;24.926185;121.252890;194.200;288.010;4.4;0.0;48;9
GNSS;21.224;1745934486.132;24.926185;121.252893;194.900;0.000;4.3;0.0;48;9
AHRS;21.225;5541.039;-0.6677;-1.0992;-22.7558;-0.00760;-0.00825;-0.19721;3
GYRO;21.226;5541.039;-0.97171;-0.00481;-0.44578;0
MAGN;21.227;5541.042;-16.14375;37.08750;-36.88125;0
GYRO;21.232;5541.047;-0.85635;0.08786;-0.53955;0
MAGN;21.244;5541.053;-16.21875;37.12500;-36.93750;0
ACCE;21.245;5541.054;-0.26205;0.60600;10.99005;0
AHRS;21.248;5541.063;-0.6677;-1.0992;-22.7558;-0.00760;-0.00825;-0.19721;3
GYRO;21.249;5541.063;-0.72641;0.19594;-0.59510;0
MAGN;21.251;5541.063;-16.29375;37.14375;-36.97500;0
ACCE;21.257;5541.071;-0.01305;0.52905;10.01295;0
GYRO;21.257;5541.071;-0.54794;0.30731;-0.64185;0
MAGN;21.257;5541.073;-16.38750;37.18125;-37.03125;0
AHRS;21.263;5541.079;-0.6677;-1.0992;-22.7558;-0.00760;-0.00825;-0.19721;3
GYRO;21.264;5541.079;-0.35021;0.42955;-0.68722;0
MAGN;21.268;5541.083;-16.44375;37.23750;-37.08750;0
ACCE;21.271;5541.087;-0.31905;0.22305;10.51095;0
GYRO;21.272;5541.087;-0.12059;0.55055;-0.72078;0
MAGN;21.278;5541.093;-16.51875;37.25625;-37.12500;0
AHRS;21.279;5541.095;-0.2409;-1.0009;-23.1554;-0.00381;-0.00814;-0.20067;3
GYRO;21.279;5541.095;0.00619;0.63552;-0.73150;0
ACCE;21.287;5541.102;0.08205;-0.48495;10.91295;0
GYRO;21.287;5541.102;0.19910;0.69410;-0.71816;0
MAGN;21.288;5541.103;-16.57500;37.25625;-37.16250;0
AHRS;21.294;5541.110;-0.2409;-1.0009;-23.1554;-0.00381;-0.00814;-0.20067;3
GYRO;21.296;5541.110;0.24021;0.71376;-0.71087;0
MAGN;21.296;5541.113;-16.63125;37.25625;-37.18125;0
ACCE;21.303;5541.118;0.29295;-1.32705;10.45305;0
GYRO;21.304;5541.118;0.24915;0.69809;-0.67801;0
MAGN;21.308;5541.123;-16.70625;37.27500;-37.21875;0
AHRS;21.310;5541.126;-0.2409;-1.0009;-23.1554;-0.00381;-0.00814;-0.20067;3
GYRO;21.312;5541.126;0.21422;0.67389;-0.64790;0
LIGH;21.313;5541.129;10.4;3
MAGN;21.318;5541.133;-16.80000;37.27500;-37.23750;0
ACCE;21.318;5541.134;0.54195;-1.69095;9.74505;0
GYRO;21.319;5541.134;0.17738;0.64584;-0.61339;0
AHRS;21.328;5541.142;-0.6179;-1.1466;-23.5302;-0.00732;-0.00870;-0.20383;3
GYRO;21.329;5541.142;0.10656;0.62989;-0.61944;0
MAGN;21.329;5541.143;-16.87500;37.27500;-37.27500;0
ACCE;21.334;5541.150;0.23505;-1.69095;9.13200;0
GYRO;21.335;5541.150;-0.00371;0.53267;-0.56554;0
MAGN;21.338;5541.153;-16.93125;37.27500;-37.33125;0
AHRS;21.342;5541.158;-0.6180;-1.1466;-23.5302;-0.00732;-0.00870;-0.20383;3
GYRO;21.343;5541.158;-0.23815;0.42048;-0.52759;0
MAGN;21.348;5541.163;-16.98750;37.25625;-37.40625;0
ACCE;21.350;5541.165;0.10095;-1.44195;8.92200;0
GYRO;21.357;5541.173;-0.39518;0.27720;-0.45086;0
MAGN;21.359;5541.173;-17.04375;37.23750;-37.51875;0
ACCE;21.366;5541.181;0.06300;-1.13595;8.84505;0
AHRS;21.367;5541.181;-0.6180;-1.1466;-23.5302;-0.00732;-0.00870;-0.20383;3
GYRO;21.367;5541.181;-0.59496;0.16376;-0.43271;0
MAGN;21.368;5541.183;-17.11875;37.21875;-37.61250;0
GYRO;21.373;5541.189;-0.76656;0.00674;-0.42859;0
MAGN;21.379;5541.193;-17.17500;37.18125;-37.68750;0
ACCE;21.381;5541.197;0.10095;-1.02105;8.67300;0
AHRS;21.382;5541.197;-1.2402;-1.5324;-23.8775;-0.01335;-0.01084;-0.20669;3
GYRO;21.383;5541.197;-0.90777;0.00027;-0.43629;0
MAGN;21.389;5541.203;-17.19375;37.14375;-37.72500;0
SOUN;21.394;62.87;0.00192;39.64
ACCE;21.398;5541.213;0.29295;-1.15500;8.02095;0
GYRO;21.399;5541.213;-0.96195;-0.00495;-0.41003;0
MAGN;21.399;5541.213;-17.23125;37.12500;-37.78125;0
AHRS;21.405;5541.221;-1.2402;-1.5324;-23.8775;-0.01335;-0.01084;-0.20669;3
GYRO;21.408;5541.221;-1.09519;-0.11192;-0.41607;0
MAGN;21.408;5541.223;-17.23125;37.12500;-37.85625;0
ACCE;21.412;5541.228;0.52305;-1.34595;7.36995;0
GYRO;21.413;5541.228;-1.20835;-0.17572;-0.41058;0
MAGN;21.419;5541.233;-17.25000;37.12500;-37.93125;0
MAGN;21.428;5541.243;-17.26875;37.12500;-37.98750;0
ACCE;21.429;5541.244;0.79095;-1.50000;7.40895;0
AHRS;21.429;5541.244;-1.2403;-1.5325;-23.8775;-0.01335;-0.01084;-0.20669;3
GYRO;21.429;5541.244;-1.21206;-0.22701;-0.37372;0
GYRO;21.437;5541.252;-1.19006;-0.27734;-0.33440;0
MAGN;21.438;5541.253;-17.26875;37.12500;-38.00625;0
ACCE;21.444;5541.260;0.79095;-1.30800;8.17500;0
AHRS;21.445;5541.260;-1.2403;-1.5325;-23.8775;-0.01335;-0.01084;-0.20669;3
GYRO;21.446;5541.260;-1.08130;-0.34018;-0.24007;0
MAGN;21.446;5541.262;-17.26875;37.14375;-38.04375;0
GYRO;21.452;5541.268;-1.00114;-0.36355;-0.18686;0
MAGN;21.458;5541.273;-17.23125;37.14375;-38.08125;0
ACCE;21.459;5541.275;0.31200;-1.23195;9.03600;0
AHRS;21.468;5541.283;-1.2403;-1.5325;-23.8775;-0.01335;-0.01084;-0.20669;3
GYRO;21.469;5541.283;-0.82500;-0.34210;-0.11481;0
MAGN;21.470;5541.283;-17.23125;37.12500;-38.15625;0
LIGH;21.474;5541.290;5.5;3
ACCE;21.476;5541.291;-0.07005;-0.90600;9.57300;0
GYRO;21.476;5541.291;-0.59812;-0.27445;-0.00591;0
MAGN;21.477;5541.293;-17.21250;37.12500;-38.19375;0
AHRS;21.483;5541.299;-1.2403;-1.5325;-23.8775;-0.01335;-0.01084;-0.20669;3
GYRO;21.485;5541.299;-0.36919;-0.23581;0.00179;0
MAGN;21.489;5541.303;-17.19375;37.10625;-38.21250;0
ACCE;21.491;5541.307;-0.16605;-0.82905;10.05105;0
GYRO;21.492;5541.307;-0.20295;-0.19553;0.00729;0
MAGN;21.498;5541.313;-17.17500;37.12500;-38.23125;0
ACCE;21.507;5541.323;-0.31905;-0.50400;10.03200;0
AHRS;21.509;5541.323;-1.2403;-1.5325;-23.8775;-0.01335;-0.01084;-0.20669;3
GYRO;21.510;5541.323;-0.00014;-0.10519;0.09831;0
MAGN;21.512;5541.323;-17.13750;37.12500;-38.26875;0
GYRO;21.515;5541.331;0.23774;-0.00137;0.14506;0
MAGN;21.518;5541.333;-17.08125;37.12500;-38.30625;0
ACCE;21.523;5541.339;-0.14700;-0.35100;9.97500;0
AHRS;21.524;5541.339;-1.2403;-1.5325;-23.8775;-0.01335;-0.01084;-0.20669;3
GYRO;21.525;5541.339;0.38871;0.00399;0.19443;0
MAGN;21.526;5541.343;-17.06250;37.14375;-38.34375;0
GYRO;21.530;5541.347;0.55206;0.12540;0.22096;0
MAGN;21.538;5541.353;-17.02500;37.16250;-38.36250;0
ACCE;21.538;5541.354;0.04395;-0.23595;9.85995;0
AHRS;21.539;5541.354;-1.2405;-1.5325;-23.8775;-0.01336;-0.01084;-0.20669;3
GYRO;21.539;5541.354;0.68709;0.21230;0.22193;0
GYRO;21.546;5541.362;0.78334;0.25974;0.23966;0
MAGN;21.548;5541.363;-16.98750;37.16250;-38.41875;0
ACCE;21.555;5541.370;0.23505;-0.61905;9.93600;0
AHRS;21.556;5541.370;-1.2405;-1.5325;-23.8775;-0.01336;-0.01084;-0.20669;3
GYRO;21.556;5541.370;0.84150;0.26359;0.28270;0
MAGN;21.556;5541.372;-16.95000;37.18125;-38.47500;0
GYRO;21.562;5541.378;0.83765;0.25025;0.32106;0
MAGN;21.570;5541.383;-16.91250;37.16250;-38.51250;0
ACCE;21.571;5541.385;0.48405;-1.15500;10.14705;0
MAGN;21.578;5541.393;-16.91250;37.16250;-38.53125;0
AHRS;21.579;5541.394;-1.2405;-1.5325;-23.8775;-0.01336;-0.01084;-0.20669;3
GYRO;21.580;5541.394;0.76010;0.22523;0.31267;0
ACCE;21.587;5541.402;0.63705;-1.61505;10.53000;0
GYRO;21.588;5541.402;0.65931;0.22110;0.26936;0
MAGN;21.589;5541.403;-16.87500;37.20000;-38.56875;0
AHRS;21.594;5541.410;-1.2405;-1.5325;-23.8775;-0.01336;-0.01084;-0.20669;3
GYRO;21.596;5541.410;0.60459;0.20996;0.26304;0
MAGN;21.599;5541.413;-16.85625;37.25625;-38.55000;0
ACCE;21.602;5541.417;0.44595;-1.53795;10.99005;0
GYRO;21.603;5541.417;0.48702;0.15015;0.25919;0
MAGN;21.608;5541.423;-16.83750;37.29375;-38.55000;0
ACCE;21.617;5541.433;0.25395;-1.15500;11.37300;0
AHRS;21.618;5541.433;-4.1888;-1.9804;-24.2860;-0.03936;-0.00920;-0.20956;3
GYRO;21.619;5541.433;0.40178;0.11990;0.23485;0
MAGN;21.620;5541.433;-16.80000;37.31250;-38.55000;0
GYRO;21.626;5541.441;0.33110;0.10148;0.21615;0
MAGN;21.626;5541.443;-16.78125;37.33125;-38.55000;0
LIGH;21.634;5541.450;4.2;3
ACCE;21.635;5541.450;-0.31905;-0.44595;11.08500;0
AHRS;21.635;5541.450;-4.1888;-1.9804;-24.2860;-0.03936;-0.00920;-0.20956;3
GYRO;21.636;5541.450;0.26249;0.08937;0.19883;0
MAGN;21.636;5541.453;-16.76250;37.33125;-38.56875;0
MAGN;21.648;5541.463;-16.74375;37.36875;-38.53125;0
ACCE;21.649;5541.465;-0.89295;0.33795;10.09005;0
GYRO;21.650;5541.465;0.19896;0.08470;0.16404;0
AHRS;21.659;5541.473;-4.3792;-1.5485;-24.5942;-0.04020;-0.00506;-0.21230;3
GYRO;21.661;5541.473;0.19044;0.12691;0.10340;0
MAGN;21.661;5541.473;-16.70625;37.40625;-38.47500;0
ACCE;21.665;5541.481;-1.14195;0.91200;8.97900;0
GYRO;21.666;5541.481;0.21092;0.16913;0.00509;0
MAGN;21.666;5541.482;-16.68750;37.44375;-38.40000;0
AHRS;21.673;5541.488;-4.3792;-1.5485;-24.5942;-0.04020;-0.00506;-0.21230;3
GYRO;21.674;5541.488;0.30731;0.24750;0.00275;0
MAGN;21.678;5541.493;-16.68750;37.48125;-38.38125;0
ACCE;21.680;5541.496;-0.75900;1.00800;8.44305;0
GYRO;21.681;5541.496;0.41649;0.30030;0.00096;0
MAGN;21.688;5541.503;-16.70625;37.51875;-38.34375;0
AHRS;21.689;5541.504;-4.1085;-1.0177;-24.8101;-0.03691;-0.00097;-0.21436;3
GYRO;21.689;5541.504;0.52896;0.34581;-0.00082;0
ACCE;21.697;5541.512;-0.26205;0.75900;8.90205;0
GYRO;21.698;5541.512;0.67292;0.42116;-0.00357;0
MAGN;21.698;5541.513;-16.70625;37.57500;-38.28750;0
AHRS;21.704;5541.520;-3.6964;-0.5544;-25.0124;-0.03253;0.00226;-0.21628;3
GYRO;21.705;5541.520;0.78787;0.46915;-0.00495;0
MAGN;21.706;5541.522;-16.72500;37.61250;-38.23125;0
ACCE;21.712;5541.528;0.12000;0.24195;9.84105;0
GYRO;21.713;5541.528;0.91905;0.52085;-0.00660;0
MAGN;21.719;5541.533;-16.72500;37.63125;-38.17500;0
ACCE;21.729;5541.543;0.42705;-0.35100;10.58700;0
AHRS;21.730;5541.543;-3.6963;-0.5544;-25.0124;-0.03253;0.00226;-0.21628;3
GYRO;21.731;5541.543;0.93885;0.51879;-0.00729;0
MAGN;21.732;5541.543;-16.72500;37.68750;-38.11875;0
GYRO;21.737;5541.551;0.98959;0.49115;-0.00385;0
MAGN;21.738;5541.553;-16.70625;37.70625;-38.04375;0
ACCE;21.744;5541.559;0.69495;-0.54195;10.77900;0
AHRS;21.744;5541.559;-3.6963;-0.5544;-25.0124;-0.03253;0.00226;-0.21628;3
GYRO;21.746;5541.559;0.99536;0.40164;0.00234;0
MAGN;21.747;5541.562;-16.72500;37.70625;-37.96875;0
GYRO;21.751;5541.567;0.95026;0.28958;0.00756;0
MAGN;21.759;5541.573;-16.74375;37.72500;-37.91250;0
ACCE;21.760;5541.574;0.58005;-0.61905;10.58700;0
AHRS;21.771;5541.583;-3.6963;-0.5544;-25.0124;-0.03253;0.00226;-0.21628;3
GYRO;21.772;5541.583;0.85951;0.17353;0.12059;0
MAGN;21.774;5541.583;-16.76250;37.76250;-37.83750;0
ACCE;21.776;5541.591;0.84795;-0.50400;9.93600;0
GYRO;21.776;5541.591;0.75749;0.00055;0.21615;0
MAGN;21.776;5541.593;-16.76250;37.80000;-37.78125;0
AHRS;21.783;5541.599;-3.6963;-0.5544;-25.0124;-0.03253;0.00226;-0.21628;3
GYRO;21.784;5541.599;0.57393;-0.19167;0.30718;0
MAGN;21.788;5541.603;-16.78125;37.81875;-37.76250;0
ACCE;21.791;5541.607;0.56100;-0.61905;9.41895;0
GYRO;21.792;5541.607;0.34801;-0.38074;0.37469;0
LIGH;21.793;5541.609;2.8;3
MAGN;21.798;5541.613;-16.83750;37.83750;-37.70625;0
AHRS;21.799;5541.614;-3.6964;-0.5543;-25.0124;-0.03253;0.00226;-0.21628;3
GYRO;21.800;5541.614;0.13228;-0.55440;0.43587;0
ACCE;21.807;5541.622;0.29295;0.14595;9.32400;0
GYRO;21.808;5541.622;-0.08566;-0.71486;0.48524;0
MAGN;21.809;5541.623;-16.87500;37.85625;-37.68750;0
AHRS;21.815;5541.630;-3.6964;-0.5543;-25.0124;-0.03253;0.00226;-0.21628;3
GYRO;21.816;5541.630;-0.18604;-0.78623;0.49610;0
MAGN;21.816;5541.632;-16.91250;37.85625;-37.66875;0
ACCE;21.822;5541.638;-0.28095;0.66300;9.47700;0
GYRO;21.823;5541.638;-0.29342;-0.80025;0.46503;0
MAGN;21.828;5541.643;-16.95000;37.85625;-37.63125;0
AHRS;21.831;5541.646;-3.6964;-0.5543;-25.0124;-0.03253;0.00226;-0.21628;3
GYRO;21.832;5541.646;-0.37826;-0.75405;0.39325;0
MAGN;21.839;5541.653;-16.98750;37.85625;-37.59375;0
ACCE;21.839;5541.654;-0.70200;0.68205;9.45795;0
GYRO;21.840;5541.654;-0.41511;-0.66756;0.30965;0
MAGN;21.847;5541.663;-17.02500;37.85625;-37.51875;0
ACCE;21.854;5541.670;-0.30000;0.16500;9.78300;0
AHRS;21.855;5541.670;-3.6963;-0.5543;-25.0124;-0.03253;0.00226;-0.21628;3
GYRO;21.856;5541.670;-0.43120;-0.61999;0.26098;0
MAGN;21.857;5541.672;-17.08125;37.83750;-37.44375;0
GYRO;21.862;5541.677;-0.41552;-0.48441;0.15317;0
MAGN;21.868;5541.683;-17.13750;37.83750;-37.44375;0
ACCE;21.870;5541.685;0.19695;-0.50400;10.51095;0
AHRS;21.878;5541.693;-3.6963;-0.5543;-25.0124;-0.03253;0.00226;-0.21628;3
GYRO;21.880;5541.693;-0.34512;-0.33234;0.00591;0
MAGN;21.881;5541.693;-17.17500;37.83750;-37.42500;0
ACCE;21.887;5541.701;0.58005;-0.84900;10.66395;0
GYRO;21.888;5541.701;-0.25960;-0.17738;-0.00316;0
MAGN;21.889;5541.703;-17.21250;37.81875;-37.42500;0
AHRS;21.893;5541.709;-3.6963;-0.5543;-25.0124;-0.03253;0.00226;-0.21628;3
GYRO;21.895;5541.709;-0.17669;-0.00577;-0.10161;0
MAGN;21.898;5541.713;-17.26875;37.80000;-37.44375;0
ACCE;21.905;5541.717;1.00095;-0.79095;10.14705;0
GYRO;21.907;5541.717;-0.12004;0.00316;-0.15730;0
SOUN;21.908;69.64;0.00213;40.53
MAGN;21.918;5541.723;-17.30625;37.76250;-37.44375;0
AHRS;21.919;5541.724;-2.8708;-0.8601;-25.0448;-0.02608;-0.00189;-0.21656;3
GYRO;21.922;5541.724;-0.09268;0.07576;-0.18851;0
ACCE;21.923;5541.733;1.19295;-0.29295;9.16995;0
GYRO;21.923;5541.733;-0.00467;0.00550;-0.15854;0
MAGN;21.923;5541.733;-17.34375;37.74375;-37.42500;0
AHRS;21.925;5541.740;-2.8708;-0.8601;-25.0448;-0.02608;-0.00189;-0.21656;3
GYRO;21.926;5541.740;0.00151;-0.00302;-0.00715;0
MAGN;21.927;5541.743;-17.41875;37.72500;-37.40625;0
ACCE;21.933;5541.748;1.02000;0.31800;8.42400;0
GYRO;21.933;5541.748;0.00536;-0.13970;0.00275;0
MAGN;21.939;5541.753;-17.45625;37.72500;-37.40625;0
AHRS;21.941;5541.756;-2.5189;-1.1802;-24.7775;-0.02368;-0.00534;-0.21426;3
GYRO;21.942;5541.756;0.08016;-0.20763;0.00839;0
MAGN;21.948;5541.763;-17.51250;37.70625;-37.46250;0
ACCE;21.949;5541.764;0.63705;0.47205;8.38500;0
GYRO;21.949;5541.764;0.00701;-0.30649;0.15785;0
LIGH;21.954;5541.770;2.1;3
AHRS;21.957;5541.772;-2.5188;-1.1801;-24.7775;-0.02368;-0.00534;-0.21426;3
GYRO;21.957;5541.772;0.07535;-0.38679;0.21175;0
MAGN;21.959;5541.773;-17.58750;37.66875;-37.51875;0
ACCE;21.966;5541.780;0.17805;0.64395;8.95995;0
GYRO;21.966;5541.780;0.09295;-0.46448;0.26345;0
MAGN;21.969;5541.783;-17.64375;37.63125;-37.53750;0
AHRS;21.972;5541.788;-2.5188;-1.1801;-24.7775;-0.02368;-0.00534;-0.21426;3
GYRO;21.973;5541.788;0.11220;-0.49803;0.28187;0
MAGN;21.978;5541.793;-17.71875;37.61250;-37.51875;0
ACCE;21.979;5541.795;-0.45300;0.62505;9.63000;0
GYRO;21.988;5541.803;0.14699;-0.44550;0.24434;0
MAGN;21.989;5541.803;-17.75625;37.57500;-37.53750;0
ACCE;21.996;5541.811;-1.12305;0.60600;10.01295;0
AHRS;21.998;5541.811;-1.2274;-0.8033;-25.1251;-0.01198;-0.00451;-0.21741;3
GYRO;21.999;5541.811;0.22866;-0.33426;0.16706;0
MAGN;22.000;5541.813;-17.81250;37.53750;-37.55625;0
GYRO;22.004;5541.819;0.32189;-0.15606;0.00275;0
MAGN;22.008;5541.823;-17.88750;37.48125;-37.53750;0
ACCE;22.012;5541.827;-1.29600;0.72105;10.33905;0
AHRS;22.020;5541.827;-0.8625;-0.4827;-25.4552;-0.00827;-0.00245;-0.22028;3
GYRO;22.021;5541.827;0.39889;0.00687;-0.15661;0
MAGN;22.022;5541.833;-17.96250;37.46250;-37.55625;0
ACCE;22.027;5541.843;-1.10400;0.75900;10.66395;0
GYRO;22.028;5541.843;0.41305;0.20735;-0.26469;0
MAGN;22.029;5541.843;-18.05625;37.44375;-37.59375;0
AHRS;22.037;5541.851;-0.8624;-0.4826;-25.4552;-0.00827;-0.00245;-0.22028;3
GYRO;22.037;5541.851;0.52360;0.42130;-0.41442;0
MAGN;22.038;5541.853;-18.11250;37.42500;-37.65000;0
ACCE;22.043;5541.859;-0.66405;0.56700;10.62600;0
GYRO;22.044;5541.859;0.63195;0.63030;-0.55110;0
MAGN;22.049;5541.863;-18.18750;37.40625;-37.74375;0
AHRS;22.051;5541.867;-0.4077;-0.2587;-25.7897;-0.00397;-0.00141;-0.22315;3
GYRO;22.052;5541.867;0.69162;0.83517;-0.69451;0
MAGN;22.058;5541.873;-18.26250;37.40625;-37.81875;0
ACCE;22.058;5541.874;-0.05100;0.22305;10.03200;0
GYRO;22.059;5541.874;0.71046;1.00650;-0.83284;0
AHRS;22.067;5541.882;-0.4077;-0.2587;-25.7897;-0.00397;-0.00141;-0.22315;3
GYRO;22.068;5541.882;0.69217;1.11073;-0.92537;0
MAGN;22.069;5541.883;-18.33750;37.38750;-37.85625;0
ACCE;22.075;5541.890;0.61800;0.12705;9.49605;0
GYRO;22.075;5541.890;0.64859;1.09684;-0.94270;0
MAGN;22.076;5541.892;-18.41250;37.35000;-37.89375;0
AHRS;22.082;5541.898;-0.4077;-0.2587;-25.7897;-0.00397;-0.00141;-0.22315;3
GYRO;22.083;5541.898;0.55825;0.98560;-0.88330;0
MAGN;22.088;5541.903;-18.52500;37.31250;-37.93125;0
ACCE;22.091;5541.906;0.82905;0.37605;9.36195;0
GYRO;22.092;5541.906;0.41910;0.81304;-0.78389;0
MAGN;22.097;5541.913;-18.60000;37.29375;-37.96875;0
ACCE;22.107;5541.922;0.48405;0.83595;9.43905;0
AHRS;22.108;5541.922;0.0785;-0.5453;-26.0290;-0.00040;-0.00479;-0.22520;3
GYRO;22.109;5541.922;0.28861;0.63332;-0.65271;0
MAGN;22.110;5541.923;-18.67500;37.27500;-37.98750;0
LIGH;22.118;5541.930;1.4;3
GYRO;22.120;5541.930;0.25066;0.51673;-0.57021;0
MAGN;22.121;5541.932;-18.75000;37.25625;-37.96875;0
ACCE;22.121;5541.937;0.25395;1.21800;9.72600;0
MAGN;22.128;5541.943;-18.82500;37.23750;-37.96875;0
AHRS;22.129;5541.945;0.0785;-0.5453;-26.0290;-0.00040;-0.00479;-0.22520;3
GYRO;22.130;5541.945;0.14726;0.30374;-0.41291;0
ACCE;22.138;5541.953;0.38895;1.12305;10.05105;0
GYRO;22.138;5541.953;0.07659;0.00426;-0.22509;0
MAGN;22.138;5541.953;-18.91875;37.21875;-37.98750;0
AHRS;22.145;5541.961;0.0785;-0.5453;-26.0290;-0.00040;-0.00479;-0.22520;3
GYRO;22.146;5541.961;0.00481;-0.23347;-0.00165;0
MAGN;22.147;5541.963;-18.97500;37.18125;-38.00625;0
ACCE;22.153;5541.969;0.54195;0.60600;10.28100;0
GYRO;22.154;5541.969;0.00302;-0.48634;0.19731;0
MAGN;22.158;5541.973;-19.03125;37.18125;-38.04375;0
AHRS;22.161;5541.977;0.0786;-0.5453;-26.0290;-0.00040;-0.00479;-0.22520;3
GYRO;22.162;5541.977;0.00316;-0.68778;0.38473;0
MAGN;22.169;5541.983;-19.08750;37.16250;-38.04375;0
ACCE;22.170;5541.984;0.92505;0.39495;10.43400;0
GYRO;22.170;5541.984;0.00344;-0.84989;0.54725;0
AHRS;22.177;5541.993;1.5375;-0.6358;-26.0672;0.01182;-0.00843;-0.22557;3
GYRO;22.180;5541.993;0.00481;-0.95205;0.66357;0
MAGN;22.180;5541.993;-19.16250;37.12500;-38.04375;0
ACCE;22.186;5542.000;0.44595;0.31800;10.56795;0
GYRO;22.186;5542.000;0.00646;-0.99055;0.72366;0
MAGN;22.187;5542.003;-19.21875;37.10625;-38.06250;0
AHRS;22.192;5542.008;1.6132;-1.0298;-25.8926;0.01171;-0.01191;-0.22413;3
GYRO;22.194;5542.008;0.09543;-1.01172;0.76574;0
MAGN;22.198;5542.013;-19.27500;37.08750;-38.06250;0
ACCE;22.201;5542.016;0.27405;1.14195;10.56795;0
GYRO;22.202;5542.016;0.14575;-0.97034;0.76340;0
MAGN;22.219;5542.023;-19.31250;37.06875;-38.04375;0
AHRS;22.220;5542.024;1.6132;-1.0297;-25.8926;0.01171;-0.01191;-0.22413;3
GYRO;22.220;5542.024;0.20763;-0.84040;0.68049;0
ACCE;22.220;5542.032;-0.62505;1.58205;10.30005;0
GYRO;22.220;5542.032;0.27596;-0.60899;0.51714;0
MAGN;22.221;5542.033;-19.36875;37.05000;-38.10000;0
GNSS;22.221;1745934488.000;24.926180;121.252868;194.200;288.010;4.4;0.0;48;9
GNSS;22.223;1745934488.000;24.926180;121.252868;194.200;288.010;4.4;0.0;48;9
AHRS;22.224;5542.040;1.6132;-1.0297;-25.8926;0.01171;-0.01191;-0.22413;3
GYRO;22.225;5542.040;0.36534;-0.35502;0.34018;0
MAGN;22.228;5542.043;-19.42500;37.01250;-38.13750;0
ACCE;22.239;5542.048;-0.73995;1.84995;9.85995;0
GYRO;22.239;5542.048;0.45237;-0.10986;0.16858;0
MAGN;22.240;5542.053;-19.46250;36.97500;-38.13750;0
GNSS;22.240;1745934487.133;24.926181;121.252872;194.900;0.000;4.3;0.0;48;9
ACCE;22.248;5542.063;-0.37605;1.77405;9.45795;0
AHRS;22.248;5542.063;1.6132;-1.0297;-25.8926;0.01171;-0.01191;-0.22413;3
GYRO;22.248;5542.063;0.50215;0.00674;0.00399;0
MAGN;22.249;5542.063;-19.51875;36.95625;-38.08125;0
GYRO;22.256;5542.071;0.52003;0.23787;-0.09419;0
MAGN;22.258;5542.073;-19.53750;36.93750;-38.04375;0
ACCE;22.264;5542.079;0.44595;0.39495;10.10895;0
AHRS;22.266;5542.079;1.6133;-1.0297;-25.8926;0.01171;-0.01191;-0.22413;3
GYRO;22.266;5542.079;0.47300;0.35131;-0.19951;0
MAGN;22.267;5542.083;-19.55625;36.93750;-38.06250;0
GYRO;22.271;5542.087;0.37895;0.40411;-0.26318;0
LIGH;22.274;5542.090;1.4;3
MAGN;22.278;5542.093;-19.55625;36.93750;-38.08125;0
ACCE;22.279;5542.094;0.81000;-0.65700;11.08500;0
AHRS;22.288;5542.103;1.6133;-1.0297;-25.8926;0.01171;-0.01191;-0.22413;3
GYRO;22.289;5542.103;0.27803;0.42158;-0.31130;0
MAGN;22.291;5542.103;-19.57500;36.93750;-38.10000;0
ACCE;22.295;5542.111;0.96300;-0.94395;11.75595;0
GYRO;22.295;5542.111;0.07191;0.39325;-0.35475;0
MAGN;22.296;5542.113;-19.59375;36.91875;-38.10000;0
AHRS;22.303;5542.119;1.6132;-1.0297;-25.8926;0.01171;-0.01191;-0.22413;3
GYRO;22.304;5542.119;-0.12815;0.32024;-0.35599;0
MAGN;22.308;5542.123;-19.57500;36.91875;-38.11875;0
ACCE;22.310;5542.126;0.67605;-0.52305;11.67900;0
GYRO;22.312;5542.126;-0.31171;0.21574;-0.31529;0
MAGN;22.319;5542.133;-19.57500;36.90000;-38.08125;0
AHRS;22.319;5542.134;1.6132;-1.0297;-25.8926;0.01171;-0.01191;-0.22413;3
GYRO;22.320;5542.134;-0.46667;0.09474;-0.24049;0
ACCE;22.327;5542.142;0.33105;0.12705;10.87500;0
GYRO;22.327;5542.142;-0.59111;0.00055;-0.19099;0
MAGN;22.328;5542.143;-19.55625;36.86250;-38.04375;0
AHRS;22.335;5542.150;1.6133;-1.0297;-25.8926;0.01171;-0.01191;-0.22413;3
GYRO;22.335;5542.150;-0.68324;-0.00027;-0.20969;0
MAGN;22.336;5542.152;-19.53750;36.88125;-38.04375;0
ACCE;22.342;5542.158;-0.08895;0.49095;9.63000;0
GYRO;22.343;5542.158;-0.74016;-0.00412;-0.18026;0
MAGN;22.349;5542.163;-19.53750;36.86250;-38.00625;0
ACCE;22.357;5542.173;0.13995;0.70095;8.73000;0
AHRS;22.358;5542.173;1.6133;-1.0297;-25.8926;0.01171;-0.01191;-0.22413;3
GYRO;22.358;5542.173;-0.71417;-0.00687;-0.14658;0
MAGN;22.359;5542.173;-19.53750;36.80625;-37.98750;0
GYRO;22.367;5542.182;-0.70455;-0.11949;-0.10670;0
MAGN;22.368;5542.183;-19.51875;36.78750;-37.98750;0
ACCE;22.374;5542.190;0.42705;0.41400;8.63400;0
AHRS;22.375;5542.190;2.2881;-1.2527;-26.0028;0.01699;-0.01514;-0.22513;3
GYRO;22.376;5542.190;-0.75570;-0.20006;-0.00619;0
MAGN;22.377;5542.192;-19.48125;36.78750;-38.02500;0
GYRO;22.385;5542.197;-0.75144;-0.26290;-0.00000;0
MAGN;22.388;5542.203;-19.44375;36.78750;-38.04375;0
ACCE;22.389;5542.205;0.58005;0.10800;9.47700;0
SOUN;22.397;326.78;0.00997;53.96
AHRS;22.407;5542.213;2.2881;-1.2527;-26.0028;0.01699;-0.01514;-0.22513;3
GYRO;22.408;5542.213;-0.69286;-0.29549;0.00495;0
MAGN;22.408;5542.213;-19.42500;36.78750;-38.04375;0
ACCE;22.411;5542.221;0.59895;-0.12105;10.49205;0
GYRO;22.411;5542.221;-0.65807;-0.31982;0.00852;0
MAGN;22.411;5542.223;-19.40625;36.76875;-38.04375;0
AHRS;22.413;5542.229;2.2744;-1.5247;-25.6537;0.01640;-0.01738;-0.22220;3
GYRO;22.418;5542.229;-0.63058;-0.28174;0.00687;0
MAGN;22.418;5542.233;-19.38750;36.76875;-38.04375;0
ACCE;22.421;5542.237;0.40800;-0.44595;11.08500;0
GYRO;22.422;5542.237;-0.55371;-0.24324;0.00742;0
MAGN;22.428;5542.243;-19.35000;36.76875;-38.06250;0
AHRS;22.429;5542.244;2.2744;-1.5247;-25.6537;0.01640;-0.01738;-0.22220;3
GYRO;22.432;5542.244;-0.45980;-0.22674;0.10546;0
LIGH;22.434;5542.250;1.4;3
ACCE;22.438;5542.253;0.63705;-0.61905;11.37300;0
GYRO;22.438;5542.253;-0.37867;-0.19387;0.10106;0
MAGN;22.439;5542.253;-19.31250;36.75000;-38.10000;0
AHRS;22.445;5542.260;2.2744;-1.5247;-25.6537;0.01640;-0.01738;-0.22220;3
GYRO;22.446;5542.260;-0.34898;-0.15716;0.00811;0
MAGN;22.446;5542.263;-19.29375;36.75000;-38.13750;0
ACCE;22.453;5542.268;0.46500;-0.63795;11.08500;0
GYRO;22.453;5542.268;-0.30291;-0.07961;0.00412;0
MAGN;22.458;5542.273;-19.27500;36.75000;-38.15625;0
AHRS;22.460;5542.276;2.2744;-1.5248;-25.6537;0.01640;-0.01738;-0.22220;3
GYRO;22.462;5542.276;-0.24681;0.00220;-0.00151;0
MAGN;22.468;5542.283;-19.25625;36.76875;-38.17500;0
ACCE;22.469;5542.284;0.15900;-0.37005;10.16595;0
GYRO;22.469;5542.284;-0.18549;0.09020;-0.00564;0
AHRS;22.477;5542.292;2.1682;-1.1459;-25.8289;0.01621;-0.01397;-0.22363;3
GYRO;22.478;5542.292;-0.19731;0.10257;-0.00632;0
MAGN;22.478;5542.293;-19.23750;36.76875;-38.15625;0
ACCE;22.484;5542.300;0.08205;-0.13995;9.09405;0
GYRO;22.485;5542.300;-0.22605;0.12004;-0.09268;0
MAGN;22.488;5542.303;-19.21875;36.76875;-38.15625;0
AHRS;22.492;5542.308;2.1682;-1.1460;-25.8289;0.01621;-0.01397;-0.22363;3
GYRO;22.493;5542.308;-0.27514;0.10037;-0.10216;0
MAGN;22.498;5542.313;-19.21875;36.76875;-38.17500;0
ACCE;22.499;5542.315;0.44595;-0.21705;8.61495;0
GYRO;22.508;5542.323;-0.34485;0.00426;-0.09089;0
MAGN;22.509;5542.323;-19.18125;36.78750;-38.19375;0
ACCE;22.516;5542.331;1.11600;-0.81000;8.76795;0
AHRS;22.519;5542.331;2.1682;-1.1459;-25.8289;0.01621;-0.01397;-0.22363;3
GYRO;22.519;5542.331;-0.46324;-0.00344;-0.00756;0
MAGN;22.519;5542.333;-19.16250;36.80625;-38.17500;0
GYRO;22.524;5542.339;-0.56994;-0.12155;-0.00577;0
MAGN;22.529;5542.343;-19.14375;36.82500;-38.19375;0
ACCE;22.534;5542.347;1.63305;-1.34595;9.20895;0
AHRS;22.535;5542.347;2.1681;-1.1459;-25.8289;0.01620;-0.01397;-0.22363;3
GYRO;22.535;5542.347;-0.67059;-0.21917;-0.00179;0
MAGN;22.539;5542.353;-19.12500;36.84375;-38.23125;0
ACCE;22.548;5542.363;1.76700;-1.61505;9.30405;0
GYRO;22.548;5542.363;-0.68406;-0.29081;0.00330;0
MAGN;22.551;5542.363;-19.10625;36.84375;-38.30625;0
AHRS;22.555;5542.371;1.1939;-1.9233;-25.3530;0.00648;-0.01866;-0.21957;3
GYRO;22.556;5542.371;-0.72930;-0.41030;0.11756;0
MAGN;22.556;5542.373;-19.08750;36.84375;-38.36250;0
ACCE;22.563;5542.379;1.40295;-1.53795;9.11295;0
GYRO;22.564;5542.379;-0.76409;-0.49143;0.16899;0
MAGN;22.568;5542.383;-19.06875;36.84375;-38.41875;0
AHRS;22.571;5542.386;0.7626;-2.4418;-25.0055;0.00188;-0.02224;-0.21657;3
GYRO;22.572;5542.386;-0.78210;-0.55605;0.20597;0
MAGN;22.579;5542.393;-19.06875;36.84375;-38.43750;0
ACCE;22.579;5542.394;1.26900;-1.25100;8.88300;0
GYRO;22.580;5542.394;-0.78567;-0.64199;0.26964;0
AHRS;22.587;5542.402;0.2506;-3.0110;-24.7059;-0.00348;-0.02613;-0.21392;3
GYRO;22.588;5542.402;-0.78595;-0.74855;0.34980;0
MAGN;22.589;5542.403;-19.06875;36.82500;-38.43750;0
LIGH;22.595;5542.410;0.7;3
ACCE;22.595;5542.410;1.09695;-1.00200;8.84505;0
GYRO;22.596;5542.410;-0.79805;-0.83573;0.41250;0
MAGN;22.596;5542.412;-19.06875;36.82500;-38.49375;0
AHRS;22.603;5542.418;0.2506;-3.0110;-24.7059;-0.00348;-0.02613;-0.21392;3
GYRO;22.603;5542.418;-0.76010;-0.86927;0.44839;0
MAGN;22.608;5542.423;-19.06875;36.84375;-38.56875;0
ACCE;22.611;5542.426;0.61800;-0.56100;8.88300;0
GYRO;22.612;5542.426;-0.70249;-0.85676;0.46420;0
MAGN;22.618;5542.433;-19.08750;36.86250;-38.62500;0
ACCE;22.628;5542.442;0.19695;-0.08295;9.19005;0
AHRS;22.630;5542.442;0.2506;-3.0110;-24.7059;-0.00348;-0.02613;-0.21392;3
GYRO;22.631;5542.442;-0.59290;-0.76849;0.43120;0
MAGN;22.632;5542.443;-19.08750;36.86250;-38.66250;0
GYRO;22.634;5542.449;-0.51012;-0.68681;0.38211;0
MAGN;22.638;5542.453;-19.10625;36.82500;-38.66250;0
ACCE;22.642;5542.457;0.12000;0.24195;9.63000;0
AHRS;22.643;5542.457;0.2506;-3.0110;-24.7059;-0.00348;-0.02613;-0.21392;3
GYRO;22.644;5542.457;-0.33440;-0.50009;0.26427;0
MAGN;22.650;5542.463;-19.12500;36.82500;-38.70000;0
ACCE;22.658;5542.473;0.33105;0.07005;10.10895;0
GYRO;22.659;5542.473;-0.19717;-0.36204;0.18727;0
MAGN;22.660;5542.473;-19.14375;36.86250;-38.75625;0
AHRS;22.666;5542.481;0.2506;-3.0110;-24.7059;-0.00348;-0.02613;-0.21392;3
GYRO;22.668;5542.481;-0.00289;-0.17779;0.00756;0
MAGN;22.668;5542.483;-19.16250;36.90000;-38.77500;0
ACCE;22.673;5542.489;0.59895;-0.29295;10.28100;0
GYRO;22.674;5542.489;0.14135;0.00082;-0.00247;0
MAGN;22.679;5542.493;-19.18125;36.90000;-38.81250;0
AHRS;22.683;5542.497;-0.6173;-3.0694;-25.1030;-0.01108;-0.02497;-0.21710;3
GYRO;22.686;5542.497;0.31171;0.21189;-0.13791;0
MAGN;22.689;5542.503;-19.21875;36.91875;-38.81250;0
ACCE;22.689;5542.505;0.71400;-0.52305;10.24305;0
GYRO;22.689;5542.505;0.46159;0.40178;-0.25575;0
AHRS;22.700;5542.513;-0.6173;-3.0694;-25.1030;-0.01108;-0.02497;-0.21710;3
GYRO;22.700;5542.513;0.59551;0.55110;-0.34306;0
MAGN;22.700;5542.513;-19.23750;36.93750;-38.83125;0
ACCE;22.705;5542.520;0.65700;-0.52305;10.10895;0
GYRO;22.706;5542.520;0.70304;0.67554;-0.41539;0
MAGN;22.706;5542.523;-19.27500;36.93750;-38.86875;0
AHRS;22.717;5542.528;-0.6173;-3.0694;-25.1030;-0.01108;-0.02497;-0.21710;3
GYRO;22.718;5542.528;0.77660;0.74484;-0.46049;0
MAGN;22.720;5542.533;-19.31250;36.93750;-38.88750;0
ACCE;22.720;5542.536;0.48405;-0.27405;10.06995;0
WIFI;22.721;5488.545;All money go my home;c2:25:2f:7c:70:23;-82
WIFI;22.721;5488.545;All money go my home;c2:25:2f:2c:70:22;-89
WIFI;22.721;5488.545;Fang;dc:62:79:cb:0e:9b;-77
WIFI;22.721;5488.545;CHENS-7011;b8:55:10:cc:48:30;-65
WIFI;22.721;5488.545;;c0:25:2f:ac:70:23;-82
WIFI;22.721;5488.545;Tenda_8CC950_5G;d8:32:14:8c:c9:55;-90
WIFI;22.721;5488.545;98-14;d8:07:b6:32:4f:72;-94
WIFI;22.721;5488.545;98-14;d8:07:b6:32:4f:73;-92
WIFI;22.721;5488.545;Fang-3F_5G;cc:d8:43:b7:7d:43;-48
WIFI;22.721;5488.545;笨笨龍;04:09:86:27:19:3a;-81
WIFI;22.721;5488.545;98-14;d8:07:b6:32:4f:32;-92
WIFI;22.721;5488.545;;ce:d8:43:c7:7d:42;-48
GYRO;22.749;5542.536;0.82555;0.79943;-0.49115;0
MAGN;22.749;5542.543;-19.33125;36.95625;-38.86875;0
AHRS;22.750;5542.544;-1.1258;-3.0415;-25.5054;-0.01544;-0.02372;-0.22040;3
GYRO;22.750;5542.544;0.82844;0.79887;-0.48455;0
ACCE;22.750;5542.552;0.40800;-0.02505;10.06995;0
GYRO;22.751;5542.552;0.85704;0.79365;-0.47493;0
MAGN;22.751;5542.553;-19.36875;36.97500;-38.88750;0
AHRS;22.751;5542.560;-1.1258;-3.0415;-25.5054;-0.01544;-0.02372;-0.22040;3
GYRO;22.751;5542.560;0.82101;0.70606;-0.39861;0
MAGN;22.752;5542.562;-19.38750;37.01250;-38.86875;0
ACCE;22.752;5542.568;0.38895;0.03105;9.95595;0
GYRO;22.752;5542.568;0.73631;0.58534;-0.31639;0
LIGH;22.757;5542.569;0.0;3
MAGN;22.759;5542.573;-19.42500;37.03125;-38.86875;0
ACCE;22.768;5542.583;0.44595;0.10800;9.74505;0
AHRS;22.770;5542.583;-1.1258;-3.0415;-25.5054;-0.01544;-0.02372;-0.22040;3
GYRO;22.771;5542.583;0.62617;0.46599;-0.24640;0
MAGN;22.771;5542.583;-19.44375;37.03125;-38.86875;0
GYRO;22.777;5542.591;0.52181;0.35173;-0.17847;0
MAGN;22.777;5542.593;-19.48125;37.05000;-38.90625;0
ACCE;22.785;5542.600;0.38895;0.28005;9.30405;0
AHRS;22.786;5542.600;-1.1258;-3.0415;-25.5054;-0.01544;-0.02372;-0.22040;3
GYRO;22.786;5542.600;0.45196;0.27156;-0.12911;0
MAGN;22.787;5542.602;-19.51875;37.08750;-38.92500;0
MAGN;22.798;5542.613;-19.55625;37.08750;-38.92500;0
ACCE;22.799;5542.614;0.40800;0.39495;9.01695;0
GYRO;22.799;5542.614;0.39792;0.20694;-0.00866;0
AHRS;22.808;5542.623;-1.1258;-3.0415;-25.5054;-0.01544;-0.02372;-0.22040;3
GYRO;22.809;5542.623;0.37785;0.15331;-0.00412;0
MAGN;22.810;5542.623;-19.59375;37.08750;-38.90625;0
ACCE;22.815;5542.631;0.38895;0.41400;9.15105;0
GYRO;22.816;5542.631;0.37139;0.10340;-0.00000;0
MAGN;22.817;5542.633;-19.63125;37.10625;-38.88750;0
AHRS;22.823;5542.639;-1.1258;-3.0415;-25.5054;-0.01544;-0.02372;-0.22040;3
GYRO;22.824;5542.639;0.37579;0.00619;0.00412;0
MAGN;22.828;5542.643;-19.66875;37.12500;-38.81250;0
ACCE;22.831;5542.646;0.42705;0.31800;9.61095;0
GYRO;22.832;5542.646;0.38363;0.00399;0.00742;0
MAGN;22.838;5542.653;-19.70625;37.16250;-38.75625;0
AHRS;22.839;5542.654;-1.1258;-3.0415;-25.5054;-0.01544;-0.02372;-0.22040;3
GYRO;22.840;5542.654;0.40260;0.00289;0.09268;0
ACCE;22.848;5542.662;0.44595;0.14595;10.03200;0
GYRO;22.848;5542.662;0.43780;0.00591;0.00715;0
MAGN;22.848;5542.663;-19.74375;37.21875;-38.70000;0
AHRS;22.855;5542.670;-1.1258;-3.0415;-25.5054;-0.01544;-0.02372;-0.22040;3
GYRO;22.856;5542.670;0.47726;0.07604;0.00660;0
MAGN;22.856;5542.672;-19.81875;37.27500;-38.62500;0
ACCE;22.863;5542.678;0.33105;0.26100;10.24305;0
GYRO;22.864;5542.678;0.51796;0.10381;0.00564;0
MAGN;22.868;5542.683;-19.85625;37.31250;-38.56875;0
ACCE;22.878;5542.693;0.23505;0.35700;10.18500;0
AHRS;22.879;5542.693;-1.1258;-3.0415;-25.5054;-0.01544;-0.02372;-0.22040;3
GYRO;22.881;5542.693;0.51920;0.11990;0.00454;0
MAGN;22.881;5542.693;-19.85625;37.33125;-38.53125;0
GYRO;22.887;5542.702;0.52704;0.13736;0.00330;0
MAGN;22.888;5542.703;-19.89375;37.38750;-38.53125;0
ACCE;22.894;5542.709;0.25395;0.45300;9.89805;0
AHRS;22.895;5542.709;-1.1258;-3.0415;-25.5054;-0.01544;-0.02372;-0.22040;3
GYRO;22.897;5542.709;0.50669;0.13901;0.00330;0
MAGN;22.898;5542.712;-19.91250;37.42500;-38.49375;0
SOUN;22.899;330.08;0.01007;54.04
GYRO;22.908;5542.717;0.47052;0.12444;0.00454;0
MAGN;22.909;5542.723;-19.93125;37.48125;-38.43750;0
ACCE;22.910;5542.724;0.46500;0.47205;9.51495;0
LIGH;22.914;5542.730;0.0;3
AHRS;22.918;5542.733;-1.1258;-3.0415;-25.5054;-0.01544;-0.02372;-0.22040;3
GYRO;22.918;5542.733;0.40136;0.08951;0.00564;0
MAGN;22.920;5542.733;-19.96875;37.51875;-38.36250;0
ACCE;22.925;5542.741;0.67605;0.31800;9.45795;0
GYRO;22.926;5542.741;0.32560;0.00467;0.00660;0
MAGN;22.926;5542.743;-20.00625;37.55625;-38.32500;0
AHRS;22.933;5542.749;-1.1258;-3.0415;-25.5054;-0.01544;-0.02372;-0.22040;3
GYRO;22.934;5542.749;0.24475;0.00124;0.00605;0
MAGN;22.938;5542.753;-20.02500;37.61250;-38.28750;0
ACCE;22.941;5542.757;0.67605;0.24195;9.61095;0
GYRO;22.942;5542.757;0.17971;-0.00247;0.00687;0
MAGN;22.948;5542.763;-20.04375;37.66875;-38.23125;0
AHRS;22.949;5542.764;-1.4853;-3.5410;-25.7328;-0.01951;-0.02723;-0.22216;3
GYRO;22.951;5542.764;0.12774;-0.00481;0.00729;0
ACCE;22.957;5542.773;0.63705;0.33795;9.80205;0
GYRO;22.957;5542.773;0.08731;-0.07356;0.00839;0
MAGN;22.958;5542.773;-20.06250;37.68750;-38.17500;0
AHRS;22.965;5542.780;-1.4853;-3.5410;-25.7328;-0.01951;-0.02723;-0.22216;3
GYRO;22.966;5542.780;0.07466;-0.08992;0.09501;0
MAGN;22.967;5542.783;-20.06250;37.72500;-38.13750;0
ACCE;22.973;5542.788;0.44595;0.45300;9.91695;0
GYRO;22.973;5542.788;0.00591;-0.09652;0.10216;0
MAGN;22.978;5542.793;-20.08125;37.74375;-38.11875;0
AHRS;22.980;5542.796;-1.4853;-3.5410;-25.7328;-0.01951;-0.02723;-0.22216;3
GYRO;22.981;5542.796;0.00522;-0.10505;0.10656;0
MAGN;22.988;5542.803;-20.10000;37.76250;-38.02500;0
ACCE;22.988;5542.804;0.38895;0.58695;9.84105;0
GYRO;22.989;5542.804;0.00550;-0.10972;0.10395;0
AHRS;22.997;5542.812;-1.4853;-3.5410;-25.7328;-0.01951;-0.02723;-0.22216;3
GYRO;22.997;5542.812;0.08676;-0.10203;0.10546;0
MAGN;22.998;5542.813;-20.11875;37.76250;-37.95000;0
ACCE;23.004;5542.820;0.23505;0.81600;9.76395;0
GYRO;23.005;5542.820;0.12513;-0.07975;0.09845;0
MAGN;23.008;5542.823;-20.11875;37.78125;-37.89375;0
AHRS;23.012;5542.828;-0.6422;-3.5840;-25.3762;-0.01233;-0.02928;-0.21936;3
GYRO;23.013;5542.828;0.17738;-0.00481;0.09364;0
MAGN;23.019;5542.833;-20.11875;37.81875;-37.89375;0
ACCE;23.020;5542.835;0.10095;0.93105;9.85995;0
GYRO;23.029;5542.843;0.21422;-0.00206;0.09254;0
MAGN;23.030;5542.843;-20.11875;37.85625;-37.87500;0
ACCE;23.036;5542.851;0.21600;0.75900;10.24305;0
AHRS;23.037;5542.851;-0.6422;-3.5840;-25.3762;-0.01233;-0.02928;-0.21936;3
GYRO;23.038;5542.851;0.24736;0.00124;0.08731;0
MAGN;23.040;5542.853;-20.10000;37.87500;-37.85625;0
GYRO;23.044;5542.859;0.25960;0.00646;0.00605;0
MAGN;23.048;5542.863;-20.08125;37.89375;-37.83750;0
ACCE;23.052;5542.867;0.52305;0.35700;10.43400;0
AHRS;23.053;5542.867;-0.6421;-3.5840;-25.3762;-0.01233;-0.02928;-0.21936;3
GYRO;23.053;5542.867;0.25369;0.08924;0.00467;0
MAGN;23.059;5542.873;-20.08125;37.89375;-37.83750;0
ACCE;23.068;5542.883;0.98205;0.04995;10.33905;0
GYRO;23.069;5542.883;0.22687;0.07109;0.00536;0
MAGN;23.069;5542.883;-20.06250;37.91250;-37.81875;0
LIGH;23.074;5542.890;0.0;3
MAGN;23.081;5542.893;-20.04375;37.93125;-37.80000;0
ACCE;23.083;5542.899;1.05900;-0.12105;9.93600;0
AHRS;23.088;5542.899;-0.6421;-3.5840;-25.3762;-0.01233;-0.02928;-0.21936;3
GYRO;23.089;5542.899;0.18081;0.00522;0.00550;0
MAGN;23.089;5542.903;-20.02500;37.96875;-37.80000;0
GYRO;23.092;5542.906;0.10945;0.00151;0.00742;0
MAGN;23.099;5542.913;-19.98750;37.98750;-37.81875;0
ACCE;23.099;5542.914;1.07805;-0.12105;9.45795;0
AHRS;23.100;5542.914;-0.6421;-3.5840;-25.3762;-0.01233;-0.02928;-0.21936;3
GYRO;23.100;5542.914;0.00316;-0.00220;0.09680;0
GYRO;23.107;5542.922;-0.00467;-0.00632;0.12966;0
MAGN;23.108;5542.923;-19.96875;38.00625;-37.83750;0
ACCE;23.114;5542.930;0.90600;-0.04395;9.16995;0
AHRS;23.115;5542.930;0.5575;-3.1366;-24.9528;-0.00116;-0.02777;-0.21608;3
GYRO;23.116;5542.930;-0.12774;-0.11261;0.16349;0
MAGN;23.116;5542.933;-19.93125;38.02500;-37.85625;0
GYRO;23.122;5542.938;-0.18494;-0.15551;0.19140;0
MAGN;23.128;5542.943;-19.89375;38.04375;-37.89375;0
ACCE;23.130;5542.946;0.75195;0.03105;9.28500;0
AHRS;23.132;5542.946;0.5575;-3.1366;-24.9528;-0.00116;-0.02777;-0.21608;3
GYRO;23.133;5542.946;-0.24723;-0.20075;0.21574;0
MAGN;23.138;5542.953;-19.87500;38.04375;-37.91250;0
ACCE;23.147;5542.962;0.36900;0.31800;9.64905;0
GYRO;23.153;5542.962;-0.27156;-0.23471;0.23031;0
MAGN;23.155;5542.963;-19.83750;38.04375;-37.96875;0
AHRS;23.156;5542.969;0.5575;-3.1366;-24.9528;-0.00116;-0.02777;-0.21608;3
GYRO;23.156;5542.969;-0.30044;-0.24447;0.22976;0
MAGN;23.158;5542.973;-19.80000;38.02500;-37.96875;0
ACCE;23.162;5542.977;-0.01305;0.68205;9.97500;0
GYRO;23.163;5542.977;-0.30731;-0.22096;0.21285;0
MAGN;23.168;5542.983;-19.76250;38.02500;-37.98750;0
ACCE;23.178;5542.993;-0.24195;0.97005;10.16595;0
AHRS;23.179;5542.993;0.5576;-3.1366;-24.9528;-0.00116;-0.02777;-0.21608;3
GYRO;23.179;5542.993;-0.28806;-0.18906;0.19635;0
MAGN;23.181;5542.993;-19.70625;38.02500;-38.00625;0
GYRO;23.185;5543.001;-0.23403;-0.12100;0.16858;0
MAGN;23.186;5543.003;-19.66875;38.02500;-37.98750;0
ACCE;23.194;5543.009;0.02505;0.94995;10.10895;0
AHRS;23.194;5543.009;1.4150;-2.7370;-24.5901;0.00698;-0.02596;-0.21316;3
GYRO;23.197;5543.009;-0.16074;-0.00660;0.15015;0
MAGN;23.198;5543.013;-19.63125;38.02500;-37.98750;0
GYRO;23.201;5543.017;-0.07397;0.00041;0.11784;0
MAGN;23.212;5543.023;-19.59375;37.98750;-37.98750;0
ACCE;23.212;5543.025;0.33105;0.81600;9.99405;0
AHRS;23.213;5543.025;1.4151;-2.7370;-24.5901;0.00698;-0.02596;-0.21316;3
GYRO;23.214;5543.025;0.00316;0.10051;0.00660;0
GNSS;23.215;1745934489.000;24.926180;121.252865;194.300;288.010;4.5;0.0;48;10
GYRO;23.218;5543.033;0.14506;0.19305;0.00192;0
MAGN;23.218;5543.033;-19.55625;37.98750;-38.06250;0
GNSS;23.219;1745934489.000;24.926180;121.252865;194.300;288.010;4.5;0.0;48;10
ACCE;23.225;5543.040;0.50295;0.77805;10.06995;0
AHRS;23.226;5543.040;1.4151;-2.7370;-24.5901;0.00698;-0.02596;-0.21316;3
GYRO;23.233;5543.040;0.26510;0.27404;-0.00220;0
MAGN;23.233;5543.042;-19.50000;37.98750;-38.11875;0
GYRO;23.234;5543.048;0.36671;0.32120;-0.00247;0
LIGH;23.234;5543.049;0.0;3
GNSS;23.235;1745934488.132;24.926180;121.252866;194.900;0.000;4.4;0.0;48;10
MAGN;23.238;5543.053;-19.42500;37.98750;-38.15625;0
ACCE;23.240;5543.056;0.50295;1.02705;10.31895;0
AHRS;23.241;5543.056;2.1004;-2.6511;-24.1280;0.01309;-0.02645;-0.20933;3
GYRO;23.242;5543.056;0.48854;0.36272;-0.00137;0
MAGN;23.248;5543.063;-19.38750;37.98750;-38.23125;0
GYRO;23.249;5543.064;0.60830;0.40026;-0.00069;0
ACCE;23.257;5543.072;0.25395;1.48695;10.30005;0
AHRS;23.258;5543.072;2.1004;-2.6511;-24.1280;0.01309;-0.02645;-0.20933;3
GYRO;23.258;5543.072;0.72518;0.43464;0.00027;0
MAGN;23.259;5543.073;-19.31250;37.96875;-38.23125;0
GYRO;23.264;5543.080;0.81331;0.45430;-0.00014;0
MAGN;23.269;5543.083;-19.27500;37.95000;-38.21250;0
ACCE;23.272;5543.088;0.17805;1.02705;10.41495;0
AHRS;23.275;5543.088;2.1004;-2.6511;-24.1280;0.01309;-0.02645;-0.20933;3
GYRO;23.275;5543.088;0.82816;0.45320;-0.00137;0
MAGN;23.280;5543.093;-19.20000;37.93125;-38.21250;0
ACCE;23.288;5543.103;0.75195;-0.40800;11.14305;0
GYRO;23.289;5543.103;0.73618;0.40343;-0.00151;0
MAGN;23.290;5543.103;-19.14375;37.95000;-38.30625;0
AHRS;23.296;5543.111;2.6832;-2.5549;-23.7540;0.01832;-0.02663;-0.20621;3
GYRO;23.298;5543.111;0.51686;0.25451;0.00412;0
MAGN;23.299;5543.113;-19.06875;37.96875;-38.38125;0
ACCE;23.303;5543.119;1.71000;-1.69095;12.08100;0
GYRO;23.304;5543.119;0.21931;0.00509;0.13393;0
MAGN;23.309;5543.123;-18.97500;37.96875;-38.38125;0
AHRS;23.312;5543.127;2.1541;-2.8766;-23.3667;0.01332;-0.02838;-0.20287;3
GYRO;23.313;5543.127;-0.12086;-0.15483;0.22839;0
MAGN;23.318;5543.133;-18.88125;37.95000;-38.41875;0
ACCE;23.319;5543.134;2.03505;-2.59095;12.94305;0
GYRO;23.328;5543.143;-0.35076;-0.26950;0.26249;0
MAGN;23.328;5543.143;-18.78750;37.93125;-38.45625;0
ACCE;23.335;5543.151;1.86300;-2.66805;13.32600;0
AHRS;23.336;5543.151;2.1540;-2.8766;-23.3667;0.01332;-0.02838;-0.20287;3
GYRO;23.336;5543.151;-0.71637;-0.42735;0.30470;0
MAGN;23.337;5543.153;-18.71250;37.91250;-38.45625;0
GYRO;23.343;5543.159;-1.05311;-0.55096;0.32862;0
MAGN;23.348;5543.163;-18.65625;37.89375;-38.45625;0
ACCE;23.351;5543.166;1.05900;-1.82505;12.52200;0
AHRS;23.353;5543.166;1.0863;-3.2597;-23.0399;0.00360;-0.02976;-0.19988;3
GYRO;23.354;5543.166;-1.36042;-0.63360;0.31281;0
MAGN;23.358;5543.173;-18.58125;37.89375;-38.41875;0
GYRO;23.359;5543.174;-1.60462;-0.67018;0.27596;0
ACCE;23.368;5543.182;-0.22305;-0.46605;10.96995;0
AHRS;23.368;5543.182;1.0862;-3.2598;-23.0399;0.00360;-0.02976;-0.19988;3
GYRO;23.368;5543.182;-1.76179;-0.61792;0.19167;0
MAGN;23.370;5543.183;-18.52500;37.89375;-38.38125;0
GYRO;23.374;5543.190;-1.79644;-0.48565;0.00770;0
MAGN;23.380;5543.193;-18.48750;37.85625;-38.38125;0
ACCE;23.383;5543.198;-1.31505;0.47205;9.74505;0
AHRS;23.384;5543.198;0.8515;-2.8914;-23.2604;0.00219;-0.02621;-0.20171;3
GYRO;23.385;5543.198;-1.71270;-0.26675;-0.09075;0
MAGN;23.390;5543.203;-18.43125;37.81875;-38.38125;0
LIGH;23.397;5543.210;0.0;3
ACCE;23.399;5543.213;-1.63995;0.73995;9.26595;0
GYRO;23.399;5543.213;-1.52529;-0.00426;-0.24090;0
MAGN;23.400;5543.213;-18.41250;37.78125;-38.38125;0
AHRS;23.407;5543.222;0.8515;-2.8914;-23.2604;0.00219;-0.02621;-0.20171;3
GYRO;23.408;5543.222;-1.32866;0.22894;-0.43519;0
MAGN;23.409;5543.223;-18.37500;37.72500;-38.38125;0
SOUN;23.413;232.64;0.00710;51.00
ACCE;23.417;5543.230;-1.20000;0.37605;9.22800;0
GYRO;23.417;5543.230;-1.23956;0.40205;-0.58382;0
MAGN;23.418;5543.232;-18.35625;37.66875;-38.38125;0
MAGN;23.430;5543.243;-18.31875;37.61250;-38.36250;0
ACCE;23.430;5543.244;-0.62505;-0.33195;9.40005;0
AHRS;23.430;5543.244;0.9623;-2.3902;-23.6000;0.00395;-0.02213;-0.20462;3
GYRO;23.431;5543.244;-0.97048;0.57063;-0.68846;0
GYRO;23.437;5543.253;-0.71968;0.76450;-0.80878;0
MAGN;23.439;5543.253;-18.28125;37.55625;-38.36250;0
ACCE;23.445;5543.261;-0.16605;-1.07805;9.64905;0
AHRS;23.446;5543.261;0.9623;-2.3902;-23.6000;0.00395;-0.02213;-0.20462;3
GYRO;23.446;5543.261;-0.50339;0.94476;-0.90626;0
MAGN;23.448;5543.263;-18.22500;37.53750;-38.34375;0
GYRO;23.453;5543.269;-0.31831;1.08103;-0.96195;0
MAGN;23.458;5543.273;-18.18750;37.50000;-38.30625;0
ACCE;23.461;5543.277;0.21600;-1.55700;9.91695;0
AHRS;23.462;5543.277;0.2950;-2.1570;-23.9409;-0.00139;-0.01895;-0.20742;3
GYRO;23.463;5543.277;-0.13997;1.16517;-0.96979;0
MAGN;23.468;5543.283;-18.16875;37.48125;-38.26875;0
GYRO;23.468;5543.285;0.00041;1.19886;-0.94504;0
ACCE;23.477;5543.293;0.21600;-1.65300;10.12800;0
AHRS;23.478;5543.293;0.2950;-2.1570;-23.9409;-0.00139;-0.01895;-0.20742;3
GYRO;23.480;5543.293;0.11715;1.19364;-0.89416;0
MAGN;23.481;5543.293;-18.13125;37.46250;-38.23125;0
GYRO;23.485;5543.300;0.16404;1.20766;-0.88234;0
MAGN;23.488;5543.303;-18.09375;37.42500;-38.23125;0
ACCE;23.495;5543.308;0.06300;-1.44195;10.05105;0
AHRS;23.495;5543.308;-0.3993;-1.9631;-24.3023;-0.00701;-0.01601;-0.21040;3
GYRO;23.495;5543.308;0.19786;1.13561;-0.83504;0
MAGN;23.498;5543.313;-18.07500;37.40625;-38.21250;0
GYRO;23.501;5543.316;0.17655;1.03675;-0.78347;0
MAGN;23.508;5543.323;-18.01875;37.36875;-38.19375;0
ACCE;23.509;5543.324;-0.30000;-1.17405;9.51495;0
AHRS;23.509;5543.324;-0.3993;-1.9632;-24.3023;-0.00701;-0.01601;-0.21040;3
GYRO;23.510;5543.324;0.07012;0.93046;-0.75886;0
GYRO;23.517;5543.332;-0.08525;0.72160;-0.67911;0
MAGN;23.518;5543.333;-17.96250;37.31250;-38.15625;0
ACCE;23.524;5543.340;-0.31905;-1.11705;8.94105;0
AHRS;23.527;5543.340;-0.9930;-1.6792;-24.6761;-0.01159;-0.01246;-0.21352;3
GYRO;23.527;5543.340;-0.27913;0.45829;-0.57915;0
MAGN;23.527;5543.343;-17.94375;37.27500;-38.10000;0
GYRO;23.534;5543.348;-0.49349;0.19676;-0.49913;0
MAGN;23.538;5543.353;-17.90625;37.21875;-38.06250;0
ACCE;23.539;5543.355;-0.08895;-1.42305;8.67300;0
AHRS;23.548;5543.363;-0.9931;-1.6792;-24.6761;-0.01160;-0.01246;-0.21352;3
GYRO;23.549;5543.363;-0.65642;-0.00124;-0.42171;0
MAGN;23.550;5543.363;-17.86875;37.18125;-38.02500;0
LIGH;23.555;5543.370;0.0;3
ACCE;23.555;5543.371;0.13995;-1.65300;8.61495;0
GYRO;23.556;5543.371;-0.85181;-0.22316;-0.35970;0
MAGN;23.558;5543.373;-17.81250;37.14375;-38.02500;0
AHRS;23.563;5543.379;-1.8595;-1.6074;-25.0275;-0.01888;-0.01018;-0.21640;3
GYRO;23.564;5543.379;-0.98739;-0.39174;-0.29384;0
MAGN;23.568;5543.383;-17.79375;37.10625;-38.02500;0
ACCE;23.571;5543.387;0.21600;-1.69095;8.50005;0
GYRO;23.572;5543.387;-1.06782;-0.51411;-0.24269;0
MAGN;23.578;5543.393;-17.77500;37.06875;-38.00625;0
ACCE;23.587;5543.403;0.06300;-1.53795;8.29005;0
AHRS;23.588;5543.403;-1.8596;-1.6074;-25.0275;-0.01888;-0.01018;-0.21640;3
GYRO;23.588;5543.403;-1.05297;-0.55564;-0.18452;0
MAGN;23.588;5543.403;-17.73750;36.99375;-37.96875;0
GYRO;23.595;5543.411;-0.98519;-0.54134;-0.12595;0
MAGN;23.598;5543.413;-17.70000;36.93750;-37.91250;0
ACCE;23.603;5543.419;-0.05100;-1.30800;8.15595;0
AHRS;23.604;5543.419;-2.6879;-1.5446;-25.4147;-0.02584;-0.00799;-0.21958;3
GYRO;23.605;5543.419;-0.86996;-0.46186;-0.10450;0
MAGN;23.609;5543.423;-17.68125;36.86250;-37.93125;0
GYRO;23.611;5543.427;-0.72009;-0.34320;-0.09281;0
MAGN;23.619;5543.433;-17.68125;36.80625;-37.93125;0
ACCE;23.619;5543.434;-0.05100;-1.21200;8.30895;0
AHRS;23.619;5543.434;-2.9336;-1.3437;-25.7586;-0.02757;-0.00572;-0.22252;3
GYRO;23.621;5543.434;-0.54918;-0.20900;-0.00866;0
GYRO;23.629;5543.442;-0.38184;-0.08800;-0.00701;0
MAGN;23.629;5543.443;-17.68125;36.75000;-37.91250;0
ACCE;23.634;5543.450;-0.05100;-1.03995;8.59605;0
AHRS;23.635;5543.450;-2.9336;-1.3437;-25.7586;-0.02757;-0.00572;-0.22252;3
GYRO;23.636;5543.450;-0.28407;-0.00467;-0.00440;0
MAGN;23.637;5543.453;-17.68125;36.69375;-37.87500;0
GYRO;23.642;5543.458;-0.13778;-0.00041;0.00014;0
MAGN;23.649;5543.463;-17.66250;36.63750;-37.87500;0
ACCE;23.649;5543.465;-0.18495;-0.69495;8.92200;0
AHRS;23.658;5543.473;-3.2077;-1.0273;-26.2344;-0.02929;-0.00238;-0.22660;3
GYRO;23.660;5543.473;-0.00234;0.00357;0.00275;0
MAGN;23.661;5543.473;-17.62500;36.58125;-37.89375;0
ACCE;23.667;5543.482;-0.22305;-0.60000;9.26595;0
GYRO;23.668;5543.482;0.09597;0.00550;0.00784;0
MAGN;23.669;5543.483;-17.58750;36.52500;-37.89375;0
AHRS;23.674;5543.489;-3.3776;-0.7319;-26.5691;-0.03015;0.00056;-0.22950;3
GYRO;23.676;5543.489;0.18397;0.00399;0.14479;0
MAGN;23.678;5543.493;-17.55000;36.48750;-37.89375;0
ACCE;23.682;5543.497;-0.07005;-0.63795;9.63000;0
GYRO;23.683;5543.497;0.29370;0.00247;0.20914;0
MAGN;23.690;5543.503;-17.51250;36.46875;-37.87500;0
ACCE;23.698;5543.513;-0.08895;-0.79095;9.99405;0
AHRS;23.699;5543.513;-3.3776;-0.7319;-26.5691;-0.03015;0.00056;-0.22950;3
GYRO;23.700;5543.513;0.33963;0.00014;0.24104;0
MAGN;23.701;5543.513;-17.47500;36.45000;-37.83750;0
GYRO;23.705;5543.521;0.42721;-0.00041;0.27981;0
MAGN;23.706;5543.523;-17.41875;36.45000;-37.78125;0
LIGH;23.714;5543.529;0.0;3
ACCE;23.719;5543.529;-0.14700;-0.88695;10.56795;0
AHRS;23.720;5543.529;-3.3776;-0.7319;-26.5691;-0.03015;0.00056;-0.22950;3
GYRO;23.721;5543.529;0.51109;0.00027;0.31584;0
MAGN;23.722;5543.533;-17.36250;36.46875;-37.74375;0
MAGN;23.729;5543.543;-17.30625;36.48750;-37.72500;0
ACCE;23.730;5543.544;-0.31905;-0.96405;11.20005;0
GYRO;23.730;5543.544;0.55193;0.00055;0.33797;0
AHRS;23.737;5543.553;-3.3778;-0.7319;-26.5691;-0.03015;0.00056;-0.22950;3
GYRO;23.742;5543.553;0.60734;0.00440;0.34677;0
MAGN;23.743;5543.553;-17.26875;36.46875;-37.66875;0
ACCE;23.744;5543.560;-0.33795;-0.92505;11.58300;0
GYRO;23.745;5543.560;0.65134;0.08717;0.34238;0
MAGN;23.746;5543.562;-17.19375;36.43125;-37.61250;0
AHRS;23.752;5543.568;-4.4271;-0.5612;-26.7995;-0.03871;0.00419;-0.23138;3
GYRO;23.754;5543.568;0.69052;0.10711;0.35626;0
MAGN;23.758;5543.573;-17.15625;36.41250;-37.63125;0
ACCE;23.761;5543.576;-0.31905;-0.65700;11.50695;0
GYRO;23.762;5543.576;0.70758;0.13654;0.35227;0
MAGN;23.768;5543.583;-17.11875;36.37500;-37.66875;0
AHRS;23.769;5543.584;-4.4271;-0.5612;-26.7995;-0.03871;0.00419;-0.23138;3
GYRO;23.769;5543.584;0.70950;0.16459;0.32216;0
ACCE;23.777;5543.592;-0.22305;-0.40800;10.74105;0
GYRO;23.779;5543.592;0.67444;0.17050;0.29040;0
MAGN;23.779;5543.593;-17.08125;36.33750;-37.63125;0
AHRS;23.786;5543.600;-4.9216;-0.2681;-27.1629;-0.04228;0.00781;-0.23451;3
GYRO;23.786;5543.600;0.67182;0.16225;0.30250;0
MAGN;23.789;5543.603;-17.02500;36.33750;-37.57500;0
ACCE;23.794;5543.608;0.00600;-0.33195;9.66795;0
GYRO;23.794;5543.608;0.59716;0.11577;0.30979;0
MAGN;23.798;5543.613;-16.98750;36.31875;-37.55625;0
ACCE;23.808;5543.623;0.34995;-0.37005;9.09405;0
AHRS;23.808;5543.623;-4.9216;-0.2681;-27.1629;-0.04228;0.00781;-0.23451;3
GYRO;23.809;5543.623;0.51480;0.00632;0.30346;0
MAGN;23.811;5543.623;-16.96875;36.31875;-37.53750;0
GYRO;23.816;5543.631;0.48867;0.00000;0.33674;0
MAGN;23.818;5543.633;-16.93125;36.31875;-37.53750;0
ACCE;23.823;5543.639;0.46500;-0.21705;9.16995;0
AHRS;23.828;5543.639;-4.9217;-0.2682;-27.1629;-0.04228;0.00781;-0.23451;3
GYRO;23.828;5543.639;0.45513;-0.07191;0.37345;0
MAGN;23.829;5543.643;-16.89375;36.31875;-37.53750;0
GYRO;23.832;5543.647;0.44564;-0.12774;0.41140;0
MAGN;23.838;5543.653;-16.85625;36.31875;-37.44375;0
ACCE;23.840;5543.654;0.19695;0.04995;9.64905;0
AHRS;23.847;5543.663;-4.9216;-0.2681;-27.1629;-0.04228;0.00781;-0.23451;3
GYRO;23.848;5543.663;0.42267;-0.15111;0.40659;0
MAGN;23.850;5543.663;-16.83750;36.28125;-37.38750;0
ACCE;23.855;5543.671;0.08205;0.22305;10.03200;0
GYRO;23.856;5543.671;0.44289;-0.18686;0.43312;0
MAGN;23.856;5543.673;-16.80000;36.28125;-37.31250;0
AHRS;23.863;5543.679;-5.4155;0.0643;-27.3754;-0.04577;0.01172;-0.23639;3
GYRO;23.864;5543.679;0.45746;-0.24131;0.48153;0
MAGN;23.868;5543.683;-16.78125;36.28125;-37.23750;0
ACCE;23.871;5543.686;0.19695;0.03105;10.12800;0
GYRO;23.872;5543.686;0.47286;-0.29645;0.52195;0
LIGH;23.872;5543.689;0.0;3
MAGN;23.878;5543.693;-16.76250;36.26250;-37.18125;0
AHRS;23.880;5543.695;-5.4153;0.0643;-27.3754;-0.04577;0.01172;-0.23639;3
GYRO;23.881;5543.695;0.48620;-0.34746;0.55784;0
ACCE;23.887;5543.702;0.38895;-0.23595;10.01295;0
MAGN;23.888;5543.703;-16.74375;36.26250;-37.12500;0
GYRO;23.895;5543.710;0.48647;-0.36479;0.56031;0
MAGN;23.898;5543.713;-16.70625;36.26250;-37.06875;0
SOUN;23.901;51.27;0.00156;37.87
ACCE;23.911;5543.718;0.54195;-0.29295;9.87900;0
AHRS;23.911;5543.718;-4.5700;0.6823;-27.3568;-0.03733;0.01521;-0.23651;3
GYRO;23.912;5543.718;0.50751;-0.41649;0.61146;0
MAGN;23.912;5543.723;-16.68750;36.26250;-36.97500;0
ACCE;23.918;5543.733;0.58005;-0.15900;9.74505;0
GYRO;23.919;5543.733;0.50641;-0.41044;0.59895;0
MAGN;23.920;5543.733;-16.66875;36.26250;-36.84375;0
AHRS;23.927;5543.742;-4.5700;0.6823;-27.3568;-0.03733;0.01521;-0.23651;3
GYRO;23.928;5543.742;0.51150;-0.43161;0.60527;0
MAGN;23.929;5543.743;-16.63125;36.26250;-36.76875;0
ACCE;23.934;5543.749;0.50295;0.20400;9.59205;0
GYRO;23.935;5543.749;0.51095;-0.45334;0.61160;0
MAGN;23.939;5543.753;-16.59375;36.28125;-36.71250;0
AHRS;23.942;5543.757;-4.3140;0.5077;-26.9112;-0.03557;0.01306;-0.23269;3
GYRO;23.942;5543.757;0.52539;-0.47754;0.63222;0
MAGN;23.950;5543.763;-16.57500;36.28125;-36.65625;0
ACCE;23.952;5543.764;0.40800;0.29895;9.57300;0
GYRO;23.960;5543.773;0.46764;-0.46035;0.58259;0
MAGN;23.960;5543.773;-16.57500;36.28125;-36.56250;0
ACCE;23.966;5543.781;0.54195;0.18405;9.68700;0
AHRS;23.966;5543.781;-4.3754;0.1272;-26.5319;-0.03690;0.00984;-0.22934;3
GYRO;23.967;5543.781;0.42886;-0.42928;0.53048;0
MAGN;23.968;5543.783;-16.57500;36.28125;-36.48750;0
GYRO;23.973;5543.789;0.37359;-0.38225;0.46530;0
MAGN;23.978;5543.793;-16.57500;36.26250;-36.41250;0
ACCE;23.981;5543.797;0.46500;-0.00600;9.82200;0
AHRS;23.982;5543.797;-4.4042;-0.3474;-26.1261;-0.03811;0.00573;-0.22574;3
GYRO;23.984;5543.797;0.32120;-0.34141;0.39916;0
MAGN;23.989;5543.803;-16.57500;36.24375;-36.33750;0
GYRO;23.989;5543.805;0.28614;-0.33193;0.37029;0
ACCE;23.997;5543.813;0.36900;0.10800;9.85995;0
AHRS;23.997;5543.813;-4.4042;-0.3474;-26.1261;-0.03811;0.00573;-0.22574;3
GYRO;24.000;5543.813;0.24764;-0.27995;0.30621;0
MAGN;24.000;5543.813;-16.55625;36.22500;-36.30000;0
GYRO;24.004;5543.820;0.23801;-0.24654;0.27541;0
MAGN;24.010;5543.823;-16.53750;36.20625;-36.24375;0
ACCE;24.013;5543.828;0.10095;0.31800;9.91695;0
AHRS;24.013;5543.828;-3.8676;-0.4849;-25.7383;-0.03384;0.00339;-0.22246;3
GYRO;24.015;5543.828;0.22701;-0.17132;0.20680;0
MAGN;24.018;5543.833;-16.51875;36.16875;-36.18750;0
GYRO;24.020;5543.836;0.21615;-0.08497;0.12499;0
MAGN;24.029;5543.843;-16.51875;36.13125;-36.15000;0
ACCE;24.029;5543.844;-0.12795;0.43305;9.93600;0
AHRS;24.031;5543.844;-3.8676;-0.4849;-25.7383;-0.03384;0.00339;-0.22246;3
GYRO;24.032;5543.844;0.22000;0.00027;0.00426;0
LIGH;24.035;5543.850;0.0;3
GYRO;24.037;5543.852;0.25726;0.00687;-0.00137;0
MAGN;24.037;5543.853;-16.53750;36.09375;-36.11250;0
ACCE;24.045;5543.861;-0.20400;0.45300;10.06995;0
AHRS;24.046;5543.861;-3.8676;-0.4849;-25.7383;-0.03384;0.00339;-0.22246;3
GYRO;24.046;5543.861;0.25438;0.13709;-0.00866;0
MAGN;24.047;5543.863;-16.53750;36.07500;-36.09375;0
MAGN;24.058;5543.873;-16.55625;36.05625;-36.03750;0
ACCE;24.059;5543.875;-0.05100;0.33795;10.24305;0
GYRO;24.059;5543.875;0.24310;0.16720;-0.11440;0
AHRS;24.068;5543.883;-3.8675;-0.4849;-25.7383;-0.03384;0.00339;-0.22246;3
GYRO;24.069;5543.883;0.23114;0.21670;-0.15799;0
MAGN;24.070;5543.883;-16.55625;36.03750;-35.94375;0
ACCE;24.076;5543.891;0.08205;0.07005;10.20405;0
GYRO;24.077;5543.891;0.22481;0.27156;-0.20707;0
MAGN;24.078;5543.893;-16.55625;36.01875;-35.90625;0
AHRS;24.084;5543.899;-2.6511;-0.4438;-25.3738;-0.02342;0.00130;-0.21948;3
GYRO;24.085;5543.899;0.20625;0.31886;-0.26359;0
MAGN;24.089;5543.903;-16.57500;35.98125;-35.86875;0
ACCE;24.092;5543.907;0.23505;-0.04395;9.82200;0
GYRO;24.092;5543.907;0.18054;0.35324;-0.31034;0
MAGN;24.098;5543.913;-16.57500;35.94375;-35.86875;0
AHRS;24.099;5543.915;-2.6511;-0.4438;-25.3738;-0.02342;0.00130;-0.21948;3
GYRO;24.099;5543.915;0.13956;0.36424;-0.34210;0
ACCE;24.109;5543.923;0.27405;-0.12105;9.41895;0
GYRO;24.109;5543.923;0.08883;0.35241;-0.36135;0
MAGN;24.110;5543.923;-16.59375;35.88750;-35.81250;0
AHRS;24.115;5543.931;-2.6510;-0.4438;-25.3738;-0.02342;0.00130;-0.21948;3
GYRO;24.116;5543.931;0.00206;0.31735;-0.36878;0
MAGN;24.116;5543.933;-16.59375;35.85000;-35.73750;0
ACCE;24.123;5543.939;0.15900;-0.02505;9.09405;0
GYRO;24.124;5543.939;-0.00577;0.27225;-0.36479;0
MAGN;24.128;5543.943;-16.63125;35.79375;-35.68125;0
AHRS;24.131;5543.946;-2.6510;-0.4438;-25.3738;-0.02342;0.00130;-0.21948;3
GYRO;24.132;5543.946;-0.11523;0.21890;-0.35090;0
MAGN;24.138;5543.953;-16.65000;35.73750;-35.68125;0
ACCE;24.139;5543.954;0.06300;0.20400;9.03600;0
GYRO;24.139;5543.954;-0.13750;0.19071;-0.34829;0
AHRS;24.147;5543.962;-1.4774;-0.5732;-25.0880;-0.01367;-0.00208;-0.21711;3
GYRO;24.147;5543.962;-0.13956;0.15414;-0.32340;0
MAGN;24.149;5543.963;-16.68750;35.68125;-35.68125;0
ACCE;24.155;5543.970;-0.18495;0.37605;9.16995;0
GYRO;24.156;5543.970;-0.12457;0.13172;-0.30855;0
MAGN;24.157;5543.972;-16.72500;35.62500;-35.68125;0
AHRS;24.162;5543.978;-1.4774;-0.5732;-25.0880;-0.01367;-0.00208;-0.21711;3
GYRO;24.164;5543.978;-0.09969;0.12183;-0.30181;0
MAGN;24.168;5543.983;-16.74375;35.58750;-35.66250;0
ACCE;24.170;5543.986;-0.45300;0.54795;9.20895;0
GYRO;24.172;5543.986;-0.07026;0.11701;-0.30016;0
MAGN;24.178;5543.993;-16.78125;35.55000;-35.64375;0
ACCE;24.186;5544.002;-0.60600;0.70095;9.36195;0
AHRS;24.187;5544.002;-1.4773;-0.5732;-25.0880;-0.01367;-0.00208;-0.21711;3
GYRO;24.189;5544.002;-0.00371;0.12320;-0.29507;0
MAGN;24.190;5544.003;-16.81875;35.51250;-35.62500;0
LIGH;24.194;5544.010;0.0;3
GYRO;24.196;5544.010;0.00206;0.15702;-0.30786;0
MAGN;24.197;5544.012;-16.85625;35.47500;-35.60625;0
ACCE;24.202;5544.017;-0.41505;0.68205;9.53400;0
MAGN;24.224;5544.023;-16.87500;35.41875;-35.58750;0
AHRS;24.225;5544.024;-1.4773;-0.5732;-25.0880;-0.01367;-0.00208;-0.21711;3
GYRO;24.226;5544.024;0.00564;0.15702;-0.28229;0
ACCE;24.226;5544.033;-0.07005;0.45300;9.72600;0
GYRO;24.226;5544.033;0.10615;0.16239;-0.26414;0
MAGN;24.227;5544.033;-16.93125;35.36250;-35.58750;0
AHRS;24.227;5544.041;-1.4773;-0.5732;-25.0880;-0.01367;-0.00208;-0.21711;3
GYRO;24.227;5544.041;0.15634;0.17160;-0.25369;0
MAGN;24.227;5544.043;-17.00625;35.30625;-35.56875;0
GNSS;24.227;1745934490.000;24.926182;121.252880;194.400;288.010;4.5;0.0;48;11
GNSS;24.229;1745934490.000;24.926182;121.252880;194.400;288.010;4.5;0.0;48;11
GNSS;24.229;1745934489.133;24.926182;121.252878;194.900;0.000;4.4;0.0;48;11
ACCE;24.233;5544.049;0.10095;0.37605;9.82200;0
GYRO;24.234;5544.049;0.20982;0.18205;-0.25561;0
MAGN;24.238;5544.053;-17.06250;35.25000;-35.51250;0
AHRS;24.245;5544.057;0.0223;-0.4637;-25.4398;-0.00070;-0.00399;-0.22018;3
GYRO;24.246;5544.057;0.25932;0.18892;-0.25176;0
MAGN;24.248;5544.063;-17.11875;35.19375;-35.49375;0
ACCE;24.249;5544.064;0.21600;0.37605;9.89805;0
GYRO;24.249;5544.064;0.30319;0.18535;-0.24090;0
AHRS;24.257;5544.072;0.0223;-0.4637;-25.4398;-0.00070;-0.00399;-0.22018;3
GYRO;24.259;5544.072;0.33784;0.16170;-0.20804;0
MAGN;24.259;5544.073;-17.17500;35.13750;-35.47500;0
ACCE;24.265;5544.080;0.34995;0.39495;10.05105;0
GYRO;24.266;5544.080;0.35530;0.11976;-0.17490;0
MAGN;24.267;5544.083;-17.21250;35.08125;-35.45625;0
AHRS;24.276;5544.088;0.0224;-0.4637;-25.4397;-0.00070;-0.00399;-0.22018;3
GYRO;24.276;5544.088;0.35035;0.00660;-0.14382;0
MAGN;24.278;5544.093;-17.23125;35.02500;-35.43750;0
ACCE;24.281;5544.096;0.38895;0.37605;10.31895;0
GYRO;24.283;5544.096;0.30374;-0.00234;-0.08731;0
MAGN;24.288;5544.103;-17.30625;34.96875;-35.41875;0
AHRS;24.289;5544.104;0.6561;-0.7477;-25.3472;0.00415;-0.00762;-0.21942;3
GYRO;24.289;5544.104;0.27459;-0.08429;-0.00619;0
ACCE;24.297;5544.112;0.23505;0.43305;10.26195;0
GYRO;24.297;5544.112;0.22921;-0.15428;-0.00289;0
MAGN;24.299;5544.113;-17.36250;34.91250;-35.38125;0
AHRS;24.304;5544.120;0.6561;-0.7477;-25.3472;0.00415;-0.00762;-0.21942;3
GYRO;24.306;5544.120;0.18961;-0.22467;0.00234;0
MAGN;24.308;5544.123;-17.43750;34.87500;-35.32500;0
ACCE;24.312;5544.128;0.13995;0.75900;9.91695;0
GYRO;24.313;5544.128;0.14781;-0.29920;0.00784;0
MAGN;24.318;5544.133;-17.51250;34.83750;-35.28750;0
ACCE;24.328;5544.143;0.12000;1.18005;9.43905;0
AHRS;24.329;5544.143;0.6561;-0.7477;-25.3472;0.00415;-0.00762;-0.21942;3
GYRO;24.330;5544.143;0.12348;-0.33784;0.10766;0
MAGN;24.331;5544.143;-17.58750;34.76250;-35.28750;0
GYRO;24.336;5544.151;0.13901;-0.37689;0.13874;0
MAGN;24.339;5544.153;-17.64375;34.70625;-35.23125;0
ACCE;24.343;5544.159;0.44595;0.93105;9.05595;0
AHRS;24.344;5544.159;1.4140;-1.0090;-25.4544;0.01010;-0.01131;-0.22039;3
GYRO;24.345;5544.159;0.15153;-0.40975;0.16775;0
MAGN;24.346;5544.163;-17.71875;34.63125;-35.17500;0
GYRO;24.352;5544.167;0.12306;-0.45389;0.19277;0
LIGH;24.354;5544.170;0.0;3
MAGN;24.359;5544.173;-17.81250;34.57500;-35.11875;0
ACCE;24.360;5544.174;1.05900;-0.35100;9.72600;0
AHRS;24.368;5544.183;1.4140;-1.0090;-25.4544;0.01010;-0.01131;-0.22039;3
GYRO;24.368;5544.183;0.00591;-0.46351;0.18521;0
MAGN;24.370;5544.183;-17.88750;34.51875;-35.04375;0
ACCE;24.375;5544.191;0.79095;-0.98295;11.00895;0
GYRO;24.376;5544.191;-0.00646;-0.47479;0.14382;0
MAGN;24.376;5544.193;-17.94375;34.44375;-34.96875;0
AHRS;24.383;5544.199;1.4573;-1.1498;-25.8831;0.01015;-0.01263;-0.22405;3
GYRO;24.384;5544.199;-0.17531;-0.45471;0.00784;0
MAGN;24.391;5544.203;-18.01875;34.38750;-34.87500;0
ACCE;24.391;5544.206;0.12000;-0.67605;12.10005;0
GYRO;24.392;5544.206;-0.26510;-0.38912;-0.00151;0
MAGN;24.398;5544.213;-18.09375;34.33125;-34.78125;0
AHRS;24.399;5544.214;1.1959;-1.1412;-26.4064;0.00788;-0.01208;-0.22848;3
GYRO;24.400;5544.214;-0.33784;-0.27692;-0.14094;0
SOUN;24.402;120.39;0.00367;45.28
ACCE;24.407;5544.222;-0.60600;-0.27405;13.00005;0
GYRO;24.408;5544.222;-0.40301;-0.12815;-0.28820;0
MAGN;24.409;5544.223;-18.16875;34.29375;-34.70625;0
AHRS;24.415;5544.230;1.1959;-1.1412;-26.4065;0.00788;-0.01208;-0.22848;3
GYRO;24.416;5544.230;-0.47383;0.00041;-0.43257;0
MAGN;24.416;5544.232;-18.24375;34.25625;-34.66875;0
ACCE;24.425;5544.238;-0.98895;-0.10200;13.45995;0
GYRO;24.425;5544.238;-0.57159;0.14795;-0.57585;0
MAGN;24.428;5544.243;-18.31875;34.23750;-34.57500;0
ACCE;24.438;5544.253;-1.12305;0.04995;12.88500;0
AHRS;24.439;5544.253;1.1550;-0.7971;-26.9341;0.00818;-0.00911;-0.23294;3
GYRO;24.440;5544.253;-0.63236;0.24654;-0.66495;0
MAGN;24.441;5544.253;-18.37500;34.21875;-34.46250;0
GYRO;24.447;5544.262;-0.65753;0.40384;-0.78691;0
MAGN;24.448;5544.263;-18.45000;34.18125;-34.36875;0
ACCE;24.454;5544.269;-1.14195;0.28005;11.16195;0
AHRS;24.454;5544.269;1.2100;-0.4727;-27.3810;0.00928;-0.00651;-0.23670;3
GYRO;24.456;5544.269;-0.64034;0.53790;-0.89416;0
MAGN;24.456;5544.272;-18.50625;34.14375;-34.25625;0
GYRO;24.462;5544.277;-0.57626;0.68255;-0.98986;0
MAGN;24.468;5544.283;-18.58125;34.12500;-34.16250;0
ACCE;24.470;5544.284;-1.14195;0.47205;9.61095;0
AHRS;24.478;5544.293;1.2452;-0.1546;-27.8360;0.01022;-0.00392;-0.24053;3
GYRO;24.479;5544.293;-0.48510;0.75501;-0.99371;0
MAGN;24.480;5544.293;-18.65625;34.08750;-34.06875;0
ACCE;24.495;5544.301;-0.93195;0.64395;8.74905;0
GYRO;24.496;5544.301;-0.40741;0.84122;-1.01997;0
MAGN;24.497;5544.303;-18.71250;34.05000;-33.97500;0
AHRS;24.498;5544.309;1.3094;0.1170;-28.2435;0.01133;-0.00180;-0.24396;3
GYRO;24.499;5544.309;-0.30704;0.89994;-1.01200;0
MAGN;24.500;5544.313;-18.78750;34.01250;-33.93750;0
ACCE;24.501;5544.317;-0.56805;0.52905;8.50005;0
GYRO;24.502;5544.317;-0.14204;0.93885;-0.95947;0
MAGN;24.508;5544.323;-18.86250;33.95625;-33.88125;0
AHRS;24.508;5544.324;1.3995;0.3363;-28.5954;0.01256;-0.00017;-0.24691;3
GYRO;24.511;5544.324;0.00192;0.94270;-0.87615;0
LIGH;24.514;5544.330;0.0;3
ACCE;24.517;5544.332;-0.22305;0.20400;8.65305;0
GYRO;24.518;5544.332;0.14822;0.90915;-0.78017;0
MAGN;24.519;5544.333;-18.93750;33.91875;-33.80625;0
AHRS;24.525;5544.340;1.4403;0.5145;-28.9809;0.01329;0.00120;-0.25014;3
GYRO;24.525;5544.340;0.21299;0.87257;-0.73067;0
MAGN;24.526;5544.343;-18.99375;33.88125;-33.76875;0
ACCE;24.533;5544.348;0.42705;-0.50400;8.76795;0
GYRO;24.535;5544.348;0.23856;0.74346;-0.62219;0
MAGN;24.540;5544.353;-19.06875;33.84375;-33.71250;0
AHRS;24.540;5544.356;1.4403;0.5145;-28.9809;0.01329;0.00120;-0.25014;3
GYRO;24.541;5544.356;0.22619;0.55577;-0.47891;0
MAGN;24.548;5544.363;-19.12500;33.82500;-33.67500;0
ACCE;24.549;5544.364;1.13505;-1.17405;8.82600;0
GYRO;24.549;5544.364;0.20433;0.31941;-0.29920;0
AHRS;24.557;5544.372;1.4402;0.5145;-28.9809;0.01329;0.00120;-0.25014;3
GYRO;24.557;5544.372;0.10917;0.07645;-0.16816;0
MAGN;24.559;5544.373;-19.18125;33.80625;-33.63750;0
ACCE;24.564;5544.380;1.42305;-1.50000;8.90205;0
GYRO;24.565;5544.380;-0.00165;-0.24929;0.00137;0
MAGN;24.568;5544.382;-19.25625;33.78750;-33.58125;0
AHRS;24.573;5544.388;0.5750;-0.1207;-29.3397;0.00459;-0.00229;-0.25325;3
GYRO;24.574;5544.388;-0.19951;-0.59276;0.18769;0
MAGN;24.578;5544.393;-19.31250;33.76875;-33.54375;0
ACCE;24.580;5544.395;1.17405;-1.36605;9.05595;0
GYRO;24.588;5544.403;-0.37262;-0.82005;0.28641;0
MAGN;24.589;5544.403;-19.38750;33.73125;-33.45000;0
ACCE;24.596;5544.411;0.58005;-0.88695;9.34305;0
AHRS;24.597;5544.411;0.5749;-0.1206;-29.3397;0.00459;-0.00229;-0.25325;3
GYRO;24.597;5544.411;-0.60101;-1.09010;0.38280;0
MAGN;24.597;5544.413;-19.44375;33.71250;-33.35625;0
GYRO;24.605;5544.419;-0.80107;-1.29209;0.44275;0
MAGN;24.608;5544.423;-19.50000;33.69375;-33.30000;0
ACCE;24.611;5544.427;0.00600;-0.44595;9.72600;0
AHRS;24.613;5544.427;0.2219;-0.2691;-29.7686;0.00127;-0.00277;-0.25687;3
GYRO;24.614;5544.427;-0.94696;-1.39535;0.46406;0
MAGN;24.618;5544.433;-19.55625;33.69375;-33.24375;0
ACCE;24.628;5544.443;-0.30000;-0.37005;10.22400;0
GYRO;24.629;5544.443;-0.98780;-1.37294;0.43918;0
MAGN;24.630;5544.443;-19.61250;33.67500;-33.15000;0
AHRS;24.635;5544.451;0.2219;-0.2691;-29.7686;0.00127;-0.00277;-0.25687;3
GYRO;24.637;5544.451;-1.02217;-1.29291;0.36259;0
MAGN;24.638;5544.453;-19.66875;33.69375;-33.07500;0
ACCE;24.643;5544.459;-0.20400;-0.61905;10.49205;0
GYRO;24.644;5544.459;-1.02300;-1.16036;0.27555;0
MAGN;24.650;5544.463;-19.70625;33.69375;-33.01875;0
MAGN;24.659;5544.473;-19.74375;33.69375;-32.96250;0
ACCE;24.660;5544.475;0.08205;-1.07805;10.31895;0
AHRS;24.661;5544.475;0.1067;-0.1168;-30.1354;0.00063;-0.00123;-0.25996;3
GYRO;24.663;5544.475;-0.95562;-0.97322;0.17683;0
MAGN;24.668;5544.483;-19.81875;33.71250;-32.94375;0
LIGH;24.675;5544.490;0.0;3
ACCE;24.678;5544.490;0.46500;-1.30800;9.78300;0
GYRO;24.679;5544.490;-0.86144;-0.76216;0.00784;0
MAGN;24.679;5544.492;-19.87500;33.73125;-32.90625;0
MAGN;24.688;5544.503;-19.93125;33.73125;-32.88750;0
ACCE;24.689;5544.505;0.52305;-1.19295;9.74505;0
AHRS;24.690;5544.505;-0.2304;-0.1694;-30.5637;-0.00233;-0.00090;-0.26356;3
GYRO;24.691;5544.505;-0.73439;-0.53487;-0.00289;0
GYRO;24.698;5544.513;-0.67499;-0.40865;-0.10615;0
MAGN;24.698;5544.513;-19.98750;33.73125;-32.83125;0
ACCE;24.706;5544.522;0.58005;-0.94395;9.66795;0
AHRS;24.707;5544.522;-0.2304;-0.1694;-30.5637;-0.00233;-0.00090;-0.26356;3
GYRO;24.707;5544.522;-0.53240;-0.19401;-0.18535;0
MAGN;24.712;5544.523;-20.02500;33.75000;-32.77500;0
GYRO;24.714;5544.529;-0.36740;0.00110;-0.24819;0
MAGN;24.718;5544.533;-20.08125;33.76875;-32.70000;0
ACCE;24.721;5544.537;0.50295;-0.69495;9.30405;0
AHRS;24.722;5544.537;-0.2304;-0.1694;-30.5637;-0.00233;-0.00090;-0.26356;3
GYRO;24.724;5544.537;-0.19883;0.18012;-0.28600;0
MAGN;24.728;5544.543;-20.13750;33.76875;-32.66250;0
ACCE;24.738;5544.553;0.33105;-0.38895;9.36195;0
GYRO;24.738;5544.553;-0.11041;0.23953;-0.28325;0
MAGN;24.740;5544.553;-20.19375;33.76875;-32.62500;0
AHRS;24.746;5544.561;-0.2304;-0.1694;-30.5637;-0.00233;-0.00090;-0.26356;3
GYRO;24.747;5544.561;0.00495;0.32079;-0.26070;0
MAGN;24.747;5544.563;-20.23125;33.78750;-32.60625;0
ACCE;24.756;5544.569;0.00600;-0.17805;9.78300;0
GYRO;24.757;5544.569;0.19236;0.38321;-0.24544;0
MAGN;24.758;5544.573;-20.28750;33.82500;-32.58750;0
AHRS;24.761;5544.577;-1.0296;-0.6500;-30.9404;-0.01017;-0.00307;-0.26667;3
GYRO;24.764;5544.577;0.29122;0.42295;-0.22921;0
MAGN;24.768;5544.583;-20.34375;33.84375;-32.56875;0
ACCE;24.769;5544.584;-0.08895;-0.04395;10.09005;0
GYRO;24.769;5544.584;0.37867;0.44234;-0.20336;0
AHRS;24.777;5544.592;-1.0296;-0.6500;-30.9404;-0.01017;-0.00307;-0.26667;3
GYRO;24.778;5544.592;0.42818;0.41965;-0.16101;0
MAGN;24.779;5544.593;-20.38125;33.88125;-32.53125;0
ACCE;24.785;5544.600;0.02505;-0.25500;10.45305;0
GYRO;24.787;5544.600;0.45815;0.36520;-0.09584;0
MAGN;24.787;5544.603;-20.43750;33.91875;-32.47500;0
AHRS;24.793;5544.608;-1.0296;-0.6500;-30.9404;-0.01017;-0.00307;-0.26667;3
GYRO;24.793;5544.608;0.46544;0.28971;-0.00412;0
MAGN;24.798;5544.613;-20.47500;33.93750;-32.38125;0
ACCE;24.800;5544.616;0.02505;-0.21705;10.83600;0
GYRO;24.801;5544.616;0.49019;0.21890;0.00124;0
MAGN;24.808;5544.623;-20.51250;33.99375;-32.28750;0
AHRS;24.809;5544.624;-1.3433;-0.5754;-31.2972;-0.01264;-0.00167;-0.26966;3
GYRO;24.809;5544.624;0.52099;0.17435;0.00509;0
ACCE;24.817;5544.632;-0.01305;-0.06405;10.66395;0
GYRO;24.817;5544.632;0.57681;0.17751;0.00729;0
MAGN;24.820;5544.633;-20.56875;34.03125;-32.21250;0
AHRS;24.824;5544.640;-1.3433;-0.5754;-31.2972;-0.01264;-0.00167;-0.26966;3
GYRO;24.825;5544.640;0.59400;0.15290;0.09364;0
MAGN;24.828;5544.643;-20.62500;34.08750;-32.11875;0
ACCE;24.832;5544.648;0.15900;0.03105;9.87900;0
GYRO;24.832;5544.648;0.61298;0.13681;0.10519;0
LIGH;24.833;5544.649;0.0;3
MAGN;24.839;5544.653;-20.68125;34.12500;-32.00625;0
ACCE;24.848;5544.663;0.42705;-0.00600;9.30405;0
AHRS;24.848;5544.663;-1.3433;-0.5754;-31.2972;-0.01264;-0.00167;-0.26966;3
GYRO;24.849;5544.663;0.59991;0.10890;0.12403;0
MAGN;24.849;5544.663;-20.75625;34.16250;-31.89375;0
GYRO;24.855;5544.671;0.61187;0.09364;0.13819;0
MAGN;24.856;5544.673;-20.81250;34.18125;-31.78125;0
ACCE;24.864;5544.679;0.65700;-0.10200;9.13200;0
AHRS;24.865;5544.679;-1.6125;-0.5758;-31.6335;-0.01491;-0.00100;-0.27246;3
GYRO;24.866;5544.679;0.61614;0.08786;0.14575;0
MAGN;24.866;5544.683;-20.88750;34.23750;-31.68750;0
GYRO;24.871;5544.687;0.60857;0.00674;0.15194;0
MAGN;24.879;5544.693;-20.94375;34.27500;-31.57500;0
ACCE;24.879;5544.694;0.69495;-0.12105;9.34305;0
AHRS;24.888;5544.703;-1.6125;-0.5758;-31.6335;-0.01491;-0.00100;-0.27246;3
GYRO;24.888;5544.703;0.58011;0.00687;0.13461;0
MAGN;24.890;5544.703;-21.00000;34.31250;-31.48125;0
ACCE;24.895;5544.711;0.42705;-0.04395;9.89805;0
GYRO;24.896;5544.711;0.50875;0.00206;0.13145;0
MAGN;24.897;5544.713;-21.05625;34.36875;-31.40625;0
AHRS;24.903;5544.719;-1.6125;-0.5758;-31.6335;-0.01491;-0.00100;-0.27246;3
GYRO;24.904;5544.719;0.41071;-0.00577;0.14658;0
SOUN;24.905;43.26;0.00132;36.39
MAGN;24.916;5544.723;-21.11250;34.40625;-31.31250;0
ACCE;24.916;5544.726;0.34995;-0.04395;10.06995;0
GYRO;24.917;5544.726;0.31721;-0.14066;0.15661;0
MAGN;24.918;5544.733;-21.15000;34.44375;-31.21875;0
AHRS;24.919;5544.734;-2.0588;-0.6426;-31.9848;-0.01881;-0.00044;-0.27536;3
GYRO;24.920;5544.734;0.23884;-0.21203;0.17559;0
ACCE;24.927;5544.742;0.33105;-0.08295;9.87900;0
GYRO;24.928;5544.742;0.17298;-0.27280;0.19759;0
MAGN;24.929;5544.743;-21.18750;34.50000;-31.12500;0
AHRS;24.935;5544.750;-2.0588;-0.6426;-31.9848;-0.01881;-0.00044;-0.27536;3
GYRO;24.935;5544.750;0.14603;-0.30525;0.20721;0
MAGN;24.936;5544.752;-21.22500;34.55625;-31.05000;0
ACCE;24.942;5544.758;0.29295;-0.15900;9.76395;0
GYRO;24.943;5544.758;0.09364;-0.32697;0.20556;0
MAGN;24.949;5544.763;-21.26250;34.57500;-30.97500;0
ACCE;24.958;5544.773;0.27405;-0.27405;9.82200;0
AHRS;24.958;5544.773;-2.0588;-0.6426;-31.9848;-0.01881;-0.00044;-0.27536;3
GYRO;24.960;5544.773;0.00591;-0.31350;0.18136;0
MAGN;24.961;5544.773;-21.30000;34.63125;-30.91875;0
GYRO;24.967;5544.782;0.00165;-0.27459;0.13544;0
MAGN;24.968;5544.783;-21.33750;34.66875;-30.86250;0
ACCE;24.974;5544.789;0.19695;-0.38895;10.03200;0
AHRS;24.975;5544.789;-2.0589;-0.6425;-31.9848;-0.01881;-0.00044;-0.27536;3
GYRO;24.976;5544.789;-0.00234;-0.25341;0.10629;0
MAGN;24.977;5544.792;-21.37500;34.68750;-30.80625;0
GYRO;24.981;5544.797;-0.00591;-0.18274;0.00440;0
MAGN;24.989;5544.803;-21.43125;34.74375;-30.75000;0
ACCE;24.990;5544.804;0.10095;-0.33195;10.16595;0
LIGH;24.995;5544.810;0.0;3
AHRS;24.999;5544.813;-1.9099;-1.0143;-31.7912;-0.01845;-0.00395;-0.27369;3
GYRO;25.000;5544.813;-0.07054;-0.11839;-0.00041;0
MAGN;25.001;5544.813;-21.48750;34.81875;-30.67500;0
ACCE;25.006;5544.821;-0.03195;-0.19800;10.24305;0
GYRO;25.007;5544.821;-0.08731;-0.00206;-0.00742;0
MAGN;25.008;5544.823;-21.56250;34.85625;-30.61875;0
AHRS;25.013;5544.829;-1.9099;-1.0143;-31.7912;-0.01845;-0.00395;-0.27369;3
GYRO;25.016;5544.829;-0.10532;0.07824;-0.14396;0
MAGN;25.027;5544.833;-21.61875;34.87500;-30.50625;0
ACCE;25.027;5544.837;-0.10800;-0.04395;10.12800;0
GYRO;25.027;5544.837;-0.11550;0.16184;-0.20226;0
MAGN;25.028;5544.843;-21.65625;34.91250;-30.41250;0
AHRS;25.028;5544.844;-1.9099;-1.0143;-31.7912;-0.01845;-0.00395;-0.27369;3
GYRO;25.030;5544.844;-0.11440;0.24461;-0.25589;0
ACCE;25.037;5544.852;-0.10800;0.04995;9.99405;0
GYRO;25.040;5544.852;-0.10670;0.31309;-0.29865;0
MAGN;25.040;5544.853;-21.69375;34.96875;-30.31875;0
AHRS;25.045;5544.860;-2.1416;-1.4969;-31.7291;-0.02155;-0.00746;-0.27306;3
GYRO;25.046;5544.860;-0.08772;0.35819;-0.31226;0
MAGN;25.046;5544.863;-21.73125;35.00625;-30.22500;0
ACCE;25.055;5544.868;0.00600;0.03105;9.66795;0
GYRO;25.056;5544.868;-0.00481;0.39586;-0.30896;0
MAGN;25.058;5544.873;-21.78750;35.04375;-30.11250;0
AHRS;25.060;5544.876;-2.1416;-1.4969;-31.7291;-0.02155;-0.00746;-0.27306;3
GYRO;25.061;5544.876;-0.00014;0.41759;-0.29659;0
MAGN;25.068;5544.883;-21.84375;35.06250;-30.00000;0
ACCE;25.069;5544.884;0.12000;-0.00600;9.47700;0
GYRO;25.069;5544.884;0.00371;0.40672;-0.26551;0
AHRS;25.077;5544.892;-2.1416;-1.4969;-31.7291;-0.02155;-0.00746;-0.27306;3
GYRO;25.078;5544.892;0.00605;0.39504;-0.24970;0
MAGN;25.079;5544.893;-21.88125;35.11875;-29.90625;0
ACCE;25.085;5544.900;0.13995;-0.04395;9.57300;0
GYRO;25.085;5544.900;0.08800;0.34334;-0.19841;0
MAGN;25.089;5544.903;-21.93750;35.15625;-29.83125;0
AHRS;25.092;5544.908;-2.1416;-1.4969;-31.7291;-0.02155;-0.00746;-0.27306;3
GYRO;25.093;5544.908;0.11055;0.27486;-0.14644;0
MAGN;25.099;5544.913;-21.97500;35.19375;-29.79375;0
ACCE;25.099;5544.915;0.15900;-0.10200;9.76395;0
GYRO;25.107;5544.923;0.11509;0.21629;-0.09872;0
MAGN;25.108;5544.923;-21.99375;35.23125;-29.73750;0
ACCE;25.116;5544.931;0.25395;-0.13995;9.89805;0
AHRS;25.116;5544.931;-2.1416;-1.4969;-31.7291;-0.02155;-0.00746;-0.27306;3
GYRO;25.117;5544.931;0.12306;0.15317;-0.00536;0
MAGN;25.117;5544.933;-22.01250;35.28750;-29.66250;0
GYRO;25.123;5544.939;0.13021;0.08649;-0.00137;0
MAGN;25.128;5544.943;-22.03125;35.34375;-29.62500;0
ACCE;25.131;5544.947;0.40800;-0.17805;9.93600;0
AHRS;25.132;5544.947;-2.1416;-1.4969;-31.7291;-0.02155;-0.00746;-0.27306;3
GYRO;25.134;5544.947;0.12265;0.00179;0.00206;0
MAGN;25.139;5544.953;-22.05000;35.38125;-29.53125;0
ACCE;25.148;5544.963;0.52305;-0.33195;9.89805;0
GYRO;25.148;5544.963;0.10697;-0.00357;0.00454;0
MAGN;25.150;5544.963;-22.06875;35.43750;-29.45625;0
LIGH;25.155;5544.970;0.0;3
MAGN;25.158;5544.973;-22.06875;35.47500;-29.40000;0
ACCE;25.163;5544.979;0.56100;-0.48495;9.89805;0
AHRS;25.164;5544.979;-2.1416;-1.4969;-31.7291;-0.02155;-0.00746;-0.27306;3
GYRO;25.166;5544.979;0.07892;-0.08401;0.00660;0
MAGN;25.168;5544.983;-22.06875;35.53125;-29.32500;0
GYRO;25.170;5544.986;0.00206;-0.16679;0.10931;0
MAGN;25.179;5544.993;-22.08750;35.58750;-29.26875;0
ACCE;25.179;5544.994;0.50295;-0.50400;9.97500;0
AHRS;25.179;5544.994;-2.1416;-1.4969;-31.7291;-0.02155;-0.00746;-0.27306;3
GYRO;25.180;5544.994;-0.00412;-0.23279;0.13805;0
GYRO;25.187;5545.002;-0.10175;-0.28091;0.15249;0
MAGN;25.188;5545.003;-22.08750;35.62500;-29.21250;0
ACCE;25.194;5545.010;0.29295;-0.23595;10.06995;0
AHRS;25.196;5545.010;-2.1416;-1.4969;-31.7291;-0.02155;-0.00746;-0.27306;3
GYRO;25.196;5545.010;-0.14465;-0.30827;0.17077;0
MAGN;25.197;5545.013;-22.10625;35.66250;-29.17500;0
GYRO;25.220;5545.018;-0.16390;-0.31034;0.18123;0
MAGN;25.221;5545.023;-22.12500;35.73750;-29.13750;0
ACCE;25.221;5545.025;0.04395;0.04995;10.10895;0
AHRS;25.221;5545.033;-2.1416;-1.4969;-31.7291;-0.02155;-0.00746;-0.27306;3
GYRO;25.221;5545.033;-0.17449;-0.29714;0.17449;0
MAGN;25.221;5545.033;-22.14375;35.77500;-29.10000;0
GNSS;25.222;1745934491.000;24.926167;121.252905;194.600;288.010;4.3;0.0;48;12
GNSS;25.224;1745934491.000;24.926167;121.252905;194.600;288.010;4.3;0.0;48;12
GNSS;25.224;1745934490.133;24.926169;121.252901;194.900;0.000;4.4;0.0;48;12
ACCE;25.226;5545.042;0.12000;0.14595;10.03200;0
GYRO;25.226;5545.042;-0.17407;-0.26812;0.17655;0
MAGN;25.227;5545.043;-22.14375;35.83125;-29.04375;0
AHRS;25.240;5545.049;-1.0789;-1.3343;-31.3362;-0.01221;-0.00867;-0.26993;3
GYRO;25.241;5545.049;-0.16651;-0.24076;0.17243;0
MAGN;25.241;5545.053;-22.16250;35.86875;-28.98750;0
ACCE;25.241;5545.057;0.42705;-0.02505;9.85995;0
GYRO;25.243;5545.057;-0.15056;-0.23760;0.18411;0
MAGN;25.248;5545.063;-22.18125;35.94375;-28.91250;0
ACCE;25.257;5545.073;0.59895;-0.17805;9.72600;0
AHRS;25.258;5545.073;-1.0789;-1.3343;-31.3361;-0.01221;-0.00867;-0.26993;3
GYRO;25.258;5545.073;-0.13283;-0.22591;0.18480;0
MAGN;25.259;5545.073;-22.20000;36.00000;-28.81875;0
GYRO;25.265;5545.081;-0.08772;-0.19607;0.18370;0
MAGN;25.270;5545.083;-22.21875;36.07500;-28.76250;0
ACCE;25.273;5545.089;0.75195;-0.17805;9.72600;0
AHRS;25.274;5545.089;-1.0789;-1.3343;-31.3361;-0.01221;-0.00867;-0.26993;3
GYRO;25.280;5545.089;-0.00454;-0.17916;0.19209;0
GYRO;25.281;5545.097;-0.00000;-0.17284;0.21422;0
MAGN;25.288;5545.093;-22.21875;36.15000;-28.70625;0
MAGN;25.289;5545.103;-22.18125;36.20625;-28.66875;0
ACCE;25.289;5545.104;0.73305;-0.13995;9.89805;0
AHRS;25.291;5545.104;-0.7574;-1.4486;-30.9274;-0.00974;-0.01042;-0.26652;3
GYRO;25.292;5545.104;0.00399;-0.16775;0.23581;0
GYRO;25.297;5545.112;0.07714;-0.17847;0.25259;0
MAGN;25.298;5545.113;-22.18125;36.26250;-28.57500;0
ACCE;25.305;5545.120;0.67605;-0.12105;10.10895;0
AHRS;25.305;5545.120;-0.7574;-1.4486;-30.9274;-0.00974;-0.01042;-0.26652;3
GYRO;25.306;5545.120;0.10436;-0.19291;0.27143;0
MAGN;25.307;5545.122;-22.16250;36.35625;-28.51875;0
GYRO;25.312;5545.128;0.12829;-0.20144;0.28339;0
LIGH;25.313;5545.129;0.0;3
MAGN;25.319;5545.133;-22.14375;36.43125;-28.48125;0
ACCE;25.320;5545.136;0.46500;-0.10200;10.18500;0
AHRS;25.321;5545.136;-0.7588;-1.7030;-30.5675;-0.01030;-0.01259;-0.26347;3
GYRO;25.322;5545.136;0.14603;-0.19511;0.29439;0
MAGN;25.328;5545.143;-22.12500;36.50625;-28.42500;0
GYRO;25.328;5545.144;0.15923;-0.18191;0.29989;0
ACCE;25.337;5545.152;0.44595;0.04995;10.10895;0
AHRS;25.337;5545.152;-0.7588;-1.7030;-30.5675;-0.01030;-0.01259;-0.26347;3
GYRO;25.339;5545.152;0.17380;-0.19140;0.31872;0
MAGN;25.340;5545.153;-22.12500;36.58125;-28.38750;0
GYRO;25.344;5545.160;0.16926;-0.18411;0.31212;0
MAGN;25.348;5545.163;-22.12500;36.63750;-28.33125;0
ACCE;25.352;5545.168;0.42705;-0.02505;9.85995;0
AHRS;25.353;5545.168;-0.7588;-1.7030;-30.5675;-0.01030;-0.01259;-0.26347;3
GYRO;25.354;5545.168;0.15978;-0.17545;0.30319;0
MAGN;25.358;5545.173;-22.10625;36.69375;-28.31250;0
ACCE;25.369;5545.183;0.56100;-0.02505;9.49605;0
GYRO;25.369;5545.183;0.15400;-0.15854;0.28036;0
MAGN;25.369;5545.183;-22.08750;36.76875;-28.27500;0
AHRS;25.377;5545.191;-0.6729;-1.9174;-30.1779;-0.01002;-0.01463;-0.26018;3
GYRO;25.378;5545.191;0.13778;-0.15414;0.25630;0
MAGN;25.378;5545.193;-22.06875;36.82500;-28.21875;0
ACCE;25.385;5545.199;0.52305;0.03105;9.51495;0
GYRO;25.385;5545.199;0.12732;-0.13585;0.23595;0
MAGN;25.388;5545.203;-22.06875;36.91875;-28.16250;0
AHRS;25.391;5545.207;-0.6729;-1.9174;-30.1779;-0.01002;-0.01463;-0.26018;3
GYRO;25.392;5545.207;0.11839;-0.10574;0.22124;0
MAGN;25.398;5545.213;-22.06875;36.97500;-28.06875;0
ACCE;25.398;5545.214;0.33105;0.16500;9.78300;0
SOUN;25.404;32.89;0.00100;34.01
WIFI;25.407;5545.175;Tenda_519C30;e8:65:d4:51:9c:31;-80
WIFI;25.407;5545.175;12;20:6a:94:b3:ec:6e;-78
WIFI;25.407;5544.694;;de:07:b6:32:4f:72;-75
WIFI;25.407;5545.175;All money go my home;c2:25:2f:2c:70:22;-94
WIFI;25.407;5545.175;Fang;dc:62:79:cb:0e:9b;-77
WIFI;25.407;5544.628;;de:62:79:ab:0e:9b;-85
WIFI;25.407;5545.175;CHENS-7011;b8:55:10:cc:48:30;-64
WIFI;25.407;5545.175;Tenda_8CC950_5G;d8:32:14:8c:c9:55;-84
WIFI;25.407;5545.175;98-14;d8:07:b6:32:4f:72;-74
WIFI;25.407;5545.175;jsl;10:be:f5:09:24:89;-86
WIFI;25.407;5545.175;98-14;d8:07:b6:32:4f:73;-82
WIFI;25.407;5545.175;Fang-3F_5G;cc:d8:43:b7:7d:43;-46
WIFI;25.407;5545.175;98-14;d8:07:b6:32:4f:32;-87
WIFI;25.407;5545.073;;ce:d8:43:c7:7d:42;-46
WIFI;25.407;5545.175;98-14;d8:07:b6:32:4f:33;-89
WIFI;25.407;5545.175;HITRON-7EC0;20:6a:94:bc:7e:c6;-91
GYRO;25.433;5545.223;0.10037;-0.07631;0.18686;0
MAGN;25.434;5545.223;-22.08750;37.03125;-27.99375;0
ACCE;25.434;5545.231;0.12000;0.24195;10.06995;0
AHRS;25.434;5545.231;-0.6729;-1.9174;-30.1779;-0.01002;-0.01463;-0.26018;3
GYRO;25.435;5545.231;0.10670;-0.00165;0.14052;0
MAGN;25.435;5545.233;-22.06875;37.10625;-27.93750;0
GYRO;25.435;5545.238;0.11797;0.00495;0.09556;0
MAGN;25.436;5545.243;-22.05000;37.16250;-27.86250;0
ACCE;25.436;5545.246;0.08205;0.12705;10.31895;0
AHRS;25.436;5545.246;-0.5411;-1.7969;-29.8415;-0.00860;-0.01394;-0.25738;3
GYRO;25.436;5545.246;0.12801;0.13076;0.00440;0
MAGN;25.443;5545.253;-22.05000;37.23750;-27.80625;0
GYRO;25.443;5545.254;0.14355;0.20955;-0.00027;0
ACCE;25.447;5545.262;0.12000;-0.12105;10.66395;0
AHRS;25.447;5545.262;-0.5411;-1.7969;-29.8415;-0.00860;-0.01394;-0.25738;3
GYRO;25.448;5545.262;0.15483;0.27734;-0.00399;0
MAGN;25.449;5545.263;-22.03125;37.29375;-27.76875;0
GYRO;25.454;5545.270;0.14726;0.32134;-0.00632;0
MAGN;25.458;5545.273;-22.01250;37.38750;-27.73125;0
ACCE;25.462;5545.278;0.15900;-0.29295;10.72200;0
AHRS;25.463;5545.278;-0.5411;-1.7969;-29.8415;-0.00860;-0.01394;-0.25738;3
GYRO;25.464;5545.278;0.12031;0.35833;-0.09006;0
MAGN;25.468;5545.283;-21.99375;37.44375;-27.69375;0
LIGH;25.474;5545.290;0.0;3
ACCE;25.477;5545.293;0.29295;-0.44595;10.39605;0
GYRO;25.478;5545.293;0.08003;0.35998;-0.11041;0
MAGN;25.478;5545.293;-21.99375;37.51875;-27.65625;0
AHRS;25.487;5545.301;-0.5411;-1.7969;-29.8415;-0.00860;-0.01394;-0.25738;3
GYRO;25.487;5545.301;0.00124;0.34719;-0.12898;0
MAGN;25.488;5545.303;-21.99375;37.57500;-27.58125;0
ACCE;25.494;5545.309;0.23505;-0.54195;10.06995;0
GYRO;25.495;5545.309;-0.00481;0.34031;-0.13723;0
MAGN;25.498;5545.313;-21.97500;37.65000;-27.54375;0
AHRS;25.502;5545.317;-0.5411;-1.7969;-29.8415;-0.00860;-0.01394;-0.25738;3
GYRO;25.502;5545.317;-0.11743;0.31680;-0.13901;0
MAGN;25.508;5545.323;-21.95625;37.72500;-27.48750;0
ACCE;25.509;5545.324;0.08205;-0.25500;9.76395;0
GYRO;25.518;5545.333;-0.15359;0.28779;-0.13447;0
MAGN;25.520;5545.333;-21.93750;37.80000;-27.45000;0
ACCE;25.525;5545.341;-0.18495;0.07005;9.53400;0
AHRS;25.526;5545.341;-0.6880;-1.6468;-29.4997;-0.00946;-0.01237;-0.25449;3
GYRO;25.528;5545.341;-0.17435;0.29219;-0.13530;0
MAGN;25.528;5545.343;-21.91875;37.87500;-27.41250;0
GYRO;25.536;5545.349;-0.17366;0.29260;-0.12334;0
MAGN;25.538;5545.353;-21.88125;37.96875;-27.37500;0
ACCE;25.541;5545.357;-0.07005;0.18405;9.57300;0
AHRS;25.544;5545.357;-0.6880;-1.6468;-29.4997;-0.00946;-0.01237;-0.25449;3
GYRO;25.544;5545.357;-0.17641;0.27527;-0.10340;0
MAGN;25.549;5545.363;-21.88125;38.06250;-27.35625;0
GYRO;25.549;5545.365;-0.17765;0.24750;-0.00811;0
ACCE;25.558;5545.372;0.27405;-0.00600;9.59205;0
AHRS;25.559;5545.372;-0.5111;-1.6201;-29.1631;-0.00788;-0.01256;-0.25167;3
GYRO;25.560;5545.372;-0.17435;0.20845;-0.00495;0
MAGN;25.561;5545.373;-21.86250;38.15625;-27.33750;0
GYRO;25.565;5545.380;-0.17407;0.16816;-0.00137;0
MAGN;25.568;5545.383;-21.84375;38.23125;-27.26250;0
ACCE;25.572;5545.388;0.61800;-0.27405;9.72600;0
AHRS;25.574;5545.388;-0.5112;-1.6201;-29.1631;-0.00788;-0.01256;-0.25167;3
GYRO;25.574;5545.388;-0.15331;0.11509;0.00289;0
MAGN;25.578;5545.393;-21.82500;38.30625;-27.16875;0
GYRO;25.580;5545.396;-0.13269;0.00385;0.00852;0
MAGN;25.588;5545.403;-21.84375;38.38125;-27.07500;0
ACCE;25.589;5545.404;0.81000;-0.52305;9.89805;0
AHRS;25.589;5545.404;-0.6519;-1.9250;-28.8015;-0.00969;-0.01486;-0.24857;3
GYRO;25.589;5545.404;-0.12375;-0.00536;0.14149;0
GYRO;25.597;5545.412;-0.14932;-0.13241;0.18274;0
MAGN;25.598;5545.413;-21.82500;38.45625;-27.01875;0
ACCE;25.604;5545.420;0.67605;-0.56100;9.95595;0
AHRS;25.605;5545.420;-0.6519;-1.9250;-28.8015;-0.00969;-0.01486;-0.24857;3
GYRO;25.605;5545.420;-0.16184;-0.22674;0.23870;0
MAGN;25.606;5545.422;-21.78750;38.51250;-26.98125;0
GYRO;25.612;5545.428;-0.16871;-0.29714;0.28146;0
MAGN;25.619;5545.433;-21.76875;38.58750;-26.94375;0
ACCE;25.620;5545.435;0.40800;-0.46605;10.10895;0
AHRS;25.628;5545.443;-0.6519;-1.9250;-28.8015;-0.00969;-0.01486;-0.24857;3
GYRO;25.628;5545.443;-0.15647;-0.32285;0.29232;0
MAGN;25.630;5545.443;-21.76875;38.64375;-26.90625;0
LIGH;25.634;5545.450;0.0;3
ACCE;25.636;5545.451;0.15900;-0.31200;9.97500;0
MAGN;25.638;5545.453;-21.75000;38.71875;-26.83125;0
GYRO;25.643;5545.459;-0.13819;-0.32409;0.28531;0
MAGN;25.649;5545.463;-21.73125;38.79375;-26.75625;0
ACCE;25.652;5545.467;0.12000;-0.33195;9.89805;0
AHRS;25.653;5545.467;-0.8808;-2.0923;-28.4578;-0.01194;-0.01581;-0.24561;3
GYRO;25.653;5545.467;-0.13585;-0.32326;0.27266;0
MAGN;25.659;5545.473;-21.71250;38.88750;-26.68125;0
ACCE;25.667;5545.483;0.13995;-0.44595;9.84105;0
GYRO;25.668;5545.483;-0.13612;-0.30374;0.25135;0
MAGN;25.669;5545.483;-21.71250;38.96250;-26.66250;0
AHRS;25.675;5545.491;-0.8808;-2.0923;-28.4578;-0.01194;-0.01581;-0.24561;3
GYRO;25.676;5545.491;-0.17600;-0.28256;0.23141;0
MAGN;25.677;5545.493;-21.69375;39.05625;-26.62500;0
ACCE;25.683;5545.498;0.15900;-0.61905;9.82200;0
GYRO;25.684;5545.498;-0.22083;-0.24214;0.20295;0
MAGN;25.688;5545.503;-21.65625;39.13125;-26.58750;0
AHRS;25.691;5545.506;-0.8809;-2.0923;-28.4578;-0.01194;-0.01581;-0.24561;3
GYRO;25.692;5545.506;-0.26427;-0.19099;0.16995;0
MAGN;25.698;5545.513;-21.63750;39.20625;-26.56875;0
ACCE;25.700;5545.514;0.17805;-0.79095;9.74505;0
GYRO;25.701;5545.514;-0.30181;-0.12939;0.12444;0
AHRS;25.707;5545.522;-0.8809;-2.0923;-28.4578;-0.01194;-0.01581;-0.24561;3
GYRO;25.708;5545.522;-0.35654;-0.00632;0.00619;0
MAGN;25.709;5545.523;-21.61875;39.28125;-26.53125;0
ACCE;25.714;5545.530;0.02505;-0.82905;9.82200;0
GYRO;25.716;5545.530;-0.40562;0.00110;-0.00027;0
MAGN;25.717;5545.532;-21.58125;39.37500;-26.49375;0
AHRS;25.723;5545.538;-1.2110;-1.8500;-28.1023;-0.01417;-0.01309;-0.24258;3
GYRO;25.724;5545.538;-0.44811;0.09199;-0.00509;0
MAGN;25.729;5545.543;-21.54375;39.46875;-26.47500;0
ACCE;25.730;5545.545;-0.24195;-0.73395;9.93600;0
GYRO;25.738;5545.553;-0.45842;0.14273;-0.00770;0
MAGN;25.739;5545.553;-21.52500;39.58125;-26.47500;0
ACCE;25.746;5545.561;-0.45300;-0.50400;9.93600;0
AHRS;25.748;5545.561;-1.2110;-1.8500;-28.1023;-0.01417;-0.01309;-0.24258;3
GYRO;25.749;5545.561;-0.43079;0.25424;-0.11632;0
MAGN;25.750;5545.563;-21.50625;39.69375;-26.45625;0
GYRO;25.754;5545.569;-0.40246;0.37634;-0.15620;0
MAGN;25.758;5545.573;-21.50625;39.78750;-26.41875;0
ACCE;25.762;5545.577;-0.60600;-0.35100;9.43905;0
AHRS;25.763;5545.577;-1.2110;-1.8500;-28.1023;-0.01417;-0.01309;-0.24258;3
GYRO;25.765;5545.577;-0.32945;0.49747;-0.19566;0
MAGN;25.768;5545.583;-21.50625;39.86250;-26.38125;0
ACCE;25.778;5545.593;-0.58695;-0.31200;9.16995;0
GYRO;25.778;5545.593;-0.26043;0.55495;-0.22096;0
MAGN;25.780;5545.593;-21.50625;39.93750;-26.32500;0
AHRS;25.785;5545.601;-1.4236;-1.4374;-27.9575;-0.01508;-0.00917;-0.24137;3
GYRO;25.789;5545.601;-0.19539;0.62783;-0.25094;0
MAGN;25.790;5545.603;-21.48750;40.01250;-26.30625;0
LIGH;25.794;5545.609;0.0;3
ACCE;25.794;5545.609;-0.39600;-0.29295;9.38100;0
GYRO;25.796;5545.609;-0.12732;0.66440;-0.24255;0
MAGN;25.802;5545.613;-21.46875;40.12500;-26.28750;0
AHRS;25.803;5545.617;-1.4236;-1.4374;-27.9575;-0.01508;-0.00917;-0.24137;3
GYRO;25.803;5545.617;-0.00632;0.66866;-0.22041;0
MAGN;25.809;5545.623;-21.45000;40.21875;-26.23125;0
ACCE;25.809;5545.624;-0.10800;-0.67605;9.91695;0
GYRO;25.809;5545.624;-0.00261;0.63552;-0.18796;0
AHRS;25.817;5545.632;-1.4236;-1.4374;-27.9575;-0.01508;-0.00917;-0.24137;3
GYRO;25.818;5545.632;-0.00110;0.55853;-0.14754;0
MAGN;25.819;5545.633;-21.43125;40.27500;-26.17500;0
ACCE;25.825;5545.640;0.34995;-1.05900;10.39605;0
GYRO;25.826;5545.640;-0.00344;0.49101;-0.11303;0
MAGN;25.828;5545.642;-21.43125;40.33125;-26.13750;0
AHRS;25.834;5545.648;-1.6729;-1.0977;-27.9391;-0.01648;-0.00577;-0.24123;3
GYRO;25.834;5545.648;-0.00660;0.36960;-0.00632;0
MAGN;25.838;5545.653;-21.37500;40.40625;-26.10000;0
ACCE;25.841;5545.656;0.44595;-1.02105;10.41495;0
GYRO;25.842;5545.656;-0.08277;0.23073;0.00069;0
MAGN;25.848;5545.663;-21.33750;40.48125;-26.06250;0
AHRS;25.849;5545.664;-1.6730;-1.0977;-27.9391;-0.01648;-0.00577;-0.24123;3
GYRO;25.849;5545.664;-0.10175;0.09776;0.00784;0
ACCE;25.857;5545.672;0.29295;-0.94395;10.28100;0
MAGN;25.858;5545.673;-21.30000;40.57500;-26.02500;0
GYRO;25.865;5545.680;-0.10739;0.00426;0.10808;0
MAGN;25.870;5545.683;-21.28125;40.66875;-26.02500;0
ACCE;25.872;5545.687;0.21600;-0.92505;10.03200;0
AHRS;25.873;5545.687;-1.6730;-1.0977;-27.9391;-0.01648;-0.00577;-0.24123;3
GYRO;25.874;5545.687;-0.13049;-0.06985;0.16101;0
MAGN;25.878;5545.693;-21.26250;40.76250;-26.00625;0
ACCE;25.888;5545.703;0.10095;-0.94395;9.78300;0
GYRO;25.889;5545.703;-0.15098;-0.14108;0.18026;0
MAGN;25.890;5545.703;-21.22500;40.83750;-25.98750;0
AHRS;25.896;5545.711;-1.6730;-1.0977;-27.9391;-0.01648;-0.00577;-0.24123;3
GYRO;25.897;5545.711;-0.18892;-0.22963;0.21230;0
MAGN;25.898;5545.713;-21.20625;40.91250;-25.93125;0
ACCE;25.903;5545.719;0.00600;-0.90600;9.43905;0
GYRO;25.905;5545.719;-0.22495;-0.30401;0.23911;0
SOUN;25.906;58.09;0.00177;38.95
MAGN;25.917;5545.723;-21.18750;41.00625;-25.89375;0
AHRS;25.918;5545.727;-2.3589;-0.8603;-27.6157;-0.02178;-0.00238;-0.23846;3
GYRO;25.919;5545.727;-0.25479;-0.35723;0.25726;0
MAGN;25.919;5545.733;-21.18750;41.10000;-25.87500;0
ACCE;25.920;5545.735;-0.03195;-0.90600;9.16995;0
GYRO;25.920;5545.735;-0.28023;-0.38995;0.27033;0
AHRS;25.927;5545.743;-2.3589;-0.8603;-27.6157;-0.02178;-0.00238;-0.23846;3
GYRO;25.928;5545.743;-0.30773;-0.39421;0.26414;0
MAGN;25.930;5545.743;-21.16875;41.17500;-25.85625;0
ACCE;25.934;5545.750;-0.10800;-0.86805;9.20895;0
MAGN;25.938;5545.753;-21.13125;41.26875;-25.87500;0
GYRO;25.943;5545.758;-0.31735;-0.36795;0.22866;0
MAGN;25.948;5545.763;-21.11250;41.34375;-25.89375;0
ACCE;25.951;5545.766;-0.26205;-0.90600;9.66795;0
AHRS;25.952;5545.766;-2.8039;-0.5676;-27.5348;-0.02494;0.00101;-0.23779;3
GYRO;25.953;5545.766;-0.33151;-0.31914;0.18452;0
LIGH;25.954;5545.769;0.0;3
MAGN;25.958;5545.773;-21.09375;41.41875;-25.89375;0
GYRO;25.958;5545.774;-0.33303;-0.26812;0.16500;0
ACCE;25.967;5545.782;-0.24195;-0.90600;10.05105;0
AHRS;25.968;5545.782;-2.8039;-0.5676;-27.5348;-0.02494;0.00101;-0.23779;3
GYRO;25.969;5545.782;-0.29480;-0.16775;0.13778;0
MAGN;25.970;5545.783;-21.07500;41.49375;-25.87500;0
GYRO;25.974;5545.790;-0.25850;-0.08401;0.11440;0
MAGN;25.978;5545.793;-21.05625;41.56875;-25.85625;0
ACCE;25.982;5545.798;-0.26205;-0.84900;10.05105;0
AHRS;25.983;5545.798;-2.8039;-0.5676;-27.5348;-0.02494;0.00101;-0.23779;3
GYRO;25.984;5545.798;-0.20790;0.00316;0.00687;0
MAGN;25.988;5545.803;-21.03750;41.62500;-25.83750;0
ACCE;25.997;5545.813;-0.33795;-0.60000;9.84105;0
GYRO;25.999;5545.813;-0.14740;0.12100;0.00330;0
MAGN;26.000;5545.813;-21.01875;41.71875;-25.80000;0
AHRS;26.007;5545.821;-2.8040;-0.5676;-27.5348;-0.02494;0.00101;-0.23779;3
GYRO;26.008;5545.821;-0.00687;0.21986;0.00041;0
MAGN;26.009;5545.823;-21.00000;41.77500;-25.78125;0
ACCE;26.014;5545.829;-0.31905;-0.48495;9.76395;0
GYRO;26.015;5545.829;0.00192;0.31488;-0.00192;0
MAGN;26.018;5545.833;-20.98125;41.86875;-25.76250;0
AHRS;26.021;5545.837;-3.3628;-0.2961;-27.4374;-0.02912;0.00445;-0.23698;3
GYRO;26.023;5545.837;0.10794;0.37565;-0.00206;0
MAGN;26.030;5545.843;-20.96250;41.94375;-25.74375;0
ACCE;26.036;5545.844;-0.16605;-0.54195;9.84105;0
GYRO;26.039;5545.853;0.14341;0.38431;-0.00151;0
MAGN;26.039;5545.853;-20.94375;42.00000;-25.74375;0
ACCE;26.045;5545.861;0.00600;-0.56100;9.84105;0
AHRS;26.047;5545.861;-3.3628;-0.2961;-27.4374;-0.02912;0.00445;-0.23698;3
GYRO;26.049;5545.861;0.19731;0.36987;-0.00027;0
MAGN;26.049;5545.863;-20.92500;42.05625;-25.74375;0
GYRO;26.054;5545.869;0.24131;0.33481;0.00151;0
MAGN;26.058;5545.873;-20.90625;42.09375;-25.72500;0
ACCE;26.061;5545.877;-0.08895;-0.44595;9.82200;0
AHRS;26.062;5545.877;-3.3628;-0.2961;-27.4374;-0.02912;0.00445;-0.23698;3
GYRO;26.063;5545.877;0.27431;0.28627;0.00357;0
MAGN;26.068;5545.883;-20.88750;42.16875;-25.70625;0
GYRO;26.069;5545.884;0.30731;0.23513;0.00632;0
ACCE;26.077;5545.892;-0.24195;-0.25500;9.89805;0
AHRS;26.078;5545.892;-3.3628;-0.2961;-27.4374;-0.02912;0.00445;-0.23698;3
GYRO;26.080;5545.892;0.35173;0.17669;0.09735;0
MAGN;26.082;5545.893;-20.86875;42.26250;-25.68750;0
GYRO;26.084;5545.900;0.39696;0.14066;0.12375;0
MAGN;26.088;5545.903;-20.85000;42.31875;-25.65000;0
ACCE;26.093;5545.908;-0.24195;-0.23595;10.18500;0
AHRS;26.093;5545.908;-3.3628;-0.2961;-27.4374;-0.02912;0.00445;-0.23698;3
GYRO;26.094;5545.908;0.42652;0.08828;0.14589;0
MAGN;26.100;5545.913;-20.83125;42.35625;-25.59375;0
GYRO;26.101;5545.916;0.44302;0.00357;0.16087;0
MAGN;26.108;5545.923;-20.83125;42.41250;-25.57500;0
ACCE;26.109;5545.924;-0.08895;-0.37005;10.43400;0
AHRS;26.109;5545.924;-3.5691;-0.0726;-27.0926;-0.03042;0.00668;-0.23410;3
GYRO;26.110;5545.924;0.44729;-0.00082;0.17201;0
LIGH;26.116;5545.930;0.0;3
GYRO;26.116;5545.932;0.46626;-0.00344;0.19635;0
MAGN;26.118;5545.933;-20.81250;42.48750;-25.59375;0
ACCE;26.124;5545.940;0.02505;-0.56100;10.54905;0
AHRS;26.126;5545.940;-3.5691;-0.0726;-27.0926;-0.03042;0.00668;-0.23410;3
GYRO;26.127;5545.940;0.43931;-0.00674;0.20996;0
MAGN;26.127;5545.942;-20.79375;42.52500;-25.55625;0
GYRO;26.131;5545.947;0.39751;-0.09735;0.21629;0
MAGN;26.138;5545.953;-20.79375;42.58125;-25.51875;0
ACCE;26.139;5545.955;0.02505;-0.60000;10.58700;0
AHRS;26.148;5545.963;-3.5691;-0.0726;-27.0926;-0.03042;0.00668;-0.23410;3
GYRO;26.148;5545.963;0.35063;-0.11192;0.20529;0
MAGN;26.150;5545.963;-20.79375;42.63750;-25.48125;0
ACCE;26.156;5545.971;-0.03195;-0.61905;10.37700;0
GYRO;26.156;5545.971;0.29342;-0.13956;0.21092;0
MAGN;26.156;5545.973;-20.77500;42.65625;-25.44375;0
AHRS;26.164;5545.979;-3.6658;0.2989;-27.0816;-0.03049;0.01002;-0.23410;3
GYRO;26.164;5545.979;0.23513;-0.14492;0.20391;0
MAGN;26.168;5545.983;-20.75625;42.69375;-25.40625;0
ACCE;26.171;5545.987;-0.10800;-0.63795;9.99405;0
GYRO;26.172;5545.987;0.17091;-0.13379;0.18219;0
MAGN;26.179;5545.993;-20.73750;42.73125;-25.33125;0
AHRS;26.180;5545.994;-3.6658;0.2989;-27.0816;-0.03049;0.01002;-0.23410;3
GYRO;26.182;5545.994;0.10134;-0.12416;0.16637;0
ACCE;26.187;5546.003;-0.08895;-0.69495;9.74505;0
GYRO;26.188;5546.003;0.00289;-0.11825;0.15111;0
MAGN;26.189;5546.003;-20.71875;42.78750;-25.31250;0
AHRS;26.195;5546.010;-3.6658;0.2989;-27.0816;-0.03049;0.01002;-0.23410;3
GYRO;26.197;5546.010;-0.00454;-0.11344;0.13365;0
MAGN;26.198;5546.013;-20.70000;42.86250;-25.31250;0
ACCE;26.219;5546.018;-0.01305;-0.71505;9.66795;0
GYRO;26.219;5546.018;-0.11880;-0.11069;0.11179;0
MAGN;26.219;5546.023;-20.68125;42.90000;-25.31250;0
AHRS;26.219;5546.026;-3.6659;0.2988;-27.0816;-0.03049;0.01002;-0.23410;3
GYRO;26.219;5546.026;-0.16404;-0.10010;0.09763;0
MAGN;26.220;5546.033;-20.64375;42.93750;-25.31250;0
ACCE;26.220;5546.034;0.02505;-0.69495;9.70695;0
GYRO;26.220;5546.034;-0.20034;-0.09171;0.09089;0
GNSS;26.220;1745934492.000;24.926172;121.252893;194.400;288.010;4.2;0.0;48;12
GNSS;26.221;1745934492.000;24.926172;121.252893;194.400;288.010;4.2;0.0;48;12
AHRS;26.227;5546.042;-3.6659;0.2988;-27.0816;-0.03049;0.01002;-0.23410;3
GYRO;26.228;5546.042;-0.23237;-0.09817;0.09543;0
MAGN;26.235;5546.043;-20.58750;42.97500;-25.33125;0
ACCE;26.235;5546.050;0.00600;-0.58095;9.70695;0
GYRO;26.236;5546.050;-0.24640;-0.08745;0.09625;0
MAGN;26.236;5546.052;-20.56875;43.03125;-25.27500;0
GNSS;26.236;1745934491.133;24.926171;121.252895;194.900;0.000;4.4;0.0;48;12
AHRS;26.242;5546.058;-3.6658;0.2989;-27.0816;-0.03049;0.01002;-0.23410;3
GYRO;26.243;5546.058;-0.25369;-0.09103;0.10436;0
MAGN;26.249;5546.063;-20.53125;43.08750;-25.23750;0
ACCE;26.249;5546.066;0.00600;-0.46605;9.59205;0
GYRO;26.250;5546.066;-0.24502;-0.09955;0.12183;0
MAGN;26.257;5546.073;-20.51250;43.14375;-25.18125;0
ACCE;26.266;5546.081;-0.01305;-0.38895;9.43905;0
AHRS;26.267;5546.081;-3.7443;0.5937;-26.6956;-0.03059;0.01258;-0.23090;3
GYRO;26.267;5546.081;-0.22784;-0.10299;0.12526;0
MAGN;26.269;5546.083;-20.51250;43.18125;-25.12500;0
LIGH;26.275;5546.090;0.0;3
GYRO;26.277;5546.090;-0.19910;-0.11137;0.13819;0
MAGN;26.281;5546.093;-20.49375;43.23750;-25.08750;0
ACCE;26.284;5546.097;0.06300;-0.42705;9.45795;0
MAGN;26.292;5546.103;-20.49375;43.29375;-25.06875;0
AHRS;26.293;5546.105;-3.7443;0.5937;-26.6956;-0.03059;0.01258;-0.23090;3
GYRO;26.293;5546.105;-0.16266;-0.10986;0.13833;0
ACCE;26.299;5546.113;0.13995;-0.42705;9.82200;0
GYRO;26.301;5546.113;-0.10972;-0.10863;0.14451;0
MAGN;26.301;5546.113;-20.49375;43.33125;-25.05000;0
AHRS;26.306;5546.121;-3.7443;0.5938;-26.6956;-0.03059;0.01258;-0.23090;3
GYRO;26.308;5546.121;-0.00467;-0.10024;0.15015;0
MAGN;26.309;5546.123;-20.47500;43.38750;-25.05000;0
ACCE;26.315;5546.129;0.00600;-0.27405;10.31895;0
GYRO;26.315;5546.129;0.00275;-0.08717;0.15757;0
MAGN;26.319;5546.133;-20.47500;43.42500;-25.01250;0
AHRS;26.321;5546.137;-3.6747;0.3067;-26.3069;-0.03061;0.00990;-0.22753;3
GYRO;26.321;5546.137;0.10670;-0.07769;0.16129;0
MAGN;26.329;5546.143;-20.47500;43.46250;-24.93750;0
ACCE;26.329;5546.144;-0.01305;-0.25500;10.53000;0
GYRO;26.330;5546.144;0.17146;-0.07397;0.15400;0
AHRS;26.337;5546.152;-3.6747;0.3067;-26.3069;-0.03061;0.00990;-0.22753;3
GYRO;26.338;5546.152;0.22083;-0.07026;0.14905;0
MAGN;26.341;5546.153;-20.45625;43.51875;-24.84375;0
ACCE;26.345;5546.160;0.02505;-0.38895;10.62600;0
GYRO;26.348;5546.160;0.24764;-0.07356;0.15565;0
MAGN;26.348;5546.162;-20.43750;43.55625;-24.76875;0
AHRS;26.353;5546.168;-3.6747;0.3067;-26.3069;-0.03061;0.00990;-0.22753;3
GYRO;26.354;5546.168;0.26634;-0.08690;0.16858;0
MAGN;26.358;5546.173;-20.41875;43.59375;-24.71250;0
ACCE;26.360;5546.176;0.19695;-0.56100;10.60695;0
GYRO;26.362;5546.176;0.26867;-0.09295;0.17229;0
MAGN;26.367;5546.183;-20.38125;43.63125;-24.65625;0
ACCE;26.377;5546.192;0.27405;-0.75300;10.35795;0
AHRS;26.377;5546.192;-3.4736;0.2053;-25.9530;-0.02913;0.00855;-0.22450;3
GYRO;26.379;5546.192;0.25685;-0.09790;0.17022;0
MAGN;26.380;5546.193;-20.36250;43.68750;-24.60000;0
GYRO;26.384;5546.200;0.22894;-0.10532;0.16418;0
MAGN;26.388;5546.203;-20.32500;43.72500;-24.56250;0
ACCE;26.392;5546.207;0.17805;-0.71505;9.93600;0
AHRS;26.393;5546.207;-3.4736;0.2053;-25.9530;-0.02913;0.00855;-0.22450;3
GYRO;26.394;5546.207;0.18563;-0.10532;0.15290;0
MAGN;26.398;5546.213;-20.32500;43.76250;-24.54375;0
SOUN;26.407;30.41;0.00093;33.33
ACCE;26.411;5546.223;-0.03195;-0.52305;9.64905;0
GYRO;26.412;5546.223;0.14630;-0.09446;0.12375;0
MAGN;26.412;5546.223;-20.32500;43.80000;-24.52500;0
AHRS;26.416;5546.231;-3.4736;0.2053;-25.9530;-0.02913;0.00855;-0.22450;3
GYRO;26.416;5546.231;0.10340;-0.07356;0.08841;0
MAGN;26.416;5546.233;-20.32500;43.83750;-24.48750;0
ACCE;26.425;5546.239;-0.14700;-0.42705;9.57300;0
GYRO;26.425;5546.239;0.00619;-0.00467;0.00522;0
MAGN;26.431;5546.243;-20.32500;43.89375;-24.48750;0
AHRS;26.432;5546.247;-3.4736;0.2053;-25.9530;-0.02913;0.00855;-0.22450;3
GYRO;26.432;5546.247;0.00220;-0.00179;0.00220;0
LIGH;26.433;5546.249;0.0;3
MAGN;26.439;5546.253;-20.34375;43.91250;-24.48750;0
ACCE;26.439;5546.254;-0.18495;-0.42705;9.61095;0
GYRO;26.439;5546.254;-0.00137;0.00041;-0.00165;0
AHRS;26.447;5546.263;-3.4736;0.2053;-25.9530;-0.02913;0.00855;-0.22450;3
GYRO;26.448;5546.263;-0.00550;0.00302;-0.00481;0
MAGN;26.449;5546.263;-20.34375;43.93125;-24.45000;0
ACCE;26.455;5546.270;-0.12795;-0.50400;9.57300;0
GYRO;26.456;5546.270;-0.09226;0.00564;-0.00784;0
MAGN;26.457;5546.273;-20.36250;43.98750;-24.41250;0
AHRS;26.463;5546.278;-3.4736;0.2053;-25.9530;-0.02913;0.00855;-0.22450;3
GYRO;26.464;5546.278;-0.11770;0.07191;-0.08841;0
MAGN;26.468;5546.283;-20.36250;44.02500;-24.43125;0
ACCE;26.471;5546.286;0.02505;-0.63795;9.49605;0
GYRO;26.472;5546.286;-0.13778;0.09432;-0.09983;0
MAGN;26.478;5546.293;-20.36250;44.06250;-24.43125;0
AHRS;26.480;5546.294;-3.4736;0.2053;-25.9530;-0.02913;0.00855;-0.22450;3
GYRO;26.481;5546.294;-0.14781;0.11041;-0.11028;0
ACCE;26.487;5546.302;0.00600;-0.65700;9.51495;0
GYRO;26.488;5546.302;-0.16651;0.12348;-0.11839;0
MAGN;26.489;5546.303;-20.38125;44.10000;-24.46875;0
AHRS;26.494;5546.310;-3.4736;0.2053;-25.9530;-0.02913;0.00855;-0.22450;3
GYRO;26.496;5546.310;-0.17710;0.12554;-0.11028;0
MAGN;26.499;5546.313;-20.38125;44.10000;-24.46875;0
ACCE;26.502;5546.318;0.04395;-0.52305;9.61095;0
GYRO;26.504;5546.318;-0.16225;0.12485;-0.09914;0
MAGN;26.508;5546.323;-20.41875;44.11875;-24.45000;0
ACCE;26.518;5546.333;0.04395;-0.44595;9.63000;0
AHRS;26.520;5546.333;-2.9628;0.2613;-25.6115;-0.02470;0.00795;-0.22163;3
GYRO;26.521;5546.333;-0.15207;0.10972;-0.09006;0
MAGN;26.523;5546.333;-20.47500;44.15625;-24.39375;0
GYRO;26.527;5546.341;-0.12856;0.09336;-0.00852;0
MAGN;26.528;5546.343;-20.53125;44.15625;-24.33750;0
ACCE;26.534;5546.349;0.27405;-0.58095;9.74505;0
AHRS;26.535;5546.349;-2.9628;0.2613;-25.6115;-0.02470;0.00795;-0.22163;3
GYRO;26.537;5546.349;-0.11646;0.00522;-0.00729;0
MAGN;26.537;5546.353;-20.56875;44.15625;-24.31875;0
GYRO;26.544;5546.357;-0.10904;-0.00055;-0.00591;0
MAGN;26.549;5546.363;-20.58750;44.15625;-24.31875;0
ACCE;26.550;5546.364;0.46500;-0.73395;10.01295;0
AHRS;26.558;5546.373;-2.9628;0.2613;-25.6115;-0.02470;0.00795;-0.22163;3
GYRO;26.560;5546.373;-0.09116;-0.00385;-0.00481;0
MAGN;26.560;5546.373;-20.60625;44.17500;-24.28125;0
ACCE;26.565;5546.380;0.48405;-0.75300;10.14705;0
MAGN;26.568;5546.383;-20.60625;44.19375;-24.28125;0
GYRO;26.573;5546.389;-0.00674;-0.00646;-0.00385;0
MAGN;26.578;5546.393;-20.62500;44.21250;-24.28125;0
ACCE;26.581;5546.396;0.50295;-0.65700;10.20405;0
AHRS;26.581;5546.396;-2.9803;-0.1198;-25.6433;-0.02559;0.00475;-0.22182;3
GYRO;26.583;5546.396;-0.00550;-0.12691;-0.00220;0
MAGN;26.588;5546.403;-20.64375;44.21250;-24.26250;0
GYRO;26.589;5546.404;-0.00454;-0.20391;0.00151;0
LIGH;26.597;5546.410;0.0;3
ACCE;26.599;5546.412;0.58005;-0.69495;10.12800;0
AHRS;26.599;5546.412;-2.9803;-0.1198;-25.6433;-0.02559;0.00475;-0.22182;3
GYRO;26.599;5546.412;-0.00481;-0.28050;0.00481;0
MAGN;26.600;5546.413;-20.66250;44.23125;-24.26250;0
GYRO;26.605;5546.420;-0.07219;-0.35709;0.00742;0
MAGN;26.608;5546.423;-20.68125;44.25000;-24.28125;0
ACCE;26.614;5546.428;0.58005;-0.69495;10.18500;0
AHRS;26.614;5546.428;-2.9803;-0.1198;-25.6433;-0.02559;0.00475;-0.22182;3
GYRO;26.615;5546.428;-0.08360;-0.41649;0.09543;0
MAGN;26.618;5546.433;-20.68125;44.26875;-24.28125;0
ACCE;26.628;5546.443;0.50295;-0.61905;10.37700;0
GYRO;26.629;5546.443;-0.09460;-0.44192;0.11880;0
MAGN;26.629;5546.443;-20.70000;44.28750;-24.33750;0
AHRS;26.637;5546.452;-2.9803;-0.1198;-25.6433;-0.02559;0.00475;-0.22182;3
GYRO;26.637;5546.452;-0.08003;-0.44798;0.13887;0
MAGN;26.637;5546.453;-20.73750;44.28750;-24.37500;0
ACCE;26.644;5546.459;0.40800;-0.56100;10.45305;0
GYRO;26.645;5546.459;-0.00509;-0.43079;0.15194;0
MAGN;26.648;5546.463;-20.77500;44.28750;-24.39375;0
AHRS;26.651;5546.467;-3.1840;-0.5898;-25.5485;-0.02823;0.00112;-0.22088;3
GYRO;26.652;5546.467;-0.00344;-0.42584;0.14726;0
MAGN;26.658;5546.473;-20.81250;44.30625;-24.37500;0
ACCE;26.658;5546.474;0.31200;-0.52305;10.20405;0
GYRO;26.668;5546.483;-0.00234;-0.40769;0.14066;0
MAGN;26.669;5546.483;-20.85000;44.30625;-24.41250;0
ACCE;26.675;5546.491;0.29295;-0.44595;9.72600;0
AHRS;26.676;5546.491;-3.1840;-0.5898;-25.5485;-0.02823;0.00112;-0.22088;3
GYRO;26.678;5546.491;-0.00027;-0.35998;0.12705;0
MAGN;26.679;5546.493;-20.88750;44.28750;-24.50625;0
GYRO;26.683;5546.499;0.00206;-0.29783;0.09584;0
MAGN;26.688;5546.503;-20.92500;44.28750;-24.50625;0
ACCE;26.691;5546.507;0.25395;-0.42705;9.28500;0
AHRS;26.692;5546.507;-3.1840;-0.5898;-25.5485;-0.02823;0.00112;-0.22088;3
GYRO;26.693;5546.507;0.00495;-0.22234;0.00591;0
MAGN;26.698;5546.513;-20.96250;44.30625;-24.48750;0
GYRO;26.700;5546.514;0.08140;-0.14630;0.00261;0
ACCE;26.707;5546.522;0.29295;-0.48495;9.11295;0
AHRS;26.708;5546.522;-3.1840;-0.5898;-25.5485;-0.02823;0.00112;-0.22088;3
GYRO;26.710;5546.522;0.09405;-0.08690;0.00027;0
MAGN;26.711;5546.523;-20.98125;44.34375;-24.45000;0
GYRO;26.719;5546.530;0.09597;-0.00495;-0.00165;0
MAGN;26.721;5546.533;-21.01875;44.36250;-24.45000;0
ACCE;26.723;5546.538;0.21600;-0.50400;9.26595;0
AHRS;26.725;5546.538;-3.1840;-0.5898;-25.5485;-0.02823;0.00112;-0.22088;3
GYRO;26.726;5546.538;0.09432;0.00110;-0.00481;0
MAGN;26.728;5546.543;-21.05625;44.38125;-24.45000;0
GYRO;26.730;5546.546;0.09996;0.07068;-0.00756;0
MAGN;26.738;5546.553;-21.07500;44.41875;-24.45000;0
ACCE;26.738;5546.555;0.10095;-0.42705;9.63000;0
AHRS;26.739;5546.555;-3.1840;-0.5898;-25.5485;-0.02823;0.00112;-0.22088;3
GYRO;26.740;5546.555;0.11784;0.13475;-0.09254;0
MAGN;26.747;5546.563;-21.11250;44.43750;-24.46875;0
LIGH;26.754;5546.570;0.0;3
ACCE;26.754;5546.570;0.06300;-0.38895;9.91695;0
GYRO;26.755;5546.570;0.13035;0.16967;-0.10546;0
MAGN;26.756;5546.572;-21.15000;44.41875;-24.46875;0
AHRS;26.762;5546.578;-3.0384;-0.9481;-25.7374;-0.02769;-0.00216;-0.22242;3
GYRO;26.763;5546.578;0.13530;0.21670;-0.12375;0
MAGN;26.768;5546.583;-21.18750;44.41875;-24.46875;0
ACCE;26.768;5546.585;0.17805;-0.52305;10.10895;0
WIFI;26.775;5546.551;Tenda_519C30;e8:65:d4:51:9c:31;-80
WIFI;26.775;5546.551;12;20:6a:94:b3:ec:6e;-78
WIFI;26.775;5546.551;All money go my home;c2:25:2f:7c:70:23;-94
WIFI;26.775;5546.551;Tenda_8CC950;d8:32:14:8c:c9:51;-78
WIFI;26.775;5546.551;Fang;dc:62:79:cb:0e:9b;-77
WIFI;26.775;5546.551;Tenda_8CC950_5G;d8:32:14:8c:c9:55;-84
WIFI;26.775;5546.551;CHENS-7011;78:44:76:dd:9d:2c;-77
WIFI;26.775;5546.551;jsl;10:be:f5:09:24:89;-86
WIFI;26.775;5546.551;笨笨龍;04:09:86:27:19:3a;-86
WIFI;26.775;5546.551;;ce:d8:43:c7:7d:42;-46
WIFI;26.775;5546.551;Fang_5GHz;dc:62:79:cb:0e:9a;-88
WIFI;26.775;5546.551;adsl-s;fc:12:63:71:c6:cf;-88
WIFI;26.775;5546.551;;de:07:b6:32:4f:73;-92
WIFI;26.775;5546.551;;de:07:b6:32:4f:72;-75
WIFI;26.775;5546.551;All money go my home;c2:25:2f:2c:70:22;-94
WIFI;26.775;5546.551;;de:62:79:ab:0e:9b;-85
WIFI;26.775;5546.551;CHENS-7011;b8:55:10:cc:48:30;-64
WIFI;26.775;5546.551;;c0:25:2f:ac:70:23;-92
WIFI;26.775;5546.551;;c0:25:2f:ac:70:22;-82
WIFI;26.775;5546.551;98-14;d8:07:b6:32:4f:72;-74
WIFI;26.775;5546.551;98-14;d8:07:b6:32:4f:73;-82
WIFI;26.775;5546.551;Fang-3F_5G;cc:d8:43:b7:7d:43;-46
WIFI;26.775;5546.551;98-14;d8:07:b6:32:4f:32;-87
WIFI;26.775;5546.551;98-14;d8:07:b6:32:4f:33;-89
WIFI;26.775;5546.551;HITRON-7EC0;20:6a:94:bc:7e:c6;-91
GYRO;26.811;5546.593;0.12691;0.22756;-0.12155;0
MAGN;26.811;5546.593;-21.20625;44.43750;-24.45000;0
ACCE;26.813;5546.601;0.15900;-0.54195;10.31895;0
AHRS;26.814;5546.601;-3.0384;-0.9481;-25.7374;-0.02769;-0.00216;-0.22242;3
GYRO;26.816;5546.601;0.11206;0.23581;-0.12045;0
MAGN;26.816;5546.603;-21.24375;44.43750;-24.41250;0
GYRO;26.816;5546.609;0.09501;0.24338;-0.12072;0
MAGN;26.817;5546.613;-21.28125;44.45625;-24.39375;0
ACCE;26.817;5546.617;-0.05100;-0.40800;10.53000;0
AHRS;26.817;5546.617;-3.0384;-0.9481;-25.7374;-0.02769;-0.00216;-0.22242;3
GYRO;26.818;5546.617;0.08979;0.26620;-0.13393;0
MAGN;26.818;5546.623;-21.31875;44.47500;-24.41250;0
ACCE;26.818;5546.633;-0.10800;-0.40800;10.43400;0
GYRO;26.818;5546.633;0.08525;0.26881;-0.14149;0
MAGN;26.825;5546.633;-21.33750;44.49375;-24.43125;0
AHRS;26.826;5546.641;-3.0384;-0.9481;-25.7374;-0.02769;-0.00216;-0.22242;3
GYRO;26.826;5546.641;0.07961;0.27033;-0.15400;0
MAGN;26.826;5546.643;-21.35625;44.53125;-24.48750;0
ACCE;26.833;5546.649;-0.03195;-0.44595;10.05105;0
GYRO;26.834;5546.649;0.00646;0.26565;-0.15964;0
MAGN;26.839;5546.653;-21.39375;44.56875;-24.48750;0
AHRS;26.841;5546.656;-3.0384;-0.9481;-25.7374;-0.02769;-0.00216;-0.22242;3
GYRO;26.841;5546.656;0.00495;0.25066;-0.15730;0
MAGN;26.848;5546.663;-21.41250;44.56875;-24.46875;0
ACCE;26.848;5546.664;0.00600;-0.35100;9.80205;0
GYRO;26.849;5546.664;0.00509;0.25286;-0.16087;0
AHRS;26.857;5546.672;-3.0384;-0.9481;-25.7374;-0.02769;-0.00216;-0.22242;3
GYRO;26.858;5546.672;0.00591;0.24186;-0.15056;0
MAGN;26.863;5546.673;-21.46875;44.58750;-24.46875;0
ACCE;26.865;5546.680;0.04395;-0.29295;9.66795;0
GYRO;26.865;5546.680;0.07741;0.24640;-0.14575;0
MAGN;26.866;5546.682;-21.48750;44.60625;-24.50625;0
AHRS;26.872;5546.688;-3.0384;-0.9481;-25.7374;-0.02769;-0.00216;-0.22242;3
GYRO;26.873;5546.688;0.09006;0.23691;-0.14011;0
MAGN;26.879;5546.693;-21.52500;44.60625;-24.52500;0
ACCE;26.879;5546.696;0.12000;-0.29295;9.61095;0
GYRO;26.880;5546.696;0.09488;0.20749;-0.12664;0
MAGN;26.887;5546.703;-21.54375;44.62500;-24.54375;0
ACCE;26.897;5546.712;0.13995;-0.29295;9.68700;0
AHRS;26.897;5546.712;-3.0384;-0.9481;-25.7374;-0.02769;-0.00216;-0.22242;3
GYRO;26.897;5546.712;0.09157;0.16885;-0.10395;0
MAGN;26.898;5546.713;-21.56250;44.62500;-24.56250;0
GYRO;26.904;5546.719;0.10244;0.14850;-0.09075;0
MAGN;26.908;5546.723;-21.58125;44.62500;-24.52500;0
SOUN;26.909;25.83;0.00079;31.91
ACCE;26.913;5546.727;0.17805;-0.31200;9.89805;0
AHRS;26.913;5546.727;-2.9695;-0.9816;-26.0730;-0.02717;-0.00250;-0.22527;3
GYRO;26.913;5546.727;0.11990;0.12292;-0.00660;0
LIGH;26.914;5546.729;0.0;3
MAGN;26.918;5546.733;-21.61875;44.62500;-24.52500;0
GYRO;26.919;5546.735;0.13228;0.09309;-0.00467;0
ACCE;26.929;5546.743;0.17805;-0.38895;9.99405;0
AHRS;26.930;5546.743;-2.9695;-0.9816;-26.0730;-0.02717;-0.00250;-0.22527;3
GYRO;26.930;5546.743;0.13283;0.00591;-0.00302;0
MAGN;26.931;5546.743;-21.65625;44.62500;-24.50625;0
GYRO;26.936;5546.751;0.10904;0.00082;-0.00082;0
MAGN;26.939;5546.753;-21.69375;44.62500;-24.50625;0
ACCE;26.943;5546.759;0.25395;-0.56100;10.03200;0
AHRS;26.944;5546.759;-2.9695;-0.9816;-26.0730;-0.02717;-0.00250;-0.22527;3
GYRO;26.945;5546.759;0.07645;-0.00467;0.00137;0
GYRO;26.951;5546.767;0.00426;-0.09061;0.00206;0
MAGN;26.959;5546.763;-21.71250;44.62500;-24.52500;0
MAGN;26.959;5546.773;-21.73125;44.62500;-24.54375;0
ACCE;26.959;5546.774;0.31200;-0.61905;9.87900;0
AHRS;26.960;5546.774;-2.9695;-0.9816;-26.0730;-0.02717;-0.00250;-0.22527;3
GYRO;26.961;5546.774;0.00137;-0.13255;0.00275;0
GYRO;26.967;5546.782;-0.00137;-0.15895;0.00371;0
MAGN;26.968;5546.783;-21.73125;44.66250;-24.52500;0
ACCE;26.975;5546.790;0.27405;-0.56100;9.76395;0
AHRS;26.975;5546.790;-2.9695;-0.9816;-26.0730;-0.02717;-0.00250;-0.22527;3
GYRO;26.976;5546.790;-0.00357;-0.17916;0.00440;0
MAGN;26.977;5546.792;-21.76875;44.68125;-24.48750;0
GYRO;26.983;5546.798;-0.00674;-0.19731;0.00509;0
MAGN;26.990;5546.803;-21.78750;44.70000;-24.50625;0
ACCE;26.991;5546.805;0.19695;-0.50400;9.85995;0
MAGN;26.998;5546.813;-21.76875;44.71875;-24.54375;0
AHRS;26.999;5546.814;-2.9695;-0.9816;-26.0730;-0.02717;-0.00250;-0.22527;3
GYRO;27.000;5546.814;-0.09460;-0.20694;0.00550;0
ACCE;27.007;5546.822;0.19695;-0.48495;9.93600;0
GYRO;27.008;5546.822;-0.12210;-0.21477;0.00564;0
MAGN;27.009;5546.823;-21.76875;44.71875;-24.56250;0
AHRS;27.014;5546.830;-2.9695;-0.9816;-26.0730;-0.02717;-0.00250;-0.22527;3
GYRO;27.016;5546.830;-0.14341;-0.21092;0.00564;0
MAGN;27.018;5546.833;-21.78750;44.71875;-24.56250;0
ACCE;27.022;5546.838;0.19695;-0.50400;10.05105;0
GYRO;27.023;5546.838;-0.15015;-0.19016;0.00536;0
MAGN;27.028;5546.843;-21.78750;44.71875;-24.54375;0
ACCE;27.038;5546.853;0.23505;-0.52305;10.14705;0
AHRS;27.040;5546.853;-2.9695;-0.9816;-26.0730;-0.02717;-0.00250;-0.22527;3
GYRO;27.041;5546.853;-0.14410;-0.16211;0.00426;0
MAGN;27.043;5546.853;-21.80625;44.71875;-24.52500;0
GYRO;27.045;5546.861;-0.14946;-0.13929;0.00357;0
MAGN;27.046;5546.863;-21.80625;44.73750;-24.52500;0
ACCE;27.053;5546.869;0.27405;-0.54195;10.16595;0
AHRS;27.055;5546.869;-2.8782;-1.3405;-26.0599;-0.02710;-0.00573;-0.22509;3
GYRO;27.056;5546.869;-0.14754;-0.11495;0.00330;0
MAGN;27.057;5546.873;-21.82500;44.77500;-24.54375;0
GYRO;27.061;5546.877;-0.14341;-0.09845;0.00330;0
MAGN;27.068;5546.883;-21.84375;44.79375;-24.54375;0
ACCE;27.075;5546.884;0.33105;-0.54195;10.03200;0
LIGH;27.080;5546.890;0.0;3
AHRS;27.081;5546.893;-2.8782;-1.3405;-26.0599;-0.02710;-0.00573;-0.22509;3
GYRO;27.084;5546.893;-0.12622;-0.08112;0.00316;0
MAGN;27.084;5546.893;-21.86250;44.81250;-24.56250;0
ACCE;27.085;5546.901;0.38895;-0.50400;9.74505;0
GYRO;27.085;5546.901;-0.10477;-0.07384;0.00357;0
MAGN;27.086;5546.902;-21.86250;44.83125;-24.60000;0
AHRS;27.096;5546.908;-2.8782;-1.3405;-26.0599;-0.02710;-0.00573;-0.22509;3
GYRO;27.096;5546.908;-0.08717;-0.07343;0.00371;0
MAGN;27.099;5546.913;-21.86250;44.83125;-24.61875;0
ACCE;27.101;5546.916;0.29295;-0.42705;9.51495;0
GYRO;27.102;5546.916;-0.00591;-0.00605;0.00330;0
MAGN;27.113;5546.923;-21.86250;44.85000;-24.63750;0
AHRS;27.114;5546.924;-2.8782;-1.3405;-26.0599;-0.02710;-0.00573;-0.22509;3
GYRO;27.114;5546.924;-0.00289;-0.00509;0.00316;0
ACCE;27.118;5546.932;0.25395;-0.38895;9.49605;0
GYRO;27.119;5546.932;0.00014;-0.00467;0.00371;0
MAGN;27.119;5546.933;-21.86250;44.88750;-24.63750;0
AHRS;27.125;5546.940;-2.8782;-1.3405;-26.0599;-0.02710;-0.00573;-0.22509;3
GYRO;27.125;5546.940;0.00275;-0.00522;0.00509;0
MAGN;27.126;5546.942;-21.86250;44.88750;-24.63750;0
ACCE;27.132;5546.948;0.15900;-0.48495;9.59205;0
GYRO;27.133;5546.948;0.00454;-0.00440;0.00564;0
MAGN;27.138;5546.953;-21.86250;44.88750;-24.67500;0
ACCE;27.147;5546.963;0.23505;-0.37005;9.74505;0
AHRS;27.148;5546.963;-2.8782;-1.3405;-26.0599;-0.02710;-0.00573;-0.22509;3
GYRO;27.148;5546.963;0.00632;-0.00399;0.00564;0
MAGN;27.149;5546.963;-21.88125;44.88750;-24.75000;0
GYRO;27.157;5546.971;0.07810;-0.00289;0.00481;0
MAGN;27.157;5546.973;-21.88125;44.88750;-24.80625;0
ACCE;27.164;5546.979;0.15900;-0.46605;9.85995;0
AHRS;27.165;5546.979;-2.8782;-1.3405;-26.0599;-0.02710;-0.00573;-0.22509;3
GYRO;27.165;5546.979;0.08140;-0.00192;0.00399;0
MAGN;27.167;5546.982;-21.90000;44.88750;-24.78750;0
GYRO;27.172;5546.987;0.07961;-0.00055;0.00275;0
MAGN;27.178;5546.993;-21.88125;44.90625;-24.80625;0
ACCE;27.179;5546.994;0.25395;-0.52305;9.89805;0
AHRS;27.187;5547.003;-2.8782;-1.3405;-26.0599;-0.02710;-0.00573;-0.22509;3
GYRO;27.189;5547.003;0.06985;0.00014;0.00179;0
MAGN;27.189;5547.003;-21.88125;44.92500;-24.82500;0
ACCE;27.194;5547.010;0.19695;-0.54195;9.97500;0
MAGN;27.199;5547.013;-21.88125;44.96250;-24.80625;0
GYRO;27.214;5547.019;0.00550;0.00069;0.00165;0
MAGN;27.215;5547.023;-21.88125;44.96250;-24.80625;0
ACCE;27.215;5547.027;0.06300;-0.52305;9.93600;0
AHRS;27.215;5547.027;-2.8782;-1.3405;-26.0599;-0.02710;-0.00573;-0.22509;3
GYRO;27.216;5547.027;0.00426;0.00247;0.00027;0
GNSS;27.216;1745934493.000;24.926172;121.252890;194.200;288.010;4.2;0.0;48;11
MAGN;27.218;5547.033;-21.90000;44.96250;-24.82500;0
GYRO;27.218;5547.035;0.00289;0.00536;-0.00234;0
GNSS;27.218;1745934493.000;24.926172;121.252890;194.200;288.010;4.2;0.0;48;11
ACCE;27.230;5547.042;0.00600;-0.52305;9.89805;0
MAGN;27.230;5547.043;-21.90000;44.96250;-24.82500;0
GNSS;27.231;1745934492.133;24.926172;121.252891;194.900;0.000;4.3;0.0;48;11
LIGH;27.235;5547.050;0.0;3
AHRS;27.236;5547.049;-2.8782;-1.3405;-26.0599;-0.02710;-0.00573;-0.22509;3
GYRO;27.237;5547.049;0.00096;0.08346;-0.00481;0
MAGN;27.237;5547.053;-21.88125;44.96250;-24.84375;0
ACCE;27.242;5547.058;-0.05100;-0.56100;9.93600;0
GYRO;27.244;5547.058;0.00041;0.11399;-0.00674;0
MAGN;27.248;5547.063;-21.88125;44.96250;-24.86250;0
AHRS;27.251;5547.066;-2.8782;-1.3405;-26.0599;-0.02710;-0.00573;-0.22509;3
GYRO;27.252;5547.066;-0.00124;0.15015;-0.08855;0
MAGN;27.258;5547.073;-21.90000;44.96250;-24.84375;0
ACCE;27.259;5547.074;-0.12795;-0.58095;9.93600;0
GYRO;27.259;5547.074;-0.00261;0.18452;-0.10615;0
AHRS;27.267;5547.082;-2.7143;-0.8938;-26.1999;-0.02483;-0.00223;-0.22640;3
GYRO;27.268;5547.082;-0.00412;0.21698;-0.12416;0
MAGN;27.269;5547.083;-21.90000;44.94375;-24.86250;0
ACCE;27.273;5547.090;-0.10800;-0.52305;9.93600;0
GYRO;27.275;5547.090;-0.00605;0.25520;-0.14685;0
MAGN;27.278;5547.093;-21.90000;44.96250;-24.88125;0
AHRS;27.282;5547.097;-2.7143;-0.8938;-26.1999;-0.02483;-0.00223;-0.22640;3
GYRO;27.283;5547.097;-0.00591;0.27981;-0.15538;0
MAGN;27.288;5547.103;-21.91875;44.98125;-24.90000;0
ACCE;27.290;5547.105;-0.14700;-0.44595;10.01295;0
GYRO;27.298;5547.113;-0.00605;0.28848;-0.15812;0
MAGN;27.299;5547.113;-21.93750;44.98125;-24.91875;0
ACCE;27.305;5547.121;-0.07005;-0.40800;10.05105;0
AHRS;27.307;5547.121;-2.7143;-0.8938;-26.1999;-0.02483;-0.00223;-0.22640;3
GYRO;27.308;5547.121;-0.00550;0.28971;-0.16252;0
MAGN;27.309;5547.123;-21.95625;44.98125;-24.88125;0
GYRO;27.313;5547.129;-0.00509;0.27266;-0.15593;0
MAGN;27.318;5547.133;-21.95625;44.98125;-24.90000;0
ACCE;27.321;5547.137;0.08205;-0.46605;9.97500;0
AHRS;27.323;5547.137;-2.7143;-0.8938;-26.1999;-0.02483;-0.00223;-0.22640;3
GYRO;27.324;5547.137;-0.00467;0.26386;-0.15276;0
MAGN;27.328;5547.143;-21.95625;45.01875;-24.91875;0
GYRO;27.335;5547.145;-0.00357;0.24131;-0.14052;0
ACCE;27.337;5547.153;0.15900;-0.48495;9.85995;0
AHRS;27.339;5547.153;-2.7143;-0.8938;-26.1999;-0.02483;-0.00223;-0.22640;3
GYRO;27.341;5547.153;-0.00220;0.20199;-0.11179;0
MAGN;27.341;5547.153;-21.95625;45.05625;-24.91875;0
GYRO;27.345;5547.161;-0.00069;0.15744;-0.00770;0
MAGN;27.348;5547.163;-21.95625;45.05625;-24.91875;0
ACCE;27.353;5547.168;0.17805;-0.44595;9.82200;0
AHRS;27.353;5547.168;-2.7143;-0.8938;-26.1999;-0.02483;-0.00223;-0.22640;3
GYRO;27.355;5547.168;0.00124;0.10835;-0.00426;0
MAGN;27.358;5547.173;-21.95625;45.05625;-24.91875;0
GYRO;27.361;5547.176;0.00357;0.00509;-0.00069;0
MAGN;27.368;5547.183;-21.95625;45.05625;-24.93750;0
ACCE;27.368;5547.184;0.19695;-0.38895;9.74505;0
AHRS;27.369;5547.184;-2.7143;-0.8938;-26.1999;-0.02483;-0.00223;-0.22640;3
GYRO;27.369;5547.184;0.00481;0.00041;0.00179;0
GYRO;27.377;5547.192;0.00646;-0.00357;0.00316;0
MAGN;27.378;5547.193;-21.95625;45.05625;-24.93750;0
ACCE;27.385;5547.200;0.23505;-0.38895;9.72600;0
AHRS;27.386;5547.200;-2.7143;-0.8938;-26.1999;-0.02483;-0.00223;-0.22640;3
GYRO;27.386;5547.200;0.07508;-0.09116;0.00660;0
MAGN;27.387;5547.203;-21.95625;45.07500;-24.91875;0
GYRO;27.393;5547.208;0.08030;-0.13544;0.09914;0
LIGH;27.394;5547.209;0.0;3
MAGN;27.398;5547.213;-21.95625;45.09375;-24.91875;0
ACCE;27.398;5547.215;0.25395;-0.46605;9.82200;0
AHRS;27.408;5547.223;-2.7143;-0.8938;-26.1999;-0.02483;-0.00223;-0.22640;3
GYRO;27.408;5547.223;0.07824;-0.16555;0.11729;0
MAGN;27.410;5547.223;-21.95625;45.09375;-24.90000;0
SOUN;27.410;24.96;0.00076;31.62
ACCE;27.416;5547.231;0.29295;-0.56100;9.95595;0
GYRO;27.417;5547.231;0.00674;-0.21065;0.13942;0
MAGN;27.419;5547.233;-21.95625;45.11250;-24.88125;0
AHRS;27.427;5547.239;-2.7143;-0.8938;-26.1999;-0.02483;-0.00223;-0.22640;3
GYRO;27.427;5547.239;0.00522;-0.24076;0.14891;0
MAGN;27.428;5547.243;-21.97500;45.11250;-24.88125;0
ACCE;27.432;5547.247;0.19695;-0.54195;10.09005;0
GYRO;27.432;5547.247;0.00385;-0.25369;0.14603;0
MAGN;27.439;5547.253;-21.95625;45.13125;-24.82500;0
ACCE;27.449;5547.263;0.08205;-0.46605;10.09005;0
AHRS;27.449;5547.263;-2.7143;-0.8938;-26.1999;-0.02483;-0.00223;-0.22640;3
GYRO;27.450;5547.263;0.00302;-0.24255;0.13695;0
MAGN;27.451;5547.263;-21.95625;45.16875;-24.78750;0
GYRO;27.455;5547.271;0.00234;-0.21917;0.13090;0
MAGN;27.458;5547.273;-21.95625;45.20625;-24.76875;0
ACCE;27.465;5547.279;0.00600;-0.50400;10.14705;0
AHRS;27.465;5547.279;-2.7143;-0.8938;-26.1999;-0.02483;-0.00223;-0.22640;3
GYRO;27.466;5547.279;0.00096;-0.18714;0.11357;0
MAGN;27.466;5547.283;-21.93750;45.20625;-24.73125;0
GYRO;27.471;5547.287;-0.00096;-0.15139;0.09969;0
MAGN;27.478;5547.293;-21.93750;45.22500;-24.69375;0
ACCE;27.479;5547.294;0.08205;-0.56100;10.03200;0
AHRS;27.479;5547.294;-2.7143;-0.8938;-26.1999;-0.02483;-0.00223;-0.22640;3
GYRO;27.479;5547.294;-0.00316;-0.11096;0.00839;0
GYRO;27.487;5547.302;-0.00495;-0.00687;0.00591;0
MAGN;27.488;5547.303;-21.91875;45.24375;-24.69375;0
ACCE;27.495;5547.310;0.06300;-0.58095;9.95595;0
AHRS;27.496;5547.310;-2.7143;-0.8938;-26.1999;-0.02483;-0.00223;-0.22640;3
GYRO;27.497;5547.310;-0.00605;-0.00399;0.00481;0
MAGN;27.498;5547.312;-21.90000;45.22500;-24.71250;0
GYRO;27.502;5547.318;-0.00687;0.00055;0.00302;0
MAGN;27.509;5547.323;-21.88125;45.24375;-24.69375;0
ACCE;27.509;5547.326;0.04395;-0.54195;9.89805;0
MAGN;27.518;5547.333;-21.86250;45.30000;-24.67500;0
AHRS;27.519;5547.334;-2.7143;-0.8938;-26.1999;-0.02483;-0.00223;-0.22640;3
GYRO;27.520;5547.334;-0.00605;0.00454;0.00137;0
ACCE;27.526;5547.342;0.06300;-0.50400;9.89805;0
MAGN;27.528;5547.343;-21.86250;45.33750;-24.69375;0
GYRO;27.534;5547.350;-0.00522;0.07686;-0.00055;0
MAGN;27.538;5547.353;-21.88125;45.37500;-24.69375;0
ACCE;27.542;5547.357;0.06300;-0.48495;9.91695;0
AHRS;27.543;5547.357;-2.7143;-0.8938;-26.1999;-0.02483;-0.00223;-0.22640;3
GYRO;27.545;5547.357;-0.00536;0.09446;-0.00137;0
MAGN;27.548;5547.363;-21.88125;45.41250;-24.67500;0
LIGH;27.554;5547.370;0.0;3
ACCE;27.559;5547.373;0.06300;-0.44595;9.91695;0
GYRO;27.560;5547.373;-0.00509;0.09928;-0.00179;0
MAGN;27.560;5547.373;-21.88125;45.45000;-24.65625;0
AHRS;27.566;5547.381;-2.7143;-0.8938;-26.1999;-0.02483;-0.00223;-0.22640;3
GYRO;27.567;5547.381;-0.00399;0.10656;-0.00179;0
MAGN;27.568;5547.383;-21.90000;45.46875;-24.65625;0
ACCE;27.577;5547.389;0.12000;-0.44595;9.84105;0
GYRO;27.577;5547.389;-0.00261;0.10752;-0.00165;0
MAGN;27.578;5547.393;-21.88125;45.46875;-24.63750;0
AHRS;27.581;5547.397;-2.7143;-0.8938;-26.1999;-0.02483;-0.00223;-0.22640;3
GYRO;27.582;5547.397;-0.00137;0.10051;-0.00165;0
MAGN;27.588;5547.403;-21.88125;45.46875;-24.61875;0
ACCE;27.591;5547.404;0.21600;-0.48495;9.74505;0
GYRO;27.592;5547.404;-0.00082;0.07824;-0.00124;0
AHRS;27.597;5547.413;-2.7143;-0.8938;-26.1999;-0.02483;-0.00223;-0.22640;3
GYRO;27.599;5547.413;0.00000;0.00495;-0.00055;0
MAGN;27.599;5547.413;-21.86250;45.48750;-24.63750;0
ACCE;27.605;5547.420;0.21600;-0.46605;9.72600;0
GYRO;27.609;5547.420;0.00151;0.00192;0.00014;0
MAGN;27.612;5547.423;-21.86250;45.50625;-24.65625;0
AHRS;27.613;5547.428;-2.7143;-0.8938;-26.1999;-0.02483;-0.00223;-0.22640;3
GYRO;27.614;5547.428;0.00261;0.00000;0.00082;0
MAGN;27.618;5547.433;-21.84375;45.52500;-24.63750;0
ACCE;27.621;5547.436;0.17805;-0.42705;9.66795;0
GYRO;27.625;5547.436;0.00399;-0.00165;0.00261;0
MAGN;27.628;5547.443;-21.84375;45.54375;-24.63750;0
AHRS;27.628;5547.444;-2.7143;-0.8938;-26.1999;-0.02483;-0.00223;-0.22640;3
GYRO;27.629;5547.444;0.00536;-0.00357;0.00426;0
ACCE;27.637;5547.452;0.06300;-0.44595;9.85995;0
GYRO;27.637;5547.452;0.00619;-0.00467;0.00495;0
MAGN;27.638;5547.453;-21.84375;45.54375;-24.63750;0
AHRS;27.644;5547.460;-2.7143;-0.8938;-26.1999;-0.02483;-0.00223;-0.22640;3
GYRO;27.645;5547.460;0.00591;-0.00646;0.00577;0
MAGN;27.648;5547.463;-21.84375;45.54375;-24.61875;0
ACCE;27.652;5547.468;0.04395;-0.50400;10.12800;0
GYRO;27.653;5547.468;0.00509;-0.07356;0.00605;0
MAGN;27.659;5547.473;-21.82500;45.56250;-24.60000;0
ACCE;27.668;5547.483;0.04395;-0.56100;10.20405;0
AHRS;27.668;5547.483;-2.7143;-0.8938;-26.1999;-0.02483;-0.00223;-0.22640;3
GYRO;27.670;5547.483;0.00412;-0.07397;0.00605;0
MAGN;27.671;5547.483;-21.80625;45.56250;-24.56250;0
GYRO;27.677;5547.491;0.00412;-0.00577;0.00577;0
MAGN;27.678;5547.493;-21.80625;45.56250;-24.54375;0
ACCE;27.683;5547.499;0.00600;-0.50400;10.14705;0
AHRS;27.685;5547.499;-2.7143;-0.8938;-26.1999;-0.02483;-0.00223;-0.22640;3
GYRO;27.686;5547.499;0.00385;-0.00344;0.00440;0
MAGN;27.686;5547.503;-21.80625;45.58125;-24.54375;0
GYRO;27.691;5547.507;0.00316;-0.00041;0.00247;0
MAGN;27.699;5547.513;-21.80625;45.58125;-24.52500;0
ACCE;27.700;5547.514;-0.05100;-0.46605;9.97500;0
AHRS;27.708;5547.523;-2.8307;-0.5183;-25.9753;-0.02508;0.00114;-0.22456;3
GYRO;27.708;5547.523;0.00247;0.00165;0.00124;0
MAGN;27.710;5547.523;-21.80625;45.60000;-24.52500;0
LIGH;27.715;5547.530;0.0;3
ACCE;27.716;5547.530;0.00600;-0.48495;9.93600;0
MAGN;27.719;5547.533;-21.82500;45.58125;-24.52500;0
GYRO;27.723;5547.539;0.00110;0.00330;-0.00055;0
MAGN;27.730;5547.543;-21.82500;45.58125;-24.50625;0
ACCE;27.731;5547.546;0.02505;-0.54195;9.89805;0
MAGN;27.739;5547.553;-21.82500;45.60000;-24.50625;0
AHRS;27.740;5547.554;-2.8307;-0.5184;-25.9753;-0.02508;0.00114;-0.22456;3
GYRO;27.742;5547.554;-0.00014;0.00440;-0.00179;0
ACCE;27.749;5547.562;0.08205;-0.52305;9.85995;0
GYRO;27.750;5547.562;-0.00165;0.00577;-0.00344;0
MAGN;27.751;5547.563;-21.82500;45.60000;-24.48750;0
AHRS;27.754;5547.570;-2.8307;-0.5184;-25.9753;-0.02508;0.00114;-0.22456;3
GYRO;27.756;5547.570;-0.00289;0.00701;-0.00399;0
MAGN;27.757;5547.573;-21.82500;45.61875;-24.46875;0
ACCE;27.763;5547.578;0.10095;-0.46605;9.82200;0
GYRO;27.764;5547.578;-0.00302;0.07397;-0.00357;0
MAGN;27.768;5547.583;-21.80625;45.63750;-24.46875;0
ACCE;27.778;5547.593;0.08205;-0.40800;9.80205;0
AHRS;27.780;5547.593;-2.8307;-0.5184;-25.9753;-0.02508;0.00114;-0.22456;3
GYRO;27.781;5547.593;-0.00261;0.07728;-0.00357;0
MAGN;27.783;5547.593;-21.80625;45.63750;-24.48750;0
GYRO;27.787;5547.602;-0.00179;0.07837;-0.00344;0
MAGN;27.788;5547.603;-21.84375;45.63750;-24.48750;0
ACCE;27.794;5547.610;0.04395;-0.33195;9.84105;0
AHRS;27.794;5547.610;-2.8307;-0.5184;-25.9753;-0.02508;0.00114;-0.22456;3
GYRO;27.796;5547.610;-0.00041;0.07466;-0.00316;0
MAGN;27.796;5547.612;-21.86250;45.65625;-24.48750;0
GYRO;27.802;5547.617;0.00137;0.00646;-0.00206;0
MAGN;27.809;5547.623;-21.90000;45.65625;-24.50625;0
ACCE;27.809;5547.624;0.04395;-0.31200;9.84105;0
AHRS;27.818;5547.633;-2.8307;-0.5183;-25.9753;-0.02508;0.00114;-0.22456;3
GYRO;27.819;5547.633;0.00192;0.00577;-0.00151;0
MAGN;27.820;5547.633;-21.91875;45.63750;-24.52500;0
ACCE;27.826;5547.640;0.12000;-0.42705;9.95595;0
MAGN;27.828;5547.643;-21.91875;45.63750;-24.52500;0
GYRO;27.833;5547.649;0.00247;0.00467;-0.00096;0
MAGN;27.838;5547.653;-21.91875;45.63750;-24.48750;0
ACCE;27.841;5547.657;0.17805;-0.50400;10.03200;0
AHRS;27.846;5547.657;-2.8307;-0.5183;-25.9753;-0.02508;0.00114;-0.22456;3
GYRO;27.847;5547.657;0.00302;0.00275;-0.00124;0
MAGN;27.848;5547.663;-21.93750;45.63750;-24.50625;0
GYRO;27.851;5547.665;0.00330;0.00041;-0.00096;0
ACCE;27.857;5547.673;0.00600;-0.46605;9.91695;0
AHRS;27.858;5547.673;-2.8307;-0.5183;-25.9753;-0.02508;0.00114;-0.22456;3
GYRO;27.861;5547.673;0.00385;-0.00124;-0.00069;0
MAGN;27.863;5547.673;-21.91875;45.63750;-24.50625;0
GYRO;27.865;5547.680;0.00412;-0.00179;-0.00027;0
MAGN;27.868;5547.683;-21.88125;45.65625;-24.50625;0
ACCE;27.874;5547.688;-0.07005;-0.38895;9.82200;0
AHRS;27.875;5547.688;-2.8307;-0.5183;-25.9753;-0.02508;0.00114;-0.22456;3
GYRO;27.875;5547.688;0.00509;-0.00137;-0.00041;0
LIGH;27.876;5547.689;0.0;3
MAGN;27.877;5547.693;-21.88125;45.67500;-24.52500;0
GYRO;27.880;5547.696;0.00577;-0.00082;-0.00069;0
MAGN;27.890;5547.703;-21.88125;45.69375;-24.54375;0
ACCE;27.890;5547.704;-0.03195;-0.42705;9.80205;0
AHRS;27.891;5547.704;-2.8307;-0.5183;-25.9753;-0.02508;0.00114;-0.22456;3
GYRO;27.891;5547.704;0.00550;-0.00000;-0.00069;0
GYRO;27.897;5547.712;0.00467;0.00069;-0.00082;0
MAGN;27.897;5547.713;-21.88125;45.67500;-24.56250;0
ACCE;27.904;5547.720;0.02505;-0.48495;9.84105;0
AHRS;27.905;5547.720;-2.8307;-0.5183;-25.9753;-0.02508;0.00114;-0.22456;3
GYRO;27.906;5547.720;0.00399;0.00137;-0.00124;0
MAGN;27.906;5547.722;-21.88125;45.67500;-24.54375;0
SOUN;27.911;19.97;0.00061;29.68
GYRO;27.915;5547.728;0.00275;0.00234;-0.00137;0
MAGN;27.919;5547.733;-21.90000;45.67500;-24.52500;0
ACCE;27.920;5547.735;0.04395;-0.50400;9.89805;0
AHRS;27.929;5547.743;-2.8307;-0.5183;-25.9753;-0.02508;0.00114;-0.22456;3
GYRO;27.929;5547.743;0.00220;0.00357;-0.00124;0
MAGN;27.930;5547.743;-21.91875;45.67500;-24.52500;0
ACCE;27.936;5547.751;0.00600;-0.40800;9.99405;0
GYRO;27.937;5547.751;0.00179;0.00495;-0.00124;0
MAGN;27.938;5547.753;-21.93750;45.65625;-24.52500;0
AHRS;27.944;5547.759;-2.8307;-0.5183;-25.9753;-0.02508;0.00114;-0.22456;3
GYRO;27.945;5547.759;0.00096;0.00619;-0.00206;0
MAGN;27.948;5547.763;-21.93750;45.63750;-24.56250;0
ACCE;27.952;5547.767;0.02505;-0.35100;10.09005;0
GYRO;27.952;5547.767;0.00110;0.00619;-0.00344;0
MAGN;27.959;5547.773;-21.93750;45.61875;-24.58125;0
ACCE;27.968;5547.783;0.04395;-0.42705;10.06995;0
AHRS;27.969;5547.783;-2.8307;-0.5184;-25.9753;-0.02508;0.00114;-0.22456;3
GYRO;27.970;5547.783;0.00027;0.00577;-0.00399;0
MAGN;27.971;5547.783;-21.93750;45.61875;-24.61875;0
GYRO;27.975;5547.791;-0.00041;0.00591;-0.00440;0
MAGN;27.978;5547.793;-21.93750;45.61875;-24.61875;0
ACCE;27.983;5547.799;0.12000;-0.46605;10.01295;0
AHRS;27.984;5547.799;-2.8307;-0.5184;-25.9753;-0.02508;0.00114;-0.22456;3
GYRO;27.985;5547.799;-0.00096;0.00481;-0.00357;0
MAGN;27.990;5547.803;-21.93750;45.58125;-24.63750;0
MAGN;27.999;5547.813;-21.93750;45.58125;-24.65625;0
ACCE;27.999;5547.814;0.15900;-0.46605;9.89805;0
GYRO;27.999;5547.814;-0.00124;0.00330;-0.00289;0
AHRS;28.007;5547.822;-2.8307;-0.5184;-25.9753;-0.02508;0.00114;-0.22456;3
GYRO;28.007;5547.822;-0.00110;0.00137;-0.00220;0
MAGN;28.008;5547.823;-21.95625;45.58125;-24.71250;0
ACCE;28.014;5547.830;0.10095;-0.35100;9.74505;0
GYRO;28.015;5547.830;0.00014;-0.00069;-0.00124;0
MAGN;28.016;5547.833;-21.93750;45.60000;-24.75000;0
AHRS;28.022;5547.838;-2.8307;-0.5184;-25.9753;-0.02508;0.00114;-0.22456;3
GYRO;28.024;5547.838;0.00082;-0.00192;-0.00000;0
MAGN;28.028;5547.843;-21.93750;45.61875;-24.73125;0
ACCE;28.029;5547.845;0.08205;-0.35100;9.68700;0
LIGH;28.034;5547.850;0.0;3
GYRO;28.037;5547.853;0.00151;-0.00289;0.00096;0
MAGN;28.039;5547.853;-21.93750;45.61875;-24.73125;0
ACCE;28.047;5547.862;0.10095;-0.42705;9.76395;0
AHRS;28.048;5547.862;-2.8307;-0.5184;-25.9753;-0.02508;0.00114;-0.22456;3
GYRO;28.050;5547.862;0.00234;-0.00454;0.00247;0
MAGN;28.051;5547.863;-21.93750;45.61875;-24.76875;0
GYRO;28.054;5547.869;0.00247;-0.00605;0.00371;0
MAGN;28.059;5547.873;-21.91875;45.63750;-24.78750;0
ACCE;28.062;5547.877;0.15900;-0.44595;9.85995;0
AHRS;28.064;5547.877;-2.8307;-0.5184;-25.9753;-0.02508;0.00114;-0.22456;3
GYRO;28.074;5547.877;0.00289;-0.07714;0.00509;0
MAGN;28.075;5547.883;-21.93750;45.61875;-24.76875;0
ACCE;28.077;5547.893;0.04395;-0.44595;9.89805;0
GYRO;28.078;5547.893;0.00247;-0.08704;0.00550;0
MAGN;28.079;5547.893;-21.93750;45.60000;-24.75000;0
AHRS;28.085;5547.901;-2.8307;-0.5184;-25.9753;-0.02508;0.00114;-0.22456;3
GYRO;28.086;5547.901;0.00192;-0.08841;0.00440;0
MAGN;28.086;5547.903;-21.93750;45.60000;-24.71250;0
ACCE;28.093;5547.909;-0.01305;-0.37005;9.85995;0
GYRO;28.097;5547.909;0.00206;-0.08319;0.00357;0
MAGN;28.098;5547.913;-21.91875;45.58125;-24.69375;0
AHRS;28.101;5547.917;-2.8307;-0.5184;-25.9753;-0.02508;0.00114;-0.22456;3
GYRO;28.102;5547.917;0.00179;-0.00646;0.00234;0
MAGN;28.108;5547.923;-21.91875;45.60000;-24.69375;0
ACCE;28.109;5547.924;-0.05100;-0.33195;9.87900;0
GYRO;28.110;5547.924;0.00234;-0.00412;0.00206;0
AHRS;28.117;5547.932;-2.8307;-0.5184;-25.9753;-0.02508;0.00114;-0.22456;3
GYRO;28.120;5547.932;0.00275;-0.00206;0.00096;0
MAGN;28.121;5547.933;-21.91875;45.61875;-24.71250;0
ACCE;28.124;5547.940;-0.03195;-0.44595;9.95595;0
GYRO;28.126;5547.940;0.00275;0.00000;0.00027;0
MAGN;28.127;5547.943;-21.90000;45.61875;-24.71250;0
AHRS;28.132;5547.948;-2.8307;-0.5184;-25.9753;-0.02508;0.00114;-0.22456;3
GYRO;28.133;5547.948;0.00234;0.00247;-0.00041;0
MAGN;28.140;5547.953;-21.88125;45.61875;-24.73125;0
ACCE;28.141;5547.955;0.02505;-0.50400;9.99405;0
MAGN;28.148;5547.963;-21.86250;45.61875;-24.78750;0
GYRO;28.149;5547.964;0.00151;0.00399;-0.00069;0
ACCE;28.157;5547.972;0.02505;-0.46605;9.84105;0
AHRS;28.157;5547.972;-2.8307;-0.5184;-25.9753;-0.02508;0.00114;-0.22456;3
GYRO;28.158;5547.972;-0.00014;0.00591;-0.00124;0
MAGN;28.160;5547.973;-21.86250;45.61875;-24.80625;0
GYRO;28.164;5547.980;-0.00055;0.00687;-0.00179;0
MAGN;28.168;5547.983;-21.88125;45.61875;-24.84375;0
ACCE;28.172;5547.988;-0.07005;-0.37005;9.70695;0
AHRS;28.173;5547.988;-2.8307;-0.5184;-25.9753;-0.02508;0.00114;-0.22456;3
GYRO;28.174;5547.988;-0.00014;0.08676;-0.00206;0
MAGN;28.178;5547.993;-21.88125;45.61875;-24.84375;0
ACCE;28.188;5548.003;-0.10800;-0.25500;9.78300;0
GYRO;28.189;5548.003;0.00041;0.09763;-0.00165;0
MAGN;28.190;5548.003;-21.88125;45.61875;-24.82500;0
LIGH;28.194;5548.010;0.0;3
AHRS;28.196;5548.011;-2.8305;-0.5184;-25.9753;-0.02508;0.00114;-0.22456;3
GYRO;28.196;5548.011;0.00234;0.11316;-0.00124;0
MAGN;28.197;5548.013;-21.90000;45.61875;-24.78750;0
ACCE;28.206;5548.019;-0.05100;-0.25500;10.05105;0
GYRO;28.206;5548.019;0.00302;0.12169;-0.00165;0
MAGN;28.208;5548.023;-21.90000;45.61875;-24.80625;0
AHRS;28.225;5548.027;-2.8305;-0.5184;-25.9753;-0.02508;0.00114;-0.22456;3
GYRO;28.225;5548.027;0.00371;0.11701;-0.00179;0
MAGN;28.225;5548.033;-21.91875;45.61875;-24.84375;0
ACCE;28.226;5548.035;0.06300;-0.35100;10.20405;0
GNSS;28.226;1745934494.000;24.926173;121.252892;194.100;288.010;4.2;0.0;47;10
GYRO;28.228;5548.043;0.00371;0.10051;-0.00151;0
MAGN;28.228;5548.043;-21.91875;45.61875;-24.86250;0
GNSS;28.228;1745934494.000;24.926173;121.252892;194.100;288.010;4.2;0.0;47;10
ACCE;28.235;5548.051;0.12000;-0.44595;10.10895;0
AHRS;28.243;5548.051;-2.8305;-0.5184;-25.9753;-0.02508;0.00114;-0.22456;3
GYRO;28.244;5548.051;0.00330;0.07411;-0.00165;0
MAGN;28.244;5548.053;-21.91875;45.61875;-24.88125;0
GYRO;28.244;5548.059;0.00289;0.00591;-0.00206;0
GNSS;28.244;1745934493.132;24.926173;121.252892;194.900;0.000;4.3;0.0;47;10
MAGN;28.248;5548.063;-21.91875;45.63750;-24.90000;0
ACCE;28.251;5548.066;0.06300;-0.42705;9.89805;0
AHRS;28.252;5548.066;-2.8305;-0.5184;-25.9753;-0.02508;0.00114;-0.22456;3
GYRO;28.253;5548.066;0.00316;0.00426;-0.00275;0
MAGN;28.259;5548.073;-21.90000;45.67500;-24.91875;0
GYRO;28.259;5548.074;0.00316;0.00247;-0.00165;0
ACCE;28.267;5548.082;-0.01305;-0.37005;9.74505;0
AHRS;28.268;5548.082;-2.8305;-0.5184;-25.9753;-0.02508;0.00114;-0.22456;3
GYRO;28.268;5548.082;0.00357;0.00055;-0.00014;0
MAGN;28.269;5548.083;-21.90000;45.67500;-24.91875;0
GYRO;28.274;5548.090;0.00399;-0.00041;0.00069;0
MAGN;28.278;5548.093;-21.91875;45.71250;-24.91875;0
ACCE;28.283;5548.098;-0.03195;-0.35100;9.76395;0
AHRS;28.283;5548.098;-2.8305;-0.5184;-25.9753;-0.02508;0.00114;-0.22456;3
GYRO;28.285;5548.098;0.00385;-0.00206;0.00179;0
MAGN;28.288;5548.103;-21.91875;45.71250;-24.93750;0
ACCE;28.298;5548.113;-0.03195;-0.40800;9.91695;0
GYRO;28.298;5548.113;0.00247;-0.00344;0.00165;0
MAGN;28.298;5548.113;-21.93750;45.71250;-24.91875;0
AHRS;28.307;5548.122;-2.8305;-0.5184;-25.9753;-0.02508;0.00114;-0.22456;3
GYRO;28.307;5548.122;0.00137;-0.00385;0.00096;0
MAGN;28.308;5548.123;-21.93750;45.71250;-24.88125;0
ACCE;28.314;5548.129;-0.03195;-0.42705;10.05105;0
GYRO;28.314;5548.129;0.00082;-0.00385;0.00055;0
MAGN;28.318;5548.133;-21.93750;45.73125;-24.84375;0
AHRS;28.322;5548.137;-2.8305;-0.5184;-25.9753;-0.02508;0.00114;-0.22456;3
GYRO;28.323;5548.137;-0.00027;-0.00357;0.00069;0
MAGN;28.328;5548.143;-21.93750;45.73125;-24.84375;0
ACCE;28.329;5548.144;0.00600;-0.44595;10.01295;0
GYRO;28.338;5548.153;-0.00069;-0.00275;0.00069;0
MAGN;28.339;5548.153;-21.91875;45.71250;-24.88125;0
ACCE;28.346;5548.161;0.04395;-0.50400;10.05105;0
AHRS;28.352;5548.161;-2.8305;-0.5184;-25.9753;-0.02508;0.00114;-0.22456;3
GYRO;28.353;5548.161;-0.00206;-0.00247;0.00096;0
MAGN;28.354;5548.163;-21.91875;45.71250;-24.90000;0
LIGH;28.358;5548.169;0.0;3
GYRO;28.359;5548.169;-0.00357;-0.00220;0.00055;0
MAGN;28.359;5548.173;-21.93750;45.69375;-24.93750;0
ACCE;28.361;5548.177;0.04395;-0.52305;10.03200;0
MAGN;28.372;5548.183;-21.93750;45.69375;-24.99375;0
AHRS;28.373;5548.184;-2.8305;-0.5184;-25.9753;-0.02508;0.00114;-0.22456;3
GYRO;28.378;5548.184;-0.00454;-0.00165;-0.00069;0
ACCE;28.381;5548.192;0.02505;-0.46605;9.80205;0
GYRO;28.382;5548.192;-0.00591;-0.00082;-0.00234;0
MAGN;28.382;5548.193;-21.93750;45.71250;-25.01250;0
AHRS;28.384;5548.200;-2.8305;-0.5184;-25.9753;-0.02508;0.00114;-0.22456;3
GYRO;28.388;5548.200;-0.07274;-0.00027;-0.00357;0
MAGN;28.388;5548.203;-21.95625;45.73125;-25.05000;0
ACCE;28.392;5548.208;-0.01305;-0.38895;9.70695;0
GYRO;28.395;5548.208;-0.07274;0.00014;-0.00371;0
MAGN;28.398;5548.213;-21.95625;45.75000;-25.06875;0
AHRS;28.400;5548.216;-2.8305;-0.5184;-25.9753;-0.02508;0.00114;-0.22456;3
GYRO;28.404;5548.216;-0.07054;0.00069;-0.00302;0
MAGN;28.408;5548.223;-21.95625;45.75000;-25.03125;0
ACCE;28.409;5548.224;-0.01305;-0.33195;9.70695;0
GYRO;28.409;5548.224;-0.00632;0.00096;-0.00247;0
SOUN;28.413;17.14;0.00052;28.35
AHRS;28.417;5548.232;-2.8305;-0.5184;-25.9753;-0.02508;0.00114;-0.22456;3
GYRO;28.420;5548.232;-0.00481;0.00179;-0.00234;0
MAGN;28.421;5548.233;-21.97500;45.75000;-25.05000;0
ACCE;28.424;5548.240;0.06300;-0.38895;9.78300;0
GYRO;28.425;5548.240;-0.00412;0.00124;-0.00165;0
MAGN;28.428;5548.243;-21.99375;45.76875;-25.06875;0
AHRS;28.432;5548.248;-2.8305;-0.5184;-25.9753;-0.02508;0.00114;-0.22456;3
GYRO;28.433;5548.248;-0.00220;0.00110;-0.00110;0
MAGN;28.438;5548.253;-22.01250;45.75000;-25.05000;0
ACCE;28.439;5548.255;0.12000;-0.40800;9.85995;0
GYRO;28.449;5548.263;-0.00041;0.00096;-0.00137;0
MAGN;28.449;5548.263;-22.05000;45.75000;-25.01250;0
ACCE;28.456;5548.271;0.12000;-0.40800;9.93600;0
AHRS;28.457;5548.271;-2.8305;-0.5184;-25.9753;-0.02508;0.00114;-0.22456;3
GYRO;28.457;5548.271;0.00027;-0.00055;-0.00124;0
MAGN;28.458;5548.273;-22.06875;45.75000;-25.01250;0
GYRO;28.463;5548.279;0.00110;-0.00220;-0.00069;0
MAGN;28.468;5548.283;-22.10625;45.75000;-25.01250;0
ACCE;28.471;5548.287;0.02505;-0.37005;10.01295;0
AHRS;28.473;5548.287;-2.8305;-0.5184;-25.9753;-0.02508;0.00114;-0.22456;3
GYRO;28.474;5548.287;0.00220;-0.00344;-0.00110;0
MAGN;28.478;5548.293;-22.12500;45.73125;-25.01250;0
GYRO;28.479;5548.295;0.00316;-0.00371;-0.00124;0
ACCE;28.489;5548.303;-0.01305;-0.35100;10.01295;0
AHRS;28.490;5548.303;-2.8305;-0.5184;-25.9753;-0.02508;0.00114;-0.22456;3
GYRO;28.492;5548.303;0.00426;-0.00385;-0.00124;0
MAGN;28.492;5548.303;-22.14375;45.73125;-25.01250;0
GYRO;28.495;5548.311;0.00467;-0.00316;-0.00220;0
MAGN;28.498;5548.313;-22.14375;45.73125;-25.01250;0
ACCE;28.503;5548.318;0.00600;-0.50400;10.10895;0
AHRS;28.504;5548.318;-2.3465;-0.1550;-26.3039;-0.02025;0.00334;-0.22746;3
GYRO;28.505;5548.318;0.00454;-0.00289;-0.00316;0
MAGN;28.508;5548.323;-22.14375;45.75000;-25.01250;0
GYRO;28.511;5548.326;0.00385;-0.00261;-0.00357;0
LIGH;28.514;5548.330;0.0;3
MAGN;28.518;5548.333;-22.14375;45.76875;-24.99375;0
ACCE;28.519;5548.334;0.06300;-0.54195;10.06995;0
AHRS;28.520;5548.334;-2.3465;-0.1550;-26.3039;-0.02025;0.00334;-0.22746;3
GYRO;28.521;5548.334;0.00289;-0.00220;-0.00399;0
GYRO;28.527;5548.342;0.00151;-0.00165;-0.00440;0
MAGN;28.528;5548.343;-22.14375;45.78750;-24.99375;0
ACCE;28.540;5548.350;-0.10800;-0.48495;9.84105;0
AHRS;28.540;5548.350;-2.3465;-0.1550;-26.3039;-0.02025;0.00334;-0.22746;3
GYRO;28.541;5548.350;0.00014;0.00041;-0.00399;0
MAGN;28.541;5548.353;-22.12500;45.80625;-25.01250;0
GYRO;28.542;5548.358;-0.00096;0.00247;-0.00385;0
MAGN;28.549;5548.363;-22.12500;45.80625;-24.99375;0
ACCE;28.549;5548.365;-0.12795;-0.42705;9.61095;0
AHRS;28.558;5548.373;-2.3465;-0.1550;-26.3039;-0.02025;0.00334;-0.22746;3
GYRO;28.559;5548.373;-0.00234;0.00330;-0.00316;0
MAGN;28.560;5548.373;-22.14375;45.80625;-24.97500;0
ACCE;28.567;5548.381;-0.03195;-0.50400;9.63000;0
GYRO;28.567;5548.381;-0.00426;0.00385;-0.00316;0
MAGN;28.569;5548.383;-22.14375;45.78750;-24.97500;0
AHRS;28.574;5548.389;-2.3465;-0.1550;-26.3039;-0.02025;0.00334;-0.22746;3
GYRO;28.574;5548.389;-0.07370;0.00440;-0.00371;0
MAGN;28.578;5548.393;-22.12500;45.76875;-24.95625;0
ACCE;28.582;5548.397;0.06300;-0.60000;9.70695;0
GYRO;28.583;5548.397;-0.09790;0.00426;-0.00330;0
MAGN;28.588;5548.403;-22.12500;45.76875;-24.95625;0
ACCE;28.598;5548.413;0.08205;-0.58095;9.87900;0
AHRS;28.600;5548.413;-2.3465;-0.1550;-26.3039;-0.02025;0.00334;-0.22746;3
GYRO;28.600;5548.413;-0.10409;0.00399;-0.00261;0
MAGN;28.601;5548.413;-22.10625;45.80625;-24.97500;0
GYRO;28.606;5548.421;-0.10546;0.00454;-0.00247;0
MAGN;28.606;5548.423;-22.10625;45.82500;-24.95625;0
ACCE;28.613;5548.429;-0.01305;-0.42705;10.01295;0
AHRS;28.614;5548.429;-2.3465;-0.1550;-26.3039;-0.02025;0.00334;-0.22746;3
GYRO;28.615;5548.429;-0.10037;0.00522;-0.00220;0
MAGN;28.621;5548.433;-22.12500;45.82500;-24.99375;0
GYRO;28.622;5548.437;-0.08814;0.00605;-0.00124;0
MAGN;28.629;5548.443;-22.12500;45.84375;-25.01250;0
ACCE;28.629;5548.445;-0.10800;-0.31200;10.05105;0
AHRS;28.629;5548.445;-2.3465;-0.1550;-26.3039;-0.02025;0.00334;-0.22746;3
GYRO;28.632;5548.445;-0.00660;0.00591;-0.00055;0
GYRO;28.638;5548.452;-0.00426;0.00536;0.00014;0
MAGN;28.638;5548.453;-22.14375;45.86250;-24.99375;0
ACCE;28.645;5548.460;-0.01305;-0.35100;10.03200;0
AHRS;28.646;5548.460;-2.3465;-0.1550;-26.3039;-0.02025;0.00334;-0.22746;3
GYRO;28.646;5548.460;-0.00220;0.00509;0.00137;0
MAGN;28.647;5548.463;-22.18125;45.86250;-24.99375;0
GYRO;28.652;5548.468;-0.00055;0.00412;0.00275;0
MAGN;28.658;5548.473;-22.18125;45.84375;-24.99375;0
ACCE;28.661;5548.476;0.12000;-0.40800;9.87900;0
AHRS;28.661;5548.476;-2.3465;-0.1550;-26.3039;-0.02025;0.00334;-0.22746;3
GYRO;28.663;5548.476;0.00206;0.00192;0.00454;0
MAGN;28.668;5548.483;-22.18125;45.84375;-24.93750;0
GYRO;28.669;5548.485;0.00399;-0.00041;0.00632;0
LIGH;28.674;5548.490;0.0;3
ACCE;28.676;5548.492;0.10095;-0.44595;9.76395;0
MAGN;28.677;5548.493;-22.16250;45.88125;-24.88125;0
AHRS;28.684;5548.500;-2.3465;-0.1550;-26.3039;-0.02025;0.00334;-0.22746;3
GYRO;28.685;5548.500;0.00467;-0.00151;0.00715;0
MAGN;28.688;5548.503;-22.18125;45.91875;-24.90000;0
ACCE;28.692;5548.508;0.02505;-0.42705;9.74505;0
GYRO;28.693;5548.508;0.00605;-0.00247;0.00770;0
MAGN;28.699;5548.513;-22.18125;45.90000;-24.93750;0
ACCE;28.716;5548.523;-0.03195;-0.44595;9.85995;0
AHRS;28.717;5548.523;-2.3465;-0.1550;-26.3039;-0.02025;0.00334;-0.22746;3
GYRO;28.719;5548.523;0.07026;-0.00261;0.00729;0
MAGN;28.720;5548.523;-22.18125;45.91875;-24.93750;0
GYRO;28.722;5548.531;0.08401;-0.00289;0.00660;0
MAGN;28.723;5548.533;-22.18125;45.91875;-24.91875;0
ACCE;28.724;5548.539;-0.07005;-0.44595;9.95595;0
AHRS;28.724;5548.539;-2.3465;-0.1550;-26.3039;-0.02025;0.00334;-0.22746;3
GYRO;28.725;5548.539;0.08814;-0.00220;0.00509;0
MAGN;28.726;5548.543;-22.20000;45.91875;-24.91875;0
WIFI;28.727;5546.551;Tenda_519C30;e8:65:d4:51:9c:31;-80
WIFI;28.727;5546.551;12;20:6a:94:b3:ec:6e;-78
WIFI;28.727;5546.551;All money go my home;c2:25:2f:7c:70:23;-94
WIFI;28.727;5546.551;Tenda_8CC950;d8:32:14:8c:c9:51;-78
WIFI;28.727;5546.551;Fang;dc:62:79:cb:0e:9b;-77
WIFI;28.727;5546.551;Tenda_8CC950_5G;d8:32:14:8c:c9:55;-84
WIFI;28.727;5546.551;CHENS-7011;78:44:76:dd:9d:2c;-77
WIFI;28.727;5546.551;jsl;10:be:f5:09:24:89;-86
WIFI;28.727;5546.551;笨笨龍;04:09:86:27:19:3a;-86
WIFI;28.727;5546.551;;ce:d8:43:c7:7d:42;-46
WIFI;28.727;5546.551;Fang_5GHz;dc:62:79:cb:0e:9a;-88
WIFI;28.727;5546.551;adsl-s;fc:12:63:71:c6:cf;-88
WIFI;28.727;5546.551;;de:07:b6:32:4f:73;-92
WIFI;28.727;5546.551;;de:07:b6:32:4f:72;-75
WIFI;28.727;5546.551;All money go my home;c2:25:2f:2c:70:22;-94
WIFI;28.727;5546.551;;de:62:79:ab:0e:9b;-85
WIFI;28.727;5546.551;CHENS-7011;b8:55:10:cc:48:30;-64
WIFI;28.727;5546.551;;c0:25:2f:ac:70:23;-92
WIFI;28.727;5546.551;;c0:25:2f:ac:70:22;-82
WIFI;28.727;5546.551;98-14;d8:07:b6:32:4f:72;-74
WIFI;28.727;5546.551;98-14;d8:07:b6:32:4f:73;-82
WIFI;28.727;5546.551;Fang-3F_5G;cc:d8:43:b7:7d:43;-46
WIFI;28.727;5546.551;98-14;d8:07:b6:32:4f:32;-87
WIFI;28.727;5546.551;98-14;d8:07:b6:32:4f:33;-89
WIFI;28.727;5546.551;HITRON-7EC0;20:6a:94:bc:7e:c6;-91
GYRO;28.765;5548.547;0.08374;-0.00151;0.00357;0
MAGN;28.766;5548.553;-22.20000;45.91875;-24.95625;0
ACCE;28.766;5548.554;-0.14700;-0.42705;9.91695;0
AHRS;28.766;5548.563;-2.3465;-0.1550;-26.3039;-0.02025;0.00334;-0.22746;3
GYRO;28.767;5548.563;0.00687;-0.00096;0.00192;0
MAGN;28.767;5548.563;-22.18125;45.93750;-24.97500;0
ACCE;28.767;5548.571;-0.24195;-0.40800;9.84105;0
GYRO;28.768;5548.571;0.00591;0.00110;0.00027;0
MAGN;28.768;5548.572;-22.18125;45.93750;-24.99375;0
AHRS;28.768;5548.578;-2.3465;-0.1550;-26.3039;-0.02025;0.00334;-0.22746;3
GYRO;28.769;5548.578;0.00467;0.00371;-0.00220;0
MAGN;28.769;5548.583;-22.16250;45.93750;-24.99375;0
ACCE;28.769;5548.586;-0.24195;-0.38895;9.91695;0
MAGN;28.778;5548.593;-22.14375;45.95625;-24.97500;0
GYRO;28.779;5548.594;0.00385;0.00619;-0.00399;0
ACCE;28.787;5548.602;-0.14700;-0.46605;9.99405;0
AHRS;28.788;5548.602;-2.3465;-0.1550;-26.3039;-0.02025;0.00334;-0.22746;3
GYRO;28.788;5548.602;0.00247;0.07769;-0.00577;0
MAGN;28.790;5548.603;-22.14375;45.97500;-24.95625;0
GYRO;28.794;5548.610;0.00110;0.09639;-0.00742;0
MAGN;28.798;5548.613;-22.14375;45.97500;-24.95625;0
ACCE;28.802;5548.618;-0.05100;-0.54195;10.06995;0
AHRS;28.806;5548.618;-2.3465;-0.1550;-26.3039;-0.02025;0.00334;-0.22746;3
GYRO;28.806;5548.618;-0.00027;0.10656;-0.00839;0
MAGN;28.808;5548.623;-22.16250;45.97500;-24.95625;0
ACCE;28.818;5548.633;0.00600;-0.56100;10.03200;0
GYRO;28.819;5548.633;-0.00206;0.10697;-0.00866;0
MAGN;28.820;5548.633;-22.18125;45.97500;-24.97500;0
AHRS;28.826;5548.641;-2.3465;-0.1550;-26.3039;-0.02025;0.00334;-0.22746;3
GYRO;28.827;5548.641;-0.00385;0.10148;-0.00866;0
MAGN;28.829;5548.643;-22.20000;45.97500;-24.93750;0
LIGH;28.835;5548.650;0.0;3
ACCE;28.837;5548.650;0.00600;-0.46605;9.89805;0
GYRO;28.837;5548.650;-0.00522;0.09116;-0.00839;0
MAGN;28.838;5548.653;-22.21875;45.97500;-24.90000;0
MAGN;28.849;5548.663;-22.21875;45.97500;-24.88125;0
ACCE;28.849;5548.664;0.02505;-0.40800;9.80205;0
AHRS;28.851;5548.664;-2.3465;-0.1550;-26.3039;-0.02025;0.00334;-0.22746;3
GYRO;28.851;5548.664;-0.00536;0.08099;-0.00742;0
GYRO;28.857;5548.673;-0.00550;0.00564;-0.00577;0
MAGN;28.859;5548.673;-22.21875;45.99375;-24.86250;0
ACCE;28.866;5548.681;0.00600;-0.46605;9.87900;0
AHRS;28.867;5548.681;-2.3465;-0.1550;-26.3039;-0.02025;0.00334;-0.22746;3
GYRO;28.867;5548.681;-0.00536;0.00357;-0.00385;0
MAGN;28.867;5548.683;-22.23750;45.97500;-24.86250;0
GYRO;28.873;5548.689;-0.00467;0.00192;-0.00330;0
MAGN;28.878;5548.693;-22.25625;45.99375;-24.86250;0
ACCE;28.881;5548.697;0.06300;-0.44595;9.99405;0
AHRS;28.882;5548.697;-2.3465;-0.1550;-26.3039;-0.02025;0.00334;-0.22746;3
GYRO;28.884;5548.697;-0.00330;0.00014;-0.00275;0
MAGN;28.888;5548.703;-22.25625;45.99375;-24.86250;0
GYRO;28.888;5548.704;-0.00261;-0.00289;-0.00082;0
ACCE;28.897;5548.712;0.04395;-0.46605;10.05105;0
AHRS;28.897;5548.712;-2.3465;-0.1550;-26.3039;-0.02025;0.00334;-0.22746;3
GYRO;28.898;5548.712;-0.00192;-0.00646;0.00206;0
MAGN;28.899;5548.713;-22.25625;45.97500;-24.86250;0
GYRO;28.905;5548.720;-0.00206;-0.09708;0.00399;0
MAGN;28.908;5548.723;-22.25625;45.95625;-24.84375;0
ACCE;28.912;5548.728;0.06300;-0.50400;10.03200;0
AHRS;28.913;5548.728;-2.3465;-0.1550;-26.3039;-0.02025;0.00334;-0.22746;3
GYRO;28.914;5548.728;-0.00220;-0.12829;0.00550;0
SOUN;28.914;6.08;0.00019;19.35
MAGN;28.918;5548.733;-22.25625;45.93750;-24.82500;0
GYRO;28.920;5548.736;-0.00275;-0.15221;0.00687;0
MAGN;28.928;5548.743;-22.27500;45.93750;-24.82500;0
ACCE;28.929;5548.744;0.08205;-0.54195;9.89805;0
AHRS;28.929;5548.744;-2.3465;-0.1550;-26.3039;-0.02025;0.00334;-0.22746;3
GYRO;28.929;5548.744;-0.00344;-0.16844;0.00715;0
MAGN;28.938;5548.753;-22.27500;45.91875;-24.82500;0
ACCE;28.944;5548.760;0.06300;-0.56100;9.82200;0
GYRO;28.945;5548.760;-0.00357;-0.16858;0.00646;0
MAGN;28.948;5548.763;-22.27500;45.91875;-24.82500;0
AHRS;28.951;5548.767;-2.3465;-0.1550;-26.3039;-0.02025;0.00334;-0.22746;3
GYRO;28.953;5548.767;-0.00302;-0.16500;0.00550;0
MAGN;28.958;5548.773;-22.27500;45.93750;-24.80625;0
ACCE;28.959;5548.775;-0.01305;-0.54195;9.87900;0
GYRO;28.968;5548.783;-0.00316;-0.14864;0.00536;0
MAGN;28.969;5548.783;-22.27500;45.95625;-24.82500;0
ACCE;28.976;5548.791;-0.08895;-0.46605;10.01295;0
AHRS;28.977;5548.791;-2.3465;-0.1550;-26.3039;-0.02025;0.00334;-0.22746;3
GYRO;28.978;5548.791;-0.00302;-0.12746;0.00522;0
MAGN;28.979;5548.793;-22.29375;45.91875;-24.82500;0
GYRO;28.983;5548.799;-0.00289;-0.09543;0.00357;0
MAGN;28.990;5548.803;-22.29375;45.91875;-24.80625;0
ACCE;28.991;5548.807;-0.07005;-0.40800;9.87900;0
AHRS;28.992;5548.807;-2.3465;-0.1550;-26.3039;-0.02025;0.00334;-0.22746;3
GYRO;28.993;5548.807;-0.00206;-0.00619;0.00165;0
LIGH;28.994;5548.809;0.0;3
MAGN;28.999;5548.813;-22.29375;45.91875;-24.78750;0
ACCE;29.007;5548.823;-0.01305;-0.37005;9.78300;0
GYRO;29.009;5548.823;-0.00096;-0.00344;0.00069;0
MAGN;29.010;5548.823;-22.27500;45.93750;-24.76875;0
AHRS;29.015;5548.830;-2.3465;-0.1550;-26.3039;-0.02025;0.00334;-0.22746;3
GYRO;29.017;5548.830;0.00000;-0.00055;0.00027;0
MAGN;29.018;5548.833;-22.25625;45.93750;-24.75000;0
ACCE;29.023;5548.838;-0.01305;-0.42705;9.66795;0
GYRO;29.024;5548.838;0.00055;0.00206;0.00027;0
MAGN;29.028;5548.843;-22.25625;45.93750;-24.75000;0
AHRS;29.031;5548.846;-2.3465;-0.1550;-26.3039;-0.02025;0.00334;-0.22746;3
GYRO;29.032;5548.846;0.00179;0.00412;-0.00069;0
MAGN;29.038;5548.853;-22.23750;45.93750;-24.73125;0
ACCE;29.040;5548.854;-0.03195;-0.37005;9.70695;0
GYRO;29.041;5548.854;0.00261;0.00536;-0.00110;0
AHRS;29.047;5548.862;-2.3465;-0.1550;-26.3039;-0.02025;0.00334;-0.22746;3
GYRO;29.049;5548.862;0.00330;0.00632;-0.00137;0
MAGN;29.050;5548.863;-22.23750;45.95625;-24.69375;0
ACCE;29.054;5548.870;-0.07005;-0.40800;9.85995;0
GYRO;29.055;5548.870;0.00385;0.00701;-0.00055;0
MAGN;29.057;5548.872;-22.21875;45.97500;-24.65625;0
AHRS;29.062;5548.878;-2.3465;-0.1550;-26.3039;-0.02025;0.00334;-0.22746;3
GYRO;29.064;5548.878;0.00509;0.07590;0.00027;0
MAGN;29.069;5548.883;-22.21875;45.99375;-24.63750;0
ACCE;29.070;5548.885;-0.07005;-0.38895;10.06995;0
GYRO;29.078;5548.893;0.00591;0.07232;0.00124;0
MAGN;29.080;5548.893;-22.18125;45.99375;-24.65625;0
ACCE;29.088;5548.901;-0.08895;-0.44595;10.09005;0
AHRS;29.090;5548.901;-2.6162;0.1643;-26.4178;-0.02190;0.00661;-0.22847;3
GYRO;29.091;5548.901;0.00660;0.07686;0.00124;0
MAGN;29.092;5548.903;-22.18125;46.01250;-24.69375;0
GYRO;29.093;5548.909;0.00687;0.08415;0.00137;0
MAGN;29.098;5548.913;-22.16250;46.03125;-24.67500;0
ACCE;29.102;5548.917;-0.05100;-0.44595;9.95595;0
AHRS;29.103;5548.917;-2.6162;0.1643;-26.4178;-0.02190;0.00661;-0.22847;3
GYRO;29.104;5548.917;0.00687;0.07728;0.00234;0
MAGN;29.108;5548.923;-22.14375;46.06875;-24.63750;0
ACCE;29.118;5548.933;-0.08895;-0.48495;9.89805;0
GYRO;29.119;5548.933;0.00674;0.07081;0.00220;0
MAGN;29.120;5548.933;-22.12500;46.08750;-24.63750;0
AHRS;29.125;5548.941;-2.6162;0.1643;-26.4178;-0.02190;0.00661;-0.22847;3
GYRO;29.126;5548.941;0.00577;0.00619;0.00344;0
MAGN;29.127;5548.943;-22.12500;46.10625;-24.65625;0
ACCE;29.134;5548.949;-0.03195;-0.48495;9.95595;0
GYRO;29.135;5548.949;0.00440;0.00522;0.00454;0
MAGN;29.138;5548.953;-22.12500;46.12500;-24.67500;0
AHRS;29.141;5548.957;-2.6162;0.1643;-26.4178;-0.02190;0.00661;-0.22847;3
GYRO;29.143;5548.957;0.00261;0.00454;0.00522;0
MAGN;29.150;5548.963;-22.12500;46.12500;-24.67500;0
ACCE;29.151;5548.965;-0.03195;-0.48495;9.99405;0
GYRO;29.151;5548.965;0.00110;0.00371;0.00426;0
LIGH;29.154;5548.970;0.0;3
AHRS;29.158;5548.972;-2.6162;0.1643;-26.4178;-0.02190;0.00661;-0.22847;3
GYRO;29.158;5548.972;-0.00014;0.00234;0.00412;0
MAGN;29.158;5548.973;-22.12500;46.12500;-24.67500;0
ACCE;29.165;5548.980;-0.01305;-0.42705;9.95595;0
GYRO;29.165;5548.980;-0.00096;0.00165;0.00495;0
MAGN;29.166;5548.982;-22.10625;46.14375;-24.67500;0
AHRS;29.173;5548.988;-2.6162;0.1643;-26.4178;-0.02190;0.00661;-0.22847;3
GYRO;29.174;5548.988;-0.00234;0.00000;0.00550;0
MAGN;29.178;5548.993;-22.10625;46.14375;-24.65625;0
ACCE;29.181;5548.996;0.04395;-0.42705;9.95595;0
GYRO;29.181;5548.996;-0.00330;-0.00151;0.00522;0
MAGN;29.187;5549.003;-22.10625;46.14375;-24.63750;0
ACCE;29.197;5549.012;0.12000;-0.54195;10.01295;0
AHRS;29.197;5549.012;-2.6162;0.1643;-26.4178;-0.02190;0.00661;-0.22847;3
GYRO;29.199;5549.012;-0.00412;-0.00220;0.00399;0
MAGN;29.200;5549.013;-22.10625;46.14375;-24.63750;0
GYRO;29.217;5549.020;-0.00550;-0.00440;0.00371;0
MAGN;29.217;5549.023;-22.08750;46.18125;-24.63750;0
ACCE;29.218;5549.027;0.13995;-0.60000;10.06995;0
AHRS;29.218;5549.027;-2.6162;0.1643;-26.4178;-0.02190;0.00661;-0.22847;3
GYRO;29.218;5549.027;-0.00674;-0.00591;0.00412;0
MAGN;29.219;5549.033;-22.06875;46.20000;-24.65625;0
GNSS;29.219;1745934495.000;24.926168;121.252893;194.000;288.010;4.2;0.0;47;12
GNSS;29.220;1745934495.000;24.926168;121.252893;194.000;288.010;4.2;0.0;47;12
ACCE;29.227;5549.043;0.08205;-0.54195;10.05105;0
GYRO;29.229;5549.043;-0.00660;-0.00632;0.00399;0
MAGN;29.229;5549.043;-22.05000;46.21875;-24.71250;0
AHRS;29.236;5549.051;-2.6162;0.1643;-26.4178;-0.02190;0.00661;-0.22847;3
GYRO;29.237;5549.051;-0.00632;-0.07315;0.00454;0
MAGN;29.237;5549.053;-22.03125;46.23750;-24.73125;0
GNSS;29.237;1745934494.132;24.926169;121.252893;194.900;0.000;4.3;0.0;47;12
ACCE;29.244;5549.059;0.02505;-0.50400;9.91695;0
GYRO;29.244;5549.059;-0.00591;-0.08291;0.00481;0
MAGN;29.248;5549.063;-22.01250;46.25625;-24.73125;0
AHRS;29.251;5549.067;-2.6162;0.1643;-26.4178;-0.02190;0.00661;-0.22847;3
GYRO;29.252;5549.067;-0.00591;-0.09570;0.00454;0
MAGN;29.258;5549.073;-22.01250;46.25625;-24.76875;0
ACCE;29.259;5549.074;0.00600;-0.46605;9.68700;0
GYRO;29.259;5549.074;-0.00564;-0.10024;0.00357;0
AHRS;29.267;5549.083;-2.6162;0.1643;-26.4178;-0.02190;0.00661;-0.22847;3
GYRO;29.268;5549.083;-0.00550;-0.10148;0.00316;0
MAGN;29.269;5549.083;-22.01250;46.27500;-24.75000;0
ACCE;29.275;5549.090;0.00600;-0.50400;9.55305;0
GYRO;29.276;5549.090;-0.00564;-0.09680;0.00275;0
MAGN;29.276;5549.093;-21.99375;46.29375;-24.75000;0
AHRS;29.282;5549.098;-2.6862;0.1125;-26.0824;-0.02261;0.00624;-0.22561;3
GYRO;29.285;5549.098;-0.00536;-0.09171;0.00220;0
MAGN;29.288;5549.103;-21.97500;46.29375;-24.73125;0
ACCE;29.290;5549.106;0.00600;-0.46605;9.57300;0
GYRO;29.292;5549.106;-0.00426;-0.07219;0.00151;0
MAGN;29.298;5549.113;-21.97500;46.29375;-24.73125;0
AHRS;29.299;5549.114;-2.6862;0.1125;-26.0824;-0.02261;0.00624;-0.22561;3
GYRO;29.299;5549.114;-0.00289;-0.00577;0.00041;0
ACCE;29.307;5549.122;0.08205;-0.40800;9.76395;0
GYRO;29.308;5549.122;-0.00261;-0.00564;0.00041;0
MAGN;29.309;5549.123;-21.95625;46.27500;-24.75000;0
LIGH;29.315;5549.130;0.0;3
AHRS;29.316;5549.130;-2.6862;0.1125;-26.0824;-0.02261;0.00624;-0.22561;3
GYRO;29.317;5549.130;-0.00247;-0.00399;-0.00041;0
MAGN;29.318;5549.132;-21.97500;46.25625;-24.76875;0
ACCE;29.322;5549.138;-0.08895;-0.52305;9.89805;0
GYRO;29.323;5549.138;-0.00179;-0.00151;-0.00137;0
MAGN;29.329;5549.143;-21.95625;46.27500;-24.76875;0
ACCE;29.338;5549.153;0.00600;-0.44595;9.91695;0
AHRS;29.340;5549.153;-2.6862;0.1125;-26.0824;-0.02261;0.00624;-0.22561;3
GYRO;29.341;5549.153;-0.00124;0.00041;-0.00165;0
MAGN;29.342;5549.153;-21.95625;46.27500;-24.76875;0
GYRO;29.346;5549.161;-0.00000;0.00234;-0.00192;0
MAGN;29.347;5549.163;-21.95625;46.25625;-24.78750;0
ACCE;29.354;5549.169;-0.03195;-0.44595;9.87900;0
AHRS;29.356;5549.169;-2.6862;0.1125;-26.0824;-0.02261;0.00624;-0.22561;3
GYRO;29.356;5549.169;0.00082;0.00385;-0.00220;0
MAGN;29.357;5549.172;-21.93750;46.25625;-24.82500;0
GYRO;29.362;5549.177;0.00179;0.00454;-0.00151;0
MAGN;29.369;5549.183;-21.93750;46.23750;-24.84375;0
ACCE;29.369;5549.184;0.02505;-0.46605;9.85995;0
AHRS;29.378;5549.193;-2.6862;0.1125;-26.0824;-0.02261;0.00624;-0.22561;3
GYRO;29.379;5549.193;0.00206;0.00481;-0.00069;0
MAGN;29.381;5549.193;-21.93750;46.23750;-24.82500;0
ACCE;29.385;5549.201;0.02505;-0.50400;9.89805;0
GYRO;29.385;5549.201;0.00234;0.00536;0.00000;0
MAGN;29.387;5549.203;-21.91875;46.21875;-24.76875;0
AHRS;29.393;5549.209;-2.6862;0.1125;-26.0824;-0.02261;0.00624;-0.22561;3
GYRO;29.395;5549.209;0.00247;0.00564;-0.00027;0
MAGN;29.401;5549.213;-21.91875;46.16250;-24.78750;0
ACCE;29.401;5549.217;0.04395;-0.46605;9.95595;0
GYRO;29.402;5549.217;0.00289;0.00619;-0.00110;0
MAGN;29.409;5549.223;-21.91875;46.16250;-24.82500;0
AHRS;29.409;5549.224;-2.6862;0.1125;-26.0824;-0.02261;0.00624;-0.22561;3
GYRO;29.409;5549.224;0.00371;0.00522;-0.00110;0
SOUN;29.416;7.04;0.00021;20.62
ACCE;29.420;5549.232;-0.05100;-0.50400;9.99405;0
GYRO;29.420;5549.232;0.00371;0.00385;0.00000;0
MAGN;29.421;5549.233;-21.93750;46.14375;-24.80625;0
AHRS;29.425;5549.240;-2.6862;0.1125;-26.0824;-0.02261;0.00624;-0.22561;3
GYRO;29.425;5549.240;0.00302;0.00357;0.00014;0
MAGN;29.426;5549.242;-21.91875;46.14375;-24.78750;0
ACCE;29.433;5549.248;-0.07005;-0.52305;9.95595;0
GYRO;29.433;5549.248;0.00124;0.00302;-0.00000;0
MAGN;29.438;5549.253;-21.90000;46.14375;-24.78750;0
AHRS;29.441;5549.256;-2.6862;0.1125;-26.0824;-0.02261;0.00624;-0.22561;3
GYRO;29.441;5549.256;-0.00041;0.00344;-0.00041;0
ACCE;29.447;5549.263;-0.05100;-0.50400;9.97500;0
MAGN;29.448;5549.263;-21.88125;46.14375;-24.76875;0
GYRO;29.456;5549.272;-0.00096;0.00302;-0.00082;0
MAGN;29.457;5549.273;-21.90000;46.16250;-24.76875;0
ACCE;29.464;5549.279;-0.01305;-0.50400;9.93600;0
AHRS;29.465;5549.279;-2.6862;0.1125;-26.0824;-0.02261;0.00624;-0.22561;3
GYRO;29.466;5549.279;-0.00082;0.00247;-0.00082;0
MAGN;29.467;5549.282;-21.90000;46.16250;-24.76875;0
GYRO;29.473;5549.287;-0.00137;0.00234;-0.00137;0
LIGH;29.474;5549.289;0.0;3
MAGN;29.479;5549.293;-21.88125;46.16250;-24.73125;0
ACCE;29.479;5549.294;0.02505;-0.54195;9.93600;0
AHRS;29.488;5549.303;-2.6862;0.1125;-26.0824;-0.02261;0.00624;-0.22561;3
GYRO;29.489;5549.303;-0.00192;0.00192;-0.00096;0
MAGN;29.490;5549.303;-21.88125;46.18125;-24.75000;0
ACCE;29.495;5549.311;0.06300;-0.54195;9.91695;0
GYRO;29.496;5549.311;-0.00302;0.00124;-0.00027;0
MAGN;29.497;5549.313;-21.88125;46.21875;-24.78750;0
AHRS;29.503;5549.319;-2.6862;0.1125;-26.0824;-0.02261;0.00624;-0.22561;3
GYRO;29.504;5549.319;-0.00426;0.00096;-0.00041;0
MAGN;29.508;5549.323;-21.90000;46.21875;-24.78750;0
ACCE;29.511;5549.327;0.06300;-0.54195;9.89805;0
GYRO;29.512;5549.327;-0.00467;0.00014;-0.00027;0
MAGN;29.518;5549.333;-21.90000;46.20000;-24.76875;0
AHRS;29.519;5549.334;-2.6862;0.1125;-26.0824;-0.02261;0.00624;-0.22561;3
GYRO;29.520;5549.334;-0.00467;-0.00069;0.00041;0
ACCE;29.527;5549.342;0.08205;-0.48495;9.91695;0
GYRO;29.528;5549.342;-0.00412;-0.00220;0.00151;0
MAGN;29.529;5549.343;-21.90000;46.18125;-24.69375;0
AHRS;29.535;5549.350;-2.6862;0.1125;-26.0824;-0.02261;0.00624;-0.22561;3
GYRO;29.537;5549.350;-0.00316;-0.00385;0.00234;0
MAGN;29.538;5549.353;-21.90000;46.18125;-24.67500;0
ACCE;29.543;5549.358;0.04395;-0.44595;9.91695;0
GYRO;29.544;5549.358;-0.00289;-0.00399;0.00206;0
MAGN;29.550;5549.363;-21.88125;46.21875;-24.63750;0
MAGN;29.558;5549.373;-21.88125;46.21875;-24.58125;0
ACCE;29.560;5549.374;0.08205;-0.48495;9.95595;0
AHRS;29.560;5549.374;-2.6862;0.1125;-26.0824;-0.02261;0.00624;-0.22561;3
GYRO;29.561;5549.374;-0.00289;-0.00385;0.00192;0
GYRO;29.568;5549.382;-0.00247;-0.00522;0.00234;0
MAGN;29.569;5549.383;-21.88125;46.21875;-24.58125;0
ACCE;29.574;5549.390;0.10095;-0.54195;9.99405;0
AHRS;29.575;5549.390;-2.6862;0.1125;-26.0824;-0.02261;0.00624;-0.22561;3
GYRO;29.577;5549.390;-0.00206;-0.00632;0.00261;0
MAGN;29.578;5549.392;-21.88125;46.23750;-24.60000;0
GYRO;29.582;5549.398;-0.00151;-0.07081;0.00289;0
MAGN;29.588;5549.403;-21.88125;46.23750;-24.61875;0
ACCE;29.589;5549.405;0.10095;-0.58095;10.01295;0
AHRS;29.599;5549.413;-2.6862;0.1125;-26.0824;-0.02261;0.00624;-0.22561;3
GYRO;29.601;5549.413;-0.00082;-0.07274;0.00316;0
MAGN;29.602;5549.413;-21.88125;46.23750;-24.61875;0
ACCE;29.606;5549.421;0.00600;-0.54195;9.99405;0
GYRO;29.612;5549.421;-0.00082;-0.07095;0.00302;0
MAGN;29.613;5549.423;-21.90000;46.25625;-24.58125;0
AHRS;29.614;5549.429;-2.6862;0.1125;-26.0824;-0.02261;0.00624;-0.22561;3
GYRO;29.615;5549.429;-0.00082;-0.00646;0.00261;0
MAGN;29.618;5549.433;-21.91875;46.27500;-24.56250;0
ACCE;29.623;5549.437;-0.07005;-0.52305;9.99405;0
GYRO;29.623;5549.437;-0.00041;-0.00454;0.00124;0
MAGN;29.629;5549.443;-21.91875;46.31250;-24.54375;0
LIGH;29.634;5549.450;0.0;3
ACCE;29.638;5549.453;-0.08895;-0.52305;9.82200;0
AHRS;29.638;5549.453;-2.6862;0.1125;-26.0824;-0.02261;0.00624;-0.22561;3
GYRO;29.640;5549.453;-0.00055;-0.00371;0.00069;0
MAGN;29.642;5549.453;-21.93750;46.35000;-24.56250;0
GYRO;29.645;5549.461;-0.00055;-0.00261;0.00082;0
MAGN;29.649;5549.463;-21.93750;46.36875;-24.52500;0
ACCE;29.653;5549.469;-0.07005;-0.54195;9.72600;0
AHRS;29.654;5549.469;-2.6862;0.1125;-26.0824;-0.02261;0.00624;-0.22561;3
GYRO;29.657;5549.469;-0.00069;-0.00082;-0.00014;0
MAGN;29.658;5549.473;-21.97500;46.36875;-24.52500;0
GYRO;29.661;5549.476;-0.00069;0.00165;-0.00179;0
MAGN;29.668;5549.483;-21.99375;46.36875;-24.50625;0
ACCE;29.668;5549.484;-0.07005;-0.54195;9.76395;0
AHRS;29.669;5549.484;-2.6862;0.1125;-26.0824;-0.02261;0.00624;-0.22561;3
GYRO;29.669;5549.484;-0.00110;0.00454;-0.00344;0
GYRO;29.677;5549.492;-0.00137;0.06999;-0.00591;0
MAGN;29.678;5549.493;-22.01250;46.35000;-24.48750;0
ACCE;29.685;5549.500;0.00600;-0.52305;9.87900;0
AHRS;29.685;5549.500;-2.6862;0.1125;-26.0824;-0.02261;0.00624;-0.22561;3
GYRO;29.685;5549.500;-0.00165;0.07879;-0.00701;0
MAGN;29.686;5549.503;-22.03125;46.38750;-24.50625;0
GYRO;29.692;5549.508;-0.00151;0.08525;-0.00715;0
MAGN;29.698;5549.513;-22.05000;46.40625;-24.52500;0
ACCE;29.699;5549.515;0.04395;-0.54195;9.85995;0
AHRS;29.709;5549.523;-2.6862;0.1125;-26.0824;-0.02261;0.00624;-0.22561;3
GYRO;29.709;5549.523;-0.00151;0.08374;-0.00729;0
MAGN;29.710;5549.523;-22.05000;46.42500;-24.48750;0
ACCE;29.716;5549.532;0.06300;-0.56100;9.74505;0
GYRO;29.717;5549.532;-0.00220;0.07508;-0.00674;0
MAGN;29.719;5549.533;-22.05000;46.44375;-24.50625;0
AHRS;29.724;5549.539;-2.6862;0.1125;-26.0824;-0.02261;0.00624;-0.22561;3
GYRO;29.725;5549.539;-0.00234;0.07370;-0.00701;0
MAGN;29.730;5549.543;-22.06875;46.44375;-24.52500;0
ACCE;29.732;5549.548;0.06300;-0.54195;9.80205;0
GYRO;29.733;5549.548;-0.00261;0.00646;-0.00701;0
MAGN;29.738;5549.553;-22.08750;46.46250;-24.48750;0
ACCE;29.748;5549.563;0.00600;-0.54195;9.95595;0
AHRS;29.749;5549.563;-2.6862;0.1125;-26.0824;-0.02261;0.00624;-0.22561;3
GYRO;29.751;5549.563;-0.00247;0.00522;-0.00632;0
MAGN;29.752;5549.563;-22.10625;46.46250;-24.46875;0
GYRO;29.755;5549.571;-0.00261;0.00371;-0.00536;0
MAGN;29.758;5549.573;-22.08750;46.44375;-24.46875;0
ACCE;29.763;5549.579;0.02505;-0.56100;10.10895;0
AHRS;29.763;5549.579;-2.6862;0.1125;-26.0824;-0.02261;0.00624;-0.22561;3
GYRO;29.765;5549.579;-0.00234;0.00151;-0.00371;0
MAGN;29.765;5549.583;-22.08750;46.44375;-24.46875;0
GYRO;29.771;5549.587;-0.00179;-0.00014;-0.00206;0
MAGN;29.779;5549.593;-22.10625;46.44375;-24.48750;0
ACCE;29.779;5549.594;-0.03195;-0.56100;10.05105;0
AHRS;29.779;5549.594;-2.6862;0.1125;-26.0824;-0.02261;0.00624;-0.22561;3
GYRO;29.780;5549.594;-0.00124;-0.00096;-0.00124;0
GYRO;29.787;5549.602;-0.00110;-0.00192;-0.00137;0
MAGN;29.788;5549.603;-22.14375;46.44375;-24.46875;0
LIGH;29.795;5549.610;0.0;3
ACCE;29.799;5549.610;0.00600;-0.56100;9.84105;0
MAGN;29.800;5549.613;-22.16250;46.42500;-24.45000;0
AHRS;29.802;5549.618;-2.6862;0.1125;-26.0824;-0.02261;0.00624;-0.22561;3
GYRO;29.803;5549.618;-0.00124;-0.00234;-0.00151;0
MAGN;29.808;5549.623;-22.16250;46.42500;-24.43125;0
ACCE;29.811;5549.626;-0.01305;-0.56100;9.80205;0
GYRO;29.816;5549.626;-0.00110;-0.00316;-0.00137;0
MAGN;29.819;5549.633;-22.18125;46.44375;-24.41250;0
AHRS;29.819;5549.634;-2.6862;0.1125;-26.0824;-0.02261;0.00624;-0.22561;3
GYRO;29.820;5549.634;-0.00110;-0.00385;-0.00110;0
ACCE;29.827;5549.642;-0.03195;-0.50400;9.87900;0
GYRO;29.828;5549.642;-0.00096;-0.00344;-0.00179;0
MAGN;29.829;5549.643;-22.18125;46.46250;-24.39375;0
AHRS;29.834;5549.650;-2.6862;0.1125;-26.0824;-0.02261;0.00624;-0.22561;3
GYRO;29.835;5549.650;-0.00055;-0.00289;-0.00124;0
MAGN;29.838;5549.653;-22.18125;46.48125;-24.41250;0
ACCE;29.843;5549.658;-0.01305;-0.44595;9.97500;0
GYRO;29.843;5549.658;0.00055;-0.00206;-0.00041;0
MAGN;29.848;5549.663;-22.21875;46.44375;-24.43125;0
ACCE;29.858;5549.673;0.04395;-0.52305;9.99405;0
AHRS;29.863;5549.673;-2.6862;0.1125;-26.0824;-0.02261;0.00624;-0.22561;3
GYRO;29.864;5549.673;0.00110;-0.00110;-0.00055;0
MAGN;29.864;5549.673;-22.21875;46.44375;-24.46875;0
GYRO;29.866;5549.681;0.00110;-0.00082;-0.00014;0
MAGN;29.867;5549.683;-22.23750;46.44375;-24.46875;0
ACCE;29.874;5549.689;0.12000;-0.56100;9.87900;0
AHRS;29.874;5549.689;-2.6862;0.1125;-26.0824;-0.02261;0.00624;-0.22561;3
GYRO;29.876;5549.689;0.00124;-0.00082;0.00014;0
MAGN;29.876;5549.693;-22.23750;46.42500;-24.43125;0
GYRO;29.881;5549.697;0.00110;-0.00082;0.00041;0
MAGN;29.889;5549.703;-22.23750;46.44375;-24.41250;0
ACCE;29.889;5549.704;0.04395;-0.56100;9.78300;0
AHRS;29.897;5549.713;-2.6862;0.1125;-26.0824;-0.02261;0.00624;-0.22561;3
GYRO;29.899;5549.713;0.00137;-0.00069;0.00069;0
MAGN;29.901;5549.713;-22.25625;46.44375;-24.39375;0
ACCE;29.905;5549.721;0.00600;-0.56100;9.87900;0
GYRO;29.906;5549.721;0.00137;0.00000;0.00041;0
MAGN;29.906;5549.722;-22.25625;46.44375;-24.43125;0
AHRS;29.914;5549.728;-2.6862;0.1125;-26.0824;-0.02261;0.00624;-0.22561;3
GYRO;29.917;5549.728;0.00165;0.00014;0.00055;0
SOUN;29.917;7.44;0.00023;21.10
MAGN;29.920;5549.733;-22.25625;46.42500;-24.43125;0
ACCE;29.921;5549.736;-0.01305;-0.50400;9.93600;0
GYRO;29.922;5549.736;0.00192;-0.00041;0.00124;0
MAGN;29.931;5549.743;-22.27500;46.40625;-24.41250;0
AHRS;29.932;5549.744;-2.6862;0.1125;-26.0824;-0.02261;0.00624;-0.22561;3
GYRO;29.932;5549.744;0.00206;-0.00055;0.00027;0
ACCE;29.937;5549.752;-0.07005;-0.50400;9.97500;0
GYRO;29.938;5549.752;0.00179;-0.00055;-0.00069;0
MAGN;29.938;5549.753;-22.29375;46.38750;-24.41250;0
AHRS;29.944;5549.760;-2.6862;0.1125;-26.0824;-0.02261;0.00624;-0.22561;3
GYRO;29.945;5549.760;0.00206;0.00000;-0.00137;0
MAGN;29.945;5549.762;-22.27500;46.36875;-24.41250;0
ACCE;29.953;5549.768;-0.07005;-0.50400;9.89805;0
GYRO;29.953;5549.768;0.00220;0.00124;-0.00234;0
LIGH;29.954;5549.769;0.0;3
MAGN;29.958;5549.773;-22.27500;46.36875;-24.39375;0
ACCE;29.968;5549.783;0.04395;-0.50400;9.82200;0
AHRS;29.969;5549.783;-2.6862;0.1125;-26.0824;-0.02261;0.00624;-0.22561;3
GYRO;29.970;5549.783;0.00220;0.00137;-0.00247;0
MAGN;29.971;5549.783;-22.27500;46.38750;-24.41250;0
GYRO;29.976;5549.791;0.00192;0.00124;-0.00234;0
MAGN;29.978;5549.793;-22.27500;46.38750;-24.45000;0
ACCE;29.984;5549.799;0.08205;-0.48495;9.84105;0
AHRS;29.985;5549.799;-2.6862;0.1125;-26.0824;-0.02261;0.00624;-0.22561;3
GYRO;29.987;5549.799;0.00151;0.00041;-0.00192;0
MAGN;29.988;5549.802;-22.27500;46.38750;-24.48750;0
GYRO;29.993;5549.807;0.00192;-0.00027;-0.00165;0
MAGN;29.999;5549.813;-22.29375;46.36875;-24.50625;0
ACCE;30.000;5549.814;0.10095;-0.44595;9.89805;0
AHRS;30.008;5549.823;-2.6862;0.1125;-26.0824;-0.02261;0.00624;-0.22561;3
GYRO;30.009;5549.823;0.00234;-0.00027;-0.00137;0
MAGN;30.010;5549.823;-22.29375;46.33125;-24.52500;0
ACCE;30.015;5549.831;0.08205;-0.46605;9.97500;0
GYRO;30.016;5549.831;0.00275;0.00027;-0.00110;0
MAGN;30.017;5549.833;-22.29375;46.35000;-24.52500;0
AHRS;30.023;5549.839;-2.6862;0.1125;-26.0824;-0.02261;0.00624;-0.22561;3
GYRO;30.025;5549.839;0.00302;-0.00041;-0.00041;0
MAGN;30.030;5549.843;-22.27500;46.35000;-24.52500;0
ACCE;30.032;5549.846;0.08205;-0.50400;9.97500;0
MAGN;30.038;5549.853;-22.27500;46.33125;-24.54375;0
GYRO;30.040;5549.854;0.00261;-0.00124;-0.00014;0
ACCE;30.047;5549.862;0.06300;-0.48495;9.87900;0
AHRS;30.049;5549.862;-2.6862;0.1125;-26.0824;-0.02261;0.00624;-0.22561;3
GYRO;30.050;5549.862;0.00275;-0.00234;0.00082;0
MAGN;30.051;5549.863;-22.27500;46.35000;-24.56250;0
GYRO;30.055;5549.870;0.00289;-0.00344;0.00192;0
MAGN;30.058;5549.873;-22.27500;46.35000;-24.60000;0
ACCE;30.063;5549.878;0.04395;-0.48495;9.74505;0
AHRS;30.064;5549.878;-2.6862;0.1125;-26.0824;-0.02261;0.00624;-0.22561;3
GYRO;30.066;5549.878;0.00289;-0.00357;0.00289;0
MAGN;30.068;5549.883;-22.25625;46.35000;-24.61875;0
GYRO;30.070;5549.886;0.00316;-0.00385;0.00344;0
MAGN;30.078;5549.893;-22.25625;46.35000;-24.65625;0
ACCE;30.079;5549.894;0.00600;-0.46605;9.74505;0
AHRS;30.079;5549.894;-2.6862;0.1125;-26.0824;-0.02261;0.00624;-0.22561;3
GYRO;30.079;5549.894;0.00371;-0.00371;0.00371;0
GYRO;30.087;5549.902;0.00399;-0.00426;0.00426;0
MAGN;30.088;5549.903;-22.21875;46.35000;-24.67500;0
ACCE;30.102;5549.910;-0.03195;-0.44595;9.87900;0
AHRS;30.103;5549.910;-2.6862;0.1125;-26.0824;-0.02261;0.00624;-0.22561;3
GYRO;30.103;5549.910;0.00385;-0.00467;0.00522;0
MAGN;30.103;5549.913;-22.18125;46.33125;-24.69375;0
GYRO;30.103;5549.917;0.00330;-0.00412;0.00577;0
MAGN;30.108;5549.923;-22.16250;46.33125;-24.76875;0
ACCE;30.109;5549.925;-0.05100;-0.44595;10.03200;0
LIGH;30.114;5549.930;0.0;3
AHRS;30.117;5549.933;-2.6862;0.1125;-26.0824;-0.02261;0.00624;-0.22561;3
GYRO;30.118;5549.933;0.00261;-0.00330;0.00550;0
MAGN;30.119;5549.933;-22.16250;46.33125;-24.80625;0
ACCE;30.125;5549.941;-0.03195;-0.46605;10.01295;0
GYRO;30.128;5549.941;0.00261;-0.00206;0.00550;0
MAGN;30.129;5549.943;-22.16250;46.33125;-24.88125;0
AHRS;30.133;5549.949;-2.6862;0.1125;-26.0824;-0.02261;0.00624;-0.22561;3
GYRO;30.134;5549.949;0.00206;-0.00082;0.00536;0
MAGN;30.137;5549.953;-22.16250;46.31250;-24.93750;0
ACCE;30.141;5549.957;0.04395;-0.50400;9.95595;0
GYRO;30.142;5549.957;0.00110;0.00000;0.00467;0
MAGN;30.147;5549.963;-22.16250;46.29375;-24.93750;0
AHRS;30.148;5549.964;-2.6862;0.1125;-26.0824;-0.02261;0.00624;-0.22561;3
GYRO;30.149;5549.964;0.00041;0.00082;0.00316;0
ACCE;30.157;5549.973;0.06300;-0.52305;9.93600;0
GYRO;30.158;5549.973;0.00027;0.00206;0.00151;0
MAGN;30.159;5549.973;-22.18125;46.29375;-24.95625;0
AHRS;30.165;5549.981;-2.6862;0.1125;-26.0824;-0.02261;0.00624;-0.22561;3
GYRO;30.167;5549.981;-0.00041;0.00289;0.00055;0
MAGN;30.167;5549.983;-22.16250;46.29375;-24.95625;0
ACCE;30.172;5549.988;0.06300;-0.48495;9.95595;0
GYRO;30.173;5549.988;-0.00082;0.00385;0.00041;0
MAGN;30.177;5549.993;-22.16250;46.29375;-24.99375;0
AHRS;30.180;5549.996;-2.6862;0.1125;-26.0824;-0.02261;0.00624;-0.22561;3
GYRO;30.181;5549.996;-0.00082;0.00412;-0.00041;0
MAGN;30.187;5550.003;-22.16250;46.29375;-25.03125;0
ACCE;30.188;5550.004;0.02505;-0.42705;9.97500;0
GYRO;30.188;5550.004;-0.00055;0.00344;-0.00027;0
AHRS;30.221;5550.012;-2.6862;0.1125;-26.0824;-0.02261;0.00624;-0.22561;3
GYRO;30.222;5550.012;0.00000;0.00316;-0.00000;0
MAGN;30.222;5550.013;-22.14375;46.27500;-25.08750;0
ACCE;30.222;5550.020;0.02505;-0.38895;9.97500;0
GYRO;30.223;5550.020;0.00055;0.00192;0.00082;0
MAGN;30.223;5550.023;-22.14375;46.25625;-25.12500;0
AHRS;30.223;5550.028;-2.6862;0.1125;-26.0824;-0.02261;0.00624;-0.22561;3
GYRO;30.223;5550.028;0.00110;0.00110;0.00069;0
MAGN;30.223;5550.033;-22.12500;46.27500;-25.18125;0
ACCE;30.223;5550.035;0.02505;-0.42705;10.01295;0
GNSS;30.223;1745934496.000;24.926162;121.252895;193.900;288.010;4.2;0.0;47;12
GNSS;30.224;1745934496.000;24.926162;121.252895;193.900;288.010;4.2;0.0;47;12
GNSS;30.225;1745934495.132;24.926163;121.252895;194.900;0.000;4.2;0.0;47;12
GYRO;30.229;5550.043;0.00165;0.00014;0.00096;0
MAGN;30.229;5550.043;-22.10625;46.25625;-25.21875;0
ACCE;30.236;5550.051;0.10095;-0.54195;10.01295;0
AHRS;30.236;5550.051;-2.6862;0.1125;-26.0824;-0.02261;0.00624;-0.22561;3
GYRO;30.237;5550.051;0.00165;-0.00124;0.00192;0
MAGN;30.238;5550.053;-22.06875;46.25625;-25.21875;0
GYRO;30.244;5550.059;0.00137;-0.00330;0.00330;0
MAGN;30.248;5550.063;-22.06875;46.25625;-25.21875;0
ACCE;30.251;5550.067;0.10095;-0.52305;10.01295;0
AHRS;30.252;5550.067;-2.6862;0.1125;-26.0824;-0.02261;0.00624;-0.22561;3
GYRO;30.254;5550.067;0.00124;-0.00454;0.00385;0
MAGN;30.259;5550.073;-22.06875;46.25625;-25.23750;0
ACCE;30.267;5550.083;-0.03195;-0.44595;9.99405;0
GYRO;30.268;5550.083;0.00137;-0.00440;0.00289;0
MAGN;30.268;5550.083;-22.08750;46.23750;-25.23750;0
LIGH;30.274;5550.090;0.0;3
MAGN;30.278;5550.093;-22.08750;46.23750;-25.29375;0
ACCE;30.283;5550.099;-0.01305;-0.48495;9.95595;0
AHRS;30.284;5550.099;-2.6862;0.1125;-26.0824;-0.02261;0.00624;-0.22561;3
GYRO;30.285;5550.099;0.00096;-0.00385;0.00220;0
MAGN;30.288;5550.103;-22.06875;46.23750;-25.31250;0
GYRO;30.291;5550.107;0.00069;-0.00385;0.00082;0
MAGN;30.298;5550.113;-22.05000;46.21875;-25.31250;0
ACCE;30.299;5550.114;0.06300;-0.48495;9.87900;0
AHRS;30.300;5550.114;-2.6862;0.1125;-26.0824;-0.02261;0.00624;-0.22561;3
GYRO;30.301;5550.114;0.00027;-0.00399;0.00055;0
GYRO;30.307;5550.122;0.00000;-0.00385;-0.00014;0
MAGN;30.308;5550.123;-22.06875;46.21875;-25.29375;0
ACCE;30.314;5550.130;0.06300;-0.46605;9.76395;0
AHRS;30.315;5550.130;-2.6862;0.1125;-26.0824;-0.02261;0.00624;-0.22561;3
GYRO;30.316;5550.130;-0.00055;-0.00385;-0.00055;0
MAGN;30.317;5550.133;-22.08750;46.23750;-25.29375;0
GYRO;30.322;5550.138;-0.00055;-0.00344;-0.00124;0
MAGN;30.328;5550.143;-22.08750;46.23750;-25.33125;0
ACCE;30.331;5550.146;0.10095;-0.48495;9.74505;0
AHRS;30.332;5550.146;-2.6862;0.1125;-26.0824;-0.02261;0.00624;-0.22561;3
GYRO;30.333;5550.146;-0.00069;-0.00289;-0.00082;0
MAGN;30.338;5550.153;-22.08750;46.21875;-25.35000;0
GYRO;30.339;5550.154;-0.00041;-0.00220;-0.00082;0
ACCE;30.347;5550.162;0.17805;-0.50400;9.78300;0
AHRS;30.349;5550.162;-2.6862;0.1125;-26.0824;-0.02261;0.00624;-0.22561;3
GYRO;30.350;5550.162;-0.00110;-0.00247;-0.00041;0
MAGN;30.351;5550.163;-22.08750;46.20000;-25.35000;0
GYRO;30.354;5550.170;-0.00206;-0.00399;0.00014;0
MAGN;30.358;5550.173;-22.10625;46.21875;-25.36875;0
ACCE;30.362;5550.177;0.19695;-0.46605;9.95595;0
AHRS;30.368;5550.177;-2.6862;0.1125;-26.0824;-0.02261;0.00624;-0.22561;3
GYRO;30.369;5550.177;-0.00206;-0.00536;0.00137;0
MAGN;30.370;5550.183;-22.12500;46.21875;-25.36875;0
ACCE;30.381;5550.193;-0.03195;-0.40800;9.53400;0
GYRO;30.383;5550.193;-0.00192;-0.00495;0.00165;0
MAGN;30.384;5550.193;-22.12500;46.21875;-25.35000;0
AHRS;30.390;5550.201;-2.6862;0.1125;-26.0824;-0.02261;0.00624;-0.22561;3
GYRO;30.392;5550.201;0.00082;-0.00082;-0.00027;0
MAGN;30.393;5550.203;-22.14375;46.18125;-25.35000;0
ACCE;30.395;5550.209;-0.12795;-0.15900;8.34705;0
GYRO;30.396;5550.209;0.00289;0.00110;-0.00110;0
MAGN;30.400;5550.213;-22.16250;46.16250;-25.31250;0
AHRS;30.404;5550.217;-2.6862;0.1125;-26.0824;-0.02261;0.00624;-0.22561;3
GYRO;30.404;5550.217;0.00302;0.00234;-0.00124;0
MAGN;30.411;5550.223;-22.16250;46.16250;-25.27500;0
ACCE;30.413;5550.224;-0.14700;-0.44595;10.99005;0
GYRO;30.413;5550.224;0.00399;0.00357;-0.00192;0
AHRS;30.418;5550.233;-2.6862;0.1125;-26.0824;-0.02261;0.00624;-0.22561;3
GYRO;30.420;5550.233;0.00481;0.00550;-0.00412;0
MAGN;30.420;5550.233;-22.18125;46.14375;-25.23750;0
ACCE;30.425;5550.240;-0.01305;-0.52305;11.44905;0
GYRO;30.429;5550.240;0.00564;0.07246;-0.00577;0
MAGN;30.430;5550.243;-22.18125;46.12500;-25.20000;0
SOUN;30.430;6.84;0.00021;20.37
AHRS;30.434;5550.248;-2.6862;0.1125;-26.0824;-0.02261;0.00624;-0.22561;3
GYRO;30.434;5550.248;0.07329;0.09006;-0.00701;0
LIGH;30.435;5550.249;0.0;3
MAGN;30.438;5550.253;-22.21875;46.12500;-25.16250;0
ACCE;30.440;5550.256;0.00600;-0.50400;10.89405;0
GYRO;30.444;5550.256;0.08305;0.10849;-0.00742;0
MAGN;30.448;5550.263;-22.21875;46.14375;-25.18125;0
AHRS;30.449;5550.264;-2.6862;0.1125;-26.0824;-0.02261;0.00624;-0.22561;3
GYRO;30.449;5550.264;0.08443;0.12513;-0.00825;0
ACCE;30.457;5550.272;-0.07005;-0.37005;10.05105;0
GYRO;30.457;5550.272;0.09061;0.13434;-0.00852;0
MAGN;30.460;5550.273;-22.20000;46.14375;-25.21875;0
AHRS;30.464;5550.280;-2.6862;0.1125;-26.0824;-0.02261;0.00624;-0.22561;3
GYRO;30.465;5550.280;0.08828;0.13393;-0.00811;0
MAGN;30.465;5550.283;-22.21875;46.14375;-25.21875;0
ACCE;30.472;5550.288;0.12000;-0.17805;9.13200;0
GYRO;30.473;5550.288;0.08828;0.11908;-0.00756;0
MAGN;30.478;5550.293;-22.21875;46.12500;-25.21875;0
ACCE;30.488;5550.303;0.02505;-0.58095;9.03600;0
AHRS;30.489;5550.303;-2.6862;0.1125;-26.0824;-0.02261;0.00624;-0.22561;3
GYRO;30.490;5550.303;0.08154;0.11399;-0.00756;0
MAGN;30.491;5550.303;-22.25625;46.08750;-25.18125;0
GYRO;30.496;5550.311;0.00674;0.11440;-0.00770;0