AppTimestamp(s),wifi_rssi_20:23:00:00:00:01,wifi_rssi_20:23:00:00:00:02,wifi_rssi_20:23:00:00:00:03,wifi_rssi_20:23:00:00:00:04,wifi_rssi_20:23:00:00:00:05,wifi_rssi_20:23:00:00:00:06,wifi_rssi_20:23:00:00:00:07,wifi_rssi_20:23:00:00:00:08,wifi_rssi_20:23:00:00:00:09,wifi_rssi_20:23:00:00:00:10,wifi_rssi_20:23:00:00:00:11,wifi_rssi_20:23:00:00:00:12,wifi_rssi_20:23:00:00:00:13,wifi_rssi_20:23:00:00:00:14,wifi_rssi_20:23:00:00:00:15,wifi_rssi_20:23:00:00:00:16,wifi_rssi_20:23:00:00:00:17,wifi_rssi_20:23:00:00:00:18,wifi_rssi_20:23:00:00:00:19,wifi_rssi_20:23:00:00:00:21,wifi_rssi_20:23:00:00:00:22,wifi_rssi_20:23:00:00:00:23,wifi_rssi_20:23:00:00:00:24,wifi_rssi_20:23:00:00:00:25,wifi_rssi_20:23:00:00:00:26,wifi_rssi_20:23:00:00:00:27,wifi_rssi_20:23:00:00:00:28,wifi_rssi_20:23:00:00:00:30,wifi_rssi_20:23:00:00:00:31,wifi_rssi_20:23:00:00:00:34,wifi_rssi_20:23:00:00:00:35,wifi_rssi_20:23:00:00:00:36,wifi_rssi_20:23:00:00:00:37,wifi_rssi_20:23:00:00:00:38,wifi_rssi_20:23:00:00:00:41,wifi_rssi_20:23:00:00:00:42,wifi_rssi_20:23:00:00:00:44,wifi_rssi_20:23:00:00:00:45,wifi_rssi_20:23:00:00:00:46,wifi_rssi_20:23:00:00:00:47,wifi_rssi_20:23:00:00:00:48,wifi_rssi_20:23:00:00:00:49,wifi_rssi_20:23:00:00:00:50,wifi_rssi_20:23:00:00:00:51,wifi_rssi_20:23:00:00:00:52,wifi_rssi_20:23:00:00:00:55,wifi_rssi_20:23:00:00:00:56,wifi_rssi_20:23:00:00:00:57,wifi_rssi_20:23:00:00:00:59,wifi_rssi_20:23:00:00:00:61,wifi_rssi_20:23:00:00:00:62,wifi_rssi_20:23:00:00:00:65,wifi_rssi_20:23:00:00:00:67,wifi_rssi_20:23:00:00:00:68,wifi_rssi_20:23:00:00:00:69,wifi_rssi_20:23:00:00:00:71,wifi_rssi_20:23:00:00:00:72,wifi_rssi_20:23:00:00:00:73,wifi_rssi_20:23:00:00:00:79,wifi_rssi_20:23:00:00:00:80,wifi_rssi_20:23:00:00:00:82,wifi_rssi_20:23:00:00:00:84,wifi_rssi_20:23:00:00:00:88,wifi_rssi_20:23:00:00:00:89,wifi_rssi_20:23:00:00:00:90,wifi_rssi_20:23:00:00:00:91,wifi_rssi_20:23:00:00:00:92,wifi_rssi_20:23:00:00:00:93,wifi_rssi_20:23:00:00:00:94,wifi_rssi_20:23:00:00:00:95,wifi_rssi_20:23:00:00:00:96,wifi_rssi_20:23:00:00:00:97,wifi_rssi_20:23:00:00:00:98,wifi_rssi_20:23:00:00:00:99,wifi_rssi_20:23:00:00:01:00,wifi_rssi_20:23:00:00:01:01,wifi_rssi_20:23:00:00:01:02,wifi_rssi_20:23:00:00:01:03,wifi_rssi_20:23:00:00:01:04,wifi_rssi_20:23:00:00:01:05,wifi_rssi_20:23:00:00:01:06,wifi_rssi_20:23:00:00:01:07,wifi_rssi_20:23:00:00:01:08,wifi_rssi_20:23:00:00:01:09,wifi_rssi_20:23:00:00:01:10,wifi_rssi_20:23:00:00:01:11,wifi_rssi_20:23:00:00:01:12,wifi_rssi_20:23:00:00:01:13,wifi_rssi_20:23:00:00:01:14,wifi_rssi_20:23:00:00:01:15,wifi_rssi_20:23:00:00:01:16,wifi_rssi_20:23:00:00:01:17,wifi_rssi_20:23:00:00:01:18,wifi_rssi_20:23:00:00:01:19,wifi_rssi_20:23:00:00:01:20,wifi_rssi_20:23:00:00:01:21,wifi_rssi_20:23:00:00:01:22,wifi_rssi_20:23:00:00:01:23,wifi_rssi_20:23:00:00:01:24,wifi_rssi_20:23:00:00:01:26,wifi_rssi_20:23:00:00:01:27,wifi_rssi_20:23:00:00:01:28,wifi_rssi_20:23:00:00:01:29,wifi_rssi_20:23:00:00:01:31,wifi_rssi_20:23:00:00:01:32,wifi_rssi_20:23:00:00:01:33,wifi_rssi_20:23:00:00:01:34,wifi_rssi_20:23:00:00:01:35,wifi_rssi_20:23:00:00:01:36,wifi_rssi_20:23:00:00:01:37,wifi_rssi_20:23:00:00:01:38,wifi_rssi_20:23:00:00:01:39,wifi_rssi_20:23:00:00:01:40,wifi_rssi_20:23:00:00:01:41,wifi_rssi_20:23:00:00:01:42,wifi_rssi_20:23:00:00:01:43,wifi_rssi_20:23:00:00:01:44,wifi_rssi_20:23:00:00:01:45,wifi_rssi_20:23:00:00:01:46,wifi_rssi_20:23:00:00:01:47,wifi_rssi_20:23:00:00:01:51,wifi_rssi_20:23:00:00:01:52,wifi_rssi_20:23:00:00:01:54,wifi_rssi_20:23:00:00:01:55,wifi_rssi_20:23:00:00:01:56,wifi_rssi_20:23:00:00:01:58,wifi_rssi_20:23:00:00:01:59,wifi_rssi_20:23:00:00:01:60,wifi_rssi_20:23:00:00:01:62,wifi_rssi_20:23:00:00:01:64,wifi_rssi_20:23:00:00:01:65,wifi_rssi_20:23:00:00:01:66,wifi_rssi_20:23:00:00:01:67,wifi_rssi_20:23:00:00:01:68,wifi_rssi_20:23:00:00:01:69,wifi_rssi_20:23:00:00:01:70,wifi_rssi_20:23:00:00:01:71,wifi_rssi_20:23:00:00:01:72,wifi_rssi_20:23:00:00:01:73,wifi_rssi_20:23:00:00:01:74,wifi_rssi_20:23:00:00:01:75,wifi_rssi_20:23:00:00:01:76,wifi_rssi_20:23:00:00:01:77,wifi_rssi_20:23:00:00:01:81,wifi_rssi_20:23:00:00:01:82,wifi_rssi_20:23:00:00:01:83,wifi_rssi_20:23:00:00:01:84,wifi_rssi_20:23:00:00:01:85,wifi_rssi_20:23:00:00:01:86,wifi_rssi_20:23:00:00:01:87,wifi_rssi_20:23:00:00:01:88,wifi_rssi_20:23:00:00:01:89,wifi_rssi_20:23:00:00:01:90,wifi_rssi_20:23:00:00:01:91,wifi_rssi_20:23:00:00:01:92,wifi_rssi_20:23:00:00:01:93,wifi_rssi_20:23:00:00:01:94,wifi_rssi_20:23:00:00:01:95,wifi_rssi_20:23:00:00:01:96,wifi_rssi_20:23:00:00:01:97,wifi_rssi_20:23:00:00:01:98,wifi_rssi_20:23:00:00:02:01,wifi_rssi_20:23:00:00:02:07,wifi_rssi_20:23:00:00:02:09,wifi_rssi_20:23:00:00:02:10,wifi_rssi_20:23:00:00:02:11,wifi_rssi_20:23:00:00:02:12,wifi_rssi_20:23:00:00:02:14,wifi_rssi_20:23:00:00:02:15,wifi_rssi_20:23:00:00:02:16,wifi_rssi_20:23:00:00:02:17,wifi_rssi_20:23:00:00:02:18,wifi_rssi_20:23:00:00:02:19,wifi_rssi_20:23:00:00:02:20,wifi_rssi_20:23:00:00:02:21,wifi_rssi_20:23:00:00:02:22,wifi_rssi_20:23:00:00:02:23,wifi_rssi_20:23:00:00:02:24,wifi_rssi_20:23:00:00:02:25,wifi_rssi_20:23:00:00:02:26,wifi_rssi_20:23:00:00:02:27,wifi_rssi_20:23:00:00:02:28,wifi_rssi_20:23:00:00:02:29,wifi_rssi_20:23:00:00:02:30,wifi_rssi_20:23:00:00:02:34,wifi_rssi_20:23:00:00:02:35,wifi_rssi_20:23:00:00:02:39,wifi_rssi_20:23:00:00:02:54,wifi_rssi_20:23:00:00:02:55,wifi_rssi_20:23:00:00:02:56,wifi_rssi_20:23:00:00:02:57,wifi_rssi_20:23:00:00:02:58,wifi_rssi_20:23:00:00:02:59,wifi_rssi_20:23:00:00:02:60,wifi_rssi_20:23:00:00:02:61,wifi_rssi_20:23:00:00:02:65,wifi_rssi_20:23:00:00:02:67,wifi_rssi_20:23:00:00:02:70,wifi_rssi_20:23:00:00:02:73,wifi_rssi_20:23:00:00:02:74,wifi_rssi_20:23:00:00:02:82,wifi_rssi_20:23:00:00:02:88,wifi_rssi_20:23:00:00:02:89,wifi_rssi_20:23:00:00:03:08,wifi_rssi_20:23:00:00:03:11,wifi_rssi_20:23:00:00:03:12,wifi_rssi_20:23:00:00:03:13,wifi_rssi_20:23:00:00:03:15,wifi_rssi_20:23:00:00:03:16,wifi_rssi_20:23:00:00:03:17,wifi_rssi_20:23:00:00:03:20,wifi_rssi_20:23:00:00:03:21,wifi_rssi_20:23:00:00:03:22,wifi_rssi_20:23:00:00:03:25,wifi_rssi_20:23:00:00:03:26,wifi_rssi_20:23:00:00:03:27,wifi_rssi_20:23:00:00:03:28,wifi_rssi_20:23:00:00:03:29,wifi_rssi_20:23:00:00:03:30,wifi_rssi_20:23:00:00:03:31,wifi_rssi_20:23:00:00:03:32,wifi_rssi_20:23:00:00:03:33,wifi_rssi_20:23:00:00:03:34,wifi_rssi_20:23:00:00:03:35,wifi_rssi_20:23:00:00:03:36,wifi_rssi_20:23:00:00:03:37,wifi_rssi_20:23:00:00:03:38,wifi_rssi_20:23:00:00:03:39,wifi_rssi_20:23:00:00:03:40,wifi_rssi_20:23:00:00:03:41,wifi_rssi_20:23:00:00:03:42,wifi_rssi_20:23:00:00:03:43,wifi_rssi_20:23:00:00:03:44,wifi_rssi_20:23:00:00:03:45,wifi_rssi_20:23:00:00:03:46,wifi_rssi_20:23:00:00:03:47,wifi_rssi_20:23:00:00:03:48
1.3264,-65.0,-100,-100,-100,-100,-100,-100,-100,-71.0,-100,-100,-77.0,-100,-100,-100.0,-100,-100,-100,-100,-100,-100,-100,-100,-100,-100,-100,-100,-100,-100,-100,-100,-100,-100,-100,-100,-100,-100.0,-100,-100,-100,-100,-100,-100,-100,-100,-77.0,-100,-100,-100,-100,-100,-100.0,-100,-100,-100.0,-100,-100,-64.0,-100,-100,-100.0,-100,-100,-100.0,-56.0,-100,-100,-100,-100,-100,-100,-100,-100,-100,-100,-100,-100,-100,-100,-100,-100,-100,-100,-100,-100,-100,-100,-100,-100,-100,-100,-100,-100,-100,-100,-100,-100,-100,-100,-100,-100,-100,-100,-100,-100,-100,-100,-100,-100,-100,-100,-100,-100,-100,-100,-100,-100,-100,-100,-100,-100,-100,-100,-100,-100,-100,-100,-100,-100.0,-100,-100,-100,-100,-100,-100,-100,-100.0,-100,-100,-100.0,-100,-100,-100,-100.0,-100.0,-100,-100,-100,-100,-100,-100,-100,-100.0,-100,-100,-100,-100.0,-100,-100,-100,-100,-100,-100,-100,-100,-100,-100,-100,-100,-100,-100,-100,-100,-100,-100,-100,-100,-100,-100,-100,-100,-100,-100,-100,-100,-100,-100,-100,-100.0,-100,-100,-100,-100,-100,-100,-100,-100,-100,-100,-100,-100,-100,-100,-100,-100.0,-100,-100,-100,-100,-100,-100,-100,-100,-100,-100,-100,-100,-100,-100,-100,-100,-100,-100,-100,-100,-100,-100,-100,-100,-100,-100,-100,-100,-100,-100,-100,-100
3.288,-64.7734375,-100,-100,-100,-100,-100,-100,-100,-71.6796875,-100,-100,-76.546875,-100,-100,-100.0,-100,-100,-100,-100,-100,-100,-100,-100,-100,-100,-100,-100,-100,-100,-100,-100,-100,-100,-100,-100,-100,-100.0,-100,-100,-100,-100,-100,-100,-100,-100,-77.90625,-100,-100,-100,-100,-100,-100.0,-100,-100,-100.0,-100,-100,-65.1328125,-100,-100,-100.0,-100,-100,-100.0,-56.453125,-100,-100,-100,-100,-100,-100,-100,-100,-100,-100,-100,-100,-100,-100,-100,-100,-100,-100,-100,-100,-100,-100,-100,-100,-100,-100,-100,-100,-100,-100,-100,-100,-100,-100,-100,-100,-100,-100,-100,-100,-100,-100,-100,-100,-100,-100,-100,-100,-100,-100,-100,-100,-100,-100,-100,-100,-100,-100,-100,-100,-100,-100,-100,-100.0,-100,-100,-100,-100,-100,-100,-100,-100.0,-100,-100,-100.0,-100,-100,-100,-100.0,-100.0,-100,-100,-100,-100,-100,-100,-100,-100.0,-100,-100,-100,-100.0,-100,-100,-100,-100,-100,-100,-100,-100,-100,-100,-100,-100,-100,-100,-100,-100,-100,-100,-100,-100,-100,-100,-100,-100,-100,-100,-100,-100,-100,-100,-100,-100.0,-100,-100,-100,-100,-100,-100,-100,-100,-100,-100,-100,-100,-100,-100,-100,-100.0,-100,-100,-100,-100,-100,-100,-100,-100,-100,-100,-100,-100,-100,-100,-100,-100,-100,-100,-100,-100,-100,-100,-100,-100,-100,-100,-100,-100,-100,-100,-100,-100
5.3049,-64.57819597663854,-100,-100,-100,-100,-100,-100,-100,-71.25567813108371,-100,-100,-75.39909149902661,-100,-100,-100.0,-100,-100,-100,-100,-100,-100,-100,-100,-100,-100,-100,-100,-100,-100,-100,-100,-100,-100,-100,-100,-100,-100.0,-100,-100,-100,-100,-100,-100,-100,-100,-77.425048669695,-100,-100,-100,-100,-100,-100.0,-100,-100,-100.0,-100,-100,-63.83711875405581,-100,-100,-100.0,-100,-100,-100.0,-55.83387410772226,-100,-100,-100,-100,-100,-100,-100,-100,-100,-100,-100,-100,-100,-100,-100,-100,-100,-100,-100,-100,-100,-100,-100,-100,-100,-100,-100,-100,-100,-100,-100,-100,-100,-100,-100,-100,-100,-100,-100,-100,-100,-100,-100,-100,-100,-100,-100,-100,-100,-100,-100,-100,-100,-100,-100,-100,-100,-100,-100,-100,-100,-100,-100,-100.0,-100,-100,-100,-100,-100,-100,-100,-100.0,-100,-100,-100.0,-100,-100,-100,-100.0,-100.0,-100,-100,-100,-100,-100,-100,-100,-100.0,-100,-100,-100,-100.0,-100,-100,-100,-100,-100,-100,-100,-100,-100,-100,-100,-100,-100,-100,-100,-100,-100,-100,-100,-100,-100,-100,-100,-100,-100,-100,-100,-100,-100,-100,-100,-100.0,-100,-100,-100,-100,-100,-100,-100,-100,-100,-100,-100,-100,-100,-100,-100,-100.0,-100,-100,-100,-100,-100,-100,-100,-100,-100,-100,-100,-100,-100,-100,-100,-100,-100,-100,-100,-100,-100,-100,-100,-100,-100,-100,-100,-100,-100,-100,-100,-100
7.3042,-64.69065623182274,-100,-100,-100,-100,-100,-100,-100,-70.9208926021892,-100,-100,-100.0,-100,-100,-67.0,-100,-100,-100,-100,-100,-100,-100,-100,-100,-100,-100,-100,-100,-100,-100,-100,-100,-100,-100,-100,-100,-100.0,-100,-100,-100,-100,-100,-100,-100,-100,-77.57834064829993,-100,-100,-100,-100,-100,-100.0,-100,-100,-100.0,-100,-100,-63.08069377610914,-100,-100,-100.0,-100,-100,-100.0,-54.27846227063614,-100,-100,-100,-100,-100,-100,-100,-100,-100,-100,-100,-100,-100,-100,-100,-100,-100,-100,-100,-100,-100,-100,-100,-100,-100,-100,-100,-100,-100,-100,-100,-100,-100,-100,-100,-100,-100,-100,-100,-100,-100,-100,-100,-100,-100,-100,-100,-100,-100,-100,-100,-100,-100,-100,-100,-100,-100,-100,-100,-100,-100,-100,-100,-100.0,-100,-100,-100,-100,-100,-100,-100,-100.0,-100,-100,-100.0,-100,-100,-100,-100.0,-100.0,-100,-100,-100,-100,-100,-100,-100,-100.0,-100,-100,-100,-100.0,-100,-100,-100,-100,-100,-100,-100,-100,-100,-100,-100,-100,-100,-100,-100,-100,-100,-100,-100,-100,-100,-100,-100,-100,-100,-100,-100,-100,-100,-100,-100,-100.0,-100,-100,-100,-100,-100,-100,-100,-100,-100,-100,-100,-100,-100,-100,-100,-100.0,-100,-100,-100,-100,-100,-100,-100,-100,-100,-100,-100,-100,-100,-100,-100,-100,-100,-100,-100,-100,-100,-100,-100,-100,-100,-100,-100,-100,-100,-100,-100,-100
9.3365,-67.24297618641465,-100,-100,-100,-100,-100,-100,-100,-71.2167488314967,-100,-100,-76.89239067209562,-100,-100,-100.0,-100,-100,-100,-100,-100,-100,-100,-100,-100,-100,-100,-100,-100,-100,-100,-100,-100,-100,-100,-100,-100,-100.0,-100,-100,-100,-100,-100,-100,-100,-100,-77.41977841083552,-100,-100,-100,-100,-100,-100.0,-100,-100,-100.0,-100,-100,-61.68773242127529,-100,-100,-100.0,-100,-100,-100.0,-55.298787144757945,-100,-100,-100,-100,-100,-100,-100,-100,-100,-100,-100,-100,-100,-100,-100,-100,-100,-100,-100,-100,-100,-100,-100,-100,-100,-100,-100,-100,-100,-100,-100,-100,-100,-100,-100,-100,-100,-100,-100,-100,-100,-100,-100,-100,-100,-100,-100,-100,-100,-100,-100,-100,-100,-100,-100,-100,-100,-100,-100,-100,-100,-100,-100,-100.0,-100,-100,-100,-100,-100,-100,-100,-100.0,-100,-100,-100.0,-100,-100,-100,-100.0,-100.0,-100,-100,-100,-100,-100,-100,-100,-100.0,-100,-100,-100,-100.0,-100,-100,-100,-100,-100,-100,-100,-100,-100,-100,-100,-100,-100,-100,-100,-100,-100,-100,-100,-100,-100,-100,-100,-100,-100,-100,-100,-100,-100,-100,-100,-100.0,-100,-100,-100,-100,-100,-100,-100,-100,-100,-100,-100,-100,-100,-100,-100,-100.0,-100,-100,-100,-100,-100,-100,-100,-100,-100,-100,-100,-100,-100,-100,-100,-100,-100,-100,-100,-100,-100,-100,-100,-100,-100,-100,-100,-100,-100,-100,-100,-100
11.3041,-66.61915162096145,-100,-100,-100,-100,-100,-100,-100,-71.71271302943306,-100,-100,-78.29273139776876,-100,-100,-100.0,-100,-100,-100,-100,-100,-100,-100,-100,-100,-100,-100,-100,-100,-100,-100,-100,-100,-100,-100,-100,-100,-100.0,-100,-100,-100,-100,-100,-100,-100,-100,-78.13739887483449,-100,-100,-100,-100,-100,-100.0,-100,-100,-100.0,-100,-100,-63.44332287434056,-100,-100,-100.0,-100,-100,-100.0,-56.328181712143845,-100,-100,-100,-100,-100,-100,-100,-100,-100,-100,-100,-100,-100,-100,-100,-100,-100,-100,-100,-100,-100,-100,-100,-100,-100,-100,-100,-100,-100,-100,-100,-100,-100,-100,-100,-100,-100,-100,-100,-100,-100,-100,-100,-100,-100,-100,-100,-100,-100,-100,-100,-100,-100,-100,-100,-100,-100,-100,-100,-100,-100,-100,-100,-100.0,-100,-100,-100,-100,-100,-100,-100,-100.0,-100,-100,-100.0,-100,-100,-100,-100.0,-100.0,-100,-100,-100,-100,-100,-100,-100,-100.0,-100,-100,-100,-100.0,-100,-100,-100,-100,-100,-100,-100,-100,-100,-100,-100,-100,-100,-100,-100,-100,-100,-100,-100,-100,-100,-100,-100,-100,-100,-100,-100,-100,-100,-100,-100,-100.0,-100,-100,-100,-100,-100,-100,-100,-100,-100,-100,-100,-100,-100,-100,-100,-100.0,-100,-100,-100,-100,-100,-100,-100,-100,-100,-100,-100,-100,-100,-100,-100,-100,-100,-100,-100,-100,-100,-100,-100,-100,-100,-100,-100,-100,-100,-100,-100,-100
13.3315,-66.44567820339839,-100,-100,-100,-100,-100,-100,-100,-71.2328464305874,-100,-100,-100.0,-100,-100,-68.5859375,-100,-100,-100,-100,-100,-100,-100,-100,-100,-100,-100,-100,-100,-100,-100,-100,-100,-100,-100,-100,-100,-100.0,-100,-100,-100,-100,-100,-100,-100,-100,-100.0,-100,-100,-100,-100,-100,-100.0,-100,-100,-100.0,-100,-100,-63.87947145554117,-100,-100,-100.0,-100,-100,-79.0,-57.076769673170546,-100,-100,-100,-100,-100,-100,-100,-100,-100,-100,-100,-100,-100,-100,-100,-100,-100,-100,-100,-100,-100,-100,-100,-100,-100,-100,-100,-100,-100,-100,-100,-100,-100,-100,-100,-100,-100,-100,-100,-100,-100,-100,-100,-100,-100,-100,-100,-100,-100,-100,-100,-100,-100,-100,-100,-100,-100,-100,-100,-100,-100,-100,-100,-100.0,-100,-100,-100,-100,-100,-100,-100,-100.0,-100,-100,-100.0,-100,-100,-100,-100.0,-100.0,-100,-100,-100,-100,-100,-100,-100,-100.0,-100,-100,-100,-100.0,-100,-100,-100,-100,-100,-100,-100,-100,-100,-100,-100,-100,-100,-100,-100,-100,-100,-100,-100,-100,-100,-100,-100,-100,-100,-100,-100,-100,-100,-100,-100,-100.0,-100,-100,-100,-100,-100,-100,-100,-100,-100,-100,-100,-100,-100,-100,-100,-100.0,-100,-100,-100,-100,-100,-100,-100,-100,-100,-100,-100,-100,-100,-100,-100,-100,-100,-100,-100,-100,-100,-100,-100,-100,-100,-100,-100,-100,-100,-100,-100,-100
15.3026,-63.789149611273515,-100,-100,-100,-100,-100,-100,-100,-71.16736005818409,-100,-100,-79.04568663179272,-100,-100,-70.70992861778066,-100,-100,-100,-100,-100,-100,-100,-100,-100,-100,-100,-100,-100,-100,-100,-100,-100,-100,-100,-100,-100,-100.0,-100,-100,-100,-100,-100,-100,-100,-100,-100.0,-100,-100,-100,-100,-100,-100.0,-100,-100,-100.0,-100,-100,-64.19461199416084,-100,-100,-100.0,-100,-100,-100.0,-56.77393600021296,-100,-100,-100,-100,-100,-100,-100,-100,-100,-100,-100,-100,-100,-100,-100,-100,-100,-100,-100,-100,-100,-100,-100,-100,-100,-100,-100,-100,-100,-100,-100,-100,-100,-100,-100,-100,-100,-100,-100,-100,-100,-100,-100,-100,-100,-100,-100,-100,-100,-100,-100,-100,-100,-100,-100,-100,-100,-100,-100,-100,-100,-100,-100,-100.0,-100,-100,-100,-100,-100,-100,-100,-100.0,-100,-100,-100.0,-100,-100,-100,-100.0,-100.0,-100,-100,-100,-100,-100,-100,-100,-100.0,-100,-100,-100,-100.0,-100,-100,-100,-100,-100,-100,-100,-100,-100,-100,-100,-100,-100,-100,-100,-100,-100,-100,-100,-100,-100,-100,-100,-100,-100,-100,-100,-100,-100,-100,-100,-100.0,-100,-100,-100,-100,-100,-100,-100,-100,-100,-100,-100,-100,-100,-100,-100,-100.0,-100,-100,-100,-100,-100,-100,-100,-100,-100,-100,-100,-100,-100,-100,-100,-100,-100,-100,-100,-100,-100,-100,-100,-100,-100,-100,-100,-100,-100,-100,-100,-100
17.3032,-65.25752439582308,-100,-100,-100,-100,-100,-100,-100,-70.83840759437199,-100,-100,-78.4725277491121,-100,-100,-100.0,-100,-100,-100,-100,-100,-100,-100,-100,-100,-100,-100,-100,-100,-100,-100,-100,-100,-100,-100,-100,-100,-100.0,-100,-100,-100,-100,-100,-100,-100,-100,-78.65926100327006,-100,-100,-100,-100,-100,-100.0,-100,-100,-100.0,-100,-100,-63.576188383099655,-100,-100,-100.0,-100,-100,-100.0,-57.683014303608296,-100,-100,-100,-100,-100,-100,-100,-100,-100,-100,-100,-100,-100,-100,-100,-100,-100,-100,-100,-100,-100,-100,-100,-100,-100,-100,-100,-100,-100,-100,-100,-100,-100,-100,-100,-100,-100,-100,-100,-100,-100,-100,-100,-100,-100,-100,-100,-100,-100,-100,-100,-100,-100,-100,-100,-100,-100,-100,-100,-100,-100,-100,-100,-100.0,-100,-100,-100,-100,-100,-100,-100,-100.0,-100,-100,-100.0,-100,-100,-100,-100.0,-100.0,-100,-100,-100,-100,-100,-100,-100,-100.0,-100,-100,-100,-100.0,-100,-100,-100,-100,-100,-100,-100,-100,-100,-100,-100,-100,-100,-100,-100,-100,-100,-100,-100,-100,-100,-100,-100,-100,-100,-100,-100,-100,-100,-100,-100,-100.0,-100,-100,-100,-100,-100,-100,-100,-100,-100,-100,-100,-100,-100,-100,-100,-100.0,-100,-100,-100,-100,-100,-100,-100,-100,-100,-100,-100,-100,-100,-100,-100,-100,-100,-100,-100,-100,-100,-100,-100,-100,-100,-100,-100,-100,-100,-100,-100,-100
19.3159,-63.21035921738601,-100,-100,-100,-100,-100,-100,-100,-72.2943630499497,-100,-100,-79.74584653316812,-100,-100,-100.0,-100,-100,-100,-100,-100,-100,-100,-100,-100,-100,-100,-100,-100,-100,-100,-100,-100,-100,-100,-100,-100,-80.0,-100,-100,-100,-100,-100,-100,-100,-100,-100.0,-100,-100,-100,-100,-100,-100.0,-100,-100,-100.0,-100,-100,-65.38818414608001,-100,-100,-100.0,-100,-100,-100.0,-57.490353139489294,-100,-100,-100,-100,-100,-100,-100,-100,-100,-100,-100,-100,-100,-100,-100,-100,-100,-100,-100,-100,-100,-100,-100,-100,-100,-100,-100,-100,-100,-100,-100,-100,-100,-100,-100,-100,-100,-100,-100,-100,-100,-100,-100,-100,-100,-100,-100,-100,-100,-100,-100,-100,-100,-100,-100,-100,-100,-100,-100,-100,-100,-100,-100,-100.0,-100,-100,-100,-100,-100,-100,-100,-100.0,-100,-100,-100.0,-100,-100,-100,-100.0,-100.0,-100,-100,-100,-100,-100,-100,-100,-100.0,-100,-100,-100,-100.0,-100,-100,-100,-100,-100,-100,-100,-100,-100,-100,-100,-100,-100,-100,-100,-100,-100,-100,-100,-100,-100,-100,-100,-100,-100,-100,-100,-100,-100,-100,-100,-100.0,-100,-100,-100,-100,-100,-100,-100,-100,-100,-100,-100,-100,-100,-100,-100,-100.0,-100,-100,-100,-100,-100,-100,-100,-100,-100,-100,-100,-100,-100,-100,-100,-100,-100,-100,-100,-100,-100,-100,-100,-100,-100,-100,-100,-100,-100,-100,-100,-100
21.2922,-64.84431590443873,-100,-100,-100,-100,-100,-100,-100,-70.51796327276709,-100,-100,-78.6902977866533,-100,-100,-100.0,-100,-100,-100,-100,-100,-100,-100,-100,-100,-100,-100,-100,-100,-100,-100,-100,-100,-100,-100,-100,-100,-100.0,-100,-100,-100,-100,-100,-100,-100,-100,-79.31757689521709,-100,-100,-100,-100,-100,-100.0,-100,-100,-100.0,-100,-100,-66.40751347729476,-100,-100,-100.0,-100,-100,-100.0,-56.223082368299224,-100,-100,-100,-100,-100,-100,-100,-100,-100,-100,-100,-100,-100,-100,-100,-100,-100,-100,-100,-100,-100,-100,-100,-100,-100,-100,-100,-100,-100,-100,-100,-100,-100,-100,-100,-100,-100,-100,-100,-100,-100,-100,-100,-100,-100,-100,-100,-100,-100,-100,-100,-100,-100,-100,-100,-100,-100,-100,-100,-100,-100,-100,-100,-100.0,-100,-100,-100,-100,-100,-100,-100,-100.0,-100,-100,-100.0,-100,-100,-100,-100.0,-100.0,-100,-100,-100,-100,-100,-100,-100,-100.0,-100,-100,-100,-100.0,-100,-100,-100,-100,-100,-100,-100,-100,-100,-100,-100,-100,-100,-100,-100,-100,-100,-100,-100,-100,-100,-100,-100,-100,-100,-100,-100,-100,-100,-100,-100,-100.0,-100,-100,-100,-100,-100,-100,-100,-100,-100,-100,-100,-100,-100,-100,-100,-100.0,-100,-100,-100,-100,-100,-100,-100,-100,-100,-100,-100,-100,-100,-100,-100,-100,-100,-100,-100,-100,-100,-100,-100,-100,-100,-100,-100,-100,-100,-100,-100,-100
23.3218,-64.32367311297783,-100,-100,-100,-100,-100,-100,-100,-70.93633614308561,-100,-100,-77.0852078347024,-100,-100,-100.0,-100,-100,-100,-100,-100,-100,-100,-100,-100,-100,-100,-100,-100,-100,-100,-100,-100,-100,-100,-100,-100,-100.0,-100,-100,-100,-100,-100,-100,-100,-100,-77.81912745887692,-100,-100,-100,-100,-100,-100.0,-100,-100,-100.0,-100,-100,-66.01017821381093,-100,-100,-100.0,-100,-100,-100.0,-55.31321947696858,-100,-100,-100,-100,-100,-100,-100,-100,-100,-100,-100,-100,-100,-100,-100,-100,-100,-100,-100,-100,-100,-100,-100,-100,-100,-100,-100,-100,-100,-100,-100,-100,-100,-100,-100,-100,-100,-100,-100,-100,-100,-100,-100,-100,-100,-100,-100,-100,-100,-100,-100,-100,-100,-100,-100,-100,-100,-100,-100,-100,-100,-100,-100,-100.0,-100,-100,-100,-100,-100,-100,-100,-100.0,-100,-100,-100.0,-100,-100,-100,-100.0,-100.0,-100,-100,-100,-100,-100,-100,-100,-100.0,-100,-100,-100,-100.0,-100,-100,-100,-100,-100,-100,-100,-100,-100,-100,-100,-100,-100,-100,-100,-100,-100,-100,-100,-100,-100,-100,-100,-100,-100,-100,-100,-100,-100,-100,-100,-100.0,-100,-100,-100,-100,-100,-100,-100,-100,-100,-100,-100,-100,-100,-100,-100,-100.0,-100,-100,-100,-100,-100,-100,-100,-100,-100,-100,-100,-100,-100,-100,-100,-100,-100,-100,-100,-100,-100,-100,-100,-100,-100,-100,-100,-100,-100,-100,-100,-100
25.3169,-63.38528521886533,-100,-100,-100,-100,-100,-100,-100,-70.67197605964037,-100,-100,-100.0,-100,-100,-100.0,-100,-100,-100,-100,-100,-100,-100,-100,-100,-100,-100,-100,-100,-100,-100,-100,-100,-100,-100,-100,-100,-100.0,-100,-100,-100,-100,-100,-100,-100,-100,-78.99844649590239,-100,-100,-100,-100,-100,-100.0,-100,-100,-100.0,-100,-100,-64.03096240413173,-100,-100,-83.0,-100,-100,-100.0,-55.22478678356082,-100,-100,-100,-100,-100,-100,-100,-100,-100,-100,-100,-100,-100,-100,-100,-100,-100,-100,-100,-100,-100,-100,-100,-100,-100,-100,-100,-100,-100,-100,-100,-100,-100,-100,-100,-100,-100,-100,-100,-100,-100,-100,-100,-100,-100,-100,-100,-100,-100,-100,-100,-100,-100,-100,-100,-100,-100,-100,-100,-100,-100,-100,-100,-100.0,-100,-100,-100,-100,-100,-100,-100,-100.0,-100,-100,-100.0,-100,-100,-100,-100.0,-100.0,-100,-100,-100,-100,-100,-100,-100,-100.0,-100,-100,-100,-100.0,-100,-100,-100,-100,-100,-100,-100,-100,-100,-100,-100,-100,-100,-100,-100,-100,-100,-100,-100,-100,-100,-100,-100,-100,-100,-100,-100,-100,-100,-100,-100,-100.0,-100,-100,-100,-100,-100,-100,-100,-100,-100,-100,-100,-100,-100,-100,-100,-100.0,-100,-100,-100,-100,-100,-100,-100,-100,-100,-100,-100,-100,-100,-100,-100,-100,-100,-100,-100,-100,-100,-100,-100,-100,-100,-100,-100,-100,-100,-100,-100,-100
27.3158,-62.711789137246726,-100,-100,-100,-100,-100,-100,-100,-70.19988604884344,-100,-100,-77.0611604168178,-100,-100,-73.9866744222939,-100,-100,-100,-100,-100,-100,-100,-100,-100,-100,-100,-100,-100,-100,-100,-100,-100,-100,-100,-100,-100,-100.0,-100,-100,-100,-100,-100,-100,-100,-100,-100.0,-100,-100,-100,-100,-100,-100.0,-100,-100,-100.0,-100,-100,-64.02222002913385,-100,-100,-100.0,-100,-100,-100.0,-55.44367174522554,-100,-100,-100,-100,-100,-100,-100,-100,-100,-100,-100,-100,-100,-100,-100,-100,-100,-100,-100,-100,-100,-100,-100,-100,-100,-100,-100,-100,-100,-100,-100,-100,-100,-100,-100,-100,-100,-100,-100,-100,-100,-100,-100,-100,-100,-100,-100,-100,-100,-100,-100,-100,-100,-100,-100,-100,-100,-100,-100,-100,-100,-100,-100,-100.0,-100,-100,-100,-100,-100,-100,-100,-100.0,-100,-100,-100.0,-100,-100,-100,-100.0,-100.0,-100,-100,-100,-100,-100,-100,-100,-100.0,-100,-100,-100,-100.0,-100,-100,-100,-100,-100,-100,-100,-100,-100,-100,-100,-100,-100,-100,-100,-100,-100,-100,-100,-100,-100,-100,-100,-100,-100,-100,-100,-100,-100,-100,-100,-100.0,-100,-100,-100,-100,-100,-100,-100,-100,-100,-100,-100,-100,-100,-100,-100,-100.0,-100,-100,-100,-100,-100,-100,-100,-100,-100,-100,-100,-100,-100,-100,-100,-100,-100,-100,-100,-100,-100,-100,-100,-100,-100,-100,-100,-100,-100,-100,-100,-100
29.3187,-62.228440149120516,-100,-100,-100,-100,-100,-100,-100,-70.70817485490682,-100,-100,-75.91471154062812,-100,-100,-73.71616031524002,-100,-100,-100,-100,-100,-100,-100,-100,-100,-100,-100,-100,-100,-100,-100,-100,-100,-100,-100,-100,-100,-100.0,-100,-100,-100,-100,-100,-100,-100,-100,-100.0,-100,-100,-100,-100,-100,-100.0,-100,-100,-100.0,-100,-100,-64.2983106697652,-100,-100,-100.0,-100,-100,-100.0,-55.03602966942436,-100,-100,-100,-100,-100,-100,-100,-100,-100,-100,-100,-100,-100,-100,-100,-100,-100,-100,-100,-100,-100,-100,-100,-100,-100,-100,-100,-100,-100,-100,-100,-100,-100,-100,-100,-100,-100,-100,-100,-100,-100,-100,-100,-100,-100,-100,-100,-100,-100,-100,-100,-100,-100,-100,-100,-100,-100,-100,-100,-100,-100,-100,-100,-100.0,-100,-100,-100,-100,-100,-100,-100,-100.0,-100,-100,-100.0,-100,-100,-100,-100.0,-100.0,-100,-100,-100,-100,-100,-100,-100,-100.0,-100,-100,-100,-100.0,-100,-100,-100,-100,-100,-100,-100,-100,-100,-100,-100,-100,-100,-100,-100,-100,-100,-100,-100,-100,-100,-100,-100,-100,-100,-100,-100,-100,-100,-100,-100,-100.0,-100,-100,-100,-100,-100,-100,-100,-100,-100,-100,-100,-100,-100,-100,-100,-100.0,-100,-100,-100,-100,-100,-100,-100,-100,-100,-100,-100,-100,-100,-100,-100,-100,-100,-100,-100,-100,-100,-100,-100,-100,-100,-100,-100,-100,-100,-100,-100,-100
31.3068,-62.16393548549014,-100,-100,-100,-100,-100,-100,-100,-70.50820746308396,-100,-100,-76.221126015601,-100,-100,-100.0,-100,-100,-100,-100,-100,-100,-100,-100,-100,-100,-100,-100,-100,-100,-100,-100,-100,-100,-100,-100,-100,-100.0,-100,-100,-100,-100,-100,-100,-100,-100,-79.84554713715366,-100,-100,-100,-100,-100,-100.0,-100,-100,-100.0,-100,-100,-64.77881682541599,-100,-100,-100.0,-100,-100,-100.0,-56.720076460482765,-100,-100,-100,-100,-100,-100,-100,-100,-100,-100,-100,-100,-100,-100,-100,-100,-100,-100,-100,-100,-100,-100,-100,-100,-100,-100,-100,-100,-100,-100,-100,-100,-100,-100,-100,-100,-100,-100,-100,-100,-100,-100,-100,-100,-100,-100,-100,-100,-100,-100,-100,-100,-100,-100,-100,-100,-100,-100,-100,-100,-100,-100,-100,-100.0,-100,-100,-100,-100,-100,-100,-100,-100.0,-100,-100,-100.0,-100,-100,-100,-100.0,-100.0,-100,-100,-100,-100,-100,-100,-100,-100.0,-100,-100,-100,-100.0,-100,-100,-100,-100,-100,-100,-100,-100,-100,-100,-100,-100,-100,-100,-100,-100,-100,-100,-100,-100,-100,-100,-100,-100,-100,-100,-100,-100,-100,-100,-100,-100.0,-100,-100,-100,-100,-100,-100,-100,-100,-100,-100,-100,-100,-100,-100,-100,-100.0,-100,-100,-100,-100,-100,-100,-100,-100,-100,-100,-100,-100,-100,-100,-100,-100,-100,-100,-100,-100,-100,-100,-100,-100,-100,-100,-100,-100,-100,-100,-100,-100
33.3092,-62.117644562628584,-100,-100,-100,-100,-100,-100,-100,-100.0,-100,-100,-100.0,-100,-100,-76.85446219763358,-100,-100,-100,-100,-100,-100,-100,-100,-100,-100,-100,-100,-100,-100,-100,-100,-100,-100,-100,-100,-100,-81.1328125,-100,-100,-100,-100,-100,-100,-100,-100,-80.17144443038622,-100,-100,-100,-100,-100,-100.0,-100,-100,-100.0,-100,-100,-64.27652732900843,-100,-100,-100.0,-100,-100,-100.0,-57.081492060402084,-100,-100,-100,-100,-100,-100,-100,-100,-100,-100,-100,-100,-100,-100,-100,-100,-100,-100,-100,-100,-100,-100,-100,-100,-100,-100,-100,-100,-100,-100,-100,-100,-100,-100,-100,-100,-100,-100,-100,-100,-100,-100,-100,-100,-100,-100,-100,-100,-100,-100,-100,-100,-100,-100,-100,-100,-100,-100,-100,-100,-100,-100,-100,-100.0,-100,-100,-100,-100,-100,-100,-100,-100.0,-100,-100,-100.0,-100,-100,-100,-100.0,-100.0,-100,-100,-100,-100,-100,-100,-100,-100.0,-100,-100,-100,-100.0,-100,-100,-100,-100,-100,-100,-100,-100,-100,-100,-100,-100,-100,-100,-100,-100,-100,-100,-100,-100,-100,-100,-100,-100,-100,-100,-100,-100,-100,-100,-100,-100.0,-100,-100,-100,-100,-100,-100,-100,-100,-100,-100,-100,-100,-100,-100,-100,-100.0,-100,-100,-100,-100,-100,-100,-100,-100,-100,-100,-100,-100,-100,-100,-100,-100,-100,-100,-100,-100,-100,-100,-100,-100,-100,-100,-100,-100,-100,-100,-100,-100
35.3108,-63.77867001566659,-100,-100,-100,-100,-100,-100,-100,-70.9294491060715,-100,-100,-100.0,-100,-100,-100.0,-100,-100,-100,-100,-100,-100,-100,-100,-100,-100,-100,-100,-100,-100,-100,-100,-100,-100,-100,-100,-100,-82.10902011680727,-100,-100,-100,-100,-100,-100,-100,-100,-78.71136677425291,-100,-100,-100,-100,-100,-100.0,-100,-100,-100.0,-100,-100,-62.22182369338273,-100,-100,-100.0,-100,-100,-100.0,-57.905603426024,-100,-100,-100,-100,-100,-100,-100,-100,-100,-100,-100,-100,-100,-100,-100,-100,-100,-100,-100,-100,-100,-100,-100,-100,-100,-100,-100,-100,-100,-100,-100,-100,-100,-100,-100,-100,-100,-100,-100,-100,-100,-100,-100,-100,-100,-100,-100,-100,-100,-100,-100,-100,-100,-100,-100,-100,-100,-100,-100,-100,-100,-100,-100,-100.0,-100,-100,-100,-100,-100,-100,-100,-100.0,-100,-100,-100.0,-100,-100,-100,-100.0,-100.0,-100,-100,-100,-100,-100,-100,-100,-100.0,-100,-100,-100,-100.0,-100,-100,-100,-100,-100,-100,-100,-100,-100,-100,-100,-100,-100,-100,-100,-100,-100,-100,-100,-100,-100,-100,-100,-100,-100,-100,-100,-100,-100,-100,-100,-100.0,-100,-100,-100,-100,-100,-100,-100,-100,-100,-100,-100,-100,-100,-100,-100,-100.0,-100,-100,-100,-100,-100,-100,-100,-100,-100,-100,-100,-100,-100,-100,-100,-100,-100,-100,-100,-100,-100,-100,-100,-100,-100,-100,-100,-100,-100,-100,-100,-100
37.3282,-62.42929340762076,-100,-100,-100,-100,-100,-100,-100,-100.0,-100,-100,-100.0,-100,-100,-78.85649339796821,-100,-100,-100,-100,-100,-100,-100,-100,-100,-100,-100,-100,-100,-100,-100,-100,-100,-100,-100,-100,-100,-82.6131880915869,-100,-100,-100,-100,-100,-100,-100,-100,-100.0,-100,-100,-100,-100,-100,-100.0,-100,-100,-100.0,-100,-100,-61.5944363849426,-100,-100,-83.2265625,-100,-100,-100.0,-57.6498837225842,-100,-100,-100,-100,-100,-100,-100,-100,-100,-100,-100,-100,-100,-100,-100,-100,-100,-100,-100,-100,-100,-100,-100,-100,-100,-100,-100,-100,-100,-100,-100,-100,-100,-100,-100,-100,-100,-100,-100,-100,-100,-100,-100,-100,-100,-100,-100,-100,-100,-100,-100,-100,-100,-100,-100,-100,-100,-100,-100,-100,-100,-100,-100,-100.0,-100,-100,-100,-100,-100,-100,-100,-100.0,-100,-100,-100.0,-100,-100,-100,-100.0,-100.0,-100,-100,-100,-100,-100,-100,-100,-100.0,-100,-100,-100,-100.0,-100,-100,-100,-100,-100,-100,-100,-100,-100,-100,-100,-100,-100,-100,-100,-100,-100,-100,-100,-100,-100,-100,-100,-100,-100,-100,-100,-100,-100,-100,-100,-100.0,-100,-100,-100,-100,-100,-100,-100,-100,-100,-100,-100,-100,-100,-100,-100,-100.0,-100,-100,-100,-100,-100,-100,-100,-100,-100,-100,-100,-100,-100,-100,-100,-100,-100,-100,-100,-100,-100,-100,-100,-100,-100,-100,-100,-100,-100,-100,-100,-100
39.3047,-64.5670739622974,-100,-100,-100,-100,-100,-100,-100,-71.79649348038136,-100,-100,-75.31162650051199,-100,-100,-100.0,-100,-100,-100,-100,-100,-100,-100,-100,-100,-100,-100,-100,-100,-100,-100,-100,-100,-100,-100,-100,-100,-100.0,-100,-100,-100,-100,-100,-100,-100,-100,-79.92228178357578,-100,-100,-100,-100,-100,-100.0,-100,-100,-100.0,-100,-100,-61.7089575329193,-100,-100,-100.0,-100,-100,-100.0,-56.90162200814965,-100,-100,-100,-100,-100,-100,-100,-100,-100,-100,-100,-100,-100,-100,-100,-100,-100,-100,-100,-100,-100,-100,-100,-100,-100,-100,-100,-100,-100,-100,-100,-100,-100,-100,-100,-100,-100,-100,-100,-100,-100,-100,-100,-100,-100,-100,-100,-100,-100,-100,-100,-100,-100,-100,-100,-100,-100,-100,-100,-100,-100,-100,-100,-100.0,-100,-100,-100,-100,-100,-100,-100,-100.0,-100,-100,-100.0,-100,-100,-100,-100.0,-100.0,-100,-100,-100,-100,-100,-100,-100,-100.0,-100,-100,-100,-100.0,-100,-100,-100,-100,-100,-100,-100,-100,-100,-100,-100,-100,-100,-100,-100,-100,-100,-100,-100,-100,-100,-100,-100,-100,-100,-100,-100,-100,-100,-100,-100,-100.0,-100,-100,-100,-100,-100,-100,-100,-100,-100,-100,-100,-100,-100,-100,-100,-100.0,-100,-100,-100,-100,-100,-100,-100,-100,-100,-100,-100,-100,-100,-100,-100,-100,-100,-100,-100,-100,-100,-100,-100,-100,-100,-100,-100,-100,-100,-100,-100,-100
41.3245,-63.277444201675735,-100,-100,-100,-100,-100,-100,-100,-71.57158369013344,-100,-100,-75.50599894229859,-100,-100,-100.0,-100,-100,-100,-100,-100,-100,-100,-100,-100,-100,-100,-100,-100,-100,-100,-100,-100,-100,-100,-100,-100,-100.0,-100,-100,-100,-100,-100,-100,-100,-100,-79.661861877199,-100,-100,-100,-100,-100,-100.0,-100,-100,-100.0,-100,-100,-62.07351628574846,-100,-100,-100.0,-100,-100,-100.0,-57.211777034846335,-100,-100,-100,-100,-100,-100,-100,-100,-100,-100,-100,-100,-100,-100,-100,-100,-100,-100,-100,-100,-100,-100,-100,-100,-100,-100,-100,-100,-100,-100,-100,-100,-100,-100,-100,-100,-100,-100,-100,-100,-100,-100,-100,-100,-100,-100,-100,-100,-100,-100,-100,-100,-100,-100,-100,-100,-100,-100,-100,-100,-100,-100,-100,-100.0,-100,-100,-100,-100,-100,-100,-100,-100.0,-100,-100,-100.0,-100,-100,-100,-100.0,-100.0,-100,-100,-100,-100,-100,-100,-100,-100.0,-100,-100,-100,-100.0,-100,-100,-100,-100,-100,-100,-100,-100,-100,-100,-100,-100,-100,-100,-100,-100,-100,-100,-100,-100,-100,-100,-100,-100,-100,-100,-100,-100,-100,-100,-100,-100.0,-100,-100,-100,-100,-100,-100,-100,-100,-100,-100,-100,-100,-100,-100,-100,-100.0,-100,-100,-100,-100,-100,-100,-100,-100,-100,-100,-100,-100,-100,-100,-100,-100,-100,-100,-100,-100,-100,-100,-100,-100,-100,-100,-100,-100,-100,-100,-100,-100
43.3173,-63.19910073114658,-100,-100,-100,-100,-100,-100,-100,-70.84543197094983,-100,-100,-75.92786014341176,-100,-100,-100.0,-100,-100,-100,-100,-100,-100,-100,-100,-100,-100,-100,-100,-100,-100,-100,-100,-100,-100,-100,-100,-100,-100.0,-100,-100,-100,-100,-100,-100,-100,-100,-79.7573419666485,-100,-100,-100,-100,-100,-100.0,-100,-100,-100.0,-100,-100,-62.61750826388595,-100,-100,-100.0,-100,-100,-100.0,-56.02247400377957,-100,-100,-100,-100,-100,-100,-100,-100,-100,-100,-100,-100,-100,-100,-100,-100,-100,-100,-100,-100,-100,-100,-100,-100,-100,-100,-100,-100,-100,-100,-100,-100,-100,-100,-100,-100,-100,-100,-100,-100,-100,-100,-100,-100,-100,-100,-100,-100,-100,-100,-100,-100,-100,-100,-100,-100,-100,-100,-100,-100,-100,-100,-100,-100.0,-100,-100,-100,-100,-100,-100,-100,-100.0,-100,-100,-100.0,-100,-100,-100,-100.0,-100.0,-100,-100,-100,-100,-100,-100,-100,-100.0,-100,-100,-100,-100.0,-100,-100,-100,-100,-100,-100,-100,-100,-100,-100,-100,-100,-100,-100,-100,-100,-100,-100,-100,-100,-100,-100,-100,-100,-100,-100,-100,-100,-100,-100,-100,-100.0,-100,-100,-100,-100,-100,-100,-100,-100,-100,-100,-100,-100,-100,-100,-100,-100.0,-100,-100,-100,-100,-100,-100,-100,-100,-100,-100,-100,-100,-100,-100,-100,-100,-100,-100,-100,-100,-100,-100,-100,-100,-100,-100,-100,-100,-100,-100,-100,-100
45.2976,-62.295752607741306,-100,-100,-100,-100,-100,-100,-100,-70.6067027015492,-100,-100,-75.66585767215565,-100,-100,-100.0,-100,-100,-100,-100,-100,-100,-100,-100,-100,-100,-100,-100,-100,-100,-100,-100,-100,-100,-100,-100,-100,-100.0,-100,-100,-100,-100,-100,-100,-100,-100,-79.82586199615905,-100,-100,-100,-100,-100,-100.0,-100,-100,-100.0,-100,-100,-62.44313897131019,-100,-100,-100.0,-100,-100,-100.0,-56.580879176920405,-100,-100,-100,-100,-100,-100,-100,-100,-100,-100,-100,-100,-100,-100,-100,-100,-100,-100,-100,-100,-100,-100,-100,-100,-100,-100,-100,-100,-100,-100,-100,-100,-100,-100,-100,-100,-100,-100,-100,-100,-100,-100,-100,-100,-100,-100,-100,-100,-100,-100,-100,-100,-100,-100,-100,-100,-100,-100,-100,-100,-100,-100,-100,-100.0,-100,-100,-100,-100,-100,-100,-100,-100.0,-100,-100,-100.0,-100,-100,-100,-100.0,-100.0,-100,-100,-100,-100,-100,-100,-100,-100.0,-100,-100,-100,-100.0,-100,-100,-100,-100,-100,-100,-100,-100,-100,-100,-100,-100,-100,-100,-100,-100,-100,-100,-100,-100,-100,-100,-100,-100,-100,-100,-100,-100,-100,-100,-100,-100.0,-100,-100,-100,-100,-100,-100,-100,-100,-100,-100,-100,-100,-100,-100,-100,-100.0,-100,-100,-100,-100,-100,-100,-100,-100,-100,-100,-100,-100,-100,-100,-100,-100,-100,-100,-100,-100,-100,-100,-100,-100,-100,-100,-100,-100,-100,-100,-100,-100
47.3179,-61.36511226240296,-100,-100,-100,-100,-100,-100,-100,-70.43538466739425,-100,-100,-75.47783663987927,-100,-100,-100.0,-100,-100,-100,-100,-100,-100,-100,-100,-100,-100,-100,-100,-100,-100,-100,-100,-100,-100,-100,-100,-100,-100.0,-100,-100,-100,-100,-100,-100,-100,-100,-80.43978249131546,-100,-100,-100,-100,-100,-100.0,-100,-100,-100.0,-100,-100,-62.60038297646643,-100,-100,-100.0,-100,-100,-100.0,-57.26398003616509,-100,-100,-100,-100,-100,-100,-100,-100,-100,-100,-100,-100,-100,-100,-100,-100,-100,-100,-100,-100,-100,-100,-100,-100,-100,-100,-100,-100,-100,-100,-100,-100,-100,-100,-100,-100,-100,-100,-100,-100,-100,-100,-100,-100,-100,-100,-100,-100,-100,-100,-100,-100,-100,-100,-100,-100,-100,-100,-100,-100,-100,-100,-100,-100.0,-100,-100,-100,-100,-100,-100,-100,-100.0,-100,-100,-100.0,-100,-100,-100,-100.0,-100.0,-100,-100,-100,-100,-100,-100,-100,-100.0,-100,-100,-100,-100.0,-100,-100,-100,-100,-100,-100,-100,-100,-100,-100,-100,-100,-100,-100,-100,-100,-100,-100,-100,-100,-100,-100,-100,-100,-100,-100,-100,-100,-100,-100,-100,-100.0,-100,-100,-100,-100,-100,-100,-100,-100,-100,-100,-100,-100,-100,-100,-100,-100.0,-100,-100,-100,-100,-100,-100,-100,-100,-100,-100,-100,-100,-100,-100,-100,-100,-100,-100,-100,-100,-100,-100,-100,-100,-100,-100,-100,-100,-100,-100,-100,-100
49.3542,-62.6738918474862,-100,-100,-100,-100,-100,-100,-100,-69.46531571575058,-100,-100,-74.21340783506656,-100,-100,-100.0,-100,-100,-100,-100,-100,-100,-100,-100,-100,-100,-100,-100,-100,-100,-100,-100,-100,-100,-100,-100,-100,-100.0,-100,-100,-100,-100,-100,-100,-100,-100,-80.88034880009599,-100,-100,-100,-100,-100,-100.0,-100,-100,-100.0,-100,-100,-62.99560078777967,-100,-100,-100.0,-100,-100,-100.0,-55.77756008434325,-100,-100,-100,-100,-100,-100,-100,-100,-100,-100,-100,-100,-100,-100,-100,-100,-100,-100,-100,-100,-100,-100,-100,-100,-100,-100,-100,-100,-100,-100,-100,-100,-100,-100,-100,-100,-100,-100,-100,-100,-100,-100,-100,-100,-100,-100,-100,-100,-100,-100,-100,-100,-100,-100,-100,-100,-100,-100,-100,-100,-100,-100,-100,-100.0,-100,-100,-100,-100,-100,-100,-100,-100.0,-100,-100,-100.0,-100,-100,-100,-100.0,-100.0,-100,-100,-100,-100,-100,-100,-100,-100.0,-100,-100,-100,-100.0,-100,-100,-100,-100,-100,-100,-100,-100,-100,-100,-100,-100,-100,-100,-100,-100,-100,-100,-100,-100,-100,-100,-100,-100,-100,-100,-100,-100,-100,-100,-100,-100.0,-100,-100,-100,-100,-100,-100,-100,-100,-100,-100,-100,-100,-100,-100,-100,-100.0,-100,-100,-100,-100,-100,-100,-100,-100,-100,-100,-100,-100,-100,-100,-100,-100,-100,-100,-100,-100,-100,-100,-100,-100,-100,-100,-100,-100,-100,-100,-100,-100
51.2903,-62.48360117290141,-100,-100,-100,-100,-100,-100,-100,-69.33392187952018,-100,-100,-74.71789733584538,-100,-100,-100.0,-100,-100,-100,-100,-100,-100,-100,-100,-100,-100,-100,-100,-100,-100,-100,-100,-100,-100,-100,-100,-100,-100.0,-100,-100,-100,-100,-100,-100,-100,-100,-100.0,-100,-100,-100,-100,-100,-75.0,-100,-100,-100.0,-100,-100,-63.56159439588375,-100,-100,-100.0,-100,-100,-100.0,-54.7108689536882,-100,-100,-100,-100,-100,-100,-100,-100,-100,-100,-100,-100,-100,-100,-100,-100,-100,-100,-100,-100,-100,-100,-100,-100,-100,-100,-100,-100,-100,-100,-100,-100,-100,-100,-100,-100,-100,-100,-100,-100,-100,-100,-100,-100,-100,-100,-100,-100,-100,-100,-100,-100,-100,-100,-100,-100,-100,-100,-100,-100,-100,-100,-100,-100.0,-100,-100,-100,-100,-100,-100,-100,-100.0,-100,-100,-100.0,-100,-100,-100,-100.0,-100.0,-100,-100,-100,-100,-100,-100,-100,-100.0,-100,-100,-100,-100.0,-100,-100,-100,-100,-100,-100,-100,-100,-100,-100,-100,-100,-100,-100,-100,-100,-100,-100,-100,-100,-100,-100,-100,-100,-100,-100,-100,-100,-100,-100,-100,-100.0,-100,-100,-100,-100,-100,-100,-100,-100,-100,-100,-100,-100,-100,-100,-100,-100.0,-100,-100,-100,-100,-100,-100,-100,-100,-100,-100,-100,-100,-100,-100,-100,-100,-100,-100,-100,-100,-100,-100,-100,-100,-100,-100,-100,-100,-100,-100,-100,-100
53.3113,-62.34704395688969,-100,-100,-100,-100,-100,-100,-100,-68.39250341564157,-100,-100,-75.07993170741803,-100,-100,-100.0,-100,-100,-100,-100,-100,-100,-100,-100,-100,-100,-100,-100,-100,-100,-100,-100,-100,-100,-100,-100,-100,-82.17090426802224,-100,-100,-100,-100,-100,-100,-100,-100,-100.0,-100,-100,-100,-100,-100,-100.0,-100,-100,-100.0,-100,-100,-63.96776517420362,-100,-100,-100.0,-100,-100,-100.0,-54.51013684073153,-100,-100,-100,-100,-100,-100,-100,-100,-100,-100,-100,-100,-100,-100,-100,-100,-100,-100,-100,-100,-100,-100,-100,-100,-100,-100,-100,-100,-100,-100,-100,-100,-100,-100,-100,-100,-100,-100,-100,-100,-100,-100,-100,-100,-100,-100,-100,-100,-100,-100,-100,-100,-100,-100,-100,-100,-100,-100,-100,-100,-100,-100,-100,-100.0,-100,-100,-100,-100,-100,-100,-100,-100.0,-100,-100,-100.0,-100,-100,-100,-100.0,-100.0,-100,-100,-100,-100,-100,-100,-100,-100.0,-100,-100,-100,-100.0,-100,-100,-100,-100,-100,-100,-100,-100,-100,-100,-100,-100,-100,-100,-100,-100,-100,-100,-100,-100,-100,-100,-100,-100,-100,-100,-100,-100,-100,-100,-100,-100.0,-100,-100,-100,-100,-100,-100,-100,-100,-100,-100,-100,-100,-100,-100,-100,-100.0,-100,-100,-100,-100,-100,-100,-100,-100,-100,-100,-100,-100,-100,-100,-100,-100,-100,-100,-100,-100,-100,-100,-100,-100,-100,-100,-100,-100,-100,-100,-100,-100
55.3124,-61.966671484479875,-100,-100,-100,-100,-100,-100,-100,-68.28166999330847,-100,-100,-74.77498535286243,-100,-100,-100.0,-100,-100,-100,-100,-100,-100,-100,-100,-100,-100,-100,-100,-100,-100,-100,-100,-100,-100,-100,-100,-100,-100.0,-100,-100,-100,-100,-100,-100,-100,-100,-100.0,-100,-100,-100,-100,-100,-76.8125,-100,-100,-100.0,-100,-100,-63.694491811340306,-100,-100,-100.0,-100,-100,-100.0,-54.08371090203201,-100,-100,-100,-100,-100,-100,-100,-100,-100,-100,-100,-100,-100,-100,-100,-100,-100,-100,-100,-100,-100,-100,-100,-100,-100,-100,-100,-100,-100,-100,-100,-100,-100,-100,-100,-100,-100,-100,-100,-100,-100,-100,-100,-100,-100,-100,-100,-100,-100,-100,-100,-100,-100,-100,-100,-100,-100,-100,-100,-100,-100,-100,-100,-100.0,-100,-100,-100,-100,-100,-100,-100,-100.0,-100,-100,-100.0,-100,-100,-100,-100.0,-100.0,-100,-100,-100,-100,-100,-100,-100,-100.0,-100,-100,-100,-100.0,-100,-100,-100,-100,-100,-100,-100,-100,-100,-100,-100,-100,-100,-100,-100,-100,-100,-100,-100,-100,-100,-100,-100,-100,-100,-100,-100,-100,-100,-100,-100,-100.0,-100,-100,-100,-100,-100,-100,-100,-100,-100,-100,-100,-100,-100,-100,-100,-100.0,-100,-100,-100,-100,-100,-100,-100,-100,-100,-100,-100,-100,-100,-100,-100,-100,-100,-100,-100,-100,-100,-100,-100,-100,-100,-100,-100,-100,-100,-100,-100,-100
57.3094,-61.41133125697396,-100,-100,-100,-100,-100,-100,-100,-67.91975754160389,-100,-100,-74.83852400835127,-100,-100,-100.0,-100,-100,-100,-100,-100,-100,-100,-100,-100,-100,-100,-100,-100,-100,-100,-100,-100,-100,-100,-100,-100,-100.0,-100,-100,-100,-100,-100,-100,-100,-100,-100.0,-100,-100,-100,-100,-100,-100.0,-100,-100,-100.0,-100,-100,-62.93363281311352,-100,-100,-82.15963659961064,-100,-100,-100.0,-52.648194502273256,-100,-100,-100,-100,-100,-100,-100,-100,-100,-100,-100,-100,-100,-100,-100,-100,-100,-100,-100,-100,-100,-100,-100,-100,-100,-100,-100,-100,-100,-100,-100,-100,-100,-100,-100,-100,-100,-100,-100,-100,-100,-100,-100,-100,-100,-100,-100,-100,-100,-100,-100,-100,-100,-100,-100,-100,-100,-100,-100,-100,-100,-100,-100,-100.0,-100,-100,-100,-100,-100,-100,-100,-100.0,-100,-100,-100.0,-100,-100,-100,-100.0,-100.0,-100,-100,-100,-100,-100,-100,-100,-100.0,-100,-100,-100,-100.0,-100,-100,-100,-100,-100,-100,-100,-100,-100,-100,-100,-100,-100,-100,-100,-100,-100,-100,-100,-100,-100,-100,-100,-100,-100,-100,-100,-100,-100,-100,-100,-100.0,-100,-100,-100,-100,-100,-100,-100,-100,-100,-100,-100,-100,-100,-100,-100,-100.0,-100,-100,-100,-100,-100,-100,-100,-100,-100,-100,-100,-100,-100,-100,-100,-100,-100,-100,-100,-100,-100,-100,-100,-100,-100,-100,-100,-100,-100,-100,-100,-100
59.2828,-61.29518130715997,-100,-100,-100,-100,-100,-100,-100,-68.22479175566988,-100,-100,-74.03699389435596,-100,-100,-100.0,-100,-100,-100,-100,-100,-100,-100,-100,-100,-100,-100,-100,-100,-100,-100,-100,-100,-100,-100,-100,-100,-100.0,-100,-100,-100,-100,-100,-100,-100,-100,-80.06700943997211,-100,-100,-100,-100,-100,-100.0,-100,-100,-100.0,-100,-100,-63.51712468489541,-100,-100,-100.0,-100,-100,-100.0,-52.74753582441312,-100,-100,-100,-100,-100,-100,-100,-100,-100,-100,-100,-100,-100,-100,-100,-100,-100,-100,-100,-100,-100,-100,-100,-100,-100,-100,-100,-100,-100,-100,-100,-100,-100,-100,-100,-100,-100,-100,-100,-100,-100,-100,-100,-100,-100,-100,-100,-100,-100,-100,-100,-100,-100,-100,-100,-100,-100,-100,-100,-100,-100,-100,-100,-100.0,-100,-100,-100,-100,-100,-100,-100,-100.0,-100,-100,-100.0,-100,-100,-100,-100.0,-100.0,-100,-100,-100,-100,-100,-100,-100,-100.0,-100,-100,-100,-100.0,-100,-100,-100,-100,-100,-100,-100,-100,-100,-100,-100,-100,-100,-100,-100,-100,-100,-100,-100,-100,-100,-100,-100,-100,-100,-100,-100,-100,-100,-100,-100,-100.0,-100,-100,-100,-100,-100,-100,-100,-100,-100,-100,-100,-100,-100,-100,-100,-100.0,-100,-100,-100,-100,-100,-100,-100,-100,-100,-100,-100,-100,-100,-100,-100,-100,-100,-100,-100,-100,-100,-100,-100,-100,-100,-100,-100,-100,-100,-100,-100,-100
61.3296,-62.05895636772816,-100,-100,-100,-100,-100,-100,-100,-67.87894033228335,-100,-100,-74.02654771821386,-100,-100,-100.0,-100,-100,-100,-100,-100,-100,-100,-100,-100,-100,-100,-100,-100,-100,-100,-100,-100,-100,-100,-100,-100,-100.0,-100,-100,-100,-100,-100,-100,-100,-100,-100.0,-100,-100,-100,-100,-100,-78.6268656716418,-100,-100,-100.0,-100,-100,-63.653476938012105,-100,-100,-100.0,-100,-100,-100.0,-52.8188255716744,-100,-100,-100,-100,-100,-100,-100,-100,-100,-100,-100,-100,-100,-100,-100,-100,-100,-100,-100,-100,-100,-100,-100,-100,-100,-100,-100,-100,-100,-100,-100,-100,-100,-100,-100,-100,-100,-100,-100,-100,-100,-100,-100,-100,-100,-100,-100,-100,-100,-100,-100,-100,-100,-100,-100,-100,-100,-100,-100,-100,-100,-100,-100,-100.0,-100,-100,-100,-100,-100,-100,-100,-100.0,-100,-100,-100.0,-100,-100,-100,-100.0,-100.0,-100,-100,-100,-100,-100,-100,-100,-100.0,-100,-100,-100,-100.0,-100,-100,-100,-100,-100,-100,-100,-100,-100,-100,-100,-100,-100,-100,-100,-100,-100,-100,-100,-100,-100,-100,-100,-100,-100,-100,-100,-100,-100,-100,-100,-100.0,-100,-100,-100,-100,-100,-100,-100,-100,-100,-100,-100,-100,-100,-100,-100,-100.0,-100,-100,-100,-100,-100,-100,-100,-100,-100,-100,-100,-100,-100,-100,-100,-100,-100,-100,-100,-100,-100,-100,-100,-100,-100,-100,-100,-100,-100,-100,-100,-100
63.3117,-64.86606548226061,-100,-100,-100,-100,-100,-100,-100,-68.76025172699386,-100,-100,-100.0,-100,-100,-100.0,-100,-100,-100,-100,-100,-100,-100,-100,-100,-100,-100,-100,-100,-100,-100,-100,-100,-100,-100,-100,-100,-81.01087744370496,-100,-100,-100,-100,-100,-100,-100,-100,-100.0,-100,-100,-100,-100,-100,-100.0,-100,-100,-100.0,-100,-100,-63.46895093282734,-100,-100,-81.31722278039236,-100,-100,-100.0,-53.71711191493931,-100,-100,-100,-100,-100,-100,-100,-100,-100,-100,-100,-100,-100,-100,-100,-100,-100,-100,-100,-100,-100,-100,-100,-100,-100,-100,-100,-100,-100,-100,-100,-100,-100,-100,-100,-100,-100,-100,-100,-100,-100,-100,-100,-100,-100,-100,-100,-100,-100,-100,-100,-100,-100,-100,-100,-100,-100,-100,-100,-100,-100,-100,-100,-100.0,-100,-100,-100,-100,-100,-100,-100,-100.0,-100,-100,-100.0,-100,-100,-100,-100.0,-100.0,-100,-100,-100,-100,-100,-100,-100,-100.0,-100,-100,-100,-100.0,-100,-100,-100,-100,-100,-100,-100,-100,-100,-100,-100,-100,-100,-100,-100,-100,-100,-100,-100,-100,-100,-100,-100,-100,-100,-100,-100,-100,-100,-100,-100,-100.0,-100,-100,-100,-100,-100,-100,-100,-100,-100,-100,-100,-100,-100,-100,-100,-100.0,-100,-100,-100,-100,-100,-100,-100,-100,-100,-100,-100,-100,-100,-100,-100,-100,-100,-100,-100,-100,-100,-100,-100,-100,-100,-100,-100,-100,-100,-100,-100,-100
65.3033,-64.33913394281949,-100,-100,-100,-100,-100,-100,-100,-70.23982929171974,-100,-100,-74.58380266552153,-100,-100,-100.0,-100,-100,-100,-100,-100,-100,-100,-100,-100,-100,-100,-100,-100,-100,-100,-100,-100,-100,-100,-100,-100,-100.0,-100,-100,-100,-100,-100,-100,-100,-100,-80.61283860188013,-100,-100,-100,-100,-100,-100.0,-100,-100,-100.0,-100,-100,-65.03078476309518,-100,-100,-100.0,-100,-100,-100.0,-53.51461693880761,-100,-100,-100,-100,-100,-100,-100,-100,-100,-100,-100,-100,-100,-100,-100,-100,-100,-100,-100,-100,-100,-100,-100,-100,-100,-100,-100,-100,-100,-100,-100,-100,-100,-100,-100,-100,-100,-100,-100,-100,-100,-100,-100,-100,-100,-100,-100,-100,-100,-100,-100,-100,-100,-100,-100,-100,-100,-100,-100,-100,-100,-100,-100,-100.0,-100,-100,-100,-100,-100,-100,-100,-100.0,-100,-100,-100.0,-100,-100,-100,-100.0,-100.0,-100,-100,-100,-100,-100,-100,-100,-100.0,-100,-100,-100,-100.0,-100,-100,-100,-100,-100,-100,-100,-100,-100,-100,-100,-100,-100,-100,-100,-100,-100,-100,-100,-100,-100,-100,-100,-100,-100,-100,-100,-100,-100,-100,-100,-100.0,-100,-100,-100,-100,-100,-100,-100,-100,-100,-100,-100,-100,-100,-100,-100,-100.0,-100,-100,-100,-100,-100,-100,-100,-100,-100,-100,-100,-100,-100,-100,-100,-100,-100,-100,-100,-100,-100,-100,-100,-100,-100,-100,-100,-100,-100,-100,-100,-100
67.315,-69.89088468147243,-100,-100,-100,-100,-100,-100,-100,-100.0,-100,-100,-72.72469682965246,-100,-100,-100.0,-100,-100,-100,-100,-100,-100,-100,-100,-100,-100,-100,-100,-100,-100,-100,-100,-100,-100,-100,-100,-100,-100.0,-100,-100,-100,-100,-100,-100,-100,-100,-78.46315879942865,-100,-100,-100,-100,-100,-100.0,-100,-100,-100.0,-100,-100,-66.15159467855213,-100,-100,-82.0527532325748,-100,-100,-100.0,-53.086925926400234,-100,-100,-100,-100,-100,-100,-100,-100,-100,-100,-100,-100,-100,-100,-100,-100,-100,-100,-100,-100,-100,-100,-100,-100,-100,-100,-100,-100,-100,-100,-100,-100,-100,-100,-100,-100,-100,-100,-100,-100,-100,-100,-100,-100,-100,-100,-100,-100,-100,-100,-100,-100,-100,-100,-100,-100,-100,-100,-100,-100,-100,-100,-100,-100.0,-100,-100,-100,-100,-100,-100,-100,-100.0,-100,-100,-100.0,-100,-100,-100,-100.0,-100.0,-100,-100,-100,-100,-100,-100,-100,-100.0,-100,-100,-100,-100.0,-100,-100,-100,-100,-100,-100,-100,-100,-100,-100,-100,-100,-100,-100,-100,-100,-100,-100,-100,-100,-100,-100,-100,-100,-100,-100,-100,-100,-100,-100,-100,-100.0,-100,-100,-100,-100,-100,-100,-100,-100,-100,-100,-100,-100,-100,-100,-100,-100.0,-100,-100,-100,-100,-100,-100,-100,-100,-100,-100,-100,-100,-100,-100,-100,-100,-100,-100,-100,-100,-100,-100,-100,-100,-100,-100,-100,-100,-100,-100,-100,-100
69.2993,-69.07456910717106,-100,-100,-100,-100,-100,-100,-100,-71.5839858085029,-100,-100,-100.0,-100,-100,-80.02182462383989,-100,-100,-100,-100,-100,-100,-100,-100,-100,-100,-100,-100,-100,-100,-100,-100,-100,-100,-100,-100,-100,-100.0,-100,-100,-100,-100,-100,-100,-100,-100,-79.74425224697852,-100,-100,-100,-100,-100,-100.0,-100,-100,-100.0,-100,-100,-66.9559151139963,-100,-100,-100.0,-100,-100,-100.0,-52.49762876520523,-100,-100,-100,-100,-100,-100,-100,-100,-100,-100,-100,-100,-100,-100,-100,-100,-100,-100,-100,-100,-100,-100,-100,-100,-100,-100,-100,-100,-100,-100,-100,-100,-100,-100,-100,-100,-100,-100,-100,-100,-100,-100,-100,-100,-100,-100,-100,-100,-100,-100,-100,-100,-100,-100,-100,-100,-100,-100,-100,-100,-100,-100,-100,-100.0,-100,-100,-100,-100,-100,-100,-100,-100.0,-100,-100,-100.0,-100,-100,-100,-100.0,-100.0,-100,-100,-100,-100,-100,-100,-100,-100.0,-100,-100,-100,-100.0,-100,-100,-100,-100,-100,-100,-100,-100,-100,-100,-100,-100,-100,-100,-100,-100,-100,-100,-100,-100,-100,-100,-100,-100,-100,-100,-100,-100,-100,-100,-100,-100.0,-100,-100,-100,-100,-100,-100,-100,-100,-100,-100,-100,-100,-100,-100,-100,-100.0,-100,-100,-100,-100,-100,-100,-100,-100,-100,-100,-100,-100,-100,-100,-100,-100,-100,-100,-100,-100,-100,-100,-100,-100,-100,-100,-100,-100,-100,-100,-100,-100
71.3176,-69.05351260362472,-100,-100,-100,-100,-100,-100,-100,-72.5485851935672,-100,-100,-72.80243575348769,-100,-100,-100.0,-100,-100,-100,-100,-100,-100,-100,-100,-100,-100,-100,-100,-100,-100,-100,-100,-100,-100,-100,-100,-100,-100.0,-100,-100,-100,-100,-100,-100,-100,-100,-76.71033683778064,-100,-100,-100,-100,-100,-100.0,-100,-100,-100.0,-100,-100,-66.40361222213384,-100,-100,-100.0,-100,-100,-100.0,-52.92186188845808,-100,-100,-100,-100,-100,-100,-100,-100,-100,-100,-100,-100,-100,-100,-100,-100,-100,-100,-100,-100,-100,-100,-100,-100,-100,-100,-100,-100,-100,-100,-100,-100,-100,-100,-100,-100,-100,-100,-100,-100,-100,-100,-100,-100,-100,-100,-100,-100,-100,-100,-100,-100,-100,-100,-100,-100,-100,-100,-100,-100,-100,-100,-100,-100.0,-100,-100,-100,-100,-100,-100,-100,-100.0,-100,-100,-100.0,-100,-100,-100,-100.0,-100.0,-100,-100,-100,-100,-100,-100,-100,-100.0,-100,-100,-100,-100.0,-100,-100,-100,-100,-100,-100,-100,-100,-100,-100,-100,-100,-100,-100,-100,-100,-100,-100,-100,-100,-100,-100,-100,-100,-100,-100,-100,-100,-100,-100,-100,-100.0,-100,-100,-100,-100,-100,-100,-100,-100,-100,-100,-100,-100,-100,-100,-100,-100.0,-100,-100,-100,-100,-100,-100,-100,-100,-100,-100,-100,-100,-100,-100,-100,-100,-100,-100,-100,-100,-100,-100,-100,-100,-100,-100,-100,-100,-100,-100,-100,-100
73.2828,-70.16790472941567,-100,-100,-100,-100,-100,-100,-100,-74.93505933248946,-100,-100,-72.2934717046845,-100,-100,-81.42463350341042,-100,-100,-100,-100,-100,-100,-100,-100,-100,-100,-100,-100,-100,-100,-100,-100,-100,-100,-100,-100,-100,-100.0,-100,-100,-100,-100,-100,-100,-100,-100,-100.0,-100,-100,-100,-100,-100,-100.0,-100,-100,-100.0,-100,-100,-67.13676902831328,-100,-100,-100.0,-100,-100,-100.0,-53.50867758434385,-100,-100,-100,-100,-100,-100,-100,-100,-100,-100,-100,-100,-100,-100,-100,-100,-100,-100,-100,-100,-100,-100,-100,-100,-100,-100,-100,-100,-100,-100,-100,-100,-100,-100,-100,-100,-100,-100,-100,-100,-100,-100,-100,-100,-100,-100,-100,-100,-100,-100,-100,-100,-100,-100,-100,-100,-100,-100,-100,-100,-100,-100,-100,-100.0,-100,-100,-100,-100,-100,-100,-100,-100.0,-100,-100,-100.0,-100,-100,-100,-100.0,-100.0,-100,-100,-100,-100,-100,-100,-100,-100.0,-100,-100,-100,-100.0,-100,-100,-100,-100,-100,-100,-100,-100,-100,-100,-100,-100,-100,-100,-100,-100,-100,-100,-100,-100,-100,-100,-100,-100,-100,-100,-100,-100,-100,-100,-100,-100.0,-100,-100,-100,-100,-100,-100,-100,-100,-100,-100,-100,-100,-100,-100,-100,-100.0,-100,-100,-100,-100,-100,-100,-100,-100,-100,-100,-100,-100,-100,-100,-100,-100,-100,-100,-100,-100,-100,-100,-100,-100,-100,-100,-100,-100,-100,-100,-100,-100
75.293,-69.55574112231399,-100,-100,-100,-100,-100,-100,-100,-76.647651175337,-100,-100,-73.05772951476125,-100,-100,-100.0,-100,-100,-100,-100,-100,-100,-100,-100,-100,-100,-100,-100,-100,-100,-100,-100,-100,-100,-100,-100,-100,-100.0,-100,-100,-100,-100,-100,-100,-100,-100,-78.76876044348212,-100,-100,-100,-100,-100,-100.0,-100,-100,-100.0,-100,-100,-67.09814877873497,-100,-100,-100.0,-100,-100,-100.0,-53.365039397361514,-100,-100,-100,-100,-100,-100,-100,-100,-100,-100,-100,-100,-100,-100,-100,-100,-100,-100,-100,-100,-100,-100,-100,-100,-100,-100,-100,-100,-100,-100,-100,-100,-100,-100,-100,-100,-100,-100,-100,-100,-100,-100,-100,-100,-100,-100,-100,-100,-100,-100,-100,-100,-100,-100,-100,-100,-100,-100,-100,-100,-100,-100,-100,-100.0,-100,-100,-100,-100,-100,-100,-100,-100.0,-100,-100,-100.0,-100,-100,-100,-100.0,-100.0,-100,-100,-100,-100,-100,-100,-100,-100.0,-100,-100,-100,-100.0,-100,-100,-100,-100,-100,-100,-100,-100,-100,-100,-100,-100,-100,-100,-100,-100,-100,-100,-100,-100,-100,-100,-100,-100,-100,-100,-100,-100,-100,-100,-100,-100.0,-100,-100,-100,-100,-100,-100,-100,-100,-100,-100,-100,-100,-100,-100,-100,-100.0,-100,-100,-100,-100,-100,-100,-100,-100,-100,-100,-100,-100,-100,-100,-100,-100,-100,-100,-100,-100,-100,-100,-100,-100,-100,-100,-100,-100,-100,-100,-100,-100
77.3226,-68.83406194378182,-100,-100,-100,-100,-100,-100,-100,-77.0295216160956,-100,-100,-74.73568227802404,-100,-100,-100.0,-100,-100,-100,-100,-100,-100,-100,-100,-100,-100,-100,-100,-100,-100,-100,-100,-100,-100,-100,-100,-100,-100.0,-100,-100,-100,-100,-100,-100,-100,-100,-79.96355962756952,-100,-100,-100,-100,-100,-100.0,-100,-100,-100.0,-100,-100,-67.63518534126844,-100,-100,-100.0,-100,-100,-100.0,-56.368093800807955,-100,-100,-100,-100,-100,-100,-100,-100,-100,-100,-100,-100,-100,-100,-100,-100,-100,-100,-100,-100,-100,-100,-100,-100,-100,-100,-100,-100,-100,-100,-100,-100,-100,-100,-100,-100,-100,-100,-100,-100,-100,-100,-100,-100,-100,-100,-100,-100,-100,-100,-100,-100,-100,-100,-100,-100,-100,-100,-100,-100,-100,-100,-100,-100.0,-100,-100,-100,-100,-100,-100,-100,-100.0,-100,-100,-100.0,-100,-100,-100,-100.0,-100.0,-100,-100,-100,-100,-100,-100,-100,-100.0,-100,-100,-100,-100.0,-100,-100,-100,-100,-100,-100,-100,-100,-100,-100,-100,-100,-100,-100,-100,-100,-100,-100,-100,-100,-100,-100,-100,-100,-100,-100,-100,-100,-100,-100,-100,-100.0,-100,-100,-100,-100,-100,-100,-100,-100,-100,-100,-100,-100,-100,-100,-100,-100.0,-100,-100,-100,-100,-100,-100,-100,-100,-100,-100,-100,-100,-100,-100,-100,-100,-100,-100,-100,-100,-100,-100,-100,-100,-100,-100,-100,-100,-100,-100,-100,-100
79.321,-68.31616742566639,-100,-100,-100,-100,-100,-100,-100,-77.58593682144533,-100,-100,-75.65744626670039,-100,-100,-100.0,-100,-100,-100,-100,-100,-100,-100,-100,-100,-100,-100,-100,-100,-100,-100,-100,-100,-100,-100,-100,-100,-81.28800902895829,-100,-100,-100,-100,-100,-100,-100,-100,-100.0,-100,-100,-100,-100,-100,-100.0,-100,-100,-100.0,-100,-100,-69.1500786151201,-100,-100,-100.0,-100,-100,-100.0,-57.67603153819977,-100,-100,-100,-100,-100,-100,-100,-100,-100,-100,-100,-100,-100,-100,-100,-100,-100,-100,-100,-100,-100,-100,-100,-100,-100,-100,-100,-100,-100,-100,-100,-100,-100,-100,-100,-100,-100,-100,-100,-100,-100,-100,-100,-100,-100,-100,-100,-100,-100,-100,-100,-100,-100,-100,-100,-100,-100,-100,-100,-100,-100,-100,-100,-100.0,-100,-100,-100,-100,-100,-100,-100,-100.0,-100,-100,-100.0,-100,-100,-100,-100.0,-100.0,-100,-100,-100,-100,-100,-100,-100,-100.0,-100,-100,-100,-100.0,-100,-100,-100,-100,-100,-100,-100,-100,-100,-100,-100,-100,-100,-100,-100,-100,-100,-100,-100,-100,-100,-100,-100,-100,-100,-100,-100,-100,-100,-100,-100,-100.0,-100,-100,-100,-100,-100,-100,-100,-100,-100,-100,-100,-100,-100,-100,-100,-100.0,-100,-100,-100,-100,-100,-100,-100,-100,-100,-100,-100,-100,-100,-100,-100,-100,-100,-100,-100,-100,-100,-100,-100,-100,-100,-100,-100,-100,-100,-100,-100,-100
81.4731,-73.59202765517031,-100,-100,-100,-100,-100,-100,-100,-79.96186376873041,-100,-100,-78.0131806840331,-100,-100,-100.0,-100,-100,-100,-100,-100,-100,-100,-100,-100,-100,-100,-100,-100,-100,-100,-100,-100,-100,-100,-100,-100,-100.0,-100,-100,-100,-100,-100,-100,-100,-100,-100.0,-100,-100,-100,-100,-100,-100.0,-100,-100,-100.0,-100,-100,-74.19046259199365,-100,-100,-100.0,-100,-100,-100.0,-60.5912693193972,-100,-100,-100,-100,-100,-100,-100,-100,-100,-100,-100,-100,-100,-100,-100,-100,-100,-100,-100,-100,-100,-100,-100,-100,-100,-100,-100,-100,-100,-100,-100,-100,-100,-100,-100,-100,-100,-100,-100,-100,-100,-100,-100,-100,-100,-100,-100,-100,-100,-100,-100,-100,-100,-100,-100,-100,-100,-100,-100,-100,-100,-100,-100,-100.0,-100,-100,-100,-100,-100,-100,-100,-100.0,-100,-100,-85.0,-100,-100,-100,-100.0,-100.0,-100,-100,-100,-100,-100,-100,-100,-100.0,-100,-100,-100,-100.0,-100,-100,-100,-100,-100,-100,-100,-100,-100,-100,-100,-100,-100,-100,-100,-100,-100,-100,-100,-100,-100,-100,-100,-100,-100,-100,-100,-100,-100,-100,-100,-100.0,-100,-100,-100,-100,-100,-100,-100,-100,-100,-100,-100,-100,-100,-100,-100,-100.0,-100,-100,-100,-100,-100,-100,-100,-100,-100,-100,-100,-100,-100,-100,-100,-100,-100,-100,-100,-100,-100,-100,-100,-100,-100,-100,-100,-100,-100,-100,-100,-100
83.332,-75.96623469906235,-100,-100,-100,-100,-100,-100,-100,-82.79638947484639,-100,-100,-100.0,-100,-100,-100.0,-100,-100,-100,-100,-100,-100,-100,-100,-100,-100,-100,-100,-100,-100,-100,-100,-100,-100,-100,-100,-100,-100.0,-100,-100,-100,-100,-100,-100,-100,-100,-100.0,-100,-100,-100,-100,-100,-100.0,-100,-100,-100.0,-100,-100,-77.80756463465067,-100,-100,-100.0,-100,-100,-100.0,-62.68331480275357,-100,-100,-100,-100,-100,-100,-100,-100,-100,-100,-100,-100,-100,-100,-100,-100,-100,-100,-100,-100,-100,-100,-100,-100,-100,-100,-100,-100,-100,-100,-100,-100,-100,-100,-100,-100,-100,-100,-100,-100,-100,-100,-100,-100,-100,-100,-100,-100,-100,-100,-100,-100,-100,-100,-100,-100,-100,-100,-100,-100,-100,-100,-100,-86.0,-100,-100,-100,-100,-100,-100,-100,-100.0,-100,-100,-100.0,-100,-100,-100,-100.0,-100.0,-100,-100,-100,-100,-100,-100,-100,-86.0,-100,-100,-100,-100.0,-100,-100,-100,-100,-100,-100,-100,-100,-100,-100,-100,-100,-100,-100,-100,-100,-100,-100,-100,-100,-100,-100,-100,-100,-100,-100,-100,-100,-100,-100,-100,-100.0,-100,-100,-100,-100,-100,-100,-100,-100,-100,-100,-100,-100,-100,-100,-100,-100.0,-100,-100,-100,-100,-100,-100,-100,-100,-100,-100,-100,-100,-100,-100,-100,-100,-100,-100,-100,-100,-100,-100,-100,-100,-100,-100,-100,-100,-100,-100,-100,-100
85.4682,-100.0,-100,-100,-100,-100,-100,-100,-100,-100.0,-100,-100,-100.0,-100,-100,-100.0,-100,-100,-100,-100,-100,-100,-100,-100,-100,-100,-100,-100,-100,-100,-100,-100,-100,-100,-100,-100,-100,-100.0,-100,-100,-100,-100,-100,-100,-100,-100,-100.0,-100,-100,-100,-100,-100,-100.0,-100,-100,-100.0,-100,-100,-81.53278775455938,-100,-100,-100.0,-100,-100,-100.0,-66.44362305543795,-100,-100,-100,-100,-100,-100,-100,-100,-100,-100,-100,-100,-100,-100,-100,-100,-100,-100,-100,-100,-100,-100,-100,-100,-100,-100,-100,-100,-100,-100,-100,-100,-100,-100,-100,-100,-100,-100,-100,-100,-100,-100,-100,-100,-100,-100,-100,-100,-100,-100,-100,-100,-100,-100,-100,-100,-100,-100,-100,-100,-100,-100,-100,-85.546875,-100,-100,-100,-100,-100,-100,-100,-89.0,-100,-100,-85.0,-100,-100,-100,-100.0,-100.0,-100,-100,-100,-100,-100,-100,-100,-100.0,-100,-100,-100,-85.0,-100,-100,-100,-100,-100,-100,-100,-100,-100,-100,-100,-100,-100,-100,-100,-100,-100,-100,-100,-100,-100,-100,-100,-100,-100,-100,-100,-100,-100,-100,-100,-100.0,-100,-100,-100,-100,-100,-100,-100,-100,-100,-100,-100,-100,-100,-100,-100,-100.0,-100,-100,-100,-100,-100,-100,-100,-100,-100,-100,-100,-100,-100,-100,-100,-100,-100,-100,-100,-100,-100,-100,-100,-100,-100,-100,-100,-100,-100,-100,-100,-100
87.2918,-78.79952616069544,-100,-100,-100,-100,-100,-100,-100,-100.0,-100,-100,-100.0,-100,-100,-100.0,-100,-100,-100,-100,-100,-100,-100,-100,-100,-100,-100,-100,-100,-100,-100,-100,-100,-100,-100,-100,-100,-100.0,-100,-100,-100,-100,-100,-100,-100,-100,-100.0,-100,-100,-100,-100,-100,-100.0,-100,-100,-100.0,-100,-100,-100.0,-100,-100,-100.0,-100,-100,-100.0,-67.16548177472329,-100,-100,-100,-100,-100,-100,-100,-100,-100,-100,-100,-100,-100,-100,-100,-100,-100,-100,-100,-100,-100,-100,-100,-100,-100,-100,-100,-100,-100,-100,-100,-100,-100,-100,-100,-100,-100,-100,-100,-100,-100,-100,-100,-100,-100,-100,-100,-100,-100,-100,-100,-100,-100,-100,-100,-100,-100,-100,-100,-100,-100,-100,-100,-85.1563919532771,-100,-100,-100,-100,-100,-100,-100,-88.09375,-100,-100,-100.0,-100,-100,-100,-100.0,-86.0,-100,-100,-100,-100,-100,-100,-100,-100.0,-100,-100,-100,-85.90625,-100,-100,-100,-100,-100,-100,-100,-100,-100,-100,-100,-100,-100,-100,-100,-100,-100,-100,-100,-100,-100,-100,-100,-100,-100,-100,-100,-100,-100,-100,-100,-100.0,-100,-100,-100,-100,-100,-100,-100,-100,-100,-100,-100,-100,-100,-100,-100,-100.0,-100,-100,-100,-100,-100,-100,-100,-100,-100,-100,-100,-100,-100,-100,-100,-100,-100,-100,-100,-100,-100,-100,-100,-100,-100,-100,-100,-100,-100,-100,-100,-100
89.3271,-100.0,-100,-100,-100,-100,-100,-100,-100,-100.0,-100,-100,-100.0,-100,-100,-100.0,-100,-100,-100,-100,-100,-100,-100,-100,-100,-100,-100,-100,-100,-100,-100,-100,-100,-100,-100,-100,-100,-100.0,-100,-100,-100,-100,-100,-100,-100,-100,-100.0,-100,-100,-100,-100,-100,-100.0,-100,-100,-100.0,-100,-100,-83.92372270662608,-100,-100,-100.0,-100,-100,-100.0,-68.81300792015529,-100,-100,-100,-100,-100,-100,-100,-100,-100,-100,-100,-100,-100,-100,-100,-100,-100,-100,-100,-100,-100,-100,-100,-100,-100,-100,-100,-100,-100,-100,-100,-100,-100,-100,-100,-100,-100,-100,-100,-100,-100,-100,-100,-100,-100,-100,-100,-100,-100,-100,-100,-100,-100,-100,-100,-100,-100,-100,-100,-100,-100,-100,-100,-85.64792977632067,-100,-100,-100,-100,-100,-100,-100,-100.0,-100,-100,-85.75730045425048,-100,-100,-100,-100.0,-100.0,-100,-100,-100,-100,-100,-100,-100,-100.0,-100,-100,-100,-86.43478260869566,-100,-100,-100,-100,-100,-100,-100,-100,-100,-100,-100,-100,-100,-100,-100,-100,-100,-100,-100,-100,-100,-100,-100,-100,-100,-100,-100,-100,-100,-100,-100,-93.0,-100,-100,-100,-100,-100,-100,-100,-100,-100,-100,-100,-100,-100,-100,-100,-100.0,-100,-100,-100,-100,-100,-100,-100,-100,-100,-100,-100,-100,-100,-100,-100,-100,-100,-100,-100,-100,-100,-100,-100,-100,-100,-100,-100,-100,-100,-100,-100,-100
91.3273,-79.13851079675207,-100,-100,-100,-100,-100,-100,-100,-85.11288970764141,-100,-100,-100.0,-100,-100,-100.0,-100,-100,-100,-100,-100,-100,-100,-100,-100,-100,-100,-100,-100,-100,-100,-100,-100,-100,-100,-100,-100,-100.0,-100,-100,-100,-100,-100,-100,-100,-100,-100.0,-100,-100,-100,-100,-100,-100.0,-100,-100,-100.0,-100,-100,-83.66288586431362,-100,-100,-100.0,-100,-100,-100.0,-68.58343424274413,-100,-100,-100,-100,-100,-100,-100,-100,-100,-100,-100,-100,-100,-100,-100,-100,-100,-100,-100,-100,-100,-100,-100,-100,-100,-100,-100,-100,-100,-100,-100,-100,-100,-100,-100,-100,-100,-100,-100,-100,-100,-100,-100,-100,-100,-100,-100,-100,-100,-100,-100,-100,-100,-100,-100,-100,-100,-100,-100,-100,-100,-100,-100,-86.01862355429702,-100,-100,-100,-100,-100,-100,-100,-100.0,-100,-100,-100.0,-100,-100,-100,-100.0,-100.0,-100,-100,-100,-100,-100,-100,-100,-100.0,-100,-100,-100,-100.0,-100,-100,-100,-100,-100,-100,-100,-100,-100,-100,-100,-100,-100,-100,-100,-100,-100,-100,-100,-100,-100,-100,-100,-100,-100,-100,-100,-100,-100,-100,-100,-100.0,-100,-100,-100,-100,-100,-100,-100,-100,-100,-100,-100,-100,-100,-100,-100,-100.0,-100,-100,-100,-100,-100,-100,-100,-100,-100,-100,-100,-100,-100,-100,-100,-100,-100,-100,-100,-100,-100,-100,-100,-100,-100,-100,-100,-100,-100,-100,-100,-100
93.3558,-80.79365289086394,-100,-100,-100,-100,-100,-100,-100,-86.4928908784972,-100,-100,-83.09222130884659,-100,-100,-100.0,-100,-100,-100,-100,-100,-100,-100,-100,-100,-100,-100,-100,-100,-100,-100,-100,-100,-100,-100,-100,-100,-100.0,-100,-100,-100,-100,-100,-100,-100,-100,-100.0,-100,-100,-100,-100,-100,-100.0,-100,-100,-100.0,-100,-100,-100.0,-100,-100,-100.0,-100,-100,-100.0,-66.7244324155385,-100,-100,-100,-100,-100,-100,-100,-100,-100,-100,-100,-100,-100,-100,-100,-100,-100,-100,-100,-100,-100,-100,-100,-100,-100,-100,-100,-100,-100,-100,-100,-100,-100,-100,-100,-100,-100,-100,-100,-100,-100,-100,-100,-100,-100,-100,-100,-100,-100,-100,-100,-100,-100,-100,-100,-100,-100,-100,-100,-100,-100,-100,-100,-100.0,-100,-100,-100,-100,-100,-100,-100,-100.0,-100,-100,-100.0,-100,-100,-100,-100.0,-100.0,-100,-100,-100,-100,-100,-100,-100,-100.0,-100,-100,-100,-100.0,-100,-100,-100,-100,-100,-100,-100,-100,-100,-100,-100,-100,-100,-100,-100,-100,-100,-100,-100,-100,-100,-100,-100,-100,-100,-100,-100,-100,-100,-100,-100,-100.0,-100,-100,-100,-100,-100,-100,-100,-100,-100,-100,-100,-100,-100,-100,-100,-100.0,-100,-100,-100,-100,-100,-100,-100,-100,-100,-100,-100,-100,-100,-100,-100,-100,-100,-100,-100,-100,-100,-100,-100,-100,-100,-100,-100,-100,-100,-100,-100,-100
95.2765,-81.4166716917055,-100,-100,-100,-100,-100,-100,-100,-100.0,-100,-100,-100.0,-100,-100,-100.0,-100,-100,-100,-100,-100,-100,-100,-100,-100,-100,-100,-100,-100,-100,-100,-100,-100,-100,-100,-100,-100,-100.0,-100,-100,-100,-100,-100,-100,-100,-100,-100.0,-100,-100,-100,-100,-100,-100.0,-100,-100,-100.0,-100,-100,-84.88758148756321,-100,-100,-100.0,-100,-100,-100.0,-66.23749461177569,-100,-100,-100,-100,-100,-100,-100,-100,-100,-100,-100,-100,-100,-100,-100,-100,-100,-100,-100,-100,-100,-100,-100,-100,-100,-100,-100,-100,-100,-100,-100,-100,-100,-100,-100,-100,-100,-100,-100,-100,-100,-100,-100,-100,-100,-100,-100,-100,-100,-100,-100,-100,-100,-100,-100,-100,-100,-100,-100,-100,-100,-100,-100,-86.84781464288633,-100,-100,-100,-100,-100,-100,-100,-100.0,-100,-100,-87.15509491830151,-100,-100,-100,-100.0,-100.0,-100,-100,-100,-100,-100,-100,-100,-100.0,-100,-100,-100,-86.58547935064249,-100,-100,-100,-100,-100,-100,-100,-100,-100,-100,-100,-100,-100,-100,-100,-100,-100,-100,-100,-100,-100,-100,-100,-100,-100,-100,-100,-100,-100,-100,-100,-100.0,-100,-100,-100,-100,-100,-100,-100,-100,-100,-100,-100,-100,-100,-100,-100,-100.0,-100,-100,-100,-100,-100,-100,-100,-100,-100,-100,-100,-100,-100,-100,-100,-100,-100,-100,-100,-100,-100,-100,-100,-100,-100,-100,-100,-100,-100,-100,-100,-100
97.3208,-81.29901373270347,-100,-100,-100,-100,-100,-100,-100,-100.0,-100,-100,-100.0,-100,-100,-100.0,-100,-100,-100,-100,-100,-100,-100,-100,-100,-100,-100,-100,-100,-100,-100,-100,-100,-100,-100,-100,-100,-100.0,-100,-100,-100,-100,-100,-100,-100,-100,-100.0,-100,-100,-100,-100,-100,-83.25884405901327,-100,-100,-100.0,-100,-100,-100.0,-100,-100,-100.0,-100,-100,-100.0,-68.14706177834269,-100,-100,-100,-100,-100,-100,-100,-100,-100,-100,-100,-100,-100,-100,-100,-100,-100,-100,-100,-100,-100,-100,-100,-100,-100,-100,-100,-100,-100,-100,-100,-100,-100,-100,-100,-100,-100,-100,-100,-100,-100,-100,-100,-100,-100,-100,-100,-100,-100,-100,-100,-100,-100,-100,-100,-100,-100,-100,-100,-100,-100,-100,-100,-88.0111706931141,-100,-100,-100,-100,-100,-100,-100,-100.0,-100,-100,-87.66090802087953,-100,-100,-100,-100.0,-87.1328125,-100,-100,-100,-100,-100,-100,-100,-100.0,-100,-100,-100,-100.0,-100,-100,-100,-100,-100,-100,-100,-100,-100,-100,-100,-100,-100,-100,-100,-100,-100,-100,-100,-100,-100,-100,-100,-100,-100,-100,-100,-100,-100,-100,-100,-100.0,-100,-100,-100,-100,-100,-100,-100,-100,-100,-100,-100,-100,-100,-100,-100,-100.0,-100,-100,-100,-100,-100,-100,-100,-100,-100,-100,-100,-100,-100,-100,-100,-100,-100,-100,-100,-100,-100,-100,-100,-100,-100,-100,-100,-100,-100,-100,-100,-100
99.3225,-80.93220382565192,-100,-100,-100,-100,-100,-100,-100,-87.48321325807666,-100,-100,-100.0,-100,-100,-100.0,-100,-100,-100,-100,-100,-100,-100,-100,-100,-100,-100,-100,-100,-100,-100,-100,-100,-100,-100,-100,-100,-100.0,-100,-100,-100,-100,-100,-100,-100,-100,-100.0,-100,-100,-100,-100,-100,-100.0,-100,-100,-100.0,-100,-100,-85.20170143939785,-100,-100,-100.0,-100,-100,-100.0,-66.69365662567101,-100,-100,-100,-100,-100,-100,-100,-100,-100,-100,-100,-100,-100,-100,-100,-100,-100,-100,-100,-100,-100,-100,-100,-100,-100,-100,-100,-100,-100,-100,-100,-100,-100,-100,-100,-100,-100,-100,-100,-100,-100,-100,-100,-100,-100,-100,-100,-100,-100,-100,-100,-100,-100,-100,-100,-100,-100,-100,-100,-100,-100,-100,-100,-88.00802901657035,-100,-100,-100,-100,-100,-100,-100,-100.0,-100,-100,-100.0,-100,-100,-100,-100.0,-100.0,-100,-100,-100,-100,-100,-100,-100,-100.0,-100,-100,-100,-86.69912746068029,-100,-100,-100,-100,-100,-100,-100,-100,-100,-100,-100,-100,-100,-100,-100,-100,-100,-100,-100,-100,-100,-100,-100,-100,-100,-100,-100,-100,-100,-100,-100,-100.0,-100,-100,-100,-100,-100,-100,-100,-100,-100,-100,-100,-100,-100,-100,-100,-100.0,-100,-100,-100,-100,-100,-100,-100,-100,-100,-100,-100,-100,-100,-100,-100,-100,-100,-100,-100,-100,-100,-100,-100,-100,-100,-100,-100,-100,-100,-100,-100,-100
101.3072,-82.36322629821665,-100,-100,-100,-100,-100,-100,-100,-100.0,-100,-100,-100.0,-100,-100,-100.0,-100,-100,-100,-100,-100,-100,-100,-100,-100,-100,-100,-100,-100,-100,-100,-100,-100,-100,-100,-100,-100,-100.0,-100,-100,-100,-100,-100,-100,-100,-100,-100.0,-100,-100,-100,-100,-100,-100.0,-100,-100,-100.0,-100,-100,-83.73286737439955,-100,-100,-100.0,-100,-100,-100.0,-67.90966333376197,-100,-100,-100,-100,-100,-100,-100,-100,-100,-100,-100,-100,-100,-100,-100,-100,-100,-100,-100,-100,-100,-100,-100,-100,-100,-100,-100,-100,-100,-100,-100,-100,-100,-100,-100,-100,-100,-100,-100,-100,-100,-100,-100,-100,-100,-100,-100,-100,-100,-100,-100,-100,-100,-100,-100,-100,-100,-100,-100,-100,-100,-100,-100,-88.00576650573294,-100,-100,-100,-100,-100,-100,-100,-100.0,-100,-100,-100.0,-100,-100,-100,-89.0,-100.0,-100,-100,-100,-100,-100,-100,-100,-100.0,-100,-100,-100,-86.78280720825619,-100,-100,-100,-100,-100,-100,-100,-100,-100,-100,-100,-100,-100,-100,-100,-100,-100,-100,-100,-100,-100,-100,-100,-100,-100,-100,-100,-100,-100,-100,-100,-100.0,-100,-100,-100,-100,-100,-100,-100,-100,-100,-100,-100,-100,-100,-100,-100,-100.0,-100,-100,-100,-100,-100,-100,-100,-100,-100,-100,-100,-100,-100,-100,-100,-100,-100,-100,-100,-100,-100,-100,-100,-100,-100,-100,-100,-100,-100,-100,-100,-100
103.3027,-82.54303571553352,-100,-100,-100,-100,-100,-100,-100,-100.0,-100,-100,-100.0,-100,-100,-100.0,-100,-100,-100,-100,-100,-100,-100,-100,-100,-100,-100,-100,-100,-100,-100,-100,-100,-100,-100,-100,-100,-100.0,-100,-100,-100,-100,-100,-100,-100,-100,-100.0,-100,-100,-100,-100,-100,-100.0,-100,-100,-100.0,-100,-100,-83.80829913551189,-100,-100,-100.0,-100,-100,-100.0,-67.93517221277679,-100,-100,-100,-100,-100,-100,-100,-100,-100,-100,-100,-100,-100,-100,-100,-100,-100,-100,-100,-100,-100,-100,-100,-100,-100,-100,-100,-100,-100,-100,-100,-100,-100,-100,-100,-100,-100,-100,-100,-100,-100,-100,-100,-100,-100,-100,-100,-100,-100,-100,-100,-100,-100,-100,-100,-100,-100,-100,-100,-100,-100,-100,-100,-87.72206505936097,-100,-100,-100,-100,-100,-100,-100,-100.0,-100,-100,-100.0,-100,-100,-100,-100.0,-87.60415314730695,-100,-100,-100,-100,-100,-100,-100,-100.0,-100,-100,-100,-86.84366011500519,-100,-100,-100,-100,-100,-100,-100,-100,-100,-100,-100,-100,-100,-100,-100,-100,-100,-100,-100,-100,-100,-100,-100,-100,-100,-100,-100,-100,-100,-100,-100,-100.0,-100,-100,-100,-100,-100,-100,-100,-100,-100,-100,-100,-100,-100,-100,-100,-100.0,-100,-100,-100,-100,-100,-100,-100,-100,-100,-100,-100,-100,-100,-100,-100,-100,-100,-100,-100,-100,-100,-100,-100,-100,-100,-100,-100,-100,-100,-100,-100,-100
105.3266,-82.38969562733755,-100,-100,-100,-100,-100,-100,-100,-100.0,-100,-100,-100.0,-100,-100,-100.0,-100,-100,-100,-100,-100,-100,-100,-100,-100,-100,-100,-100,-100,-100,-100,-100,-100,-100,-100,-100,-100,-100.0,-100,-100,-100,-100,-100,-100,-100,-100,-100.0,-100,-100,-100,-100,-100,-100.0,-100,-100,-100.0,-100,-100,-84.9919335850807,-100,-100,-100.0,-100,-100,-100.0,-69.08298078883308,-100,-100,-100,-100,-100,-100,-100,-100,-100,-100,-100,-100,-100,-100,-100,-100,-100,-100,-100,-100,-100,-100,-100,-100,-100,-100,-100,-100,-100,-100,-100,-100,-100,-100,-100,-100,-100,-100,-100,-100,-100,-100,-100,-100,-100,-100,-100,-100,-100,-100,-100,-100,-100,-100,-100,-100,-100,-100,-100,-100,-100,-100,-100,-87.80050406307024,-100,-100,-100,-100,-100,-100,-100,-100.0,-100,-100,-100.0,-100,-100,-100,-89.0,-88.77616202210353,-100,-100,-100,-100,-100,-100,-100,-100.0,-100,-100,-100,-100.0,-100,-100,-100,-100,-100,-100,-100,-100,-100,-100,-100,-100,-100,-100,-100,-100,-100,-100,-100,-100,-100,-100,-100,-100,-100,-100,-100,-100,-100,-100,-100,-100.0,-100,-100,-100,-100,-100,-100,-100,-100,-100,-100,-100,-100,-100,-100,-100,-100.0,-100,-100,-100,-100,-100,-100,-100,-100,-100,-100,-100,-100,-100,-100,-100,-100,-100,-100,-100,-100,-100,-100,-100,-100,-100,-100,-100,-100,-100,-100,-100,-100
107.4409,-82.2796550532902,-100,-100,-100,-100,-100,-100,-100,-100.0,-100,-100,-100.0,-100,-100,-100.0,-100,-100,-100,-100,-100,-100,-100,-100,-100,-100,-100,-100,-100,-100,-100,-100,-100,-100,-100,-100,-100,-100.0,-100,-100,-100,-100,-100,-100,-100,-100,-100.0,-100,-100,-100,-100,-100,-100.0,-100,-100,-100.0,-100,-100,-84.42945995235344,-100,-100,-100.0,-100,-100,-81.265625,-68.49479763856576,-100,-100,-100,-100,-100,-100,-100,-100,-100,-100,-100,-100,-100,-100,-100,-100,-100,-100,-100,-100,-100,-100,-100,-100,-100,-100,-100,-100,-100,-100,-100,-100,-100,-100,-100,-100,-100,-100,-100,-100,-100,-100,-100,-100,-100,-100,-100,-100,-100,-100,-100,-100,-100,-100,-100,-100,-100,-100,-100,-100,-100,-100,-100,-88.42141271632968,-100,-100,-100,-100,-100,-100,-100,-100.0,-100,-100,-100.0,-100,-100,-100,-100.0,-100.0,-100,-100,-100,-100,-100,-100,-100,-100.0,-100,-100,-100,-86.60638681717674,-100,-100,-100,-100,-100,-100,-100,-100,-100,-100,-100,-100,-100,-100,-100,-100,-100,-100,-100,-100,-100,-100,-100,-100,-100,-100,-100,-100,-100,-100,-100,-100.0,-100,-100,-100,-100,-100,-100,-100,-100,-100,-100,-100,-100,-100,-100,-100,-100.0,-100,-100,-100,-100,-100,-100,-100,-100,-100,-100,-100,-100,-100,-100,-100,-100,-100,-100,-100,-100,-100,-100,-100,-100,-100,-100,-100,-100,-100,-100,-100,-100
109.3505,-83.33019004745248,-100,-100,-100,-100,-100,-100,-100,-89.0410197547147,-100,-100,-100.0,-100,-100,-100.0,-100,-100,-100,-100,-100,-100,-100,-100,-100,-100,-100,-100,-100,-100,-100,-100,-100,-100,-100,-100,-100,-100.0,-100,-100,-100,-100,-100,-100,-100,-100,-100.0,-100,-100,-100,-100,-100,-100.0,-100,-100,-100.0,-100,-100,-85.72006937998707,-100,-100,-100.0,-100,-100,-100.0,-68.35507881093342,-100,-100,-100,-100,-100,-100,-100,-100,-100,-100,-100,-100,-100,-100,-100,-100,-100,-100,-100,-100,-100,-100,-100,-100,-100,-100,-100,-100,-100,-100,-100,-100,-100,-100,-100,-100,-100,-100,-100,-100,-100,-100,-100,-100,-100,-100,-100,-100,-100,-100,-100,-100,-100,-100,-100,-100,-100,-100,-100,-100,-100,-100,-100,-88.0200987362234,-100,-100,-100,-100,-100,-100,-100,-100.0,-100,-100,-100.0,-100,-100,-100,-100.0,-100.0,-100,-100,-100,-100,-100,-100,-100,-100.0,-100,-100,-100,-100.0,-100,-100,-100,-100,-100,-100,-100,-100,-100,-100,-100,-100,-100,-100,-100,-100,-100,-100,-100,-100,-100,-100,-100,-100,-100,-100,-100,-100,-100,-100,-100,-100.0,-100,-100,-100,-100,-100,-100,-100,-100,-100,-100,-100,-100,-100,-100,-100,-100.0,-100,-100,-100,-100,-100,-100,-100,-100,-100,-100,-100,-100,-100,-100,-100,-100,-100,-100,-100,-100,-100,-100,-100,-100,-100,-100,-100,-100,-100,-100,-100,-100
111.3255,-83.801703795204,-100,-100,-100,-100,-100,-100,-100,-90.4413152535603,-100,-100,-100.0,-100,-100,-100.0,-100,-100,-100,-100,-100,-100,-100,-100,-100,-100,-100,-100,-100,-100,-100,-100,-100,-100,-100,-100,-100,-100.0,-100,-100,-100,-100,-100,-100,-100,-100,-100.0,-100,-100,-100,-100,-100,-100.0,-100,-100,-100.0,-100,-100,-85.516739287553,-100,-100,-100.0,-100,-100,-100.0,-69.10194027289894,-100,-100,-100,-100,-100,-100,-100,-100,-100,-100,-100,-100,-100,-100,-100,-100,-100,-100,-100,-100,-100,-100,-100,-100,-100,-100,-100,-100,-100,-100,-100,-100,-100,-100,-100,-100,-100,-100,-100,-100,-100,-100,-100,-100,-100,-100,-100,-100,-100,-100,-100,-100,-100,-100,-100,-100,-100,-100,-100,-100,-100,-100,-100,-88.01442376704786,-100,-100,-100,-100,-100,-100,-100,-100.0,-100,-100,-100.0,-100,-100,-100,-90.51460090850097,-100.0,-100,-100,-100,-100,-100,-100,-100,-100.0,-100,-100,-100,-100.0,-100,-100,-100,-100,-100,-100,-100,-100,-100,-100,-100,-100,-100,-100,-100,-100,-100,-100,-100,-100,-100,-100,-100,-100,-100,-100,-100,-100,-100,-100,-100,-100.0,-100,-100,-100,-100,-100,-100,-100,-100,-100,-100,-100,-100,-100,-100,-100,-100.0,-100,-100,-100,-100,-100,-100,-100,-100,-100,-100,-100,-100,-100,-100,-100,-100,-100,-100,-100,-100,-100,-100,-100,-100,-100,-100,-100,-100,-100,-100,-100,-100
113.3085,-84.4224492163281,-100,-100,-100,-100,-100,-100,-100,-100.0,-100,-100,-100.0,-100,-100,-100.0,-100,-100,-100,-100,-100,-100,-100,-100,-100,-100,-100,-100,-100,-100,-100,-100,-100,-100,-100,-100,-100,-100.0,-100,-100,-100,-100,-100,-100,-100,-100,-100.0,-100,-100,-100,-100,-100,-86.20372044624885,-100,-100,-95.0,-100,-100,-85.3708246715137,-100,-100,-100.0,-100,-100,-100.0,-69.07315481737565,-100,-100,-100,-100,-100,-100,-100,-100,-100,-100,-100,-100,-100,-100,-100,-100,-100,-100,-100,-100,-100,-100,-100,-100,-100,-100,-100,-100,-100,-100,-100,-100,-100,-100,-100,-100,-100,-100,-100,-100,-100,-100,-100,-100,-100,-100,-100,-100,-100,-100,-100,-100,-100,-100,-100,-100,-100,-100,-100,-100,-100,-100,-100,-100.0,-100,-100,-100,-100,-100,-100,-100,-100.0,-100,-100,-100.0,-100,-100,-100,-100.0,-100.0,-100,-100,-100,-100,-100,-100,-100,-100.0,-100,-100,-100,-100.0,-100,-100,-100,-100,-100,-100,-100,-100,-100,-100,-100,-100,-100,-100,-100,-100,-100,-100,-100,-100,-100,-100,-100,-100,-100,-100,-100,-100,-100,-100,-100,-100.0,-100,-100,-100,-100,-100,-100,-100,-100,-100,-100,-100,-100,-100,-100,-100,-100.0,-100,-100,-100,-100,-100,-100,-100,-100,-100,-100,-100,-100,-100,-100,-100,-100,-100,-100,-100,-100,-100,-100,-100,-100,-100,-100,-100,-100,-100,-100,-100,-100
115.3305,-84.30315982478886,-100,-100,-100,-100,-100,-100,-100,-100.0,-100,-100,-100.0,-100,-100,-100.0,-100,-100,-100,-100,-100,-100,-100,-100,-100,-100,-100,-100,-100,-100,-100,-100,-100,-100,-100,-100,-100,-100.0,-100,-100,-100,-100,-100,-100,-100,-100,-84.20948488797804,-100,-100,-100,-100,-100,-100.0,-100,-100,-100.0,-100,-100,-84.98373710062603,-100,-100,-100.0,-100,-100,-100.0,-69.05249767489411,-100,-100,-100,-100,-100,-100,-100,-100,-100,-100,-100,-100,-100,-100,-100,-100,-100,-100,-100,-100,-100,-100,-100,-100,-100,-100,-100,-100,-100,-100,-100,-100,-100,-100,-100,-100,-100,-100,-100,-100,-100,-100,-100,-100,-100,-100,-100,-100,-100,-100,-100,-100,-100,-100,-100,-100,-100,-100,-100,-100,-100,-100,-100,-100.0,-100,-100,-100,-100,-100,-100,-100,-100.0,-100,-100,-88.03334107524557,-100,-100,-100,-100.0,-100.0,-100,-100,-100,-100,-100,-100,-100,-100.0,-100,-100,-100,-87.28088732658055,-100,-100,-100,-100,-100,-100,-100,-100,-100,-100,-100,-100,-100,-100,-100,-100,-100,-100,-100,-100,-100,-100,-100,-100,-100,-100,-100,-100,-100,-100,-100,-100.0,-100,-100,-100,-100,-100,-100,-100,-100,-100,-100,-100,-100,-100,-100,-100,-100.0,-100,-100,-100,-100,-100,-100,-100,-100,-100,-100,-100,-100,-100,-100,-100,-100,-100,-100,-100,-100,-100,-100,-100,-100,-100,-100,-100,-100,-100,-100,-100,-100
117.3096,-83.93517916209848,-100,-100,-100,-100,-100,-100,-100,-90.88144994387977,-100,-100,-100.0,-100,-100,-100.0,-100,-100,-100,-100,-100,-100,-100,-100,-100,-100,-100,-100,-100,-100,-100,-100,-100,-100,-100,-100,-100,-100.0,-100,-100,-100,-100,-100,-100,-100,-100,-100.0,-100,-100,-100,-100,-100,-100.0,-100,-100,-100.0,-100,-100,-85.27070504428549,-100,-100,-100.0,-100,-100,-100.0,-68.75529791127312,-100,-100,-100,-100,-100,-100,-100,-100,-100,-100,-100,-100,-100,-100,-100,-100,-100,-100,-100,-100,-100,-100,-100,-100,-100,-100,-100,-100,-100,-100,-100,-100,-100,-100,-100,-100,-100,-100,-100,-100,-100,-100,-100,-100,-100,-100,-100,-100,-100,-100,-100,-100,-100,-100,-100,-100,-100,-100,-100,-100,-100,-100,-100,-88.29271579762171,-100,-100,-100,-100,-100,-100,-100,-100.0,-100,-100,-88.02399959882483,-100,-100,-100,-100.0,-100.0,-100,-100,-100,-100,-100,-100,-100,-100.0,-100,-100,-100,-100.0,-100,-100,-100,-100,-100,-100,-100,-100,-100,-100,-100,-100,-100,-100,-100,-100,-100,-100,-100,-100,-100,-100,-100,-100,-100,-100,-100,-100,-100,-100,-100,-100.0,-100,-100,-100,-100,-100,-100,-100,-100,-100,-100,-100,-100,-100,-100,-100,-100.0,-100,-100,-100,-100,-100,-100,-100,-100,-100,-100,-100,-100,-100,-100,-100,-100,-100,-100,-100,-100,-100,-100,-100,-100,-100,-100,-100,-100,-100,-100,-100,-100
119.3259,-83.9534829913245,-100,-100,-100,-100,-100,-100,-100,-100.0,-100,-100,-100.0,-100,-100,-100.0,-100,-100,-100,-100,-100,-100,-100,-100,-100,-100,-100,-100,-100,-100,-100,-100,-100,-100,-100,-100,-100,-100.0,-100,-100,-100,-100,-100,-100,-100,-100,-100.0,-100,-100,-100,-100,-100,-100.0,-100,-100,-100.0,-100,-100,-85.1942645189601,-100,-100,-100.0,-100,-100,-100.0,-68.82439583392127,-100,-100,-100,-100,-100,-100,-100,-100,-100,-100,-100,-100,-100,-100,-100,-100,-100,-100,-100,-100,-100,-100,-100,-100,-100,-100,-100,-100,-100,-100,-100,-100,-100,-100,-100,-100,-100,-100,-100,-100,-100,-100,-100,-100,-100,-100,-100,-100,-100,-100,-100,-100,-100,-100,-100,-100,-100,-100,-100,-100,-100,-100,-100,-89.05717185973936,-100,-100,-100,-100,-100,-100,-100,-100.0,-100,-100,-100.0,-100,-100,-100,-91.17725133520173,-100.0,-100,-100,-100,-100,-100,-100,-100,-100.0,-100,-100,-100,-87.76580579338717,-100,-100,-100,-100,-100,-100,-100,-100,-100,-100,-100,-100,-100,-100,-100,-100,-100,-100,-100,-100,-100,-100,-100,-100,-100,-100,-100,-100,-100,-100,-100,-100.0,-100,-100,-100,-100,-100,-100,-100,-100,-100,-100,-100,-100,-100,-100,-100,-100.0,-100,-100,-100,-100,-100,-100,-100,-100,-100,-100,-100,-100,-100,-100,-100,-100,-100,-100,-100,-100,-100,-100,-100,-100,-100,-100,-100,-100,-100,-100,-100,-100
121.2944,-82.8371154795203,-100,-100,-100,-100,-100,-100,-100,-100.0,-100,-100,-100.0,-100,-100,-100.0,-100,-100,-100,-100,-100,-100,-100,-100,-100,-100,-100,-100,-100,-100,-100,-100,-100,-100,-100,-100,-100,-100.0,-100,-100,-100,-100,-100,-100,-100,-100,-100.0,-100,-100,-100,-100,-100,-100.0,-100,-100,-100.0,-100,-100,-84.85703324405816,-100,-100,-100.0,-100,-100,-100.0,-69.43873357481603,-100,-100,-100,-100,-100,-100,-100,-100,-100,-100,-100,-100,-100,-100,-100,-100,-100,-100,-100,-100,-100,-100,-100,-100,-100,-100,-100,-100,-100,-100,-100,-100,-100,-100,-100,-100,-100,-100,-100,-100,-100,-100,-100,-100,-100,-100,-100,-100,-100,-100,-100,-100,-100,-100,-100,-100,-100,-100,-100,-100,-100,-100,-100,-100.0,-100,-100,-100,-100,-100,-100,-100,-100.0,-100,-100,-88.57973540209234,-100,-100,-100,-100.0,-100.0,-100,-100,-100,-100,-100,-100,-100,-100.0,-100,-100,-100,-88.11412099164137,-100,-100,-100,-100,-100,-100,-100,-100,-100,-100,-100,-100,-100,-100,-100,-100,-100,-100,-100,-100,-100,-100,-100,-100,-100,-100,-100,-100,-100,-100,-100,-100.0,-100,-100,-100,-100,-100,-100,-100,-100,-100,-100,-100,-100,-100,-100,-100,-100.0,-100,-100,-100,-100,-100,-100,-100,-100,-100,-100,-100,-100,-100,-100,-100,-100,-100,-100,-100,-100,-100,-100,-100,-100,-100,-100,-100,-100,-100,-100,-100,-100
123.3122,-81.75360732486847,-100,-100,-100,-100,-100,-100,-100,-91.7620526868857,-100,-100,-100.0,-100,-100,-100.0,-100,-100,-100,-100,-100,-100,-100,-100,-100,-100,-100,-100,-100,-100,-100,-100,-100,-100,-100,-100,-100,-100.0,-100,-100,-100,-100,-100,-100,-100,-100,-100.0,-100,-100,-100,-100,-100,-100.0,-100,-100,-100.0,-100,-100,-84.05027649290732,-100,-100,-100.0,-100,-100,-100.0,-68.75009448395741,-100,-100,-100,-100,-100,-100,-100,-100,-100,-100,-100,-100,-100,-100,-100,-100,-100,-100,-100,-100,-100,-100,-100,-100,-100,-100,-100,-100,-100,-100,-100,-100,-100,-100,-100,-100,-100,-100,-100,-100,-100,-100,-100,-100,-100,-100,-100,-100,-100,-100,-100,-100,-100,-100,-100,-100,-100,-100,-100,-100,-100,-100,-100,-89.04102808134303,-100,-100,-100,-100,-100,-100,-100,-100.0,-100,-100,-100.0,-100,-100,-100,-100.0,-100.0,-100,-100,-100,-100,-100,-100,-100,-100.0,-100,-100,-100,-88.64649687632917,-100,-100,-100,-100,-100,-100,-100,-100,-100,-100,-100,-100,-100,-100,-100,-100,-100,-100,-100,-100,-100,-100,-100,-100,-100,-100,-100,-100,-100,-100,-100,-100.0,-100,-100,-100,-100,-100,-100,-100,-100,-100,-100,-100,-100,-100,-100,-100,-100.0,-100,-100,-100,-100,-100,-100,-100,-100,-100,-100,-100,-100,-100,-100,-100,-100,-100,-100,-100,-100,-100,-100,-100,-100,-100,-100,-100,-100,-100,-100,-100,-100
125.3285,-80.97605553964645,-100,-100,-100,-100,-100,-100,-100,-91.26449183281271,-100,-100,-100.0,-100,-100,-100.0,-100,-100,-100,-100,-100,-100,-100,-100,-100,-100,-100,-100,-100,-100,-100,-100,-100,-100,-100,-100,-100,-100.0,-100,-100,-100,-100,-100,-100,-100,-100,-87.25646408323188,-100,-100,-100,-100,-100,-100.0,-100,-100,-100.0,-100,-100,-83.47132824096839,-100,-100,-100.0,-100,-100,-83.97534068786503,-67.69115894350537,-100,-100,-100,-100,-100,-100,-100,-100,-100,-100,-100,-100,-100,-100,-100,-100,-100,-100,-100,-100,-100,-100,-100,-100,-100,-100,-100,-100,-100,-100,-100,-100,-100,-100,-100,-100,-100,-100,-100,-100,-100,-100,-100,-100,-100,-100,-100,-100,-100,-100,-100,-100,-100,-100,-100,-100,-100,-100,-100,-100,-100,-100,-100,-100.0,-100,-100,-100,-100,-100,-100,-100,-100.0,-100,-100,-100.0,-100,-100,-100,-100.0,-100.0,-100,-100,-100,-100,-100,-100,-100,-100.0,-100,-100,-100,-100.0,-100,-100,-100,-100,-100,-100,-100,-100,-100,-100,-100,-100,-100,-100,-100,-100,-100,-100,-100,-100,-100,-100,-100,-100,-100,-100,-100,-100,-100,-100,-100,-100.0,-100,-100,-100,-100,-100,-100,-100,-100,-100,-100,-100,-100,-100,-100,-100,-100.0,-100,-100,-100,-100,-100,-100,-100,-100,-100,-100,-100,-100,-100,-100,-100,-100,-100,-100,-100,-100,-100,-100,-100,-100,-100,-100,-100,-100,-100,-100,-100,-100
127.3145,-79.5709383926688,-100,-100,-100,-100,-100,-100,-100,-100.0,-100,-100,-84.76043442921844,-100,-100,-100.0,-100,-100,-100,-100,-100,-100,-100,-100,-100,-100,-100,-100,-100,-100,-100,-100,-100,-100,-100,-100,-100,-100.0,-100,-100,-100,-100,-100,-100,-100,-100,-100.0,-100,-100,-100,-100,-100,-100.0,-100,-100,-100.0,-100,-100,-81.07923103179887,-100,-100,-100.0,-100,-100,-100.0,-66.36648967118745,-100,-100,-100,-100,-100,-100,-100,-100,-100,-100,-100,-100,-100,-100,-100,-100,-100,-100,-100,-100,-100,-100,-100,-100,-100,-100,-100,-100,-100,-100,-100,-100,-100,-100,-100,-100,-100,-100,-100,-100,-100,-100,-100,-100,-100,-100,-100,-100,-100,-100,-100,-100,-100,-100,-100,-100,-100,-100,-100,-100,-100,-100,-100,-100.0,-100,-100,-100,-100,-100,-100,-100,-100.0,-100,-100,-100.0,-100,-100,-100,-100.0,-100.0,-100,-100,-100,-100,-100,-100,-100,-100.0,-100,-100,-100,-100.0,-100,-100,-100,-100,-100,-100,-100,-100,-100,-100,-100,-100,-100,-100,-100,-100,-100,-100,-100,-100,-100,-100,-100,-100,-100,-100,-100,-100,-100,-100,-100,-100.0,-100,-100,-100,-100,-100,-100,-100,-100,-100,-100,-100,-100,-100,-100,-100,-100.0,-100,-100,-100,-100,-100,-100,-100,-100,-100,-100,-100,-100,-100,-100,-100,-100,-100,-100,-100,-100,-100,-100,-100,-100,-100,-100,-100,-100,-100,-100,-100,-100
129.3054,-76.86833800144382,-100,-100,-100,-100,-100,-100,-100,-88.64842450225305,-100,-100,-100.0,-100,-100,-82.99730422779845,-100,-100,-100,-100,-100,-100,-100,-100,-100,-100,-100,-100,-100,-100,-100,-100,-100,-100,-100,-100,-100,-100.0,-100,-100,-100,-100,-100,-100,-100,-100,-87.18404485945554,-100,-100,-100,-100,-100,-100.0,-100,-100,-100.0,-100,-100,-79.64497963340135,-100,-100,-100.0,-100,-100,-100.0,-63.721620630013184,-100,-100,-100,-100,-100,-100,-100,-100,-100,-100,-100,-100,-100,-100,-100,-100,-100,-100,-100,-100,-100,-100,-100,-100,-100,-100,-100,-100,-100,-100,-100,-100,-100,-100,-100,-100,-100,-100,-100,-100,-100,-100,-100,-100,-100,-100,-100,-100,-100,-100,-100,-100,-100,-100,-100,-100,-100,-100,-100,-100,-100,-100,-100,-100.0,-100,-100,-100,-100,-100,-100,-100,-100.0,-100,-100,-100.0,-100,-100,-100,-100.0,-100.0,-100,-100,-100,-100,-100,-100,-100,-100.0,-100,-100,-100,-100.0,-100,-100,-100,-100,-100,-100,-100,-100,-100,-100,-100,-100,-100,-100,-100,-100,-100,-100,-100,-100,-100,-100,-100,-100,-100,-100,-100,-100,-100,-100,-100,-100.0,-100,-100,-100,-100,-100,-100,-100,-100,-100,-100,-100,-100,-100,-100,-100,-100.0,-100,-100,-100,-100,-100,-100,-100,-100,-100,-100,-100,-100,-100,-100,-100,-100,-100,-100,-100,-100,-100,-100,-100,-100,-100,-100,-100,-100,-100,-100,-100,-100
131.2928,-74.64651058091825,-100,-100,-100,-100,-100,-100,-100,-100.0,-100,-100,-84.26333053179776,-100,-100,-100.0,-100,-100,-100,-100,-100,-100,-100,-100,-100,-100,-100,-100,-100,-100,-100,-100,-100,-100,-100,-100,-100,-82.05073685019242,-100,-100,-100,-100,-100,-100,-100,-100,-100.0,-100,-100,-100,-100,-100,-100.0,-100,-100,-100.0,-100,-100,-75.50959331464396,-100,-100,-82.5943284734876,-100,-100,-100.0,-60.97647123712401,-100,-100,-100,-100,-100,-100,-100,-100,-100,-100,-100,-100,-100,-100,-100,-100,-100,-100,-100,-100,-100,-100,-100,-100,-100,-100,-100,-100,-100,-100,-100,-100,-100,-100,-100,-100,-100,-100,-100,-100,-100,-100,-100,-100,-100,-100,-100,-100,-100,-100,-100,-100,-100,-100,-100,-100,-100,-100,-100,-100,-100,-100,-100,-100.0,-100,-100,-100,-100,-100,-100,-100,-100.0,-100,-100,-100.0,-100,-100,-100,-100.0,-100.0,-100,-100,-100,-100,-100,-100,-100,-100.0,-100,-100,-100,-100.0,-100,-100,-100,-100,-100,-100,-100,-100,-100,-100,-100,-100,-100,-100,-100,-100,-100,-100,-100,-100,-100,-100,-100,-100,-100,-100,-100,-100,-100,-100,-100,-100.0,-100,-100,-100,-100,-100,-100,-100,-100,-100,-100,-100,-100,-100,-100,-100,-100.0,-100,-100,-100,-100,-100,-100,-100,-100,-100,-100,-100,-100,-100,-100,-100,-100,-100,-100,-100,-100,-100,-100,-100,-100,-100,-100,-100,-100,-100,-100,-100,-100
133.3081,-74.18157600944987,-100,-100,-100,-100,-100,-100,-100,-85.64156822076633,-100,-100,-81.36521542834399,-100,-100,-100.0,-100,-100,-100,-100,-100,-100,-100,-100,-100,-100,-100,-100,-100,-100,-100,-100,-100,-100,-100,-100,-100,-100.0,-100,-100,-100,-100,-100,-100,-100,-100,-100.0,-100,-100,-100,-100,-100,-100.0,-100,-100,-100.0,-100,-100,-72.82431528253025,-100,-100,-83.82870608066821,-100,-100,-100.0,-60.70073949179246,-100,-100,-100,-100,-100,-100,-100,-100,-100,-100,-100,-100,-100,-100,-100,-100,-100,-100,-100,-100,-100,-100,-100,-100,-100,-100,-100,-100,-100,-100,-100,-100,-100,-100,-100,-100,-100,-100,-100,-100,-100,-100,-100,-100,-100,-100,-100,-100,-100,-100,-100,-100,-100,-100,-100,-100,-100,-100,-100,-100,-100,-100,-100,-100.0,-100,-100,-100,-100,-100,-100,-100,-100.0,-100,-100,-100.0,-100,-100,-100,-100.0,-100.0,-100,-100,-100,-100,-100,-100,-100,-100.0,-100,-100,-100,-100.0,-100,-100,-100,-100,-100,-100,-100,-100,-100,-100,-100,-100,-100,-100,-100,-100,-100,-100,-100,-100,-100,-100,-100,-100,-100,-100,-100,-100,-100,-100,-100,-100.0,-100,-100,-100,-100,-100,-100,-100,-100,-100,-100,-100,-100,-100,-100,-100,-100.0,-100,-100,-100,-100,-100,-100,-100,-100,-100,-100,-100,-100,-100,-100,-100,-100,-100,-100,-100,-100,-100,-100,-100,-100,-100,-100,-100,-100,-100,-100,-100,-100
135.3145,-73.84792766125369,-100,-100,-100,-100,-100,-100,-100,-100.0,-100,-100,-77.87357911402833,-100,-100,-100.0,-100,-100,-100,-100,-100,-100,-100,-100,-100,-100,-100,-100,-100,-100,-100,-100,-100,-100,-100,-100,-100,-100.0,-100,-100,-100,-100,-100,-100,-100,-100,-85.72019658619548,-100,-100,-100,-100,-100,-83.64394877202896,-100,-100,-100.0,-100,-100,-70.89729450403101,-100,-100,-100.0,-100,-100,-100.0,-57.9614864248443,-100,-100,-100,-100,-100,-100,-100,-100,-100,-100,-100,-100,-100,-100,-100,-100,-100,-100,-100,-100,-100,-100,-100,-100,-100,-100,-100,-100,-100,-100,-100,-100,-100,-100,-100,-100,-100,-100,-100,-100,-100,-100,-100,-100,-100,-100,-100,-100,-100,-100,-100,-100,-100,-100,-100,-100,-100,-100,-100,-100,-100,-100,-100,-100.0,-100,-100,-100,-100,-100,-100,-100,-100.0,-100,-100,-100.0,-100,-100,-100,-100.0,-100.0,-100,-100,-100,-100,-100,-100,-100,-100.0,-100,-100,-100,-100.0,-100,-100,-100,-100,-100,-100,-100,-100,-100,-100,-100,-100,-100,-100,-100,-100,-100,-100,-100,-100,-100,-100,-100,-100,-100,-100,-100,-100,-100,-100,-100,-100.0,-100,-100,-100,-100,-100,-100,-100,-100,-100,-100,-100,-100,-100,-100,-100,-100.0,-100,-100,-100,-100,-100,-100,-100,-100,-100,-100,-100,-100,-100,-100,-100,-100,-100,-100,-100,-100,-100,-100,-100,-100,-100,-100,-100,-100,-100,-100,-100,-100
137.296,-71.63186362474751,-100,-100,-100,-100,-100,-100,-100,-83.76615077104798,-100,-100,-76.21502312295134,-100,-100,-100.0,-100,-100,-100,-100,-100,-100,-100,-100,-100,-100,-100,-100,-100,-100,-100,-100,-100,-100,-100,-100,-100,-81.19106429563007,-100,-100,-100,-100,-100,-100,-100,-100,-100.0,-100,-100,-100,-100,-100,-100.0,-100,-100,-100.0,-100,-100,-70.07916895156835,-100,-100,-100.0,-100,-100,-100.0,-57.97236172243926,-100,-100,-100,-100,-100,-100,-100,-100,-100,-100,-100,-100,-100,-100,-100,-100,-100,-100,-100,-100,-100,-100,-100,-100,-100,-100,-100,-100,-100,-100,-100,-100,-100,-100,-100,-100,-100,-100,-100,-100,-100,-100,-100,-100,-100,-100,-100,-100,-100,-100,-100,-100,-100,-100,-100,-100,-100,-100,-100,-100,-100,-100,-100,-100.0,-100,-100,-100,-100,-100,-100,-100,-100.0,-100,-100,-100.0,-100,-100,-100,-100.0,-100.0,-100,-100,-100,-100,-100,-100,-100,-100.0,-100,-100,-100,-100.0,-100,-100,-100,-100,-100,-100,-100,-100,-100,-100,-100,-100,-100,-100,-100,-100,-100,-100,-100,-100,-100,-100,-100,-100,-100,-100,-100,-100,-100,-100,-100,-100.0,-100,-100,-100,-100,-100,-100,-100,-100,-100,-100,-100,-100,-100,-100,-100,-100.0,-100,-100,-100,-100,-100,-100,-100,-100,-100,-100,-100,-100,-100,-100,-100,-100,-100,-100,-100,-100,-100,-100,-100,-100,-100,-100,-100,-100,-100,-100,-100,-100
139.3049,-70.60631360546864,-100,-100,-100,-100,-100,-100,-100,-100.0,-100,-100,-100.0,-100,-100,-100.0,-100,-100,-100,-100,-100,-100,-100,-100,-100,-100,-100,-100,-100,-100,-100,-100,-100,-100,-100,-100,-100,-81.13716986117504,-100,-100,-100,-100,-100,-100,-100,-100,-82.41069791954236,-100,-100,-100,-100,-100,-82.34281083230962,-100,-100,-100.0,-100,-100,-66.38592951409771,-100,-100,-100.0,-100,-100,-100.0,-56.285911923539174,-100,-100,-100,-100,-100,-100,-100,-100,-100,-100,-100,-100,-100,-100,-100,-100,-100,-100,-100,-100,-100,-100,-100,-100,-100,-100,-100,-100,-100,-100,-100,-100,-100,-100,-100,-100,-100,-100,-100,-100,-100,-100,-100,-100,-100,-100,-100,-100,-100,-100,-100,-100,-100,-100,-100,-100,-100,-100,-100,-100,-100,-100,-100,-100.0,-100,-100,-100,-100,-100,-100,-100,-100.0,-100,-100,-100.0,-100,-100,-100,-100.0,-100.0,-100,-100,-100,-100,-100,-100,-100,-100.0,-100,-100,-100,-100.0,-100,-100,-100,-100,-100,-100,-100,-100,-100,-100,-100,-100,-100,-100,-100,-100,-100,-100,-100,-100,-100,-100,-100,-100,-100,-100,-100,-100,-100,-100,-100,-100.0,-100,-100,-100,-100,-100,-100,-100,-100,-100,-100,-100,-100,-100,-100,-100,-100.0,-100,-100,-100,-100,-100,-100,-100,-100,-100,-100,-100,-100,-100,-100,-100,-100,-100,-100,-100,-100,-100,-100,-100,-100,-100,-100,-100,-100,-100,-100,-100,-100
141.2907,-69.30560259454204,-100,-100,-100,-100,-100,-100,-100,-80.72605145245777,-100,-100,-74.17767594603556,-100,-100,-100.0,-100,-100,-100,-100,-100,-100,-100,-100,-100,-100,-100,-100,-100,-100,-100,-100,-100,-100,-100,-100,-100,-100.0,-100,-100,-100,-100,-100,-100,-100,-100,-100.0,-100,-100,-100,-100,-100,-100.0,-100,-100,-100.0,-100,-100,-64.01794682987672,-100,-100,-100.0,-100,-100,-100.0,-54.793298864460205,-100,-100,-100,-100,-100,-100,-100,-100,-100,-100,-100,-100,-100,-100,-100,-100,-100,-100,-100,-100,-100,-100,-100,-100,-100,-100,-100,-100,-100,-100,-100,-100,-100,-100,-100,-100,-100,-100,-100,-100,-100,-100,-100,-100,-100,-100,-100,-100,-100,-100,-100,-100,-100,-100,-100,-100,-100,-100,-100,-100,-100,-100,-100,-100.0,-100,-100,-100,-100,-100,-100,-100,-100.0,-100,-100,-100.0,-100,-100,-100,-100.0,-100.0,-100,-100,-100,-100,-100,-100,-100,-100.0,-100,-100,-100,-100.0,-100,-100,-100,-100,-100,-100,-100,-100,-100,-100,-100,-100,-100,-100,-100,-100,-100,-100,-100,-100,-100,-100,-100,-100,-100,-100,-100,-100,-100,-100,-100,-100.0,-100,-100,-100,-100,-100,-100,-100,-100,-100,-100,-100,-100,-100,-100,-100,-83.0,-100,-100,-100,-100,-100,-100,-100,-100,-100,-100,-100,-100,-100,-100,-100,-100,-100,-100,-100,-100,-100,-100,-100,-100,-100,-100,-100,-100,-100,-100,-100,-100
143.3423,-67.24267797627606,-100,-100,-100,-100,-100,-100,-100,-77.97965090299638,-100,-100,-74.69225596934335,-100,-100,-100.0,-100,-100,-100,-100,-100,-100,-100,-100,-100,-100,-100,-100,-100,-100,-100,-100,-100,-100,-100,-100,-100,-100.0,-100,-100,-100,-100,-100,-100,-100,-100,-81.447599720699,-100,-100,-100,-100,-100,-100.0,-100,-100,-100.0,-100,-100,-62.88337629678628,-100,-100,-100.0,-100,-100,-100.0,-55.698793329881674,-100,-100,-100,-100,-100,-100,-100,-100,-100,-100,-100,-100,-100,-100,-100,-100,-100,-100,-100,-100,-100,-100,-100,-100,-100,-100,-100,-100,-100,-100,-100,-100,-100,-100,-100,-100,-100,-100,-100,-100,-100,-100,-100,-100,-100,-100,-100,-100,-100,-100,-100,-100,-100,-100,-100,-100,-100,-100,-100,-100,-100,-100,-100,-100.0,-100,-100,-100,-100,-100,-100,-100,-100.0,-100,-100,-100.0,-100,-100,-100,-100.0,-100.0,-100,-100,-100,-100,-100,-100,-100,-100.0,-100,-100,-100,-100.0,-100,-100,-100,-100,-100,-100,-100,-100,-100,-100,-100,-100,-100,-100,-100,-100,-100,-100,-100,-100,-100,-100,-100,-100,-100,-100,-100,-100,-100,-100,-100,-100.0,-100,-100,-100,-100,-100,-100,-100,-100,-100,-100,-100,-100,-100,-100,-100,-100.0,-100,-100,-100,-100,-100,-100,-100,-100,-100,-100,-100,-100,-100,-100,-100,-100,-100,-100,-100,-100,-100,-100,-100,-100,-100,-100,-100,-100,-100,-100,-100,-100
145.3145,-66.32702452540721,-100,-100,-100,-100,-100,-100,-100,-76.0087671205346,-100,-100,-74.21440401197411,-100,-100,-100.0,-100,-100,-100,-100,-100,-100,-100,-100,-100,-100,-100,-100,-100,-100,-100,-100,-100,-100,-100,-100,-100,-100.0,-100,-100,-100,-100,-100,-100,-100,-100,-100.0,-100,-100,-100,-100,-100,-100.0,-100,-100,-100.0,-100,-100,-61.504429515527846,-100,-100,-100.0,-100,-100,-100.0,-56.34859816528999,-100,-100,-100,-100,-100,-100,-100,-100,-100,-100,-100,-100,-100,-100,-100,-100,-100,-100,-100,-100,-100,-100,-100,-100,-100,-100,-100,-100,-100,-100,-100,-100,-100,-100,-100,-100,-100,-100,-100,-100,-100,-100,-100,-100,-100,-100,-100,-100,-100,-100,-100,-100,-100,-100,-100,-100,-100,-100,-100,-100,-100,-100,-100,-100.0,-100,-100,-100,-100,-100,-100,-100,-100.0,-100,-100,-100.0,-100,-100,-100,-100.0,-100.0,-100,-100,-100,-100,-100,-100,-100,-100.0,-100,-100,-100,-100.0,-100,-100,-100,-100,-100,-100,-100,-100,-100,-100,-100,-100,-100,-100,-100,-100,-100,-100,-100,-100,-100,-100,-100,-100,-100,-100,-100,-100,-100,-100,-100,-100.0,-100,-100,-100,-100,-100,-100,-100,-100,-100,-100,-100,-100,-100,-100,-100,-80.9609375,-100,-100,-100,-100,-100,-100,-100,-100,-100,-100,-100,-100,-100,-100,-100,-100,-100,-100,-100,-100,-100,-100,-100,-100,-100,-100,-100,-100,-100,-100,-100,-100
147.3112,-64.54042657062845,-100,-100,-100,-100,-100,-100,-100,-74.02966162587686,-100,-100,-72.45960735307486,-100,-100,-100.0,-100,-100,-100,-100,-100,-100,-100,-100,-100,-100,-100,-100,-100,-100,-100,-100,-100,-100,-100,-100,-100,-100.0,-100,-100,-100,-100,-100,-100,-100,-100,-100.0,-100,-100,-100,-100,-100,-100.0,-100,-100,-100.0,-100,-100,-60.51486379155028,-100,-100,-100.0,-100,-100,-100.0,-55.403035427314364,-100,-100,-100,-100,-100,-100,-100,-100,-100,-100,-100,-100,-100,-100,-100,-100,-100,-100,-100,-100,-100,-100,-100,-100,-100,-100,-100,-100,-100,-100,-100,-100,-100,-100,-100,-100,-100,-100,-100,-100,-100,-100,-100,-100,-100,-100,-100,-100,-100,-100,-100,-100,-100,-100,-100,-100,-100,-100,-100,-100,-100,-100,-100,-100.0,-100,-100,-100,-100,-100,-100,-100,-100.0,-100,-100,-100.0,-100,-100,-100,-100.0,-100.0,-100,-100,-100,-100,-100,-100,-100,-100.0,-100,-100,-100,-100.0,-100,-100,-100,-100,-100,-100,-100,-100,-100,-100,-100,-100,-100,-100,-100,-100,-100,-100,-100,-100,-100,-100,-100,-100,-100,-100,-100,-100,-100,-100,-100,-100.0,-100,-100,-100,-100,-100,-100,-100,-100,-100,-100,-100,-100,-100,-100,-100,-79.45619727449709,-100,-100,-100,-100,-100,-100,-100,-100,-100,-100,-100,-100,-100,-100,-100,-100,-100,-100,-100,-100,-100,-100,-100,-100,-100,-100,-100,-100,-100,-100,-100,-100
