AppTimestamp(s),SensorTimestamp(s),PitchX,RollY,YawZ,Quat_x,Quat_y,Quat_z
0.0373,21772.902,38.187248,7.320159,-155.254379,0.12887201,-0.30593801,-0.91667902
0.039,21772.922,37.814487,6.744297,-157.730713,0.117068,-0.30664101,-0.92294699
0.0555,21772.942,37.230049,6.095736,-160.146255,0.104585,-0.305298,-0.92924899
0.0831,21772.962,36.543217,5.197293,-162.643433,0.089818,-0.30311799,-0.93559802
0.0843,21772.982,35.858894,3.921552,-165.307953,0.071625,-0.300978,-0.94172698
0.1018,21773.002,35.193932,2.460623,-168.177811,0.051485,-0.29853499,-0.94725102
0.1249,21773.022,34.413425,1.165908,-171.290405,0.032152,-0.294213,-0.95220703
0.1447,21773.042,33.518669,0.62175,-174.523376,0.018965,-0.28777099,-0.95634103
0.1621,21773.062,32.693909,0.877183,-177.725449,0.01293,-0.28124401,-0.95931399
0.1837,21773.082,32.058334,1.207124,179.235886,-0.008283,0.276173,0.96106499
0.2022,21773.102,31.516451,1.259974,176.328018,-0.001876,0.27176201,0.961959
0.2222,21773.122,30.952654,1.093894,173.336533,0.006323,0.26691201,0.96221501
0.2446,21773.142,30.372862,0.836311,170.192001,0.015376,0.26159701,0.96168298
0.262,21773.162,29.814783,0.38556,166.860611,0.026203,0.25593901,0.96008998
0.283,21773.1819,29.337524,-0.039934,163.49147,0.036689,0.250559,0.957371
0.3049,21773.2019,28.786366,0.386832,159.880508,0.0402,0.245323,0.95386201
0.3359,21773.2219,28.098003,0.684345,156.383636,0.044004,0.238796,0.949839
0.3466,21773.2419,27.299936,0.699414,152.930679,0.049462,0.23082,0.94508702
0.3665,21773.2619,26.70792,0.622479,149.559402,0.055535,0.22424901,0.93914902
0.385,21773.2819,26.284222,0.887289,146.318146,0.058653,0.21979401,0.93252701
0.4042,21773.3019,25.855131,1.261652,143.199585,0.060431,0.215656,0.92554498
0.4239,21773.3219,25.502525,1.271247,140.143936,0.065053,0.211178,0.91771299
0.4473,21773.3419,25.580204,1.525366,137.405121,0.068306,0.210958,0.90957898
0.4617,21773.3619,26.290915,2.143207,135.182907,0.069844,0.21715701,0.90172702
0.487,21773.3819,27.5756,1.828603,133.163986,0.080487,0.22482701,0.89258599
0.5073,21773.4019,29.487732,1.157215,131.118469,0.096403,0.23572201,0.88143098
0.5388,21773.4219,31.770138,0.523815,129.202026,0.113426,0.249136,0.86937398
0.556,21773.4419,34.301464,-0.59913,127.553642,0.134781,0.262326,0.85649502
0.5799,21773.4619,36.973965,-2.404969,125.875175,0.161955,0.27325499,0.84134299
0.5831,21773.4819,39.500103,-4.661936,124.067902,0.19214401,0.28026,0.82413697
0.6071,21773.5019,41.68335,-4.364155,122.426727,0.202391,0.29445699,0.81195498
0.6285,21773.5219,43.337257,-2.613621,121.577065,0.198653,0.31185299,0.80682498
0.6538,21773.5419,44.118965,-0.941319,121.290512,0.19073901,0.32360399,0.80625498
0.6702,21773.5619,44.458904,1.007538,121.458565,0.177866,0.33397999,0.80908
0.6882,21773.5818,44.706356,3.003032,122.244156,0.162387,0.34461299,0.81438601
0.7038,21773.6018,44.871677,4.709455,123.412247,0.14730699,0.35376999,0.82062298
0.7255,21773.6218,44.857384,6.224965,125.285828,0.130493,0.36142701,0.829283
0.7468,21773.6418,44.455029,7.391322,127.468765,0.113549,0.36492801,0.83917701
0.7633,21773.6618,43.428955,8.175913,129.712189,0.096849,0.362212,0.85007298
0.8084,21773.6818,42.040287,8.655475,132.081161,0.080877,0.355459,0.86158103
0.8137,21773.7018,41.030262,9.144736,134.62056,0.06587,0.35110399,0.87212098
0.8269,21773.7218,40.606052,9.655672,138.048508,0.050068,0.351098,0.883066
0.8444,21773.7418,40.290749,9.629012,142.303772,0.0363,0.35024199,0.894683
0.8667,21773.7618,39.556454,8.986153,147.251572,0.024372,0.34444001,0.90754098
0.8834,21773.7818,38.346962,8.365012,152.278473,0.011588,0.33452001,0.92031997
0.904,21773.8018,36.807323,7.713141,157.067322,7.3e-05,0.32139501,0.932033
0.931,21773.8218,35.368412,6.666351,161.434525,-0.005752,0.30822101,0.941526
0.9454,21773.8418,34.303577,5.602917,165.19548,-0.008364,0.298114,0.94828701
0.9659,21773.8618,33.22382,4.51753,168.25351,-0.008338,0.28803101,0.95364398
0.9822,21773.8818,31.846405,3.161789,170.766632,-0.00437,0.27548999,0.958754
1.0023,21773.9018,30.366695,1.433747,172.804443,0.004383,0.26212999,0.96332002
1.0292,21773.9218,29.00856,-0.393058,174.283676,0.015805,0.249974,0.96687502
1.0595,21773.9418,27.805712,-2.243739,175.098251,0.029261,0.239198,0.96942902
1.0709,21773.9618,26.611443,-4.086266,175.254089,0.044188,0.228367,0.97136301
1.0875,21773.9818,25.48052,-5.619088,174.789551,0.057772,0.217866,0.97270799
1.1063,21774.0017,24.933674,-7.307882,173.990891,0.073434,0.211878,0.97237498
1.1265,21774.0217,24.957993,-8.876505,172.787796,0.088957,0.210255,0.97046798
1.1519,21774.0417,25.363512,-10.295396,171.237045,0.103983,0.21132401,0.96732402
1.1658,21774.0617,26.002266,-11.633936,169.424835,0.118958,0.21375901,0.96312201
1.1905,21774.0817,26.903677,-12.760791,167.307785,0.132972,0.217824,0.95776099
1.2102,21774.1017,28.185886,-13.641534,164.996201,0.145769,0.224664,0.95101798
1.2231,21774.1217,29.809204,-14.510936,162.686584,0.159058,0.23387501,0.94280702
1.2432,21774.1417,31.618958,-15.229972,160.30304,0.171812,0.244249,0.93345797
1.2733,21774.1617,33.404778,-15.760484,157.830444,0.183603,0.25412801,0.92348897
1.314,21774.1817,35.034786,-16.043135,155.308731,0.19372299,0.26270601,0.913477
1.3325,21774.2017,36.54147,-15.999985,152.685043,0.20172399,0.27047399,0.90345299
1.342,21774.2217,37.955837,-15.602973,149.903931,0.20761199,0.27781901,0.89330202
1.3482,21774.2417,39.175854,-14.833494,146.921478,0.21122199,0.284073,0.88327098
1.3681,21774.2618,40.016392,-13.87251,143.93866,0.213034,0.28784701,0.87416899
1.3835,21774.2818,40.525383,-12.790075,141.217834,0.212832,0.28995499,0.86658502
1.4076,21774.3018,40.926601,-11.419707,138.667953,0.209986,0.29259199,0.85998499
1.425,21774.3218,41.26799,-9.788134,136.221619,0.20498399,0.29603401,0.85400701
1.4444,21774.3419,41.533253,-8.098948,134.077026,0.198772,0.299896,0.849029
1.4624,21774.3619,41.712048,-6.6289,132.228165,0.19331799,0.30310801,0.844679
1.4828,21774.3819,41.638596,-5.263475,130.143143,0.188567,0.30388001,0.83985102
1.5093,21774.402,41.08757,-3.91593,127.43235,0.18399,0.300291,0.83379102
1.5225,21774.422,39.912628,-2.414684,124.202286,0.177168,0.29230201,0.82715702
1.548,21774.442,38.199005,-0.493582,120.636024,0.165564,0.282258,0.82025599
1.5717,21774.462,35.965759,1.546211,116.911758,0.150563,0.269804,0.81270999
1.5879,21774.4821,33.172359,3.931839,113.400368,0.12915,0.25649801,0.80593699
1.6079,21774.5021,29.590591,6.815775,110.680702,0.097696,0.242364,0.802499
1.6273,21774.5221,25.488775,9.582171,109.633751,0.060082,0.226611,0.80501002
1.645,21774.5421,22.085442,10.582676,111.160896,0.033141,0.20849501,0.816181
1.6639,21774.5622,19.770258,11.07992,114.273102,0.012835,0.195135,0.83262402
1.6905,21774.5822,18.408873,11.863323,118.268135,-0.00594,0.188903,0.85126102
1.7059,21774.6022,17.683435,13.023507,122.695862,-0.025113,0.187745,0.869883
1.7264,21774.6223,17.339808,14.487961,127.296135,-0.045323,0.189331,0.88721102
1.7497,21774.6424,17.192253,16.176142,131.789078,-0.066545,0.19189399,0.902152
1.7639,21774.6624,17.301992,17.950638,136.030502,-0.087399,0.195509,0.91429299
1.7889,21774.6825,17.891644,19.487764,139.964569,-0.104624,0.20122799,0.92377597
1.8153,21774.7025,19.066496,20.610092,143.543106,-0.116594,0.20995601,0.930857
1.8476,21774.7226,20.857731,21.453302,146.96373,-0.124928,0.22255599,0.93599498
1.8563,21774.7427,23.329836,22.137291,150.376678,-0.131046,0.23989899,0.93911499
1.8767,21774.7627,26.400023,22.446455,153.999634,-0.134247,0.26087001,0.94048101
1.8864,21774.7828,29.512688,21.863234,157.917221,-0.132092,0.280579,0.941145
1.9063,21774.8029,32.345127,20.825588,162.303406,-0.129383,0.29738501,0.94111103
1.9581,21774.8229,34.87487,19.318407,167.267838,-0.126334,0.311344,0.94029403
1.959,21774.8429,37.009613,17.333939,172.613754,-0.122393,0.32231301,0.93860197
1.9636,21774.863,38.48444,14.968463,178.604004,0.118987,-0.32822901,-0.93654299
1.9857,21774.883,39.04343,12.300255,-174.966599,0.115467,-0.32748699,-0.93461299
2.0044,21774.903,38.967098,9.387959,-168.223862,0.110842,-0.32275,-0.931817
2.0242,21774.9231,38.471649,6.539503,-161.741409,0.105358,-0.31621,-0.92771101
2.0572,21774.9431,36.577057,3.458386,-155.467377,0.094636,-0.300412,-0.92537701
2.0655,21774.9631,33.93359,1.260072,-150.32634,0.084887,-0.279378,-0.923706
2.0843,21774.9831,31.061556,0.628477,-147.257736,0.080538,-0.25540701,-0.92399502
2.1054,21775.0032,28.091717,0.508022,-145.984238,0.075102,-0.23082399,-0.92734897
2.1336,21775.0232,25.400707,0.062669,-145.72377,0.065295,-0.209933,-0.932181
2.1443,21775.0432,23.156729,-0.983147,-145.755585,0.051056,-0.19428,-0.93670398
2.1667,21775.0633,21.528393,-2.332802,-145.875717,0.03567,-0.184378,-0.94008601
2.1844,21775.0833,20.620583,-3.255704,-146.23494,0.025212,-0.179313,-0.94254702
2.2061,21775.1033,20.086058,-3.977555,-146.909988,0.016873,-0.176798,-0.94506198
2.2329,21775.1233,19.620031,-5.059235,-148.009796,0.005097,-0.17561001,-0.94837803
2.2461,21775.1434,19.24671,-6.626625,-149.611557,-0.01125,-0.175992,-0.95240402
2.2687,21775.1634,18.986809,-8.184525,-152.195053,-0.028796,-0.176606,-0.957798
2.2976,21775.1834,19.350353,-9.732061,-155.549744,-0.046264,-0.181366,-0.96296799
2.3144,21775.2035,20.293644,-11.443501,-159.034775,-0.064608,-0.19022299,-0.96630299
2.3297,21775.2235,21.675514,-13.026501,-162.422562,-0.081558,-0.201644,-0.96762502
2.3546,21775.2435,23.445877,-14.459506,-165.682312,-0.097144,-0.215349,-0.96697003
2.3697,21775.2635,25.666561,-15.712445,-168.882874,-0.111334,-0.231905,-0.96426702
2.3919,21775.2836,28.488806,-16.702435,-172.185913,-0.12386,-0.25247601,-0.95918298
2.4077,21775.3036,31.380133,-17.194849,-175.778671,0.133975,0.27251399,0.95276302
2.4269,21775.3236,34.131992,-17.375557,-179.626633,0.143453,0.290575,0.94513702
2.4452,21775.3437,36.793991,-17.483736,176.297668,0.154217,0.30711201,0.93582898
2.4684,21775.3637,39.437119,-17.491858,171.92952,0.16624901,0.32257801,0.92449802
2.4908,21775.3837,42.004044,-16.993048,166.939514,0.177352,0.336481,0.91130799
2.5081,21775.4038,44.157505,-15.192338,160.882568,0.182666,0.34706801,0.89753097
2.5509,21775.4239,45.571548,-11.957558,153.819092,0.180775,0.353421,0.88397902
2.5612,21775.4439,46.459538,-7.51349,145.859512,0.173087,0.35856,0.86897302
2.5749,21775.464,47.457066,-2.498557,137.455353,0.164557,0.36765701,0.849702
2.5949,21775.484,47.835697,2.678423,128.988815,0.155246,0.37501499,0.82889402
2.6081,21775.5041,47.492519,7.176408,121.126694,0.147626,0.378167,0.80799001
2.6343,21775.5242,45.811188,11.707984,113.437065,0.133926,0.37523699,0.78783298
2.6501,21775.5442,42.789017,16.138157,105.506042,0.114565,0.36661199,0.76483297
2.6681,21775.5643,39.534027,19.074997,99.399483,0.096797,0.35521999,0.74404901
2.6897,21775.5844,36.000397,21.143211,95.264626,0.075794,0.34202299,0.72895199
2.7109,21775.6044,31.968246,22.686491,92.988335,0.048728,0.32599601,0.72092903
2.7323,21775.6245,27.330723,23.968128,92.130936,0.015051,0.30641401,0.71853298
2.7513,21775.6445,22.536589,24.77124,92.407318,-0.019745,0.28334701,0.72042203
2.7717,21775.6646,18.372082,24.77248,93.873253,-0.048238,0.25850299,0.72782302
2.7888,21775.6847,15.580909,23.248871,96.687347,-0.06091,0.23188899,0.74321997
2.8119,21775.7047,13.627819,21.512476,100.276451,-0.067537,0.20824499,0.762972
2.8365,21775.7248,12.236447,20.327789,104.231247,-0.074061,0.190543,0.78399003
2.8535,21775.7449,11.101662,20.103836,108.265419,-0.084976,0.178969,0.80408698
2.8733,21775.7649,9.942588,21.01252,111.967194,-0.102906,0.17224801,0.820755
2.9101,21775.785,8.968597,22.015059,115.768677,-0.120424,0.166201,0.83678502
2.9169,21775.805,8.715395,22.686031,119.791206,-0.132294,0.162816,0.85325801
2.939,21775.8251,9.528408,23.292364,123.669319,-0.138953,0.166669,0.86837
2.9556,21775.8451,11.131692,24.085625,126.95211,-0.143443,0.177606,0.87996697
2.9692,21775.8651,13.156078,25.113535,129.403946,-0.14748099,0.193385,0.88730502
2.9884,21775.8852,15.588807,26.284485,131.304611,-0.150786,0.213193,0.89171398
3.0091,21775.9052,18.344913,27.437307,132.961868,-0.152876,0.235422,0.89446402
3.0325,21775.9252,21.120287,28.133444,134.409592,-0.151398,0.25646001,0.89636201
3.0541,21775.9452,23.768368,28.287294,136.246994,-0.14749099,0.27440801,0.89932001
3.0725,21775.9653,26.418671,27.761827,138.906906,-0.140843,0.28969601,0.90422899
3.0923,21775.9853,29.002445,26.600672,142.25679,-0.131935,0.30262601,0.91016001
3.1085,21776.0053,31.342525,24.786263,145.996704,-0.120468,0.31271499,0.91624302
3.131,21776.0253,33.4468,22.711306,149.993271,-0.109109,0.321318,0.921615
3.1652,21776.0452,35.333763,20.793394,154.466064,-0.101736,0.329119,0.92612499
3.178,21776.0652,36.860386,19.003399,159.583923,-0.098871,0.334631,0.93013102
3.1966,21776.0852,38.680801,16.82073,165.617188,-0.09591,0.342318,0.93213999
3.2101,21776.1052,39.803177,14.216771,172.27536,-0.093339,0.34485999,0.93376899
3.2296,21776.1252,39.878483,11.60061,179.30835,0.092954,-0.339845,-0.93543202
3.2528,21776.1452,38.585995,10.048431,-174.154572,0.099333,-0.324487,-0.93751597
3.2691,21776.1652,36.306278,9.625299,-168.466202,0.110514,-0.30087799,-0.939457
3.3033,21776.1852,32.702736,7.631719,-162.744583,0.105275,-0.26814499,-0.94378
3.336,21776.2052,28.870415,5.252178,-158.184494,0.090692,-0.236128,-0.94777298
3.3434,21776.2252,25.469187,4.102326,-155.467484,0.080917,-0.207848,-0.95084602
3.352,21776.2452,22.800568,3.849063,-154.384827,0.075894,-0.18533801,-0.95387
3.3748,21776.2652,21.104908,3.608259,-154.3349,0.070832,-0.171599,-0.95677698
3.3859,21776.2852,20.089239,3.184805,-154.842514,0.064676,-0.164204,-0.95960999
3.4065,21776.3052,19.203054,2.420876,-155.698456,0.055462,-0.158638,-0.96294498
3.4307,21776.3252,18.308311,1.254552,-157.031448,0.042265,-0.153745,-0.96709299
3.4467,21776.3452,17.596207,-0.486794,-159.020798,0.023718,-0.15116,-0.97182697
3.4686,21776.3652,17.037941,-2.635718,-161.682144,0.001118,-0.14983,-0.97664201
3.4896,21776.3852,16.437487,-4.642031,-164.766922,-0.020797,-0.146888,-0.980959
3.5082,21776.4052,15.95678,-6.009283,-168.106689,-0.03727,-0.143241,-0.98439002
3.5513,21776.4252,16.055567,-7.364945,-171.480347,-0.05307,-0.143704,-0.98609197
3.5562,21776.4452,16.894995,-8.962031,-174.892548,-0.070679,-0.14975201,-0.985659
3.5729,21776.4651,18.288546,-10.523911,-178.352158,0.088259,0.159537,0.98323798
3.5926,21776.4851,20.055727,-11.879903,178.28952,0.104479,0.171652,0.97905701
3.6107,21776.5051,22.247612,-13.283051,175.154907,0.121483,0.186667,0.97281301
3.6338,21776.5251,24.979723,-14.746181,172.184158,0.13961899,0.205441,0.964118
3.6495,21776.5451,27.89712,-16.067616,169.080521,0.157731,0.22469699,0.95342201
3.6817,21776.5651,30.772703,-17.132362,165.595749,0.175373,0.242292,0.940925
3.6981,21776.5851,33.726353,-18.004837,161.68837,0.19343001,0.259036,0.92594498
3.7121,21776.6051,36.519417,-18.421806,157.130524,0.210308,0.27300999,0.90885103
3.7314,21776.6251,38.893608,-18.046131,151.910538,0.22326,0.28309399,0.89077097
3.7486,21776.6451,40.791939,-16.698729,146.355408,0.23007099,0.29066801,0.87304002
3.7706,21776.6651,42.297924,-14.280777,140.622391,0.229764,0.29800901,0.85619903
3.7927,21776.6851,43.759201,-11.210898,134.633408,0.22665399,0.30723399,0.83805901
3.8162,21776.7051,45.51527,-7.993391,128.818329,0.22465099,0.32027599,0.81801897
3.8289,21776.7251,46.233971,-4.091344,122.691322,0.21695501,0.328565,0.79983199
3.8527,21776.7451,45.839367,-0.015856,116.646408,0.204614,0.331357,0.78380799
3.87,21776.7651,44.339977,3.738008,110.765923,0.189401,0.32754499,0.76871002
3.8911,21776.7851,42.037067,7.021628,105.326256,0.17167599,0.319307,0.75410998
3.9143,21776.8051,39.15163,9.652131,100.488823,0.15257201,0.307363,0.739802
3.9704,21776.8251,35.132904,12.180232,95.677322,0.12646399,0.29034901,0.724195
3.9725,21776.8451,30.039486,14.219207,91.415108,0.094015,0.26754799,0.70841402
3.9761,21776.8651,25.036972,14.690344,88.689171,0.066503,0.239518,0.69657302
3.9889,21776.8851,20.331112,14.350588,87.496071,0.041483,0.20990101,0.69122797
4.0072,21776.9051,15.872969,13.920691,87.660873,0.015754,0.181499,0.692909
4.0311,21776.9252,11.643516,13.850309,89.023026,-0.012286,0.15613,0.70107001
4.0513,21776.9452,7.884832,13.671779,91.251266,-0.037136,0.13183799,0.71374798
4.0677,21776.9652,4.770803,13.078813,93.953835,-0.054975,0.107867,0.72892702
4.0882,21776.9853,2.017303,12.877121,96.917976,-0.07232,0.087446,0.74495399
4.1115,21777.0053,-0.442896,13.270407,100.154831,-0.091078,0.071208,0.76148301
4.1269,21777.0253,-2.448072,14.2532,103.607132,-0.110585,0.060039,0.77800697
4.1505,21777.0453,-3.570899,15.673351,107.068726,-0.127946,0.056176,0.793791
4.1741,21777.0654,-3.466435,17.391096,110.066505,-0.140971,0.062103,0.80707401
4.1938,21777.0854,-2.054668,19.116325,112.238716,-0.147688,0.077873,0.81688398
4.2175,21777.1054,0.619963,20.58107,113.846329,-0.146782,0.101954,0.82497603
4.2466,21777.1255,4.455269,21.667915,115.313293,-0.138258,0.132737,0.83307999
4.2635,21777.1455,9.22937,22.456732,116.546646,-0.123587,0.16918699,0.83981901
4.2769,21777.1655,14.475198,23.106922,117.183441,-0.10525,0.20888799,0.84266901
4.2901,21777.1855,19.630056,23.78476,116.887444,-0.085734,0.24841,0.84001601
4.3083,21777.2056,23.18243,24.779032,117.692955,-0.078344,0.27667999,0.84110999
4.3449,21777.2256,25.783642,26.008219,119.024475,-0.078728,0.29861999,0.84394401
4.3565,21777.2456,27.887432,27.068176,121.322411,-0.083207,0.31551501,0.85018599
4.3664,21777.2656,29.841864,27.753353,124.240349,-0.087957,0.329326,0.85807401
4.388,21777.2857,31.780304,28.146921,127.577782,-0.092526,0.34156501,0.86639601
4.4061,21777.3057,33.499569,28.286713,131.348557,-0.098094,0.35102901,0.87511498
4.4283,21777.3257,34.712486,28.302902,135.546799,-0.106597,0.35603699,0.88432097
4.4492,21777.3458,35.531055,28.27915,140.065323,-0.117614,0.35753399,0.89340198
4.4723,21777.3658,36.289902,28.313799,144.952057,-0.130707,0.357932,0.90158302
4.5029,21777.3858,37.708858,28.850359,150.095016,-0.14701299,0.36320701,0.90624601
4.5147,21777.4058,39.184296,29.584824,155.613953,-0.16663501,0.36769801,0.90841299
4.5321,21777.4259,40.006905,29.740871,161.945404,-0.186289,0.36436301,0.91072601
4.5504,21777.4459,40.300682,29.297724,168.713974,-0.203493,0.35501701,0.91243899
4.5707,21777.4659,39.669064,27.43117,176.400406,0.21257401,-0.336472,-0.91592801
4.5885,21777.4859,38.308449,24.325651,-175.639832,0.21108399,-0.31294399,-0.92013502
4.6066,21777.5059,36.417553,20.797247,-168.20282,0.202135,-0.28810099,-0.92357802
4.6336,21777.5259,34.192978,16.76383,-161.594864,0.184049,-0.26481599,-0.92657697
4.6483,21777.5459,32.054554,12.469664,-156.163483,0.158813,-0.246989,-0.92865598
4.67,21777.5659,30.080784,8.650359,-152.074051,0.133119,-0.233541,-0.92981499
4.6915,21777.5859,28.193169,5.520564,-149.340393,0.109361,-0.222271,-0.93119103
4.7093,21777.6059,26.437326,2.467844,-147.694305,0.083737,-0.21375801,-0.93348598
4.7313,21777.6259,24.604017,-0.850111,-147.086166,0.053407,-0.206384,-0.937433
4.7708,21777.6459,22.811577,-3.900051,-147.593628,0.02312,-0.199099,-0.94264603
4.784,21777.6659,21.352886,-5.770749,-149.310471,0.00126,-0.191522,-0.94892299
4.7979,21777.6858,20.286589,-7.221424,-151.781967,-0.017278,-0.185571,-0.95548302
4.8109,21777.7058,19.571148,-8.264415,-154.868942,-0.032429,-0.18090799,-0.96201003
4.8265,21777.7258,19.164639,-8.704985,-158.375046,-0.042367,-0.177076,-0.96811801
4.8516,21777.7458,19.124954,-8.756736,-162.124466,-0.048634,-0.17532299,-0.97325802
4.8705,21777.7658,19.678499,-8.915679,-165.924896,-0.055132,-0.17846701,-0.97653598
4.8891,21777.7858,20.941151,-9.424188,-169.647293,-0.064111,-0.187666,-0.97737402
4.9138,21777.8058,22.90003,-10.242083,-173.292419,-0.075767,-0.2025,-0.97555
4.9347,21777.8258,25.305223,-11.21965,-176.942932,-0.089531,-0.220457,-0.971268
4.9543,21777.8458,27.7626,-12.010649,179.154572,0.103323,0.237839,0.96525502
4.9768,21777.8658,30.285738,-12.135519,174.82872,0.113649,0.25489599,0.95764601
4.9948,21777.8858,32.955589,-11.394805,169.996323,0.119443,0.27286801,0.94810301
5.0093,21777.9058,35.557056,-9.730736,164.624741,0.120737,0.29069999,0.93681997
5.0371,21777.9258,37.743187,-7.103132,158.445084,0.11795,0.30617201,0.92402202
5.0541,21777.9458,39.23328,-3.394544,151.134735,0.110659,0.31803399,0.90935397
5.0762,21777.9658,39.69669,1.332027,142.971909,0.097439,0.32541001,0.893107
5.0888,21777.9858,39.50423,6.889428,134.323273,0.078816,0.33284399,0.87369299
5.1124,21778.0058,39.25071,12.700539,125.697205,0.05963,0.34456599,0.84992403
5.1311,21778.0258,38.195091,18.109142,117.632126,0.040071,0.35341799,0.82501101
5.1488,21778.0458,35.545269,23.434315,110.315514,0.012036,0.355786,0.80068803
5.1768,21778.0658,32.550243,27.716433,104.560287,-0.015405,0.35589501,0.77827799
5.1878,21778.0858,29.473396,30.505222,100.30603,-0.038086,0.351439,0.75922698
5.2186,21778.1057,26.265717,31.968693,97.47876,-0.057542,0.34105,0.74501598
5.2377,21778.1257,23.107456,32.191021,95.59919,-0.071954,0.325012,0.73463798
5.2496,21778.1457,20.020201,31.517193,94.321762,-0.082366,0.30451801,0.72706097
5.2684,21778.1657,17.003189,31.300346,93.750496,-0.097415,0.286282,0.72234797
5.2956,21778.1857,13.959735,31.535215,94.669991,-0.119078,0.26878899,0.72479397
5.3088,21778.2057,10.867975,31.785683,96.956192,-0.14372601,0.248905,0.734038
5.3311,21778.2257,7.934373,31.940527,100.090378,-0.167688,0.227253,0.74742401
5.3506,21778.2457,5.702292,31.494614,104.00705,-0.184136,0.204595,0.76584297
5.3693,21778.2657,4.138274,30.629528,108.678368,-0.194153,0.182172,0.788679
5.3904,21778.2858,2.944738,30.224421,113.438057,-0.204267,0.163754,0.81048799
5.4114,21778.3058,1.942164,30.665924,117.812851,-0.217963,0.150537,0.82804
5.4307,21778.3258,1.158623,31.562218,122.110176,-0.23327,0.140129,0.84338897
5.4489,21778.3459,0.922098,32.601841,126.272293,-0.246894,0.133718,0.85721397
5.4801,21778.3659,1.488633,33.800579,129.574203,-0.25769499,0.13507099,0.86719298
5.4895,21778.3859,2.93764,35.074821,131.916351,-0.26514,0.145043,0.87366098
5.5119,21778.4059,5.202682,36.068592,133.542984,-0.26717699,0.161633,0.878434
5.5403,21778.426,8.302271,36.391251,134.87915,-0.26122701,0.18299299,0.88366801
5.554,21778.446,12.239732,36.086834,136.208328,-0.24795499,0.208903,0.88951898
5.5708,21778.466,16.599211,35.659946,137.187134,-0.231931,0.23852099,0.89314598
5.5927,21778.4861,20.732525,35.551739,138.361588,-0.21980201,0.26689801,0.895078
5.6086,21778.5061,24.173828,36.135166,139.517365,-0.215662,0.29169801,0.89467299
5.6299,21778.5261,26.838007,37.103802,140.686722,-0.217435,0.31129301,0.89325202
5.6524,21778.5461,28.911478,38.013809,142.521149,-0.222828,0.324828,0.89313102
5.6695,21778.5662,30.708927,38.266598,144.733932,-0.225439,0.33415201,0.89452201
5.6975,21778.5862,32.569294,37.684101,147.25386,-0.22262301,0.34200799,0.89713001
5.7221,21778.6062,34.684307,37.10104,149.590866,-0.218935,0.35234299,0.89814001
5.741,21778.6262,36.755924,37.056587,152.055969,-0.220465,0.36291,0.89737499
5.7722,21778.6463,38.542534,37.167061,154.849228,-0.225502,0.37082601,0.89618301
5.7803,21778.6663,40.341576,37.190613,158.409988,-0.232816,0.37709701,0.89451498
5.8017,21778.6863,41.241215,37.290882,162.599258,-0.245308,0.37511799,0.893637
5.8214,21778.7064,41.357788,37.519569,167.471222,0.2626,-0.36520499,-0.89297402
5.836,21778.7264,40.963299,37.725716,173.116821,0.28244299,-0.34869999,-0.891666
5.8513,21778.7464,40.307358,37.677349,179.459259,0.30159199,-0.32751,-0.88899702
5.8705,21778.7665,39.488823,37.28854,-174.004532,0.31722501,-0.30392301,-0.88494599
5.8958,21778.7865,38.398594,36.972645,-167.940536,0.33054799,-0.27870601,-0.87974
5.916,21778.8065,36.831898,36.716949,-162.661758,0.34061101,-0.251367,-0.87521303
5.9355,21778.8265,34.553696,34.858765,-157.2108,0.33635899,-0.22126199,-0.875507
5.952,21778.8466,31.673441,31.548386,-152.070251,0.31717601,-0.191744,-0.88054597
5.969,21778.8666,28.84527,27.527657,-147.757935,0.288535,-0.16842701,-0.88722903
5.9891,21778.8866,26.761995,23.135103,-144.401962,0.25504699,-0.156241,-0.893287
6.0201,21778.9066,25.744812,18.987263,-142.016693,0.223547,-0.155442,-0.897219
6.0356,21778.9265,25.077684,15.82668,-140.758575,0.19879501,-0.15742099,-0.90067703
6.0575,21778.9465,24.022812,14.364211,-140.618042,0.184706,-0.15319601,-0.904917
6.128,21778.9665,22.840483,13.287881,-140.93045,0.172644,-0.147432,-0.90991497
6.1319,21778.9865,22.21578,11.906337,-141.392685,0.15939499,-0.147202,-0.91449898
6.1343,21779.0065,22.388657,10.503558,-142.329208,0.147397,-0.153981,-0.91880798
6.1361,21779.0265,22.918367,9.348201,-144.029419,0.13710099,-0.163674,-0.92407697
6.1484,21779.0465,23.394461,8.300882,-146.31871,0.126415,-0.173004,-0.93052799
6.1673,21779.0665,23.867212,7.270109,-149.029999,0.114875,-0.18231,-0.93747503
6.1915,21779.0865,24.610304,6.395993,-152.012222,0.104343,-0.19329099,-0.94367802
6.2091,21779.1065,25.704752,6.014278,-155.303391,0.097467,-0.206057,-0.94858402
6.2315,21779.1265,27.08733,6.195179,-158.81073,0.094633,-0.220199,-0.951895
6.2519,21779.1465,28.593864,6.11364,-162.144302,0.089318,-0.235589,-0.95388198
6.2723,21779.1665,30.169275,5.895782,-165.35643,0.082373,-0.251454,-0.954696
6.3017,21779.1865,31.713747,5.821198,-168.58136,0.07575,-0.26666999,-0.95455998
6.322,21779.2066,33.071289,5.935683,-172.007431,0.069322,-0.28007999,-0.95400202
6.3608,21779.2266,34.156487,6.44983,-175.743057,0.064628,-0.291013,-0.95311803
6.3647,21779.2466,34.849915,7.470668,-179.929108,0.062343,-0.29878199,-0.95207
6.375,21779.2667,35.049297,9.12952,175.461258,-0.063947,0.30293101,0.95076501
6.3908,21779.2867,35.341812,12.006221,170.367996,-0.073951,0.309185,0.94691002
6.409,21779.3067,35.022175,15.421551,165.099335,-0.088212,0.312244,0.94229198
6.4315,21779.3267,33.927315,18.788755,159.931656,-0.103585,0.31065199,0.93752497
6.4499,21779.3468,32.183933,21.658617,155.053452,-0.117461,0.30480799,0.93268001
6.469,21779.3668,29.833078,23.751692,150.768753,-0.128859,0.29392901,0.92838502
6.4914,21779.3868,26.276291,26.423834,146.779312,-0.15002701,0.27567399,0.923338
6.5163,21779.4069,21.993906,28.729044,143.713943,-0.173884,0.25143999,0.918405
6.537,21779.4269,17.440355,30.048378,141.686432,-0.19399101,0.22240099,0.914684
6.5559,21779.4469,12.8297,30.615377,140.250946,-0.210089,0.190533,0.91142201
6.5777,21779.4669,8.174315,30.904604,139.415619,-0.22544,0.156601,0.90831798
6.591,21779.487,3.61743,31.204161,138.910477,-0.241055,0.122806,0.90442401
6.6116,21779.507,-0.505699,31.594833,138.738037,-0.25627199,0.091947,0.90008903
6.6318,21779.527,-4.073045,31.998894,139.174088,-0.270071,0.064059,0.89691401
6.6538,21779.5471,-7.103937,32.423462,140.342133,-0.28231001,0.038559,0.89570099
6.6731,21779.5671,-9.622497,32.656776,141.800034,-0.291067,0.015611,0.89592397
6.6907,21779.5871,-11.510555,32.566097,143.794571,-0.29506999,-0.004811,0.89903897
6.7145,21779.6071,-12.857198,32.70929,146.493958,-0.29890299,-0.02222,0.90394503
6.7369,21779.6272,-13.890061,33.145664,149.639954,-0.30360901,-0.037709,0.90919602
6.755,21779.6472,-14.598736,33.653156,153.175598,-0.30750799,-0.051696,0.91500199
6.7744,21779.6672,-14.609702,34.047573,156.639084,-0.30899301,-0.060269,0.92124498
6.7999,21779.6873,-13.697659,34.468582,159.595993,-0.309688,-0.059993,0.92703402
6.8149,21779.7073,-12.007638,35.021786,161.924164,-0.31119099,-0.051503,0.93170899
6.8449,21779.7273,-9.63353,35.736637,163.721268,-0.31398201,-0.035826,0.93520099
6.8618,21779.7473,-6.589031,36.451069,165.043106,-0.31669,-0.013482,0.93785697
6.8745,21779.7673,-2.99966,36.971268,166.165573,-0.31764099,0.01353,0.94017702
6.897,21779.7873,0.938479,37.320694,167.131287,-0.31706199,0.043565,0.94172502
6.9238,21779.8073,5.095268,37.421986,168.115234,-0.31439701,0.075053,0.94260401
6.9374,21779.8273,9.275776,37.182598,169.180527,-0.309131,0.106256,0.94293499
6.9521,21779.8473,13.223634,37.050362,170.410263,-0.30537799,0.135175,0.94163901
6.9777,21779.8673,16.813843,36.930401,171.824463,-0.302643,0.160658,0.939237
6.9907,21779.8873,19.972654,36.661175,173.27359,-0.29954401,0.182501,0.93646401
7.0109,21779.9073,22.701372,36.264233,174.972321,0.29662499,-0.200243,-0.93354303
7.0331,21779.9273,25.047342,35.803944,176.626007,0.29387099,-0.21508899,-0.93050098
7.0511,21779.9473,27.165508,35.228397,179.020065,0.292218,-0.226346,-0.92703199
7.0713,21779.9673,29.335783,34.548912,-178.209335,0.291015,-0.237276,-0.92248398
7.0994,21779.9873,31.6035,33.890778,-175.067139,0.29139599,-0.24817701,-0.91616398
7.1123,21780.0073,33.761501,33.044777,-171.782196,0.29138401,-0.258176,-0.909123
7.1317,21780.0273,36.302357,31.559952,-167.890915,0.28859001,-0.27085701,-0.90038902
7.1527,21780.0473,38.041672,29.862902,-163.295654,0.28675401,-0.27618399,-0.89159101
7.1785,21780.0673,39.010334,28.445667,-158.36409,0.288225,-0.27443799,-0.88208199
7.1932,21780.0873,39.040115,27.414017,-153.250748,0.292371,-0.264155,-0.872531
7.2141,21780.1073,37.888565,26.78661,-148.502014,0.29658401,-0.244498,-0.86515802
7.2334,21780.1273,35.675278,24.359093,-143.242065,0.28499901,-0.22082999,-0.862661
7.2509,21780.1472,33.082554,23.23966,-139.841248,0.27708799,-0.195632,-0.86220801
7.2774,21780.1672,30.460703,22.132227,-137.944199,0.26537701,-0.17419299,-0.86578298
7.3004,21780.1872,28.044943,20.157572,-136.664841,0.245873,-0.15901799,-0.87207699
7.31,21780.2072,25.995296,17.530355,-135.742523,0.221276,-0.14997999,-0.87915403
7.3394,21780.2272,24.436613,14.726604,-135.232742,0.195748,-0.14637899,-0.88592798
7.3545,21780.2472,23.37431,12.048838,-135.177307,0.171817,-0.14704999,-0.89219898
7.3739,21780.2673,22.497461,9.487523,-135.672668,0.14845601,-0.149437,-0.89912099
7.391,21780.2873,21.444567,7.731838,-136.88118,0.129821,-0.148296,-0.90710998
7.4113,21780.3073,20.269648,7.410192,-138.743301,0.121398,-0.141928,-0.91535002
7.4334,21780.3273,19.526186,7.534838,-140.863266,0.117688,-0.137747,-0.92285699
7.4679,21780.3474,19.540394,7.527406,-143.394867,0.114593,-0.14045,-0.930125
7.4804,21780.3674,19.999689,7.237606,-146.355194,0.109653,-0.147894,-0.93761301
7.4964,21780.3874,20.917561,6.906545,-149.606339,0.104661,-0.159335,-0.944408
7.515,21780.4075,22.484818,6.597532,-152.963013,0.100373,-0.176052,-0.94943398
7.5323,21780.4275,24.628513,6.316257,-156.242218,0.096506,-0.19731,-0.95219898
7.5523,21780.4475,26.849506,5.776854,-159.32106,0.089835,-0.219311,-0.953565
7.5764,21780.4675,28.998747,5.581504,-162.439896,0.084757,-0.23994701,-0.95380902
7.5923,21780.4876,30.979553,5.944531,-165.690674,0.082798,-0.258407,-0.95316303
7.6172,21780.5076,32.598278,6.784877,-169.217484,0.082868,-0.27358499,-0.95232803
7.6376,21780.5276,33.648823,7.930181,-173.023788,0.083634,-0.28418499,-0.95191801
7.6494,21780.5477,34.117733,9.147966,-177.06131,0.083711,-0.290369,-0.95204502
7.6718,21780.5677,34.366833,10.3029,178.66333,0.082343,-0.295219,-0.95174903
7.702,21780.5877,34.588806,11.203924,174.514664,-0.07894,0.29998299,0.95052898
7.7123,21780.6077,34.571426,12.043338,170.317566,-0.074871,0.30289701,0.94880801
7.7328,21780.6278,34.048962,13.139508,166.072388,-0.073328,0.301976,0.94695401
7.7525,21780.6478,32.81485,14.456787,161.719955,-0.074656,0.295836,0.945216
7.7747,21780.6678,30.986696,15.727719,157.637451,-0.078033,0.28515899,0.94356602
7.793,21780.6879,28.335938,17.435282,153.46904,-0.087518,0.26920301,0.94132102
7.8125,21780.7079,25.684805,18.604057,149.80394,-0.095022,0.25282499,0.93830901
7.8347,21780.7279,23.057095,19.224716,147.143173,-0.101204,0.235278,0.93606502
7.8514,21780.7479,20.102589,19.65185,145.361923,-0.109224,0.214196,0.93508601
7.8797,21780.768,16.779087,19.654234,144.349289,-0.116736,0.188548,0.93561
7.8939,21780.788,13.491875,19.211264,144.202759,-0.122095,0.161143,0.93778801
7.9092,21780.808,10.573094,18.851868,144.950729,-0.12813801,0.13577899,0.94125402
7.9727,21780.8281,8.045433,19.198208,146.426224,-0.139277,0.114264,0.94503301
7.9754,21780.8481,5.67428,19.597641,148.792007,-0.15059599,0.0927,0.95019501
7.9768,21780.8681,3.541604,20.079285,151.835083,-0.161606,0.071911,0.955948
7.9919,21780.8881,2.052407,20.719168,154.845917,-0.171646,0.056346,0.96064001
8.0098,21780.9081,1.401344,21.644808,157.082474,-0.181623,0.049071,0.96302003
8.0298,21780.9281,1.846423,22.468319,158.589417,-0.18846799,0.051713,0.96422601
8.0512,21780.9481,3.618312,23.006039,159.509842,-0.19064,0.065894,0.96492898
8.0697,21780.968,6.526936,23.37035,160.159225,-0.189578,0.08975,0.96505499
8.0911,21780.988,10.066133,23.755507,160.604507,-0.187639,0.119163,0.96392697
8.1129,21781.008,13.69986,24.283079,161.082489,-0.18682501,0.149334,0.96157801
8.1375,21781.028,17.165695,24.903736,161.847565,-0.187547,0.17753699,0.95852798
8.1542,21781.048,20.296333,25.56613,162.955811,-0.18993101,0.202206,0.95513499
8.1733,21781.068,22.903616,26.232594,164.288132,-0.193894,0.221949,0.95172203
8.191,21781.088,25.020796,26.836733,166.199127,-0.19959401,0.236396,0.94876701
8.2118,21781.108,26.862272,27.337112,168.432755,-0.205928,0.247711,0.94582301
8.2377,21781.128,28.592415,27.640415,171.211014,-0.21242499,0.256818,0.94273102
8.2566,21781.148,30.102133,27.610283,174.269043,0.21754,-0.263383,-0.93972301
8.2802,21781.168,31.222818,27.125975,177.964264,0.22118001,-0.265578,-0.93722302
8.3069,21781.188,32.478806,26.181076,-177.877365,0.222462,-0.26831001,-0.93381703
8.3168,21781.208,33.959515,24.966427,-173.411194,0.222775,-0.27277899,-0.928626
8.3372,21781.228,35.286343,23.389864,-168.609512,0.22166599,-0.276162,-0.92247599
8.3591,21781.248,36.168045,21.852486,-163.797989,0.221334,-0.27635199,-0.91576397
8.3774,21781.268,36.005993,20.960575,-159.528107,0.224244,-0.26833299,-0.91030002
8.397,21781.288,34.713116,19.972656,-155.479446,0.224131,-0.25194901,-0.90758097
8.4125,21781.308,32.927288,16.916904,-150.935379,0.206889,-0.23596001,-0.90775901
8.4323,21781.328,31.182253,14.350379,-147.448074,0.19022299,-0.222261,-0.90795201
8.4504,21781.348,29.581762,12.965175,-145.042114,0.180308,-0.209161,-0.90766698
8.4727,21781.368,28.083755,11.66067,-143.169067,0.169753,-0.19788399,-0.90789098
8.4949,21781.3879,26.624039,9.599786,-141.516495,0.152494,-0.189794,-0.90919602
8.5174,21781.4079,25.282825,7.107283,-140.332886,0.13100301,-0.18495101,-0.911511
8.5333,21781.4279,24.159801,4.760662,-140.221039,0.109326,-0.182806,-0.91577703
8.5529,21781.4479,23.415737,2.479825,-141.113907,0.087511,-0.18425199,-0.92167598
8.5726,21781.4679,23.247904,0.152554,-142.53775,0.065938,-0.19039699,-0.927526
8.5974,21781.4879,23.576344,-2.186803,-144.209717,0.044987,-0.200115,-0.93257803
8.6197,21781.5079,23.861921,-4.031307,-146.155823,0.027214,-0.20767599,-0.93757099
8.6325,21781.5279,23.944586,-5.338813,-148.300644,0.012765,-0.211779,-0.94267303
8.6589,21781.5479,24.159651,-6.323973,-150.457672,0.00112,-0.215802,-0.94704401
8.6717,21781.5679,24.875854,-7.185546,-152.545319,-0.008436,-0.22334,-0.949974
8.6983,21781.5879,26.133152,-8.085901,-154.566483,-0.01735,-0.235107,-0.95135701
8.7203,21781.6079,27.786777,-9.299511,-156.472397,-0.028247,-0.25034299,-0.951195
8.7471,21781.6279,29.73391,-10.818233,-158.336746,-0.041486,-0.268004,-0.94962198
8.7596,21781.6479,31.868122,-12.327735,-160.385254,-0.055246,-0.286542,-0.94706798
8.7748,21781.6679,34.059048,-13.530697,-162.818359,-0.067932,-0.30438799,-0.94399601
8.7917,21781.6879,36.145851,-14.264342,-165.646744,-0.078652,-0.32016101,-0.94072801
8.8115,21781.7079,38.063217,-14.520646,-168.668121,-0.08695,-0.33368999,-0.93724602
8.8339,21781.7279,39.764259,-14.280557,-171.926132,-0.092844,-0.344841,-0.933761
8.8517,21781.7479,41.275009,-13.494998,-175.43132,0.095916,0.35411799,0.93025798
8.8758,21781.7679,42.685486,-12.362579,-179.117813,0.097502,0.36259201,0.926278
8.8973,21781.7878,43.991619,-10.930775,176.995117,0.098057,0.37039301,0.92174202
8.9257,21781.8078,45.037853,-9.053303,172.664032,0.097181,0.37634799,0.91705102
8.9408,21781.8278,45.511028,-6.255632,167.467133,0.092173,0.37842399,0.91298401
8.9545,21781.8478,44.922668,-2.565011,161.687332,0.081202,0.373806,0.91077203
8.9712,21781.8678,43.617725,1.165972,155.917908,0.068259,0.36528999,0.90874201
8.9911,21781.8878,41.812653,4.405377,150.404816,0.056358,0.35392201,0.90601701
9.0144,21781.9078,39.537086,7.037856,145.617249,0.044597,0.33957401,0.90346199
9.0419,21781.9278,36.786053,9.126387,141.544235,0.032301,0.32185,0.901407
9.0732,21781.9478,33.193314,11.871428,137.567398,0.010426,0.30070999,0.89928299
9.0803,21781.9678,29.171349,14.501026,134.23642,-0.015394,0.277648,0.89684498
9.0932,21781.9878,25.13839,15.992759,132.174835,-0.03677,0.25204101,0.89585102
9.1105,21782.0078,21.930206,16.049835,131.321823,-0.047249,0.228094,0.89667201
9.1325,21782.0278,19.91309,15.664948,131.31842,-0.051695,0.211385,0.898727
9.1513,21782.0478,18.409794,15.679316,132.049072,-0.058634,0.19950999,0.90238899
9.1776,21782.0678,16.860954,16.036383,133.587906,-0.069612,0.18780001,0.90833199
9.1932,21782.0878,15.506984,16.039944,135.718887,-0.077701,0.175842,0.91591102
9.2201,21782.1078,14.366471,15.730154,138.538757,-0.083131,0.16390499,0.92524201
9.2335,21782.1278,13.504069,15.718637,141.570282,-0.089897,0.154671,0.93422401
9.2536,21782.1478,12.965825,15.941272,144.576843,-0.097231,0.148432,0.94212699
9.2746,21782.1678,12.867373,16.283936,147.630844,-0.104239,0.14575499,0.94912398
9.3072,21782.1877,13.372187,16.83708,150.50386,-0.111297,0.148397,0.954467
9.3209,21782.2077,14.542912,17.729883,152.629974,-0.11894,0.157674,0.95689797
9.3343,21782.2277,16.254623,18.979071,153.889938,-0.127496,0.172702,0.95643699
9.3524,21782.2477,18.318068,20.099792,154.868744,-0.134056,0.19046,0.95485997
9.3721,21782.2677,20.79998,21.065088,155.706604,-0.138422,0.211335,0.95229298
9.389,21782.2877,23.557196,21.649223,156.721405,-0.13961799,0.233467,0.94948697
9.4097,21782.3077,26.354578,22.027655,157.977356,-0.139851,0.25517601,0.94645798
9.4359,21782.3277,29.153973,22.18173,159.41095,-0.13903899,0.27627501,0.94309801
9.45,21782.3477,31.896439,22.06876,160.887131,-0.136704,0.29649901,0.93936801
9.4696,21782.3677,34.406635,21.666351,162.848129,-0.134216,0.31401801,0.93603498
9.4942,21782.3877,36.570263,20.843096,165.554108,-0.131596,0.32771701,0.93356699
9.5127,21782.4077,38.504482,19.551792,168.840912,-0.127947,0.33898601,0.93140203
9.5325,21782.4277,40.230587,18.054733,172.588562,-0.125075,0.348463,0.92891997
9.5607,21782.4477,41.553108,16.406139,176.849319,0.123701,-0.35462999,-0.92644602
9.5711,21782.4677,42.163086,14.668884,-178.625504,0.123387,-0.355299,-0.92481703
9.5915,21782.4877,42.218544,12.656609,-173.768097,0.122134,-0.35183501,-0.92368102
9.6143,21782.5077,42.07386,9.914505,-168.327347,0.116601,-0.347572,-0.92188299
9.6349,21782.5277,41.866322,6.538081,-162.442093,0.107077,-0.34439,-0.91844302
9.6556,21782.5477,41.386921,3.199156,-156.558762,0.097324,-0.340561,-0.91361803
9.6727,21782.5677,40.438435,0.404218,-151.453156,0.088418,-0.334126,-0.90910298
9.703,21782.5876,38.894794,-1.7539,-147.535141,0.079201,-0.32366601,-0.90667498
9.7126,21782.6076,36.975803,-3.167552,-145.08519,0.070089,-0.310247,-0.906991
9.7338,21782.6276,35.004585,-4.210958,-143.384186,0.061142,-0.29633501,-0.90828902
9.7498,21782.6476,33.16095,-5.615542,-141.905212,0.048638,-0.28473601,-0.909419
9.7725,21782.6676,31.450846,-7.764709,-140.500168,0.030034,-0.27652299,-0.91007102
9.7994,21782.6876,29.786772,-10.464659,-139.496155,0.005914,-0.270634,-0.91099697
9.8132,21782.7076,28.233164,-13.025711,-139.157959,-0.018538,-0.26547399,-0.91263998
9.8361,21782.7276,26.961706,-15.375169,-139.456314,-0.041984,-0.261787,-0.914819
9.8509,21782.7476,26.146324,-17.517784,-140.143372,-0.06325,-0.260728,-0.91681403
9.8687,21782.7676,25.728252,-19.688826,-140.967194,-0.083822,-0.26244301,-0.91807503
9.8913,21782.7876,25.776619,-21.604723,-141.932526,-0.101258,-0.26670301,-0.918814
9.9127,21782.8076,26.110102,-23.091215,-143.260406,-0.115292,-0.271485,-0.92005301
9.9456,21782.8276,26.49184,-23.94367,-145.12027,-0.125453,-0.274358,-0.92269599
9.9557,21782.8476,26.934053,-23.961056,-147.407867,-0.12983701,-0.27530599,-0.92666602
9.9709,21782.8676,27.476137,-23.42412,-149.827637,-0.129867,-0.27584699,-0.93093199
9.9917,21782.8876,28.170412,-22.748981,-152.074799,-0.12807199,-0.27769199,-0.93436903
10.0126,21782.9076,28.970932,-22.044167,-154.276169,-0.12581199,-0.28056601,-0.93715101
10.034,21782.9276,29.664961,-21.354095,-156.67218,-0.124543,-0.28257599,-0.93991399
10.1041,21782.9476,30.303324,-20.738586,-159.294647,-0.124703,-0.28414199,-0.94247001
10.1067,21782.9676,31.106649,-20.135502,-161.975586,-0.124977,-0.287128,-0.944179
10.1072,21782.9876,32.005291,-19.25004,-164.571793,-0.122782,-0.29091501,-0.94532698
10.1095,21783.0075,32.769474,-18.072428,-167.102509,-0.118438,-0.29374599,-0.94646299
10.1286,21783.0275,33.438427,-16.71533,-169.564346,-0.112746,-0.29610699,-0.94743103
10.1514,21783.0475,34.071304,-15.183926,-172.073853,-0.105948,-0.298435,-0.94814903
10.172,21783.0675,34.594582,-13.405621,-174.763519,-0.097835,-0.30008,-0.94884402
10.1895,21783.0875,35.091221,-11.416148,-177.589355,0.088502,0.30189899,0.94916898
10.2246,21783.1075,35.780155,-9.39448,179.529633,0.079187,0.30583799,0.94833899
10.24,21783.1275,36.833862,-7.731159,176.732101,0.072925,0.31325901,0.94563103
10.2525,21783.1475,38.283825,-6.527436,174.032486,0.070752,0.32413399,0.94092602
10.2736,21783.1675,39.942261,-4.862758,170.611664,0.067664,0.33683199,0.93468201
10.2976,21783.1875,41.162254,-2.099337,165.816238,0.060412,0.346668,0.92806202
10.3115,21783.2075,41.473663,1.428939,159.990616,0.050024,0.35069099,0.92168999
10.3393,21783.2275,40.929668,4.93667,154.372498,0.038126,0.349558,0.91604602
10.3586,21783.2475,39.978985,7.684227,149.937637,0.027641,0.345741,0.91150099
10.3706,21783.2675,38.979431,9.694809,146.959747,0.018159,0.341373,0.90856999
10.3896,21783.2875,37.820148,11.287477,144.99292,0.008273,0.33556199,0.90743703
10.4099,21783.3075,36.338539,13.010957,143.152359,-0.004216,0.32796001,0.90679997
10.4296,21783.3275,34.747509,15.230687,141.045792,-0.020553,0.32120401,0.90502101
10.4504,21783.3476,33.325138,17.415905,139.161713,-0.037043,0.316223,0.90261
10.4737,21783.3676,32.006001,19.060308,137.173004,-0.048901,0.31121999,0.89920598
10.4914,21783.3876,30.70253,20.293503,134.945862,-0.057083,0.30579799,0.894678
10.5138,21783.4076,29.88801,20.980942,132.1819,-0.058053,0.30310199,0.88753498
10.5372,21783.4277,28.426805,17.438335,130.621735,-0.032145,0.281892,0.886141
10.5577,21783.4477,27.11167,11.932826,130.862015,0.005029,0.25403199,0.88946599
10.5834,21783.4677,25.725254,9.141513,131.798752,0.019695,0.23428699,0.894337
10.6034,21783.4878,24.614479,10.614002,134.09726,-0.00045,0.23067699,0.90350503
10.6104,21783.5078,23.513071,12.126247,137.814194,-0.023563,0.226253,0.91606098
10.6348,21783.5278,22.334417,12.393847,141.412628,-0.036337,0.216719,0.927463
10.6518,21783.5478,21.344931,12.152426,144.764725,-0.043405,0.207,0.93728101
10.6695,21783.5679,20.86927,11.951771,147.768143,-0.048364,0.201472,0.94491303
10.6924,21783.5879,20.705921,12.099687,150.692108,-0.055095,0.19912601,0.95121098
10.7098,21783.6079,19.918447,12.544909,154.038025,-0.066244,0.191691,0.95825899
10.7299,21783.628,18.470575,11.821291,157.557053,-0.068634,0.176364,0.966236
10.7524,21783.648,16.546482,10.588016,161.04689,-0.06647,0.156358,0.97411001
10.7699,21783.668,14.928316,9.580991,164.36702,-0.06443,0.139511,0.98035699
10.7956,21783.688,14.323955,8.803194,167.555984,-0.062227,0.131828,0.98448002
10.8171,21783.7081,14.717422,8.905643,170.49472,-0.066154,0.133635,0.98619401
10.84,21783.7281,16.023697,9.986565,173.882797,-0.078658,0.14325,0.98572302
10.8577,21783.7481,18.582769,9.71194,178.094406,-0.080854,0.16224299,0.983428
10.8884,21783.7682,20.453587,4.082918,-179.884842,0.035235,-0.177397,-0.98348099
10.9001,21783.7882,21.459797,-1.29044,178.159286,0.014053,0.185966,0.982292
10.9124,21783.8082,22.45101,-5.688361,176.078247,0.055295,0.192652,0.97875601
10.9331,21783.8282,22.864597,-7.879231,176.691132,0.073023,0.195715,0.97704202
10.9517,21783.8483,21.482409,-9.643513,179.320724,0.083683,0.185221,0.97889102
10.9816,21783.8683,18.050266,-11.663524,-177.858368,-0.097416,-0.157904,-0.98263401
11.0037,21783.8883,12.788308,-14.58567,-174.76738,-0.120977,-0.11611,-0.98535699
11.0119,21783.9083,7.094994,-19.662247,-172.18837,-0.165869,-0.072434,-0.98186201
11.0341,21783.9283,2.110916,-24.837082,-170.954575,-0.212927,-0.034888,-0.97370797
11.0554,21783.9483,-1.440082,-29.460012,-170.32724,-0.25436401,-0.009325,-0.96334499
11.0731,21783.9683,-3.397978,-34.043884,-169.755844,-0.29397199,0.002113,-0.95117998
11.0887,21783.9883,-4.113944,-38.037983,-169.652237,-0.32740501,0.004427,-0.93989599
11.1133,21784.0083,-4.975768,-40.017979,-170.810654,-0.34401399,0.013273,-0.93454599
11.1334,21784.0283,-6.497326,-40.607685,-173.428009,-0.34891799,0.033203,-0.93369102
11.155,21784.0483,-7.609756,-40.588215,-176.784378,-0.34768501,0.052505,-0.93484199
11.171,21784.0683,-7.168252,-40.349831,179.963516,-0.34419399,0.058788,-0.93681502
11.1897,21784.0883,-5.436107,-40.112457,177.361282,0.34143999,-0.052421,0.938425
11.2095,21784.1083,-3.252774,-39.971565,175.798035,0.340442,-0.03918,0.93912202
11.2315,21784.1283,-1.20058,-39.979839,174.266052,0.34091601,-0.026931,0.938703
11.2558,21784.1483,0.158129,-39.771446,172.41481,0.339486,-0.021204,0.938281
11.2974,21784.1683,1.130247,-38.424019,170.558945,0.32869899,-0.017797,0.94079101
11.3133,21784.1883,2.067894,-37.080669,169.57338,0.31816,-0.01185,0.94350201
11.3235,21784.2083,3.061636,-36.506229,169.508209,0.31411201,-0.003363,0.944601
11.3331,21784.2283,3.680235,-36.269505,169.909805,0.31257099,0.00304,0.94527698
11.3601,21784.2482,3.865328,-36.124237,170.618088,0.31145599,0.006614,0.946141
11.3793,21784.2682,3.999484,-35.873928,170.922867,0.30944499,0.00874,0.94698399
11.3958,21784.2882,4.210211,-35.761055,171.063309,0.308617,0.010948,0.94728702
11.4107,21784.3082,4.121978,-36.12751,171.336548,0.31157199,0.010688,0.94654
11.4308,21784.3282,3.509646,-37.039448,171.740891,0.31874901,0.006099,0.94460797
11.4486,21784.3482,2.693907,-38.065887,172.350906,0.32677799,0.000426,0.94245303
11.4722,21784.3682,1.887687,-39.077106,173.147354,0.33472601,-0.004489,0.940274
11.4896,21784.3882,1.464061,-40.059647,173.93721,0.342637,-0.006125,0.93789101
11.5148,21784.4082,1.206557,-40.750435,174.617661,0.34822699,-0.006487,0.93617398
11.534,21784.4282,0.833269,-41.081291,175.242554,0.35084301,-0.007759,0.93548501
11.559,21784.4482,0.585483,-41.572098,176.055252,0.35482901,-0.00744,0.93428302
11.5748,21784.4682,0.274874,-42.47686,177.264984,0.36219901,-0.00641,0.93179202
11.5988,21784.4882,-0.27854,-43.464233,178.612183,0.37021199,-0.006742,0.92886502
11.6205,21784.5082,-1.244623,-44.223248,179.820496,-0.37637401,0.010652,-0.92640197
11.6303,21784.5282,-2.609136,-44.830799,-179.034744,-0.38138399,0.017835,-0.924097
11.654,21784.5482,-4.221043,-45.417637,-177.929901,-0.38633701,0.026998,-0.92144501
11.6704,21784.5682,-5.858445,-46.137768,-176.985657,-0.392427,0.036707,-0.91798699
11.696,21784.5882,-7.361949,-47.176926,-176.195969,-0.401072,0.04555,-0.91319501
11.7134,21784.6082,-8.549829,-48.393711,-175.407471,-0.411129,0.051562,-0.90764898
11.7291,21784.6282,-9.498096,-49.222855,-174.491196,-0.41817001,0.055239,-0.903328
11.7531,21784.6482,-10.525461,-49.791504,-173.620895,-0.42317399,0.059747,-0.89970303
11.7881,21784.6681,-11.671098,-50.273228,-172.642822,-0.42761201,0.064743,-0.89597797
11.8005,21784.6881,-12.748034,-50.538651,-171.447662,-0.43054,0.068483,-0.892685
11.8144,21784.7081,-13.764465,-50.49094,-169.971619,-0.43127701,0.070961,-0.89006698
11.8328,21784.7281,-14.799144,-50.403965,-168.387466,-0.431887,0.073213,-0.88712502
11.8502,21784.7481,-15.883801,-50.121284,-167.060684,-0.43094599,0.077095,-0.88486302
11.8711,21784.7681,-17.115932,-49.579578,-165.713913,-0.42820299,0.082492,-0.883017
11.8915,21784.7881,-18.665916,-48.884239,-163.719299,-0.42508799,0.088336,-0.87977499
11.9192,21784.8081,-20.275284,-48.516205,-161.517548,-0.42495501,0.093441,-0.87420797
11.9338,21784.8281,-21.689533,-48.473289,-159.612488,-0.427174,0.097504,-0.86776602
11.9567,21784.8481,-22.778442,-48.47607,-158.082169,-0.42933699,0.100275,-0.86217803
11.973,21784.8681,-23.394896,-48.725254,-156.931915,-0.432715,0.100192,-0.857297
11.9908,21784.8881,-23.443308,-49.404137,-156.266602,-0.43839401,0.09648,-0.85307699
12.0138,21784.9081,-22.858078,-50.270878,-155.974518,-0.444556,0.08881,-0.85040498
12.0336,21784.9281,-21.71814,-51.421028,-155.930771,-0.452084,0.077178,-0.84837502
12.0587,21784.9481,-20.198393,-52.789913,-156.26416,-0.46061599,0.063706,-0.84698802
12.0788,21784.9681,-18.359219,-53.980843,-156.995361,-0.46737799,0.049959,-0.84756601
12.0935,21784.9881,-16.191172,-54.601738,-158.21875,-0.46955699,0.037091,-0.85170603
12.1571,21785.0081,-13.673883,-54.778744,-159.917145,-0.46819699,0.024439,-0.85853302
12.1579,21785.0281,-10.396871,-55.066555,-161.752304,-0.467278,0.006328,-0.86527997
12.1585,21785.0481,-5.986145,-55.647831,-163.53331,-0.46792799,-0.021048,-0.87058598
12.1737,21785.068,-1.272141,-56.016186,-165.36824,-0.466993,-0.050073,-0.87497503
12.1901,21785.088,3.012463,-56.074322,-167.191727,-0.464362,-0.075467,-0.87820899
12.2097,21785.1081,6.841988,-55.583241,-169.399216,-0.45855999,-0.095558,-0.88186598
12.2299,21785.1281,10.637478,-54.499863,-172.22348,-0.44926399,-0.113134,-0.88603002
12.2522,21785.1481,14.882243,-53.009708,-175.388016,0.43749401,0.133607,0.88896602
12.2738,21785.1682,19.722557,-51.426464,-178.567703,0.425495,0.15963501,0.888524
12.2948,21785.1882,25.013172,-49.591827,178.148315,0.412559,0.189946,0.884682
12.3244,21785.2082,29.75593,-46.936691,174.577744,0.395601,0.217053,0.88069803
12.3533,21785.2282,33.151005,-43.414173,170.34259,0.375545,0.23426799,0.87843502
12.3606,21785.2483,35.650421,-39.408676,165.193588,0.35543901,0.24442901,0.87547898
12.3748,21785.2683,38.023758,-34.950848,159.53418,0.33460101,0.25534901,0.87009001
12.39,21785.2884,40.288605,-30.264774,153.709534,0.314264,0.267997,0.86208099
12.4104,21785.3084,42.181797,-25.566935,147.661774,0.29600301,0.27955899,0.85171902
12.4322,21785.3285,43.293079,-20.748381,141.601074,0.27739301,0.28762501,0.84158403
12.4515,21785.3485,43.739216,-15.4902,135.368484,0.255851,0.29396501,0.831635
12.4715,21785.3686,43.690601,-10.28072,129.591385,0.23306599,0.29990801,0.82224798
12.4949,21785.3887,43.539497,-5.474744,123.924469,0.21328001,0.30612999,0.81042802
12.5131,21785.4087,43.326569,-1.062105,118.623085,0.195803,0.31304401,0.79743499
12.5347,21785.4288,43.470348,1.126624,115.779831,0.189096,0.31850901,0.788706
12.556,21785.4489,44.115002,1.084415,115.236458,0.19370601,0.32182401,0.78455502
12.584,21785.4689,45.103111,0.790053,115.645721,0.198842,0.32799301,0.78307402
12.5942,21785.489,46.211243,1.041152,116.460968,0.19950099,0.338018,0.78381902
12.6135,21785.509,47.043163,1.385894,118.354706,0.194951,0.34838301,0.78981799
12.6333,21785.5291,47.246624,0.642086,122.003433,0.18977,0.35296899,0.80241501
12.6528,21785.5492,47.218361,-1.293607,126.830154,0.18847001,0.35350099,0.81734401
12.6782,21785.5692,47.171539,-5.483107,132.526291,0.201006,0.34820899,0.83026803
12.7084,21785.5893,47.024174,-12.177207,138.81604,0.23056699,0.33713999,0.838664
12.7153,21785.6094,46.305923,-20.836071,145.873047,0.27241701,0.320896,0.84363002
12.7394,21785.6295,44.679184,-31.339327,154.388428,0.32472199,0.30149499,0.84566498
12.7531,21785.6496,42.262356,-45.154816,165.600616,0.39701,0.28536999,0.837134
12.7776,21785.6697,38.178616,-58.006687,176.797104,0.46601301,0.27311099,0.821742
12.8021,21785.6898,31.735701,-68.042473,-173.834244,0.52521402,0.255234,0.80431998
12.8138,21785.7099,23.721001,-75.925255,-166.735687,0.57927102,0.230487,0.78101802
12.8387,21785.7299,14.573839,-83.062805,-161.150131,-0.63324898,-0.20136601,-0.74629301
12.854,21785.75,6.352307,-89.706619,-156.713257,-0.68179297,-0.180593,-0.70114601
12.8716,21785.77,-1.396325,-96.067543,-152.986542,-0.72482401,-0.16572499,-0.64803302
12.8916,21785.7901,-8.907101,-101.754204,-149.756622,-0.75945199,-0.15447,-0.591582
12.9185,21785.8102,-16.101555,-107.912598,-146.692459,-0.79063398,-0.150492,-0.525711
12.9398,21785.8302,-23.818918,-114.440788,-143.490631,-0.81625801,-0.151586,-0.44874501
12.9542,21785.8503,-32.097073,-120.277481,-140.556473,-0.83099699,-0.151673,-0.36952499
12.9823,21785.8703,-40.211346,-125.542664,-139.210678,-0.83746803,-0.143562,-0.29620799
12.9979,21785.8904,-47.827133,-131.426102,-139.734009,-0.839724,-0.130266,-0.22584701
13.0193,21785.9104,-55.320709,-139.193756,-142.261414,-0.83787501,-0.115334,-0.15146799
13.0357,21785.9304,-62.350693,-149.890198,-147.142807,-0.83051598,-0.104702,-0.071781
13.0559,21785.9505,-68.286209,-165.23938,-156.534271,-0.81829202,-0.096314,0.009094
13.0733,21785.9705,-72.474922,175.539063,-170.842606,-0.801552,-0.087271,0.078444
13.1002,21785.9905,-74.42939,155.368393,172.915237,-0.78452998,-0.080685,0.13303199
13.1181,21786.0105,-74.724274,139.299072,159.815872,-0.77065402,-0.077192,0.172426
13.1331,21786.0306,-74.508575,131.395691,154.245132,-0.76270097,-0.081195,0.196375
13.1549,21786.0506,-74.680428,126.951813,152.474091,-0.75538099,-0.093854,0.215738
13.1736,21786.0706,-75.193283,123.298218,151.369354,-0.74727303,-0.108312,0.23180801
13.192,21786.0907,-75.776527,121.08445,151.549118,-0.74032301,-0.123889,0.244812
13.2134,21786.1107,-76.422295,120.362648,153.791931,-0.73368901,-0.14501899,0.25886101
13.2354,21786.1307,-76.890144,120.919426,157.761108,-0.72772199,-0.169387,0.27457201
13.2541,21786.1507,-76.891472,122.436096,163.061386,-0.72304398,-0.195007,0.292716
13.2717,21786.1708,-76.325851,122.828445,167.26886,-0.718934,-0.217279,0.313723
13.291,21786.1908,-75.581841,122.919441,170.225983,-0.71663803,-0.232567,0.33032799
13.3129,21786.2108,-74.970917,124.363747,173.47229,-0.71683401,-0.243577,0.33905599
13.3379,21786.2308,-74.775963,126.552238,177.559601,-0.715325,-0.257882,0.34566599
13.3645,21786.2508,-74.900604,128.646164,-178.17691,-0.71120298,-0.27482399,0.35265699
13.3712,21786.2707,-74.956192,130.522263,-173.458603,-0.70505202,-0.29533601,0.363089
13.3968,21786.2907,-74.672272,132.465393,-168.852203,-0.70047498,-0.31394899,0.372832
13.4141,21786.3107,-74.276848,134.296875,-164.559814,-0.69645602,-0.33101699,0.38150901
13.4318,21786.3307,-74.350189,134.929703,-160.956787,-0.68750501,-0.35012901,0.393484
13.4528,21786.3507,-75.423363,134.640823,-157.092911,-0.66855597,-0.37609801,0.411024
13.4757,21786.3707,-77.140564,134.001358,-152.572693,-0.64142603,-0.40727499,0.43282801
13.4936,21786.3907,-78.357117,133.579971,-149.00267,-0.62000602,-0.430289,0.44953501
13.5233,21786.4107,-78.451134,135.249817,-145.682709,-0.613437,-0.441342,0.45427799
13.5373,21786.4307,-78.223206,138.979523,-141.238678,-0.61220503,-0.44966099,0.452521
13.5555,21786.4507,-78.50174,143.399628,-134.739777,-0.60216701,-0.46626699,0.45557201
13.5781,21786.4707,-78.836395,147.895233,-126.666161,-0.58463901,-0.490098,0.46476099
13.5941,21786.4907,-78.482193,151.784103,-119.706429,-0.57209599,-0.51056498,0.47135901
13.6113,21786.5107,-76.784927,157.824631,-112.511536,-0.57322001,-0.526559,0.46387601
13.6356,21786.5307,-73.880508,164.429153,-105.399506,-0.58059502,-0.54464,0.44695899
13.6544,21786.5507,-70.346725,169.737991,-99.484039,-0.58801001,-0.56543303,0.426559
13.6743,21786.5707,-66.45858,172.232376,-94.900497,-0.589715,-0.59169799,0.41145599
13.6971,21786.5907,-63.122353,171.651947,-92.057449,-0.58515602,-0.61744398,0.40707201
13.714,21786.6107,-60.21846,170.792389,-90.415443,-0.58356202,-0.63608199,0.40156701
13.732,21786.6307,-56.351158,170.763885,-88.706886,-0.58706099,-0.65483999,0.38614401
13.7619,21786.6507,-51.343967,170.625992,-87.431999,-0.59519798,-0.67371303,0.362968
13.7746,21786.6707,-45.840504,170.812988,-86.47493,-0.60619098,-0.69020998,0.33333999
13.814,21786.6906,-40.021595,171.163971,-85.220856,-0.614847,-0.70733202,0.30010301
13.8153,21786.7106,-34.435059,170.896927,-84.16964,-0.62074399,-0.72240299,0.269788
13.8364,21786.7306,-29.297028,170.324799,-83.526756,-0.626203,-0.733289,0.242302
13.8594,21786.7506,-24.307489,169.162781,-83.116409,-0.63073701,-0.74142897,0.21807601
13.8734,21786.7706,-19.101219,167.90065,-83.104126,-0.63737798,-0.74546897,0.19241101
13.8916,21786.7906,-13.548818,167.238754,-83.482841,0.64724499,0.74508399,-0.160944
13.9117,21786.8106,-8.119453,166.729187,-83.718773,0.65507901,0.743397,-0.129289
13.934,21786.8306,-3.236592,165.342834,-83.900085,0.66007799,0.73976499,-0.106069
13.9514,21786.8506,1.198737,163.906647,-84.119743,0.66436201,0.73411298,-0.086078
13.9732,21786.8706,5.518277,163.396896,-84.435829,0.66928798,0.72731298,-0.061629
13.996,21786.8906,9.753675,162.903503,-84.23999,0.67020702,0.72237003,-0.036973
14.0213,21786.9106,13.837359,161.992035,-83.963066,0.66985202,0.71624303,-0.015479
14.0424,21786.9306,18.262398,160.953156,-83.776825,0.66968203,0.70735002,0.007444
14.0567,21786.9506,23.024952,159.539703,-83.070801,0.66594601,0.69832098,0.031625
14.0733,21786.9706,28.079556,158.48877,-82.449699,0.66214901,0.687006,0.059946
14.0943,21786.9906,33.314392,158.418457,-81.229042,0.65336102,0.67945498,0.096985
14.1223,21787.0106,38.718952,159.024048,-79.550339,0.63989401,0.67438298,0.140644
14.1428,21787.0306,44.081314,159.457855,-77.828278,0.62498099,0.66763401,0.183492
14.1561,21787.0506,49.496513,158.829681,-75.939018,0.60985202,0.65643698,0.22177
14.1745,21787.0706,55.02652,158.161087,-74.234467,0.59528899,0.64160597,0.26031199
14.1931,21787.0906,60.897011,157.967682,-72.20002,0.57682002,0.62666303,0.304856
14.213,21787.1105,67.405144,157.301468,-68.128632,0.54732901,0.614537,0.35898101
14.2356,21787.1305,74.968887,153.700378,-60.340977,0.50803399,0.598454,0.421588
14.2534,21787.1505,83.684784,140.725647,-43.346146,0.467462,0.56924999,0.49141699
14.2699,21787.1705,85.93013,32.961685,68.034927,0.42556399,0.537709,0.55283499
14.2981,21787.1905,78.597664,5.109264,99.637756,0.381892,0.505674,0.60885698
14.3171,21787.2105,70.08696,3.574006,106.311226,0.323715,0.474599,0.66561002
14.3405,21787.2305,59.860638,6.420676,108.08709,0.25322101,0.431743,0.71681303
14.3636,21787.2506,52.311779,6.751013,108.737289,0.213403,0.388455,0.743406
14.373,21787.2706,49.958851,4.590221,107.618095,0.21985801,0.36197501,0.74096
14.3975,21787.2906,50.194427,1.272485,106.151871,0.246759,0.34510499,0.72674203
14.4212,21787.3107,50.377178,-1.642303,105.09948,0.26906401,0.32995501,0.71460998
14.4368,21787.3307,50.267647,-3.75423,104.468399,0.283425,0.31742001,0.70676798
14.4543,21787.3507,50.751499,-5.6279,103.904037,0.298738,0.30973899,0.69769001
14.4789,21787.3707,51.9538,-7.633321,103.531387,0.317476,0.30625501,0.68651903
14.5009,21787.3908,53.604034,-9.863618,103.454689,0.338503,0.30515701,0.67412603
14.521,21787.4108,55.807087,-12.974671,103.801147,0.36548501,0.30431101,0.65837002
14.5402,21787.4308,58.744217,-17.395758,105.123116,0.399376,0.30485401,0.63889098
14.5705,21787.4509,62.330799,-23.184902,107.915695,0.437316,0.30874699,0.61658502
14.5791,21787.4709,66.213219,-30.848129,112.779274,0.47699401,0.315184,0.59207898
14.5996,21787.4909,69.272438,-39.760113,119.121094,0.512012,0.31907499,0.56917697
14.6161,21787.5109,71.632256,-51.402016,128.058823,0.54706198,0.32005,0.545757
14.6332,21787.531,73.184738,-68.935455,142.332626,0.58872098,0.31846699,0.51758999
14.6713,21787.551,72.915848,-90.317314,160.423996,0.63322699,0.31597,0.48725501
14.6805,21787.571,70.709831,-109.592964,176.554337,0.676148,0.313389,0.45574
14.6964,21787.5911,65.533943,-125.602249,-170.802963,0.72565699,0.30654699,0.42170301
14.7173,21787.6111,58.43634,-134.705811,-163.572021,0.77035397,0.301108,0.39697599
14.7377,21787.6311,51.709488,-139.943542,-159.034592,0.80419499,0.300686,0.37760001
14.7543,21787.6511,45.95826,-144.336609,-155.672531,0.83155298,0.30153,0.353899
14.775,21787.6712,40.50872,-148.619141,-153.500626,0.857705,0.298141,0.323351
14.7927,21787.6912,35.074512,-153.657623,-152.326111,0.88507301,0.28871199,0.28113401
14.8132,21787.7112,29.893286,-158.807709,-152.298203,0.910721,0.27340001,0.233189
14.8523,21787.7313,24.979425,-163.65799,-153.432358,0.93350202,0.25197399,0.184239
14.8597,21787.7513,20.219366,-167.93895,-155.282379,0.95239002,0.227557,0.138392
14.8747,21787.7713,15.840425,-172.40387,-156.828979,0.966317,0.20741899,0.091884
14.8966,21787.7913,11.500835,-178.141754,-157.88826,0.97606099,0.19237,0.035046
14.9113,21787.8114,6.258549,174.039429,-158.824249,0.98070198,0.18043099,-0.041014
14.934,21787.8314,-0.108418,164.484589,-160.595032,0.97665203,0.167115,-0.133211
14.9541,21787.8514,-7.040441,153.725754,-163.270157,-0.95962,-0.155209,0.233138
14.9769,21787.8714,-14.333987,141.884171,-167.190201,-0.92740601,-0.145099,0.335105
14.9937,21787.8914,-21.283028,129.651154,-172.01828,-0.88182801,-0.140264,0.42867601
15.0164,21787.9114,-26.815561,119.028511,-176.590622,-0.83439702,-0.14252301,0.49922201
15.0368,21787.9313,-30.778574,111.356995,-179.688843,-0.795865,-0.15178999,0.54421097
15.0591,21787.9513,-33.409302,107.302208,179.080612,-0.77277499,-0.16417,0.56581098
15.0813,21787.9713,-35.107407,106.355103,179.058777,-0.76468003,-0.174485,0.569426
15.1001,21787.9913,-36.091763,107.503334,179.760391,-0.76717198,-0.181564,0.56167501
15.1209,21788.0113,-36.795212,109.032288,-179.604126,-0.77202302,-0.18587101,0.55168903
15.1426,21788.0313,-37.858818,110.162292,-179.91687,-0.77548403,-0.18625601,0.54165101
15.1546,21788.0513,-39.515739,111.601089,179.033142,-0.77996999,-0.183433,0.52660602
15.1803,21788.0713,-41.703339,114.038574,177.930725,-0.78728402,-0.17957699,0.50322902
15.2001,21788.0913,-44.141357,118.308121,177.940964,-0.79896802,-0.178332,0.469284
15.2124,21788.1113,-46.440384,125.419289,179.8815,-0.81689298,-0.17992599,0.42099601
15.235,21788.1313,-47.8811,135.545929,-174.870148,-0.83833498,-0.191209,0.36219701
15.2576,21788.1513,-47.191257,148.204285,-166.597244,-0.86252499,-0.211744,0.294229
15.2843,21788.1713,-43.533302,162.263657,-157.067078,-0.88792002,-0.23843899,0.213149
15.3105,21788.1913,-36.770596,176.808945,-148.586609,-0.91079098,-0.26524901,0.110787
15.3193,21788.2113,-27.931898,-169.557266,-142.39888,-0.92192799,-0.290658,-0.006145
15.3624,21788.2313,-19.422346,-158.566803,-139.285721,-0.91890198,-0.30749801,-0.114183
15.3656,21788.2513,-13.020228,-151.432388,-137.838318,-0.90845901,-0.320216,-0.189208
15.3816,21788.2713,-7.055518,-146.25856,-136.879807,-0.89488101,-0.33438599,-0.247757
15.3967,21788.2913,-1.023203,-141.922104,-136.724396,-0.87972403,-0.34584501,-0.30009899
15.4131,21788.3113,4.640318,-137.981659,-137.216675,-0.86320502,-0.35372901,-0.34732899
15.4378,21788.3314,10.150867,-134.049957,-137.709732,-0.84286201,-0.36302,-0.39200199
15.4599,21788.3514,16.017124,-129.773392,-138.570404,-0.81775898,-0.372462,-0.437722
15.4759,21788.3714,22.045115,-125.219688,-140.479187,0.79045701,0.37742701,0.48236299
15.5034,21788.3914,27.301569,-120.653076,-143.166733,0.76416397,0.37759101,0.52121401
15.516,21788.4115,31.739002,-115.883179,-146.067703,0.73737299,0.376706,0.55595702
15.539,21788.4315,35.954098,-110.636459,-149.239014,0.707587,0.37678501,0.58916801
15.561,21788.4515,40.180065,-105.114212,-152.951294,0.67613602,0.37742099,0.618922
15.5801,21788.4716,44.461937,-99.131699,-157.295197,0.64248598,0.379271,0.64530098
15.5936,21788.4916,48.414532,-91.846886,-162.533783,0.60433602,0.38141,0.671821
15.6213,21788.5116,51.844116,-82.423317,-169.559601,0.56017798,0.38140699,0.69998902
15.6459,21788.5316,54.50478,-71.325699,-178.325943,0.51280898,0.379567,0.726098
15.6627,21788.5517,56.264797,-60.04208,172.524017,0.46688801,0.37862101,0.74654597
15.689,21788.5717,57.475815,-49.356499,163.498947,0.425001,0.379834,0.75968897
15.6966,21788.5917,58.154438,-38.985737,154.505447,0.385533,0.38249299,0.76778102
15.7152,21788.6118,58.178185,-28.547905,145.315262,0.34610799,0.38551801,0.77265602
15.7363,21788.6318,57.272205,-18.810358,136.214539,0.30937701,0.38522801,0.77423501
15.7562,21788.6518,55.766331,-10.912044,128.164047,0.279075,0.38199401,0.77196199
15.7819,21788.6718,54.174084,-5.43856,121.308357,0.25972199,0.37576601,0.76460701
15.8023,21788.6919,52.530952,-1.482436,115.457039,0.24607,0.367948,0.75510901
15.8159,21788.7119,50.548775,1.316893,110.430168,0.235025,0.356563,0.74542898
15.8403,21788.7319,47.866882,2.982977,106.635048,0.22318099,0.33943701,0.73906302
15.8634,21788.752,44.78775,3.321544,104.010895,0.213305,0.31660199,0.735129
15.8925,21788.772,42.016697,2.782476,101.808861,0.20842101,0.292445,0.72978199
15.8986,21788.792,39.665562,2.250829,100.253227,0.20328601,0.27217701,0.72607499
15.9263,21788.8121,37.853317,1.140691,98.574028,0.204421,0.25198901,0.71907598
15.944,21788.8322,37.122879,-0.740658,96.766418,0.215988,0.233904,0.70733398
15.9686,21788.8522,37.537247,-3.488864,95.211922,0.238116,0.21807601,0.69232702
15.9766,21788.8723,38.645176,-7.405805,94.177124,0.269456,0.200343,0.67515802
16.0259,21788.8923,40.032501,-11.845418,93.064087,0.304584,0.180393,0.65398198
16.027,21788.9123,41.923561,-16.546926,91.912949,0.34270799,0.16105799,0.62846601
16.0392,21788.9324,44.29702,-21.216373,91.335472,0.38092199,0.14591201,0.60269302
16.0535,21788.9524,46.906673,-25.452303,91.354118,0.415833,0.13654,0.57892603
16.0736,21788.9724,49.415428,-29.793749,91.848984,0.44876799,0.127746,0.55597001
16.0978,21788.9925,51.907326,-35.479862,93.735237,0.48491901,0.116888,0.53380603
16.1146,21789.0125,54.433216,-43.654762,97.582298,0.52845699,0.101577,0.50902599
16.1346,21789.0325,56.898151,-53.044315,102.015816,0.57335597,0.084251,0.477608
16.1578,21789.0525,58.962734,-61.98101,106.43251,0.61161,0.069497,0.44593701
16.1765,21789.0726,60.378716,-70.587875,110.808945,0.64413798,0.054308,0.41578901
16.1989,21789.0926,61.498707,-79.048882,115.03717,0.67316902,0.038967,0.38446799
16.2209,21789.1126,62.546665,-87.011696,119.525711,0.69795603,0.028989,0.355607
16.2416,21789.1327,63.528931,-95.352043,124.543602,0.72134298,0.021275,0.32563701
16.2634,21789.1527,64.024048,-105.06987,130.801437,0.74616897,0.013022,0.29382101
16.2847,21789.1727,63.721825,-115.275894,137.718262,0.771034,0.004786,0.26321
16.3036,21789.1927,62.651741,-124.930717,144.765076,0.79468298,-0.000183,0.23684099
16.3134,21789.2128,61.141148,-136.307266,151.955566,0.82121301,-0.010017,0.196465
16.3383,21789.2328,58.471096,-151.180832,160.408859,0.85352302,-0.024023,0.133507
16.3569,21789.2528,53.323593,-168.511398,169.544891,0.88957602,-0.036289,0.048396
16.3747,21789.2728,45.413513,174.406189,176.761063,0.92049301,-0.044868,-0.055892
16.3961,21789.2929,35.441154,159.359924,-179.848907,0.937213,-0.053292,-0.170251
16.4143,21789.3129,25.249525,147.262878,-179.800888,0.93637598,-0.059968,-0.274636
16.4356,21789.3329,15.062558,138.151855,178.923859,0.92551601,-0.055502,-0.35518301
16.4641,21789.353,6.648811,131.346054,177.085831,0.90877402,-0.047012,-0.41246
16.4796,21789.373,0.108758,125.930336,175.874878,-0.89013702,0.032489,0.454267
16.4965,21789.393,-5.647197,122.904762,175.626999,-0.87761301,0.009949,0.47531
16.5175,21789.413,-10.906418,121.604263,175.12027,-0.870175,-0.009324,0.48164701
16.5378,21789.433,-15.685966,121.11425,174.488586,-0.86492699,-0.025523,0.48067999
16.561,21789.453,-20.446075,121.081123,173.601105,-0.86041701,-0.039326,0.47462001
16.5812,21789.473,-25.607384,121.752869,172.532562,-0.85706598,-0.052156,0.460978
16.598,21789.493,-31.226028,122.567635,171.267975,-0.85204297,-0.064637,0.44343001
16.6181,21789.5131,-36.154556,122.755096,170.017853,-0.84423399,-0.075482,0.42996499
16.6421,21789.5331,-39.803886,122.952827,168.648514,-0.83817202,-0.080052,0.41721901
16.6647,21789.5531,-43.038364,124.037247,167.87587,-0.83512402,-0.084381,0.399829
16.6797,21789.5731,-45.895706,127.028038,168.958298,-0.83711499,-0.093782,0.375204
16.6991,21789.5932,-48.117481,133.279053,173.076324,-0.84650803,-0.110735,0.338808
16.7207,21789.6132,-49.675941,142.623581,179.187897,-0.86058402,-0.128497,0.28795099
16.7443,21789.6332,-50.646622,153.05809,-173.878952,-0.87246603,-0.14643,0.232475
16.7634,21789.6533,-50.78846,164.176987,-166.156525,-0.88114399,-0.16643,0.17462701
16.7774,21789.6733,-48.988258,175.78157,-158.728851,-0.89094698,-0.182834,0.109384
16.7974,21789.6933,-45.486752,-172.200226,-152.353027,-0.89974201,-0.19430999,0.03125
16.8197,21789.7133,-40.705212,-159.865845,-147.341217,-0.90298897,-0.201204,-0.060996
16.8438,21789.7334,-34.828323,-148.206757,-144.124191,-0.89831501,-0.204643,-0.159996
16.8621,21789.7534,-28.555731,-138.492935,-142.403183,-0.88604897,-0.20929199,-0.25076899
16.8811,21789.7734,-23.187435,-131.312225,-141.958374,-0.87076801,-0.212556,-0.322079
16.8992,21789.7935,-18.368013,-125.683517,-142.413147,-0.854985,-0.21399599,-0.38082501
16.9215,21789.8135,-13.236814,-120.461128,-143.290451,-0.83639902,-0.217206,-0.43660501
16.9434,21789.8335,-7.624688,-116.190018,-144.448624,-0.81733602,-0.225133,-0.484934
16.9576,21789.8535,-2.443819,-113.152809,-146.389954,-0.80219197,-0.230002,-0.52203399
16.9799,21789.8736,2.175025,-109.775749,-148.387222,-0.78398103,-0.233284,-0.557558
17.008,21789.8936,6.81019,-106.567116,-150.516617,-0.76481301,-0.237958,-0.58926898
17.0156,21789.9136,11.218794,-104.095154,-153.040009,-0.74911398,-0.24138699,-0.61316597
17.0386,21789.9337,15.354767,-102.345612,-155.619064,-0.73696101,-0.244901,-0.62931901
17.0601,21789.9537,19.395496,-100.479179,-157.290649,0.72169799,0.254814,0.64359403
17.0789,21789.9737,23.561796,-97.944191,-158.753235,0.70113403,0.267869,0.65997797
17.1021,21789.9937,27.9708,-95.226112,-160.677185,0.67920703,0.280893,0.67482901
17.1217,21790.0138,32.512791,-92.502632,-163.279297,0.65798301,0.29235101,0.68619502
17.1415,21790.0338,36.986958,-89.212692,-166.764206,0.63550502,0.301074,0.69635397
17.1613,21790.0538,41.170643,-84.707954,-171.007736,0.608383,0.308474,0.70824999
17.1842,21790.0738,44.784096,-78.526207,-175.981201,0.57446098,0.31527999,0.72388101
17.2004,21790.0938,47.69257,-70.852448,178.122711,0.53549701,0.32070699,0.741359
17.2198,21790.1138,49.68354,-61.714237,171.030319,0.492217,0.323147,0.75978202
17.2412,21790.1338,50.287094,-49.273491,160.938187,0.436104,0.31839499,0.78215402
17.259,21790.1538,48.841675,-36.381203,149.918365,0.37643901,0.30555299,0.80189902
17.2902,21790.1738,45.817547,-24.989895,139.954605,0.317368,0.28884,0.81611502
17.2989,21790.1938,41.782494,-15.575169,132.310974,0.258614,0.27197501,0.82710099
17.3323,21790.2138,37.15871,-7.131637,126.750008,0.195214,0.25786,0.83684701
17.3366,21790.2338,32.41766,0.179477,123.134872,0.13158201,0.246185,0.84463
17.3629,21790.2538,27.633999,4.790771,120.004051,0.08415,0.226941,0.84523797
17.3789,21790.2738,23.735498,6.334178,117.566872,0.060183,0.203631,0.84154397
17.3943,21790.2938,20.66519,5.702359,116.074814,0.053314,0.17788599,0.83832502
17.4174,21790.3138,17.955849,3.459192,114.927452,0.058759,0.14753599,0.834876
17.4356,21790.3338,15.398705,0.649629,114.157982,0.068096,0.115513,0.83225203
17.4619,21790.3538,13.681369,-0.531902,113.312332,0.069319,0.096968,0.82912701
17.4782,21790.3737,13.828485,-0.915818,112.697632,0.073311,0.095811,0.825813
17.5012,21790.3937,15.406041,-1.978323,112.119469,0.089019,0.101633,0.820719
17.5192,21790.4137,18.029869,-4.912881,111.021103,0.123536,0.105062,0.80949801
17.5388,21790.4337,21.631216,-8.74811,109.121582,0.169523,0.109001,0.78962898
17.5593,21790.4537,26.215925,-12.120476,107.76635,0.21599101,0.121571,0.76825899
17.5767,21790.4737,31.274801,-15.16873,107.087021,0.26099601,0.13937899,0.74662203
17.5991,21790.4937,36.792461,-18.465647,107.030243,0.30762899,0.15992101,0.72293401
17.622,21790.5137,42.558659,-22.284693,107.877678,0.35517099,0.181848,0.69779199
17.6352,21790.5337,47.133278,-25.979376,108.961746,0.39403,0.197395,0.674734
17.6573,21790.5537,51.232117,-29.989986,109.708611,0.43117499,0.207179,0.64782
17.6753,21790.5737,54.379311,-34.652302,109.834389,0.46748799,0.20470101,0.61665398
17.698,21790.5937,56.455059,-39.240734,108.85318,0.499814,0.190257,0.58263898
17.7176,21790.6137,58.16003,-42.700226,106.19442,0.52624202,0.170936,0.54464197
17.7369,21790.6337,60.568958,-45.323853,103.265472,0.549712,0.158351,0.50417501
17.7592,21790.6537,64.343178,-47.817963,99.915138,0.57579702,0.15194701,0.45357999
17.7809,21790.6737,69.844666,-47.861069,93.548294,0.60070801,0.153496,0.38705599
17.7972,21790.6937,76.899292,-40.828823,80.62722,0.62110698,0.168743,0.30946699
17.8156,21790.7137,84.336479,-8.314966,42.047707,0.64425403,0.190051,0.21977399
17.8424,21790.7337,82.40519,74.773064,-47.06424,0.66226703,0.209874,0.128025
17.8631,21790.7537,73.939751,92.669014,-71.112579,0.67388803,0.228727,0.033149
17.8808,21790.7736,63.876339,94.710617,-79.475571,0.67462897,0.250909,-0.068292
17.9006,21790.7936,52.659191,92.294655,-83.375877,0.65931797,0.278285,-0.17411301
17.9571,21790.8136,40.900051,88.301376,-86.16507,0.62889099,0.30544001,-0.28145999
17.9616,21790.8336,28.514696,84.535942,-88.987495,0.58686203,0.33728001,-0.38448599
17.964,21790.8536,17.00083,82.221306,-92.008194,0.54517299,0.37157801,-0.46855301
17.9746,21790.8736,7.114998,80.589386,-94.944328,0.50767201,0.40142801,-0.53388298
17.9945,21790.8936,-1.655113,79.333664,-97.313805,0.471838,0.429957,-0.583947
18.0172,21790.9136,-9.561317,78.716484,-98.677277,0.43740201,0.460659,-0.61892301
18.04,21790.9336,-16.026541,78.711136,-98.92363,0.407159,0.490049,-0.63934797
18.0572,21790.9536,-21.021385,79.043686,-98.092262,0.380317,0.51638502,-0.64889002
18.082,21790.9736,-24.387926,79.508408,-96.121574,0.35642999,0.53855002,-0.64924502
18.104,21790.9936,-25.874983,80.885742,-93.155571,0.34206799,0.55832601,-0.638556
18.1171,21791.0136,-26.230282,82.575958,-90.373825,0.33572301,0.573879,-0.62467301
18.1381,21791.0336,-26.075605,84.199554,-88.030342,0.33345801,0.58601803,-0.61104
18.1568,21791.0536,-25.393869,85.331924,-85.924797,0.33231401,0.59397602,-0.59788603
18.1763,21791.0736,-24.509451,86.022392,-84.252716,0.33202001,0.59850198,-0.586689
18.2002,21791.0936,-23.261755,86.051346,-82.6418,0.330585,0.59923398,-0.57609302
18.2219,21791.1136,-21.59453,85.708862,-80.685005,0.327824,0.59811801,-0.56327701
18.241,21791.1336,-19.694319,84.777962,-78.576042,0.32284001,0.594078,-0.55003101
18.2626,21791.1536,-17.789694,83.27282,-76.588257,0.31608099,0.58679003,-0.53820503
18.2925,21791.1736,-16.146126,81.423157,-74.91481,0.308249,0.57736999,-0.52913898
18.3095,21791.1935,-14.203285,79.725319,-73.206146,0.303065,0.56718099,-0.51778698
18.3318,21791.2135,-11.600247,78.701973,-71.103401,0.303206,0.55866897,-0.49944299
18.3526,21791.2335,-8.329511,78.812241,-68.198204,0.308487,0.55574,-0.470209
18.3557,21791.2535,-5.150886,79.72052,-64.517471,0.312572,0.559852,-0.43364701
18.3799,21791.2735,-2.806576,80.342735,-60.390873,0.308171,0.56679302,-0.39785299
18.395,21791.2935,-1.096674,79.86158,-55.957771,0.294633,0.57025802,-0.365159
18.4149,21791.3135,0.712981,78.692627,-51.741852,0.28097001,0.56835502,-0.333882
18.4388,21791.3335,4.173265,77.768349,-47.463814,0.27842101,0.562877,-0.29214799
18.4594,21791.3535,8.396337,77.367432,-42.899445,0.28113499,0.559273,-0.24210399
18.4826,21791.3735,12.171535,76.918945,-38.022442,0.279953,0.557679,-0.191301
18.4994,21791.3935,15.197587,76.110336,-33.383217,0.275231,0.55535501,-0.146098
18.5161,21791.4135,18.01527,75.187515,-28.629993,0.26918301,0.55315399,-0.100947
18.5372,21791.4335,21.091333,74.827988,-23.285891,0.26291901,0.55568099,-0.048676
18.5638,21791.4535,25.097757,75.124527,-16.852314,0.257568,0.56339902,0.017643
18.5773,21791.4735,29.704176,74.411812,-9.267548,0.250705,0.56607598,0.092294
18.5976,21791.4935,33.597404,71.898064,-1.261721,0.24013899,0.559403,0.161125
18.6182,21791.5135,35.664524,69.303413,5.438622,0.22595,0.55261201,0.21107601
18.6409,21791.5335,36.315517,67.21595,10.32024,0.211188,0.54715598,0.24296901
18.656,21791.5535,36.94207,65.438187,15.05522,0.19709501,0.54317701,0.274315
18.6778,21791.5735,38.291924,63.808155,20.038258,0.187323,0.54009199,0.31021699
18.6955,21791.5935,40.150139,62.453068,24.998823,0.18118,0.538912,0.34756199
18.7178,21791.6134,42.249237,60.904823,30.109064,0.177223,0.53723401,0.38525
18.7498,21791.6334,44.231056,58.629868,35.486637,0.174417,0.53205103,0.42173499
18.7608,21791.6534,45.892262,55.68705,41.174725,0.17147499,0.523853,0.45678401
18.7752,21791.6734,47.652798,51.854195,47.903103,0.169652,0.51301301,0.49540401
18.8038,21791.6934,49.368793,46.987286,55.629955,0.16972999,0.499084,0.53608102
18.8243,21791.7134,50.944462,41.46347,63.948429,0.17197099,0.484092,0.57625401
18.8386,21791.7334,52.476563,35.113762,74.344139,0.172388,0.47027999,0.62297601
18.8583,21791.7534,53.786079,27.365561,88.527016,0.16749001,0.45782599,0.68143499
18.8767,21791.7734,54.124889,18.619713,103.971558,0.163,0.44244599,0.73768198
18.8985,21791.7934,53.404346,10.810502,118.033508,0.15814599,0.42684701,0.78427303
18.9222,21791.8134,52.329033,4.248059,130.169846,0.15546399,0.413652,0.82032597
18.9456,21791.8334,50.920258,-2.227042,141.896378,0.156882,0.40053201,0.85053903
18.9621,21791.8534,48.916393,-9.47253,152.717682,0.170351,0.38325101,0.87350303
18.9875,21791.8734,46.619801,-17.281065,162.336746,0.1964,0.365392,0.888062
19.0027,21791.8934,44.345974,-25.299992,170.055344,0.233954,0.34928,0.89300501
19.0227,21791.9134,42.636154,-33.179241,175.442581,0.27962199,0.33756199,0.88796401
19.0399,21791.9334,41.899723,-41.153419,178.446548,0.332735,0.33026001,0.87252897
19.0568,21791.9534,42.187679,-48.801239,179.767838,0.386096,0.326969,0.849352
19.0953,21791.9734,43.207603,-54.810658,-179.785828,0.42733699,0.327665,0.82572299
19.1029,21791.9934,44.067234,-59.437469,-179.592484,0.45837399,0.32743901,0.80569601
19.1175,21792.0133,44.422821,-64.003685,-179.553375,0.489369,0.322487,0.78587699
19.1371,21792.0333,45.160355,-68.875977,-179.068756,0.51957297,0.32091299,0.76325399
19.1604,21792.0533,46.22438,-73.990517,-177.824753,0.54740101,0.32395899,0.738931
19.1818,21792.0733,47.063828,-79.44474,-176.044861,0.57497603,0.32712701,0.71356797
19.1965,21792.0933,48.132359,-85.830063,-174.102432,0.60553801,0.33024001,0.6821
19.2185,21792.1133,50.137032,-93.731262,-171.616531,0.63806802,0.33723101,0.64025003
19.2526,21792.1333,53.500179,-103.404297,-167.9655,0.66770601,0.350876,0.58740002
19.262,21792.1533,57.584251,-115.546692,-162.018311,0.69211602,0.369542,0.52527201
19.2877,21792.1733,61.507629,-130.978256,-153.160843,0.711344,0.38781801,0.45476699
19.3045,21792.1933,64.359322,-150.227112,-140.592728,0.72395098,0.40459201,0.37823999
19.3487,21792.2133,64.911308,-171.820587,-125.335838,0.73012203,0.42044199,0.29923201
19.3525,21792.2333,62.508698,168.084076,-111.134514,0.73173302,0.43634599,0.21859901
19.3573,21792.2533,57.805321,152.097992,-100.513947,0.72778797,0.45359901,0.13760599
19.3773,21792.2733,51.784264,139.472672,-92.580658,0.71454901,0.47384101,0.05785
19.3971,21792.2933,44.567993,129.3517,-86.482361,0.69114703,0.49817601,-0.021455
19.4148,21792.3133,36.367989,121.007309,-81.965294,0.65831298,0.52347702,-0.101734
19.4355,21792.3333,27.649389,113.964828,-78.867279,0.61773998,0.54616201,-0.18133099
19.4569,21792.3533,19.57016,108.080338,-77.574738,0.57746702,0.55923402,-0.255272
19.475,21792.3733,12.716477,103.513969,-77.394638,0.54151303,0.566338,-0.31673801
19.4941,21792.3933,6.765954,100.397179,-77.350945,0.50875098,0.57513398,-0.363931
19.5217,21792.4133,1.585496,97.883476,-77.02121,0.476578,0.58431703,-0.400776
19.5364,21792.4332,-2.700511,95.681374,-76.439758,0.446064,0.59200501,-0.42886299
19.5594,21792.4532,-5.855578,93.486588,-75.634453,0.41831499,0.59603798,-0.44900599
19.5771,21792.4732,-7.778536,91.25872,-74.390678,0.39336199,0.59678203,-0.46039799
19.5935,21792.4932,-8.43294,89.631676,-72.453247,0.37334001,0.59786099,-0.45989701
19.6185,21792.5132,-7.81183,89.165855,-69.994644,0.36191201,0.60150498,-0.44671401
19.6378,21792.5332,-6.005393,89.125145,-67.500526,0.358273,0.60336399,-0.42585599
19.657,21792.5532,-3.527629,88.94162,-64.851349,0.35691899,0.60281903,-0.40065899
19.6758,21792.5732,-0.560633,88.870346,-62.33252,0.359326,0.60085601,-0.37246001
19.7007,21792.5932,2.856092,88.917557,-59.408401,0.362405,0.59935701,-0.33840999
19.7208,21792.6132,6.428348,88.76107,-55.873692,0.36256501,0.598167,-0.29966801
19.7424,21792.6332,9.777063,87.945168,-52.121525,0.35901299,0.59451002,-0.26186699
19.7652,21792.6532,12.735102,86.897194,-48.899731,0.356179,0.58884501,-0.229201
19.7744,21792.6732,15.070036,85.997536,-46.021709,0.35256401,0.58480698,-0.201113
19.8049,21792.6932,17.06827,84.934441,-42.947201,0.34629399,0.58127201,-0.17380901
19.8186,21792.7132,19.47068,83.937378,-39.417263,0.34063199,0.57808501,-0.140673
19.8385,21792.7332,22.444914,83.14875,-35.783962,0.338525,0.57469398,-0.102536
19.8671,21792.7532,25.269968,82.331688,-31.948347,0.33507401,0.57218099,-0.063735
19.8789,21792.7732,27.549828,81.097694,-27.606129,0.326345,0.56999803,-0.025752
19.9341,21792.7932,30.047659,79.986801,-22.894846,0.317839,0.568968,0.016434
19.9362,21792.8132,32.897533,78.292946,-17.860735,0.31092599,0.56403899,0.06113
19.9379,21792.8332,35.187466,75.774681,-12.57084,0.301209,0.555749,0.102146
19.954,21792.8531,36.251656,73.194489,-7.467205,0.28613499,0.54913402,0.135398
19.9743,21792.8731,36.817108,71.143692,-1.835962,0.26567,0.54777002,0.171315
19.9956,21792.8931,38.222546,69.570778,5.011803,0.245069,0.55030203,0.22053701
20.0155,21792.9131,40.309845,66.826958,13.26158,0.22599301,0.546709,0.278956
20.0331,21792.9331,41.498283,63.085609,21.318117,0.206237,0.53661102,0.32954901
20.0593,21792.9531,41.53746,59.910088,27.749029,0.18630999,0.52692503,0.366155
20.0884,21792.9731,41.256557,57.171089,33.185421,0.168602,0.51749003,0.39622799
20.0969,21792.9931,41.538723,54.598495,38.78014,0.15486699,0.50912702,0.429261
20.121,21793.0131,42.814587,52.748829,45.060539,0.14357001,0.50731999,0.46937299
20.1376,21793.0331,44.698235,50.766235,52.34198,0.133458,0.50734299,0.51483202
20.1561,21793.0531,46.082912,46.866501,60.654434,0.12518901,0.49720699,0.56068301
20.1771,21793.0731,46.331825,42.285934,68.399704,0.117073,0.48050699,0.599334
20.1953,21793.0931,45.888885,38.256725,74.817238,0.109242,0.46344501,0.63001502
20.2162,21793.1131,45.251026,35.255116,80.551414,0.099025,0.45028201,0.65757799
20.2424,21793.1331,44.663681,32.796745,86.542198,0.08641,0.439998,0.68635601
20.2602,21793.1531,44.211662,30.887833,92.834656,0.071347,0.43284401,0.71598399
20.2777,21793.1731,43.885494,29.072168,99.569992,0.055768,0.426532,0.74619102
20.3038,21793.1931,43.30711,26.084297,106.745277,0.04614,0.413625,0.77633798
20.3159,21793.2131,41.953709,22.747322,113.156815,0.039619,0.394348,0.80290502
20.3465,21793.233,40.230965,20.345493,118.118515,0.0318,0.375606,0.82394999
20.3578,21793.253,39.211372,18.224237,121.984978,0.030189,0.36209401,0.83922398
20.3784,21793.273,39.37344,15.26019,126.57576,0.038414,0.35445601,0.85372198
20.396,21793.293,40.297562,10.342745,132.476715,0.060783,0.34807199,0.868231
20.4171,21793.313,41.553413,4.035091,138.408997,0.09509,0.343099,0.87795103
20.4379,21793.333,43.519508,-3.228204,142.74028,0.143169,0.34279501,0.876396
20.456,21793.353,46.315022,-11.963657,145.614014,0.207146,0.34531999,0.861444
20.4763,21793.373,49.723461,-22.314991,148.525696,0.28086799,0.34940299,0.834741
20.4953,21793.393,53.557892,-33.912266,153.084824,0.35350901,0.358538,0.799914
20.5159,21793.413,56.947365,-46.774475,159.909897,0.41990399,0.37001801,0.76143998
20.5378,21793.433,59.007988,-59.764416,168.036163,0.47575,0.37949601,0.72493201
20.5602,21793.453,59.715843,-70.939133,175.440353,0.518978,0.385122,0.69426602
20.5856,21793.473,59.531967,-81.212357,-178.282181,0.55926901,0.38533899,0.6638
20.6092,21793.493,59.05323,-91.72216,-172.278275,0.59992301,0.384473,0.62839401
20.6335,21793.513,58.437092,-103.345062,-165.658783,0.641523,0.38581899,0.58481503
20.638,21793.533,57.621578,-116.257332,-158.542679,0.68373698,0.38853401,0.53075302
20.662,21793.553,56.456287,-129.446716,-151.265289,0.72168303,0.39333701,0.47056901
20.6754,21793.573,55.018326,-142.399857,-143.494461,0.75074899,0.40433699,0.40839699
20.695,21793.593,52.373112,-155.163681,-136.244507,0.77789003,0.414621,0.33966601
20.7218,21793.613,47.893272,-166.470016,-130.623123,0.80463201,0.42251399,0.266168
20.7442,21793.633,42.014961,-176.537842,-127.284645,0.83129299,0.42397699,0.184356
20.7624,21793.6529,35.706615,173.157181,-125.166634,0.85185301,0.42126101,0.090491
20.7798,21793.6729,29.18774,162.403015,-123.595619,0.86102903,0.41798899,-0.012778
20.7962,21793.6929,22.210262,152.776733,-122.525642,0.85804302,0.41879201,-0.112485
20.8173,21793.7129,14.733672,145.109375,-122.251053,0.84706801,0.42321599,-0.201288
20.8449,21793.7329,6.983294,139.003265,-123.167984,0.83244598,0.426153,-0.28027001
20.8579,21793.7529,-0.544552,134.416748,-125.300461,0.81801099,0.425179,-0.34608701
20.8776,21793.7729,-6.588207,131.664474,-127.447479,0.80631101,0.42432401,-0.389707
20.9018,21793.7929,-10.893473,130.399826,-129.248383,0.79942501,0.42324701,-0.41419801
20.9149,21793.8129,-14.325702,130.332214,-130.984894,0.79759902,0.42116699,-0.426108
20.9358,21793.8329,-17.792286,130.608246,-132.456482,0.79540998,0.42094901,-0.434389
20.9594,21793.8529,-21.806141,130.421936,-133.51651,0.78783,0.42465299,-0.44606
20.9759,21793.8729,-26.623995,130.349426,-133.87207,-0.774737,-0.434948,0.45778099
21.0014,21793.8929,-31.60895,131.404266,-133.4077,-0.76114601,-0.449756,0.46181601
21.018,21793.9129,-35.678707,133.211441,-132.101822,-0.74907303,-0.46580699,0.45955601
21.0382,21793.9329,-38.819847,136.471909,-129.678421,-0.74043602,-0.48394099,0.44774899
21.0564,21793.9529,-41.321026,141.718628,-126.348488,-0.73662198,-0.50215,0.42420599
21.0817,21793.9729,-42.89962,147.587265,-122.819122,-0.73593003,-0.51731801,0.396135
21.0987,21793.9929,-43.962852,153.313095,-118.715355,-0.73225498,-0.53418899,0.36975199
21.1159,21794.0129,-44.732895,159.91983,-113.201408,-0.72370601,-0.55664498,0.34085801
21.1374,21794.0329,-44.413895,166.765671,-107.505539,-0.715927,-0.57889003,0.30802399
21.1635,21794.0529,-42.815605,173.461594,-102.219551,-0.710401,-0.59976202,0.27011201
21.178,21794.0728,-40.315247,-179.069946,-96.736977,-0.70348603,-0.62153298,0.223231
21.197,21794.0928,-36.944283,-171.180527,-91.119759,-0.692249,-0.64472902,0.169117
21.2152,21794.1128,-32.433479,-163.898605,-85.967834,-0.676826,-0.66884798,0.110601
21.2372,21794.1328,-26.301607,-158.005875,-82.1287,-0.66065502,-0.69220501,0.046366
21.26,21794.1528,-18.513397,-153.327377,-79.783272,-0.64438498,-0.71304798,-0.025917
21.2775,21794.1728,-9.843243,-149.657852,-78.717567,-0.62717599,-0.72925198,-0.10133
21.3104,21794.1928,-1.229974,-146.658081,-78.206467,-0.60656399,-0.74140799,-0.172948
21.3164,21794.2128,6.768168,-144.462448,-77.597755,-0.58161801,-0.75216401,-0.234696
21.3343,21794.2328,13.238458,-143.47052,-76.698257,-0.55693299,-0.76218301,-0.27900401
21.3563,21794.2528,18.378393,-143.502365,-76.001755,-0.537799,-0.76955199,-0.30983099
21.3775,21794.2728,23.475458,-143.643234,-75.795227,-0.52130997,-0.773031,-0.340143
21.3931,21794.2928,28.319344,-143.78746,-75.734238,-0.50569397,-0.77421302,-0.36852399
21.4149,21794.3128,32.390362,-143.869415,-75.646179,-0.49154201,-0.77420402,-0.392068
21.4384,21794.3328,35.585899,-143.74614,-75.602463,-0.47952101,-0.77327901,-0.41104001
21.454,21794.3528,38.585758,-143.790543,-75.643524,-0.46901301,-0.77160698,-0.42792201
21.4752,21794.3728,41.849125,-143.465378,-76.1334,-0.45875901,-0.767335,-0.44752401
21.4973,21794.3928,45.247986,-142.216187,-77.107735,-0.446897,-0.76058698,-0.47089401
21.5174,21794.4128,48.885887,-141.826721,-77.957458,0.43598801,0.75391102,0.49124199
21.5358,21794.4328,52.662861,-142.978317,-77.868599,0.42454401,0.74958599,0.505997
21.5565,21794.4528,56.308578,-144.296875,-77.719025,0.41391101,0.74424899,0.51930898
21.5773,21794.4727,60.101345,-143.359787,-78.45443,0.397717,0.73607302,0.54031301
21.5935,21794.4927,64.256989,-139.310379,-81.432716,0.37781501,0.72244102,0.57000399
21.6235,21794.5127,68.729156,-132.546249,-87.437477,0.35811999,0.70313603,0.60302597
21.6362,21794.5327,73.023361,-123.324242,-97.404198,0.34508601,0.67905599,0.63224101
21.6547,21794.5527,76.454689,-110.152153,-111.878242,0.33519199,0.65420902,0.656721
21.6848,21794.5727,78.980003,-89.914658,-131.514587,0.31242999,0.63422799,0.68244702
21.6967,21794.5927,79.565491,-61.924652,-158.375717,0.28541401,0.61312503,0.70902503
21.7131,21794.6127,77.358833,-38.708256,179.109192,0.26328999,0.58761698,0.73490399
21.7395,21794.6327,73.289856,-27.067997,167.918808,0.24778999,0.55729997,0.76103801
21.7544,21794.6527,68.311394,-21.714737,162.402908,0.238382,0.52106303,0.78696001
21.775,21794.6727,62.980907,-18.252195,158.694931,0.228255,0.48185599,0.81210703
21.7962,21794.6927,57.555267,-13.673209,155.188278,0.20458899,0.44441301,0.83762997
21.8162,21794.7127,51.767788,-8.601446,152.713989,0.168244,0.40712401,0.86410999
21.8359,21794.7327,45.967278,-5.152035,151.865372,0.134948,0.368319,0.88783902
21.8568,21794.7527,40.579895,-3.341136,150.872559,0.113626,0.32861099,0.90488303
21.8783,21794.7727,36.047855,-3.279489,148.223663,0.110842,0.290023,0.91180098
21.9025,21794.7927,32.698277,-4.097268,144.327103,0.118819,0.25728199,0.90977597
21.9172,21794.8127,30.483089,-5.050346,140.427811,0.128903,0.232739,0.903063
21.9636,21794.8327,29.161282,-5.676747,137.203766,0.136355,0.216617,0.895428
21.9659,21794.8527,29.204233,-6.0141,134.829391,0.14356101,0.212954,0.88717598
21.9773,21794.8726,29.817717,-6.726478,133.440887,0.15358301,0.213524,0.88016999
21.9939,21794.8926,30.929375,-7.785041,132.637039,0.166769,0.21734899,0.87332898
22.0134,21794.9126,32.94025,-8.838493,131.76738,0.18294001,0.227809,0.863738
22.0359,21794.9326,35.778717,-9.750051,130.358475,0.201885,0.243847,0.84965903
22.0544,21794.9526,39.046059,-10.483789,128.541794,0.22204,0.26241401,0.83225799
22.0766,21794.9726,41.526497,-10.841234,126.567223,0.23756599,0.275534,0.81643802
22.097,21794.9926,44.004181,-11.335429,125.065323,0.25319999,0.28854999,0.801566
22.1149,21795.0126,46.842476,-13.019519,124.180038,0.27678901,0.300295,0.78455198
22.1369,21795.0326,50.227306,-16.117741,124.075684,0.30915701,0.311647,0.763964
22.1564,21795.0526,53.841034,-19.929665,124.470207,0.34425899,0.32270801,0.740578
22.1749,21795.0726,57.56189,-23.693457,125.128738,0.37680599,0.33530599,0.71577901
22.195,21795.0926,61.290409,-27.21043,125.812737,0.40580601,0.34888101,0.68982702
22.2202,21795.1126,64.966133,-31.55687,127.215057,0.435202,0.36098701,0.66223902
22.2359,21795.1326,68.641518,-37.552177,129.889282,0.46688601,0.371012,0.631504
22.2541,21795.1526,72.346542,-45.349144,133.543732,0.50075299,0.377736,0.59473002
22.2772,21795.1726,76.236397,-56.265118,140.158081,0.53423703,0.38539401,0.55310601
22.295,21795.1926,80.095276,-73.305611,152.789169,0.56558597,0.394218,0.50655001
22.3156,21795.2127,82.845955,-103.526199,179.222122,0.59173697,0.40547299,0.46053901
22.3406,21795.2327,82.49601,-144.861465,-142.803024,0.61588001,0.417229,0.41556701
22.3549,21795.2527,79.315887,-171.72496,-119.034035,0.638367,0.42919701,0.370772
22.3742,21795.2727,75.112938,173.37616,-107.335609,0.65843397,0.44052199,0.32363501
22.401,21795.2928,70.224579,163.087051,-100.445145,0.67596501,0.45267999,0.27155101
22.4156,21795.3128,64.590141,155.419632,-96.727882,0.69284803,0.46374899,0.212359
22.436,21795.3328,58.751503,149.041992,-94.869896,0.70708603,0.47164801,0.148487
22.4584,21795.3529,52.914684,143.002594,-93.8218,0.71659201,0.47675201,0.081191
22.4918,21795.3729,46.878956,137.623978,-93.482025,0.721524,0.48153999,0.012675
22.5042,21795.3929,40.40517,133.02829,-94.046272,0.723557,0.486072,-0.057715
22.5206,21795.4129,33.608513,128.54451,-95.166183,0.721322,0.48905399,-0.13111401
22.5396,21795.433,26.754013,123.920425,-96.654427,0.71370101,0.489674,-0.205836
22.5556,21795.453,20.320269,119.471764,-98.686485,0.70288199,0.48646101,-0.27707601
22.5783,21795.473,13.943229,114.979965,-100.97171,0.68727303,0.48227,-0.34643
22.596,21795.4931,7.618157,110.508888,-103.410194,0.66692799,0.478369,-0.412485
22.6165,21795.5131,1.460045,106.146248,-106.113091,0.64345503,0.474305,-0.47401199
22.6417,21795.5331,-4.345419,101.865173,-109.231918,0.61870402,0.46873701,-0.53049803
22.6604,21795.5531,-9.675709,97.828934,-112.535515,0.593822,0.463157,-0.57989401
22.6834,21795.5732,-14.440928,94.468048,-115.813942,0.57167399,0.45924899,-0.61970502
22.6983,21795.5932,-18.602997,92.140152,-118.444069,0.55323899,0.46002501,-0.64779103
22.716,21795.6132,-22.454231,91.007851,-120.354919,0.539132,0.46633101,-0.66547501
22.744,21795.6333,-26.280909,90.713753,-121.48349,0.52639902,0.47800499,-0.67604601
22.7614,21795.6533,-30.137949,90.398155,-122.559387,0.51283801,0.48989999,-0.68535203
22.7779,21795.6733,-34.176979,89.818459,-124.081772,0.49848399,0.50020301,-0.69520801
22.798,21795.6933,-38.27401,89.076103,-126.131577,0.48490101,0.50847,-0.70450097
22.8204,21795.7134,-41.831409,88.328934,-127.926987,0.47235599,0.51576698,-0.71124703
22.8433,21795.7334,-44.857059,88.954704,-128.827499,0.46655199,0.52522701,-0.71031702
22.8611,21795.7534,-47.583138,91.621033,-128.298309,0.46784201,0.53913301,-0.70010102
22.879,21795.7734,-49.795773,95.940407,-126.491508,-0.47474501,-0.55499601,0.68305302
22.8966,21795.7934,-52.149899,101.511391,-123.606544,-0.48169401,-0.57375598,0.66164798
22.9227,21795.8134,-54.898178,109.007904,-119.55011,-0.48954299,-0.594971,0.63414901
22.9419,21795.8334,-56.411625,119.552559,-113.26416,-0.50508398,-0.61751097,0.59509897
22.9571,21795.8534,-55.828873,132.535248,-104.862961,-0.52629399,-0.64254802,0.543185
22.9779,21795.8734,-53.024918,145.848251,-96.412971,-0.550381,-0.66779703,0.48028201
23.0091,21795.8934,-48.481117,157.461105,-89.892418,-0.57494801,-0.68960202,0.41086799
23.0178,21795.9134,-42.794434,167.681473,-85.20874,-0.59782398,-0.70785201,0.33460599
23.0379,21795.9334,-36.274426,176.147842,-82.023033,-0.61535901,-0.72354501,0.25572199
23.0581,21795.9534,-29.39537,-176.943085,-79.873001,-0.62590098,-0.73705697,0.177909
23.0767,21795.9734,-22.505774,-171.115417,-78.752304,-0.63202697,-0.74627,0.102196
23.0969,21795.9934,-15.551571,-165.752975,-78.66394,-0.63611501,-0.74982399,0.025967
23.1184,21796.0134,-8.580769,-160.759583,-79.320953,-0.63712299,-0.74890602,-0.049578
23.1358,21796.0334,-1.496146,-156.014603,-80.467461,-0.63382697,-0.744937,-0.12445
23.154,21796.0534,5.376529,-152.414352,-81.986694,-0.62791502,-0.73954803,-0.19059899
23.1799,21796.0734,11.01092,-150.356918,-83.620461,-0.623218,-0.733594,-0.238883
23.196,21796.0934,16.088978,-148.392151,-84.555328,-0.61272597,-0.73055798,-0.281039
23.2169,21796.1133,20.780678,-146.908951,-84.982361,-0.59901798,-0.729949,-0.316688
23.24,21796.1333,25.269096,-145.267242,-85.713287,-0.58558297,-0.72710502,-0.351134
23.2643,21796.1533,29.742723,-144.091156,-87.243332,-0.57704198,-0.72017097,-0.382287
23.2779,21796.1733,34.102474,-143.802048,-89.175308,-0.57305998,-0.71113002,-0.406993
23.3043,21796.1933,38.552773,-143.170807,-90.301476,0.56140602,0.70555103,0.43229699
23.3195,21796.2133,43.051212,-143.105255,-90.544876,0.545241,0.70350099,0.45407799
23.3413,21796.2333,47.513054,-142.836105,-91.139244,0.52965403,0.69899303,0.47558501
23.3603,21796.2533,52.107685,-141.448059,-92.764282,0.513906,0.68996799,0.50071001
23.3781,21796.2733,56.887547,-138.36441,-96.34742,0.49955699,0.67422801,0.529755
23.3945,21796.2933,61.865662,-132.810287,-101.693092,0.479646,0.65586698,0.56366903
23.42,21796.3133,66.574028,-124.68531,-109.333076,0.456698,0.63603902,0.597691
23.4381,21796.3333,70.538612,-113.540176,-120.026352,0.433373,0.61540198,0.62892401
23.4542,21796.3533,73.831192,-98.419456,-135.978134,0.41413999,0.59065598,0.65468103
23.4777,21796.3733,75.543472,-76.179581,-160.211197,0.39754099,0.55869901,0.67779601
23.495,21796.3933,73.659737,-48.212372,170.274033,0.372123,0.51748198,0.70722598
23.5196,21796.4133,66.909828,-28.073387,149.839722,0.33453399,0.46375501,0.746746
23.5384,21796.4333,58.620564,-18.925781,142.17865,0.29212099,0.41035199,0.787606
23.5545,21796.4533,50.417065,-13.047108,140.237762,0.240568,0.36298099,0.82887399
23.575,21796.4733,42.574505,-7.882713,139.643768,0.185047,0.31786501,0.86390698
23.6026,21796.4933,33.910007,-4.467516,137.896378,0.139468,0.25855801,0.88792902
23.6157,21796.5132,26.74733,-4.0835,134.993057,0.120494,0.200287,0.895078
23.6415,21796.5332,21.454184,-5.031386,131.130142,0.116184,0.151457,0.89028001
23.6571,21796.5532,17.547649,-6.632841,127.85704,0.118281,0.111657,0.88237
23.6754,21796.5732,14.716598,-8.233222,125.830933,0.12155,0.081319,0.87653899
23.6978,21796.5932,13.177364,-9.751414,124.479683,0.127965,0.061841,0.871337
23.7178,21796.6132,12.698075,-11.162347,123.442535,0.137266,0.051132,0.86600697
23.7373,21796.6332,13.420671,-12.88292,122.505066,0.153531,0.048214,0.85894001
23.758,21796.6532,15.37053,-14.288369,121.44545,0.172398,0.05547,0.84958303
23.7811,21796.6732,18.524265,-15.007262,120.447845,0.19111601,0.074499,0.83888203
23.7991,21796.6932,22.419491,-15.283143,119.607079,0.209648,0.100924,0.82728499
23.818,21796.7132,26.560947,-15.917143,118.977753,0.231601,0.127588,0.81426603
23.8493,21796.7332,30.855375,-16.832737,118.553246,0.255734,0.154139,0.799851
23.8595,21796.7532,34.188633,-17.285456,117.824081,0.27306101,0.174704,0.786439
23.8767,21796.7732,37.422325,-18.035683,116.935516,0.292234,0.19241101,0.77102202
23.9207,21796.7932,40.54652,-19.483078,115.86953,0.315806,0.20514099,0.75235802
23.9221,21796.8132,43.597549,-21.256872,113.984802,0.34243199,0.212781,0.72796398
23.9407,21796.8332,46.842949,-23.099089,111.325005,0.37137401,0.21794599,0.69746101
23.9566,21796.8532,50.745811,-25.442015,108.447693,0.40578499,0.222801,0.65988898
23.9738,21796.8732,55.42453,-28.430407,106.032402,0.44485,0.229313,0.61682498
23.994,21796.8932,60.900253,-32.118938,104.518837,0.48668,0.239154,0.56930101
24.0197,21796.9132,66.658005,-35.993603,103.268814,0.52674901,0.24949899,0.51769203
24.0414,21796.9331,72.177498,-40.877495,102.744957,0.565018,0.25503901,0.46315801
24.0586,21796.9531,77.099998,-47.59029,104.455353,0.59869301,0.25746,0.41161901
24.0772,21796.9731,81.642288,-62.201447,114.520546,0.63151699,0.25941399,0.362416
24.096,21796.9931,84.523468,-106.770302,154.59021,0.66770297,0.26064801,0.311869
24.1146,21797.0131,82.549492,-160.612228,-156.149506,0.70187801,0.26175699,0.25817999
24.1399,21797.0331,78.168053,174.909164,-136.476501,0.73056901,0.261489,0.20149399
24.1593,21797.0531,72.931885,161.677902,-128.410034,0.756015,0.26029,0.14005201
24.1858,21797.0731,66.648827,153.107758,-125.550316,0.78108197,0.25818601,0.071671
24.2113,21797.0931,59.472855,146.836578,-125.795593,0.805314,0.25312501,-0.004017
24.2227,21797.1131,51.691368,141.345032,-127.414803,0.825302,0.246822,-0.084822
24.2388,21797.1331,43.26059,135.652283,-129.118912,0.83712202,0.244159,-0.170183
24.26,21797.1531,34.441429,130.392532,-130.878494,0.84022999,0.247438,-0.25274399
24.2766,21797.1731,26.000595,125.79467,-134.283936,0.83907098,0.24249201,-0.33126
24.2986,21797.1931,18.680737,121.974709,-138.052933,0.83392102,0.235369,-0.396061
24.3337,21797.2131,12.572476,119.102188,-141.720444,0.82772303,0.228532,-0.44492701
24.338,21797.2331,7.564115,116.584587,-144.940506,0.81990802,0.222627,-0.48318401
24.3562,21797.2531,3.179864,113.82885,-147.638382,0.808577,0.218848,-0.51758498
24.3779,21797.2731,-1.390604,111.246567,-149.922592,0.79523897,0.220754,-0.54785103
24.3949,21797.2931,-6.820622,108.860001,-152.212494,0.77990001,0.228561,-0.57529598
24.4143,21797.3131,-12.605844,106.20713,-155.026215,0.76183403,0.23622,-0.60160798
24.4366,21797.333,-18.713762,103.359764,-158.108597,-0.74089497,-0.245965,0.62489301
24.4544,21797.353,-25.624859,100.603394,-160.85379,-0.71625602,-0.26444799,0.642542
24.4741,21797.373,-32.289295,98.115341,-163.424484,-0.691737,-0.28490001,0.653157
24.4946,21797.393,-37.549381,96.98642,-165.823135,-0.67729098,-0.29915601,0.65239298
24.5139,21797.413,-42.037315,96.547958,-167.651749,-0.66696203,-0.312264,0.646469
24.5374,21797.433,-46.485611,96.66333,-168.93042,-0.657875,-0.32733399,0.63644397
24.5707,21797.453,-51.497185,97.874397,-168.822128,-0.64810503,-0.35014999,0.62074798
24.5845,21797.473,-56.928818,101.538979,-167.350632,-0.64361697,-0.374612,0.59327197
24.6006,21797.493,-61.264214,108.987518,-162.693039,-0.64795798,-0.39794701,0.55646098
24.6184,21797.5131,-63.114864,120.699677,-153.980392,-0.66324902,-0.41896701,0.51311201
24.6383,21797.5331,-63.132626,135.150253,-142.862778,-0.68301302,-0.44010299,0.462199
24.6565,21797.5531,-61.553417,149.415283,-131.9814,-0.70213097,-0.460482,0.40782201
24.6782,21797.5732,-58.409321,162.258102,-122.701752,-0.720779,-0.479523,0.349264
24.6959,21797.5932,-54.080147,173.749496,-114.628471,-0.73514402,-0.50114399,0.28601
24.719,21797.6132,-48.319042,-176.842163,-108.499573,-0.74679297,-0.52372098,0.218628
24.7435,21797.6332,-41.13744,-170.003052,-105.704285,-0.76191401,-0.53882599,0.146331
24.7635,21797.6533,-33.548229,-164.754074,-104.755714,-0.77502,-0.54898697,0.074021
24.7775,21797.6733,-26.228125,-160.883347,-104.203026,-0.780994,-0.56020802,0.009822
24.7999,21797.6933,-19.275257,-157.84523,-103.58873,-0.78016597,-0.57311797,-0.047232
24.8224,21797.7134,-12.482041,-155.111023,-103.39537,-0.77629203,-0.58327597,-0.102309
24.8457,21797.7334,-5.799878,-152.44133,-103.9151,-0.77133501,-0.58825201,-0.15706199
24.8604,21797.7534,0.479849,-149.764786,-104.856285,-0.76448703,-0.589513,-0.209171
24.8756,21797.7734,5.713915,-147.278885,-105.752541,-0.755624,-0.58957303,-0.253178
24.8953,21797.7935,10.378646,-145.420654,-106.541878,-0.74604499,-0.59021199,-0.28886899
24.9182,21797.8135,15.461622,-144.887085,-106.981071,-0.73521298,-0.59469998,-0.316551
24.9368,21797.8335,20.761314,-145.404053,-107.090408,-0.72354299,-0.60112101,-0.33746701
24.9559,21797.8536,25.868059,-145.617691,-106.799095,-0.70804399,-0.60825199,-0.358751
24.9765,21797.8736,30.598009,-145.284622,-106.31057,0.68954903,0.61505198,0.381302
24.9964,21797.8936,34.936718,-145.0625,-105.687363,0.67074901,0.62138098,0.40115499
25.0179,21797.9136,39.261963,-145.207245,-105.060593,0.65224499,0.62649399,0.418531
25.0401,21797.9337,43.669552,-146.245911,-104.151871,0.63433301,0.631127,0.43133101
25.0577,21797.9537,48.142612,-148.367676,-103.16687,0.61921901,0.63295901,0.438824
25.0808,21797.9737,52.575478,-150.428833,-101.954498,0.602323,0.633627,0.447377
25.0971,21797.9938,56.936981,-151.225479,-100.910599,0.58121401,0.63347203,0.46240801
25.116,21798.0138,60.934315,-149.542282,-100.317215,0.55323201,0.63507301,0.48727599
25.1342,21798.0338,64.598549,-147.095657,-99.833504,0.52280098,0.63776797,0.51313603
25.1581,21798.0538,68.296791,-145.776901,-98.602966,0.49196199,0.64098001,0.53444499
25.175,21798.0739,71.895874,-146.542374,-95.703598,0.46141601,0.64553797,0.55003297
25.1954,21798.0939,75.023315,-147.930298,-92.354782,0.433575,0.64923298,0.56331301
25.2176,21798.1139,77.577187,-148.649033,-90.317398,0.412781,0.649203,0.574637
25.2374,21798.1339,79.669037,-149.603989,-88.579582,0.397255,0.64770699,0.58306599
25.2561,21798.1539,81.214699,-151.458694,-85.927017,0.38403699,0.64776301,0.589145
25.2855,21798.1738,82.197571,-153.38829,-82.988022,0.372556,0.64952302,0.59406799
25.3043,21798.1938,82.40638,-150.926376,-85.621582,0.373638,0.64663601,0.59611303
25.3219,21798.2138,81.67244,-146.145187,-91.70649,0.386767,0.64073598,0.59377402
25.3437,21798.2338,80.213531,-142.877716,-96.844444,0.40630099,0.63456899,0.58740699
25.3555,21798.2538,78.120247,-140.462753,-101.598343,0.43156001,0.62700403,0.57831597
25.376,21798.2738,75.481949,-140.013138,-105.691452,0.46588299,0.615619,0.56289601
25.3964,21798.2938,72.162498,-142.741287,-107.540695,0.50657701,0.60438299,0.53808802
25.4152,21798.3138,68.131714,-147.533585,-106.574409,0.54399198,0.600999,0.50714701
25.4405,21798.3338,63.192039,-150.777817,-106.315025,0.58036298,0.59998202,0.47594699
25.4593,21798.3538,57.461826,-151.930923,-108.071793,0.62009299,0.59395498,0.44599199
25.4741,21798.3738,52.062103,-152.507523,-110.213951,0.65625101,0.58482599,0.41898701
25.4995,21798.3938,47.358013,-154.051849,-112.129234,0.69008499,0.57301301,0.38906601
25.5191,21798.4138,42.894962,-156.174225,-113.792198,0.721659,0.56061602,0.35634401
25.5462,21798.4338,38.516056,-158.31076,-115.221985,0.74970102,0.54905897,0.32350501
25.5592,21798.4538,34.054718,-160.69696,-116.45694,0.77553201,0.53806299,0.288286
25.5784,21798.4738,29.071163,-163.965683,-117.046417,0.79920697,0.530352,0.244909
25.6102,21798.4938,23.30056,-167.712982,-117.242424,0.82010001,0.52548701,0.19402801
25.6184,21798.5138,16.862522,-171.681244,-117.897125,0.839728,0.51799899,0.136896
25.6415,21798.5338,9.853656,-176.09758,-119.263298,0.85762799,0.50591898,0.072662
25.6566,21798.5538,2.285909,179.16983,-120.863365,0.86964297,0.49322301,0.003543
25.6764,21798.5737,-5.809038,174.317276,-122.167923,-0.87191498,-0.48451,0.067806
25.6978,21798.5937,-14.069566,169.122742,-123.386902,-0.86435699,-0.478719,0.14063101
25.7183,21798.6137,-21.938986,164.065216,-125.01165,-0.85026699,-0.47224399,0.207707
25.7377,21798.6337,-28.952934,158.635422,-127.631744,-0.83338398,-0.46142399,0.269454
25.758,21798.6537,-34.752701,152.163071,-131.49205,-0.81506801,-0.44602001,0.32837701
25.7792,21798.6737,-39.201397,145.098801,-136.224319,-0.79641098,-0.42837301,0.38144299
25.8027,21798.6937,-42.240547,137.881592,-140.727982,-0.77638799,-0.41448,0.42869899
25.8215,21798.7137,-44.037926,130.833557,-144.192535,-0.75425702,-0.407579,0.471802
25.8395,21798.7337,-44.546097,124.699425,-146.078735,-0.73274201,-0.407363,0.508708
25.8631,21798.7537,-43.484913,119.912529,-146.207199,-0.71544701,-0.411149,0.53816497
25.884,21798.7737,-42.200127,117.298775,-145.041275,-0.703695,-0.417959,0.55531901
25.8976,21798.7937,-41.279068,117.047539,-141.981186,-0.69464302,-0.43397701,0.55990201
25.9154,21798.8137,-40.270092,117.114899,-137.792404,-0.68264198,-0.45593801,0.56265801
25.9576,21798.8337,-38.526875,116.711273,-133.53949,-0.670232,-0.47603801,0.56589699
25.9588,21798.8537,-35.416473,115.728676,-129.953278,-0.66251302,-0.48781899,0.568106
25.9757,21798.8737,-31.078295,114.126686,-126.772171,0.65766901,0.49245599,-0.56905597
25.9972,21798.8937,-26.431002,112.876961,-123.278915,0.65382302,0.496562,-0.56408697
26.0136,21798.9137,-23.202734,113.976845,-119.17012,0.65291899,0.51033902,-0.54560697
26.0354,21798.9337,-20.944569,114.400002,-115.025154,0.64433098,0.52701199,-0.531385
26.0606,21798.9537,-18.491447,113.584885,-111.918381,0.63505101,0.53519601,-0.52317899
26.0791,21798.9736,-15.119945,112.663933,-109.943047,0.63372499,0.53327799,-0.51286602
26.0958,21798.9936,-11.191579,111.74469,-107.886467,0.633825,0.52912998,-0.49891001
26.1173,21799.0136,-7.08032,110.591492,-105.04969,0.62980002,0.52712601,-0.481861
26.1349,21799.0336,-3.263034,109.856079,-101.644806,0.62384897,0.52949601,-0.459968
26.1628,21799.0536,0.599225,108.896553,-98.495773,0.61830503,0.52879101,-0.43767899
26.1803,21799.0736,4.993044,107.944214,-95.746956,0.61642402,0.522955,-0.41218799
26.1946,21799.0936,10.172926,107.546875,-92.683609,0.61748803,0.51679897,-0.37649801
26.2147,21799.1136,15.856952,107.610832,-88.770706,0.61730897,0.51424497,-0.32956201
26.2366,21799.1336,21.678247,107.835083,-83.967049,0.61328101,0.51594001,-0.273958
26.254,21799.1536,27.502298,107.909431,-78.726883,0.60625601,0.51849198,-0.213908
26.274,21799.1736,33.221325,107.962891,-73.26413,0.59736699,0.52168,-0.150682
26.2987,21799.1936,38.629566,107.896599,-67.385849,0.58521599,0.526833,-0.085604
26.338,21799.2136,43.224255,106.926003,-60.276665,0.56468898,0.535909,-0.02197
26.3457,21799.2337,46.944313,104.969078,-52.195904,0.537884,0.546673,0.037994
26.3605,21799.2537,50.309467,102.526634,-43.571896,0.50902897,0.55690902,0.097669
26.3762,21799.2737,53.710957,99.472733,-34.294914,0.47970101,0.56443799,0.159392
26.3983,21799.2937,57.023174,95.649925,-24.048595,0.449117,0.57016402,0.223085
26.4191,21799.3138,59.741955,91.257156,-13.059659,0.41652,0.57622802,0.284747
26.4362,21799.3338,61.598686,86.360657,-1.370231,0.38037801,0.58328098,0.34286901
26.4675,21799.3538,62.874294,80.865547,11.230475,0.340947,0.58954602,0.40018699
26.4767,21799.3739,63.551918,74.292252,24.430351,0.301633,0.590532,0.45416301
26.495,21799.3939,63.306332,67.558586,37.690735,0.25992501,0.58881003,0.50467902
26.5156,21799.4139,62.327457,61.245228,50.17054,0.218518,0.583561,0.55092603
26.5435,21799.4339,60.879074,55.039898,61.607952,0.18191101,0.57226002,0.59262699
26.5581,21799.454,59.116764,49.584469,71.989067,0.14796799,0.55831599,0.631468
26.5782,21799.474,57.258549,45.915073,80.518608,0.115433,0.54638398,0.66492802
26.5974,21799.494,55.440136,43.863098,87.868141,0.081329,0.53748202,0.69486302
26.6159,21799.5141,53.202076,40.960373,95.351021,0.051141,0.52078402,0.72478598
26.6369,21799.5341,50.120193,36.926357,102.686226,0.026938,0.49294299,0.75477099
26.6647,21799.5541,46.468819,33.019463,108.61293,0.0086,0.45953599,0.78092301
26.6749,21799.5741,42.758076,29.692308,112.855194,-0.003938,0.42552799,0.801606
26.6984,21799.5942,39.289333,27.090117,116.103065,-0.014219,0.39404801,0.81857401
26.7284,21799.6142,36.391739,25.325739,119.364441,-0.025975,0.36812899,0.83468002
26.7421,21799.6342,34.073372,24.406273,122.894875,-0.040651,0.34813401,0.85045701
26.7621,21799.6543,32.050671,23.546379,126.209358,-0.052644,0.32973501,0.86462498
26.7835,21799.6743,30.208879,22.432919,128.783493,-0.058874,0.311663,0.87589401
26.7965,21799.6943,28.519791,21.295336,131.125443,-0.062886,0.294476,0.88599902
26.8206,21799.7143,26.386271,20.265564,133.694977,-0.069154,0.27392599,0.89701802
26.8435,21799.7344,23.338661,19.103964,136.137695,-0.076256,0.245722,0.9084
26.867,21799.7544,19.31612,18.125229,138.417877,-0.086362,0.210004,0.919505
26.882,21799.7744,14.650383,16.543917,140.06369,-0.091031,0.16732,0.92877698
26.9088,21799.7944,10.052959,14.497423,140.584305,-0.089019,0.124211,0.93403602
26.9159,21799.8144,7.907831,12.394696,140.16684,-0.077903,0.101138,0.93500602
26.9367,21799.8344,8.1036,10.400537,139.649338,-0.060594,0.097232,0.93465
26.959,21799.8544,9.113712,8.638568,138.929871,-0.042516,0.100524,0.93294501
26.9795,21799.8744,10.36545,6.488792,138.630615,-0.020874,0.104283,0.93202603
26.9993,21799.8944,12.225934,3.461509,138.801407,0.009338,0.110201,0.93144798
27.022,21799.9144,14.915318,-0.031694,139.443497,0.045241,0.121654,0.93007302
27.0417,21799.9344,18.239805,-3.794015,141.192398,0.083457,0.138558,0.92902303
27.0602,21799.9544,21.589403,-7.802222,144.57576,0.120511,0.157667,0.92969501
27.0831,21799.9744,24.717327,-13.266882,150.224594,0.163674,0.17647,0.93136299
27.0979,21799.9944,26.451099,-20.791212,157.303604,0.21650299,0.186066,0.93065399
27.1228,21800.0144,26.051149,-29.249748,164.250076,0.27355301,0.18232299,0.92601502
27.1469,21800.0344,24.101465,-37.99704,170.168961,0.33411399,0.16939899,0.915465
27.1634,21800.0544,21.429846,-46.847248,175.690948,0.39673299,0.15579601,0.898175
27.1784,21800.0744,18.750854,-54.918442,-178.938324,0.45359901,0.14875899,0.87614399
27.1997,21800.0944,16.470387,-61.841263,-173.725708,0.50106502,0.150527,0.85178798
27.2211,21800.1144,14.384752,-68.220642,-168.663696,-0.54341698,-0.158106,-0.82436198
27.2514,21800.1344,12.279034,-74.712029,-164.207001,-0.585886,-0.167088,-0.79174203
27.2698,21800.1544,10.283126,-80.626427,-160.734619,-0.62384301,-0.175193,-0.75844401
27.2898,21800.1744,8.123897,-85.233185,-158.622086,-0.654001,-0.17649201,-0.73021001
27.3195,21800.1944,5.896297,-88.796043,-157.783966,-0.67854297,-0.170673,-0.70711499
27.3249,21800.2143,4.128369,-92.900604,-157.616531,-0.70571601,-0.16492701,-0.68050802
27.3413,21800.2344,3.407524,-97.892868,-158.112137,-0.73634702,-0.16227201,-0.64879
27.3671,21800.2544,4.334881,-102.876907,-159.219727,-0.76431501,-0.16411,-0.61802697
27.3805,21800.2744,6.573378,-106.983345,-160.821655,-0.78555399,-0.16730601,-0.593337
27.4014,21800.2945,9.217237,-110.091324,-163.037918,-0.80123597,-0.166017,-0.57453799
27.4186,21800.3145,11.664821,-112.521477,-165.00322,0.81282902,0.16391499,0.55884099
27.4392,21800.3345,13.802376,-114.656631,-166.683167,0.82252097,0.161323,0.544025
27.4572,21800.3545,15.995671,-116.814911,-168.092239,0.83139902,0.15999199,0.528274
27.477,21800.3746,18.694258,-119.098022,-169.273483,0.83919901,0.161459,0.51096898
27.5043,21800.3946,21.85162,-122.086258,-170.090836,0.84798801,0.165621,0.487921
27.5211,21800.4146,24.496197,-125.768524,-171.374527,0.860093,0.16183101,0.45835301
27.5387,21800.4347,26.419573,-130.004135,-173.100006,0.87493098,0.14949,0.42312101
27.563,21800.4547,28.221388,-135.13533,-174.589355,0.89104998,0.13523801,0.380301
27.5775,21800.4747,29.97979,-141.270767,-176.332016,0.90811199,0.114884,0.32793999
27.5975,21800.4947,30.912277,-146.547104,-178.200958,0.921736,0.091181,0.28136599
27.62,21800.5148,31.112875,-152.127625,-178.452637,0.93405098,0.07721,0.235511
27.6444,21800.5348,30.358019,-159.575043,-177.151474,0.94837397,0.070017,0.17746501
27.6576,21800.5548,28.482531,-168.813858,-174.869293,0.96261299,0.067129,0.105331
27.686,21800.5749,25.240211,-179.847534,-171.959518,0.97341698,0.068705,0.016613
27.6986,21800.5949,20.607244,168.471313,-169.295029,0.97630602,0.073428,-0.081786
27.7179,21800.6149,14.595403,158.376328,-167.502441,0.97109598,0.082361,-0.171378
27.74,21800.6349,8.058722,150.884308,-166.90152,0.96121502,0.092575,-0.24134199
27.7575,21800.655,2.353214,146.137466,-167.567108,0.95147598,0.097624,-0.287323
27.7766,21800.675,-2.020546,144.308578,-168.571136,0.94646901,0.100141,-0.306555
27.8011,21800.695,-5.719745,144.313339,-169.397751,-0.94523299,-0.103059,0.30911201
27.8182,21800.7151,-9.704097,144.407257,-170.301712,-0.94315499,-0.105958,0.31025699
27.8393,21800.7351,-14.68842,143.903717,-170.985687,-0.93696702,-0.113585,0.31587401
27.8602,21800.7551,-20.530094,143.353806,-171.247787,-0.92710602,-0.127134,0.32134899
27.8777,21800.7751,-26.826063,143.102173,-170.938293,-0.91404802,-0.146071,0.324247
27.9054,21800.7952,-33.349236,143.614075,-170.187881,-0.89906597,-0.167089,0.32130599
27.9249,21800.8152,-39.068954,145.361618,-169.430435,-0.88671798,-0.181987,0.308768
27.9553,21800.8352,-43.603149,148.226196,-168.13826,-0.87772602,-0.19339401,0.289709
27.9678,21800.8552,-46.95546,153.353455,-164.692184,-0.87234801,-0.20986401,0.26111701
27.9816,21800.8752,-48.602066,161.323349,-159.246262,-0.87257999,-0.227671,0.218611
27.9979,21800.8952,-48.396202,170.981384,-153.38797,-0.877482,-0.24064,0.16383301
28.0181,21800.9152,-46.529934,-178.923828,-148.110367,-0.884323,-0.248796,0.100206
28.049,21800.9352,-43.899307,-168.602936,-143.316895,-0.887721,-0.255198,0.029626
28.0602,21800.9552,-39.912773,-158.498123,-139.03743,-0.88735598,-0.263475,-0.046928
28.0797,21800.9752,-34.604,-149.675339,-136.16716,-0.88395,-0.27179101,-0.124527
28.1394,21800.9952,-28.718664,-142.522263,-134.922394,-0.87787497,-0.278063,-0.19742499
28.1428,21801.0152,-22.741034,-136.598892,-134.86467,-0.86911899,-0.28226,-0.26444
28.1458,21801.0351,-16.714882,-130.946091,-135.853485,-0.85680503,-0.28233701,-0.330917
28.1654,21801.0551,-11.337908,-125.758568,-137.936432,-0.842852,-0.275832,-0.39186299
28.1759,21801.0751,-7.629176,-121.456642,-140.462112,-0.83008403,-0.26377401,-0.439486
28.1957,21801.0951,-4.63252,-116.651123,-143.013016,-0.813169,-0.249602,-0.48665801
28.2196,21801.1151,-1.898275,-111.99102,-146.038132,-0.79544801,-0.233217,-0.53079098
28.2358,21801.1351,1.272268,-108.617249,-149.63765,-0.78208399,-0.218923,-0.56538498
28.2561,21801.1551,5.245716,-105.73127,-153.325119,-0.768534,-0.210595,-0.59520298
28.2774,21801.1751,9.978132,-102.20285,-156.997223,-0.74885303,-0.208103,-0.62649697
28.2945,21801.1951,15.102131,-98.152306,-160.972687,-0.72449899,-0.208698,-0.65685397
28.3197,21801.2151,20.035681,-93.971893,-165.692886,0.69965601,0.20740999,0.68238598
28.3378,21801.2351,24.170742,-89.13858,-171.74707,0.673706,0.198147,0.705378
28.3554,21801.2551,27.461607,-82.471375,-178.733154,0.63830799,0.185564,0.73219699
28.3755,21801.2751,29.87524,-74.020836,174.386963,0.59099901,0.177109,0.76301801
28.3981,21801.2951,31.334698,-65.149132,167.729416,0.53974599,0.170863,0.79119402
28.4173,21801.3151,32.256405,-56.939285,160.855743,0.492163,0.164646,0.81069303
28.4356,21801.3351,32.956997,-49.060104,153.514954,0.44664499,0.15999401,0.82220203
28.4596,21801.3551,33.860195,-39.969212,145.12204,0.393944,0.16310599,0.82790399
28.4774,21801.3751,33.595856,-31.802237,137.561203,0.34510201,0.16416299,0.82961798
28.4962,21801.3951,31.863619,-24.734388,132.054688,0.29712299,0.161318,0.83436602
28.5197,21801.4151,28.715136,-19.193144,128.994156,0.251039,0.151143,0.844338
28.5376,21801.435,25.180748,-13.544157,127.601799,0.198826,0.14341199,0.85823101
28.5559,21801.455,21.707907,-7.294888,128.126602,0.13838001,0.14167,0.87616098
28.578,21801.475,18.582306,-2.466115,130.316589,0.087084,0.137557,0.89389902
28.596,21801.495,15.219228,-1.913769,131.855988,0.069119,0.114138,0.90396398
28.6173,21801.5151,11.796285,-3.165278,131.376007,0.067327,0.082301,0.90497798
28.64,21801.5351,9.266626,-4.481012,129.281647,0.069782,0.05625,0.898646
28.6583,21801.5551,6.903978,-5.702781,127.171883,0.071224,0.03177,0.89153802
28.6786,21801.5751,3.916124,-6.603644,126.251007,0.066765,0.004407,0.889108
28.7001,21801.5952,0.057009,-7.815262,126.034538,0.060955,-0.030478,0.88905603
28.7182,21801.6152,-4.051069,-10.0635,125.299782,0.061679,-0.071543,0.88566399
28.7395,21801.6352,-7.047142,-12.756944,123.898872,0.069138,-0.106048,0.878622
28.7599,21801.6553,-8.694046,-14.85448,122.380554,0.076721,-0.12797301,0.871095
28.7787,21801.6753,-9.18611,-15.684681,120.830582,0.079112,-0.136136,0.86412102
28.7973,21801.6953,-9.014694,-16.111231,119.929047,0.081994,-0.137288,0.86003399
28.8196,21801.7153,-8.852685,-16.757477,119.431458,0.086951,-0.13919801,0.85743999
28.8395,21801.7354,-8.44141,-17.668783,118.43409,0.094364,-0.140866,0.85240197
28.8568,21801.7554,-7.297473,-18.157757,117.030289,0.10147,-0.13583501,0.84563202
28.8805,21801.7754,-5.287841,-18.301624,116.025749,0.110619,-0.122782,0.84036702
28.9038,21801.7955,-2.718051,-18.020136,115.524475,0.119933,-0.10333,0.83715099
28.9227,21801.8155,-0.314582,-17.855448,115.29068,0.12964401,-0.085341,0.83474201
28.9511,21801.8355,2.113156,-17.752626,114.910393,0.139851,-0.067636,0.83120298
28.9592,21801.8555,5.364086,-17.330664,114.337067,0.151539,-0.042725,0.82594502
28.9826,21801.8756,9.733421,-16.857048,114.03006,0.16819499,-0.009116,0.81999201
29.0097,21801.8956,14.648995,-16.266253,114.364929,0.186324,0.030016,0.81538397
29.0271,21801.9156,19.160774,-16.111164,116.073265,0.204465,0.066656,0.81595302
29.0402,21801.9357,23.37196,-16.88728,118.890274,0.225678,0.099433,0.81903303
29.0591,21801.9557,27.776136,-18.676664,122.943405,0.25150999,0.13285699,0.82299298
29.0798,21801.9757,32.246674,-22.329374,127.984772,0.28664401,0.163296,0.823466
29.0988,21801.9957,36.21331,-27.64385,133.260056,0.32815501,0.186957,0.81778699
29.1219,21802.0158,39.634258,-33.569874,138.359634,0.369304,0.206817,0.80708402
29.1512,21802.0358,43.081867,-39.250759,143.175995,0.40564999,0.22946,0.79232103
29.1729,21802.0558,46.792351,-46.220562,148.444992,0.44596401,0.25351399,0.76994801
29.1812,21802.0759,49.534027,-55.119404,154.972778,0.49060601,0.27154401,0.743864
29.2013,21802.0959,50.903423,-66.105171,162.73497,0.54096198,0.28220499,0.713067
29.2238,21802.1159,50.758801,-78.550232,171.344574,0.59535599,0.28768799,0.67693502
29.2462,21802.1359,49.196743,-90.922798,179.487595,0.649391,0.289056,0.63640201
29.2685,21802.1559,46.899059,-102.644173,-173.445068,0.70080698,0.28922901,0.59015
29.2955,21802.1759,44.982063,-114.90303,-166.630676,0.74957001,0.29506999,0.53124601
29.3159,21802.1959,42.545246,-127.6418,-159.972855,0.79570198,0.303036,0.46146899
29.3347,21802.2159,39.125584,-139.25795,-155.324936,0.83803803,0.302609,0.387499
29.3374,21802.2359,35.363804,-149.559647,-152.450409,0.87391102,0.296345,0.31271601
29.3602,21802.2559,31.662008,-159.338211,-150.147308,0.90193599,0.29106101,0.235837
29.3793,21802.2759,27.971519,-168.78566,-147.966675,0.921709,0.28915301,0.15749501
29.3987,21802.2959,23.784966,-177.657547,-146.252655,0.93498802,0.288003,0.078944
29.428,21802.3159,19.037945,173.957123,-145.581223,0.94334602,0.28305799,-0.000796
29.442,21802.336,13.832576,165.864182,-146.066406,0.94662201,0.27331999,-0.08196
29.4609,21802.356,8.445639,158.216736,-147.067078,0.94309801,0.264249,-0.16021401
29.4801,21802.376,2.826916,150.608444,-147.888824,0.93100399,0.26142699,-0.23711801
29.4989,21802.3961,-3.120504,142.787949,-148.747406,0.91002703,0.26355499,-0.31410301
29.5218,21802.4161,-9.176961,134.951904,-150.227341,0.88198203,0.26616099,-0.38801101
29.5412,21802.4361,-14.851873,127.232491,-152.699219,-0.84967798,-0.26545301,0.455531
29.5599,21802.4561,-19.691961,119.645172,-155.615555,-0.81437498,-0.26390001,0.51532298
29.5832,21802.4762,-23.868618,113.006233,-158.655457,-0.78064299,-0.26324701,0.56255698
29.6042,21802.4962,-27.783222,107.362106,-161.830978,-0.74990302,-0.26391101,0.59828597
29.6217,21802.5162,-31.519705,102.363586,-165.198654,-0.72167301,-0.26542401,0.62551802
29.642,21802.5363,-35.306629,97.728867,-169.604919,-0.69666499,-0.26368999,0.64497501
29.6709,21802.5563,-39.150543,93.397385,-174.929596,-0.67485899,-0.259891,0.65634698
29.6805,21802.5763,-42.803204,89.801651,179.887283,-0.657462,-0.25782499,0.65923297
29.702,21802.5963,-47.025852,88.203438,176.271164,-0.64713401,-0.26557899,0.64909798
29.7326,21802.6164,-51.619999,88.091263,174.208679,-0.64088702,-0.28093401,0.63096398
29.743,21802.6364,-56.033951,90.457855,175.089386,-0.64032602,-0.30366901,0.60688198
29.76,21802.6564,-60.213837,96.70385,179.456451,-0.64800501,-0.33028001,0.57311302
29.7824,21802.6765,-63.875824,106.079933,-172.581711,-0.65609902,-0.36126599,0.53651601
29.7989,21802.6965,-66.527611,118.14019,-161.56694,-0.66283602,-0.393159,0.49958101
29.8184,21802.7165,-67.492592,131.67189,-149.379669,-0.67167801,-0.41964501,0.46212301
29.8409,21802.7365,-67.100769,146.012207,-137.413986,-0.683945,-0.439924,0.41887999
29.858,21802.7566,-65.038597,161.44223,-124.736221,-0.69706202,-0.46274701,0.36651501
29.8787,21802.7766,-60.41552,175.771194,-113.495506,-0.71203399,-0.48906499,0.30235901
29.9375,21802.7966,-53.549591,-173.007309,-106.441422,-0.73019099,-0.51153898,0.22561
29.9412,21802.8166,-45.392925,-164.925995,-103.151314,-0.747971,-0.52875,0.142924
29.9433,21802.8367,-37.351349,-158.708206,-101.598488,-0.75888503,-0.542611,0.06328
29.9643,21802.8567,-29.946157,-153.834213,-100.913002,-0.76285702,-0.55398297,-0.008407
29.9762,21802.8767,-23.156395,-149.860519,-100.937958,-0.762815,-0.56185198,-0.073093
29.9997,21802.8967,-16.678848,-146.545288,-101.567238,-0.76052701,-0.56675202,-0.13281301
30.0189,21802.9167,-10.082238,-143.793335,-102.218201,-0.754094,-0.57319802,-0.188482
30.0443,21802.9367,-3.367246,-140.942291,-102.832695,-0.74253702,-0.57984799,-0.24392501
30.0595,21802.9567,2.403726,-138.359726,-103.920105,-0.73139697,-0.581716,-0.291953
30.0805,21802.9767,6.663782,-136.703461,-104.855507,-0.72236198,-0.58278602,-0.324835
30.0984,21802.9967,11.129303,-135.713943,-105.234367,-0.71033299,-0.58875,-0.35261899
30.1193,21803.0167,15.937167,-134.997055,-105.664009,-0.69704002,-0.59504598,-0.379399
30.1397,21803.0367,21.246342,-133.206299,-106.650375,-0.67975301,-0.59747899,-0.41408101
30.1586,21803.0567,26.628254,-130.348129,-108.555374,-0.66057301,-0.59415698,-0.45373699
30.1831,21803.0766,31.369019,-126.299568,-110.83477,-0.63789302,-0.588072,-0.49490899
30.2005,21803.0966,35.520546,-122.033493,-113.407219,-0.61517501,-0.58087301,-0.53219098
30.2188,21803.1166,39.617973,-118.388481,-116.457634,-0.59561902,-0.573026,-0.56288397
30.2392,21803.1366,43.765141,-115.739685,-120.381454,0.58331198,0.56263798,0.585123
30.2635,21803.1566,48.313526,-112.271507,-124.48336,0.56424898,0.55466098,0.60818398
30.2805,21803.1766,53.313541,-107.018456,-129.665619,0.53683197,0.54702801,0.63441598
30.3047,21803.1966,57.740028,-99.750198,-137.21759,0.509992,0.533952,0.66013598
30.3334,21803.2166,60.791279,-91.489029,-146.040787,0.487746,0.518116,0.68152797
30.3432,21803.2366,62.775047,-83.167572,-155.524353,0.471138,0.50081599,0.69729
30.3582,21803.2566,63.809631,-73.269073,-166.40416,0.45280099,0.48108599,0.71376598
30.381,21803.2766,63.929737,-60.400055,-178.336487,0.42006201,0.46369299,0.73701501
30.3966,21803.2966,62.550446,-45.593758,170.051865,0.37141001,0.44808099,0.76750898
30.4181,21803.3166,59.15731,-31.638199,160.628265,0.3136,0.428267,0.80217302
30.446,21803.3366,54.738377,-19.762569,153.475342,0.25223401,0.40586299,0.83345503
30.4594,21803.3566,49.207253,-10.192611,148.023483,0.191864,0.37640601,0.86039698
30.4837,21803.3766,42.770588,-3.500614,144.244293,0.138955,0.33813801,0.88235402
30.5069,21803.3966,36.162262,0.185966,141.493835,0.100883,0.29351401,0.89761502
30.5275,21803.4166,29.931133,1.699737,139.155502,0.07667,0.24698099,0.906596
30.548,21803.4366,23.54982,3.506243,136.675461,0.047459,0.20062201,0.91169697
30.5656,21803.4566,17.405924,3.833887,134.77243,0.027626,0.15231501,0.91392398
30.5941,21803.4766,11.705968,2.245094,133.047241,0.022741,0.101281,0.91306299
30.6074,21803.4965,6.996785,0.443631,130.992676,0.021792,0.057127,0.90833002
30.6208,21803.5165,4.074167,-1.072702,128.943359,0.02376,0.028043,0.90161902
30.6399,21803.5365,2.833404,-2.550825,127.611809,0.030877,0.012357,0.89656401
30.6643,21803.5565,2.553533,-4.157091,127.134026,0.042382,0.003798,0.89428401
30.6815,21803.5765,3.070479,-5.831311,126.521629,0.057449,0.001018,0.89097399
30.6978,21803.5965,4.468715,-8.556626,125.695465,0.084072,0.000575,0.885315
30.7204,21803.6165,6.593404,-11.224792,124.832748,0.113039,0.005516,0.87802303
30.7436,21803.6365,9.952935,-12.788678,124.506805,0.138328,0.02464,0.871696
30.7604,21803.6565,14.247898,-14.493926,124.729767,0.16795699,0.050931,0.86480099
30.7834,21803.6765,18.613674,-17.286642,124.96801,0.205395,0.073283,0.85403901
30.8029,21803.6965,22.168997,-20.779045,124.500832,0.24467,0.084955,0.83809799
30.8343,21803.7165,25.696781,-23.913162,123.572533,0.28083399,0.096211,0.818708
30.8482,21803.7365,29.513191,-26.284147,123.176727,0.31140399,0.113553,0.80070901
30.8631,21803.7565,32.760464,-28.286074,123.003227,0.33649901,0.128475,0.784724
30.8799,21803.7765,35.588436,-30.48834,123.470413,0.36012799,0.141137,0.771074
30.8991,21803.7965,38.616959,-33.362366,125.237938,0.38622099,0.156666,0.759103
30.9249,21803.8165,42.051109,-37.520012,128.420578,0.41809601,0.175282,0.745597
30.9489,21803.8365,45.660217,-43.032867,132.839081,0.454207,0.195595,0.72890598
30.966,21803.8565,49.29187,-49.800407,138.309311,0.49223199,0.21731099,0.70797098
30.9856,21803.8765,53.062992,-61.19693,147.639725,0.54451603,0.242357,0.67624402
31.0043,21803.8964,55.607681,-76.409683,160.001144,0.60240602,0.265975,0.63443202
31.045,21803.9164,56.140663,-92.459267,173.200119,0.65535903,0.287155,0.58916903
31.0507,21803.9364,54.811226,-105.81385,-175.253067,0.69603199,0.306692,0.55016899
31.0665,21803.9564,52.57552,-115.372208,-166.356018,0.72424299,0.325075,0.52034003
31.0917,21803.9764,49.954723,-122.946533,-158.506256,0.74485099,0.34663001,0.49448901
31.1138,21803.9964,46.328197,-129.075089,-151.503967,0.762923,0.36821201,0.470512
31.1204,21804.0164,41.715977,-133.258163,-146.036316,0.77914399,0.385616,0.449981
31.1394,21804.0364,36.512859,-136.092178,-142.177277,0.795295,0.39626801,0.43004599
31.1606,21804.0564,31.073233,-138.328842,-139.255829,0.81096601,0.40277401,0.40840101
31.1803,21804.0764,25.090261,-140.863693,-136.726471,0.82811803,0.406753,0.37935901
31.2013,21804.0964,18.740265,-144.470169,-134.409409,0.84697503,0.40983799,0.33759999
31.2249,21804.1164,12.797889,-149.20018,-132.3564,-0.86451203,-0.41404,-0.28481501
31.2487,21804.1364,7.658346,-153.956497,-130.319229,-0.87585002,-0.42203,-0.231351
31.2701,21804.1564,3.579364,-157.813904,-128.251526,-0.87989002,-0.43344101,-0.186405
31.29,21804.1764,0.170692,-161.684677,-127.205605,-0.88420999,-0.439136,-0.14321101
31.3103,21804.1964,-3.092507,-165.563034,-127.562469,-0.891177,-0.435096,-0.100857
31.3191,21804.2164,-6.543952,-168.920654,-128.218582,-0.89637297,-0.428951,-0.061898
31.3583,21804.2364,-10.229012,-172.29541,-128.817932,-0.898866,-0.42385,-0.021933
31.3616,21804.2564,-13.909198,-176.386185,-129.481094,-0.89891303,-0.41991401,0.023336
31.3893,21804.2764,-17.167212,178.816528,-130.195557,-0.89617097,-0.41773,0.072105
31.4076,21804.2963,-19.909472,173.628387,-131.251465,-0.89180398,-0.41460401,0.121091
31.4185,21804.3163,-22.208509,168.082886,-133.032959,-0.88717401,-0.407249,0.16976
31.4377,21804.3363,-24.004103,162.347137,-135.107117,-0.88114399,-0.39853999,0.21717399
31.4628,21804.3563,-25.488829,156.042938,-137.434006,-0.87243402,-0.38898501,0.26695499
31.4778,21804.3763,-26.832415,148.674683,-140.433273,-0.860111,-0.375945,0.322721
31.4999,21804.3963,-28.06493,140.467621,-143.90802,-0.84268302,-0.36079401,0.38263801
31.52,21804.4163,-29.255375,132.687744,-147.262177,-0.82179999,-0.34699401,0.437693
31.5418,21804.4363,-30.209408,125.834015,-149.943436,-0.79942501,-0.337468,0.484676
31.5721,21804.4563,-30.385616,119.558762,-152.431671,-0.77844799,-0.32679501,0.52570403
31.5825,21804.4763,-29.231689,114.270493,-154.289017,-0.76193303,-0.314336,0.55909199
31.6068,21804.4963,-26.835749,109.662331,-154.664444,-0.74647802,-0.30477801,0.58822501
31.6208,21804.5163,-23.608702,106.000916,-153.37471,-0.73239499,-0.299813,0.61087102
31.6415,21804.5363,-20.541149,104.39872,-150.511368,0.72407299,0.30355701,-0.61908901
31.6604,21804.5563,-17.902008,103.44976,-146.849823,0.71576703,0.31359699,-0.62131202
31.6783,21804.5763,-15.509073,102.35321,-142.967682,0.70513302,0.32536301,-0.62241501
31.7007,21804.5963,-13.125548,100.922272,-138.932877,0.691944,0.33686301,-0.623164
31.7196,21804.6163,-10.708742,99.408134,-134.560165,0.67715198,0.34896201,-0.621436
31.7392,21804.6363,-8.312694,98.007576,-129.810745,0.66154802,0.36231801,-0.61572498
31.7638,21804.6563,-6.075446,97.154968,-124.703773,0.647026,0.37852901,-0.60367602
31.781,21804.6763,-4.217412,97.278023,-119.589836,0.63598597,0.39836201,-0.58459097
31.8014,21804.6963,-2.229969,97.822586,-114.78511,0.627886,0.41684601,-0.56143397
31.8225,21804.7162,0.119607,98.875313,-110.444077,0.62437999,0.43277201,-0.53366202
31.8399,21804.7362,2.35897,99.744934,-106.085693,0.618837,0.44899899,-0.505431
31.8635,21804.7562,4.207836,100.11483,-101.23838,0.60716403,0.467895,-0.478053
31.883,21804.7762,5.940883,99.703354,-96.118004,0.59013802,0.48534301,-0.452481
31.8987,21804.7962,7.623934,98.284203,-91.445236,0.57067698,0.49571401,-0.432235
31.9196,21804.8162,8.795727,96.571144,-87.342087,0.55084097,0.50310999,-0.41672599
31.942,21804.8362,9.747596,95.233841,-84.133377,0.535622,0.50799698,-0.403411
31.9641,21804.8562,11.861829,94.49736,-81.432175,0.52959698,0.50783497,-0.38292
31.9805,21804.8762,15.442272,94.945984,-78.522339,0.53247499,0.50795901,-0.347231
32.0009,21804.8962,19.949387,96.652092,-75.086517,0.53959203,0.51311302,-0.29644901
32.0222,21804.9162,24.742111,98.999695,-71.24894,0.54572898,0.522699,-0.23707899
32.041,21804.9362,29.612944,100.415665,-66.776573,0.54536498,0.530249,-0.176552
32.0944,21804.9562,34.626072,100.692596,-61.845566,0.54063499,0.532965,-0.11652
32.0976,21804.9762,39.638664,100.763214,-56.927589,0.535456,0.53403503,-0.056308
32.0982,21804.9962,44.255821,101.507149,-53.092129,0.53379798,0.53525698,-0.000963
32.1201,21805.0162,48.691006,103.259216,-50.10445,0.53428501,0.53873998,0.053319
32.1378,21805.0362,53.62558,105.595947,-46.928123,0.53323197,0.54349399,0.114715
32.1569,21805.0562,59.07156,108.962357,-43.465088,0.52825397,0.55177301,0.18555599
32.179,21805.0762,64.500305,113.354614,-40.082363,0.51757002,0.56342798,0.25966901
32.1968,21805.0962,69.872978,117.687225,-36.109451,0.49912101,0.57516903,0.33448601
32.2183,21805.1161,75.418549,120.745193,-30.369263,0.47194701,0.58447802,0.410687
32.2436,21805.1361,81.204132,120.519653,-21.365589,0.43945101,0.58796799,0.485475
32.2624,21805.1561,86.200279,98.47332,8.769002,0.40254799,0.58552098,0.55247098
32.2841,21805.1761,85.976204,27.734039,86.715317,0.36094201,0.58195901,0.60639203
32.3125,21805.1961,82.114647,14.340628,107.228043,0.310817,0.58046502,0.65092802
32.3234,21805.2161,77.540977,14.950506,113.303741,0.25658101,0.574413,0.69053501
32.3407,21805.2361,72.377831,16.366802,117.843483,0.2033,0.559852,0.72757602
32.3638,21805.2561,66.581001,17.795202,120.781548,0.155525,0.53534597,0.759942
32.3819,21805.2761,60.632992,18.860199,122.473175,0.115625,0.50457501,0.78630698
32.4005,21805.2961,54.962685,19.657566,122.845108,0.084505,0.471735,0.80532497
32.4197,21805.3161,49.327648,19.389328,123.882607,0.058433,0.434973,0.82356101
32.4391,21805.3361,43.610592,18.284527,125.484512,0.036825,0.393574,0.84189701
32.4581,21805.3561,37.439907,16.547337,127.657372,0.017764,0.345153,0.86152399
32.4822,21805.3761,30.69503,14.664812,130.178833,-0.001055,0.28992599,0.881697
32.5001,21805.3961,23.295008,14.073259,131.588394,-0.027278,0.231947,0.89670902
32.5174,21805.4161,14.436049,13.614374,132.47345,-0.057347,0.161566,0.907565
32.5472,21805.4361,6.288855,12.373968,133.084061,-0.077009,0.092864,0.91298902
32.56,21805.4561,0.277256,10.403009,133.623459,-0.082386,0.037912,0.91551399
32.5866,21805.4761,-3.851398,7.903985,133.722275,-0.076514,-0.003759,0.91593999
32.6019,21805.4961,-7.903128,4.809309,133.546631,-0.065618,-0.046765,0.914819
32.6234,21805.516,-12.716925,0.995937,133.207047,-0.051903,-0.098209,0.91171598
32.6426,21805.536,-17.030924,-2.099905,132.430817,-0.043126,-0.142786,0.905922
32.662,21805.556,-19.605476,-3.769912,131.848267,-0.039825,-0.168584,0.90147299
32.6784,21805.576,-19.659361,-4.887267,131.406082,-0.031892,-0.17274299,0.90022302
32.6986,21805.596,-17.990808,-5.790087,130.702087,-0.019786,-0.16273201,0.899849
32.7202,21805.616,-15.841439,-6.561513,129.604828,-0.007283,-0.148618,0.89810097
32.7412,21805.636,-13.342141,-7.489687,127.891739,0.007364,-0.132634,0.89372402
32.7667,21805.656,-10.033718,-8.962699,125.872047,0.029646,-0.113049,0.88748401
32.7847,21805.676,-5.588586,-10.522505,123.669106,0.057829,-0.086028,0.87893999
32.8038,21805.696,-0.194734,-11.602881,121.601601,0.087412,-0.050788,0.86853999
32.8249,21805.716,5.996591,-12.59225,119.767708,0.12082,-0.009978,0.85573697
32.8524,21805.736,12.528559,-13.720649,118.150261,0.15753099,0.031913,0.83991599
32.8637,21805.756,18.16304,-15.342277,116.710464,0.19428501,0.064013,0.82206798
32.8847,21805.776,22.669943,-17.055079,115.309769,0.226826,0.086426,0.80361098
32.909,21805.796,27.119316,-18.76741,114.371086,0.25856599,0.108514,0.78535497
32.9205,21805.816,31.301695,-20.858339,113.794548,0.29091799,0.127058,0.76663703
32.9399,21805.836,35.133446,-23.141104,113.852264,0.32159701,0.14342,0.74961901
32.9612,21805.856,38.630337,-25.748365,114.636078,0.35109499,0.15786,0.73454201
32.9837,21805.876,41.887791,-28.596386,116.01519,0.37913501,0.171572,0.72077602
33.0033,21805.896,45.34581,-31.371147,117.785355,0.40532601,0.18886501,0.70677102
33.0284,21805.916,49.181297,-35.113319,120.438942,0.435123,0.20811801,0.69010699
33.0492,21805.936,53.380116,-41.45787,125.230614,0.47402099,0.227557,0.66884601
33.066,21805.9559,57.474167,-51.535606,132.8927,0.522448,0.244587,0.640333
33.0817,21805.9759,60.182892,-63.07658,141.228043,0.56875497,0.25287399,0.60856199
33.104,21805.9959,61.798378,-75.660866,149.69693,0.61399698,0.25394699,0.57184601
33.1193,21806.0159,62.977524,-88.416115,158.76973,0.65338397,0.258477,0.53370303
33.1476,21806.0359,64.105125,-102.726791,169.343948,0.68995702,0.268448,0.48841801
33.1666,21806.0559,64.416008,-118.205849,-179.526001,0.72490799,0.276692,0.43636599
33.1888,21806.0759,63.275898,-134.300034,-168.498169,0.760207,0.281284,0.377379
33.2069,21806.0959,60.270409,-150.932831,-157.510361,0.796529,0.286816,0.30762899
33.2223,21806.1159,55.485062,-167.525772,-147.749924,0.83114898,0.292936,0.220891
33.2392,21806.1359,49.723797,176.961594,-140.360077,0.85705501,0.29704699,0.119874
33.261,21806.1559,43.63678,164.132233,-135.744843,0.87108099,0.29881701,0.019951
33.2915,21806.1759,37.366917,154.598068,-133.592728,0.87712002,0.29936999,-0.068303
33.3128,21806.1959,31.069902,147.396835,-133.375427,0.87898999,0.29691601,-0.146631
33.326,21806.2159,24.946608,141.086548,-133.982071,0.875516,0.293634,-0.21975601
33.3434,21806.2359,18.850964,134.917221,-134.80336,0.86530203,0.29216,-0.291017
33.3628,21806.2559,12.67935,129.369171,-136.239502,0.85131598,0.29100299,-0.35717201
33.3804,21806.2759,6.456207,124.529152,-138.681839,0.83612198,0.28725401,-0.41718701
33.397,21806.2959,0.479452,120.523041,-142.17598,0.82209098,0.27946299,-0.46808201
33.4239,21806.3159,-5.20121,117.016235,-146.672745,0.80926597,0.26697201,-0.51101798
33.4439,21806.3359,-10.469581,113.77787,-151.332169,0.79581398,0.25479299,-0.54597002
33.4597,21806.3558,-14.99579,111.954422,-155.746658,0.78805399,0.24400599,-0.56507897
33.4779,21806.3758,-18.869257,111.659111,-159.757462,-0.78729802,-0.234064,0.56927001
33.4994,21806.3958,-22.268534,112.384491,-163.602112,-0.79161298,-0.222615,0.56323701
33.519,21806.4158,-25.118084,113.594749,-166.350449,-0.796781,-0.21528301,0.55233198
33.5402,21806.4358,-27.670376,115.273788,-168.183563,-0.802634,-0.21174601,0.53778303
33.5626,21806.4558,-29.782206,117.563156,-169.322968,-0.81049901,-0.209512,0.51916897
33.5874,21806.4758,-31.325384,120.412712,-170.007828,-0.82073897,-0.206404,0.49701199
33.6123,21806.4958,-32.820072,124.546593,-169.850723,-0.83416402,-0.20603099,0.466672
33.6239,21806.5158,-34.638,130.189743,-168.696533,-0.84932899,-0.21002699,0.42666
33.6435,21806.5358,-36.605888,136.777313,-166.238266,-0.862454,-0.220579,0.382135
33.663,21806.5558,-38.15147,144.436417,-162.573166,-0.87443,-0.234989,0.332436
33.6847,21806.5758,-38.904293,152.918533,-158.108047,-0.88522601,-0.25062099,0.27823201
33.6993,21806.5958,-38.856125,161.947327,-152.942657,-0.89332998,-0.26861599,0.220697
33.7186,21806.6158,-37.983627,171.794922,-146.930389,-0.89751399,-0.29073501,0.15723
33.7431,21806.6358,-35.84412,-177.378754,-140.666626,-0.89810699,-0.31350499,0.083043
33.7582,21806.6558,-32.248493,-166.326355,-134.88588,-0.89354199,-0.33535999,0.000167
33.7779,21806.6758,-27.91029,-155.989548,-130.166336,-0.88203502,-0.354431,-0.083692
33.8034,21806.6958,-23.128784,-146.739594,-126.296936,-0.86342198,-0.372814,-0.16339201
33.8259,21806.7158,-17.879276,-138.875534,-123.197945,-0.83955401,-0.391918,-0.23599499
33.8448,21806.7358,-12.748025,-132.544479,-121.092247,-0.81418401,-0.408474,-0.29824099
33.8742,21806.7558,-7.882242,-127.567551,-119.443123,-0.78822798,-0.425046,-0.34950501
33.8918,21806.7757,-2.704795,-123.766533,-118.242882,-0.76247102,-0.44298199,-0.39367399
33.9005,21806.7957,2.675574,-120.762962,-117.867401,-0.73848999,-0.458363,-0.43369401
33.9721,21806.8157,7.78788,-118.085617,-118.406792,-0.71704298,-0.468052,-0.470658
33.9742,21806.8357,12.210246,-115.590103,-119.230644,-0.697119,-0.47445101,-0.502657
33.9757,21806.8557,15.961861,-113.46627,-120.210526,-0.679892,-0.47872201,-0.52880597
33.9872,21806.8757,19.534885,-112.067162,-121.116302,-0.66519701,-0.48429999,-0.54865998
33.9959,21806.8957,23.11072,-111.281921,-122.37178,-0.65416002,-0.48886499,-0.56417698
34.0159,21806.9157,26.779024,-110.439659,-124.163666,-0.64418101,-0.49083,-0.57939303
34.041,21806.9357,30.56691,-108.781693,-125.876762,-0.62856799,-0.49347001,-0.59766501
34.0575,21806.9557,34.155289,-106.545029,-127.583466,-0.60982698,-0.49592,-0.616822
34.0782,21806.9757,37.34972,-104.225159,-129.752777,-0.59344703,-0.49547201,-0.63402998
34.1027,21806.9957,40.454071,-102.258324,-132.095627,0.57955098,0.494874,0.647434
34.1182,21807.0157,43.814304,-100.301682,-134.629974,0.56498998,0.495285,0.65897799
34.1392,21807.0357,47.624596,-97.66893,-137.729065,0.54657102,0.49621701,0.67128599
34.1622,21807.0557,51.858334,-93.619087,-141.665405,0.52108198,0.497962,0.68607497
34.1805,21807.0757,56.022491,-88.064468,-146.400162,0.48985901,0.50059998,0.701985
34.2022,21807.0957,59.738514,-81.022652,-151.947021,0.454743,0.50387502,0.71803701
34.2342,21807.1157,62.923973,-71.858566,-158.921432,0.414774,0.50705099,0.73506403
34.2546,21807.1357,65.347496,-60.092403,-167.711273,0.369028,0.50973701,0.753389
34.2639,21807.1557,66.653351,-45.505905,-178.222366,0.31525901,0.51160997,0.77373099
34.2852,21807.1756,65.974228,-27.270254,168.922958,0.247879,0.50755203,0.79895902
34.2991,21807.1956,63.20026,-10.879903,158.254501,0.17769,0.49703401,0.82329702
34.3394,21807.2156,59.025375,1.341483,151.152618,0.112831,0.47959501,0.84419399
34.3446,21807.2356,53.721725,10.675325,146.122971,0.051678,0.45452899,0.86194903
34.3629,21807.2556,47.80513,17.705603,142.30127,-0.003805,0.42434201,0.875045
34.3786,21807.2756,41.540333,23.429506,139.025101,-0.056304,0.39171699,0.88282597
34.3997,21807.2956,35.525089,27.460886,136.845001,-0.101212,0.358715,0.88691199
34.4182,21807.3156,29.948292,29.764015,135.640076,-0.13547701,0.32490301,0.88960302
34.4375,21807.3356,24.574821,30.859776,134.455826,-0.16029599,0.28977799,0.89037299
34.4598,21807.3556,19.374126,31.062157,133.053818,-0.177525,0.25384,0.889099
34.4886,21807.3756,14.303925,30.820412,131.329483,-0.19077501,0.218009,0.88519001
34.4985,21807.3956,9.368412,30.078438,129.345276,-0.20001701,0.181918,0.87906802
34.5264,21807.4156,5.269694,28.523409,127.259354,-0.20069399,0.149224,0.87244099
34.5441,21807.4356,3.145379,26.17771,125.213722,-0.188694,0.12788901,0.86733699
34.5604,21807.4556,2.485949,23.559208,123.604897,-0.169844,0.115155,0.86465198
34.579,21807.4756,2.494142,20.763296,122.273308,-0.147447,0.105716,0.86312503
34.5994,21807.4956,3.281119,18.178738,121.080132,-0.123589,0.102277,0.86163801
34.6211,21807.5156,4.551668,16.571093,119.955986,-0.105013,0.106068,0.85898298
34.6514,21807.5356,5.810628,15.279664,119.043449,-0.088948,0.110639,0.85649103
34.6627,21807.5556,7.014626,13.253242,118.095284,-0.067526,0.111355,0.85390103
34.6804,21807.5756,8.50284,9.98044,117.217186,-0.035581,0.108227,0.851412
34.7002,21807.5955,10.13723,5.620663,116.417732,0.004977,0.100733,0.84791398
34.7217,21807.6155,11.523177,1.392792,115.485046,0.04335,0.091343,0.84197497
34.7539,21807.6355,13.7345,-1.008206,114.385124,0.072124,0.095761,0.83386397
34.7686,21807.6555,17.191549,-1.822063,113.436279,0.095151,0.116305,0.82518202
34.7769,21807.6755,21.268196,-2.053203,113.224709,0.116237,0.14436699,0.81867498
34.7991,21807.6955,24.949358,-3.483423,113.851097,0.14269499,0.164728,0.81421798
34.8221,21807.7155,27.555431,-6.40113,114.339066,0.17448001,0.170407,0.80761898
34.847,21807.7356,29.489687,-9.859838,113.912704,0.20793299,0.167243,0.79572499
34.8746,21807.7556,31.65259,-13.14759,112.842583,0.24160901,0.1648,0.77900702
34.8857,21807.7756,34.849457,-15.929144,112.003555,0.27543199,0.17194501,0.76017898
34.901,21807.7957,38.915913,-18.815111,111.985268,0.311566,0.18622801,0.74065399
34.9226,21807.8157,43.144283,-22.748886,112.955704,0.35196301,0.199211,0.72000498
34.9423,21807.8357,47.477001,-27.893591,114.316071,0.39724901,0.208599,0.69379199
34.964,21807.8557,52.159412,-33.686493,115.297676,0.44501001,0.21619099,0.65805697
34.9845,21807.8758,57.431358,-39.730553,115.69455,0.492789,0.22397301,0.61143798
35.0267,21807.8958,63.273693,-46.83976,116.659874,0.54071301,0.231978,0.55544901
35.0321,21807.9158,69.473221,-56.830635,120.547775,0.58809203,0.241303,0.493209
35.0401,21807.9359,75.753716,-77.244286,134.557343,0.639727,0.25215599,0.42080501
35.0635,21807.9559,79.089615,-119.48423,170.517929,0.69030797,0.264669,0.341775
35.0807,21807.9759,76.541344,-162.463028,-152.958908,0.732337,0.27320501,0.25947699
35.0989,21807.9959,70.554825,171.84671,-133.845322,0.76522899,0.28141001,0.172414
35.1205,21808.016,62.847118,156.598602,-125.33094,0.790851,0.28977001,0.080694
35.1461,21808.036,54.58836,146.777191,-122.611046,0.80993801,0.29387999,-0.011867
35.164,21808.056,46.375404,139.339935,-122.551285,0.82163203,0.29429001,-0.102617
35.1825,21808.0761,38.335323,133.139709,-123.78595,0.82597703,0.29314899,-0.189362
35.1987,21808.0961,30.86738,127.468094,-126.018028,0.823708,0.28737101,-0.271806
35.2184,21808.1161,23.848974,121.717712,-128.593323,0.81365502,0.27997699,-0.35103801
35.2434,21808.1361,17.138861,116.379097,-131.126999,0.79752702,0.276115,-0.422151
35.2625,21808.1562,11.096472,111.629364,-133.271149,0.77737898,0.27665201,-0.48166299
35.2897,21808.1762,5.523244,107.616692,-135.166367,0.75604397,0.281102,-0.53040397
35.3043,21808.1962,0.136165,104.412415,-136.98288,0.73545903,0.289049,-0.56980097
35.3269,21808.2163,-5.64381,101.71357,-138.458405,0.71326298,0.303765,-0.60305703
35.3477,21808.2363,-11.558442,99.333702,-140.072693,0.69059402,0.32019901,-0.63145298
35.3625,21808.2563,-17.14871,97.287811,-141.549088,0.668396,0.33742201,-0.65376401
35.3827,21808.2763,-22.865797,96.430496,-141.975891,0.64796197,0.36296499,-0.66563398
35.3988,21808.2964,-28.657875,97.397049,-141.261963,0.63250601,0.39550301,-0.66495597
35.4211,21808.3164,-33.564697,100.113571,-139.290726,0.62371302,0.42911801,-0.65329897
35.44,21808.3364,-36.944229,103.600349,-136.078522,-0.618011,-0.46046701,0.63710099
35.4598,21808.3564,-38.625305,107.734413,-131.787567,-0.61608303,-0.48931301,0.61704201
35.4813,21808.3764,-38.42218,112.657997,-126.271233,-0.61863798,-0.51787198,0.590792
35.4993,21808.3964,-35.059631,118.88839,-119.969566,0.63442498,0.54334903,-0.54950398
35.5204,21808.4164,-28.552496,125.324257,-113.693352,0.65880603,0.56560999,-0.492401
35.5418,21808.4365,-20.440622,130.386887,-108.527542,0.681647,0.58217698,-0.42922401
35.5639,21808.4565,-12.290551,134.718628,-105.244995,0.704184,0.58980799,-0.364122
35.5814,21808.4765,-4.103643,138.945389,-103.343521,0.72640401,0.59026402,-0.29569501
35.6009,21808.4966,4.168011,143.393829,-102.004883,0.74455303,0.58817899,-0.222178
35.621,21808.5166,12.573937,147.450424,-100.887787,0.75519902,0.58397597,-0.147825
35.6486,21808.5366,21.017599,150.046204,-99.37532,0.75476402,0.57855201,-0.079767
35.6738,21808.5566,28.427759,151.76622,-96.923492,0.74339801,0.578578,-0.019067
35.6818,21808.5767,35.113628,153.378464,-94.366478,0.72777599,0.57964301,0.038496
35.7067,21808.5967,42.222614,157.098953,-92.492134,0.70987397,0.58065701,0.110359
35.7332,21808.6167,49.500031,163.429245,-91.708069,0.68687201,0.58261597,0.19464301
35.7426,21808.6368,55.893547,171.157715,-91.809143,0.65768099,0.58692998,0.27623701
35.7603,21808.6568,61.04372,179.080383,-92.436943,0.62474197,0.59307098,0.346396
35.7842,21808.6768,65.792534,-169.51796,-96.833244,0.59250098,0.59206301,0.416336
35.8052,21808.6968,69.725929,-157.389801,-102.105919,0.55532199,0.59291899,0.47744301
35.8186,21808.7169,73.561134,-145.296356,-107.03746,0.508515,0.59810698,0.53185397
35.8477,21808.7369,77.706184,-131.712204,-113.016846,0.45105201,0.606125,0.58152997
35.868,21808.7569,80.971916,-107.504608,-129.677551,0.391956,0.60824901,0.62964898
35.8811,21808.777,81.462128,-72.539963,-157.417358,0.33661601,0.60367101,0.674703
35.901,21808.797,78.428444,-46.624767,-177.035324,0.29149699,0.58834797,0.71776199
35.9244,21808.817,73.565903,-37.327538,178.506195,0.26367599,0.56390899,0.75622702
35.946,21808.837,68.672554,-38.558025,-177.34108,0.26020801,0.53860098,0.78354502
35.9625,21808.8571,64.840439,-45.330143,-168.69046,0.27495399,0.52436602,0.79551297
35.9817,21808.8771,61.292278,-53.890007,-159.269089,0.301727,0.51712698,0.79597598
36.0018,21808.8971,57.049477,-60.859283,-151.958984,0.33198601,0.50730097,0.79360998
36.0218,21808.9172,51.084415,-65.680794,-146.466751,0.36399499,0.48801699,0.79329598
36.0824,21808.9372,43.595539,-67.897514,-142.902481,-0.39359799,-0.45697999,-0.79618102
36.0867,21808.9572,35.609215,-68.199112,-140.954117,-0.41847801,-0.417023,-0.80036402
36.088,21808.9772,28.064264,-66.938103,-140.126083,-0.43399701,-0.37257701,-0.80638403
36.1079,21808.9972,20.982546,-64.996826,-140.254303,-0.44463,-0.32401201,-0.81317598
36.1179,21809.0172,14.377302,-63.684765,-140.697327,-0.457201,-0.276142,-0.815938
36.1391,21809.0372,8.896358,-64.2369,-141.247986,-0.478255,-0.237826,-0.81025398
36.1579,21809.0572,4.851958,-66.212784,-140.798676,-0.50218999,-0.21646599,-0.796166
36.1794,21809.0772,1.875879,-68.055939,-140.183121,-0.521465,-0.203283,-0.78224999
36.2025,21809.0972,-0.039337,-69.783852,-139.46907,-0.53671801,-0.19787,-0.76938999
36.22,21809.1173,-0.705845,-71.635315,-139.306305,-0.55041999,-0.198791,-0.75901997
36.2418,21809.1373,-0.035761,-72.430679,-140.015289,-0.55530399,-0.20176201,-0.75811899
36.2647,21809.1573,1.352477,-71.791687,-141.4758,-0.55029899,-0.20243099,-0.76696402
36.2801,21809.1774,3.124186,-69.988922,-143.338181,-0.53716999,-0.201499,-0.78226501
36.3006,21809.1974,5.727952,-67.909363,-144.970459,-0.51950502,-0.207406,-0.79843402
36.3449,21809.2174,9.762257,-66.238564,-146.347488,-0.50046599,-0.225802,-0.81222701
36.349,21809.2375,15.899183,-66.128105,-147.742493,-0.48686799,-0.261446,-0.81829798
36.3634,21809.2576,24.842783,-66.877197,-148.8181,-0.470101,-0.317527,-0.81681299
36.3826,21809.2776,36.165108,-66.390884,-150.545349,-0.43732801,-0.38351101,-0.81254399
36.3995,21809.2977,46.970966,-63.702122,-154.51944,0.39743,0.436912,0.80625403
36.4194,21809.3178,55.332764,-58.56831,-162.703033,0.367392,0.465523,0.79785001
36.4411,21809.3378,61.268723,-50.061996,-175.661148,0.34632,0.47514999,0.78722501
36.4611,21809.3579,64.370178,-37.004436,165.74736,0.329166,0.467904,0.77541399
36.4834,21809.3779,65.749405,-18.10903,142.756104,0.296422,0.465772,0.75869298
36.5097,21809.398,65.650658,1.911631,119.242142,0.262007,0.47467801,0.72942102
36.5297,21809.4181,63.209435,17.076679,100.154037,0.235613,0.4786,0.69585699
36.5496,21809.4381,58.955372,26.206335,86.577782,0.213541,0.472285,0.66257697
36.5676,21809.4582,54.593365,31.115726,76.911438,0.197736,0.461402,0.62872797
36.5817,21809.4783,50.506161,33.556984,69.735924,0.185867,0.44772199,0.596084
36.6083,21809.4983,47.298851,34.81036,63.608837,0.180893,0.43459401,0.56263202
36.6304,21809.5184,44.81778,35.567181,57.532959,0.182317,0.422203,0.52570498
36.6446,21809.5384,42.940357,35.796974,50.941345,0.19145299,0.40799499,0.48239401
36.6598,21809.5585,41.56765,35.83844,43.08086,0.208435,0.39152801,0.428166
36.6824,21809.5786,40.474628,36.230385,33.265831,0.231502,0.373633,0.35831001
36.6997,21809.5986,40.158421,38.964615,20.744423,0.261976,0.36639899,0.27204901
36.7212,21809.6187,40.169022,43.688877,5.746094,0.300832,0.36499801,0.171312
36.7426,21809.6387,38.748158,49.216183,-10.401455,0.33597201,0.363873,0.059823
36.7636,21809.6588,35.046715,54.240177,-26.205629,0.35956001,0.36263201,-0.058728
36.787,21809.6788,29.638613,57.904926,-41.015091,0.37357101,0.359918,-0.180382
36.8135,21809.6989,23.196007,60.091812,-54.332081,0.378766,0.35690901,-0.29759201
36.8396,21809.7189,16.477758,61.058243,-65.500694,0.37578201,0.35604101,-0.39995301
36.8448,21809.7389,10.331782,61.68906,-74.949478,0.37202299,0.35821199,-0.48359999
36.8627,21809.7589,5.104393,62.212711,-83.032532,0.37064701,0.36117899,-0.54973501
36.8864,21809.779,0.379063,62.518482,-90.310448,0.36991099,0.36392301,-0.60487598
36.9012,21809.799,-4.480365,62.415443,-97.308647,0.36660701,0.36712199,-0.65499002
36.9211,21809.819,-9.520949,62.59404,-103.988106,0.36424199,0.37463599,-0.69751197
36.9423,21809.839,-14.291151,63.881088,-109.593567,0.368076,0.388863,-0.72595
36.9684,21809.859,-18.933426,65.679146,-113.623405,0.372004,0.40845001,-0.74238402
36.9908,21809.879,-23.537066,67.858521,-116.232056,0.374603,0.43232399,-0.74985898
37.0068,21809.899,-27.933216,71.14782,-118.028435,0.38292399,0.45894301,-0.74896598
37.0253,21809.919,-31.41326,76.342522,-119.022469,0.404695,0.48525,-0.73705
37.0563,21809.939,-33.480133,82.945137,-118.591621,0.435096,0.50938302,-0.71433198
37.0688,21809.959,-34.91375,89.563095,-116.744881,0.4605,0.53367901,-0.68734998
37.0882,21809.979,-36.487686,96.292274,-113.951424,0.479278,0.56067002,-0.65839601
37.1045,21809.999,-36.944572,104.380814,-109.647369,0.50060397,0.59046102,-0.61948001
37.12,21810.019,-34.919052,114.297882,-103.564789,0.52893001,0.62364399,-0.56248701
37.143,21810.0389,-30.971601,124.119316,-96.658409,0.55277503,0.65947801,-0.49411401
37.1689,21810.0589,-25.991808,133.158752,-90.34726,0.57112998,0.69370598,-0.42016
37.1841,21810.0789,-19.612452,141.350372,-85.905289,0.59235603,0.71899098,-0.33982801
37.2015,21810.0989,-12.340605,148.739365,-83.445297,0.615587,0.73388302,-0.25553
37.2233,21810.1189,-4.628188,155.203262,-82.275658,0.63547701,0.74066699,-0.170835
37.2427,21810.1389,3.331524,161.209,-81.50988,0.64739001,0.74393201,-0.084803
37.2647,21810.1589,11.579097,167.49736,-80.997246,0.65062797,0.74490899,0.005896
37.2888,21810.1789,20.336016,174.265442,-81.24604,0.64675403,0.740403,0.101767
37.3143,21810.1989,29.60759,-178.654312,-82.373009,0.63435203,0.729514,0.199752
37.3316,21810.2189,38.649136,-172.485718,-83.89534,0.613307,0.71483701,0.286928
37.3444,21810.2389,46.199974,-168.312393,-84.336006,0.58466601,0.70502597,0.35215101
37.3587,21810.2589,53.261139,-165.16124,-84.324821,0.55209899,0.69591302,0.40695301
37.3974,21810.2789,59.519154,-162.456406,-83.802383,0.51664901,0.68913001,0.45353401
37.4062,21810.2989,65.082077,-159.180466,-83.294899,0.478369,0.68415302,0.496555
37.4218,21810.3189,70.399292,-154.945618,-83.68148,0.43896601,0.67768401,0.53744698
37.4397,21810.3389,76.381165,-144.729691,-91.242661,0.40434799,0.65773702,0.58228499
37.4609,21810.3589,82.06105,-121.981949,-111.779343,0.36769801,0.63353902,0.62483501
37.4835,21810.3789,85.053947,-69.522644,-161.89032,0.327557,0.61451501,0.65853602
37.4999,21810.3988,83.005119,-20.16646,150.881454,0.290916,0.59851402,0.68450898
37.5203,21810.4188,79.352585,0.425457,132.502365,0.25450301,0.585536,0.70543599
37.5423,21810.4387,74.958794,7.563087,127.89222,0.21965,0.56844503,0.729002
37.5622,21810.4587,69.814049,11.080515,126.579803,0.18528301,0.544384,0.75398201
37.5814,21810.4787,63.985699,13.370751,126.074051,0.150589,0.51378,0.77875
37.6034,21810.4986,57.968578,15.102829,126.279053,0.114485,0.480481,0.802378
37.6197,21810.5186,51.889381,15.959982,128.151321,0.077143,0.44424501,0.827452
37.6464,21810.5386,45.579342,15.585308,130.649643,0.046625,0.40091601,0.85193902
37.6672,21810.5585,39.281712,14.73632,132.957123,0.022289,0.353854,0.87363499
37.6792,21810.5785,33.406963,13.867632,134.364395,0.004066,0.30783001,0.88984799
37.7017,21810.5984,28.071259,13.136022,134.69191,-0.009607,0.265086,0.90010399
37.7201,21810.6184,23.227804,11.983103,135.082489,-0.018004,0.22409,0.90831602
37.7447,21810.6384,19.802904,10.861372,135.796967,-0.021974,0.193682,0.91474402
37.7643,21810.6583,17.487865,9.84214,136.023071,-0.02191,0.172187,0.91798598
37.7813,21810.6783,16.301476,8.657324,135.845581,-0.016101,0.15909,0.91872197
37.801,21810.6983,15.831562,7.062402,135.566803,-0.004503,0.150318,0.91840601
37.8256,21810.7182,15.978526,5.063322,135.621094,0.011937,0.145089,0.91837603
37.8408,21810.7382,16.805565,2.980664,135.189392,0.031893,0.144861,0.91572499
37.8631,21810.7581,18.050564,0.697549,134.420593,0.05522,0.14695001,0.91087103
37.884,21810.7781,19.801884,-1.226637,133.644424,0.077365,0.153908,0.90482002
37.9011,21810.7981,22.318926,-3.030836,133.272736,0.100543,0.16732,0.89830399
37.925,21810.818,25.214024,-5.3868,133.612503,0.12801801,0.18234,0.89198601
37.9423,21810.838,27.677877,-8.509787,134.555527,0.158586,0.192195,0.886289
37.958,21810.8579,30.727871,-12.08602,135.612274,0.193518,0.20561101,0.87732297
37.9781,21810.8779,35.110882,-16.001726,135.741791,0.23544601,0.22670101,0.85878098
38.0011,21810.8979,40.473133,-20.116903,134.845505,0.28207201,0.25156501,0.82985502
38.021,21810.9178,45.932663,-25.060596,134.483521,0.331554,0.273967,0.79607898
38.0393,21810.9378,50.982712,-31.500099,135.899094,0.38260099,0.29193401,0.76135498
38.0625,21810.9578,55.273407,-39.738979,140.534515,0.43071201,0.30897099,0.73101097
38.0802,21810.9777,58.305569,-49.517677,148.193359,0.47296301,0.32521099,0.706788
38.1497,21810.9977,60.080536,-65.47345,160.97702,0.53128701,0.33794799,0.67342597
38.1511,21811.0177,60.791588,-83.440292,173.390076,0.59483898,0.34393799,0.623326
38.1533,21811.0377,60.400768,-100.177422,-176.17691,0.65179503,0.344675,0.56707698
38.1656,21811.0577,59.13155,-114.214462,-168.034012,0.698443,0.34262899,0.51296598
38.1832,21811.0777,57.137432,-127.514877,-160.482208,0.74048299,0.34191301,0.45541799
38.1974,21811.0977,54.196823,-139.675766,-153.603836,0.77775198,0.34365901,0.39636499
38.219,21811.1177,50.880974,-150.64151,-147.837265,0.809219,0.346573,0.334988
38.2433,21811.1377,47.639671,-161.358398,-143.267059,0.83614498,0.34652501,0.26619199
38.2583,21811.1577,44.491035,-172.753952,-139.417908,0.8581,0.34277299,0.185882
38.2937,21811.1777,40.628223,175.941956,-135.720261,0.87274301,0.34182101,0.099999
38.301,21811.1977,35.628902,165.329758,-133.293503,0.882388,0.33844301,0.008687
38.3194,21811.2177,29.956932,154.910095,-132.599152,0.88599497,0.32762301,-0.090721
38.3407,21811.2377,23.855774,144.621948,-132.613403,0.87881303,0.31706801,-0.193105
38.362,21811.2577,17.893393,136.147736,-132.925385,0.86332703,0.31271201,-0.28056499
38.3793,21811.2777,13.359765,131.549606,-133.936981,0.85222501,0.31043699,-0.33355099
38.3995,21811.2977,11.584728,131.098816,-135.472549,0.85397899,0.304472,-0.34628701
38.4298,21811.3178,13.949146,136.285339,-136.156342,0.871512,0.30199999,-0.30074599
38.4516,21811.3378,19.480293,144.199036,-135.327103,0.88726598,0.30833501,-0.21901999
38.4601,21811.3578,27.103512,153.234985,-132.540237,0.88762498,0.33094901,-0.114246
38.4823,21811.3779,35.900661,163.721771,-131.196686,0.87564301,0.34932601,0.003387
38.4992,21811.3979,45.012005,177.322754,-132.295044,0.84831899,0.36530399,0.13500901
38.5207,21811.4179,53.485275,-165.551941,-137.486923,0.80515802,0.37392899,0.26650199
38.543,21811.4379,59.671558,-150.196396,-143.681122,0.75665301,0.38282999,0.361808
38.5622,21811.458,64.742294,-134.42569,-151.492889,0.70364898,0.39270201,0.43858299
38.5806,21811.478,68.371849,-114.383034,-164.100342,0.64647698,0.397677,0.50921702
38.603,21811.498,68.997498,-89.501404,178.936142,0.58392203,0.39683199,0.581554
38.6275,21811.5181,67.295914,-69.316444,166.623138,0.52326399,0.39753199,0.64338303
38.6436,21811.5381,65.230469,-54.892723,158.840897,0.469457,0.39891601,0.68918103
38.6619,21811.5582,63.018204,-43.373196,152.855652,0.42021301,0.39814901,0.72476703
38.6862,21811.5783,61.353642,-35.228359,149.461685,0.379134,0.40057001,0.75013798
38.7062,21811.5983,60.045341,-29.509335,148.170792,0.34472999,0.40483499,0.77024299
38.7258,21811.6184,58.859741,-25.685989,148.319519,0.317009,0.40803099,0.78710997
38.7418,21811.6385,57.64819,-22.571365,148.912476,0.29188201,0.409563,0.80245501
38.761,21811.6585,56.303741,-19.72892,149.181885,0.26913199,0.40799099,0.815961
38.7828,21811.6786,54.535835,-17.158495,148.737534,0.249761,0.400543,0.82800502
38.8001,21811.6986,52.496872,-15.147329,148.521759,0.23269901,0.38990399,0.83991402
38.8206,21811.7187,50.769299,-14.30351,149.065689,0.22184099,0.37995699,0.84972203
38.8448,21811.7388,49.773155,-14.613716,150.239517,0.218694,0.373781,0.855856
38.8618,21811.7588,49.370132,-15.900878,151.626877,0.223213,0.370202,0.85828102
38.8815,21811.7789,49.412472,-16.980539,152.752121,0.227725,0.370161,0.85868901
38.9033,21811.799,49.54681,-17.147461,153.638351,0.22627801,0.372567,0.85992599
38.9215,21811.819,49.49041,-16.905947,154.466965,0.22169299,0.37430099,0.86250699
38.9453,21811.8391,49.259693,-16.20878,155.089355,0.214122,0.37524301,0.86608702
38.9699,21811.8591,48.841606,-15.750707,155.677338,0.208235,0.37406299,0.86976999
38.986,21811.8791,48.535957,-15.806726,156.187698,0.206644,0.372482,0.87188798
39.0054,21811.8992,48.553833,-15.869204,156.353989,0.206599,0.37279001,0.87205899
39.0224,21811.9192,48.614536,-15.677607,156.166992,0.205819,0.37333101,0.87178499
39.0421,21811.9392,48.487148,-15.251595,155.94754,0.203143,0.37284201,0.872554
39.0639,21811.9592,48.259258,-15.004643,155.91774,0.201088,0.371528,0.87376702
39.0817,21811.9793,48.147038,-15.139903,156.096771,0.201407,0.37068099,0.87431699
39.1061,21811.9993,48.187466,-15.362239,156.149429,0.20298,0.37062401,0.873887
39.1236,21812.0193,48.34037,-15.402498,156.020813,0.20388199,0.37150699,0.87298203
39.145,21812.0394,48.506245,-15.459768,156.08165,0.20431399,0.37279099,0.87239599
39.1615,21812.0594,48.608742,-15.872636,156.686905,0.20560201,0.37381101,0.87254399
39.1808,21812.0794,48.597282,-16.660639,157.952698,0.207462,0.37439001,0.873757
39.2014,21812.0994,48.400768,-17.630938,159.951172,0.20816299,0.374571,0.87664598
39.2199,21812.1194,48.019176,-19.233524,162.642578,0.21139,0.37355199,0.88006997
39.2478,21812.1394,47.554066,-21.688469,165.947037,0.219317,0.37194401,0.88274902
39.2662,21812.1594,46.826645,-25.107681,169.719284,0.233409,0.368431,0.884381
39.2896,21812.1794,45.645271,-29.421034,173.895004,0.253701,0.36217001,0.88498598
39.3121,21812.1994,43.941101,-34.40086,178.385666,0.27924699,0.353499,0.88425303
39.3369,21812.2194,41.673351,-39.492855,-177.031418,0.30698401,0.34285599,0.88245702
39.3467,21812.2394,39.037792,-44.28643,-172.783737,0.33508199,0.33121899,0.87920803
39.3639,21812.2594,36.336395,-48.13567,-169.068863,0.35860801,0.32031301,0.875709
39.3865,21812.2794,33.541656,-50.311184,-166.180893,0.37262201,0.30824399,0.875117
39.3999,21812.2994,30.432936,-51.309456,-163.848602,-0.380389,-0.29293501,-0.87715298
39.4204,21812.3194,27.055454,-51.922924,-161.770279,-0.386931,-0.27508,-0.87932801
39.4462,21812.3394,23.881519,-52.210384,-160.229996,-0.39221299,-0.25694001,-0.88114297
39.4638,21812.3594,21.602531,-51.279549,-160.028412,-0.38931,-0.240095,-0.88620502
39.4847,21812.3794,20.386637,-49.491241,-161.089111,-0.37998301,-0.226217,-0.893866
39.5056,21812.3994,19.943169,-47.73991,-162.705475,-0.37021101,-0.216471,-0.900949
39.522,21812.4194,20.39563,-46.105606,-164.64946,-0.360183,-0.21292201,-0.906753
39.5413,21812.4394,21.993223,-43.897522,-167.015182,-0.344556,-0.217278,-0.91271001
39.5608,21812.4594,24.317539,-40.909607,-169.681351,-0.32249901,-0.227263,-0.91883802
39.5802,21812.4794,26.791582,-36.998158,-172.84819,0.29435301,0.238529,0.92531502
39.602,21812.4993,29.110302,-32.187332,-176.92334,0.261733,0.248579,0.931508
39.6217,21812.5193,30.628061,-26.510496,177.81662,0.226006,0.25281301,0.93747199
39.6416,21812.5393,30.907261,-20.97397,172.013016,0.193253,0.249154,0.94206703
39.6606,21812.5593,30.552778,-16.952393,167.142868,0.17047399,0.243039,0.94378102
39.681,21812.5793,29.905024,-15.179367,163.952087,0.162057,0.235442,0.94354302
39.6993,21812.5993,29.594507,-13.860911,161.897232,0.15509599,0.232023,0.94297099
39.7238,21812.6193,28.978653,-12.438607,159.958664,0.146568,0.22668201,0.94309598
39.7464,21812.6393,28.280087,-11.508315,158.240799,0.141352,0.22034299,0.94284999
39.7619,21812.6593,28.152214,-11.242138,157.217102,0.14094201,0.21850801,0.94158798
39.779,21812.6793,28.856344,-10.876952,156.458862,0.140457,0.224105,0.93901002
39.8029,21812.6993,28.998117,-9.711916,155.45903,0.133101,0.226349,0.93813401
39.8232,21812.7193,29.376844,-8.904669,154.823013,0.12838399,0.230354,0.93692601
39.8434,21812.7393,30.382942,-8.094734,154.321152,0.124498,0.23972,0.93446898
39.8638,21812.7593,31.57708,-7.384158,153.878433,0.121722,0.250496,0.93147397
39.8813,21812.7793,32.674778,-6.625373,153.046921,0.11937,0.26016799,0.92785102
39.9016,21812.7993,33.954346,-5.376726,151.536957,0.115187,0.27169001,0.92268097
39.9319,21812.8193,35.881668,-4.489596,149.701004,0.116409,0.28736299,0.91445398
39.9446,21812.8393,37.770844,-3.835442,147.74231,0.120283,0.301967,0.90540701
39.9641,21812.8593,39.485699,-3.434628,146.27655,0.124933,0.31494999,0.89741099
39.9828,21812.8793,41.013363,-3.178924,145.516464,0.128608,0.326745,0.89131701
40.0073,21812.8992,42.418026,-3.192957,145.323273,0.13256399,0.337459,0.88655603
40.0198,21812.9192,43.369125,-3.044581,145.115189,0.134267,0.34498301,0.88324898
40.0457,21812.9392,43.638996,-2.139063,144.544342,0.12966201,0.34869599,0.88200802
40.0666,21812.9592,43.467262,0.785384,143.42804,0.110135,0.35358301,0.88278198
40.0822,21812.9792,43.089973,3.806962,142.511551,0.088686,0.35749099,0.88423097
40.1028,21812.9992,42.69701,3.735344,142.353958,0.088662,0.354182,0.88493198
40.1201,21813.0192,42.547256,2.397005,142.902191,0.096915,0.35010001,0.88567102
40.1407,21813.0392,42.633373,0.731292,143.863495,0.107092,0.34743401,0.886347
40.1634,21813.0592,42.68663,-0.682221,144.690994,0.115661,0.34512699,0.88687497
40.1813,21813.0792,42.479954,-1.179929,144.988419,0.11812,0.342592,0.887734
40.1995,21813.0992,42.009163,-0.703866,144.63472,0.114336,0.33976001,0.888758
40.2241,21813.1192,41.325993,0.709958,143.708664,0.104385,0.33712101,0.88980198
40.2479,21813.1392,40.598755,2.065269,142.917358,0.094275,0.33423999,0.89105397
40.2607,21813.1592,40.039406,2.592576,142.648453,0.089458,0.33104101,0.89235401
40.2849,21813.1792,39.640575,2.565454,142.722397,0.088385,0.32793799,0.89362198
40.3024,21813.1992,39.206371,2.529819,142.795288,0.08729,0.324532,0.89496702
40.3228,21813.2192,38.822109,2.523187,142.845245,0.08617,0.32156599,0.896128
40.3505,21813.2392,38.610207,2.325246,142.92392,0.086931,0.319469,0.89674902
40.3612,21813.2592,38.590729,2.085488,142.934402,0.088726,0.31871,0.89664501
40.3812,21813.2792,38.599785,2.031175,142.706406,0.089809,0.318463,0.89599103
40.404,21813.2991,38.535736,2.025117,142.31575,0.090768,0.31764099,0.89514297
40.4191,21813.3191,38.491508,2.064924,141.984299,0.091255,0.31713799,0.89442402
40.4416,21813.3391,38.430496,2.068896,141.727707,0.091766,0.31647,0.893911
40.4631,21813.3591,38.250347,2.112607,141.457626,0.091672,0.314971,0.89370602
40.4814,21813.3791,37.983028,2.118283,141.181717,0.09164,0.31268999,0.89367598
40.4997,21813.3991,37.797745,1.966394,140.962967,0.092901,0.31066501,0.893448
40.5264,21813.4191,37.801151,1.930842,140.742584,0.093785,0.310415,0.892811
40.5423,21813.4391,37.963467,2.142905,140.422272,0.093463,0.31199199,0.89168298
40.5617,21813.4591,38.186298,2.245072,140.117386,0.094137,0.313748,0.89034301
40.5827,21813.4791,38.339996,1.951289,139.925644,0.097384,0.31396201,0.889162
40.6,21813.4991,38.540039,1.52924,139.733139,0.101758,0.314163,0.88772702
40.6214,21813.5191,38.843189,1.277098,139.437744,0.105393,0.31552601,0.88585699
40.6459,21813.5391,39.175934,1.078536,139.14032,0.108709,0.31724799,0.88393003
40.6616,21813.5591,39.477016,0.840664,138.915405,0.112039,0.31866801,0.88223797
40.6808,21813.5791,39.725632,0.607007,138.714264,0.115119,0.31970701,0.88074601
40.7027,21813.5991,39.969719,0.384612,138.470779,0.118218,0.32068899,0.87914002
40.72,21813.6191,40.25642,0.022346,138.168381,0.122679,0.32151201,0.87707901
40.7395,21813.6391,40.583546,-0.408057,137.833206,0.127869,0.322382,0.87470102
40.7614,21813.6591,40.909912,-0.98519,137.509689,0.134137,0.32279,0.87214899
40.7856,21813.6791,41.309776,-1.384174,137.19075,0.139246,0.32426,0.86956298
40.8014,21813.699,41.637047,-1.48869,136.83577,0.142012,0.32599801,0.86740702
40.8234,21813.719,41.773312,-1.668169,136.455505,0.14485601,0.32600901,0.865623
40.8394,21813.739,41.856396,-1.739631,136.01889,0.14688601,0.325863,0.86394298
40.8631,21813.759,41.943504,-1.713686,135.65213,0.14799701,0.32613099,0.86258101
40.8823,21813.779,42.002705,-1.805807,135.489716,0.149332,0.32607999,0.86177999
40.9014,21813.799,42.087749,-1.864544,135.396011,0.150299,0.32641599,0.86115903
40.9211,21813.819,42.120552,-1.785216,135.223755,0.15029401,0.32668701,0.86062503
40.9422,21813.839,42.106148,-1.835661,135.04039,0.151151,0.32617801,0.86002302
40.9602,21813.859,42.202366,-2.173032,134.884735,0.154419,0.325627,0.858796
40.9801,21813.879,42.470001,-2.285645,134.65799,0.15673,0.32697701,0.857126
41.0023,21813.899,42.661827,-2.218598,134.439499,0.157445,0.32833499,0.85594702
41.0204,21813.919,42.7118,-2.085767,134.265121,0.15710799,0.328897,0.85542101
41.0401,21813.939,42.682037,-1.938572,134.083847,0.15643699,0.328899,0.85512799
41.0638,21813.959,42.646267,-1.7759,133.89061,0.15566599,0.32889199,0.85483301
41.0823,21813.979,42.648594,-1.511879,133.700226,0.15425099,0.329505,0.854568
41.0998,21813.999,42.630547,-1.344836,133.543182,0.1534,0.32969999,0.85433698
41.1246,21814.019,42.635212,-1.409694,133.443817,0.154184,0.329391,0.85391402
41.1422,21814.039,42.713963,-1.536653,133.380447,0.155562,0.32948199,0.85330302
41.161,21814.059,42.788647,-1.608733,133.33316,0.156472,0.329741,0.85282999
41.1813,21814.079,42.775238,-1.58387,133.248779,0.156487,0.32960701,0.85262799
41.201,21814.099,42.679905,-1.434397,133.130066,0.155412,0.32922101,0.85272598
41.2212,21814.119,42.57576,-1.309162,133.021927,0.154457,0.328706,0.85284901
41.242,21814.1389,42.567429,-1.301273,132.931808,0.15463001,0.32854801,0.85258901
41.2646,21814.1589,42.680267,-1.340547,132.856506,0.15550099,0.32916,0.85195601
41.2835,21814.1789,42.837364,-1.259984,132.791809,0.15559401,0.33050901,0.85138899
41.3061,21814.1989,42.908119,-1.106938,132.762405,0.15477,0.33149901,0.851291
41.3248,21814.2189,42.853966,-1.044866,132.722305,0.15425,0.33124501,0.851403
41.3439,21814.2389,42.759659,-1.020348,132.64296,0.153992,0.33051601,0.85145301
41.3645,21814.259,42.746479,-1.022854,132.535385,0.154278,0.33026499,0.851134
41.3815,21814.279,42.835537,-1.029365,132.465866,0.154816,0.33081299,0.85063398
41.4014,21814.299,42.913803,-1.025298,132.448914,0.15508901,0.331386,0.850353
41.422,21814.319,42.931259,-0.991269,132.423416,0.154967,0.33159399,0.850263
41.4422,21814.3391,42.950863,-0.967351,132.369614,0.155009,0.33174601,0.85005999
41.4642,21814.3591,43.036526,-0.969173,132.324844,0.155431,0.33231699,0.84965599
41.4911,21814.3791,43.135944,-1.037006,132.319824,0.15627199,0.33282501,0.849253
41.5006,21814.3992,43.171955,-1.054113,132.306747,0.156554,0.333018,0.84908003
41.5219,21814.4192,43.160427,-0.882863,132.242279,0.155435,0.33341101,0.84913403
41.5453,21814.4392,43.139629,-0.830668,132.179794,0.15516201,0.333345,0.84905899
41.5668,21814.4592,43.168446,-0.840772,132.120728,0.155503,0.33344501,0.84876502
41.5827,21814.4793,43.200668,-0.899071,132.067856,0.156194,0.333419,0.84841502
41.6033,21814.4993,43.159168,-0.868767,131.961166,0.15614399,0.33306599,0.848225
41.6248,21814.5193,43.073086,-0.809751,131.808304,0.15586799,0.332416,0.84805
41.6418,21814.5394,43.124226,-0.853629,131.711502,0.156642,0.332517,0.847516
41.6641,21814.5594,43.255947,-0.911271,131.663879,0.15764099,0.333235,0.84688902
41.6944,21814.5794,43.316814,-0.936951,131.602188,0.15821099,0.33351499,0.84646702
41.7071,21814.5994,43.326092,-0.925509,131.500534,0.158453,0.333482,0.84611398
41.7226,21814.6195,43.380836,-0.979918,131.410767,0.159297,0.33357999,0.84557498
41.7458,21814.6395,43.454796,-1.024052,131.33815,0.160079,0.33387801,0.84504902
41.7649,21814.6595,43.482254,-1.015033,131.260818,0.160329,0.334003,0.84472001
41.785,21814.6796,43.462631,-0.952811,131.195648,0.159995,0.33397701,0.84464502
41.8009,21814.6996,43.422985,-0.94146,131.134689,0.15995701,0.333637,0.84457302
41.8392,21814.7196,43.379047,-0.970759,131.045853,0.160285,0.33308899,0.84436202
41.8487,21814.7396,43.37727,-0.985629,130.927658,0.160732,0.33285999,0.84394598
41.8668,21814.7597,43.43597,-0.816054,130.846451,0.159916,0.33375499,0.84373403
41.8854,21814.7797,43.410667,-0.745667,130.819275,0.159392,0.33376899,0.84381503
41.9052,21814.7997,43.421177,-0.763874,130.822144,0.15955301,0.33378899,0.843768
41.9634,21814.8197,43.515293,-0.801577,130.841705,0.160089,0.33438301,0.843503
41.9673,21814.8398,43.56612,-1.016497,130.891037,0.161697,0.33409801,0.84321803
41.9688,21814.8598,43.556629,-1.214968,130.888779,0.163132,0.33335099,0.84295702
41.9808,21814.8798,43.493935,-1.367965,130.843079,0.16418099,0.332302,0.84276998
42.0013,21814.8998,43.409908,-1.429355,130.797195,0.16448499,0.331406,0.842776
42.0239,21814.9198,43.382961,-1.459104,130.747971,0.164756,0.33103499,0.84264499
42.0452,21814.9398,43.449463,-1.433404,130.707611,0.164906,0.33155599,0.84234601
42.0639,21814.9597,43.524708,-1.542897,130.731476,0.165893,0.331772,0.84204501
42.0915,21814.9797,43.623394,-1.719194,130.759888,0.16743501,0.33193901,0.841591
42.1032,21814.9997,43.71019,-1.937383,130.741104,0.16937999,0.331806,0.84094501
42.122,21815.0197,43.741596,-2.079758,130.600052,0.170937,0.33133999,0.84015501
42.1431,21815.0397,43.71476,-2.127751,130.385147,0.17182,0.33065501,0.83942401
42.161,21815.0597,43.677952,-2.089053,130.158051,0.172068,0.33017701,0.83880699
42.1828,21815.0797,43.668602,-1.961315,129.933121,0.17174999,0.33021399,0.83824599
42.2055,21815.0997,43.680809,-1.846943,129.69548,0.17163999,0.33034599,0.83755302
42.2232,21815.1197,43.667702,-1.810792,129.480377,0.171951,0.33005399,0.83689398
42.2417,21815.1397,43.623981,-1.81558,129.301285,0.172352,0.329447,0.83638901
42.2639,21815.1597,43.560966,-1.75162,129.111267,0.172215,0.328924,0.83600402
42.291,21815.1797,43.497517,-1.603894,128.916412,0.171478,0.328688,0.83572602
42.3017,21815.1997,43.486507,-1.514357,128.807999,0.17109799,0.32876199,0.835509
42.332,21815.2197,43.514961,-1.581073,128.848053,0.17156801,0.328794,0.83546698
42.3617,21815.2397,43.502678,-1.69875,128.897781,0.172241,0.32836199,0.83550298
42.3788,21815.2597,43.475319,-1.804686,128.891434,0.17293701,0.327777,0.83540201
42.3861,21815.2797,43.438042,-1.886216,128.857391,0.1735,0.32716301,0.83526897
42.4021,21815.2997,43.40852,-1.882589,128.835571,0.173434,0.32692599,0.83528501
42.4221,21815.3197,43.37846,-1.841972,128.838715,0.173025,0.326855,0.835446
42.4441,21815.3397,43.348789,-1.886287,128.864578,0.173172,0.32651901,0.83555901
42.4615,21815.3596,43.36652,-1.967864,128.878281,0.17378899,0.32638001,0.83543199
42.4815,21815.3796,43.380474,-2.029883,128.887817,0.174262,0.32627699,0.83533001
42.5091,21815.3996,43.367855,-2.058776,128.904709,0.174381,0.32610801,0.835383
42.5198,21815.4196,43.390919,-2.052979,128.950439,0.174288,0.32636699,0.83548599
42.5413,21815.4396,43.428001,-2.038025,129.017288,0.174116,0.326794,0.83563501
42.5716,21815.4596,43.458965,-2.058691,129.081787,0.174189,0.32704601,0.83573997
42.5848,21815.4796,43.476173,-2.005563,129.135544,0.17370699,0.32744199,0.83595902
42.6012,21815.4996,43.435574,-2.031363,129.263733,0.17339,0.32724699,0.83649302
42.6279,21815.5196,43.434334,-2.006072,129.431412,0.172722,0.32758,0.837125
42.6421,21815.5396,43.503971,-1.943774,129.619293,0.171966,0.32859299,0.83767003
42.661,21815.5596,43.595642,-1.896435,129.811111,0.17138,0.32971999,0.83813697
42.6835,21815.5796,43.689861,-1.954106,129.976837,0.171643,0.330461,0.83834499
42.7019,21815.5996,43.816483,-2.077564,130.081299,0.17267101,0.33112201,0.83814102
42.7226,21815.6196,43.987747,-2.115751,130.105042,0.173457,0.332286,0.83764899
42.7435,21815.6396,44.117218,-2.109773,130.103973,0.173851,0.333258,0.83726197
42.7597,21815.6596,44.158371,-2.040014,130.107559,0.17346901,0.333808,0.837255
42.782,21815.6796,44.08839,-1.908708,130.115204,0.172252,0.33375901,0.83769202
42.8063,21815.6996,44.001572,-1.911342,130.186874,0.171771,0.33321899,0.83819801
42.8275,21815.7196,43.943939,-2.113673,130.309174,0.172703,0.332279,0.83849102
42.842,21815.7396,43.889767,-2.377687,130.442978,0.17406701,0.33116999,0.838718
42.862,21815.7595,43.80698,-2.505602,130.57576,0.174345,0.33032,0.83923203
42.8923,21815.7795,43.781342,-2.574667,130.75412,0.174252,0.33016399,0.83981901
42.907,21815.7995,43.895699,-2.663926,131.016602,0.17452601,0.33110201,0.84023702
42.9268,21815.8195,44.071915,-2.871575,131.283859,0.175852,0.33210501,0.840294
42.9465,21815.8395,44.193783,-3.032946,131.441254,0.176975,0.33270001,0.84020698
42.9619,21815.8595,44.22736,-3.15895,131.535507,0.177734,0.33266601,0.84022897
42.9867,21815.8795,44.202271,-3.276355,131.610611,0.178296,0.33219799,0.840379
43.0047,21815.8995,44.169704,-3.323124,131.639954,0.178449,0.33184299,0.84050697
43.0235,21815.9195,44.185276,-3.317956,131.709442,0.17826,0.332084,0.84070301
43.0474,21815.9395,44.201492,-3.358472,131.825165,0.17827401,0.33224699,0.84098202
43.0649,21815.9595,44.1936,-3.47285,131.953934,0.17871501,0.33200201,0.84126401
43.0857,21815.9795,44.20644,-3.611165,132.07048,0.179434,0.33181199,0.84140199
43.1156,21815.9995,44.213364,-3.698916,132.142471,0.179892,0.33168,0.84148598
43.1324,21816.0195,44.164543,-3.70368,132.165878,0.179704,0.33133799,0.84170902
43.1567,21816.0395,44.095318,-3.506663,132.114365,0.178185,0.33140799,0.84205699
43.1655,21816.0595,43.954319,-3.250941,132.03949,0.176071,0.33110699,0.84263498
43.182,21816.0795,43.777061,-3.111212,131.949524,0.174734,0.33012399,0.84308898
43.2022,21816.0995,43.68668,-3.174056,131.873611,0.175124,0.329124,0.84301299
43.2297,21816.1195,43.767498,-3.282145,131.844025,0.176264,0.32931301,0.84249997
43.2507,21816.1395,43.885693,-3.333086,131.843185,0.177021,0.330017,0.84205598
43.2657,21816.1595,43.90464,-3.322134,131.871094,0.176921,0.33023801,0.84210902
43.298,21816.1794,43.856365,-3.23722,131.847717,0.176209,0.33013099,0.842309
43.3143,21816.1994,43.825844,-3.207948,131.812149,0.175998,0.32994899,0.842327
43.3231,21816.2194,43.885548,-3.226999,131.79422,0.17638201,0.3303,0.84205401
43.3496,21816.2394,43.953316,-3.297945,131.797455,0.177112,0.33056799,0.84174699
43.3614,21816.2594,43.995861,-3.344616,131.81987,0.177527,0.33076,0.84162003
43.3828,21816.2794,44.068886,-3.241931,131.823547,0.17699701,0.331655,0.84156698
43.4109,21816.2994,44.114414,-3.174143,131.816162,0.176667,0.33221099,0.841506
43.4239,21816.3194,44.138348,-3.216879,131.791595,0.177129,0.33220601,0.84128302
43.4424,21816.3394,44.161736,-3.233001,131.705566,0.177572,0.332192,0.84089398
43.468,21816.3594,44.177464,-3.156742,131.616333,0.177322,0.33242899,0.84066099
43.4853,21816.3794,44.204353,-3.028682,131.575882,0.176587,0.333,0.840639
43.5032,21816.3994,44.226135,-3.013447,131.574387,0.17655,0.333211,0.84059
43.5321,21816.4194,44.309513,-3.011911,131.550522,0.17687801,0.33379701,0.84025401
43.5449,21816.4394,44.389183,-3.010991,131.498093,0.17728201,0.33430901,0.83983099
43.5624,21816.4594,44.438782,-2.924484,131.466507,0.176901,0.334921,0.83970398
43.5816,21816.4794,44.443687,-2.806944,131.484116,0.17600399,0.335383,0.83993
43.6031,21816.4994,44.382225,-2.7143,131.498947,0.175082,0.33526501,0.840312
43.6242,21816.5194,44.332531,-2.641183,131.492905,0.174402,0.335136,0.84055603
43.6436,21816.5394,44.296829,-2.602457,131.453827,0.174116,0.33494401,0.84059203
43.6637,21816.5594,44.295238,-2.5837,131.432373,0.174036,0.33496299,0.84055299
43.6828,21816.5794,44.312984,-2.557128,131.472321,0.17378201,0.33524501,0.84067398
43.7086,21816.5993,44.30616,-2.448973,131.509644,0.172857,0.33561701,0.840985
43.7223,21816.6193,44.293335,-2.318334,131.52713,0.17180499,0.33599001,0.84127998
43.7433,21816.6393,44.284874,-2.302386,131.568542,0.17153899,0.336043,0.84147
43.7636,21816.6593,44.291992,-2.291245,131.56218,0.171499,0.336124,0.841443
43.7843,21816.6793,44.302338,-2.142053,131.522339,0.170554,0.33664501,0.84149897
43.8025,21816.6993,44.31913,-1.935161,131.515976,0.169108,0.337457,0.84173298
43.8238,21816.7193,44.34742,-1.810274,131.582443,0.16808701,0.338184,0.84205401
43.8426,21816.7393,44.414501,-1.740054,131.685928,0.167484,0.33906701,0.84229898
43.8718,21816.7593,44.452065,-1.697945,131.748047,0.16711301,0.33957601,0.84245402
43.8995,21816.7793,44.429356,-1.685408,131.778687,0.16685601,0.339495,0.84264398
43.9036,21816.7993,44.426998,-1.679382,131.75,0.166889,0.33945599,0.84256399
43.9255,21816.8193,44.489738,-1.687845,131.73938,0.16718701,0.339876,0.84232402
43.9478,21816.8393,44.540672,-1.716384,131.780365,0.167441,0.34021699,0.84226298
43.9626,21816.8593,44.555389,-1.796307,131.853912,0.167858,0.340166,0.84234703
43.9815,21816.8793,44.591331,-1.784945,131.898056,0.16776,0.340534,0.84240103
44.0213,21816.8993,44.625988,-1.739403,131.938263,0.167418,0.341001,0.84249502
44.0259,21816.9193,44.614391,-1.762922,131.9814,0.16742501,0.3409,0.84263998
44.0489,21816.9393,44.615433,-1.701855,131.975769,0.166996,0.34110299,0.84270698
44.1154,21816.9593,44.603905,-1.625012,131.949448,0.166472,0.34123501,0.842767
44.1186,21816.9793,44.542782,-1.684189,131.957474,0.166685,0.34059799,0.84289497
44.1198,21816.9992,44.498352,-1.750713,131.972076,0.166987,0.340069,0.84298301
44.1323,21817.0192,44.480484,-1.733206,131.984314,0.16676401,0.340013,0.843104
44.1413,21817.0392,44.43903,-1.742089,132.033875,0.166548,0.33974901,0.84338301
44.161,21817.0592,44.416023,-1.787915,132.105392,0.16659901,0.33952999,0.84362501
44.1833,21817.0792,44.492924,-1.804343,132.212357,0.166651,0.34020001,0.84372097
44.2046,21817.0992,44.616436,-1.889903,132.357117,0.167248,0.34104201,0.843696
44.2199,21817.1192,44.709694,-2.01562,132.498596,0.168051,0.341524,0.843692
44.2444,21817.1392,44.749943,-2.14787,132.613724,0.16881,0.341555,0.84375298
44.2636,21817.1592,44.771557,-2.283384,132.720963,0.16955701,0.341427,0.84383899
44.2881,21817.1792,44.801159,-2.462564,132.828461,0.17065001,0.341216,0.843835
44.3031,21817.1992,44.884293,-2.643208,132.911896,0.171994,0.34136301,0.84358001
44.3233,21817.2192,44.99958,-2.812044,132.976395,0.173407,0.34176001,0.84317702
44.3506,21817.2392,45.087864,-2.970865,133.032776,0.174684,0.341979,0.842843
44.3654,21817.2592,45.164227,-3.162086,133.092072,0.17615201,0.34200701,0.84250498
44.3816,21817.2792,45.248768,-3.243735,133.093384,0.177012,0.34236801,0.842116
44.3998,21817.2992,45.328243,-3.250472,133.089401,0.177321,0.34292999,0.84184003
44.4271,21817.3192,45.40345,-3.300364,133.10434,0.17787699,0.34334701,0.841573
44.4464,21817.3392,45.544449,-3.329258,133.061691,0.178656,0.34423199,0.84093797
44.4647,21817.3592,45.701569,-3.283848,132.957184,0.17912699,0.34538299,0.84016299
44.4812,21817.3792,45.734329,-3.300814,132.862167,0.17964,0.34542099,0.83971798
44.5017,21817.3991,45.700497,-3.365216,132.754257,0.18033101,0.34478801,0.83936799
44.5215,21817.4191,45.681854,-3.414302,132.626251,0.181017,0.34428501,0.83892602
44.5487,21817.4391,45.663986,-3.439726,132.473679,0.181605,0.34382701,0.83843499
44.562,21817.4591,45.688328,-3.287654,132.285965,0.181133,0.344217,0.83797199
44.5878,21817.4791,45.733379,-3.097112,132.144196,0.180309,0.34496301,0.83765501
44.6033,21817.4991,45.740314,-3.056283,132.097214,0.18017399,0.34507701,0.83753997
44.6213,21817.5191,45.736481,-3.130199,132.106537,0.180674,0.344816,0.83746701
44.6496,21817.5391,45.756424,-3.173539,132.111206,0.18104,0.34482601,0.83735001
44.6758,21817.5591,45.786373,-3.096793,132.10701,0.18058699,0.34529701,0.83736199
44.6895,21817.5791,45.807278,-3.082094,132.146469,0.180427,0.34556299,0.83745003
44.7071,21817.5991,45.81609,-3.168749,132.226822,0.18084601,0.345465,0.83755398
44.7318,21817.6191,45.825554,-3.295158,132.316727,0.181529,0.34525499,0.83762401
44.7507,21817.6391,45.846691,-3.395285,132.372681,0.18215901,0.345166,0.83758402
44.7616,21817.6591,45.876137,-3.413259,132.389969,0.182331,0.34535101,0.83751899
44.7836,21817.6791,45.924576,-3.385639,132.400833,0.18224899,0.34581801,0.83744401
44.8026,21817.6991,45.972729,-3.390217,132.424667,0.18236201,0.34619701,0.83736098
44.8275,21817.7191,46.004753,-3.422,132.404144,0.18275701,0.346295,0.83713901
44.8536,21817.7391,46.071953,-3.386417,132.347839,0.182879,0.34682,0.83679199
44.8632,21817.7591,46.135086,-3.388138,132.293854,0.183254,0.34719399,0.83640599
44.8896,21817.7791,46.201805,-3.326071,132.195496,0.18331,0.347736,0.835962
44.9054,21817.7991,46.294319,-3.153112,132.092621,0.18265399,0.34883201,0.83559602
44.9225,21817.819,46.319908,-3.044518,132.053345,0.182063,0.34932101,0.83555502
44.953,21817.839,46.309738,-3.001765,132.015884,0.181833,0.34933001,0.83552998
44.9616,21817.859,46.305191,-2.924626,131.917221,0.181557,0.34939799,0.83533698
44.986,21817.879,46.287163,-2.813437,131.762421,0.181161,0.34939301,0.83505201
45.0029,21817.899,46.288658,-2.716409,131.598114,0.18096,0.34946999,0.83464903
45.0215,21817.919,46.345634,-2.577401,131.483185,0.180482,0.35017499,0.83429903
45.0402,21817.939,46.363369,-2.543901,131.446976,0.180406,0.35036099,0.83417302
45.0678,21817.959,46.351006,-2.544785,131.397736,0.18052299,0.35019001,0.83404499
45.0974,21817.979,46.36274,-2.493717,131.329147,0.180399,0.35034001,0.833857
45.1078,21817.999,46.388168,-2.377857,131.268463,0.17982399,0.350822,0.83375299
45.1282,21818.019,46.397728,-2.255301,131.234268,0.179068,0.35125199,0.833799
45.1417,21818.039,46.387337,-2.189277,131.206787,0.178638,0.351356,0.83384198
45.1644,21818.059,46.395416,-2.179077,131.175186,0.17868701,0.35139999,0.83372599
45.1821,21818.079,46.431576,-2.153939,131.133133,0.17875101,0.351684,0.83350801
45.2138,21818.099,46.443291,-2.060142,131.059509,0.178333,0.35197201,0.833368
45.2294,21818.119,46.412415,-1.918419,130.989944,0.177415,0.352117,0.83345097
45.2613,21818.139,46.382679,-1.829339,130.943298,0.17681301,0.352128,0.83352602
45.2687,21818.159,46.406055,-1.832184,130.934006,0.176939,0.35227501,0.83341599
45.3082,21818.179,46.457439,-1.855972,130.930893,0.17728999,0.352566,0.83320498
45.3229,21818.199,46.457909,-1.806206,130.918106,0.17696901,0.352718,0.83323699
45.3272,21818.219,46.447121,-1.696802,130.91777,0.176139,0.353008,0.83343899
45.3556,21818.2389,46.457672,-1.602175,130.901031,0.17553701,0.35337901,0.83349401
45.3665,21818.2589,46.491524,-1.580141,130.912399,0.17545301,0.35371801,0.83345902
45.3847,21818.2789,46.504463,-1.590028,130.934219,0.17550001,0.35381299,0.83347601
45.4005,21818.2989,46.46096,-1.497002,130.897705,0.174793,0.353753,0.83363301
45.4204,21818.3189,46.362976,-1.419284,130.847733,0.174059,0.35322201,0.83389401
45.443,21818.3389,46.323692,-1.330587,130.81488,0.17338499,0.353185,0.834041
45.4627,21818.3589,46.34309,-1.241948,130.852478,0.17268801,0.35368201,0.83424097
45.4824,21818.3789,46.340332,-1.282399,130.99321,0.172539,0.35373801,0.83466202
45.516,21818.3989,46.344604,-1.365956,131.159027,0.17264999,0.35373801,0.83508003
45.5273,21818.4189,46.394093,-1.383999,131.289001,0.17254201,0.35423601,0.83533102
45.5434,21818.4389,46.437019,-1.421848,131.439041,0.17249399,0.35464999,0.835639
45.5637,21818.4589,46.46093,-1.525775,131.569153,0.17292701,0.35467499,0.83583999
45.5815,21818.4789,46.514553,-1.531129,131.60791,0.17302001,0.35510901,0.83578998
45.6004,21818.4989,46.538448,-1.5012,131.609619,0.172874,0.35538599,0.835765
45.634,21818.5189,46.521286,-1.528397,131.627945,0.17296,0.35519701,0.83583999
45.6468,21818.5389,46.520546,-1.532138,131.635635,0.172961,0.35519099,0.83586198
45.6689,21818.5589,46.487488,-1.507966,131.615402,0.17274,0.35499901,0.83593601
45.6839,21818.5789,46.444698,-1.469268,131.602478,0.172359,0.354794,0.836088
45.7013,21818.5989,46.416538,-1.403714,131.614166,0.171753,0.35482299,0.83631498
45.7271,21818.6189,46.395447,-1.360661,131.633286,0.17131101,0.35484001,0.83651
45.7477,21818.6388,46.404991,-1.38291,131.598557,0.17161199,0.35478401,0.83633101
45.7604,21818.6588,46.445499,-1.461733,131.603973,0.17230199,0.35482699,0.83610201
45.7806,21818.6788,46.498333,-1.473146,131.624863,0.172492,0.35520801,0.83598602
45.8012,21818.6988,46.506824,-1.416401,131.630829,0.172087,0.355468,0.83606398
45.8249,21818.7188,46.47747,-1.381803,131.619003,0.171776,0.35534999,0.83617002
45.8433,21818.7388,46.493008,-1.40393,131.610565,0.172014,0.355378,0.83605897
45.8681,21818.7588,46.563618,-1.472604,131.606415,0.172757,0.355661,0.83571702
45.8819,21818.7788,46.604355,-1.515002,131.58107,0.17327701,0.35578001,0.83543903
45.9375,21818.7988,46.587875,-1.476962,131.536667,0.17308401,0.355719,0.835401
45.9418,21818.8188,46.589787,-1.445305,131.534592,0.172866,0.35583499,0.83543599
45.9447,21818.8388,46.65781,-1.511144,131.582169,0.173419,0.356186,0.83527797
45.9601,21818.8588,46.752075,-1.675695,131.62706,0.174784,0.356397,0.834876
45.982,21818.8788,46.848385,-1.89555,131.650681,0.176623,0.35640699,0.83430803
46.0001,21818.8988,46.975803,-2.131761,131.640884,0.178783,0.356538,0.833498
46.0214,21818.9188,47.103729,-2.366249,131.583679,0.181077,0.35660201,0.832524
46.0427,21818.9388,47.134399,-2.583905,131.476898,0.183088,0.355928,0.83171999
46.0621,21818.9588,47.064571,-2.763586,131.337646,0.184599,0.354588,0.831191
46.0843,21818.9788,46.942383,-2.925062,131.184799,0.185848,0.35290101,0.83081001
46.1047,21818.9988,46.843281,-2.952351,131.006439,0.18627401,0.35179299,0.83048201
46.1224,21819.0188,46.75877,-2.831749,130.824768,0.185683,0.35128999,0.83033299
46.1394,21819.0387,46.624973,-2.758302,130.675323,0.18517201,0.35032001,0.83037299
46.1616,21819.0587,46.503193,-2.79236,130.596573,0.185261,0.34918499,0.83043998
46.1849,21819.0787,46.409222,-2.782771,130.506363,0.185158,0.34838501,0.83044702
46.2026,21819.0987,46.320179,-2.740036,130.430267,0.18478701,0.34775701,0.83054
46.2254,21819.1187,46.2351,-2.735939,130.415878,0.184521,0.34712601,0.83076799
46.2524,21819.1387,46.175667,-2.768649,130.470688,0.184397,0.34666601,0.83109403
46.2713,21819.1587,46.127811,-2.767601,130.518997,0.18408599,0.34639701,0.83141398
46.288,21819.1787,46.062271,-2.788287,130.57193,0.183861,0.34593099,0.83177102
46.3024,21819.1987,46.009655,-2.864568,130.654617,0.183993,0.34541601,0.83209997
46.3318,21819.2187,45.974339,-2.931894,130.74472,0.184095,0.34507099,0.83241302
46.3485,21819.2388,45.929775,-2.936109,130.92215,0.183446,0.34501401,0.83315498
46.3707,21819.2588,45.878529,-2.940378,131.212936,0.18243501,0.34508699,0.83430201
46.384,21819.2788,45.857658,-2.977545,131.447113,0.181933,0.34518,0.83510298
46.4031,21819.2989,45.849979,-3.0004,131.713913,0.181271,0.345469,0.83599198
46.421,21819.3189,45.829456,-2.966205,131.911758,0.18035901,0.345745,0.83677602
46.4435,21819.3389,45.825428,-2.864166,131.891525,0.179662,0.346026,0.83688098
46.4676,21819.3589,45.845829,-2.796539,131.892334,0.179231,0.34640399,0.83692503
46.4854,21819.379,45.850906,-2.794234,131.907669,0.179184,0.34647301,0.83696401
46.5071,21819.399,45.851803,-2.759804,131.937241,0.178846,0.346641,0.83711398
46.5345,21819.419,45.845749,-2.70032,131.988785,0.17823599,0.346876,0.83739799
46.5525,21819.4391,45.831642,-2.659177,132.027176,0.177774,0.34696901,0.83763498
46.5676,21819.4591,45.819366,-2.70333,132.056091,0.17797001,0.34677601,0.83770198
46.5835,21819.4791,45.819805,-2.789004,132.12114,0.17840099,0.34659401,0.83778501
46.6019,21819.4991,45.801605,-2.867924,132.263748,0.178489,0.34641901,0.83819503
46.6228,21819.5192,45.793301,-2.922616,132.384125,0.178499,0.34636301,0.83853698
46.6686,21819.5392,45.834263,-2.97651,132.446228,0.178835,0.34658399,0.83852798
46.6703,21819.5592,45.894859,-3.057851,132.463898,0.17956799,0.346789,0.83826602
46.6832,21819.5793,45.955669,-3.07434,132.453476,0.179912,0.34716699,0.83801103
46.7062,21819.5993,45.982792,-3.041133,132.461288,0.179731,0.34749001,0.83800203
46.7233,21819.6193,45.980045,-2.999779,132.499466,0.179304,0.34766701,0.838202
46.7427,21819.6393,45.981247,-2.994856,132.510941,0.17923699,0.34771001,0.83824402
46.7621,21819.6594,45.988766,-2.979428,132.472672,0.17926399,0.34775701,0.838117
46.7802,21819.6794,45.996449,-2.979451,132.450729,0.179355,0.34777901,0.83802003
46.8027,21819.6994,45.977535,-2.960296,132.451477,0.179153,0.34770399,0.83811301
46.8258,21819.7195,45.946087,-2.930354,132.489304,0.17872,0.34762999,0.838386
46.8471,21819.7395,45.942822,-2.930825,132.531174,0.17858601,0.34766999,0.838534
46.868,21819.7595,45.960293,-2.96603,132.55217,0.178835,0.34771499,0.83849299
46.8874,21819.7795,45.972984,-2.964542,132.55188,0.178865,0.34781301,0.83845401
46.9019,21819.7996,45.957577,-2.916733,132.548111,0.178478,0.34785199,0.83856499
46.9234,21819.8196,45.951817,-2.838662,132.585464,0.177775,0.34812599,0.83882803
46.9522,21819.8396,45.964596,-2.789765,132.634277,0.17730901,0.34845701,0.83902502
46.9688,21819.8595,45.997597,-2.75529,132.630493,0.17717201,0.348809,0.83895999
46.9889,21819.8795,46.024288,-2.692813,132.581497,0.176948,0.34913701,0.83880901
47.0133,21819.8995,46.029877,-2.616841,132.456345,0.176791,0.34923601,0.83849502
47.0225,21819.9195,46.042007,-2.517952,132.437943,0.176162,0.34962401,0.838548
47.0457,21819.9395,46.029552,-2.411473,132.432129,0.17536099,0.349875,0.838732
47.0631,21819.9595,46.036102,-2.316933,132.413712,0.17474601,0.35020801,0.83879399
47.0889,21819.9795,46.045723,-2.251481,132.194061,0.174969,0.35016,0.83813697
47.1137,21819.9995,46.015678,-2.215566,132.145737,0.174758,0.34998399,0.83812702
47.1229,21820.0195,45.963692,-2.161947,132.069565,0.17443199,0.34966299,0.838121
47.1432,21820.0395,45.930779,-2.057383,132.018295,0.17371801,0.34968999,0.83821398
47.162,21820.0595,45.9249,-1.984642,132.025528,0.173145,0.34989899,0.83836699
47.1848,21820.0795,45.946209,-2.0037,132.022156,0.173363,0.34998801,0.83825898
47.2029,21820.0995,45.991467,-2.030799,132.043304,0.17364199,0.350263,0.83814502
47.2236,21820.1195,46.010006,-2.060482,132.067673,0.17384399,0.35033801,0.83812201
47.2563,21820.1395,46.001759,-2.063236,132.094116,0.173757,0.350308,0.83823198
47.2635,21820.1595,46.010113,-2.040029,132.1353,0.17348801,0.35050899,0.838377
47.2963,21820.1795,46.071686,-1.99919,132.20105,0.17318501,0.351197,0.83846098
47.3127,21820.1995,46.151287,-2.041121,132.303406,0.17343201,0.35179999,0.83848202
47.3255,21820.2195,46.260155,-2.101151,132.40361,0.17391001,0.35255599,0.83837402
47.3539,21820.2395,46.359352,-2.160638,132.475464,0.174439,0.35319999,0.83820301
47.3691,21820.2594,46.434143,-2.180771,132.532974,0.17464601,0.35377201,0.83812201
47.381,21820.2794,46.483875,-2.148006,132.572052,0.17444301,0.35430601,0.83814001
47.4007,21820.2994,46.521275,-2.081448,132.579346,0.174052,0.35481101,0.83814502
47.423,21820.3194,46.542679,-2.059469,132.587418,0.173934,0.35505301,0.83813602
47.4422,21820.3394,46.567047,-2.097266,132.611191,0.17421401,0.35514399,0.83807898
47.4617,21820.3594,46.625454,-2.111107,132.660477,0.174347,0.35560399,0.83803099
47.4884,21820.3794,46.687977,-2.110312,132.742737,0.174283,0.35619199,0.83810002
47.5114,21820.3994,46.731815,-2.106347,132.830826,0.174118,0.35666201,0.83825201
47.5278,21820.4194,46.749443,-2.112313,132.845627,0.174171,0.35679501,0.83823401
47.5457,21820.4394,46.749981,-2.188823,132.856659,0.174698,0.35656601,0.83815199
47.5659,21820.4594,46.782158,-2.294843,133.03479,0.17501999,0.35673001,0.83846599
47.5855,21820.4794,46.840172,-2.348022,133.214294,0.17503101,0.35725901,0.83877999
47.6131,21820.4994,46.876854,-2.359668,133.340393,0.17483699,0.35768399,0.83905202
47.6247,21820.5194,46.909054,-2.374797,133.4245,0.174785,0.35800099,0.83919603
47.646,21820.5394,46.960209,-2.439734,133.523941,0.175108,0.35832101,0.83925098
47.6684,21820.5594,47.012527,-2.527428,133.582321,0.17572901,0.35851401,0.83913398
47.6824,21820.5794,47.041851,-2.550412,133.582886,0.17598601,0.358657,0.83900499
47.7032,21820.5994,47.039059,-2.507505,133.598938,0.175613,0.35879901,0.83913201
47.7275,21820.6194,47.031364,-2.479757,133.661224,0.175191,0.35892701,0.83939999
47.7517,21820.6394,47.053123,-2.499536,133.733597,0.17517599,0.359135,0.839531
47.775,21820.6594,47.101105,-2.535912,133.794159,0.1754,0.359465,0.839513
47.7859,21820.6793,47.162716,-2.548231,133.852478,0.175496,0.35997,0.83947903
47.8106,21820.6993,47.193005,-2.593321,133.932968,0.175666,0.36017299,0.83956802
47.8266,21820.7193,47.222328,-2.621036,134.023804,0.17567299,0.36043999,0.83972001
47.8457,21820.7393,47.267708,-2.620054,134.107666,0.17554,0.36090699,0.83983999
47.8629,21820.7593,47.328785,-2.619768,133.966095,0.17617001,0.36114201,0.83918703
47.8811,21820.7793,47.414288,-2.616271,133.674896,0.177324,0.36133501,0.83797699
47.9066,21820.7993,47.447884,-2.605274,133.432892,0.17811,0.36124301,0.83710301
47.924,21820.8193,47.436665,-2.551618,133.278519,0.17817,0.361094,0.83672398
47.9447,21820.8393,47.429882,-2.501805,133.254486,0.17786101,0.361168,0.83674598
47.9731,21820.8593,47.457752,-2.475367,133.217514,0.177871,0.36140099,0.83657598
47.988,21820.8793,47.518955,-2.447902,133.190689,0.177945,0.36189899,0.83633
48.0173,21820.8993,47.562302,-2.393736,133.171783,0.177744,0.36236399,0.83621001
48.0294,21820.9193,47.587959,-2.316999,133.24968,0.177017,0.36292201,0.836496
48.0477,21820.9393,47.618546,-2.253046,133.32254,0.176414,0.36346599,0.83672899
48.0657,21820.9593,47.628857,-2.209617,133.47464,0.17564601,0.363915,0.83725202
48.1296,21820.9793,47.628681,-2.142156,133.741196,0.17430501,0.364537,0.83820999
48.131,21820.9993,47.621143,-2.112499,133.962036,0.173362,0.36491099,0.83898401
48.1324,21821.0193,47.611298,-2.124125,134.214752,0.172612,0.365183,0.83980101
48.1473,21821.0393,47.603493,-2.214164,134.392166,0.172683,0.36510801,0.84025198
48.1642,21821.0593,47.576054,-2.377178,134.515106,0.17340399,0.364577,0.84048402
48.1801,21821.0793,47.522442,-2.53917,134.638733,0.17403799,0.363857,0.84080601
48.2024,21821.0992,47.499027,-2.622371,134.776505,0.174141,0.36363101,0.84119099
48.224,21821.1192,47.553848,-2.651263,134.925781,0.174043,0.364173,0.841434
48.2427,21821.1392,47.664345,-2.713273,135.070816,0.174366,0.36501801,0.84142601
48.2679,21821.1592,47.760983,-2.896854,135.191101,0.17561699,0.36534399,0.84119898
48.2865,21821.1792,47.835052,-3.089351,135.260239,0.177028,0.36539799,0.84087098
48.3096,21821.1992,47.861031,-3.234325,135.269089,0.17814,0.36515099,0.84058702
48.3344,21821.2192,47.843159,-3.280178,135.216873,0.17859,0.36479399,0.84041202
48.3619,21821.2392,47.840477,-3.21922,135.108551,0.17848,0.36479601,0.840177
48.3641,21821.2592,47.859779,-3.118471,134.971161,0.17823599,0.365042,0.83983701
48.3857,21821.2792,47.859921,-3.023156,134.793808,0.178103,0.36506701,0.83942699
48.4,21821.2992,47.859264,-2.875765,134.587509,0.177679,0.36520699,0.83900702
48.4205,21821.3192,47.835098,-2.610488,134.326035,0.176498,0.365464,0.83867002
48.4456,21821.3392,47.764103,-2.242012,134.048889,0.17447001,0.36568499,0.83859098
48.4662,21821.3592,47.66824,-1.790113,133.780685,0.171725,0.36601099,0.83873701
48.4816,21821.3792,47.551514,-1.230247,133.480209,0.16822501,0.36649001,0.83899301
48.5082,21821.3992,47.41201,-0.621824,133.211304,0.16419201,0.36701599,0.83947098
48.5272,21821.4192,47.264626,-0.129332,133.040512,0.16066299,0.36726299,0.84009999
48.5495,21821.4392,47.082653,0.151107,133.018295,0.158097,0.36679101,0.84100199
48.5702,21821.4592,46.938713,0.334026,133.119003,0.155972,0.36645401,0.84203202
48.5968,21821.4792,46.908203,0.500694,133.30217,0.154063,0.367006,0.84293401
48.6077,21821.4991,46.967514,0.572571,133.594162,0.152786,0.36805901,0.84376103
48.6223,21821.5191,47.061466,0.522635,133.981979,0.15220299,0.36910999,0.844607
48.6513,21821.5391,47.228481,0.52097,134.319595,0.151648,0.37078199,0.84511697
48.6629,21821.5591,47.374706,0.460959,134.573944,0.151721,0.37200999,0.84535199
48.6852,21821.5791,47.511894,0.158563,134.94696,0.153163,0.37259099,0.845649
48.7016,21821.5991,47.678436,-0.090712,135.309235,0.154331,0.37354699,0.84587598
48.7247,21821.6191,47.871067,-0.348949,135.598297,0.155875,0.374578,0.84577203
48.7459,21821.6391,47.992035,-0.672511,135.833389,0.157856,0.37481701,0.84564
48.767,21821.6591,48.029083,-0.918008,135.93541,0.159444,0.37449199,0.84548497
48.7869,21821.6791,48.059082,-1.088547,135.952774,0.160734,0.37422401,0.84519899
48.809,21821.6991,48.101929,-1.291833,135.971085,0.16230001,0.373952,0.84482598
48.8268,21821.7191,48.144836,-1.499519,136.002411,0.163855,0.37368599,0.844482
48.851,21821.7391,48.154823,-1.573186,135.988068,0.164474,0.37351599,0.84429997
48.8656,21821.7591,48.11552,-1.490102,135.900024,0.164033,0.37335101,0.84428298
48.8834,21821.7791,48.056736,-1.330467,135.756378,0.163151,0.37319601,0.84426999
48.9081,21821.7991,48.005299,-1.153094,135.621078,0.16213199,0.37316301,0.84428102
48.9314,21821.8191,47.953182,-0.980226,135.514755,0.16104899,0.37315401,0.844374
48.9503,21821.8391,47.880688,-0.789356,135.431,0.15969799,0.37308201,0.84462601
48.9697,21821.8592,47.797688,-0.641294,135.40947,0.158427,0.37289,0.84503901
48.9854,21821.8792,47.727612,-0.570054,135.485001,0.157445,0.372693,0.84559703
49.0059,21821.8992,47.649841,-0.608868,135.619766,0.15706,0.37218499,0.84620798
49.0238,21821.9192,47.558559,-0.715767,135.77562,0.15707099,0.37139899,0.84683299
49.0515,21821.9393,47.500561,-0.843653,135.930496,0.157342,0.37079501,0.84731603
49.0671,21821.9593,47.466305,-1.020089,136.088623,0.158034,0.370226,0.84766299
49.0887,21821.9793,47.436729,-1.17245,136.248138,0.15855899,0.36976799,0.84802997
49.1094,21821.9994,47.413258,-1.288778,136.370651,0.15895601,0.36941299,0.848315
49.127,21822.0194,47.419743,-1.40507,136.454681,0.159565,0.36922899,0.84838402
49.1419,21822.0394,47.445786,-1.528679,136.500351,0.160409,0.369115,0.84826303
49.1705,21822.0594,47.461643,-1.613134,136.474686,0.161163,0.36894301,0.84801501
49.194,21822.0795,47.463051,-1.60085,136.383438,0.16136999,0.368862,0.84775299
49.2041,21822.0995,47.466106,-1.541526,136.239929,0.161402,0.368862,0.84739298
49.2231,21822.1195,47.457001,-1.488355,136.080902,0.161494,0.36873099,0.84701699
49.2547,21822.1396,47.432278,-1.477051,135.947678,0.16176599,0.36839399,0.84671003
49.2771,21822.1596,47.395947,-1.441926,135.80545,0.161856,0.36803001,0.84644699
49.2989,21822.1796,47.347683,-1.360928,135.660721,0.161579,0.367715,0.84627801
49.3195,21822.1996,47.270462,-1.273162,135.513977,0.161171,0.36720401,0.84620601
49.3392,21822.2197,47.187759,-1.221409,135.356873,0.161044,0.36652899,0.84606701
49.3504,21822.2397,47.131443,-1.159713,135.192047,0.160946,0.36607,0.84583002
49.3665,21822.2597,47.08445,-1.02115,135.036804,0.16027699,0.36593199,0.845698
49.3813,21822.2798,47.029797,-0.811272,134.915329,0.15895,0.36600599,0.84579301
49.4065,21822.2998,46.94997,-0.681705,134.791031,0.15814701,0.36564401,0.845846
49.424,21822.3198,46.869789,-0.599488,134.653793,0.15773199,0.36511701,0.845792
49.4447,21822.3398,46.798828,-0.499321,134.526749,0.157179,0.36472899,0.84576303
49.4655,21822.3599,46.699356,-0.353584,134.438766,0.156076,0.36432701,0.84600699
49.4846,21822.3799,46.577606,-0.15037,134.371475,0.154412,0.36396801,0.84646201
49.5017,21822.3999,46.509308,0.014767,134.334229,0.153098,0.36392701,0.84678501
49.5247,21822.4199,46.493149,0.093215,134.341125,0.152446,0.364061,0.84696198
49.5433,21822.4399,46.511623,0.091145,134.390762,0.15236101,0.36425701,0.84705502
49.5628,21822.4599,46.564518,0.083215,134.422852,0.152482,0.36466599,0.84697598
49.5879,21822.4799,46.603836,0.124323,134.429901,0.15227801,0.36509299,0.846928
49.6078,21822.4999,46.604454,0.178557,134.414841,0.15192699,0.365246,0.84695101
49.6365,21822.5199,46.596966,0.244091,134.390808,0.15149599,0.36536199,0.84698701
49.6488,21822.5399,46.596355,0.291366,134.355881,0.151256,0.36545801,0.84694302
49.6688,21822.5599,46.596184,0.329911,134.306183,0.15112901,0.365511,0.84684002
49.687,21822.5799,46.584911,0.371213,134.269058,0.15090699,0.36550701,0.84681499
49.7043,21822.5999,46.555588,0.402281,134.233582,0.150699,0.36533999,0.84683901
49.7225,21822.6199,46.523224,0.442898,134.196701,0.150415,0.365179,0.84688002
49.7433,21822.6399,46.49765,0.481278,134.203995,0.15002801,0.36511901,0.84703398
49.7711,21822.6599,46.475613,0.52825,134.213013,0.149583,0.365114,0.847193
49.7878,21822.6799,46.433914,0.568151,134.218094,0.149141,0.36493701,0.84739202
49.8046,21822.6999,46.400707,0.609463,134.249588,0.14863101,0.36486101,0.84764802
49.835,21822.7199,46.400864,0.669148,134.320877,0.147963,0.36513901,0.84794599
49.8513,21822.7398,46.404411,0.718978,134.379272,0.14741901,0.36539501,0.84817898
49.8708,21822.7599,46.392048,0.753042,134.396942,0.147072,0.36543101,0.84831703
49.8902,21822.7799,46.351013,0.743642,134.456924,0.14682201,0.36517599,0.84861898
49.9053,21822.7999,46.286068,0.712262,134.572372,0.146484,0.36474699,0.84913898
49.9232,21822.82,46.245148,0.715179,134.565094,0.146358,0.36444399,0.84924901
49.9445,21822.84,46.214622,0.754784,134.544983,0.146033,0.364315,0.84933299
49.9726,21822.86,46.187984,0.776735,134.553223,0.145761,0.364196,0.84947002
49.9834,21822.88,46.181187,0.755886,134.654343,0.14557301,0.36421001,0.84977603
50.0067,21822.9001,46.207573,0.722216,134.714386,0.145714,0.36437801,0.84983498
50.0247,21822.9201,46.248524,0.715137,134.683197,0.14599299,0.36462,0.84960097
50.0545,21822.9401,46.276955,0.721739,134.687164,0.14602,0.36485499,0.84953302
50.07,21822.9602,46.278709,0.708612,134.694931,0.146098,0.364838,0.84953398
50.0907,21822.9802,46.296406,0.709435,134.661606,0.146253,0.36492899,0.84937698
50.1043,21823.0002,46.329418,0.754024,134.622498,0.14614999,0.36526,0.84921002
50.1799,21823.0202,46.335674,0.800584,134.55397,0.146043,0.36536199,0.84903902
50.1832,21823.0403,46.310123,0.810679,134.502625,0.146052,0.36513901,0.84897399
50.1862,21823.0603,46.285263,0.817954,134.507446,0.145905,0.36498401,0.84907597
50.1876,21823.0803,46.259914,0.834762,134.362091,0.146164,0.364663,0.84872901
50.2057,21823.1004,46.240704,0.852394,134.221283,0.146421,0.36439601,0.84837598
50.2267,21823.1204,46.232071,0.87575,134.133209,0.146501,0.364292,0.84816003
50.2433,21823.1404,46.205154,0.889721,134.154526,0.146245,0.36416399,0.84832799
50.2609,21823.1604,46.173725,0.889304,134.305649,0.145669,0.36412299,0.848894
50.282,21823.1805,46.185513,0.918311,134.332748,0.14540499,0.36433399,0.84897798
50.3138,21823.2005,46.217579,0.970416,134.35495,0.14504901,0.36476001,0.84901202
50.3301,21823.2205,46.234554,1.01163,134.401062,0.14465,0.365071,0.84915298
50.3468,21823.2402,46.225895,1.06092,134.388351,0.144298,0.365143,0.84920299
50.3638,21823.2602,46.217136,1.148867,134.320511,0.14383499,0.365264,0.849132
50.3812,21823.2802,46.203377,1.263701,134.255173,0.143149,0.365435,0.84911698
50.4014,21823.3003,46.168102,1.364969,134.223267,0.142389,0.36544701,0.84925503
50.4238,21823.3203,46.12714,1.353325,134.24617,0.14227299,0.36513701,0.84943902
50.4462,21823.3403,46.077965,1.181499,134.32399,0.143144,0.36434099,0.84961802
50.4667,21823.3603,45.988087,0.943431,134.398544,0.14439,0.36303601,0.84982902
50.4878,21823.3803,45.868439,0.757992,134.401718,0.14538001,0.36158201,0.84997702
50.5035,21823.4003,45.776505,0.654484,134.358749,0.14599501,0.360526,0.84999901
50.5227,21823.4203,45.732956,0.531966,134.331772,0.146852,0.35978901,0.84989399
50.5448,21823.4403,45.690872,0.356585,134.295319,0.14813501,0.35888499,0.84968603
50.5613,21823.4603,45.621078,0.148577,134.219025,0.14969701,0.35762,0.84939498
50.5822,21823.4803,45.545635,0.008426,134.109329,0.150841,0.35647801,0.84910297
50.6042,21823.5003,45.491653,-0.013407,133.9897,0.151205,0.35585201,0.84886599
50.6222,21823.5203,45.461742,0.000324,133.881485,0.151345,0.35553101,0.84863597
50.6447,21823.5403,45.437786,-0.016377,133.78215,0.151701,0.35517001,0.84837401
50.6669,21823.5603,45.443157,-0.062725,133.685028,0.152362,0.35493401,0.84798902
50.6845,21823.5803,45.473259,-0.125675,133.551682,0.153336,0.35477901,0.84738898
50.7091,21823.6003,45.500359,-0.136306,133.405243,0.153954,0.35474899,0.846825
50.7411,21823.6203,45.516758,-0.092008,133.287003,0.154045,0.354853,0.84645599
50.7512,21823.6403,45.514713,-0.07222,133.201523,0.154157,0.35478601,0.84621602
50.7647,21823.6603,45.491886,-0.168448,133.160995,0.15492,0.35425499,0.84602702
50.7862,21823.6802,45.481911,-0.367688,133.139587,0.156425,0.353513,0.84571898
50.8032,21823.7002,45.513466,-0.560099,133.091293,0.158094,0.353062,0.84520102
50.8239,21823.7202,45.559738,-0.699243,133.078491,0.159307,0.352938,0.844823
50.857,21823.7402,45.602844,-0.808815,133.114182,0.160142,0.35295299,0.84465098
50.8686,21823.7602,45.669868,-0.91232,133.135818,0.16105101,0.353145,0.84436601
50.8896,21823.7802,45.756119,-1.009475,133.065872,0.162256,0.35337001,0.84373301
50.9103,21823.8002,45.842796,-1.090799,132.920914,0.16357701,0.35354099,0.84287602
50.931,21823.8202,45.90802,-1.107393,132.739975,0.164465,0.35371,0.84205902
50.9521,21823.8402,45.971577,-1.027498,132.542969,0.16469,0.354155,0.84133297
50.9654,21823.8602,46.018478,-0.888021,132.342514,0.164437,0.35466799,0.84073102
50.9891,21823.8802,45.999878,-0.721071,132.166519,0.163697,0.354826,0.84045202
51.0044,21823.9002,45.971653,-0.546659,132.02037,0.162779,0.35498199,0.84030998
51.0273,21823.9202,45.929165,-0.415765,131.893143,0.162075,0.35491899,0.84021097
51.0491,21823.9402,45.788601,-0.379658,131.80838,0.161613,0.35388601,0.84042102
51.0822,21823.9602,45.598614,-0.378912,131.761475,0.16113,0.35242701,0.84085703
51.0973,21823.9802,45.409767,-0.313422,131.720673,0.160155,0.35119799,0.841398
51.1065,21824.0002,45.235031,-0.23082,131.73999,0.158915,0.35021299,0.84211397
51.1245,21824.0202,45.092915,-0.24627,131.856293,0.158207,0.34927699,0.84291202
51.1468,21824.0402,44.969971,-0.362738,132.051651,0.158067,0.34825799,0.84377003
51.1641,21824.0602,44.922153,-0.475752,132.248413,0.15814599,0.34780601,0.84440601
51.189,21824.0802,44.979164,-0.5286,132.42012,0.158199,0.34829101,0.84472001
51.2087,21824.1001,45.081554,-0.549609,132.550888,0.158287,0.349159,0.84480298
51.2252,21824.1201,45.16478,-0.559717,132.602356,0.158473,0.349812,0.84469998
51.2489,21824.1401,45.23119,-0.565324,132.583511,0.158786,0.35025799,0.84442598
51.2681,21824.1601,45.284744,-0.51223,132.488892,0.158857,0.35069501,0.84402603
51.2938,21824.1801,45.312759,-0.366674,132.353012,0.158292,0.351188,0.84369802
51.3202,21824.2001,45.322056,-0.182368,132.207077,0.15741301,0.351657,0.84344703
51.3296,21824.2201,45.303215,-0.031007,132.074631,0.156644,0.351832,0.843279
51.3605,21824.2401,45.27634,0.074338,131.980118,0.15607101,0.35185,0.84319597
51.3622,21824.2601,45.268497,0.148032,131.943649,0.155615,0.35198399,0.84320098
51.3863,21824.2801,45.25621,0.186632,131.970215,0.155209,0.352056,0.84337801
51.404,21824.3002,45.220146,0.141644,132.064285,0.15513299,0.351771,0.84373498
51.4233,21824.3202,45.192699,0.046505,132.214844,0.15528201,0.35146201,0.84418201
51.4455,21824.3402,45.203262,-0.113023,132.377518,0.155993,0.35124099,0.84446299
51.4655,21824.3603,45.237335,-0.268966,132.491348,0.156904,0.35113999,0.84451598
51.4859,21824.3803,45.27393,-0.407988,132.544113,0.157885,0.35103101,0.844383
51.5121,21824.4003,45.290203,-0.450855,132.530884,0.15829401,0.35099301,0.84423101
51.5333,21824.4203,45.291496,-0.428073,132.463104,0.158338,0.35098299,0.84403801
51.5484,21824.4404,45.296169,-0.357624,132.355164,0.15816499,0.351098,0.84376901
51.5677,21824.4604,45.309132,-0.285579,132.224228,0.158078,0.351248,0.84340101
51.586,21824.4804,45.33585,-0.209004,132.100479,0.15798099,0.35152501,0.84301901
51.6034,21824.5005,45.375343,-0.098759,131.993027,0.157629,0.352029,0.84269702
51.6276,21824.5205,45.405972,0.032683,131.905197,0.157033,0.35256401,0.84249598
51.6525,21824.5405,45.432076,0.125719,131.854416,0.156591,0.352992,0.84237599
51.6661,21824.5605,45.463432,0.200839,131.837204,0.156195,0.35344499,0.84232599
51.6897,21824.5806,45.483978,0.285179,131.925766,0.155369,0.353993,0.84266698
51.7105,21824.6006,45.490318,0.333993,131.903748,0.155099,0.35416901,0.84264201
51.7292,21824.6206,45.490765,0.33932,131.898651,0.155077,0.35418299,0.84263098
51.7508,21824.6407,45.454411,0.34924,131.90657,0.15486,0.35395899,0.84278202
51.7683,21824.6607,45.394356,0.387926,131.942825,0.154266,0.35369301,0.84313703
51.7838,21824.6807,45.33363,0.425962,132.018799,0.153552,0.35347301,0.84362203
51.8068,21824.7007,45.30088,0.427144,132.15657,0.15301099,0.35341999,0.84417301
51.8238,21824.7208,45.307251,0.401846,132.310272,0.152744,0.35359001,0.84461898
51.8458,21824.7408,45.324581,0.401391,132.448227,0.15237799,0.35389999,0.84501201
51.8691,21824.7608,45.353268,0.446004,132.559296,0.15179899,0.35440299,0.84534198
51.8833,21824.7809,45.384373,0.495012,132.64476,0.151274,0.35490301,0.84558702
51.9032,21824.8009,45.409836,0.521796,132.733185,0.150885,0.35529301,0.84582901
51.9269,21824.8209,45.424332,0.530006,132.822586,0.150594,0.355544,0.84608197
51.9453,21824.8409,45.42775,0.520504,132.805603,0.150728,0.35551599,0.84600502
51.9634,21824.861,45.446659,0.520102,132.70282,0.15111101,0.355519,0.84561598
51.9925,21824.881,45.459995,0.518039,132.617569,0.151434,0.35549799,0.84529799
52.0108,21824.901,45.454838,0.526242,132.567825,0.151511,0.35542101,0.845164
52.037,21824.9209,45.461971,0.5078,132.63916,0.15144899,0.355508,0.845348
52.0527,21824.9409,45.499275,0.471751,132.648148,0.15180799,0.35567901,0.84521401
52.0668,21824.9609,45.564724,0.409128,132.693268,0.15234201,0.35601899,0.84507501
52.0855,21824.9809,45.639919,0.336798,132.616623,0.153357,0.35623801,0.84449899
52.1091,21825.0009,45.695045,0.253506,132.502243,0.154505,0.35622099,0.84384799
52.1254,21825.0209,45.716011,0.219189,132.350616,0.155297,0.35605901,0.84324598
52.1831,21825.0409,45.696842,0.25969,132.278061,0.15516201,0.35595101,0.84312499
52.1859,21825.0609,45.680542,0.355434,132.241806,0.15451699,0.35609299,0.84318697
52.1893,21825.0809,45.683784,0.392891,132.250122,0.15422601,0.35624999,0.84325403
52.2061,21825.1009,45.713017,0.372172,132.31955,0.154258,0.356491,0.84336102
52.2263,21825.1209,45.780502,0.357146,132.429184,0.154247,0.357086,0.84348702
52.2453,21825.1409,45.867695,0.337616,132.568573,0.154239,0.35785201,0.84364003
52.2627,21825.1609,45.924103,0.286755,132.718048,0.154329,0.35830399,0.84387797
52.2918,21825.1809,45.969219,0.240329,132.864883,0.154357,0.35868499,0.84414601
52.3098,21825.2009,46.018147,0.204575,133.000793,0.15435199,0.35911399,0.84438002
52.3281,21825.2209,46.060738,0.143439,133.145905,0.154484,0.35942799,0.84462798
52.3492,21825.2409,46.098705,0.073181,133.890488,0.152784,0.360484,0.84677202
52.3616,21825.2609,46.129292,0.028995,135.079254,0.14945801,0.36214101,0.850308
52.382,21825.2809,46.154346,0.01354,136.219925,0.146036,0.36375099,0.85366499
52.4034,21825.3009,46.18206,-0.006159,137.313583,0.142786,0.36527801,0.85678601
52.4223,21825.3208,46.219463,-0.019071,138.372864,0.139607,0.366826,0.85970902
52.4437,21825.3408,46.287651,0.009197,139.393616,0.13631099,0.36864701,0.86240101
52.4647,21825.3608,46.366112,0.030997,140.304993,0.133424,0.37037101,0.86468297
52.4812,21825.3808,46.415691,0.025061,141.105438,0.13101099,0.37165299,0.86667401
52.5043,21825.4008,46.489738,0.110626,141.516479,0.129225,0.37290701,0.86762202
52.525,21825.4208,46.611046,0.290879,141.581528,0.127969,0.37437299,0.86760098
52.5519,21825.4408,46.702084,0.447024,141.666016,0.12675101,0.37556499,0.86769998
52.5715,21825.4608,46.734814,0.509023,141.76416,0.126046,0.37608299,0.86791801
52.5881,21825.4808,46.798592,0.596628,141.849579,0.12526999,0.37688699,0.868029
52.6046,21825.5008,46.890141,0.748966,141.930634,0.12409,0.37806299,0.86810601
52.6253,21825.5208,46.967087,0.915587,142.075562,0.122551,0.37923101,0.86840802
52.6473,21825.5408,47.026569,0.979477,142.298813,0.121483,0.38008201,0.868855
52.6676,21825.5608,47.080982,1.025248,142.52066,0.120541,0.38084501,0.86928999
52.6829,21825.5808,47.138088,1.127254,142.681534,0.11938,0.381704,0.86961699
52.7046,21825.6008,47.190926,1.318471,142.822571,0.117595,0.38273099,0.86999702
52.724,21825.6208,47.245842,1.547402,142.986847,0.115449,0.38388601,0.87046099
52.7437,21825.6408,47.305695,1.741342,143.181366,0.113477,0.38501501,0.87094098
52.7661,21825.6608,47.388344,1.953874,143.302063,0.111668,0.38628301,0.871176
52.7828,21825.6808,47.483658,2.217192,143.351883,0.109743,0.38769799,0.87123901
52.8075,21825.7008,47.579895,2.466224,143.424042,0.107853,0.389101,0.87133598
52.8353,21825.7208,47.616646,2.642782,143.546951,0.106187,0.38992199,0.87167799
52.8549,21825.7407,47.596798,2.757259,143.697632,0.104752,0.390187,0.87221199
52.8668,21825.7607,47.582397,2.847906,143.832932,0.103564,0.39041901,0.872666
52.8847,21825.7807,47.579971,2.891112,143.959061,0.102799,0.39061701,0.87301499
52.9032,21825.8007,47.576763,2.90169,144.081161,0.102294,0.39072701,0.873326
52.9248,21825.8207,47.633595,2.825271,144.245209,0.102461,0.391123,0.87345898
52.9473,21825.8407,47.65929,2.74392,144.38176,0.10268,0.391247,0.87362498
52.9636,21825.8607,47.656181,2.710804,144.483566,0.102577,0.39123699,0.87384498
52.9825,21825.8807,47.657303,2.716808,144.569412,0.102241,0.39133599,0.87404901
53.0054,21825.9007,47.671421,2.637486,144.660324,0.102571,0.39133799,0.87414497
53.0287,21825.9207,47.702469,2.513049,144.714951,0.103411,0.39133099,0.87405801
53.0449,21825.9407,47.747303,2.42693,144.751389,0.104055,0.39150199,0.87391698
53.0706,21825.9607,47.807278,2.392685,144.797379,0.104308,0.391918,0.87379497
53.0912,21825.9807,47.8577,2.345635,144.846405,0.104624,0.39223501,0.87369901
53.1032,21826.0007,47.916618,2.283783,144.874832,0.105144,0.39256299,0.87351298
53.1257,21826.0207,48.017403,2.239215,144.876236,0.105728,0.393224,0.87313902
53.1567,21826.0407,48.117527,2.198614,144.855484,0.106356,0.393868,0.87271899
53.1648,21826.0607,48.170609,2.14053,144.828552,0.107022,0.39410901,0.87242401
53.1844,21826.0807,48.202057,2.134062,144.789017,0.107285,0.39429501,0.87221998
53.2069,21826.1007,48.247337,2.20337,144.72644,0.107085,0.39474201,0.87198597
53.2213,21826.1207,48.293678,2.250616,144.676666,0.107012,0.39515701,0.87175798
53.2453,21826.1406,48.303478,2.238509,144.718842,0.106983,0.39524201,0.871813
53.261,21826.1606,48.309807,2.235718,144.668396,0.107194,0.39523599,0.87167102
53.2896,21826.1806,48.310612,2.283758,144.562454,0.107196,0.39525601,0.87146401
53.3062,21826.2006,48.269974,2.367322,144.484161,0.106729,0.395073,0.87149298
53.3217,21826.2206,48.229935,2.442679,144.490219,0.106035,0.39495301,0.87171203
53.3465,21826.2406,48.240704,2.462971,144.54892,0.105705,0.39513701,0.87183201
53.3663,21826.2606,48.261749,2.379713,144.645447,0.106058,0.39519,0.87191099
53.3826,21826.2806,48.267548,2.232861,144.766113,0.106774,0.39500099,0.87203902
53.4027,21826.3006,48.281296,2.182014,144.832825,0.106965,0.39504799,0.87210202
53.4238,21826.3206,48.317345,2.19925,144.882919,0.10675,0.395408,0.872114
53.4433,21826.3406,48.367596,2.17835,144.973221,0.106721,0.39582399,0.872136
53.4622,21826.3606,48.431099,2.105621,145.072617,0.107087,0.39622799,0.87208599
53.4839,21826.3806,48.499847,1.979656,145.11879,0.108054,0.39649901,0.87184298
53.5039,21826.4006,48.551052,1.885904,145.10759,0.108931,0.396658,0.87155497
53.5211,21826.4206,48.580109,1.896474,145.074539,0.109036,0.396871,0.87138999
53.5429,21826.4406,48.595047,1.922281,145.059311,0.108929,0.39703,0.871328
53.561,21826.4606,48.609226,1.96219,145.046692,0.108704,0.39721799,0.87128901
53.5849,21826.4806,48.635448,1.96803,145.02356,0.108804,0.39740801,0.87115198
53.608,21826.5006,48.686131,1.920308,144.990082,0.109407,0.39764801,0.870857
53.6225,21826.5206,48.716644,1.874488,144.986008,0.109844,0.39776799,0.8707
53.644,21826.5405,48.695564,1.872781,145.012329,0.109714,0.39763001,0.87083101
53.6648,21826.5605,48.656078,1.900874,145.059875,0.109239,0.39744201,0.87110299
53.6842,21826.5805,48.649475,1.890583,145.106934,0.109138,0.39741299,0.871225
53.7031,21826.6005,48.68586,1.818376,145.131927,0.109689,0.397544,0.87109101
53.7316,21826.6205,48.714233,1.710968,145.160843,0.110474,0.39753699,0.87095797
53.7442,21826.6405,48.695385,1.650155,145.193558,0.110777,0.397284,0.87103999
53.7626,21826.6605,48.68412,1.69336,145.208939,0.110368,0.39731401,0.87115598
53.7836,21826.6805,48.690372,1.773244,145.192719,0.109832,0.39753199,0.87117302
53.8022,21826.7005,48.709236,1.778587,145.173767,0.109903,0.39766899,0.87107003
53.8227,21826.7205,48.689217,1.678751,145.22142,0.110448,0.397331,0.871153
53.8433,21826.7405,48.630077,1.642389,145.306351,0.110287,0.39688,0.871517
53.8635,21826.7605,48.571121,1.832386,145.377029,0.108454,0.39694101,0.87206203
53.884,21826.7805,48.413193,2.313756,145.394913,0.104343,0.396871,0.873083
53.9068,21826.8005,48.129761,2.902968,145.460281,0.098931,0.39612901,0.87470597
53.9227,21826.8205,47.812702,3.344939,145.619049,0.094228,0.39486101,0.87649202
53.9457,21826.8405,47.63839,3.527889,145.841934,0.091633,0.39412999,0.87771702
53.9633,21826.8605,47.589359,3.416093,146.166962,0.091253,0.393767,0.87851501
53.9844,21826.8805,47.665813,3.156005,146.502151,0.092279,0.39404199,0.87879503
54.0068,21826.9005,47.79755,2.858469,146.789322,0.093886,0.39462301,0.87874901
54.0267,21826.9205,47.845818,2.598596,147.042679,0.09512,0.394631,0.87892801
54.0546,21826.9405,47.804485,2.44803,147.247742,0.095473,0.39415801,0.87938797
54.0668,21826.9604,47.731804,2.435206,147.366119,0.094996,0.39367399,0.87987697
54.0847,21826.9804,47.651402,2.43697,147.410568,0.094644,0.39309999,0.88024402
54.1052,21827.0004,47.572266,2.418047,147.432892,0.09453,0.39247301,0.88054001
54.1214,21827.0204,47.464985,2.359197,147.518829,0.094441,0.39159599,0.88103497
54.1436,21827.0404,47.32473,2.265189,147.686707,0.094269,0.39045799,0.88178599
54.1666,21827.0604,47.149502,2.166869,147.867203,0.094012,0.389052,0.88267499
54.1832,21827.0804,46.926888,2.088633,148.034454,0.093543,0.38731301,0.88370597
54.2078,21827.1004,46.708138,2.03751,148.175308,0.092968,0.385638,0.88468599
54.2262,21827.1204,46.542091,1.912496,148.328369,0.093046,0.38421801,0.88545698
54.2471,21827.1404,46.440491,1.671549,148.511627,0.094068,0.38307199,0.885984
54.2722,21827.1604,46.401379,1.37957,148.682922,0.095667,0.382292,0.88623399
54.3055,21827.1804,46.421803,1.129453,148.824249,0.097175,0.38203701,0.88625699
54.3206,21827.2004,46.500992,0.934615,148.914627,0.098553,0.382312,0.88602102
54.3277,21827.2204,46.589527,0.727314,148.974472,0.100148,0.38260701,0.88567603
54.3405,21827.2404,46.661545,0.505815,149.023941,0.10185,0.382736,0.88534701
54.3708,21827.2604,46.747066,0.284209,149.033401,0.103714,0.38293299,0.884884
54.3898,21827.2804,46.798794,0.030395,148.976013,0.105976,0.38273799,0.88435602
54.4008,21827.3004,46.826283,-0.214222,148.898499,0.108181,0.38235199,0.88387001
54.4225,21827.3204,46.884052,-0.391116,148.778488,0.110069,0.38230199,0.88324797
54.4459,21827.3404,46.927986,-0.525443,148.585815,0.111841,0.382162,0.88255203
54.4634,21827.3603,46.939018,-0.58271,148.324783,0.113176,0.38186499,0.88188702
54.4809,21827.3803,46.946484,-0.575636,148.008926,0.11419,0.381625,0.88116997
54.5056,21827.4003,46.957256,-0.53528,147.659775,0.115066,0.38144901,0.88039398
54.5245,21827.4203,46.93882,-0.496297,147.319733,0.115857,0.38105199,0.87972897
54.5456,21827.4403,46.891418,-0.429321,147.005035,0.116282,0.38052201,0.87923801
54.5709,21827.4603,46.830116,-0.293063,146.717102,0.116053,0.380072,0.87892002
54.5998,21827.4803,46.806057,-0.127395,146.451248,0.115609,0.38000101,0.87855399
54.6071,21827.5003,46.842182,-0.011802,146.220291,0.115573,0.38031301,0.87801498
54.6324,21827.5203,46.886795,0.030612,146.059189,0.115887,0.38059101,0.87753397
54.647,21827.5404,46.903664,0.055102,145.926407,0.11618,0.38064301,0.87719202
54.6648,21827.5604,46.917507,0.077225,145.786819,0.116507,0.38065901,0.87684101
54.6877,21827.5804,46.966515,0.079171,145.668152,0.117002,0.380918,0.87639999
54.7057,21827.6005,47.041534,0.045288,145.584763,0.117716,0.38132599,0.87591898
54.7257,21827.6205,47.110107,-0.027291,145.52652,0.118627,0.38161799,0.87547803
54.7542,21827.6405,47.183575,-0.084556,145.447464,0.119502,0.38196099,0.87498599
54.7694,21827.6605,47.247467,-0.144004,143.964417,0.125045,0.380721,0.87111002
54.7894,21827.6806,47.28611,-0.210043,142.803864,0.129493,0.37955901,0.86798799
54.8149,21827.7006,47.300316,-0.243649,142.236954,0.13166,0.378934,0.86644298
54.8304,21827.7206,47.357895,-0.193315,142.063568,0.132002,0.37930101,0.86585897
54.8608,21827.7407,47.402599,-0.15993,141.892914,0.132431,0.379529,0.86530399
54.8656,21827.7607,47.432259,-0.166947,141.729065,0.133104,0.379545,0.86476803
54.8949,21827.7807,47.456989,-0.191435,141.556519,0.13392501,0.379466,0.86420399
54.9073,21827.8007,47.490116,-0.194876,141.346664,0.13473301,0.37946099,0.86353499
54.927,21827.8208,47.547764,-0.118688,141.116531,0.135074,0.37982699,0.862822
54.9482,21827.8408,47.583771,0.002437,140.918777,0.134914,0.38018799,0.86231798
54.9672,21827.8608,47.566063,0.081774,140.739624,0.134864,0.38005599,0.86199099
54.9892,21827.8809,47.540306,0.124991,140.56424,0.135051,0.37977201,0.86165601
55.0037,21827.9009,47.563778,0.180091,140.400803,0.135242,0.379904,0.86120301
55.027,21827.9209,47.584469,0.239139,140.249878,0.135355,0.380041,0.86079597
55.0529,21827.9409,47.571865,0.314978,140.094894,0.13526499,0.379969,0.86050701
55.0763,21827.961,47.541042,0.366366,139.943649,0.135296,0.37969899,0.86025798
55.0898,21827.981,47.52124,0.396348,139.808868,0.135463,0.379473,0.85999101
55.1077,21828.001,47.517811,0.394278,139.708282,0.135802,0.37932301,0.85972399
55.123,21828.0211,47.506828,0.36441,139.656219,0.136168,0.37909701,0.85958201
55.1429,21828.0411,47.50473,0.354559,139.6091,0.136392,0.37899801,0.85944802
55.1709,21828.0611,47.532692,0.383583,138.864609,0.138713,0.37839401,0.857328
55.186,21828.0811,47.592957,0.431888,138.170334,0.140815,0.378133,0.85523403
55.2027,21828.1012,47.633381,0.468928,137.494904,0.142883,0.37770399,0.85321599
55.2239,21828.1212,47.640366,0.509965,136.874954,0.14464,0.37709701,0.85144699
55.2449,21828.1412,47.657425,0.549529,136.327026,0.146199,0.37664399,0.84983301
55.2734,21828.1612,47.700527,0.572351,135.943344,0.14742,0.37653899,0.848584
55.2941,21828.1811,47.752453,0.547215,135.599045,0.148894,0.37640199,0.84735399
55.3248,21828.2011,47.792713,0.528747,135.37883,0.149876,0.37635699,0.84653598
55.3357,21828.2211,47.822353,0.534819,135.163132,0.15063,0.376311,0.84579599
55.3609,21828.2411,47.855206,0.551976,134.977417,0.151214,0.37636,0.84514898
55.3661,21828.2611,47.909161,0.550033,134.809128,0.15194701,0.37652901,0.84445798
55.3873,21828.2811,47.966995,0.497697,134.691025,0.152899,0.37663701,0.84384
55.4042,21828.3011,48.022064,0.456986,134.631622,0.15356401,0.376838,0.84342402
55.4254,21828.3211,48.057972,0.440229,134.552017,0.15406001,0.37694401,0.84303999
55.4429,21828.3411,48.091026,0.431398,134.487045,0.154441,0.37707201,0.84272099
55.4663,21828.3611,48.112167,0.409087,134.383224,0.155012,0.37701899,0.84230202
55.4831,21828.3811,48.125465,0.366788,134.354416,0.155459,0.37694699,0.84211302
55.503,21828.4011,48.1418,0.304458,134.351303,0.15597799,0.37687001,0.84196597
55.532,21828.4211,48.152992,0.248138,134.368149,0.156371,0.376802,0.84190398
55.5547,21828.4411,48.183567,0.208749,134.398254,0.156656,0.376946,0.84184301
55.5672,21828.4611,48.232944,0.176866,134.358398,0.15717401,0.37715599,0.84151399
55.5886,21828.4811,48.259224,0.116319,134.362946,0.157685,0.377168,0.84135902
55.6049,21828.5011,48.272644,0.040594,134.3573,0.158301,0.37702501,0.84119302
55.6282,21828.5211,48.31028,-0.003689,134.356766,0.15874401,0.37716401,0.84100598
55.652,21828.5411,48.37315,-0.008406,134.300858,0.15915699,0.37753299,0.84061998
55.6665,21828.5611,48.412571,0.007074,134.270615,0.159265,0.377828,0.84041798
55.6829,21828.581,48.420074,0.042149,134.159912,0.15939599,0.37783799,0.84009898
55.7045,21828.601,48.436958,0.141748,134.012405,0.159205,0.37806499,0.83972502
55.7277,21828.621,48.487041,0.290526,133.824738,0.15889101,0.37863401,0.83918297
55.7514,21828.641,48.560806,0.451756,133.635788,0.158567,0.37941399,0.83857501
55.7696,21828.661,48.580772,0.598701,133.440155,0.15820301,0.37974799,0.83810198
55.7867,21828.681,48.519958,0.792409,133.217285,0.157332,0.37960401,0.83787
55.8069,21828.7011,48.396191,0.999755,132.98613,0.156186,0.37903699,0.83783102
55.8275,21828.7211,48.252254,1.140998,132.793594,0.15532701,0.37817201,0.837883
55.8516,21828.7411,48.132683,1.265532,132.591385,0.154697,0.37742099,0.83779901
55.8671,21828.7611,47.969448,1.39009,132.374863,0.15396801,0.37633699,0.83780402
55.894,21828.7812,47.74638,1.506412,132.153839,0.15311299,0.37478799,0.83796901
55.9059,21828.8012,47.557632,1.636351,131.940125,0.15223999,0.373546,0.83805799
55.9287,21828.8212,47.427368,1.71875,131.804062,0.15165,0.37268299,0.83814198
55.9743,21828.8413,47.267582,1.613677,131.795059,0.15191901,0.371171,0.83847702
55.9768,21828.8613,47.176559,1.498978,131.762573,0.15256201,0.370096,0.83850598
55.9917,21828.8813,47.095783,1.360891,131.679779,0.15357199,0.36895099,0.83830798
56.005,21828.9013,46.918861,1.111167,131.587799,0.155108,0.36672801,0.838229
56.023,21828.9214,46.707195,0.880677,131.441727,0.15655801,0.36423501,0.83810198
56.0449,21828.9414,46.493385,0.781051,131.173218,0.157426,0.361981,0.83775198
56.0649,21828.9614,46.267529,0.727032,130.851547,0.158078,0.35971299,0.83731598
56.085,21828.9815,46.01886,0.50959,130.562271,0.159734,0.35677499,0.83681899
56.1033,21829.0015,45.769554,0.186986,130.295059,0.162075,0.35349801,0.836236
56.1415,21829.0215,45.540199,0.006758,129.918472,0.16376799,0.35067901,0.83540702
56.1532,21829.0415,45.398685,0.045497,129.48996,0.16430999,0.349168,0.83442801
56.1684,21829.0616,45.297771,0.06476,129.152023,0.16485,0.348014,0.83359897
56.1865,21829.0816,45.148262,-0.175032,128.903778,0.16682699,0.345736,0.83284402
56.2095,21829.1016,45.045464,-0.459786,128.63913,0.16933399,0.343606,0.83181298
56.2254,21829.1217,45.065498,-0.586828,128.351135,0.171188,0.342877,0.83055103
56.2495,21829.1417,45.126961,-0.584798,128.122116,0.17207401,0.342987,0.82955903
56.2697,21829.1617,45.163055,-0.608426,127.926567,0.172957,0.34287101,0.82871997
56.3024,21829.1817,45.196175,-0.695359,127.732994,0.174281,0.34250799,0.82779902
56.3177,21829.2018,45.221607,-0.840558,127.536827,0.17600501,0.34187299,0.82679898
56.3256,21829.2218,45.201603,-0.996528,127.352493,0.177608,0.340884,0.825957
56.3442,21829.2418,45.14901,-1.064881,127.188164,0.17840201,0.340002,0.825418
56.3727,21829.2619,45.092396,-1.061535,127.040199,0.178615,0.33937401,0.82506001
56.3883,21829.2819,45.020416,-1.078649,126.905052,0.178881,0.338581,0.82476097
56.4045,21829.3019,44.934738,-1.18475,126.793159,0.17966799,0.337401,0.82444698
56.4267,21829.3219,44.858685,-1.364669,126.716217,0.180916,0.33607399,0.82411301
56.4439,21829.3419,44.819572,-1.559873,126.677795,0.182292,0.335017,0.82378101
56.4625,21829.3619,44.829479,-1.731592,126.656784,0.183623,0.33442599,0.82340002
56.4866,21829.3819,44.896439,-1.88943,126.667107,0.184966,0.33434799,0.822981
56.5075,21829.4018,44.891029,-2.062455,126.70356,0.186083,0.33373299,0.822851
56.5281,21829.4218,44.977081,-2.247616,126.740784,0.18761,0.33373699,0.82242298
56.5527,21829.4418,45.151299,-2.396683,126.749748,0.189272,0.33446401,0.82167798
56.5704,21829.4618,45.337845,-2.517463,126.717934,0.190892,0.33531699,0.820786
56.5863,21829.4818,45.548553,-2.625717,126.658005,0.192589,0.33634099,0.81973302
56.6096,21829.5018,45.769253,-2.679293,126.490036,0.19424801,0.33745301,0.81833798
56.6261,21829.5218,45.836861,-2.68032,126.179932,0.195409,0.33740899,0.81697899
56.644,21829.5418,45.749882,-2.6491,125.896767,0.19570801,0.33641601,0.81625003
56.6677,21829.5618,45.657085,-2.529874,125.634995,0.19529299,0.335747,0.81576401
56.6901,21829.5818,45.592976,-2.382344,125.356735,0.19482601,0.33536601,0.81516999
56.7133,21829.6018,45.505318,-2.294136,125.112755,0.194593,0.334654,0.81467199
56.7302,21829.6218,45.382439,-2.219924,124.921852,0.19417299,0.333729,0.81445402
56.7429,21829.6418,45.257542,-2.049113,124.764206,0.192959,0.33321401,0.81452698
56.7645,21829.6618,45.171314,-1.84416,124.659325,0.191489,0.333197,0.814735
56.788,21829.6818,45.143353,-1.687664,124.61422,0.190404,0.33351499,0.81490898
56.8065,21829.7018,45.16349,-1.607857,124.622139,0.189888,0.333974,0.81501102
56.8305,21829.7218,45.204884,-1.604806,124.665169,0.18989401,0.334353,0.815054
56.8541,21829.7418,45.245045,-1.66513,124.70475,0.190356,0.33447799,0.814982
56.8707,21829.7618,45.26371,-1.720086,124.733803,0.190731,0.334452,0.81494403
56.8899,21829.7818,45.28001,-1.74879,124.750313,0.190947,0.334488,0.81490898
56.9158,21829.8018,45.327244,-1.772166,124.743271,0.19130801,0.33472601,0.81470001
56.926,21829.8218,45.383221,-1.873613,124.738647,0.192249,0.33473501,0.81434298
56.9506,21829.8418,45.453239,-2.030823,124.701538,0.19373199,0.33457899,0.81372398
56.9732,21829.8618,45.507107,-2.125672,124.606888,0.19487999,0.33444399,0.81304002
56.9868,21829.8819,45.506702,-2.152141,124.452682,0.19551601,0.33407801,0.81241
57.0062,21829.9019,45.48526,-2.121371,124.266563,0.195761,0.33372399,0.81181902
57.0279,21829.9219,45.498531,-2.061507,124.100487,0.19587,0.33376399,0.81124598
57.0568,21829.942,45.537426,-2.031836,123.974052,0.196173,0.33393899,0.81069398
57.0703,21829.962,45.556469,-2.043308,123.827217,0.196753,0.33377901,0.81005299
57.098,21829.982,45.543522,-2.058377,123.644806,0.19734199,0.33331501,0.80936497
57.1124,21830.002,45.529182,-1.998108,123.428726,0.19749101,0.33307299,0.80867898
57.1331,21830.0221,45.525127,-1.883076,123.226532,0.19725201,0.333141,0.80810702
57.1579,21830.0421,45.523415,-1.763396,123.063782,0.19687501,0.33331299,0.80768698
57.1753,21830.0621,45.522991,-1.699326,122.920044,0.19684,0.333312,0.80724001
57.1866,21830.0822,45.568386,-1.702969,122.792976,0.19740801,0.33340099,0.806602
57.2126,21830.1022,45.628719,-1.686125,122.633041,0.19798499,0.33361799,0.805825
57.2388,21830.1222,45.668747,-1.534803,122.407684,0.197731,0.334104,0.80508399
57.2476,21830.1422,45.670795,-1.313448,122.148338,0.196941,0.334539,0.804443
57.2686,21830.1623,45.65873,-1.180273,121.897209,0.196693,0.334546,0.80372101
57.2839,21830.1823,45.666981,-1.115478,121.630257,0.19705001,0.33440101,0.802755
57.3094,21830.2024,45.666435,-1.002982,121.305443,0.197208,0.33428401,0.80166399
57.3343,21830.2224,45.611271,-0.855033,120.978226,0.19691101,0.333922,0.80078202
57.3479,21830.2425,45.516075,-0.718403,120.669205,0.19648001,0.33327001,0.80006498
57.3676,21830.2625,45.435642,-0.60048,120.387787,0.196155,0.33269799,0.79937601
57.3968,21830.2826,45.418831,-0.524251,120.125008,0.196319,0.33243701,0.79849899
57.4074,21830.3027,45.506565,-0.496299,119.884956,0.197173,0.33274999,0.79732001
57.4288,21830.3227,45.573849,-0.476751,119.645271,0.19800401,0.332885,0.79618502
57.4489,21830.3428,45.594154,-0.459685,119.376854,0.19874699,0.33263099,0.79506397
57.4679,21830.3628,45.610485,-0.470947,119.07328,0.199772,0.33217001,0.79375798
57.4884,21830.3829,45.656738,-0.442601,118.700729,0.200844,0.331956,0.792144
57.5069,21830.403,45.717491,-0.372755,118.282631,0.201822,0.33193001,0.79036498
57.5262,21830.423,45.772381,-0.339751,117.905952,0.202912,0.33177999,0.78870201
57.5495,21830.4431,45.816238,-0.36928,117.578995,0.204243,0.33137801,0.78715998
57.5801,21830.4632,45.827644,-0.350599,117.185287,0.2053,0.33083099,0.78551197
57.5878,21830.4832,45.811756,-0.314464,116.763939,0.206201,0.330118,0.783849
57.608,21830.5033,45.8255,-0.324486,116.389214,0.207406,0.32949299,0.78220499
57.6357,21830.5233,45.852718,-0.383123,116.060287,0.208866,0.328832,0.78061998
57.6604,21830.5434,45.833271,-0.489151,115.746384,0.21040399,0.327672,0.77914
57.6658,21830.5635,45.784851,-0.597102,115.400635,0.211917,0.32624099,0.77759498
57.6941,21830.5835,45.721867,-0.693745,115.019592,0.213384,0.32468799,0.77595001
57.7061,21830.6036,45.660805,-0.738662,114.591766,0.214634,0.32327899,0.77418101
57.7306,21830.6237,45.611729,-0.725477,114.167801,0.215526,0.322209,0.77249098
57.7599,21830.6437,45.567108,-0.670475,113.768913,0.21608099,0.32139799,0.77096701
57.7665,21830.6638,45.515274,-0.665395,113.415855,0.21680801,0.32040399,0.76956302
57.7886,21830.6838,45.49958,-0.694263,113.091576,0.217838,0.31955501,0.768112
57.811,21830.7039,45.498714,-0.731818,112.788437,0.21893001,0.318804,0.76669002
57.8324,21830.724,45.492897,-0.712826,112.492081,0.21960101,0.31828299,0.76541501
57.8512,21830.744,45.47908,-0.605087,112.180634,0.219685,0.31807801,0.76425999
57.8701,21830.7641,45.457684,-0.476724,111.887497,0.219547,0.31795201,0.76324397
57.9119,21830.7841,45.455029,-0.419846,111.664871,0.21977399,0.317765,0.762353
57.9124,21830.8042,45.4655,-0.379307,111.465294,0.22010501,0.31763601,0.76149601
57.9304,21830.8242,45.486568,-0.247208,111.22229,0.219997,0.31790999,0.76058602
57.9465,21830.8442,45.510975,-0.039038,110.968102,0.21943299,0.318533,0.75975901
57.9648,21830.8643,45.516842,0.155127,110.781876,0.21869101,0.31910199,0.75926399
57.9884,21830.8843,45.526943,0.314684,110.669319,0.217994,0.31968299,0.75902599
58.0062,21830.9043,45.575188,0.70864,110.400169,0.21636,0.321293,0.75840902
58.0268,21830.9243,45.616829,0.966026,110.195244,0.215425,0.322359,0.757842
58.0509,21830.9444,45.67099,1.105146,110.083015,0.21507201,0.32314199,0.75744098
58.0666,21830.9644,45.703804,1.254827,110.010056,0.214441,0.323906,0.75729799
58.0864,21830.9844,45.741131,1.39555,109.937759,0.213889,0.32466099,0.757128
58.1086,21831.0045,45.768291,1.561692,109.850266,0.213166,0.32543701,0.75696301
58.1283,21831.0245,45.735725,1.741348,109.782494,0.21201999,0.325921,0.757074
58.1459,21831.0445,45.712177,1.959761,109.720238,0.21064401,0.326653,0.75725502
58.1682,21831.0644,45.736259,2.2226,109.639648,0.20925,0.32786599,0.757303
58.1854,21831.0844,45.765224,2.479737,109.587097,0.207837,0.32913601,0.75745302
58.2087,21831.1044,45.789936,2.694378,109.581177,0.206551,0.330268,0.75774801
58.2313,21831.1244,45.763805,2.816832,109.59964,0.20556501,0.33069,0.75812203
58.2502,21831.1444,45.694798,2.901448,109.611572,0.20464601,0.33064801,0.75851101
58.2724,21831.1644,45.622822,2.978871,109.630936,0.203739,0.33056599,0.758928
58.2886,21831.1844,45.567127,3.091196,109.672775,0.202612,0.330789,0.75946498
58.3082,21831.2044,45.472706,3.221885,109.722275,0.201158,0.330856,0.76016903
58.33,21831.2244,45.350426,3.325747,109.791199,0.19969399,0.33065099,0.76098502
58.348,21831.2444,45.264851,3.43122,109.863396,0.19838201,0.330697,0.76172
58.3665,21831.2644,45.23135,3.549505,109.913887,0.197292,0.33110201,0.76224101
58.3847,21831.2844,45.217052,3.686617,109.970016,0.19615,0.331727,0.76276797
58.4112,21831.3044,45.220169,3.892545,110.038734,0.194594,0.33279699,0.76342201
58.4348,21831.3244,45.256226,4.107794,110.14904,0.19300801,0.33419099,0.76419097
58.4491,21831.3444,45.305599,4.2441,110.304695,0.19187599,0.33538899,0.76499301
58.474,21831.3644,45.337685,4.334766,110.452858,0.19098701,0.33625299,0.76572698
58.4915,21831.3844,45.334888,4.455479,110.525665,0.189953,0.33689699,0.76626098
58.5184,21831.4044,45.298969,4.603368,110.583145,0.18862601,0.337419,0.766855
58.5311,21831.4244,45.241154,4.75174,110.711876,0.18698201,0.33791399,0.76782203
58.559,21831.4444,45.219933,4.913671,110.882835,0.18529201,0.338774,0.76890099
58.5722,21831.4644,45.204735,5.09522,111.07254,0.18344,0.33978599,0.77007401
58.5918,21831.4843,45.21357,5.210275,111.340065,0.181913,0.34077901,0.77141798
58.6081,21831.5043,45.285568,5.270195,111.68425,0.180819,0.34206,0.772843
58.6294,21831.5243,45.397408,5.369718,112.038948,0.17960399,0.34378901,0.77426398
58.6578,21831.5443,45.485214,5.516283,112.370132,0.178022,0.34552199,0.77570701
58.6821,21831.5643,45.546558,5.619554,112.739952,0.176487,0.34694499,0.77730799
58.6884,21831.5843,45.603287,5.659942,113.15451,0.17521501,0.34812999,0.77900499
58.7143,21831.6043,45.642082,5.698736,113.550827,0.173922,0.34915599,0.78065699
58.7288,21831.6243,45.673912,5.8333,113.868225,0.17218,0.350418,0.78212601
58.749,21831.6443,45.709156,6.057581,114.154663,0.169929,0.35202801,0.78357899
58.7753,21831.6643,45.728348,6.187998,114.545769,0.167919,0.35328001,0.78536397
58.7919,21831.6843,45.760651,6.202424,115.035812,0.16645201,0.35427001,0.78734499
58.8112,21831.7043,45.836185,6.178462,115.547371,0.165369,0.355416,0.78922999
58.8336,21831.7243,45.923458,6.206583,116.026741,0.16407099,0.35680601,0.79100901
58.8519,21831.7443,45.959545,6.248665,116.471428,0.162552,0.35785401,0.79278702
58.8718,21831.7643,45.961105,6.304146,116.913361,0.16079301,0.35871199,0.79465199
58.8941,21831.7843,45.976116,6.372761,117.372284,0.158943,0.35973001,0.79655302
58.9129,21831.8043,46.013393,6.436646,117.864067,0.157113,0.36091501,0.79850399
58.932,21831.8243,46.052826,6.426611,118.402168,0.155655,0.36187699,0.80051398
58.9575,21831.8444,46.09478,6.313969,118.963463,0.154847,0.362481,0.80245101
58.9719,21831.8644,46.103344,6.208087,119.436394,0.154129,0.362764,0.80412799
58.993,21831.8844,46.098309,6.239861,119.806808,0.152711,0.36334899,0.80561799
59.0103,21831.9044,46.067459,6.328104,120.135307,0.15091901,0.36391199,0.80708402
59.0395,21831.9245,46.021801,6.437561,120.461197,0.148922,0.36444399,0.808599
59.0655,21831.9445,46.010296,6.536174,120.819855,0.147036,0.36520299,0.81012201
59.0737,21831.9645,46.026096,6.613693,121.181038,0.1454,0.36606601,0.81154197
59.0923,21831.9846,46.036098,6.662461,121.541389,0.143943,0.36677301,0.81292897
59.1139,21832.0046,46.047058,6.731805,121.920685,0.14228,0.36758101,0.81440002
59.1303,21832.0246,46.051216,6.821151,122.272697,0.140531,0.368375,0.81580299
59.1517,21832.0446,46.051357,6.954437,122.587387,0.138569,0.36925,0.817123
59.171,21832.0647,46.033169,7.045666,123.041786,0.136379,0.370002,0.81894302
59.1884,21832.0847,46.02388,7.099281,123.518707,0.134417,0.37069499,0.82076001
59.2088,21832.1047,46.018044,7.1539,124.084152,0.13217101,0.371508,0.822869
59.2295,21832.1248,46.015675,7.230809,124.576431,0.13001101,0.37232801,0.82471299
59.2584,21832.1448,46.026005,7.339536,125.029503,0.127794,0.37329301,0.82640201
59.2745,21832.1648,46.006386,7.446648,125.510788,0.125375,0.37406099,0.82825398
59.2915,21832.1848,45.984627,7.522891,125.960327,0.123271,0.374659,0.829952
59.325,21832.2049,45.988697,7.564121,126.290047,0.121909,0.375182,0.83111602
59.3312,21832.2249,45.989086,7.635206,126.557625,0.120518,0.37571001,0.83210301
59.3565,21832.2449,45.969372,7.71691,126.945076,0.118578,0.376252,0.833556
59.3691,21832.265,45.926594,7.759618,127.263153,0.117061,0.37641999,0.83478999
59.3867,21832.285,45.886822,7.760486,127.527786,0.116036,0.37641001,0.83578801
59.4056,21832.305,45.849178,7.765562,127.78653,0.115008,0.376421,0.83675998
59.4353,21832.325,45.817986,7.802081,128.031525,0.11382,0.37656501,0.83769602
59.451,21832.3451,45.803848,7.822044,128.273254,0.112827,0.37676901,0.83855301
59.4686,21832.3651,45.785995,7.81459,128.506058,0.11205,0.37684599,0.83936
59.4915,21832.3851,45.775295,7.762321,128.758881,0.111562,0.37684599,0.84016502
59.5146,21832.4051,45.777241,7.707445,129.0103,0.111145,0.37692499,0.84092498
59.5285,21832.4251,45.780128,7.699118,129.214127,0.110546,0.37711599,0.84156901
59.5531,21832.4451,45.741806,7.660906,129.420273,0.110009,0.376917,0.84230602
59.5711,21832.4651,45.697762,7.609385,129.614685,0.109589,0.37662199,0.84300703
59.5954,21832.4852,45.658642,7.521611,129.834045,0.109373,0.37627,0.84373701
59.6112,21832.5052,45.619587,7.453657,130.028412,0.109095,0.375958,0.84440398
59.627,21832.5252,45.570511,7.402125,130.191895,0.108763,0.37559599,0.845016
59.6529,21832.5452,45.526127,7.341299,130.361343,0.108498,0.37524399,0.84562302
59.6768,21832.5653,45.501614,7.294811,130.51857,0.108239,0.37506899,0.846147
59.6969,21832.5853,45.482468,7.226824,130.631454,0.108304,0.37482199,0.84649497
59.7076,21832.6053,45.444477,7.090698,130.725403,0.108868,0.37420699,0.846771
59.7288,21832.6254,45.421547,6.962845,130.822174,0.109416,0.37373,0.84701997
59.7508,21832.6454,45.452656,6.836319,130.94606,0.110057,0.37367401,0.84720099
59.7674,21832.6654,45.490547,6.683078,131.055542,0.110966,0.37357101,0.84728903
59.7891,21832.6854,45.505577,6.456999,131.152695,0.112374,0.37306201,0.847332
59.8101,21832.7055,45.52861,6.252971,131.228271,0.113717,0.37266099,0.84730202
59.8323,21832.7255,45.589283,6.091616,131.282135,0.114946,0.372646,0.84713501
59.8585,21832.7455,45.668041,5.913577,131.324127,0.116399,0.37269801,0.84685898
59.8906,21832.7656,45.705544,5.661868,131.401611,0.118137,0.37225601,0.84673601
59.8918,21832.7856,45.794147,5.364192,131.488708,0.120359,0.372051,0.84644097
59.9118,21832.8056,45.951195,4.960809,131.54422,0.123697,0.37197599,0.84572399
59.9672,21832.8256,46.107422,4.262336,131.614761,0.129154,0.37097701,0.84471202
59.9701,21832.8457,46.333755,3.477444,131.604645,0.13573501,0.37011299,0.84309101
59.9718,21832.8657,46.581749,2.836305,131.528412,0.14153001,0.36977199,0.84131497
59.987,21832.8857,46.803322,2.411696,131.464249,0.145597,0.36993599,0.83989501
60.0076,21832.9058,46.870602,2.086066,131.433319,0.14830799,0.36933401,0.83916903
60.0291,21832.9258,46.853336,1.845762,131.344574,0.150295,0.368314,0.83862197
60.047,21832.9458,46.855709,1.667018,131.178406,0.152144,0.36752999,0.83783799
60.0703,21832.9658,46.901546,1.4398,130.994034,0.154549,0.366873,0.836788
60.0923,21832.9859,46.984905,1.152504,130.839783,0.157419,0.36632401,0.83562899
60.1108,21833.0059,47.048412,0.860613,130.724823,0.160127,0.365661,0.83464599
60.1282,21833.0259,47.007534,0.696084,130.544449,0.161762,0.36456501,0.83394402
60.1509,21833.046,46.870686,0.647122,130.286255,0.162476,0.36304301,0.83344197
60.1721,21833.066,46.716167,0.611111,130.028687,0.163028,0.361435,0.833009
60.1882,21833.086,46.60318,0.536238,129.798431,0.163912,0.36003399,0.83247697
60.2173,21833.1059,46.509369,0.479794,129.521881,0.164868,0.35876599,0.83174801
60.2283,21833.1259,46.412037,0.43156,129.236801,0.165774,0.357485,0.83100599
60.2539,21833.1459,46.299683,0.338377,129.015884,0.166749,0.356031,0.830459
60.2776,21833.1659,46.138161,0.212497,128.874008,0.167541,0.35422,0.830284
60.2976,21833.1859,45.959007,0.085452,128.772598,0.168152,0.35233399,0.83029699
60.3093,21833.2059,45.851067,0.008019,128.643402,0.168734,0.35109299,0.83006501
60.3619,21833.2259,45.803635,-0.044046,128.488419,0.16942,0.350339,0.829593
60.3643,21833.2459,45.733242,-0.110876,128.346756,0.17009,0.34938601,0.82921302
60.3702,21833.2659,45.613453,-0.15742,128.212708,0.170415,0.34815601,0.82903898
60.3888,21833.2859,45.509575,-0.147576,128.038559,0.170507,0.34718001,0.82875597
60.4077,21833.3059,45.468647,-0.100819,127.853806,0.17058399,0.34677401,0.82829702
60.4266,21833.3259,45.466774,-0.05438,127.693108,0.170728,0.34668601,0.827802
60.4513,21833.3459,45.470947,-0.029083,127.538467,0.171028,0.34657499,0.82727802
60.4683,21833.3659,45.473488,0.01642,127.397484,0.17113499,0.34654501,0.82683599
60.4884,21833.3859,45.454895,0.117757,127.247513,0.170791,0.346549,0.82650799
60.5124,21833.4059,45.430012,0.334224,127.047142,0.16974699,0.34684601,0.82618803
60.534,21833.4259,45.430641,0.497599,126.897072,0.169026,0.34721401,0.82589
60.5561,21833.4459,45.46072,0.602889,126.818222,0.168615,0.34769201,0.82567197
60.5831,21833.4659,45.508671,0.677125,126.772072,0.168394,0.34823501,0.825472
60.5978,21833.4859,45.551533,0.72685,126.737282,0.16829699,0.34867001,0.82529199
60.6075,21833.5058,45.604939,0.755915,126.700623,0.168393,0.34910399,0.82504302
60.6308,21833.5258,45.672596,0.802146,126.67363,0.16838799,0.34971601,0.82481098
60.6526,21833.5458,45.723518,0.829426,126.669189,0.16839001,0.350173,0.824682
60.6707,21833.5658,45.76791,0.869354,126.666237,0.168273,0.35062999,0.824597
60.6918,21833.5858,45.832146,0.909511,126.669914,0.16820601,0.35124001,0.824476
60.7107,21833.6058,45.885063,0.919511,126.66642,0.168337,0.35165,0.82431901
60.733,21833.6258,45.912285,0.915536,126.630379,0.168575,0.351778,0.82410198
60.7605,21833.6458,45.898411,0.938868,126.601639,0.16844501,0.35172001,0.82407498
60.7715,21833.6658,45.81329,1.042211,126.479324,0.167767,0.351302,0.82404298
60.7908,21833.6858,45.635967,1.187524,126.435982,0.166207,0.35049,0.82463002
60.8127,21833.7058,45.428169,1.351061,126.336723,0.164572,0.349446,0.82512701
60.834,21833.7258,45.033562,1.789774,126.097237,0.160686,0.34786001,0.82604802
60.8593,21833.7458,44.590057,2.168473,125.920685,0.15684199,0.345806,0.82722199
60.8967,21833.7658,44.453762,2.076218,125.914764,0.15701801,0.34448799,0.82746601
60.9031,21833.7858,44.626869,1.748332,126.056892,0.159601,0.34473899,0.82702798
60.9147,21833.8058,44.801517,1.51518,126.273041,0.16127799,0.34545299,0.82697397
60.9348,21833.8258,44.793346,1.467314,126.43309,0.161111,0.345447,0.82750702
60.9522,21833.8458,44.650749,1.739719,126.540031,0.158296,0.34555,0.828686
60.9708,21833.8658,44.604988,1.931649,126.608055,0.156534,0.34600201,0.82932597
60.9885,21833.8858,44.859207,2.099675,126.620285,0.156216,0.348445,0.828861
61.0136,21833.9058,45.187675,2.312609,126.683342,0.155691,0.35164499,0.82841802
61.0349,21833.9257,45.352589,2.373448,126.82164,0.155431,0.35323101,0.82850802
61.0584,21833.9457,45.337898,2.521654,126.906982,0.15404201,0.35376501,0.82905298
61.0788,21833.9658,45.258984,2.692692,126.949661,0.152383,0.35385999,0.82966298
61.0954,21833.9858,45.376656,2.598861,126.877701,0.153716,0.354276,0.82893997
61.1134,21834.0058,45.633251,2.567572,126.716942,0.15538201,0.355786,0.82757598
61.1361,21834.0259,45.806446,2.483069,126.631828,0.156893,0.35660899,0.82664901
61.1558,21834.0459,45.770897,2.557235,126.607178,0.156304,0.35658401,0.82676798
61.1874,21834.0659,45.689281,2.76669,126.616425,0.15446299,0.35675499,0.82732499
61.1934,21834.0859,45.763412,2.89882,126.512398,0.154107,0.35761201,0.82691699
61.2104,21834.106,45.891495,3.069835,126.315536,0.153963,0.35886699,0.82607299
61.2328,21834.126,45.917919,3.204826,126.076622,0.153837,0.35921401,0.82532799
61.2531,21834.146,45.966003,3.30317,125.898933,0.15386599,0.359667,0.824687
61.2801,21834.1661,46.023792,3.345765,125.8536,0.153918,0.36016899,0.824413
61.3052,21834.1861,45.977676,3.292719,125.938972,0.153859,0.35976699,0.824781
61.3296,21834.2061,45.876793,3.134077,126.075813,0.15419599,0.358668,0.825351
61.3562,21834.2262,45.800488,3.060131,126.10894,0.154341,0.35790601,0.82559299
61.3578,21834.2462,45.830116,3.045891,125.976021,0.15496901,0.357887,0.82501298
61.3708,21834.2663,45.934608,2.972006,125.795128,0.15645599,0.35811999,0.82396001
61.389,21834.2864,45.959282,2.72168,125.76358,0.158446,0.357355,0.82343
61.4133,21834.3064,45.964428,2.327029,125.842468,0.161055,0.35608399,0.82314801
61.4294,21834.3265,46.01305,1.935069,125.936043,0.16376001,0.35515299,0.82278502
61.4536,21834.3466,46.024693,1.659112,125.974174,0.165666,0.35429701,0.82249099
61.4712,21834.3666,45.946144,1.618908,125.955574,0.165722,0.35356501,0.82260001
61.4901,21834.3867,45.875202,1.63492,125.938728,0.165397,0.35309201,0.82277399
61.5102,21834.4067,45.793552,1.579746,125.91217,0.165573,0.352272,0.82284099
61.5337,21834.4268,45.708389,1.505929,125.905754,0.16580801,0.35138801,0.82296401
61.5621,21834.4469,45.690514,1.351026,125.936272,0.166761,0.35074401,0.82290298
61.5764,21834.4669,45.733231,1.2074,125.963951,0.16786499,0.35056999,0.82266599
61.5971,21834.487,45.765732,1.158657,125.923645,0.168458,0.350566,0.82235199
61.6123,21834.507,45.754379,1.106261,125.868401,0.168961,0.350214,0.82210797
61.6306,21834.5271,45.724388,0.984647,125.863144,0.16973899,0.34955001,0.82199901
61.6548,21834.5472,45.66032,0.767118,125.880692,0.17101,0.34832701,0.821931
61.6863,21834.5672,45.56522,0.613318,125.829964,0.17191701,0.347011,0.82179999
61.6953,21834.5872,45.472164,0.636472,125.714989,0.171756,0.346257,0.821693
61.7113,21834.6073,45.27594,0.650144,125.632515,0.17118201,0.34478,0.82199502
61.7337,21834.6273,44.918411,0.616009,125.64283,0.170074,0.34211001,0.823039
61.7581,21834.6473,44.562275,0.692654,125.756882,0.16786601,0.34000501,0.824615
61.7733,21834.6673,44.373936,0.664257,125.851868,0.16709299,0.338687,0.82547098
61.7909,21834.6874,44.411926,0.641425,125.72599,0.16777,0.33869201,0.824866
61.8101,21834.7074,44.461208,0.733231,125.45018,0.168108,0.33897901,0.823843
61.8384,21834.7274,44.441143,0.718508,125.273254,0.168662,0.338521,0.82322699
61.8623,21834.7475,44.340286,0.618374,125.156113,0.16935,0.337255,0.82293898
61.8852,21834.7675,44.26812,0.68169,125.135818,0.168685,0.336943,0.82316601
61.8987,21834.7875,44.323421,0.794947,125.202774,0.167881,0.33785701,0.82341999
61.9206,21834.8075,44.459869,0.816192,125.320938,0.167889,0.339086,0.82349199
61.9326,21834.8275,44.528625,0.724031,125.376175,0.168644,0.33932,0.82336003
61.9559,21834.8475,44.498699,0.60654,125.40654,0.169287,0.33871701,0.82338601
61.9708,21834.8675,44.404266,0.555778,125.440636,0.1692,0.33790299,0.82371199
61.9927,21834.8875,44.345997,0.350004,125.459549,0.170407,0.33675301,0.82364702
62.0185,21834.9075,44.341846,0.251608,125.542252,0.170856,0.336483,0.82381803
62.0325,21834.9275,44.406902,0.418319,125.617767,0.16967601,0.337677,0.82415402
62.0527,21834.9475,44.813293,0.774082,125.612701,0.168639,0.341892,0.82347101
62.1001,21834.9675,45.452496,0.846196,125.53923,0.170711,0.34662101,0.82142198
62.1017,21834.9875,45.737167,0.398842,125.653564,0.174621,0.34718999,0.82031602
62.1098,21835.0075,45.496281,-0.025352,125.880592,0.17609,0.34426001,0.82122201
62.1316,21835.0275,44.990524,-0.03492,126.184776,0.173401,0.34105799,0.82383299
62.1488,21835.0475,44.801743,0.192183,126.402023,0.170432,0.34085301,0.82552499
62.1685,21835.0675,45.031746,0.11205,126.468071,0.17164899,0.342316,0.82496202
62.1944,21835.0875,45.282925,-0.331947,126.64579,0.17522199,0.342783,0.82418197
62.2079,21835.1075,45.350636,-0.730895,126.856804,0.17770401,0.34215099,0.82412702
62.2304,21835.1275,45.291622,-0.883037,127.003487,0.17815,0.34140199,0.82460099
62.2517,21835.1474,45.18314,-0.886535,127.066681,0.1776,0.34070399,0.82515299
62.2717,21835.1674,45.114292,-0.956761,127.100723,0.17775901,0.34000599,0.82537502
62.2893,21835.1874,45.084465,-1.200273,127.113403,0.179369,0.338929,0.82513201
62.3124,21835.2074,45.095249,-1.410006,127.073509,0.181035,0.338184,0.82462502
62.3308,21835.2274,45.122383,-1.511665,127.040573,0.18196,0.33795899,0.82426202
62.351,21835.2475,45.146793,-1.732862,127.152077,0.183309,0.33750999,0.82424003
62.3741,21835.2675,45.146877,-2.035728,127.298882,0.185056,0.336647,0.82428598
62.3911,21835.2875,45.215008,-2.402987,127.431633,0.187547,0.33602399,0.82396102
62.4128,21835.3075,45.350163,-2.716682,127.529564,0.189987,0.336027,0.82338202
62.431,21835.3276,45.442837,-2.871337,127.666512,0.191019,0.336366,0.82333398
62.4492,21835.3476,45.447357,-2.947739,127.892258,0.19092099,0.33649901,0.824009
62.4689,21835.3676,45.390972,-2.930547,128.103668,0.189982,0.33650199,0.82497603
62.4916,21835.3877,45.315189,-2.762755,128.279053,0.187997,0.33684301,0.82611799
62.5106,21835.4077,45.139191,-2.530611,128.45018,0.185214,0.33667001,0.827654
62.5307,21835.4277,44.79604,-2.428466,128.581024,0.18291301,0.33474201,0.82934201
62.5533,21835.4477,44.51152,-2.384163,128.800201,0.180977,0.33316901,0.83106297
62.5706,21835.4678,44.288456,-2.462232,129.226608,0.179545,0.33193001,0.83313
62.5905,21835.4878,44.074574,-2.735454,129.764359,0.17925701,0.33024099,0.835244
62.6126,21835.5078,43.980614,-3.191519,130.297913,0.18073601,0.328794,0.83667803
62.6371,21835.5279,44.039711,-3.717738,130.85556,0.183176,0.32828999,0.837596
62.6605,21835.5479,44.14465,-4.00641,131.469833,0.18386599,0.32905701,0.83892399
62.6741,21835.5679,44.226753,-3.898857,132.098663,0.181529,0.33103499,0.84098101
62.6976,21835.5879,44.262974,-3.5992,132.741714,0.177577,0.333318,0.84349698
62.7187,21835.608,44.259998,-3.513108,133.42247,0.17494901,0.33462799,0.84589201
62.7401,21835.628,44.349113,-3.790445,134.175217,0.175071,0.335538,0.84764802
62.7507,21835.648,44.663177,-4.243576,134.931793,0.177148,0.33759201,0.8484
62.7712,21835.6681,45.010639,-4.700028,135.561646,0.179691,0.339724,0.84858799
62.7913,21835.6881,45.206722,-4.958887,135.94516,0.18103801,0.34098199,0.84876102
62.8124,21835.7081,45.324951,-5.057695,136.130402,0.181558,0.34185299,0.848804
62.8303,21835.7281,45.355637,-5.126493,136.193253,0.181968,0.34196699,0.84879303
62.8519,21835.7482,45.371243,-5.179523,136.156158,0.18251599,0.34185901,0.84854102
62.8777,21835.7682,45.480083,-5.02742,135.965546,0.182272,0.342852,0.84782898
62.8967,21835.7882,45.622761,-4.679388,135.671722,0.18099201,0.34455499,0.84698898
62.9195,21835.8083,45.699432,-4.196566,135.329788,0.178679,0.34612,0.846416
62.9365,21835.8283,45.722126,-3.62079,134.953827,0.175632,0.347536,0.846039
62.966,21835.8483,45.786255,-3.14975,134.653564,0.17326,0.34905499,0.845595
62.9819,21835.8683,45.987488,-2.933265,134.538437,0.172622,0.351069,0.84490699
62.9962,21835.8883,46.213665,-3.02126,134.574326,0.173843,0.35252601,0.84415698
63.014,21835.9083,46.356213,-3.328555,134.788879,0.17587399,0.35293701,0.843907
63.0319,21835.9283,46.466911,-3.614114,134.982529,0.17771,0.353154,0.84371901
63.0545,21835.9483,46.612965,-3.645844,135.005127,0.178307,0.35417601,0.84326202
63.0744,21835.9682,46.808086,-3.43611,134.851181,0.177821,0.35605201,0.84245902
63.0965,21835.9882,47.076107,-3.344289,134.710434,0.17838401,0.35811499,0.84127098
63.1182,21836.0082,47.354286,-3.576172,134.67952,0.18101101,0.359393,0.83988702
63.1312,21836.0282,47.457123,-4.004879,134.789551,0.184112,0.35896799,0.83920997
63.1564,21836.0482,47.373795,-4.484416,134.95076,0.186875,0.35708299,0.83922702
63.173,21836.0682,47.158939,-4.790129,134.997238,0.18834101,0.35458699,0.83959502
63.1904,21836.0882,46.962631,-4.652147,134.844849,0.187225,0.35331801,0.83999002
63.2156,21836.1082,46.758759,-4.248751,134.461121,0.184846,0.352474,0.84008998
63.2387,21836.1282,46.448452,-3.723303,133.903824,0.181771,0.35097501,0.84015101
63.2608,21836.1482,45.836163,-3.223637,133.252075,0.178213,0.347038,0.84079498
63.2787,21836.1682,45.059875,-2.643414,132.621613,0.173416,0.34222701,0.84207201
63.2988,21836.1882,44.400894,-1.943528,132.042725,0.167881,0.338808,0.84323603
63.3147,21836.2082,44.010174,-1.251242,131.586136,0.16285899,0.33757201,0.843898
63.3456,21836.2282,43.915909,-0.735214,131.391205,0.15932199,0.33833,0.84425402
63.3516,21836.2482,43.879486,-0.622126,131.466003,0.15814701,0.338543,0.84477001
63.3742,21836.2682,43.898151,-0.965925,131.72876,0.159968,0.33789799,0.84511399
63.3956,21836.2882,44.103088,-1.612291,132.003738,0.164592,0.33765,0.84449601
63.4126,21836.3083,44.383709,-2.336803,132.164841,0.170359,0.337549,0.84311599
63.435,21836.3283,44.575703,-2.831708,132.040115,0.17498,0.33712801,0.84135902
63.4599,21836.3483,44.693317,-2.896606,131.692871,0.176856,0.33724701,0.83972502
63.4699,21836.3684,44.699165,-2.788557,131.244095,0.177404,0.336963,0.83835202
63.4913,21836.3884,44.662025,-2.711614,130.815842,0.17797799,0.33628801,0.83712298
63.5177,21836.4084,44.683659,-2.7208,130.396515,0.179346,0.33576199,0.83559799
63.5358,21836.4284,44.811596,-2.824811,129.961639,0.181803,0.33565599,0.833529
63.5535,21836.4485,44.991974,-3.008553,129.595078,0.184815,0.33575001,0.831393
63.5799,21836.4685,45.212894,-3.318626,129.376007,0.188445,0.33592001,0.829427
63.5936,21836.4885,45.475746,-3.678285,129.321243,0.19208699,0.336481,0.82780999
63.611,21836.5086,45.630257,-3.92537,129.331146,0.19435801,0.33675301,0.82693899
63.6362,21836.5286,45.658585,-4.054108,129.360504,0.19529501,0.33655399,0.82673401
63.6552,21836.5486,45.618725,-4.220087,129.42218,0.196179,0.33577901,0.826796
63.6756,21836.5686,45.577908,-4.510437,129.541412,0.19779,0.33465499,0.82685
63.6952,21836.5887,45.561901,-4.969779,129.769867,0.200386,0.33330601,0.826913
63.7123,21836.6087,45.637691,-5.534615,130.11409,0.20370901,0.33247,0.82689202
63.7325,21836.6287,45.794655,-5.996516,130.479874,0.206486,0.33264899,0.82684797
63.7566,21836.6488,46.030663,-6.272176,130.817612,0.208244,0.33403,0.826765
63.7704,21836.6688,46.328251,-6.434838,131.077911,0.20959499,0.33612901,0.82639903
63.7901,21836.6888,46.532776,-6.571529,131.248108,0.210721,0.33747199,0.82606399
63.815,21836.7088,46.610138,-6.563025,131.204132,0.211031,0.337991,0.82566899
63.8385,21836.7289,46.622845,-6.305804,131.043808,0.209691,0.338687,0.82554001
63.8551,21836.7489,46.610611,-5.973328,130.907288,0.207661,0.339508,0.82571
63.874,21836.7689,46.588985,-5.346747,130.677353,0.203759,0.341122,0.82610399
63.8918,21836.789,46.345619,-4.419437,130.276566,0.19747999,0.34187001,0.827124
63.9549,21836.809,45.73027,-3.646977,129.729446,0.191505,0.339138,0.82849503
63.9597,21836.829,44.903984,-3.235286,129.086166,0.187648,0.333478,0.82950097
63.9629,21836.849,44.301426,-2.718203,128.45813,0.18366601,0.32989699,0.829952
63.9763,21836.869,44.112614,-1.717909,128.107605,0.176774,0.33155099,0.83083999
63.995,21836.889,44.128677,-0.632489,128.177246,0.168749,0.33564401,0.83267701
64.0105,21836.909,44.072033,0.040349,128.610184,0.16237999,0.338231,0.83534402
64.0321,21836.929,43.837269,0.204825,129.272446,0.15840501,0.33801699,0.83857298
64.0569,21836.949,43.577583,0.223612,130.06369,0.15504,0.33726099,0.84208101
64.0721,21836.969,43.458652,0.2939,130.927094,0.151575,0.33777899,0.84544802
64.0915,21836.989,43.444378,0.193307,131.816238,0.149647,0.338507,0.84832001
64.1137,21837.009,43.392773,-0.198194,132.644608,0.14993501,0.33792201,0.85067999
64.1316,21837.029,43.343334,-0.696839,133.359985,0.151375,0.33687699,0.85249197
64.1524,21837.049,43.34494,-0.940308,133.882477,0.151657,0.336797,0.853845
64.181,21837.069,43.35508,-0.77398,134.279343,0.14928,0.337924,0.85529703
64.1972,21837.089,43.360878,-0.439628,134.719406,0.14549901,0.339587,0.85709703
64.2172,21837.109,43.467072,-0.340271,135.257813,0.143484,0.341371,0.85858101
64.236,21837.129,43.807606,-0.595296,135.827332,0.144732,0.343858,0.85898602
64.253,21837.149,44.275612,-1.054877,136.356232,0.14798801,0.34664899,0.85857999
64.2729,21837.169,44.7057,-1.542262,136.767303,0.15166099,0.34894601,0.85785103
64.2906,21837.1889,44.988888,-1.946215,137.039581,0.154679,0.35022399,0.85724097
64.3199,21837.2089,45.164303,-2.145119,137.20578,0.156165,0.351172,0.856915
64.3423,21837.2289,45.31958,-2.15458,137.314346,0.156349,0.35246,0.85673302
64.3578,21837.2489,45.471706,-2.182953,137.338226,0.15692399,0.35355201,0.85628003
64.3706,21837.2689,45.619003,-2.212251,137.217987,0.15793701,0.354406,0.85540903
64.3949,21837.2889,45.687019,-2.206237,137.076675,0.158525,0.35473999,0.85477501
64.4134,21837.3089,45.636875,-2.233553,137.019852,0.15876,0.35420299,0.85472703
64.4344,21837.3289,45.554668,-2.456836,137.032028,0.160151,0.35293001,0.85471702
64.452,21837.3489,45.59758,-2.827002,137.113434,0.162784,0.35225099,0.854303
64.4793,21837.3689,45.793781,-3.121148,137.205063,0.165254,0.35296899,0.85352498
64.4929,21837.3889,45.86982,-3.383273,137.343658,0.166995,0.35295099,0.85331601
64.5269,21837.4089,45.641201,-3.553948,137.503357,0.16713101,0.35094899,0.85429102
64.5454,21837.4289,45.101833,-3.478137,137.617554,0.164698,0.347276,0.856484
64.5592,21837.4489,44.246132,-3.324663,137.638306,0.16107,0.341299,0.85948402
64.5736,21837.4689,43.04599,-3.421112,137.499619,0.158792,0.33171299,0.86266202
64.5936,21837.4889,42.015244,-3.604143,137.238495,0.157965,0.32295299,0.86474502
64.6127,21837.5089,41.582249,-3.535666,136.997849,0.156872,0.31953299,0.86539501
64.6303,21837.5289,41.636963,-3.301933,136.970505,0.155342,0.32063201,0.865466
64.656,21837.5489,41.776669,-3.283331,137.12558,0.15517201,0.32196301,0.86555201
64.6709,21837.5689,41.914486,-3.505212,137.346527,0.156624,0.32263601,0.86551303
64.693,21837.5888,42.241177,-3.724662,137.533798,0.158687,0.32471499,0.86479801
64.7252,21837.6088,42.722271,-3.994031,137.68956,0.161641,0.327779,0.86343002
64.7377,21837.6288,43.151844,-4.341184,137.722778,0.16537,0.330042,0.86171103
64.7541,21837.6488,43.445313,-4.53302,137.513763,0.16824,0.331384,0.859882
64.7782,21837.6688,43.610332,-4.35795,137.019791,0.168826,0.33244699,0.85810798
64.79,21837.6888,43.603008,-3.885386,136.363892,0.167173,0.33289301,0.85679299
64.8148,21837.7088,43.497772,-3.30761,135.712341,0.16443899,0.33296201,0.85591799
64.8389,21837.7288,43.452927,-2.761695,135.166672,0.161816,0.33356801,0.85511303
64.8574,21837.7488,43.522591,-2.351753,134.794632,0.160055,0.33486801,0.85429698
64.8704,21837.7688,43.630577,-2.162624,134.579132,0.15960699,0.33597901,0.85354602
64.8975,21837.7888,43.715588,-2.256579,134.505051,0.160785,0.33621299,0.85291898
64.9109,21837.8088,43.737617,-2.379831,134.537415,0.16167501,0.33603001,0.85278201
64.9318,21837.8288,43.75312,-2.333291,134.638687,0.161079,0.33643699,0.85312301
64.9577,21837.8488,43.837193,-2.233299,134.835587,0.16001201,0.337661,0.85363001
64.9738,21837.8688,43.911949,-2.390239,135.215851,0.16028699,0.338258,0.85438102
64.9944,21837.8888,43.980797,-2.667187,135.717148,0.161079,0.33861101,0.85535002
65.0127,21837.9088,44.198643,-2.847609,136.225677,0.16156401,0.340406,0.85599798
65.0323,21837.9288,44.641033,-2.883909,136.732025,0.161613,0.34434101,0.85611302
65.0548,21837.9488,45.130119,-3.031109,137.286392,0.162443,0.34836301,0.85603398
65.0724,21837.9688,45.501293,-3.471174,137.799835,0.165213,0.350573,0.85575402
65.0959,21837.9888,45.694515,-3.95795,138.028168,0.168686,0.35090801,0.85509998
65.1129,21838.0087,45.891422,-4.031386,137.997116,0.169874,0.352128,0.85425502
65.1323,21838.0287,46.178383,-3.659289,137.854462,0.168338,0.35519099,0.85343701
65.1559,21838.0487,46.316326,-3.102829,137.646439,0.165227,0.35758701,0.85317302
65.1914,21838.0687,46.164825,-2.421741,137.385544,0.16054,0.35811099,0.85385698
65.2023,21838.0887,45.808769,-1.685388,137.010483,0.15519699,0.357124,0.85489899
65.2226,21838.1087,45.347309,-1.094273,136.438095,0.15121201,0.35467699,0.85543603
65.236,21838.1287,44.962955,-0.481696,135.77948,0.147523,0.35280001,0.85544002
65.2564,21838.1487,44.779167,0.343901,135.297424,0.14228401,0.35333899,0.85557902
65.282,21838.1687,44.73457,1.263044,135.125198,0.135813,0.35560399,0.85630399
65.3003,21838.1887,44.558445,1.936515,135.253311,0.12982801,0.356484,0.858006
65.3129,21838.2087,44.276543,2.268477,135.572723,0.125467,0.35573801,0.86018097
65.3379,21838.2287,44.125946,2.382345,135.95874,0.122946,0.35537201,0.86190403
65.3542,21838.2487,44.161392,2.567981,136.402527,0.120279,0.35665599,0.86330497
65.3746,21838.2687,44.09948,2.724382,136.889404,0.117394,0.357153,0.86507201
65.394,21838.2888,43.857838,2.788512,137.319656,0.114838,0.35596201,0.86709499
65.4114,21838.3088,43.702633,2.742357,137.713867,0.113498,0.35505599,0.86863601
65.4319,21838.3288,43.768848,2.595175,138.136459,0.113501,0.35555601,0.86949199
65.4527,21838.3488,44.043301,2.372662,138.611221,0.11452,0.357472,0.86978501
65.4727,21838.3689,44.484108,2.154737,139.108566,0.115894,0.36069199,0.86961597
65.4923,21838.3889,44.988987,1.860881,139.56488,0.118123,0.36416,0.86902303
65.5122,21838.4089,45.464458,1.504694,139.895538,0.121108,0.36712199,0.868074
65.5352,21838.4289,45.920135,1.06567,140.147034,0.124892,0.369638,0.86684901
65.5681,21838.449,46.394318,0.600246,140.251175,0.129379,0.37206799,0.86509901
65.5748,21838.469,46.84444,0.37179,140.192352,0.13252699,0.374771,0.863222
65.5942,21838.489,47.140034,0.368556,139.958176,0.13413,0.37671199,0.86161703
65.6156,21838.5091,47.185211,0.392587,139.589508,0.135286,0.37668401,0.86048698
65.6324,21838.5291,47.121239,0.295728,139.133804,0.13733,0.37539399,0.85931998
65.6503,21838.5491,47.237507,0.289468,138.628586,0.13936,0.37563699,0.85751802
65.6771,21838.5691,47.429405,0.48744,138.192154,0.13986,0.37709799,0.85589898
65.6961,21838.5892,47.590061,0.745107,137.989624,0.139066,0.37878001,0.85511303
65.712,21838.6092,47.689831,0.911893,138.072983,0.137833,0.38009599,0.85522503
65.7345,21838.6292,47.67173,0.864808,138.363449,0.137169,0.38017699,0.85604697
65.7546,21838.6493,47.461163,0.74676,138.708176,0.13631,0.37868699,0.85756099
65.7797,21838.6693,46.974464,0.706305,139.027328,0.134186,0.37531099,0.85998702
65.7995,21838.6893,46.078411,0.462256,139.199371,0.132939,0.36810601,0.86306298
65.8111,21838.7093,45.002266,0.074638,138.993042,0.13348299,0.35866901,0.86543202
65.8357,21838.7294,44.197262,0.189934,138.350891,0.13230699,0.35217199,0.86623001
65.8593,21838.7494,43.724712,0.929424,137.641479,0.12751199,0.34993401,0.86645597
65.8765,21838.7694,43.353573,1.705148,137.363037,0.121389,0.349085,0.86759698
65.8948,21838.7895,42.938168,1.978476,137.608627,0.117329,0.34699801,0.86981499
65.9136,21838.8095,42.755363,1.701428,138.160034,0.117226,0.34538499,0.87164903
65.9302,21838.8295,43.091763,1.091913,138.712585,0.121175,0.346775,0.87159503
65.9507,21838.8495,43.727482,0.319226,139.073761,0.12777001,0.34980401,0.86986703
65.9763,21838.8695,44.320023,-0.488126,139.263687,0.13497999,0.35223499,0.86765999
65.9936,21838.8895,44.703491,-1.142359,139.29306,0.140907,0.353324,0.86576003
66.0132,21838.9095,44.938034,-1.490197,139.192352,0.144494,0.353986,0.86430103
66.0336,21838.9295,45.186146,-1.530862,138.978546,0.14615101,0.35547599,0.86285198
66.0549,21838.9495,45.424492,-1.295357,138.685303,0.14595699,0.35757801,0.86155301
66.0843,21838.9695,45.635082,-0.874579,138.41333,0.14424001,0.36003199,0.860632
66.0943,21838.9895,45.87571,-0.513705,138.261215,0.142694,0.36269,0.85987902
66.1505,21839.0095,46.162594,-0.488609,138.265793,0.143308,0.364923,0.85900497
66.1543,21839.0295,46.40477,-0.769229,138.409241,0.14564,0.36611599,0.85828298
66.156,21839.0495,46.546535,-1.077647,138.665588,0.14752901,0.36662501,0.858163
66.171,21839.0695,46.660881,-1.243202,138.948349,0.148182,0.36737701,0.858383
66.1913,21839.0895,46.843773,-1.421705,139.250732,0.14905301,0.36863801,0.85841
66.2116,21839.1095,47.172024,-1.70949,139.604828,0.150962,0.37075901,0.85794801
66.23,21839.1295,47.509548,-2.033577,140.029251,0.15291899,0.37295499,0.85758001
66.252,21839.1495,47.814907,-2.253297,140.450165,0.153999,0.37520701,0.857427
66.2786,21839.1695,48.154846,-2.327207,140.762527,0.15441599,0.377983,0.85703403
66.3099,21839.1895,48.491745,-2.554603,141.075287,0.155954,0.380321,0.85642803
66.3208,21839.2095,48.898628,-3.144733,141.500259,0.15998501,0.382366,0.855362
66.364,21839.2294,49.467957,-3.668366,141.962173,0.163764,0.38589001,0.85387403
66.3693,21839.2494,50.098423,-3.95795,142.364304,0.16610201,0.39043599,0.852292
66.3728,21839.2694,50.532764,-4.088497,142.682938,0.16703001,0.39381701,0.85138601
66.3967,21839.2895,50.499371,-4.262961,142.865707,0.167619,0.39337099,0.85173601
66.4145,21839.3095,50.117386,-4.829386,142.801712,0.171141,0.388897,0.85210901
66.4323,21839.3295,49.964699,-5.286891,142.60611,0.174841,0.38622499,0.85144401
66.4536,21839.3496,50.211391,-5.085859,142.44989,0.174463,0.38838699,0.85043901
66.472,21839.3696,50.555668,-4.293938,142.444534,0.169429,0.39309299,0.85036701
66.4954,21839.3896,50.503937,-3.496219,142.545074,0.16303299,0.394968,0.85197902
66.5185,21839.4096,50.058159,-3.101844,142.76239,0.15826701,0.39296001,0.85470003
66.533,21839.4297,49.741695,-2.839495,143.132935,0.154272,0.391765,0.85714799
66.5575,21839.4497,49.678024,-2.521564,143.591324,0.150169,0.39271101,0.85897303
66.5799,21839.4697,49.629929,-2.360596,144.12413,0.147019,0.393446,0.86070001
66.6003,21839.4898,49.459995,-2.410945,144.683075,0.145081,0.39274701,0.86263001
66.6268,21839.5098,49.319702,-2.581989,145.208954,0.144245,0.39192599,0.86420399
66.6441,21839.5298,49.258827,-2.6092,145.599213,0.142977,0.391886,0.865336
66.663,21839.5498,49.213089,-2.524952,145.916718,0.141151,0.39213499,0.866368
66.6786,21839.5699,49.241627,-2.484211,146.240707,0.139797,0.392847,0.867091
66.6982,21839.5899,49.427372,-2.694372,146.662216,0.14035,0.394279,0.86717498
66.7252,21839.6099,49.740833,-3.053176,147.070557,0.142336,0.39632899,0.86657298
66.7339,21839.63,49.987061,-3.22425,147.261246,0.14349499,0.39804301,0.86592102
66.7583,21839.65,50.096176,-3.162553,147.184311,0.143529,0.39892101,0.865426
66.7744,21839.67,50.102036,-2.94888,146.915558,0.142864,0.399129,0.865044
66.7948,21839.69,50.111164,-2.737544,146.56163,0.14252201,0.39925399,0.864443
66.8173,21839.7101,50.227245,-2.621385,146.239288,0.14302599,0.40000799,0.86340803
66.8358,21839.7301,50.440887,-2.655885,145.948669,0.144776,0.40118,0.861902
66.8534,21839.7501,50.666145,-2.696297,145.629974,0.14670099,0.40238199,0.86027002
66.8755,21839.7701,50.793846,-2.717847,145.298035,0.14831699,0.40286699,0.85897499
66.9026,21839.7902,50.776817,-2.729567,144.902359,0.149756,0.40219501,0.85805303
66.9197,21839.8102,50.650352,-2.869179,144.525116,0.151831,0.400399,0.85739303
66.942,21839.8302,50.562469,-3.117217,144.328583,0.15416799,0.39885399,0.85688698
66.9594,21839.8503,50.561459,-3.504586,144.298187,0.157167,0.397829,0.85628802
66.9785,21839.8703,50.504734,-3.987146,144.314499,0.160585,0.39620101,0.85586601
66.9981,21839.8903,50.214657,-4.320139,144.260742,0.16259301,0.39308599,0.856309
67.0162,21839.9103,49.543842,-4.545058,144.082382,0.163342,0.387178,0.85794199
67.0356,21839.9303,48.53178,-4.737598,143.691116,0.163745,0.37843999,0.86023301
67.0603,21839.9503,47.600437,-4.706138,143.089783,0.16327401,0.370581,0.86192602
67.0757,21839.9703,47.184971,-4.148899,142.354874,0.16044299,0.36787501,0.86216402
67.1003,21839.9903,47.105728,-3.324882,141.718155,0.156093,0.36862499,0.86184603
67.1171,21840.0103,46.894054,-2.709157,141.259949,0.152394,0.368081,0.86213601
67.1343,21840.0303,46.567986,-2.390319,140.974838,0.15006199,0.36610699,0.86285901
67.1602,21840.0502,46.463615,-2.261917,140.755783,0.14952099,0.365383,0.86276901
67.1748,21840.0702,46.653816,-2.457366,140.598709,0.15199301,0.36607599,0.86145002
67.2024,21840.0902,46.934811,-2.91798,140.452347,0.15665799,0.36672401,0.85948801
67.2186,21840.1102,47.065304,-3.322659,140.283859,0.16057201,0.36634299,0.85802001
67.2357,21840.1302,46.977833,-3.396107,140.000168,0.161797,0.36507601,0.857409
67.2512,21840.1502,46.81535,-3.120777,139.591949,0.160604,0.36405799,0.85717797
67.2753,21840.1702,46.669758,-2.754001,139.144623,0.158888,0.36338699,0.85689098
67.3088,21840.1902,46.597603,-2.512094,138.760757,0.158099,0.36300999,0.85635698
67.315,21840.2102,46.642899,-2.491524,138.459106,0.159026,0.362993,0.85536098
67.3611,21840.2302,46.831299,-2.584989,138.226746,0.160983,0.36381099,0.85393101
67.367,21840.2503,46.976784,-2.692663,137.987869,0.162949,0.36424899,0.85259598
67.3748,21840.2703,46.976532,-2.703973,137.773682,0.16371299,0.36390799,0.85194898
67.3974,21840.2903,46.992386,-2.642985,137.604965,0.16384,0.363967,0.85148299
67.4202,21840.3104,47.076092,-2.548511,137.429977,0.163931,0.36462399,0.85082102
67.4333,21840.3304,47.246166,-2.325752,137.321243,0.16310699,0.36640301,0.85025197
67.4562,21840.3504,47.516895,-2.018885,137.387314,0.16138799,0.36942899,0.84998298
67.4757,21840.3704,47.780201,-1.827189,137.580338,0.160089,0.37222901,0.849944
67.496,21840.3905,47.935947,-1.96179,137.831467,0.16071001,0.373348,0.84996998
67.5191,21840.4105,47.947098,-2.443742,138.079514,0.163509,0.37237301,0.849976
67.5393,21840.4305,48.063953,-2.964867,138.323486,0.166904,0.372076,0.84954202
67.5624,21840.4506,48.603218,-3.171276,138.524506,0.16925199,0.37580001,0.84798402
67.5717,21840.4706,49.33791,-2.936803,138.603775,0.169254,0.38207701,0.846021
67.5958,21840.4906,49.79525,-2.615491,138.551178,0.168303,0.386329,0.84474701
67.6176,21840.5106,49.880283,-2.181881,138.368927,0.16595501,0.387943,0.84455699
67.6329,21840.5307,49.769394,-1.667566,138.095581,0.162783,0.38820899,0.84489399
67.6544,21840.5507,49.529922,-1.373118,137.880417,0.16067,0.38698,0.84551698
67.6726,21840.5707,49.161911,-1.557647,137.748322,0.161442,0.383531,0.84613901
67.6927,21840.5908,48.948647,-1.767501,137.594788,0.162903,0.38111901,0.84612399
67.7154,21840.6108,49.013237,-1.430767,137.453583,0.16107,0.38238299,0.84596699
67.7343,21840.6308,49.085384,-0.655746,137.465546,0.15551101,0.38519001,0.84682697
67.7534,21840.6508,48.775112,-0.196815,137.739838,0.150306,0.384581,0.84927899
67.7781,21840.6709,48.362221,-0.041821,138.153519,0.146594,0.38249299,0.85204703
67.7963,21840.6909,48.193756,0.15014,138.614655,0.143149,0.38236499,0.854155
67.812,21840.7109,48.167583,0.20707,139.139832,0.14089701,0.38297999,0.85577899
67.8345,21840.731,48.111454,-0.088951,139.672287,0.141176,0.38239801,0.85707301
67.8556,21840.751,48.083031,-0.546345,140.138901,0.142966,0.38150999,0.85788
67.8724,21840.771,48.134911,-0.887478,140.526611,0.14436901,0.38145599,0.858334
67.8963,21840.791,48.20216,-0.914004,140.81897,0.14377201,0.38225701,0.85886502
67.9187,21840.8111,48.238178,-0.731547,141.036621,0.141772,0.38328901,0.85955602
67.947,21840.8311,48.334393,-0.616961,141.210159,0.14058401,0.384532,0.85983503
67.9561,21840.8511,48.599964,-0.766274,141.344284,0.141948,0.386296,0.859106
67.9784,21840.8711,48.976639,-1.149417,141.46402,0.145392,0.38825801,0.85765398
67.9932,21840.891,49.345055,-1.441077,141.506668,0.148378,0.39030299,0.85611999
68.0148,21840.911,49.631813,-1.494908,141.464401,0.149661,0.39225501,0.85493898
68.0327,21840.931,49.848793,-1.4525,141.377701,0.15019999,0.393879,0.85400498
68.0538,21840.951,50.092567,-1.55822,141.296799,0.151893,0.39531401,0.85279399
68.0837,21840.971,50.439476,-1.760056,141.144577,0.15481199,0.39716199,0.85089099
68.098,21840.991,50.844677,-2.01658,140.837036,0.15882599,0.39907101,0.84827
68.1125,21841.011,51.197018,-2.335727,140.421997,0.163543,0.40024,0.84542799
68.1919,21841.031,51.338345,-2.577572,139.953629,0.167328,0.39994699,0.843279
68.1993,21841.051,51.341553,-2.638547,139.480042,0.16943599,0.39910501,0.84185702
68.2007,21841.071,51.304234,-2.501847,138.960526,0.170141,0.398444,0.84073001
68.2023,21841.091,51.204235,-2.121777,138.32048,0.16930699,0.39784101,0.839827
68.2246,21841.111,50.919765,-1.66732,137.70874,0.16731,0.396153,0.839746
68.2352,21841.131,50.431412,-1.396226,137.247238,0.165537,0.39267299,0.84051597
68.254,21841.151,49.778606,-1.296528,136.993271,0.16381,0.387786,0.84218299
68.2707,21841.171,48.972103,-1.426805,136.860016,0.162901,0.38125101,0.84436601
68.2995,21841.191,48.104279,-1.698802,136.735535,0.162816,0.373831,0.84653801
68.3299,21841.211,47.421192,-1.88753,136.482315,0.16305099,0.367827,0.84778303
68.3367,21841.231,47.189754,-1.908489,136.230774,0.16333599,0.36568299,0.84775603
68.3597,21841.251,47.379845,-1.776832,136.155518,0.16316,0.36738899,0.84708899
68.3736,21841.271,47.575325,-1.793526,136.420517,0.163003,0.369169,0.84722
68.3917,21841.2909,47.647564,-2.070226,136.681091,0.164419,0.36924499,0.84737003
68.4132,21841.3109,47.513283,-2.248414,136.637878,0.165488,0.36764699,0.84742999
68.4346,21841.3309,47.236858,-2.742709,136.518723,0.168726,0.36391801,0.84726602
68.4611,21841.3509,46.843727,-3.094985,136.421768,0.170504,0.35976699,0.84775001
68.4822,21841.3709,46.564045,-3.312436,136.388016,0.17141201,0.35696101,0.848243
68.4961,21841.3909,46.442657,-3.077017,136.292648,0.169615,0.35663399,0.84869897
68.5132,21841.4109,46.368587,-2.717423,136.107574,0.167312,0.356913,0.84890097
68.5329,21841.4309,46.329189,-2.555194,135.906555,0.166621,0.35682499,0.848647
68.5548,21841.4509,46.427505,-2.576602,135.801834,0.167395,0.35734001,0.84797299
68.5724,21841.4709,46.60358,-2.66802,135.834229,0.168488,0.35841799,0.84736502
68.5938,21841.4909,46.842819,-2.737627,136.030472,0.16908801,0.36027601,0.84708297
68.6169,21841.5109,47.14851,-2.811732,136.317505,0.16961899,0.36275199,0.84684402
68.6361,21841.5309,47.359009,-2.796775,136.499756,0.16953801,0.364636,0.84672302
68.6582,21841.551,47.437931,-2.862612,136.640564,0.16980299,0.365233,0.84679002
68.6792,21841.571,47.661877,-3.086037,136.817444,0.171529,0.36648899,0.84624398
68.6998,21841.591,47.967133,-3.338739,136.948868,0.173839,0.36819899,0.845231
68.7268,21841.611,48.222076,-3.663276,137.128006,0.176373,0.36939299,0.84441
68.7469,21841.6311,48.401344,-4.136539,137.403946,0.179469,0.36973199,0.84389299
68.7594,21841.6511,48.522961,-4.584348,137.700241,0.182145,0.36976099,0.84365797
68.7744,21841.6711,48.543243,-4.801839,137.832779,0.183374,0.36947101,0.84363902
68.8047,21841.6911,48.494968,-4.443605,137.694351,0.181051,0.36996499,0.84395999
68.8136,21841.7112,48.295788,-3.706793,137.496841,0.17570899,0.37037799,0.8452
68.8338,21841.7312,48.127235,-3.164829,137.403381,0.17154101,0.370599,0.84631598
68.8598,21841.7512,48.075054,-2.759441,137.388596,0.168447,0.37139601,0.84705001
68.8733,21841.7713,48.044724,-2.422475,137.330002,0.16606,0.37208599,0.84746999
68.8997,21841.7913,47.983845,-1.784577,137.239609,0.161461,0.37339401,0.84831798
68.9149,21841.8113,48.181858,-0.749123,137.223846,0.154412,0.377891,0.84903699
68.9334,21841.8314,48.49305,-0.142363,137.151367,0.151058,0.381874,0.84859502
68.9546,21841.8514,48.325932,-0.727471,137.408829,0.154055,0.379273,0.84912503
68.977,21841.8714,47.957439,-1.578334,137.838989,0.157901,0.37463799,0.85045302
68.9967,21841.8914,47.641552,-2.000249,138.32959,0.158553,0.37173,0.85235298
69.0134,21841.9115,47.602962,-1.935363,138.621445,0.15701599,0.37202999,0.853414
69.0339,21841.9315,47.501225,-1.884203,138.687897,0.156138,0.37150601,0.85401398
69.0543,21841.9515,46.951832,-2.074554,138.859528,0.15549,0.36706999,0.85607201
69.0748,21841.9715,46.468357,-2.305717,139.0065,0.155422,0.362968,0.85777199
69.094,21841.9916,46.425476,-2.544938,139.068542,0.15689901,0.36204201,0.85776502
69.1123,21842.0116,46.59943,-3.047392,139.225922,0.160634,0.36212599,0.85694897
69.1338,21842.0316,46.6063,-3.710077,139.378693,0.165125,0.360486,0.85642397
69.1561,21842.0517,46.318119,-4.31503,139.374634,0.16889,0.35655099,0.85648799
69.1737,21842.0717,45.927372,-4.749979,139.177261,0.17171,0.35203099,0.85655999
69.1947,21842.0917,45.642414,-5.031526,138.776596,0.174275,0.34843701,0.85589302
69.2183,21842.1117,45.482716,-5.353901,138.253754,0.17783201,0.34546101,0.85435897
69.2396,21842.1317,45.449207,-5.72295,137.649094,0.18230499,0.343137,0.85205299
69.254,21842.1517,45.386707,-6.021219,136.991547,0.18630899,0.34068701,0.84974903
69.2745,21842.1717,45.210323,-6.191133,136.29863,0.189124,0.33768901,0.847875
69.2938,21842.1917,44.974934,-6.49108,135.461853,0.19312,0.333563,0.84547102
69.3156,21842.2117,44.70438,-7.016594,134.400894,0.199266,0.327997,0.84198397
69.3449,21842.2317,44.408913,-7.532291,133.175003,0.20564499,0.321886,0.83791602
69.361,21842.2517,44.107834,-7.791289,131.876389,0.210234,0.316387,0.833938
69.3765,21842.2717,43.738327,-7.906518,130.577805,0.213468,0.31082699,0.83031201
69.3962,21842.2917,43.344845,-7.964903,129.277206,0.21612,0.30525801,0.82673299
69.4135,21842.3117,42.945698,-8.12184,127.920128,0.21950801,0.29914501,0.82264501
69.4328,21842.3317,42.544525,-8.384967,126.454216,0.223811,0.29235399,0.81779498
69.4565,21842.3517,42.092693,-8.662216,124.875938,0.22817799,0.28484499,0.81245899
69.4741,21842.3717,41.53896,-8.718548,123.259491,0.230546,0.27734599,0.80752701
69.5242,21842.3917,41.013126,-8.863862,121.780403,0.23314901,0.269941,0.80270803
69.534,21842.4117,40.563454,-9.543873,120.38887,0.239411,0.26095399,0.796763
69.5377,21842.4317,40.18644,-10.550324,119.011551,0.247996,0.25096101,0.78977799
69.5571,21842.4518,39.922478,-11.479525,117.5354,0.256502,0.241704,0.78197002
69.5826,21842.4718,39.680553,-12.087923,115.971878,0.26290399,0.233679,0.77420902
69.5956,21842.4918,39.47831,-12.518698,114.350555,0.268224,0.226493,0.76627803
69.615,21842.5119,39.318665,-12.920838,112.561157,0.27370599,0.21923199,0.757294
69.6385,21842.5319,39.170937,-13.320417,110.601662,0.27937499,0.211532,0.74722499
69.6654,21842.5519,39.002029,-13.705222,108.517952,0.28489,0.20332099,0.73637301
69.6845,21842.5719,38.769012,-14.017506,106.350121,0.28958601,0.19470599,0.72517699
69.7066,21842.592,38.457821,-14.081298,104.188301,0.29212901,0.18679599,0.71458298
69.7185,21842.612,38.147774,-14.049818,102.073135,0.293823,0.179502,0.70420998
69.7366,21842.632,37.94537,-14.079238,100.03109,0.29614201,0.17275999,0.69352698
69.7596,21842.6521,37.870609,-14.340374,98.104202,0.300179,0.165806,0.68230098
69.7849,21842.6721,37.744751,-14.76451,96.301544,0.304582,0.15783501,0.671287
69.7976,21842.6921,37.548527,-15.230254,94.581039,0.30856699,0.14930201,0.66064203
69.8186,21842.7121,37.331295,-15.532545,92.825836,0.31136501,0.141424,0.65011698
69.8334,21842.7322,37.082951,-15.689929,91.067123,0.31301901,0.134165,0.63988101
69.8573,21842.7522,36.95462,-15.903682,89.398209,0.31540099,0.127515,0.62954402
69.8813,21842.7722,36.946354,-16.136362,87.769684,0.31839201,0.121534,0.618931
69.8947,21842.7923,36.981514,-16.291868,86.133141,0.32112199,0.116209,0.60823101
69.917,21842.8123,37.089069,-16.320511,84.401428,0.32361501,0.111785,0.59696102
69.9396,21842.8323,37.252735,-16.156666,82.547569,0.32550901,0.108518,0.58516997
69.9634,21842.8523,37.427082,-15.757973,80.625702,0.326334,0.106608,0.57343799
69.9766,21842.8724,37.61824,-15.255922,78.719025,0.326767,0.105511,0.56191498
69.9972,21842.8924,37.835224,-14.660636,76.848541,0.32692999,0.105284,0.550699
70.0182,21842.9124,38.06036,-13.909727,74.967842,0.32649699,0.10613,0.53971702
70.0482,21842.9324,38.316006,-13.078224,73.098892,0.325984,0.107743,0.52885199
70.0628,21842.9525,38.651752,-12.329144,71.299614,0.326426,0.109424,0.51792997
70.0831,21842.9725,39.056507,-11.58529,69.612747,0.32736099,0.111726,0.50752199
70.0973,21842.9925,39.480141,-10.783992,68.02446,0.328206,0.114778,0.49786001
70.1202,21843.0125,39.906319,-9.907104,66.469734,0.328852,0.118444,0.48860201
70.1335,21843.0325,40.350315,-9.021383,64.958755,0.329685,0.122359,0.47960499
70.1566,21843.0525,40.826351,-8.107901,63.572491,0.33063501,0.126946,0.47147799
70.1764,21843.0725,41.345867,-7.101475,62.360699,0.33145499,0.132853,0.464762
70.1941,21843.0926,41.91053,-6.164365,61.414341,0.33269,0.139193,0.45965299
70.2196,21843.1126,42.446751,-5.542592,60.735809,0.334757,0.143912,0.45561001
70.2393,21843.1326,42.931889,-5.211983,60.301533,0.33736399,0.147029,0.452566
70.2618,21843.1527,43.30439,-4.886333,59.912685,0.33917299,0.149748,0.45005801
70.2779,21843.1727,43.526241,-4.556268,59.42057,0.34007201,0.15154999,0.44712499
70.3094,21843.1927,43.623962,-4.284254,58.760361,0.340572,0.151923,0.443059
70.3255,21843.2127,43.755203,-3.913726,58.119087,0.34091899,0.15318701,0.43935299
70.344,21843.2328,44.004383,-3.413733,57.645874,0.341398,0.156342,0.43701801
70.3601,21843.2528,44.287529,-2.905651,57.345398,0.34187201,0.160192,0.43588799
70.3748,21843.2728,44.429852,-2.56558,57.170067,0.34182999,0.162654,0.435404
70.3952,21843.2929,44.456341,-2.31957,57.016247,0.34130201,0.16405299,0.434995
70.4198,21843.3129,44.52496,-2.081255,56.812695,0.341176,0.16541401,0.434136
70.4402,21843.3329,44.765747,-1.857278,56.516678,0.34246299,0.167063,0.43228501
70.4573,21843.3529,45.16851,-1.576631,56.171547,0.344767,0.16958,0.429988
70.4801,21843.373,45.646923,-1.266655,55.852417,0.34747401,0.17265099,0.42785099
70.5004,21843.393,46.143349,-0.897576,55.552097,0.35007599,0.17624301,0.42601401
70.5223,21843.413,46.521538,-0.46453,55.177216,0.351735,0.179592,0.424054
70.5501,21843.4331,46.728611,-0.017968,54.786034,0.352175,0.18233401,0.42230999
70.5687,21843.4531,46.953449,0.314671,54.386379,0.353192,0.184295,0.42013499
70.5825,21843.4731,47.211491,0.631133,53.882439,0.35468999,0.185927,0.417124
70.5959,21843.4931,47.431503,0.985249,53.351406,0.35584301,0.187591,0.414103
70.6165,21843.5132,47.691757,1.22662,52.926723,0.35753399,0.18891101,0.41143599
70.6402,21843.5332,48.132763,1.252519,52.646637,0.36106199,0.189766,0.40886101
70.6697,21843.5532,48.651424,1.173218,52.455143,0.365372,0.190404,0.40646401
70.6801,21843.5733,49.08894,1.268783,52.247658,0.368507,0.191938,0.40463099
70.7134,21843.5933,49.390575,1.521122,51.91647,0.37033099,0.193702,0.40263501
70.7196,21843.6133,49.630901,1.746404,51.464718,0.37202701,0.19465899,0.399795
70.7394,21843.6333,49.894653,1.774057,51.000324,0.37460801,0.194232,0.39619201
70.7573,21843.6534,50.103844,1.702798,50.632858,0.37697399,0.19321901,0.39303401
70.7789,21843.6734,50.218651,1.66736,50.370621,0.37836,0.19248401,0.39087999
70.8007,21843.6934,50.371777,1.63254,50.176277,0.37990299,0.192099,0.38915399
70.8248,21843.7134,50.575073,1.476729,50.077515,0.382054,0.19133,0.387631
70.845,21843.7333,50.72258,1.301385,50.056862,0.38373801,0.19049799,0.38667801
70.8606,21843.7533,50.652061,1.027952,50.110134,0.384067,0.188494,0.38624799
70.8778,21843.7733,50.202324,0.325271,50.368652,0.38279799,0.182844,0.38643301
70.9003,21843.7933,49.49321,-0.584918,50.683758,0.380303,0.17498,0.38677701
70.9198,21843.8133,49.037956,-0.812263,50.834862,0.37758401,0.172291,0.38783899
70.9407,21843.8333,49.160004,-0.396478,50.820858,0.37707001,0.17564701,0.38891301
70.9642,21843.8533,49.407906,-0.022952,50.815434,0.37758499,0.179152,0.389714
70.9813,21843.8733,49.443932,-0.336847,51.075584,0.378506,0.17788599,0.39048401
71.0013,21843.8933,49.357388,-1.145475,51.641701,0.37978101,0.173674,0.39199999
71.019,21843.9133,49.352444,-1.939423,52.29689,0.381486,0.170157,0.39405501
71.036,21843.9333,49.500832,-2.647884,52.85564,0.38415301,0.16749699,0.39541599
71.0675,21843.9533,49.756943,-3.09071,53.240868,0.38692501,0.166564,0.396207
71.0777,21843.9733,50.073753,-3.216183,53.409554,0.38933799,0.16739599,0.39639699
71.1012,21843.9933,50.385712,-3.160802,53.36824,0.39139399,0.16878401,0.39571199
71.1162,21844.0133,50.580482,-3.092221,53.188286,0.39278799,0.16936199,0.39430699
71.1381,21844.0333,50.731213,-3.007271,52.904438,0.39397299,0.169535,0.392304
71.1544,21844.0533,50.929256,-2.961375,52.577637,0.39568901,0.16944499,0.38977501
71.1758,21844.0733,51.202946,-2.885399,52.177162,0.397946,0.16957299,0.38668901
71.1979,21844.0933,51.404434,-2.651214,51.690414,0.399297,0.17025501,0.38367501
71.219,21844.1133,51.477009,-2.265145,51.178432,0.39928299,0.171471,0.381246
71.2401,21844.1333,51.516865,-1.88413,50.72612,0.39897999,0.172748,0.37928101
71.2681,21844.1532,51.557182,-1.632803,50.389236,0.39894399,0.17350399,0.377684
71.2829,21844.1732,51.681316,-1.509106,50.234116,0.399652,0.174266,0.37679601
71.3062,21844.1932,52.006321,-1.490342,50.321552,0.401759,0.175804,0.376928
71.3269,21844.2132,52.430817,-1.549332,50.500935,0.404677,0.177452,0.377262
71.3475,21844.2332,52.760353,-1.656025,50.654522,0.40711299,0.17835601,0.377397
71.3572,21844.2532,52.922497,-1.840435,50.781757,0.408663,0.17805301,0.37735501
71.3787,21844.2732,52.976284,-2.096113,50.910252,0.409684,0.17688499,0.37725601
71.3954,21844.2932,53.199947,-2.244616,51.056393,0.41151601,0.17712399,0.37735301
71.4175,21844.3132,53.693024,-2.321089,51.225273,0.41495499,0.178886,0.37736601
71.4355,21844.3332,54.226856,-2.459146,51.436844,0.4188,0.180521,0.377361
71.4559,21844.3532,54.603085,-2.604131,51.639999,0.42157099,0.181546,0.37754601
71.4782,21844.3732,54.725494,-2.692085,51.653721,0.42268801,0.181403,0.377085
71.5007,21844.3932,54.57365,-2.845116,51.451397,0.42245501,0.179057,0.37538999
71.5203,21844.4132,54.282192,-2.933995,51.032887,0.42136699,0.17588601,0.37267101
71.5381,21844.4332,54.059147,-2.268991,50.458649,0.41853699,0.17771401,0.37147099
71.5578,21844.4532,54.012268,-0.845725,49.846207,0.41455901,0.185385,0.37240201
71.5785,21844.4732,53.908386,0.547349,49.328346,0.410144,0.19302,0.37393099
71.6019,21844.4932,53.527264,1.556603,49.054741,0.40460399,0.197954,0.376187
71.6211,21844.5132,53.042454,2.17274,49.09164,0.39905599,0.20089599,0.37933999
71.6386,21844.5332,52.700909,2.596511,49.20805,0.39500499,0.20321199,0.38213301
71.6569,21844.5532,52.398182,2.572548,49.405884,0.392571,0.202758,0.38388899
71.6835,21844.5731,52.172573,2.196754,49.728405,0.391653,0.200478,0.385216
71.6959,21844.5931,52.061127,1.943841,49.995602,0.39124301,0.199239,0.38640901
71.7163,21844.6131,52.019108,1.998089,50.17704,0.39044401,0.200105,0.387941
71.7413,21844.6331,51.997837,2.318891,50.340679,0.388915,0.202859,0.39021999
71.7581,21844.6531,52.078949,2.802272,50.434063,0.387676,0.206852,0.392398
71.775,21844.6731,52.230267,3.365042,50.297901,0.38707501,0.210848,0.393123
71.7975,21844.6931,52.367447,3.831543,50.04203,0.38692901,0.213708,0.39270401
71.8159,21844.7131,52.469028,3.972492,49.812996,0.38760099,0.21425,0.39142799
71.844,21844.7331,52.55669,3.940382,49.648762,0.38864401,0.213745,0.39004201
71.8653,21844.7531,52.664104,3.823056,49.557449,0.389981,0.21294799,0.388852
71.8823,21844.7731,52.833889,3.729317,49.406734,0.391792,0.212309,0.38723499
71.8956,21844.7931,53.06221,3.689802,49.227711,0.39388901,0.212135,0.38552099
71.9208,21844.8131,53.273926,3.58781,49.10598,0.395969,0.21166,0.38401601
71.937,21844.8331,53.316681,3.362544,49.020603,0.397185,0.209912,0.38257501
71.9662,21844.8531,53.072235,2.967048,48.986042,0.39682001,0.206236,0.381309
71.9794,21844.8731,52.757519,2.560506,48.984467,0.39592499,0.202365,0.38034499
71.9969,21844.8931,52.66943,2.252885,49.074879,0.396157,0.20022,0.38005
72.0155,21844.9131,52.717724,2.016705,49.228352,0.39701799,0.199233,0.38024801
72.0558,21844.9331,52.665375,1.618596,49.497757,0.39750099,0.197181,0.38085401
72.0602,21844.9531,52.493317,1.157668,49.780979,0.39732501,0.194341,0.38152501
72.0741,21844.973,52.068455,0.489219,50.015903,0.396135,0.18902101,0.38154399
72.0973,21844.993,51.317852,-0.575547,50.261822,0.393942,0.179795,0.380835
72.1158,21845.013,50.612885,-1.514697,50.418812,0.391803,0.17124,0.379908
72.135,21845.033,50.225159,-1.980727,50.427162,0.39057401,0.166605,0.379033
72.1586,21845.053,50.140568,-1.923728,50.220627,0.39008299,0.166022,0.37788799
72.1746,21845.073,50.015015,-1.770618,49.926086,0.38910899,0.165694,0.37650201
72.1969,21845.093,49.736202,-1.748429,49.697487,0.387371,0.16413601,0.37539399
72.2185,21845.113,49.524635,-1.761567,49.577106,0.38607001,0.162921,0.37483001
72.2378,21845.133,49.482624,-1.95969,49.536186,0.38647401,0.161211,0.373936
72.2619,21845.153,49.50214,-2.300207,49.525509,0.38773799,0.15878101,0.37267601
72.2779,21845.173,49.528599,-2.569628,49.406166,0.38896599,0.156519,0.37085599
72.3065,21845.193,49.516663,-2.474883,49.086842,0.38901001,0.15607999,0.36888701
72.3144,21845.213,49.392551,-2.050337,48.579628,0.38744801,0.157023,0.366855
72.3401,21845.233,49.237473,-1.469098,48.005325,0.38526499,0.158795,0.364894
72.3736,21845.253,49.204266,-0.99186,47.394329,0.384361,0.160106,0.36210501
72.3825,21845.273,49.345741,-0.802635,46.757797,0.38568199,0.159797,0.35789099
72.3961,21845.293,49.655994,-0.988479,46.16468,0.38933501,0.157414,0.35247201
72.4146,21845.313,49.916248,-1.341009,45.596672,0.39307499,0.153712,0.346728
72.4356,21845.333,49.922092,-1.407145,44.984348,0.394131,0.151143,0.342011
72.4586,21845.353,49.754562,-1.065352,44.216099,0.39290401,0.15050299,0.33779499
72.4773,21845.3729,49.472572,-0.510118,43.26527,0.390457,0.150501,0.33309299
72.4941,21845.3929,49.082214,0.121309,42.211666,0.387137,0.150462,0.32797301
72.5189,21845.4129,48.703964,0.878629,41.164547,0.38355401,0.15149499,0.32322499
72.5387,21845.433,48.508354,1.847889,40.23035,0.38062301,0.15505999,0.31973201
72.5592,21845.453,48.383564,2.752948,39.468407,0.37821499,0.15895499,0.31718099
72.5768,21845.473,48.286079,3.178201,38.824142,0.377206,0.159756,0.313869
72.5946,21845.4931,48.338516,3.210198,38.308712,0.37823001,0.158429,0.31006801
72.6159,21845.5131,48.513195,3.484499,37.862873,0.37942901,0.159445,0.30747199
72.6384,21845.5331,48.718979,3.964389,37.312954,0.380474,0.16171899,0.30475801
72.655,21845.5531,49.100979,4.481062,36.494972,0.383165,0.163774,0.300024
72.6789,21845.5732,49.362061,4.774366,35.628525,0.38562199,0.16366901,0.29430199
72.6981,21845.5932,49.118946,4.225995,35.035366,0.38599899,0.157002,0.28819701
72.7169,21845.6132,48.47435,3.133523,34.713184,0.38423899,0.14621501,0.28263399
72.7375,21845.6333,48.052937,2.337292,34.541496,0.38319001,0.13864399,0.27903801
72.7628,21845.6533,48.071526,2.372993,34.412292,0.38340101,0.13852499,0.27816001
72.7785,21845.6733,48.089893,2.420888,34.458668,0.383369,0.13908599,0.27865601
72.7998,21845.6933,47.884953,1.875575,34.644501,0.38290799,0.135095,0.27843001
72.8247,21845.7134,47.640373,1.254756,34.798874,0.38237,0.130321,0.27776301
72.8404,21845.7334,47.331207,0.957694,34.848774,0.380674,0.127497,0.27745599
72.8664,21845.7534,46.89872,0.801512,34.862103,0.37773299,0.12532499,0.27746701
72.8962,21845.7735,46.589291,0.764611,34.774876,0.37555,0.124022,0.27698401
72.9034,21845.7935,46.471485,0.693777,34.640991,0.37496299,0.122763,0.27584401
72.9182,21845.8135,46.428368,0.491444,34.584255,0.37517899,0.120927,0.27478999
72.9393,21845.8335,46.390251,0.375458,34.561131,0.37518901,0.119873,0.27427101
72.9587,21845.8536,46.305904,0.373385,34.513714,0.37459701,0.119502,0.273985
72.9763,21845.8736,46.272545,0.390849,34.384838,0.37443399,0.119136,0.27308801
72.9999,21845.8936,46.427292,0.305281,34.173088,0.37604299,0.118151,0.27103201
73.0187,21845.9137,46.674129,0.080627,34.006565,0.37863499,0.11646,0.26877001
73.0397,21845.9337,46.893219,-0.16332,33.937523,0.38095301,0.114875,0.26721001
73.0661,21845.9537,47.038597,-0.293154,33.867519,0.382438,0.113988,0.266092
73.0815,21845.9737,47.193214,-0.396141,33.751911,0.38397399,0.113174,0.26470199
73.0979,21845.9938,47.417706,-0.521697,33.460789,0.38626501,0.111756,0.26181701
73.1219,21846.0138,47.647236,-0.586785,32.979763,0.388634,0.110159,0.25767401
73.1486,21846.0338,47.739605,-0.657768,32.421936,0.39003,0.107929,0.25306201
73.1637,21846.0538,47.75069,-0.707774,31.921965,0.39069101,0.105867,0.249044
73.1832,21846.0738,47.81464,-0.747805,31.456289,0.39169401,0.10411,0.24526501
73.1981,21846.0938,47.773609,-0.801155,31.03717,0.39186999,0.102178,0.241901
73.217,21846.1138,47.665882,-0.848541,30.714272,0.39142701,0.100478,0.23936
73.2393,21846.1338,47.538113,-0.852535,30.397711,0.390728,0.099095,0.237032
73.2595,21846.1538,47.262009,-0.839362,30.086071,0.38883999,0.097554,0.23493899
73.2781,21846.1738,46.846375,-0.788299,29.732544,0.38582399,0.095886,0.23277301
73.298,21846.1937,46.364998,-0.938514,29.337906,0.38272399,0.092402,0.22966
73.3247,21846.2137,46.034489,-1.067548,28.840063,0.38080901,0.089064,0.225665
73.3427,21846.2337,45.952148,-0.774042,28.234715,0.38006601,0.089176,0.22199699
73.3605,21846.2537,45.957268,-0.202793,27.609486,0.3795,0.09157,0.219009
73.3778,21846.2737,45.833462,0.210776,27.095564,0.37816101,0.092865,0.216463
73.3987,21846.2937,45.67897,0.222533,26.79056,0.37717599,0.091663,0.214237
73.4171,21846.3137,45.603481,-0.118305,26.678249,0.37730801,0.088486,0.212295
73.4355,21846.3337,45.637363,-0.547877,26.660051,0.37838,0.085126,0.21070901
73.4556,21846.3537,45.685104,-0.835572,26.55084,0.37935999,0.082601,0.20886301
73.4761,21846.3737,45.710049,-0.606762,26.361561,0.37927601,0.083813,0.20811699
73.4969,21846.3937,45.842098,-0.269428,26.101639,0.37989101,0.085837,0.207093
73.5195,21846.4137,46.032536,-0.150084,25.90271,0.38131601,0.086456,0.20578299
73.5469,21846.4337,46.242126,-0.29477,25.766024,0.38331699,0.085245,0.20406701
73.5634,21846.4537,46.491192,-0.427814,25.668083,0.385573,0.084323,0.202658
73.579,21846.4737,47.216148,-0.706227,25.672836,0.39171699,0.083466,0.20116401
73.5993,21846.4937,48.194916,-1.047664,25.668962,0.39992699,0.082555,0.199129
73.6191,21846.5137,48.772705,-1.389188,25.591635,0.40505001,0.080672,0.196822
73.6434,21846.5337,49.135647,-1.626005,25.534479,0.40830201,0.079287,0.19521099
73.6577,21846.5537,49.409084,-1.664528,25.421701,0.41055799,0.079078,0.19395
73.6772,21846.5737,49.643326,-1.460597,25.205648,0.41217199,0.080299,0.19279701
73.696,21846.5936,49.903469,-1.088337,24.945337,0.41374001,0.082698,0.19189499
73.7181,21846.6136,50.186001,-0.776528,24.675236,0.41559699,0.084619,0.190694
73.7373,21846.6336,50.514511,-0.512023,24.384054,0.417909,0.08616,0.189134
73.7585,21846.6536,50.922943,-0.254773,24.097054,0.42085201,0.087775,0.18753099
73.7817,21846.6736,51.43227,0.154594,23.86936,0.42428201,0.090921,0.186887
73.8032,21846.6936,51.940536,0.454527,23.767883,0.427782,0.093667,0.18683399
73.825,21846.7136,52.268108,0.554639,23.831539,0.43008,0.095197,0.18744899
73.8426,21846.7336,52.23782,0.468344,23.927967,0.42990899,0.094849,0.187887
73.8595,21846.7536,51.817867,-0.435896,24.080276,0.42804101,0.087798,0.186004
73.8771,21846.7736,51.499863,-1.01957,24.158228,0.42648599,0.083073,0.18469501
73.9072,21846.7936,51.568203,-0.605336,24.146973,0.42634901,0.086331,0.186092
73.9308,21846.8137,51.705025,-0.065889,24.136074,0.42652801,0.090662,0.187904
73.989,21846.8337,51.525318,-0.236908,24.245785,0.42534199,0.089459,0.188256
73.9906,21846.8537,51.124592,-0.723953,24.498388,0.42287001,0.085976,0.188729
73.992,21846.8738,50.781773,-0.99504,24.837626,0.42043,0.08455,0.190639
73.9961,21846.8938,50.579025,-1.251239,25.226486,0.41901401,0.083646,0.19287699
74.0189,21846.9138,50.553413,-1.333164,25.536379,0.41872901,0.084102,0.194989
74.0355,21846.9338,50.685268,-1.176042,25.734869,0.41932601,0.086274,0.196972
74.056,21846.9539,50.897167,-0.926375,25.828495,0.42045,0.088917,0.198415
74.0791,21846.9739,51.043575,-0.68692,25.850948,0.42113999,0.091101,0.19933601
74.0986,21846.9939,51.154312,-0.53456,25.8458,0.42172799,0.092449,0.19975901
74.1211,21847.014,51.315605,-0.465356,25.823687,0.42286199,0.093185,0.19970299
74.1411,21847.034,51.592304,-0.368476,25.797649,0.42483401,0.094321,0.19961999
74.1626,21847.054,51.90934,-0.185092,25.635427,0.42707601,0.095679,0.19878501
74.1855,21847.074,52.133343,-0.021476,25.370846,0.42872801,0.096331,0.197181
74.2001,21847.0941,52.276997,0.033101,25.018282,0.430029,0.095673,0.19456901
74.2168,21847.1141,52.446175,0.045913,24.676811,0.43158501,0.094772,0.191866
74.2364,21847.1341,52.634144,0.12668,24.33016,0.43317401,0.094393,0.189367
74.259,21847.1541,52.696129,0.181956,23.935806,0.43388101,0.093425,0.186511
74.2912,21847.1742,52.683811,0.231963,23.421463,0.434122,0.09184,0.18277401
74.3075,21847.1942,52.743011,0.25728,22.788139,0.43503699,0.089724,0.177974
74.3243,21847.2142,52.838581,0.518124,22.078588,0.43592399,0.089171,0.173457
74.3533,21847.2343,52.731518,1.174553,21.325569,0.43471,0.091192,0.17024601
74.3636,21847.2543,52.273029,2.136098,20.569803,0.43037099,0.095102,0.168338
74.379,21847.2743,51.378941,2.946021,19.850653,0.42287201,0.097513,0.166253
74.3965,21847.2943,50.135853,3.106973,19.151335,0.413551,0.09467,0.161952
74.4162,21847.3144,48.999916,3.135144,18.380331,0.40524101,0.09078,0.15647601
74.4468,21847.3344,48.272228,3.744996,17.58753,0.39932501,0.091948,0.152643
74.4586,21847.3544,47.904404,4.81145,16.779682,0.395679,0.097133,0.150084
74.4769,21847.3745,47.623615,5.652378,16.088364,0.39296299,0.101094,0.14758
74.4988,21847.3945,47.258419,5.875606,15.642587,0.390176,0.100991,0.144862
74.5166,21847.4145,47.011951,5.706761,15.437332,0.38861001,0.098738,0.14268599
74.5363,21847.4344,47.160713,5.287503,15.357914,0.39037701,0.095292,0.14062101
74.5594,21847.4544,47.343166,4.856474,15.265982,0.392425,0.091741,0.138402
74.582,21847.4744,47.365875,4.497056,15.098092,0.39316699,0.088348,0.135841
74.6014,21847.4944,47.314617,4.356623,14.796367,0.39315501,0.086157,0.132983
74.6298,21847.5144,47.216911,4.35983,14.423696,0.39265299,0.084818,0.130061
74.6432,21847.5344,47.122429,4.376336,14.084801,0.392133,0.083707,0.12744799
74.6842,21847.5544,47.133972,4.391519,13.847027,0.39238101,0.083023,0.125616
74.6874,21847.5744,47.276997,4.433557,13.670434,0.39359999,0.082868,0.124346
74.7068,21847.5944,47.586761,4.434256,13.465028,0.39620799,0.082416,0.12269
74.7213,21847.6144,48.082928,4.376827,13.189653,0.40040201,0.081397,0.120262
74.7387,21847.6344,48.563847,4.292395,12.911392,0.404495,0.080124,0.117719
74.7655,21847.6544,48.825188,4.252382,12.70588,0.406746,0.079278,0.11593
74.7813,21847.6744,48.905724,4.318722,12.539256,0.40743101,0.079268,0.114845
74.8003,21847.6944,49.033298,4.467984,12.366025,0.408411,0.079919,0.114001
74.8181,21847.7144,49.231319,4.673227,12.133806,0.409935,0.080844,0.112892
74.838,21847.7344,49.434948,5.006228,11.843894,0.411423,0.082561,0.111796
74.8663,21847.7544,49.642174,5.52775,11.468853,0.41282699,0.085442,0.110723
74.883,21847.7744,49.803242,6.080575,11.066713,0.41387099,0.088427,0.109566
74.898,21847.7944,49.81184,6.479961,10.794165,0.413771,0.090582,0.10887
74.9202,21847.8144,49.723209,6.807268,10.683758,0.41284901,0.092706,0.109174
74.9398,21847.8343,49.623272,7.320823,10.621987,0.41161901,0.096464,0.110522
74.9754,21847.8543,49.317017,7.851322,10.665107,0.408647,0.100633,0.112703
74.9857,21847.8743,48.619164,8.119059,10.774086,0.40276399,0.102783,0.114359
74.9985,21847.8943,47.819912,8.267338,10.675618,0.39636299,0.103218,0.113912
75.0179,21847.9143,47.312828,8.652828,10.357126,0.39223799,0.104931,0.112586
75.0419,21847.9343,47.150291,9.312196,10.151145,0.39048699,0.109375,0.113157
75.067,21847.9543,47.078697,9.831534,10.188993,0.38936201,0.113584,0.115198
75.083,21847.9743,46.880554,9.815996,10.422604,0.38756701,0.11417,0.116921
75.1086,21847.9943,46.542038,9.828699,10.714248,0.38456199,0.115104,0.11915
75.1179,21848.0143,46.109398,10.01746,10.951077,0.380669,0.117193,0.121499
75.1379,21848.0343,45.694817,10.041437,11.132866,0.37714201,0.117788,0.122867
75.1599,21848.0543,45.413914,9.708968,11.305264,0.375074,0.115572,0.123045
75.1807,21848.0743,45.350048,9.023382,11.542583,0.375063,0.11086,0.122669
75.2024,21848.0943,45.435532,8.312879,11.786891,0.37627599,0.106053,0.122307
75.2406,21848.1143,45.458427,7.861293,12.053648,0.376699,0.103348,0.122952
75.2459,21848.1343,45.428673,7.935853,12.331248,0.37612799,0.104835,0.12540101
75.2597,21848.1543,45.485924,8.213067,12.516848,0.37610799,0.107686,0.127799
75.2876,21848.1743,45.794209,8.274739,12.693661,0.37833801,0.108955,0.12947001
75.3045,21848.1943,46.313015,8.054905,12.917128,0.38251999,0.108291,0.130611
75.3153,21848.2143,46.838593,7.686379,13.174808,0.38688999,0.106592,0.131496
75.34,21848.2343,47.28561,7.253401,13.468734,0.390674,0.10448,0.132401
75.3597,21848.2542,47.691589,6.871989,13.675007,0.39415401,0.102472,0.132753
75.3784,21848.2742,48.129372,6.638648,13.672297,0.39789701,0.100948,0.131945
75.3991,21848.2942,48.503689,6.41628,13.548891,0.401223,0.099045,0.130209
75.4159,21848.3142,48.739502,6.154246,13.383482,0.40352401,0.096577,0.12799101
75.4361,21848.3342,48.800522,5.861427,13.230149,0.40445799,0.093779,0.125753
75.4649,21848.3542,48.695095,5.610716,13.060884,0.40403399,0.091133,0.123539
75.4878,21848.3742,48.547596,5.518679,12.811311,0.403162,0.089423,0.121253
75.4979,21848.3942,48.402843,5.574174,12.438975,0.402246,0.08845,0.118515
75.5198,21848.4142,48.152107,5.87797,11.875796,0.40038401,0.088708,0.115131
75.5373,21848.4342,47.544155,6.316416,11.143136,0.39569101,0.089258,0.11082
75.5573,21848.4542,46.417236,6.696462,10.479137,0.38686201,0.08938,0.106707
75.5808,21848.4742,45.203262,7.103252,10.04791,0.37710199,0.090562,0.104408
75.5991,21848.4942,44.386684,7.514756,9.863272,0.37031001,0.092855,0.104089
75.6163,21848.5142,43.872311,7.711962,9.834613,0.366009,0.0941,0.104362
75.6379,21848.5342,43.357792,7.415908,9.917881,0.362057,0.091737,0.10396
75.6664,21848.5542,42.954441,6.902399,10.162139,0.35907,0.088166,0.10422
75.687,21848.5742,42.871487,6.364103,10.614145,0.358551,0.085198,0.106162
75.7045,21848.5942,43.039425,5.743626,11.125089,0.360118,0.081902,0.108354
75.7155,21848.6142,43.189171,5.015953,11.600423,0.36169001,0.077637,0.109899
75.7454,21848.6342,43.295712,4.322762,11.951855,0.362986,0.073243,0.110536
75.7638,21848.6541,43.512733,3.734226,12.115742,0.36520201,0.069188,0.109973
75.7796,21848.6741,43.794807,3.35762,12.16985,0.36780399,0.066546,0.109177
75.7977,21848.6941,44.05312,3.068101,12.230886,0.370125,0.064615,0.108704
75.8203,21848.7141,44.338371,2.683727,12.29869,0.37274599,0.061972,0.10796
75.8392,21848.7341,44.6646,2.19692,12.215828,0.37586501,0.058055,0.105646
75.8605,21848.7541,44.975254,1.683618,11.972585,0.37894201,0.053386,0.101939
75.8834,21848.7741,45.164063,1.206574,11.700369,0.38099399,0.04881,0.09813
75.8997,21848.7941,45.199276,0.829369,11.527469,0.381666,0.04524,0.09548
75.9527,21848.8141,45.190113,0.531046,11.447012,0.38187,0.042574,0.093844
75.9556,21848.8341,45.295185,0.270742,11.420038,0.382934,0.040481,0.092727
75.9592,21848.8541,45.536392,-0.043002,11.480666,0.38509801,0.038364,0.092082
75.9768,21848.8741,45.879631,-0.400696,11.562132,0.38810399,0.036056,0.091405
76.0033,21848.8941,46.325169,-0.644393,11.68437,0.391819,0.034894,0.091382
76.0164,21848.9141,46.78083,-1.070635,11.793139,0.395758,0.032253,0.090597
76.0357,21848.9341,47.278221,-1.676633,11.872825,0.400168,0.028135,0.088901
76.0592,21848.9541,47.934589,-2.034546,11.980412,0.40562701,0.026251,0.088173
76.0786,21848.9741,48.589642,-2.229582,12.222255,0.410905,0.02616,0.089052
76.0994,21848.9941,49.12727,-2.490204,12.532187,0.41528001,0.025717,0.090266
76.1203,21849.0141,49.587456,-2.375026,12.611208,0.41879299,0.027348,0.091048
76.1383,21849.0342,49.798779,-2.106,12.442141,0.42028299,0.029046,0.090584
76.1609,21849.0542,49.633297,-2.115022,12.174193,0.41905501,0.027842,0.088529
76.184,21849.0742,49.318447,-2.533513,11.98964,0.41693601,0.023582,0.085718
76.2062,21849.0942,49.208706,-2.783005,11.958271,0.41626301,0.021398,0.084625
76.2165,21849.1143,49.451389,-2.564927,12.079045,0.417988,0.023781,0.086235
76.2427,21849.1343,49.838451,-2.141306,12.093841,0.420708,0.027526,0.08769
76.2653,21849.1543,49.978683,-2.119268,12.201178,0.421767,0.028221,0.088541
76.2806,21849.1744,49.843575,-2.484897,12.47753,0.42092401,0.026234,0.089447
76.3038,21849.1944,49.700886,-2.789495,12.757155,0.41997999,0.024725,0.090615
76.3198,21849.2144,49.621227,-3.115871,12.980522,0.41956699,0.022894,0.091228
76.3389,21849.2344,49.525818,-3.47471,13.102852,0.41907901,0.020418,0.09094
76.361,21849.2545,49.414074,-3.836143,13.197357,0.41847199,0.0178,0.090439
76.378,21849.2746,49.373707,-4.069215,13.246322,0.418331,0.016099,0.090002
76.398,21849.2946,49.319496,-4.051796,13.213179,0.417896,0.016059,0.089842
76.4211,21849.3147,49.28651,-3.856772,13.148069,0.41749299,0.017326,0.090062
76.4378,21849.3348,49.246803,-3.537252,13.041119,0.41694599,0.019417,0.090408
76.4591,21849.3548,49.288643,-3.282113,12.956136,0.41708899,0.021163,0.090639
76.4806,21849.3749,49.474777,-3.155134,12.918693,0.418459,0.022213,0.090689
76.5093,21849.3949,49.682465,-3.168429,12.952487,0.420095,0.022438,0.090776
76.5303,21849.415,49.955021,-3.13437,12.971003,0.42220399,0.023045,0.090875
76.5417,21849.4351,50.251438,-3.015217,12.887661,0.42445099,0.023967,0.090474
76.5626,21849.4551,50.550362,-2.805635,12.651847,0.42667899,0.025028,0.089217
76.5767,21849.4752,50.781895,-2.550484,12.360381,0.42835999,0.026162,0.087745
76.6061,21849.4952,50.979153,-2.401706,12.098348,0.429851,0.026529,0.086135
76.6226,21849.5153,51.157406,-2.265772,11.810325,0.43121099,0.026672,0.08429
76.6595,21849.5354,51.156643,-2.201392,11.497864,0.43123001,0.026,0.082084
76.6694,21849.5554,51.097172,-2.150554,11.268983,0.43077999,0.025487,0.080512
76.6873,21849.5755,51.149212,-2.019472,11.026209,0.43114999,0.025645,0.079075
76.6974,21849.5955,51.182957,-1.843191,10.81935,0.43134001,0.026276,0.0781
76.7215,21849.6156,51.200211,-1.755464,10.64919,0.43145499,0.026337,0.077088
76.7387,21849.6356,51.214806,-1.811753,10.484008,0.43164399,0.025285,0.075574
76.7595,21849.6556,51.162865,-2.007225,10.268732,0.431409,0.022901,0.073174
76.7895,21849.6756,50.901814,-2.163986,10.057969,0.42950201,0.020679,0.071055
76.7974,21849.6957,50.471657,-2.489414,10.05884,0.42632601,0.017794,0.070056
76.8193,21849.7157,50.091595,-2.912595,10.265714,0.42356899,0.01493,0.070311
76.8407,21849.7357,50.374161,-2.908245,10.174366,0.42579901,0.014851,0.069458
76.8649,21849.7558,50.756466,-2.911793,10.083877,0.42881399,0.014788,0.068531
76.8845,21849.7758,51.065861,-2.943631,9.881533,0.431283,0.01402,0.066659
76.9048,21849.7958,51.277397,-3.029145,9.601004,0.43302101,0.012453,0.064024
76.9253,21849.8158,51.440723,-3.243396,9.483106,0.43442899,0.01045,0.062202
76.9439,21849.8359,51.50082,-3.514004,9.558924,0.43503901,0.008662,0.061737
76.9636,21849.8559,51.51189,-3.621789,9.694092,0.43517399,0.008339,0.062381
76.9842,21849.8759,51.707836,-3.548778,9.672781,0.436667,0.008983,0.062381
77.0026,21849.8958,52.00547,-3.571862,9.559917,0.43901199,0.008602,0.061242
77.022,21849.9158,52.153576,-3.278414,9.260644,0.440036,0.009861,0.059946
77.0366,21849.9358,52.220093,-2.786353,9.076828,0.44031501,0.01305,0.060365
77.0599,21849.9558,52.302002,-2.524126,9.086375,0.440813,0.015194,0.061408
77.0842,21849.9758,52.338799,-2.360418,9.089237,0.441012,0.01651,0.062043
77.0985,21849.9958,52.665073,-2.239242,9.055812,0.44349399,0.017554,0.062099
77.1183,21850.0158,53.210094,-2.003595,8.772075,0.44765401,0.018657,0.060561
77.1406,21850.0358,53.415882,-1.493049,8.661303,0.44900101,0.02233,0.061611
77.158,21850.0558,53.341408,-1.049553,8.667649,0.44817901,0.025757,0.063425
77.1802,21850.0758,53.219318,-0.738522,8.820137,0.447018,0.028696,0.06587
77.2002,21850.0958,53.392021,-0.508064,8.873397,0.44821301,0.030804,0.067125
77.2201,21850.1158,53.466068,-0.324956,9.107599,0.448614,0.03319,0.069637
77.238,21850.1358,53.099655,0.184723,9.639133,0.445274,0.038991,0.075876
77.2612,21850.1558,52.727833,1.022013,10.179915,0.441594,0.047356,0.083434
77.2816,21850.1758,52.802204,1.833808,10.657975,0.44134301,0.055563,0.090262
77.3073,21850.1958,53.084957,2.662112,11.147117,0.44261101,0.064072,0.097195
77.346,21850.2158,53.218628,3.591613,11.736383,0.44247401,0.073643,0.105329
77.3519,21850.2358,53.112755,4.13834,12.712735,0.440465,0.081563,0.11501
77.3646,21850.2558,52.98151,4.074292,14.054101,0.43853101,0.086111,0.12516101
77.3813,21850.2758,52.981117,3.703251,15.579863,0.43778399,0.089079,0.135527
77.4015,21850.2957,53.107479,3.32131,17.107237,0.43802401,0.092097,0.14580099
77.4186,21850.3157,53.164566,3.217949,18.632866,0.437341,0.097192,0.157116
77.4391,21850.3357,53.056866,3.318796,20.303272,0.434899,0.104193,0.170362
77.4594,21850.3557,52.860859,3.375804,21.982363,0.43172801,0.11072,0.18352599
77.482,21850.3757,52.688251,3.695186,23.53743,0.42831501,0.118749,0.19669101
77.5082,21850.3957,52.555302,4.227578,24.995653,0.42478001,0.12803,0.20985
77.5189,21850.4157,52.328789,4.838376,26.341221,0.42033499,0.13727,0.222445
77.5377,21850.4357,51.933472,5.660326,27.694284,0.413982,0.147765,0.2359
77.5619,21850.4557,51.394878,6.486982,29.118637,0.40620601,0.158176,0.24990299
77.5806,21850.4757,50.651409,7.304957,30.53014,0.39667299,0.167946,0.263787
77.5988,21850.4957,49.678185,8.538455,31.986855,0.384078,0.180362,0.27940601
77.6199,21850.5157,48.561413,9.904511,33.611855,0.36942399,0.19377799,0.29655299
77.6389,21850.5357,47.405262,11.101762,35.383595,0.35426599,0.205972,0.31400201
77.6596,21850.5557,46.396111,12.155747,37.163528,0.34026599,0.21706399,0.33078101
77.6876,21850.5757,45.651321,13.141024,39.044079,0.32798299,0.228185,0.34781501
77.7081,21850.5957,44.983902,14.02211,41.133465,0.31587499,0.238974,0.365868
77.7185,21850.6157,44.259846,14.768711,43.41531,0.30305499,0.24879199,0.384765
77.7416,21850.6357,43.489067,15.345301,45.866734,0.28980899,0.257276,0.40424699
77.7626,21850.6557,42.802525,15.863414,48.364212,0.27706301,0.26525,0.42367899
77.7791,21850.6757,42.209892,16.287205,50.767887,0.26538199,0.27219701,0.44197699
77.8066,21850.6957,41.576488,16.608301,53.239059,0.25346801,0.27807099,0.460329
77.8243,21850.7156,40.921455,16.880657,55.775906,0.241298,0.28328499,0.47883901
77.8431,21850.7356,40.321472,16.986841,58.305584,0.23015399,0.28713799,0.49673399
77.859,21850.7556,39.849754,16.973412,60.700668,0.22075699,0.290041,0.51323903
77.8773,21850.7756,39.483318,16.739407,62.988346,0.21338201,0.29140401,0.528395
77.8985,21850.7956,39.219128,16.360643,65.087158,0.20793,0.29169199,0.54184097
77.9377,21850.8156,39.039288,15.758361,67.144432,0.20431601,0.29067901,0.55444902
77.9395,21850.8356,39.021942,14.932141,69.19371,0.203054,0.28885001,0.56638098
77.9579,21850.8556,39.216633,14.195244,71.131256,0.20319299,0.288376,0.57743698
77.9784,21850.8756,39.403294,13.452202,72.962791,0.203637,0.28772101,0.58765203
77.9961,21850.8956,39.496315,12.549094,74.746346,0.20446999,0.28561699,0.597229
78.0197,21850.9156,39.449696,11.43025,76.403595,0.205933,0.28134999,0.60566401
78.0436,21850.9356,39.362827,10.313247,77.887566,0.207689,0.276656,0.61298501
78.0606,21850.9556,39.302315,9.505074,79.154251,0.2086,0.273662,0.61942202
78.0854,21850.9756,39.249359,9.143734,80.32943,0.20741799,0.27331001,0.62604702
78.1044,21850.9956,39.206387,8.904477,81.443748,0.205798,0.273642,0.63245898
78.1187,21851.0156,39.17218,8.607967,82.470039,0.20477501,0.27351099,0.63817799
78.1399,21851.0356,39.171936,8.283716,83.436035,0.204282,0.27328801,0.64339602
78.1587,21851.0556,39.12513,7.930867,84.438225,0.203592,0.272719,0.648812
78.181,21851.0756,38.937813,7.579427,85.471741,0.201978,0.27145699,0.65459901
78.2035,21851.0956,38.68029,7.334974,86.512909,0.199339,0.27043599,0.66069901
78.2255,21851.1155,38.487568,7.037077,87.600334,0.19733,0.26951399,0.666839
78.2405,21851.1355,38.454258,6.497742,88.793205,0.197483,0.26826,0.67286998
78.2566,21851.1555,38.610046,5.711342,90.047569,0.200119,0.266808,0.67843699
78.2783,21851.1755,38.904327,4.774701,91.332909,0.204429,0.26544601,0.68356401
78.2987,21851.1955,39.284313,3.811986,92.617073,0.20942201,0.26456001,0.68834102
78.3235,21851.2155,39.703362,2.763371,93.872681,0.21523599,0.263515,0.69257098
78.3437,21851.2355,40.093678,1.785813,94.942345,0.22089501,0.26247901,0.69581503
78.3622,21851.2556,40.3829,0.984297,95.796112,0.22542199,0.26148701,0.698318
78.3791,21851.2756,40.576534,0.414183,96.388565,0.228613,0.26072499,0.69999498
78.4023,21851.2956,40.758041,0.059251,96.814835,0.230802,0.260757,0.70119298
78.4209,21851.3156,40.962749,-0.1638,97.129066,0.23256101,0.261437,0.70197803
78.4417,21851.3357,41.180885,-0.319012,97.422241,0.234019,0.26253399,0.70274299
78.468,21851.3557,41.464855,-0.486158,97.733818,0.235854,0.264018,0.70341599
78.485,21851.3757,41.862675,-0.508599,98.032036,0.23742799,0.26696399,0.70402998
78.5011,21851.3958,42.280018,-0.449539,98.222847,0.238841,0.270248,0.70417601
78.5268,21851.4158,42.550999,-0.194772,98.271423,0.238601,0.273375,0.70431501
78.5445,21851.4358,42.684334,0.293706,98.185493,0.236514,0.27661601,0.70455098
78.5668,21851.4558,42.735283,0.900893,98.134583,0.233174,0.280049,0.70540398
78.5955,21851.4759,42.803188,1.324694,98.299881,0.230519,0.283043,0.70697701
78.6254,21851.4959,42.949947,1.5025,98.627342,0.22939099,0.285537,0.70871598
78.6296,21851.5159,43.151611,1.448432,98.981171,0.229913,0.2872,0.70998901
78.6423,21851.5359,43.250214,1.109023,99.254112,0.23185501,0.28657901,0.71049899
78.6616,21851.556,43.085281,0.571816,99.264755,0.23428801,0.28277001,0.70985901
78.6799,21851.576,42.881752,0.324934,99.009773,0.235368,0.27969301,0.70850402
78.7044,21851.596,42.905682,0.908624,98.603645,0.232884,0.28208801,0.70749801
78.7236,21851.6161,43.09407,2.167559,98.260567,0.22697,0.289188,0.70777297
78.7458,21851.6361,43.138458,3.470754,98.060951,0.219661,0.295917,0.709162
78.7662,21851.6561,42.993073,4.627078,98.045158,0.211748,0.30105999,0.71157998
78.7817,21851.6761,42.850315,5.51964,98.247314,0.20488501,0.30521399,0.71456599
78.8011,21851.6962,42.83366,6.12309,98.546539,0.200223,0.308768,0.71721798
78.822,21851.7162,42.871601,6.212222,98.781494,0.19923601,0.30986601,0.71850401
78.8423,21851.7362,42.91003,6.223407,98.950165,0.198917,0.310449,0.71930897
78.87,21851.7563,42.981995,6.567813,99.084045,0.196778,0.31288201,0.72043699
78.8879,21851.7763,43.126171,7.1349,99.214317,0.19362999,0.31687301,0.72176301
78.9064,21851.7963,43.345169,7.538686,99.409813,0.191723,0.320577,0.722974
78.9202,21851.8163,43.65667,7.729462,99.653061,0.191513,0.323829,0.72386497
78.944,21851.8364,44.087585,7.864292,99.85466,0.192404,0.327445,0.72418702
78.9639,21851.8564,44.601852,7.893269,99.995705,0.194572,0.330928,0.72383302
78.9809,21851.8764,45.076908,7.710044,100.128021,0.19788399,0.33309999,0.72313899
79.0004,21851.8964,45.424805,7.415473,100.310684,0.20106301,0.33404601,0.72276098
79.023,21851.9164,45.676605,7.015714,100.500137,0.204367,0.333911,0.722426
79.0438,21851.9363,45.964844,6.498031,100.654327,0.208702,0.33335701,0.72159499
79.0666,21851.9563,46.313465,5.915515,100.763321,0.213883,0.33277199,0.72024298
79.085,21851.9763,46.657131,5.430293,100.796165,0.21863399,0.33250299,0.71866697
79.1066,21851.9963,46.855404,5.174585,100.713539,0.221512,0.33227301,0.71728301
79.1368,21852.0163,46.781998,5.072058,100.542709,0.22226401,0.33098599,0.71641099
79.1436,21852.0363,46.511105,4.929469,100.329544,0.222349,0.32821801,0.715725
79.1602,21852.0563,46.390266,4.733286,100.162598,0.223416,0.32617599,0.71479702
79.1832,21852.0763,46.676895,4.403489,100.071205,0.227235,0.32607001,0.71298999
79.2002,21852.0963,47.11874,3.832922,100.032677,0.233202,0.32578799,0.71055597
79.2189,21852.1163,47.189919,3.217844,99.878883,0.237817,0.32279101,0.70833498
79.2412,21852.1363,46.772022,2.780507,99.460258,0.2395,0.31716201,0.70634699
79.2732,21852.1563,46.11097,2.560578,98.8536,0.239039,0.310765,0.704422
79.297,21852.1763,45.573326,2.798798,98.083488,0.2368,0.30715701,0.70223999
79.3225,21852.1963,45.19215,3.212492,97.312668,0.234285,0.30544901,0.69997197
79.3269,21852.2163,44.821209,3.226075,96.690689,0.233844,0.30203399,0.69759399
79.3427,21852.2363,44.089027,1.991031,96.279068,0.23843101,0.29023799,0.69457102
79.3643,21852.2563,43.087555,0.512507,96.027367,0.242553,0.275731,0.69246697
79.3792,21852.2763,42.380173,0.141222,95.770081,0.241552,0.26890501,0.69194299
79.3982,21852.2963,42.418602,0.540633,95.635216,0.239668,0.27103099,0.691957
79.4222,21852.3163,42.689095,0.67971,95.511406,0.240604,0.27315599,0.690947
79.4429,21852.3362,42.753456,0.091863,95.439384,0.24466699,0.27018201,0.68915898
79.4589,21852.3562,42.448696,-0.702397,95.460762,0.24772599,0.264043,0.68828899
79.4838,21852.3762,42.131908,-0.937011,95.554085,0.24719401,0.261044,0.68904501
79.499,21852.3962,42.191059,-0.549554,95.773399,0.244681,0.26399601,0.69093901
79.5224,21852.4162,42.421146,-0.217143,96.028473,0.24333499,0.267746,0.69249701
79.5422,21852.4362,42.562912,-0.514904,96.267517,0.24534599,0.26749399,0.69282699
79.5637,21852.4562,42.7393,-1.066859,96.339256,0.249467,0.265717,0.69160199
79.5878,21852.4762,42.930714,-1.145146,96.132202,0.25145301,0.266,0.68983901
79.6017,21852.4962,43.003716,-0.872268,95.890503,0.25076899,0.2674,0.68894202
79.6221,21852.5162,43.079147,-0.592536,95.69622,0.249952,0.268958,0.68831098
79.6391,21852.5362,43.315777,-0.578454,95.506721,0.2516,0.27004501,0.686737
79.6626,21852.5562,43.673977,-0.59005,95.23864,0.254253,0.271541,0.68437898
79.6861,21852.5762,44.00774,-0.390186,94.883698,0.25572699,0.27384201,0.68207002
79.6997,21852.5962,44.288387,0.053264,94.509972,0.25552601,0.27711001,0.68033099
79.7223,21852.6162,44.532269,0.562247,94.166962,0.25468299,0.28058201,0.67899603
79.7514,21852.6362,44.723919,0.801722,93.938087,0.25488499,0.28251699,0.67781401
79.7684,21852.6562,44.904579,0.792479,93.750526,0.256401,0.28310999,0.67633098
79.7807,21852.6762,45.208626,0.746083,93.603096,0.25872099,0.28430599,0.67468601
79.8003,21852.6962,45.610836,0.762162,93.519272,0.26105899,0.286558,0.673289
79.8188,21852.7162,45.859627,0.738337,93.563171,0.262463,0.287981,0.67286998
79.8405,21852.7362,45.78989,0.886823,93.783394,0.26065099,0.28889,0.674586
79.8613,21852.7561,45.406151,0.892447,94.072052,0.25777799,0.28732401,0.67711002
79.8804,21852.7761,44.940754,0.760377,94.158409,0.25578099,0.284058,0.67840999
79.9396,21852.7961,44.689804,0.842517,93.958839,0.25440401,0.28258601,0.67809999
79.9428,21852.8161,44.721416,1.470272,93.640747,0.251654,0.28551599,0.677665
79.9444,21852.8361,44.573082,2.112048,93.434181,0.247548,0.287723,0.67827398
79.9602,21852.8561,44.075653,2.706429,93.568092,0.240906,0.28836501,0.68141001
79.9768,21852.8761,43.553478,3.378572,93.95211,0.233005,0.289781,0.686064
79.9968,21852.8961,43.144588,3.895003,94.453087,0.226346,0.29119599,0.69071901
80.0212,21852.9161,42.766331,3.997716,95.068451,0.22205301,0.29072601,0.69506902
80.0424,21852.9361,42.551071,3.913258,95.701691,0.219767,0.290214,0.69878203
80.0602,21852.9561,42.65414,3.799162,96.291908,0.21953499,0.29134899,0.70150203
80.0813,21852.9761,42.937122,3.709626,96.906448,0.220066,0.29374701,0.70398003
80.1015,21852.9961,43.141579,3.49249,97.607147,0.220714,0.295178,0.70681101
80.1221,21853.0161,43.296337,3.234576,98.287331,0.221388,0.29607299,0.709535
80.1434,21853.0361,43.510891,3.071831,98.8078,0.22219799,0.29753599,0.71144402
80.1652,21853.0561,43.845909,3.109024,99.171944,0.222801,0.30048001,0.71262801
80.2002,21853.0761,44.191254,3.356981,99.382751,0.222535,0.30427799,0.71338999
80.2066,21853.0961,44.480415,3.711128,99.490868,0.221573,0.30807301,0.71395302
80.2196,21853.1161,44.744839,3.954255,99.557014,0.22127999,0.311057,0.71414
80.2411,21853.1361,45.124264,4.004853,99.682281,0.22262999,0.31386599,0.71398097
80.2637,21853.1561,45.63364,3.895574,99.900047,0.22539701,0.31683201,0.71365702
80.2852,21853.1761,46.126171,3.712828,100.104347,0.228553,0.31930399,0.71313399
80.3058,21853.1962,46.462204,3.372552,100.221634,0.232099,0.31986001,0.71221399
80.3277,21853.2162,46.583691,2.72441,100.298409,0.236543,0.31747299,0.71097302
80.3434,21853.2362,46.698662,2.1398,100.370789,0.240564,0.31535801,0.709831
80.3608,21853.2563,46.900799,1.99112,100.259193,0.242838,0.315602,0.70843101
80.3862,21853.2764,46.845482,2.250904,99.959747,0.241771,0.315954,0.70759797
80.401,21853.2964,46.418121,2.669878,99.574654,0.238013,0.31468901,0.70758998
80.4209,21853.3165,45.738293,2.943813,99.103279,0.234033,0.31099999,0.70741802
80.4631,21853.3365,44.902111,2.739656,98.73954,0.231841,0.30413499,0.70714998
80.4776,21853.3566,44.160427,2.315106,98.589241,0.230912,0.29711401,0.70728397
80.4932,21853.3767,43.745651,2.351093,98.471878,0.228782,0.29454201,0.70772398
80.5039,21853.3967,43.645447,2.683937,98.37719,0.22643401,0.29548699,0.70812398
80.5221,21853.4168,43.67197,2.779979,98.384689,0.225963,0.296166,0.70829099
80.5418,21853.4369,43.774963,2.57698,98.536545,0.227376,0.296031,0.70844299
80.5636,21853.4569,43.959496,2.329926,98.644417,0.229608,0.29607901,0.70807898
80.5853,21853.477,44.141411,2.019863,98.676262,0.232408,0.295632,0.707187
80.6065,21853.497,44.319736,1.784759,98.602432,0.23499499,0.29533899,0.70589298
80.6283,21853.5171,44.487278,1.763876,98.401039,0.236533,0.29583499,0.704391
80.6467,21853.5372,44.656643,1.909001,98.134071,0.237234,0.29707199,0.70288199
80.6681,21853.5572,44.857697,2.162487,97.830421,0.237544,0.29899001,0.70132798
80.689,21853.5773,45.11134,2.355029,97.492561,0.23861,0.30082899,0.699341
80.7173,21853.5973,45.391079,2.454565,97.119606,0.24048799,0.30225199,0.69691098
80.7285,21853.6174,45.687984,2.559558,96.786255,0.242332,0.303877,0.69465703
80.7499,21853.6375,45.90258,2.606138,96.497139,0.243977,0.30478701,0.69270903
80.7632,21853.6575,45.962761,2.634941,96.256432,0.24476901,0.304784,0.69134998
80.7816,21853.6776,45.924858,2.669118,95.981796,0.245087,0.30415401,0.69005603
80.8024,21853.6977,45.890831,2.714535,95.694649,0.24539,0.30357999,0.68870598
80.8257,21853.7177,45.922676,2.926616,95.507256,0.24478699,0.30449799,0.68808401
80.8456,21853.7377,46.070942,3.223941,95.498581,0.243835,0.30693701,0.68831903
80.8695,21853.7578,46.383011,3.386,95.565193,0.244388,0.30977401,0.68827599
80.8844,21853.7778,46.732544,3.373265,95.666878,0.246096,0.311975,0.68795103
80.9014,21853.7978,46.991581,3.315971,95.713676,0.247723,0.313292,0.68744999
80.9241,21853.8179,47.18927,3.559781,95.603813,0.247639,0.31550199,0.68691701
80.9462,21853.8379,47.370152,4.080002,95.389877,0.24610101,0.318847,0.68647099
80.9823,21853.8579,47.454853,4.534187,95.158936,0.24449,0.321244,0.68602097
80.9917,21853.8779,47.373074,4.898455,94.959808,0.242419,0.322272,0.68593597
81.0035,21853.898,47.10405,5.046594,94.671951,0.24085601,0.32089499,0.68535298
81.02,21853.918,46.698944,5.052456,94.157303,0.240008,0.31751099,0.68356103
81.0435,21853.938,46.366104,5.356153,93.520241,0.23810101,0.31589699,0.68153697
81.0716,21853.9581,46.17086,6.148914,92.973839,0.23380101,0.317922,0.68066198
81.09,21853.9781,46.052086,7.108852,92.711067,0.228156,0.321886,0.68143803
81.1128,21853.9981,45.861847,7.743159,92.772331,0.223123,0.324339,0.68341601
81.127,21854.0181,45.60815,7.969765,93.044716,0.21955299,0.32464501,0.685839
81.1462,21854.0382,45.476086,8.142319,93.375565,0.216829,0.32544801,0.68820697
81.1796,21854.0582,45.543629,8.300627,93.710548,0.215306,0.327306,0.69014901
81.1866,21854.0782,45.60741,8.068305,94.099731,0.215956,0.32717001,0.691643
81.2031,21854.0983,45.493668,7.439949,94.537331,0.217869,0.324022,0.69300801
81.2295,21854.1183,45.333675,6.948507,94.956451,0.218769,0.3213,0.694628
81.2415,21854.1383,45.25787,6.752978,95.430489,0.218206,0.32073301,0.69691801
81.2745,21854.1583,45.222816,6.54257,96.05809,0.217538,0.32061699,0.699889
81.2882,21854.1784,45.324699,6.311146,96.684296,0.217761,0.32119599,0.70249498
81.3021,21854.1984,45.674938,6.175657,97.1968,0.219065,0.32353401,0.70411497
81.3389,21854.2184,46.216972,5.951534,97.657539,0.22207899,0.32646799,0.70482701
81.3438,21854.2385,46.789711,5.676363,98.070732,0.225678,0.329256,0.70507598
81.3647,21854.2585,47.289574,5.370656,98.49855,0.229003,0.331512,0.70546299
81.3848,21854.2785,47.626396,5.059688,98.822708,0.23177101,0.33258799,0.70566797
81.407,21854.2985,47.836784,4.818317,98.935646,0.234044,0.33284801,0.70523298
81.4219,21854.3186,48.118896,4.59633,98.972389,0.23679399,0.33348,0.70426297
81.4407,21854.3386,48.464573,4.466721,98.930901,0.239535,0.33479699,0.70291698
81.4635,21854.3586,48.661968,4.412705,98.781921,0.24134301,0.33538499,0.70155102
81.4832,21854.3786,48.637363,4.228435,98.558319,0.242993,0.33383101,0.70008898
81.5024,21854.3987,48.524239,4.06096,98.229462,0.244371,0.33160701,0.69834298
81.5234,21854.4187,48.568291,4.045835,97.912338,0.24561401,0.331112,0.69657701
81.5418,21854.4387,48.658875,4.042424,97.736374,0.24662501,0.33125201,0.69543898
81.5599,21854.4587,48.486435,4.145791,97.644577,0.245344,0.33056799,0.69562298
81.5857,21854.4787,48.118221,4.435777,97.460533,0.242145,0.32949701,0.69620901
81.6037,21854.4987,47.539238,4.550281,97.060112,0.239484,0.325836,0.69579798
81.6285,21854.5187,46.844063,4.485507,96.569603,0.237501,0.32038701,0.69478101
81.6448,21854.5387,46.433079,4.715633,96.128014,0.2351,0.318268,0.69391203
81.6721,21854.5587,46.305649,5.154757,95.861954,0.232484,0.31928501,0.69370598
81.6897,21854.5787,46.334625,5.333378,96.01403,0.23113599,0.32069999,0.69479901
81.7067,21854.5987,46.399197,5.224326,96.397507,0.231077,0.32128099,0.696437
81.7294,21854.6187,46.43261,5.080434,96.716454,0.23124,0.32137001,0.69773299
81.7524,21854.6387,46.562881,4.807081,96.91758,0.23304801,0.32112199,0.69792098
81.771,21854.6587,46.890854,4.44592,96.954155,0.236918,0.321253,0.69659197
81.7796,21854.6787,47.352322,4.118322,96.877769,0.241612,0.32211,0.69439799
81.8022,21854.6987,47.732014,3.992385,96.767738,0.24473099,0.32345599,0.69263101
81.8245,21854.7187,47.840725,4.131936,96.662354,0.244772,0.32459599,0.692114
81.8411,21854.7387,47.805126,4.328683,96.536644,0.24374799,0.32514301,0.691966
81.8618,21854.7587,47.832485,4.3061,96.41935,0.24436501,0.324936,0.69124001
81.8875,21854.7787,48.046623,4.077582,96.405701,0.246939,0.32496899,0.69015503
81.9044,21854.7986,48.370743,3.756152,96.490227,0.25038201,0.32537499,0.68909597
81.9221,21854.8186,48.600548,3.395761,96.650436,0.25332901,0.32519701,0.68856198
81.9711,21854.8386,48.663784,2.931821,96.916954,0.25570101,0.323746,0.68875802
81.9742,21854.8586,48.742817,2.51798,97.234016,0.257716,0.32277101,0.68927598
81.9866,21854.8786,48.988541,2.324295,97.577667,0.25921401,0.32399601,0.689982
82.0049,21854.8986,49.352627,2.407857,97.832451,0.25990799,0.327162,0.69053102
82.0193,21854.9186,49.686806,2.674306,97.890327,0.25989601,0.33064201,0.69055098
82.0394,21854.9386,49.977077,2.964064,97.820343,0.259882,0.333684,0.69008201
82.0615,21854.9586,50.215431,3.240943,97.673058,0.25990301,0.336171,0.68932599
82.0822,21854.9786,50.392685,3.587013,97.481804,0.25932199,0.33855,0.68866402
82.1014,21854.9986,50.597542,4.166598,97.20504,0.25774899,0.34208599,0.68801999
82.1315,21855.0186,50.889973,4.966483,96.940285,0.25530201,0.34727499,0.68770099
82.1441,21855.0386,51.217056,5.722754,96.832932,0.25284001,0.35277101,0.68799198
82.1698,21855.0586,51.483208,5.916927,96.902992,0.25288299,0.35543999,0.68809402
82.1895,21855.0786,51.455528,5.119349,97.084732,0.25696099,0.35164401,0.68731201
82.2058,21855.0986,51.307606,4.2745,97.168068,0.260984,0.346681,0.68621403
82.2216,21855.1186,51.384193,4.312657,97.130394,0.26127601,0.34723401,0.68590701
82.2429,21855.1386,51.617565,4.896497,97.278679,0.258564,0.35188699,0.68737
82.2694,21855.1586,51.646713,5.112164,97.791069,0.25584301,0.35429499,0.690364
82.289,21855.1786,51.416901,4.776138,98.564171,0.25427699,0.35299,0.694103
82.3074,21855.1986,51.141289,4.261404,99.281151,0.25376201,0.35038799,0.69727898
82.3244,21855.2185,50.966282,3.740631,99.889961,0.25417399,0.34810701,0.699628
82.3506,21855.2385,50.861351,3.378189,100.434959,0.25419801,0.34689,0.70181501
82.3638,21855.2585,50.796608,3.322318,100.904694,0.25278699,0.34726501,0.70419103
82.3798,21855.2785,50.811161,3.376785,101.271347,0.25141299,0.348427,0.70607603
82.4009,21855.2985,50.921848,3.410781,101.498268,0.25107399,0.349758,0.70695901
82.4277,21855.3185,51.050617,3.394541,101.707954,0.251185,0.35091501,0.70759302
82.4458,21855.3385,51.217789,3.423647,101.96402,0.25106299,0.35262701,0.70844102
82.4668,21855.3585,51.419071,3.453445,102.230804,0.251068,0.35457301,0.70924002
82.4891,21855.3785,51.670147,3.459993,102.535202,0.25134099,0.35679099,0.71002102
82.5068,21855.3985,51.983593,3.242495,102.911354,0.25307801,0.35847101,0.710464
82.5362,21855.4185,52.408615,2.884424,103.203148,0.256488,0.359983,0.70984501
82.5443,21855.4385,52.962231,2.587848,103.323967,0.26066899,0.36219999,0.70813698
82.5662,21855.4585,53.611382,2.535004,103.403999,0.263924,0.36606801,0.70647502
82.5875,21855.4785,54.150795,2.518618,103.540802,0.26622099,0.369571,0.70547003
82.6033,21855.4985,54.420319,2.383691,103.669014,0.26794899,0.37086201,0.70494699
82.6222,21855.5185,54.485474,2.03475,103.760902,0.270114,0.36982101,0.704364
82.6391,21855.5385,54.593166,1.624397,103.845764,0.27288201,0.36873201,0.70346302
82.6612,21855.5585,54.841427,1.5362,103.866035,0.274555,0.36986899,0.70258099
82.6803,21855.5785,55.060612,1.929485,103.768967,0.273516,0.372823,0.702384
82.6998,21855.5985,54.992516,2.689789,103.653496,0.26889801,0.375725,0.703848
82.7215,21855.6184,54.529106,3.357552,103.44426,0.263217,0.37559399,0.70581502
82.7425,21855.6384,53.772015,3.408832,103.026207,0.26054099,0.370327,0.70620298
82.7646,21855.6584,53.245228,3.481766,102.561829,0.25897601,0.36645401,0.70569402
82.7928,21855.6784,53.120628,3.895489,102.199837,0.25696599,0.366873,0.70525098
82.8029,21855.6984,53.302437,4.400291,102.055603,0.255234,0.370056,0.70516801
82.8212,21855.7184,53.514179,4.658811,102.130989,0.25446099,0.37272,0.70549899
82.8427,21855.7384,53.526855,4.587274,102.430313,0.25399101,0.37312001,0.70672899
82.8694,21855.7584,53.430836,4.266179,102.929916,0.25387099,0.37212801,0.70866501
82.8892,21855.7784,53.46727,3.733888,103.476105,0.255575,0.371043,0.70995998
82.9115,21855.7984,53.733997,3.262661,103.894394,0.258448,0.37137201,0.71008998
82.9318,21855.8184,54.043118,2.838908,104.185394,0.26163399,0.37191501,0.70957297
82.9397,21855.8384,54.281689,2.535079,104.400841,0.26396999,0.37243199,0.70916599
82.9615,21855.8584,54.379978,2.357418,104.57196,0.26498699,0.37259299,0.70925802
82.9814,21855.8784,54.411331,2.187888,104.769524,0.26554501,0.372448,0.70969403
83.0063,21855.8984,54.500751,2.005778,105.003952,0.266339,0.372688,0.71009099
83.0289,21855.9184,54.891571,1.286727,105.580742,0.27077299,0.37308499,0.70987302
83.0616,21855.9384,55.362282,0.642924,106.007973,0.27557501,0.37401101,0.70882303
83.0738,21855.9584,55.769253,0.322731,106.122192,0.279075,0.375312,0.70726198
83.0861,21855.9784,55.989033,0.295585,106.074951,0.28041801,0.376423,0.70626199
83.1035,21855.9984,56.162598,0.418892,106.003624,0.28069901,0.37788501,0.70566797
83.1207,21856.0184,56.461147,0.744037,105.916229,0.280375,0.38100201,0.70508599
83.1483,21856.0383,56.903965,1.156317,105.833549,0.28017801,0.38540199,0.70426702
83.1742,21856.0583,57.377628,1.413542,105.794586,0.28093699,0.389368,0.70316601
83.1829,21856.0783,57.698669,1.584991,105.65625,0.281854,0.39175901,0.70189899
83.2044,21856.0983,57.618717,1.764663,105.389969,0.28128999,0.391444,0.70138401
83.2217,21856.1183,57.611568,2.387644,104.992737,0.278804,0.39328599,0.70110899
83.2443,21856.1383,57.718239,3.154254,104.75721,0.27542999,0.39686501,0.70154101
83.267,21856.1583,57.726097,3.545758,104.833618,0.27280301,0.398882,0.70280099
83.2803,21856.1783,57.500847,3.609054,104.988853,0.27080199,0.398191,0.70437598
83.3183,21856.1983,56.984821,3.398359,104.995026,0.26961899,0.394151,0.70554399
83.3269,21856.2183,56.351395,3.264238,104.759483,0.26822501,0.38917401,0.70614201
83.3491,21856.2383,55.898464,3.673025,104.41684,0.264689,0.38753799,0.70691901
83.3625,21856.2583,55.652241,4.455084,104.202484,0.25939301,0.38918,0.70846999
83.3836,21856.2783,55.403236,5.251532,104.137535,0.25346801,0.391213,0.71070099
83.3995,21856.2983,55.003849,5.901442,104.185638,0.247307,0.39191699,0.71352202
83.4201,21856.3183,54.546593,6.468865,104.374092,0.240871,0.39218399,0.716923
83.4463,21856.3383,54.295261,6.777391,104.747353,0.236421,0.39286199,0.71999002
83.4608,21856.3583,54.273827,6.724117,105.229713,0.23499601,0.393484,0.72212899
83.4787,21856.3783,54.259102,6.191933,105.815636,0.23627301,0.392198,0.72372198
83.5038,21856.3983,54.163666,5.637518,106.400856,0.23732001,0.390333,0.72548902
83.5223,21856.4183,54.084732,5.298115,107.010437,0.23702,0.38959101,0.72775197
83.5424,21856.4382,54.082348,5.127027,107.607147,0.236067,0.390046,0.73006499
83.5897,21856.4582,54.138962,5.08769,108.069817,0.235008,0.39117101,0.73186398
83.5977,21856.4782,54.372734,5.000223,108.373878,0.235623,0.392856,0.73231798
83.6037,21856.4982,54.824715,4.848844,108.599846,0.237922,0.395455,0.73161799
83.6221,21856.5182,55.242523,4.460765,108.869377,0.241404,0.396909,0.73069298
83.6457,21856.5382,55.441799,3.956064,109.101601,0.244735,0.39643401,0.730012
83.6685,21856.5582,55.538471,3.73977,109.135414,0.246439,0.396162,0.72939098
83.6885,21856.5782,55.717209,3.900551,108.948677,0.246883,0.397571,0.728356
83.7012,21856.5982,55.988457,4.032672,108.694092,0.24817701,0.39927599,0.72667003
83.7218,21856.6182,56.247803,3.920436,108.532753,0.25064501,0.40003401,0.72489601
83.7425,21856.6382,56.400391,3.632746,108.30687,0.25395301,0.399214,0.722785
83.7642,21856.6582,56.427109,3.326149,107.909103,0.25738901,0.397138,0.72026098
83.7844,21856.6782,56.433071,3.251593,107.388863,0.259684,0.39567,0.71776301
83.8032,21856.6982,56.556404,3.526924,106.823555,0.26049101,0.39636999,0.71547002
83.8278,21856.7182,56.718212,4.00136,106.352135,0.259927,0.398408,0.71392298
83.8397,21856.7382,56.751408,4.493264,106.041389,0.25810301,0.400112,0.71353698
83.8723,21856.7582,56.446453,4.812279,105.742683,0.25570601,0.39903799,0.71385902
83.8787,21856.7782,55.669365,4.778273,105.127937,0.25431299,0.392838,0.71338302
83.9256,21856.7982,54.92067,4.765362,104.299377,0.25357899,0.38644099,0.71180803
83.9276,21856.8182,54.597576,5.145045,103.586075,0.252038,0.38468999,0.71029502
83.9429,21856.8382,54.642784,5.752651,103.155525,0.249947,0.38684401,0.70949101
83.9598,21856.8581,54.735767,6.286967,103.056229,0.247437,0.38966399,0.709921
83.9819,21856.8781,54.630814,6.381011,103.214363,0.245793,0.38981801,0.71115798
83.9993,21856.8981,54.301533,5.978667,103.471313,0.245784,0.38654599,0.71243101
84.0191,21856.9181,54.014565,5.284775,103.728668,0.247815,0.382162,0.71295899
84.0415,21856.9381,53.992153,4.520233,103.994019,0.25157899,0.37904501,0.71259397
84.0606,21856.9581,54.205791,3.894335,104.263107,0.25562501,0.37801301,0.71183199
84.0863,21856.9781,54.414463,3.527218,104.494675,0.25815499,0.378086,0.71146297
84.1067,21856.9981,54.504745,3.322063,104.682503,0.25924599,0.37810299,0.71160102
84.1229,21857.0181,54.544209,3.214178,104.720161,0.25998199,0.37792701,0.71141201
84.1534,21857.0381,54.575359,3.200268,104.568382,0.260719,0.377707,0.71057999
84.1642,21857.0581,54.590714,3.222021,104.337257,0.26142001,0.37737501,0.70950598
84.1834,21857.0781,54.627262,3.158634,104.140427,0.26263699,0.37685001,0.70833099
84.202,21857.0981,54.732559,3.152314,104.005219,0.263632,0.37714601,0.70736498
84.2237,21857.1181,54.859715,3.129966,103.95739,0.26454499,0.377698,0.70670402
84.2444,21857.1381,55.087799,3.091064,103.892838,0.266105,0.378741,0.70561802
84.2696,21857.1581,55.308037,3.253058,103.742195,0.26667699,0.380474,0.70461798
84.2936,21857.1781,55.669338,3.615631,103.532959,0.26690599,0.38384801,0.70338202
84.3093,21857.1981,56.106968,4.020799,103.32251,0.26726601,0.387858,0.70200998
84.3236,21857.2181,56.474773,4.35264,103.144585,0.26763901,0.39117101,0.70083398
84.3598,21857.2381,56.695316,4.284478,103.123291,0.26920801,0.39210901,0.69990098
84.3646,21857.2581,56.991634,3.833208,103.391708,0.27248901,0.39240199,0.69916701
84.3826,21857.2781,57.487988,3.325775,103.830376,0.27647901,0.39404899,0.69842702
84.405,21857.2981,57.99506,2.896266,104.356789,0.27970901,0.396366,0.69819099
84.4203,21857.3181,58.224754,2.868155,104.774048,0.279524,0.398626,0.69929099
84.4397,21857.3382,58.10849,3.272629,104.907501,0.27603599,0.40009999,0.70125598
84.4624,21857.3582,57.627731,3.523344,104.748428,0.27276799,0.397989,0.70267302
84.4798,21857.3782,57.012245,3.46573,104.48111,0.27110201,0.39341101,0.70326197
84.5029,21857.3983,56.748325,3.542502,104.383339,0.26969901,0.391954,0.70382202
84.5248,21857.4183,56.811962,3.650506,104.632698,0.26848599,0.393417,0.70502198
84.5429,21857.4383,56.618885,3.504018,105.071007,0.26696199,0.392611,0.70729202
84.563,21857.4583,56.221775,3.348474,105.506126,0.26454601,0.39051399,0.71016401
84.5897,21857.4784,56.019623,3.366254,105.853828,0.262292,0.39016801,0.71242201
84.617,21857.4984,55.959969,3.198566,106.210968,0.26183799,0.38986099,0.71384698
84.6338,21857.5184,55.992615,2.874555,106.6054,0.26267001,0.389496,0.71478802
84.6468,21857.5384,56.103119,2.690322,106.870949,0.26343301,0.38995001,0.715213
84.6656,21857.5585,56.106144,2.690606,106.987946,0.26304701,0.390239,0.71573102
84.6853,21857.5785,55.917381,2.786267,107.03392,0.26141301,0.389617,0.71675801
84.7071,21857.5985,55.710365,2.995275,107.082077,0.258975,0.38939601,0.71810502
84.7238,21857.6186,55.534142,3.330577,107.179626,0.255716,0.390039,0.71985102
84.7427,21857.6386,55.431011,3.638816,107.374947,0.25262901,0.39121899,0.72173202
84.7721,21857.6586,55.43187,3.656887,107.657372,0.25155401,0.39192599,0.72302902
84.7804,21857.6786,55.537876,3.364073,107.913742,0.25301799,0.39184099,0.72319198
84.8076,21857.6987,55.745564,3.113496,108.02948,0.255164,0.39226699,0.72249299
84.8278,21857.7187,55.867538,3.052987,108.103554,0.25585499,0.39291599,0.72229898
84.8476,21857.7387,55.891235,3.064243,108.220253,0.25549299,0.393372,0.72276598
84.8822,21857.7588,55.982029,2.950958,108.349564,0.256181,0.39372101,0.72279501
84.8915,21857.7788,56.231747,2.618046,108.461571,0.25903901,0.39404601,0.72173798
84.9071,21857.7988,56.4795,2.113062,108.492508,0.26324001,0.393415,0.71991903
84.9232,21857.8188,56.583534,1.884972,108.385567,0.26551199,0.39280099,0.71857798
84.9459,21857.8389,56.632435,2.22412,108.16011,0.26438299,0.394088,0.71820098
84.9662,21857.8589,56.566303,2.758724,107.924438,0.26154,0.39551401,0.71859598
84.9838,21857.8789,56.365421,3.155404,107.725586,0.258811,0.39558899,0.71925998
85.006,21857.8989,56.042709,3.322987,107.449745,0.25721201,0.39373201,0.71943802
85.0241,21857.9189,55.657436,3.396589,106.98877,0.256529,0.39066499,0.71875501
85.0464,21857.9389,55.333824,3.636869,106.461899,0.25529099,0.38859099,0.71792603
85.0644,21857.9589,55.180382,4.127417,106.069572,0.252821,0.38900599,0.71771002
85.0873,21857.9789,55.170036,4.701542,105.921013,0.24968,0.39121601,0.718328
85.1035,21857.9989,55.22049,5.05071,105.975533,0.247545,0.393217,0.71917897
85.1359,21858.0189,55.32793,5.083068,106.164429,0.247207,0.39442199,0.71977401
85.1443,21858.0389,55.470112,4.97354,106.460846,0.24755201,0.39543399,0.72043502
85.1647,21858.0589,55.504822,4.751072,106.785294,0.247997,0.39535099,0.72129899
85.1846,21858.0788,55.397919,4.430444,107.176682,0.248164,0.394115,0.72267997
85.2022,21858.0988,55.2827,4.103962,107.678894,0.24796,0.39304301,0.72456402
85.2222,21858.1188,55.250156,3.826244,108.168785,0.247887,0.39267099,0.72623599
85.2562,21858.1388,55.324772,3.661855,108.579918,0.24786501,0.39329699,0.72746098
85.2731,21858.1588,55.469822,3.301723,109.084084,0.249088,0.39370799,0.72843701
85.2963,21858.1788,55.59491,2.941156,109.615746,0.25012401,0.39406899,0.729577
85.315,21858.1988,55.780434,2.541828,110.120697,0.25176701,0.39459801,0.73030102
85.3265,21858.2188,56.068409,2.172591,110.534195,0.25398201,0.39571801,0.73033702
85.345,21858.2388,56.398891,1.854283,110.872856,0.256304,0.39717799,0.72999698
85.3638,21858.2589,56.737274,1.592526,111.064392,0.25879601,0.39861301,0.72910202
85.3803,21858.2789,56.968117,1.621886,111.009132,0.25981599,0.40006599,0.72815502
85.4011,21858.2989,57.052982,1.783028,111.043648,0.25904399,0.40136901,0.72838199
85.4239,21858.319,57.280449,1.900079,111.247353,0.258582,0.403759,0.72874999
85.4445,21858.339,57.818481,1.890306,111.522263,0.260021,0.40771699,0.72806901
85.4631,21858.359,58.288712,1.65454,111.741913,0.262775,0.410171,0.72684503
85.4823,21858.379,58.39505,1.239869,111.827126,0.265558,0.40928099,0.72588098
85.5002,21858.3991,58.343143,1.054879,111.729721,0.266853,0.40794501,0.72521901
85.5218,21858.4191,58.431789,1.321082,111.581085,0.26608101,0.40928599,0.72489899
85.5434,21858.4391,58.525173,1.895753,111.394417,0.26351899,0.41187301,0.72511297
85.5607,21858.4592,58.465618,2.67484,111.185036,0.25907999,0.41431701,0.72620898
85.5838,21858.4792,58.26667,3.312028,111.012566,0.254787,0.41538,0.72758597
85.6053,21858.4992,57.881741,3.235938,110.777657,0.25441501,0.41214499,0.72771901
85.6221,21858.5192,57.496082,3.048545,110.456078,0.25504199,0.40823501,0.72722298
85.6492,21858.5393,57.399971,3.468093,110.195702,0.25287801,0.40885401,0.727359
85.6713,21858.5593,57.530895,4.41143,110.160507,0.24759901,0.41360399,0.72883898
85.6873,21858.5793,57.543571,5.254539,110.298973,0.24178299,0.417541,0.73118299
85.7167,21858.5994,57.295265,5.686457,110.633102,0.236679,0.41851899,0.73428899
85.7325,21858.6194,57.015549,5.70304,111.097618,0.233615,0.41781101,0.73716098
85.7463,21858.6394,56.95578,5.406491,111.62114,0.233349,0.417276,0.73892301
85.7639,21858.6594,57.069195,4.967167,112.166611,0.23470201,0.417281,0.73991197
85.7883,21858.6795,57.164116,4.559664,112.83078,0.23533399,0.417564,0.741494
85.8052,21858.6995,57.035656,4.31652,113.473,0.23401199,0.41707599,0.74404502
85.8232,21858.7195,56.775635,4.243346,113.956398,0.23160701,0.41611299,0.74672401
85.8474,21858.7396,56.579151,4.170344,114.227623,0.23025399,0.415115,0.74832702
85.8664,21858.7596,56.484196,4.086716,114.394958,0.22978701,0.414509,0.74914998
85.89,21858.7796,56.448395,3.99964,114.53331,0.22970299,0.414206,0.74965298
85.9459,21858.7996,56.553387,3.961608,114.650078,0.229978,0.41495699,0.74969798
85.9518,21858.8197,56.82003,3.817255,114.851883,0.231325,0.41648701,0.74932599
85.9535,21858.8397,57.130184,3.611475,115.164627,0.232844,0.41827899,0.74911499
85.9689,21858.8597,57.408588,3.458289,115.481972,0.23385499,0.42009601,0.74912
85.9807,21858.8797,57.722099,3.28517,115.823692,0.23503999,0.42211699,0.749044
86.0007,21858.8996,58.058292,2.971691,116.159218,0.237243,0.42372701,0.74855602
86.0239,21858.9196,58.329765,2.586162,116.380577,0.24005701,0.424413,0.74767298
86.0405,21858.9396,58.451813,2.16132,116.414848,0.24319901,0.42359599,0.746481
86.062,21858.9596,58.505104,1.897167,116.213982,0.245877,0.42246601,0.74493402
86.0829,21858.9796,58.703953,2.005046,115.813141,0.24747001,0.42330599,0.74286902
86.1006,21858.9996,58.989925,2.210577,115.40213,0.24883801,0.425062,0.74066103
86.1222,21859.0196,59.119263,2.050799,115.20681,0.25112799,0.424822,0.73907202
86.153,21859.0396,59.035309,1.838018,115.045876,0.25274801,0.42308,0.738258
86.1667,21859.0596,58.788483,1.809268,114.630463,0.253438,0.42047599,0.73739499
86.1822,21859.0796,58.438187,1.827206,114.073868,0.253892,0.41709,0.73640501
86.2069,21859.0996,58.148235,1.782874,113.712296,0.25426701,0.41426501,0.735838
86.2213,21859.1196,58.10815,1.73594,113.653076,0.25461301,0.41368499,0.73562998
86.2434,21859.1396,58.289135,1.706011,113.829208,0.25493199,0.41510299,0.73565602
86.2677,21859.1596,58.498947,1.770326,113.927063,0.25504699,0.416917,0.73546499
86.2933,21859.1796,58.578407,1.96369,113.871796,0.25434199,0.418089,0.73539001
86.3115,21859.1996,58.431599,1.899341,113.940338,0.253887,0.41704699,0.73604202
86.3271,21859.2196,58.147713,1.366785,114.258453,0.25496599,0.413766,0.737158
86.35,21859.2396,57.97686,0.63896,114.735542,0.25722399,0.41075799,0.73808801
86.3656,21859.2596,57.911224,0.034274,115.206917,0.25916499,0.408923,0.73888803
86.3821,21859.2796,57.805309,-0.257413,115.54847,0.25939801,0.40781999,0.74000198
86.4,21859.2995,57.689457,-0.25291,115.718864,0.25829199,0.40747401,0.74112099
86.4212,21859.3195,57.625713,-0.126987,115.680527,0.257355,0.407487,0.741476
86.4454,21859.3395,57.591602,-0.149148,115.642395,0.25749499,0.40709099,0.74139202
86.4865,21859.3595,57.628475,-0.440205,115.819237,0.25889999,0.40654099,0.74132597
86.4927,21859.3795,57.739727,-0.772489,116.081467,0.26056799,0.40650499,0.74124098
86.5053,21859.3995,57.804192,-0.865023,116.19738,0.26101401,0.40681201,0.74126899
86.5222,21859.4195,57.93877,-0.87468,116.35894,0.26104099,0.408016,0.74141598
86.5407,21859.4395,58.071804,-0.614126,116.412155,0.25969699,0.41005501,0.74174201
86.5625,21859.4595,58.319462,-0.485322,116.576431,0.25926301,0.41255501,0.74179697
86.5896,21859.4795,58.791733,-0.576066,116.815628,0.26086399,0.41579899,0.74082601
86.6039,21859.4995,59.23241,-0.810265,117.118347,0.263015,0.41841501,0.73987401
86.6291,21859.5195,59.530472,-0.94034,117.354607,0.26415801,0.420376,0.73940498
86.6439,21859.5395,59.680298,-1.065371,117.501671,0.26500899,0.42119199,0.73913902
86.6705,21859.5595,59.873947,-1.131041,117.598686,0.26582801,0.42241299,0.738644
86.691,21859.5795,60.221359,-0.996402,117.717285,0.26586801,0.42547399,0.73811299
86.7036,21859.5995,60.549301,-0.565447,117.82634,0.263955,0.42953801,0.73829699
86.7207,21859.6195,60.575047,0.136846,117.838615,0.25947899,0.43247101,0.739851
86.7421,21859.6395,60.272533,0.641414,117.817352,0.255115,0.43243,0.74203497
86.7719,21859.6595,59.782841,0.490414,117.686531,0.25466299,0.42839,0.743011
86.7869,21859.6795,59.504395,0.394296,117.361237,0.25540099,0.42548901,0.74255401
86.803,21859.6994,59.570793,0.972362,117.048737,0.25308201,0.42749301,0.74236602
86.8234,21859.7194,59.580193,1.692363,116.920929,0.24893001,0.43009299,0.74340802
86.8483,21859.7394,59.267109,1.863173,117.060921,0.246038,0.42904899,0.74545902
86.8643,21859.7594,58.940979,1.528702,117.397278,0.245654,0.426364,0.74723202
86.8878,21859.7794,58.808067,0.993486,117.717285,0.247429,0.42410499,0.74781001
86.9077,21859.7994,58.710117,0.58352,117.918404,0.24897499,0.42230499,0.74806303
86.9343,21859.8194,58.524673,0.499506,118.03569,0.248362,0.42102399,0.74901402
86.9449,21859.8394,58.359249,0.871869,118.026886,0.245306,0.421379,0.75038201
86.9683,21859.8594,58.248219,1.325925,117.979019,0.24206699,0.42232001,0.751562
86.9847,21859.8794,58.206631,1.515702,117.983772,0.240639,0.42279699,0.75212902
87.0067,21859.8994,58.299614,1.369971,118.062492,0.24167401,0.423002,0.75179398
87.0331,21859.9194,58.5145,1.076398,118.226669,0.24384201,0.423612,0.75103199
87.0496,21859.9394,58.766155,0.892431,118.456383,0.245186,0.42502999,0.75061297
87.064,21859.9594,58.930531,0.882541,118.589134,0.245401,0.42634699,0.750503
87.0845,21859.9794,59.009892,0.969117,118.533371,0.245352,0.42707801,0.75018299
87.1056,21859.9994,59.117027,0.874002,118.465134,0.246648,0.42726099,0.74932402
87.1244,21860.0194,59.322876,0.698524,118.447372,0.248665,0.427885,0.748119
87.1435,21860.0394,59.60627,0.747772,118.29969,0.25000301,0.42959401,0.74660999
87.1656,21860.0594,59.92347,1.164041,117.920815,0.249963,0.43242699,0.744883
87.1866,21860.0794,60.170357,1.423019,117.523766,0.25075799,0.43415001,0.74300301
87.2037,21860.0994,60.231255,1.029968,117.246094,0.254594,0.432403,0.74083298
87.2283,21860.1193,60.201382,0.150691,117.131805,0.26058099,0.42851201,0.73852003
87.2446,21860.1393,60.297901,-0.431919,117.040207,0.26505199,0.42662701,0.73646098
87.2655,21860.1593,60.483025,-0.546966,116.966759,0.26679099,0.42719299,0.73520797
87.2984,21860.1793,60.581661,-0.558405,116.859612,0.26765099,0.427533,0.73438501
87.3017,21860.1993,60.519035,-0.580858,116.691254,0.26817599,0.42664799,0.73390001
87.3358,21860.2193,60.222847,-0.604939,116.23777,0.26884201,0.42358601,0.733145
87.346,21860.2393,59.645515,-0.749969,115.517174,0.27011001,0.41759899,0.73204303
87.3631,21860.2593,59.201679,-0.650136,114.727562,0.27054101,0.41329899,0.73068202
87.3834,21860.2793,59.161053,-0.196535,114.159195,0.26953501,0.41356999,0.72955602
87.4041,21860.2993,59.367786,0.103846,114.069595,0.26879999,0.41591501,0.72914302
87.423,21860.3193,59.588032,0.065892,114.266151,0.269234,0.41762099,0.72906297
87.4406,21860.3393,59.67775,0.0249,114.390724,0.269409,0.41831601,0.72915101
87.4681,21860.3593,59.724445,0.27737,114.280594,0.268397,0.41938901,0.72912198
87.4888,21860.3793,59.756298,0.386403,114.102425,0.26848701,0.41962099,0.728531
87.5058,21860.3993,59.761383,0.268709,114.040085,0.26948401,0.41902399,0.72798002
87.5275,21860.4193,59.665031,-0.073079,114.180023,0.27074799,0.41733599,0.72810102
87.5431,21860.4393,59.475994,-0.457481,114.438797,0.27147701,0.415162,0.72894698
87.5612,21860.4593,59.325275,-0.637685,114.584335,0.27148199,0.41380301,0.72966999
87.5869,21860.4793,59.301792,-0.540959,114.690109,0.27038801,0.41429999,0.73041999
87.6022,21860.4993,59.359116,-0.407795,114.78389,0.26943299,0.415434,0.73090899
87.6222,21860.5193,59.499229,-0.733411,115.04705,0.27112401,0.415618,0.73070502
87.6495,21860.5392,59.689186,-1.191102,115.22686,0.27415401,0.415391,0.72965002
87.6729,21860.5592,59.946678,-1.434541,115.30529,0.27645001,0.416235,0.72842801
87.6927,21860.5792,60.169384,-1.4441,115.232193,0.27766699,0.417447,0.72727299
87.7103,21860.5992,60.365677,-1.154556,114.961136,0.27760699,0.41923001,0.72613102
87.726,21860.6192,60.572193,-0.524514,114.520721,0.276068,0.42206001,0.72508001
87.7467,21860.6392,60.688217,0.194159,114.017113,0.273857,0.424528,0.72431302
87.7647,21860.6592,60.696934,0.687633,113.713943,0.27189901,0.425881,0.72421497
87.7799,21860.6792,60.647049,0.777165,113.70327,0.271166,0.42590901,0.72456598
87.8012,21860.6992,60.622757,0.54903,113.848221,0.27197,0.425165,0.72470802
87.8216,21860.7192,60.682693,0.286475,113.903679,0.273671,0.42460099,0.72408903
87.8449,21860.7392,60.872665,0.548015,113.758156,0.273343,0.42651999,0.723418
87.8623,21860.7592,60.948154,1.232597,113.506149,0.27027401,0.429196,0.72373402
87.8877,21860.7792,60.715954,1.95056,113.26326,0.265674,0.430105,0.72526598
87.934,21860.7992,60.181133,2.587861,112.860207,0.260883,0.42844501,0.72699898
87.9366,21860.8192,59.385551,3.02933,112.000359,0.25786099,0.42336199,0.72725099
87.951,21860.8392,58.560825,3.627915,110.674507,0.25531501,0.417781,0.72587198
87.961,21860.8592,57.959229,4.830539,109.24659,0.25019199,0.41603601,0.72446001
87.9796,21860.8792,57.542389,6.425996,108.158997,0.242138,0.41799301,0.724567
88.0013,21860.8992,57.070477,7.644226,107.524315,0.234524,0.41905999,0.72583801
88.0215,21860.9192,56.549397,8.151629,107.252907,0.22981501,0.417566,0.727274
88.0445,21860.9391,56.149586,8.272049,107.062805,0.227825,0.415308,0.72788501
88.0668,21860.9591,55.814995,8.043719,106.972717,0.227993,0.41212901,0.72803003
88.0844,21860.9791,55.548061,7.515631,107.148216,0.22944,0.408571,0.72852999
88.1027,21860.9991,55.481594,6.919723,107.554382,0.23146901,0.40638801,0.72930002
88.125,21861.0191,55.620445,6.261774,108.124046,0.23429701,0.40552899,0.73002201
88.1456,21861.0391,55.875004,5.718149,108.653831,0.237077,0.405821,0.73041898
88.1669,21861.0591,56.164932,5.314115,109.065567,0.239537,0.40671501,0.73045301
88.187,21861.0791,56.437771,4.81604,109.471886,0.242523,0.40711001,0.73029101
88.2087,21861.0991,56.749256,4.059032,109.952316,0.24705701,0.40681601,0.72973502
88.2384,21861.1191,57.106831,3.144838,110.406326,0.25287101,0.40611401,0.72851503
88.2478,21861.1391,57.507187,2.424608,110.594177,0.25855801,0.40594599,0.72637802
88.2661,21861.1591,57.856522,2.042732,110.45536,0.26301101,0.40617099,0.72373497
88.2856,21861.1791,58.07793,1.784622,110.213417,0.26647401,0.40587899,0.72134602
88.3115,21861.1991,58.256145,1.51597,109.945808,0.26989701,0.4052,0.71895301
88.3297,21861.2191,58.40847,1.21144,109.547783,0.27388299,0.403878,0.71597999
88.3438,21861.2391,58.601795,0.986469,109.007187,0.27804601,0.402789,0.71240997
88.3641,21861.2591,58.825321,0.884039,108.441925,0.28166401,0.402334,0.708902
88.3818,21861.2791,58.893723,0.542645,108.148041,0.285108,0.40051499,0.70652002
88.4003,21861.2991,58.849892,-0.040936,108.129608,0.288571,0.39760101,0.70512903
88.4216,21861.3191,58.83884,-0.459584,108.066742,0.29131299,0.39550301,0.70382702
88.4397,21861.3391,58.82547,-0.452059,107.721336,0.29239801,0.39457399,0.70234299
88.4642,21861.359,58.661095,-0.026823,107.110657,0.29115599,0.39392799,0.70124102
88.4822,21861.379,58.16692,0.280398,106.429329,0.28936201,0.39057699,0.70061302
88.4999,21861.399,57.414051,-0.001779,105.927452,0.28932399,0.38341901,0.70013398
88.5218,21861.419,56.869347,-0.733644,105.716759,0.29197901,0.37616,0.69912302
88.5439,21861.439,56.679672,-1.465526,105.741463,0.29548699,0.37164301,0.69799799
88.563,21861.459,56.558247,-2.047931,105.919647,0.29790199,0.368628,0.697734
88.5915,21861.479,56.373219,-2.249301,105.954597,0.29817101,0.36662999,0.69800001
88.605,21861.499,56.195755,-2.072428,105.770172,0.29687101,0.36588401,0.69819099
88.6232,21861.519,56.013443,-2.250575,105.723167,0.29727,0.363796,0.69812
88.6428,21861.539,55.892868,-3.187392,105.98954,0.30158299,0.35932001,0.69733697
88.6835,21861.559,55.852551,-4.450083,106.444,0.30766401,0.354298,0.69626999
88.6921,21861.579,55.870522,-5.148915,106.747101,0.311055,0.35191599,0.69575799
88.7037,21861.599,55.849762,-5.19053,106.747856,0.31121299,0.35159001,0.69572097
88.7271,21861.619,55.807205,-4.89544,106.56147,0.30980399,0.352218,0.69578397
88.7403,21861.639,55.820786,-4.793402,106.435387,0.30963299,0.352447,0.69541401
88.7625,21861.659,55.972111,-5.119294,106.516495,0.31203601,0.35206801,0.69439
88.7982,21861.679,56.245468,-5.555514,106.599365,0.31563699,0.35193899,0.69263202
88.805,21861.699,56.559994,-5.741489,106.514427,0.318414,0.35279399,0.69060397
88.8385,21861.719,56.797729,-5.658196,106.281273,0.31968501,0.354031,0.68888402
88.851,21861.739,56.93935,-5.61806,106.100021,0.32063299,0.35460201,0.68763
88.8733,21861.7589,57.154579,-5.794213,106.100723,0.322642,0.35510701,0.68637401
88.8825,21861.7789,57.51757,-5.980711,106.176476,0.32512799,0.35669801,0.68490899
88.9018,21861.7989,57.895168,-5.899025,106.124611,0.32646799,0.35929301,0.68353498
88.92,21861.8189,58.166851,-5.620085,105.933273,0.32660699,0.361763,0.68243998
88.9438,21861.8389,58.408287,-5.413507,105.730064,0.32709,0.363662,0.68119198
88.9627,21861.8589,58.707062,-5.23774,105.585403,0.32783201,0.36592999,0.679928
88.9866,21861.8789,58.904236,-5.006697,105.509048,0.327582,0.36802301,0.67951399
89.0017,21861.8989,58.911369,-4.711746,105.509247,0.325863,0.36946601,0.68032998
89.0292,21861.9189,58.823574,-4.250045,105.44619,0.32293099,0.37093201,0.68165398
89.0429,21861.9389,58.573151,-3.875983,105.235428,0.32026201,0.37057301,0.68259901
89.0648,21861.9589,58.058693,-4.010927,104.862984,0.319938,0.36573601,0.68226999
89.0824,21861.9789,57.519772,-4.35433,104.403503,0.32098499,0.35949999,0.68099803
89.1014,21861.9989,57.290401,-4.208032,103.94146,0.320512,0.35750601,0.679977
89.127,21862.0189,57.320599,-3.572833,103.611374,0.31791499,0.35984299,0.68004602
89.1424,21862.0389,57.272358,-3.106656,103.533363,0.31516799,0.361586,0.681122
89.1605,21862.0589,56.938477,-3.077055,103.622253,0.31315899,0.35993901,0.682769
89.1839,21862.0789,56.512993,-3.207337,103.713646,0.31167001,0.35696101,0.68429703
89.2037,21862.0989,56.251175,-3.412708,103.808998,0.31138301,0.35462299,0.685085
89.2264,21862.1189,56.166759,-3.697099,103.949066,0.31225899,0.353109,0.68527502
89.2534,21862.1389,56.143024,-3.952378,104.048378,0.31336999,0.35199699,0.68514001
89.2811,21862.1589,56.129665,-4.030015,103.984283,0.31396899,0.351363,0.68466198
89.2923,21862.1788,56.029213,-3.980868,103.806053,0.31375599,0.35049501,0.68427199
89.3049,21862.1988,55.931107,-3.841076,103.528374,0.31331399,0.349814,0.68363398
89.3408,21862.2188,55.910484,-3.714117,103.294014,0.31317601,0.349666,0.68290699
89.344,21862.2388,55.904552,-3.735463,103.119652,0.31380701,0.34904799,0.68201602
89.3647,21862.2589,55.917419,-3.75622,102.8675,0.314758,0.34833401,0.68067998
89.3935,21862.2789,55.986992,-3.460191,102.43647,0.314641,0.349029,0.679142
89.4025,21862.2989,56.120529,-3.051269,101.824089,0.314724,0.350173,0.67680198
89.4201,21862.3189,56.226097,-2.867214,101.230858,0.31595701,0.35008699,0.67402297
89.442,21862.339,56.0966,-2.685482,100.889709,0.31530601,0.349273,0.67325401
89.4607,21862.359,55.80867,-2.751431,100.830803,0.31448099,0.34705499,0.67372102
89.4856,21862.379,55.656006,-3.074478,100.971977,0.31521699,0.34491301,0.67403698
89.5036,21862.3991,55.563965,-3.47702,101.011719,0.31702101,0.34245601,0.67342699
89.5322,21862.4191,55.491856,-4.295688,100.990555,0.32154101,0.33785501,0.671278
89.5505,21862.4391,55.518055,-5.096183,100.899727,0.326612,0.33372301,0.66846901
89.5738,21862.4591,55.519997,-5.500142,100.787987,0.329299,0.33137101,0.66674101
89.5835,21862.4792,55.271919,-5.396384,100.692215,0.32778701,0.330118,0.66738498
89.6055,21862.4992,54.623295,-4.853427,100.38678,0.32238001,0.32807699,0.669523
89.6307,21862.5192,53.699879,-4.279057,99.803673,0.31618699,0.323796,0.671139
89.649,21862.5393,52.74041,-3.905357,99.153694,0.31108499,0.31814501,0.67185003
89.6644,21862.5593,52.144184,-3.976547,98.762115,0.30961001,0.31311801,0.67147797
89.6867,21862.5793,51.961418,-4.404904,98.791313,0.31112701,0.30986199,0.67103499
89.7006,21862.5993,51.893547,-4.761359,98.888412,0.31261399,0.30785599,0.67078203
89.7208,21862.6194,51.627232,-4.90494,98.986252,0.31186801,0.305758,0.67172903
89.7518,21862.6394,51.181374,-4.965884,99.040642,0.30986199,0.302876,0.67322803
89.7638,21862.6594,50.897877,-5.037745,99.133492,0.30862799,0.30102399,0.674393
89.7841,21862.6795,50.92643,-5.416459,99.410431,0.31027299,0.29996601,0.67473
89.8126,21862.6995,51.090397,-6.014439,99.772705,0.313656,0.29883501,0.67448199
89.8205,21862.7195,51.152893,-6.616852,100.043114,0.31680399,0.296821,0.67403799
89.8424,21862.7395,51.086288,-6.971839,100.193512,0.31817901,0.29497501,0.67405099
89.8661,21862.7596,51.029091,-7.066979,100.219742,0.31839299,0.29419801,0.674106
89.8869,21862.7796,51.193783,-7.101303,100.148811,0.31957799,0.29483899,0.673114
89.9041,21862.7996,51.647789,-6.936753,100.070534,0.321022,0.298278,0.67171001
89.9441,21862.8197,52.099709,-6.772944,99.93734,0.32260799,0.30153501,0.670021
89.9457,21862.8397,52.319225,-6.848033,99.820206,0.324422,0.30215999,0.66848898
89.9614,21862.8597,52.32029,-6.997513,99.610443,0.32585001,0.300791,0.66696697
89.9829,21862.8797,52.256424,-7.016661,99.272827,0.326534,0.299339,0.66535199
90.0003,21862.8997,52.385536,-6.833459,98.953827,0.326938,0.300179,0.66378301
90.0271,21862.9197,52.745998,-6.55924,98.738098,0.32768899,0.30319399,0.66227001
90.0506,21862.9397,53.092911,-6.428976,98.730087,0.32866201,0.305958,0.661479
90.0673,21862.9597,53.340153,-6.362217,98.765182,0.32939601,0.307906,0.66105199
90.0832,21862.9797,53.473347,-6.398478,98.804893,0.33015099,0.30863601,0.66072202
90.1067,21862.9996,53.54245,-6.703474,98.929359,0.33191201,0.30781901,0.66026598
90.1276,21863.0196,53.628922,-7.028588,99.034729,0.33392301,0.30695,0.65958798
90.1429,21863.0396,53.69606,-6.957401,98.952682,0.33406001,0.30748999,0.659145
90.1641,21863.0596,53.725849,-6.586133,98.735962,0.33265299,0.308983,0.65899301
90.1814,21863.0796,53.772247,-5.991788,98.462723,0.33020201,0.311582,0.65913099
90.2016,21863.0996,53.719936,-5.118648,98.085274,0.32595,0.31475499,0.65982503
90.2231,21863.1196,53.432751,-4.288221,97.619743,0.321013,0.316073,0.66064298
90.244,21863.1396,52.978973,-4.03983,97.102898,0.31871301,0.313236,0.66003603
90.2629,21863.1596,52.722633,-4.316612,96.552437,0.32049599,0.30871499,0.65714502
90.2918,21863.1796,52.796043,-4.277625,95.993217,0.32215199,0.307789,0.65405202
90.3032,21863.1996,52.970318,-3.658308,95.529335,0.320768,0.31081799,0.65278
90.328,21863.2196,52.787968,-2.862484,95.143448,0.316338,0.312929,0.65348202
90.3515,21863.2396,52.329483,-2.464487,94.874519,0.31240699,0.31164899,0.65449703
90.3676,21863.2596,51.880451,-2.282201,94.567673,0.30983901,0.309181,0.65465999
90.3837,21863.2796,51.499702,-2.102549,94.198158,0.30779499,0.306941,0.65425402
90.405,21863.2996,51.266376,-1.871195,93.853737,0.30615601,0.30591801,0.653678
90.4211,21863.3196,51.287792,-1.520175,93.485283,0.305255,0.30696201,0.652556
90.4415,21863.3396,51.386448,-1.091384,93.062279,0.30448201,0.308732,0.65112197
90.4669,21863.3596,51.394077,-0.67837,92.759911,0.30299401,0.31022099,0.65055102
90.486,21863.3796,51.311184,-0.312648,92.623108,0.30083901,0.31137699,0.65099901
90.5086,21863.3995,51.156204,-0.057409,92.581596,0.298659,0.311775,0.65186501
90.5266,21863.4195,51.051281,0.068625,92.571632,0.297398,0.311838,0.65242398
90.5465,21863.4395,51.192593,0.091638,92.516342,0.29818699,0.31262299,0.65179902
90.5652,21863.4595,51.652615,0.038267,92.457298,0.30115399,0.31479001,0.65008199
90.5857,21863.4795,52.209644,-0.078278,92.456306,0.30484,0.31731099,0.64823103
90.6035,21863.4995,52.679298,-0.591839,92.737701,0.309499,0.31794599,0.647062
90.6285,21863.5195,53.073078,-1.484479,93.161942,0.315469,0.316517,0.64579302
90.6681,21863.5395,53.335369,-2.351228,93.59803,0.32054099,0.31454799,0.64497298
90.6812,21863.5595,53.412891,-2.946762,93.944992,0.323351,0.312756,0.64494002
90.685,21863.5795,53.446114,-3.475751,94.312279,0.32550299,0.311138,0.64532101
90.7048,21863.5995,53.618183,-4.215102,94.714523,0.329469,0.30930799,0.64484602
90.7223,21863.6195,53.884075,-5.161248,95.096436,0.335127,0.30687901,0.643327
90.7422,21863.6395,54.080231,-5.97491,95.470398,0.339692,0.30475801,0.64231801
90.7723,21863.6595,54.21619,-6.299168,95.714409,0.341548,0.30454299,0.64222699
90.784,21863.6795,54.054417,-6.031125,95.637955,0.33943099,0.30480099,0.643134
90.8056,21863.6995,53.563484,-5.806965,95.275131,0.33664101,0.302046,0.64340901
90.8278,21863.7195,53.182449,-5.658136,94.834312,0.33501399,0.299319,0.64266402
90.8432,21863.7395,53.117599,-5.372853,94.502632,0.33394799,0.29951701,0.64190102
90.8723,21863.7595,53.256153,-5.025774,94.302628,0.33324501,0.30162799,0.64139599
90.8887,21863.7795,53.408398,-4.972678,94.284607,0.333783,0.30274999,0.64098102
90.906,21863.7995,53.538509,-5.34363,94.507767,0.33594,0.30215099,0.640701
90.9386,21863.8194,53.694691,-5.904942,94.862236,0.33894601,0.30107,0.64047498
90.9504,21863.8394,53.796436,-6.399606,95.255493,0.341198,0.30016199,0.64080799
90.9658,21863.8594,53.883766,-6.833426,95.617973,0.34311801,0.29941899,0.64118701
90.9844,21863.8794,53.957489,-7.124106,95.827621,0.34456801,0.29891801,0.64120501
91.0061,21863.8994,53.950485,-7.263703,95.920906,0.34507099,0.298406,0.64130998
91.024,21863.9194,53.858437,-7.202245,95.967155,0.344145,0.298329,0.64204401
91.0478,21863.9394,53.716137,-6.942102,96.043785,0.34177199,0.29911301,0.64369702
91.075,21863.9594,53.613106,-6.68103,96.108124,0.339618,0.30009499,0.64515197
91.0856,21863.9794,53.79438,-6.660383,96.155525,0.34028801,0.301422,0.64488202
91.1013,21863.9994,54.328766,-6.742902,96.164253,0.34340701,0.30417499,0.642946
91.1223,21864.0194,54.829773,-6.9592,96.146034,0.34716901,0.30592799,0.640553
91.1402,21864.0394,54.91695,-7.189867,96.124146,0.34895,0.30514401,0.63944697
91.1621,21864.0594,54.632896,-7.12472,95.975777,0.34756401,0.303361,0.63978797
91.1847,21864.0794,54.27478,-7.075049,95.927071,0.345624,0.30136099,0.64085197
91.2048,21864.0994,54.256783,-7.048657,95.841576,0.34561101,0.30113801,0.640531
91.2219,21864.1194,54.477837,-7.24594,95.78476,0.347969,0.301213,0.63890398
91.2435,21864.1394,54.496567,-7.609691,95.815315,0.35000899,0.29945901,0.63789898
91.2657,21864.1594,54.315285,-7.821369,95.835159,0.35023099,0.29730499,0.63795799
91.2924,21864.1794,54.36224,-7.839895,95.796394,0.350669,0.29736501,0.637537
91.3248,21864.1994,54.682755,-7.816445,95.652664,0.352512,0.29894799,0.63577199
91.3284,21864.2193,54.988575,-7.922093,95.449692,0.35515299,0.29955801,0.63333303
91.3521,21864.2393,55.098976,-7.95881,95.114296,0.356783,0.29896799,0.631037
91.3638,21864.2593,55.152153,-8.315132,94.759041,0.359929,0.29623601,0.62781698
91.39,21864.2793,55.287331,-8.707389,94.338493,0.36383101,0.293562,0.62383199
91.4017,21864.2993,55.311642,-8.763702,93.777283,0.36569199,0.29161,0.62049598
91.4232,21864.3193,54.939438,-8.974964,93.029388,0.366833,0.28588501,0.61693799
91.4468,21864.3393,54.155621,-9.760493,92.196686,0.36908099,0.27427199,0.61237401
91.4627,21864.3593,53.375332,-10.643668,91.293648,0.37187701,0.26183,0.60699397
91.4835,21864.3793,53.152855,-10.81616,90.368652,0.37372401,0.256547,0.60188001
91.5015,21864.3993,53.271523,-10.517899,89.362556,0.37503499,0.25565901,0.59667599
91.5232,21864.4193,53.197544,-10.532439,88.316208,0.37703499,0.25172001,0.59079897
91.5448,21864.4393,52.863888,-10.862261,87.31089,0.37911901,0.24458601,0.58489901
91.5643,21864.4593,52.343491,-11.13496,86.236588,0.37994701,0.23649199,0.57930201
91.5888,21864.4793,51.627682,-11.210674,85.017784,0.37887999,0.22801,0.57401597
91.6038,21864.4993,50.846397,-11.186957,83.67643,0.37703899,0.21940801,0.56839198
91.6226,21864.5193,50.157768,-11.105491,82.250031,0.375431,0.211454,0.56200898
91.6427,21864.5393,49.529728,-10.925757,80.821541,0.37354499,0.204501,0.55560702
91.6655,21864.5593,48.728844,-10.596299,79.135834,0.37023601,0.196821,0.54841799
91.687,21864.5793,47.731041,-9.959253,77.383446,0.364223,0.19001099,0.54211098
91.7114,21864.5994,46.888073,-9.491579,75.79435,0.35949999,0.183645,0.53563303
91.7284,21864.6194,46.299137,-9.237042,74.321671,0.35701001,0.177699,0.528386
91.7446,21864.6394,45.80801,-9.090544,72.846886,0.355519,0.171615,0.52039897
91.7655,21864.6594,45.384514,-9.091373,71.367653,0.35501599,0.164933,0.51163101
91.7862,21864.6795,45.126953,-9.378755,70.004333,0.35655901,0.15752,0.50223202
91.8083,21864.6995,44.937313,-10.081496,68.939819,0.35981199,0.14852799,0.493303
91.8253,21864.7195,44.775494,-11.097136,67.984467,0.36429,0.137817,0.48398599
91.8542,21864.7396,44.691807,-12.129444,66.974068,0.36923,0.127102,0.47395799
91.8665,21864.7596,44.633427,-13.035902,65.623688,0.37398401,0.116179,0.46182701
91.8869,21864.7796,44.493252,-13.305259,63.835514,0.37588099,0.107802,0.448823
91.9127,21864.7996,44.35463,-12.935939,61.825077,0.37538299,0.103189,0.436214
91.947,21864.8197,44.362305,-12.232598,59.722076,0.37467301,0.101342,0.42354199
91.9484,21864.8397,44.412899,-11.598602,57.62151,0.37455001,0.099237,0.41042799
91.9653,21864.8597,44.297268,-11.220416,55.63361,0.37410101,0.095005,0.397544
91.9871,21864.8798,44.08638,-10.990299,53.785225,0.37332901,0.089816,0.38527599
92.0012,21864.8998,43.974121,-10.534896,51.911133,0.37246999,0.086631,0.37322301
92.0228,21864.9198,44.070072,-9.731623,50.216499,0.37186199,0.087427,0.36310101
92.044,21864.9398,44.340778,-8.849998,48.73362,0.37220201,0.090142,0.354413
92.0641,21864.9599,44.654415,-7.864351,47.387543,0.372545,0.094214,0.346991
92.0915,21864.9799,44.964828,-6.948637,46.265835,0.37300599,0.098463,0.34102899
92.1117,21865,45.223312,-5.986624,45.23217,0.372971,0.103155,0.33597699
92.1247,21865.02,45.327957,-4.928636,44.172459,0.37163901,0.107984,0.331294
92.1482,21865.0401,45.131618,-3.960024,43.047428,0.36847699,0.111026,0.32626101
92.1658,21865.0601,44.7146,-3.380065,41.903641,0.36482999,0.110487,0.32008299
92.1865,21865.0802,44.198895,-3.120937,40.790768,0.36129299,0.107412,0.313171
92.2062,21865.1003,43.617359,-3.080944,39.716091,0.35777,0.102678,0.30587199
92.2299,21865.1203,43.111698,-2.92399,38.550659,0.35453299,0.098846,0.29807201
92.2473,21865.1404,42.817211,-2.391135,37.442368,0.35186401,0.098734,0.29153901
92.272,21865.1604,42.839943,-1.710937,36.551434,0.3511,0.101313,0.28672001
92.3028,21865.1804,43.146133,-1.225769,35.883785,0.352851,0.103797,0.28271499
92.3152,21865.2005,43.626186,-1.139641,35.382229,0.356796,0.104116,0.278593
92.3267,21865.2205,44.163258,-1.34617,34.901482,0.36186501,0.102343,0.27365699
92.3441,21865.2405,44.668083,-1.673421,34.349476,0.36701101,0.099294,0.26780501
92.3767,21865.2606,45.051865,-1.985279,33.765427,0.37118301,0.095929,0.261866
92.3879,21865.2806,45.301811,-2.154668,33.213665,0.37394601,0.09342,0.25677299
92.4088,21865.3006,45.451,-2.20367,32.683346,0.37563199,0.091656,0.252345
92.4242,21865.3206,45.662102,-2.319029,32.230732,0.37786901,0.089763,0.24823
92.4457,21865.3407,46.012821,-2.605189,31.853724,0.38147601,0.0871,0.243975
92.4656,21865.3607,46.432472,-3.021563,31.576254,0.38579199,0.083902,0.239961
92.493,21865.3807,46.822605,-3.46856,31.33836,0.389889,0.080522,0.236157
92.5072,21865.4008,47.078079,-3.799205,31.165173,0.392647,0.077951,0.23338699
92.5257,21865.4208,47.189621,-4.136563,30.984722,0.394306,0.074974,0.230699
92.5455,21865.4409,47.219097,-4.428616,30.751202,0.395266,0.071976,0.22785001
92.5682,21865.4609,47.309959,-4.695973,30.453405,0.39667401,0.069081,0.224509
92.586,21865.481,47.475937,-4.947664,30.117622,0.39863399,0.066336,0.220829
92.6069,21865.501,47.697578,-5.161416,29.811865,0.40091601,0.064104,0.217438
92.6321,21865.5211,47.918369,-5.333566,29.553579,0.40307501,0.06235,0.21455599
92.6495,21865.5412,48.143425,-5.316878,29.416296,0.40484199,0.062487,0.213268
92.6664,21865.5612,48.488667,-5.223255,29.325384,0.40735999,0.06364,0.21246199
92.6872,21865.5813,48.898788,-5.25846,29.283272,0.41058299,0.064107,0.211494
92.7045,21865.6013,49.320301,-5.317686,29.196012,0.413957,0.064248,0.21007299
92.7268,21865.6213,49.701099,-5.066812,28.910076,0.41656399,0.065962,0.208298
92.7548,21865.6414,49.947552,-4.373686,28.477108,0.41744399,0.070242,0.207185
92.7697,21865.6614,49.996151,-3.600556,28.037838,0.416697,0.074694,0.206561
92.7838,21865.6814,49.899601,-2.936423,27.566133,0.41507801,0.077903,0.20544501
92.8085,21865.7015,49.664238,-2.423122,27.025127,0.412729,0.079448,0.203374
92.8269,21865.7215,49.164429,-2.536805,26.479256,0.409453,0.075656,0.19925199
92.8461,21865.7415,48.725246,-2.347618,25.851435,0.40614799,0.074066,0.19549
92.869,21865.7615,48.528511,-1.351249,25.222651,0.40335101,0.079228,0.194306
92.8891,21865.7816,48.486111,-0.212758,24.731236,0.401445,0.086278,0.194519
92.9078,21865.8016,48.35223,0.558721,24.420288,0.399333,0.090964,0.194897
92.9357,21865.8216,48.098156,0.970729,24.282112,0.396763,0.093269,0.19543099
92.9444,21865.8417,47.908665,1.330237,24.194145,0.394743,0.095454,0.196114
92.964,21865.8617,47.799614,1.679678,24.128792,0.393347,0.097774,0.196876
92.985,21865.8817,47.699692,1.933719,24.133123,0.39212501,0.099607,0.197842
93.0028,21865.9017,47.598534,2.184163,24.218718,0.390825,0.101688,0.199425
93.0246,21865.9218,47.586075,2.370515,24.428711,0.39021301,0.103835,0.201703
93.046,21865.9418,47.70892,2.397456,24.728376,0.390852,0.105266,0.204055
93.0662,21865.9618,47.938011,2.412504,25.055538,0.39230999,0.106878,0.206512
93.0849,21865.9819,48.212044,2.42958,25.410078,0.394081,0.108684,0.20915399
93.1089,21866.0019,48.486549,2.259152,25.791641,0.396166,0.109144,0.211348
93.1272,21866.0219,48.755016,2.011385,26.157339,0.398361,0.108958,0.213139
93.1498,21866.0419,48.899128,1.778121,26.487656,0.3996,0.108559,0.21477801
93.1711,21866.0619,48.964592,1.414525,26.864359,0.40043601,0.107185,0.216368
93.192,21866.0819,49.013069,0.98685,27.111109,0.401391,0.104838,0.216738
93.2077,21866.1019,49.02182,0.898685,27.136505,0.401602,0.104263,0.216618
93.2289,21866.1219,49.040443,0.650151,27.142679,0.40220901,0.102402,0.21577901
93.2482,21866.1419,49.076122,0.117806,27.121269,0.403501,0.098286,0.21371301
93.2773,21866.1619,49.140892,-0.442087,27.068432,0.405083,0.093899,0.211274
93.3153,21866.1819,49.296383,-0.719032,26.974001,0.406867,0.091718,0.209426
93.3267,21866.2019,49.437416,-0.814794,26.847332,0.40822899,0.090792,0.20798101
93.3505,21866.2219,49.431198,-0.808181,26.666676,0.40831199,0.090188,0.206616
93.354,21866.2419,49.212154,-0.63591,26.353519,0.40655899,0.090002,0.20500299
93.3732,21866.2619,48.495853,-0.694041,25.79534,0.40154999,0.086285,0.20108999
93.3861,21866.2819,47.32114,-1.153732,25.126392,0.393695,0.078288,0.195278
93.4079,21866.302,46.382725,-1.08949,24.402592,0.386738,0.074684,0.19060101
93.4246,21866.322,46.097008,-0.399378,23.788086,0.383764,0.077553,0.18831401
93.4443,21866.342,46.021942,0.034543,23.587179,0.382599,0.080168,0.18823899
93.4666,21866.3621,45.680782,-0.352121,23.858728,0.380366,0.077465,0.18933
93.4881,21866.3821,45.270786,-1.003166,24.146364,0.37802899,0.072595,0.189748
93.5094,21866.4021,45.356598,-1.139965,24.392931,0.378775,0.072479,0.191172
93.5502,21866.4221,45.544434,-1.481303,24.68144,0.38064101,0.071076,0.19216099
93.5603,21866.4422,45.624439,-2.171402,25.012726,0.382227,0.066892,0.19240201
93.5714,21866.4622,45.537819,-2.784718,25.231359,0.38245401,0.062639,0.19215401
93.5903,21866.4822,45.375217,-2.846588,25.35331,0.38121799,0.062259,0.193059
93.605,21866.5023,45.24548,-2.479517,25.395111,0.37955701,0.065048,0.19472601
93.6302,21866.5223,45.179382,-2.111993,25.380707,0.37842,0.067772,0.195887
93.6501,21866.5423,45.239487,-1.926317,25.402325,0.37856099,0.069415,0.19661801
93.67,21866.5623,45.424191,-2.000623,25.476255,0.380092,0.069413,0.19679201
93.6837,21866.5824,45.661407,-2.26717,25.529598,0.382375,0.067931,0.19611301
93.7095,21866.6024,45.845341,-2.439323,25.559168,0.38409099,0.067017,0.195602
93.7347,21866.6224,45.863758,-2.416874,25.522707,0.38421801,0.067105,0.195374
93.7485,21866.6425,45.75404,-2.235478,25.392487,0.383127,0.067892,0.195058
93.7706,21866.6625,45.672699,-2.006876,25.2523,0.38218501,0.069072,0.194792
93.7873,21866.6825,45.677696,-1.852476,25.125515,0.38203901,0.069872,0.194306
93.8096,21866.7025,45.81995,-1.62649,25.042358,0.38282201,0.071626,0.19428501
93.8315,21866.7226,46.197693,-1.305314,24.968767,0.38528299,0.074574,0.19446699
93.8462,21866.7426,46.644016,-1.159947,24.923918,0.38855699,0.076351,0.19423699
93.8773,21866.7626,47.0751,-1.084541,24.851921,0.39184499,0.077454,0.19357499
93.9246,21866.7827,47.528629,-0.748379,24.783749,0.394862,0.080638,0.193827
93.9261,21866.8027,47.916344,-0.121779,24.67601,0.39689901,0.08582,0.194847
93.9275,21866.8227,48.10535,0.612667,24.575611,0.39719501,0.091511,0.19647001
93.9455,21866.8427,48.166843,1.164347,24.496126,0.39679,0.09563,0.19772001
93.9669,21866.8627,48.283165,1.467486,24.381908,0.39726999,0.097783,0.197805
93.9838,21866.8827,48.651775,1.73511,24.214331,0.39982399,0.099878,0.19719601
94.0084,21866.9027,49.419117,2.228275,24.192467,0.40495899,0.104853,0.19827899
94.026,21866.9227,50.443085,2.651152,24.554548,0.41181299,0.111037,0.201952
94.0483,21866.9427,51.262848,2.723797,25.208054,0.41736099,0.11528,0.206717
94.0744,21866.9627,51.112114,2.457103,25.619749,0.41627201,0.114487,0.20899799
94.0883,21866.9827,50.148849,2.390943,25.822056,0.40876901,0.113091,0.21095499
94.1069,21867.0027,49.08873,2.850928,25.90868,0.39962801,0.115146,0.213926
94.1278,21867.0227,48.222282,3.522137,25.911715,0.39163199,0.118881,0.216778
94.1459,21867.0427,47.581825,4.050444,25.87859,0.38567099,0.121788,0.218657
94.1687,21867.0627,47.276951,4.392981,25.751045,0.382772,0.123511,0.218968
94.1907,21867.0826,47.074203,4.522495,25.609138,0.38109201,0.12371,0.218394
94.2073,21867.1026,46.798428,4.514262,25.663305,0.37889001,0.123373,0.218915
94.2298,21867.1226,46.511482,4.393291,25.850149,0.37667301,0.122574,0.220103
94.2514,21867.1426,46.365311,4.034547,26.164402,0.37588501,0.120569,0.221441
94.2785,21867.1626,46.549019,3.482057,26.548605,0.377994,0.117851,0.222515
94.3,21867.1826,46.940609,3.014554,26.895691,0.38160899,0.116057,0.223435
94.3197,21867.2026,47.18906,2.591541,27.189419,0.38407701,0.114201,0.224145
94.3289,21867.2226,47.217102,2.211084,27.427935,0.38480499,0.112103,0.22469901
94.3598,21867.2426,47.128967,1.946224,27.561735,0.384509,0.110337,0.22490799
94.3683,21867.2626,46.985756,1.476527,27.694027,0.38418999,0.106871,0.224461
94.3847,21867.2826,46.843689,0.718891,27.857101,0.384417,0.101268,0.223294
94.405,21867.3026,46.666573,-0.100929,27.993778,0.38451499,0.095015,0.22175001
94.4279,21867.3226,46.245968,-0.780358,28.001013,0.38254699,0.088929,0.21989501
94.4496,21867.3426,45.491898,-1.278273,27.767675,0.37779501,0.082785,0.21709201
94.4661,21867.3626,45.008209,-1.836524,27.340446,0.375359,0.076059,0.212349
94.4873,21867.3826,44.940346,-2.426781,26.839804,0.37622499,0.06965,0.206545
94.506,21867.4026,44.970074,-2.500194,26.512482,0.37678599,0.068055,0.203703
94.5247,21867.4226,44.863918,-2.358851,26.342045,0.37580499,0.068404,0.202925
94.5468,21867.4426,44.672348,-2.207948,26.156652,0.374147,0.068622,0.202134
94.5691,21867.4626,44.447208,-2.285902,25.861366,0.37268999,0.066622,0.199755
94.5924,21867.4826,44.252502,-2.524024,25.549625,0.371748,0.063367,0.196696
94.6104,21867.5026,44.175983,-2.686035,25.219015,0.37160099,0.060873,0.193627
94.6336,21867.5225,44.124329,-2.736395,24.901897,0.371445,0.059352,0.191002
94.6477,21867.5425,43.932926,-2.847109,24.586418,0.37028,0.057108,0.188317
94.6695,21867.5625,43.620647,-2.982519,24.173695,0.36823499,0.054145,0.184885
94.6871,21867.5825,43.307819,-3.21262,23.720556,0.366335,0.050312,0.180824
94.7127,21867.6025,43.089642,-3.406509,23.244053,0.36511099,0.046868,0.176605
94.7339,21867.6225,42.905075,-3.49065,22.78166,0.36395901,0.04441,0.172813
94.7535,21867.6425,42.731071,-3.468558,22.358295,0.36270499,0.042951,0.169654
94.7717,21867.6625,42.572636,-3.244884,21.934736,0.36127499,0.043139,0.167109
94.7973,21867.6825,42.480785,-2.909185,21.514462,0.36021701,0.044353,0.164878
94.8115,21867.7025,42.48391,-2.713607,21.092333,0.360127,0.044597,0.162111
94.8377,21867.7225,42.513279,-2.744371,20.707203,0.36055201,0.043185,0.158907
94.8606,21867.7425,42.587601,-2.886917,20.388817,0.361458,0.041153,0.15584999
94.8731,21867.7625,42.734726,-3.00055,20.096388,0.36288899,0.03954,0.153035
94.8905,21867.7825,42.869175,-3.036522,19.75629,0.364126,0.038373,0.150093
94.9086,21867.8025,42.899105,-3.17527,19.500034,0.364629,0.03649,0.14757501
94.9274,21867.8225,42.867306,-3.350753,19.341146,0.364649,0.034531,0.145767
94.9476,21867.8425,42.784359,-3.519253,19.212355,0.36423701,0.032649,0.144262
94.9686,21867.8625,42.74268,-3.69013,19.052435,0.364162,0.030709,0.14246801
94.9889,21867.8825,42.727058,-3.790975,18.733149,0.36424401,0.028862,0.139596
95.0106,21867.9024,42.687645,-3.96164,18.266251,0.364245,0.025951,0.135333
95.0294,21867.9224,42.806496,-3.905278,17.665344,0.365264,0.024655,0.13059001
95.0464,21867.9424,43.261002,-3.549158,17.105658,0.36862701,0.026329,0.126894
95.0662,21867.9624,43.905178,-3.209858,16.842045,0.37346801,0.029029,0.12541699
95.0882,21867.9824,44.357098,-3.020421,16.79269,0.37688199,0.030959,0.12532701
95.1091,21868.0024,44.617424,-2.832736,16.844936,0.37873799,0.032962,0.126185
95.1273,21868.0224,44.865967,-2.685581,16.776724,0.380577,0.034225,0.12595899
95.1634,21868.0424,44.952797,-2.594707,16.482307,0.381257,0.03408,0.123851
95.1757,21868.0624,44.730797,-2.561177,16.137798,0.37955201,0.032934,0.121353
95.1935,21868.0824,44.499344,-2.301333,15.783556,0.377534,0.033568,0.119522
95.2092,21868.1024,44.438938,-1.716411,15.408129,0.37655899,0.036948,0.118475
95.2288,21868.1224,44.314552,-1.251507,15.099254,0.37518799,0.039522,0.117592
95.2512,21868.1424,43.957062,-1.053156,14.915302,0.37218401,0.040124,0.116945
95.269,21868.1624,43.484261,-1.031041,14.74302,0.368426,0.039237,0.115865
95.2886,21868.1824,43.163666,-1.0801,14.545676,0.365964,0.037869,0.114275
95.3071,21868.2024,43.058441,-1.008347,14.366532,0.365105,0.037765,0.113111
95.3266,21868.2224,42.966148,-0.978717,14.228,0.36437801,0.037467,0.112132
95.347,21868.2424,42.807873,-1.013715,14.11175,0.363175,0.036653,0.111157
95.3684,21868.2624,42.75798,-0.966174,13.954037,0.36277699,0.036486,0.110058
95.3856,21868.2824,42.825321,-0.791448,13.767331,0.363213,0.037372,0.109075
95.404,21868.3023,42.987736,-0.699036,13.641613,0.364476,0.037879,0.108284
95.4253,21868.3223,43.267796,-0.699939,13.572522,0.36675599,0.037926,0.107604
95.4484,21868.3423,43.587284,-0.820131,13.531898,0.36945301,0.03714,0.106752
95.4715,21868.3623,43.887127,-0.999094,13.466606,0.37204999,0.035782,0.105514
95.4898,21868.3823,44.124447,-1.090077,13.325424,0.37408301,0.034822,0.103975
95.5078,21868.4023,44.33503,-1.218331,13.17663,0.37593299,0.033508,0.102263
95.5242,21868.4223,44.57299,-1.422271,13.089295,0.37804699,0.031812,0.100779
95.5495,21868.4423,44.764664,-1.813278,13.058302,0.37993199,0.028757,0.099143
95.5688,21868.4623,44.861774,-2.313056,13.056721,0.38113901,0.024838,0.09742
95.5848,21868.4823,44.918156,-2.878175,13.045683,0.38206801,0.020325,0.095418
95.6062,21868.5023,44.959255,-3.386742,12.981956,0.38282499,0.016075,0.093185
95.6311,21868.5223,44.992516,-3.857779,12.894285,0.38348001,0.012038,0.090886
95.6443,21868.5423,44.929447,-4.393129,12.795499,0.383403,0.007349,0.088344
95.667,21868.5623,44.77317,-4.867377,12.649928,0.38251999,0.002896,0.085699
95.6896,21868.5823,44.533455,-5.296514,12.295126,0.38091701,-0.001978,0.081591
95.7102,21868.6023,44.151455,-5.759935,11.741728,0.378151,-0.007922,0.075884
95.7273,21868.6223,43.804119,-6.004627,11.127185,0.37546599,-0.012252,0.070384
95.7489,21868.6423,43.724808,-5.788255,10.530255,0.37463501,-0.012534,0.066334
95.7692,21868.6623,43.816193,-5.382328,9.898972,0.375076,-0.011243,0.062505
95.7922,21868.6823,43.812386,-5.293449,9.318898,0.37493899,-0.012427,0.058116
95.8063,21868.7023,43.864471,-5.470213,8.895775,0.37539399,-0.015198,0.054088
95.8245,21868.7222,44.055431,-5.734631,8.578458,0.37700501,-0.018226,0.050536
95.8442,21868.7422,44.340515,-6.138161,8.366433,0.37943199,-0.021962,0.047306
95.8682,21868.7622,44.706944,-6.454809,8.19204,0.38246599,-0.024813,0.044599
95.8834,21868.7822,45.106876,-6.593817,7.897508,0.38565901,-0.026617,0.041487
95.932,21868.8022,45.403355,-6.550386,7.461813,0.387916,-0.027522,0.037929
95.9388,21868.8222,45.612438,-6.451569,6.964391,0.389438,-0.02827,0.03413
95.9441,21868.8422,45.798573,-6.450232,6.523781,0.390816,-0.029636,0.030477
95.9644,21868.8622,46.001812,-6.603132,6.133751,0.39237499,-0.032066,0.026695
95.9855,21868.8822,46.206894,-6.762948,5.682416,0.39391699,-0.03477,0.022397
96.0042,21868.9022,46.384113,-6.763176,5.102466,0.39515299,-0.036666,0.017638
96.0252,21868.9222,46.587719,-6.611341,4.459685,0.39655101,-0.037562,0.012892
96.0478,21868.9422,47.112511,-6.569887,3.916751,0.40055501,-0.038861,0.008387
96.0698,21868.9622,47.673012,-6.600165,3.335751,0.40482,-0.04089,0.003325
96.0875,21868.9822,47.946266,-6.514302,2.713987,0.40676799,-0.042295,-0.001475
96.1081,21869.0022,48.055477,-6.343642,2.194627,0.40744901,-0.042741,-0.005061
96.1311,21869.0222,48.17038,-6.198541,1.76023,0.40820801,-0.043094,-0.008059
96.1496,21869.0422,48.279144,-5.994976,1.179548,0.408871,-0.043513,-0.012004
96.1845,21869.0622,48.279724,-5.847091,0.472954,0.408622,-0.044857,-0.017097
96.1934,21869.0822,48.335533,-5.713778,-0.240498,0.40880501,-0.046331,-0.022318
96.2049,21869.1022,48.458897,-5.415711,-0.897755,0.40958399,-0.046292,-0.026524
96.2275,21869.1222,48.77552,-5.002691,-1.388463,0.41200501,-0.044744,-0.029044
96.2468,21869.1421,48.801579,-4.52886,-1.823426,0.41216999,-0.042546,-0.0308
96.2738,21869.1621,48.487522,-4.140709,-2.239934,0.40963,-0.040955,-0.032642
96.2968,21869.1821,48.069626,-3.942844,-2.738719,0.40618399,-0.041137,-0.03582
96.3143,21869.2021,47.716038,-4.066365,-3.382063,0.40308401,-0.044361,-0.041315
96.3307,21869.2221,47.518658,-4.293725,-4.12106,0.40112001,-0.04874,-0.047968
96.3636,21869.2421,47.613148,-4.128714,-4.860966,0.40162799,-0.050034,-0.053301
96.3669,21869.2621,47.831402,-3.687135,-5.514822,0.403299,-0.048867,-0.056981
96.3845,21869.2821,47.858955,-3.230166,-5.976255,0.403557,-0.046863,-0.059046
96.4078,21869.3021,47.547276,-2.846619,-6.352587,0.401122,-0.045026,-0.060689
96.4256,21869.3221,47.083241,-2.672146,-6.676265,0.397385,-0.044591,-0.062665
96.4442,21869.3421,46.717907,-2.808469,-6.861504,0.394315,-0.046177,-0.06462
96.4693,21869.3621,46.539848,-3.212845,-6.943707,0.39262399,-0.049621,-0.066665
96.4845,21869.3821,46.506889,-3.519229,-7.078918,0.39211899,-0.05252,-0.068794
96.5094,21869.4021,46.520504,-3.551733,-7.407969,0.392055,-0.053911,-0.071535
96.5376,21869.4221,46.46637,-3.318558,-7.860516,0.39155799,-0.053572,-0.074353
96.5507,21869.4421,46.406219,-2.936706,-8.310135,0.391121,-0.052028,-0.076643
96.569,21869.4621,46.483627,-2.42062,-8.765323,0.39188799,-0.0495,-0.078511
96.5877,21869.4821,46.731289,-1.972487,-9.376273,0.39392099,-0.048158,-0.081822
96.6091,21869.5021,47.154076,-1.832659,-10.133338,0.39707401,-0.04992,-0.087304
96.6266,21869.5221,47.905556,-1.813124,-10.869456,0.40273899,-0.052841,-0.092939
96.6629,21869.542,48.81004,-1.660209,-11.61032,0.409688,-0.054913,-0.098054
96.67,21869.562,49.415546,-1.69709,-12.275235,0.41411099,-0.058062,-0.103273
96.6853,21869.582,49.701786,-2.085573,-12.678726,0.41579601,-0.062809,-0.107778
96.7065,21869.602,49.826828,-2.49435,-12.994812,0.41621,-0.06727,-0.111714
96.7248,21869.622,50.038654,-2.822508,-13.359338,0.41733,-0.071345,-0.115717
96.745,21869.642,50.398888,-3.061065,-13.896015,0.41957,-0.075477,-0.120706
96.7676,21869.662,50.61927,-3.168638,-14.453633,0.42080799,-0.078555,-0.125405
96.7877,21869.682,50.822121,-3.53063,-14.859781,0.421707,-0.083055,-0.12985501
96.8046,21869.702,51.290123,-3.955143,-15.148552,0.42466301,-0.087851,-0.133561
96.8407,21869.722,51.73267,-4.082479,-15.452234,0.42772999,-0.090374,-0.136291
96.8513,21869.742,51.784019,-4.223819,-15.759076,0.427715,-0.092663,-0.13918599
96.8663,21869.762,51.580788,-4.432506,-16.139788,0.42556199,-0.095506,-0.14296199
96.8867,21869.782,51.282677,-4.390091,-16.849762,0.422694,-0.097512,-0.14838301
96.905,21869.802,51.065701,-4.166788,-17.770479,0.420508,-0.098941,-0.154761
96.9268,21869.822,50.849819,-3.819961,-18.747763,0.418457,-0.099588,-0.161138
96.9487,21869.842,50.805607,-3.19226,-19.699955,0.41818801,-0.098147,-0.166242
96.9733,21869.862,51.04657,-2.647803,-20.544518,0.42014101,-0.097332,-0.17067599
96.9895,21869.882,51.386169,-2.552827,-21.166142,0.42238399,-0.099339,-0.174955
97.0042,21869.902,51.769047,-2.537317,-21.627068,0.42496499,-0.10145,-0.17824399
97.0228,21869.922,51.97102,-2.488545,-21.940208,0.42632201,-0.102521,-0.18035901
97.0427,21869.9419,51.867527,-2.301851,-22.25905,0.42553401,-0.102124,-0.182174
97.075,21869.9619,51.982746,-2.374179,-22.575686,0.42602199,-0.104023,-0.184807
97.0897,21869.9819,52.090004,-2.623164,-22.898788,0.42614499,-0.107291,-0.18814801
97.109,21870.0019,51.840118,-2.956289,-23.037498,0.423538,-0.109992,-0.19058999
97.1247,21870.0219,52.240345,-3.112877,-23.393076,0.426011,-0.113101,-0.19366699
97.144,21870.0419,52.556499,-3.136796,-23.557365,0.42823699,-0.114367,-0.19483
97.1635,21870.0619,52.709015,-3.472662,-23.467939,0.42892599,-0.116822,-0.195317
97.1862,21870.0819,52.612667,-4.116967,-23.30447,0.42725399,-0.120986,-0.196528
97.2043,21870.1019,52.401585,-4.666091,-23.244871,0.42474899,-0.124652,-0.198217
97.2247,21870.1219,52.251163,-4.845987,-23.491381,0.42300799,-0.12672199,-0.20083299
97.2444,21870.1419,51.916336,-4.936759,-23.674488,0.420066,-0.127606,-0.20271701
97.2629,21870.1619,51.709785,-4.734223,-23.88546,0.41859901,-0.12652899,-0.203683
97.2836,21870.1819,52.13039,-4.456654,-24.166067,0.422023,-0.12606201,-0.204603
97.3168,21870.2019,52.769215,-4.219598,-24.363699,0.42713499,-0.125948,-0.204898
97.3386,21870.2219,53.157654,-4.313643,-24.355639,0.42995101,-0.12721699,-0.20498
97.3437,21870.2419,53.280354,-4.534754,-24.323689,0.43053001,-0.128959,-0.205503
97.3665,21870.2619,53.237354,-4.661747,-24.386606,0.429901,-0.13009401,-0.206479
97.3859,21870.2819,53.314259,-4.737246,-24.560984,0.430154,-0.13143601,-0.20804501
97.4053,21870.302,53.618721,-4.798291,-24.692699,0.43221799,-0.132851,-0.209114
97.4254,21870.322,53.992466,-4.70881,-24.679989,0.43524799,-0.132688,-0.208482
97.4437,21870.342,54.325924,-4.591924,-24.457558,0.43825701,-0.131456,-0.20617799
97.4649,21870.362,54.530033,-4.698328,-24.042892,0.44009599,-0.13097,-0.203348
97.4918,21870.3821,54.649235,-4.940482,-23.636816,0.44104099,-0.13140699,-0.20115399
97.5056,21870.4021,54.640022,-5.103104,-23.372187,0.44099,-0.131603,-0.19978701
97.525,21870.4221,54.43816,-5.228477,-23.355246,0.43925199,-0.132204,-0.20023499
97.5464,21870.4422,54.113518,-5.133511,-23.509945,0.43676201,-0.131623,-0.20119201
97.5687,21870.4622,53.913616,-4.653103,-23.696419,0.435866,-0.12841199,-0.20087101
97.5865,21870.4822,53.820995,-3.925704,-23.763639,0.436353,-0.123021,-0.198661
97.6076,21870.5022,53.719913,-3.490908,-23.650932,0.43644899,-0.119144,-0.196207
97.6244,21870.5223,53.510063,-3.493662,-23.482672,0.43501401,-0.118216,-0.195059
97.6447,21870.5423,53.19038,-3.300553,-23.298944,0.433081,-0.115582,-0.193111
97.6736,21870.5623,52.847427,-2.952282,-22.992529,0.43133599,-0.111269,-0.189657
97.6862,21870.5824,52.444336,-2.930935,-22.650209,0.42860299,-0.109237,-0.187189
97.7122,21870.6024,51.991001,-3.072937,-22.396711,0.42512101,-0.108732,-0.186024
97.7333,21870.6224,51.647121,-3.182496,-22.132746,0.422539,-0.108111,-0.18458299
97.7441,21870.6424,51.491428,-3.310729,-21.817543,0.42142701,-0.10772,-0.18271001
97.7657,21870.6625,51.403057,-3.336534,-21.52034,0.42098001,-0.106705,-0.18055999
97.7853,21870.6825,51.349499,-3.097544,-21.196175,0.42123601,-0.1036,-0.17721
97.8044,21870.7025,51.328041,-2.682882,-20.924425,0.42194501,-0.099373,-0.173599
97.8242,21870.7226,51.329494,-2.255548,-20.757555,0.42274001,-0.095461,-0.170735
97.848,21870.7426,51.407566,-2.062442,-20.708599,0.42367199,-0.093894,-0.16960201
97.8674,21870.7626,51.50074,-2.167027,-20.767321,0.42419001,-0.095044,-0.17039201
97.884,21870.7826,51.681938,-2.390296,-20.733021,0.42528901,-0.096882,-0.17085899
97.9403,21870.8027,51.951233,-2.793507,-20.605293,0.42688,-0.09987,-0.17123701
97.9417,21870.8227,52.170284,-3.230695,-20.508005,0.42800501,-0.103156,-0.172014
97.9472,21870.8427,52.428551,-3.636191,-20.365015,0.42952201,-0.106067,-0.172316
97.9677,21870.8627,52.705727,-3.884063,-20.286436,0.431362,-0.108022,-0.172525
97.984,21870.8827,52.771534,-3.921553,-20.317949,0.43178299,-0.10851,-0.17287999
98.0045,21870.9027,52.782619,-3.975877,-20.415249,0.431694,-0.109307,-0.17382599
98.0273,21870.9227,52.952499,-4.168471,-20.439646,0.432688,-0.111087,-0.174669
98.045,21870.9427,53.181255,-4.59574,-20.277191,0.43395799,-0.114024,-0.174951
98.0662,21870.9627,53.251083,-5.122581,-19.934095,0.434039,-0.116837,-0.174298
98.0886,21870.9827,53.028267,-5.504817,-19.638231,0.432044,-0.118384,-0.173549
98.1078,21871.0027,52.447517,-5.879032,-19.583216,0.42704499,-0.120383,-0.17469101
98.1252,21871.0227,51.590233,-6.336587,-19.916828,0.41933799,-0.12415,-0.179152
98.1506,21871.0427,50.855312,-6.501512,-20.598906,0.412617,-0.127033,-0.185169
98.1673,21871.0627,50.54253,-6.234651,-21.353006,0.40978301,-0.127298,-0.190099
98.184,21871.0827,50.590397,-5.871996,-21.737394,0.410335,-0.12594099,-0.19174901
98.207,21871.1027,50.703823,-5.794573,-21.704721,0.41138199,-0.125375,-0.191185
98.2315,21871.1227,50.704731,-5.935127,-21.409933,0.41147801,-0.12540001,-0.189419
98.2459,21871.1427,50.717232,-6.140783,-20.976645,0.41171199,-0.12544399,-0.18681601
98.2654,21871.1627,50.833511,-6.460583,-20.575731,0.41253901,-0.126608,-0.184848
98.2931,21871.1826,50.975441,-6.752658,-20.211887,0.413578,-0.12771399,-0.18306699
98.308,21871.2026,51.153706,-6.943192,-19.89027,0.415021,-0.128223,-0.181245
98.329,21871.2226,51.444809,-7.064874,-19.625008,0.41738999,-0.12852199,-0.17959499
98.3478,21871.2426,51.740597,-7.245218,-19.421623,0.419635,-0.12949,-0.178643
98.3664,21871.2627,51.988197,-7.58184,-19.235729,0.421244,-0.131658,-0.178416
98.389,21871.2827,52.141911,-7.948688,-19.072708,0.42205399,-0.13403299,-0.178498
98.4077,21871.3027,52.167316,-8.166083,-18.940523,0.422068,-0.13523901,-0.17828301
98.4242,21871.3228,52.09581,-8.207188,-18.864769,0.42153901,-0.135203,-0.17785899
98.4459,21871.3428,52.054066,-8.162454,-18.857517,0.42129299,-0.134791,-0.177642
98.464,21871.3628,52.022263,-8.041352,-18.912865,0.42116901,-0.13403299,-0.177624
98.4904,21871.3828,51.921104,-7.936936,-18.938995,0.420515,-0.133224,-0.17745
98.5107,21871.4029,51.795345,-7.899786,-18.887012,0.41965601,-0.13261899,-0.176926
98.5264,21871.4229,51.822289,-7.713844,-18.664248,0.42040601,-0.130401,-0.17453
98.5467,21871.4429,52.078583,-7.543811,-18.347246,0.423011,-0.128186,-0.171443
98.5675,21871.4629,52.401402,-7.531203,-18.069952,0.42584401,-0.127381,-0.16923501
98.5851,21871.483,52.536316,-7.62545,-17.969818,0.42686301,-0.127863,-0.168805
98.6079,21871.503,52.55373,-7.466725,-18.080122,0.427109,-0.127073,-0.169058
98.6281,21871.523,52.68544,-6.628309,-18.243977,0.42918199,-0.121384,-0.167165
98.6477,21871.5431,52.763226,-5.681327,-18.379208,0.431016,-0.114704,-0.16463301
98.669,21871.5631,52.654446,-4.93852,-18.468761,0.43114701,-0.109218,-0.16255499
98.6906,21871.5831,52.333797,-4.359559,-18.624765,0.42933699,-0.104995,-0.16168
98.7105,21871.6031,51.71283,-4.289307,-18.977499,0.42429799,-0.105061,-0.164344
98.7307,21871.6232,51.082825,-4.326467,-19.408846,0.41894999,-0.106198,-0.168026
98.754,21871.6432,50.823906,-3.52827,-19.79435,0.41775799,-0.101116,-0.168191
98.7717,21871.6632,50.984932,-2.180124,-19.914343,0.42086399,-0.09132,-0.164114
98.7957,21871.6833,51.156445,-1.042031,-19.78829,0.423895,-0.082263,-0.15885
98.8102,21871.7033,50.93853,-0.456212,-19.489471,0.42321101,-0.076328,-0.154496
98.8332,21871.7233,50.523079,-0.237524,-19.122555,0.42051101,-0.072733,-0.15109
98.8528,21871.7433,50.208206,-0.119582,-18.7187,0.41846299,-0.069929,-0.147701
98.872,21871.7634,50.079609,-0.233561,-18.343353,0.41754201,-0.069286,-0.145264
98.8876,21871.7834,50.144886,-0.506072,-17.988319,0.41792399,-0.070199,-0.14345001
98.9072,21871.8034,50.358601,-0.781963,-17.647928,0.41946,-0.071365,-0.141689
98.9299,21871.8235,50.585083,-1.056575,-17.312517,0.421101,-0.072541,-0.13996699
98.9479,21871.8435,50.709377,-1.265225,-16.962694,0.422041,-0.073022,-0.137949
98.9742,21871.8635,50.783691,-1.283557,-16.644712,0.4228,-0.072075,-0.13550401
98.9893,21871.8835,50.926392,-1.248007,-16.420387,0.42409599,-0.071125,-0.13356
99.0174,21871.9035,51.118305,-1.290379,-16.343107,0.42559201,-0.071376,-0.133029
99.0302,21871.9235,51.261429,-1.418904,-16.279718,0.42659801,-0.072294,-0.13294999
99.049,21871.9435,51.432865,-1.560926,-16.133339,0.427863,-0.073035,-0.132267
99.0758,21871.9635,51.695515,-1.649035,-15.882165,0.42996699,-0.073053,-0.13053399
99.0924,21871.9835,52.022682,-1.703224,-15.584785,0.432641,-0.072688,-0.128295
99.1162,21872.0034,52.36998,-1.85941,-15.356086,0.435312,-0.073379,-0.126975
99.1348,21872.0234,52.651798,-2.046921,-15.290344,0.43733501,-0.074857,-0.12707201
99.1566,21872.0434,52.722717,-2.217139,-15.289224,0.43769699,-0.076239,-0.12768701
99.1702,21872.0634,52.601814,-2.463326,-15.158484,0.43657199,-0.07753,-0.127657
99.1875,21872.0834,52.492393,-2.62605,-14.987427,0.43565699,-0.078036,-0.12698799
99.2073,21872.1034,52.434589,-2.600342,-14.947379,0.43526399,-0.077631,-0.126599
99.2286,21872.1234,52.275795,-2.056872,-15.161087,0.43448699,-0.074078,-0.126248
99.2456,21872.1434,51.861164,-1.232936,-15.577131,0.431912,-0.068843,-0.12652899
99.2706,21872.1634,51.054485,-0.840771,-16.065567,0.425776,-0.066774,-0.129226
99.3214,21872.1834,50.102085,-1.037325,-16.428698,0.41789299,-0.068612,-0.13322499
99.3307,21872.2034,49.568741,-1.158509,-16.694736,0.41341001,-0.069936,-0.135989
99.338,21872.2234,49.606449,-1.008318,-16.864862,0.41378099,-0.069416,-0.13676199
99.369,21872.2434,49.809196,-0.841791,-16.932686,0.415528,-0.068588,-0.136594
99.3771,21872.2634,49.834446,-0.708675,-16.955202,0.41587099,-0.067657,-0.13627499
99.387,21872.2834,49.71685,-0.730009,-16.791952,0.41501999,-0.067098,-0.135132
99.4098,21872.3034,49.653214,-1.135914,-16.499596,0.41421801,-0.069148,-0.134341
99.4248,21872.3234,49.680161,-1.77329,-16.145576,0.413903,-0.07289,-0.13386001
99.4452,21872.3434,49.812878,-2.310518,-15.798992,0.41454399,-0.075981,-0.133039
99.471,21872.3634,50.046623,-2.588486,-15.579661,0.41620299,-0.077595,-0.13225199
99.4943,21872.3834,50.259254,-2.703459,-15.538949,0.41776499,-0.078555,-0.132284
99.5064,21872.4033,50.418869,-2.73014,-15.581325,0.41895601,-0.079075,-0.132662
99.5277,21872.4233,50.563572,-2.769819,-15.649309,0.41999599,-0.079776,-0.133292
99.5448,21872.4433,50.659527,-2.782481,-15.676517,0.42071301,-0.080069,-0.13352001
99.5679,21872.4633,50.732628,-2.77561,-15.709296,0.42127001,-0.080208,-0.133727
99.5864,21872.4833,50.802441,-2.748792,-15.817752,0.42177099,-0.080467,-0.134451
99.6085,21872.5033,50.83252,-2.629792,-15.987812,0.42202699,-0.080196,-0.13532799
99.629,21872.5233,50.847595,-2.438904,-16.141125,0.42226401,-0.079289,-0.135814
99.6548,21872.5433,50.902092,-2.209131,-16.231804,0.42289999,-0.07789,-0.135653
99.6728,21872.5633,51.01918,-1.897978,-16.231266,0.42418101,-0.075587,-0.134453
99.6927,21872.5833,51.238548,-1.568653,-16.161476,0.426321,-0.072995,-0.132597
99.7076,21872.6033,51.545349,-1.393583,-16.084869,0.42896199,-0.071671,-0.131216
99.7264,21872.6233,51.890495,-1.380175,-15.988493,0.431723,-0.071567,-0.130266
99.746,21872.6433,52.249084,-1.296532,-15.739003,0.43475899,-0.070347,-0.127857
99.7699,21872.6633,52.493347,-1.126202,-15.382652,0.437058,-0.06792,-0.124339
99.7899,21872.6833,52.53561,-0.993645,-15.022594,0.43773699,-0.06556,-0.121023
99.8046,21872.7033,52.417122,-0.678102,-14.797524,0.43727201,-0.062136,-0.118125
99.8337,21872.7233,52.001232,-0.521291,-14.824607,0.43418601,-0.060609,-0.117928
99.8574,21872.7433,51.29081,-0.988678,-14.99833,0.42806801,-0.064195,-0.121353
99.8693,21872.7633,50.829506,-1.390956,-15.196149,0.42391899,-0.067609,-0.124582
99.8873,21872.7833,50.809258,-1.037551,-15.342447,0.42405999,-0.065371,-0.124425
99.9422,21872.8033,50.86285,-0.223795,-15.302565,0.425372,-0.058924,-0.121073
99.9491,21872.8232,50.655418,0.248722,-15.099754,0.424344,-0.054263,-0.117839
99.9508,21872.8432,50.301636,0.245986,-14.789806,0.42171699,-0.052774,-0.1156
99.9664,21872.8632,50.107056,0.071257,-14.413805,0.42019001,-0.052566,-0.113388
99.9844,21872.8832,50.08033,-0.172303,-13.992398,0.419936,-0.052906,-0.110987
100.0063,21872.9032,49.988995,-0.380975,-13.540565,0.41922799,-0.052804,-0.108243
100.0243,21872.9232,49.84034,-0.353182,-13.150175,0.418262,-0.051024,-0.105134
100.0482,21872.9432,49.780876,-0.1871,-12.83332,0.418082,-0.048509,-0.10206
100.0679,21872.9632,49.814671,-0.04194,-12.586875,0.418578,-0.046497,-0.099578
100.0891,21872.9832,49.822186,-0.046208,-12.341623,0.41873199,-0.045641,-0.097661
100.1103,21873.0032,49.864067,-0.242696,-12.013582,0.419027,-0.046023,-0.095782
100.1294,21873.0232,50.049667,-0.502031,-11.580596,0.42044899,-0.046626,-0.09326
100.1494,21873.0432,50.261543,-0.64998,-11.055253,0.42221001,-0.046019,-0.089604
100.1694,21873.0632,50.448986,-0.789409,-10.551147,0.423778,-0.045389,-0.0861
100.1928,21873.0832,50.75935,-0.938481,-10.194581,0.42624801,-0.04545,-0.083766
100.2238,21873.1032,51.179287,-1.0956,-9.98584,0.42951399,-0.04618,-0.082606
100.2323,21873.1232,51.511665,-1.281748,-9.801664,0.43206099,-0.047158,-0.081782
100.2496,21873.1432,51.748985,-1.452175,-9.698452,0.43384099,-0.048249,-0.081564
100.2685,21873.1632,51.952496,-1.567455,-9.627475,0.435381,-0.049005,-0.081402
100.2912,21873.1832,52.171562,-1.725713,-9.549367,0.437015,-0.050075,-0.081349
100.3078,21873.2032,52.418556,-1.90581,-9.440999,0.43886501,-0.051211,-0.081144
100.3263,21873.2231,52.741825,-2.201152,-9.31905,0.44123301,-0.053228,-0.081271
100.3512,21873.2431,53.046394,-2.589097,-9.159441,0.443407,-0.055797,-0.081481
100.3654,21873.2631,53.109886,-2.916053,-8.984601,0.44375601,-0.057695,-0.08138
100.387,21873.2832,52.850075,-3.136932,-8.852215,0.44164199,-0.05877,-0.081229
100.4078,21873.3032,52.282936,-3.421802,-8.920109,0.436975,-0.060968,-0.082893
100.4286,21873.3232,51.486633,-3.888221,-9.118799,0.43028799,-0.064968,-0.08625
100.4492,21873.3433,50.973969,-4.130394,-9.295568,0.42597699,-0.067268,-0.088553
100.4713,21873.3633,50.907341,-3.958115,-9.44795,0.42549801,-0.06645,-0.089109
100.4882,21873.3833,50.988472,-3.731426,-9.564622,0.426245,-0.06515,-0.089177
100.5132,21873.4033,50.934353,-3.803816,-9.59357,0.42574701,-0.065796,-0.089676
100.529,21873.4234,50.834171,-3.945859,-9.562584,0.42486599,-0.066741,-0.089965
100.5533,21873.4434,50.886066,-3.897806,-9.516849,0.425338,-0.066222,-0.089426
100.5739,21873.4634,51.020031,-3.918447,-9.479711,0.42639601,-0.066316,-0.089206
100.5932,21873.4834,51.082348,-4.123579,-9.439184,0.42674899,-0.067804,-0.08965
100.6085,21873.5035,51.010506,-4.45305,-9.410707,0.42594299,-0.070242,-0.090654
100.6267,21873.5235,50.878033,-4.641883,-9.463249,0.42471901,-0.07185,-0.091766
100.6516,21873.5435,50.748463,-4.539127,-9.612019,0.42368999,-0.07153,-0.092551
100.6726,21873.5636,50.622089,-4.270887,-9.853954,0.422764,-0.070254,-0.093459
100.6923,21873.5836,50.532379,-4.021715,-10.094543,0.42211601,-0.069137,-0.094431
100.7125,21873.6036,50.58157,-3.866843,-10.317998,0.422497,-0.068774,-0.09561
100.7291,21873.6236,50.722683,-3.627663,-10.504415,0.42369601,-0.067671,-0.096177
100.7483,21873.6437,50.785145,-3.23229,-10.645293,0.424436,-0.065132,-0.095811
100.7682,21873.6637,50.747707,-2.888634,-10.771149,0.42435899,-0.062881,-0.09553
100.7899,21873.6837,50.713978,-2.725236,-10.864613,0.42417899,-0.061924,-0.095663
100.8069,21873.7038,50.784828,-2.722706,-10.890029,0.42472401,-0.062045,-0.095841
100.8252,21873.7238,51.123222,-2.540401,-10.86647,0.427544,-0.060753,-0.094919
100.8512,21873.7438,51.458683,-2.18532,-10.710691,0.43054399,-0.057614,-0.092306
100.8705,21873.7638,51.814522,-2.001612,-10.494767,0.43358201,-0.055598,-0.089852
100.8867,21873.7839,52.083439,-2.148513,-10.284646,0.43567199,-0.05612,-0.088714
100.9123,21873.8039,52.322937,-2.519018,-10.169536,0.43731299,-0.058719,-0.089184
100.9246,21873.8239,52.676273,-2.761872,-10.150107,0.43989,-0.060749,-0.089905
100.945,21873.844,53.127705,-2.773915,-10.051316,0.44344899,-0.06073,-0.089114
100.9694,21873.864,53.439102,-2.698952,-9.845764,0.44603601,-0.059532,-0.08718
100.9896,21873.884,53.497406,-2.645577,-9.680044,0.44661501,-0.058506,-0.085678
101.0138,21873.904,53.429211,-2.701973,-9.684172,0.44604099,-0.058921,-0.08594
101.0344,21873.924,53.211315,-3.089202,-9.675147,0.444058,-0.061769,-0.087403
101.0611,21873.944,52.931942,-3.904354,-9.493234,0.44135699,-0.067248,-0.089164
101.0722,21873.964,52.932648,-4.609265,-9.071701,0.44106999,-0.071102,-0.088603
101.0942,21873.984,53.273514,-4.473462,-8.729566,0.44403699,-0.06888,-0.085424
101.1089,21874.004,53.612125,-4.050047,-8.519715,0.44710299,-0.064929,-0.082148
101.1283,21874.024,53.82967,-4.136313,-8.344905,0.44883099,-0.065008,-0.081128
101.1532,21874.0439,53.875332,-4.531809,-8.253144,0.448957,-0.06773,-0.081967
101.1785,21874.0639,53.777531,-4.968754,-8.037838,0.448015,-0.070233,-0.082006
101.1889,21874.0839,53.692051,-5.154178,-7.865595,0.44732401,-0.070965,-0.08139
101.2144,21874.1039,53.720039,-5.096113,-7.819965,0.447611,-0.070347,-0.080812
101.2285,21874.1239,53.868557,-4.949189,-7.891398,0.448825,-0.069542,-0.080801
101.2452,21874.1439,54.020252,-4.834929,-7.921408,0.45006499,-0.068831,-0.080594
101.2665,21874.1639,54.23457,-4.917058,-7.831363,0.45172399,-0.06919,-0.080233
101.2846,21874.1839,54.499245,-5.15771,-7.67246,0.453704,-0.070514,-0.079975
101.3132,21874.2039,54.646381,-5.410901,-7.488449,0.454781,-0.071787,-0.079572
101.3284,21874.2239,54.785637,-5.521835,-7.373452,0.455854,-0.072229,-0.079141
101.353,21874.2439,54.991028,-5.529773,-7.305692,0.457479,-0.072082,-0.078674
101.3709,21874.2639,55.161186,-5.595159,-7.264436,0.45877501,-0.072471,-0.078638
101.3888,21874.2839,55.462875,-5.290332,-7.461046,0.46118999,-0.071007,-0.078959
101.4083,21874.3039,55.635818,-5.115242,-7.538247,0.462596,-0.070028,-0.078861
101.4265,21874.3239,55.859825,-4.945486,-7.667758,0.46436,-0.069323,-0.079184
101.4486,21874.3439,56.005798,-4.621245,-7.713655,0.46567801,-0.067072,-0.078227
101.4696,21874.3639,56.087742,-4.23074,-7.604741,0.46663299,-0.063663,-0.075805
101.486,21874.3839,56.760071,-4.229751,-7.568569,0.471816,-0.063747,-0.075531
101.5085,21874.4039,57.271477,-4.557318,-7.523646,0.47554001,-0.066239,-0.076552
101.5254,21874.4239,57.225395,-5.025445,-7.249694,0.475036,-0.068658,-0.076402
101.5451,21874.4438,57.067062,-5.72213,-6.628893,0.47374499,-0.071361,-0.074533
101.5674,21874.4638,57.31955,-7.101967,-5.813962,0.475315,-0.078555,-0.074083
101.5886,21874.4838,57.472633,-8.82961,-4.954198,0.475988,-0.088151,-0.074759
101.6087,21874.5038,57.219364,-9.826958,-4.556418,0.47371501,-0.094099,-0.075751
101.6296,21874.5238,56.49852,-9.657638,-4.808121,0.46810299,-0.093871,-0.076627
101.6457,21874.5438,55.551796,-9.113901,-5.467254,0.46066099,-0.092371,-0.079047
101.6684,21874.5638,54.924999,-8.830459,-6.20466,0.45542899,-0.093093,-0.083329
101.6932,21874.5838,54.76107,-8.544296,-6.741587,0.45393801,-0.093,-0.086266
101.7064,21874.6038,54.710342,-8.315675,-6.970226,0.45353401,-0.092137,-0.087104
101.7266,21874.6238,54.490864,-8.306305,-6.980068,0.45183501,-0.092064,-0.087073
101.7481,21874.6438,54.253181,-8.337881,-6.902423,0.450032,-0.091959,-0.086522
101.7689,21874.6638,54.178402,-8.329926,-6.680767,0.44963601,-0.091015,-0.084756
101.7887,21874.6838,54.142406,-8.516763,-6.225272,0.44958201,-0.090665,-0.08196
101.8084,21874.7038,54.011723,-9.040019,-5.568518,0.44872499,-0.09212,-0.078887
101.826,21874.7238,53.877041,-9.663549,-4.88702,0.447813,-0.094269,-0.075998
101.8464,21874.7438,53.834263,-10.085215,-4.345156,0.44765401,-0.095413,-0.073434
101.8668,21874.7638,53.878792,-10.285009,-4.103911,0.44807401,-0.096012,-0.072374
101.885,21874.7838,53.891502,-10.223078,-4.205345,0.448127,-0.095929,-0.072923
101.922,21874.8038,53.859512,-9.998826,-4.443458,0.447824,-0.095128,-0.07387
101.9344,21874.8238,53.804066,-9.771846,-4.694204,0.44733399,-0.094354,-0.074894
101.9447,21874.8438,53.671638,-9.424682,-5.049381,0.446244,-0.093053,-0.076224
101.9657,21874.8637,53.388988,-8.99867,-5.410816,0.444042,-0.091147,-0.077242
101.9875,21874.8837,52.983448,-8.539386,-5.739979,0.44093701,-0.088823,-0.077857
102.0053,21874.9037,52.505024,-8.019834,-5.963238,0.43738601,-0.085583,-0.077426
102.024,21874.9237,51.961876,-7.627907,-6.01217,0.43336499,-0.082635,-0.076137
102.0466,21874.9437,51.435635,-7.425407,-5.875803,0.42947,-0.080457,-0.074142
102.0692,21874.9637,50.998848,-7.383229,-5.561193,0.42628399,-0.078887,-0.071381
102.093,21874.9837,50.657642,-7.452523,-5.096037,0.423875,-0.077663,-0.067874
102.1062,21875.0037,50.422626,-7.501564,-4.552349,0.42236,-0.07602,-0.063699
102.1292,21875.0237,50.263145,-7.602364,-3.9368,0.421453,-0.074539,-0.059167
102.1469,21875.0437,50.205914,-7.692389,-3.347682,0.421336,-0.073081,-0.054837
102.1688,21875.0637,50.250065,-7.667142,-2.782291,0.42205101,-0.0708,-0.050311
102.1867,21875.0837,50.396721,-7.368939,-2.186358,0.42368701,-0.066242,-0.044582
102.2072,21875.1037,50.46497,-6.78519,-1.659246,0.42472601,-0.059687,-0.038299
102.2326,21875.1237,50.194405,-6.078919,-1.247796,0.423011,-0.052627,-0.032336
102.2492,21875.1437,49.51804,-5.387457,-0.962418,0.41796699,-0.046189,-0.0273
102.27,21875.1637,48.728165,-4.986898,-0.713168,0.41188899,-0.042195,-0.023611
102.2925,21875.1837,48.239597,-4.593864,-0.420968,0.40818101,-0.038079,-0.019728
102.306,21875.2037,48.121029,-3.823893,-0.187924,0.407424,-0.031133,-0.015099
102.3289,21875.2237,48.034325,-3.305449,0.112804,0.406867,-0.025944,-0.01084
102.3531,21875.2437,47.814705,-3.332382,0.577762,0.40521699,-0.024539,-0.007176
102.3747,21875.2637,47.600151,-3.62719,1.119718,0.40360799,-0.025014,-0.003835
102.3882,21875.2837,47.369286,-3.888812,1.657161,0.40187901,-0.025263,-0.000393
102.4075,21875.3038,47.035095,-3.849333,2.154394,0.39931399,-0.023293,0.003829
102.4248,21875.3238,46.694733,-3.366958,2.58826,0.396642,-0.018019,0.009087
102.4529,21875.3438,46.51067,-2.740616,3.030501,0.39515999,-0.011526,0.014849
102.473,21875.3639,46.456951,-2.372055,3.528776,0.39471301,-0.006871,0.020128
102.4881,21875.3839,46.367207,-2.330125,4.166387,0.39401701,-0.004371,0.025409
102.5087,21875.4039,46.28566,-2.335766,4.882028,0.39338499,-0.001989,0.031152
102.529,21875.4239,46.326683,-2.255149,5.621864,0.39369199,0.001216,0.037347
102.5484,21875.444,46.393303,-2.201751,6.280976,0.39419201,0.003942,0.04279
102.5714,21875.464,46.420803,-2.219721,6.805134,0.39439699,0.005616,0.046917
102.5904,21875.484,46.434013,-2.467779,7.256813,0.394586,0.005192,0.049675
102.613,21875.5041,46.508884,-2.762207,7.640973,0.39529899,0.004204,0.051705
102.6292,21875.5242,46.561054,-2.877688,7.937416,0.395758,0.004336,0.053656
102.6598,21875.5442,46.496376,-2.88972,8.139131,0.395239,0.004894,0.055257
102.6725,21875.5643,46.276985,-2.878305,8.204199,0.39347699,0.005065,0.055915
102.701,21875.5843,45.986404,-2.866242,8.153215,0.39114901,0.004796,0.055677
102.712,21875.6044,45.717918,-2.688462,8.006655,0.388919,0.005549,0.055223
102.7264,21875.6245,45.36879,-2.299455,7.782462,0.38594499,0.007696,0.05488
102.7486,21875.6445,44.735298,-1.778403,7.516392,0.38062501,0.01062,0.054714
102.7713,21875.6646,43.778923,-1.229118,7.192281,0.372686,0.01345,0.054207
102.7912,21875.6846,42.37619,-0.873982,6.886679,0.361195,0.014609,0.053248
102.8186,21875.7047,40.690342,-0.407316,6.567583,0.34729299,0.016588,0.052474
102.8305,21875.7248,39.234825,0.615773,6.2009,0.334968,0.023213,0.052748
102.8488,21875.7448,38.300484,1.87149,5.936656,0.32676399,0.032392,0.054262
102.8712,21875.7649,37.720604,2.712497,5.833655,0.32161301,0.038814,0.055782
102.8915,21875.785,37.201412,2.831881,6.019859,0.317204,0.040131,0.057622
102.9076,21875.8051,36.897655,2.52602,6.490163,0.31468999,0.038785,0.060649
102.9342,21875.8251,36.995338,2.173815,7.0626,0.31549901,0.037493,0.064408
102.9506,21875.8452,37.286518,1.712791,7.722978,0.31795999,0.035656,0.068571
102.9687,21875.8653,37.577938,1.16849,8.411006,0.320492,0.033246,0.072698
102.9911,21875.8854,37.893467,0.758668,9.089748,0.323165,0.03197,0.077088
103.0116,21875.9055,38.376266,0.408739,9.757476,0.32719201,0.031309,0.08149
103.0302,21875.9256,39.000053,-0.066386,10.41239,0.33248001,0.029746,0.085343
103.0519,21875.9457,39.691162,-0.658584,11.047109,0.33842501,0.027296,0.088595
103.0888,21875.9658,40.388672,-1.208164,11.568721,0.34442601,0.024945,0.090963
103.0963,21875.9859,40.98904,-1.52528,11.873219,0.34949899,0.023808,0.092238
103.1137,21876.006,41.449921,-1.713961,12.033538,0.35336,0.023178,0.092762
103.1329,21876.0261,41.7257,-1.933945,12.09711,0.35576099,0.021839,0.092472
103.151,21876.0462,41.895168,-2.220893,12.223929,0.357342,0.020062,0.092527
103.1832,21876.0663,42.265205,-2.750289,12.558845,0.36071,0.017172,0.093392
103.2009,21876.0864,42.903637,-3.554403,13.106432,0.366449,0.013042,0.094901
103.2227,21876.1064,43.714355,-4.429456,13.736204,0.37363601,0.008878,0.096621
103.2328,21876.1265,44.509365,-4.955077,14.36106,0.380404,0.007601,0.099334
103.2542,21876.1465,45.067577,-5.061858,14.92848,0.384909,0.009294,0.103093
103.2784,21876.1666,45.354118,-4.858871,15.326561,0.38696599,0.012603,0.106735
103.2924,21876.1867,45.46661,-4.478108,15.572256,0.38746899,0.016612,0.109897
103.3139,21876.2067,45.476742,-4.094464,15.732038,0.38715199,0.020228,0.112462
103.3434,21876.2268,45.321503,-4.086871,15.87573,0.38588399,0.020583,0.113751
103.3514,21876.2468,44.97337,-4.74009,15.998594,0.38374099,0.015342,0.112808
103.3714,21876.2669,44.620079,-5.569839,16.08017,0.38172999,0.008525,0.11098
103.3896,21876.287,44.498894,-5.698289,16.083763,0.380889,0.007352,0.110685
103.4098,21876.307,44.613548,-4.950745,16.11451,0.381069,0.013588,0.113321
103.4359,21876.3271,44.591656,-4.112191,16.249546,0.38003099,0.020722,0.117204
103.4518,21876.3472,44.203499,-3.70058,16.522038,0.37645301,0.024428,0.121033
103.4718,21876.3672,43.626133,-3.533958,16.903975,0.37157699,0.026273,0.12505899
103.4937,21876.3873,43.128056,-3.470718,17.352074,0.36741701,0.027576,0.12922201
103.5167,21876.4073,42.778198,-3.539877,17.801802,0.364586,0.027989,0.132872
103.5325,21876.4273,42.55669,-3.683769,18.29616,0.36285999,0.028097,0.136556
103.5585,21876.4474,42.500263,-3.711982,18.789259,0.36231899,0.029351,0.14047401
103.5733,21876.4674,42.602039,-3.60743,19.260899,0.36287701,0.03183,0.14451399
103.5905,21876.4874,42.7379,-3.525745,19.717745,0.363727,0.034134,0.148332
103.617,21876.5073,42.902782,-3.537664,20.172453,0.36491999,0.035732,0.151807
103.6289,21876.5273,43.174206,-3.513687,20.605852,0.36691201,0.037724,0.155132
103.6513,21876.5473,43.484241,-3.512887,21.033422,0.36923301,0.039588,0.15829501
103.6815,21876.5673,43.698639,-3.535275,21.400101,0.37083799,0.040934,0.16096801
103.7006,21876.5873,43.945526,-3.490328,21.757246,0.37260199,0.042849,0.16374899
103.7133,21876.6073,44.294773,-3.489206,22.013165,0.37526801,0.044263,0.16548701
103.7343,21876.6273,44.677082,-3.549745,22.090515,0.37834799,0.044665,0.16556799
103.7485,21876.6473,44.967609,-3.607668,22.02858,0.38074899,0.044478,0.164628
103.7711,21876.6673,45.120083,-3.631084,21.978785,0.38200501,0.044377,0.16402
103.7933,21876.6873,45.242264,-3.628401,22.009813,0.382952,0.044702,0.164166
103.8124,21876.7073,45.333076,-3.716967,22.105425,0.38375801,0.04447,0.164546
103.8287,21876.7273,45.400257,-3.806596,22.19248,0.38438201,0.044163,0.164874
103.8521,21876.7473,45.421265,-3.729335,22.223913,0.384424,0.044915,0.165363
103.8738,21876.7673,45.234848,-3.565441,22.160133,0.38274401,0.045691,0.165574
103.8883,21876.7873,44.624016,-3.582863,22.042725,0.37799501,0.044157,0.165126
103.9115,21876.8073,43.511471,-4.178906,22.03838,0.37004799,0.03756,0.164141
103.9511,21876.8273,42.427105,-4.681129,22.11631,0.362133,0.031981,0.164156
103.9557,21876.8473,41.822281,-4.495537,22.140324,0.35704401,0.032524,0.165488
103.9719,21876.8673,41.662399,-3.893122,22.017456,0.35493299,0.036706,0.16651601
103.9882,21876.8873,41.610863,-3.550776,21.975697,0.35403699,0.039238,0.167284
104.0095,21876.9072,41.591385,-3.657929,22.149797,0.35397899,0.038884,0.168366
104.0303,21876.9272,41.66935,-4.017342,22.485964,0.35501999,0.037173,0.169882
104.0479,21876.9472,41.785622,-4.417732,22.900723,0.35641199,0.035452,0.171857
104.0683,21876.9672,41.832939,-4.778156,23.294924,0.35721299,0.033877,0.17384601
104.0898,21876.9872,41.874916,-5.041246,23.563858,0.357869,0.032686,0.175136
104.1079,21877.0072,42.00964,-5.055357,23.645203,0.358937,0.03307,0.17560899
104.1337,21877.0272,42.209156,-4.930872,23.613359,0.36033899,0.034324,0.175548
104.1559,21877.0472,42.390541,-4.820796,23.525389,0.36163601,0.035251,0.175014
104.1784,21877.0672,42.518635,-4.691947,23.409206,0.362492,0.036141,0.17436901
104.1895,21877.0872,42.693974,-4.50486,23.287645,0.363637,0.037559,0.173823
104.2247,21877.1072,42.865398,-4.226229,23.208483,0.3646,0.039831,0.173915
104.2337,21877.1272,42.990879,-4.025981,23.157146,0.365309,0.041483,0.174027
104.2488,21877.1472,43.105412,-3.940004,23.238443,0.366056,0.042627,0.174844
104.2747,21877.1672,43.243458,-3.951241,23.440367,0.367091,0.043425,0.17628901
104.3001,21877.1872,43.403896,-4.082728,23.76803,0.36843899,0.043714,0.178324
104.3114,21877.2072,43.645447,-4.243363,24.155655,0.37044999,0.044121,0.180655
104.352,21877.2272,43.9799,-4.216603,24.519173,0.37290099,0.046122,0.18329901
104.3548,21877.2472,44.26302,-3.982451,24.767633,0.37464899,0.049308,0.185753
104.371,21877.2672,44.434765,-3.701581,24.97506,0.375449,0.052526,0.188146
104.3938,21877.2872,44.61158,-3.461919,25.148701,0.37636101,0.055317,0.190134
104.4101,21877.3072,44.82761,-3.135036,25.301895,0.37743601,0.058802,0.192213
104.4292,21877.3271,44.983932,-2.706493,25.477774,0.37784499,0.06305,0.194866
104.451,21877.3471,44.991817,-2.340254,25.687082,0.377161,0.066639,0.197714
104.471,21877.3671,44.87059,-2.196657,25.914787,0.37582701,0.068292,0.20008799
104.4913,21877.3871,44.616219,-2.370553,26.151443,0.37399599,0.067218,0.20161299
104.5137,21877.4071,44.197239,-2.777658,26.43618,0.371263,0.064135,0.202922
104.5334,21877.4271,43.724487,-2.874351,26.730433,0.367558,0.063404,0.20537899
104.5505,21877.4471,43.378277,-2.257665,27.002211,0.36356199,0.068465,0.209814
104.5732,21877.4671,43.247074,-1.331357,27.408035,0.360551,0.076803,0.21606
104.5915,21877.4871,43.247025,-0.742145,27.9795,0.35902399,0.083242,0.222415
104.6117,21877.5071,43.239189,-0.622683,28.609966,0.358262,0.08614,0.22775801
104.6322,21877.5271,43.229832,-0.685318,29.2579,0.35782301,0.087653,0.23266301
104.6678,21877.5471,43.234158,-0.843354,29.926292,0.357667,0.088508,0.23741201
104.6815,21877.5671,43.058762,-1.312599,30.625385,0.35674101,0.086631,0.24159101
104.6948,21877.5871,42.791222,-1.810549,31.283878,0.35521799,0.084183,0.245462
104.7116,21877.6071,42.638351,-1.871987,31.704433,0.353847,0.084658,0.24871799
104.7313,21877.6271,42.585083,-1.477663,31.864998,0.35245001,0.08812,0.251243
104.7501,21877.6471,42.55928,-0.851066,31.907368,0.350835,0.093096,0.25352201
104.7796,21877.6671,42.56847,-0.219331,31.89419,0.34951499,0.098018,0.25534099
104.7922,21877.6871,42.630497,0.229417,31.815786,0.349067,0.101426,0.256042
104.81,21877.7071,42.818359,0.385467,31.799755,0.35020101,0.103013,0.25623301
104.8279,21877.727,43.062263,0.310455,31.960917,0.35212901,0.103463,0.25705299
104.8528,21877.747,43.26046,0.255046,32.433933,0.35337001,0.104932,0.26039699
104.8755,21877.767,43.414871,0.204774,33.071186,0.35409799,0.10686,0.26506099
104.8924,21877.787,43.653099,0.116269,33.783897,0.355483,0.108934,0.27009901
104.9087,21877.807,44.06329,0.022685,34.40794,0.35828099,0.111126,0.27424699
104.9302,21877.827,44.481277,-0.122967,34.924782,0.361352,0.112632,0.277367
104.9572,21877.847,44.683327,-0.136112,35.417015,0.36245099,0.114579,0.280911
104.9688,21877.867,44.777161,0.23237,35.886318,0.361783,0.119125,0.285586
104.9919,21877.887,44.959072,0.690269,36.335011,0.36155099,0.124503,0.290288
105.0144,21877.907,45.17543,1.034607,36.821411,0.36179101,0.12921301,0.29487899
105.0381,21877.927,45.339916,1.324571,37.402771,0.36162901,0.13367499,0.300064
105.0586,21877.947,45.385502,1.561575,38.024372,0.36061499,0.13755301,0.305493
105.0771,21877.967,45.319019,1.662181,38.802025,0.35889399,0.14058501,0.31177601
105.0915,21877.987,45.269867,1.779712,39.585442,0.357225,0.143792,0.31812301
105.1146,21878.007,45.311707,2.140489,40.1731,0.35578299,0.14845701,0.32363999
105.1319,21878.0271,45.265087,2.669151,40.656189,0.35328701,0.153807,0.32896101
105.1513,21878.0471,44.861092,3.196273,41.159527,0.34801301,0.158206,0.33475301
105.1797,21878.0671,44.094856,3.484673,41.80204,0.34045801,0.160182,0.341176
105.2045,21878.0872,43.381725,3.604035,42.598427,0.33357,0.16141,0.34818
105.222,21878.1072,43.045197,3.548684,43.568237,0.329817,0.16283099,0.35561699
105.2397,21878.1272,43.0457,3.255446,44.726074,0.32909,0.163967,0.36343899
105.2503,21878.1472,43.09306,2.818892,46.0177,0.32899499,0.164566,0.371764
105.2713,21878.1673,43.009319,2.54024,47.389175,0.32730499,0.166162,0.38123599
105.303,21878.1873,42.84164,2.787618,48.692204,0.323304,0.17114501,0.39175099
105.309,21878.2073,42.709778,2.992372,49.896774,0.31979501,0.175593,0.40132901
105.3377,21878.2274,42.486454,3.164919,50.968822,0.31587499,0.17907301,0.40990901
105.3515,21878.2474,41.975388,3.658432,51.904057,0.308844,0.183459,0.41865799
105.3721,21878.2674,41.342896,4.476636,52.783108,0.29973301,0.189527,0.427919
105.3925,21878.2874,40.944576,5.156936,53.644585,0.29279101,0.19527,0.43634
105.4113,21878.3075,40.730236,5.575025,54.611687,0.28794301,0.199966,0.44459599
105.4294,21878.3275,40.880745,5.987893,55.278351,0.28625399,0.205146,0.450259
105.4506,21878.3475,41.234123,5.921094,55.947315,0.28788999,0.20764001,0.45449999
105.4721,21878.3676,41.347729,5.583784,57.055824,0.28805,0.20845,0.461411
105.4912,21878.3876,41.221394,5.184127,58.503555,0.286129,0.20876899,0.47079399
105.509,21878.4076,40.958584,4.742609,60.15266,0.28307801,0.20873,0.48160499
105.5345,21878.4276,40.460468,3.926389,62.152298,0.27939999,0.205917,0.494196
105.5509,21878.4477,40.185406,3.022511,64.008537,0.278097,0.20301101,0.50523698
105.5688,21878.4677,40.306389,2.116035,65.530579,0.28028399,0.201005,0.513327
105.5938,21878.4877,40.32262,1.348292,67.05162,0.281205,0.19955701,0.521815
105.609,21878.5078,40.127701,1.175477,68.498962,0.27814001,0.201032,0.53152299
105.6286,21878.5278,39.837414,1.595917,69.789604,0.27191499,0.20561799,0.54168802
105.6592,21878.5478,39.606335,2.026608,70.979271,0.26614699,0.21020401,0.55101597
105.6719,21878.5678,39.534962,2.205466,72.130745,0.26267299,0.213707,0.55917603
105.6904,21878.5878,39.597866,2.012195,73.380173,0.2617,0.215598,0.56685001
105.715,21878.6078,39.680698,1.674163,74.734657,0.26137301,0.21689001,0.57477701
105.7287,21878.6278,39.770916,1.557674,76.074806,0.25999701,0.21963499,0.58302402
105.7521,21878.6478,39.829967,1.818383,77.373032,0.25652599,0.22453,0.59182501
105.7748,21878.6678,39.849266,2.22556,78.631996,0.25203401,0.230005,0.60067898
105.7931,21878.6878,39.841358,2.273489,79.902901,0.249163,0.233044,0.60877901
105.8122,21878.7078,39.865204,1.927055,81.226555,0.248468,0.233888,0.61622
105.8317,21878.7278,40.016258,1.679448,82.515167,0.248106,0.23596001,0.62334698
105.8506,21878.7478,40.149963,1.734978,83.806084,0.245946,0.239805,0.631091
105.8722,21878.7678,40.176888,1.978535,85.157036,0.241906,0.244298,0.63971001
105.8906,21878.7878,40.15942,2.122085,86.486984,0.23813801,0.247843,0.64797801
105.9225,21878.8078,40.176105,1.911354,87.76516,0.236663,0.249341,0.65505201
105.9287,21878.8278,40.289227,1.320081,89.052589,0.23792601,0.249194,0.66112399
105.9509,21878.8478,40.479523,0.820614,90.31842,0.239172,0.250034,0.66701603
105.9747,21878.8678,40.623436,0.810131,91.534859,0.23739,0.25334099,0.67365497
105.9892,21878.8878,40.60001,0.923476,92.745667,0.23389401,0.25633499,0.68079299
106.012,21878.9078,40.472916,0.931363,93.883629,0.23057701,0.25793099,0.68745601
106.029,21878.9278,40.37669,0.886607,94.941719,0.22792201,0.25922301,0.693443
106.0504,21878.9478,40.324821,0.716616,95.993591,0.226285,0.26006001,0.69899797
106.0769,21878.9677,40.189648,0.421618,97.042412,0.22497401,0.25969401,0.70442599
106.1073,21878.9877,39.954437,0.411766,97.99472,0.22160199,0.260048,0.71007001
106.1184,21879.0077,39.604664,0.858226,98.835617,0.215029,0.26186901,0.71619397
106.1348,21879.0277,39.010914,1.244898,99.737053,0.207369,0.26187199,0.72298402
106.1484,21879.0477,38.224392,1.16957,100.804977,0.201252,0.25842401,0.73016
106.1706,21879.0678,37.286304,1.018503,101.873878,0.194903,0.25350901,0.737472
106.2162,21879.0878,36.169228,0.939135,102.854355,0.187453,0.24754199,0.74475503
106.2247,21879.1078,35.144844,0.967592,103.750237,0.18005399,0.242465,0.75150502
106.2416,21879.1278,34.569046,1.052772,104.565956,0.17481799,0.240389,0.75695699
106.2589,21879.1479,34.470821,1.022982,105.295204,0.172984,0.240697,0.76079798
106.2744,21879.1679,34.547272,0.776092,105.978683,0.173576,0.240998,0.76370102
106.2934,21879.1879,34.518875,0.525378,106.616852,0.173767,0.24052601,0.76656097
106.3318,21879.208,34.479298,0.38216,107.283508,0.173131,0.24056099,0.76972699
106.3387,21879.228,34.482727,0.526097,107.929489,0.170818,0.24226101,0.77310997
106.3544,21879.248,34.432907,0.75116,108.477585,0.16789,0.24383201,0.776218
106.3756,21879.268,34.353909,0.788953,108.915154,0.166317,0.244119,0.77855599
106.3908,21879.2881,34.374432,0.31244,109.327934,0.16878,0.24256299,0.77980798
106.4108,21879.3081,34.538124,-0.18198,109.743683,0.17205501,0.241919,0.78072602
106.4341,21879.3281,34.696304,-0.31949,110.139984,0.17291,0.242937,0.78207803
106.455,21879.3481,34.750675,-0.348438,110.461761,0.172683,0.24365599,0.78345102
106.4706,21879.3682,34.836311,-0.554352,110.713264,0.173962,0.243645,0.78414899
106.4936,21879.3882,35.075184,-0.958518,110.924797,0.177403,0.24369299,0.78400898
106.5108,21879.4082,35.282898,-1.268887,111.095612,0.18013699,0.243918,0.78387201
106.5339,21879.4283,35.241268,-1.267696,111.204216,0.179703,0.243808,0.78447998
106.556,21879.4483,34.985313,-0.997551,111.268219,0.17651901,0.243421,0.78577
106.5713,21879.4683,34.69981,-0.811691,111.421761,0.173582,0.24256501,0.787404
106.6084,21879.4884,34.549976,-1.054067,111.735481,0.173888,0.240867,0.78883898
106.6225,21879.5084,34.532833,-1.585169,112.077835,0.17675,0.23878101,0.78966999
106.6344,21879.5285,34.53315,-2.056534,112.325729,0.17948601,0.23696201,0.790097
106.6581,21879.5486,34.489616,-2.245185,112.489578,0.18024901,0.236035,0.79066402
106.6761,21879.5686,34.421932,-2.173182,112.628693,0.17915501,0.236118,0.79157799
106.6933,21879.5887,34.496056,-2.175608,112.910934,0.178928,0.237064,0.79272199
106.7125,21879.6088,34.758812,-2.363962,113.259285,0.180704,0.238571,0.79344797
106.7402,21879.6288,35.067242,-2.612177,113.57312,0.183162,0.240079,0.79379702
106.7538,21879.6489,35.23484,-3.018714,113.874268,0.186101,0.239867,0.79413903
106.7787,21879.6689,35.22588,-3.242429,114.150894,0.187034,0.239228,0.79506499
106.796,21879.6889,35.113655,-3.217316,114.405495,0.185829,0.238969,0.79653299
106.8111,21879.709,34.987392,-3.228776,114.623734,0.184894,0.238381,0.79780501
106.8328,21879.729,34.759056,-3.579973,114.995392,0.185564,0.235774,0.79946101
106.8554,21879.749,34.518463,-4.175696,115.443657,0.18775401,0.2321,0.80108702
106.8803,21879.769,34.643898,-4.555326,115.796829,0.19024,0.231857,0.80176097
106.8944,21879.7891,34.858753,-4.71933,116.255577,0.191385,0.233412,0.803038
106.9132,21879.8091,35.029396,-4.976372,116.756599,0.19289599,0.23432,0.80443501
106.933,21879.8291,35.136185,-5.230116,117.270088,0.19408099,0.234823,0.80602801
106.9536,21879.8492,35.299847,-5.40916,117.782387,0.194977,0.236076,0.80758297
106.9757,21879.8692,35.402233,-5.564648,118.252182,0.195531,0.23693,0.80912501
107.0043,21879.8892,35.394333,-5.494329,118.609062,0.194262,0.23778699,0.81081998
107.0168,21879.9092,35.444122,-5.371683,118.867516,0.19306099,0.239115,0.81202501
107.0447,21879.9293,35.516453,-5.409254,119.074005,0.193193,0.239822,0.812675
107.0638,21879.9493,35.534065,-5.563171,119.334045,0.193813,0.23972499,0.813492
107.0759,21879.9693,35.519672,-5.625389,119.702194,0.193426,0.239976,0.81500298
107.0947,21879.9894,35.576851,-5.541749,120.146118,0.192129,0.241494,0.81689501
107.1188,21880.0094,35.742577,-5.410533,120.657494,0.19077399,0.24410801,0.81886297
107.1358,21880.0294,36.043789,-5.440243,121.300049,0.190806,0.247246,0.82074702
107.16,21880.0494,36.485058,-5.693475,122.086334,0.192643,0.25073099,0.82245499
107.1857,21880.0695,37.04924,-6.132972,122.929428,0.196115,0.25448799,0.82369202
107.1938,21880.0895,37.696659,-6.673521,123.750183,0.20061199,0.25846899,0.82435101
107.2137,21880.1095,38.431053,-7.158738,124.496902,0.205125,0.26324701,0.82447201
107.237,21880.1295,39.158337,-7.448236,125.152611,0.208334,0.26863801,0.82451099
107.2507,21880.1495,39.624184,-7.511541,125.761292,0.209022,0.27293399,0.82545602
107.2841,21880.1695,39.7444,-7.207882,126.319839,0.20592,0.27601299,0.82783097
107.3089,21880.1894,39.542862,-6.577677,126.795319,0.199498,0.277785,0.83135003
107.3235,21880.2094,39.022888,-5.914619,127.163582,0.191954,0.277082,0.83535099
107.3367,21880.2294,38.243816,-5.801779,127.576927,0.187401,0.27239799,0.83925802
107.3547,21880.2494,37.309235,-6.265868,128.060181,0.18641099,0.26446,0.84286398
107.3766,21880.2694,36.485558,-6.559172,128.527267,0.184654,0.257936,0.84634799
107.3968,21880.2894,35.956806,-6.325878,128.98233,0.180087,0.25554499,0.84980899
107.4188,21880.3094,35.628517,-5.820693,129.547104,0.173948,0.255797,0.85352498
107.4359,21880.3294,35.120579,-5.097198,130.291656,0.165154,0.255676,0.85860097
107.4529,21880.3494,34.515575,-4.384816,131.307251,0.155498,0.25503001,0.86473697
107.4727,21880.3694,34.207973,-3.90026,132.374146,0.148433,0.25578201,0.86985803
107.4942,21880.3894,34.209785,-4.019157,133.402771,0.147043,0.25671601,0.87321103
107.5119,21880.4094,34.427414,-4.722218,134.45517,0.150736,0.25740501,0.87528098
107.5329,21880.4294,34.776699,-5.434147,135.334595,0.155274,0.25893101,0.87634599
107.5535,21880.4494,35.123928,-5.759742,135.947556,0.15742201,0.261397,0.87700301
107.5763,21880.4694,35.284775,-5.604622,136.267166,0.155982,0.26358199,0.877828
107.5912,21880.4894,35.266472,-5.110331,136.369797,0.15190201,0.26516199,0.878869
107.6114,21880.5094,35.247257,-4.478205,136.332489,0.147081,0.26698199,0.87962401
107.6346,21880.5294,35.367527,-4.005971,136.25177,0.144006,0.269315,0.87965798
107.6507,21880.5494,35.603836,-3.788163,136.200684,0.143167,0.27177301,0.879161
107.6708,21880.5694,35.845764,-3.671267,136.237442,0.142912,0.27406201,0.87879801
107.6947,21880.5893,35.928795,-3.574891,136.328751,0.142204,0.275123,0.87899202
107.7136,21880.6093,35.811676,-3.417429,136.493561,0.140248,0.27491701,0.88001001
107.7358,21880.6293,35.60791,-3.272433,136.657898,0.138129,0.27399501,0.88122702
107.7567,21880.6493,35.4506,-3.251645,136.838654,0.13706701,0.273058,0.88222098
107.777,21880.6693,35.44062,-3.391743,137.080185,0.137541,0.27283299,0.88283199
107.7939,21880.6893,35.581024,-3.73901,137.389557,0.13989399,0.27321899,0.883012
107.8166,21880.7093,35.762131,-4.218892,137.735504,0.143295,0.27357101,0.88301802
107.8328,21880.7293,35.837257,-4.845757,138.0439,0.147607,0.272616,0.882976
107.8505,21880.7493,35.810158,-5.567629,138.264832,0.152568,0.27047399,0.88278103
107.881,21880.7693,35.786003,-6.093039,138.310837,0.15643799,0.268729,0.88227898
107.9005,21880.7893,35.752026,-6.407634,138.161728,0.15911201,0.267286,0.88147497
107.9139,21880.8093,35.665794,-6.524941,137.818069,0.160569,0.265769,0.88047099
107.9596,21880.8293,35.433811,-6.612566,137.346786,0.16166601,0.263024,0.87948102
107.9649,21880.8493,34.990627,-6.780217,136.84697,0.162807,0.258333,0.87882
107.9722,21880.8693,34.42358,-6.980979,136.315582,0.16386899,0.252516,0.87829602
107.9928,21880.8893,33.880917,-7.025941,135.754364,0.16382501,0.247345,0.877792
108.0098,21880.9093,33.514187,-6.868254,135.28743,0.162514,0.244349,0.87740397
108.0317,21880.9293,33.444286,-6.546993,134.994232,0.160467,0.244459,0.87705898
108.0538,21880.9493,33.573353,-6.147611,134.822037,0.158176,0.24654999,0.876719
108.0734,21880.9693,33.751232,-5.798367,134.718155,0.156278,0.24894901,0.87640798
108.0935,21880.9893,34.018955,-5.64721,134.691803,0.15600801,0.25148901,0.87585598
108.117,21881.0092,34.424664,-5.677787,134.710617,0.157454,0.25455201,0.874852
108.1343,21881.0292,34.814106,-5.956482,134.735748,0.160724,0.25667101,0.87355298
108.1553,21881.0492,35.071484,-6.404795,134.742767,0.164913,0.257177,0.87227398
108.1764,21881.0692,35.255554,-6.750071,134.626678,0.168363,0.25727701,0.87090302
108.1973,21881.0892,35.416016,-6.828163,134.345032,0.170081,0.257837,0.86942101
108.2114,21881.1092,35.518841,-6.788916,134.070831,0.170718,0.25835401,0.86828297
108.2433,21881.1292,35.63195,-6.81017,133.858276,0.171709,0.25883499,0.86723202
108.255,21881.1492,35.85083,-6.998204,133.751968,0.174051,0.259718,0.86600602
108.2708,21881.1692,36.151737,-7.299129,133.68956,0.177398,0.26090801,0.86452597
108.2966,21881.1892,36.4491,-7.530217,133.637939,0.180178,0.262321,0.86318398
108.3136,21881.2092,36.721424,-7.66015,133.545898,0.182209,0.26381901,0.86192101
108.3369,21881.2292,36.927662,-7.748292,133.43457,0.18376601,0.26491901,0.86083198
108.3568,21881.2492,37.037979,-7.908773,133.31572,0.185587,0.26502001,0.85986
108.3742,21881.2692,37.059811,-8.169791,133.174545,0.187938,0.264056,0.858886
108.3921,21881.2892,37.099041,-8.373624,133.016174,0.189951,0.26338801,0.85789198
108.4123,21881.3092,37.260403,-8.361647,132.879288,0.190678,0.26443601,0.85698599
108.4344,21881.3292,37.538822,-8.15931,132.791046,0.190237,0.26712,0.85623699
108.45,21881.3492,37.87336,-7.992263,132.71257,0.190217,0.270123,0.85530102
108.476,21881.3692,38.163395,-8.031948,132.635361,0.19160099,0.272066,0.85414499
108.4905,21881.3892,38.435703,-8.154617,132.549454,0.193569,0.27356601,0.85286301
108.5126,21881.4091,38.833698,-8.142895,132.359406,0.195181,0.27630901,0.85107601
108.534,21881.4291,39.392906,-7.860753,132.062988,0.195563,0.28103399,0.84889698
108.5571,21881.4491,39.940216,-7.536391,131.722122,0.19573399,0.285732,0.84665102
108.5724,21881.4691,40.20055,-7.382587,131.358261,0.196337,0.28761601,0.844863
108.5946,21881.4891,40.297066,-7.257958,130.985382,0.196665,0.28814599,0.843467
108.6107,21881.5091,40.285954,-7.013013,130.639908,0.195696,0.28834599,0.84268498
108.6308,21881.5291,40.060226,-6.87654,130.335144,0.194721,0.286623,0.84248298
108.6538,21881.5491,39.729115,-7.010937,129.957458,0.195559,0.28301001,0.841851
108.6804,21881.5691,39.597645,-6.87983,129.412262,0.195503,0.281573,0.84046602
108.699,21881.5891,39.671173,-6.291644,128.779083,0.193001,0.28321099,0.838925
108.7178,21881.6091,39.67038,-5.680177,128.250793,0.189833,0.284585,0.83799398
108.7385,21881.6291,39.423271,-5.39531,127.944267,0.187654,0.283301,0.83802199
108.7497,21881.6491,39.159279,-5.387001,127.860306,0.18688101,0.281232,0.838462
108.7733,21881.6691,39.100559,-5.527992,127.964539,0.187453,0.28043899,0.83878499
108.7918,21881.6891,39.077785,-5.935368,128.182602,0.189824,0.27911001,0.83899099
108.8165,21881.7091,38.912693,-6.51999,128.402313,0.193005,0.276068,0.839297
108.8428,21881.7291,38.780212,-6.83433,128.481613,0.194664,0.274041,0.83943403
108.8503,21881.7491,38.836315,-6.810518,128.437851,0.194786,0.27447501,0.83915299
108.8715,21881.7691,38.951035,-6.619418,128.40416,0.19385999,0.275987,0.839028
108.8909,21881.7891,38.992653,-6.657426,128.428101,0.194223,0.27619699,0.83893502
108.9094,21881.8091,39.028351,-6.981696,128.514694,0.19651,0.27540299,0.83860397
108.9304,21881.829,39.15242,-7.470912,128.574509,0.20036601,0.27461001,0.83762598
108.9521,21881.849,39.351425,-7.877156,128.52951,0.204114,0.27450001,0.836169
108.9713,21881.869,39.566917,-8.050934,128.346527,0.20654801,0.27513,0.834548
108.9901,21881.889,39.749146,-8.109728,128.08577,0.20822001,0.275796,0.83293003
109.015,21881.909,39.9147,-8.201792,127.797867,0.210145,0.27615499,0.83118999
109.0315,21881.929,40.085499,-8.288426,127.436348,0.212228,0.276429,0.82915503
109.0503,21881.949,40.297306,-8.290761,126.980698,0.214074,0.27714401,0.826783
109.0726,21881.969,40.520061,-8.247605,126.477699,0.215754,0.27801499,0.82426703
109.0909,21881.989,40.680618,-8.204032,125.981651,0.217207,0.27843201,0.82194698
109.1129,21882.009,40.808662,-8.161504,125.492523,0.21854299,0.278611,0.81973398
109.133,21882.029,40.928753,-8.070093,125.000221,0.219515,0.27891201,0.81761199
109.1533,21882.049,41.033741,-7.968996,124.480568,0.22043701,0.27908501,0.815431
109.1994,21882.069,41.021278,-7.820114,123.906181,0.22073101,0.27848399,0.813456
109.2093,21882.089,40.705215,-7.561505,123.282318,0.219244,0.27602699,0.81236303
109.2118,21882.109,39.965862,-7.22016,122.599693,0.215692,0.270744,0.81236601
109.2375,21882.129,38.804337,-6.836491,121.964996,0.210033,0.26269999,0.81373501
109.2622,21882.149,37.593029,-6.340347,121.475777,0.20292801,0.255072,0.81589299
109.2787,21882.169,36.762428,-5.743416,121.1054,0.196234,0.25088099,0.81757402
109.2978,21882.189,36.41687,-5.118354,120.885681,0.190883,0.250617,0.81859899
109.3172,21882.209,36.395588,-4.934829,120.895241,0.189466,0.25124699,0.81899798
109.3374,21882.229,36.454117,-5.42692,121.138687,0.192683,0.25001901,0.81904697
109.3538,21882.249,36.693836,-6.100552,121.428238,0.197809,0.24944399,0.818488
109.3749,21882.2691,37.192955,-6.609788,121.557152,0.20310999,0.25118101,0.81682098
109.3923,21882.2891,37.630974,-6.984144,121.411758,0.20779701,0.252545,0.81436998
109.4117,21882.3091,37.768661,-7.141198,121.024765,0.2103,0.25218099,0.812087
109.4341,21882.3292,37.748093,-6.941418,120.497406,0.20996501,0.251908,0.81028199
109.4556,21882.3492,37.780746,-6.534077,119.956223,0.208409,0.25288799,0.80863702
109.473,21882.3692,37.916058,-6.201971,119.492508,0.207636,0.25444099,0.80689597
109.4953,21882.3892,38.164127,-6.1128,119.134903,0.20880499,0.25595701,0.80485898
109.514,21882.4093,38.484921,-6.272675,118.892136,0.211767,0.25712299,0.80265599
109.5345,21882.4293,38.785465,-6.554584,118.732376,0.215314,0.25775799,0.80062401
109.5597,21882.4493,38.972908,-6.750292,118.592567,0.21775299,0.25798601,0.79913503
109.5802,21882.4694,39.037258,-6.869833,118.465294,0.219133,0.25768399,0.798177
109.5964,21882.4894,39.066799,-6.951564,118.368622,0.220039,0.25735399,0.79751801
109.6136,21882.5094,39.143421,-7.131801,118.397293,0.22153901,0.25717101,0.79708397
109.631,21882.5294,39.359375,-7.453312,118.581627,0.224232,0.25767201,0.79666102
109.6564,21882.5495,39.695091,-7.772274,118.854065,0.22718,0.25922301,0.79627299
109.6812,21882.5695,40.013485,-7.916984,119.152664,0.228774,0.26146901,0.79637301
109.693,21882.5895,40.303387,-7.814656,119.477463,0.22846299,0.26463401,0.79714602
109.7106,21882.6096,40.688507,-7.635187,119.838425,0.227887,0.26888001,0.797939
109.7353,21882.6296,41.20089,-7.651462,120.260834,0.228999,0.27332601,0.79821098
109.7523,21882.6496,41.806789,-7.855243,120.700813,0.231699,0.277695,0.79787099
109.7759,21882.6696,42.486176,-7.96487,121.073891,0.234144,0.28286701,0.79717499
109.794,21882.6897,43.161385,-7.828126,121.394951,0.23494799,0.28893501,0.79673803
109.817,21882.7097,43.628487,-7.547605,121.712852,0.233945,0.294094,0.79719102
109.8341,21882.7297,43.788177,-7.223623,121.982391,0.231592,0.29711801,0.798464
109.857,21882.7498,43.715488,-6.960701,122.168221,0.229004,0.29804501,0.799977
109.8778,21882.7698,43.493324,-6.836846,122.232246,0.22714201,0.297084,0.801166
109.894,21882.7898,43.185215,-6.879767,122.246414,0.226253,0.29472399,0.80207902
109.947,21882.8098,42.950428,-6.665569,122.213959,0.223956,0.29384699,0.80307901
109.95,21882.8298,42.89183,-6.001271,122.212654,0.219079,0.29612899,0.80453402
109.9538,21882.8498,42.900772,-5.193045,122.348465,0.21307801,0.29972401,0.80658197
109.9745,21882.8698,42.754288,-4.649794,122.660889,0.207874,0.30143201,0.80927002
109.9911,21882.8898,42.401024,-4.394446,123.108009,0.203559,0.30071199,0.81255102
110.0109,21882.9098,42.112434,-4.20994,123.657005,0.199725,0.30032599,0.81589103
110.0355,21882.9298,41.896591,-4.216853,124.228195,0.197475,0.29972601,0.818748
110.0555,21882.9498,41.665138,-4.39994,124.755508,0.196555,0.29823801,0.82115799
110.0711,21882.9698,41.494785,-4.495999,125.154816,0.195583,0.297308,0.82303298
110.0937,21882.9898,41.387505,-4.481897,125.422073,0.194398,0.297034,0.82439703
110.1223,21883.0098,41.340672,-4.414771,125.652985,0.19314601,0.29734001,0.82553202
110.1368,21883.0299,41.432114,-4.215086,125.926872,0.191324,0.29923099,0.82665002
110.1596,21883.0499,41.556892,-3.972821,126.320587,0.188991,0.30171701,0.82818502
110.1772,21883.0699,41.65377,-3.781684,126.789536,0.18671501,0.30391401,0.82998198
110.194,21883.0899,41.718151,-3.799211,127.320854,0.18565799,0.30518499,0.83174598
110.2156,21883.11,41.817654,-4.045089,127.817322,0.186469,0.30581501,0.83289099
110.2357,21883.13,41.93354,-4.378703,128.230957,0.188192,0.30612001,0.833525
110.2627,21883.15,42.01355,-4.654339,128.644943,0.189366,0.30638599,0.83434701
110.281,21883.1701,42.117168,-4.832861,129.016815,0.19002301,0.30712,0.83509398
110.302,21883.1901,42.258129,-4.959335,129.30101,0.190657,0.30817899,0.83548999
110.3212,21883.2101,42.43837,-5.056239,129.495575,0.191443,0.30949,0.83548802
110.3373,21883.2301,42.73267,-5.21147,129.58876,0.193303,0.31126899,0.834674
110.3576,21883.2502,43.062428,-5.501756,129.642029,0.196365,0.31276,0.83336699
110.375,21883.2702,43.234661,-5.999386,129.781754,0.200169,0.312491,0.83247799
110.3958,21883.2903,43.270229,-6.40641,129.938904,0.202814,0.31156999,0.83221602
110.4122,21883.3104,43.287304,-6.496761,130.091492,0.20311099,0.311643,0.83254999
110.434,21883.3304,43.340744,-6.57795,130.281937,0.203356,0.312087,0.83292103
110.4567,21883.3505,43.483677,-6.818575,130.472275,0.205047,0.31262901,0.83272499
110.4783,21883.3705,43.555828,-7.023118,130.51944,0.206636,0.31252,0.83230001
110.5101,21883.3906,43.196663,-7.086889,130.371918,0.20634601,0.309358,0.83278197
110.5202,21883.4107,42.495937,-7.13029,130.123367,0.205062,0.303543,0.833983
110.5374,21883.4307,41.912464,-7.165117,129.91185,0.203972,0.29869401,0.83494103
110.5591,21883.4508,41.680847,-7.177829,129.832611,0.203513,0.296781,0.83533299
110.5784,21883.4708,41.80447,-7.147245,129.876419,0.20358101,0.29789099,0.835172
110.5979,21883.4909,42.086128,-6.999548,129.955383,0.203219,0.30066401,0.83486402
110.6174,21883.511,42.282516,-6.861031,129.993744,0.20275,0.30269399,0.83464903
110.6447,21883.531,42.339611,-6.771325,130.048111,0.20213901,0.30353799,0.83482897
110.6579,21883.5511,42.355206,-6.807695,130.18013,0.202105,0.303756,0.83519202
110.6771,21883.5712,42.372707,-7.062383,130.367462,0.203522,0.30330399,0.83535999
110.6979,21883.5912,42.410709,-7.393217,130.525543,0.20563801,0.30268401,0.83521903
110.7317,21883.6112,42.487484,-7.635933,130.59024,0.207482,0.302504,0.83477598
110.7426,21883.6313,42.538742,-7.695095,130.571259,0.20812701,0.30263999,0.83444202
110.7608,21883.6514,42.593372,-7.831764,130.647217,0.209096,0.30269599,0.83429599
110.7792,21883.6714,42.793285,-7.901211,130.698334,0.21010301,0.304032,0.83372998
110.7984,21883.6915,43.236053,-8.007901,130.736389,0.212183,0.30702099,0.83228099
110.8242,21883.7116,43.816963,-8.353605,130.781281,0.21640401,0.310193,0.82995099
110.842,21883.7316,44.151508,-8.741567,130.78125,0.22026099,0.31129199,0.82813603
110.8592,21883.7517,44.116966,-8.739831,130.572678,0.220706,0.31064001,0.82750201
110.8801,21883.7718,44.048428,-8.366378,130.284271,0.218575,0.31092399,0.82739902
110.9038,21883.7919,44.026421,-7.973351,130.004257,0.216428,0.31164899,0.82720399
110.9157,21883.812,44.083038,-7.727943,129.829041,0.215316,0.312626,0.82685202
110.9401,21883.8321,44.210236,-7.608187,129.755981,0.21506201,0.31386399,0.826406
110.9554,21883.8522,44.413143,-7.539524,129.742447,0.215259,0.315588,0.825836
110.9761,21883.8723,44.67054,-7.424684,129.753357,0.215232,0.31792501,0.82526499
111.0028,21883.8923,44.886765,-7.245076,129.783905,0.214551,0.320227,0.82501501
111.0169,21883.9124,45.101429,-7.000336,129.853455,0.213286,0.32282099,0.82502902
111.0406,21883.9325,45.418667,-6.706164,129.95668,0.211898,0.32640499,0.82491702
111.0591,21883.9525,45.777973,-6.399235,130.044785,0.210593,0.33030799,0.824628
111.0866,21883.9726,45.99295,-6.106902,130.06192,0.209132,0.33296001,0.82452202
111.1042,21883.9927,45.923454,-5.652088,129.975479,0.20588499,0.33390599,0.825266
111.1195,21884.0127,45.615974,-5.007362,129.819824,0.200689,0.333657,0.82685101
111.1376,21884.0328,45.121872,-4.639429,129.664627,0.19685701,0.33106399,0.82851398
111.168,21884.0528,44.700455,-4.658856,129.481766,0.196128,0.327584,0.82915998
111.1801,21884.0729,44.395752,-4.392357,129.117538,0.194221,0.32567701,0.82926399
111.1967,21884.093,44.212749,-3.778719,128.835678,0.189963,0.32606101,0.82984799
111.2177,21884.113,44.197975,-3.250874,128.794113,0.186207,0.327775,0.83061099
111.2406,21884.1331,44.191723,-2.932247,128.991028,0.18331,0.32918301,0.831846
111.2673,21884.1531,44.095959,-2.922325,129.299438,0.182027,0.329007,0.83324802
111.3009,21884.1732,43.910435,-2.931114,129.695175,0.18032999,0.32823801,0.83519399
111.3098,21884.1933,43.729919,-3.091915,130.067795,0.17983299,0.32692999,0.83679599
111.3206,21884.2133,43.57687,-3.424884,130.423325,0.180746,0.32519701,0.83797801
111.343,21884.2333,43.392784,-3.893543,130.815857,0.18246,0.322826,0.83916098
111.3603,21884.2534,43.23558,-4.254956,131.251572,0.183373,0.32110301,0.840572
111.376,21884.2734,43.151764,-4.327641,131.652664,0.182513,0.320869,0.84209299
111.3947,21884.2934,43.037605,-4.12741,131.930847,0.179895,0.321143,0.84370899
111.4186,21884.3134,42.876122,-3.821606,132.16301,0.176474,0.32133901,0.84546298
111.4356,21884.3334,42.938801,-3.75711,132.435226,0.17543299,0.32244301,0.84629202
111.4538,21884.3534,43.191727,-3.897821,132.750015,0.176384,0.324343,0.84636497
111.4769,21884.3734,43.289017,-4.062902,133.06337,0.177021,0.32500201,0.84685999
111.4996,21884.3934,43.117775,-4.108661,133.331039,0.17606799,0.32398,0.84820402
111.5173,21884.4134,42.915604,-4.080572,133.548508,0.174619,0.32289001,0.84958398
111.5392,21884.4334,43.006153,-4.083598,133.683304,0.174541,0.32376501,0.84974802
111.5615,21884.4534,43.291821,-3.973656,133.6642,0.17466199,0.32624099,0.84897798
111.5799,21884.4734,43.341934,-3.714993,133.653397,0.172931,0.32745099,0.849181
111.598,21884.4934,43.216934,-3.569714,133.69899,0.17133699,0.327059,0.84993201
111.6184,21884.5134,43.332321,-3.654291,133.785034,0.172075,0.32777601,0.84973401
111.6356,21884.5334,43.683125,-3.898323,133.858017,0.17475399,0.329716,0.84852397
111.6586,21884.5534,44.049171,-4.163802,133.919144,0.177663,0.331682,0.84717798
111.6825,21884.5734,44.320698,-4.315295,133.958557,0.17949601,0.33328,0.846219
111.7064,21884.5934,44.462196,-4.31749,133.978363,0.179885,0.334362,0.84583497
111.7213,21884.6134,44.622337,-4.374149,134.006317,0.18070801,0.33541799,0.84533101
111.739,21884.6334,44.968498,-4.572727,134.106689,0.182925,0.33751601,0.84424198
111.7593,21884.6534,45.39304,-4.817114,134.260193,0.18554699,0.340137,0.84298497
111.7787,21884.6734,45.679298,-5.112202,134.360443,0.188273,0.34147701,0.841901
111.7976,21884.6933,45.680782,-5.365409,134.300323,0.19031601,0.340563,0.84128201
111.8203,21884.7133,45.415791,-5.585868,134.216675,0.191394,0.33772299,0.84150499
111.8412,21884.7333,45.164841,-5.910276,134.257202,0.192912,0.33485001,0.84190899
111.8562,21884.7533,45.052723,-6.29272,134.387695,0.19501001,0.33297399,0.84205502
111.8767,21884.7733,45.130825,-6.495424,134.528152,0.196321,0.33313301,0.84191602
111.8995,21884.7933,45.429207,-6.32888,134.550171,0.19590899,0.33595201,0.84129798
111.9142,21884.8133,45.736546,-6.018877,134.410934,0.194948,0.339028,0.84036303
111.9508,21884.8333,45.862503,-5.784841,134.249146,0.194084,0.34046099,0.83981597
111.9589,21884.8533,45.931847,-5.703592,134.117172,0.194087,0.341021,0.839293
111.9758,21884.8733,46.09256,-5.912595,134.107407,0.196123,0.34151599,0.83837497
111.994,21884.8933,46.336781,-6.373942,134.218994,0.199884,0.342011,0.83713502
112.0161,21884.9133,46.592579,-6.856035,134.377945,0.203677,0.34261101,0.835953
112.04,21884.9333,46.776558,-7.039796,134.522964,0.205117,0.34363699,0.835482
112.0561,21884.9533,46.869282,-6.977142,134.660812,0.204514,0.34478,0.835733
112.0855,21884.9733,46.946877,-6.980422,134.842468,0.20421401,0.34567201,0.83605802
112.0985,21884.9933,47.121342,-7.250353,135.076874,0.205974,0.346513,0.83574599
112.1152,21885.0133,47.445911,-7.61396,135.320328,0.20880499,0.348194,0.83476698
112.1411,21885.0333,47.70628,-7.95084,135.603699,0.211124,0.349565,0.83416802
112.1668,21885.0533,47.806015,-8.122005,135.809509,0.212018,0.350137,0.83416998
112.1797,21885.0733,47.842113,-8.033676,135.905136,0.211182,0.35086799,0.83451498
112.1995,21885.0933,47.853558,-8.023911,136.005814,0.210834,0.35117,0.83481699
112.2199,21885.1132,48.078194,-8.25831,136.189651,0.21259201,0.35243601,0.834189
112.2441,21885.1332,48.471977,-8.483322,136.364349,0.21475901,0.354983,0.83294201
112.2635,21885.1532,48.749146,-8.74786,136.654526,0.216525,0.35675499,0.83238602
112.2799,21885.1732,48.625637,-8.779052,136.89003,0.21569,0.356177,0.83351499
112.3059,21885.1932,48.429161,-8.575578,137.027359,0.21325999,0.35560799,0.83502698
112.3201,21885.2132,48.56263,-8.476558,137.105804,0.212649,0.35706401,0.83498597
112.3422,21885.2332,48.6446,-8.19437,137.10463,0.210814,0.35856199,0.83521301
112.3541,21885.2533,48.580429,-7.922466,137.158035,0.20849299,0.35903201,0.83610499
112.3775,21885.2733,49.205101,-7.470555,137.00943,0.207339,0.36483899,0.834243
112.3968,21885.2933,49.78635,-7.147228,136.789795,0.20725501,0.36977601,0.83206397
112.4156,21885.3134,50.029747,-6.869771,136.633911,0.206404,0.372168,0.83120298
112.4384,21885.3334,49.98201,-6.593464,136.508224,0.204678,0.37245101,0.831478
112.4554,21885.3534,49.869236,-6.532803,136.450821,0.204116,0.37170199,0.83181101
112.4766,21885.3734,50.095329,-6.720819,136.320267,0.206522,0.37255499,0.83025402
112.4996,21885.3935,50.279663,-7.264082,136.334,0.210912,0.372237,0.82864302
112.5162,21885.4135,50.089386,-7.767924,136.345047,0.214004,0.369257,0.82843202
112.5363,21885.4335,49.673435,-7.547719,136.153183,0.211898,0.36651301,0.829732
112.5586,21885.4536,49.290131,-6.997201,135.797104,0.207991,0.364766,0.83097702
112.5786,21885.4736,49.039154,-6.576423,135.48526,0.205229,0.36368501,0.83162701
112.5998,21885.4936,48.838909,-6.436787,135.349838,0.20408,0.362405,0.83214599
112.6186,21885.5136,48.565178,-6.462922,135.376511,0.203412,0.36033699,0.83314198
112.637,21885.5337,48.296909,-6.331905,135.487946,0.20135,0.35896,0.83466202
112.659,21885.5537,48.028427,-6.216386,135.657333,0.199219,0.35762799,0.83633101
112.677,21885.5737,47.792717,-6.279333,135.871948,0.198346,0.35604399,0.83771503
112.6943,21885.5938,47.514034,-6.52624,136.008499,0.198947,0.35341799,0.83867598
112.7152,21885.6138,47.19825,-6.909101,136.062653,0.200701,0.349935,0.839261
112.7403,21885.6338,46.878998,-7.185788,135.973267,0.202108,0.346506,0.83957702
112.7567,21885.6538,46.580799,-7.258673,135.830978,0.202236,0.34378701,0.84000403
112.7761,21885.6739,46.350933,-7.25248,135.68631,0.201977,0.341829,0.840325
112.8004,21885.6939,46.212746,-7.372581,135.549774,0.202874,0.34016401,0.840137
112.8165,21885.7139,46.113125,-7.672431,135.367508,0.205329,0.33812001,0.83934599
112.837,21885.734,45.996174,-8.037671,135.054672,0.20859,0.335484,0.83805698
112.8604,21885.754,45.810982,-8.237906,134.584442,0.210895,0.33257499,0.83675802
112.88,21885.774,45.488167,-8.375678,134.054962,0.212496,0.32871899,0.83581299
112.8971,21885.794,45.14336,-8.616488,133.4758,0.214893,0.32424399,0.83454901
112.9176,21885.8141,44.913292,-8.896792,132.859695,0.21798401,0.32039899,0.83266699
112.9342,21885.8341,44.782646,-9.146498,132.210434,0.221211,0.31731099,0.83036202
112.9566,21885.8541,44.607601,-9.394644,131.515427,0.224389,0.31378001,0.828004
112.9773,21885.8741,44.378098,-9.643672,130.70488,0.22768299,0.309582,0.82536203
112.9972,21885.8941,44.189091,-9.849558,129.762421,0.23109999,0.30554199,0.82213402
113.0173,21885.9141,43.981945,-9.921931,128.679794,0.233823,0.30154401,0.81864297
113.0395,21885.934,43.720734,-10.067494,127.564697,0.236917,0.296776,0.814969
113.0579,21885.954,43.499233,-10.237749,126.455017,0.240236,0.29218099,0.81104499
113.0814,21885.974,43.400356,-10.34516,125.365662,0.24341799,0.28873599,0.80685401
113.0996,21885.994,43.444412,-10.622473,124.237274,0.248345,0.28552601,0.80160302
113.1191,21886.014,43.543423,-11.104794,123.095116,0.254884,0.28176999,0.79556799
113.1353,21886.034,43.597351,-11.577822,121.912308,0.26123601,0.27752799,0.78941101
113.1682,21886.054,43.642006,-11.874809,120.599579,0.26659399,0.27356601,0.78301501
113.1886,21886.074,43.679619,-12.018184,119.099976,0.271265,0.269694,0.77606499
113.2013,21886.094,43.707291,-12.126705,117.484741,0.275875,0.26555401,0.76857102
113.2708,21886.114,43.724743,-12.310558,115.847145,0.28093201,0.260867,0.76066297
113.2743,21886.134,43.691067,-12.416565,114.169464,0.28527999,0.255997,0.752756
113.2756,21886.1541,43.558636,-12.468964,112.475731,0.28881899,0.25059,0.74505103
113.3014,21886.1741,43.369068,-12.520116,110.759277,0.29205599,0.244692,0.73724699
113.3227,21886.1941,43.162056,-12.427227,109.085037,0.294099,0.23945799,0.72990102
113.3248,21886.2141,42.930584,-12.264948,107.402908,0.29551801,0.234383,0.72260797
113.3373,21886.2342,42.640644,-12.112606,105.706955,0.29666799,0.22884201,0.71523398
113.3665,21886.2542,42.417843,-12.052171,104.048271,0.29852599,0.22337399,0.70744801
113.3777,21886.2742,42.363277,-12.126661,102.434509,0.30183399,0.21839599,0.69888902
113.3976,21886.2943,42.396229,-12.313538,100.797104,0.30621001,0.21326099,0.68949801
113.4157,21886.3143,42.324047,-12.523178,99.133614,0.31015801,0.207179,0.68006098
113.4428,21886.3343,42.065773,-12.738523,97.500626,0.31302899,0.199903,0.67116803
113.4574,21886.3543,41.795292,-13.023806,95.873482,0.31608701,0.192127,0.66199303
113.4816,21886.3744,41.642479,-13.304207,94.248375,0.319574,0.18506201,0.65234399
113.4971,21886.3944,41.554573,-13.56155,92.615395,0.32315299,0.178445,0.64237499
113.5313,21886.4144,41.437675,-13.746223,90.94046,0.326112,0.17189901,0.63230002
113.5381,21886.4345,41.236786,-13.798435,89.252892,0.32778499,0.165567,0.62261897
113.5574,21886.4545,40.917351,-13.851453,87.598244,0.32863599,0.15861399,0.61332297
113.5788,21886.4745,40.583179,-14.122312,86.031776,0.33030099,0.150489,0.60383999
113.596,21886.4945,40.375473,-14.575284,84.563377,0.33335599,0.142214,0.59395701
113.6171,21886.5146,40.314358,-15.08176,83.270653,0.33717,0.134891,0.58450103
113.6415,21886.5346,40.310356,-15.610727,82.100082,0.341167,0.128039,0.57550102
113.6568,21886.5546,40.252331,-16.087248,80.951233,0.34445101,0.121219,0.56686598
113.6762,21886.5747,40.201214,-16.509487,79.709579,0.34749699,0.114453,0.557697
113.7042,21886.5947,40.294769,-16.862833,78.36673,0.35106701,0.108566,0.54758698
113.7158,21886.6147,40.480289,-17.226164,76.961258,0.35520101,0.102847,0.53668398
113.7359,21886.6347,40.654133,-17.501799,75.51442,0.35880101,0.097438,0.52571702
113.7601,21886.6548,40.768444,-17.61442,74.076622,0.36120799,0.092769,0.51540101
113.7762,21886.6748,40.858864,-17.724014,72.607086,0.363415,0.087852,0.50486499
113.7995,21886.6948,41.004944,-17.766424,71.169968,0.36559099,0.08374,0.49452701
113.819,21886.7149,41.177219,-17.82641,69.718903,0.36796999,0.079552,0.48389
113.835,21886.7348,41.337719,-18.000406,68.286751,0.37068301,0.074529,0.47297499
113.8568,21886.7548,41.489281,-18.073,66.870888,0.372848,0.07017,0.46245399
113.9134,21886.7748,41.674736,-18.05781,65.498138,0.37481001,0.06669,0.452364
113.919,21886.7948,41.904049,-18.027355,64.126152,0.37696901,0.063488,0.44215301
113.9212,21886.8148,42.109722,-17.873667,62.728199,0.378497,0.060927,0.43217501
113.9401,21886.8348,42.32058,-17.745581,61.308144,0.38015801,0.058103,0.42188901
113.9557,21886.8548,42.559464,-17.741003,59.902569,0.382431,0.054528,0.41117001
113.9755,21886.8748,42.750778,-17.797216,58.523376,0.38455099,0.050347,0.40051201
113.9975,21886.8948,42.9132,-17.73247,57.090649,0.38603699,0.0467,0.38989601
114.0191,21886.9148,43.088715,-17.447664,55.604836,0.38687301,0.04451,0.37955001
114.0403,21886.9348,43.223244,-17.067038,54.013058,0.38716301,0.042484,0.36880299
114.0576,21886.9548,43.272663,-16.694466,52.326893,0.386931,0.039739,0.35748199
114.0794,21886.9748,43.315231,-16.239794,50.585487,0.38642099,0.037408,0.34597099
114.0955,21886.9948,43.388409,-15.822418,48.868431,0.386244,0.035016,0.33436999
114.1188,21887.0148,43.531006,-15.338246,47.232681,0.386365,0.033663,0.32338199
114.1346,21887.0348,43.68943,-14.735807,45.638733,0.38630199,0.033401,0.313025
114.1567,21887.0548,43.775463,-14.128237,44.034256,0.385759,0.032899,0.30271801
114.1811,21887.0748,43.82534,-13.564972,42.413189,0.38512099,0.031903,0.29216
114.1953,21887.0948,43.870388,-13.058783,40.807102,0.384624,0.030526,0.281481
114.2179,21887.1148,43.874771,-12.519757,39.213818,0.383773,0.029339,0.271038
114.249,21887.1348,43.81395,-11.857905,37.711185,0.38216299,0.029242,0.26177201
114.2626,21887.1547,43.745579,-11.204931,36.337875,0.380532,0.029532,0.253434
114.2819,21887.1747,43.731213,-10.784781,35.09211,0.379825,0.028623,0.245175
114.3037,21887.1947,43.810089,-10.596911,33.916229,0.38031301,0.026398,0.236506
114.3343,21887.2147,43.913506,-10.511894,32.785015,0.38117701,0.023572,0.227786
114.3381,21887.2347,43.973755,-10.244313,31.624346,0.381347,0.021956,0.219497
114.3591,21887.2547,43.962128,-9.728062,30.450251,0.38051099,0.022074,0.21202201
114.3778,21887.2747,43.97237,-9.223803,29.227041,0.37990999,0.022004,0.204063
114.3966,21887.2947,44.017548,-8.930081,27.944382,0.379985,0.020167,0.194865
114.4189,21887.3147,44.07803,-8.818484,26.563818,0.380492,0.016597,0.184248
114.44,21887.3347,44.073101,-8.688006,25.134373,0.38043401,0.012874,0.173371
114.4567,21887.3547,43.932045,-8.407171,23.675413,0.379062,0.009994,0.162901
114.4793,21887.3747,43.719509,-7.998622,22.139338,0.37694699,0.00779,0.15227801
114.495,21887.3947,43.564091,-7.552576,20.581848,0.37524101,0.005973,0.14148501
114.5173,21887.4147,43.487957,-7.233829,18.997889,0.37432301,0.003222,0.129932
114.5393,21887.4347,43.46384,-7.061369,17.410599,0.373963,-0.000613,0.117789
114.5635,21887.4547,43.495945,-7.03745,15.868782,0.37415501,-0.00541,0.105449
114.5818,21887.4747,43.621449,-7.055514,14.392234,0.37507299,-0.010224,0.093397
114.5979,21887.4947,43.806221,-7.081642,12.955458,0.376414,-0.014931,0.081582
114.6206,21887.5147,43.956844,-7.135928,11.467476,0.37742901,-0.020103,0.069291
114.639,21887.5347,44.020603,-7.16018,9.853557,0.37763199,-0.025555,0.056152
114.6606,21887.5546,43.978474,-7.1236,8.126132,0.37685201,-0.030982,0.04237
114.6813,21887.5746,43.832005,-6.955601,6.301422,0.37509,-0.035716,0.028289
114.7056,21887.5946,43.577755,-6.699954,4.447823,0.37237999,-0.03984,0.014297
114.736,21887.6146,43.236595,-6.441375,2.60447,0.36893201,-0.043857,0.000401
114.7415,21887.6346,42.86739,-6.276438,0.822678,0.365233,-0.048338,-0.013332
114.7616,21887.6546,42.522705,-6.238464,-0.857672,0.361696,-0.053419,-0.026696
114.7796,21887.6746,42.197937,-6.281147,-2.463188,0.35825801,-0.058827,-0.03974
114.7958,21887.6946,41.89856,-6.356034,-4.002227,0.35496601,-0.064208,-0.05237
114.817,21887.7146,41.653652,-6.468722,-5.412654,0.35209301,-0.069436,-0.064099
114.8421,21887.7346,41.478874,-6.768527,-6.723368,0.34965599,-0.075841,-0.075612
114.8572,21887.7546,41.372063,-7.241694,-7.985,0.34757301,-0.083485,-0.087262
114.8818,21887.7746,41.283039,-7.790861,-9.285172,0.345406,-0.091833,-0.099439
114.9005,21887.7946,41.138382,-8.380344,-10.702662,0.34249201,-0.10079,-0.112643
114.9206,21887.8146,40.931648,-8.842123,-12.256185,0.338907,-0.109022,-0.126515
114.9365,21887.8346,40.741982,-9.105338,-13.957909,0.33538699,-0.116022,-0.140972
114.9618,21887.8546,40.545918,-9.215991,-15.706454,0.331837,-0.121845,-0.155333
114.9864,21887.8746,40.339378,-9.223425,-17.511362,0.328192,-0.126909,-0.169824
115.0036,21887.8946,40.148743,-9.140481,-19.373156,0.324678,-0.13134301,-0.184494
115.0215,21887.9146,39.933002,-8.898495,-21.30039,0.32110199,-0.13457499,-0.199214
115.0363,21887.9346,39.640869,-8.600334,-23.238535,0.31698301,-0.13719399,-0.213846
115.058,21887.9546,39.326271,-8.268311,-25.18524,0.31274,-0.13942499,-0.22844499
115.09,21887.9745,38.982151,-7.95668,-27.163799,0.308189,-0.14174099,-0.24334601
115.1033,21887.9945,38.586037,-7.733481,-29.088116,0.30309999,-0.144392,-0.25804901
115.1227,21888.0145,38.317856,-7.620758,-30.89764,0.29891101,-0.147735,-0.272089
115.1447,21888.0345,38.287834,-7.629341,-32.57029,0.29646301,-0.152086,-0.28526601
115.1609,21888.0545,38.396748,-7.584166,-34.058098,0.295443,-0.155812,-0.29675901
115.1834,21888.0745,38.498734,-7.329927,-35.41647,0.29506099,-0.157563,-0.30665299
115.2036,21888.0945,38.464638,-6.86998,-36.697174,0.29428199,-0.157204,-0.31542799
115.2272,21888.1145,38.396515,-6.309393,-37.921463,0.29363799,-0.155836,-0.32350001
115.2439,21888.1345,38.362209,-5.713496,-39.072163,0.293515,-0.15409499,-0.33087599
115.2704,21888.1545,38.31913,-5.158574,-40.121059,0.29339501,-0.152393,-0.337558
115.2939,21888.1745,38.164944,-4.754338,-41.083618,0.292124,-0.151324,-0.34402201
115.314,21888.1945,37.966949,-4.349599,-41.911385,0.29072699,-0.14976799,-0.34947899
115.3217,21888.2145,37.857761,-3.990273,-42.610638,0.29007599,-0.14847501,-0.35400301
115.337,21888.2345,37.870461,-3.720354,-43.168251,0.29029101,-0.147861,-0.35757199
115.3557,21888.2545,37.984909,-3.59558,-43.597599,0.291008,-0.14833701,-0.36043999
115.3816,21888.2745,38.263462,-3.499734,-43.979683,0.292954,-0.149414,-0.362876
115.3958,21888.2945,38.743977,-3.398846,-44.399548,0.296406,-0.151177,-0.36539701
115.4167,21888.3145,39.316135,-3.288268,-44.90609,0.300457,-0.153401,-0.36843899
115.4393,21888.3345,39.805702,-3.091704,-45.479511,0.30404601,-0.154937,-0.37179601
115.4583,21888.3545,40.148666,-2.805886,-46.124924,0.30670401,-0.155577,-0.37555799
115.4747,21888.3745,40.378426,-2.517241,-46.784763,0.308494,-0.155911,-0.3795
115.499,21888.3944,40.585239,-2.167257,-47.425846,0.31034401,-0.155689,-0.38313201
115.5198,21888.4144,40.865517,-1.749491,-48.014942,0.31305,-0.15508901,-0.38608199
115.5401,21888.4344,41.188488,-1.43994,-48.54863,0.315788,-0.15531699,-0.38883299
115.5663,21888.4544,41.503193,-1.311466,-48.978691,0.317985,-0.15660299,-0.39129701
115.585,21888.4744,41.909489,-1.292963,-49.291718,0.32063699,-0.158703,-0.39307201
115.6008,21888.4944,42.365227,-1.32953,-49.586033,0.32347801,-0.161337,-0.394788
115.6193,21888.5144,42.746105,-1.382985,-49.890656,0.32567701,-0.163883,-0.39670801
115.6383,21888.5344,42.956238,-1.407137,-50.291481,0.32656601,-0.165916,-0.39945501
115.6613,21888.5544,43.091347,-1.236359,-50.802078,0.32741699,-0.166586,-0.40253499
115.6862,21888.5744,43.257195,-0.920372,-51.350002,0.328951,-0.166421,-0.40541601
115.7144,21888.5944,43.410515,-0.51558,-51.886063,0.33073199,-0.16555101,-0.40795201
115.719,21888.6144,43.438454,-0.11955,-52.369343,0.33165401,-0.16416401,-0.41028601
115.748,21888.6344,43.390297,0.246747,-52.850876,0.33193299,-0.162723,-0.41279501
115.7581,21888.6544,43.351799,0.624515,-53.330315,0.33234099,-0.16123,-0.41523701
115.7823,21888.6744,43.373211,0.977526,-53.83799,0.333067,-0.16022401,-0.41786
115.7995,21888.6944,43.481548,1.186697,-54.303242,0.33396199,-0.160467,-0.42045099
115.8243,21888.7144,43.623074,1.164984,-54.648224,0.33441401,-0.162159,-0.42278501
115.8402,21888.7344,43.760529,1.003695,-54.932865,0.334398,-0.16466799,-0.42509201
115.8578,21888.7544,43.779972,0.940005,-55.273796,0.333808,-0.16619299,-0.427699
115.8858,21888.7744,43.689896,1.217384,-55.747025,0.333518,-0.16523699,-0.43043199
115.896,21888.7943,43.662601,1.783162,-56.240978,0.33474699,-0.162515,-0.43236899
115.9505,21888.8143,43.710655,2.34741,-56.690804,0.336588,-0.159977,-0.43385801
115.9521,21888.8343,43.681667,2.764211,-57.08918,0.33741099,-0.158053,-0.435532
115.9609,21888.8543,43.551014,2.851021,-57.464916,0.33629999,-0.158021,-0.43818799
115.9778,21888.8743,43.561447,2.851006,-57.864746,0.33581999,-0.159235,-0.44102299
115.9952,21888.8943,43.701023,2.908866,-58.157742,0.33661801,-0.16024099,-0.44269601
116.016,21888.9143,43.777004,3.068149,-58.321495,0.33753899,-0.159894,-0.44325799
116.0448,21888.9343,43.703785,3.183378,-58.368618,0.337405,-0.15891901,-0.44338399
116.0602,21888.9543,43.573582,3.207581,-58.484962,0.33642301,-0.158564,-0.444372
116.0787,21888.9743,43.509514,3.255255,-58.769093,0.335765,-0.15879899,-0.44636601
116.0982,21888.9943,43.476364,3.398821,-59.105721,0.33562699,-0.158631,-0.44839501
116.1154,21889.0143,43.372093,3.643052,-59.394321,0.335457,-0.157317,-0.44991601
116.1391,21889.0343,43.190647,3.833586,-59.602459,0.334654,-0.155828,-0.451166
116.1631,21889.0543,43.023922,3.871514,-59.765541,0.33341801,-0.15534601,-0.452517
116.1849,21889.0743,42.940197,3.753371,-59.89389,0.332192,-0.15621001,-0.45392299
116.2007,21889.0943,42.90353,3.639726,-59.954784,0.331402,-0.157039,-0.45475
116.2259,21889.1143,42.823036,3.476043,-59.926373,0.33022901,-0.157783,-0.455167
116.2398,21889.1343,42.795273,3.198883,-59.868195,0.329014,-0.159464,-0.45560199
116.2597,21889.1543,42.819839,3.06729,-59.809193,0.32874501,-0.160328,-0.45551801
116.285,21889.1743,42.771542,2.877738,-59.726116,0.32776999,-0.16123401,-0.455558
116.3054,21889.1943,42.747101,2.568342,-59.71172,0.326388,-0.163284,-0.45638201
116.3267,21889.2144,42.7724,2.317902,-59.802658,0.325436,-0.165419,-0.45769399
116.3471,21889.2344,42.759304,2.22213,-59.917442,0.32479501,-0.16636799,-0.45879999
116.364,21889.2545,42.70874,2.166951,-59.941986,0.324184,-0.16662,-0.45921701
116.3799,21889.2746,42.6628,2.089832,-59.941158,0.32355401,-0.16697399,-0.459508
116.4011,21889.2946,42.597141,2.063142,-59.94207,0.32298499,-0.166895,-0.45970199
116.4187,21889.3147,42.492584,2.082334,-59.952854,0.32231301,-0.16636001,-0.459903
116.4389,21889.3347,42.431393,2.061862,-59.94635,0.32181099,-0.166235,-0.46001899
116.4609,21889.3548,42.434464,1.973237,-59.904869,0.32153699,-0.166758,-0.45996901
116.4873,21889.3749,42.451385,1.890483,-59.871021,0.32137299,-0.167318,-0.45993301
116.4984,21889.3949,42.443768,1.892391,-59.880108,0.32131401,-0.167299,-0.46000499
116.5228,21889.415,42.389442,1.91326,-59.85548,0.32105201,-0.166859,-0.45986399
116.5458,21889.4351,42.385334,1.804641,-59.755596,0.32073301,-0.167331,-0.45946801
116.5681,21889.4551,42.506878,1.608403,-59.656864,0.32094601,-0.16894101,-0.459115
116.5832,21889.4752,42.642937,1.394693,-59.567265,0.32117999,-0.170757,-0.45885301
116.6011,21889.4952,42.755638,1.167114,-59.492443,0.321174,-0.17261501,-0.45877501
116.6211,21889.5153,42.822559,1.043863,-59.394398,0.3213,-0.173483,-0.45831701
116.646,21889.5354,42.795589,1.068739,-59.272198,0.321394,-0.172855,-0.457427
116.6592,21889.5554,42.746819,1.107185,-59.159603,0.32137299,-0.17207,-0.45660201
116.6815,21889.5755,42.758923,1.025184,-59.072323,0.32126299,-0.172455,-0.45619401
116.7089,21889.5956,42.82288,0.921102,-59.016041,0.321385,-0.173292,-0.45598301
116.7208,21889.6156,42.873077,0.877172,-58.978683,0.321621,-0.1737,-0.45576
116.7419,21889.6357,42.831062,0.818289,-58.938091,0.321152,-0.17383499,-0.455706
116.7632,21889.6557,42.750797,0.780193,-58.888935,0.320508,-0.173645,-0.455594
116.7817,21889.6758,42.760876,0.717423,-58.883987,0.320337,-0.174116,-0.45571801
116.7976,21889.6959,42.845264,0.655143,-58.863548,0.32071701,-0.174839,-0.455612
116.8235,21889.7159,42.895638,0.554817,-58.813171,0.32075101,-0.17561001,-0.45545501
116.8395,21889.736,42.907764,0.465709,-58.757568,0.320568,-0.17613401,-0.455291
116.8602,21889.756,42.859638,0.410119,-58.752773,0.320014,-0.176322,-0.45548901
116.883,21889.776,42.784195,0.418542,-58.755966,0.319509,-0.17597,-0.45560801
116.9037,21889.7961,42.77644,0.390273,-58.765549,0.319327,-0.176166,-0.45576701
116.9207,21889.8161,42.877632,0.340291,-58.750019,0.319868,-0.176881,-0.45563599
116.9422,21889.8361,42.928108,0.320402,-58.746719,0.320151,-0.177214,-0.45558801
116.9611,21889.8561,42.868332,0.354916,-58.745663,0.31986701,-0.176728,-0.45557901
116.9819,21889.8761,42.803867,0.343784,-58.736446,0.319381,-0.176524,-0.45564699
117.0033,21889.8961,42.853275,0.221836,-58.660671,0.319363,-0.17737401,-0.45537201
117.0234,21889.9161,42.998737,-0.06128,-58.506943,0.31950799,-0.179529,-0.454844
117.0443,21889.9361,43.123272,-0.378991,-58.315083,0.319433,-0.18173701,-0.45417801
117.0711,21889.9561,43.189205,-0.710277,-58.123066,0.31889501,-0.183808,-0.45364001
117.1018,21889.9761,43.280807,-1.059147,-57.952419,0.318441,-0.18616299,-0.453264
117.1069,21889.9961,43.404114,-1.36152,-57.815006,0.31834701,-0.188402,-0.452948
117.1265,21890.016,43.4296,-1.576043,-57.685177,0.317895,-0.189659,-0.45258701
117.1402,21890.036,43.329502,-1.59915,-57.60088,0.31722999,-0.189202,-0.4522
117.1596,21890.056,43.172497,-1.478254,-57.570732,0.31663701,-0.187654,-0.45188001
117.1875,21890.076,43.071152,-1.275513,-57.61544,0.316641,-0.185947,-0.451785
117.2017,21890.096,43.011585,-0.954614,-57.764908,0.31724101,-0.183852,-0.45204601
117.2216,21890.116,42.902225,-0.477164,-57.98423,0.31799799,-0.18064301,-0.452443
117.2483,21890.136,42.6614,0.025637,-58.170467,0.31798199,-0.176641,-0.452739
117.2659,21890.156,42.335999,0.523421,-58.275932,0.31747699,-0.172105,-0.45261499
117.2914,21890.1761,42.005985,1.061605,-58.336945,0.317168,-0.167126,-0.45208001
117.3113,21890.1961,41.865875,1.231312,-58.05666,0.31724599,-0.16458,-0.44983301
117.3314,21890.2161,41.819939,1.171276,-57.563591,0.31738999,-0.163462,-0.44654599
117.3455,21890.2362,41.8088,1.046282,-56.968716,0.31767201,-0.16266599,-0.44264501
117.364,21890.2562,41.709747,0.924654,-56.377365,0.31733099,-0.161516,-0.43888301
117.3808,21890.2762,41.556553,0.775648,-55.826733,0.31643501,-0.160477,-0.43555701
117.4003,21890.2962,41.384022,0.42998,-55.24939,0.31468999,-0.16072699,-0.43259001
117.4194,21890.3163,41.209114,-0.105264,-54.633511,0.31227699,-0.16226199,-0.42984101
117.4378,21890.3363,41.169758,-0.60795,-54.069908,0.31091401,-0.164234,-0.427169
117.4576,21890.3563,41.300591,-0.993543,-53.615479,0.31108999,-0.16628601,-0.42473501
117.4871,21890.3764,41.429409,-1.316581,-53.213707,0.311423,-0.168015,-0.422519
117.498,21890.3964,41.42918,-1.657745,-52.795826,0.31078199,-0.169366,-0.42040101
117.5197,21890.4164,41.35725,-1.888353,-52.422112,0.30996299,-0.169779,-0.41838899
117.542,21890.4364,41.249252,-1.980796,-52.117935,0.309282,-0.169249,-0.416549
117.5581,21890.4565,41.180046,-1.991786,-51.895813,0.30906001,-0.168486,-0.41503799
117.584,21890.4765,41.193069,-2.114424,-51.614864,0.30912599,-0.168672,-0.413295
117.6044,21890.4965,41.316284,-2.463824,-51.115398,0.30951899,-0.170315,-0.41043001
117.6203,21890.5166,41.448853,-2.845464,-50.576237,0.309944,-0.172115,-0.40735099
117.6444,21890.5366,41.486332,-3.179185,-50.085155,0.30978,-0.17336699,-0.40460199
117.6658,21890.5566,41.476521,-3.490052,-49.695362,0.30920401,-0.174569,-0.40258399
117.6906,21890.5766,41.495575,-3.808431,-49.442379,0.30861601,-0.176295,-0.401559
117.7042,21890.5967,41.568333,-4.100024,-49.297672,0.30836099,-0.178294,-0.40120301
117.72,21890.6167,41.617275,-4.33974,-49.166622,0.308092,-0.179868,-0.40083301
117.7392,21890.6367,41.548859,-4.472627,-49.042923,0.307311,-0.18029,-0.40034699
117.7605,21890.6568,41.414776,-4.450538,-48.998039,0.30645701,-0.17956799,-0.40009001
117.782,21890.6768,41.281734,-4.390469,-48.998493,0.30567199,-0.178691,-0.400065
117.8003,21890.6968,41.209137,-4.580007,-48.904724,0.30461401,-0.179602,-0.39994901
117.8205,21890.7169,41.211155,-4.831509,-48.767876,0.303967,-0.18110099,-0.39960501
117.856,21890.737,41.238922,-5.066931,-48.610039,0.30360499,-0.18251,-0.39903799
117.8617,21890.757,41.17902,-5.286215,-48.469631,0.30261701,-0.18356401,-0.398637
117.8842,21890.7771,41.07156,-5.458177,-48.355515,0.30139601,-0.18418799,-0.39834499
117.9029,21890.7972,41.010208,-5.647155,-48.238491,0.30046701,-0.18508001,-0.398031
117.938,21890.8172,41.037529,-5.83954,-48.16267,0.300127,-0.18639,-0.39795101
117.9396,21890.8373,41.092205,-6.020764,-48.139057,0.29994699,-0.187841,-0.398204
117.9632,21890.8573,41.066162,-6.163708,-48.137981,0.299256,-0.188811,-0.398592
117.9803,21890.8774,40.975986,-6.260816,-48.187675,0.29815799,-0.189371,-0.399288
117.9996,21890.8975,40.911587,-6.263953,-48.299522,0.29747799,-0.18948001,-0.40017599
118.0223,21890.9175,40.894531,-6.226152,-48.444637,0.29724199,-0.189523,-0.40116301
118.0415,21890.9376,40.869114,-6.123246,-48.61998,0.297122,-0.189137,-0.40221101
118.0611,21890.9577,40.778442,-6.0664,-48.747368,0.29643101,-0.188756,-0.403081
118.0854,21890.9777,40.716568,-6.109834,-48.821774,0.29569101,-0.189069,-0.403795
118.1057,21890.9978,40.751476,-6.190382,-48.912868,0.29551801,-0.19001,-0.40464401
118.1239,21891.0178,40.781895,-6.120318,-49.038937,0.29578501,-0.189918,-0.405366
118.1432,21891.0379,40.715752,-5.971732,-49.195679,0.29555601,-0.189013,-0.406194
118.1617,21891.058,40.647167,-5.862888,-49.323395,0.29521799,-0.188317,-0.406914
118.1879,21891.078,40.627411,-5.86726,-49.40942,0.29491299,-0.18850601,-0.40757599
118.2125,21891.0981,40.656075,-5.820109,-49.466866,0.295201,-0.188401,-0.40785199
118.2293,21891.1181,40.632038,-5.657285,-49.56686,0.29543701,-0.187382,-0.40819001
118.2528,21891.1382,40.497734,-5.506711,-49.641926,0.294846,-0.186024,-0.408476
118.2638,21891.1583,40.376389,-5.472726,-49.709274,0.29394999,-0.185546,-0.408995
118.2826,21891.1783,40.334671,-5.592417,-49.776485,0.29310101,-0.186461,-0.409834
118.3005,21891.1984,40.357269,-5.680955,-49.901524,0.29274899,-0.187507,-0.41095999
118.3233,21891.2185,40.344315,-5.578537,-50.078861,0.29273,-0.18716399,-0.41201401
118.3398,21891.2385,40.203865,-5.386261,-50.237724,0.29211399,-0.18568701,-0.41282001
118.3594,21891.2586,40.023861,-5.323774,-50.333706,0.29083899,-0.18486799,-0.413533
118.3874,21891.2786,39.984558,-5.315682,-50.391777,0.290481,-0.184824,-0.41397601
118.4047,21891.2987,40.074516,-5.224058,-50.412769,0.29144999,-0.184506,-0.41381401
118.4206,21891.3187,40.055466,-5.165695,-50.423046,0.291502,-0.184039,-0.41375899
118.4428,21891.3387,40.019535,-5.155676,-50.470234,0.29119399,-0.183964,-0.414114
118.4665,21891.3587,40.074245,-5.123978,-50.540684,0.29160401,-0.184095,-0.4145
118.4915,21891.3787,40.118481,-5.061298,-50.616566,0.29203901,-0.18397699,-0.41485599
118.5096,21891.3987,40.124481,-5.018883,-50.700275,0.29210299,-0.183899,-0.41535699
118.5225,21891.4187,40.167774,-4.985466,-50.742031,0.29247999,-0.183907,-0.415537
118.5456,21891.4387,40.241562,-4.920182,-50.771053,0.29322001,-0.183752,-0.415512
118.5758,21891.4588,40.274082,-4.770618,-50.85154,0.29387599,-0.182971,-0.41568801
118.5933,21891.4788,40.287106,-4.542159,-51.018253,0.29453701,-0.181767,-0.41631201
118.6065,21891.4988,40.349239,-4.420579,-51.159672,0.29521701,-0.18145201,-0.41697401
118.628,21891.5188,40.448727,-4.476608,-51.210224,0.295672,-0.18233401,-0.41738799
118.6449,21891.5389,40.553261,-4.513033,-51.200794,0.29633099,-0.182935,-0.41730699
118.663,21891.5589,40.602921,-4.437742,-51.1856,0.29699799,-0.182514,-0.41694999
118.6845,21891.5789,40.577812,-4.38809,-51.170033,0.29701701,-0.182024,-0.416733
118.7022,21891.599,40.582924,-4.447791,-51.147968,0.296873,-0.182422,-0.41672099
118.7279,21891.619,40.712074,-4.54761,-51.092487,0.29755801,-0.183451,-0.41644201
118.754,21891.639,40.869568,-4.638207,-51.030628,0.298498,-0.18449099,-0.41606501
118.7674,21891.659,40.884918,-4.670935,-51.026421,0.2985,-0.184772,-0.41610399
118.7908,21891.6791,40.778942,-4.622669,-51.10981,0.29775399,-0.184274,-0.41669601
118.8091,21891.6991,40.737156,-4.568004,-51.184875,0.29752201,-0.183926,-0.417146
118.8248,21891.7191,40.785446,-4.530002,-51.208393,0.29798099,-0.183874,-0.41716999
118.8445,21891.7392,40.812534,-4.487689,-51.204784,0.29834199,-0.18364801,-0.41700599
118.8696,21891.7592,40.778831,-4.485697,-51.162952,0.29816601,-0.18340901,-0.416729
118.894,21891.7792,40.742035,-4.515117,-51.149693,0.29780701,-0.18346401,-0.41674599
118.9135,21891.7992,40.717644,-4.438482,-51.20023,0.297824,-0.182951,-0.416942
118.9267,21891.8193,40.657604,-4.392956,-51.262321,0.297445,-0.18257301,-0.41734001
118.9447,21891.8393,40.628361,-4.441374,-51.25819,0.29705799,-0.182816,-0.417465
118.9637,21891.8593,40.689606,-4.533768,-51.19273,0.297281,-0.183533,-0.41716301
118.9879,21891.8794,40.78196,-4.578126,-51.128647,0.29790801,-0.184007,-0.416715
119.0131,21891.8994,40.801056,-4.590617,-51.115231,0.298026,-0.184129,-0.41663
119.0286,21891.9194,40.804214,-4.5623,-51.18462,0.29804099,-0.184113,-0.417061
119.0447,21891.9394,40.794266,-4.510736,-51.286705,0.29799101,-0.18396699,-0.41768399
119.0682,21891.9595,40.809433,-4.530673,-51.358723,0.29791501,-0.184352,-0.41824701
119.0852,21891.9795,40.88665,-4.527945,-51.387749,0.29845101,-0.184673,-0.41837299
119.111,21891.9995,40.978451,-4.493764,-51.368618,0.29928699,-0.184688,-0.41804901
119.1284,21892.0196,41.0401,-4.463262,-51.344601,0.29989401,-0.184614,-0.41773
119.1464,21892.0396,41.078323,-4.493415,-51.345509,0.30006599,-0.18496799,-0.41777599
119.1685,21892.0595,41.124359,-4.527114,-51.406227,0.30018601,-0.18553101,-0.41826001
119.1858,21892.0795,41.138958,-4.438044,-51.530205,0.300419,-0.185256,-0.418917
119.2163,21892.0995,41.093952,-4.313567,-51.657364,0.300336,-0.184525,-0.41956601
119.2283,21892.1195,41.065395,-4.243956,-51.726929,0.30026799,-0.184101,-0.41992199
119.2406,21892.1395,41.108311,-4.268289,-51.749962,0.300459,-0.184487,-0.42010799
119.2691,21892.1595,41.160336,-4.29734,-51.74955,0.30073801,-0.18487801,-0.42012599
119.2877,21892.1795,41.170525,-4.277552,-51.786114,0.300827,-0.184865,-0.42032999
119.3034,21892.1995,41.158672,-4.223251,-51.857811,0.300823,-0.184616,-0.42072299
119.3337,21892.2195,41.174458,-4.169955,-51.920197,0.30103499,-0.18444601,-0.42102101
119.3467,21892.2395,41.226177,-4.105081,-51.963997,0.30158499,-0.184268,-0.421114
119.3622,21892.2595,41.266544,-4.035069,-51.997784,0.302086,-0.18398701,-0.421132
119.3825,21892.2795,41.299896,-3.919395,-52.08036,0.302625,-0.183478,-0.42139199
119.4061,21892.2995,41.327717,-3.794835,-52.215157,0.30307299,-0.183024,-0.422014
119.4231,21892.3195,41.346931,-3.762658,-52.343636,0.303128,-0.18319701,-0.42284301
119.4401,21892.3395,41.349541,-3.74044,-52.450089,0.30305901,-0.18332601,-0.423556
119.4634,21892.3595,41.346802,-3.592952,-52.558678,0.30341101,-0.182531,-0.42395899
119.483,21892.3795,41.313919,-3.385054,-52.664738,0.30377001,-0.181183,-0.42421699
119.5033,21892.3995,41.273407,-3.286436,-52.730236,0.303734,-0.18049601,-0.42447901
119.5225,21892.4195,41.278576,-3.315249,-52.733608,0.30366001,-0.180733,-0.42457399
119.5458,21892.4395,41.3675,-3.374735,-52.706654,0.30413601,-0.181409,-0.42443299
119.566,21892.4594,41.425446,-3.329055,-52.702404,0.30473799,-0.181271,-0.42421401
119.5877,21892.4794,41.391197,-3.232686,-52.702251,0.30484301,-0.180448,-0.423996
119.6055,21892.4994,41.358006,-3.210614,-52.684914,0.304708,-0.180124,-0.42385
119.6286,21892.5194,41.41375,-3.306726,-52.628704,0.304851,-0.18087099,-0.423632
119.6477,21892.5394,41.504986,-3.436737,-52.531792,0.305195,-0.181881,-0.423168
119.668,21892.5594,41.573689,-3.525958,-52.394173,0.30559,-0.18240499,-0.422326
119.6934,21892.5795,41.634911,-3.540928,-52.322945,0.306099,-0.182539,-0.42177799
119.705,21892.5995,41.66885,-3.55273,-52.32254,0.306306,-0.182743,-0.42176801
119.7271,21892.6195,41.665421,-3.571728,-52.353691,0.30616099,-0.182952,-0.42204899
119.7434,21892.6395,41.660618,-3.564325,-52.36689,0.30613199,-0.182917,-0.422131
119.767,21892.6596,41.672791,-3.484573,-52.399658,0.306463,-0.182467,-0.422142
119.7903,21892.6796,41.686287,-3.41213,-52.431194,0.306779,-0.182072,-0.422162
119.8073,21892.6996,41.690182,-3.431848,-52.436798,0.30672601,-0.182244,-0.42225099
119.8294,21892.7197,41.693371,-3.533139,-52.436222,0.30637699,-0.18299,-0.42251399
119.8423,21892.7397,41.673214,-3.570361,-52.478485,0.30602399,-0.183303,-0.42294401
119.8763,21892.7597,41.634678,-3.584911,-52.489655,0.30566901,-0.183303,-0.42310801
119.8914,21892.7797,41.603825,-3.701216,-52.436855,0.30509701,-0.183899,-0.423069
119.9055,21892.7998,41.594173,-3.875726,-52.344261,0.30453101,-0.18488801,-0.42287099
119.9439,21892.8198,41.613144,-4.014874,-52.257278,0.30429801,-0.185735,-0.42258701
119.9501,21892.8398,41.646431,-4.032643,-52.229336,0.30452299,-0.18590599,-0.42239401
119.9615,21892.8599,41.712822,-4.039602,-52.217903,0.30500501,-0.186158,-0.42225599
119.9813,21892.8799,41.80275,-4.212479,-52.151443,0.30513901,-0.18755101,-0.42213401
120.0027,21892.8999,41.916317,-4.411234,-52.051064,0.30540901,-0.18912201,-0.42181
120.0241,21892.9199,42.019848,-4.582216,-51.969547,0.30567801,-0.190505,-0.42156199
120.0416,21892.94,42.043144,-4.637247,-51.965462,0.30565399,-0.190974,-0.42165399
120.0657,21892.96,42.007816,-4.600049,-52.016193,0.305446,-0.190717,-0.42196101
120.0879,21892.98,42.031612,-4.548503,-52.078312,0.30570799,-0.19059099,-0.42224899
120.1077,21893.0001,42.09304,-4.561573,-52.167305,0.30596399,-0.191136,-0.42286301
120.1272,21893.0201,42.123543,-4.591929,-52.272266,0.30590099,-0.191742,-0.42367199
120.1525,21893.0401,42.110863,-4.562466,-52.386318,0.30572599,-0.191789,-0.42443401
120.1631,21893.0601,42.095043,-4.537303,-52.470482,0.30556199,-0.19177601,-0.42499399
120.1848,21893.0802,42.087605,-4.565539,-52.533405,0.30529699,-0.192122,-0.425533
120.2179,21893.1002,42.123493,-4.612799,-52.560486,0.30533999,-0.192662,-0.425816
120.2265,21893.1202,42.19463,-4.609726,-52.609966,0.30579099,-0.19302,-0.42608801
120.2438,21893.1403,42.223324,-4.635525,-52.672695,0.30579999,-0.19347399,-0.426579
120.2644,21893.1603,42.222733,-4.67121,-52.724003,0.305576,-0.193867,-0.427046
120.2849,21893.1803,42.231113,-4.631583,-52.773232,0.305702,-0.19374099,-0.42728701
120.3078,21893.2003,42.228722,-4.527069,-52.881844,0.30589101,-0.193267,-0.42779601
120.3379,21893.2203,42.27,-4.426941,-52.992737,0.30638099,-0.192985,-0.42828399
120.3574,21893.2403,42.347004,-4.441412,-53.043392,0.306806,-0.193496,-0.42860201
120.3674,21893.2603,42.411018,-4.443207,-53.052567,0.307253,-0.19375899,-0.428601
120.3859,21893.2803,42.409229,-4.367469,-53.087624,0.307464,-0.19329999,-0.428653
120.4066,21893.3003,42.361053,-4.268935,-53.142136,0.30738801,-0.19256499,-0.428837
120.4265,21893.3203,42.359848,-4.270302,-53.152817,0.307356,-0.192599,-0.42891899
120.4438,21893.3404,42.445217,-4.308195,-53.137749,0.30786499,-0.19313399,-0.42881501
120.4683,21893.3604,42.521992,-4.26776,-53.129654,0.30859199,-0.19309101,-0.42855999
120.4901,21893.3804,42.508892,-4.216531,-53.119938,0.30870399,-0.19264901,-0.42836699
120.5039,21893.4005,42.47496,-4.225264,-53.096058,0.30846301,-0.19252799,-0.42825699
120.524,21893.4205,42.514664,-4.25687,-53.080894,0.30866101,-0.192855,-0.42818701
120.5495,21893.4405,42.593929,-4.247129,-53.100418,0.30924499,-0.19311699,-0.428211
120.5698,21893.4605,42.625839,-4.172107,-53.162136,0.30965501,-0.192855,-0.428417
120.5891,21893.4806,42.578327,-4.102299,-53.186764,0.30952701,-0.19225,-0.42846099
120.6107,21893.5006,42.527237,-4.117221,-53.161907,0.30913901,-0.19211,-0.428381
120.6245,21893.5206,42.541615,-4.163969,-53.152119,0.30908599,-0.192472,-0.42842001
120.645,21893.5407,42.59621,-4.157497,-53.172157,0.30947599,-0.192672,-0.42848399
120.6674,21893.5607,42.634785,-4.109424,-53.20256,0.30988699,-0.192544,-0.42852899
120.6916,21893.5807,42.589901,-4.116138,-53.19025,0.30955401,-0.19239999,-0.42851001
120.7067,21893.6007,42.539116,-4.117684,-53.156132,0.30923399,-0.19214,-0.42832699
120.7344,21893.6208,42.559452,-4.082831,-53.156776,0.30951199,-0.191962,-0.42821401
120.7471,21893.6408,42.600101,-4.028245,-53.190987,0.30995601,-0.19180401,-0.42826599
120.7658,21893.6608,42.603962,-4.001298,-53.20002,0.31007001,-0.19164801,-0.42825401
120.7865,21893.6809,42.621067,-4.004904,-53.161987,0.31024501,-0.191631,-0.42796901
120.8039,21893.7009,42.690441,-4.041644,-53.101978,0.310716,-0.19197901,-0.42755499
120.8288,21893.7209,42.724171,-4.045037,-53.08411,0.31097999,-0.192074,-0.427396
120.8673,21893.7409,42.677452,-3.972774,-53.111485,0.310862,-0.191462,-0.427452
120.8692,21893.761,42.656376,-3.915148,-53.125053,0.3109,-0.191008,-0.42741799
120.8915,21893.781,42.735725,-3.946446,-53.076485,0.311445,-0.191383,-0.42706001
120.9107,21893.801,42.833534,-3.981943,-53.0144,0.312132,-0.191815,-0.42659399
120.9219,21893.8211,42.813511,-3.956832,-52.97728,0.312141,-0.191462,-0.42628101
120.942,21893.8411,42.727123,-3.880007,-52.979488,0.311791,-0.19060899,-0.42618901
120.9673,21893.8611,42.700413,-3.876947,-52.967453,0.311627,-0.19046,-0.42612499
121.0078,21893.8811,42.759979,-3.954045,-52.923809,0.311849,-0.191108,-0.42594999
121.0137,21893.9011,42.817856,-3.999796,-52.888203,0.31216201,-0.19154499,-0.42574999
121.028,21893.9211,42.816624,-3.987978,-52.873764,0.31222099,-0.191416,-0.42561501
121.0425,21893.9411,42.761303,-3.982361,-52.863514,0.311854,-0.191153,-0.42559001
121.0621,21893.9611,42.734684,-3.987432,-52.82827,0.311699,-0.191,-0.42537999
121.0971,21893.9811,42.796944,-4.01693,-52.773994,0.31213599,-0.191284,-0.42499599
121.1105,21894.0011,42.890362,-4.086881,-52.761864,0.312581,-0.192084,-0.42499101
121.123,21894.0211,42.877243,-4.129807,-52.764725,0.31232101,-0.19235601,-0.42514399
121.1442,21894.0411,42.779041,-4.129358,-52.759502,0.31161201,-0.191994,-0.42521799
121.167,21894.0611,42.761662,-4.125219,-52.722557,0.311562,-0.19180299,-0.42495999
121.1877,21894.0811,42.847458,-4.145904,-52.687305,0.31217301,-0.192157,-0.42466301
121.2084,21894.1011,42.941456,-4.164995,-52.66811,0.312823,-0.192571,-0.42446801
121.2348,21894.121,42.89777,-4.161789,-52.653088,0.31253999,-0.19235399,-0.42440099
121.2479,21894.141,42.793983,-4.17454,-52.633694,0.31176499,-0.192031,-0.42441499
121.2762,21894.161,42.797459,-4.188613,-52.63023,0.311744,-0.19213501,-0.42442399
121.2905,21894.181,42.862236,-4.16232,-52.638073,0.31230301,-0.192193,-0.424335
121.3149,21894.201,42.857117,-4.142721,-52.660732,0.3123,-0.192095,-0.42445099
121.3374,21894.2211,42.794067,-4.14568,-52.664383,0.31182101,-0.19190601,-0.42455801
121.3488,21894.2411,42.833866,-4.147219,-52.673206,0.31209201,-0.19208001,-0.42458001
121.3674,21894.2611,42.863304,-4.169595,-52.680904,0.31221199,-0.192366,-0.42466301
121.3871,21894.2811,42.806149,-4.183089,-52.694706,0.31172001,-0.19230101,-0.42486501
121.4041,21894.3012,42.682365,-4.16743,-52.740631,0.310794,-0.191879,-0.42529601
121.4239,21894.3212,42.530113,-4.168949,-52.774914,0.30961499,-0.191449,-0.425722
121.4491,21894.3412,42.497215,-4.144013,-52.829685,0.30937499,-0.191301,-0.42608801
121.4657,21894.3613,42.560989,-4.098918,-52.853153,0.309971,-0.19126301,-0.426063
121.4829,21894.3813,42.61705,-4.009603,-52.858913,0.31070399,-0.19083001,-0.425798
121.5181,21894.4013,42.640205,-3.910308,-52.863392,0.31123501,-0.19020601,-0.42553401
121.5313,21894.4213,42.717823,-3.83997,-52.867348,0.312058,-0.189982,-0.42528099
121.5462,21894.4414,42.848694,-3.873676,-52.838924,0.312938,-0.19060799,-0.42501399
121.5705,21894.4614,42.946018,-3.910378,-52.82642,0.313535,-0.191181,-0.42491001
121.5886,21894.4814,42.936329,-3.86555,-52.830765,0.31362301,-0.190835,-0.42482999
121.6036,21894.5015,42.903233,-3.764371,-52.866867,0.313696,-0.19008701,-0.424853
121.6283,21894.5215,42.945805,-3.758703,-52.884697,0.313999,-0.190245,-0.424916
121.6457,21894.5415,43.010414,-3.888297,-52.825287,0.31409001,-0.191245,-0.424766
121.663,21894.5615,43.028172,-3.951088,-52.743404,0.31412399,-0.19153599,-0.424326
121.6846,21894.5816,42.99379,-3.923099,-52.680466,0.31408101,-0.19104099,-0.42383501
121.7062,21894.6016,42.996689,-3.887181,-52.642658,0.314298,-0.190688,-0.42346001
121.7266,21894.6216,43.04261,-3.911599,-52.586838,0.31463701,-0.190872,-0.42307001
121.7502,21894.6416,43.103325,-4.005325,-52.519505,0.31484801,-0.191576,-0.42276999
121.7773,21894.6617,43.152748,-4.075269,-52.468735,0.31503701,-0.192114,-0.42253801
121.7837,21894.6817,43.154171,-4.086503,-52.445454,0.315045,-0.192136,-0.42239901
121.8091,21894.7017,43.127289,-4.094468,-52.438774,0.31483001,-0.192082,-0.42240399
121.8262,21894.7218,43.126102,-4.119676,-52.432365,0.31473899,-0.192242,-0.42242801
121.8446,21894.7418,43.166172,-4.134548,-52.402493,0.31502801,-0.192407,-0.422207
121.8808,21894.7618,43.225517,-4.150077,-52.375484,0.315451,-0.192651,-0.42198601
121.8869,21894.7819,43.258446,-4.161086,-52.276054,0.315819,-0.192571,-0.42126
121.9084,21894.8019,43.268192,-4.166935,-52.057373,0.31623599,-0.192044,-0.41968399
121.9414,21894.8219,43.278923,-4.183171,-51.901112,0.316517,-0.19176701,-0.41858599
121.943,21894.8419,43.300175,-4.171074,-51.766651,0.31694201,-0.19138101,-0.417555
121.9638,21894.8619,43.322571,-4.143242,-51.694656,0.31732801,-0.191057,-0.416931
121.985,21894.8819,43.336777,-4.11099,-51.610275,0.31769001,-0.19063801,-0.41621399
122.0038,21894.9019,43.390427,-4.079936,-51.531971,0.31832701,-0.19037899,-0.415499
122.0227,21894.9219,43.478912,-4.128121,-51.41341,0.31900001,-0.19070099,-0.414673
122.0469,21894.9418,43.44503,-4.192502,-51.366554,0.31859601,-0.19092201,-0.41455099
122.0678,21894.9618,43.34417,-4.149,-51.444695,0.317882,-0.19047999,-0.41511101
122.0842,21894.9818,43.284657,-4.074881,-51.510357,0.31760401,-0.18992101,-0.41544899
122.1043,21895.0018,43.289207,-4.014872,-51.516369,0.31784499,-0.189518,-0.41532099
122.1257,21895.0218,43.349083,-3.971997,-51.49054,0.318483,-0.18934,-0.41494599
122.1494,21895.0418,43.438526,-4.008958,-51.442493,0.31908599,-0.18978,-0.41459799
122.1758,21895.0618,43.47966,-4.120811,-51.375496,0.31909499,-0.19054499,-0.414377
122.1936,21895.0818,43.458897,-4.174977,-51.283203,0.31889999,-0.19061001,-0.41388199
122.2076,21895.1018,43.453114,-4.157369,-51.235142,0.31900099,-0.190329,-0.41349101
122.2278,21895.1218,43.494797,-4.179268,-51.214462,0.31926301,-0.19057199,-0.41335499
122.2454,21895.1418,43.525417,-4.250139,-51.220711,0.319222,-0.19120701,-0.41356301
122.2676,21895.1618,43.499981,-4.273775,-51.252888,0.318896,-0.19138201,-0.41389099
122.2994,21895.1818,43.492561,-4.240397,-51.320557,0.318849,-0.191303,-0.41429701
122.3069,21895.2018,43.547752,-4.179556,-51.391064,0.31935701,-0.191246,-0.41457599
122.3454,21895.2218,43.57922,-4.115149,-51.425365,0.31976399,-0.190982,-0.41460899
122.3513,21895.2418,43.561249,-4.066452,-51.463352,0.319745,-0.19067401,-0.41476899
122.3637,21895.2618,43.545147,-4.04552,-51.497299,0.319646,-0.19056199,-0.41497499
122.3848,21895.2818,43.558655,-4.077973,-51.517578,0.319594,-0.1909,-0.41519701
122.407,21895.3018,43.579597,-4.160341,-51.494972,0.31948701,-0.191505,-0.41523901
122.4226,21895.3217,43.592625,-4.194236,-51.44408,0.319545,-0.191653,-0.41495001
122.4427,21895.3417,43.607868,-4.157751,-51.426727,0.31981799,-0.191392,-0.41470501
122.4667,21895.3617,43.588055,-4.155913,-51.417252,0.319695,-0.191285,-0.41465399
122.4856,21895.3817,43.585762,-4.223055,-51.395199,0.31947199,-0.19170199,-0.414684
122.5062,21895.4017,43.623207,-4.284516,-51.396282,0.31952301,-0.192278,-0.414821
122.5305,21895.4217,43.627831,-4.307516,-51.419247,0.319435,-0.192524,-0.41504601
122.5487,21895.4417,43.576195,-4.264052,-51.473579,0.31912199,-0.192185,-0.41537699
122.5744,21895.4617,43.536472,-4.201713,-51.549484,0.31892899,-0.191809,-0.41579801
122.5892,21895.4817,43.497524,-4.230664,-51.569214,0.31850499,-0.19194099,-0.41606599
122.6057,21895.5017,43.462589,-4.354954,-51.484627,0.31793901,-0.192487,-0.415838
122.6258,21895.5217,43.477112,-4.449308,-51.382019,0.31787601,-0.192935,-0.41534001
122.6477,21895.5417,43.543194,-4.515323,-51.323151,0.31822199,-0.19347399,-0.415023
122.6746,21895.5617,43.63052,-4.578617,-51.280071,0.318708,-0.19410899,-0.41479
122.6932,21895.5817,43.716034,-4.660134,-51.206333,0.31916699,-0.194783,-0.414388
122.7063,21895.6017,43.783592,-4.770977,-51.109169,0.31942901,-0.19554301,-0.413919
122.7256,21895.6217,43.774399,-4.840763,-51.057289,0.31919801,-0.19587301,-0.413748
122.7439,21895.6417,43.703526,-4.79172,-51.093235,0.31879199,-0.195379,-0.41394901
122.7656,21895.6617,43.638985,-4.720128,-51.177071,0.31843299,-0.194876,-0.414428
122.7891,21895.6817,43.64056,-4.737998,-51.253433,0.31825,-0.195223,-0.41502899
122.8037,21895.7017,43.666073,-4.774058,-51.321404,0.31819099,-0.195759,-0.415593
122.834,21895.7217,43.620064,-4.71504,-51.391605,0.317947,-0.195371,-0.415988
122.8516,21895.7416,43.550365,-4.653223,-51.458,0.31754601,-0.19487099,-0.416374
122.8685,21895.7616,43.517071,-4.650566,-51.480854,0.31727201,-0.194802,-0.41656899
122.8874,21895.7816,43.542515,-4.724968,-51.435421,0.31726599,-0.195301,-0.41641799
122.9071,21895.8016,43.587658,-4.785925,-51.351952,0.31751901,-0.195664,-0.41593301
122.9233,21895.8216,43.612514,-4.816388,-51.26968,0.31773201,-0.195741,-0.41539499
122.9494,21895.8416,43.636387,-4.842176,-51.229324,0.31788301,-0.195896,-0.41514799
122.9677,21895.8616,43.660351,-4.897522,-51.218185,0.31787801,-0.196347,-0.41519499
122.987,21895.8816,43.675415,-4.936582,-51.241573,0.31780699,-0.19674499,-0.415456
123.0086,21895.9016,43.666,-4.947569,-51.284595,0.317624,-0.19691201,-0.41580799
123.0277,21895.9216,43.686481,-4.925451,-51.313698,0.31780499,-0.19690201,-0.41593501
123.0494,21895.9416,43.758541,-4.934012,-51.347855,0.31824499,-0.197302,-0.416127
123.0871,21895.9616,43.791618,-4.951378,-51.388611,0.31835499,-0.197653,-0.41643399
123.1016,21895.9816,43.737511,-4.914125,-51.445805,0.317994,-0.197359,-0.416803
123.1064,21896.0016,43.652313,-4.871626,-51.487431,0.317451,-0.196879,-0.41707999
123.1273,21896.0216,43.645344,-4.906001,-51.488316,0.31727299,-0.197106,-0.417189
123.1445,21896.0416,43.729221,-4.970722,-51.467358,0.31769001,-0.1978,-0.41712499
123.1646,21896.0616,43.798122,-4.988695,-51.489304,0.318093,-0.19822399,-0.41725799
123.1898,21896.0816,43.789509,-4.995985,-51.569756,0.317864,-0.19847099,-0.417869
123.2122,21896.1016,43.742832,-4.990412,-51.63932,0.31742099,-0.198465,-0.41840699
123.2289,21896.1216,43.689114,-5.032674,-51.676762,0.316807,-0.198691,-0.41885301
123.2503,21896.1416,43.680347,-5.044816,-51.730583,0.316605,-0.198898,-0.419285
123.2697,21896.1615,43.712543,-5.002818,-51.813629,0.31685099,-0.198934,-0.41973299
123.286,21896.1815,43.741917,-4.972466,-51.85553,0.317105,-0.19893099,-0.41991901
123.307,21896.2015,43.75378,-5.026928,-51.847141,0.31700701,-0.199341,-0.41999599
123.3337,21896.2215,43.705093,-5.102171,-51.809788,0.316439,-0.199615,-0.41998801
123.3468,21896.2415,43.65765,-5.112729,-51.803413,0.31606299,-0.199512,-0.42002299
123.365,21896.2615,43.647083,-5.10104,-51.816704,0.31600499,-0.19942801,-0.42009801
123.3897,21896.2815,43.62048,-5.084889,-51.825317,0.31585401,-0.19924501,-0.420145
123.4043,21896.3015,43.580307,-5.070704,-51.802914,0.31564999,-0.198944,-0.41998801
123.4256,21896.3215,43.600101,-5.117393,-51.761528,0.315696,-0.19923399,-0.41979599
123.4438,21896.3415,43.665508,-5.177561,-51.755295,0.31596699,-0.199874,-0.419846
123.4621,21896.3615,43.637043,-5.236589,-51.74873,0.31555301,-0.200185,-0.419992
123.488,21896.3815,43.55835,-5.224282,-51.79847,0.314933,-0.199965,-0.42040199
123.512,21896.4015,43.53949,-5.195092,-51.841908,0.31482601,-0.19981,-0.420656
123.5248,21896.4215,43.559147,-5.177521,-51.858372,0.31500599,-0.19979499,-0.42070499
123.5476,21896.4416,43.598915,-5.179121,-51.854572,0.315299,-0.19993199,-0.42063901
123.5681,21896.4616,43.658691,-5.196528,-51.818527,0.31573701,-0.20016199,-0.420362
123.5918,21896.4816,43.7057,-5.200449,-51.800686,0.31609899,-0.20030101,-0.42019299
123.6107,21896.5017,43.715679,-5.165703,-51.789021,0.31632,-0.20005199,-0.42000201
123.628,21896.5217,43.726273,-5.125271,-51.767826,0.31658301,-0.199738,-0.41972601
123.6457,21896.5417,43.757702,-5.210918,-51.73912,0.31654999,-0.20038299,-0.41972101
123.6663,21896.5617,43.776566,-5.346572,-51.702381,0.31625599,-0.201324,-0.41981
123.6865,21896.5818,43.770794,-5.36866,-51.711998,0.31611601,-0.201491,-0.419947
123.708,21896.6018,43.747467,-5.242762,-51.777508,0.316291,-0.200684,-0.42009699
123.7299,21896.6218,43.718185,-5.152847,-51.80875,0.316351,-0.200022,-0.42010599
123.7497,21896.6419,43.739147,-5.170166,-51.780998,0.31648999,-0.200142,-0.41993099
123.767,21896.6619,43.82666,-5.209781,-51.758274,0.317027,-0.200662,-0.419781
123.7932,21896.6819,43.902626,-5.184462,-51.751614,0.317689,-0.200719,-0.41958001
123.8098,21896.7019,43.896149,-5.113537,-51.756824,0.31789199,-0.20020001,-0.41942799
123.826,21896.722,43.823708,-5.120194,-51.716099,0.31740701,-0.199889,-0.41923201
123.8532,21896.742,43.824856,-5.169906,-51.645935,0.31735599,-0.200057,-0.41886199
123.8698,21896.762,43.915054,-5.156736,-51.592503,0.31816,-0.20012,-0.41834199
123.9126,21896.7821,43.926056,-5.162999,-51.562096,0.31827101,-0.20011801,-0.41812801
123.9159,21896.8021,43.850952,-5.171767,-51.551987,0.31770501,-0.199899,-0.418161
123.9322,21896.8222,43.77137,-5.185159,-51.506802,0.31715,-0.19960099,-0.41795799
123.9652,21896.8422,43.764145,-5.2267,-51.46862,0.31701201,-0.199771,-0.41780499
123.9708,21896.8623,43.821701,-5.257208,-51.446247,0.31736299,-0.200124,-0.41766599
123.9861,21896.8823,43.848595,-5.292257,-51.452469,0.317422,-0.20048501,-0.417779
124.0047,21896.9024,43.700985,-5.339186,-51.435593,0.31619501,-0.200279,-0.417945
124.0259,21896.9225,43.460228,-5.361675,-51.414585,0.31437799,-0.199571,-0.418111
124.0478,21896.9425,43.352135,-5.335534,-51.412655,0.31368101,-0.199012,-0.41813999
124.0662,21896.9626,43.463104,-5.337958,-51.42939,0.31446001,-0.19945,-0.41815001
124.0931,21896.9826,43.673435,-5.374973,-51.476681,0.31579,-0.20055801,-0.41837001
124.1064,21897.0027,43.714996,-5.409062,-51.475063,0.315974,-0.20094,-0.41840801
124.1294,21897.0227,43.60067,-5.354899,-51.439987,0.31539199,-0.200066,-0.418127
124.1498,21897.0427,43.52549,-5.338848,-51.430466,0.31491399,-0.19967,-0.41809401
124.1701,21897.0628,43.661758,-5.355362,-51.433586,0.315851,-0.200258,-0.418017
124.1913,21897.0828,43.857548,-5.373262,-51.424252,0.317242,-0.201022,-0.41779
124.2084,21897.1028,43.976509,-5.415102,-51.404236,0.31799901,-0.20166899,-0.41763401
124.2266,21897.1228,43.954529,-5.411996,-51.385944,0.31788099,-0.20152199,-0.41751701
124.2512,21897.1429,43.904957,-5.309133,-51.400936,0.31786501,-0.200654,-0.417393
124.2759,21897.1629,43.91555,-5.228485,-51.416187,0.31821001,-0.20015,-0.41726801
124.3121,21897.1829,43.950951,-5.247413,-51.412281,0.31840801,-0.200395,-0.417254
124.326,21897.203,43.909431,-5.314023,-51.379246,0.317918,-0.200644,-0.417245
124.3361,21897.223,43.878029,-5.250729,-51.386417,0.31790501,-0.200101,-0.417155
124.3534,21897.243,43.990875,-5.103621,-51.433941,0.31918699,-0.199552,-0.416967
124.3729,21897.2631,44.139351,-5.073597,-51.40382,0.32043901,-0.199752,-0.41650301
124.3885,21897.2831,44.182644,-5.142572,-51.354794,0.32059199,-0.200259,-0.41629499
124.4062,21897.3031,44.11969,-5.183053,-51.277805,0.320117,-0.200124,-0.415921
124.4266,21897.3231,44.051022,-5.190249,-51.228031,0.319673,-0.199806,-0.415656
124.4467,21897.3432,44.084091,-5.195074,-51.212303,0.31992599,-0.199908,-0.41552001
124.465,21897.3632,44.197773,-5.207768,-51.225262,0.32069299,-0.200418,-0.415526
124.4881,21897.3832,44.240173,-5.260888,-51.229084,0.32080501,-0.20095401,-0.415656
124.5179,21897.4033,44.2355,-5.21516,-51.226006,0.32094201,-0.2006,-0.41551101
124.5317,21897.4232,44.265415,-5.165704,-51.212322,0.321365,-0.200305,-0.415241
124.5503,21897.4432,44.357224,-5.20892,-51.232685,0.32184699,-0.200982,-0.415409
124.5713,21897.4632,44.396248,-5.273756,-51.255196,0.321859,-0.201644,-0.41571099
124.588,21897.4832,44.358864,-5.247611,-51.298012,0.32160401,-0.20145001,-0.41598701
124.6088,21897.5032,44.346199,-5.213081,-51.331284,0.321578,-0.201252,-0.41614401
124.6334,21897.5232,44.483082,-5.262396,-51.351444,0.322368,-0.202124,-0.416278
124.6495,21897.5432,44.673763,-5.41155,-51.360943,0.323208,-0.20386501,-0.416558
124.6665,21897.5632,44.678093,-5.515375,-51.336926,0.322905,-0.204559,-0.416673
124.6914,21897.5832,44.543625,-5.435452,-51.357201,0.322173,-0.20359001,-0.41674
124.7092,21897.6032,44.46788,-5.299447,-51.415867,0.32200801,-0.202521,-0.41686299
124.7299,21897.6232,44.523808,-5.321764,-51.458294,0.32226199,-0.202989,-0.41716999
124.7497,21897.6432,44.66325,-5.444257,-51.457428,0.32284001,-0.204337,-0.41735601
124.7708,21897.6632,44.761829,-5.471509,-51.443668,0.323488,-0.204825,-0.41722599
124.7962,21897.6832,44.763451,-5.373822,-51.469193,0.32381001,-0.2042,-0.41713199
124.8082,21897.7032,44.692844,-5.279862,-51.515678,0.32355201,-0.203418,-0.41727901
124.8308,21897.7232,44.682732,-5.274176,-51.526203,0.32348001,-0.203373,-0.41734999
124.8571,21897.7432,44.780193,-5.327103,-51.50555,0.324038,-0.204023,-0.417243
124.874,21897.7632,44.882519,-5.365702,-51.500622,0.32465601,-0.204631,-0.41720399
124.9023,21897.7832,44.974525,-5.352269,-51.542377,0.325304,-0.204962,-0.417364
124.912,21897.8032,45.085651,-5.336624,-51.602844,0.32606599,-0.205395,-0.41762999
124.9313,21897.8231,45.12907,-5.347194,-51.65696,0.32624799,-0.205771,-0.41800001
124.9489,21897.8431,45.004528,-5.366994,-51.675716,0.32523099,-0.205547,-0.41833001
124.9648,21897.8631,44.896633,-5.304522,-51.689369,0.32464501,-0.20477299,-0.41837099
124.9876,21897.8832,44.941917,-5.235558,-51.752838,0.325115,-0.204611,-0.41858101
125.0056,21897.9032,45.042778,-5.296887,-51.774223,0.32559001,-0.205452,-0.41879499
125.0248,21897.9232,45.092426,-5.395595,-51.751637,0.32563299,-0.206264,-0.41885799
125.0475,21897.9432,45.018654,-5.400356,-51.723904,0.32512599,-0.205971,-0.41875499
125.0673,21897.9633,44.933243,-5.3407,-51.720577,0.324725,-0.205245,-0.418657
125.0895,21897.9833,44.907257,-5.380126,-51.710457,0.32440901,-0.205412,-0.41872501
125.111,21898.0033,44.881027,-5.523433,-51.669456,0.32376701,-0.206237,-0.418865
125.1273,21898.0234,44.810642,-5.641258,-51.65424,0.32284799,-0.20680299,-0.41916499
125.1508,21898.0434,44.820004,-5.623905,-51.697998,0.32290101,-0.206833,-0.41942
125.1766,21898.0634,44.976177,-5.585264,-51.842159,0.32392499,-0.207489,-0.420174
125.1911,21898.0834,45.12138,-5.649914,-51.959114,0.32453701,-0.208774,-0.42103499
125.2062,21898.1035,45.189419,-5.644169,-52.01355,0.324956,-0.209117,-0.42133299
125.2323,21898.1235,45.1376,-5.4712,-52.120506,0.325019,-0.20800599,-0.421666
125.2496,21898.1435,44.999821,-5.298732,-52.284424,0.324352,-0.20676699,-0.42250699
125.2655,21898.1636,44.965809,-5.178097,-52.509243,0.32414401,-0.206423,-0.423814
125.2957,21898.1836,45.084019,-4.963055,-52.815102,0.32525101,-0.206158,-0.425255
125.3112,21898.2036,45.319916,-4.827159,-52.950489,0.327227,-0.206388,-0.425556
125.3392,21898.2236,45.561234,-4.830932,-52.970139,0.32892999,-0.207306,-0.42541799
125.3568,21898.2437,45.698048,-4.795934,-53.010891,0.329979,-0.207647,-0.42544299
125.3707,21898.2637,45.756409,-4.724089,-53.099724,0.33050799,-0.20759299,-0.425798
125.3863,21898.2837,45.749611,-4.618834,-53.225716,0.33062199,-0.207183,-0.42640001
125.4089,21898.3038,45.760303,-4.401192,-53.311249,0.33135501,-0.205917,-0.42636701
125.4247,21898.3238,45.84066,-4.271925,-53.267384,0.33249599,-0.20514999,-0.42557999
125.4462,21898.3438,45.961773,-4.244735,-53.171398,0.33364499,-0.205099,-0.424665
125.47,21898.3638,45.973183,-4.194687,-53.160851,0.33393201,-0.204752,-0.42443001
125.4894,21898.3839,45.884129,-4.117966,-53.130295,0.333626,-0.203806,-0.424101
125.5068,21898.4039,45.796043,-4.086826,-53.042614,0.33325899,-0.203022,-0.42349601
125.5267,21898.4239,45.802513,-4.078384,-52.960735,0.333482,-0.202746,-0.42287901
125.5459,21898.444,45.872574,-4.127336,-52.904877,0.33390799,-0.20317601,-0.422535
125.5741,21898.464,45.876598,-4.279922,-52.82637,0.333514,-0.20405,-0.422414
125.5882,21898.484,45.767601,-4.357029,-52.809235,0.33247,-0.204174,-0.42265099
125.607,21898.504,45.566795,-4.247005,-52.891094,0.331274,-0.20293,-0.42316499
125.6277,21898.524,45.35305,-4.100567,-53.010406,0.33005399,-0.20148499,-0.42386001
125.6504,21898.544,45.313286,-4.0508,-53.096725,0.32979801,-0.201239,-0.42438301
125.6701,21898.564,45.497345,-4.053137,-53.163574,0.33100599,-0.20209099,-0.42463699
125.6869,21898.584,45.746471,-4.148448,-53.211639,0.33237201,-0.20378,-0.424943
125.7133,21898.6039,45.835037,-4.197005,-53.236839,0.33278799,-0.20450801,-0.425152
125.733,21898.6239,45.755589,-4.121115,-53.28487,0.33240899,-0.20382901,-0.425374
125.7506,21898.6439,45.623886,-4.023784,-53.319447,0.331756,-0.202775,-0.42550501
125.7696,21898.6639,45.536003,-4.003479,-53.314945,0.33120301,-0.202309,-0.42552501
125.7873,21898.6839,45.514332,-4.037567,-53.284691,0.330973,-0.202389,-0.42543501
125.8086,21898.7039,45.51458,-4.024278,-53.288151,0.331018,-0.202305,-0.425421
125.8354,21898.7239,45.534389,-3.96272,-53.341419,0.331296,-0.202089,-0.425598
125.8488,21898.7439,45.528381,-3.915507,-53.373753,0.33137101,-0.20182499,-0.42570001
125.8711,21898.7639,45.530071,-3.925068,-53.39064,0.33131799,-0.201948,-0.42584601
125.8919,21898.7839,45.540592,-3.952919,-53.405087,0.331265,-0.202225,-0.426016
125.9097,21898.8039,45.613518,-3.887052,-53.452965,0.33195299,-0.20215,-0.426074
125.9442,21898.8239,45.787598,-3.784405,-53.486984,0.33353299,-0.20212901,-0.42579499
125.9508,21898.8439,46.022343,-3.732817,-53.43552,0.335511,-0.202436,-0.42497399
125.9659,21898.8639,46.091927,-3.835784,-53.324768,0.33582801,-0.203089,-0.42439699
125.9867,21898.8839,46.069748,-3.89994,-53.260551,0.33554399,-0.20328,-0.42415601
126.0068,21898.9039,46.053272,-3.890679,-53.292824,0.33540201,-0.203251,-0.42438
126.0247,21898.9239,46.016605,-3.900243,-53.323009,0.33504799,-0.203279,-0.42467001
126.0467,21898.9439,46.024212,-3.918497,-53.320393,0.33504,-0.203428,-0.42469499
126.0721,21898.9639,46.081429,-3.951998,-53.256996,0.33544201,-0.20368101,-0.42426801
126.0925,21898.9839,46.112263,-3.985291,-53.228069,0.33559299,-0.203941,-0.42412001
126.1085,21899.0039,45.998905,-3.974482,-53.240234,0.33479199,-0.203504,-0.42432001
126.132,21899.0238,45.783249,-4.074899,-53.284744,0.33278099,-0.203596,-0.42520401
126.1454,21899.0438,45.769493,-4.082322,-53.358303,0.33252299,-0.203814,-0.425767
126.1707,21899.0638,45.973736,-4.110753,-53.40881,0.33380401,-0.204878,-0.42594999
126.1905,21899.0838,46.259224,-4.184117,-53.417618,0.33557799,-0.206424,-0.425863
126.2115,21899.1038,46.4109,-4.186528,-53.43412,0.33663401,-0.207019,-0.42579299
126.2335,21899.1238,46.370895,-4.144444,-53.464531,0.336447,-0.20667,-0.425937
126.2487,21899.1438,46.307144,-4.164563,-53.476803,0.33589,-0.206626,-0.42616501
126.2692,21899.1638,46.42392,-4.273776,-53.456573,0.33636299,-0.20774999,-0.42619199
126.2938,21899.1838,46.71954,-4.408318,-53.435188,0.338034,-0.209672,-0.42605799
126.3143,21899.2038,46.911961,-4.499918,-53.452892,0.339048,-0.211043,-0.42620799
126.3252,21899.2238,46.747421,-4.417471,-53.480545,0.33811799,-0.209968,-0.42637101
126.3512,21899.2438,46.509621,-4.332453,-53.475239,0.33672899,-0.20852,-0.42638701
126.3677,21899.2638,46.54092,-4.345067,-53.414764,0.33701801,-0.20854101,-0.425955
126.3881,21899.2838,46.746727,-4.42215,-53.35466,0.33832601,-0.209627,-0.425493
126.4057,21899.3038,46.849464,-4.455178,-53.342213,0.338967,-0.210181,-0.42537099
126.4298,21899.3238,46.754063,-4.402328,-53.360424,0.338442,-0.209529,-0.425466
126.4475,21899.3438,46.571613,-4.362195,-53.375122,0.337248,-0.208653,-0.42568499
126.4779,21899.3638,46.53405,-4.320979,-53.369118,0.33714101,-0.208212,-0.425569
126.4989,21899.3838,46.724434,-4.315978,-53.349972,0.338568,-0.208783,-0.42517501
126.5217,21899.4038,46.958717,-4.367761,-53.330772,0.34009999,-0.209907,-0.424891
126.5332,21899.4237,46.95491,-4.451877,-53.280479,0.33985299,-0.21034101,-0.42478901
126.5495,21899.4437,46.741539,-4.451852,-53.269039,0.33833501,-0.209567,-0.42498001
126.5666,21899.4637,46.573467,-4.399222,-53.281219,0.337295,-0.208646,-0.425125
126.5903,21899.4838,46.601582,-4.338856,-53.283291,0.33771801,-0.20832101,-0.42492601
126.6102,21899.5038,46.780411,-4.37136,-53.233322,0.33897901,-0.209025,-0.42443901
126.6325,21899.5238,46.962898,-4.49753,-53.139576,0.34,-0.210274,-0.423915
126.6517,21899.5439,46.957096,-4.527664,-53.048496,0.34001401,-0.210198,-0.42336601
126.6727,21899.5639,46.80257,-4.457064,-53.008572,0.339232,-0.20904499,-0.423069
126.6968,21899.5839,46.677456,-4.477708,-52.960819,0.338339,-0.208619,-0.42294899
126.7131,21899.6039,46.767357,-4.549114,-52.896809,0.338842,-0.20924699,-0.42259201
126.7348,21899.624,47.018406,-4.620712,-52.84166,0.34049299,-0.210455,-0.422097
126.752,21899.644,47.189644,-4.677036,-52.815632,0.34156999,-0.211364,-0.421864
126.7754,21899.664,47.12492,-4.657122,-52.794456,0.34121501,-0.21093801,-0.421736
126.7887,21899.6841,46.917145,-4.601877,-52.804897,0.33989799,-0.20986401,-0.42190701
126.8085,21899.7041,46.746742,-4.581144,-52.815121,0.33872399,-0.209162,-0.42213199
126.8317,21899.7241,46.792145,-4.697825,-52.801144,0.33864799,-0.210106,-0.42232099
126.8524,21899.7442,47.056217,-4.759824,-52.768726,0.340388,-0.211355,-0.42194501
126.8698,21899.7643,47.254913,-4.798524,-52.749184,0.341717,-0.21225099,-0.421673
126.8879,21899.7843,47.149349,-4.766868,-52.705921,0.341151,-0.211537,-0.421404
126.9156,21899.8044,46.962322,-4.644426,-52.759598,0.34015101,-0.210187,-0.421655
126.9303,21899.8245,46.86792,-4.617985,-52.813576,0.33946699,-0.20983499,-0.42207801
126.9487,21899.8445,46.814503,-4.753031,-52.770149,0.33866301,-0.210483,-0.422236
126.9711,21899.8646,46.866756,-4.83049,-52.707462,0.338871,-0.211027,-0.42195499
126.9994,21899.8847,47.033108,-4.792143,-52.692814,0.340242,-0.21128,-0.42153099
127.0148,21899.9048,47.12249,-4.807992,-52.668789,0.34087399,-0.21162599,-0.421296
127.0428,21899.9249,47.079807,-4.855379,-52.638741,0.34044701,-0.21172801,-0.42127699
127.0506,21899.945,46.994343,-4.893682,-52.622501,0.33971801,-0.21166,-0.421381
127.0718,21899.9651,46.992432,-4.858192,-52.631508,0.339818,-0.211428,-0.42134199
127.09,21899.9852,47.002468,-4.83012,-52.620502,0.34001401,-0.21122999,-0.421168
127.1111,21900.0053,46.957645,-4.886165,-52.549427,0.33961499,-0.211265,-0.420885
127.133,21900.0254,46.963394,-4.987313,-52.48996,0.33939499,-0.211827,-0.420755
127.153,21900.0456,47.038116,-5.040533,-52.469097,0.33977899,-0.21239699,-0.42067301
127.1709,21900.0657,47.083355,-4.994434,-52.502346,0.34021401,-0.212322,-0.420717
127.1914,21900.0858,47.078777,-4.907281,-52.521126,0.34046599,-0.211743,-0.42059699
127.2214,21900.1059,47.087864,-4.938269,-52.519012,0.340422,-0.211988,-0.420663
127.2392,21900.126,47.058327,-5.085808,-52.493923,0.33971301,-0.212861,-0.420959
127.2595,21900.1461,47.017372,-5.120016,-52.493324,0.33929199,-0.212963,-0.42110601
127.279,21900.1662,46.997181,-5.076775,-52.524384,0.33924699,-0.212679,-0.42122301
127.311,21900.1863,47.021252,-5.019494,-52.518887,0.33964199,-0.212338,-0.42098501
127.3119,21900.2064,47.10051,-5.073462,-52.482964,0.34008399,-0.21288399,-0.420793
127.3374,21900.2265,47.159512,-5.150517,-52.435123,0.34031701,-0.213489,-0.42061001
127.3516,21900.2465,47.202015,-5.158436,-52.448818,0.34057,-0.21373001,-0.420679
127.3691,21900.2666,47.195896,-5.10143,-52.503063,0.34063399,-0.213466,-0.42090201
127.3949,21900.2867,47.17337,-5.017164,-52.570099,0.34065601,-0.212991,-0.42115501
127.4097,21900.3068,47.145233,-5.050238,-52.612991,0.340251,-0.213257,-0.421592
127.4329,21900.3269,47.107815,-5.092525,-52.602196,0.339845,-0.21339799,-0.42168701
127.4503,21900.347,47.116959,-5.059842,-52.613201,0.340011,-0.21323,-0.421657
127.4696,21900.367,47.195602,-5.013886,-52.619461,0.34073699,-0.21319,-0.42146799
127.4901,21900.3871,47.306557,-5.023423,-52.598522,0.34154299,-0.21357299,-0.421211
127.522,21900.4071,47.347549,-5.092686,-52.543133,0.34168801,-0.214038,-0.42097399
127.54,21900.4272,47.308834,-5.149673,-52.486828,0.341304,-0.21414299,-0.42079201
127.5623,21900.4472,47.327297,-5.109587,-52.484005,0.34158999,-0.21391299,-0.42063001
127.5808,21900.4673,47.391205,-5.12927,-52.482281,0.34198299,-0.21426401,-0.420598
127.6,21900.4873,47.481125,-5.178366,-52.459244,0.34249601,-0.214848,-0.42047101
127.6136,21900.5073,47.534454,-5.170281,-52.440605,0.34294599,-0.21491501,-0.42024899
127.6354,21900.5273,47.498192,-5.145141,-52.419361,0.342816,-0.214551,-0.420068
127.6535,21900.5474,47.441891,-5.099658,-52.428799,0.342558,-0.214066,-0.420068
127.6704,21900.5674,47.427822,-5.070592,-52.466801,0.34249201,-0.213926,-0.420268
127.6952,21900.5874,47.46764,-5.109649,-52.480957,0.34261,-0.21438,-0.42043599
127.7118,21900.6075,47.48925,-5.16059,-52.455917,0.34262601,-0.21473899,-0.42038399
127.7284,21900.6275,47.49353,-5.164174,-52.418018,0.342715,-0.21466599,-0.42012101
127.7535,21900.6475,47.518497,-5.13809,-52.392445,0.34303901,-0.214489,-0.41983101
127.7687,21900.6674,47.579369,-5.158227,-52.397327,0.34339601,-0.21485201,-0.41985101
127.7992,21900.6874,47.625862,-5.099151,-52.412483,0.34391999,-0.214636,-0.41972399
127.813,21900.7074,47.593292,-5.052056,-52.403465,0.34387401,-0.214165,-0.419559
127.8296,21900.7274,47.582008,-5.097928,-52.381813,0.343665,-0.214387,-0.41955701
127.8528,21900.7474,47.624557,-5.139347,-52.390289,0.34380499,-0.21484999,-0.419689
127.8713,21900.7674,47.643715,-5.189512,-52.387379,0.34376499,-0.215261,-0.41979501
127.8991,21900.7874,47.630104,-5.166005,-52.407059,0.343716,-0.21510801,-0.41988099
127.9091,21900.8074,47.624809,-5.094023,-52.432831,0.34389299,-0.21465699,-0.41985399
127.947,21900.8274,47.624546,-5.090194,-52.417473,0.343934,-0.21458299,-0.419734
127.9487,21900.8474,47.605591,-5.166187,-52.411358,0.34353,-0.215039,-0.41994199
127.97,21900.8674,47.554974,-5.174114,-52.413151,0.34313199,-0.21493,-0.42004099
127.9902,21900.8874,47.519543,-5.108102,-52.412479,0.343119,-0.21434,-0.419882
128.0111,21900.9074,47.553616,-5.096268,-52.372074,0.34348401,-0.21425,-0.41951799
128.0307,21900.9274,47.647697,-5.139431,-52.310749,0.34412101,-0.21469,-0.41909701
128.0537,21900.9474,47.688763,-5.201071,-52.255608,0.34429601,-0.21510001,-0.418841
128.0697,21900.9674,47.644665,-5.229052,-52.250137,0.343885,-0.215133,-0.41894001
128.0882,21900.9874,47.591763,-5.216887,-52.290039,0.343472,-0.21498799,-0.41925099
128.1104,21901.0074,47.61356,-5.164482,-52.311031,0.34378201,-0.214753,-0.41921601
128.1332,21901.0274,47.691349,-5.163087,-52.294662,0.34437999,-0.214956,-0.419
128.15,21901.0474,47.740387,-5.252151,-52.254749,0.344484,-0.215633,-0.41892499
128.1837,21901.0673,47.753525,-5.269463,-52.269436,0.34448799,-0.21584401,-0.419065
128.2062,21901.0873,47.732956,-5.280902,-52.312134,0.344217,-0.215984,-0.41942701
128.2112,21901.1073,47.703911,-5.304044,-52.326118,0.343896,-0.21609201,-0.419631
128.233,21901.1273,47.721737,-5.263331,-52.329231,0.34416801,-0.215873,-0.41950899
128.2681,21901.1473,47.754337,-5.240722,-52.335739,0.34447399,-0.21584199,-0.419447
128.2779,21901.1673,47.762474,-5.263497,-52.333839,0.34445301,-0.21602499,-0.41949201
128.313,21901.1873,47.82056,-5.229751,-52.351013,0.344964,-0.216034,-0.41944101
128.3249,21901.2073,47.937057,-5.207952,-52.356873,0.34587401,-0.21629,-0.41927299
128.342,21901.2273,48.009373,-5.226302,-52.349308,0.34634301,-0.21664,-0.41918501
128.3583,21901.2474,47.960472,-5.25084,-52.348927,0.34590101,-0.216648,-0.41931701
128.3724,21901.2674,47.86734,-5.249601,-52.378014,0.34517801,-0.21641301,-0.41963401
128.3904,21901.2874,47.828712,-5.225482,-52.419094,0.34491,-0.216236,-0.4199
128.4133,21901.3075,47.839977,-5.203453,-52.439857,0.34503299,-0.216181,-0.419967
128.4294,21901.3275,47.881092,-5.160376,-52.438023,0.34549099,-0.21600901,-0.41977301
128.4517,21901.3475,47.896759,-5.16556,-52.428978,0.34560201,-0.21607099,-0.419705
128.4733,21901.3675,47.885582,-5.238669,-52.374241,0.345357,-0.21638601,-0.419552
128.5012,21901.3876,47.922821,-5.254006,-52.343861,0.34562701,-0.216528,-0.419337
128.5112,21901.4076,47.979172,-5.191681,-52.360329,0.34623101,-0.216327,-0.41919601
128.5377,21901.4276,48.023682,-5.080771,-52.407948,0.34686801,-0.215836,-0.41914201
128.5519,21901.4477,48.036724,-5.038429,-52.429207,0.34707701,-0.215645,-0.419148
128.5755,21901.4677,48.080914,-5.081925,-52.400425,0.34729099,-0.216015,-0.41902101
128.599,21901.4877,48.131653,-5.050941,-52.407993,0.347756,-0.21599001,-0.418917
128.6123,21901.5077,48.089268,-4.986965,-52.436256,0.34763101,-0.21548,-0.41897601
128.6321,21901.5278,48.041058,-4.937024,-52.466496,0.34740901,-0.215055,-0.419099
128.6541,21901.5478,48.021442,-4.981524,-52.457363,0.34712201,-0.215276,-0.41919401
128.6746,21901.5678,48.043674,-4.992347,-52.427422,0.34729901,-0.21533699,-0.41898701
128.701,21901.5879,48.083851,-4.938156,-52.401249,0.34783599,-0.21501,-0.418587
128.7133,21901.6079,48.069828,-4.907434,-52.383125,0.34788099,-0.21469,-0.418383
128.731,21901.6279,48.027767,-4.964427,-52.327904,0.347473,-0.214784,-0.41821799
128.7512,21901.6479,48.020779,-5.084736,-52.255802,0.347119,-0.21539401,-0.41808099
128.7759,21901.668,48.042683,-5.148467,-52.213608,0.34712401,-0.215791,-0.41794801
128.7968,21901.688,48.099689,-5.11474,-52.234093,0.34762001,-0.21580601,-0.41791999
128.811,21901.708,48.162003,-5.061193,-52.266491,0.34820399,-0.215735,-0.417909
128.8433,21901.7281,48.112038,-5.113755,-52.272606,0.34764001,-0.215957,-0.418174
128.865,21901.7481,47.969193,-5.144064,-52.293449,0.346459,-0.215754,-0.41859099
128.8781,21901.7681,47.850971,-5.089878,-52.326725,0.345741,-0.215073,-0.41881001
128.8941,21901.7881,47.83884,-5.002721,-52.348484,0.34593099,-0.21448,-0.41871601
128.912,21901.8082,47.90527,-5.015146,-52.320751,0.34641701,-0.214708,-0.41847399
128.9354,21901.8282,47.917641,-5.128491,-52.23048,0.34626201,-0.21528,-0.41816199
128.9577,21901.8482,47.877186,-5.189682,-52.151478,0.34589499,-0.215339,-0.41783699
128.9701,21901.8682,47.788689,-5.1441,-52.160866,0.345404,-0.214747,-0.41787499
128.9898,21901.8881,47.73534,-5.090434,-52.190323,0.34515899,-0.214276,-0.417988
129.0182,21901.9081,47.843506,-5.114312,-52.123852,0.34597799,-0.214608,-0.41745499
129.036,21901.9281,48.053013,-5.215047,-52.045856,0.34727201,-0.21578901,-0.416949
129.0588,21901.9481,48.147182,-5.267244,-52.007408,0.347835,-0.21635699,-0.41671899
129.074,21901.9681,48.083332,-5.2385,-52.054684,0.34738901,-0.21608301,-0.417045
129.0974,21901.9881,47.967827,-5.146698,-52.17897,0.34665501,-0.215422,-0.41779
129.1168,21902.0081,47.930656,-5.083953,-52.279751,0.34642601,-0.215157,-0.41835999
129.1346,21902.0281,48.029488,-5.052824,-52.325661,0.34716699,-0.215409,-0.418468
129.1516,21902.0481,48.191483,-4.995336,-52.372234,0.34845799,-0.21569,-0.41841999
129.1692,21902.0681,48.23793,-4.987877,-52.415161,0.348739,-0.21592399,-0.41864201
129.1917,21902.0881,48.16766,-4.96155,-52.428783,0.34830299,-0.215542,-0.41874701
129.2118,21902.1081,48.111687,-4.962068,-52.393986,0.34796301,-0.215251,-0.41857299
129.2454,21902.1281,48.173405,-4.952522,-52.360897,0.34850499,-0.21529099,-0.41823199
129.2571,21902.1481,48.260757,-5.007428,-52.34576,0.34896299,-0.215928,-0.41818199
129.2742,21902.1681,48.287697,-5.100694,-52.295372,0.348912,-0.216525,-0.41807601
129.2974,21902.1881,48.25853,-5.208288,-52.221443,0.34844899,-0.21696299,-0.41791701
129.3377,21902.2081,48.190781,-5.264575,-52.186958,0.34782001,-0.21702901,-0.41792801
129.3403,21902.2281,48.130939,-5.219322,-52.19915,0.34753001,-0.216545,-0.41795099
129.3498,21902.2481,48.154503,-5.200069,-52.217323,0.347736,-0.216543,-0.417992
129.3768,21902.2681,48.198399,-5.27446,-52.246647,0.34772599,-0.217306,-0.41837099
129.3956,21902.2881,48.130756,-5.333623,-52.260105,0.34699601,-0.217538,-0.41872901
129.4114,21902.3082,47.931587,-5.254621,-52.314304,0.34574401,-0.216473,-0.419119
129.4334,21902.3282,47.806873,-5.166669,-52.368443,0.345063,-0.215593,-0.41939101
129.4607,21902.3482,47.902576,-5.143589,-52.407001,0.34576601,-0.21586899,-0.419476
129.4774,21902.3682,48.158733,-5.220119,-52.401878,0.34734401,-0.217259,-0.41935301
129.4949,21902.3883,48.36237,-5.302131,-52.397743,0.34852001,-0.218511,-0.419319
129.5105,21902.4083,48.290775,-5.264277,-52.419518,0.34810099,-0.218069,-0.419447
129.5326,21902.4283,48.000298,-5.14984,-52.478733,0.346313,-0.21646,-0.41988099
129.552,21902.4484,47.790634,-5.133879,-52.527821,0.34476599,-0.215786,-0.420441
129.5769,21902.4684,47.856712,-5.217957,-52.519592,0.34494999,-0.21658,-0.42055401
129.5916,21902.4884,48.082783,-5.254535,-52.528862,0.34642899,-0.21763,-0.42044899
129.6133,21902.5084,48.123131,-5.222493,-52.524914,0.346845,-0.217528,-0.42027399
129.6303,21902.5285,47.948402,-5.140707,-52.524834,0.34588501,-0.216359,-0.42024401
129.6523,21902.5485,47.870239,-5.126782,-52.522781,0.34537601,-0.21599001,-0.42028499
129.6742,21902.5685,48.009457,-5.223639,-52.467918,0.346129,-0.21698,-0.42001599
129.6921,21902.5886,48.258957,-5.311953,-52.398514,0.34773701,-0.218235,-0.41948301
129.7137,21902.6086,48.407627,-5.362239,-52.380096,0.34865999,-0.219034,-0.419321
129.7358,21902.6286,48.313007,-5.366143,-52.371986,0.34797901,-0.21871901,-0.419393
129.7509,21902.6486,48.064945,-5.387241,-52.370968,0.34611401,-0.218031,-0.419756
129.7705,21902.6687,47.968483,-5.376776,-52.388802,0.345422,-0.217686,-0.41996899
129.7992,21902.6887,48.118244,-5.342444,-52.430241,0.34654999,-0.218073,-0.419974
129.8123,21902.7087,48.330452,-5.371033,-52.475601,0.34788901,-0.219127,-0.420118
129.8349,21902.7288,48.326649,-5.375572,-52.494923,0.347808,-0.21920501,-0.42027301
129.861,21902.7488,48.164627,-5.325196,-52.549358,0.34672099,-0.218468,-0.420706
129.8725,21902.7688,48.035603,-5.274812,-52.606979,0.34586599,-0.21785,-0.421121
129.9257,21902.7888,48.067356,-5.241628,-52.622765,0.346187,-0.21777099,-0.42109299
129.9283,21902.8089,48.243046,-5.205495,-52.593758,0.34764099,-0.218022,-0.42055899
129.9311,21902.8289,48.349312,-5.193317,-52.586372,0.348465,-0.218272,-0.42033601
129.9507,21902.8489,48.283287,-5.228192,-52.588207,0.34785801,-0.218301,-0.42053801
129.9734,21902.8689,48.160549,-5.198192,-52.648102,0.34696999,-0.217856,-0.42102399
129.9909,21902.8889,48.08913,-5.080782,-52.764591,0.34666601,-0.21713699,-0.421581
130.0129,21902.9089,48.134426,-5.029244,-52.849472,0.34702101,-0.21718401,-0.421967
130.0333,21902.9289,48.334579,-5.057454,-52.834427,0.34838599,-0.218018,-0.42169201
130.0581,21902.9489,48.513897,-5.135127,-52.781483,0.349491,-0.21901301,-0.42132699
130.0708,21902.9689,48.509571,-5.163622,-52.756897,0.34940201,-0.219124,-0.42124599
130.0988,21902.9889,48.399853,-5.07889,-52.766048,0.34890699,-0.218183,-0.42119199
130.1177,21903.0089,48.320084,-5.086769,-52.768692,0.348299,-0.217976,-0.421336
130.1334,21903.0289,48.381664,-5.158892,-52.746578,0.348519,-0.21862601,-0.421321
130.1545,21903.0489,48.559437,-5.183845,-52.711601,0.34977299,-0.21929701,-0.42092499
130.173,21903.0689,48.635426,-5.242596,-52.662476,0.350198,-0.219818,-0.42066199
130.193,21903.0889,48.545387,-5.228042,-52.640965,0.34964499,-0.219346,-0.42058
130.2149,21903.1088,48.406719,-5.182333,-52.665947,0.34876701,-0.218631,-0.42079201
130.2532,21903.1288,48.370762,-5.213066,-52.700146,0.34832999,-0.21883,-0.42117199
130.2591,21903.1488,48.482479,-5.239623,-52.71402,0.34900999,-0.219438,-0.42120999
130.2743,21903.1688,48.581177,-5.265939,-52.701187,0.349648,-0.219918,-0.42107499
130.2982,21903.1888,48.562416,-5.252417,-52.674782,0.34961301,-0.219678,-0.42087099
130.3304,21903.2088,48.478569,-5.184702,-52.705997,0.349199,-0.21901301,-0.420991
130.3339,21903.2288,48.430435,-5.13964,-52.759529,0.34891599,-0.218695,-0.42129201
130.3525,21903.2488,48.435356,-5.174334,-52.766266,0.348811,-0.218977,-0.42143899
130.3705,21903.2688,48.501316,-5.235167,-52.74263,0.349107,-0.219557,-0.42137399
130.3945,21903.2888,48.596855,-5.230758,-52.748528,0.34979901,-0.21986701,-0.42128101
130.4104,21903.3088,48.591366,-5.194356,-52.782616,0.349828,-0.219696,-0.421417
130.4302,21903.3288,48.478695,-5.19721,-52.830299,0.34891599,-0.21947999,-0.42190501
130.4518,21903.3488,48.402176,-5.167787,-52.898766,0.34834301,-0.219221,-0.42239499
130.4713,21903.3688,48.418739,-5.143628,-52.932419,0.34848699,-0.21921,-0.42253801
130.4945,21903.3888,48.488117,-5.208516,-52.92054,0.34876901,-0.21986599,-0.42256299
130.5191,21903.4088,48.548527,-5.236671,-52.890678,0.34915701,-0.22017901,-0.422362
130.5303,21903.4288,48.524094,-5.244967,-52.908699,0.34891599,-0.220209,-0.42254499
130.5504,21903.4488,48.462749,-5.213546,-52.947262,0.348517,-0.219897,-0.42279899
130.5725,21903.4688,48.454346,-5.170957,-53.000778,0.34851101,-0.219731,-0.42305699
130.5953,21903.4888,48.531208,-5.197669,-53.026154,0.34891599,-0.220258,-0.423219
130.618,21903.5088,48.631985,-5.259151,-53.042118,0.34938201,-0.221082,-0.42339
130.6385,21903.5287,48.674252,-5.283271,-53.057377,0.349567,-0.221442,-0.42351699
130.6534,21903.5487,48.618507,-5.193843,-53.138363,0.34934101,-0.22087,-0.42388499
130.6726,21903.5687,48.478333,-5.10037,-53.223473,0.348517,-0.219993,-0.42437899
130.6997,21903.5887,48.38451,-5.083998,-53.25898,0.34783599,-0.21966501,-0.42469999
130.7111,21903.6087,48.403439,-5.153767,-53.219566,0.34778899,-0.220101,-0.42460999
130.73,21903.6287,48.467205,-5.258736,-53.132851,0.34802499,-0.22079401,-0.42423701
130.7517,21903.6487,48.463505,-5.332087,-53.058163,0.34787101,-0.221071,-0.42393899
130.7712,21903.6687,48.369492,-5.350169,-52.994556,0.347251,-0.220686,-0.42366499
130.796,21903.6887,48.325935,-5.341224,-52.950283,0.347056,-0.220341,-0.423381
130.8125,21903.7087,48.429672,-5.397527,-52.887074,0.347716,-0.220898,-0.42297599
130.8321,21903.7287,48.572609,-5.490435,-52.811138,0.348548,-0.22180501,-0.422544
130.8524,21903.7487,48.621876,-5.559948,-52.75024,0.348764,-0.222275,-0.42226499
130.8745,21903.7687,48.572731,-5.553337,-52.756409,0.348423,-0.222082,-0.42234999
130.8988,21903.7887,48.456467,-5.510531,-52.81226,0.34763601,-0.22155701,-0.42275801
130.9183,21903.8087,48.405762,-5.49989,-52.864761,0.34720901,-0.22147,-0.423159
130.9374,21903.8287,48.498428,-5.490784,-52.890713,0.347859,-0.221798,-0.42319801
130.9515,21903.8487,48.590271,-5.506813,-52.921307,0.34840101,-0.222315,-0.423347
130.9743,21903.8687,48.477005,-5.494348,-52.961357,0.34755501,-0.221965,-0.423733
130.9933,21903.8887,48.292416,-5.412773,-52.990955,0.346472,-0.220854,-0.423926
131.0108,21903.9087,48.249168,-5.362304,-52.984371,0.34636,-0.220331,-0.42378101
131.0307,21903.9286,48.323212,-5.468988,-52.9347,0.34659401,-0.221184,-0.42366099
131.0564,21903.9486,48.416874,-5.546195,-52.896683,0.347056,-0.22193,-0.42350999
131.077,21903.9687,48.512016,-5.462604,-52.895763,0.34805101,-0.221661,-0.42313099
131.0941,21903.9887,48.597565,-5.397599,-52.86739,0.348961,-0.221407,-0.42262599
131.1127,21904.0087,48.663242,-5.444628,-52.804115,0.34938201,-0.22176699,-0.422241
131.1309,21904.0288,48.676281,-5.528944,-52.773746,0.349224,-0.222312,-0.422268
131.1616,21904.0488,48.681164,-5.497885,-52.796738,0.34932899,-0.22217999,-0.42232901
131.183,21904.0688,48.714458,-5.425974,-52.832573,0.34976399,-0.22189599,-0.42232001
131.2049,21904.0888,48.746655,-5.387759,-52.832645,0.35013601,-0.221736,-0.42216301
131.216,21904.1089,48.751873,-5.404863,-52.81691,0.35014099,-0.221826,-0.42209801
131.235,21904.1289,48.740513,-5.452791,-52.78381,0.34994701,-0.22202399,-0.42202601
131.2547,21904.1489,48.713573,-5.549386,-52.737682,0.34948701,-0.222472,-0.42203
131.2734,21904.169,48.731003,-5.52339,-52.737602,0.34970799,-0.22234701,-0.42192799
131.2948,21904.189,48.748474,-5.389431,-52.817604,0.35017201,-0.221708,-0.42206001
131.3134,21904.209,48.707111,-5.343753,-52.866791,0.34994799,-0.221397,-0.42231899
131.3329,21904.229,48.748569,-5.393558,-52.852497,0.35009,-0.221844,-0.42231801
131.3537,21904.2491,48.853523,-5.456104,-52.818863,0.35067901,-0.222536,-0.42214
131.3719,21904.2691,48.909779,-5.432361,-52.804199,0.351199,-0.222514,-0.421893
131.3916,21904.2891,48.847797,-5.379096,-52.794331,0.35096899,-0.2219,-0.42173901
131.4192,21904.3092,48.719631,-5.388903,-52.763081,0.350072,-0.22144,-0.421711
131.4312,21904.3292,48.68861,-5.410376,-52.760529,0.34977499,-0.221479,-0.42179799
131.4537,21904.3492,48.757767,-5.417011,-52.794945,0.35018101,-0.221864,-0.42197299
131.4842,21904.3692,48.766949,-5.401147,-52.856194,0.350187,-0.22197101,-0.422344
131.4976,21904.3893,48.652405,-5.355189,-52.979908,0.34929401,-0.221637,-0.423219
131.5162,21904.4093,48.572552,-5.255454,-53.115112,0.34882799,-0.221076,-0.42396799
131.5384,21904.4293,48.626289,-5.143917,-53.258572,0.34935001,-0.22091199,-0.424568
131.5498,21904.4494,48.65205,-5.081471,-53.384762,0.34952301,-0.220946,-0.42523101
131.572,21904.4694,48.583153,-4.971504,-53.476921,0.34926,-0.220218,-0.42563301
131.5949,21904.4894,48.486824,-4.900013,-53.567348,0.34866199,-0.21966,-0.426177
131.6132,21904.5094,48.403599,-4.974885,-53.616722,0.34769201,-0.22004899,-0.42686
131.6325,21904.5295,48.379936,-5.026335,-53.64106,0.34728399,-0.220403,-0.42721799
131.6532,21904.5495,48.37468,-4.977013,-53.665066,0.34738401,-0.220111,-0.42724401
131.6835,21904.5695,48.298264,-4.880749,-53.677162,0.34717199,-0.219207,-0.42713699
131.7003,21904.5895,48.228085,-4.834146,-53.696396,0.34680599,-0.218695,-0.427223
131.721,21904.6095,48.171726,-4.862111,-53.718143,0.34625599,-0.218762,-0.42753401
131.7335,21904.6295,48.140167,-4.97456,-53.701984,0.34564099,-0.219395,-0.42780101
131.7547,21904.6495,48.188,-4.919654,-53.661163,0.34626701,-0.219051,-0.427286
131.777,21904.6695,48.304012,-4.880552,-53.568829,0.34742099,-0.218897,-0.42636701
131.7982,21904.6895,48.395592,-4.915894,-53.487362,0.348102,-0.21921401,-0.425782
131.8184,21904.7095,48.42318,-5.009245,-53.411648,0.34809801,-0.219735,-0.425497
131.8388,21904.7295,48.40144,-5.097628,-53.391346,0.347653,-0.220221,-0.42565101
131.8507,21904.7495,48.333225,-5.208591,-53.388706,0.34675601,-0.220759,-0.426056
131.8725,21904.7694,48.370983,-5.142383,-53.437157,0.34718001,-0.22057,-0.426148
131.8975,21904.7894,48.500183,-5.065955,-53.503586,0.348263,-0.220678,-0.42621601
131.9101,21904.8094,48.555328,-5.112961,-53.557102,0.34838,-0.22136,-0.42666301
131.9468,21904.8294,48.527744,-5.104908,-53.653584,0.34802601,-0.22150201,-0.42735201
131.9552,21904.8494,48.46981,-4.928979,-53.827709,0.34793201,-0.220596,-0.42811599
131.9716,21904.8694,48.405125,-4.760669,-53.990231,0.34778601,-0.21968301,-0.42883101
131.992,21904.8894,48.42944,-4.613684,-54.127171,0.348248,-0.219152,-0.429313
132.0163,21904.9094,48.525436,-4.620281,-54.20512,0.34876001,-0.219771,-0.42975101
132.0324,21904.9294,48.594578,-4.707196,-54.190487,0.34895599,-0.220577,-0.42982
132.0552,21904.9494,48.630768,-4.656052,-54.154732,0.349475,-0.220236,-0.42936501
132.0754,21904.9694,48.659809,-4.517678,-54.077114,0.35034901,-0.21912999,-0.428359
132.094,21904.9894,48.712612,-4.395186,-54.015491,0.35130101,-0.218266,-0.42748001
132.1124,21905.0094,48.807178,-4.302727,-54.025909,0.352301,-0.217979,-0.42714
132.1362,21905.0294,48.901062,-4.227087,-54.100464,0.353111,-0.218006,-0.42730099
132.1528,21905.0494,48.999672,-4.0699,-54.228806,0.35415599,-0.217645,-0.427578
132.1724,21905.0694,49.096825,-3.741209,-54.40147,0.35574701,-0.21621899,-0.427632
132.1949,21905.0894,49.128387,-3.420403,-54.525013,0.35693601,-0.214468,-0.42745399
132.2144,21905.1094,49.130249,-3.26957,-54.536674,0.35749,-0.21345501,-0.42706299
132.2337,21905.1294,49.22628,-3.419836,-54.380566,0.35790399,-0.21436,-0.42629901
132.2635,21905.1494,49.359116,-3.628509,-54.19305,0.35842401,-0.215702,-0.425446
132.2768,21905.1694,49.412922,-3.745397,-53.993164,0.35874999,-0.216084,-0.424335
132.2983,21905.1893,49.412243,-3.767111,-53.856636,0.358922,-0.21580601,-0.42344701
132.3396,21905.2093,49.429642,-3.850394,-53.732193,0.358973,-0.216061,-0.422811
132.3424,21905.2293,49.520054,-3.965498,-53.602901,0.35943699,-0.216776,-0.42213801
132.3529,21905.2493,49.671043,-4.067842,-53.459099,0.36040899,-0.217563,-0.42124
132.3731,21905.2693,49.816536,-4.048313,-53.367775,0.361691,-0.217639,-0.42033499
132.3913,21905.2893,49.812107,-4.030654,-53.321388,0.361812,-0.217353,-0.41995999
132.412,21905.3093,49.692978,-4.010588,-53.286705,0.36110201,-0.216694,-0.41982001
132.4336,21905.3293,49.665188,-3.870851,-53.290211,0.36140901,-0.215629,-0.41944301
132.4525,21905.3493,49.790813,-3.719171,-53.278027,0.36288199,-0.214958,-0.41870099
132.4734,21905.3693,49.94846,-3.639545,-53.256023,0.364337,-0.214872,-0.41806999
132.4938,21905.3893,50.026234,-3.544962,-53.224728,0.36529401,-0.214376,-0.417438
132.5134,21905.4093,49.991302,-3.386684,-53.208988,0.36565101,-0.21309499,-0.41687301
132.5376,21905.4293,49.878014,-3.264742,-53.227852,0.365253,-0.211908,-0.41677999
132.5608,21905.4493,49.837421,-3.241223,-53.178463,0.365141,-0.211446,-0.416417
132.5736,21905.4693,49.914028,-3.365329,-53.04966,0.36547399,-0.212171,-0.415797
132.596,21905.4893,49.993729,-3.460907,-52.904705,0.365964,-0.212653,-0.414969
132.6181,21905.5093,49.974716,-3.445137,-52.777596,0.36612099,-0.212071,-0.41405201
132.6381,21905.5293,49.878151,-3.479214,-52.657051,0.36553201,-0.211597,-0.41345
132.6537,21905.5493,49.774708,-3.561565,-52.553188,0.36468801,-0.211494,-0.41312701
132.6797,21905.5693,49.739105,-3.629181,-52.483124,0.364319,-0.21162599,-0.412898
132.7034,21905.5893,49.816662,-3.679834,-52.429062,0.36479101,-0.212074,-0.41257
132.7119,21905.6094,49.913857,-3.69398,-52.374367,0.365536,-0.212328,-0.412094
132.7349,21905.6294,49.912716,-3.697156,-52.333076,0.36559299,-0.21221501,-0.41181499
132.7548,21905.6494,49.857155,-3.584254,-52.364235,0.36554399,-0.21133099,-0.41175199
132.7733,21905.6695,49.822792,-3.421939,-52.435822,0.36575001,-0.210299,-0.411787
132.7947,21905.6895,49.849255,-3.347026,-52.479042,0.36612901,-0.209999,-0.41181499
132.8122,21905.7095,49.944958,-3.28224,-52.512432,0.36698401,-0.209975,-0.41170701
132.8347,21905.7295,50.064804,-3.043354,-52.596043,0.36854401,-0.208969,-0.41135699
132.8597,21905.7496,50.077923,-2.682472,-52.757973,0.36963901,-0.206994,-0.41131601
132.8749,21905.7696,50.011272,-2.363282,-52.958191,0.36995101,-0.205162,-0.41179499
132.8923,21905.7896,50.005527,-2.152231,-53.094788,0.37042499,-0.204097,-0.41208401
132.9143,21905.8097,50.057892,-2.061116,-53.170387,0.37099001,-0.20388199,-0.412242
132.9307,21905.8297,50.116467,-2.016154,-53.167854,0.37157199,-0.203761,-0.411989
132.9556,21905.8497,50.15575,-1.897837,-53.1605,0.372289,-0.203041,-0.411493
132.9748,21905.8697,50.107044,-1.830649,-53.146645,0.37220901,-0.202353,-0.41125199
132.9903,21905.8898,50.03899,-1.799571,-53.174873,0.371788,-0.201989,-0.41145501
133.0108,21905.9098,50.031975,-1.809095,-53.211128,0.37164,-0.202149,-0.41175199
133.0328,21905.9298,50.120815,-1.852365,-53.268597,0.372013,-0.20295,-0.41216001
133.0512,21905.9499,50.207012,-1.859113,-53.338989,0.372475,-0.203527,-0.41254401
133.0744,21905.9699,50.182476,-1.780082,-53.40546,0.37246799,-0.20310199,-0.41279301
133.0933,21905.9899,50.075596,-1.655933,-53.480686,0.37202501,-0.202098,-0.41308501
133.1131,21906.0099,50.040138,-1.562464,-53.54763,0.37199301,-0.201533,-0.41330799
133.1312,21906.03,50.16597,-1.529219,-53.569149,0.37296599,-0.201812,-0.41315401
133.1553,21906.05,50.336559,-1.632925,-53.487247,0.37394401,-0.20287301,-0.41264799
133.1714,21906.07,50.43594,-1.728261,-53.349964,0.37454799,-0.20344301,-0.41183901
133.1919,21906.0901,50.489277,-1.691783,-53.34296,0.37506899,-0.20334999,-0.411587
133.215,21906.1101,50.517948,-1.550068,-53.424694,0.37563601,-0.202722,-0.411652
133.2338,21906.1301,50.468319,-1.452439,-53.465336,0.37556401,-0.201995,-0.41169599
133.2569,21906.1501,50.465084,-1.463266,-53.380886,0.375651,-0.201783,-0.411143
133.2811,21906.1701,50.639595,-1.440843,-53.298923,0.37711,-0.201967,-0.41021699
133.3005,21906.1901,50.860062,-1.379665,-53.290333,0.37890199,-0.202279,-0.40960401
133.3224,21906.2101,50.950912,-1.215097,-53.358181,0.38001201,-0.201666,-0.40939
133.3586,21906.2301,50.919498,-1.049387,-53.37825,0.38034701,-0.200459,-0.40903199
133.36,21906.2501,50.924866,-0.968275,-53.307251,0.38079801,-0.199672,-0.40825501
133.3821,21906.2701,51.016289,-1.021146,-53.12888,0.38156599,-0.19977,-0.407029
133.3984,21906.2902,51.126049,-1.10447,-52.903446,0.38243899,-0.19998699,-0.405545
133.4127,21906.3102,51.20142,-1.144005,-52.71479,0.38316101,-0.19989599,-0.40422899
133.4316,21906.3302,51.201538,-1.216019,-52.555401,0.38318601,-0.19987001,-0.403348
133.4535,21906.3503,51.171345,-1.320089,-52.38427,0.38290501,-0.199927,-0.40253901
133.4719,21906.3703,51.173283,-1.411672,-52.206837,0.382907,-0.199986,-0.40159199
133.4919,21906.3903,51.129837,-1.601048,-51.962311,0.38236299,-0.20035601,-0.40056801
133.5179,21906.4103,51.064709,-1.868702,-51.68137,0.38145801,-0.201088,-0.39957801
133.5347,21906.4304,51.079926,-2.092698,-51.384773,0.38130799,-0.20173401,-0.398206
133.5571,21906.4504,51.151253,-2.286187,-51.12513,0.381603,-0.202475,-0.396909
133.5787,21906.4704,51.118286,-2.477817,-50.901726,0.3811,-0.202977,-0.396016
133.6009,21906.4905,51.019985,-2.67691,-50.749218,0.37998,-0.203554,-0.39574099
133.617,21906.5105,50.905079,-2.858591,-50.659904,0.37868899,-0.204166,-0.39587501
133.6357,21906.5305,50.825745,-2.956258,-50.647156,0.37780601,-0.204555,-0.39622
133.6585,21906.5505,50.82592,-3.029696,-50.618343,0.37760499,-0.204981,-0.396258
133.6736,21906.5706,50.888466,-3.142828,-50.5742,0.37774101,-0.205841,-0.39623001
133.7018,21906.5906,50.916069,-3.234041,-50.542141,0.37768099,-0.206471,-0.396265
133.7224,21906.6106,50.821644,-3.319121,-50.501034,0.376784,-0.20663001,-0.396386
133.7355,21906.6307,50.687111,-3.422269,-50.406616,0.37563199,-0.20661201,-0.39624199
133.7545,21906.6507,50.657181,-3.500192,-50.260548,0.375411,-0.206588,-0.39550301
133.7739,21906.6707,50.751884,-3.577647,-50.108624,0.37609899,-0.206946,-0.39455101
133.7933,21906.6907,50.851204,-3.67051,-49.976273,0.37673301,-0.20749,-0.393783
133.8134,21906.7108,50.888973,-3.746489,-49.949501,0.37679201,-0.20806199,-0.393792
133.8338,21906.7308,50.804131,-3.786234,-49.954586,0.37603599,-0.208088,-0.39407301
133.8532,21906.7508,50.677345,-3.763408,-49.98333,0.37515,-0.20761199,-0.39437199
133.8776,21906.7709,50.581535,-3.734691,-49.996651,0.37453499,-0.20714299,-0.394501
133.8981,21906.7909,50.599575,-3.732878,-50.030025,0.37461099,-0.207298,-0.39470801
133.9112,21906.8109,50.702972,-3.724447,-50.077511,0.37529799,-0.207727,-0.394878
133.9654,21906.8309,50.8153,-3.787541,-50.067738,0.37590599,-0.20850401,-0.39486399
133.9697,21906.8509,50.856609,-3.82733,-50.057194,0.37608501,-0.208884,-0.39486399
133.9767,21906.8709,50.773132,-3.783285,-50.081165,0.37559301,-0.208382,-0.39500201
133.994,21906.8909,50.68132,-3.652131,-50.195488,0.37517801,-0.20753101,-0.39550701
134.0122,21906.9109,50.644238,-3.608184,-50.332462,0.37481499,-0.20754699,-0.396384
134.0328,21906.9309,50.702599,-3.660968,-50.433533,0.37486801,-0.208441,-0.39719301
134.0554,21906.9509,50.75246,-3.707205,-50.526047,0.374897,-0.209233,-0.39793101
134.0735,21906.9709,50.64967,-3.643765,-50.599461,0.374246,-0.20869,-0.398384
134.0949,21906.9909,50.500851,-3.453182,-50.666264,0.37371901,-0.207072,-0.39843899
134.1148,21907.0109,50.441372,-3.355419,-50.723289,0.37352899,-0.20637,-0.398606
134.1346,21907.0309,50.505337,-3.453813,-50.717579,0.373656,-0.207258,-0.39879799
134.1572,21907.0509,50.593018,-3.6864,-50.626266,0.373642,-0.208894,-0.39879
134.1801,21907.0709,50.563721,-3.832286,-50.507435,0.37314099,-0.209444,-0.39846399
134.1941,21907.0909,50.483562,-3.859941,-50.438808,0.372594,-0.20915601,-0.39817601
134.2227,21907.1109,50.468346,-3.938955,-50.411961,0.37225899,-0.20957901,-0.39826301
134.2389,21907.1309,50.530704,-4.133193,-50.364136,0.37211999,-0.21100099,-0.39847201
134.2577,21907.1509,50.626183,-4.30481,-50.323654,0.37228501,-0.212393,-0.398617
134.2741,21907.1709,50.64222,-4.422973,-50.319473,0.371997,-0.213267,-0.39895001
134.2959,21907.1909,50.62727,-4.388746,-50.36908,0.371916,-0.213137,-0.39920899
134.3381,21907.2108,50.548271,-4.343615,-50.440216,0.371373,-0.21279401,-0.39967
134.3432,21907.2308,50.457348,-4.412205,-50.466755,0.37042999,-0.213071,-0.400199
134.3565,21907.2508,50.474697,-4.549288,-50.444775,0.37011701,-0.214026,-0.400464
134.3734,21907.2708,50.573498,-4.601665,-50.437222,0.37065899,-0.21469,-0.400451
134.3943,21907.2908,50.590118,-4.563063,-50.449852,0.37088999,-0.21451201,-0.40039399
134.4156,21907.3108,50.456245,-4.478172,-50.485889,0.37015599,-0.213596,-0.40054899
134.433,21907.3308,50.288322,-4.397883,-50.546616,0.369115,-0.21268,-0.40093899
134.4531,21907.3508,50.213924,-4.420959,-50.569115,0.36845699,-0.21267501,-0.40127
134.4748,21907.3708,50.242397,-4.523325,-50.532803,0.36837101,-0.213375,-0.40130499
134.4947,21907.3908,50.229305,-4.651977,-50.46917,0.36794499,-0.214039,-0.40128499
134.5197,21907.4108,50.176975,-4.691062,-50.501614,0.36737001,-0.21425,-0.40170699
134.5431,21907.4308,50.121296,-4.653723,-50.640205,0.36684099,-0.21425,-0.40264001
134.5698,21907.4508,50.086742,-4.630585,-50.832825,0.36631301,-0.21459,-0.40397301
134.5742,21907.4708,50.117039,-4.712559,-50.932331,0.36605501,-0.21558601,-0.404899
134.5984,21907.4908,50.203442,-4.90442,-50.932106,0.36599901,-0.21722201,-0.40539899
134.6176,21907.5108,50.326309,-5.080423,-50.880806,0.36635801,-0.21869899,-0.405442
134.6324,21907.5308,50.426556,-5.10485,-50.812725,0.36712301,-0.218978,-0.40491199
134.6591,21907.5508,50.426929,-5.052768,-50.75584,0.36741799,-0.218429,-0.40434301
134.696,21907.5708,50.356895,-5.103291,-50.66386,0.36691099,-0.218265,-0.403945
134.6994,21907.5908,50.346767,-5.200862,-50.532845,0.36674401,-0.218502,-0.40334499
134.7188,21907.6108,50.440067,-5.317917,-50.39922,0.36726001,-0.2192,-0.402659
134.7324,21907.6307,50.563053,-5.399417,-50.276848,0.36809501,-0.219776,-0.401903
134.7637,21907.6507,50.676502,-5.503447,-50.11895,0.36885199,-0.220364,-0.40098199
134.7836,21907.6707,50.73447,-5.64852,-49.938286,0.369111,-0.22099,-0.40010199
134.8003,21907.6907,50.730991,-5.755567,-49.798016,0.368983,-0.221283,-0.39945999
134.8198,21907.7107,50.676613,-5.806066,-49.701294,0.36860099,-0.221158,-0.399005
134.8365,21907.7307,50.624649,-5.85548,-49.646065,0.36816001,-0.221167,-0.39883599
134.855,21907.7507,50.661697,-5.958176,-49.515461,0.368323,-0.221589,-0.39819801
134.8776,21907.7707,50.80154,-6.071614,-49.3559,0.36925,-0.222313,-0.39726901
134.8958,21907.7907,50.847317,-6.155131,-49.222149,0.36955199,-0.222615,-0.396539
134.9177,21907.8107,50.732166,-6.187893,-49.144573,0.36875501,-0.22224,-0.39623001
134.9396,21907.8307,50.633724,-6.148599,-49.180542,0.368108,-0.221773,-0.39647299
134.9562,21907.8507,50.606781,-6.091547,-49.199287,0.368074,-0.22134601,-0.39645401
134.9737,21907.8707,50.694828,-6.173344,-49.142029,0.36853999,-0.222014,-0.396209
134.992,21907.8907,50.88055,-6.270546,-49.029087,0.36976901,-0.222911,-0.39550701
135.0155,21907.9107,51.082802,-6.300596,-48.962914,0.371259,-0.22353099,-0.39490101
135.039,21907.9307,51.147526,-6.309868,-48.951035,0.371719,-0.223757,-0.39477199
135.0598,21907.9507,51.051655,-6.313753,-48.988663,0.370938,-0.223612,-0.39516199
135.0865,21907.9707,50.93969,-6.371237,-48.978264,0.36994901,-0.22364099,-0.39540401
135.1046,21907.9907,51.007404,-6.383227,-48.96339,0.37042701,-0.223885,-0.39525899
135.1135,21908.0107,51.096786,-6.360031,-48.975891,0.37112999,-0.22403599,-0.39516899
135.1432,21908.0306,51.091515,-6.327648,-49.032017,0.37109399,-0.22397301,-0.39546701
135.1544,21908.0506,50.942139,-6.345573,-49.077351,0.36986199,-0.22378699,-0.39601901
135.1781,21908.0706,50.813934,-6.37698,-49.089008,0.36880201,-0.22365201,-0.39635101
135.2092,21908.0906,50.835274,-6.332598,-49.10181,0.36908501,-0.223445,-0.396274
135.2168,21908.1106,50.978836,-6.260901,-49.120426,0.370336,-0.22344001,-0.396007
135.2332,21908.1306,51.132328,-6.242491,-49.163639,0.37142599,-0.223923,-0.39607301
135.2558,21908.1506,51.131046,-6.239205,-49.179634,0.37139699,-0.223948,-0.39617699
135.2788,21908.1706,51.065151,-6.168371,-49.180752,0.37116301,-0.223248,-0.39603299
135.3019,21908.1906,51.05859,-6.11568,-49.146084,0.37136501,-0.222743,-0.395625
135.325,21908.2106,51.1194,-6.176742,-49.079842,0.371723,-0.223147,-0.39528301
135.3425,21908.2306,51.202885,-6.248312,-49.043003,0.372152,-0.22379,-0.39515701
135.3597,21908.2506,51.277714,-6.176442,-49.075893,0.372877,-0.22362,-0.39506799
135.3781,21908.2706,51.247658,-6.066786,-49.123962,0.372944,-0.222909,-0.39508599
135.3946,21908.2906,51.151802,-6.04048,-49.111996,0.372365,-0.222389,-0.39502999
135.4175,21908.3106,51.168114,-6.067406,-49.06041,0.37248999,-0.222461,-0.39473301
135.4343,21908.3306,51.246464,-6.090101,-49.063217,0.372973,-0.222872,-0.394734
135.452,21908.3506,51.254185,-6.136414,-49.058407,0.372879,-0.223208,-0.394842
135.4733,21908.3706,51.204815,-6.082081,-49.050594,0.372724,-0.222646,-0.39466801
135.5019,21908.3906,51.205574,-5.945372,-49.072903,0.37315699,-0.221755,-0.39438
135.519,21908.4106,51.241596,-5.908471,-49.092205,0.37350699,-0.221668,-0.394353
135.5323,21908.4305,51.27903,-5.977431,-49.06356,0.37359601,-0.222178,-0.39433101
135.5547,21908.4505,51.284901,-6.080969,-49.000793,0.373404,-0.22272301,-0.394218
135.5773,21908.4705,51.286053,-6.092896,-48.965919,0.37343901,-0.222697,-0.39400899
135.5931,21908.4905,51.262547,-5.9825,-48.9884,0.37360501,-0.221918,-0.39383599
135.6225,21908.5105,51.220211,-5.920416,-48.982296,0.37352401,-0.221329,-0.393641
135.6335,21908.5305,51.221199,-5.953104,-48.944477,0.373492,-0.22144,-0.39347899
135.6514,21908.5505,51.238018,-5.987346,-48.867363,0.37364501,-0.22148199,-0.39302501
135.6763,21908.5705,51.264523,-5.993614,-48.810551,0.373925,-0.221422,-0.39261201
135.6979,21908.5905,51.264133,-5.989519,-48.789005,0.37397799,-0.221322,-0.39244699
135.7154,21908.6105,51.295708,-5.927211,-48.781086,0.37443501,-0.220952,-0.39215001
135.7366,21908.6305,51.38623,-5.873326,-48.78067,0.37527499,-0.220847,-0.39186299
135.7558,21908.6505,51.452065,-5.899623,-48.70929,0.375799,-0.221001,-0.391366
135.7752,21908.6705,51.483135,-5.981131,-48.591351,0.37597299,-0.221285,-0.390762
135.7941,21908.6905,51.518734,-6.009961,-48.495369,0.37631801,-0.221283,-0.390136
135.8198,21908.7105,51.538284,-6.050005,-48.169941,0.37695101,-0.22055601,-0.387941
135.8349,21908.7305,51.546234,-6.073684,-47.933044,0.37738401,-0.21996801,-0.38633099
135.8632,21908.7505,51.569099,-6.046432,-47.788277,0.37791899,-0.219366,-0.38518801
135.8738,21908.7705,51.556133,-6.091698,-47.638721,0.37795901,-0.219155,-0.38429099
135.8954,21908.7905,51.570621,-6.141723,-47.546612,0.37807301,-0.21924999,-0.38378599
135.9393,21908.8105,51.60918,-6.082509,-47.550285,0.378544,-0.21895599,-0.38357201
135.9431,21908.8305,51.619736,-5.991156,-47.623833,0.378786,-0.218582,-0.38378
135.9533,21908.8504,51.61042,-5.940437,-47.656063,0.37882701,-0.218301,-0.38385201
135.9739,21908.8704,51.576374,-5.964931,-47.668655,0.378474,-0.21841501,-0.38406199
135.9933,21908.8904,51.559692,-5.958468,-47.7267,0.37826401,-0.218511,-0.38447201
136.0166,21908.9104,51.58884,-5.932325,-47.736637,0.378544,-0.218445,-0.384422
136.0345,21908.9304,51.633053,-5.921002,-47.723465,0.37892801,-0.218454,-0.38424
136.0543,21908.9504,51.623142,-5.932758,-47.682945,0.378894,-0.218374,-0.38400301
136.0743,21908.9704,51.581593,-5.990903,-47.636562,0.37848601,-0.218509,-0.38391399
136.0973,21908.9904,51.568954,-6.077146,-47.5602,0.37825099,-0.218831,-0.38367099
136.1176,21909.0104,51.580872,-6.166104,-47.530205,0.378097,-0.21939901,-0.38373801
136.1315,21909.0304,51.561073,-6.218802,-47.521797,0.37779301,-0.219687,-0.38387501
136.1578,21909.0504,51.524818,-6.187203,-47.560577,0.377561,-0.219482,-0.384087
136.1787,21909.0704,51.492538,-6.133254,-47.623623,0.37738699,-0.219211,-0.38439399
136.197,21909.0904,51.499069,-6.119958,-47.644966,0.37743801,-0.21920601,-0.38449401
136.2178,21909.1104,51.55196,-6.158363,-47.672165,0.37764099,-0.219726,-0.38475299
136.2378,21909.1304,51.576431,-6.16846,-47.674656,0.37777999,-0.219879,-0.384776
136.2516,21909.1504,51.586853,-6.166049,-47.645428,0.37792,-0.219797,-0.38454899
136.2726,21909.1704,51.587326,-6.182823,-47.583458,0.37798601,-0.219713,-0.38416401
136.3082,21909.1904,51.629051,-6.200731,-47.599945,0.37819701,-0.220018,-0.38429201
136.3194,21909.2104,51.670753,-6.160021,-47.580338,0.378674,-0.219789,-0.38397101
136.356,21909.2304,51.685654,-6.089045,-47.612724,0.37895799,-0.219437,-0.38394901
136.3569,21909.2503,51.69281,-6.066507,-47.626511,0.37905899,-0.219344,-0.383964
136.3768,21909.2703,51.681793,-6.153012,-47.520142,0.37889299,-0.21957301,-0.383508
136.3931,21909.2903,51.664616,-6.195738,-47.458271,0.37874401,-0.219621,-0.38323
136.4113,21909.3103,51.706192,-6.127913,-47.442898,0.379302,-0.219212,-0.38284901
136.4329,21909.3303,51.77906,-6.088945,-47.44622,0.37995499,-0.219163,-0.38266
136.4563,21909.3503,51.83873,-6.122045,-47.433929,0.380301,-0.21953399,-0.38261399
136.4738,21909.3703,51.875587,-6.178282,-47.438858,0.380371,-0.22005799,-0.38279301
136.497,21909.3903,51.84256,-6.205238,-47.493763,0.37993601,-0.22033399,-0.38330999
136.5147,21909.4103,51.752464,-6.161354,-47.569778,0.37928301,-0.220007,-0.383807
136.5325,21909.4303,51.700459,-6.089367,-47.638962,0.37901399,-0.21957,-0.384119
136.5514,21909.4503,51.723763,-6.100959,-47.678112,0.379069,-0.219851,-0.384408
136.5849,21909.4703,51.769016,-6.153463,-47.717224,0.37914601,-0.220488,-0.38480699
136.5984,21909.4903,51.725914,-6.160199,-47.771248,0.37870699,-0.220586,-0.38526201
136.614,21909.5103,51.664448,-6.089617,-47.887428,0.37827501,-0.220285,-0.385923
136.641,21909.5303,51.672462,-6.014324,-47.958672,0.37845001,-0.220011,-0.38617
136.6575,21909.5503,51.737843,-5.985486,-47.940872,0.37905499,-0.219944,-0.38587201
136.6758,21909.5703,51.826092,-6.065778,-47.867176,0.37956601,-0.220534,-0.38551301
136.6985,21909.5903,51.887291,-6.099025,-47.870586,0.37989101,-0.220964,-0.38557601
136.714,21909.6103,51.836658,-6.089188,-47.932518,0.37943801,-0.220948,-0.38604099
136.7425,21909.6303,51.779503,-6.033566,-47.976234,0.379127,-0.22052699,-0.386233
136.765,21909.6505,51.830273,-6.003029,-47.984467,0.37958199,-0.22049101,-0.38613099
136.774,21909.6705,51.953743,-6.025978,-47.97543,0.38041601,-0.220994,-0.38599801
136.7958,21909.6905,52.036697,-6.092463,-48.00919,0.38072699,-0.221825,-0.38635999
136.8162,21909.7105,51.991268,-6.074934,-48.071499,0.380337,-0.221772,-0.386796
136.8329,21909.7305,51.875862,-6.080533,-48.117321,0.37939399,-0.221616,-0.387274
136.8584,21909.7505,51.877319,-6.04945,-48.14822,0.37944999,-0.221503,-0.38738799
136.8789,21909.7705,51.994968,-5.992688,-48.154903,0.38047999,-0.221478,-0.387108
136.9072,21909.7905,52.024704,-5.98728,-48.165497,0.38069299,-0.22156499,-0.38712999
136.921,21909.8104,51.873871,-5.999586,-48.178509,0.37953499,-0.22124,-0.38744101
136.9442,21909.8304,51.708111,-5.94943,-48.245052,0.37837699,-0.220605,-0.38794199
136.9585,21909.8504,51.607113,-5.863088,-48.340797,0.377754,-0.22000299,-0.38845399
136.9765,21909.8704,51.655552,-5.90378,-48.424789,0.37780499,-0.220715,-0.38912499
136.9991,21909.8904,51.6968,-5.869298,-48.50705,0.37806201,-0.22086801,-0.38954401
137.0133,21909.9104,51.606304,-5.801568,-48.602757,0.37745401,-0.220429,-0.39010599
137.034,21909.9304,51.510418,-5.752498,-48.708748,0.376724,-0.220137,-0.390809
137.0576,21909.9504,51.546642,-5.752246,-48.722652,0.37696001,-0.220292,-0.390863
137.0789,21909.9704,51.695549,-5.667551,-48.722069,0.378326,-0.220148,-0.39039999
137.0999,21909.9904,51.747334,-5.671724,-48.759331,0.37861401,-0.220459,-0.390614
137.1258,21910.0104,51.666767,-5.730723,-48.741703,0.37786499,-0.220571,-0.390782
137.1343,21910.0304,51.578377,-5.765349,-48.717403,0.37715501,-0.220465,-0.39083099
137.1572,21910.0504,51.571968,-5.755215,-48.716393,0.37714499,-0.22036999,-0.390798
137.1771,21910.0704,51.733292,-5.744223,-48.738762,0.37830499,-0.22086,-0.39072499
137.1958,21910.0904,52.062012,-5.714941,-48.758022,0.38073999,-0.22172301,-0.39036399
137.2129,21910.1104,52.189911,-5.807356,-48.723255,0.38141501,-0.22265001,-0.39026999
137.2332,21910.1304,52.104279,-5.855633,-48.708366,0.38066199,-0.22268,-0.39043
137.2532,21910.1504,51.947075,-5.743015,-48.752991,0.379825,-0.221553,-0.390562
137.281,21910.1704,51.817173,-5.599844,-48.814537,0.37925699,-0.220348,-0.390681
137.3014,21910.1904,51.793797,-5.551847,-48.832237,0.37921801,-0.21999601,-0.39067599
137.3378,21910.2104,51.885643,-5.608753,-48.782047,0.379783,-0.220513,-0.39039701
137.3387,21910.2303,51.971695,-5.615953,-48.768234,0.38040599,-0.220782,-0.39021799
137.3581,21910.2504,51.900478,-5.548526,-48.786949,0.380086,-0.22014999,-0.390214
137.3739,21910.2704,51.779972,-5.431607,-48.81654,0.379558,-0.219052,-0.39018399
137.3936,21910.2904,51.76165,-5.386081,-48.822105,0.37957001,-0.218692,-0.390095
137.4158,21910.3105,51.898781,-5.416839,-48.826149,0.380447,-0.219345,-0.39005601
137.4319,21910.3305,51.986622,-5.457937,-48.838821,0.380916,-0.219947,-0.39017299
137.4531,21910.3505,51.848583,-5.451086,-48.824768,0.379971,-0.219428,-0.39022201
137.4823,21910.3705,51.654072,-5.358027,-48.867348,0.37880301,-0.218312,-0.39045501
137.494,21910.3906,51.625633,-5.314476,-48.87323,0.37873501,-0.21793599,-0.39038801
137.5214,21910.4106,51.78857,-5.311819,-48.846794,0.37997001,-0.21833199,-0.38999
137.5375,21910.4306,51.943077,-5.366989,-48.795349,0.38099501,-0.219027,-0.38961801
137.5577,21910.4507,51.943924,-5.372413,-48.797665,0.38097799,-0.21907499,-0.389651
137.575,21910.4707,51.781128,-5.305586,-48.82238,0.37998399,-0.21818399,-0.389806
137.6044,21910.4907,51.638134,-5.229712,-48.871635,0.37911701,-0.21737,-0.39008099
137.6137,21910.5107,51.663181,-5.213569,-48.918392,0.379264,-0.21748801,-0.39032701
137.6341,21910.5308,51.841736,-5.221786,-48.908104,0.38054299,-0.218063,-0.39005801
137.6594,21910.5508,51.916576,-5.189175,-48.923664,0.38116401,-0.218116,-0.38996601
137.6774,21910.5708,51.809582,-5.158858,-48.928837,0.38048601,-0.21758801,-0.39003599
137.693,21910.5909,51.749195,-5.116848,-48.958103,0.38013801,-0.21720099,-0.39017901
137.7163,21910.6109,51.80481,-5.127942,-48.956211,0.380505,-0.217446,-0.39013299
137.7349,21910.6309,51.910835,-5.112798,-48.956959,0.38131899,-0.217669,-0.389954
137.7693,21910.6509,52.004845,-5.031467,-48.933823,0.38231701,-0.217309,-0.38940099
137.781,21910.671,52.050659,-5.008252,-48.843903,0.38289601,-0.216986,-0.38863
137.7944,21910.691,52.045494,-5.032192,-48.756512,0.382943,-0.216847,-0.38809901
137.8199,21910.711,52.024403,-5.054792,-48.714581,0.38279399,-0.216802,-0.387905
137.839,21910.7311,52.000664,-5.059365,-48.684486,0.382664,-0.21665999,-0.38773701
137.8556,21910.7511,52.030193,-5.059613,-48.671906,0.3829,-0.216711,-0.38761199
137.8769,21910.7711,52.110031,-5.045337,-48.675404,0.383517,-0.216867,-0.38748801
137.896,21910.7911,52.179794,-5.082198,-48.628941,0.38398299,-0.217186,-0.38719499
137.9332,21910.8112,52.139931,-5.122079,-48.579411,0.38365501,-0.21718,-0.38702899
137.936,21910.8312,52.011936,-5.126466,-48.563129,0.38274801,-0.216764,-0.38708901
137.9542,21910.8512,51.958012,-5.14123,-48.568077,0.38229999,-0.21672,-0.38724101
137.9733,21910.8712,52.059952,-5.135495,-48.588322,0.38301599,-0.217059,-0.38723701
137.9922,21910.8912,52.220268,-5.156045,-48.607578,0.38406599,-0.217761,-0.38724101
138.0182,21910.9112,52.277752,-5.186101,-48.617737,0.384359,-0.218183,-0.38734099
138.0341,21910.9312,52.154034,-5.127848,-48.619629,0.383661,-0.217399,-0.38731501
138.0515,21910.9512,52.047379,-5.030982,-48.665989,0.38313201,-0.21654201,-0.38745299
138.0754,21910.9712,52.067467,-5.005354,-48.722878,0.38325599,-0.21661299,-0.38774401
138.0956,21910.9912,52.200718,-5.064085,-48.72448,0.38401401,-0.217443,-0.38778299
138.1142,21911.0112,52.300514,-5.15527,-48.687172,0.38449499,-0.21826801,-0.38769901
138.1362,21911.0312,52.338158,-5.230242,-48.647591,0.384588,-0.21878,-0.387624
138.1547,21911.0511,52.313148,-5.131651,-48.739166,0.38456699,-0.21831501,-0.38797101
138.1743,21911.0711,52.183952,-5.065705,-48.866001,0.38361901,-0.217877,-0.388809
138.2049,21911.0911,52.125561,-5.053803,-48.9412,0.38309601,-0.21786401,-0.38937399
138.2207,21911.1111,52.227093,-5.011437,-48.961952,0.38393101,-0.217948,-0.389249
138.2387,21911.1311,52.367928,-5.034458,-48.962376,0.38486499,-0.218547,-0.38914901
138.2631,21911.1511,52.376663,-5.093722,-48.9716,0.384709,-0.219023,-0.389402
138.2824,21911.1711,52.257511,-5.057731,-48.999142,0.38392201,-0.218494,-0.38962799
138.3112,21911.1911,52.159367,-4.980157,-49.07251,0.38334,-0.217888,-0.39001101
138.3177,21911.2111,52.155411,-4.994302,-49.132687,0.383149,-0.21817701,-0.390488
138.3483,21911.2311,52.257168,-5.049752,-49.155533,0.38364801,-0.21896,-0.39070401
138.3565,21911.2511,52.39394,-5.042688,-49.171772,0.384624,-0.21938901,-0.39061901
138.3776,21911.2711,52.415859,-4.992068,-49.208321,0.384884,-0.21922299,-0.39067799
138.3958,21911.2911,52.24366,-4.92917,-49.221691,0.383836,-0.21829,-0.390784
138.4116,21911.3111,52.192314,-4.931635,-49.209755,0.383481,-0.218107,-0.39077401
138.4357,21911.3311,52.345303,-4.980625,-49.161896,0.384505,-0.218768,-0.39040399
138.4515,21911.3511,52.484169,-5.043892,-49.143105,0.38532299,-0.21958099,-0.39030501
138.478,21911.3711,52.417274,-5.009168,-49.184223,0.384882,-0.219267,-0.39056399
138.4969,21911.3911,52.261612,-4.927798,-49.243069,0.38392901,-0.218408,-0.39090699
138.5124,21911.4111,52.195225,-4.878531,-49.298176,0.383515,-0.21803799,-0.39121601
138.5333,21911.4311,52.273895,-4.903008,-49.309978,0.38397399,-0.218495,-0.39127901
138.563,21911.451,52.42585,-4.951602,-49.275723,0.384965,-0.21919601,-0.391004
138.5802,21911.471,52.478069,-4.96758,-49.266396,0.38530299,-0.219439,-0.39092401
138.5982,21911.491,52.388962,-4.947643,-49.300648,0.384666,-0.219137,-0.39121401
138.6185,21911.511,52.299,-4.907294,-49.36491,0.38403499,-0.218788,-0.39164799
138.6379,21911.531,52.268368,-4.93297,-49.372902,0.38371199,-0.2189,-0.39183
138.6553,21911.551,52.331654,-4.969603,-49.333759,0.38411599,-0.21922401,-0.39159501
138.6761,21911.571,52.458179,-4.973748,-49.282764,0.38510799,-0.219476,-0.39108601
138.6968,21911.591,52.613598,-4.996583,-49.231335,0.386244,-0.219946,-0.39059901
138.7227,21911.611,52.78685,-5.026158,-49.237541,0.38737401,-0.22071201,-0.390517
138.7387,21911.631,52.851223,-5.022917,-49.25914,0.38780501,-0.220962,-0.39057401
138.7512,21911.651,52.777847,-5.005225,-49.275375,0.387308,-0.22066499,-0.390724
138.7774,21911.671,52.752808,-5.013212,-49.268742,0.38711399,-0.220621,-0.390737
138.7983,21911.691,52.85955,-4.997105,-49.261475,0.38794801,-0.220814,-0.39049199
138.8191,21911.711,52.887592,-4.947099,-49.303764,0.38823801,-0.22069301,-0.39058301
138.8316,21911.731,52.722305,-4.892744,-49.365524,0.38712001,-0.220006,-0.39105001
138.8593,21911.751,52.47094,-4.890965,-49.402977,0.385252,-0.219337,-0.391637
138.8738,21911.771,52.415825,-4.891036,-49.413719,0.38483599,-0.219202,-0.391785
138.8941,21911.791,52.57568,-4.862966,-49.395077,0.386114,-0.21944,-0.39135
138.9152,21911.811,52.709835,-4.83464,-49.372875,0.38721499,-0.219584,-0.39092201
138.9331,21911.831,52.634571,-4.852196,-49.34486,0.38666901,-0.21937799,-0.390883
138.9545,21911.851,52.532333,-4.775408,-49.356304,0.38617599,-0.218558,-0.39083901
138.9794,21911.871,52.598526,-4.677006,-49.390007,0.386922,-0.21818601,-0.39065701
138.9965,21911.891,52.794533,-4.692454,-49.341084,0.388367,-0.21874,-0.39010501
139.0163,21911.9111,53.011162,-4.807817,-49.227299,0.38974401,-0.21983799,-0.38940999
139.0352,21911.9311,53.081699,-4.849021,-49.192547,0.390176,-0.220228,-0.389213
139.0552,21911.9511,52.880409,-4.792776,-49.222912,0.38886699,-0.219312,-0.38950101
139.0767,21911.9712,52.657433,-4.739672,-49.285542,0.38733,-0.218458,-0.39005601
139.0972,21911.9912,52.697685,-4.790977,-49.255634,0.387501,-0.218843,-0.38996601
139.1121,21912.0112,52.920368,-4.816058,-49.209034,0.389101,-0.21955299,-0.38942999
139.1359,21912.0312,53.000416,-4.778135,-49.183983,0.389851,-0.219449,-0.38901901
139.1553,21912.0513,52.865601,-4.719326,-49.182331,0.389088,-0.218612,-0.38898599
139.1761,21912.0713,52.696945,-4.718449,-49.222065,0.387806,-0.218216,-0.389485
139.2046,21912.0913,52.644516,-4.73054,-49.26836,0.387301,-0.21829499,-0.38992101
139.2249,21912.1114,52.728283,-4.739787,-49.281471,0.38784501,-0.218665,-0.389934
139.2432,21912.1314,52.829231,-4.785981,-49.27702,0.38841999,-0.219289,-0.38992599
139.2652,21912.1515,52.859604,-4.832987,-49.279297,0.388473,-0.219721,-0.39006099
139.2908,21912.1716,52.803112,-4.824069,-49.309399,0.38804099,-0.219585,-0.39031699
139.3235,21912.1916,52.70816,-4.82511,-49.312004,0.38735199,-0.21930601,-0.39046401
139.3284,21912.2117,52.673607,-4.790678,-49.318653,0.387209,-0.218979,-0.39043999
139.3484,21912.2318,52.761253,-4.771699,-49.33149,0.38787699,-0.219161,-0.39035001
139.3605,21912.2518,52.873508,-4.725413,-49.353436,0.38879699,-0.21926001,-0.39019901
139.3786,21912.2719,52.809372,-4.705266,-49.372837,0.38836899,-0.21898399,-0.39035201
139.3992,21912.2919,52.639648,-4.642879,-49.442017,0.387234,-0.21825001,-0.39085299
139.4184,21912.312,52.602482,-4.563519,-49.513657,0.38710201,-0.21781699,-0.39113799
139.4378,21912.3321,52.760067,-4.540752,-49.513882,0.38830799,-0.218152,-0.390852
139.458,21912.3521,52.967133,-4.600299,-49.454037,0.38970101,-0.219015,-0.390356
139.4745,21912.3722,53.00322,-4.623225,-49.410114,0.389965,-0.21913899,-0.39007699
139.4963,21912.3923,52.883835,-4.5211,-49.459202,0.38936499,-0.218216,-0.39023501
139.5217,21912.4124,52.769062,-4.407718,-49.535843,0.38878399,-0.217319,-0.39054301
139.5389,21912.4324,52.747181,-4.433582,-49.565506,0.38848299,-0.21753301,-0.39086899
139.5573,21912.4525,52.866695,-4.49263,-49.501854,0.389258,-0.218107,-0.390461
139.5855,21912.4726,53.033604,-4.518764,-49.448677,0.39046401,-0.218631,-0.38995099
139.5999,21912.4926,53.035728,-4.502139,-49.430336,0.390571,-0.218459,-0.389763
139.6154,21912.5127,52.889236,-4.451829,-49.458218,0.38964099,-0.217742,-0.389985
139.637,21912.5328,52.774509,-4.447302,-49.483208,0.38878801,-0.217436,-0.39030001
139.6566,21912.5528,52.853737,-4.514211,-49.456516,0.38917801,-0.218064,-0.39023301
139.68,21912.5729,53.034035,-4.560189,-49.437313,0.39034799,-0.218885,-0.390012
139.7025,21912.5929,53.059105,-4.535711,-49.483086,0.39052299,-0.21894699,-0.39021599
139.7167,21912.613,52.811092,-4.511358,-49.549667,0.38870499,-0.218226,-0.390935
139.7361,21912.6331,52.549389,-4.482121,-49.613678,0.38681,-0.217416,-0.39163801
139.7635,21912.6531,52.539902,-4.43026,-49.681953,0.38679001,-0.217252,-0.391956
139.7784,21912.6732,52.701363,-4.508811,-49.670742,0.38769799,-0.218274,-0.39192501
139.7979,21912.6933,52.895218,-4.576774,-49.622276,0.38894501,-0.21919601,-0.391554
139.8178,21912.7133,52.923016,-4.568431,-49.589596,0.38923499,-0.21911401,-0.39125901
139.8405,21912.7333,52.775276,-4.546448,-49.599468,0.38823399,-0.218529,-0.39145201
139.8595,21912.7533,52.677315,-4.484221,-49.657173,0.38763601,-0.21798,-0.39177901
139.8787,21912.7734,52.742046,-4.489784,-49.670326,0.388055,-0.21826699,-0.391803
139.9007,21912.7934,52.909077,-4.536071,-49.625977,0.38917601,-0.21896601,-0.39142299
139.9296,21912.8134,53.030651,-4.566536,-49.578022,0.39003301,-0.21939801,-0.39102599
139.9391,21912.8334,53.005116,-4.590157,-49.551743,0.38982001,-0.219394,-0.39095601
139.9544,21912.8535,52.86829,-4.55605,-49.604168,0.38885799,-0.218905,-0.39139301
139.9749,21912.8735,52.750408,-4.548268,-49.648735,0.38795599,-0.218631,-0.39183801
139.9972,21912.8935,52.788929,-4.541809,-49.639256,0.38827199,-0.218675,-0.391698
140.0193,21912.9136,52.967628,-4.560503,-49.599014,0.38956299,-0.21923,-0.391238
140.0348,21912.9336,53.069706,-4.586378,-49.566338,0.39026701,-0.21962,-0.39095899
140.0571,21912.9536,52.958633,-4.600372,-49.540154,0.38947499,-0.219281,-0.39097199
140.0736,21912.9736,52.808517,-4.62149,-49.541702,0.38832599,-0.21896499,-0.391256
140.1009,21912.9937,52.829742,-4.688529,-49.517651,0.38829499,-0.219421,-0.39128599
140.1179,21913.0137,53.034046,-4.735786,-49.480522,0.389667,-0.220265,-0.39091301
140.1368,21913.0337,53.209648,-4.762222,-49.486042,0.39082199,-0.221017,-0.390807
140.1586,21913.0537,53.169708,-4.802001,-49.488823,0.39039499,-0.22118001,-0.39101499
140.1854,21913.0737,53.001759,-4.791026,-49.532242,0.389148,-0.220728,-0.391507
140.207,21913.0936,52.851009,-4.792387,-49.568405,0.387995,-0.22038899,-0.39196599
140.2195,21913.1136,52.869331,-4.808898,-49.576023,0.388055,-0.220588,-0.39205101
140.24,21913.1336,53.048496,-4.792481,-49.570801,0.38940299,-0.22101501,-0.39172
140.2589,21913.1536,53.157471,-4.841819,-49.543541,0.390066,-0.221608,-0.39155099
140.2817,21913.1736,53.092289,-4.867862,-49.539352,0.38951901,-0.221573,-0.39169699
140.3039,21913.1936,52.996536,-4.784472,-49.600063,0.389002,-0.22089501,-0.391967
140.3278,21913.2136,53.007843,-4.691634,-49.653286,0.38929799,-0.22046,-0.39201
140.3375,21913.2336,53.129341,-4.710342,-49.622868,0.39016101,-0.22086801,-0.39169699
140.362,21913.2536,53.243526,-4.817444,-49.540604,0.39076999,-0.22169501,-0.391332
140.3802,21913.2736,53.270996,-4.881183,-49.496655,0.390834,-0.222078,-0.39120501
140.3975,21913.2936,53.221481,-4.85519,-49.493904,0.39057401,-0.22173201,-0.39116299
140.4166,21913.3136,53.202068,-4.847317,-49.463493,0.39052099,-0.221513,-0.39094901
140.4348,21913.3336,53.260399,-4.890787,-49.403942,0.39090499,-0.22179601,-0.39060199
140.455,21913.3536,53.321445,-4.918626,-49.368511,0.39131501,-0.222059,-0.390367
140.4775,21913.3736,53.333271,-4.938361,-49.376389,0.39131701,-0.222261,-0.39047399
140.4977,21913.3936,53.316181,-4.935128,-49.453636,0.391056,-0.222449,-0.391027
140.5216,21913.4136,53.299355,-4.847986,-49.542965,0.39105999,-0.222091,-0.39137799
140.5448,21913.4336,53.289963,-4.762884,-49.607986,0.39115801,-0.221688,-0.39155599
140.5593,21913.4536,53.307003,-4.738452,-49.657051,0.39126799,-0.221737,-0.39179301
140.5782,21913.4736,53.338184,-4.751823,-49.6968,0.391368,-0.222064,-0.392075
140.6005,21913.4936,53.360443,-4.772443,-49.743782,0.39136499,-0.22243799,-0.39244401
140.6181,21913.5135,53.286602,-4.77316,-49.797253,0.39073199,-0.222395,-0.392921
140.6437,21913.5335,53.103764,-4.709303,-49.866177,0.389512,-0.221608,-0.393433
140.6617,21913.5535,52.939346,-4.666852,-49.94062,0.38834,-0.221046,-0.39403301
140.6791,21913.5735,52.97105,-4.670973,-49.989529,0.38845801,-0.221341,-0.39434701
140.704,21913.5936,53.171001,-4.712241,-50.025696,0.38967299,-0.22238301,-0.39446899
140.7403,21913.6136,53.280998,-4.72541,-50.025253,0.39041299,-0.22282,-0.39436099
140.7487,21913.6336,53.185814,-4.64903,-50.03614,0.38997599,-0.222023,-0.39430699
140.7599,21913.6537,53.082802,-4.576198,-50.075867,0.389415,-0.221323,-0.39447799
140.7818,21913.6737,53.132614,-4.597455,-50.091423,0.389667,-0.221682,-0.394591
140.8092,21913.6938,53.287502,-4.679388,-50.073071,0.39052501,-0.222682,-0.39453
140.8253,21913.7139,53.465561,-4.692889,-50.037716,0.39181599,-0.223216,-0.39408499
140.8443,21913.7339,53.561485,-4.642441,-50.052055,0.392645,-0.223215,-0.39388099
140.8622,21913.754,53.410816,-4.646992,-50.041359,0.39157701,-0.222736,-0.39402899
140.879,21913.774,53.234406,-4.615872,-50.034893,0.390439,-0.22194,-0.39411899
140.9093,21913.7941,53.196709,-4.624052,-50.031834,0.39014801,-0.22186799,-0.39417699
140.9176,21913.8142,53.288078,-4.671672,-50.003891,0.39069,-0.222394,-0.39401901
140.9382,21913.8342,53.379208,-4.702111,-49.967361,0.39130601,-0.22276901,-0.39374301
140.9599,21913.8543,53.318546,-4.727682,-49.946972,0.390825,-0.22268701,-0.39377001
140.9842,21913.8744,53.116249,-4.729363,-49.982048,0.38930801,-0.22218201,-0.39429599
140.9993,21913.8944,52.941643,-4.708393,-50.071808,0.38795999,-0.221789,-0.39509001
141.0201,21913.9145,52.920956,-4.683141,-50.106136,0.387833,-0.221663,-0.395273
141.0386,21913.9345,52.997509,-4.699429,-50.081966,0.38837001,-0.221937,-0.395055
141.0674,21913.9546,53.00079,-4.724695,-50.091385,0.38828799,-0.222156,-0.39520201
141.0858,21913.9747,52.894222,-4.705561,-50.150402,0.38747901,-0.221885,-0.395695
141.1049,21913.9947,52.818176,-4.673918,-50.243172,0.386866,-0.221736,-0.396341
141.121,21914.0148,52.881359,-4.649448,-50.260426,0.38736799,-0.22182301,-0.39629301
141.1469,21914.0349,53.047485,-4.64602,-50.23423,0.388616,-0.222238,-0.395872
141.1631,21914.0549,53.117157,-4.689225,-50.193184,0.389043,-0.22262099,-0.39563599
141.1818,21914.075,53.046753,-4.681087,-50.193714,0.38856801,-0.222343,-0.39570799
141.2025,21914.095,52.95752,-4.597464,-50.286366,0.38804099,-0.221789,-0.39619499
141.218,21914.1151,52.943531,-4.554028,-50.359055,0.38795099,-0.221687,-0.39657599
141.2516,21914.1352,53.022884,-4.54632,-50.403011,0.38845801,-0.22203401,-0.39674801
141.2656,21914.1552,53.069466,-4.554604,-50.428902,0.38871101,-0.22232801,-0.39689299
141.2857,21914.1753,53.043941,-4.509629,-50.469578,0.38860601,-0.22206999,-0.39706001
141.31,21914.1953,52.998581,-4.46446,-50.507629,0.38836601,-0.22173899,-0.39723599
141.3295,21914.2153,52.95673,-4.456701,-50.514587,0.38808101,-0.22157399,-0.39731601
141.3422,21914.2354,52.943592,-4.45226,-50.502678,0.388026,-0.221461,-0.39723599
141.3704,21914.2554,52.953003,-4.448225,-50.458843,0.388192,-0.221315,-0.39690301
141.3844,21914.2754,52.987206,-4.440555,-50.457344,0.38846499,-0.221365,-0.396819
141.4024,21914.2954,53.010429,-4.454825,-50.493057,0.38851199,-0.22166,-0.39708501
141.4192,21914.3153,53.014538,-4.438505,-50.543556,0.38850001,-0.22172999,-0.39737701
141.4424,21914.3353,53.025459,-4.388388,-50.601788,0.388639,-0.22161201,-0.39759901
141.4559,21914.3553,52.984604,-4.257023,-50.726265,0.38856399,-0.220985,-0.398081
141.475,21914.3753,52.864307,-4.03171,-50.96756,0.388028,-0.21983901,-0.399174
141.5068,21914.3953,52.740299,-3.692482,-51.307686,0.38768101,-0.218216,-0.40058199
141.52,21914.4153,52.585918,-3.463619,-51.489002,0.38704199,-0.216722,-0.401301
141.5412,21914.4353,52.334549,-3.355401,-51.486244,0.38564199,-0.21512701,-0.40128499
141.5637,21914.4553,52.087639,-3.274287,-51.437496,0.38426301,-0.21358,-0.401032
141.5789,21914.4753,52.044273,-3.071848,-51.836044,0.38392299,-0.21335299,-0.403211
141.5986,21914.4953,52.15152,-2.740807,-52.248013,0.385084,-0.212777,-0.40482301
141.6181,21914.5153,52.013931,-2.641529,-52.351315,0.38427001,-0.21196499,-0.405422
141.6416,21914.5353,51.874645,-2.646398,-52.325268,0.383315,-0.211441,-0.40546799
141.6566,21914.5553,51.875748,-2.328955,-52.341412,0.384415,-0.20927501,-0.40451601
141.6824,21914.5753,51.822662,-2.311347,-52.311619,0.38415599,-0.20887201,-0.40432999
141.7006,21914.5953,51.660046,-2.602738,-52.177681,0.38222,-0.20991699,-0.40461299
141.7193,21914.6153,51.432552,-2.89687,-52.1026,0.379704,-0.21096499,-0.40540501
141.7381,21914.6353,51.238163,-3.011803,-52.119583,0.377884,-0.211173,-0.40619099
141.7583,21914.6553,51.211433,-3.008464,-52.209545,0.37753999,-0.211356,-0.40685099
141.7775,21914.6753,51.128208,-2.917567,-52.384647,0.37694901,-0.211013,-0.407904
141.7999,21914.6953,51.568062,-3.162819,-52.24947,0.37945101,-0.213772,-0.40711501
141.8173,21914.7153,51.766815,-3.182479,-52.058781,0.38114801,-0.213944,-0.40555099
141.8379,21914.7352,51.519108,-3.156193,-51.900356,0.379776,-0.212405,-0.404717
141.8623,21914.7552,51.278625,-3.03682,-51.860752,0.37856001,-0.210631,-0.404396
141.8781,21914.7752,51.217884,-2.950232,-51.867317,0.37842101,-0.20984,-0.40424499
141.9292,21914.7952,51.198219,-3.09784,-51.890675,0.37771699,-0.210889,-0.40492499
141.9366,21914.8152,51.04501,-3.16596,-51.931965,0.37630901,-0.21099,-0.405662
141.9394,21914.8352,50.811615,-3.185462,-51.997238,0.374457,-0.210558,-0.40652299
141.9569,21914.8552,50.693939,-3.115762,-52.083027,0.37370801,-0.209951,-0.407069
141.9789,21914.8752,50.686909,-3.068131,-52.141129,0.373721,-0.209782,-0.40733299
141.997,21914.8952,50.741837,-3.122346,-52.166428,0.373873,-0.21043099,-0.407608
142.0164,21914.9152,50.794895,-3.128375,-52.206989,0.37415501,-0.210785,-0.40783599
142.0406,21914.9352,50.756916,-3.103938,-52.24477,0.37390199,-0.21060801,-0.408077
142.0588,21914.9552,50.668304,-3.09537,-52.28857,0.37322101,-0.210391,-0.40848601
142.0798,21914.9752,50.560333,-3.011742,-52.408936,0.37253001,-0.209829,-0.40921801
142.1042,21914.9952,50.526352,-2.952764,-52.530651,0.37227601,-0.209694,-0.40993199
142.1202,21915.0152,50.669964,-2.761986,-52.746643,0.37358499,-0.209546,-0.41061699
142.1402,21915.0352,50.887852,-2.508201,-52.966618,0.37563899,-0.209231,-0.41100401
142.1639,21915.0552,50.872433,-2.246905,-53.085426,0.37625101,-0.207735,-0.41100401
142.1824,21915.0752,50.666607,-2.340171,-53.031818,0.37455499,-0.20750301,-0.411248
142.2123,21915.0952,50.481945,-2.24773,-53.019657,0.37359899,-0.206176,-0.41114199
142.2286,21915.1152,50.386375,-2.250414,-53.152653,0.37267199,-0.206297,-0.412231
142.239,21915.1351,50.466553,-2.1719,-53.318653,0.37322399,-0.20656399,-0.413019
142.2734,21915.1551,50.548096,-2.284393,-53.359509,0.37332201,-0.20777,-0.41354701
142.2919,21915.1751,50.556763,-2.536311,-53.150562,0.37285501,-0.20888799,-0.41288799
142.3107,21915.1951,50.567528,-2.693449,-52.882076,0.37285599,-0.20915499,-0.41149801
142.3218,21915.2152,50.628788,-2.642711,-52.820602,0.37358499,-0.208808,-0.41080901
142.3566,21915.2352,50.687386,-2.610297,-52.894283,0.373983,-0.209022,-0.41113299
142.3615,21915.2552,50.601894,-2.680975,-52.889519,0.37313101,-0.209209,-0.41145799
142.3779,21915.2752,50.332523,-2.644075,-52.85918,0.37140501,-0.20792601,-0.41152701
142.4004,21915.2953,50.082241,-2.645136,-52.84203,0.369652,-0.207017,-0.41178101
142.4168,21915.3153,50.076977,-2.592575,-52.864998,0.369762,-0.20670301,-0.41178101
142.437,21915.3353,50.193966,-2.694829,-52.915623,0.37013501,-0.20798901,-0.412294
142.4669,21915.3554,50.250263,-2.775638,-52.943295,0.37019399,-0.20884,-0.41266599
142.4809,21915.3754,50.172302,-2.914769,-53.009579,0.369017,-0.209764,-0.41369599
142.5007,21915.3954,50.153786,-3.105912,-53.107548,0.36801401,-0.211358,-0.41502601
142.5225,21915.4154,50.363018,-2.990531,-53.177921,0.369789,-0.211495,-0.414841
142.5393,21915.4355,50.55732,-2.460511,-53.155396,0.37312299,-0.208373,-0.41267401
142.5603,21915.4555,50.455658,-2.084181,-53.145298,0.37377399,-0.205345,-0.41153201
142.5912,21915.4755,50.281345,-1.835522,-53.113937,0.37348601,-0.202888,-0.41076899
142.6022,21915.4956,50.104816,-1.647333,-53.111202,0.372913,-0.200939,-0.41040999
142.6244,21915.5156,49.904015,-1.584236,-53.079586,0.37176901,-0.199691,-0.41029301
142.6462,21915.5356,49.880795,-1.347201,-53.08707,0.372439,-0.197961,-0.409612
142.6588,21915.5556,49.9697,-1.164472,-53.13625,0.373638,-0.197143,-0.40922499
142.6793,21915.5757,50.035198,-1.189736,-53.099239,0.37407601,-0.19743,-0.408943
142.7045,21915.5957,50.179424,-1.192062,-53.059277,0.375159,-0.19781999,-0.40844101
142.7228,21915.6157,50.249241,-0.994077,-53.063107,0.37635201,-0.19667999,-0.40770799
142.7393,21915.6358,50.195724,-0.740229,-53.098045,0.376816,-0.19481599,-0.407206
142.761,21915.6558,50.354946,-0.579495,-53.184368,0.37836701,-0.194526,-0.40702799
142.7787,21915.6758,50.547825,-0.469698,-53.209404,0.380077,-0.19451299,-0.406526
142.799,21915.6958,50.412842,-0.353034,-53.104782,0.37971401,-0.19286899,-0.40562299
142.8202,21915.7159,50.400166,-0.014466,-53.192097,0.380676,-0.190724,-0.405137
142.8393,21915.7359,50.979755,0.220986,-53.507244,0.385066,-0.19217101,-0.40559599
142.8571,21915.7559,51.244858,0.175012,-53.549908,0.38669401,-0.193579,-0.40559801
142.8813,21915.776,51.097,0.23407,-53.493183,0.38596001,-0.19244801,-0.40525299
142.8988,21915.796,50.631443,0.327362,-53.339706,0.38327,-0.189623,-0.40465099
142.9187,21915.816,50.464203,0.689037,-53.339424,0.38336799,-0.186474,-0.40372401
142.9387,21915.836,50.405636,0.760713,-53.365242,0.38316599,-0.185845,-0.40376699
142.9583,21915.856,50.097599,0.506653,-53.241306,0.380299,-0.186131,-0.40426099
142.9818,21915.876,49.594112,0.466414,-53.171375,0.37671101,-0.184394,-0.40474299
143.0003,21915.896,49.050831,0.636538,-53.275101,0.373299,-0.181587,-0.40582699
143.0182,21915.916,48.720379,0.911864,-53.535049,0.37152499,-0.179288,-0.407332
143.0384,21915.936,48.742317,1.20756,-53.867649,0.37221399,-0.17834499,-0.40869901
143.0619,21915.9559,48.816608,1.30356,-54.078678,0.37275299,-0.17862,-0.409758
143.0787,21915.9759,48.744267,1.180318,-54.14909,0.37169099,-0.17945901,-0.41078201
143.0985,21915.9959,48.555294,1.262898,-54.232319,0.37052301,-0.178452,-0.41142899
143.1219,21916.0159,48.346481,1.43136,-54.332668,0.36949801,-0.176814,-0.41195601
143.1394,21916.0359,48.354317,1.408122,-54.380928,0.36939499,-0.177163,-0.41236001
143.1588,21916.0559,48.470066,1.269724,-54.386185,0.369706,-0.178588,-0.41264501
143.1799,21916.0759,48.310753,1.154608,-54.296467,0.36830601,-0.178532,-0.412651
143.2002,21916.0959,47.8867,1.038804,-54.253841,0.36495399,-0.177664,-0.41343501
143.2178,21916.1159,47.48019,0.865514,-54.307884,0.36136201,-0.177578,-0.41504699
143.2456,21916.1359,47.357334,0.815465,-54.315369,0.36029699,-0.177507,-0.415461
143.259,21916.1559,47.388409,0.856191,-54.261116,0.36074901,-0.17715999,-0.414895
143.2791,21916.1759,47.353867,0.852313,-54.162556,0.36064199,-0.176751,-0.414262
143.3036,21916.1959,47.195866,0.84799,-54.022293,0.35971901,-0.175763,-0.413535
143.3333,21916.2159,46.997574,0.73259,-53.899883,0.35807899,-0.17547999,-0.41334599
143.3398,21916.2359,46.843117,0.600106,-53.810287,0.356637,-0.175584,-0.41336799
143.3627,21916.2559,46.754051,0.656709,-53.769016,0.356269,-0.17472699,-0.41304001
143.3775,21916.2759,46.67503,0.818139,-53.780819,0.356269,-0.17332099,-0.41275001
143.3989,21916.2959,46.75742,1.282415,-54.03223,0.35815099,-0.171084,-0.412967
143.4216,21916.3159,46.818817,1.736066,-54.365158,0.35973001,-0.16911,-0.41382399
143.4393,21916.3359,46.862766,2.277216,-54.797508,0.36136499,-0.166768,-0.41513401
143.4593,21916.3558,46.816891,2.9519,-55.231277,0.36286399,-0.163151,-0.416179
143.4792,21916.3758,46.778847,3.534223,-55.574139,0.36422899,-0.15993901,-0.41684601
143.5015,21916.3958,46.811604,4.069384,-55.840981,0.36603701,-0.15709899,-0.41698301
143.5227,21916.4158,46.770164,4.556738,-56.189827,0.367048,-0.154581,-0.41798899
143.5437,21916.4358,46.491116,4.826107,-56.464027,0.36571401,-0.152449,-0.419617
143.5588,21916.4558,46.269958,4.991944,-56.638958,0.36454499,-0.150956,-0.420762
143.5845,21916.4758,46.286972,5.166744,-56.741589,0.36517099,-0.150104,-0.42090401
143.5999,21916.4958,46.477016,4.933836,-56.496147,0.36596701,-0.151728,-0.41952899
143.6179,21916.5158,46.731228,4.506438,-56.032658,0.366804,-0.154285,-0.41710401
143.6375,21916.5358,46.95792,4.220969,-55.646782,0.367879,-0.15595999,-0.41483799
143.667,21916.5558,47.067764,4.206624,-55.401764,0.368931,-0.155696,-0.412929
143.6778,21916.5758,47.039703,4.380592,-55.244625,0.36957201,-0.15384001,-0.41129899
143.6985,21916.5958,46.892658,4.442534,-55.15564,0.36888,-0.152548,-0.41073999
143.7215,21916.6158,46.747066,4.276688,-55.058327,0.36739099,-0.15286601,-0.410849
143.7362,21916.6358,46.78437,3.960241,-54.980587,0.36662301,-0.15502401,-0.411237
143.7684,21916.6558,46.919746,3.737258,-54.907078,0.36687699,-0.15689801,-0.411176
143.7889,21916.6758,47.027115,3.583145,-54.847328,0.367163,-0.158215,-0.411046
143.7992,21916.6958,47.114994,3.52627,-54.800026,0.36764401,-0.158802,-0.41073
143.8174,21916.7158,47.197624,3.361499,-54.655613,0.36783701,-0.15982699,-0.41007599
143.8434,21916.7358,47.246502,2.869031,-54.481308,0.36666501,-0.162972,-0.410321
143.8634,21916.7558,47.182705,2.346202,-54.252068,0.36467001,-0.16574,-0.41046301
143.8806,21916.7757,47.058949,2.05742,-53.989182,0.36313999,-0.166513,-0.409713
143.9011,21916.7957,46.997452,1.6922,-53.67432,0.36185801,-0.167906,-0.40871799
143.9483,21916.8157,47.077675,1.295782,-53.411236,0.36140499,-0.17020801,-0.407951
143.9491,21916.8357,47.233509,0.9568,-53.251488,0.36154899,-0.17269599,-0.407621
143.9697,21916.8557,47.222511,0.647563,-53.233437,0.36039701,-0.174814,-0.40848401
143.9766,21916.8757,46.987732,0.495046,-53.348763,0.357999,-0.175421,-0.41016299
143.9962,21916.8957,46.877346,0.468798,-53.57074,0.356776,-0.17590199,-0.412009
144.0205,21916.9157,46.992794,0.468337,-53.756641,0.35731199,-0.17690299,-0.41315499
144.0425,21916.9357,47.223988,0.450356,-53.843098,0.35876101,-0.178141,-0.41345701
144.0584,21916.9557,47.471931,0.428741,-53.911842,0.36034101,-0.17941201,-0.41361499
144.0788,21916.9757,47.677799,0.31466,-54.007664,0.361242,-0.181274,-0.414323
144.0992,21916.9957,47.74157,0.008501,-54.098186,0.36044201,-0.18396799,-0.41582799
144.1218,21917.0157,47.660877,-0.403507,-54.173977,0.35824701,-0.18684,-0.41778699
144.1402,21917.0357,47.546722,-0.814863,-54.21278,0.35586801,-0.189468,-0.419523
144.1669,21917.0557,47.495457,-1.039552,-54.241863,0.35463101,-0.19096699,-0.42050499
144.1789,21917.0757,47.493088,-1.31529,-54.252743,0.35358301,-0.192948,-0.42143801
144.1998,21917.0957,47.535465,-1.792017,-54.226452,0.35217401,-0.196398,-0.422656
144.2212,21917.1157,47.590534,-2.228263,-54.212353,0.35098001,-0.19964001,-0.42381299
144.2429,21917.1357,47.606377,-2.565878,-54.274113,0.34973401,-0.202273,-0.42525899
144.2627,21917.1557,47.644024,-2.815519,-54.342365,0.34895399,-0.20437901,-0.42644799
144.2799,21917.1756,47.805023,-3.010277,-54.38633,0.34929901,-0.206461,-0.42712101
144.2982,21917.1956,48.005611,-3.21119,-54.445118,0.34987399,-0.20877001,-0.42786199
144.3213,21917.2156,48.096355,-3.243817,-54.533321,0.350238,-0.209592,-0.428453
144.3518,21917.2356,48.035763,-3.145137,-54.690788,0.349888,-0.209163,-0.429346
144.3562,21917.2556,47.938507,-2.931107,-54.851852,0.34970501,-0.207801,-0.429966
144.3802,21917.2756,47.875622,-2.772065,-54.933868,0.34970599,-0.206706,-0.43014899
144.4007,21917.2956,47.885174,-2.831505,-54.822506,0.34975201,-0.206819,-0.429533
144.4183,21917.3156,48.028172,-3.082177,-54.547165,0.35033101,-0.20825399,-0.42815399
144.4393,21917.3356,48.256313,-3.261329,-54.221615,0.35188299,-0.209328,-0.426085
144.46,21917.3556,48.407413,-3.129519,-54.000751,0.353852,-0.208253,-0.423908
144.479,21917.3756,48.534084,-2.768116,-53.896221,0.356278,-0.20582899,-0.42186901
144.5003,21917.3956,48.81052,-2.36093,-53.902409,0.359732,-0.203954,-0.42023399
144.5209,21917.4156,49.313274,-2.064696,-53.967869,0.36427301,-0.203853,-0.419002
144.5377,21917.4356,49.88052,-1.818295,-53.966698,0.369194,-0.204124,-0.41733101
144.5624,21917.4556,50.305485,-1.696965,-53.793537,0.372949,-0.204212,-0.415057
144.5766,21917.4756,50.558189,-1.859389,-53.480034,0.37470901,-0.20521601,-0.41299
144.6015,21917.4956,50.714352,-2.148358,-53.139591,0.37538701,-0.20667399,-0.411304
144.6238,21917.5156,50.757469,-2.483459,-52.924503,0.37487999,-0.208471,-0.41082501
144.6432,21917.5356,50.588154,-2.757613,-52.924572,0.37269399,-0.209814,-0.41197401
144.6624,21917.5556,50.267784,-2.752658,-53.134274,0.37005299,-0.209356,-0.413908
144.7002,21917.5756,49.932434,-2.285408,-53.422562,0.368839,-0.205837,-0.414931
144.7059,21917.5955,49.723335,-1.579313,-53.66362,0.36948401,-0.200911,-0.41467401
144.7222,21917.6155,49.63665,-1.094046,-53.695492,0.37056801,-0.19728801,-0.413468
144.7442,21917.6355,49.575394,-1.277055,-53.446136,0.36990401,-0.197557,-0.412397
144.7601,21917.6555,49.542538,-1.702895,-53.101357,0.36873701,-0.19933701,-0.41138601
144.7785,21917.6755,49.589203,-1.908299,-52.798885,0.36886001,-0.199977,-0.409839
144.803,21917.6955,49.624592,-1.92733,-52.547153,0.36948299,-0.199423,-0.40806699
144.8208,21917.7155,49.516571,-1.750937,-52.343868,0.36969101,-0.197146,-0.406221
144.8365,21917.7355,49.358009,-1.549004,-52.202812,0.369515,-0.194713,-0.40480801
144.8672,21917.7555,49.265472,-1.448617,-52.173435,0.36925799,-0.19358601,-0.40441501
144.885,21917.7755,49.187481,-1.399256,-52.192333,0.36884299,-0.193027,-0.40450799
144.9046,21917.7955,49.134838,-1.283026,-52.250439,0.36877999,-0.19220699,-0.404627
144.9248,21917.8156,49.171734,-1.09952,-52.30006,0.36960801,-0.19119,-0.40433201
144.9426,21917.8356,49.298172,-0.864139,-52.3493,0.37125799,-0.190115,-0.40372601
144.9664,21917.8556,49.443363,-0.738197,-52.359127,0.37272,-0.189757,-0.40316099
144.9917,21917.8756,49.515396,-0.719739,-52.375221,0.37327099,-0.189928,-0.40310201
145.0113,21917.8957,49.509544,-0.586975,-52.456078,0.37356299,-0.189229,-0.40325299
145.0225,21917.9157,49.461735,-0.40281,-52.559963,0.37369999,-0.18809301,-0.40346599
145.0423,21917.9357,49.442894,-0.245902,-52.619499,0.37402099,-0.187107,-0.40340701
145.058,21917.9558,49.516964,-0.054602,-52.703259,0.37508401,-0.18628199,-0.40325701
145.0877,21917.9758,49.666271,0.060399,-52.79155,0.376405,-0.186281,-0.40326399
145.1039,21917.9958,49.827396,-0.025316,-52.790325,0.37724799,-0.187452,-0.403274
145.1189,21918.0158,49.921108,-0.343747,-52.638519,0.377042,-0.189538,-0.40309399
145.1418,21918.0359,49.914154,-0.919592,-52.291302,0.37554699,-0.19245499,-0.40253499
145.1611,21918.0559,49.981899,-1.607341,-51.788139,0.37447101,-0.19591799,-0.40111399
145.18,21918.0759,50.28154,-2.190171,-51.320538,0.37538299,-0.199534,-0.399259
145.2005,21918.096,50.606239,-2.638553,-50.938057,0.376818,-0.202539,-0.39754799
145.2331,21918.116,50.594093,-2.930167,-50.81073,0.375945,-0.204146,-0.39762101
145.2454,21918.136,50.13739,-2.901313,-51.036213,0.37237099,-0.20316701,-0.399771
145.2673,21918.156,49.43787,-2.672556,-51.514999,0.367311,-0.20074999,-0.40342
145.2826,21918.1761,48.750935,-2.466963,-52.100353,0.36208999,-0.19882099,-0.40790099
145.3044,21918.1961,48.207306,-2.22719,-52.646515,0.35810599,-0.196961,-0.411809
145.3286,21918.2161,47.970005,-2.038324,-53.044487,0.35640401,-0.196032,-0.41439199
145.3427,21918.2362,48.018757,-2.050962,-53.22963,0.35639,-0.196869,-0.41567501
145.365,21918.2562,48.132267,-2.201784,-53.328152,0.356484,-0.198644,-0.416677
145.3789,21918.2762,48.155853,-2.312858,-53.470268,0.35600099,-0.199956,-0.41799501
145.3993,21918.2962,48.160305,-2.411257,-53.54248,0.35554701,-0.200892,-0.418805
145.4183,21918.3163,48.277473,-2.810301,-53.518425,0.354967,-0.204052,-0.41970301
145.4392,21918.3363,48.433365,-3.280725,-53.540993,0.35431501,-0.20799001,-0.42109701
145.4616,21918.3564,48.491123,-3.586113,-53.658272,0.35338899,-0.21070699,-0.422786
145.4778,21918.3765,48.410713,-3.525908,-53.887272,0.35261601,-0.21070699,-0.424326
145.4983,21918.3965,48.3008,-3.338423,-54.146645,0.35205099,-0.20979799,-0.425731
145.5218,21918.4165,48.349258,-3.26688,-54.34235,0.35230401,-0.210067,-0.426819
145.5386,21918.4365,48.523209,-3.25274,-54.505863,0.353295,-0.211088,-0.42767501
145.5618,21918.4566,48.739391,-3.272209,-54.656097,0.354482,-0.212457,-0.42847699
145.5804,21918.4766,48.962376,-3.345521,-54.81559,0.35549399,-0.214258,-0.429497
145.6064,21918.4966,49.142654,-3.320093,-54.974556,0.35657001,-0.21521699,-0.43026599
145.6237,21918.5167,49.207554,-3.074844,-55.171963,0.35758099,-0.214351,-0.430785
145.6464,21918.5367,49.398392,-2.72559,-55.418427,0.35978299,-0.21337099,-0.431124
145.6581,21918.5567,49.714134,-2.27185,-55.658291,0.363269,-0.212107,-0.430875
145.6821,21918.5767,50.098557,-1.940758,-55.784069,0.366981,-0.211601,-0.43008399
145.7038,21918.5968,50.507771,-1.733004,-55.81958,0.37056199,-0.211762,-0.42899799
145.7206,21918.6168,50.747948,-1.622278,-55.747292,0.37279001,-0.211633,-0.427742
145.7398,21918.6368,50.812458,-1.497973,-55.658001,0.373869,-0.210713,-0.42660999
145.7821,21918.6569,50.922363,-1.256112,-55.61076,0.37562299,-0.209278,-0.42530799
145.7884,21918.6769,51.219376,-0.861754,-55.576496,0.379219,-0.207506,-0.423269
145.8057,21918.6969,51.471329,-0.641181,-55.421028,0.38206899,-0.206374,-0.42102399
145.8282,21918.7169,51.554817,-0.676974,-55.101891,0.38309401,-0.20586,-0.41878101
145.8488,21918.737,51.507397,-0.808694,-54.800095,0.382824,-0.205597,-0.41720101
145.8642,21918.757,51.212265,-1.096919,-54.655827,0.37996799,-0.20606799,-0.417651
145.8823,21918.777,50.658405,-1.387998,-54.745075,0.37485701,-0.20640799,-0.420145
145.9218,21918.7971,50.134537,-1.263513,-54.979454,0.37121299,-0.20441601,-0.422232
145.9235,21918.8171,49.886635,-0.664518,-55.19315,0.371301,-0.20001701,-0.42219499
145.9436,21918.8371,49.818329,-0.098531,-55.26078,0.372787,-0.19602101,-0.420946
145.9589,21918.8571,49.598492,-0.07084,-55.024223,0.371748,-0.194253,-0.419568
145.9776,21918.8772,49.366646,-0.352139,-54.661869,0.36970201,-0.194214,-0.41831699
146.0009,21918.8972,49.337017,-0.658948,-54.381939,0.36884999,-0.195365,-0.41738299
146.0225,21918.9172,49.392014,-0.961423,-54.162144,0.368514,-0.196986,-0.41671899
146.0381,21918.9372,49.35453,-1.106553,-54.042049,0.367928,-0.19748899,-0.416399
146.0628,21918.9572,49.237,-1.031523,-54.040531,0.36737099,-0.19653501,-0.416334
146.0788,21918.9772,49.095001,-0.882038,-54.104713,0.366799,-0.195178,-0.41653401
146.1098,21918.9972,49.035099,-0.713448,-54.260838,0.366723,-0.19427299,-0.41719201
146.1248,21919.0172,49.014507,-0.53567,-54.416882,0.366961,-0.193444,-0.417757
146.1498,21919.0372,49.017723,-0.32408,-54.603104,0.36744201,-0.19256,-0.418387
146.1615,21919.0572,49.007221,-0.1288,-54.761879,0.36781499,-0.191654,-0.418897
146.1828,21919.0772,48.921844,0.178887,-54.908047,0.36809501,-0.189642,-0.41908199
146.2036,21919.0972,49.045227,0.332965,-55.006878,0.36936399,-0.189327,-0.41907501
146.2219,21919.1172,49.248283,0.202299,-55.010273,0.370309,-0.19100399,-0.419177
146.2428,21919.1372,49.468777,-0.035259,-55.0168,0.37097901,-0.19350401,-0.41961899
146.2632,21919.1572,49.693352,-0.114108,-55.141693,0.37205601,-0.19528501,-0.42037299
146.2828,21919.1772,49.935894,0.006364,-55.338264,0.373864,-0.19597,-0.42094699
146.3063,21919.1972,50.227451,0.1261,-55.511799,0.37604699,-0.19677199,-0.42126799
146.3494,21919.2172,50.493435,0.097619,-55.623787,0.37760699,-0.198319,-0.421682
146.3557,21919.2372,50.64365,-0.191093,-55.614918,0.377608,-0.200858,-0.42231101
146.3694,21919.2571,50.763031,-0.750624,-55.426128,0.37671301,-0.204574,-0.42263201
146.3798,21919.2771,50.944046,-1.208115,-55.216145,0.37667,-0.207727,-0.422369
146.4001,21919.2971,51.081028,-1.594297,-55.020748,0.37656301,-0.21026701,-0.422052
146.4208,21919.3171,51.102322,-1.70424,-55.033802,0.37628299,-0.211151,-0.42246899
146.4412,21919.3371,50.898914,-1.460241,-55.405144,0.37507799,-0.209938,-0.424586
146.4644,21919.3571,50.357731,-1.396424,-55.905296,0.37061399,-0.209151,-0.42875201
146.4827,21919.3771,49.712795,-1.755482,-56.336498,0.36395699,-0.21066,-0.43395901
146.5104,21919.3971,49.362049,-1.813434,-56.716816,0.36058,-0.210967,-0.43735501
146.5283,21919.4171,49.286598,-1.572341,-56.975204,0.36049899,-0.209824,-0.43851501
146.5468,21919.4371,49.286995,-1.35705,-57.144882,0.36101601,-0.208864,-0.439015
146.5734,21919.4571,49.173218,-1.322732,-57.281567,0.36010399,-0.208628,-0.440045
146.5867,21919.4771,48.960331,-1.576612,-57.298904,0.35760799,-0.20964301,-0.441311
146.6118,21919.4971,48.786205,-1.886937,-57.241821,0.35529801,-0.210967,-0.44216299
146.6258,21919.5171,48.730087,-2.184148,-57.1129,0.35399601,-0.212423,-0.44227701
146.6415,21919.5371,48.84074,-2.391573,-57.010715,0.35416201,-0.21396101,-0.44203299
146.6601,21919.5571,49.052555,-2.535389,-56.981529,0.35514799,-0.215657,-0.44194201
146.6809,21919.5771,49.154259,-2.602261,-57.030369,0.35551101,-0.21664999,-0.44232801
146.7022,21919.5971,49.059326,-2.613589,-57.033909,0.35479501,-0.216387,-0.44253701
146.7225,21919.6171,49.015316,-2.599368,-57.00808,0.35459,-0.21604501,-0.44238299
146.7408,21919.6371,49.231018,-2.503794,-56.984779,0.35651499,-0.216111,-0.441585
146.7609,21919.657,49.646683,-2.373208,-56.953156,0.359988,-0.21664999,-0.44029599
146.7867,21919.677,50.011574,-2.493283,-56.827057,0.36231899,-0.21843401,-0.439217
146.799,21919.697,50.206848,-2.793267,-56.614639,0.36294299,-0.22055399,-0.43838599
146.8283,21919.717,50.203144,-3.170679,-56.321499,0.362041,-0.222223,-0.43755901
146.846,21919.737,50.164249,-3.668272,-55.836414,0.360816,-0.223996,-0.43583101
146.8646,21919.757,50.332458,-4.180329,-55.252377,0.36120701,-0.226303,-0.433148
146.8885,21919.777,50.696712,-4.603804,-54.731071,0.36321899,-0.22887,-0.43034601
146.9041,21919.797,51.111691,-5.01989,-54.34763,0.365365,-0.23197199,-0.42842299
146.9199,21919.817,51.38567,-5.385942,-54.07428,0.36649299,-0.23457099,-0.42731699
146.9443,21919.837,51.517773,-5.650186,-53.810471,0.36698601,-0.236003,-0.42615601
146.9638,21919.857,51.671253,-5.635699,-53.580906,0.36860001,-0.23568501,-0.424312
146.9827,21919.877,51.914387,-5.290025,-53.388527,0.37199199,-0.23348901,-0.42152801
147.0026,21919.897,52.200764,-4.98205,-53.105495,0.37572199,-0.23139399,-0.41816199
147.0256,21919.917,52.355644,-4.966178,-52.708847,0.37767601,-0.230497,-0.415142
147.0396,21919.937,52.21838,-5.361382,-52.215611,0.37626699,-0.23116501,-0.41320699
147.0636,21919.957,51.816578,-5.969007,-51.866398,0.371921,-0.232939,-0.413295
147.085,21919.977,51.431843,-6.149876,-51.764858,0.36872599,-0.232622,-0.41366601
147.1026,21919.997,51.285336,-5.477815,-51.821697,0.369986,-0.22763599,-0.41208601
147.1218,21920.017,51.31776,-4.610806,-51.878765,0.37321401,-0.221862,-0.40963
147.146,21920.037,51.242344,-4.247158,-51.722298,0.374273,-0.21855401,-0.407451
147.1597,21920.0569,50.962227,-4.441138,-51.314548,0.37235901,-0.217667,-0.40560201
147.1779,21920.0769,50.724033,-4.820431,-50.784344,0.37031901,-0.217843,-0.403413
147.2016,21920.0969,50.562618,-5.214699,-50.273796,0.368745,-0.21845999,-0.401288
147.2229,21920.1169,50.506409,-5.537095,-49.819389,0.368081,-0.2191,-0.39918199
147.2429,21920.1369,50.599247,-5.5672,-49.480309,0.369295,-0.218514,-0.39676601
147.2643,21920.1569,50.701714,-5.632122,-49.148296,0.37044501,-0.21822201,-0.39449999
147.2836,21920.1769,50.736687,-5.763992,-48.855614,0.370803,-0.218319,-0.39280999
147.3104,21920.1969,50.740761,-5.802487,-48.686264,0.371023,-0.21805599,-0.39172801
147.3243,21920.2169,50.805893,-5.664498,-48.668133,0.37200099,-0.217218,-0.39107499
147.3413,21920.2369,50.991211,-5.463309,-48.727459,0.373918,-0.216555,-0.39061999
147.3585,21920.2569,51.30566,-5.29087,-48.796944,0.37664899,-0.21653,-0.390165
147.3843,21920.2769,51.623161,-5.284644,-48.863129,0.378838,-0.217684,-0.390221
147.4002,21920.2969,51.848652,-5.315876,-48.945065,0.380202,-0.218872,-0.390623
147.4193,21920.3169,51.967766,-5.343492,-49.037601,0.38078901,-0.219742,-0.39121899
147.441,21920.3369,52.059879,-5.260898,-49.204041,0.38141501,-0.219998,-0.39200199
147.459,21920.3569,52.159748,-5.012772,-49.457352,0.38249701,-0.219405,-0.39283201
147.4798,21920.3769,52.21748,-4.858676,-49.741306,0.38289699,-0.21945,-0.39424101
147.5009,21920.3969,52.250404,-4.828098,-50.040115,0.38266501,-0.220337,-0.39619601
147.5248,21920.4169,52.251923,-4.986679,-50.193218,0.38183099,-0.221966,-0.397798
147.5459,21920.4369,52.205711,-5.349306,-50.114075,0.38039401,-0.22410101,-0.398509
147.5659,21920.4568,52.132133,-5.744701,-49.870941,0.37896901,-0.225839,-0.39820701
147.5805,21920.4768,52.091839,-6.177426,-49.571705,0.37776899,-0.227763,-0.397585
147.6034,21920.4968,52.015633,-6.535452,-49.409348,0.376302,-0.229508,-0.397715
147.6214,21920.5168,51.761093,-6.884332,-49.486923,0.373097,-0.231429,-0.39969999
147.6456,21920.5368,51.255341,-7.356925,-49.70145,0.36735401,-0.23388501,-0.403312
147.6612,21920.5568,50.732349,-7.652951,-49.968887,0.36197799,-0.2352,-0.40671399
147.683,21920.5768,50.381306,-7.59358,-50.127087,0.35932401,-0.234191,-0.408025
147.7058,21920.5968,50.343739,-7.348304,-50.169773,0.35983801,-0.232482,-0.40759701
147.7314,21920.6168,50.508919,-7.257873,-50.090202,0.361516,-0.23211101,-0.40656799
147.7412,21920.6368,50.647728,-7.507308,-49.910244,0.36200199,-0.233729,-0.40593499
147.7586,21920.6568,50.713207,-7.765571,-49.759068,0.361871,-0.23526999,-0.40561599
147.7823,21920.6768,50.739826,-7.95776,-49.638565,0.36163199,-0.236323,-0.40534699
147.8048,21920.6968,50.805607,-8.267105,-49.518063,0.36126399,-0.238318,-0.405406
147.8212,21920.7168,50.997425,-8.642644,-49.409748,0.36155301,-0.24119601,-0.40563101
147.8394,21920.7368,51.273533,-8.852612,-49.455593,0.36271399,-0.24364699,-0.406333
147.8679,21920.7568,51.418816,-8.855409,-49.608273,0.36343101,-0.244589,-0.40726101
147.8887,21920.7768,51.426758,-8.606399,-49.887924,0.36377901,-0.24376,-0.408418
147.8992,21920.7968,51.420139,-8.161549,-50.315235,0.36441401,-0.241989,-0.40999699
147.9311,21920.8168,51.463776,-7.631125,-50.788311,0.36563501,-0.23992901,-0.41156101
147.9405,21920.8368,51.543251,-7.270703,-51.128391,0.36679199,-0.23875199,-0.41268799
147.9577,21920.8568,51.685417,-7.11904,-51.299465,0.368002,-0.238695,-0.41322401
147.9798,21920.8767,51.846436,-6.908129,-51.546993,0.36940101,-0.238537,-0.41407201
147.9985,21920.8967,51.885227,-6.516344,-51.889587,0.37038499,-0.23704401,-0.41514099
148.0189,21920.9167,51.902817,-6.116777,-52.17794,0.37136501,-0.235258,-0.415829
148.0388,21920.9367,52.094536,-5.71148,-52.287182,0.37397599,-0.23342501,-0.41501701
148.0573,21920.9567,52.498329,-5.442561,-52.195454,0.37800401,-0.23258001,-0.41295299
148.0775,21920.9767,52.912548,-5.299531,-51.993305,0.381868,-0.232271,-0.41050899
148.0993,21920.9967,53.185898,-5.195364,-51.85582,0.38445699,-0.231978,-0.408829
148.125,21921.0167,53.395775,-5.114723,-51.833824,0.38627601,-0.23202699,-0.408113
148.1401,21921.0367,53.657776,-5.132009,-51.815067,0.388107,-0.232933,-0.40767401
148.1707,21921.0567,54.004055,-4.997196,-51.689648,0.391289,-0.232695,-0.40585899
148.1846,21921.0767,54.194992,-4.512663,-51.650291,0.39442801,-0.229826,-0.403651
148.2004,21921.0967,54.113777,-3.817988,-51.667202,0.39626199,-0.22480799,-0.40149099
148.2192,21921.1167,53.846146,-3.049201,-51.696487,0.39700601,-0.218693,-0.39943901
148.2374,21921.1367,53.48888,-2.624583,-51.695583,0.39596799,-0.214552,-0.39851499
148.2598,21921.1567,52.962906,-2.68768,-51.667324,0.392088,-0.21314999,-0.39934501
148.2787,21921.1767,52.501087,-2.83475,-51.784481,0.388089,-0.21304099,-0.40136701
148.3013,21921.1967,52.352077,-2.543612,-51.954491,0.38773999,-0.211081,-0.40179801
148.3315,21921.2167,52.502377,-1.958273,-51.9454,0.39086601,-0.20745599,-0.39951301
148.3449,21921.2367,52.623173,-1.740383,-51.6311,0.393042,-0.205259,-0.39637399
148.3594,21921.2567,52.600426,-2.208256,-51.043633,0.39232299,-0.20645501,-0.393888
148.3814,21921.2767,52.58746,-2.854195,-50.412071,0.39116099,-0.208795,-0.391675
148.4019,21921.2967,52.58741,-3.555827,-49.773155,0.38994101,-0.211557,-0.38956901
148.4221,21921.3168,52.677853,-4.174886,-49.255535,0.38945001,-0.214443,-0.387903
148.4406,21921.3368,52.812111,-4.554259,-48.976173,0.38965499,-0.216584,-0.387045
148.4668,21921.3568,52.912018,-4.610573,-48.90453,0.39031699,-0.21704599,-0.38659999
148.4818,21921.3769,52.94857,-4.34447,-49.053707,0.391195,-0.215794,-0.38669401
148.5007,21921.3969,52.909241,-3.916945,-49.373623,0.39175799,-0.213754,-0.387539
148.5249,21921.4169,52.907513,-3.550622,-49.641449,0.392488,-0.21208701,-0.38817301
148.5431,21921.437,52.944588,-3.333724,-49.87574,0.39305499,-0.211482,-0.389025
148.5617,21921.457,52.925568,-3.302184,-50.030449,0.39274099,-0.21173,-0.39003199
148.5842,21921.4771,52.9006,-3.351598,-50.115669,0.39223701,-0.21228901,-0.390836
148.6157,21921.4972,52.89864,-3.253406,-50.297333,0.39222199,-0.21221501,-0.39177901
148.6224,21921.5172,52.960148,-3.320344,-50.310036,0.392407,-0.212926,-0.39200801
148.6478,21921.5373,53.126205,-3.534499,-50.225449,0.39301401,-0.214672,-0.391909
148.6642,21921.5574,53.334091,-3.917938,-50.063995,0.39348701,-0.21746901,-0.39179701
148.687,21921.5774,53.531578,-4.411862,-49.885662,0.393545,-0.220938,-0.39196801
148.7085,21921.5975,53.635818,-4.719648,-49.734982,0.393527,-0.2229,-0.391828
148.7201,21921.6175,53.69651,-4.874635,-49.616081,0.39366201,-0.223765,-0.39144701
148.7396,21921.6376,53.884285,-5.205688,-49.449802,0.39419699,-0.226088,-0.39117101
148.7714,21921.6577,54.314056,-5.57874,-49.318951,0.396249,-0.22956,-0.39097601
148.7885,21921.6777,54.776928,-6.117389,-49.144447,0.398063,-0.23411,-0.39102501
148.8029,21921.6978,54.910004,-6.710015,-48.987587,0.397311,-0.23808099,-0.39182401
148.8242,21921.7178,54.695641,-6.849638,-49.081753,0.395107,-0.23873299,-0.39322701
148.839,21921.7379,54.392403,-6.189224,-49.597202,0.39414999,-0.235006,-0.39491501
148.8617,21921.758,54.774597,-5.259125,-50.398739,0.39844301,-0.232509,-0.39674601
148.8813,21921.778,55.378319,-5.049809,-50.873562,0.40246701,-0.23461901,-0.39844501
148.9015,21921.7981,55.497345,-5.196041,-50.965824,0.40260699,-0.23632599,-0.39942399
148.9198,21921.8182,55.155529,-5.084419,-50.999912,0.40051699,-0.234596,-0.39975601
148.9426,21921.8382,54.628891,-5.168565,-50.888279,0.396732,-0.23312201,-0.40002301
148.9625,21921.8582,54.396481,-5.82251,-50.792183,0.392995,-0.236581,-0.401932
148.9785,21921.8783,54.237831,-6.889971,-50.900284,0.38787699,-0.243826,-0.40652499
149.0034,21921.8983,53.566673,-8.104416,-50.839745,0.378896,-0.24992099,-0.41100001
149.0194,21921.9183,52.694679,-8.886881,-50.900837,0.36970401,-0.25283599,-0.41497999
149.0389,21921.9384,52.176025,-9.278652,-51.140182,0.36402801,-0.25470999,-0.418457
149.063,21921.9584,52.000774,-9.587097,-51.446281,0.360955,-0.25726601,-0.42173499
149.0815,21921.9784,51.795586,-10.10492,-51.76878,0.356837,-0.26120901,-0.425796
149.1018,21921.9985,51.364883,-10.930454,-52.031406,0.350052,-0.26636201,-0.43058401
149.1211,21922.0186,50.865688,-11.916165,-52.275333,0.34215799,-0.27232099,-0.43570799
149.1422,21922.0386,50.573544,-12.812154,-52.581097,0.33589,-0.27846199,-0.440712
149.1634,21922.0586,50.407024,-13.551591,-53.008789,0.330778,-0.284242,-0.44592401
149.1854,21922.0787,50.214695,-14.156591,-53.586765,0.32557499,-0.28941599,-0.451745
149.2063,21922.0987,49.956352,-14.656254,-54.258011,0.320023,-0.29388401,-0.45790601
149.2218,21922.1187,49.651894,-15.085446,-54.950916,0.314318,-0.29773399,-0.46400699
149.2428,21922.1387,49.372429,-15.398597,-55.701767,0.309073,-0.30098501,-0.47012299
149.261,21922.1588,49.179989,-15.474864,-56.475536,0.30533999,-0.30294299,-0.47566301
149.2807,21922.1788,49.189205,-15.626834,-57.235546,0.30275199,-0.306005,-0.48113599
149.3305,21922.1988,49.216412,-15.926358,-57.959175,0.29973599,-0.30998901,-0.48671201
149.334,21922.2189,49.199669,-16.55439,-58.514942,0.29541799,-0.31552899,-0.49203101
149.348,21922.2389,49.345856,-17.531288,-58.944645,0.29104099,-0.32354301,-0.49724701
149.3642,21922.2589,49.574696,-18.473116,-59.372852,0.287332,-0.331541,-0.502258
149.3813,21922.2789,49.669106,-18.980204,-60.019466,0.28388,-0.33675799,-0.507649
149.4017,21922.299,49.580254,-18.975151,-61.049809,0.280238,-0.338958,-0.514337
149.4249,21922.319,49.490528,-18.577114,-62.430111,0.27732301,-0.33945301,-0.52227497
149.4438,21922.339,49.588707,-17.743605,-63.984406,0.27723801,-0.33826599,-0.530065
149.4615,21922.3591,49.783104,-16.430141,-65.664642,0.27976301,-0.33477601,-0.53730601
149.4865,21922.3791,49.800121,-15.227695,-67.449768,0.28037,-0.33165699,-0.54555398
149.5049,21922.3991,49.532555,-14.893153,-69.157784,0.27521601,-0.33264101,-0.55569601
149.5221,21922.4191,49.066113,-15.433924,-70.610077,0.265187,-0.33748499,-0.566495
149.5485,21922.4392,48.639854,-16.318268,-71.933189,0.25398901,-0.3441,-0.577084
149.5649,21922.4592,48.399662,-16.851425,-73.361229,0.245362,-0.34941,-0.58714902
149.5897,21922.4792,48.124058,-17.024311,-75.01355,0.237587,-0.35272899,-0.5977
149.6063,21922.4992,47.657143,-16.933628,-76.977654,0.228954,-0.35411799,-0.60966599
149.6246,21922.5193,47.082043,-16.85281,-79.116554,0.21905001,-0.35519701,-0.62268102
149.6494,21922.5393,46.660568,-16.55913,-81.224915,0.211432,-0.35548499,-0.63477999
149.6657,21922.5593,46.401062,-15.958109,-83.278786,0.206792,-0.35457301,-0.64566398
149.6907,21922.5793,46.234058,-15.338779,-85.207664,0.20331,-0.353735,-0.65556902
149.7032,21922.5993,46.100094,-15.132156,-86.891624,0.19847301,-0.354866,-0.66468698
149.7292,21922.6193,45.999275,-15.341454,-88.36647,0.19205301,-0.35799301,-0.67321199
149.7439,21922.6393,45.905582,-15.615106,-89.832733,0.18527099,-0.361379,-0.68165898
149.7624,21922.6593,45.779881,-15.705741,-91.375908,0.17910101,-0.36364001,-0.69014198
149.783,21922.6793,45.627811,-15.698193,-92.96064,0.173216,-0.36521301,-0.69861001
149.8022,21922.6993,45.569256,-15.726728,-94.525864,0.16769899,-0.367365,-0.70675099
149.8244,21922.7193,45.655052,-15.759295,-96.118629,0.16286001,-0.370305,-0.714652
149.844,21922.7393,45.738163,-15.732079,-97.757439,0.15818401,-0.37293601,-0.722552
149.8621,21922.7593,45.763088,-15.671371,-99.510094,0.152986,-0.37516499,-0.73090798
149.8811,21922.7793,45.735569,-15.566557,-101.253708,0.147787,-0.37679601,-0.739097
149.9337,21922.7993,45.766769,-15.270318,-102.946991,0.1443,-0.37775901,-0.74654102
149.9358,21922.8193,45.975975,-14.920618,-104.468346,0.142665,-0.37931901,-0.75263703
149.9454,21922.8393,46.367355,-14.73112,-105.847092,0.141361,-0.38254699,-0.75778002
149.966,21922.8593,46.764286,-14.66608,-107.294182,0.138964,-0.38645601,-0.76322103
149.9848,21922.8793,46.978664,-14.469985,-108.946297,0.13576201,-0.388915,-0.769629
150.0032,21922.8993,46.930004,-13.905591,-110.884369,0.13275801,-0.388506,-0.77723497
150.0243,21922.9192,46.841946,-13.32168,-112.82093,0.129756,-0.38776299,-0.78473598
150.0407,21922.9392,46.995232,-12.911054,-114.54126,0.12746599,-0.38903099,-0.79082102
150.0643,21922.9592,47.352024,-12.481784,-116.161201,0.126554,-0.39146501,-0.79582399
150.0873,21922.9792,47.390095,-11.819772,-117.854111,0.125558,-0.39103901,-0.80149198
150.1068,21922.9992,46.79744,-10.973311,-119.653343,0.122827,-0.38585299,-0.808864
150.1259,21923.0192,45.759212,-10.456115,-121.292221,0.116623,-0.378622,-0.81705898
150.1479,21923.0392,44.934845,-10.39766,-122.596527,0.10933,-0.37403801,-0.82384998
150.1656,21923.0592,44.823605,-10.445109,-123.639114,0.105128,-0.37441301,-0.82789099
150.1866,21923.0792,45.307407,-10.336365,-124.541824,0.1049,-0.37822199,-0.82968903
150.226,21923.0992,45.830204,-10.329755,-125.33007,0.104409,-0.38256001,-0.83100498
150.2318,21923.1192,46.038147,-10.435109,-126.025009,0.102133,-0.384994,-0.83288902
150.2539,21923.1392,46.012531,-10.606091,-126.550407,0.099022,-0.38584599,-0.83486003
150.2659,21923.1592,46.065327,-11.136023,-126.818657,0.094457,-0.38819,-0.83604997
150.2879,21923.1792,46.36478,-12.124603,-126.9039,0.088115,-0.393574,-0.836312
150.3034,21923.1992,46.846745,-13.237376,-127.097046,0.081201,-0.400646,-0.836465
150.3361,21923.2192,47.253017,-13.97024,-127.559227,0.075804,-0.406093,-0.83733702
150.3442,21923.2392,47.533638,-14.137559,-128.348282,0.072858,-0.40906999,-0.83912897
150.3643,21923.2592,47.693363,-13.860808,-129.206863,0.072428,-0.40988499,-0.84112602
150.3834,21923.2792,47.910179,-13.637533,-129.945694,0.072236,-0.41119799,-0.84259498
150.4038,21923.2993,48.284271,-13.618142,-130.622665,0.071328,-0.41418499,-0.84352499
150.4208,21923.3193,48.71249,-13.833946,-131.230515,0.069103,-0.41818199,-0.84419799
150.444,21923.3393,49.142281,-14.222829,-131.752808,0.065886,-0.42260399,-0.84467399
150.4625,21923.3593,49.565945,-14.607233,-132.209778,0.062891,-0.42689699,-0.84493399
150.4824,21923.3794,49.95031,-14.821968,-132.649521,0.061045,-0.43041101,-0.84513003
150.512,21923.3994,50.247005,-14.876634,-133.142502,0.059844,-0.43289399,-0.84561199
150.5259,21923.4194,50.451462,-14.976567,-133.551392,0.058283,-0.43480101,-0.84614301
150.5456,21923.4395,50.819206,-15.165127,-133.767731,0.057364,-0.43797901,-0.84570497
150.5657,21923.4595,51.415264,-15.318457,-133.848633,0.058021,-0.44258001,-0.84419101
150.5834,21923.4795,51.968258,-15.314182,-133.934998,0.059661,-0.446464,-0.84271997
150.6029,21923.4995,52.359505,-15.156337,-134.125305,0.061448,-0.44887999,-0.841914
150.628,21923.5196,52.703285,-14.795388,-134.515686,0.063762,-0.45056501,-0.84163398
150.6454,21923.5396,52.945263,-14.238986,-135.050446,0.066576,-0.45114899,-0.841901
150.6644,21923.5596,52.956215,-13.707858,-135.647385,0.06817,-0.45024499,-0.84305
150.6874,21923.5797,52.80854,-13.388986,-136.190765,0.067894,-0.44873801,-0.84468901
150.7168,21923.5998,52.508625,-13.52822,-136.812729,0.063445,-0.44732299,-0.84726602
150.725,21923.6198,52.042171,-13.898024,-137.591629,0.056148,-0.44532099,-0.85083503
150.7497,21923.6399,51.639915,-13.652261,-138.609451,0.052742,-0.44236299,-0.85440701
150.7673,21923.6599,51.473549,-12.384748,-139.679443,0.057572,-0.438743,-0.85681701
150.7868,21923.68,51.379883,-10.743964,-140.521332,0.066358,-0.43473101,-0.858181
150.8063,21923.7001,51.164612,-9.533265,-141.049606,0.072803,-0.43068299,-0.85938197
150.8243,21923.7201,50.692837,-8.92517,-141.256226,0.075229,-0.425955,-0.86103398
150.8435,21923.7402,50.262901,-8.576391,-141.262207,0.076592,-0.42199001,-0.86223602
150.8724,21923.7602,50.066174,-8.333265,-141.117599,0.078387,-0.419873,-0.86237699
150.8874,21923.7803,49.932915,-8.516444,-140.847015,0.077614,-0.419146,-0.86229402
150.9085,21923.8004,49.800461,-9.026295,-140.456268,0.07482,-0.41913399,-0.86212897
150.9279,21923.8204,49.804676,-9.384672,-140.051544,0.073619,-0.41976401,-0.86137497
150.9487,21923.8405,49.919136,-9.56278,-139.645111,0.074114,-0.42076999,-0.86013597
150.9698,21923.8605,50.053028,-9.699819,-139.284088,0.074818,-0.42184499,-0.85891402
150.9927,21923.8805,50.203934,-9.897851,-139.020752,0.074765,-0.42325601,-0.857912
151.0097,21923.9006,50.396,-10.23878,-138.845596,0.073451,-0.42537299,-0.85708499
151.0293,21923.9206,50.57621,-10.627002,-138.69516,0.071664,-0.42753401,-0.85638201
151.05,21923.9406,50.727829,-10.997483,-138.624115,0.069632,-0.42949,-0.85595
151.0617,21923.9607,50.886345,-11.275579,-138.654709,0.067933,-0.431328,-0.855681
151.0841,21923.9807,51.062752,-11.506042,-138.675949,0.066682,-0.43316799,-0.85530001
151.1073,21924.0007,51.327274,-11.923606,-138.651413,0.064486,-0.436059,-0.85462701
151.1239,21924.0207,51.616379,-12.36926,-138.659698,0.062038,-0.43920001,-0.85395801
151.1466,21924.0408,51.799274,-12.721267,-138.815338,0.059391,-0.441423,-0.85391998
151.1658,21924.0608,51.783283,-13.023674,-139.158279,0.055764,-0.442186,-0.85492402
151.1848,21924.0808,51.678642,-13.327938,-139.565247,0.051595,-0.44232699,-0.85633999
151.2083,21924.1009,51.64563,-13.645029,-139.939484,0.047676,-0.44297001,-0.85743201
151.2263,21924.1209,51.711205,-13.888556,-140.240387,0.044891,-0.44410601,-0.85799003
151.2437,21924.1409,51.77454,-13.991031,-140.561371,0.043073,-0.44490999,-0.85853201
151.2694,21924.1609,51.67926,-13.865225,-141.045181,0.041849,-0.44413,-0.85984898
151.2992,21924.1809,51.183949,-13.637252,-141.806519,0.039136,-0.44033301,-0.86300999
151.3236,21924.2009,50.191856,-13.732118,-142.669647,0.032196,-0.433595,-0.86804199
151.3295,21924.2209,49.165993,-13.872874,-143.521255,0.024949,-0.42659101,-0.87307298
151.3573,21924.2409,48.5741,-13.618446,-144.278824,0.022397,-0.42186999,-0.87640399
151.3663,21924.2609,48.48325,-12.915648,-144.913803,0.02519,-0.419918,-0.87781602
151.3825,21924.2809,48.548286,-12.422347,-145.341507,0.027582,-0.41951701,-0.87835002
151.4092,21924.3009,48.622952,-12.361208,-145.548325,0.027496,-0.420001,-0.87850899
151.4227,21924.3209,48.782875,-12.698668,-145.582535,0.025218,-0.42186001,-0.87814897
151.4542,21924.3409,49.066971,-13.393976,-145.479553,0.021049,-0.42529899,-0.87719101
151.464,21924.3609,49.434608,-14.22428,-145.401459,0.016002,-0.42959899,-0.87601203
151.4888,21924.3809,49.746357,-14.809023,-145.535431,0.011894,-0.433018,-0.87534797
151.5054,21924.4009,49.877998,-14.890994,-145.940552,0.010099,-0.43417799,-0.87568998
151.5303,21924.4209,49.864357,-14.539543,-146.595947,0.010268,-0.433494,-0.876899
151.5425,21924.4409,49.832401,-14.087812,-147.327469,0.010878,-0.432515,-0.878272
151.567,21924.4609,49.898071,-13.778152,-147.954178,0.011059,-0.43251699,-0.87913299
151.5837,21924.4809,50.053844,-13.729197,-148.320526,0.010452,-0.433624,-0.879255
151.6087,21924.5009,50.252079,-13.839662,-148.486908,0.009482,-0.43529999,-0.87889999
151.6239,21924.5209,50.377998,-13.993979,-148.596909,0.008202,-0.43650499,-0.87868398
151.6468,21924.5409,50.407848,-14.048707,-148.719345,0.007392,-0.436827,-0.87879503
151.6635,21924.5608,50.368587,-14.015152,-148.925766,0.006763,-0.436492,-0.87926698
151.6867,21924.5808,50.308346,-14.070233,-149.065414,0.005656,-0.43614301,-0.87970001
151.7114,21924.6008,50.423092,-14.171289,-149.102325,0.00503,-0.43716401,-0.87938797
151.7231,21924.6208,50.726402,-14.157439,-149.057007,0.006077,-0.43939099,-0.87831002
151.7467,21924.6408,51.014538,-14.013488,-149.048767,0.00794,-0.441291,-0.87732798
151.7659,21924.6608,51.45348,-14.020412,-149.154373,0.008587,-0.44455999,-0.87603003
151.7873,21924.6808,51.654804,-13.836767,-149.383743,0.009605,-0.44577,-0.87570697
151.8041,21924.7008,51.902927,-13.54498,-149.554962,0.011785,-0.44715101,-0.875112
151.8283,21924.7208,52.213112,-13.307048,-149.606812,0.014166,-0.44906801,-0.87410498
151.8417,21924.7408,52.498867,-13.074252,-149.712662,0.016229,-0.45082,-0.87325698
151.8637,21924.7608,52.592529,-12.771051,-150.006454,0.017612,-0.45107099,-0.87335598
151.8842,21924.7808,52.287918,-12.556491,-150.541473,0.016416,-0.44855201,-0.87523401
151.9048,21924.8008,51.844761,-12.532887,-151.147171,0.013185,-0.44529799,-0.87770998
151.9424,21924.8208,51.604473,-12.16238,-151.763077,0.013081,-0.44300801,-0.87944102
151.9495,21924.8408,51.642075,-11.191366,-152.224365,0.018839,-0.44188201,-0.87987399
151.9636,21924.8608,51.711258,-10.239788,-152.395782,0.025638,-0.44098201,-0.87970901
151.9831,21924.8809,51.551617,-9.862332,-152.315353,0.028495,-0.439179,-0.88005602
152.005,21924.9009,51.302711,-9.903509,-152.164505,0.028209,-0.43733299,-0.88070101
152.0242,21924.9209,51.248604,-10.017844,-151.970749,0.02795,-0.437058,-0.88061303
152.0498,21924.941,51.39143,-10.197236,-151.722443,0.027839,-0.438355,-0.879767
152.0804,21924.961,51.559761,-10.2099,-151.546402,0.028794,-0.439596,-0.87890202
152.0871,21924.981,51.666386,-9.909327,-151.502182,0.031508,-0.43990299,-0.87837899
152.1073,21925.001,51.651779,-9.625489,-151.506317,0.033635,-0.43933699,-0.87835598
152.1261,21925.0211,51.622135,-9.540764,-151.448959,0.034438,-0.43895999,-0.87834197
152.1462,21925.0411,51.697044,-9.616421,-151.30423,0.034581,-0.43960199,-0.87786603
152.1665,21925.0611,51.823124,-9.788332,-151.112686,0.034285,-0.44077,-0.87716299
152.1855,21925.0812,51.953243,-9.894454,-150.948776,0.0344,-0.44186899,-0.87646902
152.2048,21925.1012,52.077457,-9.819843,-150.938248,0.035294,-0.442673,-0.87599099
152.2273,21925.1212,52.175922,-9.733249,-151.009369,0.035905,-0.44328901,-0.87573397
152.2516,21925.1412,52.236469,-9.678176,-151.09903,0.036116,-0.44367999,-0.87564898
152.2708,21925.1613,52.475712,-9.407295,-151.317291,0.037877,-0.445099,-0.87506598
152.2989,21925.1813,52.674919,-9.284074,-151.439041,0.038789,-0.44642901,-0.874511
152.3108,21925.2013,52.796486,-9.274655,-151.529907,0.038777,-0.44735301,-0.874219
152.3326,21925.2214,52.859657,-9.188107,-151.625397,0.039204,-0.44771901,-0.87411499
152.3677,21925.2414,52.842308,-9.28788,-151.753235,0.037905,-0.44779199,-0.87441599
152.3848,21925.2615,52.858402,-9.670378,-152.048462,0.033866,-0.44860899,-0.87494397
152.3894,21925.2815,52.859646,-9.969247,-152.170898,0.031107,-0.449117,-0.87521499
152.4048,21925.3016,52.86314,-9.992496,-152.27063,0.030546,-0.44920599,-0.87536198
152.4265,21925.3217,52.882092,-9.865395,-152.451675,0.030849,-0.44920099,-0.87553799
152.444,21925.3417,52.703449,-9.65974,-152.73822,0.030913,-0.44762701,-0.876562
152.4643,21925.3618,52.232132,-9.542493,-153.131638,0.029272,-0.444015,-0.87881398
152.487,21925.3818,51.587864,-9.463263,-153.628738,0.026607,-0.43916199,-0.881827
152.5088,21925.4019,50.94693,-9.498668,-154.168213,0.022948,-0.43448001,-0.88488102
152.5292,21925.422,50.416431,-9.571176,-154.679169,0.019375,-0.43064901,-0.88747698
152.5475,21925.442,50.177242,-9.572045,-155.099808,0.017309,-0.42889601,-0.88889802
152.5637,21925.462,50.194218,-9.442801,-155.28273,0.017661,-0.428873,-0.88907498
152.5917,21925.4821,50.249016,-9.370509,-155.180328,0.018714,-0.42917401,-0.888731
152.6105,21925.5021,50.356827,-9.417145,-155.004944,0.019225,-0.43003201,-0.88811898
152.6263,21925.5221,50.465412,-9.654044,-154.852371,0.018181,-0.43116701,-0.88756597
152.648,21925.5421,50.512951,-10.071082,-154.722504,0.015537,-0.43209499,-0.88727999
152.6649,21925.5622,50.577629,-10.35178,-154.693085,0.013607,-0.43297499,-0.88704997
152.6845,21925.5822,50.651871,-10.307919,-154.759567,0.013847,-0.43348601,-0.88687903
152.7053,21925.6022,50.697712,-10.113998,-154.852982,0.015088,-0.43357599,-0.88682598
152.7262,21925.6223,50.811226,-10.072886,-154.880814,0.015531,-0.434385,-0.88646299
152.7506,21925.6423,50.94474,-10.105899,-154.848022,0.015671,-0.43544,-0.88595498
152.7634,21925.6623,51.143703,-10.235263,-154.747589,0.015459,-0.437114,-0.88513702
152.7885,21925.6823,51.431103,-10.502876,-154.616974,0.014482,-0.439643,-0.88398099
152.8099,21925.7024,51.689629,-10.827718,-154.468903,0.013082,-0.44202599,-0.88290501
152.8345,21925.7224,51.866955,-11.026041,-154.365158,0.012325,-0.443625,-0.88215703
152.8483,21925.7424,52.148117,-11.039016,-154.351471,0.012866,-0.445759,-0.88114202
152.8664,21925.7625,52.447956,-10.959903,-154.40007,0.013911,-0.44791099,-0.88013101
152.8868,21925.7825,52.702274,-10.800128,-154.346085,0.015879,-0.44959599,-0.87912399
152.9059,21925.8025,53.047215,-10.651861,-154.209793,0.018271,-0.45196,-0.87766898
152.9226,21925.8225,53.46637,-10.567638,-154.04834,0.020431,-0.45495501,-0.87590802
152.9443,21925.8425,53.858246,-10.353975,-153.954224,0.023258,-0.457569,-0.8743
152.9658,21925.8625,54.027222,-9.982107,-153.81842,0.02699,-0.45827699,-0.87340498
152.9938,21925.8825,54.176151,-9.833795,-153.707108,0.028877,-0.45914999,-0.87265998
153.0039,21925.9025,54.416889,-9.937105,-153.611862,0.028978,-0.461068,-0.87165701
153.0266,21925.9225,54.738594,-10.138418,-153.475327,0.028677,-0.46371499,-0.870314
153.0432,21925.9425,54.926357,-10.2835,-153.35994,0.028442,-0.465287,-0.86948502
153.064,21925.9625,54.895836,-10.156367,-153.263016,0.029735,-0.464854,-0.86942798
153.0853,21925.9825,54.730305,-9.624079,-153.30545,0.033252,-0.46286601,-0.86996198
153.1032,21926.0025,54.334122,-9.177779,-153.56424,0.034772,-0.459342,-0.87168401
153.1307,21926.0225,53.907421,-9.031175,-153.993576,0.033293,-0.45606801,-0.87384802
153.1516,21926.0425,53.611252,-8.832338,-154.352158,0.032785,-0.453666,-0.87540102
153.166,21926.0625,53.621059,-8.340836,-154.405609,0.036348,-0.45304999,-0.87529403
153.1858,21926.0825,53.882332,-7.787086,-154.260727,0.041669,-0.45415801,-0.873923
153.2081,21926.1025,53.943638,-7.582137,-153.930405,0.044663,-0.45418999,-0.873128
153.2238,21926.1225,53.881786,-7.662161,-153.543091,0.045463,-0.45369399,-0.87280703
153.2441,21926.1425,54.309731,-7.587846,-153.36618,0.047603,-0.45671299,-0.87090898
153.2653,21926.1625,54.502529,-7.876353,-152.80191,0.048063,-0.45836201,-0.86943698
153.2895,21926.1824,54.374668,-8.381132,-152.208664,0.046335,-0.457955,-0.86919397
153.3036,21926.2024,53.892361,-9.036639,-151.772934,0.04205,-0.45523301,-0.87054199
153.328,21926.2224,53.457993,-9.653857,-151.653976,0.036869,-0.45293599,-0.87215197
153.349,21926.2424,53.085224,-9.943933,-151.753174,0.033439,-0.450645,-0.87374502
153.3646,21926.2625,52.369137,-9.919184,-151.9673,0.031202,-0.44531399,-0.876638
153.3871,21926.2825,51.733982,-9.589443,-152.218643,0.03136,-0.440099,-0.87919199
153.4095,21926.3025,51.814968,-9.290409,-152.444473,0.032963,-0.440303,-0.87917602
153.4267,21926.3225,52.05513,-9.349132,-152.504684,0.0328,-0.44221801,-0.87843502
153.448,21926.3426,51.913876,-9.602264,-152.501038,0.030567,-0.44154799,-0.87900001
153.4667,21926.3626,51.564095,-9.845876,-152.59021,0.027595,-0.43931499,-0.88043302
153.4863,21926.3826,51.332706,-9.855976,-152.857025,0.025996,-0.43764901,-0.88165599
153.5104,21926.4027,51.304752,-9.781837,-153.26944,0.024932,-0.43741801,-0.88235998
153.5258,21926.4227,51.319901,-9.842501,-153.693893,0.022876,-0.437711,-0.88294899
153.5442,21926.4427,51.273071,-10.048332,-153.986465,0.020074,-0.437711,-0.883578
153.5655,21926.4627,51.211357,-10.32238,-154.186111,0.017069,-0.43766901,-0.88412398
153.5864,21926.4828,51.185993,-10.683717,-154.358521,0.013569,-0.43800899,-0.88450402
153.6072,21926.5028,51.229473,-10.995761,-154.610641,0.010286,-0.438795,-0.88473397
153.6287,21926.5228,51.32592,-11.504788,-154.875458,0.00554,-0.44023001,-0.88478899
153.647,21926.5429,51.415405,-12.206982,-155.151794,-0.00076,-0.44183201,-0.88485301
153.6671,21926.5629,51.3904,-12.803777,-155.405167,-0.006399,-0.44239399,-0.885243
153.6877,21926.5829,51.282757,-13.261987,-155.770401,-0.011573,-0.44211799,-0.88603199
153.7075,21926.6029,51.047699,-13.313678,-156.498871,-0.015258,-0.440317,-0.88770998
153.7253,21926.623,50.418858,-13.027587,-157.483231,-0.018044,-0.435074,-0.89105099
153.7476,21926.643,49.569439,-12.75142,-158.639008,-0.02186,-0.428085,-0.89526999
153.7655,21926.663,48.740925,-12.637444,-159.81601,-0.026835,-0.42135,-0.89931202
153.7857,21926.6831,48.041012,-12.635483,-160.897659,-0.031986,-0.41566101,-0.90270001
153.815,21926.7031,47.567764,-12.394692,-161.9263,-0.034585,-0.41147101,-0.90527099
153.828,21926.7231,47.314384,-11.816598,-162.907455,-0.033925,-0.408712,-0.90711802
153.8479,21926.7432,47.131481,-11.370003,-163.611237,-0.033167,-0.40671501,-0.90842497
153.8852,21926.7632,47.000004,-11.487699,-163.882523,-0.035255,-0.405696,-0.90903902
153.8976,21926.7833,47.055897,-12.331809,-163.835114,-0.041699,-0.406791,-0.90853399
153.9239,21926.8034,47.225834,-13.772436,-163.678818,-0.052299,-0.40923399,-0.90726799
153.9324,21926.8234,47.352505,-15.398134,-163.628235,-0.064782,-0.41136399,-0.905985
153.9608,21926.8435,47.308952,-16.827099,-163.973984,-0.077388,-0.41170999,-0.90545899
153.9709,21926.8635,47.156113,-17.700731,-164.776794,-0.087416,-0.410431,-0.90577501
153.9872,21926.8835,47.001198,-18.055178,-165.845322,-0.094277,-0.408548,-0.90650398
154.0063,21926.9036,46.755844,-18.179201,-167.078659,-0.100002,-0.40564001,-0.90767801
154.0258,21926.9236,46.396919,-18.240767,-168.368301,-0.105532,-0.40169901,-0.90917999
154.0497,21926.9436,46.068336,-18.234179,-169.66774,-0.11044,-0.39789799,-0.91053599
154.0668,21926.9637,45.743233,-18.169744,-170.945908,-0.114737,-0.39407799,-0.91182399
154.0896,21926.9837,45.455162,-17.823204,-172.186905,-0.116546,-0.39053401,-0.91317803
154.1099,21927.0037,45.234737,-17.162285,-173.380875,0.115552,0.38758799,0.91454899
154.1274,21927.0237,45.073917,-16.455618,-174.489151,0.113792,0.38525,0.91570503
154.1517,21927.0438,44.966278,-15.913546,-175.415405,0.112654,0.38354301,0.91648102
154.1705,21927.0638,44.999851,-15.687109,-176.063248,0.112985,0.38320899,0.91649002
154.19,21927.0838,45.264816,-15.558436,-176.483597,0.113176,0.38493001,0.91566497
154.2078,21927.1039,45.649574,-15.365361,-176.749039,0.112264,0.38777301,0.91452497
154.2334,21927.1239,46.040661,-15.226307,-176.9095,0.111437,0.39075801,0.91331798
154.2562,21927.1439,46.413322,-15.131727,-177.025299,0.110833,0.393628,0.91212702
154.2673,21927.1639,46.844898,-14.892254,-177.120667,0.108975,0.397019,0.91086698
154.3006,21927.184,47.147797,-14.577321,-177.200958,0.106557,0.39942199,0.910106
154.3171,21927.204,47.16922,-14.36531,-177.313217,0.105251,0.39954099,0.9102
154.3522,21927.224,47.003693,-14.197845,-177.672516,0.105271,0.39794201,0.91083002
154.3531,21927.2441,46.762753,-13.854716,-178.293213,0.104827,0.395558,0.91179401
154.3746,21927.2641,46.549355,-13.107983,-179.066589,0.10165,0.393399,0.91295302
154.3883,21927.2841,46.455879,-11.949491,-179.786194,0.094921,0.39242601,0.91402501
154.4086,21927.3041,46.532566,-10.561516,179.753693,0.085397,0.39314601,0.91469902
154.4252,21927.3242,46.674343,-9.186917,179.600967,0.074908,0.394611,0.91512299
154.4449,21927.3442,46.800636,-8.022417,179.864151,0.064668,0.39610401,0.91547
154.4694,21927.3642,46.876362,-7.440105,-179.32637,0.057194,0.39726499,0.91569102
154.4876,21927.3842,47.001862,-7.338466,-178.297333,0.052769,0.39877501,0.91545099
154.5099,21927.4042,47.110985,-7.855149,-177.253784,0.053216,0.400089,0.914913
154.5311,21927.4241,47.197689,-8.735055,-176.390656,0.05718,0.40116799,0.91421598
154.5465,21927.4441,47.262661,-9.262893,-175.660141,-0.058794,-0.40205601,-0.91372198
154.5692,21927.4641,47.339458,-9.235463,-175.023087,-0.056291,-0.40298501,-0.91344398
154.5996,21927.4841,47.42794,-8.994432,-174.490524,-0.052438,-0.40391999,-0.91320598
154.6159,21927.5041,47.351139,-8.577795,-174.112411,-0.047836,-0.403422,-0.91360599
154.6322,21927.5241,47.171104,-8.315395,-173.802216,-0.044775,-0.40207401,-0.91428202
154.6632,21927.5441,47.136124,-8.44385,-173.484329,-0.044709,-0.40194401,-0.91429299
154.6738,21927.5641,47.213139,-8.689218,-173.232346,-0.045726,-0.40270501,-0.91387999
154.6925,21927.5841,47.305145,-8.869551,-172.969116,-0.046169,-0.403579,-0.913436
154.7115,21927.6041,47.453331,-8.999332,-172.771667,-0.046393,-0.40486401,-0.91282701
154.7272,21927.6241,47.654121,-9.141852,-172.661911,-0.046982,-0.406533,-0.912049
154.747,21927.6441,47.834522,-9.461846,-172.568558,-0.049052,-0.40807301,-0.911268
154.7726,21927.6641,48.038292,-9.846708,-172.496017,-0.051686,-0.40980101,-0.91037399
154.7888,21927.6841,48.201244,-10.098178,-172.480362,-0.053492,-0.411149,-0.90968603
154.81,21927.7041,48.193092,-10.268557,-172.486984,-0.054875,-0.411116,-0.90963602
154.8304,21927.7241,48.168873,-10.255152,-172.567307,-0.055077,-0.41088399,-0.909742
154.8483,21927.7441,48.252533,-10.038242,-172.823593,-0.054206,-0.41138101,-0.90960199
154.8697,21927.7641,48.229454,-9.546099,-173.293335,-0.052002,-0.41089401,-0.90999401
154.8932,21927.7841,47.769253,-8.788598,-173.943634,-0.048634,-0.40684399,-0.91203898
154.9245,21927.8041,46.69487,-8.281558,-174.679016,-0.047876,-0.39792299,-0.916062
154.9332,21927.8241,45.422646,-8.04515,-175.423965,-0.049283,-0.38741401,-0.92053598
154.9484,21927.844,44.585194,-7.574458,-176.125687,-0.048285,-0.38035801,-0.92355698
154.9738,21927.864,44.418713,-6.862063,-176.723114,-0.044596,-0.37874499,-0.92441702
154.9941,21927.884,44.562195,-6.296056,-177.118851,-0.041282,-0.37973699,-0.924169
155.01,21927.904,44.720226,-6.140855,-177.165115,-0.040124,-0.38099,-0.92370403
155.0272,21927.924,44.898499,-6.313606,-177.034988,-0.041014,-0.38247499,-0.92304999
155.0487,21927.944,45.162979,-6.616521,-176.999573,-0.043229,-0.38462099,-0.922059
155.0711,21927.964,45.403385,-6.882524,-177.077179,-0.045532,-0.38652501,-0.92115301
155.0901,21927.984,45.515224,-7.057725,-177.253418,0.04749,0.38734999,0.92070597
155.1132,21928.004,45.509815,-7.097534,-177.405212,0.048325,0.38724199,0.92070502
155.1339,21928.024,45.575275,-6.901716,-177.566177,0.047271,0.38770601,0.92056203
155.152,21928.044,45.783749,-6.609708,-177.741348,0.045444,0.38931799,0.91997099
155.1763,21928.064,46.080212,-6.415353,-177.862686,0.044195,0.391655,0.91903698
155.1935,21928.084,46.35358,-6.502992,-177.894714,0.044914,0.393828,0.91806901
155.2094,21928.104,46.585415,-6.812053,-177.793243,0.046958,0.39570799,0.91715598
155.2327,21928.124,46.769897,-7.176231,-177.647751,0.0493,0.39722499,0.91637498
155.2536,21928.144,46.820118,-7.52078,-177.620834,0.051942,0.397618,0.91605198
155.2683,21928.164,46.798397,-7.625435,-177.769577,0.053303,0.397369,0.91606897
155.2885,21928.184,46.796127,-7.690329,-177.937225,0.054404,0.39726701,0.91603202
155.3127,21928.204,46.828362,-7.788157,-178.014847,0.055443,0.39747801,0.91586697
155.3342,21928.224,46.936291,-7.748078,-177.994598,0.055012,0.39835301,0.91551602
155.3445,21928.2439,47.141346,-7.670871,-177.972336,0.054241,0.40000701,0.91484398
155.3687,21928.2639,47.415806,-7.708777,-178.0047,0.054554,0.40217599,0.913867
155.3861,21928.2839,47.586483,-7.666723,-178.135956,0.054617,0.40347701,0.91327697
155.4074,21928.3039,47.689747,-7.334768,-178.347839,0.052682,0.40423599,0.91304702
155.434,21928.3239,47.741024,-6.861915,-178.589066,0.049749,0.404589,0.91305202
155.4563,21928.3439,47.658653,-6.335953,-178.885849,0.046628,0.403869,0.91352803
155.466,21928.3639,47.252815,-6.021751,-179.16893,0.045219,0.40055701,0.91504103
155.4899,21928.3839,46.643826,-6.024902,-179.590195,0.046845,0.39552,0.91709399
155.5146,21928.4039,46.035412,-6.072355,179.854599,0.049245,0.390405,0.91906399
155.528,21928.4239,45.61203,-5.506207,179.281479,0.046704,0.38688001,0.920623
155.5483,21928.4439,45.451588,-4.391463,178.897888,0.03905,0.38567999,0.92150199
155.5679,21928.4639,45.367435,-3.420167,178.869873,0.031334,0.38518199,0.92207801
155.5859,21928.4839,45.200386,-3.048676,179.293442,0.026927,0.384004,0.92280102
155.613,21928.5039,45.13644,-3.018939,179.900528,0.024658,0.38362899,0.92309302
155.6311,21928.5239,45.225624,-3.133729,-179.553009,0.023742,0.38445401,0.92281199
155.652,21928.5439,45.282013,-3.425131,-179.067734,0.024451,0.384996,0.92258501
155.6788,21928.5639,45.251148,-3.703971,-178.625687,0.025217,0.384837,0.922638
155.7017,21928.5839,45.223763,-3.846577,-178.249481,-0.025108,-0.38469899,-0.92269897
155.7257,21928.6039,45.28994,-3.884624,-177.849823,-0.024055,-0.38531801,-0.92246002
155.7289,21928.6239,45.496429,-4.006615,-177.429825,-0.023563,-0.387072,-0.92172003
155.7505,21928.6438,45.742821,-4.15352,-177.099075,-0.023547,-0.38913,-0.92083502
155.7648,21928.6638,45.954357,-4.205652,-176.929749,-0.023319,-0.39086699,-0.920093
155.7886,21928.6838,46.153179,-4.199336,-176.944458,-0.023251,-0.39245799,-0.91941899
155.8087,21928.7038,46.37273,-4.225619,-177.09787,-0.023915,-0.39418799,-0.91867602
155.8257,21928.7238,46.672226,-4.302658,-177.336243,-0.025258,-0.39653999,-0.91764599
155.8478,21928.7438,47.063934,-4.509041,-177.527954,-0.027453,-0.39963701,-0.91625297
155.8659,21928.7638,47.522396,-4.646057,-177.693466,-0.028987,-0.40325999,-0.91462302
155.9171,21928.7838,47.908741,-4.715557,-177.860229,-0.030015,-0.406297,-0.91324699
155.9226,21928.8038,48.140465,-4.900495,-178.085938,0.032223,0.408079,0.91237402
155.9256,21928.8238,48.118118,-5.313578,-178.317627,0.036343,0.40781799,0.91232198
155.9447,21928.8438,47.915585,-5.860297,-178.457642,0.041252,0.40612501,0.91284603
155.9663,21928.8638,47.849037,-6.174958,-178.625412,0.044372,0.40550601,0.91294903
155.9852,21928.8838,47.855362,-6.059797,-178.961502,0.044642,0.40543801,0.91293597
156.0055,21928.9038,47.569103,-5.876677,-179.314697,0.044498,0.40304199,0.91397202
156.0293,21928.9238,46.883945,-5.770797,-179.657532,0.044996,0.397452,0.91635603
156.046,21928.9438,45.89378,-5.996192,-179.939102,0.047957,0.38936999,0.91961598
156.0676,21928.9638,45.030849,-6.434044,179.854813,0.052325,0.382263,0.92229199
156.0889,21928.9838,44.660297,-6.7625,179.729218,0.055453,0.379152,0.923343
156.1142,21929.0038,44.848873,-6.700624,179.686569,0.055063,0.38066399,0.92273802
156.1294,21929.0238,45.208912,-6.533599,179.734482,0.053497,0.38361999,0.92162597
156.149,21929.0438,45.444527,-6.590199,179.838226,0.053562,0.38555101,0.92083001
156.1676,21929.0637,45.609901,-6.794072,179.918808,0.054897,0.38687599,0.920192
156.1877,21929.0837,45.866577,-7.105031,-179.995056,0.057049,0.38891301,0.91918999
156.2123,21929.1037,46.230347,-7.500117,-179.981476,0.06009,0.39175001,0.91775203
156.2282,21929.1237,46.52803,-7.884863,179.897949,0.063515,0.393978,0.91649503
156.2509,21929.1437,46.644386,-8.013083,179.685867,0.065244,0.394757,0.915968
156.2701,21929.1637,46.637539,-7.778056,179.372452,0.064446,0.39458799,0.91604102
156.2898,21929.1837,46.624939,-7.498307,179.047913,0.063329,0.39438599,0.91614801
156.3176,21929.2037,46.709751,-7.399075,178.844971,0.063222,0.39498201,0.91584897
156.327,21929.2237,46.945072,-7.52308,178.722076,0.064604,0.39675599,0.91492599
156.3478,21929.2437,47.279831,-7.80336,178.675858,0.066953,0.39931101,0.91358399
156.3661,21929.2637,47.454624,-8.108984,178.610413,0.069591,0.400563,0.91276699
156.3899,21929.2837,47.52927,-8.191477,178.44371,0.07082,0.40102699,0.912395
156.4083,21929.3037,47.585876,-8.205583,178.124863,0.072041,0.401274,0.91206902
156.4281,21929.3237,47.648693,-8.32583,177.825317,0.07404,0.40153599,0.91165298
156.4477,21929.3437,47.765465,-8.617743,177.641556,0.076994,0.40222299,0.91097099
156.465,21929.3637,48.01683,-8.702525,177.455994,0.078296,0.40406001,0.90994197
156.4868,21929.3837,48.236031,-8.488942,177.156876,0.07764,0.405696,0.90917099
156.5087,21929.4037,48.30233,-8.323451,176.774826,0.077677,0.40604201,0.90886599
156.5395,21929.4237,48.322128,-8.395274,176.317291,0.079867,0.40584901,0.908517
156.5467,21929.4437,48.551476,-8.300409,175.793442,0.080977,0.40735301,0.90748203
156.5693,21929.4637,48.952847,-7.735367,175.329605,0.078183,0.41053101,0.906165
156.5873,21929.4837,49.146839,-6.901405,174.84874,0.073337,0.41222599,0.905738
156.6081,21929.5037,48.973793,-6.073416,174.339066,0.068591,0.41101801,0.90658402
156.6286,21929.5238,48.536785,-5.547375,173.872314,0.065994,0.40758601,0.90819597
156.6467,21929.5438,48.157738,-5.430722,173.428513,0.066539,0.404387,0.909352
156.667,21929.5638,48.132736,-5.223798,172.976746,0.066483,0.40405801,0.90927303
156.6932,21929.5839,48.367168,-4.572394,172.59201,0.062758,0.40612999,0.90855098
156.7256,21929.6039,48.553417,-3.85711,172.352402,0.058012,0.407951,0.90810198
156.7315,21929.6239,48.40329,-3.541671,172.372665,0.055377,0.40697199,0.90881002
156.7526,21929.6439,48.0257,-3.753915,172.596024,0.056117,0.403943,0.91019797
156.7712,21929.664,47.812305,-4.272926,172.913376,0.059044,0.402078,0.91089398
156.7924,21929.684,47.880989,-4.773521,173.25351,0.061852,0.40249401,0.91059703
156.8149,21929.704,47.936062,-5.078292,173.51915,0.063357,0.40289101,0.91039801
156.8294,21929.724,47.734768,-5.114895,173.65387,0.063117,0.40134001,0.91117299
156.8491,21929.7441,47.458427,-5.219318,173.654892,0.063866,0.399075,0.91209102
156.8727,21929.7641,47.285435,-5.332129,173.681305,0.064624,0.397641,0.91265303
156.8929,21929.7841,47.184971,-5.229201,173.731827,0.063601,0.396929,0.91309297
156.9125,21929.8042,47.187115,-5.25057,173.759216,0.063677,0.39694899,0.91308898
156.9347,21929.8242,47.338921,-5.426128,173.716217,0.065266,0.398031,0.91243303
156.9519,21929.8442,47.499702,-5.548724,173.63678,0.066562,0.399194,0.91174698
156.9766,21929.8643,47.599857,-5.667005,173.536179,0.067881,0.39985999,0.91126299
157.0011,21929.8843,47.665756,-5.783348,173.535339,0.068827,0.40031201,0.91096002
157.0153,21929.9043,47.661892,-5.753145,173.563385,0.068488,0.40031701,0.91100901
157.0334,21929.9243,47.716705,-5.846202,173.540924,0.069321,0.400682,0.91074502
157.0531,21929.9444,47.817669,-6.132807,173.454636,0.071927,0.40125099,0.910155
157.0682,21929.9644,47.915962,-6.533105,173.400986,0.075319,0.40173799,0.90951401
157.0885,21929.9844,47.931942,-6.732022,173.299347,0.077258,0.401665,0.90925699
157.1159,21930.0045,47.905647,-6.587245,173.155289,0.076607,0.40145701,0.90934998
157.1302,21930.0245,47.892582,-6.477057,173.037079,0.076143,0.40134901,0.90938997
157.1476,21930.0445,47.853088,-6.665142,172.927185,0.078009,0.40083101,0.90932798
157.1702,21930.0645,47.714149,-6.797016,172.762634,0.07959,0.399519,0.90961403
157.1878,21930.0845,47.404297,-6.612165,172.423386,0.079205,0.39694801,0.91059297
157.2095,21930.1045,46.919876,-6.372533,171.97438,0.078679,0.39295,0.912126
157.2337,21930.1245,46.398819,-6.328168,171.550491,0.079571,0.38852599,0.91364199
157.2559,21930.1445,45.94405,-6.372778,171.215561,0.080869,0.384615,0.91491002
157.2714,21930.1645,45.748322,-6.388527,170.975388,0.081714,0.38286299,0.91537303
157.2913,21930.1845,45.944595,-6.433064,170.82074,0.082675,0.38428801,0.91454297
157.3112,21930.2045,46.232986,-6.467518,170.600922,0.083821,0.38640901,0.91334099
157.3376,21930.2245,46.317474,-6.535373,170.426147,0.084991,0.38689801,0.91285002
157.351,21930.2445,46.360134,-6.668751,170.370651,0.086261,0.38708201,0.91255498
157.3661,21930.2645,46.560333,-6.807643,170.275314,0.087784,0.38848799,0.91167301
157.3862,21930.2844,46.876755,-7.04815,170.01506,0.090732,0.39059699,0.91014999
157.4086,21930.3044,47.106327,-7.198906,169.662048,0.093247,0.392005,0.90890002
157.426,21930.3244,47.203972,-7.062922,169.278549,0.093532,0.3926,0.90830302
157.4509,21930.3444,47.19648,-6.794701,168.837753,0.092912,0.39244199,0.90811998
157.4778,21930.3644,47.312687,-6.569002,168.394775,0.092711,0.393233,0.907453
157.5027,21930.3844,47.704464,-6.396591,167.900345,0.093295,0.39612299,0.90570301
157.5078,21930.4044,48.118942,-6.104661,167.359772,0.093142,0.39928001,0.90389502
157.5435,21930.4244,48.28059,-5.876439,166.82309,0.09333,0.40037099,0.90292197
157.549,21930.4444,48.312157,-5.700035,166.349457,0.093619,0.40042999,0.90242797
157.5705,21930.4644,48.485645,-5.63035,165.970612,0.094532,0.40157101,0.90143198
157.5925,21930.4844,48.787197,-5.610761,165.663803,0.095699,0.40372199,0.900006
157.6057,21930.5044,49.068218,-5.4863,165.351456,0.096058,0.40582499,0.89872301
157.6258,21930.5244,49.25153,-5.212304,165.088257,0.095,0.40737599,0.89797097
157.6464,21930.5444,49.525475,-5.031951,164.905502,0.094478,0.40959799,0.89689898
157.6647,21930.5644,49.995239,-4.973036,164.729919,0.095064,0.41321599,0.89500803
157.6849,21930.5844,50.42384,-5.013299,164.655411,0.09603,0.41646799,0.89329302
157.7095,21930.6044,50.749245,-5.121542,164.666214,0.097123,0.41889501,0.89199799
157.7286,21930.6244,51.147919,-5.378214,164.774536,0.099071,0.421794,0.89041001
157.7495,21930.6444,51.6553,-5.772278,164.884048,0.102158,0.425372,0.88827097
157.7685,21930.6644,52.054375,-6.040154,164.869614,0.10462,0.42814201,0.886482
157.7865,21930.6843,52.026375,-5.70173,164.690048,0.102649,0.42817801,0.886675
157.8104,21930.7043,51.792282,-5.043339,164.31337,0.098751,0.42683601,0.887685
157.8334,21930.7243,51.471149,-4.727195,163.828445,0.097804,0.42431101,0.888574
157.844,21930.7443,51.333923,-5.261216,163.402176,0.103387,0.42218199,0.88807797
157.8665,21930.7643,51.506611,-5.931531,163.097977,0.109864,0.42235601,0.88639498
157.8874,21930.7843,51.834869,-5.787093,162.755157,0.110334,0.42477801,0.884817
157.9048,21930.8043,51.991863,-5.050977,162.419891,0.106055,0.426687,0.884453
157.9255,21930.8243,51.948174,-4.556151,162.298599,0.102641,0.42691001,0.88490599
157.946,21930.8443,52.08469,-4.689491,162.367722,0.103556,0.427852,0.88435698
157.9676,21930.8643,52.389225,-4.906346,162.352081,0.105604,0.42990601,0.88296801
157.9879,21930.8843,52.470947,-4.793391,162.223984,0.1053,0.430576,0.88258201
158.0244,21930.9043,52.378254,-4.405192,162.005081,0.103033,0.43019,0.88299203
158.0369,21930.9243,52.326214,-3.846502,161.637573,0.10005,0.43022799,0.883183
158.0464,21930.9443,52.180565,-3.445775,161.392014,0.097716,0.42943999,0.88374799
158.0958,21930.9643,52.524738,-3.397507,161.075485,0.098934,0.43189999,0.88203001
158.0991,21930.9843,52.629055,-3.709827,161.023987,0.101653,0.43222299,0.88128197
158.1055,21931.0043,52.336765,-3.920163,161.03241,0.1029,0.42967099,0.882231
158.1291,21931.0243,51.76902,-4.011435,161.069778,0.102806,0.425174,0.88437003
158.1471,21931.0443,51.232994,-4.203254,161.193237,0.103214,0.420847,0.886401
158.1647,21931.0643,51.140667,-4.567242,161.212936,0.105852,0.41962701,0.88644499
158.1889,21931.0843,50.986454,-4.97862,161.311768,0.1085,0.41792801,0.88678199
158.2091,21931.1042,50.704075,-5.030011,161.313553,0.108576,0.415654,0.88779497
158.2263,21931.1242,50.816574,-4.947409,161.099808,0.108839,0.416448,0.88714302
158.251,21931.1442,51.272232,-5.056623,160.911011,0.11089,0.41965601,0.88504797
158.2667,21931.1642,51.518909,-5.37061,160.847031,0.113828,0.42104799,0.88371199
158.2867,21931.1842,51.477196,-5.802808,160.890564,0.116954,0.42012501,0.88349998
158.3136,21931.2042,51.499382,-6.175076,160.799103,0.120183,0.419644,0.88289303
158.3294,21931.2242,51.661423,-6.496863,160.561737,0.12371,0.42016,0.88157201
158.3466,21931.2442,51.852486,-6.853978,160.385269,0.127315,0.42089701,0.88017702
158.3692,21931.2642,51.995872,-7.250222,160.244904,0.13103101,0.421229,0.878959
158.3863,21931.2842,51.967648,-7.536314,160.023346,0.13400701,0.42029801,0.87838399
158.4062,21931.3042,51.645512,-7.520315,159.600998,0.135065,0.41733,0.87895399
158.4278,21931.3242,50.98138,-7.291668,158.996552,0.134719,0.411838,0.88075
158.4463,21931.3442,50.115898,-7.133101,158.404938,0.134546,0.40467399,0.88318098
158.4665,21931.3642,49.306271,-7.169908,157.853073,0.13573,0.39764199,0.88517302
158.4883,21931.3842,48.801952,-7.234673,157.417191,0.137072,0.393067,0.88616598
158.5089,21931.4042,48.643959,-7.136976,157.070816,0.13729,0.39159101,0.88623601
158.5241,21931.4242,48.679535,-7.116542,156.886642,0.13781001,0.39168501,0.8858
158.5532,21931.4442,48.77179,-7.076904,156.684006,0.13832401,0.392234,0.88514602
158.5666,21931.4642,48.928051,-7.06252,156.574295,0.138806,0.39334801,0.88439697
158.5844,21931.4842,49.089931,-7.390614,156.588531,0.14151201,0.39402801,0.88343298
158.6163,21931.5041,49.228283,-7.986172,156.654099,0.146064,0.39409301,0.88230002
158.6245,21931.5241,49.244427,-8.662474,156.748611,0.150966,0.39308599,0.88154
158.6463,21931.5441,49.25116,-9.153681,156.759201,0.154716,0.392234,0.88088
158.6683,21931.5641,49.320057,-9.144231,156.533157,0.155508,0.392483,0.88021398
158.6867,21931.5841,49.390289,-8.722651,156.201126,0.153503,0.393383,0.879893
158.7058,21931.6041,49.491138,-8.413817,155.895874,0.15232,0.39434999,0.87935197
158.7285,21931.6241,49.675007,-8.365776,155.527939,0.153477,0.39538199,0.87803
158.7458,21931.6441,49.896385,-8.560434,155.061188,0.156894,0.39609,0.87603402
158.7698,21931.6641,50.172718,-8.914973,154.567734,0.161707,0.39684001,0.87352997
158.7922,21931.6841,50.471119,-9.162522,154.068451,0.16576,0.39793301,0.87104303
158.8138,21931.7041,50.643757,-9.026682,153.515137,0.16690999,0.39874601,0.86944401
158.8298,21931.7241,50.672012,-8.658666,152.91449,0.166253,0.398864,0.86861098
158.8483,21931.7441,50.668243,-8.32428,152.306274,0.16583,0.39866599,0.867814
158.8738,21931.7641,50.7034,-8.164102,151.797226,0.166446,0.398545,0.86681402
158.8975,21931.7841,50.898811,-8.078037,151.356628,0.167657,0.399593,0.865242
158.9127,21931.8041,51.192711,-7.871792,150.991806,0.167877,0.40177,0.86363
158.9273,21931.8241,51.418106,-7.565216,150.725906,0.16689201,0.40378901,0.86263502
158.9478,21931.8441,51.561024,-7.31492,150.500916,0.166053,0.40511301,0.861956
158.9694,21931.8641,51.751526,-7.040761,150.336929,0.16491,0.40694299,0.86126399
158.9925,21931.8841,52.07222,-6.63573,150.20488,0.162912,0.41010401,0.86032802
159.0101,21931.9041,52.384319,-6.218078,150.097641,0.16072699,0.41325799,0.859487
159.0291,21931.924,52.508942,-5.698205,149.876434,0.157856,0.41505,0.85924399
159.0497,21931.944,52.45649,-5.140419,149.623886,0.15448999,0.415544,0.859644
159.0775,21931.964,52.146767,-4.981052,149.395538,0.153533,0.413239,0.86052698
159.0971,21931.984,51.662476,-5.115833,149.252655,0.15413301,0.40906301,0.861853
159.1105,21932.004,51.411114,-4.712749,149.110764,0.15112001,0.40786499,0.86301202
159.1326,21932.024,51.480782,-4.029051,149.101868,0.146137,0.40990901,0.86361998
159.1508,21932.044,51.535213,-3.763987,149.314651,0.143483,0.41117799,0.86422199
159.1645,21932.064,51.411541,-3.937131,149.731842,0.14305399,0.41037899,0.86537898
159.1848,21932.084,51.247448,-4.194712,150.197662,0.143022,0.40915099,0.86667699
159.2094,21932.104,51.076881,-4.492407,150.605286,0.143503,0.407718,0.867814
159.2447,21932.124,50.850868,-4.829373,150.908997,0.144563,0.40564999,0.86887801
159.2523,21932.144,50.637146,-4.879827,151.189331,0.143567,0.404257,0.87019998
159.2756,21932.164,50.565922,-4.73096,151.536102,0.141084,0.40445399,0.87137598
159.2955,21932.184,50.607166,-4.641196,151.97113,0.138937,0.40548801,0.872235
159.3099,21932.204,50.698025,-4.601319,152.460312,0.137058,0.40685701,0.872944
159.336,21932.224,50.93985,-4.802576,152.927963,0.13733999,0.40887201,0.87274498
159.3456,21932.244,51.232281,-5.218906,153.291275,0.139698,0.410732,0.87187099
159.3698,21932.264,51.46357,-5.602358,153.612518,0.141838,0.412146,0.87116599
159.3958,21932.284,51.700798,-5.964573,153.888931,0.14397299,0.41360101,0.87036097
159.4096,21932.304,51.972282,-6.255905,154.006485,0.146185,0.415263,0.86918998
159.4252,21932.3239,52.135796,-6.398926,153.989029,0.147587,0.41621399,0.868348
159.4466,21932.3439,52.267521,-6.516949,153.886826,0.149057,0.41686001,0.86748701
159.4719,21932.3639,52.482437,-6.699718,153.716003,0.15139601,0.41791999,0.866081
159.4932,21932.3839,52.72213,-6.769736,153.466461,0.153211,0.41928199,0.86456299
159.515,21932.4039,52.856777,-6.719453,153.119537,0.15431499,0.41994801,0.863406
159.5263,21932.4239,52.870277,-6.554137,152.780472,0.15433399,0.41993201,0.86288399
159.547,21932.4439,52.730171,-6.201436,152.426514,0.152744,0.41911399,0.86317003
159.5675,21932.4639,52.354797,-5.630621,152.020065,0.14929201,0.41689399,0.86452299
159.5876,21932.4839,51.610481,-5.0871,151.65506,0.145215,0.41186601,0.86728698
159.6169,21932.5039,50.439861,-5.034039,151.551422,0.14311001,0.40287,0.87149799
159.6303,21932.5239,49.259094,-5.380648,151.734009,0.143023,0.39327201,0.87575799
159.6525,21932.5439,48.489948,-5.553553,151.927719,0.14233001,0.387198,0.87870997
159.6686,21932.5639,48.267086,-5.320031,152.139664,0.139431,0.386217,0.88023198
159.688,21932.5839,48.313156,-5.060847,152.51683,0.136246,0.38756201,0.88115698
159.7091,21932.6039,48.375935,-5.18397,153.146347,0.135169,0.38854599,0.88206202
159.7257,21932.6239,48.527122,-5.553041,153.963043,0.13548701,0.38995501,0.88270497
159.7464,21932.6439,48.729153,-6.031956,154.665573,0.13710199,0.391433,0.88277501
159.7682,21932.6639,48.837833,-6.316446,155.065292,0.13809399,0.392214,0.88280803
159.7853,21932.6839,48.805687,-6.292963,155.237778,0.137274,0.392216,0.88327903
159.8103,21932.7039,48.701374,-6.141198,155.383194,0.13544901,0.391862,0.88411099
159.8316,21932.7239,48.630943,-6.039259,155.617065,0.133757,0.39177799,0.88492203
159.8514,21932.7438,48.665741,-6.090841,155.975067,0.132982,0.392371,0.88539898
159.8711,21932.7638,48.723049,-6.289557,156.40657,0.133122,0.39295599,0.88575101
159.8842,21932.7838,48.755604,-6.575962,156.898697,0.13369399,0.39326701,0.88618702
159.9057,21932.8038,48.779339,-6.903018,157.418167,0.134473,0.39347899,0.88664198
159.9276,21932.8238,48.783638,-7.264058,157.933319,0.13550401,0.39348599,0.88710499
159.9457,21932.8438,48.786064,-7.446509,158.369736,0.13542099,0.39370501,0.88763601
159.9656,21932.8638,48.80489,-7.448389,158.728653,0.134225,0.394272,0.88817698
159.9892,21932.8838,48.855972,-7.429981,159.087402,0.132909,0.39512101,0.88861698
160.0065,21932.9038,49.429626,-7.246518,159.398849,0.13109399,0.40027699,0.88724703
160.0268,21932.9238,50.066761,-6.986236,159.764862,0.12854201,0.406095,0.88578397
160.0467,21932.9438,50.69854,-6.786994,160.232819,0.126059,0.41185999,0.88439
160.1057,21932.9638,51.174618,-6.548798,160.670502,0.123173,0.41641301,0.883533
160.1087,21932.9838,51.49152,-6.142303,161.084305,0.118877,0.419929,0.88338602
160.1119,21933.0038,51.678879,-5.53881,161.475922,0.112987,0.422667,0.88385803
160.1257,21933.0238,51.621178,-4.761194,161.933884,0.10523,0.423756,0.88546598
160.1441,21933.0438,51.384781,-4.07358,162.519882,0.097491,0.42336801,0.887766
160.1654,21933.0638,51.003502,-3.476024,163.289978,0.089615,0.42179599,0.89068401
160.19,21933.0838,50.535583,-3.145766,163.930634,0.084218,0.41903099,0.89346999
160.2042,21933.1038,49.952072,-3.159955,164.277954,0.082487,0.41469401,0.89603198
160.2252,21933.1238,49.370838,-3.069693,164.492523,0.08044,0.410386,0.89847398
160.2437,21933.1438,48.978035,-2.453719,164.775833,0.07421,0.408191,0.90063798
160.265,21933.1637,48.785793,-1.623895,165.339447,0.065488,0.407929,0.90245301
160.2927,21933.1837,48.587982,-1.247422,166.230499,0.059165,0.40723899,0.90428299
160.3103,21933.2037,48.310135,-1.285718,167.337784,0.055297,0.40555799,0.90631199
160.3281,21933.2237,48.063583,-1.273005,168.497238,0.050903,0.40415201,0.90821201
160.3505,21933.2437,47.923035,-1.291788,169.635345,0.04694,0.40350699,0.90961099
160.3702,21933.2637,47.822968,-1.643123,170.757568,0.045718,0.40290999,0.91063797
160.3906,21933.2837,47.77301,-2.020595,171.848755,0.044856,0.40269399,0.91138703
160.4069,21933.3037,47.834377,-2.186659,172.909561,0.042474,0.40348801,0.91173798
160.4294,21933.3237,48.002987,-2.368633,173.973236,0.040234,0.405119,0.91163403
160.4459,21933.3437,48.198215,-2.669489,175.072037,0.038793,0.406914,0.91134
160.4666,21933.3637,48.401253,-2.895825,176.148956,0.036804,0.408797,0.91096002
160.4847,21933.3837,48.638092,-3.063837,177.079086,0.034846,0.410916,0.91036302
160.5052,21933.4037,48.928799,-3.219081,177.865891,0.033271,0.41341701,0.90948403
160.5333,21933.4237,49.326,-3.461717,178.601044,0.032539,0.416724,0.90814102
160.552,21933.4437,49.784252,-3.643209,179.282288,0.031469,0.42050999,0.90654099
160.5715,21933.4637,50.178253,-3.646469,179.911377,0.029142,0.42379099,0.90517902
160.5929,21933.4837,50.447319,-3.542083,-179.585526,0.026418,0.42604801,0.90425998
160.6161,21933.5037,50.60664,-3.473444,-179.163528,0.02428,0.427403,0.90371197
160.6285,21933.5237,50.750446,-3.564495,-178.778458,0.023533,0.42861301,0.90317303
160.6484,21933.5437,50.912437,-3.866052,-178.340134,0.024231,0.42997301,0.90251499
160.6676,21933.5636,51.083725,-4.203607,-177.774475,-0.024717,-0.43144199,-0.90179998
160.6859,21933.5836,51.21484,-4.46814,-177.127945,-0.024319,-0.43261999,-0.90122902
160.7181,21933.6036,51.277744,-4.634384,-176.482391,-0.023164,-0.43325901,-0.90091401
160.728,21933.6236,51.203465,-4.696063,-175.974915,-0.021762,-0.43278199,-0.90112698
160.747,21933.6436,50.799118,-4.588598,-175.659271,-0.019906,-0.429647,-0.90261602
160.7686,21933.6636,49.862148,-4.704442,-175.480164,-0.020581,-0.422313,-0.90602797
160.7912,21933.6836,48.754307,-5.18917,-175.354691,-0.024489,-0.41365099,-0.90992302
160.8136,21933.7036,48.169254,-5.227432,-175.256409,-0.024726,-0.409035,-0.911982
160.8265,21933.7236,48.083656,-4.871818,-175.022415,-0.021103,-0.408337,-0.912314
160.8453,21933.7436,48.133106,-4.608686,-174.58786,-0.017434,-0.40874699,-0.91209
160.8653,21933.7636,48.103733,-4.816085,-173.86203,-0.016512,-0.408674,-0.91197801
160.8914,21933.7836,48.204582,-5.394848,-172.958344,-0.017827,-0.40978301,-0.91126502
160.9099,21933.8036,48.548382,-5.906513,-172.032822,-0.018331,-0.41282901,-0.90964901
160.9279,21933.8236,48.816113,-6.441084,-171.210495,-0.019393,-0.41528699,-0.90829301
160.9561,21933.8436,48.84296,-6.95485,-170.564453,-0.021099,-0.415829,-0.90783501
160.9682,21933.8636,48.802238,-7.172574,-170.082703,-0.021112,-0.415694,-0.90772402
160.9886,21933.8836,48.867245,-6.967538,-169.788834,-0.018362,-0.41615999,-0.90738899
161.0082,21933.9036,49.007702,-6.642758,-169.61087,-0.015014,-0.41713101,-0.90684801
161.0275,21933.9236,49.184452,-6.343688,-169.441589,-0.011867,-0.418387,-0.90616602
161.0458,21933.9436,49.360653,-6.105956,-169.270508,-0.009198,-0.41966099,-0.90546602
161.0694,21933.9636,49.451401,-5.94186,-169.066238,-0.007068,-0.42029801,-0.905038
161.0867,21933.9835,49.425663,-5.745204,-168.878296,-0.00485,-0.419992,-0.90503299
161.113,21934.0035,49.354328,-5.529047,-168.660767,-0.002414,-0.41930899,-0.90516597
161.1291,21934.0235,49.285294,-5.4017,-168.431396,-0.000636,-0.41869101,-0.90527201
161.1442,21934.0435,49.387016,-5.404574,-168.117798,0.000588,-0.41949201,-0.90470898
161.1643,21934.0635,49.633678,-5.416914,-167.64415,0.002477,-0.42143101,-0.90350902
161.1902,21934.0835,49.891403,-5.228761,-167.064224,0.006365,-0.423298,-0.902165
161.2055,21934.1035,50.193733,-4.792929,-166.581085,0.011905,-0.42530099,-0.900675
161.2372,21934.1235,50.491596,-4.368754,-166.22287,0.016891,-0.42725101,-0.89925402
161.2509,21934.1435,50.779072,-3.953027,-165.978485,0.021377,-0.429115,-0.89792901
161.2665,21934.1635,51.037407,-3.446997,-165.682938,0.02673,-0.430637,-0.89661902
161.2889,21934.1835,51.149902,-2.993712,-165.259674,0.03199,-0.43100199,-0.89570898
161.3237,21934.2035,51.030628,-2.6497,-164.783417,0.036334,-0.429609,-0.89560401
161.3247,21934.2235,50.739201,-2.559106,-164.263748,0.038651,-0.42707899,-0.89614201
161.3461,21934.2435,50.27269,-2.85877,-163.904724,0.037088,-0.42362201,-0.897587
161.3682,21934.2635,49.7323,-3.113362,-163.854752,0.034625,-0.41964099,-0.89957398
161.3856,21934.2835,49.369953,-2.652462,-163.941849,0.037493,-0.41636199,-0.900819
161.4106,21934.3035,49.25034,-1.710472,-163.879318,0.044984,-0.41442099,-0.90084302
161.4391,21934.3235,49.143463,-1.133733,-163.463455,0.050893,-0.41278401,-0.90053499
161.4513,21934.3435,48.906971,-1.23348,-162.731339,0.052455,-0.41071099,-0.90059602
161.4711,21934.3635,48.70866,-1.632261,-161.895309,0.052061,-0.40924299,-0.90049797
161.4931,21934.3835,48.679829,-2.115873,-161.090424,0.051098,-0.40924501,-0.89983499
161.5123,21934.4034,48.684273,-2.574873,-160.368088,0.050082,-0.409538,-0.89911401
161.527,21934.4234,48.617012,-2.814723,-159.729828,0.050382,-0.40904301,-0.89862901
161.548,21934.4434,48.533703,-2.724864,-159.180115,0.052921,-0.408025,-0.89814699
161.5683,21934.4634,48.498413,-2.576245,-158.650604,0.055915,-0.40729401,-0.89747202
161.5861,21934.4834,48.546677,-2.614633,-158.050995,0.057822,-0.40742701,-0.89647502
161.61,21934.5034,48.705505,-2.746917,-157.400757,0.05936,-0.40852299,-0.89504403
161.629,21934.5234,48.926048,-2.847264,-156.735275,0.061321,-0.410036,-0.893332
161.6497,21934.5434,49.146561,-2.955446,-156.138519,0.062995,-0.411587,-0.89170498
161.6667,21934.5634,49.359215,-3.070994,-155.643753,0.064249,-0.413138,-0.89024901
161.6876,21934.5834,49.593803,-3.236785,-155.270706,0.064728,-0.41500199,-0.88892502
161.7067,21934.6034,49.886219,-3.431684,-154.911652,0.065051,-0.417364,-0.88742697
161.7322,21934.6234,50.262947,-3.581253,-154.547958,0.065916,-0.42029399,-0.88558698
161.7469,21934.6434,50.541588,-3.638263,-154.208023,0.067245,-0.42232701,-0.88406998
161.7707,21934.6634,50.603889,-3.729169,-153.930435,0.067685,-0.422791,-0.88344198
161.7925,21934.6834,50.617344,-3.920068,-153.754639,0.066888,-0.42310801,-0.883214
161.8131,21934.7034,50.687454,-4.183668,-153.673264,0.065292,-0.424036,-0.88297999
161.8296,21934.7234,50.680687,-4.307436,-153.634949,0.064467,-0.42416799,-0.88301098
161.8521,21934.7434,50.438808,-4.115655,-153.583954,0.065666,-0.42197001,-0.88367802
161.8807,21934.7634,49.980835,-3.711023,-153.64212,0.067694,-0.41781601,-0.885162
161.8886,21934.7834,49.275242,-3.643974,-153.796173,0.066304,-0.41237199,-0.88785702
161.9434,21934.8033,48.440052,-4.116024,-154.007248,0.060288,-0.40684101,-0.89135498
161.9439,21934.8233,47.891819,-4.520797,-154.167923,0.055517,-0.403355,-0.89368898
161.9456,21934.8433,47.821747,-4.435741,-154.350067,0.055406,-0.40276101,-0.89418399
161.9663,21934.8633,47.981972,-4.095858,-154.541534,0.057687,-0.403541,-0.89378601
161.9863,21934.8833,48.157368,-3.871049,-154.727539,0.059112,-0.40462801,-0.89337701
162.0036,21934.9033,48.222477,-4.181118,-154.651291,0.057086,-0.40559599,-0.89318901
162.0263,21934.9233,48.11256,-4.984895,-154.504822,0.05113,-0.40597299,-0.89370602
162.0435,21934.9433,47.953537,-5.686554,-154.501175,0.045363,-0.405862,-0.89453298
162.0675,21934.9633,47.758194,-5.983833,-154.623886,0.04223,-0.40486801,-0.89549601
162.0891,21934.9834,47.522858,-5.959997,-154.825775,0.041252,-0.403083,-0.89658999
162.1092,21935.0034,47.400494,-5.766769,-155.104645,0.041552,-0.40193501,-0.89736199
162.1275,21935.0234,47.489231,-5.575624,-155.401199,0.042175,-0.402437,-0.89745301
162.149,21935.0435,47.612919,-5.398174,-155.602951,0.043085,-0.40320101,-0.89727998
162.1698,21935.0635,47.65007,-5.332041,-155.725769,0.043239,-0.40343499,-0.89731699
162.1859,21935.0835,47.688713,-5.259049,-155.74263,0.043822,-0.403631,-0.89718401
162.2144,21935.1035,47.844139,-5.222547,-155.700912,0.04454,-0.40476501,-0.89658302
162.2314,21935.1236,48.072113,-5.283221,-155.654114,0.04465,-0.40660599,-0.89576399
162.2506,21935.1436,48.295307,-5.416452,-155.597916,0.04422,-0.40851501,-0.89497101
162.2681,21935.1636,48.515526,-5.407475,-155.486023,0.045097,-0.41016099,-0.89404601
162.2917,21935.1837,48.770485,-5.344268,-155.348022,0.046558,-0.41197899,-0.89293599
162.3194,21935.2037,49.121456,-5.26957,-155.256134,0.048124,-0.414534,-0.891554
162.3401,21935.2237,49.458786,-5.17203,-155.202148,0.049706,-0.41696,-0.890257
162.3515,21935.2437,49.932922,-5.015777,-155.144241,0.052012,-0.42034,-0.88843799
162.3669,21935.2638,50.221844,-4.816657,-155.076035,0.054342,-0.42221901,-0.88722003
162.3861,21935.2838,50.409035,-4.624638,-154.955002,0.056622,-0.42329699,-0.88627499
162.4048,21935.3038,50.573879,-4.646405,-154.704987,0.057686,-0.42447001,-0.885306
162.4295,21935.3238,50.752525,-4.811532,-154.410355,0.057841,-0.425951,-0.88428402
162.4487,21935.3439,50.806652,-4.894774,-154.194489,0.058105,-0.426388,-0.883789
162.4681,21935.3639,50.535332,-4.929956,-154.09639,0.057677,-0.424321,-0.884615
162.4843,21935.3839,49.865032,-4.835265,-154.219391,0.05667,-0.41909501,-0.88713199
162.514,21935.404,49.187614,-4.6148,-154.516373,0.056011,-0.413679,-0.88986498
162.5322,21935.424,48.94257,-4.188258,-154.776505,0.057929,-0.411235,-0.89091903
162.5458,21935.444,49.062447,-3.768272,-154.767181,0.061449,-0.411479,-0.89026898
162.5676,21935.464,49.237564,-3.664178,-154.492798,0.063569,-0.41251001,-0.889157
162.585,21935.4841,49.362583,-3.868104,-154.053558,0.063806,-0.41356501,-0.88810998
162.613,21935.5041,49.521019,-3.937888,-153.576492,0.065293,-0.41463101,-0.88679802
162.6339,21935.5241,49.48103,-3.769029,-153.160004,0.068027,-0.41379401,-0.88612902
162.6475,21935.5442,49.400013,-3.681212,-152.917175,0.069423,-0.41287401,-0.885939
162.6741,21935.5642,49.517601,-3.55633,-152.907333,0.070655,-0.413553,-0.88543499
162.6989,21935.5842,49.695831,-3.384385,-153.08551,0.071688,-0.41473201,-0.885014
162.7171,21935.6041,49.799866,-3.137364,-153.226379,0.073287,-0.41519099,-0.884736
162.7347,21935.6241,49.763687,-2.944502,-153.173172,0.074899,-0.414543,-0.88464701
162.7518,21935.6441,49.713524,-2.809396,-153.037613,0.076335,-0.41383201,-0.88449699
162.7817,21935.6641,49.875439,-2.810909,-152.981888,0.076838,-0.41503999,-0.883829
162.7906,21935.6841,50.215919,-2.776877,-153.024673,0.077603,-0.41761899,-0.88267499
162.8102,21935.7041,50.483635,-2.542771,-153.118835,0.079576,-0.419323,-0.88172501
162.8274,21935.7241,50.638256,-2.342516,-153.193207,0.081139,-0.42020801,-0.88116002
162.8446,21935.7441,50.79723,-2.38136,-153.205688,0.081097,-0.42150101,-0.880638
162.8684,21935.7641,51.048939,-2.550249,-153.181015,0.08037,-0.42370301,-0.87980503
162.8893,21935.7841,51.332394,-2.77521,-153.160294,0.079262,-0.42624399,-0.87889802
162.9148,21935.8041,51.556023,-2.815066,-153.205978,0.079214,-0.428049,-0.87819201
162.9397,21935.8241,51.686184,-2.711914,-153.293777,0.079924,-0.42892399,-0.87779599
162.955,21935.8441,51.869873,-2.710464,-153.315918,0.080201,-0.430336,-0.87716001
162.9712,21935.8641,52.123074,-2.97095,-153.215714,0.079068,-0.43263999,-0.876239
162.9919,21935.8842,52.24765,-3.489681,-152.991669,0.07619,-0.43432501,-0.87574703
163.0123,21935.9042,52.399799,-4.166592,-152.775482,0.072138,-0.43649599,-0.875256
163.0298,21935.9242,52.7034,-4.701016,-152.639297,0.069183,-0.43961701,-0.87423599
163.0518,21935.9442,53.017384,-4.91882,-152.615723,0.068243,-0.44233999,-0.87316799
163.0689,21935.9643,53.100643,-5.050366,-152.802429,0.066686,-0.44329801,-0.87325001
163.0892,21935.9843,52.804951,-5.317066,-153.214493,0.062471,-0.44173899,-0.87517297
163.1081,21936.0043,52.415997,-5.623197,-153.668777,0.057615,-0.43952999,-0.877496
163.1288,21936.0244,52.237694,-5.733421,-154.078033,0.054854,-0.43855399,-0.87884998
163.1466,21936.0444,52.287941,-5.51861,-154.437332,0.055223,-0.43877301,-0.87912297
163.1699,21936.0644,52.43362,-5.087396,-154.819809,0.057341,-0.439401,-0.87896699
163.1872,21936.0844,52.541069,-4.708052,-155.21051,0.058951,-0.43983501,-0.87897599
163.2243,21936.1045,52.615852,-4.544665,-155.556625,0.059011,-0.44033501,-0.87913799
163.242,21936.1245,52.730206,-4.474144,-155.754333,0.058997,-0.441201,-0.87897301
163.2574,21936.1445,52.73774,-4.509383,-155.788681,0.058608,-0.44132799,-0.87901503
163.2707,21936.1645,52.677101,-4.59711,-155.710831,0.058126,-0.44095799,-0.87916899
163.299,21936.1846,52.775524,-4.462081,-155.79863,0.059,-0.44154999,-0.878865
163.3099,21936.2046,52.829216,-4.194926,-155.752991,0.06132,-0.441535,-0.878456
163.3327,21936.2246,53.534557,-3.846427,-155.974518,0.064374,-0.44649401,-0.87594402
163.349,21936.2447,53.908623,-3.597029,-156.167023,0.066177,-0.44907001,-0.87466598
163.3657,21936.2647,53.814987,-3.416925,-156.437134,0.066334,-0.44825,-0.87531799
163.3859,21936.2847,53.547375,-3.063917,-156.62851,0.067833,-0.44580799,-0.876414
163.4079,21936.3047,53.502018,-2.804009,-156.90181,0.068683,-0.44524401,-0.87683302
163.4274,21936.3248,53.586121,-2.967089,-157.029388,0.067078,-0.446197,-0.87679601
163.4496,21936.3448,53.412521,-3.185274,-156.983948,0.065297,-0.44516599,-0.87751597
163.4696,21936.3648,53.030643,-2.837937,-156.899658,0.067651,-0.44170001,-0.87863803
163.4871,21936.3849,52.797626,-2.13502,-156.745178,0.07325,-0.43878099,-0.878856
163.5099,21936.4049,53.082264,-1.537137,-156.648056,0.07867,-0.43998399,-0.877235
163.5273,21936.4249,53.589581,-1.094433,-156.462296,0.083596,-0.443039,-0.87470001
163.5593,21936.4449,53.855095,-0.826865,-155.980728,0.087935,-0.44427899,-0.87272203
163.5732,21936.4649,53.906181,-0.62582,-155.200272,0.092574,-0.44372699,-0.87110198
163.5911,21936.4849,53.944359,-0.430978,-154.276489,0.097693,-0.442922,-0.86923802
163.6069,21936.5049,54.105259,-0.307491,-153.328766,0.102578,-0.443095,-0.866853
163.6265,21936.5249,54.392017,-0.087886,-152.413849,0.108302,-0.44402,-0.86388099
163.6476,21936.5449,54.732338,0.136845,-151.455551,0.114351,-0.445227,-0.86053902
163.6654,21936.5649,54.933361,0.18076,-150.267761,0.119687,-0.44543499,-0.85739201
163.6855,21936.5849,54.870033,-0.049375,-148.798492,0.12354,-0.443872,-0.85488802
163.7085,21936.6049,54.659756,-0.408134,-147.242645,0.126426,-0.44137201,-0.852781
163.7326,21936.6249,54.486015,-0.547105,-145.866272,0.130289,-0.43884799,-0.85055202
163.7477,21936.6449,54.349094,-0.256878,-144.744492,0.13640299,-0.43586099,-0.84815401
163.7691,21936.6649,54.019722,0.343018,-143.618271,0.144309,-0.43061301,-0.845972
163.79,21936.6849,53.462608,1.203301,-142.352097,0.15400399,-0.42269999,-0.84378499
163.8056,21936.7049,52.77029,2.137317,-140.984512,0.164124,-0.413241,-0.841488
163.8313,21936.7249,52.05949,3.061744,-139.469254,0.174465,-0.40321201,-0.83858103
163.8453,21936.7449,51.425495,3.925877,-137.817337,0.184829,-0.39345199,-0.83477998
163.8665,21936.7649,50.856518,4.659521,-136.066269,0.19453301,-0.384146,-0.83033502
163.8886,21936.7849,50.247356,5.244976,-134.158081,0.203337,-0.37450799,-0.82546598
163.9141,21936.8049,49.530102,5.816413,-132.009705,0.212218,-0.36346999,-0.81984901
163.9253,21936.8249,48.774185,6.431316,-129.764404,0.22125,-0.35157999,-0.81352001
163.9493,21936.8448,48.078671,6.915459,-127.492241,0.229268,-0.340312,-0.806696
163.9715,21936.8648,47.476707,7.306676,-125.25132,0.23651899,-0.32993701,-0.79944199
163.9909,21936.8848,46.968391,7.862315,-123.055527,0.244803,-0.31949699,-0.79131502
164.0165,21936.9048,46.363129,8.684174,-120.787201,0.25443,-0.30688599,-0.782224
164.0303,21936.9248,45.530708,9.585789,-118.390579,0.26364899,-0.29174799,-0.77267802
164.056,21936.9448,44.540653,10.516351,-116.06749,0.271741,-0.275258,-0.76338601
164.1205,21936.9648,43.622997,11.223803,-113.851349,0.27787301,-0.26031101,-0.754417
164.1271,21936.9848,42.945545,11.617661,-111.720245,0.28233701,-0.24856301,-0.74547499
164.1297,21937.0048,42.529724,11.752729,-109.579826,0.28596899,-0.239757,-0.73600298
164.1313,21937.0248,42.263718,11.678234,-107.394821,0.288811,-0.232851,-0.72609198
164.1464,21937.0448,42.108932,11.538635,-105.330048,0.29136601,-0.227304,-0.71636099
164.1652,21937.0648,42.035809,11.425913,-103.441544,0.29402801,-0.22258601,-0.70701599
164.1884,21937.0848,42.004139,11.352412,-101.774834,0.29663199,-0.218474,-0.698448
164.2091,21937.1048,42.010277,11.378458,-100.328583,0.29955301,-0.21461099,-0.69056302
164.2265,21937.1248,42.071163,11.453054,-99.081261,0.30262199,-0.21131501,-0.683375
164.2496,21937.1448,42.180717,11.429401,-97.956299,0.30509901,-0.209158,-0.67690498
164.2686,21937.1648,42.339165,11.173537,-96.83638,0.30644599,-0.20859399,-0.670883
164.2912,21937.1848,42.576511,10.697123,-95.734062,0.30691001,-0.209804,-0.66527599
164.3186,21937.2048,42.738251,9.991204,-94.6558,0.305659,-0.211923,-0.66059101
164.3352,21937.2248,42.631165,9.052335,-93.592506,0.30166501,-0.21381301,-0.65730399
164.3448,21937.2447,42.301823,8.010735,-92.532677,0.295903,-0.215048,-0.65481502
164.369,21937.2647,41.982109,7.055219,-91.492249,0.290654,-0.216005,-0.65207303
164.3895,21937.2847,41.816544,6.245196,-90.567039,0.28688201,-0.21741401,-0.64914298
164.4075,21937.3047,41.820435,5.57149,-89.79892,0.28455999,-0.21946999,-0.64631099
164.4308,21937.3247,41.951748,4.647055,-89.069672,0.28151301,-0.223873,-0.64398199
164.4472,21937.3447,42.18301,3.632901,-88.332024,0.278611,-0.229388,-0.641554
164.4671,21937.3647,42.532272,2.878685,-87.692032,0.27771401,-0.23429,-0.63877797
164.4921,21937.3847,42.858189,2.348089,-87.124664,0.27783,-0.237905,-0.63594401
164.5175,21937.4047,42.984848,1.886701,-86.595238,0.27711999,-0.24007501,-0.63362598
164.5299,21937.4247,42.927219,1.461159,-86.078934,0.27551499,-0.241042,-0.63170898
164.5494,21937.4447,42.824852,1.023773,-85.584679,0.27354199,-0.241901,-0.63003403
164.5691,21937.4647,42.796345,0.63128,-85.116394,0.27220801,-0.242979,-0.628227
164.5864,21937.4847,42.858486,0.267768,-84.662766,0.27155501,-0.244426,-0.62623101
164.6115,21937.5047,42.981667,-0.147715,-84.182907,0.27105701,-0.246462,-0.62406301
164.6293,21937.5247,43.097977,-0.646266,-83.694954,0.27010399,-0.248946,-0.62205201
164.6542,21937.5447,43.170071,-1.160604,-83.244431,0.26873699,-0.25138101,-0.62039
164.6847,21937.5647,43.31255,-1.434849,-82.788963,0.269126,-0.25273401,-0.617984
164.6948,21937.5847,43.485344,-1.619928,-82.361557,0.27013201,-0.25376901,-0.61547399
164.7063,21937.6047,43.619263,-1.880342,-81.962112,0.27044499,-0.255117,-0.61338902
164.7306,21937.6247,43.784031,-2.11282,-81.623611,0.270973,-0.25659901,-0.61154598
164.7486,21937.6447,44.044449,-2.176142,-81.387581,0.27277201,-0.257788,-0.609734
164.7695,21937.6646,44.389965,-1.98963,-81.241928,0.276223,-0.25810701,-0.60769898
164.7894,21937.6846,44.774494,-1.65524,-81.159111,0.28055,-0.25787199,-0.605591
164.809,21937.7046,45.155499,-1.357568,-81.028084,0.28476,-0.257718,-0.60326201
164.8261,21937.7246,45.486462,-1.164838,-80.832535,0.288248,-0.25777301,-0.600887
164.8504,21937.7446,45.825439,-0.944692,-80.707191,0.29176599,-0.25786999,-0.59884
164.8679,21937.7646,46.282291,-0.394463,-80.622231,0.29762799,-0.25665799,-0.59591299
164.8883,21937.7846,46.742001,0.325036,-80.393501,0.30467901,-0.25403601,-0.5916
164.9096,21937.8046,46.999542,0.807617,-80.076393,0.30943599,-0.25155801,-0.58777797
164.9299,21937.8246,47.001713,0.796315,-79.72525,0.31016099,-0.25069001,-0.58564401
164.9484,21937.8446,46.777908,0.217208,-79.478157,0.30636799,-0.25244299,-0.58618301
164.9683,21937.8646,46.54509,-0.409118,-79.436417,0.30181599,-0.25499901,-0.58810103
164.9894,21937.8846,46.332981,-0.279059,-79.67321,0.30065,-0.25373399,-0.58968002
165.0185,21937.9046,46.07732,0.689988,-80.079872,0.303177,-0.247519,-0.59019601
165.0411,21937.9246,45.790485,1.867661,-80.497627,0.3066,-0.239875,-0.59028798
165.0501,21937.9446,45.404034,2.577955,-80.72493,0.30743599,-0.23406699,-0.59068
165.0674,21937.9646,45.032314,2.576143,-80.757332,0.305098,-0.23220401,-0.59174401
165.0893,21937.9846,44.97472,2.509819,-80.708237,0.30450401,-0.23218,-0.59174901
165.1135,21938.0046,45.127445,2.701295,-80.598167,0.30664501,-0.231506,-0.59020501
165.1285,21938.0246,45.15543,2.807857,-80.291603,0.30798101,-0.23017,-0.58795297
165.1517,21938.0446,45.140945,2.788131,-79.844635,0.308687,-0.22901399,-0.58525902
165.1777,21938.0645,45.35994,2.696462,-79.372551,0.31050801,-0.229453,-0.58205903
165.1931,21938.0845,45.769474,2.444887,-78.925453,0.31265301,-0.231932,-0.57901102
165.2097,21938.1045,46.199932,2.134791,-78.552361,0.314504,-0.235066,-0.57654297
165.2279,21938.1245,46.489594,1.989169,-78.224358,0.316237,-0.23655599,-0.57423103
165.2487,21938.1445,46.628624,1.999643,-77.893242,0.31783301,-0.236283,-0.57181102
165.2704,21938.1645,46.731457,2.036412,-77.631836,0.31919199,-0.235847,-0.56983399
165.3024,21938.1845,46.884804,2.006958,-77.449936,0.32037199,-0.236301,-0.56842399
165.3114,21938.2045,47.175812,1.865521,-77.343399,0.32169801,-0.23836,-0.567487
165.3585,21938.2245,47.568836,1.565023,-77.198013,0.322956,-0.241813,-0.56652302
165.3623,21938.2445,47.937683,1.306033,-77.063721,0.32425299,-0.24490499,-0.56557202
165.3747,21938.2645,48.132324,1.293551,-77.053032,0.325423,-0.24592499,-0.56509602
165.3894,21938.2845,48.162521,1.565756,-77.173325,0.326695,-0.24471501,-0.565005
165.41,21938.3045,48.114834,1.762351,-77.277153,0.32714799,-0.243542,-0.56520402
165.4254,21938.3245,48.088882,1.635263,-77.250069,0.32641801,-0.24413,-0.56545699
165.4479,21938.3445,48.127205,1.460784,-77.105225,0.32610399,-0.245001,-0.56495899
165.466,21938.3645,48.196606,1.524069,-76.983185,0.32710701,-0.24460401,-0.56385499
165.4897,21938.3845,48.09256,1.732376,-76.948784,0.32755899,-0.24268,-0.56328398
165.5092,21938.4045,47.572514,1.546089,-76.856453,0.323605,-0.240987,-0.56442398
165.5246,21938.4245,46.588585,0.694809,-76.627098,0.313732,-0.240794,-0.56753701
165.5471,21938.4445,45.730244,0.031265,-76.488029,0.30532601,-0.240328,-0.570288
165.5673,21938.4645,45.388412,-0.012402,-76.574081,0.30276901,-0.23912901,-0.57166302
165.5864,21938.4844,45.365376,0.35376,-76.735512,0.304115,-0.237128,-0.57176203
165.6054,21938.5044,45.206821,0.503891,-76.772034,0.30378899,-0.23548099,-0.57192898
165.6335,21938.5244,44.941635,0.304765,-76.668175,0.30133399,-0.235138,-0.57235402
165.6552,21938.5444,44.899685,-0.204139,-76.504745,0.29886299,-0.23772199,-0.57273901
165.6683,21938.5644,45.129669,-0.854238,-76.345406,0.29740599,-0.24256299,-0.572954
165.6984,21938.5844,45.395527,-1.427371,-76.159958,0.29662701,-0.247017,-0.572734
165.718,21938.6044,45.579391,-1.759523,-75.965073,0.296561,-0.249513,-0.571998
165.7308,21938.6244,45.719791,-1.873375,-75.936432,0.29695001,-0.250846,-0.57183403
165.7585,21938.6444,45.876724,-1.895474,-76.07634,0.29753199,-0.25211799,-0.57246101
165.7682,21938.6644,46.07354,-1.925482,-76.400703,0.297916,-0.254116,-0.574184
165.7879,21938.6844,46.260719,-1.931713,-76.765747,0.29825801,-0.25602701,-0.57611001
165.8184,21938.7044,46.40546,-1.802397,-77.113045,0.29904601,-0.256841,-0.57764798
165.8255,21938.7244,46.476326,-1.537957,-77.482155,0.30000001,-0.25650999,-0.57911098
165.8454,21938.7444,46.543762,-1.138413,-77.857834,0.30160499,-0.255348,-0.58025801
165.8679,21938.7644,46.604488,-0.863721,-78.140236,0.30274799,-0.25469199,-0.581159
165.8872,21938.7844,46.650005,-0.837004,-78.240631,0.302944,-0.25501999,-0.58161402
165.9094,21938.8044,46.788208,-0.777098,-78.193085,0.30421501,-0.25521901,-0.58086503
165.9286,21938.8244,47.073551,-0.473365,-78.068367,0.30780599,-0.254437,-0.57866502
165.9448,21938.8444,47.431515,-0.182598,-77.905434,0.31185901,-0.25398901,-0.57608598
165.9911,21938.8644,47.815517,-0.084104,-77.682961,0.31523401,-0.254693,-0.57358801
165.995,21938.8843,48.233898,-0.053542,-77.403458,0.31861001,-0.25581801,-0.57083797
166.0108,21938.9043,48.675137,0.196312,-77.170097,0.32311401,-0.255804,-0.56769902
166.0257,21938.9243,48.992565,0.832126,-76.989265,0.32862499,-0.25290799,-0.56404299
166.0471,21938.9443,49.100811,1.419608,-76.754456,0.33269301,-0.249101,-0.56063199
166.0646,21938.9643,49.139706,1.876772,-76.551231,0.33560401,-0.24584,-0.55793601
166.0848,21938.9843,49.067783,2.108927,-76.454689,0.336494,-0.243744,-0.55681902
166.1106,21939.0043,48.669819,1.719485,-76.389648,0.332268,-0.24402501,-0.55847698
166.1293,21939.0243,48.196754,1.243315,-76.349403,0.32708299,-0.24455699,-0.56067902
166.149,21939.0443,47.944607,1.516678,-76.34243,0.32686201,-0.241567,-0.56042802
166.1681,21939.0643,47.91684,2.143697,-76.266495,0.32990801,-0.237258,-0.55821598
166.1871,21939.0843,47.910549,2.358752,-75.982208,0.33149999,-0.235047,-0.55581301
166.2135,21939.1043,47.890766,2.063919,-75.602623,0.33072799,-0.23571999,-0.55430597
166.2315,21939.1243,48.031403,1.687834,-75.299477,0.330419,-0.237923,-0.55314898
166.2458,21939.1443,48.214729,1.480347,-75.002686,0.33118901,-0.23928,-0.55145103
166.2678,21939.1643,48.227398,1.364126,-74.670906,0.33140299,-0.239121,-0.54965103
166.2958,21939.1843,48.146252,1.395325,-74.374344,0.33165699,-0.23767,-0.54785401
166.3243,21939.2043,48.193172,1.520505,-74.195213,0.33292201,-0.23658,-0.54624403
166.3268,21939.2243,48.364182,1.57824,-74.091301,0.33449301,-0.236736,-0.54503
166.3514,21939.2444,48.587723,1.531329,-73.997452,0.33587801,-0.237841,-0.54406703
166.369,21939.2644,48.833054,1.496187,-73.923042,0.33741701,-0.23902901,-0.54314399
166.3853,21939.2844,49.040695,1.537263,-73.830467,0.33911699,-0.239493,-0.54196399
166.4089,21939.3044,49.155453,1.63983,-73.836456,0.340314,-0.239408,-0.54143798
166.4306,21939.3245,49.222931,1.848051,-73.884018,0.34162399,-0.238547,-0.540968
166.4466,21939.3445,49.368752,2.020957,-73.956871,0.343207,-0.23836499,-0.54058099
166.4703,21939.3645,49.651859,2.099071,-74.065002,0.34513,-0.239557,-0.54038
166.489,21939.3846,49.935631,2.036815,-74.150032,0.346439,-0.241578,-0.54044801
166.5086,21939.4046,50.111805,1.974149,-74.20813,0.34712499,-0.243001,-0.540595
166.5345,21939.4246,50.136116,1.886939,-74.145004,0.347,-0.24348,-0.540402
166.5481,21939.4446,50.099144,1.606351,-73.91114,0.345943,-0.24437501,-0.53985202
166.5664,21939.4647,50.184547,1.305606,-73.648895,0.345626,-0.245902,-0.53889799
166.588,21939.4847,50.36377,1.06924,-73.33461,0.34632301,-0.247308,-0.53720599
166.6072,21939.5047,50.400452,1.02002,-73.076981,0.34687999,-0.247015,-0.53563303
166.626,21939.5248,50.136436,0.985768,-72.940826,0.345341,-0.245574,-0.53546602
166.6494,21939.5448,49.362904,0.329134,-72.759155,0.33773699,-0.245575,-0.53797799
166.6662,21939.5648,48.375435,-0.892324,-72.448425,0.32632399,-0.247851,-0.54162401
166.6852,21939.5848,47.808006,-1.759019,-72.242287,0.31900299,-0.250175,-0.54389203
166.7082,21939.6049,47.790459,-1.959479,-72.188179,0.31805599,-0.251228,-0.544137
166.7249,21939.6249,47.971165,-1.742218,-72.280602,0.32005501,-0.250934,-0.54376602
166.7535,21939.6449,47.996033,-1.680705,-72.395142,0.32025701,-0.250976,-0.54427803
166.7713,21939.665,47.935879,-1.647119,-72.596947,0.31958601,-0.25104299,-0.545596
166.788,21939.685,47.94788,-1.654272,-72.736191,0.31932399,-0.251533,-0.54648203
166.8073,21939.705,47.918957,-1.949699,-72.75087,0.31769499,-0.253326,-0.54745501
166.8299,21939.725,47.846966,-2.344362,-72.757698,0.31532699,-0.25552601,-0.54873103
166.8546,21939.7451,47.819485,-2.482301,-72.906288,0.314156,-0.25668499,-0.550111
166.8824,21939.7651,47.800129,-2.328771,-73.214973,0.314078,-0.25646299,-0.55169302
166.8903,21939.7852,47.722614,-2.114882,-73.549416,0.31386301,-0.25565499,-0.55338699
166.9125,21939.8052,47.657574,-1.948025,-73.7593,0.313784,-0.25486201,-0.55439299
166.9301,21939.8252,47.623215,-1.758444,-73.898132,0.31417301,-0.253876,-0.55482399
166.9501,21939.8452,47.873451,-1.751535,-73.935486,0.315727,-0.255124,-0.55453497
166.9677,21939.8653,48.243923,-1.8558,-73.981361,0.31749099,-0.257671,-0.55435902
166.9976,21939.8853,48.66206,-2.002824,-74.03437,0.319332,-0.26072901,-0.55424601
167.0133,21939.9053,49.005592,-2.002341,-74.133774,0.32129899,-0.262631,-0.55416298
167.0333,21939.9254,49.212872,-1.826387,-74.214661,0.323284,-0.26273301,-0.55374599
167.0479,21939.9454,49.424595,-1.53655,-74.219833,0.32601699,-0.26192799,-0.55251199
167.0716,21939.9654,49.797993,-1.247899,-74.182793,0.32986,-0.26177701,-0.55065697
167.0887,21939.9854,50.28941,-0.98681,-74.173119,0.334245,-0.26243699,-0.54877597
167.1076,21940.0055,50.741745,-0.798336,-74.127884,0.33810601,-0.26326299,-0.54694599
167.1294,21940.0255,50.926876,-0.857755,-73.943474,0.33941501,-0.26396501,-0.545555
167.1498,21940.0455,51.071053,-0.883167,-73.71418,0.34073299,-0.26412299,-0.543872
167.1695,21940.0656,51.395748,-0.557314,-73.520538,0.344771,-0.26302001,-0.540959
167.1933,21940.0856,51.709984,-0.207158,-73.261055,0.348995,-0.26150301,-0.53755999
167.2113,21940.1056,51.867744,-0.120456,-72.955719,0.35109201,-0.26076099,-0.53501397
167.2343,21940.1256,51.854923,-0.233983,-72.769112,0.35090601,-0.26084599,-0.53421301
167.2516,21940.1457,51.688316,-0.378276,-72.812904,0.34907901,-0.261116,-0.53530401
167.2837,21940.1657,51.330761,-0.707592,-72.871391,0.345139,-0.261709,-0.53746498
167.2983,21940.1857,51.038792,-1.21707,-72.601608,0.34151,-0.26276499,-0.53792399
167.3144,21940.2058,51.045238,-1.428135,-72.181801,0.34152499,-0.26287901,-0.535882
167.3314,21940.2258,51.215511,-1.331988,-71.766098,0.34401399,-0.26180699,-0.53259403
167.362,21940.2458,51.09708,-1.271366,-71.506325,0.34412801,-0.26010001,-0.53101301
167.3725,21940.2658,50.722065,-1.221869,-71.401802,0.342186,-0.257759,-0.530994
167.3889,21940.2859,50.448837,-0.984861,-71.475418,0.341364,-0.25521499,-0.531335
167.4087,21940.3059,50.274483,-0.828459,-71.60215,0.34068799,-0.25379199,-0.532049
167.4348,21940.3259,49.984638,-0.810931,-71.744949,0.33859199,-0.25276801,-0.53352398
167.4516,21940.346,49.603115,-0.626439,-71.956093,0.33653799,-0.25044501,-0.53513801
167.4697,21940.366,49.285717,-0.233439,-72.203064,0.33580199,-0.247177,-0.53623998
167.4909,21940.386,49.022831,0.172433,-72.393242,0.33561,-0.243903,-0.53683197
167.5134,21940.406,48.783375,0.389,-72.458084,0.33495399,-0.241578,-0.53712898
167.5413,21940.426,48.618908,0.573887,-72.488289,0.33470401,-0.239704,-0.53713697
167.5546,21940.446,48.486767,0.836913,-72.549736,0.33496299,-0.237569,-0.537049
167.5737,21940.466,48.353405,1.036898,-72.627327,0.334887,-0.23587801,-0.53725302
167.5895,21940.486,48.285233,1.07156,-72.663071,0.33454001,-0.23543601,-0.53753
167.6122,21940.5059,48.314491,0.907374,-72.605309,0.33407599,-0.236463,-0.53757399
167.6335,21940.526,48.405624,0.693307,-72.501175,0.33387101,-0.237967,-0.53733099
167.6514,21940.546,48.529572,0.662819,-72.408028,0.33471599,-0.23847701,-0.53655398
167.6703,21940.566,48.686726,0.707273,-72.362717,0.336025,-0.23879901,-0.53579301
167.6886,21940.5861,49.123936,1.028721,-72.597298,0.33983201,-0.239489,-0.53539699
167.7082,21940.6061,49.500298,1.326261,-72.840652,0.343108,-0.240088,-0.53523302
167.7447,21940.6261,49.636444,1.233477,-72.859779,0.343499,-0.241384,-0.53532797
167.7565,21940.6461,49.659203,0.888795,-72.566254,0.342655,-0.242818,-0.53443098
167.7808,21940.6662,49.781677,0.700346,-72.239395,0.343252,-0.243622,-0.53263098
167.7924,21940.6862,49.869827,0.580675,-71.966125,0.34384099,-0.243982,-0.53104401
167.81,21940.7062,49.754993,0.385722,-71.73185,0.342702,-0.24399699,-0.530375
167.8276,21940.7263,49.342281,0.210673,-71.617737,0.33948499,-0.242865,-0.53105301
167.853,21940.7463,48.564941,0.015371,-71.542267,0.333731,-0.240289,-0.53278899
167.8816,21940.7663,47.534966,-0.251947,-71.503914,0.325901,-0.237112,-0.53544199
167.8889,21940.7863,46.62822,-0.349143,-71.557335,0.31944501,-0.23366,-0.53789401
167.9423,21940.8064,46.098503,-0.06139,-71.672035,0.31711701,-0.229624,-0.538899
167.944,21940.8264,45.888706,0.384343,-71.800797,0.317592,-0.226089,-0.53892398
167.9587,21940.8464,45.69886,0.624928,-71.852806,0.31738701,-0.223767,-0.53898001
167.969,21940.8665,45.61367,0.653813,-71.793739,0.31708401,-0.223012,-0.53868699
167.9882,21940.8865,45.784878,0.652003,-71.681503,0.31840801,-0.22352199,-0.53761297
168.008,21940.9065,46.039104,0.484314,-71.521935,0.31958899,-0.225371,-0.536524
168.0313,21940.9266,46.203808,0.222822,-71.346382,0.319785,-0.22736099,-0.53577602
168.0485,21940.9466,46.176762,0.013807,-71.187706,0.31894699,-0.228156,-0.53537703
168.0709,21940.9666,46.134827,0.022507,-71.116753,0.31885499,-0.227706,-0.53497303
168.0926,21940.9866,46.182457,0.238488,-71.184303,0.32003999,-0.226706,-0.53471702
168.1168,21941.0067,46.275318,0.4822,-71.339516,0.32147601,-0.22598401,-0.53486103
168.1308,21941.0267,46.372868,0.582667,-71.550705,0.32216299,-0.22638001,-0.53575802
168.1549,21941.0468,46.479549,0.606908,-71.75885,0.322557,-0.22731,-0.53682703
168.1732,21941.0668,46.479462,0.701861,-71.990105,0.322543,-0.22734299,-0.538064
168.193,21941.0869,46.363636,0.920717,-72.131538,0.32254201,-0.22577,-0.538607
168.2161,21941.1069,46.248638,1.121413,-72.216095,0.32257599,-0.22415701,-0.538831
168.2303,21941.127,46.193806,1.210218,-72.235107,0.322602,-0.223372,-0.53881902
168.2538,21941.147,46.220684,1.268388,-72.196091,0.323125,-0.223011,-0.53834498
168.2801,21941.167,46.469566,1.347233,-72.032379,0.32542199,-0.22321799,-0.53653502
168.302,21941.1871,46.862534,1.658953,-71.81958,0.32982901,-0.222443,-0.533427
168.3308,21941.2071,47.228546,2.08626,-71.581032,0.33463401,-0.220698,-0.52984798
168.3478,21941.2271,47.474926,2.358415,-71.34687,0.33792701,-0.21939801,-0.526986
168.3494,21941.2471,47.716759,2.507784,-71.120537,0.34060401,-0.21889099,-0.52453601
168.3699,21941.2672,48.04752,2.540348,-70.846642,0.343409,-0.219413,-0.52192098
168.3912,21941.2873,48.348862,2.430029,-70.477409,0.345561,-0.220432,-0.51917398
168.4095,21941.3073,48.443657,2.314908,-70.125702,0.34632999,-0.22056399,-0.51700997
168.4312,21941.3274,48.171444,2.173075,-70.011971,0.344145,-0.219892,-0.51728398
168.4529,21941.3475,47.580757,2.103724,-70.30912,0.33943,-0.218494,-0.520715
168.4724,21941.3675,47.010902,2.586965,-70.901314,0.336822,-0.214405,-0.524405
168.4901,21941.3876,46.667324,3.60253,-71.462662,0.33822399,-0.207765,-0.52585202
168.512,21941.4076,46.51144,4.570157,-71.763145,0.341124,-0.201554,-0.52530801
168.5302,21941.4277,46.363834,4.959476,-71.696907,0.342076,-0.19808599,-0.52404898
168.55,21941.4478,46.185509,4.859529,-71.37532,0.34102899,-0.19692899,-0.52263403
168.5726,21941.4678,46.10136,4.639903,-71.016212,0.34010401,-0.19690999,-0.52110499
168.5908,21941.4879,45.972713,4.377841,-70.710876,0.33860701,-0.197127,-0.52014798
168.6097,21941.5079,45.780525,4.122353,-70.406319,0.33672601,-0.19701201,-0.519306
168.6314,21941.528,45.671768,3.983585,-70.074112,0.33596101,-0.196445,-0.517744
168.6498,21941.5481,45.671913,3.846089,-69.676117,0.33602399,-0.19619399,-0.51549798
168.6735,21941.5681,45.707096,3.597189,-69.231033,0.33590001,-0.196713,-0.51318401
168.6966,21941.5882,45.809994,3.347537,-68.782433,0.33623201,-0.197543,-0.510701
168.7122,21941.6083,46.016769,3.187149,-68.423294,0.33750001,-0.198512,-0.50833398
168.7399,21941.6283,46.276676,3.0273,-68.15361,0.338974,-0.199977,-0.506455
168.7526,21941.6483,46.544849,2.801182,-67.940445,0.340119,-0.20208199,-0.50513703
168.7731,21941.6684,46.756577,2.591638,-67.798599,0.34084499,-0.204024,-0.50436902
168.7909,21941.6884,46.826828,2.292992,-67.727783,0.340121,-0.206129,-0.504637
168.813,21941.7084,46.958946,2.111818,-67.701401,0.340244,-0.207858,-0.50472599
168.8304,21941.7285,47.24411,2.122326,-67.707085,0.34216401,-0.20909099,-0.50414401
168.8562,21941.7485,47.480419,2.194965,-67.70639,0.344044,-0.20966899,-0.50343102
168.8737,21941.7685,47.534725,2.185306,-67.753197,0.34427401,-0.21011899,-0.50365901
168.894,21941.7885,47.468399,1.895956,-67.796616,0.34248301,-0.211878,-0.50495303
168.9118,21941.8086,47.528629,1.52678,-67.87574,0.341104,-0.214843,-0.50645697
168.9346,21941.8286,47.763435,1.561695,-68.001007,0.34257099,-0.216041,-0.50670201
168.9545,21941.8486,47.844818,2.067405,-68.231384,0.34491,-0.213741,-0.50654501
168.9736,21941.8686,47.682919,2.74601,-68.582367,0.34620199,-0.209558,-0.507173
168.994,21941.8886,47.252369,2.892728,-68.818687,0.34360501,-0.207324,-0.509224
169.0243,21941.9086,46.670773,2.066559,-68.808022,0.33612499,-0.210116,-0.51282901
169.0331,21941.9286,46.414692,1.275872,-68.68985,0.33111101,-0.213856,-0.51486897
169.0552,21941.9486,46.585274,1.082992,-68.595917,0.33154699,-0.21564201,-0.51446003
169.0716,21941.9686,46.780624,1.268651,-68.562759,0.333731,-0.21520001,-0.51330698
169.0957,21941.9886,46.71843,1.48049,-68.552238,0.33428901,-0.21348,-0.51274598
169.1142,21942.0086,46.632977,1.451589,-68.507614,0.33367899,-0.213153,-0.512707
169.1297,21942.0286,46.80545,1.121246,-68.360237,0.33361599,-0.215702,-0.51234102
169.151,21942.0486,47.144367,0.586446,-68.147621,0.33387101,-0.220163,-0.51180899
169.1824,21942.0686,47.444832,0.00104,-67.990616,0.33355001,-0.224933,-0.51187903
169.1993,21942.0886,47.528568,-0.330419,-67.978073,0.33264801,-0.227465,-0.51259601
169.2173,21942.1086,47.451321,-0.250665,-68.134048,0.33218399,-0.227045,-0.513547
169.2404,21942.1286,47.383545,0.009588,-68.384155,0.33240899,-0.22574601,-0.514579
169.2538,21942.1486,47.476509,0.240101,-68.664879,0.33350599,-0.225457,-0.51557899
169.2861,21942.1685,47.665638,0.290045,-68.863396,0.33458501,-0.22656099,-0.51636398
169.3025,21942.1885,47.844978,0.254286,-68.989784,0.335352,-0.22797599,-0.51693898
169.3224,21942.2085,47.918194,0.263747,-69.111061,0.33563399,-0.22860099,-0.51756102
169.3335,21942.2285,47.896168,0.38988,-69.215599,0.33585101,-0.22797801,-0.517923
169.363,21942.2485,47.899109,0.469501,-69.214149,0.33623299,-0.22746401,-0.51767403
169.3746,21942.2685,47.948326,0.4088,-69.053391,0.33660099,-0.227614,-0.51669502
169.3915,21942.2885,48.142258,0.309513,-68.801369,0.33792901,-0.228403,-0.51493597
169.413,21942.3085,48.356113,0.126927,-68.444588,0.33922899,-0.22951099,-0.512694
169.4289,21942.3285,48.600273,-0.150393,-67.932434,0.34062999,-0.230909,-0.50965202
169.45,21942.3485,48.905838,-0.434671,-67.439117,0.34238601,-0.232664,-0.50663698
169.4761,21942.3685,49.353546,-0.645404,-67.098671,0.34511399,-0.23499499,-0.50413698
169.4894,21942.3885,49.946671,-0.516403,-66.850372,0.35011399,-0.235974,-0.500929
169.5104,21942.4085,50.445042,-0.239601,-66.591545,0.35514501,-0.235513,-0.49736699
169.5305,21942.4285,50.634514,0.114872,-66.376343,0.35837001,-0.23332299,-0.49445701
169.559,21942.4485,50.465561,0.606684,-66.317307,0.35949299,-0.229155,-0.492874
169.5807,21942.4685,50.012398,1.002558,-66.441833,0.35795999,-0.224952,-0.49340001
169.5931,21942.4885,49.482658,0.954659,-66.682083,0.35378599,-0.223701,-0.49623999
169.6149,21942.5085,49.239208,1.056864,-66.88842,0.35222,-0.222589,-0.49779701
169.6377,21942.5285,49.290527,1.790142,-67.128952,0.35527799,-0.21868999,-0.49702299
169.6517,21942.5485,49.292648,2.510808,-67.239128,0.35820499,-0.21425501,-0.495507
169.6729,21942.5684,49.135693,2.79058,-67.144081,0.35856,-0.21139599,-0.49433899
169.6902,21942.5884,49.034584,2.694888,-66.927208,0.35788301,-0.210905,-0.493411
169.7178,21942.6084,49.087074,2.465859,-66.675407,0.35770801,-0.21188,-0.49233401
169.7323,21942.6284,49.046848,2.290405,-66.482216,0.35704699,-0.212271,-0.49167699
169.7522,21942.6484,48.844296,2.234702,-66.312302,0.355784,-0.21122199,-0.491142
169.7737,21942.6684,48.681698,2.22058,-66.122643,0.354996,-0.210013,-0.49025699
169.7892,21942.6884,48.666477,2.134923,-65.872658,0.354987,-0.209746,-0.48887801
169.8113,21942.7084,48.755695,1.907815,-65.598495,0.355115,-0.21081001,-0.48755699
169.8338,21942.7284,48.870625,1.643644,-65.373611,0.35517201,-0.212386,-0.48662999
169.8487,21942.7484,48.955235,1.476984,-65.258018,0.355243,-0.213513,-0.48619801
169.8732,21942.7684,48.945744,1.479178,-65.21611,0.35526699,-0.21332701,-0.48592901
169.8942,21942.7884,48.918964,1.626603,-65.205521,0.35573301,-0.21218801,-0.48545501
169.9427,21942.8084,48.965969,1.760094,-65.322784,0.35639501,-0.21186,-0.48573199
169.9442,21942.8284,49.059147,1.855923,-65.524338,0.357048,-0.212248,-0.48659399
169.9511,21942.8484,49.323864,1.902512,-65.798782,0.35849199,-0.213945,-0.487737
169.969,21942.8684,49.750774,1.967739,-66.123543,0.36098301,-0.216392,-0.48880401
169.9895,21942.8884,50.10981,2.082394,-66.387352,0.36333799,-0.218034,-0.489434
170.0129,21942.9084,50.281734,2.167167,-66.648827,0.36433101,-0.219055,-0.49053201
170.0301,21942.9284,50.291805,1.883076,-66.698212,0.363085,-0.22114199,-0.49173999
170.0503,21942.9484,50.489449,1.516227,-66.719101,0.362766,-0.22450501,-0.49261701
170.0796,21942.9684,50.783566,1.307539,-66.829559,0.36357999,-0.227523,-0.49338099
170.0925,21942.9883,50.916874,1.26577,-66.998955,0.36393601,-0.22892,-0.49434599
170.1137,21943.0083,50.872192,1.41222,-67.253578,0.36376801,-0.228567,-0.495655
170.1323,21943.0283,50.607857,1.575238,-67.567314,0.362124,-0.22732,-0.497776
170.1554,21943.0483,50.05917,1.243343,-67.853561,0.35652301,-0.22796801,-0.50187999
170.1742,21943.0683,49.572529,0.593762,-68.076096,0.350034,-0.230763,-0.50637197
170.1934,21943.0883,49.322098,0.383066,-68.398834,0.346807,-0.232012,-0.50965297
170.2139,21943.1083,49.265598,0.800627,-68.732841,0.34762299,-0.23003,-0.51069802
170.2314,21943.1283,49.300091,1.534979,-69.046661,0.35049501,-0.22632299,-0.51044703
170.2555,21943.1483,49.309284,1.961819,-69.207809,0.352139,-0.224058,-0.510176
170.2842,21943.1683,49.329517,1.825362,-69.214676,0.35164899,-0.22506601,-0.51059598
170.3104,21943.1883,49.468037,1.439823,-69.160164,0.35093799,-0.228056,-0.51112098
170.3163,21943.2083,49.625793,1.06865,-69.070732,0.35048699,-0.23092701,-0.51133299
170.332,21943.2283,49.617149,0.778934,-68.98101,0.34931901,-0.23251,-0.51164901
170.3544,21943.2483,49.468895,0.614904,-68.944405,0.34769401,-0.232804,-0.51222098
170.376,21943.2683,49.405918,0.707513,-69.0644,0.34745401,-0.232278,-0.51285797
170.39,21943.2883,49.437462,1.062366,-69.314003,0.348744,-0.230858,-0.51334602
170.4097,21943.3083,49.521507,1.425643,-69.520096,0.350503,-0.22949301,-0.51340401
170.4339,21943.3283,49.634659,1.621495,-69.692322,0.351769,-0.229258,-0.51368302
170.4515,21943.3483,50.2006,1.384279,-69.649017,0.354453,-0.23325101,-0.51289302
170.4706,21943.3683,50.493649,1.16368,-69.718231,0.355216,-0.236233,-0.51338398
170.4968,21943.3883,50.523289,0.894624,-69.84613,0.353935,-0.23851,-0.51498199
170.5114,21943.4083,50.682884,0.764592,-70.001343,0.35405499,-0.240557,-0.51604098
170.537,21943.4283,50.91338,0.999168,-70.221413,0.35613301,-0.240771,-0.516231
170.5555,21943.4483,51.175522,1.357019,-70.379089,0.35909501,-0.24014699,-0.51554799
170.5727,21943.4682,51.46793,1.557585,-70.390938,0.36184299,-0.240227,-0.51433301
170.5903,21943.4882,51.779167,1.443526,-70.286484,0.36354101,-0.242053,-0.513313
170.616,21943.5082,52.020069,1.169737,-70.181969,0.364077,-0.244581,-0.51296198
170.6303,21943.5282,52.290543,1.110359,-70.138214,0.36563399,-0.246051,-0.51225603
170.6561,21943.5482,52.752922,1.515199,-70.195297,0.370267,-0.245728,-0.51026303
170.6869,21943.5682,53.192867,2.051091,-70.212418,0.375406,-0.24433801,-0.50760102
170.7013,21943.5882,53.277412,2.378106,-70.164101,0.377491,-0.24246299,-0.50601602
170.7129,21943.6082,53.096359,2.857348,-70.255394,0.378268,-0.238855,-0.50545597
170.7341,21943.6282,52.789875,3.084454,-70.475075,0.37687701,-0.23671199,-0.50686002
170.7591,21943.6482,52.45726,2.849635,-70.746872,0.373169,-0.237583,-0.51017702
170.7765,21943.6682,52.343681,2.913003,-71.046753,0.37211201,-0.237626,-0.51217198
170.8024,21943.6882,52.441696,3.572711,-71.278122,0.37519899,-0.234594,-0.511271
170.8204,21943.7082,52.37249,4.022404,-71.24234,0.37684,-0.23126,-0.50973499
170.8369,21943.7282,52.120853,3.888279,-70.947792,0.37525299,-0.229986,-0.50889301
170.8581,21943.7482,51.996204,3.574381,-70.601578,0.373768,-0.230304,-0.50798398
170.8698,21943.7683,51.956463,3.265744,-70.313568,0.372729,-0.23118,-0.50722098
170.8901,21943.7883,51.831993,3.11707,-70.062103,0.37178701,-0.230754,-0.50637001
170.9122,21943.8083,51.62571,3.175981,-69.79435,0.37126899,-0.228558,-0.50492698
170.9374,21943.8284,51.454185,3.156105,-69.415405,0.37083799,-0.226676,-0.50292599
170.9541,21943.8484,51.436275,2.907324,-68.911308,0.37063101,-0.226588,-0.50048202
170.9743,21943.8684,51.504303,2.437632,-68.326462,0.37018299,-0.228076,-0.49801901
170.9925,21943.8884,51.53241,2.00614,-67.735733,0.36967301,-0.229123,-0.49547699
171.0134,21943.9085,51.573994,1.699518,-67.248032,0.36959699,-0.229747,-0.49317101
171.0387,21943.9285,51.664757,1.408323,-66.767372,0.36990401,-0.230509,-0.49075001
171.0554,21943.9485,51.867142,1.058441,-66.369499,0.370536,-0.232407,-0.488823
171.0709,21943.9685,52.125294,0.666682,-66.066483,0.37117699,-0.235118,-0.48754299
171.0928,21943.9886,52.404671,0.237207,-65.844261,0.37164399,-0.238419,-0.48688099
171.1174,21944.0086,52.72435,-0.052415,-65.680611,0.372857,-0.24115001,-0.486074
171.1388,21944.0286,52.939266,-0.146952,-65.581291,0.37407801,-0.242357,-0.48527899
171.1575,21944.0487,53.066658,-0.252636,-65.530067,0.374576,-0.243421,-0.485021
171.1699,21944.0687,53.194054,-0.829774,-65.436844,0.37316799,-0.247436,-0.48602799
171.1939,21944.0887,53.359272,-1.639912,-65.399612,0.37089401,-0.253304,-0.48807701
171.2272,21944.1087,53.536438,-1.891195,-65.586693,0.37057301,-0.256286,-0.48975199
171.2349,21944.1288,53.535007,-1.36952,-65.994492,0.371887,-0.25420401,-0.49072
171.25,21944.1488,53.120178,-0.652834,-66.561974,0.37099901,-0.249621,-0.49295601
171.2787,21944.1688,52.154144,-0.29831,-67.036476,0.36519,-0.24468701,-0.496943
171.3063,21944.1889,51.097523,-0.53381,-67.308258,0.35666299,-0.242502,-0.50165701
171.3141,21944.2089,50.516739,-1.131649,-67.275543,0.350288,-0.243792,-0.50446397
171.3548,21944.2289,50.564434,-1.755955,-67.008202,0.348427,-0.247271,-0.50452203
171.36,21944.249,51.005993,-2.099192,-66.63047,0.35066,-0.25025901,-0.50223601
171.371,21944.2691,51.393894,-2.191166,-66.283386,0.35358599,-0.25144401,-0.49949399
171.3926,21944.2891,51.576885,-2.136428,-65.977921,0.35570601,-0.25091401,-0.49696901
171.4117,21944.3092,51.672356,-2.280171,-65.735054,0.356249,-0.25150299,-0.495639
171.4311,21944.3292,51.805584,-2.961169,-65.50547,0.35469601,-0.25580901,-0.49599299
171.4544,21944.3492,52.012295,-3.743543,-65.369476,0.35298899,-0.261361,-0.49713299
171.4715,21944.3693,52.118111,-4.169671,-65.386688,0.35180399,-0.26462999,-0.49836099
171.4917,21944.3893,52.017136,-4.262195,-65.500381,0.350465,-0.26516601,-0.49957001
171.5222,21944.4093,51.852718,-4.163176,-65.780106,0.34915501,-0.264696,-0.50138998
171.5353,21944.4294,51.762363,-3.994704,-66.189201,0.34834799,-0.264469,-0.50370502
171.5543,21944.4494,51.802505,-3.876657,-66.575897,0.348241,-0.265046,-0.50578302
171.5742,21944.4694,52.012211,-3.923804,-66.858063,0.348766,-0.26709101,-0.50736099
171.5949,21944.4894,52.285698,-4.081145,-67.039383,0.34945101,-0.269811,-0.50849599
171.6147,21944.5095,52.415585,-4.142617,-67.273003,0.34948301,-0.271467,-0.50994301
171.6323,21944.5295,52.335667,-3.870386,-67.617325,0.349356,-0.27042699,-0.51148099
171.6557,21944.5495,52.270611,-3.330184,-68.061806,0.350299,-0.268033,-0.51281601
171.6709,21944.5696,52.422901,-2.878006,-68.379486,0.35257801,-0.26675799,-0.51316798
171.7023,21944.5896,52.790714,-2.76913,-68.484795,0.35521799,-0.26797301,-0.512766
171.7276,21944.6096,53.185333,-2.833666,-68.484192,0.357499,-0.270087,-0.51216102
171.7368,21944.6296,53.446064,-2.850276,-68.41008,0.35929501,-0.27108401,-0.51120698
171.7533,21944.6497,53.637775,-2.617011,-68.408165,0.36158401,-0.270412,-0.51006699
171.7718,21944.6697,53.784882,-2.154891,-68.478783,0.36442599,-0.26831701,-0.50874799
171.7942,21944.6897,53.732994,-1.863081,-68.51474,0.36530101,-0.266341,-0.50815803
171.8231,21944.7098,53.491459,-1.468372,-68.626144,0.36523199,-0.26312101,-0.50812602
171.8437,21944.7298,53.010086,-1.161673,-68.90229,0.36285299,-0.259929,-0.50994998
171.8631,21944.7498,52.20208,-1.191005,-69.300957,0.35659701,-0.25781,-0.51432002
171.8798,21944.7698,51.586674,-0.743156,-69.75872,0.35361299,-0.253613,-0.51718098
171.893,21944.7899,51.35931,0.28396,-70.137192,0.355955,-0.24715,-0.51692802
171.9452,21944.8099,51.205757,0.966057,-70.170685,0.35796899,-0.242158,-0.51535797
171.947,21944.8299,50.892494,0.702908,-69.749908,0.35565799,-0.241129,-0.51414597
171.9584,21944.8499,50.638321,0.014765,-69.012337,0.35248601,-0.242172,-0.51203197
171.9708,21944.8699,50.599072,-0.62193,-68.184486,0.35114899,-0.24360199,-0.50867802
171.9944,21944.8899,50.595161,-1.18016,-67.440025,0.35023999,-0.24495301,-0.50553203
172.0178,21944.9099,50.530064,-1.404815,-66.881462,0.35001501,-0.244436,-0.502689
172.0324,21944.9299,50.448174,-1.344142,-66.48439,0.350582,-0.24247099,-0.50005603
172.057,21944.9499,50.402248,-1.449403,-66.009537,0.350822,-0.241515,-0.49733999
172.0728,21944.9699,50.532219,-1.859803,-65.385429,0.35123101,-0.242863,-0.49422699
172.094,21944.9899,50.867306,-2.317241,-64.705368,0.352954,-0.24519999,-0.490504
172.1176,21945.0099,51.256378,-2.59107,-64.143875,0.3556,-0.24688201,-0.48690999
172.1333,21945.0298,51.592041,-2.804263,-63.75034,0.35780099,-0.24844,-0.484348
172.1518,21945.0498,51.974213,-3.007158,-63.585129,0.35987201,-0.25081599,-0.48318699
172.1753,21945.0698,52.411091,-3.076978,-63.659542,0.36234599,-0.25327799,-0.48309201
172.1931,21945.0898,52.724419,-2.879317,-63.942299,0.36465099,-0.254141,-0.483742
172.2114,21945.1098,52.857998,-2.401252,-64.298355,0.36677399,-0.25267801,-0.484303
172.2422,21945.1298,52.944202,-1.883291,-64.669098,0.36872301,-0.25082001,-0.48490801
172.2691,21945.1498,53.021942,-1.611787,-65.006142,0.36965099,-0.25044599,-0.48609
172.2754,21945.1698,52.998741,-1.630553,-65.241814,0.368902,-0.251232,-0.48774099
172.2997,21945.1898,52.996174,-1.832052,-65.377266,0.36772799,-0.25297499,-0.48927999
172.3177,21945.2098,53.202751,-1.830449,-65.494507,0.368839,-0.25420201,-0.489627
172.3416,21945.2298,53.476688,-1.578828,-65.634285,0.37140799,-0.25415501,-0.48917201
172.3577,21945.2498,53.650734,-1.309322,-65.874878,0.373169,-0.25391001,-0.48950699
172.3706,21945.2698,53.503036,-0.950326,-66.273972,0.37285599,-0.252249,-0.491243
172.3916,21945.2898,52.884727,-0.78212,-66.753746,0.36848399,-0.250076,-0.495116
172.4155,21945.3098,51.972614,-1.014669,-67.302979,0.36030701,-0.24941701,-0.50132602
172.432,21945.3298,51.300232,-1.334566,-67.808907,0.353392,-0.250159,-0.50699002
172.4517,21945.3498,51.116718,-1.383903,-68.264519,0.35097501,-0.25107899,-0.51047498
172.4829,21945.3698,51.083801,-1.300221,-68.616371,0.350362,-0.25146899,-0.512568
172.4927,21945.3898,50.796494,-1.484446,-68.736588,0.34739599,-0.251762,-0.51449299
172.5157,21945.4098,50.470058,-1.787251,-68.754845,0.34385899,-0.25233999,-0.51618201
172.5376,21945.4297,50.401104,-1.877974,-68.781456,0.34294,-0.25270399,-0.51676399
172.5539,21945.4497,50.486866,-2.109966,-68.839966,0.342325,-0.25475901,-0.51766598
172.5736,21945.4697,50.515759,-2.439441,-68.920029,0.34084499,-0.257256,-0.51910901
172.5987,21945.4897,50.439827,-2.5541,-69.05854,0.33951601,-0.258073,-0.52049297
172.6156,21945.5097,50.339916,-2.420062,-69.318459,0.33888701,-0.25753599,-0.52196997
172.6319,21945.5297,50.305092,-2.160526,-69.658714,0.33908001,-0.256715,-0.52346498
172.6559,21945.5497,50.35976,-1.889562,-69.990875,0.33993199,-0.256199,-0.52469099
172.6715,21945.5697,50.475376,-1.786586,-70.21608,0.34065101,-0.256724,-0.52559799
172.6934,21945.5897,50.564079,-2.00668,-70.317024,0.33998901,-0.25883499,-0.52671897
172.7171,21945.6097,50.610241,-2.355211,-70.396431,0.33850399,-0.26151001,-0.528166
172.7328,21945.6297,50.643707,-2.508647,-70.57589,0.33760199,-0.26317099,-0.52969903
172.7524,21945.6497,50.770149,-2.232016,-70.875374,0.33901301,-0.262858,-0.53053802
172.7732,21945.6697,50.999207,-1.750829,-71.214249,0.341943,-0.26183301,-0.53079498
172.7907,21945.6897,51.314655,-1.312055,-71.482903,0.345388,-0.261282,-0.530523
172.8141,21945.7097,51.600517,-1.151439,-71.666496,0.34754199,-0.26212099,-0.53059
172.834,21945.7297,51.799274,-1.067214,-71.859016,0.34876001,-0.26308101,-0.531124
172.8541,21945.7497,51.95789,-0.929563,-72.01944,0.35003999,-0.26342499,-0.53137302
172.8719,21945.7697,52.19833,-0.441834,-72.186516,0.35344401,-0.261958,-0.53039998
172.8937,21945.7897,52.47525,0.290507,-72.402275,0.35809001,-0.259276,-0.52886301
172.9135,21945.8097,52.631096,0.878438,-72.616219,0.361301,-0.256955,-0.528009
172.9399,21945.8297,52.616009,1.363331,-72.828659,0.362966,-0.25448999,-0.52785498
172.9601,21945.8496,52.442219,1.643466,-73.121391,0.36252201,-0.25283,-0.52923203
172.9734,21945.8696,52.164867,1.565987,-73.550316,0.35948199,-0.25336099,-0.53284597
172.9908,21945.8896,52.075275,1.825932,-74.072876,0.35898101,-0.25293601,-0.53553897
173.0155,21945.9096,52.175797,2.715856,-74.54702,0.36272401,-0.249311,-0.53547502
173.0347,21945.9296,52.223045,3.51489,-74.738945,0.36633,-0.245121,-0.53402299
173.0623,21945.9496,52.00639,3.62666,-74.551552,0.365915,-0.242768,-0.53302997
173.0766,21945.9696,51.698837,3.195321,-74.112068,0.362939,-0.24261101,-0.53239
173.0915,21945.9896,51.556736,2.771653,-73.671089,0.36102399,-0.24322,-0.53128201
173.1105,21946.0096,51.527866,2.538024,-73.367416,0.36040699,-0.24360999,-0.53016001
173.133,21946.0296,51.475262,2.422262,-73.169151,0.35996401,-0.24347199,-0.52938998
173.1524,21946.0496,51.392113,2.518128,-73.027657,0.360185,-0.24202199,-0.52838701
173.1738,21946.0696,51.339054,2.668751,-72.922798,0.36076701,-0.240481,-0.527372
173.1963,21946.0896,51.265076,2.568984,-72.721489,0.360266,-0.240134,-0.52657801
173.2201,21946.1096,51.217579,2.239439,-72.416588,0.35909399,-0.24105801,-0.52577698
173.2414,21946.1296,51.318699,1.959853,-72.092369,0.359135,-0.242304,-0.52434301
173.2593,21946.1496,51.646404,1.756211,-71.775726,0.36094999,-0.244141,-0.52219403
173.2899,21946.1696,52.065376,1.547421,-71.535439,0.36316699,-0.24665999,-0.52034301
173.3174,21946.1896,52.394524,1.247135,-71.33577,0.36432201,-0.24946301,-0.51925701
173.3209,21946.2096,52.581528,0.931253,-71.213005,0.36434501,-0.25194699,-0.51904601
173.3561,21946.2296,52.642544,0.660062,-71.175468,0.36358601,-0.25383601,-0.51952797
173.357,21946.2496,52.719162,0.4132,-71.189186,0.36292201,-0.25580201,-0.52022302
173.3738,21946.2696,52.975597,0.247991,-71.277992,0.36359999,-0.258304,-0.52072698
173.3918,21946.2897,53.276691,-0.053315,-71.361092,0.36395001,-0.26185,-0.52152401
173.413,21946.3098,53.397202,-0.36926,-71.366692,0.363262,-0.264415,-0.52228802
173.4344,21946.3298,53.379845,-0.336286,-71.523285,0.362941,-0.264624,-0.52321303
173.4572,21946.3499,53.260536,-0.00318,-71.833893,0.36299399,-0.262959,-0.52439302
173.4753,21946.37,52.953266,0.50625,-72.215027,0.36252099,-0.259534,-0.52589798
173.4949,21946.39,52.254173,0.578102,-72.499023,0.35780501,-0.256733,-0.52908498
173.5159,21946.4101,51.299294,-0.093675,-72.555641,0.34852299,-0.25672299,-0.53367901
173.5345,21946.4301,50.709183,-0.793646,-72.594017,0.341414,-0.25853199,-0.53732699
173.5593,21946.4502,50.77597,-0.732791,-72.739571,0.34179601,-0.25889099,-0.53792298
173.579,21946.4703,50.668049,-0.598601,-72.600334,0.34205201,-0.25712299,-0.53687501
173.593,21946.4903,50.091999,-0.746909,-72.255295,0.33845001,-0.25436401,-0.53636402
173.6154,21946.5104,49.362206,-1.165815,-72.067123,0.33221999,-0.25310099,-0.53792697
173.6332,21946.5304,48.985023,-1.605944,-72.144165,0.32754901,-0.25438699,-0.54046297
173.6565,21946.5505,49.050495,-1.931799,-72.374756,0.32591599,-0.25742701,-0.54272997
173.6788,21946.5706,49.319279,-1.95949,-72.657578,0.32687601,-0.259657,-0.54405999
173.694,21946.5906,49.343075,-1.840908,-72.892036,0.327061,-0.259684,-0.54516101
173.7174,21946.6107,49.090702,-1.676071,-73.093971,0.32577199,-0.25803301,-0.54649299
173.7375,21946.6308,48.877598,-1.573223,-73.306786,0.32442001,-0.25698501,-0.54799199
173.7631,21946.6508,48.972149,-1.670969,-73.5112,0.32409701,-0.258627,-0.54936802
173.7823,21946.6709,49.317677,-1.939924,-73.638496,0.324725,-0.26231399,-0.55021799
173.7963,21946.6909,49.694767,-2.129884,-73.751869,0.325957,-0.265605,-0.55068803
173.8226,21946.711,49.912678,-2.236515,-73.911766,0.32646,-0.26775399,-0.55154198
173.842,21946.7311,49.972641,-2.254764,-74.076477,0.326368,-0.26862001,-0.55250198
173.8568,21946.7511,49.91964,-2.196346,-74.247253,0.32591301,-0.26848999,-0.55351698
173.8748,21946.7712,49.954845,-1.90713,-74.412567,0.32714701,-0.26731601,-0.55365402
173.8946,21946.7913,50.254391,-1.42622,-74.544426,0.331056,-0.26610401,-0.55245602
173.9369,21946.8113,50.749638,-1.164232,-74.61998,0.335264,-0.267037,-0.551085
173.9403,21946.8313,51.279675,-1.118044,-74.628944,0.338797,-0.26929,-0.54983097
173.957,21946.8514,51.694824,-0.992505,-74.585114,0.34210601,-0.27034301,-0.54825503
173.9759,21946.8714,51.989128,-0.630833,-74.572823,0.345705,-0.269447,-0.546426
173.9925,21946.8914,52.070366,-0.114419,-74.608955,0.34858701,-0.26672399,-0.5449
174.0135,21946.9114,51.868927,0.299976,-74.664871,0.34917101,-0.263349,-0.54445499
174.0338,21946.9314,51.45874,0.503953,-74.771469,0.34733999,-0.26043901,-0.54545701
174.0559,21946.9514,50.887074,0.280339,-75.016151,0.34214899,-0.25983301,-0.54898298
174.0722,21946.9714,50.515266,0.302889,-75.356819,0.339165,-0.25891301,-0.55190003
174.0992,21946.9914,50.488884,1.101137,-75.721367,0.34202799,-0.254877,-0.55186802
174.117,21947.0114,50.47411,1.984593,-75.923851,0.34573999,-0.24988399,-0.55051899
174.1385,21947.0314,50.262379,2.176364,-75.810333,0.345597,-0.2473,-0.54973602
174.1569,21947.0514,50.106575,1.909882,-75.56723,0.343878,-0.24747901,-0.54938197
174.1741,21947.0713,50.174843,1.628212,-75.264923,0.34360799,-0.248676,-0.54816502
174.1949,21947.0913,50.302509,1.317084,-74.891884,0.34373,-0.250135,-0.54645199
174.2182,21947.1113,50.389122,1.047251,-74.595901,0.34363401,-0.25136501,-0.545196
174.2398,21947.1313,50.464386,1.022543,-74.452278,0.34430301,-0.25145099,-0.544191
174.2575,21947.1513,50.487499,1.11028,-74.391724,0.34499699,-0.25082701,-0.54349202
174.2818,21947.1713,50.46056,1.129365,-74.333931,0.345045,-0.25040299,-0.54313201
174.299,21947.1913,50.440853,1.051953,-74.248177,0.344742,-0.250539,-0.54286897
174.3154,21947.2113,50.565472,0.93584,-74.049927,0.34540901,-0.25127199,-0.54167998
174.3394,21947.2313,50.843826,0.606359,-73.77018,0.34621999,-0.25383401,-0.54026997
174.3581,21947.2513,51.117931,0.201391,-73.533859,0.34656501,-0.256973,-0.539379
174.3743,21947.2713,51.253845,-0.112724,-73.36792,0.34631801,-0.25909299,-0.538975
174.397,21947.2913,51.350937,-0.358492,-73.301826,0.345925,-0.26089901,-0.539083
174.412,21947.3113,51.451664,-0.525711,-73.299812,0.345779,-0.262418,-0.53934997
174.4333,21947.3313,51.49588,-0.802654,-73.246101,0.34487799,-0.26420599,-0.53974801
174.4537,21947.3513,51.592754,-1.110378,-73.266487,0.34399301,-0.26665401,-0.54058701
174.4737,21947.3713,51.775238,-1.422548,-73.384323,0.34339699,-0.26981601,-0.541861
174.4954,21947.3913,52.081818,-1.484386,-73.56852,0.344605,-0.27218199,-0.54252303
174.5165,21947.4113,52.496231,-1.217415,-73.632065,0.34832701,-0.27263701,-0.54118901
174.5327,21947.4313,52.847752,-1.025852,-73.505409,0.35174099,-0.27269,-0.53902
174.558,21947.4513,53.006897,-0.979434,-73.301964,0.353443,-0.272513,-0.53724599
174.5788,21947.4713,53.00742,-0.683389,-73.259613,0.35493299,-0.27053401,-0.53606498
174.5946,21947.4912,52.848022,-0.468413,-73.333916,0.354763,-0.26867801,-0.53622901
174.6236,21947.5112,52.381248,-1.074369,-73.186974,0.34933001,-0.269853,-0.53822798
174.6391,21947.5312,51.936256,-1.982357,-72.910309,0.34289601,-0.27265099,-0.54021502
174.6595,21947.5512,51.926823,-2.197426,-72.839005,0.34199199,-0.273743,-0.54043102
174.6773,21947.5712,52.026333,-1.856275,-73.025841,0.34378701,-0.27262199,-0.54036599
174.6979,21947.5912,51.7533,-1.670486,-73.25029,0.34240201,-0.27086699,-0.54181099
174.7195,21947.6112,51.322842,-1.757868,-73.35701,0.339008,-0.269732,-0.54367399
174.7344,21947.6312,51.115623,-1.894149,-73.375664,0.33700201,-0.269678,-0.54463899
174.7669,21947.6512,51.094372,-2.40565,-73.29557,0.33462301,-0.272553,-0.545681
174.7797,21947.6712,51.07637,-3.138246,-73.165092,0.331328,-0.27667901,-0.54702997
174.8038,21947.6912,51.053043,-3.582082,-73.128464,0.32914701,-0.27924299,-0.54812801
174.8204,21947.7112,50.972244,-3.592689,-73.278175,0.328215,-0.279367,-0.54925901
174.8339,21947.7312,50.848354,-3.334715,-73.580566,0.32792699,-0.27804899,-0.55066299
174.8546,21947.7512,50.785934,-2.967364,-74.026794,0.32821801,-0.27674499,-0.55252498
174.883,21947.7712,50.832199,-2.717894,-74.503532,0.328565,-0.27677399,-0.554681
174.8963,21947.7912,51.002781,-2.693142,-74.95253,0.32867399,-0.278712,-0.55703402
174.9153,21947.8112,51.223782,-2.648891,-75.394402,0.32920101,-0.280752,-0.55916399
174.9376,21947.8312,51.342491,-2.516007,-75.805756,0.32958499,-0.28167999,-0.561059
174.9548,21947.8512,51.357468,-2.281942,-76.104919,0.330091,-0.28117299,-0.56219202
174.9746,21947.8712,51.499962,-1.96278,-76.342232,0.331963,-0.28058201,-0.56241101
174.9965,21947.8911,51.841755,-1.552287,-76.570885,0.335538,-0.28037599,-0.56184602
175.0147,21947.9111,52.26955,-1.229899,-76.797882,0.339205,-0.28113601,-0.56130201
175.0341,21947.9311,52.615482,-1.079273,-77.001999,0.34156999,-0.28249601,-0.56129301
175.0615,21947.9511,52.754684,-1.018725,-77.145859,0.34236601,-0.28323001,-0.56166101
175.0743,21947.9711,52.909946,-0.62718,-77.342171,0.344751,-0.28218901,-0.56131297
175.0949,21947.9911,53.141708,0.105307,-77.688499,0.34889999,-0.27991199,-0.56064099
175.12,21948.0111,53.320492,1.057296,-78.178001,0.35345,-0.27650601,-0.56025398
175.1409,21948.0311,53.307148,1.911057,-78.695297,0.35630599,-0.272856,-0.56078601
175.1566,21948.0512,52.822578,1.990094,-79.04615,0.35295999,-0.271034,-0.56392097
175.1775,21948.0712,51.997482,1.417711,-79.271355,0.34464899,-0.27104199,-0.56913
175.1958,21948.0912,51.499409,1.266188,-79.463371,0.340446,-0.270022,-0.57199502
175.2181,21948.1113,51.532673,1.883834,-79.631699,0.34333199,-0.26694101,-0.571091
175.2358,21948.1313,51.705254,2.608728,-79.628365,0.34797701,-0.263401,-0.56844401
175.2578,21948.1513,51.619556,2.709484,-79.312714,0.34868601,-0.26139101,-0.56643403
175.2881,21948.1713,51.478451,2.321678,-78.878807,0.34691399,-0.261729,-0.565319
175.3149,21948.1914,51.527664,1.788814,-78.4767,0.345507,-0.26402399,-0.56434399
175.3243,21948.2114,51.593315,1.307853,-78.082291,0.34445101,-0.266112,-0.56321299
175.3435,21948.2314,51.518047,1.076342,-77.773666,0.343573,-0.266231,-0.562199
175.3544,21948.2515,51.458851,1.130116,-77.561989,0.34396601,-0.264972,-0.56088102
175.3809,21948.2715,51.49728,1.20195,-77.392609,0.34494299,-0.264211,-0.55952901
175.3928,21948.2915,51.520401,1.048797,-77.21022,0.344758,-0.26471999,-0.55881
175.419,21948.3115,51.528896,0.784449,-77.045746,0.34390199,-0.26589701,-0.55857003
175.4396,21948.3316,51.622532,0.601708,-76.852432,0.34403601,-0.26690301,-0.557702
175.4569,21948.3516,51.804924,0.666813,-76.686157,0.34586,-0.266893,-0.55604303
175.4786,21948.3716,51.941872,0.717613,-76.564903,0.34722999,-0.266882,-0.55481201
175.4932,21948.3917,52.085526,0.573617,-76.547897,0.34745499,-0.268419,-0.55479801
175.517,21948.4117,52.324398,0.360306,-76.565437,0.347848,-0.27094901,-0.55497903
175.5467,21948.4317,52.560993,0.158636,-76.542305,0.34837899,-0.27326801,-0.55488098
175.5566,21948.4517,52.632862,-0.020575,-76.418884,0.348248,-0.27434301,-0.55449498
175.5859,21948.4718,52.679878,0.122498,-76.5364,0.348948,-0.27404901,-0.55466902
175.6091,21948.4918,52.68964,0.28754,-76.717232,0.34937501,-0.27363399,-0.55525303
175.6133,21948.5118,52.55579,-0.013248,-76.671875,0.347204,-0.274692,-0.55621099
175.6357,21948.5319,52.351913,-0.503071,-76.581215,0.343788,-0.276436,-0.557616
175.6578,21948.5519,51.914436,-0.627087,-76.713638,0.34016901,-0.275473,-0.55982602
175.6732,21948.5719,51.076939,-0.215541,-77.056328,0.33620599,-0.26987001,-0.56267297
175.6967,21948.5919,50.052002,0.308236,-77.481079,0.33148199,-0.26282799,-0.56615299
175.718,21948.612,49.227425,0.474199,-77.869873,0.32633901,-0.25881499,-0.56998998
175.7342,21948.632,48.938679,0.037454,-78.003944,0.32207701,-0.26044899,-0.572716
175.7543,21948.652,48.995533,-0.503276,-78.068314,0.319574,-0.264247,-0.574498
175.7767,21948.672,49.124603,-0.902192,-78.161438,0.31815299,-0.26760301,-0.57589102
175.793,21948.692,49.22533,-1.090466,-78.305183,0.31749099,-0.26965901,-0.57707
175.8139,21948.7119,49.205879,-1.024917,-78.417931,0.31743601,-0.26947299,-0.57762301
175.8413,21948.7319,49.041267,-0.745764,-78.512489,0.31760699,-0.26720101,-0.57779902
175.8541,21948.7519,48.861679,-0.611826,-78.586899,0.31700301,-0.26568499,-0.57828897
175.8757,21948.7719,48.863808,-0.829941,-78.621185,0.315835,-0.267129,-0.57909697
175.8952,21948.7919,49.083515,-1.218442,-78.75412,0.31491101,-0.270973,-0.58048803
175.917,21948.8119,49.207657,-1.479342,-78.891899,0.31402501,-0.27356499,-0.58176798
175.9779,21948.8319,49.182968,-1.415829,-79.063179,0.31378701,-0.27352399,-0.58269298
175.9805,21948.8519,49.167847,-1.132794,-79.311859,0.314542,-0.27240601,-0.58346498
175.9819,21948.872,49.245316,-0.983445,-79.497925,0.31533501,-0.27239999,-0.58401102
175.9991,21948.892,49.449978,-0.943373,-79.63871,0.31645501,-0.27357799,-0.58428901
176.0163,21948.912,49.756615,-0.976219,-79.688766,0.318039,-0.275464,-0.58398002
176.0339,21948.9321,50.088898,-0.87719,-79.771156,0.32036901,-0.27677199,-0.583435
176.0586,21948.9521,50.253536,-0.656951,-79.888229,0.32220799,-0.2766,-0.58314103
176.0794,21948.9722,50.379826,-0.480343,-79.923256,0.32378799,-0.27627099,-0.58255798
176.0993,21948.9922,50.761982,-0.376893,-79.825363,0.32686499,-0.27729899,-0.58076698
176.1159,21949.0123,51.412735,-0.226437,-79.69268,0.331884,-0.27928999,-0.57797402
176.1404,21949.0323,52.072945,-0.171814,-79.585854,0.33640501,-0.281966,-0.57556802
176.1577,21949.0524,52.557423,-0.240602,-79.469841,0.339266,-0.28446299,-0.57388598
176.1799,21949.0725,52.948421,-0.282688,-79.305923,0.341818,-0.28617799,-0.57206303
176.1967,21949.0925,53.316994,0.124205,-79.213188,0.34629199,-0.28528801,-0.569368
176.2185,21949.1126,53.50906,0.869674,-79.188225,0.35120001,-0.28168401,-0.56646401
176.2345,21949.1326,53.519459,1.674432,-79.198387,0.355207,-0.27691299,-0.56401801
176.2563,21949.1527,53.467308,2.144648,-79.209953,0.35718,-0.273844,-0.56276202
176.2823,21949.1728,53.0895,1.689088,-79.041924,0.35308599,-0.27418599,-0.56413603
176.3054,21949.1928,52.463417,0.439655,-78.618431,0.344172,-0.277347,-0.56694698
176.3345,21949.2129,52.121975,0.007679,-78.296616,0.34074301,-0.27731499,-0.56711799
176.3395,21949.233,52.122822,0.915079,-78.245644,0.34534901,-0.27164,-0.564089
176.3586,21949.253,52.26062,1.824484,-78.232803,0.35067701,-0.26673201,-0.56090498
176.379,21949.2731,52.50845,1.990214,-78.161026,0.35315001,-0.266734,-0.55932999
176.3965,21949.2931,52.755165,1.714661,-77.938011,0.35381699,-0.268958,-0.558191
176.4172,21949.3132,52.925453,1.282887,-77.389175,0.35404199,-0.27074599,-0.55573797
176.4408,21949.3333,53.025543,0.815473,-76.694878,0.35403499,-0.27195799,-0.55267602
176.4581,21949.3533,53.109352,0.466627,-76.127083,0.35421899,-0.27275401,-0.55005801
176.4765,21949.3734,53.144123,0.194901,-75.713905,0.35411501,-0.27331799,-0.54826802
176.4965,21949.3935,53.072113,0.061923,-75.422859,0.35372901,-0.27289501,-0.54705501
176.5254,21949.4135,52.976105,0.073015,-75.270027,0.35355201,-0.27189699,-0.546305
176.5413,21949.4336,53.000538,0.072838,-75.144913,0.35399899,-0.27162799,-0.54547298
176.5698,21949.4536,53.156982,0.047209,-75.02327,0.35513401,-0.27215499,-0.54442698
176.5895,21949.4736,53.315231,-0.037683,-74.891174,0.35602501,-0.273022,-0.54349601
176.5992,21949.4937,53.441395,-0.021535,-74.742188,0.35723799,-0.273056,-0.54222298
176.6194,21949.5137,53.573231,0.153511,-74.735382,0.35889801,-0.27257401,-0.54131901
176.6377,21949.5337,53.676491,0.430521,-74.917076,0.36041301,-0.271918,-0.54132599
176.6573,21949.5537,53.71312,0.445957,-74.958794,0.36061299,-0.27212799,-0.54144698
176.6791,21949.5737,53.722755,0.154712,-74.777962,0.359727,-0.27340701,-0.54122001
176.705,21949.5937,53.870457,-0.284669,-74.44175,0.35937399,-0.27576801,-0.54016501
176.7233,21949.6137,54.25349,-0.744471,-74.054146,0.36052701,-0.27918699,-0.53830498
176.7373,21949.6337,55.249725,-1.110504,-74.163895,0.36471799,-0.28641701,-0.537781
176.755,21949.6537,55.880627,-1.691163,-74.206383,0.36578801,-0.29302299,-0.53839201
176.776,21949.6737,55.858685,-2.154262,-74.052162,0.36387101,-0.295261,-0.53897601
176.798,21949.6937,55.361206,-2.550986,-73.819016,0.35951099,-0.29467601,-0.53995699
176.8171,21949.7137,54.933624,-3.062127,-73.618744,0.35494399,-0.29523399,-0.54129398
176.8361,21949.7337,54.710327,-3.919761,-73.78746,0.34903899,-0.299988,-0.54545701
176.8581,21949.7537,54.044258,-5.126122,-73.96479,0.338604,-0.30486399,-0.55159098
176.8741,21949.7737,52.853554,-5.983365,-74.09214,0.326579,-0.30506501,-0.557307
176.8962,21949.7937,51.979477,-6.625613,-74.253578,0.31744999,-0.30546901,-0.56182599
176.9196,21949.8137,51.984299,-7.328309,-74.484383,0.31340501,-0.31040999,-0.56515801
176.936,21949.8337,52.270813,-8.328564,-74.628372,0.309892,-0.31816599,-0.56821001
176.9572,21949.8537,52.195568,-9.697395,-74.684402,0.302441,-0.32622901,-0.57234299
176.9794,21949.8737,51.687725,-11.010713,-74.98613,0.29172099,-0.332614,-0.57844597
176.9962,21949.8937,50.958092,-12.014073,-75.616776,0.28009099,-0.33690301,-0.585931
177.0171,21949.9137,50.18634,-12.894245,-76.544777,0.26785201,-0.340855,-0.59477901
177.0358,21949.9337,49.447346,-13.583703,-77.644791,0.256219,-0.34405199,-0.60398299
177.0562,21949.9536,48.688473,-13.982914,-78.790184,0.245805,-0.34537601,-0.61270899
177.0759,21949.9736,47.879551,-14.205091,-80.007133,0.23579501,-0.34541199,-0.62145799
177.1007,21949.9936,47.024826,-14.378052,-81.594086,0.224663,-0.34548801,-0.63221902
177.1183,21950.0136,46.095203,-14.667245,-83.269394,0.212172,-0.34576201,-0.64369702
177.1387,21950.0336,45.329437,-15.696873,-84.69001,0.197258,-0.350263,-0.65464401
177.1574,21950.0536,44.874317,-17.158052,-85.917091,0.182237,-0.35809401,-0.66450101
177.177,21950.0736,44.64724,-18.49962,-87.018585,0.16952901,-0.365949,-0.67287302
177.1983,21950.0936,44.527363,-19.64658,-88.152252,0.158364,-0.373115,-0.68075502
177.2223,21950.1136,44.326984,-20.635164,-89.397881,0.147148,-0.37896401,-0.68890399
177.2367,21950.1336,43.979275,-21.192993,-90.936668,0.136564,-0.38195401,-0.69801998
177.2558,21950.1536,43.473083,-21.328693,-92.787918,0.12653901,-0.38208801,-0.70826298
177.2828,21950.1736,43.024017,-21.352051,-94.858658,0.116849,-0.38197199,-0.71924001
177.2959,21950.1936,42.794479,-21.271187,-97.049881,0.108724,-0.38246199,-0.73021197
177.3272,21950.2136,42.766445,-21.082853,-99.296669,0.102265,-0.38347,-0.74083698
177.3396,21950.2336,42.723156,-20.817776,-101.633461,0.095925,-0.384004,-0.75157702
177.3561,21950.2536,42.590973,-20.482473,-104.009979,0.089462,-0.383623,-0.76230597
177.3769,21950.2736,42.49765,-20.061241,-106.429756,0.083694,-0.383028,-0.772829
177.4003,21950.2937,42.533474,-19.376085,-108.815254,0.080566,-0.382016,-0.78252
177.4231,21950.3137,42.565758,-18.622726,-111.1884,0.078006,-0.38071701,-0.79184198
177.4382,21950.3337,42.517559,-18.031044,-113.649162,0.07372,-0.37964401,-0.80149698
177.4597,21950.3537,42.365021,-17.654089,-116.14537,0.06739,-0.378714,-0.81132501
177.4759,21950.3738,42.12381,-17.458408,-118.558594,0.059711,-0.377716,-0.82080501
177.4955,21950.3938,41.981491,-17.198463,-120.699677,0.053898,-0.376874,-0.82876498
177.5204,21950.4138,42.03318,-16.825211,-122.563759,0.050702,-0.37676099,-0.83505601
177.5405,21950.4339,42.096127,-16.369303,-124.211197,0.048887,-0.376349,-0.84036201
177.5576,21950.4539,42.028305,-16.000965,-125.738266,0.046309,-0.37528399,-0.845451
177.5772,21950.4739,41.987812,-15.723778,-127.094398,0.043759,-0.374632,-0.84984303
177.5951,21950.4939,42.220516,-15.477043,-128.322678,0.042486,-0.37595299,-0.853113
177.6343,21950.514,42.644836,-15.117681,-129.461243,0.043055,-0.37827399,-0.85550702
177.6498,21950.534,43.095715,-14.716002,-130.562607,0.044114,-0.380689,-0.85759801
177.6666,21950.554,43.45393,-14.253767,-131.658279,0.045255,-0.382312,-0.85977203
177.68,21950.5741,43.714504,-13.749241,-132.839859,0.046042,-0.38319701,-0.86232901
177.7026,21950.5941,43.88335,-13.417886,-134.156509,0.044728,-0.38400599,-0.86547297
177.7258,21950.6141,43.963364,-13.250925,-135.4561,0.041908,-0.38462201,-0.86875898
177.7406,21950.6341,44.003342,-13.155787,-136.583984,0.038977,-0.385059,-0.87162101
177.7586,21950.6542,44.121769,-13.058116,-137.438751,0.037235,-0.385959,-0.87348998
177.7777,21950.6742,44.433311,-12.493759,-138.22818,0.039883,-0.387081,-0.87446201
177.7972,21950.6942,44.687225,-11.551928,-139.121323,0.044861,-0.386924,-0.87564999
177.8234,21950.7143,44.781197,-10.546574,-140.055786,0.04969,-0.38552001,-0.87728101
177.8367,21950.7343,44.753464,-9.764923,-140.959244,0.052565,-0.38381001,-0.879215
177.8592,21950.7543,44.685719,-9.344682,-141.689041,0.053154,-0.38262901,-0.88097101
177.9144,21950.7743,44.685879,-9.286882,-142.197769,0.0519,-0.382727,-0.88214803
177.9182,21950.7944,44.660091,-9.564223,-142.473999,0.048767,-0.38330299,-0.88299102
177.9199,21950.8144,44.562992,-10.015629,-142.545288,0.044772,-0.38364699,-0.883623
177.9377,21950.8344,44.532494,-10.639524,-142.482086,0.040085,-0.38483101,-0.88379598
177.9557,21950.8544,44.533966,-11.372237,-142.313202,0.035007,-0.38646501,-0.883645
177.9756,21950.8744,44.566925,-12.123475,-142.165314,0.029811,-0.38838199,-0.88342702
178.0044,21950.8944,44.742443,-12.677524,-142.235825,0.025816,-0.390964,-0.883223
178.0219,21950.9144,45.045494,-12.813498,-142.610748,0.024373,-0.39361301,-0.88322699
178.0358,21950.9344,45.278458,-12.6611,-143.207443,0.02417,-0.39514601,-0.88383502
178.0593,21950.9544,45.197212,-12.436588,-144.079681,0.022668,-0.39423299,-0.88589901
178.0747,21950.9744,44.76112,-12.010491,-145.239761,0.020789,-0.39027601,-0.88951403
178.0967,21950.9944,44.175827,-11.552254,-146.521072,0.01845,-0.38512599,-0.893736
178.1199,21951.0144,43.582813,-11.203165,-147.776459,0.015453,-0.380097,-0.89786601
178.1402,21951.0344,43.030727,-10.860391,-148.87056,0.013157,-0.375339,-0.90149301
178.1568,21951.0544,42.76614,-10.376209,-149.68129,0.013683,-0.37249199,-0.90369999
178.1892,21951.0744,42.62883,-9.75785,-150.308456,0.016206,-0.37038001,-0.90516001
178.201,21951.0944,42.528637,-9.286688,-150.762283,0.018234,-0.368819,-0.90619701
178.2213,21951.1144,42.562572,-9.124497,-151.055679,0.01865,-0.36884001,-0.90659797
178.239,21951.1344,42.755474,-9.296663,-151.192825,0.017283,-0.37066799,-0.90630901
178.2621,21951.1544,42.982716,-9.693297,-151.293777,0.014334,-0.37314501,-0.90587902
178.2824,21951.1743,43.159855,-10.122582,-151.499222,0.010671,-0.37528601,-0.90576398
178.2975,21951.1943,43.234951,-10.397951,-151.846878,0.007523,-0.37636501,-0.906156
178.3213,21951.2143,43.299412,-10.418428,-152.237595,0.006221,-0.37692299,-0.90662098
178.338,21951.2343,43.489777,-10.235594,-152.613556,0.006849,-0.378124,-0.90666699
178.3599,21951.2544,43.757938,-10.064753,-152.967682,0.007613,-0.37995499,-0.90643299
178.3771,21951.2744,43.984859,-9.932788,-153.285675,0.008088,-0.381531,-0.90625203
178.3973,21951.2944,44.150898,-9.830115,-153.57843,0.008277,-0.38268101,-0.90620703
178.4197,21951.3144,44.244663,-9.714,-153.841309,0.008514,-0.38324901,-0.90632403
178.441,21951.3345,44.323032,-9.531038,-154.041077,0.009456,-0.38359201,-0.90638
178.4582,21951.3545,44.373314,-9.397001,-154.250534,0.009919,-0.38379499,-0.90653801
178.4815,21951.3745,44.292023,-9.194097,-154.434097,0.010744,-0.38286799,-0.90704799
178.4993,21951.3946,44.136173,-9.01437,-154.521088,0.01156,-0.38138601,-0.90763903
178.5167,21951.4146,44.073479,-8.886986,-154.503265,0.012501,-0.38069999,-0.90778899
178.5393,21951.4346,44.230587,-8.727415,-154.385284,0.014476,-0.38166699,-0.90710998
178.5569,21951.4546,44.615582,-8.602007,-154.137894,0.017079,-0.38444099,-0.90552598
178.5762,21951.4747,45.115543,-8.667667,-153.771393,0.018825,-0.388376,-0.903413
178.5979,21951.4947,45.625237,-8.791707,-153.391693,0.020204,-0.39246199,-0.90123802
178.6203,21951.5147,46.110779,-8.783627,-153.167221,0.022062,-0.396164,-0.89934498
178.6399,21951.5348,46.51754,-8.462822,-153.172134,0.025418,-0.39879099,-0.89798999
178.6588,21951.5548,46.776077,-7.927623,-153.425232,0.029268,-0.399988,-0.89743602
178.6771,21951.5748,46.827156,-7.25811,-153.903931,0.032947,-0.39944401,-0.897852
178.6972,21951.5948,46.611004,-6.746874,-154.509827,0.03442,-0.39714,-0.89936298
178.7308,21951.6149,46.068745,-6.832727,-155.15509,0.030466,-0.39324099,-0.902143
178.7425,21951.6349,45.528809,-6.998014,-155.878616,0.025665,-0.389456,-0.905002
178.7567,21951.6549,45.248253,-6.288905,-156.7453,0.027821,-0.386428,-0.90699703
178.7828,21951.675,45.155094,-4.903502,-157.503403,0.036081,-0.383919,-0.90799803
178.7992,21951.695,44.95314,-3.736735,-157.992264,0.043361,-0.38082799,-0.908943
178.8169,21951.715,44.673222,-3.167895,-158.087311,0.047103,-0.377837,-0.909756
178.8381,21951.735,44.553822,-2.966971,-157.857208,0.049261,-0.376504,-0.90972
178.8597,21951.7551,44.5909,-3.009316,-157.486908,0.050203,-0.376699,-0.90907198
178.8835,21951.7751,44.617802,-3.313641,-157.027176,0.049347,-0.37716901,-0.908427
178.9068,21951.7951,44.601364,-3.672124,-156.516479,0.048159,-0.37736899,-0.90785301
178.919,21951.8152,44.669468,-3.738746,-156.073273,0.049212,-0.37781999,-0.906977
178.9476,21951.8352,44.839748,-3.621712,-155.690811,0.051705,-0.37880599,-0.90577698
178.9582,21951.8552,45.055347,-3.632505,-155.330185,0.053205,-0.38035199,-0.90451097
178.9763,21951.8752,45.31142,-3.846751,-154.947281,0.053261,-0.38253,-0.90316498
178.999,21951.8952,45.649815,-4.210556,-154.577271,0.05227,-0.38560399,-0.90163302
179.0244,21951.9152,46.042259,-4.501801,-154.31395,0.051617,-0.38902801,-0.90005702
179.0467,21951.9352,46.391205,-4.668895,-154.145248,0.051551,-0.39194599,-0.89871401
179.0644,21951.9552,46.603344,-4.85449,-154.040146,0.050867,-0.39385599,-0.89792699
179.0831,21951.9752,46.811172,-5.079628,-153.99855,0.049651,-0.39582399,-0.897273
179.0968,21951.9951,47.137138,-5.481316,-153.925476,0.047399,-0.398981,-0.89624703
179.1164,21952.0151,47.574287,-5.944703,-153.864304,0.044854,-0.40309501,-0.89488202
179.1383,21952.0351,48.015999,-6.22475,-153.967941,0.043177,-0.406997,-0.89367998
179.1582,21952.0551,48.356895,-6.293835,-154.229126,0.04238,-0.409832,-0.89297402
179.1791,21952.0751,48.580753,-6.239185,-154.538223,0.042135,-0.411585,-0.89267999
179.2045,21952.0951,48.695858,-6.216111,-154.816849,0.041535,-0.41253799,-0.89271098
179.2389,21952.1151,48.616436,-6.219644,-155.14447,0.040177,-0.41204801,-0.893484
179.2448,21952.1351,48.182312,-6.091696,-155.693146,0.038395,-0.40869001,-0.89574099
179.2697,21952.1551,47.366386,-6.002106,-156.451599,0.034916,-0.40247199,-0.89957303
179.2845,21952.1751,46.578411,-5.904138,-157.257065,0.031476,-0.396424,-0.90330899
179.2989,21952.1951,46.279987,-5.542624,-157.990738,0.031285,-0.39378899,-0.905209
179.3216,21952.2151,46.426613,-4.964577,-158.542038,0.0342,-0.39431199,-0.90530801
179.338,21952.2351,46.6628,-4.476587,-158.840515,0.037408,-0.39560401,-0.90477002
179.3578,21952.2551,46.866882,-4.2467,-158.847672,0.039524,-0.39689901,-0.90402001
179.3789,21952.2751,47.111217,-4.311268,-158.693024,0.039943,-0.39884701,-0.90301299
179.3963,21952.2951,47.219982,-4.761245,-158.567322,0.037012,-0.400262,-0.902628
179.4172,21952.3151,46.634342,-5.767525,-158.772842,0.027401,-0.397066,-0.905141
179.4376,21952.3351,45.553978,-6.57935,-159.376678,0.017131,-0.389736,-0.90960801
179.4562,21952.3551,44.668797,-6.744069,-160.219269,0.011561,-0.38306099,-0.91349602
179.4791,21952.3751,44.205906,-6.50511,-160.894806,0.010504,-0.379181,-0.91573203
179.5015,21952.395,43.971157,-6.085557,-161.405579,0.011822,-0.37688699,-0.91701603
179.5205,21952.415,43.592003,-5.714545,-161.901367,0.012619,-0.37350601,-0.91872501
179.5389,21952.435,42.873482,-5.603064,-162.449753,0.010726,-0.36770499,-0.92155099
179.5589,21952.455,42.309265,-5.316121,-162.98703,0.010551,-0.36293,-0.92383301
179.5777,21952.475,42.261314,-4.804162,-163.397705,0.013317,-0.36205,-0.92435801
179.6018,21952.495,42.283714,-4.466137,-163.620514,0.015369,-0.36190599,-0.92447901
179.623,21952.515,42.248341,-4.719886,-163.678207,0.013094,-0.361891,-0.92467803
179.6416,21952.535,42.407478,-5.101321,-163.703369,0.010142,-0.36355999,-0.92425501
179.6585,21952.555,42.664684,-5.029666,-163.755859,0.010884,-0.365556,-0.923509
179.6781,21952.575,42.859814,-4.496408,-163.907288,0.014945,-0.36659899,-0.922997
179.6975,21952.595,43.055866,-3.967416,-164.190872,0.01854,-0.367679,-0.92259401
179.7233,21952.615,43.36034,-3.742728,-164.534149,0.019612,-0.36995399,-0.92194098
179.7437,21952.635,43.756298,-3.640116,-164.905945,0.019699,-0.37309101,-0.92102897
179.7614,21952.655,44.027256,-3.258252,-165.158112,0.022256,-0.374942,-0.92033303
179.778,21952.675,44.132694,-2.463253,-165.35791,0.028104,-0.37507001,-0.92000997
179.7976,21952.695,44.05975,-1.706414,-165.495239,0.033653,-0.37379101,-0.920174
179.8218,21952.715,43.869278,-1.230632,-165.50235,0.037249,-0.37179899,-0.92064899
179.842,21952.735,43.634418,-0.954214,-165.455048,0.039376,-0.36962301,-0.92126501
179.8593,21952.755,43.279079,-1.159217,-165.42308,0.037454,-0.366961,-0.92243701
179.8765,21952.775,42.883514,-1.695183,-165.402435,0.032779,-0.36430299,-0.92383301
179.8966,21952.795,42.743706,-1.826452,-165.345749,0.031749,-0.363291,-0.92425299
179.9206,21952.8149,42.773129,-1.530695,-165.203201,0.034618,-0.36319199,-0.92393398
179.9356,21952.8349,42.628208,-1.325888,-164.897614,0.037077,-0.36172101,-0.92401302
179.9573,21952.8549,42.278732,-1.291561,-164.407333,0.038503,-0.35870799,-0.92457598
179.9793,21952.8749,42.008469,-1.499577,-163.915771,0.038045,-0.35659099,-0.92494899
180.0102,21952.8949,41.853645,-1.868209,-163.496017,0.036188,-0.355616,-0.92507899
180.0189,21952.9149,41.587456,-2.25417,-163.165817,0.033764,-0.35380501,-0.92563701
180.0506,21952.9349,41.205013,-2.460175,-162.859497,0.032556,-0.35086799,-0.92650402
180.1075,21952.9549,40.953743,-2.476704,-162.58223,0.032944,-0.34878099,-0.92694002
180.11,21952.9749,40.939045,-2.502969,-162.307892,0.033547,-0.34861401,-0.92666698
180.113,21952.9949,41.024048,-2.527421,-162.019135,0.034342,-0.34924299,-0.92607403
180.1255,21953.0149,41.117493,-2.605037,-161.718094,0.03476,-0.34999999,-0.92545003
180.1353,21953.0349,41.254993,-2.828713,-161.425293,0.03404,-0.35129499,-0.92474401
180.1575,21953.0549,41.426117,-3.058118,-161.156723,0.033255,-0.35287899,-0.92396098
180.1763,21953.0749,41.69582,-3.233269,-160.909637,0.032992,-0.355194,-0.92288703
180.1965,21953.0949,42.05938,-3.408015,-160.702072,0.032758,-0.358271,-0.92157102
180.2234,21953.1149,42.448845,-3.621379,-160.448959,0.03241,-0.36158901,-0.92011702
180.2382,21953.1349,42.813072,-3.866794,-160.205887,0.031754,-0.364746,-0.91875201
180.2658,21953.1549,42.9701,-4.146886,-160.010468,0.03037,-0.36630699,-0.918091
180.2917,21953.1749,42.948856,-4.382263,-159.874283,0.028887,-0.36640799,-0.91803998
180.3132,21953.1949,42.920914,-4.664698,-159.740204,0.02701,-0.366519,-0.91802198
180.3424,21953.2149,43.03249,-4.967241,-159.615112,0.025162,-0.36777201,-0.917584
180.3735,21953.2349,43.281479,-5.106214,-159.551117,0.024648,-0.369919,-0.91676098
180.3786,21953.2549,43.418381,-5.121705,-159.606506,0.024561,-0.371039,-0.91641098
180.3812,21953.275,43.322197,-4.653289,-159.878769,0.027278,-0.36973199,-0.91695499
180.3991,21953.295,42.82156,-4.281984,-160.315903,0.028087,-0.365374,-0.918975
180.4189,21953.315,41.74984,-4.484076,-160.926315,0.022944,-0.35719201,-0.92304999
180.4384,21953.3351,40.602139,-4.767517,-161.650391,0.016763,-0.34843799,-0.92738301
180.4601,21953.3551,39.984718,-4.354209,-162.508957,0.016662,-0.343104,-0.930116
180.48,21953.3751,39.736984,-3.50088,-163.186584,0.021245,-0.34025401,-0.93145299
180.4989,21953.3951,39.360786,-2.94556,-163.538879,0.024244,-0.33665901,-0.932818
180.532,21953.4152,38.930977,-2.843647,-163.565018,0.024461,-0.33306,-0.93405598
180.5487,21953.4352,38.816227,-2.779819,-163.313553,0.025567,-0.332001,-0.93408799
180.5571,21953.4552,39.040966,-3.009643,-162.901443,0.02518,-0.33399701,-0.93303102
180.5788,21953.4753,39.411381,-3.562149,-162.440109,0.022526,-0.33754301,-0.93155497
180.5992,21953.4953,39.757706,-4.121526,-162.080673,0.019518,-0.340933,-0.930242
180.6198,21953.5153,40.028286,-4.426549,-161.953522,0.017799,-0.343456,-0.92935997
180.6404,21953.5353,40.234112,-4.347332,-162.055145,0.018423,-0.34504101,-0.928868
180.6635,21953.5554,40.433899,-4.212013,-162.190002,0.019389,-0.34651801,-0.92841899
180.6785,21953.5754,40.736778,-4.216187,-162.292419,0.01946,-0.34898299,-0.92764598
180.7129,21953.5954,41.168633,-4.371099,-162.364151,0.018578,-0.35264999,-0.92647302
180.7195,21953.6155,41.611092,-4.592194,-162.399719,0.017287,-0.356464,-0.92522198
180.7405,21953.6355,41.867977,-4.839259,-162.429306,0.015553,-0.35880801,-0.92451501
180.764,21953.6555,41.91095,-5.028537,-162.442734,0.014043,-0.35936499,-0.92442399
180.7846,21953.6755,41.966034,-5.022261,-162.473465,0.014073,-0.359804,-0.92429
180.7994,21953.6956,42.146122,-4.741672,-162.494919,0.016515,-0.36094099,-0.923729
180.8192,21953.7156,42.439377,-4.392399,-162.438461,0.019907,-0.362894,-0.92271298
180.8397,21953.7357,42.80109,-4.219429,-162.333527,0.022125,-0.36557701,-0.92144799
180.8593,21953.7557,43.115055,-4.244027,-162.222748,0.022711,-0.36809501,-0.92035103
180.8795,21953.7758,43.368046,-4.365068,-162.140533,0.022352,-0.37023801,-0.91948998
180.901,21953.7958,43.686615,-4.446589,-162.047638,0.02244,-0.37285501,-0.91839802
180.9236,21953.8159,44.110283,-4.323979,-161.846786,0.024668,-0.37604901,-0.91680002
180.9442,21953.8359,44.330868,-3.832712,-161.663696,0.029506,-0.37718901,-0.91576499
180.9612,21953.8559,44.091183,-3.250725,-161.58905,0.03407,-0.374567,-0.91628301
180.9822,21953.876,43.272209,-3.184554,-161.797119,0.032797,-0.36801401,-0.91910601
181.0036,21953.896,42.276196,-3.395887,-162.188461,0.028499,-0.360392,-0.92271799
181.0254,21953.916,41.891331,-2.957123,-162.626785,0.030151,-0.356904,-0.92429203
181.0488,21953.936,42.050789,-2.01843,-162.77449,0.037466,-0.35714301,-0.92369801
181.074,21953.9561,42.1422,-1.502998,-162.534088,0.042485,-0.35718599,-0.92295301
181.0845,21953.9761,41.962502,-1.425979,-161.952713,0.04468,-0.35542601,-0.92276901
181.0978,21953.9961,41.832878,-1.469362,-161.282516,0.046232,-0.354173,-0.922337
181.1213,21954.0162,41.916195,-1.625366,-160.573578,0.047286,-0.35475701,-0.92121798
181.1416,21954.0362,42.042641,-1.958095,-159.830597,0.0471,-0.35591501,-0.919963
181.1599,21954.0562,42.124722,-2.168923,-159.142258,0.047672,-0.356581,-0.91883999
181.183,21954.0762,42.181664,-2.071393,-158.567062,0.050332,-0.35664999,-0.91779798
181.2002,21954.0963,42.226791,-1.959569,-158.010773,0.05303,-0.356594,-0.91678703
181.2215,21954.1163,42.308422,-2.018884,-157.367386,0.054692,-0.35703301,-0.91558599
181.2533,21954.1363,42.425083,-2.257159,-156.658539,0.055197,-0.35799399,-0.91423601
181.2607,21954.1564,42.6423,-2.497481,-155.900604,0.056032,-0.35973799,-0.91246903
181.3011,21954.1764,42.963898,-2.69414,-155.197372,0.057259,-0.36226299,-0.91041797
181.3153,21954.1964,43.347733,-2.873394,-154.549423,0.0586,-0.365271,-0.90822899
181.3295,21954.2164,43.543022,-2.888279,-154.147659,0.060132,-0.36662799,-0.90693998
181.3596,21954.2365,43.538765,-2.8307,-153.84729,0.06154,-0.366335,-0.906398
181.3649,21954.2565,43.486481,-2.849726,-153.614166,0.062034,-0.36583099,-0.90616
181.3839,21954.2766,43.478081,-2.778549,-153.387115,0.063305,-0.36551401,-0.905743
181.4019,21954.2966,43.533428,-2.726404,-153.146393,0.064593,-0.36572099,-0.90511
181.4222,21954.3167,43.653114,-2.841354,-152.94223,0.064573,-0.36675501,-0.90443301
181.4391,21954.3367,43.75956,-2.930962,-152.743683,0.064713,-0.36764199,-0.90379101
181.4579,21954.3567,43.727936,-2.893234,-152.541702,0.065595,-0.36721,-0.90349698
181.4807,21954.3768,43.429474,-2.724543,-152.408371,0.066753,-0.36447799,-0.90407801
181.5,21954.3968,42.897614,-2.487905,-152.364059,0.067694,-0.35982999,-0.90548998
181.5219,21954.4168,42.239834,-2.463946,-152.434723,0.066344,-0.354644,-0.90760398
181.5496,21954.4369,41.620087,-2.660999,-152.556351,0.063165,-0.350187,-0.90979499
181.5627,21954.4569,41.333561,-3.000712,-152.565094,0.059864,-0.34855801,-0.91083997
181.5825,21954.4769,41.427921,-3.23085,-152.405273,0.058713,-0.34964901,-0.91038501
181.6045,21954.4969,41.651539,-3.524639,-152.044235,0.057943,-0.35178,-0.90920103
181.6239,21954.517,41.800358,-3.914013,-151.613022,0.056492,-0.35347199,-0.90814298
181.6447,21954.537,41.924015,-4.210156,-151.207672,0.055661,-0.35481,-0.907152
181.6598,21954.557,42.036434,-4.510368,-150.945206,0.054341,-0.356143,-0.906461
181.6812,21954.577,42.18996,-4.817221,-150.891251,0.052415,-0.35791099,-0.906048
181.7005,21954.5971,42.337128,-5.098215,-151.039963,0.050047,-0.359667,-0.90602201
181.7235,21954.6171,42.364822,-5.308023,-151.268402,0.04773,-0.36037701,-0.906461
181.7458,21954.6371,42.254311,-5.290382,-151.552689,0.046739,-0.359595,-0.90731001
181.7649,21954.6572,42.202881,-5.033271,-151.790985,0.047919,-0.35881299,-0.90779799
181.789,21954.6772,42.285076,-4.695824,-151.893234,0.050445,-0.358879,-0.90759802
181.8009,21954.6972,42.375217,-4.421909,-151.870239,0.052875,-0.35906899,-0.90716398
181.8238,21954.7172,42.473656,-4.504072,-151.798233,0.052657,-0.35996199,-0.90677398
181.85,21954.7373,42.693512,-4.656106,-151.893997,0.051614,-0.36201301,-0.90636301
181.86,21954.7573,42.870071,-4.500977,-152.13208,0.052456,-0.36322099,-0.90619999
181.8799,21954.7773,42.804737,-4.180971,-152.306213,0.054301,-0.362203,-0.90656698
181.8998,21954.7974,42.660511,-3.819373,-152.391785,0.056597,-0.360448,-0.90698397
181.9185,21954.8174,42.710392,-3.408118,-152.472321,0.0597,-0.36012501,-0.90677297
181.9392,21954.8374,42.995167,-3.022297,-152.507828,0.063214,-0.361673,-0.905765
181.9632,21954.8574,43.384678,-2.760922,-152.4021,0.066396,-0.36419001,-0.90422601
181.9788,21954.8774,43.822498,-2.507625,-152.136963,0.07012,-0.36699399,-0.90222198
182.0005,21954.8974,44.357319,-2.185781,-151.829941,0.07472,-0.370379,-0.89975899
182.0225,21954.9174,44.900303,-1.872512,-151.514786,0.079303,-0.373808,-0.897219
182.0423,21954.9374,45.404461,-1.548423,-151.203751,0.083885,-0.37688601,-0.89476198
182.0608,21954.9574,45.845936,-1.013691,-150.918823,0.089898,-0.379049,-0.89235801
182.1196,21954.9774,46.080105,-0.420756,-150.559326,0.09618,-0.37938499,-0.89038599
182.1214,21954.9974,46.04121,0.058389,-150.166916,0.101117,-0.37776399,-0.88929701
182.1236,21955.0174,45.763924,0.206096,-149.80809,0.102866,-0.374984,-0.88933003
182.1426,21955.0374,45.138927,-0.44806,-149.474335,0.097551,-0.371214,-0.89123201
182.158,21955.0574,44.489712,-1.279018,-149.138687,0.090761,-0.36764601,-0.893278
182.179,21955.0774,44.199757,-1.332083,-148.925858,0.090392,-0.36533499,-0.89378202
182.2001,21955.0974,44.106876,-0.757727,-148.735825,0.09527,-0.36322701,-0.89320099
182.2235,21955.1174,43.86145,-0.353424,-148.443954,0.098801,-0.36019,-0.89299297
182.2407,21955.1374,43.484226,-0.309704,-148.029099,0.0996,-0.356796,-0.893215
182.2614,21955.1574,43.227077,-0.269568,-147.629166,0.100574,-0.35435399,-0.89307898
182.2798,21955.1774,43.162167,-0.199939,-147.254288,0.102126,-0.35335901,-0.89236701
182.3029,21955.1974,43.114338,-0.25676,-146.940964,0.102539,-0.352837,-0.89184701
182.3326,21955.2174,43.066521,-0.286307,-146.688049,0.102976,-0.35230699,-0.89143503
182.3415,21955.2374,43.015656,-0.192296,-146.482956,0.104218,-0.35150701,-0.891029
182.3582,21955.2574,42.889114,-0.15716,-146.183762,0.105109,-0.35016799,-0.89068103
182.3793,21955.2774,42.768208,-0.164806,-145.788635,0.105967,-0.348883,-0.89011902
182.4017,21955.2973,42.457855,0.524919,-145.693161,0.110872,-0.344726,-0.89017898
182.4199,21955.3173,42.314697,1.008708,-145.416809,0.115115,-0.34216499,-0.88946402
182.4453,21955.3373,42.359257,1.302463,-145.019623,0.118685,-0.34138301,-0.88805097
182.4617,21955.3573,42.493492,1.345673,-144.532288,0.120798,-0.34180799,-0.88638198
182.4795,21955.3773,42.658516,1.203058,-143.981705,0.121747,-0.34286499,-0.88463801
182.5024,21955.3973,42.843506,1.031188,-143.455994,0.12246,-0.34417501,-0.88291198
182.5224,21955.4173,43.091866,0.993406,-142.907288,0.124451,-0.345597,-0.88077301
182.545,21955.4373,43.409908,0.941737,-142.425903,0.12632801,-0.347653,-0.878591
182.5612,21955.4573,43.723019,0.734183,-141.987427,0.12688801,-0.35012099,-0.87669402
182.5829,21955.4773,44.03714,0.388639,-141.538605,0.126452,-0.35295001,-0.87490797
182.6017,21955.4973,44.339394,0.057523,-141.075211,0.126167,-0.35563499,-0.87309098
182.6231,21955.5173,44.61396,-0.054758,-140.647278,0.127387,-0.357555,-0.87120301
182.6483,21955.5373,44.76022,-0.111636,-140.254074,0.128583,-0.35838199,-0.86973703
182.6665,21955.5573,44.67342,-0.243573,-139.914322,0.12840401,-0.357705,-0.86922199
182.6883,21955.5773,44.336147,-0.375783,-139.742462,0.12699699,-0.355322,-0.86993802
182.706,21955.5973,43.734528,-0.704981,-139.735977,0.122831,-0.35166001,-0.87211901
182.7221,21955.6173,43.14315,-1.082172,-139.788834,0.118132,-0.34826201,-0.87444198
182.7469,21955.6373,43.026939,-1.273298,-139.653152,0.116757,-0.347767,-0.87460899
182.7606,21955.6573,43.358681,-1.35658,-139.237839,0.118331,-0.35009301,-0.87255198
182.7802,21955.6773,43.65477,-1.638864,-138.672653,0.11877,-0.35254201,-0.87037498
182.8021,21955.6972,43.752121,-2.231983,-138.108292,0.116294,-0.35437399,-0.86909801
182.8227,21955.7172,43.851982,-2.765703,-137.714233,0.113767,-0.35624599,-0.868218
182.8442,21955.7372,44.088989,-3.056896,-137.559647,0.112755,-0.35870299,-0.86736101
182.8661,21955.7572,44.32872,-3.236376,-137.512482,0.112267,-0.36096501,-0.86668903
182.8843,21955.7772,44.445286,-3.370171,-137.430435,0.111866,-0.362138,-0.86623901
182.9144,21955.7972,44.480522,-3.336323,-137.343842,0.112502,-0.362221,-0.86585402
182.9313,21955.8172,44.468838,-3.202667,-137.289505,0.113648,-0.36169899,-0.86560202
182.9416,21955.8372,44.483334,-3.10443,-137.162064,0.114836,-0.36139899,-0.86509699
182.9701,21955.8573,44.639893,-3.166907,-136.90834,0.115642,-0.36249399,-0.86396199
182.983,21955.8773,44.970467,-3.285887,-136.642303,0.116601,-0.365035,-0.86232102
183.0087,21955.8973,45.355759,-3.393773,-136.447128,0.117598,-0.368016,-0.86070198
183.0285,21955.9174,45.661327,-3.447965,-136.264465,0.118722,-0.37025499,-0.859299
183.0496,21955.9374,45.798367,-3.49329,-136.127258,0.11925,-0.371261,-0.85852897
183.0681,21955.9574,45.916656,-3.443155,-136.026733,0.120318,-0.371887,-0.857822
183.0891,21955.9774,46.231144,-3.20759,-135.94339,0.123326,-0.37344,-0.85636097
183.1046,21955.9975,46.756611,-2.863942,-135.876801,0.12773401,-0.376248,-0.854155
183.1232,21956.0175,47.310768,-2.516686,-135.795563,0.132295,-0.37922901,-0.85177398
183.1401,21956.0375,47.657848,-2.440786,-135.702209,0.13423701,-0.381455,-0.85030502
183.1744,21956.0576,47.822792,-2.575264,-135.614609,0.13404,-0.38296199,-0.84967601
183.1819,21956.0776,48.019897,-2.644714,-135.588257,0.134222,-0.38458401,-0.84904701
183.2014,21956.0976,48.380211,-2.378678,-135.646362,0.137106,-0.386518,-0.84773803
183.2226,21956.1176,48.66478,-1.726592,-135.810059,0.142244,-0.38689199,-0.84649402
183.2416,21956.1377,48.618458,-0.979942,-136.037643,0.146853,-0.38464001,-0.84637499
183.274,21956.1577,48.20636,-0.494267,-136.318527,0.14827301,-0.38053,-0.847938
183.2835,21956.1777,47.54734,-0.413403,-136.744324,0.145512,-0.37595901,-0.851246
183.3027,21956.1978,46.975254,-0.345553,-137.236725,0.142727,-0.372127,-0.85445499
183.331,21956.2178,46.715691,0.111365,-137.625076,0.144125,-0.36934999,-0.85584903
183.3439,21956.2378,46.72945,0.832271,-137.688675,0.149342,-0.367439,-0.855066
183.3634,21956.2579,46.543579,1.328668,-137.467636,0.153217,-0.36430201,-0.85436702
183.3804,21956.2779,46.187878,1.174819,-137.111588,0.152171,-0.36162001,-0.85466897
183.4063,21956.298,46.082844,0.775779,-136.767258,0.149975,-0.36156699,-0.85450798
183.4251,21956.3181,46.16325,0.198302,-136.319443,0.14732499,-0.36331099,-0.85366303
183.4416,21956.3381,46.259308,-0.150471,-135.988861,0.146066,-0.36464801,-0.85281402
183.4646,21956.3582,46.281509,0.002997,-135.902267,0.14755,-0.364241,-0.85228598
183.4816,21956.3782,46.178032,0.318604,-135.924088,0.149517,-0.36254701,-0.85227197
183.5014,21956.3983,46.156582,0.512023,-135.97821,0.15072,-0.36187401,-0.85224998
183.5233,21956.4184,46.262035,0.56898,-135.883743,0.151758,-0.362362,-0.85155302
183.5439,21956.4384,46.260387,0.468267,-135.587997,0.15194,-0.36226401,-0.850793
183.5632,21956.4584,46.234787,0.338952,-135.29834,0.15181801,-0.36208501,-0.85016102
183.5918,21956.4785,46.448544,0.320857,-135.204819,0.152631,-0.36360201,-0.84921902
183.6012,21956.4985,46.701057,0.366271,-135.144974,0.153927,-0.365255,-0.848167
183.6235,21956.5185,46.964882,0.313037,-135.005371,0.15478399,-0.36718401,-0.84696198
183.6443,21956.5385,47.267639,0.094097,-134.723572,0.155001,-0.36971399,-0.84541398
183.6615,21956.5586,47.670685,-0.309761,-134.433945,0.154208,-0.373537,-0.84376198
183.6915,21956.5786,48.301315,-0.834356,-134.217682,0.15302201,-0.379491,-0.84174699
183.7053,21956.5986,49.115356,-1.575941,-134.031937,0.150754,-0.38746399,-0.83949
183.7313,21956.6187,49.839375,-2.343295,-133.727509,0.148468,-0.39466599,-0.83717
183.7596,21956.6387,50.356796,-3.120861,-133.374039,0.14567401,-0.40031299,-0.83537698
183.7711,21956.6587,50.924549,-3.838933,-133.124771,0.14315701,-0.40625399,-0.83363801
183.7909,21956.6787,51.573532,-4.262534,-133.023773,0.142551,-0.412049,-0.831689
183.8039,21956.6988,52.067581,-4.355163,-133.034729,0.14344899,-0.41586599,-0.83016902
183.8239,21956.7188,52.45639,-4.270546,-133.189423,0.144761,-0.41857901,-0.82919902
183.8406,21956.7388,52.677101,-4.328594,-133.509125,0.143883,-0.42072499,-0.82946301
183.8614,21956.7589,52.562649,-4.681951,-133.932129,0.13940001,-0.42146799,-0.83153301
183.883,21956.7789,52.351418,-4.863292,-134.42955,0.135579,-0.42108199,-0.83391398
183.9045,21956.7989,52.228142,-4.718046,-134.991241,0.134185,-0.42044401,-0.835774
183.9754,21956.8189,52.276993,-4.289888,-135.556854,0.135387,-0.42024499,-0.83670801
183.9767,21956.839,52.397907,-3.679177,-136.108658,0.13819499,-0.42005301,-0.837116
183.9785,21956.859,52.41396,-3.234703,-136.509598,0.14002299,-0.41940901,-0.83764499
183.9906,21956.879,52.443386,-2.954699,-136.891983,0.14075901,-0.41930899,-0.83826602
184.0017,21956.899,52.46497,-2.712598,-137.311356,0.14105999,-0.41931,-0.839055
184.0206,21956.9189,52.403851,-2.703647,-137.696411,0.139538,-0.41931301,-0.84031898
184.0428,21956.9389,52.298183,-2.749007,-137.986069,0.137839,-0.41901901,-0.841537
184.0626,21956.9589,52.328831,-2.539407,-138.307129,0.138293,-0.41905999,-0.84204799
184.0816,21956.9789,52.499504,-2.22619,-138.658096,0.139796,-0.41988501,-0.84201002
184.1008,21956.9989,52.745342,-2.135369,-138.893173,0.140294,-0.42172101,-0.841654
184.1236,21957.0189,53.424324,-2.103666,-139.356232,0.140708,-0.427154,-0.84039903
184.1408,21957.0389,53.796974,-2.225094,-139.537781,0.14016999,-0.43040901,-0.83966798
184.1603,21957.0589,53.809719,-2.070028,-139.570389,0.141219,-0.43013501,-0.839517
184.1824,21957.0789,53.533699,-1.899413,-139.533508,0.141847,-0.42763099,-0.84021699
184.2001,21957.0989,53.282578,-1.886436,-139.517639,0.14130899,-0.42574599,-0.84107202
184.2281,21957.1189,53.37915,-1.97529,-139.69548,0.14026099,-0.42690301,-0.84129798
184.2473,21957.1389,53.280079,-1.932852,-139.744751,0.140117,-0.42612901,-0.84173501
184.2635,21957.1589,52.792927,-1.524852,-139.614929,0.142258,-0.42133299,-0.84265202
184.2876,21957.1789,52.716885,-1.018984,-139.447388,0.146382,-0.419218,-0.84184301
184.3071,21957.1989,53.114105,-0.63937,-139.186157,0.15121301,-0.420764,-0.83920699
184.336,21957.2189,53.38213,-0.579081,-138.674454,0.154274,-0.42187399,-0.83675897
184.344,21957.2389,53.397293,-0.598021,-138.087845,0.15633599,-0.421242,-0.83511502
184.3636,21957.2589,53.396458,-0.581046,-137.609055,0.158216,-0.420531,-0.83376199
184.3816,21957.2789,53.544868,-0.42835,-137.150543,0.161431,-0.42053801,-0.83171701
184.4014,21957.2989,53.799553,-0.1122,-136.644775,0.166309,-0.420757,-0.82889098
184.4213,21957.3188,53.948532,0.12535,-135.955688,0.170984,-0.420131,-0.82599902
184.4408,21957.3388,53.904293,0.138019,-135.139465,0.173932,-0.418547,-0.82373703
184.4605,21957.3588,53.845074,-0.081512,-134.175888,0.17569301,-0.41731,-0.82139802
184.4887,21957.3788,53.879921,-0.318223,-133.141846,0.17786901,-0.41668701,-0.81847799
184.5015,21957.3988,53.916714,-0.545599,-131.864944,0.18100201,-0.415658,-0.81471902
184.5215,21957.4188,53.87991,-0.794367,-130.41571,0.18436401,-0.413883,-0.810615
184.5448,21957.4388,53.623631,-0.771127,-129.017807,0.18869799,-0.40972799,-0.806898
184.5615,21957.4588,53.197701,-0.317263,-127.676567,0.195189,-0.402962,-0.80310202
184.58,21957.4788,52.854893,0.343825,-126.420998,0.202994,-0.396083,-0.79877698
184.6028,21957.4988,52.576706,1.086522,-125.15947,0.211493,-0.3892,-0.79387802
184.6245,21957.5188,52.16613,1.804466,-123.779938,0.21960799,-0.38110101,-0.788854
184.6412,21957.5388,51.581158,2.482462,-122.222107,0.227222,-0.371429,-0.78360498
184.6632,21957.5588,50.836788,3.169508,-120.634033,0.234172,-0.36039001,-0.77850002
184.6811,21957.5788,49.89938,4.114485,-119.005318,0.241981,-0.34671301,-0.77305299
184.7072,21957.5988,48.984482,5.339318,-117.334236,0.251551,-0.33168399,-0.76641601
184.75,21957.6188,48.127964,6.566991,-115.58725,0.261217,-0.31657699,-0.75888097
184.753,21957.6388,47.234547,7.59558,-113.641525,0.26955801,-0.30136099,-0.75065398
184.7647,21957.6588,46.387615,8.476805,-111.543739,0.27709401,-0.286529,-0.74152899
184.7816,21957.6788,45.578419,9.34026,-109.262085,0.28467399,-0.271357,-0.73103398
184.8042,21957.6988,44.818611,10.051256,-106.785446,0.29146901,-0.25655201,-0.71935397
184.8221,21957.7187,44.143066,10.336576,-104.124535,0.295921,-0.243829,-0.70709902
184.847,21957.7387,43.660229,10.438737,-101.361389,0.29997599,-0.232977,-0.69373798
184.8598,21957.7587,43.345234,10.439178,-98.606873,0.303904,-0.223709,-0.67974901
184.8817,21957.7787,43.094425,10.410493,-95.916962,0.30760199,-0.215122,-0.66559702
184.9038,21957.7987,42.886139,10.58477,-93.304497,0.31230399,-0.20578299,-0.65083301
184.9297,21957.8187,42.724388,11.005907,-90.786163,0.318203,-0.19542301,-0.63544202
184.95,21957.8387,42.473843,11.660851,-88.464813,0.32424799,-0.18352699,-0.62046999
184.9695,21957.8587,42.189919,12.30585,-86.35923,0.32937101,-0.171946,-0.60662198
184.9825,21957.8787,42.069958,12.73661,-84.572716,0.33355799,-0.16342799,-0.59467101
185.0092,21957.8987,42.08836,12.710846,-82.873291,0.33592099,-0.158729,-0.58405697
185.028,21957.9187,42.152466,12.158648,-81.116943,0.33592999,-0.157434,-0.57437903
185.0437,21957.9387,42.225712,11.472416,-79.326454,0.33541399,-0.156983,-0.56473202
185.065,21957.9587,42.227757,10.851659,-77.635826,0.334701,-0.156066,-0.55560601
185.0853,21957.9787,42.035721,10.192304,-76.161407,0.33234099,-0.155068,-0.548383
185.1026,21957.9987,41.673267,9.527086,-74.880516,0.32863301,-0.15387499,-0.54275799
185.1246,21958.0187,41.259186,8.847293,-73.695946,0.32438999,-0.15289401,-0.53782201
185.1446,21958.0387,40.896313,8.125046,-72.566269,0.32019499,-0.152714,-0.53314298
185.1629,21958.0587,40.58728,7.299308,-71.479843,0.31581801,-0.153716,-0.52881902
185.184,21958.0787,40.399803,6.377296,-70.405754,0.311804,-0.156091,-0.52448499
185.2108,21958.0987,40.400288,5.452877,-69.42746,0.30894101,-0.159723,-0.52034301
185.2273,21958.1187,40.489933,4.535687,-68.53968,0.30664301,-0.16401599,-0.51657498
185.2449,21958.1386,40.601822,3.563313,-67.715851,0.30422199,-0.168991,-0.513318
185.2621,21958.1586,40.773788,2.489095,-66.801697,0.30196199,-0.17472699,-0.50957298
185.2946,21958.1786,40.999763,1.24196,-65.802132,0.29953301,-0.181694,-0.505575
185.3021,21958.1986,41.194664,-0.055975,-64.813362,0.29676601,-0.188924,-0.50181198
185.3294,21958.2186,41.236599,-1.267512,-63.83918,0.29340199,-0.19496299,-0.49813801
185.3543,21958.2386,41.225857,-2.190814,-62.979549,0.290806,-0.199119,-0.49455601
185.3638,21958.2586,41.224075,-2.896985,-62.203564,0.28911501,-0.20205,-0.49095801
185.383,21958.2786,41.28735,-3.546012,-61.532711,0.287981,-0.205138,-0.48783699
185.4004,21958.2986,41.461479,-4.163375,-60.969288,0.28760901,-0.20873301,-0.48522899
185.421,21958.3186,41.651108,-4.758193,-60.458813,0.28738001,-0.212363,-0.48291701
185.4412,21958.3386,41.789547,-5.233926,-59.936787,0.287339,-0.21492399,-0.48029301
185.4609,21958.3586,41.923218,-5.639998,-59.552799,0.28731799,-0.21732301,-0.478466
185.4792,21958.3786,42.048645,-5.821647,-59.313324,0.28791201,-0.21848001,-0.47709799
185.5023,21958.3986,42.182011,-5.767497,-59.17458,0.28935501,-0.21827,-0.475833
185.5277,21958.4186,42.395058,-5.591092,-59.139015,0.291677,-0.21777201,-0.47488099
185.541,21958.4386,42.648857,-5.415954,-59.197174,0.29410401,-0.21768101,-0.47453001
185.5693,21958.4586,42.921215,-5.208017,-59.322765,0.29666799,-0.217611,-0.47453201
185.5825,21958.4786,43.249474,-4.874135,-59.506054,0.30003801,-0.217039,-0.47452199
185.599,21958.4986,43.631954,-4.383301,-59.742355,0.30433699,-0.21574099,-0.47436801
185.6238,21958.5186,43.978947,-3.833017,-59.932964,0.30871001,-0.213789,-0.473746
185.639,21958.5385,44.31633,-3.224627,-60.084538,0.31332001,-0.211307,-0.47266799
185.6619,21958.5585,44.596676,-2.382325,-60.216103,0.31851801,-0.20693199,-0.470844
185.6837,21958.5785,44.697182,-1.601112,-60.289082,0.32229599,-0.202107,-0.46901199
185.7029,21958.5985,44.603123,-1.012447,-60.2799,0.32405901,-0.197605,-0.467437
185.7219,21958.6185,44.276398,-0.591864,-60.260395,0.32352,-0.193298,-0.466638
185.7473,21958.6385,43.604038,-0.633165,-60.181477,0.318771,-0.19064599,-0.467278
185.7639,21958.6585,42.926334,-0.904945,-60.10577,0.31302199,-0.18960001,-0.468557
185.7911,21958.6785,42.668789,-0.910609,-59.968575,0.31141001,-0.188225,-0.468005
185.8031,21958.6985,42.886238,-0.797545,-59.564209,0.31406701,-0.18720201,-0.46451899
185.8411,21958.7185,43.196148,-1.00575,-58.888878,0.316524,-0.18804701,-0.45986101
185.8715,21958.7385,43.164143,-1.467525,-57.996941,0.31592,-0.188722,-0.454882
185.8749,21958.7585,42.721909,-1.829697,-57.138203,0.31274101,-0.187225,-0.450418
185.885,21958.7785,42.206436,-1.844395,-56.488762,0.31003401,-0.183593,-0.44654301
185.9453,21958.7985,41.82415,-1.715425,-56.145115,0.30832699,-0.18029,-0.44425699
185.9471,21958.8185,41.631054,-1.449891,-55.960182,0.308249,-0.177154,-0.442478
185.9494,21958.8385,41.619907,-1.00841,-55.680786,0.310294,-0.173182,-0.43929201
185.961,21958.8585,41.729557,-0.540574,-55.189747,0.31360301,-0.16888601,-0.43432501
185.9832,21958.8785,41.875031,-0.1707,-54.570015,0.31695199,-0.165052,-0.42862099
185.9994,21958.8985,41.996323,0.052112,-53.969864,0.31951699,-0.16222,-0.42347801
186.021,21958.9185,42.194683,0.075821,-53.389069,0.32186499,-0.16115201,-0.41890901
186.0529,21958.9385,42.520023,-0.104523,-52.927216,0.32422799,-0.162347,-0.41559801
186.0627,21958.9584,42.8274,-0.337193,-52.519398,0.32620701,-0.163991,-0.41286001
186.0818,21958.9784,42.956413,-0.542399,-52.181976,0.326895,-0.164985,-0.41080901
186.1039,21958.9984,42.934559,-0.657533,-51.834377,0.32682401,-0.164756,-0.40863299
186.128,21959.0184,42.917583,-0.851434,-51.520901,0.32646099,-0.165218,-0.40691999
186.1424,21959.0384,42.924004,-1.045879,-51.25359,0.32620499,-0.16590001,-0.40551201
186.1642,21959.0584,42.89592,-1.190151,-51.047905,0.32578701,-0.166272,-0.40445501
186.1831,21959.0784,42.819935,-1.146884,-50.909939,0.32558101,-0.1653,-0.40342101
186.2007,21959.0984,42.788506,-1.026637,-50.849331,0.32585999,-0.164138,-0.40267599
186.2237,21959.1184,42.842278,-0.954665,-50.957714,0.32635301,-0.164106,-0.40319499
186.2402,21959.1384,42.878273,-1.008807,-51.102272,0.32621899,-0.165039,-0.40436
186.2636,21959.1584,42.789776,-1.178649,-51.092857,0.324983,-0.16594701,-0.40488899
186.2904,21959.1784,42.621056,-1.323836,-51.081757,0.323246,-0.166392,-0.40543601
186.3084,21959.1984,42.003685,-1.424363,-51.315243,0.31801,-0.16563199,-0.40821299
186.3234,21959.2184,40.976391,-1.76264,-51.738159,0.308617,-0.165664,-0.413513
186.3523,21959.2384,39.943275,-1.99754,-52.26878,0.299373,-0.165133,-0.41927099
186.3608,21959.2584,39.49123,-1.744978,-52.821224,0.29617399,-0.163093,-0.42320701
186.3798,21959.2784,39.486832,-1.347307,-53.095634,0.29722399,-0.160871,-0.42419499
186.4023,21959.2984,39.474567,-1.24255,-53.03207,0.29761001,-0.15989301,-0.42347199
186.421,21959.3184,39.480732,-1.305234,-52.85091,0.29767701,-0.159905,-0.42229801
186.4397,21959.3384,39.594864,-1.484285,-52.81472,0.29790899,-0.161538,-0.42235801
186.4628,21959.3583,39.737713,-1.873036,-52.858898,0.29746401,-0.16501901,-0.42351899
186.4801,21959.3783,39.896439,-2.346176,-52.949821,0.296749,-0.169291,-0.42522299
186.5002,21959.3983,40.094387,-2.473357,-53.091919,0.29752299,-0.17130201,-0.42635801
186.5227,21959.4183,40.190025,-2.154103,-53.303562,0.29910001,-0.16986801,-0.42695799
186.547,21959.4383,40.162354,-1.709224,-53.511211,0.30024999,-0.167064,-0.42734399
186.5777,21959.4583,40.167175,-1.396288,-53.605831,0.30131501,-0.16504601,-0.42720699
186.5921,21959.4783,40.320244,-1.345191,-53.558193,0.30269599,-0.165108,-0.42653099
186.6006,21959.4983,40.642288,-1.359869,-53.392311,0.30524099,-0.165951,-0.42495
186.6221,21959.5183,40.985813,-1.239035,-53.21777,0.30845699,-0.165852,-0.42291301
186.642,21959.5383,41.151119,-1.111194,-52.999592,0.310453,-0.164929,-0.420762
186.6619,21959.5583,41.146549,-1.258856,-52.659149,0.31036901,-0.165069,-0.41868201
186.6825,21959.5783,41.253468,-1.626755,-52.074314,0.310662,-0.166556,-0.41526699
186.7045,21959.5983,41.661861,-1.93815,-51.22681,0.31378701,-0.167962,-0.40940499
186.7248,21959.6183,42.292042,-2.01597,-50.243767,0.31960601,-0.16798501,-0.40164301
186.7435,21959.6383,42.994274,-2.026748,-49.274372,0.32618299,-0.167698,-0.393702
186.7646,21959.6583,43.832321,-2.282602,-48.275185,0.332991,-0.169466,-0.38608599
186.7817,21959.6783,44.80196,-2.670829,-47.335236,0.340289,-0.172673,-0.379172
186.8018,21959.6983,45.689198,-2.880793,-46.470673,0.34749299,-0.1744,-0.372417
186.8476,21959.7183,46.263275,-2.80996,-45.750816,0.353075,-0.173439,-0.36624399
186.8536,21959.7383,46.448887,-2.477539,-45.339176,0.35612699,-0.17027999,-0.36196899
186.8648,21959.7583,46.347576,-1.982895,-45.277973,0.357023,-0.166135,-0.360098
186.8926,21959.7782,46.114288,-1.676402,-45.477337,0.355968,-0.163782,-0.360897
186.9031,21959.7982,45.882561,-1.537255,-45.738403,0.35431501,-0.162852,-0.36267599
186.9198,21959.8182,45.79039,-1.070764,-45.934444,0.35483199,-0.15972701,-0.362795
186.943,21959.8382,45.842468,-0.202095,-45.941551,0.35794801,-0.15348899,-0.36007899
186.9609,21959.8582,45.850746,0.434215,-45.68689,0.360333,-0.14800499,-0.356188
186.9872,21959.8782,45.70726,0.483415,-45.146221,0.36011401,-0.145493,-0.352213
187.0127,21959.8982,45.617661,0.065916,-44.392517,0.35913101,-0.145959,-0.34803301
187.0301,21959.9182,45.750042,-0.578445,-43.593636,0.3592,-0.148656,-0.343932
187.0397,21959.9382,45.904915,-1.313181,-42.829048,0.35916901,-0.152197,-0.340345
187.0641,21959.9582,45.878563,-2.005725,-42.109665,0.35788801,-0.155045,-0.33716601
187.0846,21959.9782,45.77795,-2.576414,-41.403866,0.35642001,-0.156835,-0.33376899
187.1021,21959.9982,45.806988,-2.974284,-40.711895,0.356437,-0.157745,-0.32978901
187.1225,21960.0182,45.959301,-3.310461,-40.064125,0.35752299,-0.15865999,-0.32582599
187.1422,21960.0382,46.0406,-3.762449,-39.539104,0.357591,-0.160632,-0.32321599
187.165,21960.0582,46.062271,-4.263223,-39.152267,0.356893,-0.163247,-0.32185
187.1847,21960.0782,46.107388,-4.654099,-38.860149,0.35655901,-0.165392,-0.32083201
187.2004,21960.0982,46.20195,-4.894625,-38.652779,0.35690701,-0.166794,-0.31994399
187.2236,21960.1182,46.322865,-4.960414,-38.531094,0.357822,-0.16721299,-0.31913701
187.2431,21960.1382,46.451157,-4.951567,-38.511646,0.358852,-0.16740701,-0.31885999
187.2781,21960.1582,46.60907,-4.999023,-38.543442,0.35987499,-0.168258,-0.31911999
187.3039,21960.1781,46.828865,-5.157772,-38.586189,0.36104101,-0.17013299,-0.319763
187.3187,21960.1981,47.052235,-5.357397,-38.661369,0.362068,-0.17242301,-0.320777
187.3521,21960.2181,47.102741,-5.457973,-38.773544,0.36199999,-0.173656,-0.32189399
187.368,21960.2381,46.962215,-5.567713,-38.87693,0.36046699,-0.17445201,-0.323125
187.3763,21960.2581,46.782696,-5.818541,-38.949009,0.358284,-0.17610601,-0.32459101
187.384,21960.2781,46.717602,-6.161978,-38.971214,0.35677999,-0.178582,-0.32587799
187.4019,21960.2982,46.695774,-6.520724,-39.027515,0.35550299,-0.181385,-0.32743001
187.4262,21960.3182,46.439861,-6.639989,-39.280945,0.35281199,-0.182421,-0.32987699
187.4409,21960.3382,45.831802,-6.578113,-39.770317,0.34758601,-0.18191899,-0.33378401
187.4612,21960.3582,45.145172,-6.533684,-40.334232,0.341593,-0.181517,-0.33836499
187.4886,21960.3783,44.713238,-6.50896,-40.781128,0.337668,-0.181528,-0.34195
187.5022,21960.3983,44.691265,-6.460075,-41.023876,0.337262,-0.18181901,-0.34363899
187.5212,21960.4183,44.847908,-6.594984,-41.086777,0.33794901,-0.183428,-0.344392
187.5489,21960.4384,44.937199,-6.9443,-41.036388,0.337659,-0.186125,-0.34498101
187.5673,21960.4584,44.979557,-7.114454,-40.967632,0.33758101,-0.18730401,-0.34493899
187.583,21960.4784,44.976704,-7.110932,-40.948101,0.33760199,-0.187213,-0.344785
187.6223,21960.4984,44.870182,-7.32836,-40.938404,0.33615199,-0.188529,-0.34542501
187.6276,21960.5185,44.701485,-7.826516,-40.921978,0.33338901,-0.19176,-0.34686899
187.6523,21960.5385,44.561749,-8.256118,-40.997581,0.330892,-0.194822,-0.348766
187.6672,21960.5585,44.481236,-8.424666,-41.264091,0.329308,-0.196637,-0.35128799
187.6819,21960.5786,44.339951,-8.278636,-41.617741,0.32807401,-0.196192,-0.353591
187.7007,21960.5986,44.109329,-8.1162,-41.924412,0.326296,-0.195245,-0.35555699
187.7238,21960.6186,43.951992,-8.1526,-42.13044,0.324633,-0.19568001,-0.35729501
187.7417,21960.6386,43.998039,-8.284379,-42.2635,0.32434401,-0.197162,-0.35863
187.7613,21960.6587,44.094486,-8.47196,-42.385937,0.324278,-0.199163,-0.36001101
187.7848,21960.6787,44.129864,-8.523944,-42.542332,0.32411101,-0.200087,-0.36129799
187.8017,21960.6987,44.129192,-8.279401,-42.744408,0.32452601,-0.19884101,-0.36210701
187.8224,21960.7188,44.150143,-7.945712,-42.896629,0.325477,-0.196852,-0.362277
187.8488,21960.7388,44.276478,-7.697765,-42.926571,0.32716799,-0.195443,-0.361707
187.8751,21960.7588,44.55014,-7.552338,-42.85294,0.32982701,-0.194903,-0.360551
187.883,21960.7788,44.926617,-7.488716,-42.702614,0.33313501,-0.195025,-0.358982
187.9113,21960.7989,45.316261,-7.514628,-42.531418,0.33629599,-0.195776,-0.35750699
187.9245,21960.8189,45.721668,-7.418865,-42.40984,0.33986899,-0.195805,-0.35602799
187.9862,21960.8389,46.073872,-7.071817,-42.410286,0.34360501,-0.194189,-0.35473001
187.9888,21960.859,46.261265,-6.60426,-42.479954,0.346347,-0.191449,-0.35369
187.9902,21960.879,46.278141,-6.095318,-42.718479,0.34764999,-0.188453,-0.353899
188.0016,21960.899,46.14661,-5.435253,-43.235893,0.34786201,-0.18477599,-0.355838
188.0233,21960.9191,45.766464,-4.697856,-44.063198,0.345992,-0.180746,-0.36007899
188.0423,21960.9391,45.112175,-4.194607,-45.021133,0.341185,-0.177982,-0.366299
188.0626,21960.9591,44.533058,-3.764982,-45.910187,0.33686501,-0.175694,-0.37219399
188.0942,21960.9792,44.258022,-3.169682,-46.57729,0.33574101,-0.172407,-0.37566999
188.1074,21960.9992,43.992085,-2.728684,-46.907974,0.334714,-0.169284,-0.37711799
188.1325,21961.0193,43.502426,-2.641807,-46.890213,0.33137399,-0.167046,-0.37728199
188.1475,21961.0393,43.063889,-2.705503,-46.737816,0.328109,-0.16569699,-0.37682
188.1643,21961.0594,42.856693,-2.872406,-46.660053,0.32612199,-0.166062,-0.37694401
188.1846,21961.0795,42.7299,-3.13767,-46.602974,0.32438201,-0.167472,-0.377408
188.2077,21961.0995,42.587746,-3.109155,-46.566662,0.32346299,-0.166712,-0.37720701
188.2324,21961.1196,42.387524,-2.879849,-46.540493,0.32275301,-0.164305,-0.37657699
188.2535,21961.1396,42.108891,-2.706286,-46.500027,0.321289,-0.16202299,-0.37608299
188.2754,21961.1597,41.850269,-2.567736,-46.484093,0.319823,-0.16013101,-0.37585101
188.2996,21961.1798,41.716259,-2.431625,-46.429287,0.31933799,-0.15854,-0.37520501
188.3125,21961.1998,41.770557,-2.408796,-46.238838,0.32008401,-0.15800899,-0.37366101
188.3265,21961.2199,42.030666,-2.396537,-46.004929,0.32240301,-0.158076,-0.371602
188.3494,21961.24,42.349552,-2.299184,-45.828835,0.32535899,-0.15784501,-0.36967
188.3677,21961.2601,42.654675,-2.365466,-45.707218,0.32760701,-0.15894,-0.368622
188.3891,21961.2801,43.098766,-2.652366,-45.657814,0.330089,-0.16230901,-0.36860001
188.4062,21961.3002,43.606403,-2.860556,-45.627003,0.33327201,-0.16532899,-0.36842999
188.4237,21961.3203,44.026985,-3.00096,-45.657116,0.33592799,-0.167748,-0.368613
188.4507,21961.3404,44.304924,-3.030769,-45.816437,0.337677,-0.16928799,-0.369582
188.4664,21961.3605,44.433861,-2.944808,-46.134178,0.33844799,-0.16998599,-0.37154001
188.4869,21961.3806,44.563267,-2.761184,-46.602295,0.339315,-0.170415,-0.37431201
188.5162,21961.4007,44.663677,-2.575816,-47.103737,0.33992299,-0.170849,-0.37734601
188.5334,21961.4208,44.612587,-2.27853,-47.617981,0.339762,-0.17002299,-0.38031101
188.5461,21961.4409,44.211765,-1.753711,-48.254086,0.33760899,-0.166747,-0.38392499
188.567,21961.461,43.015511,-1.27683,-49.016418,0.329274,-0.16150901,-0.38963199
188.5856,21961.4811,41.347485,-0.997305,-49.78027,0.31681499,-0.15597101,-0.39655
188.6042,21961.5011,40.172192,-0.486208,-50.493206,0.308925,-0.15008201,-0.40188801
188.626,21961.5212,39.803997,0.24835,-51.125725,0.307969,-0.14505,-0.40506399
188.6507,21961.5412,39.878597,0.693313,-51.577274,0.30952901,-0.14324,-0.40710801
188.6699,21961.5613,40.050678,0.480398,-51.765121,0.30980301,-0.14593799,-0.40884101
188.6877,21961.5814,40.354012,-0.125726,-51.747833,0.30989599,-0.151448,-0.40995201
188.7058,21961.6014,40.73772,-0.830241,-51.631325,0.31036001,-0.157684,-0.41050699
188.7264,21961.6214,41.017124,-1.590959,-51.512394,0.30985999,-0.163938,-0.41134301
188.7523,21961.6415,41.127308,-2.248393,-51.462692,0.308382,-0.16901401,-0.41261899
188.774,21961.6615,41.161758,-2.492715,-51.553825,0.30761999,-0.17117,-0.413903
188.7895,21961.6815,41.182739,-2.399612,-51.728313,0.30785099,-0.17103,-0.414906
188.8273,21961.7015,41.228306,-2.226908,-51.891396,0.30857,-0.17036501,-0.41558099
188.8337,21961.7216,41.318203,-2.248904,-52.014446,0.30896899,-0.171174,-0.41643199
188.8461,21961.7416,41.436993,-2.495359,-52.04512,0.30890101,-0.173476,-0.417178
188.8677,21961.7616,41.607754,-2.795667,-51.980835,0.309163,-0.17609499,-0.41731599
188.8853,21961.7817,41.874386,-3.102113,-51.913765,0.310114,-0.17908099,-0.41734201
188.917,21961.8017,42.067112,-3.376747,-51.887344,0.310574,-0.18168201,-0.41767001
188.9314,21961.8217,42.137421,-3.567746,-51.88356,0.31040099,-0.18330599,-0.41807899
188.9467,21961.8417,42.239914,-3.655267,-51.928364,0.31076401,-0.18442,-0.41852501
188.9657,21961.8617,42.469898,-3.589952,-51.94278,0.31267101,-0.184783,-0.41818801
188.9876,21961.8817,42.751801,-3.251176,-51.950188,0.315965,-0.183322,-0.41698301
189.0065,21961.9017,42.996376,-2.889964,-51.985966,0.319015,-0.181649,-0.415948
189.0321,21961.9217,43.215717,-2.675637,-52.040112,0.32131401,-0.18100999,-0.41547301
189.0526,21961.9417,43.46785,-2.626845,-52.112572,0.323221,-0.18174,-0.41554701
189.0653,21961.9617,43.88105,-2.723786,-52.083687,0.32593599,-0.18380199,-0.41509399
189.0855,21961.9817,44.401295,-2.646272,-51.968437,0.330199,-0.18471999,-0.41337901
189.1083,21962.0017,44.74136,-2.474015,-51.81525,0.333545,-0.18421,-0.411336
189.1328,21962.0217,44.835228,-2.278515,-51.681824,0.335143,-0.182732,-0.409679
189.1473,21962.0417,44.723392,-2.226452,-51.576633,0.334681,-0.18166199,-0.408912
189.1766,21962.0617,44.415081,-2.435643,-51.563046,0.331705,-0.182073,-0.40981999
189.1913,21962.0817,44.15242,-2.638,-51.720856,0.32880899,-0.18308599,-0.41187999
189.2075,21962.1017,44.177315,-2.410639,-51.905094,0.32951501,-0.182055,-0.41252899
189.2284,21962.1217,44.356709,-1.922093,-51.965813,0.33248401,-0.17931899,-0.41132399
189.2465,21962.1417,44.369984,-1.838044,-51.81649,0.33311501,-0.178323,-0.40998101
189.2658,21962.1617,44.191143,-2.19222,-51.491665,0.33105099,-0.17932899,-0.40888599
189.3061,21962.1817,44.08387,-2.59444,-51.108025,0.329436,-0.180774,-0.40739599
189.3133,21962.2017,44.066837,-3.156772,-50.739212,0.32790101,-0.183744,-0.40634999
189.3367,21962.2216,44.039593,-3.779037,-50.420769,0.326011,-0.18726701,-0.40584299
189.3475,21962.2416,44.055183,-4.112658,-50.235607,0.32524899,-0.189218,-0.40542701
189.364,21962.2616,44.094543,-4.126924,-50.181507,0.325578,-0.189299,-0.40503001
189.3843,21962.2817,44.12632,-3.95728,-50.164669,0.32643899,-0.188123,-0.40438899
189.4066,21962.3017,44.161156,-3.677714,-50.103786,0.32778001,-0.186031,-0.403108
189.4272,21962.3217,44.220882,-3.55901,-49.914516,0.32894301,-0.18482301,-0.40132099
189.4482,21962.3418,44.336338,-3.784301,-49.567947,0.329568,-0.18584999,-0.39931101
189.4687,21962.3618,44.568832,-4.279685,-49.188274,0.330183,-0.189126,-0.39771
189.4846,21962.3818,44.873219,-4.738175,-48.826126,0.33144799,-0.19240201,-0.396065
189.5049,21962.4018,45.132439,-4.97359,-48.637466,0.33287099,-0.194397,-0.395098
189.5323,21962.4219,45.236092,-4.961572,-48.725159,0.33353001,-0.194895,-0.39559099
189.5573,21962.4419,45.180565,-4.885329,-49.075237,0.33278799,-0.195181,-0.397973
189.5695,21962.4619,45.220608,-4.76661,-49.467548,0.33282799,-0.19558799,-0.40043199
189.5866,21962.4819,45.377838,-4.70218,-49.791416,0.333657,-0.196574,-0.402417
189.6099,21962.502,45.405712,-4.635359,-50.079063,0.33360299,-0.197019,-0.40427199
189.6283,21962.522,45.343903,-4.382751,-50.408276,0.333478,-0.195948,-0.40598699
189.6485,21962.542,45.409958,-3.936192,-50.879124,0.334746,-0.194316,-0.408007
189.6657,21962.5621,45.521095,-3.485467,-51.450958,0.33620101,-0.19311599,-0.41067401
189.6878,21962.5821,45.385849,-3.066867,-52.236202,0.33540601,-0.19194201,-0.415268
189.7077,21962.6021,44.900204,-2.555635,-53.149921,0.332228,-0.18923099,-0.420977
189.7269,21962.6221,44.428501,-2.257965,-54.056862,0.32842401,-0.188023,-0.427257
189.7512,21962.6422,44.272297,-2.283085,-54.771542,0.32602501,-0.189676,-0.43265599
189.7711,21962.6622,44.484516,-2.325197,-55.238995,0.32661399,-0.19208699,-0.435819
189.7847,21962.6822,45.099464,-2.386587,-55.327538,0.33064499,-0.195042,-0.43576699
189.811,21962.7023,45.764809,-2.468539,-55.138115,0.33542499,-0.197513,-0.43372199
189.8492,21962.7224,46.112991,-2.647118,-54.869343,0.33770901,-0.199258,-0.431849
189.8521,21962.7424,46.347443,-2.990537,-54.671783,0.33844101,-0.201956,-0.43113399
189.8732,21962.7625,46.772972,-3.375491,-54.607544,0.34015501,-0.206018,-0.43123001
189.8953,21962.7825,47.222042,-3.863096,-54.588421,0.34156799,-0.211006,-0.43193001
189.9522,21962.8026,47.403442,-4.337282,-54.637665,0.34098399,-0.21513601,-0.43344399
189.9541,21962.8227,47.550003,-4.492141,-54.802795,0.34113401,-0.217236,-0.43486899
189.9556,21962.8427,47.841602,-4.396684,-55.041023,0.343126,-0.21831501,-0.43586099
189.9677,21962.8628,48.124737,-4.345633,-55.247005,0.344944,-0.219586,-0.43676099
189.9842,21962.8828,48.355625,-4.356667,-55.420662,0.34621,-0.221012,-0.43768701
190.0055,21962.9028,48.571442,-4.309747,-55.625328,0.34752601,-0.222078,-0.43867001
190.0284,21962.9229,48.903309,-4.227971,-55.815105,0.34982201,-0.223279,-0.439271
190.0528,21962.9429,49.411003,-4.259441,-55.977409,0.352972,-0.225822,-0.43976301
190.0707,21962.9629,49.756199,-4.47594,-56.061958,0.354408,-0.22882301,-0.440516
190.0862,21962.983,49.945408,-4.673087,-56.195522,0.35471401,-0.231277,-0.44177401
190.1066,21963.003,50.199783,-4.692109,-56.263897,0.35629299,-0.23253401,-0.441935
190.1323,21963.023,50.614056,-4.614974,-56.212315,0.35960701,-0.233327,-0.44073099
190.1497,21963.0431,51.06469,-4.494039,-56.161743,0.36333701,-0.23394801,-0.43933201
190.1676,21963.0631,51.491993,-4.525726,-56.027447,0.366485,-0.23526099,-0.43786901
190.1887,21963.0832,51.879303,-4.905187,-55.731251,0.36836299,-0.23828501,-0.43647501
190.2098,21963.1033,52.288815,-5.398394,-55.528172,0.36978099,-0.242442,-0.43606901
190.2304,21963.1233,52.709675,-5.4755,-55.436283,0.37263101,-0.24413501,-0.435074
190.2537,21963.1434,53.169567,-5.24403,-55.379112,0.37684599,-0.243963,-0.433245
190.2677,21963.1635,53.549881,-4.795688,-55.40313,0.38113999,-0.242305,-0.43134901
190.2912,21963.1835,53.657207,-4.284948,-55.444141,0.38372001,-0.239333,-0.429757
190.3093,21963.2036,53.486488,-3.885698,-55.606987,0.383692,-0.23655599,-0.429802
190.3423,21963.2236,52.989555,-3.781245,-55.963638,0.37989599,-0.235276,-0.432684
190.3556,21963.2437,52.687366,-3.732306,-56.4063,0.37707201,-0.23532601,-0.43603
190.3697,21963.2638,52.811798,-3.071267,-56.902088,0.37944001,-0.23289999,-0.43702799
190.3874,21963.2839,53.053486,-2.128963,-57.348152,0.38380101,-0.228845,-0.436519
190.4073,21963.304,53.392174,-1.369734,-57.723412,0.38827199,-0.226193,-0.43591499
190.4304,21963.324,53.807358,-1.032814,-58.259727,0.391332,-0.227282,-0.43765
190.4471,21963.3441,53.984325,-0.825847,-58.491283,0.39286801,-0.227338,-0.43817899
190.4672,21963.3642,53.874889,-0.449114,-58.545341,0.393457,-0.224557,-0.43746001
190.4874,21963.3842,53.411095,-0.393324,-58.443401,0.39071399,-0.22207101,-0.43745801
190.5063,21963.4043,52.682701,-0.715502,-58.089207,0.38519299,-0.220309,-0.43749401
190.5289,21963.4244,51.860806,-1.187455,-57.664261,0.37855801,-0.21902899,-0.43764201
190.5495,21963.4444,51.357113,-1.575869,-57.589314,0.37373701,-0.219561,-0.43928301
190.5679,21963.4645,50.853119,-1.87518,-57.675518,0.368931,-0.220009,-0.44170699
190.5878,21963.4845,50.020481,-1.816046,-57.805962,0.36313099,-0.21688899,-0.443818
190.6134,21963.5046,49.186897,-1.378871,-58.104111,0.35847399,-0.211648,-0.445898
190.629,21963.5247,48.759079,-0.822906,-58.453121,0.35702801,-0.207249,-0.44730201
190.6527,21963.5447,48.60957,-0.416498,-58.822498,0.356915,-0.205007,-0.44885099
190.6693,21963.5648,48.461758,-0.156956,-59.28056,0.35609299,-0.20405801,-0.451471
190.6857,21963.5849,48.196812,0.013469,-59.720535,0.35415301,-0.203197,-0.45445201
190.7073,21963.6049,47.829956,0.124126,-60.014206,0.35154,-0.201877,-0.456792
190.7323,21963.625,47.571594,0.381004,-60.20726,0.35044301,-0.19965801,-0.4578
190.7503,21963.645,47.579441,0.730054,-60.442066,0.35148501,-0.19799601,-0.45833999
190.7696,21963.665,48.077568,1.04682,-60.840652,0.35548601,-0.199058,-0.45919701
190.7937,21963.6851,49.297844,1.499304,-61.416367,0.36461899,-0.20273501,-0.45940301
190.8078,21963.7051,50.780399,1.433317,-61.99609,0.373335,-0.211123,-0.46063
190.8283,21963.7251,51.788624,0.055536,-61.644077,0.375256,-0.223386,-0.46075001
190.8501,21963.7451,52.054428,-2.285143,-60.233234,0.37049699,-0.23562799,-0.45835501
190.8696,21963.7652,51.647373,-4.597626,-58.623497,0.36185101,-0.24456599,-0.45555401
190.8879,21963.7852,50.801052,-5.7457,-57.746342,0.35328799,-0.246512,-0.45447201
190.9096,21963.8052,50.110779,-5.192791,-57.512596,0.351143,-0.23950499,-0.45218599
190.9299,21963.8253,49.780045,-3.346143,-57.653175,0.35579699,-0.22604699,-0.44795501
190.949,21963.8453,49.402252,-1.532158,-58.259178,0.35908601,-0.21401399,-0.44708699
190.9714,21963.8652,48.863884,-0.208314,-59.249924,0.35872599,-0.20589601,-0.45070899
190.9864,21963.8852,48.632675,0.564008,-60.296268,0.35832199,-0.20292801,-0.455924
191.0096,21963.9052,48.605167,0.883307,-61.200512,0.35780799,-0.203448,-0.46119201
191.0311,21963.9252,48.456429,1.550915,-61.874958,0.35830101,-0.200369,-0.46401301
191.0499,21963.9452,48.135551,2.956122,-62.139469,0.36135,-0.19022401,-0.46204799
191.0714,21963.9652,47.927063,4.276691,-62.50285,0.364669,-0.181416,-0.46079099
191.0913,21963.9852,47.929665,5.139307,-63.160374,0.36713201,-0.177596,-0.46255201
191.1117,21964.0052,47.750572,5.794363,-63.873344,0.36749199,-0.17460801,-0.46573699
191.1353,21964.0252,47.280548,5.858648,-64.142456,0.36421099,-0.172968,-0.46841401
191.1556,21964.0452,46.88327,5.599374,-64.158951,0.36047101,-0.17305499,-0.47021601
191.1692,21964.0652,46.617588,5.423629,-63.91433,0.35834,-0.17233101,-0.46966001
191.189,21964.0852,46.633713,5.287951,-63.396225,0.35867199,-0.17171501,-0.46648201
191.2113,21964.1052,47.097824,4.948458,-62.885284,0.36119199,-0.174456,-0.46304101
191.2358,21964.1252,47.787491,4.639927,-62.431557,0.365298,-0.178094,-0.459436
191.2636,21964.1452,48.172997,5.065434,-62.077351,0.370141,-0.17566,-0.45480999
191.285,21964.1652,48.026676,6.226725,-61.723454,0.37426201,-0.165858,-0.44890699
191.3112,21964.1852,47.60495,7.415597,-61.382862,0.37652799,-0.15468501,-0.44357899
191.3239,21964.2052,47.386486,8.078096,-61.111404,0.377969,-0.14823601,-0.43999499
191.3306,21964.2252,47.606674,8.290932,-60.877899,0.380568,-0.14691301,-0.43715799
191.3614,21964.2452,48.07645,8.244312,-60.647091,0.38385201,-0.148463,-0.43462801
191.3785,21964.2651,48.413395,8.416493,-60.245483,0.38728899,-0.14733,-0.43046799
191.3927,21964.2851,48.58638,8.846877,-59.66177,0.3908,-0.143059,-0.42451799
191.4124,21964.3051,48.725315,9.372737,-59.008423,0.39447001,-0.137703,-0.41780099
191.4275,21964.3251,48.939407,9.77463,-58.522552,0.397948,-0.13407899,-0.41248599
191.4497,21964.3451,49.245514,9.690057,-58.116592,0.40018901,-0.134524,-0.409197
191.4665,21964.3651,49.4151,9.371833,-57.604836,0.40080801,-0.135676,-0.406299
191.49,21964.3851,49.533493,9.275877,-56.993279,0.401995,-0.134692,-0.402035
191.5115,21964.4051,49.770016,9.620812,-56.48518,0.40539601,-0.13140699,-0.39667201
191.5301,21964.4251,50.138996,10.129295,-56.230183,0.40994301,-0.12836701,-0.39219201
191.5481,21964.4451,50.547222,10.556423,-56.237545,0.41416001,-0.12699699,-0.389741
191.5707,21964.4651,50.704922,10.629102,-56.258347,0.41545099,-0.127189,-0.38924801
191.5874,21964.4851,50.542274,10.629062,-56.121918,0.41450101,-0.12604401,-0.38867
191.6098,21964.5051,50.453136,10.905507,-55.859104,0.415117,-0.122773,-0.38601601
191.6316,21964.5251,50.70895,11.377157,-55.667706,0.41863301,-0.119744,-0.38232201
191.6499,21964.5451,51.104469,11.798676,-55.572407,0.42280501,-0.117976,-0.37913001
191.6679,21964.5651,51.600662,11.745928,-55.416252,0.426139,-0.11975,-0.376993
191.6946,21964.5851,51.933514,11.341098,-54.986752,0.42750999,-0.122342,-0.374634
191.7092,21964.6051,52.04752,11.116384,-54.502007,0.428067,-0.122576,-0.37175199
191.729,21964.6251,52.200127,11.592349,-54.354656,0.430792,-0.119235,-0.36854899
191.7492,21964.6451,52.423222,12.449126,-54.581528,0.43481201,-0.114875,-0.366373
191.7725,21964.6651,52.512447,13.103029,-54.8419,0.437242,-0.111572,-0.365509
191.7869,21964.685,52.299236,13.123038,-54.732658,0.43598199,-0.110167,-0.365201
191.8087,21964.705,52.159462,12.843438,-54.239395,0.434627,-0.109732,-0.363105
191.8266,21964.725,52.070171,12.63545,-53.738125,0.433846,-0.108967,-0.36054
191.8461,21964.745,52.080547,12.665385,-53.679356,0.434066,-0.108571,-0.359981
